"gene","distance","Z","FC","p.value","p.adj"
"Rdx",3.13976446873715e-06,3.53087410876001,7328.86298929141,0,0
"Ywhag",4.30758614134571e-07,2.96695937600363,137.946410435331,7.48702469018149e-32,2.84768984091053e-28
"Actg1",4.03870256472506e-07,2.94892285052839,121.262411957087,3.34786800406859e-28,8.48907730231659e-25
"Map1b",1.12717978267402e-07,2.59513080802855,9.44558461922819,0.00211658022562208,0.999999999942431
"Tubb3",5.72022079814533e-08,2.40965155704725,2.43258512807499,0.118836776997141,0.999999999942431
"Ndrg4",4.09066949936285e-08,2.31861369868459,1.24403112738523,0.264695569271307,0.999999999942431
"Rtn3",2.09009604317162e-08,2.13757449409111,0.324769284150697,0.568755478497982,0.999999999942431
"Ywhah",1.6994992866258e-08,2.08214206550211,0.21472590169143,0.643088240247054,0.999999999942431
"Tuba1a",1.63483675999221e-08,2.07176599106149,0.198696972895347,0.655774674022134,0.999999999942431
"Nefl",1.55743615494537e-08,2.0588001959666,0.180327917213449,0.671091585020899,0.999999999942431
"Klc1",1.39215445870676e-08,2.02884315453023,0.144084514414889,0.704253749277974,0.999999999942431
"Atp1b1",1.34544600604289e-08,2.01973976781767,0.134578291188562,0.713731551066443,0.999999999942431
"Uchl1",1.28671092560531e-08,2.00783958491408,0.123084804200193,0.725712558145152,0.999999999942431
"Gnas",1.25317806062102e-08,2.0008030197486,0.11675299445352,0.732583165048476,0.999999999942431
"Hsp90aa1",1.19763311411576e-08,1.98872848749935,0.10663261336032,0.744010917536932,0.999999999942431
"Tppp3",1.19503295764311e-08,1.988149813165,0.106170100261393,0.744547277107423,0.999999999942431
"Ctsb",1.11652709005233e-08,1.97006694662506,0.0926789257814324,0.760798687484768,0.999999999942431
"Calm1",1.00924615240729e-08,1.94321573807238,0.0757245439890367,0.783177237602419,0.999999999942431
"Tubb5",1.00784146780137e-08,1.94284579785552,0.0755139014656295,0.783471489732476,0.999999999942431
"Sncg",9.35902014951269e-09,1.92318620873909,0.0651183258322797,0.798581817541025,0.999999999942431
"Stmn2",9.07140267758852e-09,1.914905972944,0.0611774475147845,0.804644522916965,0.999999999942431
"Tuba1b",8.65218029568240e-09,1.90236120989147,0.0556536411536701,0.813502322424603,0.999999999942431
"Thy1",8.49739169596646e-09,1.89757725513789,0.053680152112913,0.816778973226524,0.999999999942431
"Timp2",8.16460707245017e-09,1.88699429912277,0.0495579164974709,0.823834324955254,0.999999999942431
"Snrpn",8.04499366724794e-09,1.88308623205202,0.0481164829218728,0.826373757480907,0.999999999942431
"Hsp90ab1",7.44674958557219e-09,1.86263776796835,0.0412264521181676,0.839101437889608,0.999999999942431
"Nefh",6.97851055580178e-09,1.84546934810904,0.0362049491127564,0.849092873851227,0.999999999942431
"Map1lc3b",6.30649458347381e-09,1.81873209801282,0.0295677662367109,0.863474634482016,0.999999999942431
"Meg3",6.14422526370122e-09,1.8118549703011,0.0280657544569248,0.866954327620001,0.999999999942431
"Pkm",5.91753533891127e-09,1.80194164225357,0.026032997833698,0.871819757464301,0.999999999942431
"Ncdn",5.74064139296191e-09,1.79394227317434,0.0244998428241449,0.875619801079769,0.999999999942431
"H2-Q4",5.62163107220868e-09,1.78842252494733,0.0234945506842164,0.878178006287601,0.999999999942431
"0610031O16Rik",5.48553907665102e-09,1.78196752079145,0.0223707780061852,0.881104951639902,0.999999999942431
"Nkain3",5.37922038971988e-09,1.7768138716372,0.0215120172650037,0.883392691769313,0.999999999942431
"Ccdc62",5.29872137413183e-09,1.77284454074722,0.0208729882476013,0.885125498573403,0.999999999942431
"Nefm",5.25189674405228e-09,1.77050822002141,0.0205057104115922,0.886133690167147,0.999999999942431
"Tubb2a",5.19111595806793e-09,1.7674447323704,0.0200338271419113,0.88744264957941,0.999999999942431
"Snhg11",5.18417806909089e-09,1.76709280079954,0.0199803127960933,0.887592081768793,0.999999999942431
"BC051077",5.11950007951197e-09,1.76378941811082,0.0194848725778727,0.888985344563755,0.999999999942431
"Phkg1",5.11942298140999e-09,1.76378545587689,0.0194842857098746,0.888987005580292,0.999999999942431
"Ngfr",5.09688829940494e-09,1.76262482196345,0.0193131313317591,0.88947251802264,0.999999999942431
"Als2",5.09571131766102e-09,1.76256406334764,0.0193042127221694,0.889497877377107,0.999999999942431
"Ttf1",5.09364953379721e-09,1.76245759577011,0.0192885944660252,0.889542301030105,0.999999999942431
"Raph1",5.08717107391588e-09,1.76212278060856,0.0192395605001405,0.889681889621894,0.999999999942431
"Mme",5.07006864000507e-09,1.76123688086222,0.0191104159497055,0.890050404838611,0.999999999942431
"Tubb4b",4.99894070481837e-09,1.75752059264278,0.0185779775035902,0.891583290161722,0.999999999942431
"Itch",4.9916050372428e-09,1.75713435753142,0.0185234932109361,0.891741405024483,0.999999999942431
"Mfsd11",4.93019614121103e-09,1.75387894957191,0.0180705286010609,0.893065196375747,0.999999999942431
"Rsrp1",4.87104619807524e-09,1.75070526923047,0.0176395279553948,0.894340573281849,0.999999999942431
"Irgm1",4.81255818295489e-09,1.74752951898468,0.0172184656312608,0.895601946512174,0.999999999942431
"Bcas2",4.69279000751058e-09,1.74090591814052,0.0163721118758794,0.898185729679207,0.999999999942431
"Unc13d",4.66131925564629e-09,1.73913781777377,0.0161532591203445,0.898864834855435,0.999999999942431
"Ywhab",4.64149333579762e-09,1.73801789808531,0.0160161425063739,0.899292695066222,0.999999999942431
"Prkar1b",4.64040469752816e-09,1.73795626693559,0.0160086303805715,0.89931618965479,0.999999999942431
"Rian",4.62900379937683e-09,1.73730996935937,0.0159300645783222,0.899562244919697,0.999999999942431
"Actb",4.62875260584248e-09,1.73729571195982,0.0159283357308961,0.899567666311155,0.999999999942431
"AU022252",4.62481117037407e-09,1.73707190155142,0.0159012209621502,0.899652733065522,0.999999999942431
"Samhd1",4.62345900220732e-09,1.73699507672717,0.0158919241580925,0.899681916748773,0.999999999942431
"P3h3",4.61638558267129e-09,1.73659283172173,0.0158433353164225,0.899834583723394,0.999999999942431
"Golga3",4.61178003200122e-09,1.73633060053016,0.0158117387852126,0.899933988202014,0.999999999942431
"Gm37214",4.60354508247066e-09,1.73586107409672,0.0157553212556191,0.90011173217611,0.999999999942431
"Fubp1",4.59128539057852e-09,1.73516053531233,0.0156715170634424,0.900376355869477,0.999999999942431
"Nup98",4.59102572375022e-09,1.73514567758853,0.0156697444626521,0.900381960860631,0.999999999942431
"Tia1",4.58685410433253e-09,1.73490687049902,0.0156412808835285,0.900472007274554,0.999999999942431
"Gm7609",4.57963554096844e-09,1.73449313277248,0.0155920886788426,0.900627826466153,0.999999999942431
"A330023F24Rik",4.57312059141258e-09,1.73411917081216,0.0155477578950037,0.900768460808005,0.999999999942431
"Zc3hc1",4.56607369234793e-09,1.73371408280088,0.0154998785255146,0.900920581534369,0.999999999942431
"Gm37065",4.56509304054697e-09,1.73365766159351,0.0154932214487476,0.900941751058208,0.999999999942431
"Snhg14",4.56055390154779e-09,1.73339634921022,0.0154624264914285,0.901039739264603,0.999999999942431
"Dcaf17",4.5582353540228e-09,1.73326277445295,0.0154467085508312,0.901089791257961,0.999999999942431
"Itm2b",4.55741328919588e-09,1.73321539806404,0.0154411375130224,0.90110753780048,0.999999999942431
"Rmi2",4.5566151242441e-09,1.73316939098521,0.015435729403307,0.901124768445399,0.999999999942431
"Fry",4.54511118748895e-09,1.73250540776911,0.0153578876302702,0.90137311858415,0.999999999942431
"Rab33b",4.53792973612141e-09,1.73209006878543,0.0153093938593467,0.901528158619899,0.999999999942431
"Loxl2",4.53235461162945e-09,1.73176718456472,0.0152717999115859,0.901648522326099,0.999999999942431
"Wdr18",4.51979303048874e-09,1.73103824105951,0.0151872645531103,0.90191972786425,0.999999999942431
"Ywhae",4.50545455575289e-09,1.73020373980466,0.0150910580250549,0.902229310666014,0.999999999942431
"Hsd3b2",4.48131045964069e-09,1.72879261512498,0.0149297496935358,0.902750640755488,0.999999999942431
"Hpgds",4.45837884553916e-09,1.72744539684894,0.0147773445894076,0.903245829226255,0.999999999942431
"Ppia",4.39379425420804e-09,1.72361404954791,0.0143523129350187,0.904640679554453,0.999999999942431
"Gria2",4.38829148219639e-09,1.72328504607554,0.0143163858770894,0.90475953802801,0.999999999942431
"Cul4a",4.28018434997118e-09,1.71673761431181,0.0136196959178291,0.907095053961162,0.999999999942431
"Fkbp4",4.21095490439981e-09,1.71245857927891,0.0131826779644875,0.908591090652478,0.999999999942431
"Mirg",4.16389383814326e-09,1.70950997245384,0.0128896688050149,0.909608257849537,0.999999999942431
"BC024386",4.14698000963271e-09,1.70844220482738,0.0127851652474974,0.909973865784995,0.999999999942431
"Gm12762",4.12950608556402e-09,1.70733455934461,0.0126776478122996,0.910351600722142,0.999999999942431
"Magt1",4.12721908758686e-09,1.70718924813841,0.0126636094621151,0.910401040405545,0.999999999942431
"Exosc2",4.12257684313433e-09,1.70689404506086,0.0126351377441058,0.91050139621595,0.999999999942431
"Ints6l",4.11640355113415e-09,1.7065009736283,0.0125973254740373,0.910634852347949,0.999999999942431
"Irak1",4.11310565025569e-09,1.70629074844635,0.012577148594765,0.910706148420589,0.999999999942431
"Rbms1",4.09431904370177e-09,1.70509001426915,0.0124625187488623,0.911112302663737,0.999999999942431
"Casc4",4.08180915445122e-09,1.70428743571924,0.0123864784843004,0.91138277124067,0.999999999942431
"Tulp3",4.07753587755754e-09,1.70401272556483,0.0123605570639477,0.911475163471251,0.999999999942431
"Reep5",4.07431435881985e-09,1.70380544058363,0.0123410334902593,0.911544816501213,0.999999999942431
"Calm2",4.07220435714322e-09,1.70366958730831,0.0123282544769666,0.911590437591382,0.999999999942431
"Trim43b",4.05715971852315e-09,1.70269891597207,0.012237330003225,0.911915731465157,0.999999999942431
"Cdc37",4.05593344324888e-09,1.70261964104493,0.0122299336627224,0.911942246534341,0.999999999942431
"Miat",4.02929545643076e-09,1.70089171950175,0.0120698171284468,0.912518249075473,0.999999999942431
"Gatad2b",4.00807096097217e-09,1.69950687229131,0.0119429954183688,0.912977226708315,0.999999999942431
"Srpk1",4.00435973348072e-09,1.69926398115071,0.0119208886976591,0.913057484624795,0.999999999942431
"Taf1d",3.99807258438194e-09,1.69885199502446,0.0118834846819008,0.913193450688982,0.999999999942431
"Olfr73",3.97806643883746e-09,1.69753676315344,0.0117648535700064,0.913626121045567,0.999999999942431
"Slfn5",3.94065056999587e-09,1.69505939286221,0.0115445847023181,0.914435377877922,0.999999999942431
"Fn1",3.77377758338671e-09,1.6837203523105,0.0105875399651838,0.918045693077024,0.999999999942431
"Cep57l1",3.75476864175109e-09,1.68239745251482,0.0104811473411208,0.918457062242614,0.999999999942431
"Fstl1",3.72366276670131e-09,1.68021837368585,0.0103082073629889,0.919130266054201,0.999999999942431
"Epb41l3",3.7103675840684e-09,1.67928151784474,0.0102347287247133,0.919418022581557,0.999999999942431
"Gnao1",3.68702184217321e-09,1.67762840357328,0.0101063394859601,0.919923335595747,0.999999999942431
"Ash2l",3.68479922965704e-09,1.67747048246757,0.0100941585403763,0.919971445202501,0.999999999942431
"Sqstm1",3.67725873028033e-09,1.67693401405935,0.0100528878434721,0.920134665424641,0.999999999942431
"Nktr",3.64759715239437e-09,1.67481316488514,0.00989136431381058,0.920776746909488,0.999999999942431
"Fgd4",3.63244518374485e-09,1.67372320449251,0.00980935835138609,0.921104760156211,0.999999999942431
"Stxbp2",3.62257753545594e-09,1.67301095993587,0.00975613589677508,0.921318384459888,0.999999999942431
"C730034F03Rik",3.61820428106736e-09,1.67269468748469,0.00973259447633145,0.921413062677096,0.999999999942431
"Zcchc7",3.60973737342894e-09,1.67208129053826,0.00968709756417904,0.921596369086422,0.999999999942431
"2810403D21Rik",3.6068839405436e-09,1.67187424996617,0.0096717886622587,0.921658146125685,0.999999999942431
"Gm15396",3.60274641065059e-09,1.67157375030577,0.00964961197843373,0.921747724802474,0.999999999942431
"Lin54",3.59891525051766e-09,1.67129519804167,0.00962910009778925,0.921830671373664,0.999999999942431
"Rtn4",3.59634419250625e-09,1.67110810006765,0.00961534699161189,0.921886336567943,0.999999999942431
"Rep15",3.59294969143064e-09,1.67086087736718,0.0095972041775546,0.921959830463379,0.999999999942431
"Ldlr",3.5877237004311e-09,1.67047981605592,0.0095693059705185,0.922072979008263,0.999999999942431
"Med23",3.58370272193704e-09,1.67018624738685,0.009547868193015,0.922160038759598,0.999999999942431
"Atr",3.58153773864663e-09,1.67002804901992,0.00953633557837882,0.922206914031537,0.999999999942431
"Cxcr2",3.57334117385389e-09,1.66942825908944,0.00949273656852558,0.922384384916635,0.999999999942431
"Krit1",3.57138249403246e-09,1.66928473038156,0.00948233278403075,0.922426794553104,0.999999999942431
"BC026585",3.55736654048968e-09,1.66825539476556,0.00940805166511918,0.922730276561592,0.999999999942431
"Was",3.55672678758705e-09,1.6682083157567,0.0094046681019791,0.922744129151972,0.999999999942431
"Gon7",3.53641235861606e-09,1.66670903159777,0.00929754440300888,0.923184010305929,0.999999999942431
"H2-T23",3.53165526295475e-09,1.66635671236387,0.00927254756691348,0.923287022101128,0.999999999942431
"9530059O14Rik",3.52772689186332e-09,1.6660654170663,0.00925193074777414,0.923372089377802,0.999999999942431
"Sag",3.52604385337834e-09,1.66594051906435,0.00924310487120972,0.923408535159234,0.999999999942431
"Papolg",3.520432531151e-09,1.66552367869017,0.00921370945110899,0.923530048113214,0.999999999942431
"Dock7",3.50570400864788e-09,1.66442643749075,0.00913677546587887,0.923849002149442,0.999999999942431
"Skp1a",3.5038367701066e-09,1.66428700796836,0.00912704504038689,0.923889439074801,0.999999999942431
"Agrn",3.49550916385398e-09,1.66366427973011,0.00908371190607056,0.924069784142458,0.999999999942431
"Brap",3.4947430555122e-09,1.66360691762654,0.00907973060061378,0.92408637540413,0.999999999942431
"Nvl",3.49375178091689e-09,1.66353267787282,0.00907458044814259,0.924107843038468,0.999999999942431
"Foxr1",3.47026341995194e-09,1.66176745539041,0.00895297448136813,0.924616537141175,0.999999999942431
"Adam28",3.46614072896362e-09,1.66145640761351,0.00893171475672661,0.924705826616579,0.999999999942431
"Map7d2",3.41572444002766e-09,1.65762282403467,0.00867377428113886,0.92579782185389,0.999999999942431
"Hspa8",3.36241370818639e-09,1.65350798190904,0.00840513623349544,0.926952661525525,0.999999999942431
"Cd9",3.33201681808561e-09,1.65113287596212,0.00825385493132838,0.927611200895313,0.999999999942431
"Mpv17l",3.32277053255175e-09,1.65040616486213,0.00820810989834646,0.927811528713172,0.999999999942431
"Bicd1",3.32048703798177e-09,1.65022638677427,0.00819683212048007,0.927861003067129,0.999999999942431
"A330032B11Rik",3.27350826578741e-09,1.64650047324667,0.00796653274643191,0.928878910062945,0.999999999942431
"Dnaja1",3.23164096159741e-09,1.64313525223486,0.00776405620056172,0.92978616305808,0.999999999942431
"Fkbp1a",3.21352720490585e-09,1.64166595722339,0.00767726309161122,0.9301787115482,0.999999999942431
"4732419C18Rik",3.14899653129864e-09,1.63636436372102,0.00737202545941189,0.931577311946837,0.999999999942431
"Rtn1",3.13669048839518e-09,1.63534119482304,0.00731451939594058,0.931844050106237,0.999999999942431
"Mir124a-1hg",3.13543252957663e-09,1.63523638069428,0.00730865364723252,0.931871317273713,0.999999999942431
"BC030499",3.12701091199356e-09,1.63453361504828,0.00726944500572843,0.932053863985354,0.999999999942431
"Stxbp1",3.12680548572788e-09,1.63451644936791,0.00726848991735081,0.932058316843167,0.999999999942431
"Garnl3",3.12235581403258e-09,1.63414435598121,0.00724781745709667,0.932154769273263,0.999999999942431
"Pycr2",3.11954750921217e-09,1.63390924884674,0.00723478567693141,0.932215643451198,0.999999999942431
"Tspyl4",3.11812139452419e-09,1.63378977672309,0.00722817236156298,0.932246556756968,0.999999999942431
"Rbm8a",3.11663622667805e-09,1.63366530016474,0.00722128841366199,0.932278750242565,0.999999999942431
"Stk38",3.11650713955225e-09,1.63365447820685,0.00722069023280718,0.932281548426157,0.999999999942431
"1500004A13Rik",3.10555088227229e-09,1.63273435116237,0.00717000998373788,0.93251904703346,0.999999999942431
"Smg1",3.10277474798472e-09,1.63250069795121,0.00715719678920425,0.932579226205176,0.999999999942431
"Schip1",3.09338645975184e-09,1.63170900306785,0.00711395022749448,0.932782742055705,0.999999999942431
"Csf3r",3.08896817987878e-09,1.63133559851331,0.00709364304842952,0.932878521418986,0.999999999942431
"Mier1",3.08376578925814e-09,1.63089525028845,0.00706976916988216,0.932991299961635,0.999999999942431
"Rgs11",3.07827188278768e-09,1.63042943126434,0.00704460120654747,0.933110399507796,0.999999999942431
"Olfr56",3.07269016971826e-09,1.62995532704165,0.00701907695493094,0.933231404101126,0.999999999942431
"Slc22a15",3.07234854952725e-09,1.62992628264956,0.00701751628660368,0.93323881005188,0.999999999942431
"Zfp950",3.06876781135675e-09,1.62962165818095,0.00700116837223687,0.933316436872544,0.999999999942431
"Cfl1",3.06653376420649e-09,1.62943142329162,0.00699097845370948,0.93336486910068,0.999999999942431
"Hook3",3.06441123831458e-09,1.62925055809634,0.00698130407956999,0.933410883871994,0.999999999942431
"2500004C02Rik",3.06440247227538e-09,1.62924981086637,0.00698126413826127,0.933411073913618,0.999999999942431
"Myo6",3.0641874632913e-09,1.62923148252718,0.00698028451377348,0.933415735159833,0.999999999942431
"Ccnt2",3.06045630113106e-09,1.62891321927717,0.00696329552929449,0.933496624540864,0.999999999942431
"Ogt",3.05774886299734e-09,1.62868203873323,0.00695098079517351,0.933555320622601,0.999999999942431
"Nudt5",3.03874304531109e-09,1.6270534814287,0.00686483997101845,0.933967368638702,0.999999999942431
"Nmrk1",3.03080845941811e-09,1.62637061452813,0.00682903664865653,0.934139396490523,0.999999999942431
"Gm38947",3.02846447850735e-09,1.62616854937883,0.00681847778825854,0.934190216366754,0.999999999942431
"Gm10827",3.02249289279526e-09,1.62565306537077,0.00679161468227563,0.934319687594588,0.999999999942431
"Bckdk",3.02016391424377e-09,1.62545174917831,0.00678115217242191,0.934370183148097,0.999999999942431
"Gm26737",3.01981551423468e-09,1.62542162042729,0.00677958774262545,0.93437773697644,0.999999999942431
"Sfswap",3.01443928043475e-09,1.62495626233135,0.00675546957812451,0.93449430243861,0.999999999942431
"Kcnab2",3.01338986710797e-09,1.6248653313623,0.00675076684892477,0.934517055584244,0.999999999942431
"A430073D23Rik",3.01010496202764e-09,1.62458049454696,0.00673605680977481,0.934588278509058,0.999999999942431
"Tet2",3.00569817579037e-09,1.62419789675073,0.00671634810599189,0.934683826751109,0.999999999942431
"Lrrc14b",3.00277615206841e-09,1.62394390116941,0.00670329570495222,0.934747182789122,0.999999999942431
"Tc2n",3.00143399911478e-09,1.62382715344784,0.00669730469063067,0.934776283818559,0.999999999942431
"Ttc14",3.0002374271931e-09,1.62372302574117,0.0066919657697502,0.934802228382665,0.999999999942431
"Nav2",2.9974158797132e-09,1.62347732771595,0.00667938488503996,0.934863406608667,0.999999999942431
"Ms4a6c",2.98871178315174e-09,1.62271794283206,0.00664064912008822,0.935052135674616,0.999999999942431
"Ccdc6",2.98660020498999e-09,1.62253339051184,0.00663126896087975,0.935097921123265,0.999999999942431
"9130230L23Rik",2.98393671085082e-09,1.62230041705907,0.00661944650790282,0.935155674098161,0.999999999942431
"Pbld1",2.98330726578354e-09,1.62224533010824,0.00661665413065236,0.935169322507385,0.999999999942431
"Siglec1",2.98107927671548e-09,1.62205025175925,0.00660677494153738,0.935217632684819,0.999999999942431
"Gm2694",2.97837306797247e-09,1.62181310799386,0.00659478519213705,0.935276312568495,0.999999999942431
"Gm28578",2.9741612369492e-09,1.62144360430838,0.00657614650544849,0.935367640204533,0.999999999942431
"Nol12",2.97161173111422e-09,1.62121968555465,0.00656487694975018,0.935422923068564,0.999999999942431
"D5Ertd579e",2.96707148653402e-09,1.62082045417968,0.0065448316816022,0.935521373397864,0.999999999942431
"Gm2788",2.96630571957775e-09,1.62075305963897,0.00654145382629072,0.935537978329395,0.999999999942431
"Hook2",2.96345560102983e-09,1.62050207214255,0.00652888940184187,0.935599780698379,0.999999999942431
"Ticrr",2.96000831153731e-09,1.62019817827805,0.00651370855619767,0.935674532724117,0.999999999942431
"Capns1",2.95488328920684e-09,1.61974573916793,0.00649117213173155,0.935785666243589,0.999999999942431
"Milr1",2.94225709286777e-09,1.61862778373711,0.00643581718124958,0.936059464264801,0.999999999942431
"Slc28a3",2.93951889420366e-09,1.61838471259841,0.00642384382523101,0.936118842874799,0.999999999942431
"Dnajc12",2.92089702625346e-09,1.61672569504127,0.00634271145868548,0.936522672739396,0.999999999942431
"Abcd2",2.87762858507694e-09,1.6128302983335,0.00615618893158677,0.937461045821698,0.999999999942431
"Psap",2.84339838549489e-09,1.60970746541045,0.00601060082820641,0.93820346599295,0.999999999942431
"Pgam1",2.78951081074862e-09,1.60471537287342,0.00578493601315652,0.939372344370463,0.999999999942431
"Spock2",2.76458300796989e-09,1.60237383249398,0.00568200655812144,0.939913099069098,0.999999999942431
"Ehd3",2.76454503829075e-09,1.60237025003795,0.00568185048215357,0.939913922760258,0.999999999942431
"Pygb",2.72614581494567e-09,1.59872220230846,0.00552510613246419,0.940746964942116,0.999999999942431
"Luc7l2",2.68648118090269e-09,1.59490034961962,0.00536549836867169,0.941607527317196,0.999999999942431
"Gm45792",2.67522162611505e-09,1.59380530314249,0.00532061696632576,0.941851826651806,0.999999999942431
"Stmn3",2.6669262844021e-09,1.5929956296469,0.0052876717281933,0.942031814752755,0.999999999942431
"Olfr95",2.66622934500364e-09,1.59292749128056,0.00528490846828924,0.94204693672391,0.999999999942431
"D10Wsu102e",2.65967397019358e-09,1.5922857246406,0.00525895273708578,0.942189174199651,0.999999999942431
"Dbf4",2.65281461301661e-09,1.59161252640548,0.00523186180862467,0.94233800941007,0.999999999942431
"Spata1",2.65158906234283e-09,1.59149206643061,0.00522702888087944,0.942364601777688,0.999999999942431
"Sipa1l3",2.63546561977593e-09,1.58990215325924,0.00516365445485153,0.942714459061661,0.999999999942431
"Anapc7",2.63543579106413e-09,1.58989920300735,0.00516353756902479,0.942715106315343,0.999999999942431
"Gm42669",2.63291364412523e-09,1.58964962725447,0.0051536591505635,0.942769834557864,0.999999999942431
"Amn1",2.63272175113067e-09,1.58963062908552,0.00515290795612078,0.942773998468414,0.999999999942431
"Ncbp3",2.63010527766996e-09,1.58937145150282,0.00514267083380578,0.942830773815559,0.999999999942431
"Cyp4x1",2.62568581141309e-09,1.58893309863861,0.00512540250225448,0.942926673300227,0.999999999942431
"Prex2",2.62057549597797e-09,1.58842531477136,0.00510547099747856,0.943037564784887,0.999999999942431
"Acot7",2.61557397669519e-09,1.58792739511193,0.00508600142366548,0.943146096512345,0.999999999942431
"Tmod3",2.61144969880036e-09,1.58751610131692,0.0050699746962828,0.943235593113497,0.999999999942431
"Adora3",2.60726452701918e-09,1.58709807964602,0.00505373719247053,0.943326411841149,0.999999999942431
"Zfas1",2.60282750694822e-09,1.58665417982452,0.0050365510166627,0.943422696511333,0.999999999942431
"Adtrp",2.60115971514787e-09,1.58648713333203,0.00503009862802548,0.94345888830891,0.999999999942431
"Disc1",2.60106796572058e-09,1.58647794061944,0.00502974378589382,0.943460879314233,0.999999999942431
"Gm5464",2.59754091842027e-09,1.58612431017659,0.00501611237244362,0.943537418151732,0.999999999942431
"Fsd1l",2.59753054240489e-09,1.58612326915346,0.00501607229826822,0.943537643317657,0.999999999942431
"Akap12",2.59751331699628e-09,1.5861215409233,0.00501600577076678,0.943538017119644,0.999999999942431
"Lrrc2",2.59644751069056e-09,1.58601458628639,0.00501189030098525,0.943561145797803,0.999999999942431
"Tapbpl",2.58527782514814e-09,1.58489108685132,0.0049688616433613,0.943803537973061,0.999999999942431
"Hspa12b",2.57798570124517e-09,1.58415502561048,0.00494087049006991,0.943961786398556,0.999999999942431
"Carf",2.57783143671613e-09,1.5841394321068,0.00494027919256654,0.943965134160266,0.999999999942431
"Ctf2",2.57713479752172e-09,1.584069002346,0.00493760940816099,0.943980252243061,0.999999999942431
"Gm21897",2.5683151414182e-09,1.58317571414955,0.00490387155291411,0.944171653339254,0.999999999942431
"Gm10636",2.56238157417695e-09,1.58257303644776,0.00488123894114825,0.944300423357376,0.999999999942431
"Firre",2.56135459091229e-09,1.58246858516923,0.00487732699752717,0.944322711051362,0.999999999942431
"B230312C02Rik",2.55971168480125e-09,1.58230140439289,0.00487107216618999,0.944358365655465,0.999999999942431
"Mei4",2.54981082056472e-09,1.58129165509288,0.00483346281133578,0.944573238109535,0.999999999942431
"Cep63",2.54802854974047e-09,1.58110947795474,0.00482670816979377,0.944611918081492,0.999999999942431
"Tbp",2.54799032427699e-09,1.581105569313,0.00482656335055857,0.944612747676178,0.999999999942431
"Gpcpd1",2.54755121982187e-09,1.58106066572328,0.00482489993541061,0.944622277420339,0.999999999942431
"Aox1",2.53681710349705e-09,1.57996059621265,0.00478432612798445,0.944855238990329,0.999999999942431
"Polr2l",2.52837774881315e-09,1.57909247436816,0.00475254656957169,0.945038400865496,0.999999999942431
"Zfp605",2.52798138172686e-09,1.57905163149789,0.00475105659808174,0.945047003412138,0.999999999942431
"Tmem30c",2.52631943616822e-09,1.57888031080333,0.00474481177209078,0.945083073490426,0.999999999942431
"Mtg2",2.52614396604412e-09,1.57886221608203,0.0047441526758699,0.945086881817361,0.999999999942431
"Exph5",2.51667369713868e-09,1.57788378597847,0.00470864861429611,0.945292422256861,0.999999999942431
"Nlrc3",2.5148107956276e-09,1.57769089125704,0.00470168028773028,0.945332854652479,0.999999999942431
"Tmsb4x",2.50890881311992e-09,1.57707883704744,0.00467963753789627,0.945460952150639,0.999999999942431
"Rasl12",2.50698202977847e-09,1.57687871612193,0.00467245259333587,0.945502771645734,0.999999999942431
"Apoc4",2.50683976967619e-09,1.576863934592,0.00467192232649196,0.94550585930847,0.999999999942431
"Prdm11",2.50530231923039e-09,1.57670413307746,0.00466619348293222,0.945539228719867,0.999999999942431
"Tctn1",2.50152587035102e-09,1.57631120083091,0.00465213660864792,0.945621194613501,0.999999999942431
"Gm21917",2.49966667041533e-09,1.57611753974831,0.00464522399742126,0.945661547809806,0.999999999942431
"Pld1",2.49860102329571e-09,1.57600647399563,0.00464126417792698,0.945684677320227,0.999999999942431
"Snhg20",2.49856525375843e-09,1.57600274514974,0.00464113129181816,0.945685453686734,0.999999999942431
"Lsg1",2.49809562830584e-09,1.57595378349918,0.00463938677980743,0.945695646763609,0.999999999942431
"Trim30b",2.48905470777002e-09,1.57500943268333,0.00460586650471987,0.945891878910854,0.999999999942431
"Ercc4",2.48790741674826e-09,1.57488935300311,0.00460162147834825,0.945916780966379,0.999999999942431
"2700038G22Rik",2.48608468888257e-09,1.57469846730822,0.0045948813310659,0.945956343548423,0.999999999942431
"Gm44096",2.47866353760201e-09,1.57391985785264,0.00456749013629741,0.946117422126373,0.999999999942431
"Npc1",2.47448301809126e-09,1.5734802350204,0.00455209605078104,0.946208162675071,0.999999999942431
"Mc1r",2.47438777877936e-09,1.57347021113853,0.00455174565019293,0.946210229906524,0.999999999942431
"Sap18",2.46809401741548e-09,1.57280695180923,0.0045286197944423,0.946346840908724,0.999999999942431
"Chka",2.46570518855862e-09,1.57255477169223,0.00451985767902994,0.94639869271661,0.999999999942431
"Yeats2",2.46469452135585e-09,1.57244800664484,0.0045161531520364,0.946420630280199,0.999999999942431
"Brca2",2.46156814094526e-09,1.57211746799217,0.00450470324799752,0.946488491816371,0.999999999942431
"Dgke",2.46137628413435e-09,1.57209717032504,0.00450400107420484,0.946492656292778,0.999999999942431
"Malat1",2.45978351415407e-09,1.57192860150759,0.00449817383305225,0.946527229283968,0.999999999942431
"Crip2",2.4543194430867e-09,1.57134949937996,0.00447821187896013,0.94664583429379,0.999999999942431
"Snap25",2.45360709306315e-09,1.57127390828514,0.00447561271331333,0.946661296896103,0.999999999942431
"Slc23a1",2.43832771107336e-09,1.56964730408143,0.00442004418296612,0.946992963125608,0.999999999942431
"Dynll2",2.42352907447771e-09,1.5680622696531,0.00436655495504594,0.947314202677164,0.999999999942431
"Tpt1",2.3834651865094e-09,1.56372278547653,0.00422337930674192,0.948183927345308,0.999999999942431
"Ppp3r1",2.37953057436342e-09,1.56329273974591,0.00420944695003263,0.948269344999171,0.999999999942431
"Cdc14b",2.36351545740372e-09,1.56153505227896,0.00415297537299118,0.948617028014586,0.999999999942431
"Tma16",2.33879716138847e-09,1.55879899164518,0.00406656368492651,0.94915367341656,0.999999999942431
"Eef1a2",2.33874751980437e-09,1.5587934681966,0.00406639105899372,0.949154751181123,0.999999999942431
"Nsf",2.30755498525263e-09,1.55529972151574,0.00395864519487178,0.949831988179595,0.999999999942431
"Armt1",2.29677780140568e-09,1.55408178128026,0.00392175470188829,0.950065985553536,0.999999999942431
"Pafah1b1",2.28378835193207e-09,1.55260631991066,0.00387752109372245,0.950348022007918,0.999999999942431
"Clk1",2.26883704451359e-09,1.55089773462139,0.00382691724487086,0.950672663459025,0.999999999942431
"Atxn2l",2.2669345936615e-09,1.55067953318928,0.00382050209083198,0.950713972435128,0.999999999942431
"Aldoa",2.25171831230535e-09,1.5489277778604,0.00376938572440008,0.951044376793175,0.999999999942431
"Mtm1",2.25028288282286e-09,1.54876192380557,0.00376458142648882,0.951075545957919,0.999999999942431
"Gm26822",2.23638881246201e-09,1.54715114604352,0.00371823713493485,0.951377248072985,0.999999999942431
"Stx3",2.23062376780512e-09,1.54647989020839,0.00369909182888529,0.951502434903136,0.999999999942431
"D3Ertd254e",2.22499181506902e-09,1.54582247718458,0.0036804362307663,0.951624732823683,0.999999999942431
"Syne1",2.22340318179257e-09,1.54563674068847,0.00367518248006707,0.951659230220287,0.999999999942431
"2900055J20Rik",2.22261240043808e-09,1.54554423698786,0.00367256869505646,0.951676402183174,0.999999999942431
"Exoc1",2.22237529365168e-09,1.54551649448261,0.00367178516256719,0.951681551005123,0.999999999942431
"Cux1",2.20372752940255e-09,1.54332543519432,0.00361042440246289,0.95208649728726,0.999999999942431
"Park2",2.20358344225755e-09,1.54330843429134,0.00360995229442711,0.952089626265811,0.999999999942431
"Gm10687",2.19636594047018e-09,1.54245543263626,0.00358634332431591,0.952246361582618,0.999999999942431
"Tnrc6a",2.19625562499577e-09,1.54244237355044,0.00358598307539522,0.952248757208542,0.999999999942431
"Arglu1",2.18676833947538e-09,1.54131684735982,0.00355506885648163,0.952454786009901,0.999999999942431
"Hyal3",2.18634228911966e-09,1.54126618988888,0.00355368371588461,0.952464038324721,0.999999999942431
"Mysm1",2.17875440942966e-09,1.54036235548885,0.0035290598199478,0.952628821448381,0.999999999942431
"Tspan33",2.17770195596111e-09,1.54023674689454,0.00352565119880014,0.952651677343826,0.999999999942431
"Ptges3",2.17312267772173e-09,1.53968951985384,0.00351083928851259,0.952751124953311,0.999999999942431
"Wbp2",2.16928303948509e-09,1.53922980326916,0.00349844381368988,0.952834510461038,0.999999999942431
"Enpp3",2.16919299988785e-09,1.53921901328068,0.00349815340259188,0.952836465859144,0.999999999942431
"Nbeal1",2.16744195697766e-09,1.53900908739084,0.00349250803641449,0.952874493473404,0.999999999942431
"Emsy",2.16707737505397e-09,1.53896535801525,0.00349133319691854,0.952882411157383,0.999999999942431
"Clk4",2.16670002689246e-09,1.53892008976749,0.00349011742725925,0.95289060609269,0.999999999942431
"9930111J21Rik2",2.1651201419009e-09,1.53873047578086,0.00348502952974918,0.952924916782455,0.999999999942431
"Mfsd4a",2.16289243504789e-09,1.53846287984804,0.0034778616779581,0.952973296502074,0.999999999942431
"Zfp512",2.16121003020107e-09,1.53826060634362,0.00347245327615008,0.953009833863605,0.999999999942431
"Adgrb3",2.15629640056522e-09,1.53766895649063,0.0034566815991777,0.953116545404311,0.999999999942431
"Zbtb37",2.14784465836681e-09,1.53664816609766,0.00342963733315548,0.953300097717995,0.999999999942431
"Srsf11",2.14781894076882e-09,1.5366450539197,0.00342955520290848,0.953300656248591,0.999999999942431
"A330069E16Rik",2.13948682428716e-09,1.53563481559539,0.00340299800484793,0.953481613000368,0.999999999942431
"Gm26774",2.1361217990707e-09,1.53522571862014,0.00339230182419683,0.95355469523621,0.999999999942431
"Mtfmt",2.13224724483503e-09,1.53475388879749,0.00338000689115459,0.953638844000583,0.999999999942431
"Phip",2.13149483571455e-09,1.53466216500213,0.00337762189634102,0.953655185113972,0.999999999942431
"Pnisr",2.1305194117732e-09,1.53454320664957,0.00337453123962472,0.953676369778823,0.999999999942431
"Ttc21b",2.13000902174033e-09,1.53448094035577,0.00337291461900224,0.953687454655926,0.999999999942431
"Tcirg1",2.12960578054787e-09,1.53443173554606,0.00337163765786626,0.953696212433326,0.999999999942431
"Grk4",2.12821100122217e-09,1.53426146913962,0.00336722261491803,0.95372650493436,0.999999999942431
"Gm45891",2.12526283069805e-09,1.53390121157035,0.00335789997678538,0.953790534966755,0.999999999942431
"Kdsr",2.12493790502309e-09,1.53386147648821,0.00335687329481886,0.953797591904318,0.999999999942431
"Pdgfrl",2.12303851933485e-09,1.53362908113904,0.00335087486308028,0.953838844014525,0.999999999942431
"Swt1",2.12165577054145e-09,1.53345976883391,0.00334651139134496,0.953868875541943,0.999999999942431
"Atf7",2.12069252072851e-09,1.53334175826836,0.00334347339172012,0.953889796129131,0.999999999942431
"Aldh1a3",2.12061417666453e-09,1.53333215778288,0.00334322636255172,0.953891497666101,0.999999999942431
"Zfp607a",2.11832474193493e-09,1.53305144995229,0.00333601150290434,0.953941221472872,0.999999999942431
"4921523L03Rik",2.11379889491017e-09,1.53249565413853,0.00332177180817149,0.954039518029349,0.999999999942431
"Rbm5",2.11353062507227e-09,1.53246267248447,0.00332092870560545,0.954045344585247,0.999999999942431
"Mbtd1",2.11327105098292e-09,1.5324307559745,0.00332011303338453,0.954050982280413,0.999999999942431
"Tmcc1",2.10773168460864e-09,1.53174872786825,0.00330273029532284,0.954171292444069,0.999999999942431
"Chchd2",2.10737221879479e-09,1.5317044080092,0.00330160385460524,0.95417909976137,0.999999999942431
"Dvl3",2.1071455422426e-09,1.53167645639303,0.00330089362798109,0.954184023001667,0.999999999942431
"Scai",2.10683422407872e-09,1.53163806273859,0.00329991832541195,0.954190784595492,0.999999999942431
"Adra1a",2.10546705767971e-09,1.53146938919196,0.00329563695045658,0.95422047844925,0.999999999942431
"Gm12280",2.10132917196364e-09,1.53095822054803,0.00328269581361126,0.954310350686134,0.999999999942431
"4632427E13Rik",2.09906180620357e-09,1.53067770322421,0.00327561547932149,0.954359596669828,0.999999999942431
"Wnt4",2.09897254715744e-09,1.53066665402977,0.0032753369052501,0.954361535332612,0.999999999942431
"A830008E24Rik",2.09513958368729e-09,1.53019174171039,0.00326338554935125,0.954444785677297,0.999999999942431
"Nudcd2",2.09434068270849e-09,1.53009264830389,0.00326089729046199,0.954462137531131,0.999999999942431
"Mapk3",2.09422721900223e-09,1.53007857156585,0.00326054397309304,0.954464601925465,0.999999999942431
"Zc3h12a",2.0904078453456e-09,1.52960428635506,0.00324866190053634,0.954547557717291,0.999999999942431
"Tra2a",2.08721548200949e-09,1.52920720653436,0.00323874709830648,0.954616895387593,0.999999999942431
"Snhg4",2.08207407136601e-09,1.52856643531553,0.00322281082344356,0.954728566805553,0.999999999942431
"Sbf2",2.08144353229902e-09,1.52848774419808,0.0032208591153329,0.954742262172709,0.999999999942431
"Pcp4l1",2.07789119731253e-09,1.52804397399182,0.00320987461649046,0.954819419468466,0.999999999942431
"Gm26664",2.07590229143323e-09,1.52779518609642,0.0032037327327043,0.954862619013755,0.999999999942431
"Gemin8",2.07582337553947e-09,1.52778530983258,0.00320348915608953,0.954864333089923,0.999999999942431
"Rint1",2.07341140064039e-09,1.52748327431055,0.00319604897930274,0.954916721986992,0.999999999942431
"F10",2.06502667923561e-09,1.52643060951247,0.00317025207690294,0.955098842438803,0.999999999942431
"Sun1",2.06466185603668e-09,1.52638471195104,0.00316913201453228,0.955106766639195,0.999999999942431
"Cep44",2.06211080447017e-09,1.52606354643407,0.00316130543065257,0.955162177284961,0.999999999942431
"Rrnad1",2.06207209122192e-09,1.52605866959935,0.00316118673358464,0.955163018165786,0.999999999942431
"Cspp1",2.06005764652498e-09,1.52580477875614,0.00315501340395031,0.955206773486245,0.999999999942431
"Rcsd1",2.05985488868586e-09,1.5257792105832,0.00315439238033931,0.955211177553186,0.999999999942431
"Olfr39",2.05872991748305e-09,1.52563730434803,0.00315094783520012,0.95523561287732,0.999999999942431
"Carmil1",2.05541303259844e-09,1.52521846003659,0.00314080283082347,0.955307658661667,0.999999999942431
"Lepr",2.05435014203825e-09,1.52508410102874,0.00313755534092961,0.955330745697572,0.999999999942431
"Cyfip2",2.0538033230693e-09,1.52501495144723,0.00313588527855259,0.955342623161878,0.999999999942431
"Gm38393",2.05194790400834e-09,1.52478018366773,0.00313022188023977,0.955382924825368,0.999999999942431
"Pabpn1",2.04724852372706e-09,1.52418462931461,0.00311590060202464,0.955485000843207,0.999999999942431
"Chd8",2.04384749608296e-09,1.52375277436168,0.0031055565118809,0.955558875583748,0.999999999942431
"A130010J15Rik",2.04253185298347e-09,1.52358552682775,0.0031015596491323,0.95558745316417,0.999999999942431
"Alms1",2.03354192482404e-09,1.52243985613716,0.00307431754056882,0.955782728313444,0.999999999942431
"Ash1l",2.03290756888146e-09,1.52235882570143,0.00307239979557742,0.955796507606404,0.999999999942431
"Naip5",2.03097490732217e-09,1.5221118004226,0.00306656078300247,0.955838488393023,0.999999999942431
"Gad2",2.02959974259086e-09,1.52193589104806,0.00306240947758311,0.95586835944885,0.999999999942431
"Chd1",2.02482301023319e-09,1.52132394295125,0.0030480114699138,0.955972119163992,0.999999999942431
"Tbc1d24",2.02373886258005e-09,1.5211848544034,0.00304474836019495,0.955995669017693,0.999999999942431
"Tirap",2.0231594003088e-09,1.5211104833233,0.00304300498881227,0.956008256112036,0.999999999942431
"Ahctf1",2.0074425450841e-09,1.51908525240956,0.00299590963925094,0.956349662218678,0.999999999942431
"Wsb1",2.00558677054226e-09,1.51884509114136,0.00299037307930087,0.956389974423574,0.999999999942431
"Gm15879",2.00514404172471e-09,1.51878776392563,0.00298905298861201,0.956399591650772,0.999999999942431
"Hdac7",2.00186776986838e-09,1.51836314404111,0.00297929314147307,0.956470761036756,0.999999999942431
"Kif21a",2.00122521592291e-09,1.51827978573337,0.00297738087797681,0.956484719067463,0.999999999942431
"Acp6",1.99932217861898e-09,1.51803275043585,0.00297172097243496,0.956526058325592,0.999999999942431
"Lima1",1.9984273741086e-09,1.51791651476454,0.00296906155684829,0.956545496006336,0.999999999942431
"6030443J06Rik",1.99524339400626e-09,1.51750249716515,0.00295960822145583,0.956614661254671,0.999999999942431
"Atp1a1",1.9939466173305e-09,1.51733368867814,0.00295576237115509,0.956642831084913,0.999999999942431
"Hpcal1",1.99348112179609e-09,1.51727306618391,0.00295438246101271,0.956652943039853,0.999999999942431
"Dtnbos",1.97924990315003e-09,1.51541293582975,0.00291235107464816,0.956962091022268,0.999999999942431
"Gm28826",1.97546725819576e-09,1.51491629633591,0.00290122982806993,0.957044263365374,0.999999999942431
"Olfr67",1.97482547524404e-09,1.51483194090288,0.00289934505130997,0.957058205192052,0.999999999942431
"Dtl",1.96999168643255e-09,1.51419572177354,0.00288516894331917,0.957163212837263,0.999999999942431
"Tspyl1",1.96348213772801e-09,1.51333650411248,0.00286613321021241,0.957304625315932,0.999999999942431
"Gm12940",1.94245389006435e-09,1.51054159623645,0.00280507125993006,0.957761449034327,0.999999999942431
"Anxa2",1.94180596204512e-09,1.51045500577552,0.00280320024394037,0.957775525030602,0.999999999942431
"Magee1",1.93871543065631e-09,1.51004158826397,0.00279428433339056,0.957842665861628,0.999999999942431
"Dctn1",1.93382820843265e-09,1.50938650098072,0.0027802141139968,0.957948839851192,0.999999999942431
"Vcp",1.92780621803013e-09,1.50857705987882,0.00276292575873059,0.958079667493133,0.999999999942431
"Fbxo2",1.91614221947766e-09,1.50700213705297,0.00272959329061121,0.95833307087728,0.999999999942431
"Atp6v1e1",1.89035801890889e-09,1.50348683378114,0.00265662704613115,0.958893254205719,0.999999999942431
"Prph",1.88409554301747e-09,1.50262590069204,0.00263905417940294,0.959029314808039,0.999999999942431
"Arl6ip1",1.88283093105711e-09,1.50245170595185,0.00263551268230542,0.959056790326646,0.999999999942431
"Slc25a4",1.87722274624434e-09,1.50167781039584,0.00261983583155561,0.959178636815231,0.999999999942431
"Slc25a23",1.87426679189986e-09,1.50126898867923,0.00261159171879066,0.959242859878973,0.999999999942431
"Ubn2",1.83546849525007e-09,1.49584327327813,0.00250458820426773,0.960085842284229,0.999999999942431
"Mapk8",1.83012339188287e-09,1.49508694348139,0.00249002212460383,0.96020198049168,0.999999999942431
"Pou2f1",1.82614766485459e-09,1.49452296600873,0.00247921531737208,0.960288365488785,0.999999999942431
"Rapgef6",1.82156413039049e-09,1.49387126355105,0.00246678553626527,0.960387957565619,0.999999999942431
"Sdcbp",1.82117102097167e-09,1.49381529466069,0.00246572094350601,0.960396499165072,0.999999999942431
"Rasa4",1.81006060673927e-09,1.4922285055281,0.00243572747678874,0.960637911456847,0.999999999942431
"4931406C07Rik",1.80096571506969e-09,1.49092240860249,0.00241131169434498,0.960835532216579,0.999999999942431
"Tpi1",1.79998476901818e-09,1.49078114879501,0.00240868563379939,0.960856847106362,0.999999999942431
"Ikzf2",1.78381906875057e-09,1.48844223211207,0.0023656150047939,0.961208114192824,0.999999999942431
"Ddx17",1.78037510243458e-09,1.48794124580729,0.00235648937781114,0.961282949663059,0.999999999942431
"Nrk",1.76689774891495e-09,1.4859714949884,0.00232094739296883,0.961575808323414,0.999999999942431
"Ndufb2",1.75822539085919e-09,1.48469615827544,0.00229821977322608,0.961764258684982,0.999999999942431
"Mfap3",1.75567124531319e-09,1.48431936910101,0.00229154744985968,0.961819760681587,0.999999999942431
"Oxsm",1.75203863642638e-09,1.48378255231934,0.00228207451023871,0.961898698179998,0.999999999942431
"2700097O09Rik",1.74784033139712e-09,1.48316076978045,0.00227115081746993,0.9619899288621,0.999999999942431
"Cacna1a",1.74501472045755e-09,1.48274145804192,0.00226381353246861,0.962051330686946,0.999999999942431
"Iqgap1",1.73377353929469e-09,1.48106664629391,0.00223474103076801,0.96229560894728,0.999999999942431
"Bcam",1.73296181594476e-09,1.48094529433223,0.00223264898495624,0.962313248366862,0.999999999942431
"Mettl7a3",1.73216552183278e-09,1.48082619455933,0.00223059765668636,0.96233055251427,0.999999999942431
"Epdr1",1.73074860888294e-09,1.48061413678326,0.00222694988747,0.962361343280037,0.999999999942431
"4933427D06Rik",1.73065890736932e-09,1.48060070613046,0.00222671905602746,0.962363292574785,0.999999999942431
"Cep295",1.72640102591646e-09,1.47996239957299,0.00221577589130855,0.962455820435432,0.999999999942431
"Snap47",1.72313787671762e-09,1.47947216358474,0.00220740752966485,0.962526732149448,0.999999999942431
"N4bp2l2",1.71968569895565e-09,1.47895253163751,0.00219857163803397,0.962601751978512,0.999999999942431
"Kdm2a",1.71889340724659e-09,1.47883312845295,0.00219654625767964,0.962618969443554,0.999999999942431
"Ap4e1",1.71885935557672e-09,1.4788279954428,0.00219645923037844,0.962619709428257,0.999999999942431
"Dusp11",1.71848763634135e-09,1.47877195529252,0.00219550932385022,0.962627787346914,0.999999999942431
"Aqr",1.71823426752498e-09,1.47873375072433,0.0021948619725638,0.962633293366812,0.999999999942431
"Akap13",1.71324522428488e-09,1.47798033723482,0.00218213453024247,0.962741711851917,0.999999999942431
"Nek1",1.71153493146574e-09,1.47772156174025,0.0021777799566697,0.962778878927693,0.999999999942431
"Supt20",1.70900290079115e-09,1.47733798484778,0.00217134114351281,0.962833903674832,0.999999999942431
"Zfp329",1.70730341227306e-09,1.47708021523046,0.00216702478509369,0.962870836156864,0.999999999942431
"Akr1a1",1.7064659410255e-09,1.47695309886177,0.00216489935638348,0.962889035715896,0.999999999942431
"Csn3",1.7041622666581e-09,1.47660311589245,0.0021590582121336,0.962939098259864,0.999999999942431
"Mkln1",1.69746289700926e-09,1.47558266505856,0.00214211628307675,0.963084687151885,0.999999999942431
"Magi1",1.69672320406192e-09,1.47546975137939,0.00214024977621637,0.963100762034801,0.999999999942431
"C920009B18Rik",1.69523727860034e-09,1.47524277900528,0.002136502719469,0.963133053962726,0.999999999942431
"AC149090.1",1.69471164772802e-09,1.47516244288845,0.00213517802268473,0.963144476915089,0.999999999942431
"Mthfr",1.69324640688456e-09,1.47493836935401,0.00213148748620295,0.963176319408033,0.999999999942431
"Ckap2",1.69311816031318e-09,1.47491874801074,0.00213116462048307,0.963179106454722,0.999999999942431
"Utp11",1.69269692965289e-09,1.47485429066221,0.00213010432802326,0.963188260616976,0.999999999942431
"Ankrd11",1.69267599849452e-09,1.47485108733245,0.00213005164845071,0.963188715491921,0.999999999942431
"Snrnp70",1.69172764158229e-09,1.47470590865698,0.00212766550565817,0.963209325152083,0.999999999942431
"Ilf2",1.68812990753983e-09,1.47415442099954,0.00211862547477974,0.963287511209332,0.999999999942431
"Sik2",1.68645480520774e-09,1.47389725324166,0.00211442300944301,0.963323914700752,0.999999999942431
"Cpa6",1.68583987099949e-09,1.47380278311787,0.00211288132094623,0.963337278531659,0.999999999942431
"Ints13",1.68251751284562e-09,1.47329179281878,0.00210456163229347,0.963409480633075,0.999999999942431
"Atg16l1",1.67990742137027e-09,1.47288965333055,0.00209803707892771,0.963466203833886,0.999999999942431
"Gm21750",1.67883378601821e-09,1.47272405837285,0.00209535620860128,0.963489536416049,0.999999999942431
"Epb41",1.67756528467469e-09,1.47252827313303,0.0020921909661217,0.963517103927704,0.999999999942431
"Hook1",1.67741502742904e-09,1.47250507219936,0.00209181619349602,0.963520369373229,0.999999999942431
"Lzts1",1.67361822570175e-09,1.4719181342194,0.00208235732652085,0.96360288306266,0.999999999942431
"Zwint",1.67347526413358e-09,1.47189600851271,0.00208200158905386,0.96360598997111,0.999999999942431
"Gm16222",1.67329779732489e-09,1.47186853994699,0.00208156003297688,0.963609846764544,0.999999999942431
"Hspb11",1.67277491538843e-09,1.47178759083255,0.00208025931999414,0.963621210289434,0.999999999942431
"Polb",1.67254322730202e-09,1.47175171444236,0.00207968310628017,0.963626245450124,0.999999999942431
"Sdccag8",1.67144942896223e-09,1.47158227597696,0.00207696388195421,0.963650016439071,0.999999999942431
"Myl6",1.67124814958833e-09,1.47155108421711,0.00207646368755846,0.963654390749626,0.999999999942431
"Rfwd2",1.67102306806748e-09,1.47151619951104,0.00207590441438019,0.963659282342411,0.999999999942431
"Tubb4a",1.67075631887652e-09,1.47147485085904,0.00207524170464774,0.963665079481206,0.999999999942431
"Clip3",1.66862172492781e-09,1.47114373392717,0.0020699423458695,0.963711469709402,0.999999999942431
"Mrps18c",1.66861272049871e-09,1.47114233628112,0.00206992000575666,0.963711665399115,0.999999999942431
"Tmlhe",1.66665356975396e-09,1.47083806459949,0.00206506219234525,0.963754242902892,0.999999999942431
"Ddx39",1.66555843388665e-09,1.47066782759688,0.00206234923422662,0.963778043133629,0.999999999942431
"Me3",1.66229002973587e-09,1.47015910275779,0.00205426308489638,0.963849074487189,0.999999999942431
"Slc25a43",1.66106180959462e-09,1.46996767616113,0.00205122852999746,0.963875767141333,0.999999999942431
"Usp40",1.66091691704562e-09,1.46994508445362,0.0020508706929007,0.963878916063785,0.999999999942431
"Apopt1",1.6607435178286e-09,1.46991804541996,0.00205044249471038,0.963882684517019,0.999999999942431
"Agbl3",1.65843191047539e-09,1.46955731842677,0.00204473839989426,0.963932922330739,0.999999999942431
"Gm4924",1.65254305932519e-09,1.4686361166119,0.00203024304220636,0.964060904490514,0.999999999942431
"Rab6b",1.65153597080126e-09,1.46847825221257,0.00202776926527315,0.964082791596777,0.999999999942431
"Gm26531",1.65146479889177e-09,1.46846709219382,0.00202759449814306,0.964084338380541,0.999999999942431
"Klhdc8b",1.64903674657805e-09,1.46808608028479,0.00202163677329366,0.96413710748119,0.999999999942431
"Sept2",1.64756198583109e-09,1.46785438954084,0.00201802242401635,0.964169158678795,0.999999999942431
"Sh3bgrl3",1.64704770380526e-09,1.46777354571123,0.00201676278014136,0.964180335661199,0.999999999942431
"Foxred1",1.64368615659305e-09,1.46724450518821,0.00200853894421662,0.964253392935719,0.999999999942431
"Vamp3",1.64297309668572e-09,1.46713214663466,0.00200679664331679,0.9642688900684,0.999999999942431
"Syt11",1.64285705733319e-09,1.46711385748785,0.00200651318260746,0.964271411985751,0.999999999942431
"Pola2",1.64261908220034e-09,1.46707634586398,0.00200593192003801,0.964276583970371,0.999999999942431
"Plk4",1.64154032469478e-09,1.46690623588882,0.00200329807317239,0.964300028948191,0.999999999942431
"Cpne9",1.64060278432328e-09,1.46675830498771,0.00200101042120695,0.964320404834474,0.999999999942431
"Polr2c",1.6382650460714e-09,1.46638907888652,0.00199531189885794,0.964371211802731,0.999999999942431
"Rnpc3",1.63814833791324e-09,1.46637063220217,0.00199502762143584,0.964373748269998,0.999999999942431
"Imp4",1.63742586385866e-09,1.46625641038803,0.00199326827178464,0.964389450109147,0.999999999942431
"Egfr",1.63714623430701e-09,1.46621218813334,0.00199258753364221,0.964395527422085,0.999999999942431
"Rrm2b",1.63540062798493e-09,1.46593595925626,0.00198834060814519,0.964433465504433,0.999999999942431
"E030030I06Rik",1.63410049356606e-09,1.46573003394736,0.00198518042532173,0.964461721988931,0.999999999942431
"Ikbip",1.63310116835703e-09,1.46557164328616,0.00198275311531502,0.964483440863773,0.999999999942431
"Zfp142",1.63127235048277e-09,1.46528153238891,0.00197831485505474,0.964523187619224,0.999999999942431
"Pik3c2a",1.63087120106053e-09,1.46521785396116,0.00197734199202174,0.964531906043172,0.999999999942431
"Acrv1",1.63039846799964e-09,1.46514279252595,0.00197619583228187,0.964542180243243,0.999999999942431
"Noa1",1.62244857005616e-09,1.46387726785405,0.0019569707743643,0.964714961174105,0.999999999942431
"Gm10425",1.6216614314139e-09,1.46375163270533,0.00195507236762434,0.964732068722652,0.999999999942431
"Pebp1",1.6175376156849e-09,1.46309244649665,0.00194514167936997,0.964821695356002,0.999999999942431
"Ago4",1.61642422700627e-09,1.46291418877716,0.00194246482863982,0.964845893719814,0.999999999942431
"Slamf1",1.61006036896237e-09,1.46189298180692,0.00192719997862946,0.964984206284203,0.999999999942431
"Ccz1",1.60810507989056e-09,1.46157841762042,0.00192252196155418,0.965026702894201,0.999999999942431
"Nfat5",1.60713814649202e-09,1.46142271933436,0.00192021067999002,0.9650477184381,0.999999999942431
"Sppl2a",1.60544513981893e-09,1.46114988415582,0.0019161671978667,0.965084514677265,0.999999999942431
"Mcmdc2",1.6052280578589e-09,1.46111487996321,0.00191564903975824,0.965089232797373,0.999999999942431
"Dennd5b",1.60446973928739e-09,1.46099256540827,0.00191383954096328,0.965105714315148,0.999999999942431
"Ankrd10",1.60082492654745e-09,1.46040387132422,0.00190515422458335,0.965184931949891,0.999999999942431
"Fbxw2",1.6006821837646e-09,1.46038078925594,0.00190481448113389,0.965188034378451,0.999999999942431
"Irf9",1.60035238060369e-09,1.46032745102766,0.00190402962936895,0.96519520245387,0.999999999942431
"Ppp3cc",1.59415191452431e-09,1.45932264299365,0.00188930412176706,0.965329966416768,0.999999999942431
"Cflar",1.59217310923595e-09,1.45900115915542,0.00188461668309672,0.96537297494753,0.999999999942431
"Pclaf",1.59030651096834e-09,1.45869754359297,0.00188020037919064,0.965413544796517,0.999999999942431
"Numa1",1.58817149369492e-09,1.45834983666695,0.0018751553571797,0.965459948746823,0.999999999942431
"Mtch2",1.58626176561878e-09,1.45803842941027,0.00187064843358508,0.965501456204145,0.999999999942431
"2010015M23Rik",1.58434129240735e-09,1.45772489700903,0.00186612162021782,0.965543197298538,0.999999999942431
"Prnp",1.58359880874986e-09,1.45760358024191,0.00186437295640668,0.965559335055037,0.999999999942431
"Mbd6",1.58261219902608e-09,1.45744228813641,0.00186205060621854,0.965580778872051,0.999999999942431
"4930402H24Rik",1.58063650993633e-09,1.45711900192562,0.00185740444363613,0.965623720258204,0.999999999942431
"Ints2",1.58021893085405e-09,1.45705062156909,0.00185642317971395,0.965632796306626,0.999999999942431
"Impact",1.57982223285176e-09,1.45698564407405,0.00185549122412908,0.965641418510545,0.999999999942431
"Zfp280d",1.57763798951028e-09,1.45662758563311,0.00185036401100323,0.965688892961949,0.999999999942431
"Nmd3",1.57579525138133e-09,1.45632512909421,0.0018460439515338,0.965728944904288,0.999999999942431
"Chp1",1.57231592133e-09,1.45575309961693,0.00183790088186034,0.965804568433575,0.999999999942431
"Ppp3ca",1.57229582833233e-09,1.45574979254531,0.00183785390821888,0.965805005157452,0.999999999942431
"Gm765",1.57190638331805e-09,1.45568568623399,0.0018369435777496,0.965813469796718,0.999999999942431
"Prpf39",1.57048234265327e-09,1.4554511423528,0.00183361679254749,0.965844421543063,0.999999999942431
"Rpl7l1",1.56982859638015e-09,1.45534339809105,0.00183209054724606,0.965858630837691,0.999999999942431
"Arfgef1",1.56603806793051e-09,1.45471780588507,0.00182325364988341,0.965941018879256,0.999999999942431
"Zfp60",1.56546732557865e-09,1.45462348075324,0.00182192492298623,0.965953424132164,0.999999999942431
"Gm15737",1.56187209894647e-09,1.45402852616611,0.00181356612645422,0.966031567629902,0.999999999942431
"Cadm3",1.55916326031327e-09,1.45357936246771,0.00180728085143423,0.9660904453926,0.999999999942431
"Pex1",1.55787774376965e-09,1.45336593639092,0.00180430190532047,0.966118386707502,0.999999999942431
"Ssh2",1.55548860934589e-09,1.45296882205547,0.00179877205628406,0.966170315793619,0.999999999942431
"Vps50",1.5553314877682e-09,1.45294268473401,0.00179840868283661,0.966173730918309,0.999999999942431
"Gm1043",1.55371151380552e-09,1.45267304865089,0.0017946643260444,0.966208941987595,0.999999999942431
"Arpp21",1.54930577085309e-09,1.45193833162391,0.00178450076706328,0.966304703687151,0.999999999942431
"Brpf1",1.54624467051891e-09,1.45142663799015,0.00177745614154183,0.966371238987687,0.999999999942431
"Chuk",1.54534062306787e-09,1.4512753263287,0.00177537828805867,0.96639088917861,0.999999999942431
"4930447C04Rik",1.54347662756039e-09,1.45096307115584,0.00177109793554544,0.966431404669018,0.999999999942431
"Zfp316",1.54303767805723e-09,1.45088948456657,0.00177009071327939,0.966440945613628,0.999999999942431
"Anxa5",1.53579920124508e-09,1.44967302259553,0.00175352247509076,0.966598280818476,0.999999999942431
"Rab2a",1.5320372565577e-09,1.44903857482461,0.00174494247935747,0.966680050792079,0.999999999942431
"Gap43",1.5276404983257e-09,1.44829511681809,0.00173494131104291,0.966775619574889,0.999999999942431
"Rgs4",1.52203051266189e-09,1.4473434420485,0.00172222218693937,0.966897559995288,0.999999999942431
"Calca",1.51663762438139e-09,1.44642532951523,0.0017100393857416,0.967014782248133,0.999999999942431
"Gabarapl1",1.51520860228057e-09,1.4461815060801,0.00170681840166537,0.967045844236833,0.999999999942431
"Maoa",1.51375022423476e-09,1.44593243997988,0.00170353438048329,0.967077544373607,0.999999999942431
"Kif5a",1.50910699929416e-09,1.44513787761518,0.00169309968401889,0.967178472504765,0.999999999942431
"Mcf2l",1.49836333752834e-09,1.44329011025208,0.00166907840422922,0.967412005677186,0.999999999942431
"Ppp2r1a",1.49764565552149e-09,1.44316621341392,0.0016674798858551,0.96742760591031,0.999999999942431
"Arcn1",1.48604738813971e-09,1.44115579100865,0.00164175285186912,0.967679718838883,0.999999999942431
"A730020E08Rik",1.47168859082941e-09,1.43864532109641,0.00161017955513793,0.967991842210015,0.999999999942431
"Eef1a1",1.46565088382643e-09,1.43758247741576,0.00159699490416679,0.968123087918826,0.999999999942431
"Vdac1",1.45026234667212e-09,1.43485392039379,0.00156363579874848,0.968457602825143,0.999999999942431
"Dynll1",1.4443194046305e-09,1.43379252321105,0.00155084699931092,0.968586791557717,0.999999999942431
"Hspb1",1.43987441751045e-09,1.43299583905891,0.00154131602254081,0.968683418018487,0.999999999942431
"Ankrd24",1.43409892956019e-09,1.43195705640331,0.00152897605889612,0.968808967991212,0.999999999942431
"Atp6v1a",1.42441268285317e-09,1.43020558709016,0.00150839167138995,0.969019533407473,0.999999999942431
"Gm26682",1.41969055358729e-09,1.42934746814514,0.00149840718590555,0.969122186657901,0.999999999942431
"Fus",1.41665158204882e-09,1.42879372784446,0.00149199910905751,0.969188250411565,0.999999999942431
"Dynlrb1",1.4155881459262e-09,1.42859967922287,0.00148975995548598,0.969211368342416,0.999999999942431
"Srsf5",1.40709146004738e-09,1.42704407960697,0.00147192986241687,0.969396077869227,0.999999999942431
"Cnn3",1.40666578107848e-09,1.42696590155069,0.00147103940884262,0.969405331751232,0.999999999942431
"Hnrnpdl",1.3994982734418e-09,1.42564603846564,0.0014560865689381,0.969561147607088,0.999999999942431
"Pja2",1.39367764525354e-09,1.4245692837061,0.00144399978916291,0.969687684241392,0.999999999942431
"Vwa5a",1.38935447609302e-09,1.42376666953242,0.00143505514825345,0.9697816675939,0.999999999942431
"Prkar1a",1.38685095312919e-09,1.42330075353729,0.00142988806284192,0.969836093017101,0.999999999942431
"2410018L13Rik",1.38311295328158e-09,1.4226035505269,0.0014221904537712,0.969917355654182,0.999999999942431
"2310022A10Rik",1.38013279385462e-09,1.42204636580504,0.00141606833895928,0.969982143364309,0.999999999942431
"Slc3a2",1.37507481640529e-09,1.42109798150931,0.00140570800678619,0.970092102625044,0.999999999942431
"Pkd2",1.37056288891482e-09,1.42024907589783,0.00139649825758229,0.970190191365746,0.999999999942431
"Ccdc125",1.35168937986589e-09,1.41666795338831,0.00135830176512,0.970600503969033,0.999999999942431
"Pkib",1.34644921498958e-09,1.41566492052928,0.00134779058040825,0.970714427237064,0.999999999942431
"Fam60a",1.3440003936282e-09,1.41519486526618,0.00134289251670531,0.970767665792193,0.999999999942431
"Scmh1",1.33970260207505e-09,1.41436785188029,0.0013343177510293,0.970861102164071,0.999999999942431
"Ghdc",1.33635404534612e-09,1.41372168232306,0.00132765589220274,0.970933901921707,0.999999999942431
"Chkb",1.33539807508889e-09,1.41353691619786,0.00132575707566712,0.970954685368895,0.999999999942431
"Chd6",1.33519200725308e-09,1.41349707114139,0.00132534794700685,0.970959165427162,0.999999999942431
"Bclaf1",1.33380303606426e-09,1.41322834288147,0.00132259192001596,0.970989362652056,0.999999999942431
"Cnih1",1.3232783367332e-09,1.41118308690577,0.00130180179913342,0.971218178475013,0.999999999942431
"Pirt",1.32319499818779e-09,1.41116682787511,0.00130163783234117,0.971219990334623,0.999999999942431
"Lnx1",1.32260757099293e-09,1.41105219443249,0.00130048237492611,0.971232761567352,0.999999999942431
"Tecr",1.31836948970022e-09,1.41022366370004,0.00129216135860711,0.971324901753024,0.999999999942431
"Synrg",1.31391847931377e-09,1.40935067391862,0.00128345103142708,0.971421671645193,0.999999999942431
"Zfp202",1.31273289945097e-09,1.40911765085514,0.00128113589967642,0.971447447534625,0.999999999942431
"Ghitm",1.31054923073678e-09,1.40868791208469,0.00127687722745708,0.97149492311819,0.999999999942431
"Usp4",1.30513977849234e-09,1.40762030158762,0.00126635804808907,0.971612531549173,0.999999999942431
"Fgf1",1.30242486749078e-09,1.40708284080633,0.00126109505083501,0.971671557429815,0.999999999942431
"Atp1a3",1.2944424680736e-09,1.40549617258653,0.00124568423322695,0.971845106614974,0.999999999942431
"Clec2h",1.29390376698861e-09,1.40538874728646,0.00124464762969976,0.971856818822484,0.999999999942431
"Pgk1",1.29366081663872e-09,1.40534028481226,0.00124418027007707,0.971862100946581,0.999999999942431
"Guf1",1.29032688107697e-09,1.40467434063229,0.00123777569818391,0.971934586092801,0.999999999942431
"Gtdc1",1.28782535318733e-09,1.40417355253673,0.0012329810541566,0.971988973503449,0.999999999942431
"Mrpl9",1.28263487303456e-09,1.40313138843203,0.00122306221415387,0.972101823660129,0.999999999942431
"Trmt11",1.28191044916497e-09,1.40298560530902,0.00122168104906526,0.972117573952124,0.999999999942431
"Pola1",1.27910602257246e-09,1.40242047531302,0.00121634156972801,0.972178547387427,0.999999999942431
"Acad9",1.27868283605836e-09,1.40233509142215,0.00121553686051681,0.972187748261228,0.999999999942431
"Klf3",1.27591540157528e-09,1.40177603438463,0.00121028101709942,0.972247917603051,0.999999999942431
"Sult4a1",1.27491164742502e-09,1.40157296774428,0.00120837752609181,0.972269741185512,0.999999999942431
"Gm4117",1.27491107807104e-09,1.40157285251517,0.00120837644681011,0.972269753564389,0.999999999942431
"Ddx55",1.27448269899964e-09,1.40148614033048,0.00120756453730017,0.972279067371299,0.999999999942431
"Trpv2",1.27286235687668e-09,1.40115789170962,0.00120449596075397,0.972314296842838,0.999999999942431
"B230208H11Rik",1.26988443512643e-09,1.40055354902073,0.00119886660288154,0.972379042945667,0.999999999942431
"Gm12976",1.26951901939441e-09,1.40047929492025,0.00119817674217514,0.972386987842783,0.999999999942431
"Scn1b",1.26873842704248e-09,1.40032060446985,0.00119670374327461,0.972403959551266,0.999999999942431
"Hsph1",1.26821175242575e-09,1.40021347980495,0.00119571040587212,0.972415410564782,0.999999999942431
"Osbpl7",1.2671383268779e-09,1.39999501111767,0.00119368714294363,0.9724387491107,0.999999999942431
"Tbce",1.26610368793511e-09,1.39978426369086,0.00119173860904752,0.972461244375976,0.999999999942431
"Trim39",1.26547905341267e-09,1.39965694856714,0.0011905630063568,0.972474825278139,0.999999999942431
"Cyb5rl",1.26408304372426e-09,1.39937218501523,0.00118793772267305,0.972505177569492,0.999999999942431
"Dpysl2",1.26337015746296e-09,1.39922664804541,0.00118659821307495,0.972520677284952,0.999999999942431
"Rhno1",1.26251438572127e-09,1.39905183377627,0.00118499122039384,0.972539283658769,0.999999999942431
"Ctnnal1",1.26062988273587e-09,1.39866646135167,0.0011814562858613,0.972580256981882,0.999999999942431
"Syn1",1.26023727384983e-09,1.39858610309933,0.00118072049812183,0.972588793189063,0.999999999942431
"Eif2a",1.26012160918753e-09,1.39856242442437,0.00118050377485325,0.972591308001619,0.999999999942431
"Tln2",1.25943564297045e-09,1.39842195051844,0.00117921887458133,0.972606222471335,0.999999999942431
"AI480526",1.25882797474012e-09,1.39829744764516,0.00117808122061713,0.972619434572283,0.999999999942431
"1700095J07Rik",1.25870192592195e-09,1.39827161455301,0.00117784530544212,0.97262217516361,0.999999999942431
"Slc6a20b",1.25777363568807e-09,1.39808128738468,0.00117610862881059,0.972642358339112,0.999999999942431
"Atpaf2",1.25745986714886e-09,1.39801692416117,0.00117552190979104,0.972649180396418,0.999999999942431
"Telo2",1.25731760146208e-09,1.39798773603607,0.0011752559339522,0.972652273583763,0.999999999942431
"Cntn1",1.2552150260736e-09,1.39755597830321,0.00117132852841062,0.972697988517215,0.999999999942431
"Gcnt2",1.2522611536889e-09,1.39694820305751,0.00116582208720286,0.972762212800798,0.999999999942431
"Vps53",1.25098293764354e-09,1.39668476487621,0.0011634433310396,0.972790004343857,0.999999999942431
"Ncapd3",1.24688214584433e-09,1.39583780341324,0.00115582816881514,0.972879165810051,0.999999999942431
"Echs1",1.24607511810189e-09,1.39567079967187,0.00115433246445459,0.972896712650788,0.999999999942431
"Vsig10",1.24503271268896e-09,1.39545492972029,0.00115240195627217,0.972919377221621,0.999999999942431
"Focad",1.24419282232242e-09,1.39528086858714,0.00115084767609104,0.972937638611144,0.999999999942431
"Fxn",1.24214469378044e-09,1.39485592273413,0.00114706185789111,0.972982170284003,0.999999999942431
"Mto1",1.23779740680039e-09,1.39395165319465,0.00113904688027515,0.973076691955356,0.999999999942431
"Slco2a1",1.23620138593053e-09,1.39361888237581,0.00113611139091072,0.973111393821983,0.999999999942431
"Wdr89",1.23612864667382e-09,1.39360370612827,0.00113597769511042,0.973112975373935,0.999999999942431
"Zfp280c",1.23543510317937e-09,1.3934589616527,0.00113470334728831,0.973128054926612,0.999999999942431
"Xpr1",1.23510539056608e-09,1.3933901216042,0.00113409776941271,0.973135223793592,0.999999999942431
"Cbfa2t2",1.23360888001391e-09,1.39307744017553,0.00113135118422939,0.973167762112246,0.999999999942431
"Grik1",1.23195907490987e-09,1.39273229560383,0.00112832711254573,0.97320363353431,0.999999999942431
"Tanc2",1.23189354796768e-09,1.39271857774726,0.00112820708605998,0.973205058276203,0.999999999942431
"Pus7",1.22834809720245e-09,1.39197527430623,0.00112172235922607,0.973282146576231,0.999999999942431
"Nae1",1.22745774877192e-09,1.39178828052668,0.0011200968236147,0.973301505351913,0.999999999942431
"Lrp1",1.22554779204183e-09,1.39138669383351,0.00111661373503314,0.973343033443457,0.999999999942431
"Hus1",1.2252520920878e-09,1.39132446492816,0.00111607496730975,0.973349462838904,0.999999999942431
"Thap1",1.22519033077929e-09,1.39131146563158,0.00111596245411587,0.973350805713446,0.999999999942431
"Bdp1",1.22502866373711e-09,1.39127743547857,0.0011156679652654,0.973354320836143,0.999999999942431
"2810403A07Rik",1.22277254034975e-09,1.39080206946764,0.00111156231971065,0.973403375727887,0.999999999942431
"Ankfy1",1.221744381143e-09,1.39058514902763,0.00110969380776548,0.973425731027327,0.999999999942431
"Rnasel",1.22038323881789e-09,1.39029769896581,0.00110722257100265,0.97345532642177,0.999999999942431
"Mttp",1.21698118430192e-09,1.38957785830606,0.00110105798099165,0.973529297644979,0.999999999942431
"Bcl9",1.21498411003617e-09,1.38915437261776,0.00109744725900689,0.97357272034339,0.999999999942431
"Col24a1",1.21227527552291e-09,1.38857885784862,0.00109255914726711,0.973631619081447,0.999999999942431
"Pip5kl1",1.21212175751866e-09,1.38854620369716,0.00109228244958465,0.973634957058849,0.999999999942431
"Rbm34",1.21076170155238e-09,1.38825673385196,0.00108983264317341,0.973664529089815,0.999999999942431
"C2cd3",1.21035312620249e-09,1.38816971139061,0.00108909723236123,0.973673412851086,0.999999999942431
"Mettl1",1.20946252311005e-09,1.3879799214215,0.00108749506108385,0.973692777479632,0.999999999942431
"A230057D06Rik",1.20752375586119e-09,1.38756628785122,0.00108401134846598,0.973734932683981,0.999999999942431
"Lekr1",1.20746369758297e-09,1.38755346403868,0.00108390352079664,0.973736238550513,0.999999999942431
"Sec24a",1.20649510056355e-09,1.38734655957154,0.0010821652579673,0.973757299077922,0.999999999942431
"Csmd3",1.20436030635867e-09,1.38688996188962,0.00107833904057866,0.973803716683508,0.999999999942431
"Stab1",1.20390788398697e-09,1.38679309364435,0.00107752902870834,0.97381355387882,0.999999999942431
"Fcho2",1.20340574679686e-09,1.38668553891508,0.0010766303643351,0.973824472047397,0.999999999942431
"Comt",1.20334911682076e-09,1.38667340634246,0.0010765290383818,0.973825703375791,0.999999999942431
"Zfp866",1.20233262229472e-09,1.38645553376914,0.00107471107271232,0.973847805436566,0.999999999942431
"Gm37381",1.20177102797252e-09,1.38633508532362,0.00107370733935335,0.973860016422733,0.999999999942431
"Khdrbs2",1.20096756459819e-09,1.38616266526412,0.00107227213061387,0.973877486482069,0.999999999942431
"Lrba",1.20071072175523e-09,1.3861075238161,0.00107181354042205,0.97388307113219,0.999999999942431
"Zfp952",1.20043700383387e-09,1.38604874666414,0.00107132492791991,0.973889022706184,0.999999999942431
"Htt",1.20028387158656e-09,1.3860158578595,0.00107105162089989,0.973892352331331,0.999999999942431
"Trrap",1.20014267481235e-09,1.3859855288163,0.00107079964694196,0.97389542243838,0.999999999942431
"Rfx7",1.199958957242e-09,1.3859460610459,0.00107047183649691,0.97389941709543,0.999999999942431
"Zfp445",1.19938083983288e-09,1.38582182606503,0.00106944061901432,0.973911987376891,0.999999999942431
"Prkaca",1.19901719340656e-09,1.38574364973519,0.00106879221895602,0.973919894317209,0.999999999942431
"Rab43",1.1986043408551e-09,1.38565486678228,0.00106805632020577,0.973928871173237,0.999999999942431
"Odf2",1.1982914018713e-09,1.38558754991103,0.00106749868360153,0.973935675561636,0.999999999942431
"Rcor3",1.19756694002078e-09,1.38543164307461,0.00106620829915698,0.973951427904245,0.999999999942431
"Uchl5",1.19615849701849e-09,1.38512827468126,0.00106370186631127,0.973982052426106,0.999999999942431
"Nip7",1.19550411024401e-09,1.38498720466894,0.00106253833817749,0.973996281117245,0.999999999942431
"Uggt2",1.1951746488544e-09,1.38491615191829,0.0010619527824805,0.974003444780368,0.999999999942431
"Nxf1",1.19421449534682e-09,1.38470897178169,0.00106024721062497,0.974024321946651,0.999999999942431
"Fth1",1.19354484311993e-09,1.38456437822881,0.00105905848306541,0.974038882588151,0.999999999942431
"Atxn7",1.19161553427303e-09,1.38414734775932,0.00105563741429994,0.974080832731395,0.999999999942431
"Safb2",1.19138178761067e-09,1.38409677695418,0.00105522330838438,0.974085915233029,0.999999999942431
"Cpe",1.18581975039379e-09,1.38289054217575,0.00104539356104613,0.974206854438799,0.999999999942431
"Tulp4",1.18517241625358e-09,1.38274979306247,0.00104425252045753,0.974220929909406,0.999999999942431
"Tmem165",1.18467647260849e-09,1.38264190931848,0.00104337875384456,0.974231713588624,0.999999999942431
"Jmjd1c",1.18228587739257e-09,1.38212125227076,0.00103917207015286,0.974283694181491,0.999999999942431
"4933434E20Rik",1.18212615872116e-09,1.38208642953578,0.00103889131915256,0.974287167074136,0.999999999942431
"App",1.17991460342582e-09,1.38160377678992,0.00103500778031767,0.974335254765136,0.999999999942431
"Nav1",1.17260720658069e-09,1.38000263398435,0.00102222754608086,0.97449414625078,0.999999999942431
"Reep1",1.17247732539968e-09,1.37997408648172,0.00102200110918481,0.974496970386554,0.999999999942431
"Crtc3",1.17192176301466e-09,1.3798519402951,0.00102103281607971,0.974509050535985,0.999999999942431
"Vezt",1.17002226957715e-09,1.37943388510754,0.00101772564416233,0.974550353168628,0.999999999942431
"Iffo1",1.16923814680086e-09,1.37926111413695,0.00101636198729847,0.974567403173723,0.999999999942431
"Dynlt3",1.1663953255594e-09,1.3786337771588,0.00101142574232758,0.974629217719198,0.999999999942431
"Lin9",1.16248562720084e-09,1.37776854120513,0.00100465661002001,0.974714230779743,0.999999999942431
"Flna",1.16185536308637e-09,1.37762879208939,0.00100356751722902,0.974727935362967,0.999999999942431
"Abhd18",1.16130407673816e-09,1.37750649349839,0.00100261538181979,0.974739922644681,0.999999999942431
"Topbp1",1.15903108961559e-09,1.37700164367344,0.000998694442156461,0.974789346996041,0.999999999942431
"Aatf",1.15296022369462e-09,1.37564845200203,0.000988259758165866,0.974921353765809,0.999999999942431
"Pcmtd2",1.15225279394361e-09,1.37549030961277,0.000987047383520121,0.974936736379952,0.999999999942431
"Kat6b",1.1464693974951e-09,1.37419385822391,0.000977163857401297,0.975062493040371,0.999999999942431
"Basp1",1.14631303388244e-09,1.37415871707396,0.000976897330528878,0.975065893086653,0.999999999942431
"Gt(ROSA)26Sor",1.14434874751779e-09,1.3737168603968,0.000973552237242084,0.975108605521281,0.999999999942431
"Mapkbp1",1.14422598881693e-09,1.37368922160064,0.000973343375043626,0.975111274850833,0.999999999942431
"Cs",1.13837424095495e-09,1.37236831317946,0.000963413176686614,0.975238518647154,0.999999999942431
"Rpap1",1.13299460698633e-09,1.37114805461233,0.000954329056861943,0.975355497081437,0.999999999942431
"Abcd4",1.13155527527678e-09,1.37082060327521,0.000951905879256104,0.975386794982906,0.999999999942431
"Rfc2",1.12479680404098e-09,1.36927752303293,0.000940568888325426,0.975533756724698,0.999999999942431
"Suclg1",1.12351855025864e-09,1.36898464700499,0.000938432320053841,0.975561552216904,0.999999999942431
"Sec61a2",1.11746491576938e-09,1.36759314890615,0.000928346822939018,0.97569318825592,0.999999999942431
"Capn5",1.11550152731232e-09,1.36714024467883,0.000925087473742885,0.97573588220147,0.999999999942431
"Mapk8ip2",1.10864507355996e-09,1.36555244529493,0.000913750283808706,0.975884976554709,0.999999999942431
"Lingo2",1.1078605157225e-09,1.3653701424912,0.00091245746917937,0.975902036906399,0.999999999942431
"Nedd4",1.07726828884475e-09,1.35816052445131,0.000862760420854479,0.976567278916581,0.999999999942431
"Sh3glb1",1.0687074606991e-09,1.35610684050985,0.000849102548461884,0.976753440991194,0.999999999942431
"Rab6a",1.06733298772062e-09,1.35577560344146,0.000846919878154498,0.9767833301268,0.999999999942431
"Mbd5",1.06202889525063e-09,1.35449340403566,0.000838523286666501,0.976898672633445,0.999999999942431
"Tuba4a",1.04667329618026e-09,1.35074546279764,0.000814450604848138,0.977232597371316,0.999999999942431
"Atp6v0d1",1.04327605296358e-09,1.34990895377685,0.000809172173676021,0.977306474779408,0.999999999942431
"Srrm2",1.03849864775041e-09,1.34872804970029,0.000801778363997125,0.977410365908314,0.999999999942431
"Ntrk1",1.03395316855905e-09,1.347599491089,0.000794775001954564,0.977509213848395,0.999999999942431
"Eif4a2",1.03050823067256e-09,1.34674091316441,0.000789487742473216,0.97758412917538,0.999999999942431
"Platr9",1.02767687087284e-09,1.34603313515877,0.000785155408247961,0.97764570147719,0.999999999942431
"Ptprr",1.0265458934441e-09,1.34574987801093,0.000783428203046521,0.977670296369387,0.999999999942431
"Ncoa2",1.01171543349057e-09,1.34200679705849,0.000760955415460706,0.977992810122742,0.999999999942431
"C2cd5",1.00818344353101e-09,1.34110737787239,0.000755651561591482,0.978069619826407,0.999999999942431
"Serinc3",1.00382318778888e-09,1.33999274646734,0.000749129515970031,0.978164441993395,0.999999999942431
"Gdi1",1.00058833733258e-09,1.33916271850587,0.000744309110599845,0.978234790252285,0.999999999942431
"Arnt",9.97136422080948e-10,1.3382740708605,0.000739182406652805,0.978309859203684,0.999999999942431
"Cdc42",9.9470140783176e-10,1.33764538386111,0.000735576637282075,0.978362813680257,0.999999999942431
"9330159M07Rik",9.93364952963416e-10,1.33729968441243,0.00073360136196836,0.9783918777265,0.999999999942431
"Prkce",9.91600318123627e-10,1.33684252491137,0.000730997306540455,0.978430253498493,0.999999999942431
"Mat2a",9.87786461450651e-10,1.33585173220318,0.000725385050253429,0.97851319416788,0.999999999942431
"Peg3",9.8711434493006e-10,1.33567673380903,0.000724398243030826,0.978527810838306,0.999999999942431
"Atp6ap2",9.84231023347363e-10,1.3349246703879,0.000720172546921822,0.978590515168517,0.999999999942431
"Rac1",9.81120052305027e-10,1.3341107883851,0.000715627079271579,0.978658170397978,0.999999999942431
"Atp6ap1",9.80300178660524e-10,1.33389587207415,0.000714431550483549,0.978676000464016,0.999999999942431
"Fez1",9.7639705498501e-10,1.33287029654493,0.000708753772511156,0.978760883144417,0.999999999942431
"Rab1a",9.74490687946117e-10,1.33236791383669,0.000705988860835254,0.978802341704015,0.999999999942431
"Tmem209",9.7339019975895e-10,1.3320774621162,0.000704395220756393,0.978826274505973,0.999999999942431
"Map2",9.70221724887339e-10,1.33123939528,0.00069981694145076,0.978895180832767,0.999999999942431
"Cttnbp2",9.67550115609188e-10,1.33053065058188,0.000695968206130605,0.978953281710082,0.999999999942431
"Glrx2",9.66397493288071e-10,1.33022427820969,0.000694311008924978,0.978978348422035,0.999999999942431
"Capzb",9.63017080340267e-10,1.32932366651396,0.00068946216982602,0.979051864242411,0.999999999942431
"Smg9",9.61894516970947e-10,1.3290239029453,0.000687855731275787,0.979076277324902,0.999999999942431
"Htr3a",9.6186637549231e-10,1.32901638375795,0.000687815483631446,0.979076889335361,0.999999999942431
"BC004004",9.61576132614494e-10,1.32893882042853,0.000687400450045115,0.979083201430727,0.999999999942431
"Scn4b",9.59719882558313e-10,1.32844221711588,0.000684749062427597,0.979123570505244,0.999999999942431
"Psma1",9.55472033202713e-10,1.32730221562555,0.000678700894116274,0.979215951442668,0.999999999942431
"Srrm1",9.51868271718624e-10,1.32633114398372,0.00067359082602149,0.979294325171319,0.999999999942431
"Zfp141",9.48711592664463e-10,1.32547756051085,0.000669130577948245,0.979362976024213,0.999999999942431
"6820431F20Rik",9.4860237598462e-10,1.3254479776207,0.000668976524779434,0.979365351250436,0.999999999942431
"Smyd4",9.4262595570656e-10,1.32382403805718,0.000660573656460746,0.97949532572486,0.999999999942431
"Gdap2",9.41762401820613e-10,1.32358855032346,0.000659363887835659,0.979514106236727,0.999999999942431
"Zranb2",9.41353943980769e-10,1.3234770913061,0.000658792057947334,0.979522989354329,0.999999999942431
"Eif4g2",9.41334314506907e-10,1.32347173366051,0.000658764583463937,0.979523416255061,0.999999999942431
"Agl",9.39384861658208e-10,1.32293910282843,0.000656038876586225,0.979565812879004,0.999999999942431
"Eno2",9.36191549611533e-10,1.32206426468465,0.000651586226334931,0.979635261028561,0.999999999942431
"Hnrnpm",9.33754592153158e-10,1.32139465535646,0.000648198412728941,0.9796882600826,0.999999999942431
"Poldip3",9.32580700526909e-10,1.32107148684864,0.000646569641327312,0.979713789959426,0.999999999942431
"Mpv17",9.29631638927384e-10,1.32025784705607,0.000642486865770086,0.979777926448047,0.999999999942431
"Map1lc3a",9.26933010620265e-10,1.31951106824165,0.000638762128793459,0.979836616602758,0.999999999942431
"Rap2b",9.26589701113608e-10,1.31941591214099,0.000638289057926754,0.979844082954883,0.999999999942431
"Vwa5b2",9.24972808213131e-10,1.31896728529522,0.000636063381148598,0.979879247433747,0.999999999942431
"Rspry1",9.22538615601472e-10,1.31829042818225,0.000632720010432312,0.979932186768076,0.999999999942431
"Dot1l",9.20006592050337e-10,1.3175844969155,0.000629251617001191,0.979987253844089,0.999999999942431
"Map4",9.19410430268794e-10,1.31741800767785,0.000628436374534907,0.980000219332214,0.999999999942431
"Mical3",9.17540390759475e-10,1.31689507298625,0.000625882551654596,0.980040889492947,0.999999999942431
"Hk1",9.16711166009358e-10,1.31666285358908,0.000624751783382181,0.98005892372953,0.999999999942431
"Lrfn5",9.16627477145052e-10,1.31663940552152,0.000624637718270815,0.980060743821426,0.999999999942431
"Letm2",9.156868925424e-10,1.31637572588683,0.000623356449283024,0.980081199960059,0.999999999942431
"Atp6v0c",9.15637927901793e-10,1.31636199202811,0.000623289785429489,0.980082264859284,0.999999999942431
"Nsmaf",9.15144344582211e-10,1.31622350873942,0.000622617985993525,0.980092999474809,0.999999999942431
"Soat2",9.1229927858567e-10,1.31542383805721,0.000618752725260329,0.980154874994223,0.999999999942431
"Flot1",9.11049559705342e-10,1.31507179851028,0.000617058681761985,0.98018205436805,0.999999999942431
"Vamp2",9.08319268451321e-10,1.31430102981321,0.000613365742291762,0.980241433887543,0.999999999942431
"R3hdm1",9.06325814321933e-10,1.31373682807486,0.000610676435152089,0.980284788433327,0.999999999942431
"Nrn1",9.02538007740796e-10,1.31266139640812,0.000605582702711384,0.980367167531526,0.999999999942431
"Zkscan3",9.01234480722628e-10,1.31229027032746,0.000603834691322896,0.980395517332795,0.999999999942431
"F730043M19Rik",8.9971902920141e-10,1.31185814148938,0.000601805668127141,0.980428476212382,0.999999999942431
"Cplx1",8.9927880527198e-10,1.31173247774251,0.000601216896669159,0.980438050452647,0.999999999942431
"Zmynd8",8.98475441859376e-10,1.3115029979038,0.000600143192018565,0.980455522464084,0.999999999942431
"Fam229b",8.95979838626297e-10,1.3107888391278,0.000596813909569928,0.980509798344162,0.999999999942431
"Arhgap32",8.94664101928027e-10,1.31041152897621,0.000595062367038513,0.980538413813557,0.999999999942431
"Mir99ahg",8.94464261238887e-10,1.31035417336275,0.000594796559140415,0.980542760076768,0.999999999942431
"Sox11",8.94382482138315e-10,1.31033069857108,0.000594687801963365,0.980544538661155,0.999999999942431
"4833420G17Rik",8.933922757538e-10,1.31004629053223,0.000593371725915648,0.980566074313056,0.999999999942431
"Mtif2",8.93109774380592e-10,1.30996509322692,0.000592996522706718,0.980572218339091,0.999999999942431
"Zfp101",8.87908060843994e-10,1.30846545939868,0.00058610909327803,0.980685348838655,0.999999999942431
"S100b",8.87338898087987e-10,1.3083008465181,0.000585357924180867,0.98069772741147,0.999999999942431
"Rev1",8.86727676468234e-10,1.30812395342878,0.000584551783045477,0.980711020716754,0.999999999942431
"Kcnq2",8.86213779469851e-10,1.30797513391115,0.000583874433352987,0.98072219733747,0.999999999942431
"Prr11",8.8552892532983e-10,1.30777667457625,0.000582972361357362,0.980737092069324,0.999999999942431
"Cd151",8.82182014152228e-10,1.30680461326532,0.000578573929192811,0.980809883351012,0.999999999942431
"Upf3b",8.81501882238839e-10,1.30660663443378,0.00057768215199223,0.980824675419432,0.999999999942431
"Rnpep",8.80953376441099e-10,1.30644686075839,0.000576963461689054,0.980836604779599,0.999999999942431
"Sgip1",8.80407414021368e-10,1.30628773050696,0.000576248548126474,0.980848478828522,0.999999999942431
"Gabra2",8.80312302128732e-10,1.30625999853892,0.000576124048653472,0.980850547402223,0.999999999942431
"Usp53",8.79857481900399e-10,1.30612734482517,0.000575528884459905,0.980860439218128,0.999999999942431
"Kdm5b",8.79775173099628e-10,1.30610333126251,0.000575421210484221,0.98086222934002,0.999999999942431
"B3galnt2",8.79625749508094e-10,1.30605973132263,0.000575225764636532,0.980865479131782,0.999999999942431
"Nufip2",8.7927904991855e-10,1.30595854057224,0.000574772409935654,0.980873019451494,0.999999999942431
"Adat1",8.78796182642168e-10,1.30581754116862,0.00057414129611309,0.980883521265569,0.999999999942431
"Chpt1",8.78197855711838e-10,1.30564272102153,0.000573359755951401,0.980896534200396,0.999999999942431
"Tial1",8.77372424736063e-10,1.30540135238234,0.000572282444082383,0.980914486400004,0.999999999942431
"Arl13b",8.7692089521172e-10,1.30526922349056,0.000571693558631732,0.980924306665736,0.999999999942431
"Tfdp2",8.76521063320039e-10,1.30515216661452,0.000571172350373481,0.980933002567782,0.999999999942431
"Anxa6",8.75123828138992e-10,1.30474269087109,0.000569352825315459,0.980963390907565,0.999999999942431
"Snx21",8.74740651057734e-10,1.30463028381561,0.000568854346848848,0.980971724595584,0.999999999942431
"Entpd6",8.72676475745466e-10,1.30402391043696,0.000566172798514457,0.981016618216815,0.999999999942431
"Ccdc174",8.71510710208737e-10,1.30368082928401,0.00056466116411752,0.981041972405963,0.999999999942431
"D930016D06Rik",8.71420426871205e-10,1.30365424030448,0.000564544179086154,0.981043935975546,0.999999999942431
"Nat8l",8.71262182383895e-10,1.30360762980917,0.000564339162334195,0.981047377630401,0.999999999942431
"Usp36",8.70750101991662e-10,1.30345674065334,0.00056367598172097,0.981058514854709,0.999999999942431
"Medag",8.69700384724618e-10,1.30314715819553,0.000562317741847705,0.981081345142196,0.999999999942431
"Hnrnpr",8.68345905099036e-10,1.30274715041885,0.00056056758779706,0.981110803725236,0.999999999942431
"Ifrd1",8.67450602167325e-10,1.30248240981095,0.000559412243889169,0.981130275686583,0.999999999942431
"Atp5a1",8.65527669123119e-10,1.30191288761085,0.000556934823304243,0.981172097633767,0.999999999942431
"Brd9",8.64409859448225e-10,1.30158124811006,0.000555497214425632,0.981196408944592,0.999999999942431
"Lrrc45",8.64233108083511e-10,1.30152876957939,0.000555270065576212,0.981200253122407,0.999999999942431
"Sox2ot",8.6414955217133e-10,1.30150395764859,0.000555162701362633,0.981202070385948,0.999999999942431
"Paxip1",8.61763649454317e-10,1.30079446381261,0.000552101343188582,0.981253961596779,0.999999999942431
"Uvssa",8.61657166627173e-10,1.30076275397493,0.00055196491209216,0.981256277503128,0.999999999942431
"Dmxl1",8.60411862819776e-10,1.30039162416645,0.00055037061837711,0.981283361759984,0.999999999942431
"Rnf14",8.59472535487305e-10,1.3001113319597,0.000549169575039821,0.981303791313296,0.999999999942431
"Fam175b",8.57593018514652e-10,1.29954958227123,0.00054677032456336,0.981344669211164,0.999999999942431
"Wdfy1",8.57091265093459e-10,1.29939941301305,0.000546130712020784,0.981355581930221,0.999999999942431
"Cyb5r3",8.55472562373639e-10,1.29891436160084,0.000544069814840656,0.981390787390113,0.999999999942431
"Frmd4a",8.55137244527807e-10,1.2988137689891,0.00054364338254646,0.98139808028347,0.999999999942431
"5330434G04Rik",8.53244666840991e-10,1.29824528091034,0.000541239677685045,0.981439242354558,0.999999999942431
"Pet100",8.52882190278226e-10,1.29813625919382,0.00054077991500859,0.981447125939378,0.999999999942431
"Nsd3",8.52530283345445e-10,1.29803037277933,0.000540333745671843,0.981454779644657,0.999999999942431
"Snrpa1",8.52520069671598e-10,1.29802729891049,0.00054032079889518,0.981455001784237,0.999999999942431
"Enah",8.514332062376e-10,1.29769999289082,0.00053894398537691,0.981478640239385,0.999999999942431
"Ankrd44",8.50423056147794e-10,1.29739541931371,0.000537665925368071,0.981500610252077,0.999999999942431
"Trpc1",8.49751072854401e-10,1.29719260984826,0.000536816560406714,0.981515225396386,0.999999999942431
"Ccdc173",8.48299951378278e-10,1.29675411079733,0.000534984680632838,0.981546786246499,0.999999999942431
"Tada1",8.47859194150996e-10,1.2966207765881,0.000534428893481428,0.981556372405423,0.999999999942431
"Tnrc6c",8.47545101276052e-10,1.29652571811429,0.000534033004125037,0.981563203705618,0.999999999942431
"Psmd9",8.47486408481391e-10,1.2965079512125,0.000533959042741464,0.981564480232973,0.999999999942431
"Dzip1",8.46642933943638e-10,1.29625248886669,0.000532896708932121,0.981582825221183,0.999999999942431
"Myo1c",8.46561449270747e-10,1.29622779638917,0.000532794137180409,0.981584597457015,0.999999999942431
"Pwwp2a",8.46243585870002e-10,1.29613145114601,0.000532394109605359,0.981591510769165,0.999999999942431
"Clmn",8.46241729692438e-10,1.29613088842886,0.000532391774067615,0.981591551139764,0.999999999942431
"Tmem108",8.46057280740693e-10,1.2960749649781,0.000532159716490356,0.98159556277929,0.999999999942431
"Gabbr1",8.45914991914514e-10,1.29603181592695,0.000531980735667558,0.981598657465014,0.999999999942431
"Wdr31",8.45699956295684e-10,1.29596659284752,0.000531710305972042,0.981603334344797,0.999999999942431
"Nfkb1",8.44460909548949e-10,1.29559045511618,0.000530153415017502,0.981630282788778,0.999999999942431
"Mtmr6",8.44231287529889e-10,1.29552068893988,0.000529865140343356,0.98163527691752,0.999999999942431
"Helz",8.43270866743472e-10,1.2952286808697,0.00052866024771106,0.981656165449312,0.999999999942431
"Rnf111",8.43258584630464e-10,1.29522494447073,0.000528644848109637,0.981656432577418,0.999999999942431
"Wdr91",8.43235864209935e-10,1.29521803244403,0.000528616361304597,0.981656926732046,0.999999999942431
"Slc25a37",8.40959564323362e-10,1.29452460199677,0.000525766232923202,0.981706434835659,0.999999999942431
"Eci1",8.38089621236045e-10,1.29364768737828,0.000522183790948425,0.981768854409236,0.999999999942431
"Azin2",8.33378140068811e-10,1.29220164817352,0.000516329181546059,0.981871326594401,0.999999999942431
"Ireb2",8.33293512240349e-10,1.29217560072753,0.000516224322547016,0.981873167206962,0.999999999942431
"Prr14",8.31681399920426e-10,1.29167891287995,0.000514228851399318,0.98190822985477,0.999999999942431
"Bnip3",8.31522222513526e-10,1.29162981922965,0.000514032031362099,0.981911691886755,0.999999999942431
"Dnmt3a",8.31329705051235e-10,1.29157043042487,0.000513794037274378,0.981915879049352,0.999999999942431
"Chfr",8.29838039499778e-10,1.29110981343754,0.000511951877003512,0.981948322077533,0.999999999942431
"Snrnp48",8.28455730502572e-10,1.29068223569412,0.00051024772211064,0.981978386678452,0.999999999942431
"Atp6v1g1",8.27962085135637e-10,1.29052937014424,0.000509639828721913,0.981989123250058,0.999999999942431
"Zfp941",8.26679537684169e-10,1.29013178743357,0.000508062145348082,0.982017018113451,0.999999999942431
"Ccdc92",8.25385007852061e-10,1.28972987303915,0.000506472202417542,0.98204517361084,0.999999999942431
"Trmt1l",8.24612680937803e-10,1.28948979155504,0.000505524816407425,0.982061971417789,0.999999999942431
"Mga",8.24403001140448e-10,1.28942457332867,0.000505267762721354,0.982066531872375,0.999999999942431
"Slc30a7",8.24313164921739e-10,1.28939662591383,0.000505157649410268,0.982068485775604,0.999999999942431
"Paox",8.24080485925836e-10,1.28932422715289,0.000504872507814374,0.982073546454837,0.999999999942431
"Car10",8.23917225962058e-10,1.28927341629664,0.000504672485355348,0.982077097297083,0.999999999942431
"Gnb1",8.23117279486138e-10,1.28902430803692,0.000503692981636622,0.982094495834444,0.999999999942431
"Setdb1",8.2271564657457e-10,1.28889914705075,0.0005032015563474,0.982103231203618,0.999999999942431
"Palld",8.15699019963726e-10,1.28670277926548,0.000494654931225109,0.982255840615631,0.999999999942431
"Clk3",8.13497369649044e-10,1.28600977046749,0.000491988292126149,0.98230372594851,0.999999999942431
"Tmem80",8.1342103400392e-10,1.28598570930093,0.000491895963661415,0.982305386230469,0.999999999942431
"Bbs5",8.12037571944672e-10,1.28554925271706,0.000490224158624285,0.982335476211467,0.999999999942431
"Slc9a5",8.11739646169353e-10,1.28545516672955,0.00048986451117543,0.98234195603172,0.999999999942431
"Fam214a",8.11119910131799e-10,1.28525934282652,0.000489116806407306,0.982355435158307,0.999999999942431
"Gla",8.10617425545258e-10,1.28510045965484,0.000488510983457051,0.982366364094549,0.999999999942431
"Uba1",8.10487656851304e-10,1.2850594116501,0.00048835458820548,0.982369186537448,0.999999999942431
"Snhg3",8.10178094259352e-10,1.28496146566017,0.000487981609196515,0.982375919462225,0.999999999942431
"Ctsd",8.09495279781544e-10,1.28474529178378,0.000487159418372287,0.982390770545687,0.999999999942431
"Pkd1",8.07116132014806e-10,1.28399066455147,0.000484300053887783,0.982442516599311,0.999999999942431
"March7",8.0697512815953e-10,1.28394587158787,0.000484130853429509,0.982445583411167,0.999999999942431
"Eif4h",8.03967554889698e-10,1.28298860779442,0.000480528894414992,0.982510997722319,0.999999999942431
"Tpcn1",8.03699838106734e-10,1.28290322663999,0.000480208920729974,0.982516820531784,0.999999999942431
"Gpn1",8.01280758796068e-10,1.28213045159861,0.000477322481918459,0.982569435272807,0.999999999942431
"Lhfp",8.00598661519465e-10,1.28191213980769,0.000476510177904331,0.982584270836311,0.999999999942431
"Tcf25",8.00370761694812e-10,1.28183915740261,0.000476238928064527,0.982589227641378,0.999999999942431
"Alkbh1",7.9990407313499e-10,1.2816896415765,0.000475683709226853,0.982599378086644,0.999999999942431
"Hltf",7.99358139717838e-10,1.28151462840278,0.000475034623862766,0.982611252105882,0.999999999942431
"Top3b",7.98926626233717e-10,1.2813762121073,0.000474521891189538,0.982620637501132,0.999999999942431
"Tnik",7.97164968842699e-10,1.28081036062854,0.000472431528126434,0.982658953480312,0.999999999942431
"Zfp65",7.94765363877394e-10,1.28003761106125,0.000469591607044402,0.982711144858556,0.999999999942431
"Hint1",7.94587460380871e-10,1.27998022887908,0.000469381400001068,0.982715014260349,0.999999999942431
"Wdr7",7.94582580851089e-10,1.27997865482447,0.000469375635113999,0.982715120390148,0.999999999942431
"Napa",7.9294524994085e-10,1.27944994039453,0.00046744322069137,0.982750732363472,0.999999999942431
"Zdhhc20",7.9278066693038e-10,1.27939673497563,0.000467249196631331,0.982754312048468,0.999999999942431
"Nebl",7.9061565317116e-10,1.27869582646353,0.000464700649005077,0.982801401189471,0.999999999942431
"Kif1b",7.89501038861157e-10,1.27833423934979,0.000463391297543757,0.98282564412132,0.999999999942431
"Atp5g1",7.89491640469017e-10,1.27833118831939,0.00046338026498777,0.982825848537012,0.999999999942431
"Aebp2",7.89341447757992e-10,1.27828242591489,0.000463203975044543,0.982829115239222,0.999999999942431
"Pstk",7.89260793670669e-10,1.27825623653286,0.000463109320480816,0.98283086947151,0.999999999942431
"Baz2b",7.86607408056086e-10,1.27739317469407,0.000460000735642504,0.982888580848608,0.999999999942431
"Ociad1",7.8604928577311e-10,1.27721126993116,0.000459348197726337,0.982900720070151,0.999999999942431
"Taf6",7.84382084350599e-10,1.27666713166258,0.000457401719742011,0.982936981909525,0.999999999942431
"Trappc3l",7.79812065285838e-10,1.27516970919742,0.000452087357780189,0.983036380576073,0.999999999942431
"Mrpl27",7.77877525470328e-10,1.27453322534281,0.000449847084226076,0.983078457214767,0.999999999942431
"Fndc3a",7.77804048800523e-10,1.27450901999517,0.000449762105026865,0.98308005534837,0.999999999942431
"Ankrd46",7.77542778269665e-10,1.27442293163374,0.000449459998479793,0.98308573803998,0.999999999942431
"Grina",7.77184087391655e-10,1.27430469690273,0.000449045410317792,0.983093539647004,0.999999999942431
"Eif5a",7.76808611223423e-10,1.27418087160867,0.000448611626034224,0.983101706339585,0.999999999942431
"Actr3",7.7650785650558e-10,1.27408164553314,0.000448264317978238,0.983108247824799,0.999999999942431
"Syt2",7.74972144799162e-10,1.27357438653526,0.000446492992625874,0.983141649930058,0.999999999942431
"Selenot",7.74763928817249e-10,1.27350553468999,0.000446253101454225,0.983146178680873,0.999999999942431
"Slc35a3",7.74222857442566e-10,1.27332653050616,0.000445630020131579,0.983157947124076,0.999999999942431
"Prcp",7.74128033427401e-10,1.2732951469052,0.000445520868510252,0.98316000957146,0.999999999942431
"Nlgn1",7.72764308159542e-10,1.2728433793971,0.000443952567440626,0.983189670968792,0.999999999942431
"Pvr",7.70539688336534e-10,1.27210472962858,0.000441400161507347,0.983238057107869,0.999999999942431
"Scg3",7.69705417761184e-10,1.27182718105169,0.000440444862721485,0.983256202755524,0.999999999942431
"Nepro",7.67591078670982e-10,1.27112244338871,0.000438028429830393,0.983302190335138,0.999999999942431
"Map2k5",7.67398856398666e-10,1.27105827823331,0.000437809072727868,0.983306371236354,0.999999999942431
"Rpl23",7.64956486776807e-10,1.270241615231,0.000435026712616826,0.983359493664191,0.999999999942431
"Flt3",7.63692905775358e-10,1.26981809790935,0.000433590715931572,0.983386977039653,0.999999999942431
"Rabggta",7.63692644260164e-10,1.26981801018521,0.000433590418978334,0.983386982727712,0.999999999942431
"Hmgcs1",7.63058415870596e-10,1.26960517384089,0.000432870545173839,0.983400777447904,0.999999999942431
"Map2k1",7.62177819542239e-10,1.26930937117752,0.000431872025912936,0.983419930777164,0.999999999942431
"Osbpl3",7.57327225326334e-10,1.26767393497608,0.00042639254330559,0.983525433350499,0.999999999942431
"Tgfbr3",7.54500049998621e-10,1.26671594802077,0.000423214956815451,0.983586925799532,0.999999999942431
"Bag3",7.53962838072959e-10,1.26653351392525,0.000422612504418126,0.98359861043325,0.999999999942431
"Ywhaz",7.51475360054165e-10,1.26568710649735,0.000419828533815941,0.983652714396249,0.999999999942431
"Shprh",7.44442973774184e-10,1.2632791861594,0.000412007699873476,0.983805672924511,0.999999999942431
"Gde1",7.40471362549071e-10,1.26190935968045,0.000407623295607823,0.983892058062644,0.999999999942431
"Sgpl1",7.33967843093205e-10,1.25965054574565,0.00040049447352365,0.984033514265852,0.999999999942431
"Tspan3",7.33626953147551e-10,1.25953160357891,0.000400122542147311,0.984040928880055,0.999999999942431
"Itm2c",7.30875504639546e-10,1.25856957769669,0.000397126872242775,0.984100775016995,0.999999999942431
"Pcbp1",7.26526130041448e-10,1.25704153948927,0.00039241440300834,0.984195377466875,0.999999999942431
"Ubc",7.25057295720853e-10,1.25652346524759,0.000390829300788038,0.984227325863292,0.999999999942431
"S100a6",7.24728706537988e-10,1.25640742654339,0.000390475140692125,0.984234472961105,0.999999999942431
"Ubqln1",7.22228558149603e-10,1.25552281598107,0.000387785687735483,0.984288853383876,0.999999999942431
"Rsrc2",7.21076143808127e-10,1.25511404792309,0.000386549144965,0.984313919432307,0.999999999942431
"Ablim2",7.1986694852173e-10,1.2546844462315,0.000385253799118555,0.984340220534008,0.999999999942431
"Gdi2",7.10874301597996e-10,1.25146704616659,0.000375688664147053,0.984535819348605,0.999999999942431
"Usp5",7.09792299831233e-10,1.25107722456924,0.000374545884222276,0.984559354002003,0.999999999942431
"Vat1l",7.09748311297398e-10,1.25106136406994,0.00037449946158914,0.984560310798227,0.999999999942431
"Selenok",7.09002378019911e-10,1.25079226280586,0.000373712690252076,0.984576535623877,0.999999999942431
"Rab3a",7.08588042946329e-10,1.25064266757003,0.000373276028724424,0.984585547846,0.999999999942431
"Kifap3",7.0622056205275e-10,1.24978623326569,0.000370785872253187,0.984637043074533,0.999999999942431
"Mvp",6.99999626223791e-10,1.24752225123182,0.000364282306852558,0.984772355352665,0.999999999942431
"Rbm39",6.95828536734173e-10,1.24599313153829,0.000359953941358712,0.984863081437018,0.999999999942431
"Tecpr1",6.92390409534882e-10,1.24472590506222,0.000356405624707105,0.984937864879859,0.999999999942431
"3632451O06Rik",6.88699518607005e-10,1.24335859085688,0.000352616004990771,0.98501814638811,0.999999999942431
"Magi2",6.8639601579032e-10,1.24250157696769,0.000350261150475541,0.985068250541274,0.999999999942431
"Scd2",6.84715458712333e-10,1.2418745378393,0.000348548106568276,0.985104804859439,0.999999999942431
"Cox8a",6.83661779425552e-10,1.24148062107503,0.000347476200459168,0.985127723780319,0.999999999942431
"Calm3",6.82640639483363e-10,1.2410982975258,0.000346438971668308,0.985149934939043,0.999999999942431
"Mapk1",6.81125839952798e-10,1.2405301036329,0.000344903161158208,0.985182883874898,0.999999999942431
"Phf14",6.79153311291519e-10,1.23978834735316,0.000342908386574847,0.985225789075483,0.999999999942431
"Alg2",6.77311804982162e-10,1.23909394144534,0.000341051333557333,0.985265844398994,0.999999999942431
"Phyhipl",6.75584616054457e-10,1.23844094914636,0.000339314145420042,0.985303413194211,0.999999999942431
"Ran",6.73701321843922e-10,1.23772706009674,0.000337425003315889,0.98534437753664,0.999999999942431
"Onecut2",6.73609249542379e-10,1.23769210837026,0.000337332780330108,0.985346380241866,0.999999999942431
"Ube2d2a",6.72825685662325e-10,1.23739446756002,0.000336548444163056,0.985363423889027,0.999999999942431
"Fam19a1",6.72597914144603e-10,1.23730788325034,0.000336320619404421,0.985368378250072,0.999999999942431
"Bsg",6.68981250534105e-10,1.23592916905777,0.000332713447138216,0.985447046007471,0.999999999942431
"Chmp3",6.65533924683665e-10,1.23460815013521,0.000329293272245202,0.985522030551048,0.999999999942431
"Canx",6.65165334378734e-10,1.23446650689628,0.000328928630585398,0.985530047954424,0.999999999942431
"Steap2",6.61702573896483e-10,1.23313203317968,0.000325512829243213,0.985605368367007,0.999999999942431
"Tagln3",6.58293092299024e-10,1.23181134745471,0.000322167003503311,0.985679530006551,0.999999999942431
"Chd4",6.56320224499854e-10,1.231044059993,0.000320238863906259,0.985722443070971,0.999999999942431
"S100a10",6.55542073957024e-10,1.23074079624431,0.000319479946807637,0.98573936911478,0.999999999942431
"Maip1",6.54305929671647e-10,1.23025831091503,0.000318276207257714,0.985766257282871,0.999999999942431
"Atrnl1",6.53902251209735e-10,1.23010055457198,0.000317883603094135,0.985775037955806,0.999999999942431
"Wnk1",6.49780338280065e-10,1.22848420470091,0.000313888636601037,0.985864696464872,0.999999999942431
"Sel1l",6.49610526309912e-10,1.22841739870645,0.000313724596294681,0.985868390163438,0.999999999942431
"Ptms",6.46329746104653e-10,1.22712331069562,0.000310563741219274,0.985939752760618,0.999999999942431
"Klc2",6.43913049988463e-10,1.22616590713672,0.000308245621032381,0.985992320118634,0.999999999942431
"Mycbp2",6.40240780825176e-10,1.22470428954306,0.000304739765472098,0.986072198497924,0.999999999942431
"Fbxw11",6.38490607236569e-10,1.22400478351646,0.000303075958601974,0.986110267932409,0.999999999942431
"Kdm5c",6.347446189811e-10,1.22250121864051,0.000299530131795738,0.986191750044374,0.999999999942431
"Pvt1",6.29391346327718e-10,1.22033726653028,0.000294499116788916,0.986308193788365,0.999999999942431
"Tsc22d1",6.2272282058633e-10,1.21761612397517,0.000288291624007528,0.986453247167292,0.999999999942431
"Tmx2",6.20534140389447e-10,1.21671675062651,0.000286268671580025,0.98650085530779,0.999999999942431
"Sltm",6.19692072762975e-10,1.21636989444309,0.000285492262976471,0.986519171963632,0.999999999942431
"5031439G07Rik",6.15213734996968e-10,1.21451737820887,0.00028138083070026,0.986616584890292,0.999999999942431
"Bfar",6.13535054925276e-10,1.2138195446976,0.000279847367000463,0.986653099637024,0.999999999942431
"Maged1",6.12878563606284e-10,1.21354612662885,0.000279248806003846,0.986667379682056,0.999999999942431
"Prkci",6.12635928834425e-10,1.21344500005875,0.000279027744076159,0.986672657491645,0.999999999942431
"Cmpk1",6.0814046542228e-10,1.21156417945259,0.000274947810879762,0.986770443251132,0.999999999942431
"Pcf11",6.07785407871388e-10,1.21141504618191,0.000274626852798738,0.986778166506166,0.999999999942431
"Atp6v1f",6.06015783386098e-10,1.21067047522209,0.00027302997699638,0.986816659611683,0.999999999942431
"mt-Cytb",6.04799982019663e-10,1.21015768238739,0.00027193555917588,0.986843105901367,0.999999999942431
"Sf3b1",6.03475061484783e-10,1.2095977073635,0.000270745419047986,0.986871925783672,0.999999999942431
"Sorbs2",6.02861893129888e-10,1.20933814254472,0.000270195510048471,0.986885263525099,0.999999999942431
"Sirt7",5.99736305425157e-10,1.20801096844806,0.000267401070618325,0.986953251892669,0.999999999942431
"Cplx2",5.96450404378567e-10,1.20660834904899,0.000264478964958181,0.987024727528149,0.999999999942431
"B230354K17Rik",5.94673326158649e-10,1.20584660787454,0.000262905323157879,0.987063382964197,0.999999999942431
"Srp54a",5.9441535575704e-10,1.20573584284123,0.00026267727499023,0.987068994401408,0.999999999942431
"Man2b1",5.93420145275464e-10,1.20530808363652,0.000261798427120777,0.987090642476694,0.999999999942431
"Pafah1b2",5.93157633809359e-10,1.20519513363285,0.00026156685463877,0.98709635269545,0.999999999942431
"Ccdc141",5.91934223644515e-10,1.20466808975721,0.000260488984201675,0.987122964645251,0.999999999942431
"Golim4",5.91060244117251e-10,1.20429092214538,0.000259720338089097,0.987141975693802,0.999999999942431
"Nop58",5.90427467619395e-10,1.20401750283474,0.000259164533649514,0.987155740030758,0.999999999942431
"Bcar1",5.89892189926465e-10,1.20378598655988,0.000258694832906651,0.987167383548563,0.999999999942431
"Usp16",5.8926416333952e-10,1.20351409065602,0.000258144289093162,0.987181044571072,0.999999999942431
"Nptn",5.89159661271965e-10,1.2034688201261,0.000258052736877519,0.987183317731725,0.999999999942431
"Atp11b",5.86857459005632e-10,1.20246948732658,0.000256039941700247,0.987233395959686,0.999999999942431
"Trpm7",5.86447273580227e-10,1.20229102969203,0.000255682147324596,0.987242318447387,0.999999999942431
"Nom1",5.84589157394977e-10,1.20148108241165,0.000254064492958007,0.987282736819115,0.999999999942431
"Ints10",5.80530046168249e-10,1.1997028627214,0.000250548534183797,0.987371032092812,0.999999999942431
"Rbm28",5.80193088440184e-10,1.1995546972904,0.000250257766241057,0.987378361727661,0.999999999942431
"Tmem233",5.78908087196438e-10,1.19898888293577,0.000249150460998154,0.987406313581579,0.999999999942431
"Scamp1",5.76991382315324e-10,1.19814261024833,0.000247503369311656,0.987448006530906,0.999999999942431
"Alkbh8",5.769795058055e-10,1.19813735783897,0.000247493180438704,0.987448264873717,0.999999999942431
"Ids",5.758354161462e-10,1.19763088157348,0.000246512647671216,0.98747315159688,0.999999999942431
"Med13l",5.75567505151089e-10,1.19751213687018,0.00024628331795883,0.987478979312155,0.999999999942431
"Opcml",5.7506590976356e-10,1.19728967092516,0.000245854243189071,0.987489890232708,0.999999999942431
"Terf1",5.74583423315582e-10,1.19707549951073,0.000245441867577104,0.987500385489523,0.999999999942431
"Ppp1r2",5.73438960482224e-10,1.19656677271735,0.00024446509263183,0.987525280355636,0.999999999942431
"Kmt2e",5.72888143654757e-10,1.19632157139386,0.000243995676270692,0.987537261973326,0.999999999942431
"Zmiz1",5.72790164204411e-10,1.19627793056375,0.000243912223617058,0.987539393267105,0.999999999942431
"Eml1",5.72424362826605e-10,1.19611493464434,0.000243600783433105,0.987547350346626,0.999999999942431
"Ttc38",5.71698712236251e-10,1.19579129084486,0.000242983559497383,0.987563135035102,0.999999999942431
"Celf2",5.71549193862154e-10,1.19572455457602,0.00024285647942829,0.987566387428784,0.999999999942431
"Srek1",5.71086725860424e-10,1.19551802685645,0.000242463624664846,0.987576447250607,0.999999999942431
"Gm10125",5.70251192701382e-10,1.19514447825747,0.000241754666843735,0.987594622166473,0.999999999942431
"Cdk4",5.70136391680477e-10,1.19509311106928,0.000241657338195311,0.987597119373549,0.999999999942431
"Ccnl2",5.69554177071066e-10,1.19483244471216,0.000241164036605402,0.9876097839879,0.999999999942431
"Psma3",5.6925947212083e-10,1.19470040064495,0.00024091452970762,0.987616194553996,0.999999999942431
"Smc5",5.68726450035341e-10,1.19446140607329,0.000240463583690408,0.98762778911291,0.999999999942431
"Snapc3",5.67818287601499e-10,1.19405369822956,0.000239696235398563,0.987647543915453,0.999999999942431
"Morf4l1",5.66040341280747e-10,1.19325364725055,0.000238197517078413,0.987686218713146,0.999999999942431
"Rc3h2",5.6535553038868e-10,1.19294483077298,0.00023762151014525,0.987701115077639,0.999999999942431
"Galnt14",5.64554375147778e-10,1.19258308015806,0.000236948528908506,0.987718542230665,0.999999999942431
"Gpatch2",5.63885961724294e-10,1.1922808797582,0.000236387782853514,0.987733081917874,0.999999999942431
"Bicc1",5.6338899791164e-10,1.19205596545827,0.000235971300036886,0.987743892143853,0.999999999942431
"Bptf",5.62064043395317e-10,1.19145536442128,0.000234862710409273,0.987772713283,0.999999999942431
"Hspa12a",5.6197754678282e-10,1.1914161070358,0.000234790429444298,0.98777459480543,0.999999999942431
"Ankrd16",5.61767250093926e-10,1.19132063684477,0.000234614741245406,0.987779169296269,0.999999999942431
"Rft1",5.6116182558569e-10,1.19104559020855,0.000234109318495164,0.987792338830002,0.999999999942431
"Fgf13",5.61157968829155e-10,1.19104383713182,0.00023410610053022,0.987792422724346,0.999999999942431
"Tacc1",5.57958920413286e-10,1.1895856124316,0.000231444525430707,0.987862010276392,0.999999999942431
"Mrpl23",5.5783632018967e-10,1.18952956359567,0.000231342826068617,0.987864677149231,0.999999999942431
"Rbm6",5.57187515815108e-10,1.18923274897173,0.000230805001815498,0.987878790329369,0.999999999942431
"Mtcl1",5.54117190464985e-10,1.18782350034246,0.000228268354939085,0.987945577930959,0.999999999942431
"Smg5",5.52828466060567e-10,1.18722969333429,0.000227207810636567,0.987973611080424,0.999999999942431
"E130311K13Rik",5.52200354523678e-10,1.18693978277264,0.000226691806910788,0.987987274165776,0.999999999942431
"Gpr157",5.52126140853927e-10,1.18690550730628,0.000226630877937313,0.987988888509393,0.999999999942431
"Endov",5.52072785689641e-10,1.18688086250079,0.000226587078730672,0.987990049125374,0.999999999942431
"Smarcad1",5.51889810485181e-10,1.18679632822492,0.000226436906697001,0.987994029320349,0.999999999942431
"Ftsj1",5.51361992091075e-10,1.18655232198155,0.000226003992699072,0.988005510769065,0.999999999942431
"Erdr1",5.51052952980597e-10,1.18640934873577,0.00022575071263979,0.988012233189781,0.999999999942431
"Ptprd",5.50650966282723e-10,1.18622325605487,0.00022542146775348,0.988020977468442,0.999999999942431
"Cenpw",5.5022888934365e-10,1.18602771873777,0.000225076026650936,0.988030158764772,0.999999999942431
"Ncapd2",5.49244893661995e-10,1.18557128411394,0.000224271722088151,0.98805156329485,0.999999999942431
"Kansl3",5.49090141416996e-10,1.18549942762873,0.000224145360738163,0.988054929569637,0.999999999942431
"Hadhb",5.48928995880764e-10,1.18542458130577,0.000224013816857037,0.988058434915815,0.999999999942431
"Sema4b",5.48660919250062e-10,1.18530002131336,0.000223795070148798,0.988064266299651,0.999999999942431
"Cklf",5.48298101841002e-10,1.18513134506,0.000223499186487865,0.988072158549867,0.999999999942431
"Aspscr1",5.47128688919987e-10,1.18458692715366,0.000222546842798696,0.988097596420348,0.999999999942431
"Sos2",5.45825258371911e-10,1.18397876388166,0.000221487754377538,0.988125949548265,0.999999999942431
"Antxr1",5.45174274171701e-10,1.18367448697258,0.000220959750059165,0.988140110215014,0.999999999942431
"Ccnt1",5.43148566483471e-10,1.18272535274522,0.000219320757499358,0.988184174859044,0.999999999942431
"Lgmn",5.43124379507325e-10,1.18271399899724,0.000219301224766897,0.988184700991685,0.999999999942431
"Luc7l",5.41701328435527e-10,1.18204511734196,0.000218153539207878,0.988215656239359,0.999999999942431
"Col4a2",5.4019581758688e-10,1.18133558816455,0.00021694262792337,0.988248405231718,0.999999999942431
"Kctd18",5.3993497112656e-10,1.18121245622052,0.00021673316664234,0.988254079360055,0.999999999942431
"mt-Nd4",5.38891638342016e-10,1.18071936631719,0.000215896375708614,0.988276774725211,0.999999999942431
"Map4k2",5.38552507644024e-10,1.18055888690662,0.000215624729072434,0.988284151755122,0.999999999942431
"Tfrc",5.38532181383139e-10,1.18054926518958,0.000215608452992666,0.988284593907502,0.999999999942431
"Kat2b",5.38468039292593e-10,1.1805189002949,0.000215557095789499,0.98828598917536,0.999999999942431
"Il9r",5.38380862224633e-10,1.18047762491349,0.000215487304778517,0.988287885517739,0.999999999942431
"Pnpt1",5.37976275939756e-10,1.18028598074598,0.000215163554602148,0.988296686389474,0.999999999942431
"Frmd4b",5.37408683775459e-10,1.18001688440142,0.000214709777255482,0.988309033092745,0.999999999942431
"Krr1",5.37170511690994e-10,1.17990388316377,0.00021451950662924,0.988314213996769,0.999999999942431
"Etv3",5.35530552054032e-10,1.17912445715055,0.000213211667483329,0.988349887684911,0.999999999942431
"Gria3",5.35469624888896e-10,1.17909545488743,0.000213163156176298,0.988351213020838,0.999999999942431
"Mllt10",5.34964809953724e-10,1.17885503001271,0.000212761425747244,0.988362194156161,0.999999999942431
"Smpd4",5.34917155298173e-10,1.17883232229067,0.000212723521867678,0.988363230778183,0.999999999942431
"Churc1",5.34836988766097e-10,1.17879411796891,0.000212659766091649,0.988364974624481,0.999999999942431
"Ccnl1",5.34655305311959e-10,1.17870751363887,0.000212515310120048,0.988368926747984,0.999999999942431
"Lrig2",5.33985252502155e-10,1.17838786381409,0.000211982977416753,0.988383502273962,0.999999999942431
"Fmnl2",5.33911370139292e-10,1.17835259390334,0.000211924321415679,0.988385109422596,0.999999999942431
"Xrn1",5.33483542127222e-10,1.17814826300346,0.000211584823738719,0.988394415882856,0.999999999942431
"Mdh1",5.33428946353347e-10,1.17812217640741,0.000211541519512092,0.988395603494312,0.999999999942431
"Olfm1",5.32192755078968e-10,1.17753080186401,0.000210562184701031,0.98842249413421,0.999999999942431
"Pds5a",5.3200358799307e-10,1.17744018782538,0.000210412523303015,0.988426609051965,0.999999999942431
"Gcn1l1",5.31776037960706e-10,1.17733114564489,0.000210232565355292,0.98843155890749,0.999999999942431
"Gria4",5.2937293705049e-10,1.17617676085978,0.000208336772733377,0.988483833162834,0.999999999942431
"Dctn3",5.29087474618079e-10,1.17603928921415,0.000208112143619847,0.988490042783048,0.999999999942431
"Hdlbp",5.29031601551007e-10,1.17601237356965,0.000208068191531204,0.988491258181331,0.999999999942431
"Fam126a",5.27587561513956e-10,1.1753157643818,0.000206933859543202,0.988522670172648,0.999999999942431
"Lrp8",5.27148055857443e-10,1.17510337235741,0.000206589231556651,0.988532230678323,0.999999999942431
"Slc26a2",5.25647469788283e-10,1.17437689298884,0.000205414746750797,0.988564872731657,0.999999999942431
"Ccdc86",5.25102746062126e-10,1.17411266968165,0.000204989228451304,0.988576722040669,0.999999999942431
"Rufy3",5.24207680674622e-10,1.17367792246063,0.000204290994096419,0.988596192294731,0.999999999942431
"Nfic",5.24156130256899e-10,1.17365286133279,0.000204250816248405,0.988597313665224,0.999999999942431
"Sike1",5.24004683978554e-10,1.17357922198151,0.00020413280348316,0.988600608059375,0.999999999942431
"Eif2s3y",5.23145753196899e-10,1.17316117741866,0.000203464136765358,0.988619292289389,0.999999999942431
"Lrp6",5.22704758797593e-10,1.17294628092913,0.000203121254400416,0.988628885196119,0.999999999942431
"Cdkl3",5.22604934943294e-10,1.17289761197146,0.00020304367940222,0.98863105665459,0.999999999942431
"Cnrip1",5.22060490896762e-10,1.1726320077306,0.000202620842447233,0.988642899893797,0.999999999942431
"Ypel3",5.21416718481962e-10,1.17231759403311,0.000202121431804149,0.988656903816716,0.999999999942431
"Gabpb2",5.21054061467623e-10,1.1721403064401,0.00020184036960865,0.988664792663379,0.999999999942431
"N6amt1",5.21004305234441e-10,1.17211597324282,0.000201801823370413,0.988665875006501,0.999999999942431
"Nfib",5.1976220120704e-10,1.17150778076878,0.00020084075620643,0.988692894396878,0.999999999942431
"Tatdn3",5.18895571640688e-10,1.17108258889268,0.000200171567752722,0.988711746128771,0.999999999942431
"Dync1i1",5.18666542871417e-10,1.17097010421959,0.00019999490434364,0.988716728176504,0.999999999942431
"Rubcn",5.17393595042306e-10,1.1703440175644,0.00019901442594193,0.988744418534804,0.999999999942431
"Isl1",5.16899434622879e-10,1.17010056038009,0.000198634451822933,0.988755167980627,0.999999999942431
"Ppip5k1",5.16774535940934e-10,1.17003899042501,0.000198538471126372,0.988757884895463,0.999999999942431
"Vps9d1",5.16582653796834e-10,1.16994437176437,0.00019839106094178,0.988762058898483,0.999999999942431
"Mrfap1",5.16508280467389e-10,1.16990768834592,0.000198333939621605,0.988763676738012,0.999999999942431
"Setd2",5.15707909199689e-10,1.16951258848333,0.00019771974696739,0.988781087179386,0.999999999942431
"Kdm2b",5.14714132045146e-10,1.16902117238106,0.000196958463128207,0.988802704778038,0.999999999942431
"Mre11a",5.1427490382415e-10,1.16880367880845,0.000196622459903456,0.988812259296331,0.999999999942431
"Orc2",5.13472009154128e-10,1.16840563392899,0.000196008998536866,0.988829724644108,0.999999999942431
"Gm17555",5.13011147300699e-10,1.16817687869703,0.000195657304462188,0.988839749762956,0.999999999942431
"Grip1",5.12478942193288e-10,1.16791245900796,0.000195251559657603,0.988851326812399,0.999999999942431
"Ythdc1",5.11418275012914e-10,1.16738467085071,0.00019444417971637,0.988874399496114,0.999999999942431
"mt-Co1",5.10301168452098e-10,1.16682763021778,0.000193595646744679,0.988898699915228,0.999999999942431
"Tnpo3",5.09834441734174e-10,1.16659454265293,0.000193241679534693,0.988908852624615,0.999999999942431
"Rph3a",5.09686308365626e-10,1.16652051951643,0.000193129402371803,0.988912074971138,0.999999999942431
"Lrpprc",5.09093291480814e-10,1.16622397281911,0.000192680254071016,0.988924974874676,0.999999999942431
"Abl1",5.0904783277406e-10,1.16620122648018,0.00019264584543019,0.988925963738599,0.999999999942431
"Atp6v1b2",5.08196253986333e-10,1.16577474831148,0.000192001835638137,0.988944488147751,0.999999999942431
"Osbp2",5.07785457706736e-10,1.16556876590801,0.000191691554872755,0.988953424208966,0.999999999942431
"Ankrd17",5.07733729091384e-10,1.1655428163816,0.000191652501239042,0.988954549462861,0.999999999942431
"Chic1",5.07481027420827e-10,1.16541601175758,0.000191461775855636,0.988960046489091,0.999999999942431
"Ehmt1",5.06261147146983e-10,1.16480300402158,0.000190542412508979,0.988986582584835,0.999999999942431
"Ntng1",5.05840231565721e-10,1.16459114975833,0.000190225702724367,0.988995738778155,0.999999999942431
"Fbxo30",5.04616319617194e-10,1.16397414425618,0.000189306290485812,0.989022362591505,0.999999999942431
"Lin28b",5.04358215851707e-10,1.16384383912754,0.000189112685290131,0.989027977136242,0.999999999942431
"Ttc39a",5.02843367207452e-10,1.16307773143231,0.000187978384840679,0.989060929729131,0.999999999942431
"Sgce",5.02511610622682e-10,1.16290964772173,0.000187730424944367,0.989068146452395,0.999999999942431
"Dido1",5.01958276956286e-10,1.16262905891129,0.000187317219078207,0.989080183158783,0.999999999942431
"Csnk1g1",5.01748953576206e-10,1.16252283404293,0.000187161024032838,0.989084736585726,0.999999999942431
"Fam178a",5.01585985586801e-10,1.16244010278524,0.000187039464028926,0.989088281640679,0.999999999942431
"Susd2",5.01224549382964e-10,1.16225652384761,0.000186770004837737,0.989096143990422,0.999999999942431
"Tcea2",5.00879456974801e-10,1.16208112432644,0.000186512911592997,0.989103650813301,0.999999999942431
"Phc3",5.00838463225114e-10,1.16206028058695,0.000186482383087096,0.989104542553695,0.999999999942431
"Brwd1",5.00528162118261e-10,1.16190244987139,0.000186251379406666,0.989111292559528,0.999999999942431
"Atxn10",4.99892974311665e-10,1.16157906857223,0.00018577896027919,0.989125109855241,0.999999999942431
"Aplf",4.99330058349324e-10,1.16129214288537,0.000185360794526188,0.989137355017954,0.999999999942431
"Zfp282",4.97581817749184e-10,1.16039900393049,0.000184065106535513,0.989175384672854,0.999999999942431
"Pcdhb22",4.97522400128554e-10,1.16036859439349,0.00018402114971358,0.989176677190808,0.999999999942431
"Ncoa7",4.97057502896182e-10,1.16013053944007,0.000183677402566804,0.989186790151771,0.999999999942431
"Pcca",4.95778348785791e-10,1.15947440190443,0.000182733248683077,0.989214615741707,0.999999999942431
"1700019D03Rik",4.95536899892428e-10,1.15935036430834,0.000182555306273257,0.989219868009378,0.999999999942431
"Zfp942",4.95408685162017e-10,1.15928447336145,0.000182460850133563,0.989222657080474,0.999999999942431
"Col4a1",4.94017311487581e-10,1.15856834803225,0.000181437393227341,0.989252923814806,0.999999999942431
"Ppm1a",4.93258485747646e-10,1.15817694994758,0.00018088043450907,0.989269430657339,0.999999999942431
"Tmem229b",4.92820457214281e-10,1.15795074692132,0.000180559322499628,0.989278959155427,0.999999999942431
"Atp5b",4.92651639341403e-10,1.15786351448228,0.000180435640864685,0.989282631475459,0.999999999942431
"Slc4a3",4.91715253054292e-10,1.15737912437514,0.000179750382247676,0.989303000828284,0.999999999942431
"Mettl17",4.91225256581666e-10,1.15712528790522,0.000179392316606568,0.989313659798598,0.999999999942431
"Ergic2",4.90761999916069e-10,1.15688507396014,0.000179054119419802,0.989323737095439,0.999999999942431
"Slitrk5",4.8914481388435e-10,1.15604475330001,0.000177876005680133,0.989358916016931,0.999999999942431
"Mccc1",4.88865487365325e-10,1.15589933253929,0.000177672911227907,0.989364992256078,0.999999999942431
"Brip1os",4.87511016132291e-10,1.15519301462111,0.000176689739079657,0.989394456316994,0.999999999942431
"Prkdc",4.87252146767984e-10,1.15505780145612,0.000176502143661211,0.989400087551357,0.999999999942431
"Pfn2",4.87056437979086e-10,1.1549555314253,0.000176360385092222,0.989404344842098,0.999999999942431
"Xpo6",4.86345098084771e-10,1.15458347044438,0.0001758456169576,0.989419818757502,0.999999999942431
"Armc9",4.86324794358411e-10,1.15457284285871,0.000175830935009427,0.989420260428479,0.999999999942431
"Tmem176b",4.85965529846161e-10,1.15438472053436,0.000175571246492609,0.989428075581026,0.999999999942431
"Gm26782",4.84863110413317e-10,1.15380660150234,0.000174775578474516,0.989452056737023,0.999999999942431
"Ptk2",4.84653948778306e-10,1.15369676892995,0.0001746248206211,0.989456606674039,0.999999999942431
"Brd8",4.84076709359902e-10,1.15339341290593,0.000174209100077281,0.989469163486232,0.999999999942431
"Dph5",4.83002521891487e-10,1.15282794566152,0.000173436802628782,0.989492530522295,0.999999999942431
"Etfdh",4.82780871401979e-10,1.15271111144217,0.000173277658401426,0.989497352135226,0.999999999942431
"Rassf1",4.82468013628141e-10,1.1525461108967,0.000173053152003849,0.989504157801371,0.999999999942431
"Nin",4.81980476856206e-10,1.15228877459802,0.000172703586251751,0.98951476330092,0.999999999942431
"Ppme1",4.81961132208395e-10,1.15227855862883,0.000172689723354112,0.989515184109532,0.999999999942431
"Tmtc3",4.81923179307354e-10,1.15225851440797,0.00017266252689578,0.989516009707802,0.999999999942431
"Uty",4.81468835547435e-10,1.15201843906363,0.000172337117512412,0.989525893153996,0.999999999942431
"Vav3",4.81369026186228e-10,1.15196566985034,0.000172265673325553,0.989528064330616,0.999999999942431
"Trim33",4.81252853388956e-10,1.15190423569998,0.000172182534738923,0.989530591465026,0.999999999942431
"Zfp846",4.80902613998976e-10,1.15171893462398,0.000171932008798102,0.98953821030617,0.999999999942431
"D630045J12Rik",4.77517824797846e-10,1.14992125687786,0.000169520270636871,0.989611840483559,0.999999999942431
"Zfp26",4.77338716552103e-10,1.14982578195895,0.000169393126549222,0.989615736673095,0.999999999942431
"Pkn2",4.76842853332965e-10,1.14956127418127,0.000169041375516427,0.989626523319511,0.999999999942431
"Tm6sf1",4.73956742253194e-10,1.14801633535963,0.000167001308227467,0.989689305710228,0.999999999942431
"Mafg",4.71463621596627e-10,1.14667427908842,0.000165248999147029,0.989743539320514,0.999999999942431
"Ube2v1",4.68712176272757e-10,1.14518501892367,0.000163325852437162,0.98980339240069,0.999999999942431
"Lmnb2",4.68033528165519e-10,1.14481636547544,0.00016285323600826,0.989818155261334,0.999999999942431
"Snrpc",4.67629123449284e-10,1.14459643510931,0.000162571930673745,0.989826952414867,0.999999999942431
"Gtf2ird1",4.66169402898562e-10,1.14380102153176,0.000161558566915019,0.989858706223472,0.999999999942431
"Pitpna",4.63757135402336e-10,1.14248115929354,0.000159890872137524,0.989911181152115,0.999999999942431
"Proser1",4.63725493667491e-10,1.14246380170804,0.000159869054459257,0.989911869466526,0.999999999942431
"Parva",4.62979882878375e-10,1.14205444651806,0.000159355370116733,0.989928089017121,0.999999999942431
"Zfp780b",4.62280735594495e-10,1.14167000977425,0.000158874447485529,0.989943297833477,0.999999999942431
"Phf12",4.6149861979569e-10,1.14123927159409,0.000158337314562222,0.989960311499774,0.999999999942431
"Rnf149",4.61220428342205e-10,1.1410858883985,0.000158146480571858,0.989966363106742,0.999999999942431
"Zfp326",4.60784776865157e-10,1.14084550492273,0.000157847863229779,0.989975840004049,0.999999999942431
"Speg",4.59643772448415e-10,1.1402148586884,0.000157067099071649,0.990000660726974,0.999999999942431
"Fnbp4",4.59518660022294e-10,1.1401456137315,0.000156981605162866,0.990003382347934,0.999999999942431
"Pitpnc1",4.59131058845753e-10,1.13993097319947,0.000156716890806624,0.990011813993064,0.999999999942431
"Ggnbp2",4.5842205689183e-10,1.1395378889851,0.000156233252036357,0.990027237202156,0.999999999942431
"Faah",4.54894984596209e-10,1.13757346127245,0.000153838401662,0.990103963101692,0.999999999942431
"Arf1",4.54260043788915e-10,1.13721823203515,0.000153409247185685,0.990117775248103,0.999999999942431
"Ccdc93",4.5336281774659e-10,1.13671542695544,0.000152803836950339,0.990137293005543,0.999999999942431
"Rcor2",4.5115812314711e-10,1.13547573754216,0.000151321286346699,0.990185252733488,0.999999999942431
"Gabarapl2",4.51114083325006e-10,1.1354509133534,0.000151291745319161,0.990186210752202,0.999999999942431
"Ppp2r3d",4.50099898199529e-10,1.134878579492,0.000150612248200682,0.990208272796402,0.999999999942431
"Ephx1",4.48608930898675e-10,1.13403487083619,0.000149616087076684,0.990240706520234,0.999999999942431
"Stradb",4.45357172752468e-10,1.13218513436068,0.000147454952803431,0.99031144362421,0.999999999942431
"Rbm4b",4.44716900209808e-10,1.13181935175779,0.000147031277166984,0.990325371798639,0.999999999942431
"Kif5b",4.41365505992603e-10,1.12989621433253,0.000144823566829235,0.990398276430443,0.999999999942431
"Txndc11",4.40989995487211e-10,1.12967983799983,0.00014457724202222,0.990406445111934,0.999999999942431
"D1Ertd622e",4.40431316597009e-10,1.12935758010859,0.000144211151680934,0.990418598355433,0.999999999942431
"Cdk8",4.40051284120501e-10,1.12913813886083,0.000143962389731259,0.990426865408324,0.999999999942431
"Hipk1",4.3595423903695e-10,1.1267604540856,0.000141294179475124,0.990515990720585,0.999999999942431
"Kmt5b",4.3520538820697e-10,1.1263234845133,0.000140809186422216,0.990532280904179,0.999999999942431
"Pcsk1n",4.34868142322143e-10,1.1261264525668,0.000140591041515438,0.990539617209523,0.999999999942431
"Pde2a",4.34004648663702e-10,1.1256212790044,0.00014003326809925,0.990558401291568,0.999999999942431
"Fam189b",4.28148788679463e-10,1.12216902352243,0.000136279929803718,0.990685787372628,0.999999999942431
"Cmas",4.25526364831464e-10,1.12060788405304,0.000134615605370625,0.990742834629506,0.999999999942431
"Dock9",4.2511725895492e-10,1.12036348665933,0.000134356887855842,0.990751734174581,0.999999999942431
"Unc79",4.2390527024443e-10,1.11963808839941,0.000133591889941794,0.990778099356649,0.999999999942431
"Clu",4.21051531339681e-10,1.11792196310648,0.000131799257696602,0.990840178642774,0.999999999942431
"Erc1",4.16829287165227e-10,1.11536172027429,0.000129169183167727,0.990932028038572,0.999999999942431
"Hnrnpa2b1",4.16404624064362e-10,1.11510280346801,0.000128906123707161,0.990941266035189,0.999999999942431
"Pdha1",4.1564874510901e-10,1.11464129978298,0.000128438554502582,0.990957709207422,0.999999999942431
"Slc4a2",4.14954545210934e-10,1.11421672483336,0.000128009886907336,0.99097281063466,0.999999999942431
"mt-Nd1",4.14900896390255e-10,1.11418388389019,0.000127976788653092,0.990973977695989,0.999999999942431
"Ranbp10",4.14371010771821e-10,1.1138592911195,0.000127650109404725,0.990985504679466,0.999999999942431
"Lamp1",4.12026823275053e-10,1.11241838133242,0.000126209905522251,0.99103649950089,0.999999999942431
"Dpysl3",4.10315911118571e-10,1.11136161734857,0.000125163926357706,0.991073718244795,0.999999999942431
"Glcci1",4.07463412662385e-10,1.10959004176545,0.000123429707094769,0.991135770807196,0.999999999942431
"Tmem208",4.06067751213365e-10,1.10871879079218,0.000122585601578246,0.991166131708798,0.999999999942431
"Map7",4.05589678531063e-10,1.10841967169208,0.000122297125929572,0.991176531596094,0.999999999942431
"Actr1b",4.04397830733222e-10,1.10767244360945,0.000121579428184073,0.991202458795765,0.999999999942431
"Camk2g",4.042794566682e-10,1.10759811057398,0.000121508261903371,0.991205033880126,0.999999999942431
"Rbfox3",4.00494426242041e-10,1.10520991583899,0.000119243692106362,0.991287372679201,0.999999999942431
"Wiz",3.9942310809814e-10,1.10452991764393,0.000118606594257346,0.991310677937913,0.999999999942431
"Mdm4",3.98756606755225e-10,1.10410596097924,0.000118211096361747,0.991325176889813,0.999999999942431
"Myl12b",3.94344149343554e-10,1.10128147954641,0.000115609431493447,0.991421164777104,0.999999999942431
"Ckb",3.93480802566555e-10,1.10072519465677,0.000115103772814667,0.991439945898297,0.999999999942431
"Bach2",3.92296204516231e-10,1.0999599545386,0.000114411762142762,0.991465715481044,0.999999999942431
"Nsg2",3.91141001469393e-10,1.09921150590068,0.000113738932711694,0.991490845617511,0.999999999942431
"Fam13a",3.8622161580937e-10,1.09599967197306,0.000110895931893598,0.991597861385989,0.999999999942431
"Usp9x",3.85221962094283e-10,1.09534207573315,0.000110322613052649,0.99161960776026,0.999999999942431
"Elavl2",3.82687485501354e-10,1.09366726575879,0.0001088757055876,0.991674742557035,0.999999999942431
"Iws1",3.82271484261202e-10,1.09339132311752,0.000108639127112229,0.991683792217837,0.999999999942431
"Prkab2",3.80318979147149e-10,1.09209221541774,0.000107532182191441,0.991726266886735,0.999999999942431
"Nrxn3",3.771341149845e-10,1.08995897426336,0.000105738732825315,0.991795550264258,0.999999999942431
"Ube2v2",3.75682869789829e-10,1.08898102387366,0.000104926514721256,0.991827120601018,0.999999999942431
"Celsr3",3.75430960329968e-10,1.08881089036417,0.000104785847568423,0.991832600631824,0.999999999942431
"Acly",3.74634287895329e-10,1.0882720953971,0.000104341603848799,0.991849931422519,0.999999999942431
"Cacnb4",3.74044786648929e-10,1.08787268396917,0.000104013491266809,0.991862755419238,0.999999999942431
"Clock",3.7331267514312e-10,1.08737578327202,0.000103606722059508,0.991878681759227,0.999999999942431
"Cxx1a",3.72232170123523e-10,1.08664066173218,0.00010300783762923,0.991902187051101,0.999999999942431
"Sh3bgrl2",3.71831599043358e-10,1.08636759851317,0.000102786256785718,0.991910901070856,0.999999999942431
"Tnfrsf21",3.70042196258765e-10,1.08514423733806,0.000101799339849616,0.991949827735063,0.999999999942431
"Ube2f",3.69608700464274e-10,1.08484699157244,0.000101560968454338,0.991959258004502,0.999999999942431
"Pcmt1",3.66712333045324e-10,1.08285210270896,9.99754791306061e-05,0.99202226562296,0.999999999942431
"Psmd2",3.65958837394104e-10,1.08233058192699,9.95650555404285e-05,0.992038657186357,0.999999999942431
"Ctnnb1",3.65335232791093e-10,1.0818981619639,9.92260210935874e-05,0.992052223099157,0.999999999942431
"Dad1",3.6515564802871e-10,1.08177349930719,9.91284936714553e-05,0.992056129791765,0.999999999942431
"Arl8b",3.63941971279691e-10,1.08092941114591,9.84706371654634e-05,0.992082532159183,0.999999999942431
"Rab5a",3.63791018996098e-10,1.08082423281062,9.83889687343873e-05,0.992085815981168,0.999999999942431
"Unc80",3.63781139755799e-10,1.08081734779715,9.83836250342076e-05,0.992086030894559,0.999999999942431
"Ahsa1",3.60315358123801e-10,1.07839053559943,9.65179323670355e-05,0.992161425683067,0.999999999942431
"Sap30l",3.59804310839107e-10,1.07803074390116,9.62443373267909e-05,0.992172543037424,0.999999999942431
"Fabp5",3.57863436888805e-10,1.07665970797422,9.52088060461003e-05,0.992214764943654,0.999999999942431
"Syp",3.57508856536078e-10,1.07640844008835,9.50202288190253e-05,0.992222478511545,0.999999999942431
"Gnaq",3.57503314858423e-10,1.07640451111431,9.5017283060407e-05,0.992222599065627,0.999999999942431
"Aip",3.57376653688881e-10,1.07631469369361,9.49499669392038e-05,0.992225354462497,0.999999999942431
"Slc38a2",3.55150935866287e-10,1.07473125975229,9.37709657299427e-05,0.992273772915114,0.999999999942431
"Itfg1",3.55125864233396e-10,1.07471336746415,9.37577268052607e-05,0.992274318325686,0.999999999942431
"Trim36",3.54869019833109e-10,1.07452999953628,9.36221554982617e-05,0.992279905742233,0.999999999942431
"Arl8a",3.51964959500841e-10,1.07244756226419,9.20961169101137e-05,0.992343080962267,0.999999999942431
"Rraga",3.51632020086702e-10,1.0722077371499,9.19219636377504e-05,0.992350323762783,0.999999999942431
"Ghr",3.50786212268528e-10,1.07159747096829,9.14802814015562e-05,0.992368723561623,0.999999999942431
"Rpia",3.50173587636304e-10,1.07115454414642,9.11610320465184e-05,0.992382050669625,0.999999999942431
"Tagln2",3.49512931582643e-10,1.07067603361315,9.08173780592439e-05,0.992396422661176,0.999999999942431
"Vdac2",3.49474994287791e-10,1.07064852871316,9.07976638893117e-05,0.992397247953743,0.999999999942431
"Nlrx1",3.49010374103441e-10,1.07031143563977,9.05563969316865e-05,0.992407355358904,0.999999999942431
"Arhgdia",3.47655471070541e-10,1.06932588858807,8.98546586063585e-05,0.992436830094608,0.999999999942431
"Eif4a1",3.47362992378281e-10,1.06911264467771,8.97035347469553e-05,0.992443192715239,0.999999999942431
"Jakmip2",3.46756978750611e-10,1.06867024091939,8.9390812057544e-05,0.992456376018363,0.999999999942431
"Mapre2",3.44849187011392e-10,1.06727251520939,8.84098950100681e-05,0.992497878393536,0.999999999942431
"Nars",3.44402159028888e-10,1.06694390189496,8.81808320892288e-05,0.992507603107335,0.999999999942431
"Cystm1",3.42878230304082e-10,1.06582048233574,8.74021842743624e-05,0.992540754889803,0.999999999942431
"Lrrk2",3.42129455584764e-10,1.06526669079243,8.7020864717834e-05,0.992557043856213,0.999999999942431
"Got1",3.41597002869977e-10,1.06487216284531,8.6750216049934e-05,0.992568626920618,0.999999999942431
"Ank1",3.4146081811167e-10,1.06477115755663,8.66810602778013e-05,0.992571589506622,0.999999999942431
"Cntnap5a",3.39134970286141e-10,1.06303996733622,8.55042322160343e-05,0.992622186404904,0.999999999942431
"Arhgef6",3.38168211060099e-10,1.06231693606883,8.50174396887666e-05,0.99264321746206,0.999999999942431
"Pde7a",3.36952166450358e-10,1.06140456672554,8.44070977883223e-05,0.992669671526337,0.999999999942431
"Mlf2",3.34834164882242e-10,1.05980770126989,8.33493067037377e-05,0.992715746951985,0.999999999942431
"Endod1",3.34011876972301e-10,1.05918505260086,8.29404298481267e-05,0.992733635172611,0.999999999942431
"Lhfpl4",3.33884633451473e-10,1.05908856689728,8.28772487290685e-05,0.992736403254709,0.999999999942431
"Ndufa4",3.33371057547511e-10,1.0586987658028,8.26224839496612e-05,0.992747575692953,0.999999999942431
"Pdcd6ip",3.32971204263619e-10,1.05839486934379,8.24244040133681e-05,0.992756274186383,0.999999999942431
"Osbpl2",3.32230232288399e-10,1.05783076345782,8.20579686131601e-05,0.992772393450694,0.999999999942431
"Sel1l3",3.32081961257644e-10,1.05771773500067,8.19847416552205e-05,0.992775618971061,0.999999999942431
"Npdc1",3.31932704500507e-10,1.05760390484742,8.1911060888751e-05,0.992778865935253,0.999999999942431
"Rab7",3.30314034423765e-10,1.05636617998749,8.11141300581272e-05,0.992814078846375,0.999999999942431
"Acat2",3.28975323467538e-10,1.05533800069255,8.04579767161708e-05,0.99284320147471,0.999999999942431
"Hars",3.28191102617106e-10,1.05473377233036,8.00748378457638e-05,0.992860261601234,0.999999999942431
"Hip1",3.27493765490383e-10,1.05419528940305,7.97349149553278e-05,0.992875431641351,0.999999999942431
"Aes",3.26673568949344e-10,1.05356048584668,7.93360285369356e-05,0.992893274398108,0.999999999942431
"Jph3",3.25055291573711e-10,1.0523033731791,7.85519449233878e-05,0.992928478811536,0.999999999942431
"Tmem30a",3.23012996488635e-10,1.0507080371703,7.75679752243379e-05,0.992972907432602,0.999999999942431
"Rbm26",3.20713716284377e-10,1.04890001269366,7.6467612439933e-05,0.993022926601186,0.999999999942431
"Hspa4l",3.1975606578223e-10,1.04814319727633,7.60116299699185e-05,0.993043759599464,0.999999999942431
"Mllt3",3.19598665452935e-10,1.04801859257923,7.59368147457053e-05,0.993047183730936,0.999999999942431
"Pnn",3.18641038849579e-10,1.04725918883829,7.54824313193025e-05,0.993068016214833,0.999999999942431
"1110059G10Rik",3.18583421095253e-10,1.04721342586535,7.54551358084209e-05,0.993069269648144,0.999999999942431
"Glud1",3.17476692108146e-10,1.0463328175941,7.49317982437722e-05,0.993093345754293,0.999999999942431
"Fryl",3.17373734330078e-10,1.04625074174735,7.48832053190768e-05,0.993095585528236,0.999999999942431
"Spin1",3.16998690337053e-10,1.0459515421498,7.47063292929916e-05,0.993103744346602,0.999999999942431
"Ndn",3.15934243036082e-10,1.04510045098143,7.42054600993476e-05,0.993126900653121,0.999999999942431
"Ddx3x",3.15824690089597e-10,1.04501269624067,7.41540062446066e-05,0.993129283901176,0.999999999942431
"Birc6",3.15818602256435e-10,1.04500781884878,7.41511474885845e-05,0.993129416337748,0.999999999942431
"Uqcrh",3.15656835553822e-10,1.0448781821807,7.40752044346454e-05,0.993132935459821,0.999999999942431
"Prr13",3.156258789419e-10,1.04485336669109,7.40606759679378e-05,0.993133608899392,0.999999999942431
"Zfyve27",3.15624863849615e-10,1.04485255293053,7.40601995919187e-05,0.993133630982019,0.999999999942431
"Sfr1",3.14527555323414e-10,1.04397137017108,7.35461360271826e-05,0.993157502169299,0.999999999942431
"Syn2",3.14027427516696e-10,1.04356874141854,7.33124317089146e-05,0.993168382105511,0.999999999942431
"Gm10053",3.12744658022649e-10,1.04253314807445,7.27147076577448e-05,0.993196287878763,0.999999999942431
"Socs2",3.12205782999832e-10,1.04209685879082,7.24643412287322e-05,0.993208010738915,0.999999999942431
"Fam133b",3.11801588192184e-10,1.04176912302123,7.22768318857969e-05,0.993216803723414,0.999999999942431
"Desi2",3.11446741830334e-10,1.04148105526802,7.21124159372781e-05,0.993224523166551,0.999999999942431
"Oaz1",3.11414022542275e-10,1.04145447713618,7.20972650774041e-05,0.993225234952614,0.999999999942431
"Cep85",3.11391002969472e-10,1.04143577650836,7.20866066819431e-05,0.993225735727912,0.999999999942431
"Arhgap31",3.09934126898197e-10,1.04024945876361,7.14136548319457e-05,0.993257429090729,0.999999999942431
"Napg",3.09829659246416e-10,1.04016418078772,7.13655209940825e-05,0.993259701714909,0.999999999942431
"Glrb",3.09731304488176e-10,1.04008386691224,7.13202185238416e-05,0.993261841357212,0.999999999942431
"6430548M08Rik",3.08996462128705e-10,1.03948301722827,7.09822033075932e-05,0.99327782736518,0.999999999942431
"Kifc3",3.08625525723295e-10,1.03917918283387,7.08118836913799e-05,0.993285896841592,0.999999999942431
"Prkar2a",3.08390008754022e-10,1.03898608370221,7.07038496147825e-05,0.993291020358002,0.999999999942431
"Mthfsd",3.08347915881139e-10,1.03895155666053,7.06845498647237e-05,0.993291936060733,0.999999999942431
"Ocrl",3.07924416336943e-10,1.03860391869233,7.04905202240114e-05,0.993301149014925,0.999999999942431
"Snx3",3.07646857391038e-10,1.03837582312521,7.03634990752242e-05,0.993307187127821,0.999999999942431
"Gigyf1",3.07603671369288e-10,1.03834031498191,7.03437458663231e-05,0.993308126611445,0.999999999942431
"Dnm1l",3.07533181362752e-10,1.03828234656484,7.03115098209019e-05,0.993309660075399,0.999999999942431
"Gdap1",3.07510228179293e-10,1.03826346787422,7.03010146102699e-05,0.993310159406887,0.999999999942431
"Abcb9",3.07428194478649e-10,1.03819598487938,7.02635115770156e-05,0.993311943996391,0.999999999942431
"Depdc5",3.07354946357997e-10,1.03813571411862,7.02300334696677e-05,0.993313537461377,0.999999999942431
"Atrn",3.06611186192805e-10,1.03752292259713,6.98905490936657e-05,0.993329717479118,0.999999999942431
"Dst",3.0640496783786e-10,1.03735275767809,6.97965677393698e-05,0.993334203625538,0.999999999942431
"Hist1h2bc",3.06389622382005e-10,1.0373400905755,6.97895767735508e-05,0.993334537455975,0.999999999942431
"Plppr4",3.0636222011136e-10,1.03731746946519,6.97770939267904e-05,0.9933351335746,0.999999999942431
"Pign",3.05678976692563e-10,1.03675279271439,6.94662097810614e-05,0.993349997093217,0.999999999942431
"Trappc4",3.05502709158954e-10,1.03660691183137,6.93861185218609e-05,0.993353831679765,0.999999999942431
"Rpl7",3.05490060442388e-10,1.03659644042812,6.93803730593693e-05,0.993354106844445,0.999999999942431
"Ints9",3.04263611267412e-10,1.03557907296614,6.88244093530761e-05,0.993380787459841,0.999999999942431
"Slc11a2",3.04185628872609e-10,1.03551424814574,6.87891346486821e-05,0.993382483917088,0.999999999942431
"Hibch",3.03734180590234e-10,1.03513864813618,6.85851033648598e-05,0.993392304887039,0.999999999942431
"Sec14l1",3.03563192590765e-10,1.03499624425963,6.85079047521993e-05,0.993396024622362,0.999999999942431
"9330151L19Rik",3.0323432182645e-10,1.03472212845473,6.83595465634042e-05,0.993403178997358,0.999999999942431
"Gm10912",3.02915926999701e-10,1.0344564649981,6.82160674275266e-05,0.993410105475477,0.999999999942431
"Rap1gds1",3.01087642460535e-10,1.03292562411319,6.73951003266132e-05,0.993449878659115,0.999999999942431
"March8",2.96895356914766e-10,1.0293804914867,6.55313739364385e-05,0.993541079263485,0.999999999942431
"Nat10",2.96866203678617e-10,1.02935566615404,6.55185050398532e-05,0.993541713474579,0.999999999942431
"D930015E06Rik",2.96205566305576e-10,1.02879245743179,6.52272235731516e-05,0.993556085243824,0.999999999942431
"Gon4l",2.95867109402627e-10,1.02850343506582,6.50782460132299e-05,0.993563448171267,0.999999999942431
"Map3k1",2.95461466376108e-10,1.02815660989501,6.48999197361494e-05,0.993572272693357,0.999999999942431
"Orc5",2.95275377848589e-10,1.02799734690832,6.48181945120889e-05,0.993576320938541,0.999999999942431
"Syne4",2.94823899046394e-10,1.02761053922374,6.46201308026363e-05,0.993586142591916,0.999999999942431
"Mfn1",2.94797577403396e-10,1.02758796995439,6.46085928500407e-05,0.993586715203667,0.999999999942431
"Cox4i1",2.94374161947008e-10,1.0272246426569,6.44231324994798e-05,0.993595926356548,0.999999999942431
"Hnrnph3",2.94297402637093e-10,1.02715872132221,6.43895396703005e-05,0.993597596210037,0.999999999942431
"Tmed5",2.9361177028788e-10,1.02656914320643,6.40898691662339e-05,0.993612511738427,0.999999999942431
"Atp9a",2.93190729742346e-10,1.02620641555149,6.39061906607466e-05,0.993621671228898,0.999999999942431
"Rnasek",2.93011562921391e-10,1.02605190701071,6.38281092660021e-05,0.993625568898407,0.999999999942431
"Ska2",2.9297898447395e-10,1.02602380224447,6.38139166172054e-05,0.993626277623513,0.999999999942431
"Taok2",2.92907308266528e-10,1.0259619577843,6.37826967668566e-05,0.993627836897581,0.999999999942431
"Ppp2ca",2.92892127776756e-10,1.02594885767097,6.37760856140599e-05,0.993628167140282,0.999999999942431
"Nol9",2.92837948452849e-10,1.02590209777295,6.37524931355558e-05,0.993629345779879,0.999999999942431
"Actr1a",2.92656086366775e-10,1.02574507785287,6.36733328950488e-05,0.993633302083611,0.999999999942431
"Ptpa",2.92531870747788e-10,1.02563777464727,6.36192930556426e-05,0.993636004322126,0.999999999942431
"Snx6",2.92299827215158e-10,1.02543720429228,6.35184042841219e-05,0.993641052294357,0.999999999942431
"Sugp2",2.92121532908522e-10,1.02528298621231,6.34409391962435e-05,0.993644930983579,0.999999999942431
"Ift81",2.92016782444843e-10,1.0251923375916,6.33954493876177e-05,0.993647209769226,0.999999999942431
"Dpysl4",2.91823194154701e-10,1.02502472636772,6.33114230616619e-05,0.993651421170453,0.999999999942431
"Lpl",2.90805815702489e-10,1.02414206107101,6.28707493921377e-05,0.993673553652855,0.999999999942431
"mt-Co2",2.90158827701455e-10,1.02357915688541,6.25913095090215e-05,0.993687628506802,0.999999999942431
"Phrf1",2.89864412395057e-10,1.02332259452961,6.24643549674026e-05,0.993694033344066,0.999999999942431
"Agbl2",2.8963760943502e-10,1.02312477634079,6.23666433649474e-05,0.99369896731353,0.999999999942431
"Vamp1",2.89601113462729e-10,1.0230929301845,6.23509272575682e-05,0.993699761262683,0.999999999942431
"Zc3h7a",2.88981150765954e-10,1.02255134924155,6.20842578860707e-05,0.993713248200054,0.999999999942431
"Cdc40",2.88846869588907e-10,1.02243389427673,6.20265737756689e-05,0.993716169411252,0.999999999942431
"Chd9",2.88838001145714e-10,1.02242613520589,6.20227650399034e-05,0.99371636233923,0.999999999942431
"Osgin2",2.88203797985839e-10,1.02187065595291,6.17506966185475e-05,0.993730159072094,0.999999999942431
"Ahcyl2",2.87076860510031e-10,1.02088062554877,6.12687243440166e-05,0.993754674967352,0.999999999942431
"Thoc1",2.86811806955282e-10,1.02064721568255,6.11556396717161e-05,0.993760441060229,0.999999999942431
"Impdh1",2.86534350199866e-10,1.02040265543262,6.10373750978639e-05,0.993766476978197,0.999999999942431
"Srsf2",2.86480879399923e-10,1.02035549753417,6.10145965880908e-05,0.993767640205862,0.999999999942431
"Rps6kb1",2.86449066390477e-10,1.02032743633336,6.1001046293448e-05,0.993768332280284,0.999999999942431
"Vapa",2.86420047924811e-10,1.02030183742705,6.09886876069444e-05,0.993768963560957,0.999999999942431
"Mdga2",2.86264005430998e-10,1.02016413924411,6.09222520722833e-05,0.993772358179182,0.999999999942431
"Snu13",2.86209659911489e-10,1.02011616519195,6.08991228132568e-05,0.993773540435955,0.999999999942431
"Gaa",2.85972777235441e-10,1.01990694968312,6.07983576794992e-05,0.993778693687948,0.999999999942431
"Fam92a",2.85823112747275e-10,1.01977467744399,6.07347364209474e-05,0.993781949556492,0.999999999942431
"Dcun1d1",2.85488368964119e-10,1.01947858629958,6.05925598832015e-05,0.993789231723581,0.999999999942431
"Agk",2.85028439925887e-10,1.01907120620149,6.03974848289061e-05,0.993799237227958,0.999999999942431
"2010111I01Rik",2.84856784834119e-10,1.01891899735491,6.03247593567455e-05,0.993802971490734,0.999999999942431
"Stag1",2.84819404953069e-10,1.01888584012781,6.03089283532433e-05,0.99380378466965,0.999999999942431
"Pofut1",2.84269069271574e-10,1.01839717641737,6.00760924638652e-05,0.993815756922858,0.999999999942431
"Qrich1",2.83978451480385e-10,1.01813874949307,5.99533196501581e-05,0.993822079155286,0.999999999942431
"Rab18",2.83904981765178e-10,1.01807337650557,5.99223019197085e-05,0.993823677449155,0.999999999942431
"Rrp1",2.83762567939579e-10,1.01794660987364,5.98621999530049e-05,0.993826775584881,0.999999999942431
"Kmt2b",2.82505180512105e-10,1.01682464356059,5.93328615500934e-05,0.993854129372119,0.999999999942431
"Slc38a9",2.8213354149629e-10,1.01649208739575,5.91768580216439e-05,0.993862214180418,0.999999999942431
"Atp5g3",2.82118677350087e-10,1.0164787774335,5.91706227453016e-05,0.993862537541993,0.999999999942431
"Tgoln1",2.81714800171372e-10,1.01611686446909,5.90013283290688e-05,0.99387132367505,0.999999999942431
"Psmd11",2.81429141606669e-10,1.01586057778934,5.8881734401692e-05,0.99387753802553,0.999999999942431
"Polg",2.81251429603573e-10,1.01570100897741,5.88073946435803e-05,0.993881404056036,0.999999999942431
"Slc25a27",2.80923734280447e-10,1.01540650828383,5.86704376038845e-05,0.99388853289461,0.999999999942431
"Crlf3",2.80718927853541e-10,1.01522227613035,5.85849218493632e-05,0.993892988350438,0.999999999942431
"Klhl9",2.80675714590373e-10,1.01518338701809,5.85668863659213e-05,0.993893928432218,0.999999999942431
"Prkca",2.80585403134018e-10,1.01510209354567,5.85292029499433e-05,0.99389589311041,0.999999999942431
"Coro2b",2.80430655138664e-10,1.01496273780169,5.84646608953826e-05,0.993899259571675,0.999999999942431
"Cxxc1",2.79265050042843e-10,1.01391062849779,5.79796562774927e-05,0.993924616701088,0.999999999942431
"Zfc3h1",2.79205011862085e-10,1.01385631908965,5.79547292850149e-05,0.993925922800485,0.999999999942431
"Serinc1",2.78943580038786e-10,1.01361969847074,5.78462490175921e-05,0.993931610114023,0.999999999942431
"Sntb2",2.78861731238943e-10,1.01354557259014,5.78123070180882e-05,0.993933390692218,0.999999999942431
"Zfp710",2.78524212374794e-10,1.0132396738381,5.76724460516009e-05,0.993940733240394,0.999999999942431
"Ebf1",2.7818905468658e-10,1.01293555317301,5.75337311177275e-05,0.993948024422917,0.999999999942431
"Ccnc",2.7802632229915e-10,1.0127877601826,5.74664397355389e-05,0.993951564582198,0.999999999942431
"Qars",2.77955724215864e-10,1.01272361671848,5.74372590063636e-05,0.993953100407178,0.999999999942431
"Capn15",2.77441824842031e-10,1.01225621735656,5.72250692035065e-05,0.993964280024339,0.999999999942431
"Ociad2",2.77436508996992e-10,1.01225137805465,5.72228763352455e-05,0.993964395667826,0.999999999942431
"Mblac2",2.77379776160461e-10,1.01219972538289,5.71994757801292e-05,0.993965629861645,0.999999999942431
"Noct",2.77074629547538e-10,1.01192172443412,5.7073694255576e-05,0.993972268170263,0.999999999942431
"Taok3",2.76720983176494e-10,1.01159916032924,5.69280943213919e-05,0.993979961566855,0.999999999942431
"BC005537",2.76648488990703e-10,1.01153298751857,5.68982706685706e-05,0.993981538640995,0.999999999942431
"Fbxl18",2.75979234483173e-10,1.0109212821666,5.66233126211711e-05,0.993996097933518,0.999999999942431
"Idh1",2.75936490465967e-10,1.01088216403008,5.6605774197142e-05,0.993997027808011,0.999999999942431
"Dclk1",2.75515682750525e-10,1.01049673324534,5.64332563585505e-05,0.99400618226763,0.999999999942431
"Lpp",2.75417315629847e-10,1.01040655206381,5.63929669208156e-05,0.994008322194843,0.999999999942431
"Fxyd7",2.75395765588775e-10,1.0103867911386,5.63841423252664e-05,0.994008791005149,0.999999999942431
"Kif1bp",2.75347879081889e-10,1.01034287478072,5.63645355976967e-05,0.994009832752031,0.999999999942431
"Sucla2",2.74879410796125e-10,1.00991284838574,5.61729050310243e-05,0.994020024044598,0.999999999942431
"Zfand5",2.74853734204434e-10,1.00988925789768,5.61624112557494e-05,0.994020582625999,0.999999999942431
"Aifm3",2.74337683418617e-10,1.00941467257824,5.59517141124354e-05,0.994031809053175,0.999999999942431
"Tada3",2.7401957650641e-10,1.00912168731422,5.58220322719232e-05,0.994038729310805,0.999999999942431
"Cisd2",2.73575167194005e-10,1.00871181203467,5.56411129782919e-05,0.994048397215072,0.999999999942431
"Ccdc12",2.73104851591992e-10,1.0082773279551,5.54499670511814e-05,0.994058628698777,0.999999999942431
"Arpc5",2.72459300490692e-10,1.00767975609187,5.51881373475008e-05,0.994072672345838,0.999999999942431
"Xrn2",2.71201794245562e-10,1.00651169239081,5.46798832743578e-05,0.994100028781679,0.999999999942431
"Nup133",2.71189029760495e-10,1.00649980844663,5.46747362278187e-05,0.99410030646687,0.999999999942431
"Dubr",2.70704172247003e-10,1.00604798934121,5.44794056230445e-05,0.994110854307787,0.999999999942431
"Pttg1ip",2.70695297511509e-10,1.00603971190019,5.4475833588041e-05,0.994111047373379,0.999999999942431
"Baz1b",2.70379414882061e-10,1.00574491466465,5.43487687334976e-05,0.99411791924791,0.999999999942431
"4933427D14Rik",2.70345055564933e-10,1.00571282838157,5.433495652868e-05,0.994118666718339,0.999999999942431
"Atp5d",2.70262131377272e-10,1.00563537346258,5.43016288164495e-05,0.994120470694206,0.999999999942431
"Mbtps1",2.70232002858972e-10,1.0056072262686,5.42895225223277e-05,0.994121126125655,0.999999999942431
"Tbc1d2b",2.70223114851670e-10,1.00559892216714,5.42859513854355e-05,0.994121319479987,0.999999999942431
"Ccdc58",2.69900247508954e-10,1.00529708317088,5.41563052594941e-05,0.994128343304264,0.999999999942431
"Dnajb6",2.69670745547243e-10,1.00508231211779,5.40642438842455e-05,0.994133336009709,0.999999999942431
"St13",2.69366010826871e-10,1.0047968585417,5.39421250130701e-05,0.994139965368201,0.999999999942431
"Zfp930",2.69128000008593e-10,1.0045736855678,5.38468410007163e-05,0.99414514318031,0.999999999942431
"Cenpc1",2.68667053326616e-10,1.00414092085457,5.36625475260549e-05,0.994155170856765,0.999999999942431
"Irf2",2.68599723906139e-10,1.00407764664055,5.36356546454111e-05,0.994156635576453,0.999999999942431
"Dtx3",2.68464294145703e-10,1.00395032634683,5.35815813760144e-05,0.994159581786876,0.999999999942431
"Zfp276",2.68279883706145e-10,1.00377685644963,5.35079953571952e-05,0.99416359354895,0.999999999942431
"Cpsf6",2.68169027109746e-10,1.00367252006754,5.34637841503439e-05,0.994166005181953,0.999999999942431
"Scn10a",2.67952870706168e-10,1.0034689549004,5.33776304145408e-05,0.994170707562782,0.999999999942431
"Wwox",2.67899585928407e-10,1.00341874911586,5.3356403305699e-05,0.994171866748076,0.999999999942431
"Tmem68",2.67882892342102e-10,1.00340301812172,5.33497539339272e-05,0.994172229909202,0.999999999942431
"Setd5",2.67792349793404e-10,1.00331767963142,5.33136963393061e-05,0.994174199619824,0.999999999942431
"Rab5c",2.67115454591424e-10,1.00267878709693,5.30445163125466e-05,0.994188925158152,0.999999999942431
"Itpr1",2.67014359957964e-10,1.00258323119563,5.30043726138472e-05,0.994191124424761,0.999999999942431
"Rps3a1",2.66965785068301e-10,1.00253730491915,5.29850894010605e-05,0.994192181148849,0.999999999942431
"Mfsd14a",2.66921376509738e-10,1.0024953105887,5.29674632042032e-05,0.994193147236355,0.999999999942431
"Cnot4",2.66246048240309e-10,1.00185584555699,5.26997800760155e-05,0.994207838689337,0.999999999942431
"Ddx3y",2.65837270186718e-10,1.00146799816586,5.25380802038009e-05,0.994216731467073,0.999999999942431
"Rbm18",2.65753516441321e-10,1.00138846028387,5.25049804971674e-05,0.994218553491206,0.999999999942431
"Scg2",2.65434525585994e-10,1.00108529978849,5.23790099590037e-05,0.994225492990532,0.999999999942431
"Sf3b3",2.65415706765912e-10,1.00106740365871,5.23715830711883e-05,0.99422590238532,0.999999999942431
"Luc7l3",2.65323152892384e-10,1.00097936950746,5.23350641492614e-05,0.994227915852354,0.999999999942431
"Ankib1",2.65240681808435e-10,1.00090090025414,5.23025343181853e-05,0.99422970997296,0.999999999942431
"Dnajc11",2.64809676406515e-10,1.00049041719426,5.21326934083874e-05,0.994239086298274,0.999999999942431
"Hsbp1",2.6459234930488e-10,1.00028318824323,5.20471587847523e-05,0.994243814150234,0.999999999942431
"Adam23",2.6446167084086e-10,1.00015850097092,5.19957607513953e-05,0.994246657000706,0.999999999942431
"Jam3",2.64345844430023e-10,1.00004793403766,5.1950225506211e-05,0.994249176751586,0.999999999942431
"Cdh10",2.63449663123212e-10,0.999190828663162,5.15985808418794e-05,0.994268672770191,0.999999999942431
"Map7d1",2.63211989420839e-10,0.998963035863629,5.15055225040902e-05,0.99427384325456,0.999999999942431
"Thumpd3",2.6309803552368e-10,0.998853747477926,5.14609349872213e-05,0.994276322270364,0.999999999942431
"Pan3",2.63024918405084e-10,0.998783599344075,5.14323361233813e-05,0.994277912900437,0.999999999942431
"Sept8",2.62838384217219e-10,0.998604552409402,5.13594115718208e-05,0.994281970868013,0.999999999942431
"Nacc2",2.62776344599839e-10,0.998544975220875,5.13351689772126e-05,0.994283320512091,0.999999999942431
"Sptlc1",2.62751275967499e-10,0.998520897659157,5.13253747844019e-05,0.994283865868959,0.999999999942431
"Sympk",2.62749046006431e-10,0.998518755748321,5.13245035947076e-05,0.994283914380763,0.999999999942431
"Tmbim1",2.62239420825325e-10,0.998028782451023,5.11255997841009e-05,0.994295001048903,0.999999999942431
"Son",2.6202588303358e-10,0.997823199816478,5.10423720011364e-05,0.994299646468492,0.999999999942431
"Copg1",2.618105003411e-10,0.997615673604766,5.09584938357304e-05,0.99430433202327,0.999999999942431
"Ndufs5",2.6131463314876e-10,0.997137253480861,5.0765646597627e-05,0.994315119394468,0.999999999942431
"Btaf1",2.61002275036454e-10,0.996835425938386,5.06443553854777e-05,0.994321914607422,0.999999999942431
"Reep3",2.60642232732744e-10,0.996487079614062,5.05047279913202e-05,0.994329747169437,0.999999999942431
"Wdr12",2.60624075423259e-10,0.996469499580543,5.04976915412014e-05,0.994330142173736,0.999999999942431
"Usp50",2.60434570282707e-10,0.996285947276465,5.04242824135076e-05,0.994334264774982,0.999999999942431
"Ints3",2.6014263850647e-10,0.996002927964638,5.03113004853663e-05,0.994340615623076,0.999999999942431
"Lbr",2.60070324850982e-10,0.995932773600094,5.02833336099297e-05,0.994342188775075,0.999999999942431
"Fmn2",2.59867101185268e-10,0.995735515182462,5.0204779697076e-05,0.9943466098173,0.999999999942431
"Eftud2",2.59833171182789e-10,0.995702566314857,5.0191670403249e-05,0.994347347949725,0.999999999942431
"Recql",2.5973964489278e-10,0.995611722504129,5.01555441776343e-05,0.994349382573451,0.999999999942431
"Phka2",2.59700809970548e-10,0.995573991950945,5.01405473060788e-05,0.994350227410289,0.999999999942431
"Zfp160",2.5965906042286e-10,0.995533423451538,5.01244273955722e-05,0.994351135653543,0.999999999942431
"Caprin1",2.59646123477432e-10,0.995520851172679,5.0119432839813e-05,0.994351417091167,0.999999999942431
"Tubgcp4",2.59295117713284e-10,0.995179503632788,4.99840153071656e-05,0.994359053069234,0.999999999942431
"Sirt3",2.59284150044741e-10,0.995168830410108,4.99797869474252e-05,0.994359291666111,0.999999999942431
"2810474O19Rik",2.58947915346542e-10,0.994841406316007,4.9850245342843e-05,0.994366606306548,0.999999999942431
"Abcc5",2.58785922288346e-10,0.994683508420701,4.97878940566771e-05,0.994370130395636,0.999999999942431
"Pomt1",2.58637527709548e-10,0.994538779686769,4.97308110809565e-05,0.994373358655768,0.999999999942431
"Cramp1l",2.58590488628148e-10,0.994492885538298,4.97127233814279e-05,0.994374381970739,0.999999999942431
"Homer2",2.58027828081718e-10,0.993943281168321,4.94966214116281e-05,0.994386622409474,0.999999999942431
"Knop1",2.57754340705643e-10,0.993675712974317,4.93917526667044e-05,0.994392572010458,0.999999999942431
"Fkbp1b",2.57239440014959e-10,0.99317119596971,4.91946157677534e-05,0.994403773455771,0.999999999942431
"Adarb1",2.57054032514485e-10,0.992989283612996,4.91237264538244e-05,0.994407806917279,0.999999999942431
"Zfp398",2.56729309468244e-10,0.992670370038886,4.89996939263287e-05,0.994414871129721,0.999999999942431
"1810026B05Rik",2.56444325402223e-10,0.99239015662918,4.88909694371045e-05,0.994421070837827,0.999999999942431
"Rab27a",2.56350512921264e-10,0.992297847401954,4.88552053842237e-05,0.994423111688839,0.999999999942431
"Gtf3c2",2.5624141877076e-10,0.992190459481943,4.88136319699719e-05,0.994425484986182,0.999999999942431
"Washc3",2.5594895600871e-10,0.991902348265411,4.87022680647774e-05,0.994431847390761,0.999999999942431
"Taf13",2.55898798595658e-10,0.991852904537148,4.86831819121122e-05,0.994432938544256,0.999999999942431
"E130308A19Rik",2.55162484741493e-10,0.991125965804904,4.84034265527906e-05,0.994448956744683,0.999999999942431
"Tchp",2.54917997272927e-10,0.990884133807308,4.83107141639038e-05,0.994454275467963,0.999999999942431
"Fam76b",2.54837454389354e-10,0.990804415649952,4.82801908618063e-05,0.99445602764498,0.999999999942431
"Rnf112",2.54713951578519e-10,0.990682129192915,4.82334057891703e-05,0.994458714397442,0.999999999942431
"Psmd7",2.54319572956817e-10,0.990291242944469,4.80841599568517e-05,0.994467293941321,0.999999999942431
"Jund",2.53378198051343e-10,0.989355783027324,4.77288475802173e-05,0.994487773165811,0.999999999942431
"Trim12c",2.53354855021516e-10,0.989332543154242,4.77200537329161e-05,0.994488280983885,0.999999999942431
"Slc38a6",2.53318080014649e-10,0.989295926378949,4.77062013996786e-05,0.994489081009135,0.999999999942431
"Tbl2",2.53064096541059e-10,0.989042892526772,4.76105863331517e-05,0.994494606315989,0.999999999942431
"Calr",2.52849450554018e-10,0.988828853780109,4.75298551078197e-05,0.994499275852077,0.999999999942431
"Tns1",2.52461557074627e-10,0.988441602858677,4.73841369407175e-05,0.994507714317328,0.999999999942431
"Mtus2",2.52087961692917e-10,0.988068071336256,4.72440015731044e-05,0.994515841733846,0.999999999942431
"Usp49",2.51948260624416e-10,0.987928253919647,4.71916531097751e-05,0.994518880874269,0.999999999942431
"Zfyve28",2.50429132430106e-10,0.986402906219608,4.66242823188061e-05,0.994551928900803,0.999999999942431
"Dennd6b",2.50323076074668e-10,0.986296075210571,4.65848000560857e-05,0.994554236114765,0.999999999942431
"Pls1",2.50246949196692e-10,0.986219364771833,4.6556470137838e-05,0.99455589222484,0.999999999942431
"A230050P20Rik",2.4980801337098e-10,0.985776614929596,4.6393292278064e-05,0.994565441100313,0.999999999942431
"Usp22",2.49727169722999e-10,0.985694985170825,4.6363269253197e-05,0.99456719982202,0.999999999942431
"St7l",2.49677751864015e-10,0.985645073947948,4.63449216556382e-05,0.994568274888083,0.999999999942431
"Zmynd11",2.4941560723774e-10,0.98538014921167,4.62476547247439e-05,0.994573977741368,0.999999999942431
"Rgs6",2.49411125659582e-10,0.985375617718748,4.62459927548335e-05,0.994574075236341,0.999999999942431
"Cacybp",2.48976106879654e-10,0.984935371238903,4.60848104446372e-05,0.994583538899495,0.999999999942431
"Ldlrad3",2.48752652985312e-10,0.984708937123224,4.600212613098e-05,0.994588400051732,0.999999999942431
"Hist1h1c",2.48612970231337e-10,0.984567289518993,4.59504772382494e-05,0.994591438795616,0.999999999942431
"Adgrg2",2.48314793122405e-10,0.984264655373697,4.58403207650591e-05,0.994597925522696,0.999999999942431
"Srp14",2.48257044337324e-10,0.984206001966554,4.58190017370959e-05,0.994599181825105,0.999999999942431
"Tmem19",2.4783080475644e-10,0.983772668897548,4.56618009096021e-05,0.994608454502193,0.999999999942431
"Pin1",2.47786215843423e-10,0.983727295485775,4.5645371742011e-05,0.994609424516778,0.999999999942431
"Phkb",2.47701119945998e-10,0.983640680061305,4.56140256327239e-05,0.994611275745189,0.999999999942431
"Fam57b",2.47588988044147e-10,0.983526501047378,4.5572736923662e-05,0.994613715131487,0.999999999942431
"Cox6b1",2.47051427277902e-10,0.982978417340734,4.53750583383607e-05,0.994625409559429,0.999999999942431
"Epha7",2.46981399541187e-10,0.982906932235092,4.53493384926241e-05,0.994626932986022,0.999999999942431
"Gars",2.46215805344684e-10,0.982124098843816,4.50686260254642e-05,0.994643588195837,0.999999999942431
"Arl16",2.45979191992669e-10,0.981881672015371,4.49820457615693e-05,0.994648735629559,0.999999999942431
"Ikbkb",2.45372064375607e-10,0.981258574117434,4.4760269774276e-05,0.994661943461594,0.999999999942431
"Cox5a",2.45354292330735e-10,0.98124031169335,4.47537861289843e-05,0.994662330085741,0.999999999942431
"Lsamp",2.4493514766128e-10,0.980809223134291,4.46010087874683e-05,0.994671448420623,0.999999999942431
"Tollip",2.44764946263631e-10,0.980633964018177,4.45390453116608e-05,0.994675151088312,0.999999999942431
"P4hb",2.44410493062407e-10,0.980268591839561,4.44101414260718e-05,0.994682862085379,0.999999999942431
"Atat1",2.4417707586088e-10,0.980027698773268,4.43253566782239e-05,0.994687939989729,0.999999999942431
"Enpp5",2.44156821920507e-10,0.980006785437165,4.43180036055059e-05,0.994688380606674,0.999999999942431
"Jmjd4",2.42956759627718e-10,0.978764590241238,4.38834168461266e-05,0.994714487518724,0.999999999942431
"Ddx19b",2.42555656444204e-10,0.978348055470882,4.37386400666946e-05,0.994723213371634,0.999999999942431
"Rbbp6",2.42434927238653e-10,0.978222548486413,4.36951101224042e-05,0.994725839791425,0.999999999942431
"Dhrs1",2.42301085895198e-10,0.978083338411835,4.36468778153438e-05,0.994728751461056,0.999999999942431
"Otud7b",2.4214817828007e-10,0.977924204447713,4.35918072065881e-05,0.994732077910561,0.999999999942431
"Sp1",2.42138986782336e-10,0.977914635518503,4.35884979403727e-05,0.994732277868251,0.999999999942431
"Nudt3",2.42007111151415e-10,0.977777305218669,4.35410318514805e-05,0.994735146774675,0.999999999942431
"March11",2.41806275420038e-10,0.977568020660647,4.34687945814815e-05,0.994739515883152,0.999999999942431
"Gprc5c",2.41740241544202e-10,0.977499171407537,4.34450563964858e-05,0.9947409524262,0.999999999942431
"Xpnpep1",2.41729170784634e-10,0.977487626827288,4.34410772595623e-05,0.994741193266566,0.999999999942431
"Prkcb",2.41546962882397e-10,0.977297545622022,4.33756128857192e-05,0.994745157133569,0.999999999942431
"Clta",2.41398223047695e-10,0.977142273819576,4.33222096468216e-05,0.994748392914966,0.999999999942431
"Hnrnpab",2.41066006676717e-10,0.976795127119915,4.32030501634371e-05,0.994755620162472,0.999999999942431
"Gtpbp2",2.40957514418945e-10,0.976681656866406,4.31641716688851e-05,0.99475798037256,0.999999999942431
"Sdccag3",2.40734344754512e-10,0.9764480889445,4.30842532415878e-05,0.994762835348573,0.999999999942431
"Exoc5",2.40401493071614e-10,0.976099331568764,4.29651945992387e-05,0.994770076417922,0.999999999942431
"Snhg6",2.40294937158631e-10,0.975987583149972,4.29271151276392e-05,0.994772394503801,0.999999999942431
"Sfxn1",2.39972640521492e-10,0.975649283258094,4.28120399895077e-05,0.994779405952448,0.999999999942431
"Exoc4",2.39945373504232e-10,0.975620641779107,4.28023114612051e-05,0.994779999136723,0.999999999942431
"Nol11",2.39928162434749e-10,0.975602561490763,4.27961713375146e-05,0.994780373557428,0.999999999942431
"Asap1",2.3989784833513e-10,0.975570713313719,4.27853577220421e-05,0.994781033029904,0.999999999942431
"Macf1",2.3964922388856e-10,0.975309357132324,4.26967202145401e-05,0.994786441766609,0.999999999942431
"Lypla2",2.39463179739829e-10,0.975113610970158,4.26304534309185e-05,0.994790489091275,0.999999999942431
"Ttc3",2.39274017643975e-10,0.974914430464068,4.25631288355169e-05,0.994794604245915,0.999999999942431
"BC031181",2.39028252818078e-10,0.974655417408794,4.24757382537133e-05,0.994799950773179,0.999999999942431
"Ubr1",2.38867324076593e-10,0.974485671319991,4.24185628700086e-05,0.99480345172142,0.999999999942431
"Chchd4",2.38770338422182e-10,0.974383317321594,4.23841240290573e-05,0.994805561610312,0.999999999942431
"Gmeb1",2.38709890758527e-10,0.974319503024095,4.23626666153194e-05,0.99480687662805,0.999999999942431
"Abca3",2.38565963799935e-10,0.974167495895325,4.23115980010049e-05,0.994810007708649,0.999999999942431
"Cltb",2.38430335436192e-10,0.974024170477354,4.2263502107883e-05,0.994812958256295,0.999999999942431
"Ssbp2",2.38322515444623e-10,0.973910174221407,4.22252870031518e-05,0.994815303842575,0.999999999942431
"Strip1",2.37962984389403e-10,0.973529680279211,4.20979817774426e-05,0.994823125315505,0.999999999942431
"Bmpr2",2.37884174197706e-10,0.973446199225905,4.20701018059001e-05,0.994824839803853,0.999999999942431
"Dnaja2",2.37583045622542e-10,0.973126972240599,4.19636593192329e-05,0.994831390751637,0.999999999942431
"Acer3",2.37564096498805e-10,0.973106870898112,4.19569657198635e-05,0.994831802983268,0.999999999942431
"Lamtor1",2.3752480700382e-10,0.973065187331935,4.19430887771543e-05,0.994832657712643,0.999999999942431
"Cnot10",2.36947543808654e-10,0.972451964138996,4.17394655855238e-05,0.994845215874482,0.999999999942431
"Tcf4",2.36155902754878e-10,0.971608609163452,4.14610286264377e-05,0.99486243775482,0.999999999942431
"Tcf12",2.35668446008255e-10,0.971087921571043,4.12900432784309e-05,0.994873042210795,0.999999999942431
"Jak1",2.35586000314187e-10,0.970999750420625,4.12611587087945e-05,0.994874835788959,0.999999999942431
"Lactb2",2.3545977993985e-10,0.970864705688963,4.12169574087093e-05,0.994877581670524,0.999999999942431
"Slc44a2",2.35429139502309e-10,0.970831912341173,4.12062309615994e-05,0.994878248242891,0.999999999942431
"Ndor1",2.3537736810158e-10,0.970776493727494,4.11881102672713e-05,0.994879374512232,0.999999999942431
"Tyw1",2.34916359727247e-10,0.970282477370109,4.10269268113727e-05,0.994889403594194,0.999999999942431
"Sdf4",2.34578447222446e-10,0.969919763000492,4.0908982358959e-05,0.994896754767474,0.999999999942431
"Slc25a36",2.344527178301e-10,0.969784673893718,4.08651413057189e-05,0.994899489968373,0.999999999942431
"Srsf1",2.34141248144409e-10,0.969449709470013,4.07566350097422e-05,0.994906265887519,0.999999999942431
"Emc7",2.34105480916977e-10,0.96941121613484,4.07441840597039e-05,0.994907043991648,0.999999999942431
"Rab37",2.33340729891525e-10,0.968586786857368,4.04784212702086e-05,0.994923680896843,0.999999999942431
"Plod2",2.33104329173417e-10,0.968331399211872,4.03964443212828e-05,0.994928823716593,0.999999999942431
"Slc44a1",2.3304020825767e-10,0.968262084288013,4.03742233633457e-05,0.994930218646029,0.999999999942431
"Ttc4",2.3297845463793e-10,0.968195310640617,4.03528285653391e-05,0.994931562075734,0.999999999942431
"Kcna1",2.3281638698125e-10,0.968019985272819,4.02967065201236e-05,0.994935087804416,0.999999999942431
"Dmxl2",2.32688166899231e-10,0.967881191047738,4.02523331467464e-05,0.994937877190291,0.999999999942431
"Gas8",2.32636972387933e-10,0.96782575352563,4.02346229910397e-05,0.994938990910128,0.999999999942431
"Crebzf",2.32105931899176e-10,0.967249989726776,4.00511454697534e-05,0.994950543522732,0.999999999942431
"Mbtps2",2.31834576295025e-10,0.966955279412426,3.99575524303647e-05,0.994956446775791,0.999999999942431
"Zbtb20",2.31631852393117e-10,0.966734885666827,3.98877025446403e-05,0.994960856968633,0.999999999942431
"Mfn2",2.30966847695549e-10,0.966010580212254,3.96589996912341e-05,0.994975323931573,0.999999999942431
"Ddx27",2.30928818173321e-10,0.965969097333763,3.96459407725275e-05,0.994976151251626,0.999999999942431
"Rab10",2.30791507837407e-10,0.965819262138235,3.9598807815745e-05,0.99497913839397,0.999999999942431
"Trnt1",2.30634071385436e-10,0.965647356805929,3.95448008943171e-05,0.994982563373603,0.999999999942431
"Utp6",2.30619357163588e-10,0.965631284391384,3.95397552182086e-05,0.994982883476796,0.999999999942431
"Aplp1",2.30556558761126e-10,0.965562678029558,3.95182245416605e-05,0.994984249635976,0.999999999942431
"Map2k3",2.30445639902247e-10,0.965441455729089,3.94802099043329e-05,0.994986662640344,0.999999999942431
"Lrrc8b",2.30240765204573e-10,0.965217398529399,3.94100423751438e-05,0.994991119624116,0.999999999942431
"Cnot6l",2.30229628674837e-10,0.965205213649279,3.94062300138182e-05,0.994991361895776,0.999999999942431
"Mid1ip1",2.29933189836676e-10,0.964880655392471,3.93048180742878e-05,0.994997810828539,0.999999999942431
"Fads6",2.29743352862126e-10,0.964672594203434,3.92399433376193e-05,0.995001940671791,0.999999999942431
"Ralgps1",2.29101739993187e-10,0.963968130172435,3.90210756651593e-05,0.995015898757522,0.999999999942431
"Spcs2",2.28388766473211e-10,0.963183029704921,3.87785833675082e-05,0.995031409273513,0.999999999942431
"Dcaf10",2.28301750674584e-10,0.963087045660076,3.87490398252204e-05,0.995033302275132,0.999999999942431
"Adgrl3",2.2818394295607e-10,0.962957038647374,3.87090597710222e-05,0.995035865145431,0.999999999942431
"Uimc1",2.27480944403083e-10,0.962179864319048,3.84709142285323e-05,0.995051158661503,0.999999999942431
"Fkbp8",2.27378731749302e-10,0.962066669718554,3.84363501833742e-05,0.995053382266321,0.999999999942431
"Emc4",2.2723287258832e-10,0.96190505222556,3.83870536147805e-05,0.995056555387535,0.999999999942431
"Atp2a2",2.26868665159156e-10,0.961501049547653,3.82640991694887e-05,0.995064478608549,0.999999999942431
"Rmnd1",2.26726716262894e-10,0.961343417343898,3.82162314093972e-05,0.99506756666342,0.999999999942431
"Rbsn",2.26336975200206e-10,0.960910114629534,3.8084957661061e-05,0.995076045361548,0.999999999942431
"Myo1e",2.26235012516141e-10,0.960796634091263,3.80506515577869e-05,0.995078263528781,0.999999999942431
"Rsbn1l",2.26097510061305e-10,0.960643519274422,3.80044123134406e-05,0.995081254852995,0.999999999942431
"mt-Atp6",2.25758401031309e-10,0.960265514209502,3.78904970852424e-05,0.995088632067421,0.999999999942431
"Slc20a1",2.25663842148926e-10,0.960160009537704,3.7858762871181e-05,0.995090689167395,0.999999999942431
"Aqp11",2.25643281048955e-10,0.960137062590678,3.78518642706923e-05,0.995091136467929,0.999999999942431
"Ppargc1b",2.25133575947935e-10,0.959567552857097,3.76810504318801e-05,0.995102224949308,0.999999999942431
"Taf15",2.24181546273792e-10,0.958500406664271,3.73630380843979e-05,0.995122936071451,0.999999999942431
"1110008P14Rik",2.24086455797265e-10,0.95839357280342,3.73313484502637e-05,0.995125004736641,0.999999999942431
"Eif3h",2.24082439281048e-10,0.958389059275837,3.73300102112154e-05,0.995125092114764,0.999999999942431
"Unc5c",2.24042937461897e-10,0.958344665175887,3.73168501140332e-05,0.995125951465165,0.999999999942431
"Slc6a8",2.23948625886177e-10,0.958238641941138,3.72854394369416e-05,0.995128003185645,0.999999999942431
"Rnf187",2.23909187993872e-10,0.958194293577171,3.72723084818974e-05,0.995128861145355,0.999999999942431
"Sept5",2.23617439989752e-10,0.957865980159815,3.71752420117513e-05,0.995135208037279,0.999999999942431
"Prkacb",2.23388752163782e-10,0.957608334980682,3.70992445570807e-05,0.99514018307381,0.999999999942431
"Hmbs",2.23094260855095e-10,0.957276170681589,3.70014938552631e-05,0.995146589646071,0.999999999942431
"Strada",2.23028264851636e-10,0.957201672800421,3.69796054434612e-05,0.995148025369861,0.999999999942431
"Cox7c",2.22959321689253e-10,0.957123824878284,3.69567464852794e-05,0.99514952520825,0.999999999942431
"Mob1b",2.22849944680553e-10,0.95700027192878,3.69204956852946e-05,0.995151904673206,0.999999999942431
"Pfn1",2.22768701613545e-10,0.956908460548778,3.68935808251801e-05,0.995153672092487,0.999999999942431
"Dmtf1",2.22088971480954e-10,0.956139013176142,3.66687788770617e-05,0.995168459424644,0.999999999942431
"Fbxo32",2.22053145525694e-10,0.956098394180797,3.66569494911681e-05,0.99516923880797,0.999999999942431
"Ldha",2.21995320807691e-10,0.95603281964518,3.66378603513123e-05,0.995170496768046,0.999999999942431
"Mum1",2.21738440579576e-10,0.95574130793194,3.6553118955478e-05,0.995176085123525,0.999999999942431
"Ptk2b",2.21419622099885e-10,0.955379044280182,3.64480814005866e-05,0.99518302092818,0.999999999942431
"Rasa2",2.21207747626145e-10,0.955138013244094,3.63783610818933e-05,0.995187630196837,0.999999999942431
"Taf6l",2.20298071953153e-10,0.954100561578999,3.60797778083782e-05,0.995207419933088,0.999999999942431
"Actl6a",2.20065478279917e-10,0.953834618968255,3.60036309967401e-05,0.995212479942952,0.999999999942431
"Hmg20a",2.19977215664206e-10,0.953733628844584,3.59747565234718e-05,0.995214400071352,0.999999999942431
"Cars2",2.19733123370997e-10,0.953454130168869,3.58949638150164e-05,0.995219710230739,0.999999999942431
"Eef2",2.19611270896979e-10,0.953314488019092,3.58551639221879e-05,0.995222361097219,0.999999999942431
"Eef2kmt",2.19333350927701e-10,0.952995707487437,3.57644713024256e-05,0.99522840716859,0.999999999942431
"Vapb",2.18839140403854e-10,0.952427851697834,3.56034810579422e-05,0.995239158581291,0.999999999942431
"Kpnb1",2.1862783739471e-10,0.952184675183519,3.55347594330569e-05,0.995243755419839,0.999999999942431
"Ppm1k",2.18564060640153e-10,0.952111232645801,3.5514030498413e-05,0.995245142865534,0.999999999942431
"5530601H04Rik",2.17898084506344e-10,0.951343058639425,3.52979340095038e-05,0.995259630993394,0.999999999942431
"Zzef1",2.17676633121495e-10,0.951087111322998,3.52262233814506e-05,0.995264448607789,0.999999999942431
"Tusc5",2.17602594879073e-10,0.951001482723918,3.52022645018486e-05,0.99526605928957,0.999999999942431
"Syngr1",2.17295763274064e-10,0.950646311523359,3.51030602418661e-05,0.995272734327702,0.999999999942431
"Med12",2.17091084139134e-10,0.950409111283589,3.50369615748025e-05,0.995277187066808,0.999999999942431
"Nans",2.16964756458985e-10,0.95026260155107,3.49961966554725e-05,0.995279935291325,0.999999999942431
"Rai1",2.16915574176942e-10,0.950205539181675,3.49803323486639e-05,0.995281005238585,0.999999999942431
"Gm12258",2.16572198320969e-10,0.949806791134951,3.48696727556393e-05,0.995288475287809,0.999999999942431
"Hnrnpk",2.16187995396862e-10,0.949359892710415,3.47460636584936e-05,0.995296833519389,0.999999999942431
"Akap10",2.1585223997479e-10,0.948968705952341,3.46382212221724e-05,0.995304137788977,0.999999999942431
"Hsf2",2.15623154567952e-10,0.948701455353649,3.45647366921167e-05,0.995309121481082,0.999999999942431
"Kras",2.15573183449676e-10,0.948643121948918,3.45487176481203e-05,0.995310208589495,0.999999999942431
"Hspd1",2.14935551464708e-10,0.947897614403382,3.43446404309366e-05,0.995324080104836,0.999999999942431
"Stx4a",2.14705257948731e-10,0.947627823347022,3.42710824672084e-05,0.995329090079769,0.999999999942431
"Kif5c",2.14536694381123e-10,0.947430168601596,3.42172916257782e-05,0.995332757136011,0.999999999942431
"Rbms3",2.14450931825504e-10,0.947329546121399,3.41899398869194e-05,0.995334622877973,0.999999999942431
"Ick",2.14305817696535e-10,0.947159197927604,3.41436844134146e-05,0.995337779797944,0.999999999942431
"Fam126b",2.14278827604031e-10,0.947127501953043,3.41350847106133e-05,0.995338366960365,0.999999999942431
"Impa1",2.13873600969626e-10,0.946651147860624,3.40060998150842e-05,0.995347182560374,0.999999999942431
"Arf3",2.1344868481683e-10,0.946150691482023,3.3871109924474e-05,0.995356426501343,0.999999999942431
"Cyfip1",2.13407239130035e-10,0.946101825146328,3.38579575817988e-05,0.99535732814157,0.999999999942431
"Sh3glb2",2.13299039022065e-10,0.945974208219658,3.38236334794151e-05,0.995359682007041,0.999999999942431
"Rpl38",2.13189261310281e-10,0.945844665335284,3.37888267066629e-05,0.995362070192917,0.999999999942431
"Cdk12",2.13054817805435e-10,0.945685926022646,3.37462236610703e-05,0.995364994976831,0.999999999942431
"Bach1",2.12615809113115e-10,0.945166893695199,3.36072958272332e-05,0.995374545498603,0.999999999942431
"Tmem176a",2.1235194135308e-10,0.944854418768869,3.35239306330234e-05,0.995380285874525,0.999999999942431
"Iqcb1",2.11279333843779e-10,0.943580272404276,3.31861215598472e-05,0.995403620180194,0.999999999942431
"Dtna",2.10612833773292e-10,0.942785322710212,3.29770744708181e-05,0.995418119723003,0.999999999942431
"Lman2l",2.10007663306031e-10,0.942061370713511,3.27878354813872e-05,0.9954312850569,0.999999999942431
"Tango2",2.09548274394215e-10,0.941510439261341,3.26445464845674e-05,0.995441278949932,0.999999999942431
"Rcan2",2.09261086006174e-10,0.941165417503767,3.25551283269248e-05,0.995447526663194,0.999999999942431
"Ipo8",2.09031519225941e-10,0.940889285143713,3.24837392622436e-05,0.995452520832648,0.999999999942431
"Il6st",2.08765993068502e-10,0.940569526188551,3.24012655349791e-05,0.995458297289827,0.999999999942431
"Kif1a",2.08670866329244e-10,0.940454872570162,3.2371744208579e-05,0.995460366749034,0.999999999942431
"Rnf157",2.0830176650687e-10,0.940009518357,3.22573263408823e-05,0.995468396426697,0.999999999942431
"Ackr1",2.07946851834922e-10,0.939580545469664,3.21474967868761e-05,0.995476117510264,0.999999999942431
"Zfp1",2.07617478767551e-10,0.939181797495986,3.20457387289926e-05,0.995483282942728,0.999999999942431
"Lats1",2.07570457704724e-10,0.939124821650183,3.2031224979276e-05,0.995484305874756,0.999999999942431
"Lrpap1",2.06788872367132e-10,0.938175899266595,3.17904585191252e-05,0.995501309078803,0.999999999942431
"Serpinb6a",2.06544075879924e-10,0.937877964615536,3.17152360353734e-05,0.995506634568868,0.999999999942431
"Hivep3",2.06494330776334e-10,0.937817378741518,3.1699960964352e-05,0.995507716761934,0.999999999942431
"Actr10",2.06473985667895e-10,0.937792595750714,3.16937147166299e-05,0.995508159365,0.999999999942431
"Carmil3",2.06425130955251e-10,0.937733074516076,3.16787181141789e-05,0.995509222187831,0.999999999942431
"Dennd1a",2.05937511097217e-10,0.937138229571255,3.15292312061369e-05,0.995519830244068,0.999999999942431
"Ublcp1",2.05760091418766e-10,0.936921451594027,3.14749283606157e-05,0.995523689967973,0.999999999942431
"Rimbp2",2.05729742138164e-10,0.936884351252881,3.14656440433519e-05,0.995524350209536,0.999999999942431
"Ufc1",2.05583068672956e-10,0.93670497484351,3.14207936505814e-05,0.995527541056805,0.999999999942431
"Acbd5",2.05530788056577e-10,0.936641007011192,3.14048148095484e-05,0.995528678409524,0.999999999942431
"Gtf2i",2.04344739130785e-10,0.935185492664666,3.10434073979302e-05,0.995554480632071,0.999999999942431
"Nme1",2.04197391058943e-10,0.935004086315892,3.09986542315393e-05,0.995557686155928,0.999999999942431
"Arhgdig",2.04008069172826e-10,0.934770814708778,3.09411999902461e-05,0.995561804810693,0.999999999942431
"Zfp236",2.03876069318266e-10,0.93460804570859,3.09011730187729e-05,0.99556467643771,0.999999999942431
"Slc25a46",2.03577621165691e-10,0.934239645952218,3.08107686095379e-05,0.995571169110062,0.999999999942431
"Lix1",2.03420350188087e-10,0.934045298804517,3.07631821611119e-05,0.995574590504882,0.999999999942431
"Cep70",2.03398347277621e-10,0.934018096960014,3.07565275374733e-05,0.995575069173267,0.999999999942431
"Eef2k",2.02992401605934e-10,0.933515711612251,3.06338813111156e-05,0.99558390043065,0.999999999942431
"Mbd1",2.02507179889782e-10,0.932913915493896,3.0487605302377e-05,0.995594456321376,0.999999999942431
"Abhd12",2.02464309312442e-10,0.932860676932277,3.04746982746444e-05,0.995595388961307,0.999999999942431
"Rsad1",2.02222754267063e-10,0.932560495383236,3.04020244700711e-05,0.99560064393802,0.999999999942431
"Zcchc9",2.01275277348299e-10,0.93137963855791,3.0117805853385e-05,0.99562125609117,0.999999999942431
"Bms1",2.00705549773158e-10,0.93066693569837,2.9947544907641e-05,0.995633650391372,0.999999999942431
"Dennd6a",2.00382577656325e-10,0.93026202607353,2.98512402484793e-05,0.995640676580404,0.999999999942431
"Pea15a",2.00288345429806e-10,0.930143766016271,2.98231710674658e-05,0.995642726582316,0.999999999942431
"Sdhd",2.00257217425621e-10,0.930104688774813,2.98139017946809e-05,0.995643403765389,0.999999999942431
"Srsf6",2.00150079054733e-10,0.929970144410614,2.97820092272005e-05,0.995645734537754,0.999999999942431
"Fam8a1",2.00055163119026e-10,0.92985088964545,2.97537692482663e-05,0.995647799413685,0.999999999942431
"Slc25a39",1.99439030260041e-10,0.929075405743725,2.95707792706918e-05,0.995661203253285,0.999999999942431
"Upf3a",1.99337540476976e-10,0.928947441007311,2.95406911944817e-05,0.995663411142097,0.999999999942431
"Ttc19",1.99122169109744e-10,0.928675674231591,2.94768920520574e-05,0.995668096500847,0.999999999942431
"Trim26",1.98730061088396e-10,0.928180146971408,2.93609155554543e-05,0.995676626728682,0.999999999942431
"Exoc6b",1.9860104563093e-10,0.928016892644373,2.93228057461631e-05,0.995679433433031,0.999999999942431
"Nedd8",1.98555724694489e-10,0.927959519356086,2.93094242921132e-05,0.995680419380557,0.999999999942431
"Fgfr1op",1.98508489704476e-10,0.927899709260176,2.92954809450473e-05,0.995681446967926,0.999999999942431
"Atxn1",1.98086498644744e-10,0.927364750370269,2.91710601609643e-05,0.995690627295851,0.999999999942431
"Nfe2l1",1.98034903056821e-10,0.927299265464193,2.9155865768684e-05,0.995691749747197,0.999999999942431
"Psme3",1.97763411646084e-10,0.926954412310231,2.90759794337598e-05,0.995697655986839,0.999999999942431
"Pip4k2b",1.9773932768555e-10,0.926923797903566,2.90688980217266e-05,0.995698179928444,0.999999999942431
"Selenof",1.97541406913401e-10,0.926672070913941,2.90107360010472e-05,0.995702485654183,0.999999999942431
"Atp8a1",1.96041840473079e-10,0.924756717189362,2.85719580668568e-05,0.995735108418086,0.999999999942431
"Rbm7",1.95451026159495e-10,0.923998117095279,2.8400002071068e-05,0.995747961465663,0.999999999942431
"Syngr3",1.95129335159976e-10,0.923584117596648,2.8306592414611e-05,0.995754959789674,0.999999999942431
"Acbd6",1.95026474686574e-10,0.92345159954476,2.82767572073561e-05,0.995757197498978,0.999999999942431
"Rnf11",1.94655162060385e-10,0.922972652942561,2.81691869717344e-05,0.99576527533218,0.999999999942431
"Gas5",1.94648132317243e-10,0.922963576771819,2.81671524140974e-05,0.995765428262864,0.999999999942431
"Cand1",1.94530202945344e-10,0.922811268788451,2.81330320934857e-05,0.995767993793264,0.999999999942431
"Stat3",1.94376378680907e-10,0.922612465002657,2.80885574370482e-05,0.995771340210091,0.999999999942431
"Cox17",1.94340544995427e-10,0.922566130966318,2.80782020249051e-05,0.99577211976493,0.999999999942431
"Hspa4",1.94099886311604e-10,0.922254733597522,2.80087046457951e-05,0.995777355247765,0.999999999942431
"Tmem65",1.93874828612385e-10,0.921963178275738,2.79437904383098e-05,0.99578225133438,0.999999999942431
"Ypel4",1.93493885294762e-10,0.921468916625852,2.78340852004638e-05,0.995790538682765,0.999999999942431
"Rabac1",1.93218874885036e-10,0.921111502801202,2.77550209610358e-05,0.995796521481457,0.999999999942431
"Ptprn",1.93074936507001e-10,0.920924235082001,2.77136841645171e-05,0.995799652833345,0.999999999942431
"Uhmk1",1.92338462093918e-10,0.919963902790454,2.75026625539364e-05,0.995815674694373,0.999999999942431
"Arhgef25",1.9221790707682e-10,0.919806358776682,2.74681968018672e-05,0.995818297346042,0.999999999942431
"Snx14",1.91772021798345e-10,0.91922281810483,2.734090939774e-05,0.995827997496606,0.999999999942431
"Gmfb",1.91106735146583e-10,0.91834964978712,2.71515388030209e-05,0.995842470684022,0.999999999942431
"Mapre3",1.90644754711794e-10,0.917741549641347,2.70204254917053e-05,0.995852520983293,0.999999999942431
"Ap1b1",1.90594793147319e-10,0.917675698701781,2.70062650618536e-05,0.995853607887965,0.999999999942431
"Guk1",1.90032585318052e-10,0.916933515220526,2.68471763464796e-05,0.995865838616716,0.999999999942431
"Tmem100",1.89313761632391e-10,0.915981419588294,2.66444544095612e-05,0.995881476496263,0.999999999942431
"Pogz",1.88352252885198e-10,0.914702295065313,2.63744918067855e-05,0.995902393947996,0.999999999942431
"mt-Nd2",1.87841665261013e-10,0.914020425074541,2.62316930205557e-05,0.995913501692067,0.999999999942431
"Rab3c",1.87748135652218e-10,0.913895321892264,2.62055770981083e-05,0.995915536412363,0.999999999942431
"Plbd2",1.8647729409887e-10,0.91218935492587,2.58520138097802e-05,0.995943183350906,0.999999999942431
"Cct2",1.86241319090766e-10,0.911871322573658,2.57866270896695e-05,0.995948316946996,0.999999999942431
"Kctd10",1.86034188091455e-10,0.911591836767538,2.57293010385892e-05,0.995952823046728,0.999999999942431
"Dhx30",1.85943466163457e-10,0.91146932730537,2.57042127183591e-05,0.995954796686914,0.999999999942431
"Parvb",1.85885911961445e-10,0.91139157646023,2.5688302974088e-05,0.995956048768848,0.999999999942431
"Nmb",1.85830333389406e-10,0.911316471992561,2.56729440289869e-05,0.995957257871296,0.999999999942431
"mt-Nd5",1.85628813371637e-10,0.911043967985301,2.56172931905895e-05,0.995961641905324,0.999999999942431
"Plekhb2",1.85401093195426e-10,0.910735683743456,2.5554479705503e-05,0.995966595919531,0.999999999942431
"Ep400",1.85366409575461e-10,0.910688696806907,2.55449194710558e-05,0.995967350455875,0.999999999942431
"Mtpn",1.84024823416349e-10,0.908864525611632,2.51764957243634e-05,0.99599653644085,0.999999999942431
"Tbca",1.83146604340456e-10,0.907663285424152,2.49367702391131e-05,0.99601564195448,0.999999999942431
"Eif4g1",1.82717294639152e-10,0.907074001380738,2.48199998512563e-05,0.99602498151827,0.999999999942431
"Cltc",1.82640324531103e-10,0.90696820547813,2.47990932841559e-05,0.9960266559907,0.999999999942431
"Cisd1",1.81097102522638e-10,0.90483770893509,2.43817832180418e-05,0.996060228543156,0.999999999942431
"Cds2",1.80838034401935e-10,0.904478298291994,2.43120744859796e-05,0.996065864530125,0.999999999942431
"Atp6v1g2",1.80545034743227e-10,0.904071201436129,2.42333558829554e-05,0.996072238692701,0.999999999942431
"Snx7",1.79572694912042e-10,0.902715538878156,2.39730373775999e-05,0.996093391798189,0.999999999942431
"Psmc3",1.78365646440446e-10,0.901022534227714,2.3651837483331e-05,0.996119650958354,0.999999999942431
"Uhrf2",1.77990243415198e-10,0.900493690853668,2.35523830444987e-05,0.996127817796252,0.999999999942431
"Necap1",1.77980319365232e-10,0.900479695581271,2.35497567375102e-05,0.996128033692513,0.999999999942431
"S100a13",1.7598526317687e-10,0.897650449520355,2.30247575522893e-05,0.996171435854883,0.999999999942431
"Dusp8",1.75177673501613e-10,0.896496181733887,2.28139229484862e-05,0.996189004856127,0.999999999942431
"Rnf181",1.74578014244986e-10,0.895635704322254,2.26579993713333e-05,0.996202050361183,0.999999999942431
"Degs1",1.73744950017329e-10,0.894435454893793,2.24422730908698e-05,0.996220173561122,0.999999999942431
"Lmbrd1",1.73424209855574e-10,0.893971830315429,2.23594908946187e-05,0.996227151220612,0.999999999942431
"Rangap1",1.73347876556896e-10,0.893861367256426,2.23398120034553e-05,0.996228811841398,0.999999999942431
"Ubash3b",1.73055386283868e-10,0.893437655769392,2.22644875717359e-05,0.996235174928637,0.999999999942431
"Pdpk1",1.72405564579027e-10,0.892493769094284,2.20975955256289e-05,0.99624931171481,0.999999999942431
"Fasn",1.72392171994635e-10,0.89247427906935,2.20941625457353e-05,0.996249603068744,0.999999999942431
"Nckap1",1.72346635932987e-10,0.892407999960271,2.20824920822587e-05,0.996250593699853,0.999999999942431
"4932438A13Rik",1.71205443030117e-10,0.890741296156828,2.17910219185095e-05,0.996275420205188,0.999999999942431
"Fgf12",1.7027619141135e-10,0.889376019653844,2.15551136627109e-05,0.996295635957717,0.999999999942431
"Ndufb8",1.7011489622685e-10,0.889138293274217,2.1514296572237e-05,0.996299144914487,0.999999999942431
"Syt1",1.70104145208304e-10,0.889122439887954,2.15115773125172e-05,0.996299378801567,0.999999999942431
"Hopx",1.69883810783234e-10,0.888797318309353,2.14558858848807e-05,0.99630417214983,0.999999999942431
"Praf2",1.68718497975545e-10,0.88707085903083,2.11625434472227e-05,0.996329523388557,0.999999999942431
"Scd1",1.68653133322015e-10,0.886973670659929,2.11461491053773e-05,0.996330945388773,0.999999999942431
"Hnrnpa0",1.68052988720126e-10,0.886079597168665,2.09959216265311e-05,0.996344001463317,0.999999999942431
"Rab11b",1.67701144618292e-10,0.885553967697199,2.09080974462795e-05,0.996351655790425,0.999999999942431
"Add2",1.66959327657596e-10,0.884442174984556,2.07235348715371e-05,0.99636779393237,0.999999999942431
"Mdh2",1.66838088121634e-10,0.884260005182833,2.06934485080957e-05,0.996370431484555,0.999999999942431
"Kcnb1",1.6663248845403e-10,0.883950780572475,2.06424775977134e-05,0.996374904281809,0.999999999942431
"Rnf4",1.66288539100394e-10,0.883432634162231,2.05573484694946e-05,0.996382386860914,0.999999999942431
"Ubr3",1.66186377280077e-10,0.883278527767381,2.05320968073561e-05,0.996384609379768,0.999999999942431
"Nek7",1.64731661964896e-10,0.88107396407197,2.01742139341355e-05,0.996416256550058,0.999999999942431
"Stxbp4",1.64272992440015e-10,0.880374886821245,2.00620264550418e-05,0.996426234855857,0.999999999942431
"Adam11",1.63849394605241e-10,0.879727552232455,1.99586951163738e-05,0.996435450181335,0.999999999942431
"Glrx5",1.63300640455481e-10,0.878886498213875,1.98252301594791e-05,0.996447388269734,0.999999999942431
"Cdipt",1.63040782640538e-10,0.878487251589889,1.97621851887767e-05,0.996453041449249,0.999999999942431
"Trim32",1.62637369957629e-10,0.877866201912681,1.96645108149678e-05,0.996461817650216,0.999999999942431
"Cers4",1.61999877921931e-10,0.876881686137128,1.95106544125343e-05,0.996475686224034,0.999999999942431
"Plekho1",1.60996052222091e-10,0.87532365010354,1.92696095818629e-05,0.99649752435128,0.999999999942431
"Asxl2",1.60957310531735e-10,0.875263327400515,1.92603367156658e-05,0.996498367172914,0.999999999942431
"Cpeb3",1.60856225545197e-10,0.87510586570919,1.92361524209362e-05,0.996500566266796,0.999999999942431
"Rab11fip5",1.60147209325632e-10,0.873998670010771,1.90669493224258e-05,0.996515990845257,0.999999999942431
"Ppp1r14b",1.59820121998714e-10,0.87348626218016,1.89891435499973e-05,0.99652310659848,0.999999999942431
"Lpin1",1.59270377497845e-10,0.872622710625,1.88587316478307e-05,0.996535066237651,0.999999999942431
"Tkt",1.58879875582797e-10,0.872007513951996,1.87663686749741e-05,0.996543561570032,0.999999999942431
"Gcsh",1.58354209587832e-10,0.871177021390346,1.86423942252161e-05,0.996554997384859,0.999999999942431
"Rpl18a",1.58328971417105e-10,0.871137079591907,1.86364523252718e-05,0.996555546438934,0.999999999942431
"Cdk5r2",1.58005887192199e-10,0.870625212875178,1.85604712794363e-05,0.996562575106568,0.999999999942431
"Sec23a",1.57894900324662e-10,0.870449136703266,1.85344058571926e-05,0.996564989615738,0.999999999942431
"Plec",1.57888115766813e-10,0.870438369319393,1.8532813088245e-05,0.996565137213175,0.999999999942431
"Hid1",1.5783666545876e-10,0.870356700626497,1.85207366431201e-05,0.996566256509941,0.999999999942431
"Wdr1",1.57560990666713e-10,0.869918665754873,1.84560971445101e-05,0.996572253790048,0.999999999942431
"Eif1",1.56350700165357e-10,0.867986584074583,1.81736484466312e-05,0.996598583552464,0.999999999942431
"Arl6ip5",1.55858538275346e-10,0.867196686596185,1.80594142337987e-05,0.996609290491751,0.999999999942431
"Fam174a",1.55746160321744e-10,0.867015980215614,1.8033381032358e-05,0.996611735264484,0.999999999942431
"Rnf139",1.5570878943717e-10,0.866955858472412,1.80247279452247e-05,0.996612548264876,0.999999999942431
"Med28",1.55481009889709e-10,0.866589102084139,1.79720313519076e-05,0.996617503589494,0.999999999942431
"Abca8b",1.55054050424711e-10,0.865900209210022,1.78734624886965e-05,0.996626792056573,0.999999999942431
"Txn1",1.54406265389775e-10,0.864851437688035,1.77244308979564e-05,0.996640884566136,0.999999999942431
"Wdr26",1.54334233819007e-10,0.864734549820236,1.77078976206781e-05,0.996642451607033,0.999999999942431
"Inpp5j",1.53777876010293e-10,0.863829914317852,1.75804577219452e-05,0.99665455512583,0.999999999942431
"Rpl15",1.53392993976321e-10,0.863202207337506,1.7492565563765e-05,0.99666292820357,0.999999999942431
"Got2",1.52452669393706e-10,0.86166206942041,1.72787582393795e-05,0.996683384890892,0.999999999942431
"Pak1",1.52199709533758e-10,0.861246152916286,1.7221465624035e-05,0.996688888013119,0.999999999942431
"Cpeb1",1.51154127740706e-10,0.859519745774524,1.69856622760603e-05,0.996711634565983,0.999999999942431
"Gba2",1.50638187927588e-10,0.858663510945073,1.68699046314498e-05,0.996722858798599,0.999999999942431
"Esyt1",1.50341073738431e-10,0.858169118130146,1.68034228838633e-05,0.996729322496185,0.999999999942431
"Chmp5",1.50293980031012e-10,0.858090666586196,1.67928973299344e-05,0.996730347016386,0.999999999942431
"Idh3a",1.50041054768524e-10,0.857668913310596,1.67364243548155e-05,0.996735849387283,0.999999999942431
"Slc17a6",1.49672109230457e-10,0.857052437280853,1.66542170248619e-05,0.99674387577121,0.999999999942431
"Scg5",1.49503211002705e-10,0.85676972284985,1.66166511663015e-05,0.996747550140247,0.999999999942431
"Morf4l2",1.49116064552653e-10,0.856120498255101,1.65307032047704e-05,0.996755972484231,0.999999999942431
"Srcin1",1.49016835665293e-10,0.855953828961995,1.65087099002013e-05,0.996758131201804,0.999999999942431
"Nicn1",1.49000596027432e-10,0.855926541717863,1.65051119059103e-05,0.996758484494003,0.999999999942431
"Sem1",1.48814372580251e-10,0.855613423193297,1.64638809555059e-05,0.996762535772272,0.999999999942431
"Pddc1",1.48194571294131e-10,0.854568491418777,1.63270247600997e-05,0.99677601950717,0.999999999942431
"Ppp1r1c",1.4785674818479e-10,0.85399713480883,1.62526717050314e-05,0.996783368826364,0.999999999942431
"Il15ra",1.47544876484342e-10,0.853468525759943,1.61841810515891e-05,0.996790153574633,0.999999999942431
"Cops7a",1.46399983557749e-10,0.851518490741992,1.59339891750202e-05,0.996815060646708,0.999999999942431
"Ndfip2",1.46126864286393e-10,0.85105108013433,1.58745927182468e-05,0.996821002339371,0.999999999942431
"Taf1b",1.4542904555304e-10,0.849852924651376,1.57233386951207e-05,0.996836183343064,0.999999999942431
"Tprgl",1.44998476831269e-10,0.849110806573542,1.5630373002434e-05,0.996845550339737,0.999999999942431
"Ndp",1.44910501143443e-10,0.848958906447408,1.56114117597055e-05,0.996847464245594,0.999999999942431
"Jph4",1.44654149053866e-10,0.848515766080621,1.55562262743942e-05,0.99685304117016,0.999999999942431
"Snx10",1.44578492079704e-10,0.84838483445065,1.55399581032238e-05,0.996854687083194,0.999999999942431
"Saraf",1.44072033544093e-10,0.847506615878575,1.54312758310404e-05,0.996865705059261,0.999999999942431
"Ccny",1.43897618281213e-10,0.847203468314494,1.53939358863713e-05,0.996869499453328,0.999999999942431
"Dkk3",1.43585439616729e-10,0.84665997137577,1.53272155947343e-05,0.996876290882492,0.999999999942431
"Strap",1.43581693112377e-10,0.846653441712432,1.53264157541526e-05,0.996876372387483,0.999999999942431
"Zfp263",1.43361305756214e-10,0.846269039698732,1.52794020175603e-05,0.996881166902072,0.999999999942431
"Map3k7",1.43004082659726e-10,0.845644727975604,1.52033514396944e-05,0.996888938270766,0.999999999942431
"Dcaf7",1.42442384073874e-10,0.844659941874099,1.50841530292284e-05,0.996901157993012,0.999999999942431
"Hgsnat",1.42140921643131e-10,0.844129829176433,1.50203729464839e-05,0.996907716292129,0.999999999942431
"Tmem50a",1.41844488844805e-10,0.843607478874717,1.49577887407689e-05,0.996914165172064,0.999999999942431
"Myh10",1.41695763885494e-10,0.843345001968398,1.49264384882875e-05,0.996917400675807,0.999999999942431
"Stt3b",1.41680708057194e-10,0.843318415584527,1.49232666509714e-05,0.996917728214571,0.999999999942431
"Ehd1",1.40847111059146e-10,0.841842041847931,1.47481772644836e-05,0.996935863074808,0.999999999942431
"Vgll4",1.39918873490891e-10,0.840187878934257,1.45544253090718e-05,0.996956056837693,0.999999999942431
"Clstn1",1.39365794629016e-10,0.839197114506036,1.44395896896604e-05,0.996968089042202,0.999999999942431
"Cadm1",1.38832358175061e-10,0.838237857166608,1.43292633028999e-05,0.996979693927708,0.999999999942431
"Atp5c1",1.38534920256433e-10,0.837701407194277,1.42679303293836e-05,0.996986164676217,0.999999999942431
"Arpc1a",1.38220173100933e-10,0.837132500710977,1.42031713645311e-05,0.996993011986609,0.999999999942431
"Eri3",1.37630360133738e-10,0.836062963941655,1.40822144761394e-05,0.997005843342117,0.999999999942431
"Uqcrfs1",1.37448085244574e-10,0.835731521691954,1.40449387711491e-05,0.997009808724579,0.999999999942431
"Nipal3",1.37268763649255e-10,0.83540502643505,1.40083152284874e-05,0.99701370985833,0.999999999942431
"Arhgap24",1.37168365668657e-10,0.835222045666651,1.39878314388431e-05,0.997015894012199,0.999999999942431
"Serpini1",1.37002008753005e-10,0.834918560278225,1.39539233082794e-05,0.997019513099992,0.999999999942431
"Btbd2",1.36863979519642e-10,0.834666477224788,1.39258203759378e-05,0.997022515920279,0.999999999942431
"Sdha",1.36609214073114e-10,0.83420053959178,1.38740241938286e-05,0.997028058332186,0.999999999942431
"Eif1b",1.36587668555284e-10,0.834161095955178,1.38696482157493e-05,0.997028527054055,0.999999999942431
"Scrn3",1.36467717797984e-10,0.833941388460636,1.38452983705811e-05,0.997031136577947,0.999999999942431
"Sbno1",1.35087211184844e-10,0.83139899053177,1.35665972959027e-05,0.997061169445974,0.999999999942431
"Apbb1",1.35032381199577e-10,0.831297485199716,1.35555865516145e-05,0.997062362270271,0.999999999942431
"Jarid2",1.35014619477476e-10,0.831264594668756,1.35520206702457e-05,0.997062748675878,0.999999999942431
"Cr1l",1.34804937599937e-10,0.830875990370245,1.35099599424067e-05,0.997067310297421,0.999999999942431
"Ide",1.34761800009979e-10,0.830795969380919,1.35013149494745e-05,0.997068248754117,0.999999999942431
"Slc9a6",1.33953699905101e-10,0.829292243013275,1.33398789663148e-05,0.997085828943182,0.999999999942431
"Fbxo31",1.33871611569346e-10,0.829138991511844,1.33235343198394e-05,0.997087614772088,0.999999999942431
"Man1a2",1.33771974649112e-10,0.828952853857945,1.33037090276195e-05,0.997089782369863,0.999999999942431
"Srrt",1.33753197751041e-10,0.828917760311011,1.32999745405227e-05,0.997090190860637,0.999999999942431
"Cpne6",1.33465088172865e-10,0.828378680869309,1.32427389283336e-05,0.99709645867474,0.999999999942431
"Rnf7",1.32721619848248e-10,0.826982265075412,1.30956122949554e-05,0.997112632803754,0.999999999942431
"Nap1l5",1.32719610452482e-10,0.826978480496424,1.30952157647032e-05,0.997112676518095,0.999999999942431
"Nagk",1.32368750582015e-10,0.826316788832305,1.30260698031084e-05,0.997120309463482,0.999999999942431
"Tsta3",1.32238380082771e-10,0.826070480480878,1.30004235848499e-05,0.997123145669637,0.999999999942431
"Tmem181a",1.32219890937416e-10,0.826035529644242,1.29967884840942e-05,0.997123547900422,0.999999999942431
"Fhl1",1.32038884042982e-10,0.825693109688873,1.29612280546988e-05,0.997127485699847,0.999999999942431
"Zmym6",1.31930504613312e-10,0.82548786120865,1.29399592594799e-05,0.997129843491042,0.999999999942431
"Fam168a",1.31591939490201e-10,0.82484561557606,1.28736304366931e-05,0.997137208965156,0.999999999942431
"Clasp2",1.31418173829666e-10,0.82451535552575,1.2839653918955e-05,0.997140989231992,0.999999999942431
"Rps27a",1.31331789290728e-10,0.824351012294419,1.28227797984888e-05,0.99714286852512,0.999999999942431
"Git2",1.31326398413848e-10,0.824340752827524,1.28217271271014e-05,0.99714298580349,0.999999999942431
"Clcn3",1.31303068575573e-10,0.824296348639189,1.28171720299677e-05,0.997143493343445,0.999999999942431
"Dctn2",1.301505568771e-10,0.822093007330605,1.25931542584697e-05,0.997168566203459,0.999999999942431
"Cyb5r4",1.30007801378619e-10,0.821818753169084,1.25655438335738e-05,0.997171671845561,0.999999999942431
"Zfr",1.29408275998072e-10,0.820663726068091,1.24499201174497e-05,0.997184714504863,0.999999999942431
"Rps23",1.29289738577932e-10,0.82043473092711,1.24271224177569e-05,0.997187293283491,0.999999999942431
"Slc38a7",1.290239826819e-10,0.819920580267818,1.23760868622499e-05,0.997193074796511,0.999999999942431
"Gapvd1",1.28642337561156e-10,0.819180392486539,1.23029797159817e-05,0.997201377477038,0.999999999942431
"Ptpn1",1.28436933452492e-10,0.818781121441375,1.22637225767656e-05,0.997205846038663,0.999999999942431
"Synm",1.28339810449647e-10,0.818592111378172,1.22451821276219e-05,0.99720795894737,0.999999999942431
"Kcnn2",1.28299989592451e-10,0.818514575654262,1.22375845162566e-05,0.997208825249214,0.999999999942431
"Tmem35a",1.28174310468924e-10,0.818269708437876,1.22136210598996e-05,0.997211559395714,0.999999999942431
"Tbc1d9",1.27928221406223e-10,0.817789553872417,1.21667668470605e-05,0.997216913057821,0.999999999942431
"Caml",1.27894549430836e-10,0.817723784266631,1.21603628628025e-05,0.997217645590909,0.999999999942431
"Ctbp1",1.27345534303968e-10,0.816649008045971,1.20561849502852e-05,0.997229589403321,0.999999999942431
"Cfl2",1.26679854554561e-10,0.815339699141187,1.19304705776962e-05,0.997244071252947,0.999999999942431
"Cops8",1.26520193566827e-10,0.815024657323039,1.19004163856335e-05,0.997247544674676,0.999999999942431
"Hnrnpd",1.26438957886792e-10,0.814864213217294,1.18851393293726e-05,0.997249311955358,0.999999999942431
"Ythdc2",1.25936461821266e-10,0.813869496446212,1.17908587632326e-05,0.997260243748056,0.999999999942431
"Hnrnpc",1.25757722195406e-10,0.813514728354443,1.17574133561242e-05,0.997264132225466,0.999999999942431
"Tsen2",1.25039318567597e-10,0.812083785284626,1.16234662342113e-05,0.997279761084379,0.999999999942431
"C1qbp",1.24942968510935e-10,0.811891255449959,1.16055600242164e-05,0.997281857178331,0.999999999942431
"Pfkm",1.24875959788316e-10,0.811757270101724,1.15931149026873e-05,0.997283314952037,0.999999999942431
"Eps15",1.2454872978101e-10,0.811101946794421,1.15324363764176e-05,0.99729043383583,0.999999999942431
"Hnrnpu",1.24498960825633e-10,0.811002128879287,1.15232216275012e-05,0.99729151655871,0.999999999942431
"Creg2",1.24031671254768e-10,0.810062997182372,1.14368823371698e-05,0.997301682436582,0.999999999942431
"Slco3a1",1.22288308139075e-10,0.806528230366064,1.11176330363186e-05,0.99733960927986,0.999999999942431
"Fam168b",1.22051922342117e-10,0.806045123874498,1.10746933547113e-05,0.997344751850449,0.999999999942431
"Tardbp",1.21796684705425e-10,0.805522452550078,1.10284225070443e-05,0.997350304542742,0.999999999942431
"Igsf8",1.21356980240496e-10,0.804619495210713,1.09489376939383e-05,0.997359870309382,0.999999999942431
"Zfp740",1.2129301125872e-10,0.804487862671115,1.0937398056069e-05,0.997361261954031,0.999999999942431
"Dyrk2",1.21100735529046e-10,0.804091793711239,1.09027492446063e-05,0.997365444910927,0.999999999942431
"Capza2",1.20584549191002e-10,0.803025426479178,1.08100023928916e-05,0.997376674540765,0.999999999942431
"Psme4",1.19763208918458e-10,0.801319341066451,1.06632430848594e-05,0.997394542793185,0.999999999942431
"Cit",1.19752534373678e-10,0.801297092078246,1.06613423309603e-05,0.997394775017847,0.999999999942431
"Ugp2",1.1962559180263e-10,0.801032355265595,1.06387513954893e-05,0.997397536652795,0.999999999942431
"Scoc",1.19240114649004e-10,0.800226747514871,1.05702980136523e-05,0.997405922706381,0.999999999942431
"Ttc13",1.19222909238747e-10,0.800190730132678,1.05672478120745e-05,0.997406297010003,0.999999999942431
"Slc9a8",1.19038528899512e-10,0.799804430810355,1.05345882144036e-05,0.997410308203486,0.999999999942431
"Chic2",1.18882248195769e-10,0.799476541429185,1.05069455316334e-05,0.997413708089572,0.999999999942431
"Ehbp1",1.18447399593214e-10,0.798561952959524,1.04302213022013e-05,0.99742316821943,0.999999999942431
"Cd59a",1.18439451074763e-10,0.79854520457093,1.04288214905541e-05,0.997423341139425,0.999999999942431
"Senp6",1.18373643871913e-10,0.798406499087779,1.04172358084729e-05,0.99742477277493,0.999999999942431
"Sptan1",1.18214964634979e-10,0.798071729139044,1.03893260296262e-05,0.997428224841299,0.999999999942431
"Phf3",1.18197022990676e-10,0.798033849281909,1.03861726649479e-05,0.997428615161725,0.999999999942431
"Pitpnm2",1.17581360005731e-10,0.796730564647346,1.02782557577338e-05,0.997442008908766,0.999999999942431
"Glul",1.17406224474688e-10,0.796358594379173,1.02476599697715e-05,0.997445818982035,0.999999999942431
"Ubl4a",1.17251473083651e-10,0.796029462408206,1.02206631984074e-05,0.997449185598411,0.999999999942431
"Herpud2",1.17012964609403e-10,0.795521352528648,1.01791245231483e-05,0.997454374350148,0.999999999942431
"Gpr107",1.16769936221226e-10,0.795002562121045,1.01368856608871e-05,0.997459661432721,0.999999999942431
"Slc2a3",1.16749325553012e-10,0.794958515761685,1.01333075215945e-05,0.997460109817812,0.999999999942431
"Tm9sf2",1.16580646913559e-10,0.794597749968929,1.01040476051866e-05,0.997463779421677,0.999999999942431
"Sfrp1",1.15910335517072e-10,0.793158999550134,9.98818983178442e-06,0.997478362046891,0.999999999942431
"Pak1ip1",1.15908035074905e-10,0.793154047789628,9.98779336972691e-06,0.997478412093015,0.999999999942431
"Bcl2",1.15640107142273e-10,0.792576662195275,9.94167204681733e-06,0.997484240865739,0.999999999942431
"Rragd",1.15505674912269e-10,0.792286463166241,9.91857099056492e-06,0.997487165439229,0.999999999942431
"Arhgap33",1.15360219598568e-10,0.791972093256379,9.89360597546073e-06,0.99749032981997,0.999999999942431
"Lypla1",1.14440552556969e-10,0.789975340153834,9.7364884724995e-06,0.997510337179847,0.999999999942431
"Hspb8",1.14368367352671e-10,0.789817944808099,9.72420945543637e-06,0.997511907569299,0.999999999942431
"Twf2",1.14324662395508e-10,0.789722601256535,9.71677881769813e-06,0.997512858370848,0.999999999942431
"Tbc1d17",1.14064059936126e-10,0.789153342807681,9.67253061582819e-06,0.997518527778652,0.999999999942431
"Ppp5c",1.13630777159463e-10,0.788204037995856,9.599186197113e-06,0.997527953847898,0.999999999942431
"Dusp3",1.1342689251395e-10,0.787756099559491,9.56476997795071e-06,0.997532389359629,0.999999999942431
"Wars",1.13241391857952e-10,0.787347860822088,9.53351071964811e-06,0.99753642492762,0.999999999942431
"Snx1",1.1296997647535e-10,0.786749356378462,9.48786591564946e-06,0.997542329571166,0.999999999942431
"Gm17167",1.1240955665268e-10,0.785509062466113,9.39396487070785e-06,0.997554521508752,0.999999999942431
"Napb",1.12259031837188e-10,0.785174889507472,9.36882327014637e-06,0.997557796177377,0.999999999942431
"AI314180",1.11804004369279e-10,0.784162011716288,9.29302657112099e-06,0.997567695304013,0.999999999942431
"Grb2",1.11592852130773e-10,0.783690611580271,9.25795823104322e-06,0.997572288922979,0.999999999942431
"2700060E02Rik",1.10918362587267e-10,0.782178891480899,9.14638253937084e-06,0.997586962449978,0.999999999942431
"Tmem59",1.10775687338912e-10,0.781857955038199,9.12286753107602e-06,0.997590066351587,0.999999999942431
"Kctd8",1.10753756459169e-10,0.781808587161019,9.11925567885803e-06,0.997590543458122,0.999999999942431
"Nap1l3",1.1053993883202e-10,0.781326763667873,9.08407898586244e-06,0.997595195063047,0.999999999942431
"Amacr",1.10395946681191e-10,0.78100176906911,9.06042809289707e-06,0.997598327613982,0.999999999942431
"Ppm1j",1.10391936396812e-10,0.780992711755972,9.0597698398655e-06,0.997598414857766,0.999999999942431
"Micu1",1.10357942074362e-10,0.780915921817485,9.05419093026042e-06,0.997599154404656,0.999999999942431
"Hnrnph1",1.10233791755533e-10,0.780635279803652,9.03383084767328e-06,0.997601855296341,0.999999999942431
"Stox2",1.10053971439078e-10,0.780228242582476,9.00438177711146e-06,0.997605767289544,0.999999999942431
"Ankrd12",1.09878382575575e-10,0.779830150303942,8.97567208385172e-06,0.997609587227492,0.999999999942431
"Nap1l2",1.09849262003337e-10,0.779764067972325,8.97091515049642e-06,0.997610220745915,0.999999999942431
"Ptov1",1.09809676845853e-10,0.779674211006886,8.96445081749862e-06,0.997611081921526,0.999999999942431
"Rfk",1.09643909182871e-10,0.779297576793478,8.9374059437389e-06,0.997614688199203,0.999999999942431
"Klhdc2",1.09582305505913e-10,0.779157466382535,8.92736576182245e-06,0.997616028388013,0.999999999942431
"Mrpl13",1.09556668672142e-10,0.779099135494457,8.92318912730202e-06,0.997616586117675,0.999999999942431
"Armcx1",1.09470561397002e-10,0.778903119063913,8.90916808114509e-06,0.997618459382604,0.999999999942431
"Ppm1b",1.09242593812515e-10,0.778383433884966,8.87210082276813e-06,0.997623418820536,0.999999999942431
"Gle1",1.09178344051572e-10,0.778236774077904,8.86166784587369e-06,0.997624816574985,0.999999999942431
"Caprin2",1.09137055450174e-10,0.778142481672877,8.85496657759548e-06,0.99762571480909,0.999999999942431
"Trnp1",1.08839369983462e-10,0.777461602860154,8.80672631971673e-06,0.997632190960701,0.999999999942431
"Laptm4a",1.08571067955759e-10,0.776846356000152,8.76336057512642e-06,0.997638027875308,0.999999999942431
"Pink1",1.08481183606956e-10,0.776639905758272,8.74885647351736e-06,0.997639983310682,0.999999999942431
"Atxn2",1.08454473162373e-10,0.776578523551436,8.74454868355882e-06,0.997640564396813,0.999999999942431
"Rpl31",1.08005487610874e-10,0.775544490644719,8.67229626272775e-06,0.997650332084543,0.999999999942431
"Rnps1",1.07788681965862e-10,0.775043659609252,8.63751440660594e-06,0.997655048694884,0.999999999942431
"Gng3",1.07694448248059e-10,0.774825665624855,8.62241840048454e-06,0.997657098750977,0.999999999942431
"Leprotl1",1.06899696308428e-10,0.77297962206603,8.49562637900429e-06,0.997674388593208,0.999999999942431
"Pip5k1a",1.06839569465544e-10,0.772839409778107,8.48607216035869e-06,0.997675696653763,0.999999999942431
"Grsf1",1.06828391014818e-10,0.77281333370685,8.48429648534621e-06,0.997675939841161,0.999999999942431
"Map4k5",1.0658594870395e-10,0.772247123467806,8.44583071149803e-06,0.997681214178087,0.999999999942431
"Rgs7bp",1.06503017064772e-10,0.772053149816362,8.43269288043931e-06,0.997683018357443,0.999999999942431
"Boc",1.06426184189563e-10,0.771873307972783,8.42053032669542e-06,0.997684689858087,0.999999999942431
"Ralgps2",1.06073663866704e-10,0.771046523127306,8.36483929736847e-06,0.997692358944463,0.999999999942431
"Serpina3n",1.05280252764894e-10,0.769175739144214,8.24017243329998e-06,0.997709619618958,0.999999999942431
"Efhd2",1.05088831344742e-10,0.768722305248354,8.21023497595526e-06,0.997713783995968,0.999999999942431
"Dnajc6",1.04273759233194e-10,0.7667824239487,8.08337121594027e-06,0.997731515907547,0.999999999942431
"Rpl4",1.04268714349325e-10,0.766770370569402,8.08258906935103e-06,0.997731625659109,0.999999999942431
"Usp7",1.03935628125027e-10,0.765973276559802,8.03103191762367e-06,0.997738871957515,0.999999999942431
"Pom121",1.03484130945376e-10,0.764888788177725,7.96140973579599e-06,0.997748694289253,0.999999999942431
"Rbfox2",1.0311162035678e-10,0.763990505993406,7.9041957149542e-06,0.997756798266107,0.999999999942431
"Nmt2",1.02863228840961e-10,0.763389748023922,7.86615983979933e-06,0.997762202029662,0.999999999942431
"Paip2",1.02495849019045e-10,0.762498578357626,7.81007161861993e-06,0.99777019438694,0.999999999942431
"Gm13889",1.01895128393764e-10,0.761034575798061,7.71879138861013e-06,0.997783263079755,0.999999999942431
"Celf1",1.01733313725477e-10,0.760638765965825,7.69429518473762e-06,0.99778678336217,0.999999999942431
"Ly6h",1.01729149052422e-10,0.760628570696727,7.69366523242882e-06,0.997786873964744,0.999999999942431
"Adgrl2",1.01642674080542e-10,0.760416783823575,7.6805907750623e-06,0.997788755230077,0.999999999942431
"Nwd2",1.01603422921e-10,0.760320594718673,7.67465992196029e-06,0.99778960914011,0.999999999942431
"Ube3c",1.01581714293178e-10,0.76026737970061,7.67138073052112e-06,0.997790081411894,0.999999999942431
"Vegfa",1.01518760290252e-10,0.760112995211629,7.66187519147774e-06,0.997791450977931,0.999999999942431
"Spag9",1.01282091833997e-10,0.759531758483297,7.62619290995667e-06,0.997796599706657,0.999999999942431
"Gnl3l",1.01145280320046e-10,0.759195150422748,7.60560395289067e-06,0.997799576044919,0.999999999942431
"Tax1bp1",1.01092549781976e-10,0.759065293487313,7.59767589045394e-06,0.997800723199239,0.999999999942431
"Braf",1.01081140076433e-10,0.759037186570861,7.5959609796523e-06,0.9978009714177,0.999999999942431
"Fdft1",1.01079275353937e-10,0.759032592675567,7.59568072502405e-06,0.99780101198479,0.999999999942431
"Sorl1",1.00870078482743e-10,0.75851668793911,7.56427273714637e-06,0.997805563068579,0.999999999942431
"Prelid1",1.00727709698627e-10,0.758164985706383,7.54293526334601e-06,0.997808660305503,0.999999999942431
"Vps72",1.00599183598177e-10,0.757847058675118,7.52369834131126e-06,0.997811456394482,0.999999999942431
"Rdh11",1.00592998192908e-10,0.757831748123291,7.52277317092688e-06,0.99781159095815,0.999999999942431
"Rab3gap1",1.00564196173015e-10,0.757760443103487,7.51846591202164e-06,0.997812217546918,0.999999999942431
"Ppfia4",1.00527347293441e-10,0.757669187146582,7.51295706697496e-06,0.99781301919535,0.999999999942431
"Arhgap26",1.00471515187828e-10,0.75753085651768,7.50461410876225e-06,0.997814233824414,0.999999999942431
"Stk32c",1.00279582717843e-10,0.757054742378322,7.47596910766038e-06,0.997818409320859,0.999999999942431
"Rps16",1.00268838443113e-10,0.757028063219255,7.47436719507346e-06,0.997818643062868,0.999999999942431
"Wfs1",1.00223044411204e-10,0.756914320224667,7.46754148026411e-06,0.997819639313369,0.999999999942431
"Gpatch8",1.00217172653184e-10,0.756899732274223,7.46666650560376e-06,0.997819767053636,0.999999999942431
"Dstn",1.00038196252749e-10,0.756454673781559,7.44002109606637e-06,0.997823660690484,0.999999999942431
"Atp6v0e",9.9930842083162e-11,0.75618734059822,7.42406141762508e-06,0.997825996183622,0.999999999942431
"Psmb1",9.98523999666333e-11,0.755991825058401,7.41241074975852e-06,0.997827702694201,0.999999999942431
"Mrps14",9.9798164028457e-11,0.755856554402589,7.40436067042657e-06,0.997828882598655,0.999999999942431
"Ube2j1",9.97743316454323e-11,0.755797090778682,7.40082468374775e-06,0.997829401072861,0.999999999942431
"Cst3",9.96644127824599e-11,0.755522653409255,7.38452706250474e-06,0.997831792361026,0.999999999942431
"Selenoo",9.94209558235788e-11,0.754913743871715,7.34849376576158e-06,0.997837088774547,0.999999999942431
"Glrx3",9.93616480422819e-11,0.754765186650428,7.33972915740771e-06,0.997838379017141,0.999999999942431
"Fam199x",9.89267467225084e-11,0.753673144471547,7.27561846247676e-06,0.997847840308816,0.999999999942431
"Dpp6",9.88306415536888e-11,0.753431184768122,7.261489120856e-06,0.997849931079779,0.999999999942431
"Eny2",9.87173620679538e-11,0.753145687994498,7.24485245186629e-06,0.997852395478565,0.999999999942431
"Gabarap",9.87077671544772e-11,0.753121491225416,7.24344418177583e-06,0.997852604216211,0.999999999942431
"Ubap2l",9.87067473871546e-11,0.753118919406235,7.24329451595447e-06,0.997852626401282,0.999999999942431
"Gstm5",9.86285334234111e-11,0.752921588296981,7.23182007605323e-06,0.997854327948544,0.999999999942431
"Dlat",9.79783843220074e-11,0.751275287481305,7.1367914996589e-06,0.997868471963244,0.999999999942431
"Ccdc85a",9.7719310281797e-11,0.750616259739101,7.09909924910889e-06,0.997874108127543,0.999999999942431
"Clec2l",9.76710058406067e-11,0.750493193273362,7.09208255474479e-06,0.997875158992268,0.999999999942431
"Tonsl",9.74982801840707e-11,0.750052644197956,7.06702083971697e-06,0.997878916644701,0.999999999942431
"Lgi1",9.73846666380481e-11,0.749762445009455,7.05056021116559e-06,0.997881388311219,0.999999999942431
"Banf1",9.73751180327197e-11,0.74973804012934,7.04917765847839e-06,0.99788159604145,0.999999999942431
"Elob",9.73213335724975e-11,0.749600530589026,7.04139268185559e-06,0.997882766124201,0.999999999942431
"Abca5",9.7315104909361e-11,0.749584601062778,7.04049139828447e-06,0.997882901628978,0.999999999942431
"3110043O21Rik",9.72150637275989e-11,0.749328612401744,7.02602340699985e-06,0.997885078028283,0.999999999942431
"Gucd1",9.72006844906844e-11,0.749291796990225,7.02394509979946e-06,0.997885390849071,0.999999999942431
"Mpp1",9.70106361425726e-11,0.748804707733646,6.99650528963748e-06,0.997889525357383,0.999999999942431
"Ago1",9.69578534859361e-11,0.748669260133599,6.98889388358657e-06,0.997890673645892,0.999999999942431
"Ttc17",9.64883232607615e-11,0.747461170742631,6.92136863881769e-06,0.997900888292276,0.999999999942431
"Trappc2",9.64630016599379e-11,0.747395854282706,6.91773634154088e-06,0.997901439164593,0.999999999942431
"Pdcd2",9.64026967521293e-11,0.747240231126577,6.90908964705998e-06,0.997902751099988,0.999999999942431
"Nadk",9.62021967977103e-11,0.74672212894575,6.88038025095935e-06,0.997907112983603,0.999999999942431
"Arhgef40",9.61859054660507e-11,0.746679984550456,6.87805013648435e-06,0.997907467402104,0.999999999942431
"Crmp1",9.61435630290451e-11,0.746570415065127,6.87199583360868e-06,0.997908388563331,0.999999999942431
"Eif3c",9.61029866914534e-11,0.746465371060793,6.86619655650021e-06,0.997909271303005,0.999999999942431
"Dnm3",9.60856236829219e-11,0.746420408351716,6.86371573745598e-06,0.997909649035876,0.999999999942431
"Ndufb4",9.59971972967006e-11,0.746191297759654,6.85108836868204e-06,0.997911572755079,0.999999999942431
"Sf3b2",9.5854709491028e-11,0.745821677198839,6.83076544060569e-06,0.997914672582425,0.999999999942431
"Thoc2",9.58097218759344e-11,0.745704864524118,6.8243551612287e-06,0.997915651289619,0.999999999942431
"Usp37",9.57923750553206e-11,0.745659808157613,6.82188421891197e-06,0.99791602867033,0.999999999942431
"Usp14",9.5507215431523e-11,0.744917983566128,6.78132920681126e-06,0.997922232328343,0.999999999942431
"Kdm4c",9.53894932559143e-11,0.744611099754199,6.76462217951453e-06,0.997924793378602,0.999999999942431
"Zfp292",9.53856573883408e-11,0.744601093949751,6.76407814322172e-06,0.997924876828043,0.999999999942431
"Atg12",9.48180855586988e-11,0.74311620153518,6.683821248369e-06,0.99793722437437,0.999999999942431
"Abca1",9.45887138426243e-11,0.742513626818148,6.65152308022463e-06,0.99794221436475,0.999999999942431
"Slc48a1",9.44431862625058e-11,0.742130568733593,6.6310716883944e-06,0.997945380322816,0.999999999942431
"Supt7l",9.43146173714975e-11,0.741791664840653,6.6130297466983e-06,0.997948177343978,0.999999999942431
"Atp6v1c1",9.42453796656107e-11,0.741608967488168,6.60332387169061e-06,0.99794968361294,0.999999999942431
"Usp25",9.41094042442445e-11,0.741249784025673,6.58428331988797e-06,0.997952641763497,0.999999999942431
"Tbc1d23",9.40921201100764e-11,0.741204090776648,6.58186500289558e-06,0.997953017780507,0.999999999942431
"Elmo1",9.38556236623143e-11,0.740578043596639,6.54882012127713e-06,0.997958162769958,0.999999999942431
"Fbxo21",9.35414754034013e-11,0.739744028968028,6.50505380619031e-06,0.997964997077724,0.999999999942431
"2300009A05Rik",9.35243281591996e-11,0.739698426259543,6.50266912020917e-06,0.997965370116702,0.999999999942431
"Nub1",9.33334988569554e-11,0.739190362926453,6.47615978612823e-06,0.997969521615778,0.999999999942431
"Maf",9.32375503601605e-11,0.738934522866723,6.46285141538513e-06,0.997971608979171,0.999999999942431
"Zfp281",9.32210899006133e-11,0.738890606099348,6.4605696713152e-06,0.997971967077129,0.999999999942431
"Fam102b",9.30941564876541e-11,0.738551688698819,6.44298773047189e-06,0.997974728518639,0.999999999942431
"Edf1",9.2879121237266e-11,0.737976494681,6.41325719944835e-06,0.997979406619225,0.999999999942431
"Znrf1",9.28395770626393e-11,0.737870575744582,6.40779735074505e-06,0.997980266904354,0.999999999942431
"Sgms1",9.28079735612612e-11,0.737785893888194,6.40343553931041e-06,0.997980954439815,0.999999999942431
"Rab3d",9.2733739460073e-11,0.737586871087693,6.39319583352493e-06,0.997982569405719,0.999999999942431
"Ssfa2",9.26468347172875e-11,0.737353678406231,6.38121877522999e-06,0.997984460021958,0.999999999942431
"Rpn1",9.25305992279328e-11,0.737041444761054,6.36521695924402e-06,0.997986988729809,0.999999999942431
"N4bp2l1",9.24040583242606e-11,0.736701088563814,6.34781926472532e-06,0.997989741632394,0.999999999942431
"Pld3",9.22154220046103e-11,0.73619286063269,6.32192847481383e-06,0.997993845423364,0.999999999942431
"1110038B12Rik",9.2164564358091e-11,0.736055663453666,6.31495719524825e-06,0.997994951833585,0.999999999942431
"Cul9",9.21379212117432e-11,0.735983759221548,6.31130663799109e-06,0.997995531456347,0.999999999942431
"Zfp644",9.21054957012998e-11,0.73589622194568,6.30686522393497e-06,0.997996236874683,0.999999999942431
"Cct3",9.20850474079484e-11,0.735841003246162,6.30406516703153e-06,0.997996681728161,0.999999999942431
"Ing4",9.20638329998642e-11,0.735783702946261,6.3011608604205e-06,0.997997143248497,0.999999999942431
"Tmem47",9.19038046312003e-11,0.73535104496677,6.27927413087068e-06,0.998000624672382,0.999999999942431
"Pde12",9.18650585957388e-11,0.735246178210784,6.27398064616837e-06,0.998001467594018,0.999999999942431
"Haus2",9.1831911205844e-11,0.735156429658492,6.26945382027907e-06,0.998002188716884,0.999999999942431
"Rab9b",9.16844294168621e-11,0.734756726239352,6.24933254050975e-06,0.998005397189451,0.999999999942431
"Ints4",9.12123981811862e-11,0.733473157757261,6.18514963511853e-06,0.998015666249194,0.999999999942431
"Mrps9",9.10698660997482e-11,0.733084290524977,6.16583442202225e-06,0.998018767040793,0.999999999942431
"Tubgcp5",9.10224824009325e-11,0.732954881675242,6.15941991746221e-06,0.998019797875218,0.999999999942431
"Usp20",9.099813939111e-11,0.732888373046954,6.15612581328456e-06,0.998020327458454,0.999999999942431
"Ly86",9.08708314141006e-11,0.732540263197025,6.13891280855597e-06,0.998023097049042,0.999999999942431
"Atmin",9.08443940452256e-11,0.732467912785806,6.13534129740961e-06,0.998023672195156,0.999999999942431
"Atp5k",9.08135824774659e-11,0.732383565425006,6.13118017270907e-06,0.99802434250216,0.999999999942431
"Cep164",9.08130840956769e-11,0.732382200861749,6.13111287748571e-06,0.998024353344478,0.999999999942431
"Cops2",9.07970442974332e-11,0.732338280146572,6.12894726159971e-06,0.998024702290991,0.999999999942431
"Adprh",9.07342635557397e-11,0.732166298205262,6.12047458869064e-06,0.998026068088778,0.999999999942431
"Xpnpep3",9.07300445193779e-11,0.732154736344656,6.11990541220821e-06,0.998026159874099,0.999999999942431
"Pomp",9.06032041976668e-11,0.731806894967141,6.1028061552345e-06,0.998028919290875,0.999999999942431
"Park7",9.05604485444177e-11,0.73168953551567,6.09704768565671e-06,0.998029849441996,0.999999999942431
"Dpp10",9.04674719768443e-11,0.73143413662429,6.08453468308529e-06,0.998031872151333,0.999999999942431
"Necab1",9.03381557602694e-11,0.731078485108558,6.06715237688805e-06,0.99803468543136,0.999999999942431
"Yipf5",9.02889867574416e-11,0.730943126483501,6.06054974820684e-06,0.998035755105204,0.999999999942431
"Nrf1",9.01303320652323e-11,0.730505865709023,6.03926941511167e-06,0.998039206645115,0.999999999942431
"Ldhb",9.00426678252681e-11,0.730263932765788,6.0275270753232e-06,0.998041113784584,0.999999999942431
"Zfp120",9.00049038641421e-11,0.730159641424153,6.02247223696789e-06,0.998041935341254,0.999999999942431
"Pfdn6",8.97807370642128e-11,0.729539678634376,5.99251037791339e-06,0.998046812100096,0.999999999942431
"Snhg8",8.96094202498263e-11,0.729064849651414,5.96966275287558e-06,0.998050539105168,0.999999999942431
"Sec24d",8.9535331839637e-11,0.728859225752786,5.95979548705909e-06,0.998052150901908,0.999999999942431
"Wdyhv1",8.95220884091983e-11,0.728822452454527,5.9580325562005e-06,0.998052439013341,0.999999999942431
"Cbx6",8.95083334866902e-11,0.728784253207011,5.95620181293589e-06,0.998052738252308,0.999999999942431
"Adcy5",8.93986494542648e-11,0.72847943881675,5.94161322819977e-06,0.99805512443345,0.999999999942431
"Tm9sf3",8.93867222309329e-11,0.728446270569052,5.94002791967532e-06,0.99805538391074,0.999999999942431
"Rpl5",8.92311738921305e-11,0.728013308381565,5.91937255776001e-06,0.998058767871997,0.999999999942431
"Otub1",8.91931989269161e-11,0.727907493666072,5.91433530172974e-06,0.998059594019116,0.999999999942431
"Jup",8.91818880343611e-11,0.727875968030239,5.91283536293942e-06,0.998059840088105,0.999999999942431
"Adh5",8.91355599460922e-11,0.727746801570373,5.90669377490712e-06,0.998060847957804,0.999999999942431
"Mtf2",8.90372718859412e-11,0.72747254717649,5.89367456262782e-06,0.9980629862191,0.999999999942431
"Vars",8.88096218531094e-11,0.72683618436589,5.86357525792898e-06,0.99806793875615,0.999999999942431
"Cdc26",8.86686718790282e-11,0.72644137236628,5.84497783759388e-06,0.998071005129427,0.999999999942431
"Ncoa6",8.8651809633129e-11,0.726394098447774,5.84275495368485e-06,0.998071371968377,0.999999999942431
"Zbtb1",8.86264762690082e-11,0.726323058773655,5.83941615009991e-06,0.998071923096902,0.999999999942431
"Ank3",8.86191040804811e-11,0.726302381963918,5.8384447138411e-06,0.998072083479209,0.999999999942431
"Klhl7",8.85695611983085e-11,0.726163384812127,5.83191852454204e-06,0.998073161286938,0.999999999942431
"Mapkapk5",8.85473662309546e-11,0.726101089905791,5.82899600756922e-06,0.998073644139497,0.999999999942431
"Papola",8.85321180673644e-11,0.726058283762356,5.82698863376189e-06,0.998073975864013,0.999999999942431
"Pi4k2a",8.85050380618457e-11,0.7259822441876,5.82342448653868e-06,0.998074564990808,0.999999999942431
"Prpf40a",8.84155722712706e-11,0.725730864631163,5.81165715757061e-06,0.998076511323302,0.999999999942431
"Dvl1",8.83935472259165e-11,0.725668940537352,5.80876205513528e-06,0.998076990479204,0.999999999942431
"Med6",8.83365551375342e-11,0.72550863488192,5.80127402536829e-06,0.998078230344782,0.999999999942431
"Fbxl5",8.82821623823831e-11,0.72535554542083,5.79413201878059e-06,0.998079413661748,0.999999999942431
"Rims1",8.82155410746217e-11,0.725167911698881,5.78539034341601e-06,0.99808086301146,0.999999999942431
"Slbp",8.80405663992131e-11,0.72467444300787,5.76246257253433e-06,0.998084669593859,0.999999999942431
"Phlpp2",8.78773999047985e-11,0.724213404008958,5.74112310195734e-06,0.998088219288758,0.999999999942431
"Dhcr24",8.78631370012486e-11,0.72417306301354,5.73925963216878e-06,0.998088529578909,0.999999999942431
"Zfp523",8.77559904514765e-11,0.723869804616329,5.72527044541963e-06,0.998090860557252,0.999999999942431
"Ep300",8.76701835991795e-11,0.723626680898084,5.71407970493643e-06,0.998092727289463,0.999999999942431
"Rexo4",8.76512476555829e-11,0.723572996507596,5.71161159545381e-06,0.99809313924183,0.999999999942431
"Ermp1",8.7565413590795e-11,0.723329508959717,5.70043067540198e-06,0.998095006566062,0.999999999942431
"Ppp4c",8.75593805167427e-11,0.723312385943436,5.69964520693341e-06,0.99809513781588,0.999999999942431
"Fbxl3",8.74738972838478e-11,0.723069643110442,5.68852164118683e-06,0.998096997507758,0.999999999942431
"Cox14",8.73574204169511e-11,0.722738512328009,5.67338249534258e-06,0.998099531467664,0.999999999942431
"Chid1",8.7247400273548e-11,0.722425337255811,5.65910109154874e-06,0.998101924961254,0.999999999942431
"Tacc2",8.72088533275038e-11,0.722315520296766,5.65410167895687e-06,0.998102763551951,0.999999999942431
"Ubxn2b",8.72065811870452e-11,0.722309045668945,5.65380705873576e-06,0.998102812982478,0.999999999942431
"Ttc9c",8.68961166424461e-11,0.721422786817179,5.61362242880663e-06,0.998109567153909,0.999999999942431
"Elavl3",8.68897221414721e-11,0.721404500139398,5.61279627006194e-06,0.998109706266594,0.999999999942431
"Kcnip1",8.68140764236256e-11,0.721188071502269,5.60302758460047e-06,0.998111351942926,0.999999999942431
"Arpc4",8.66959010046846e-11,0.720849589459625,5.5877837556915e-06,0.998113922855024,0.999999999942431
"Cnot2",8.66466090539082e-11,0.720708271314121,5.58143156467871e-06,0.998114995203863,0.999999999942431
"Irgq",8.6588891698704e-11,0.720542697071652,5.57399819417927e-06,0.998116250847798,0.999999999942431
"Polr3f",8.6532128810645e-11,0.720379754747335,5.56669257972003e-06,0.998117485727258,0.999999999942431
"Ints7",8.65141378831627e-11,0.720328088382887,5.56437807404945e-06,0.998117877120783,0.999999999942431
"3110002H16Rik",8.63960295111004e-11,0.719988641353377,5.54919556052665e-06,0.998120446574323,0.999999999942431
"Zfp862-ps",8.63320448344978e-11,0.719804556333518,5.54097916433799e-06,0.99812183856417,0.999999999942431
"Banp",8.62924101243687e-11,0.719690459103097,5.53589264771011e-06,0.998122700819278,0.999999999942431
"Mbnl1",8.62288017880195e-11,0.719507240467826,5.52773436033774e-06,0.998124084621833,0.999999999942431
"B930095G15Rik",8.60769268043544e-11,0.719069237433403,5.50827948632744e-06,0.998127388669761,0.999999999942431
"Apba1",8.60553085350592e-11,0.719006829030843,5.50551301869736e-06,0.998127858976302,0.999999999942431
"Tomm70a",8.60404698291507e-11,0.718963983170022,5.5036145269819e-06,0.998128181793099,0.999999999942431
"Prdx5",8.60398583433569e-11,0.718962217385682,5.50353629937237e-06,0.998128195096004,0.999999999942431
"Tarbp2",8.60076982234007e-11,0.718869331332171,5.49942282656217e-06,0.998128894741041,0.999999999942431
"Pdap1",8.5992805452857e-11,0.718826305877211,5.49751847257806e-06,0.998129218734018,0.999999999942431
"Kalrn",8.59493442670446e-11,0.718700703790726,5.49196293121098e-06,0.998130164234318,0.999999999942431
"Akirin1",8.58468417548951e-11,0.718404225090261,5.47887139868162e-06,0.998132394181674,0.999999999942431
"Zmym5",8.58393311460942e-11,0.718382487651059,5.47791276447112e-06,0.998132557575351,0.999999999942431
"Dock3",8.56973795234958e-11,0.717971293775483,5.45981020841502e-06,0.998135645740134,0.999999999942431
"Pitrm1",8.56948772824287e-11,0.717964039465992,5.45949137575185e-06,0.998135700176516,0.999999999942431
"Zfp532",8.56817835478287e-11,0.717926075687212,5.4578231390471e-06,0.998135985031381,0.999999999942431
"Ap5z1",8.56772911911559e-11,0.717913049297318,5.45725083897532e-06,0.99813608276283,0.999999999942431
"Slc43a2",8.55848186740835e-11,0.717644759018418,5.44547704502583e-06,0.998138094507168,0.999999999942431
"Psmb4",8.54338406619682e-11,0.717206112017398,5.42628153471492e-06,0.99814137904157,0.999999999942431
"Crbn",8.53318622380901e-11,0.716909394261462,5.41333506357763e-06,0.998143597587432,0.999999999942431
"Tubgcp3",8.5324106017913e-11,0.716886812356483,5.41235102058724e-06,0.998143766324402,0.999999999942431
"Faap100",8.52351218068334e-11,0.71662759370421,5.40106786342444e-06,0.998145702180508,0.999999999942431
"Fam234b",8.51474757672194e-11,0.71637201228955,5.3899658948496e-06,0.998147608924636,0.999999999942431
"Atp5l",8.50488868211108e-11,0.716084210485588,5.37749145767235e-06,0.998149753732274,0.999999999942431
"Psmd8",8.50284336266857e-11,0.716024462124133,5.37490532968929e-06,0.998150198692582,0.999999999942431
"Fam19a3",8.49729297848376e-11,0.715862251538288,5.36789048740199e-06,0.998151406181548,0.999999999942431
"Abl2",8.49704570239751e-11,0.715855022436987,5.36757807458036e-06,0.998151459976589,0.999999999942431
"Snw1",8.47246413890980e-11,0.71513534470626,5.33656668247085e-06,0.998156807708565,0.999999999942431
"Phkg2",8.43271890661242e-11,0.713967351294283,5.2866153153331e-06,0.998165454304784,0.999999999942431
"Ppp4r1l-ps",8.42215600845595e-11,0.713656026347145,5.27337948814421e-06,0.998167752268877,0.999999999942431
"Prkar2b",8.41740666322883e-11,0.713515921319848,5.26743373314374e-06,0.998168785491454,0.999999999942431
"Slc12a9",8.40770096681296e-11,0.71322936205828,5.2552935003137e-06,0.998170896970874,0.999999999942431
"Gas2",8.39233088431428e-11,0.712774894711395,5.23609670361499e-06,0.998174240740527,0.999999999942431
"Dnajc1",8.38379139157496e-11,0.712522041582386,5.2254462987248e-06,0.998176098511745,0.999999999942431
"Samd14",8.383589197511e-11,0.712516051568739,5.2251942548861e-06,0.998176142499172,0.999999999942431
"Emb",8.38038733157526e-11,0.712421177068383,5.22120379775349e-06,0.998176839066824,0.999999999942431
"Chchd7",8.37123141469155e-11,0.712149680707699,5.20980127142544e-06,0.99817883094146,0.999999999942431
"Cab39",8.36815157498128e-11,0.712058289769697,5.2059685255748e-06,0.998179500962246,0.999999999942431
"Smc1a",8.36577818897343e-11,0.711987839458263,5.2030158972518e-06,0.998180017293649,0.999999999942431
"Dennd2a",8.36367188948878e-11,0.711925300692275,5.20039624135444e-06,0.998180475520236,0.999999999942431
"Fam214b",8.35522258851915e-11,0.711674273789649,5.18989427073766e-06,0.99818231367022,0.999999999942431
"Stx5a",8.35353345834557e-11,0.711624060078606,5.187796057126e-06,0.998182681141401,0.999999999942431
"Chn1",8.34836948872567e-11,0.711470485774682,5.18138407805365e-06,0.998183804565783,0.999999999942431
"Ppp1cc",8.34309816562085e-11,0.711313622187873,5.17484289016266e-06,0.998184951344977,0.999999999942431
"Smchd1",8.32964424315668e-11,0.710912818087381,5.15816663917795e-06,0.998187878253108,0.999999999942431
"Atxn7l3b",8.32327698454975e-11,0.710722909315185,5.15028375076738e-06,0.99818926345368,0.999999999942431
"Emc3",8.31570966041026e-11,0.71049702122057,5.14092297866485e-06,0.998190909729169,0.999999999942431
"Sgsm2",8.31256665725019e-11,0.710403141557963,5.13703758961143e-06,0.99819159349122,0.999999999942431
"Pip5k1c",8.30097903035063e-11,0.710056723296208,5.12272562362984e-06,0.998194114385784,0.999999999942431
"Arhgef12",8.29409823792182e-11,0.709850792656369,5.11423655201133e-06,0.998195611305946,0.999999999942431
"Zfp9",8.29104146935823e-11,0.709759254628864,5.11046756922073e-06,0.998196276307623,0.999999999942431
"Gtf2a1",8.284204837678e-11,0.709554404280976,5.1020430594997e-06,0.998197763620599,0.999999999942431
"Cdk7",8.24865412678169e-11,0.708486481405867,5.05834735835592e-06,0.998205497697373,0.999999999942431
"Tgfbr2",8.22569030333065e-11,0.707794246237659,5.03022221124426e-06,0.998210493489927,0.999999999942431
"Tns2",8.2193185386413e-11,0.707601834253647,5.02243223197272e-06,0.998211879670888,0.999999999942431
"Slitrk3",8.21712377593962e-11,0.707535523637786,5.01975036116589e-06,0.998212357142739,0.999999999942431
"Birc2",8.21673374593758e-11,0.707523737789442,5.01927384241511e-06,0.998212441993984,0.999999999942431
"H2afz",8.21148609834465e-11,0.707365111767544,5.01286473382284e-06,0.99821358362265,0.999999999942431
"Ctsf",8.20405106166111e-11,0.707140194080902,5.00379111196616e-06,0.998215201119042,0.999999999942431
"Tomm20",8.18931540154761e-11,0.706693830349751,4.98583219241569e-06,0.998218406870169,0.999999999942431
"Edrf1",8.18418333815816e-11,0.706538187028009,4.97958512828105e-06,0.998219523353445,0.999999999942431
"Auh",8.18326790226095e-11,0.706510413913131,4.97847121480967e-06,0.99821972250704,0.999999999942431
"Fcho1",8.18052969561525e-11,0.706427322054474,4.9751400756095e-06,0.998220318205438,0.999999999942431
"Ubp1",8.17713064585081e-11,0.706324138517995,4.97100654487687e-06,0.998221057670629,0.999999999942431
"Klhl29",8.17414915403415e-11,0.706233595791677,4.9673822140437e-06,0.998221706295855,0.999999999942431
"Grb14",8.14692573867633e-11,0.705405358684614,4.93435029321552e-06,0.998227628765273,0.999999999942431
"Tapbp",8.13319296994631e-11,0.704986520965511,4.91772925548177e-06,0.998230616336919,0.999999999942431
"Smarca4",8.12619311071387e-11,0.704772762866055,4.90926797850303e-06,0.998232139160285,0.999999999942431
"Piezo2",8.12108369359225e-11,0.704616619459777,4.90309642639131e-06,0.998233250716896,0.999999999942431
"Zfp746",8.11972429965342e-11,0.704575060168728,4.90145509822246e-06,0.998233546453824,0.999999999942431
"S100a16",8.10906621810205e-11,0.704248984140287,4.8885960846341e-06,0.998235865125562,0.999999999942431
"Cnot1",8.09971111937394e-11,0.703962423470925,4.87732304345673e-06,0.998237900332653,0.999999999942431
"Nptx1",8.08753101666164e-11,0.703588839277168,4.86266532837222e-06,0.998240550120998,0.999999999942431
"Zc3h15",8.07815386669072e-11,0.70330084821121,4.85139575611177e-06,0.998242590125377,0.999999999942431
"Ifitm10",8.0634529875207e-11,0.702848690644547,4.83375437690622e-06,0.998245788310133,0.999999999942431
"Atxn1l",8.06133699973018e-11,0.702783541923927,4.83121779035029e-06,0.998246248644501,0.999999999942431
"Cpsf7",8.05363973212504e-11,0.702546409997894,4.82199613832522e-06,0.998247923189529,0.999999999942431
"Fmr1",8.05352601774399e-11,0.702542905091636,4.82185996972234e-06,0.998247947928158,0.999999999942431
"Sept3",8.05312294155481e-11,0.702530481078606,4.82137731695649e-06,0.998248035617617,0.999999999942431
"Yes1",8.04036493699336e-11,0.702136924082308,4.80611306970253e-06,0.99825081112892,0.999999999942431
"Limch1",8.03670890367938e-11,0.70202402981039,4.80174328929896e-06,0.998251606501095,0.999999999942431
"Tspan15",8.03154759167529e-11,0.701864567961573,4.7955777463016e-06,0.998252729347528,0.999999999942431
"Brdt",8.03130379151629e-11,0.701857033109704,4.79528660817199e-06,0.998252782386394,0.999999999942431
"Pias2",8.02464036002137e-11,0.701651006711426,4.78733277920631e-06,0.998254232019802,0.999999999942431
"Tpd52",8.02421073601604e-11,0.70163771739445,4.78682018351757e-06,0.998254325484755,0.999999999942431
"Slc27a4",8.00862245234789e-11,0.701155058680941,4.76823995563595e-06,0.998257716724983,0.999999999942431
"Slc1a3",8.00716430915284e-11,0.701109862949948,4.76650379096263e-06,0.998258033944889,0.999999999942431
"Cep97",7.99279036432365e-11,0.700663901999273,4.74940611083457e-06,0.998261161005023,0.999999999942431
"Pcsk2",7.99182112096776e-11,0.700633802144104,4.74825431002489e-06,0.998261371864485,0.999999999942431
"Gpx4",7.96366537029233e-11,0.699757850645975,4.71485637439886e-06,0.99826749716465,0.999999999942431
"Ehbp1l1",7.94348239671581e-11,0.699128058622537,4.69098816007478e-06,0.998271887982518,0.999999999942431
"St7",7.9416488921802e-11,0.69907076756436,4.6888228741187e-06,0.998272286862519,0.999999999942431
"Vsnl1",7.93812872737038e-11,0.698960737289426,4.68466711970065e-06,0.998273052676467,0.999999999942431
"Rev3l",7.93103039064205e-11,0.698738717211755,4.676292733717e-06,0.998274596923848,0.999999999942431
"Tom1l2",7.9287308708391e-11,0.698666751364072,4.67358144191185e-06,0.998275097185751,0.999999999942431
"Zfp207",7.91093134578163e-11,0.6981089996762,4.65262117580359e-06,0.998278969483058,0.999999999942431
"Zfp74",7.90386285270994e-11,0.697887163702906,4.64431056693206e-06,0.998280507237958,0.999999999942431
"Bcl7a",7.89205327878395e-11,0.69751609795047,4.63044232177936e-06,0.998283076417852,0.999999999942431
"Eif2d",7.89183346018847e-11,0.697509185894917,4.63018438050189e-06,0.998283124239519,0.999999999942431
"Emc10",7.8858129268128e-11,0.697319800226556,4.62312251163993e-06,0.998284434010175,0.999999999942431
"Hdgf",7.88144411666014e-11,0.697182282916927,4.6180014290213e-06,0.998285384447453,0.999999999942431
"Cnot6",7.87596209122321e-11,0.697009618494428,4.61157945951544e-06,0.998286577065389,0.999999999942431
"Tmem189",7.86712970707909e-11,0.696731180201486,4.60124208051479e-06,0.998288498555889,0.999999999942431
"Entpd7",7.8639255604775e-11,0.696630094234774,4.59749483026521e-06,0.998289195619918,0.999999999942431
"Mknk1",7.85516896081733e-11,0.696353629510307,4.58726177117043e-06,0.998291100623471,0.999999999942431
"Mgat5",7.81919218352908e-11,0.695214567093292,4.54533855731491e-06,0.998298927393235,0.999999999942431
"Zfand6",7.81858701364578e-11,0.695195362621059,4.54463500751236e-06,0.998299059048312,0.999999999942431
"Gfm2",7.81567489778207e-11,0.695102928982494,4.54125024271759e-06,0.998299692580896,0.999999999942431
"Tpp2",7.80418341879637e-11,0.694737845587,4.52790595247949e-06,0.998302192559173,0.999999999942431
"Gm16286",7.8021425881369e-11,0.694672953134196,4.52553812472523e-06,0.998302636543132,0.999999999942431
"Zdhhc2",7.79727855738433e-11,0.694518223662878,4.51989723958029e-06,0.998303694716001,0.999999999942431
"Bcap31",7.79679214079586e-11,0.69450274505174,4.5193333288765e-06,0.998303800536228,0.999999999942431
"Snap91",7.79110074419213e-11,0.694321564258862,4.5127378136838e-06,0.998305038703049,0.999999999942431
"Arhgap21",7.77485189265761e-11,0.693803576797385,4.49393422091257e-06,0.998308573650687,0.999999999942431
"Gid8",7.76434634917499e-11,0.693468108380457,4.48179782896085e-06,0.998310859138146,0.999999999942431
"Msh3",7.75504937867913e-11,0.693170859250317,4.47107131204656e-06,0.998312881699818,0.999999999942431
"Zfp12",7.75374304786406e-11,0.693129064192951,4.46956514335155e-06,0.998313165892895,0.999999999942431
"Fam103a1",7.75249813928607e-11,0.693089227831825,4.46813002916988e-06,0.998313436723526,0.999999999942431
"Glb1l2",7.74841842240291e-11,0.69295863501128,4.46342860033958e-06,0.998314324268458,0.999999999942431
"Ppp2r2a",7.74371207717279e-11,0.692807899408525,4.45800812478867e-06,0.998315348136777,0.999999999942431
"Ecd",7.74190506202824e-11,0.692750000028768,4.45592779220193e-06,0.998315741254041,0.999999999942431
"Dmd",7.73800356588922e-11,0.692624944991955,4.45143783670699e-06,0.998316590026945,0.999999999942431
"2410004P03Rik",7.71806994659628e-11,0.691985038917283,4.42853296855932e-06,0.998320926598211,0.999999999942431
"Kdm5a",7.67840968832138e-11,0.690707010392383,4.38313677575486e-06,0.998329554712194,0.999999999942431
"Rplp0",7.67343744230517e-11,0.690546323734546,4.37746190849398e-06,0.998330636427438,0.999999999942431
"Hs3st1",7.6721454378463e-11,0.690504553590587,4.37598793435619e-06,0.99833091750382,0.999999999942431
"Trp53inp2",7.66933143701018e-11,0.690413553719694,4.37277846041539e-06,0.99833152969147,0.999999999942431
"Mgll",7.66876939492222e-11,0.690395374316168,4.37213757131018e-06,0.99833165196408,0.999999999942431
"Kcnc3",7.66840221846212e-11,0.690383497184682,4.37171891024937e-06,0.99833173184355,0.999999999942431
"Txnip",7.66837100976726e-11,0.690382487644841,4.37168332647065e-06,0.998331738633021,0.999999999942431
"Zfp287",7.66603996157954e-11,0.690307071370924,4.3690259027228e-06,0.998332245754021,0.999999999942431
"Dnttip1",7.66439631323497e-11,0.690253880912719,4.36715260897875e-06,0.998332603330752,0.999999999942431
"Esco1",7.66021279822748e-11,0.690118446521544,4.36238639870092e-06,0.998333513457077,0.999999999942431
"Iqsec2",7.65751018066611e-11,0.690030914960057,4.35930873425564e-06,0.99833410141323,0.999999999942431
"Nipbl",7.65313302265212e-11,0.689889084250703,4.354326454351e-06,0.998335053666716,0.999999999942431
"Prdx3",7.65063037822841e-11,0.689807956459986,4.35147911091026e-06,0.998335598118589,0.999999999942431
"Tbc1d15",7.64785249984753e-11,0.689717875811,4.34831971497901e-06,0.998336202447785,0.999999999942431
"Ciao1",7.64216867450018e-11,0.68953346094447,4.34185884095399e-06,0.99833743896758,0.999999999942431
"Csmd1",7.62328706330663e-11,0.688919864296787,4.32043036486847e-06,0.998341546674053,0.999999999942431
"Mir22hg",7.62197256415485e-11,0.688877091178348,4.31894053184381e-06,0.998341832644178,0.999999999942431
"Idh3b",7.62115496434532e-11,0.688850483236936,4.3180140064504e-06,0.998342010513536,0.999999999942431
"Gigyf2",7.61742408839682e-11,0.688729029996799,4.31378734227097e-06,0.998342822167967,0.999999999942431
"Anapc1",7.61287579534456e-11,0.688580887571705,4.30863743563579e-06,0.998343811652011,0.999999999942431
"Tbcd",7.60958007193885e-11,0.688473488047675,4.30490770092944e-06,0.998344528638734,0.999999999942431
"Trmt2a",7.60542564778589e-11,0.688338040214116,4.30020848483785e-06,0.998345432436353,0.999999999942431
"Srebf2",7.5933796419047e-11,0.687944888147711,4.28659732969812e-06,0.998348053052611,0.999999999942431
"Armcx2",7.59286938315172e-11,0.687928220981348,4.2860212488432e-06,0.998348164059728,0.999999999942431
"Tjp1",7.59277001811821e-11,0.687924975178925,4.28590907047246e-06,0.998348185676654,0.999999999942431
"Arl1",7.58919267071052e-11,0.687808091650898,4.28187139416389e-06,0.998348963930867,0.999999999942431
"Akap9",7.58629337199779e-11,0.687713322308466,4.27860041306776e-06,0.998349594675154,0.999999999942431
"Mef2a",7.57430827213067e-11,0.687321186189858,4.26509211747075e-06,0.998352202041298,0.999999999942431
"Ensa",7.57032544710223e-11,0.687190738141453,4.26060784014094e-06,0.998353068507435,0.999999999942431
"Qtrtd1",7.55624046055164e-11,0.686728874183293,4.24476842131797e-06,0.9983561327053,0.999999999942431
"Crtac1",7.55378574325379e-11,0.686648294145194,4.24201096169166e-06,0.998356666730626,0.999999999942431
"Akt1",7.54121428133809e-11,0.686235210588197,4.22790309445624e-06,0.998359401660259,0.999999999942431
"Ralbp1",7.53914931519653e-11,0.686167293295705,4.22558800802407e-06,0.998359850894974,0.999999999942431
"Mlxip",7.53655442982957e-11,0.686081920806307,4.22267971451941e-06,0.99836041541396,0.999999999942431
"Mroh1",7.53642462251573e-11,0.686077649346483,4.22253425547826e-06,0.998360443653624,0.999999999942431
"Tm7sf3",7.51944239110511e-11,0.685518202912537,4.20352596822164e-06,0.998364138149041,0.999999999942431
"Stip1",7.51864983968788e-11,0.685492063437659,4.20263990919781e-06,0.998364310569115,0.999999999942431
"Stx7",7.51479659540862e-11,0.685364939226197,4.19833337838683e-06,0.998365148844903,0.999999999942431
"Hip1r",7.50787523405875e-11,0.685136431817859,4.19060334863406e-06,0.998366654591551,0.999999999942431
"Sumo3",7.50415012269397e-11,0.685013361994631,4.18644595628945e-06,0.998367464991946,0.999999999942431
"Msrb1",7.49769073873051e-11,0.684799814717038,4.17924188308884e-06,0.998368870235122,0.999999999942431
"Sccpdh",7.48885477005945e-11,0.684507403561174,4.16939728102047e-06,0.998370792505853,0.999999999942431
"Mdm2",7.48540856148152e-11,0.684393265006684,4.16556083150884e-06,0.998371542230773,0.999999999942431
"Rnf215",7.48516895269526e-11,0.684385327228576,4.16529415561746e-06,0.998371594357821,0.999999999942431
"Rpl3",7.46761127137085e-11,0.683802992169495,4.14577632367452e-06,0.998375414042848,0.999999999942431
"Ddt",7.45891752273677e-11,0.683514146979799,4.13612896635909e-06,0.998377305373549,0.999999999942431
"Spock1",7.45446223774841e-11,0.683365993827489,4.13118934080778e-06,0.998378274623716,0.999999999942431
"Gskip",7.44818193608601e-11,0.683157004414305,4.12423131077909e-06,0.998379640907459,0.999999999942431
"C2cd2l",7.44105796929981e-11,0.682919729949354,4.11634567206837e-06,0.998381190731108,0.999999999942431
"Swi5",7.4183311946215e-11,0.682161280607942,4.09123945814412e-06,0.998386134955895,0.999999999942431
"Safb",7.41339140234086e-11,0.681996124300629,4.08579264166e-06,0.998387209610965,0.999999999942431
"Atp5o",7.41187724597897e-11,0.681945478485952,4.08412379759154e-06,0.998387539016681,0.999999999942431
"Prdx1",7.41022416252054e-11,0.681890174159481,4.08230222273804e-06,0.998387898646079,0.999999999942431
"Pcsk7",7.41002971621032e-11,0.681883668109276,4.08208798409361e-06,0.998387940948002,0.999999999942431
"Pde4a",7.39541626928005e-11,0.681394229107692,4.06600314862639e-06,0.998391120113045,0.999999999942431
"Glyr1",7.39116159536629e-11,0.681251550744137,4.06132605119538e-06,0.998392045720174,0.999999999942431
"Rnf41",7.3848619222066e-11,0.681040145563337,4.05440586063908e-06,0.998393416218247,0.999999999942431
"Ube2z",7.38412396917133e-11,0.681015369613974,4.05359560537567e-06,0.998393576760419,0.999999999942431
"Zmat2",7.37340293305632e-11,0.68065514715806,4.0418332904123e-06,0.998395909128946,0.999999999942431
"Isca2",7.35186634870811e-11,0.679929963349984,4.01825661666853e-06,0.998400594427216,0.999999999942431
"Tex9",7.35029902409125e-11,0.679877106374266,4.01654351664849e-06,0.998400935399733,0.999999999942431
"Sgpp1",7.34955411707384e-11,0.679851980986645,4.01572945457193e-06,0.998401097454752,0.999999999942431
"Magi3",7.34522496577347e-11,0.679705910890675,4.01100003017231e-06,0.998402039264509,0.999999999942431
"Erlin2",7.34369160267723e-11,0.679654153256693,4.00932556070555e-06,0.998402372848675,0.999999999942431
"Mycbp",7.32461060334804e-11,0.679009194222397,3.98851789187316e-06,0.998406523932853,0.999999999942431
"Neo1",7.31275394398977e-11,0.678607590878984,3.97561557529284e-06,0.998409103357056,0.999999999942431
"Qdpr",7.30589212062827e-11,0.678374876939053,3.96815814594565e-06,0.998410596151342,0.999999999942431
"Clip1",7.30249885247033e-11,0.67825971697523,3.96447292927347e-06,0.998411334359113,0.999999999942431
"5730409E04Rik",7.29853952837431e-11,0.678125279616673,3.96017511882413e-06,0.998412195712737,0.999999999942431
"Fxr2",7.29674793373465e-11,0.678064423062818,3.95823112505159e-06,0.998412585475358,0.999999999942431
"Rps29",7.29551035754454e-11,0.678022376700627,3.95688855512279e-06,0.998412854710892,0.999999999942431
"Rpl27a",7.28518830210747e-11,0.677671413089815,3.94569966565524e-06,0.998415100281016,0.999999999942431
"Pkia",7.28455208419086e-11,0.677649764796078,3.94501053722013e-06,0.998415238690653,0.999999999942431
"Unkl",7.27906191018714e-11,0.677462875684356,3.93906627813164e-06,0.998416433081717,0.999999999942431
"Cbx1",7.2631913215652e-11,0.676921847864537,3.92190825695911e-06,0.998419885739015,0.999999999942431
"Tcaim",7.26272154011748e-11,0.676905815274714,3.9214009372224e-06,0.998419987940288,0.999999999942431
"Ppp1r9b",7.25810679483283e-11,0.676748269963906,3.91641919114126e-06,0.998420991881254,0.999999999942431
"Txnrd1",7.25559133835445e-11,0.676662351825186,3.91370501920534e-06,0.998421539120518,0.999999999942431
"Srp9",7.25186991233215e-11,0.676535188610447,3.90969133433602e-06,0.998422348719275,0.999999999942431
"Zmym3",7.24586145632517e-11,0.676329740431226,3.90321535587043e-06,0.998423655862963,0.999999999942431
"Ap3s2",7.23926401062311e-11,0.676103959253857,3.89611074088051e-06,0.998425091141763,0.999999999942431
"Fbxo22",7.23341980265383e-11,0.675903786242801,3.88982267333547e-06,0.998426362553187,0.999999999942431
"Srf",7.22879683731737e-11,0.675745329656247,3.88485219755676e-06,0.998427368282447,0.999999999942431
"Surf4",7.20921251924393e-11,0.675072948230769,3.86383096219269e-06,0.99843162886422,0.999999999942431
"Chga",7.18898764707545e-11,0.674376681946773,3.84218203129797e-06,0.998436028799021,0.999999999942431
"Twf1",7.18509490095284e-11,0.674242447721484,3.83802217165625e-06,0.998436875668613,0.999999999942431
"Fam196b",7.16593685654058e-11,0.673580771025809,3.81758236595635e-06,0.998441043514357,0.999999999942431
"Kcna2",7.16288672970406e-11,0.673475265433338,3.81433320745989e-06,0.998441707071553,0.999999999942431
"Bag1",7.15402231090802e-11,0.673168388601297,3.80489820552404e-06,0.998443635531979,0.999999999942431
"Zfp148",7.13787402446961e-11,0.672608387123387,3.78774051762598e-06,0.998447148602861,0.999999999942431
"Olfml2b",7.12367091222448e-11,0.672114808262278,3.77268164167356e-06,0.998450238499776,0.999999999942431
"Bicd2",7.12233415948718e-11,0.672068304207685,3.7712658914509e-06,0.998450529311262,0.999999999942431
"Acad11",7.10060715586707e-11,0.671311238248246,3.74829215065732e-06,0.99845525603601,0.999999999942431
"Riok3",7.08940392151555e-11,0.670919974476967,3.73647348036812e-06,0.998457693307456,0.999999999942431
"Syt4",7.08552395421301e-11,0.670784327659818,3.7323847225702e-06,0.998458537397052,0.999999999942431
"Pdcd11",7.07866589598468e-11,0.670544385126827,3.72516309031415e-06,0.998460029372412,0.999999999942431
"Ar",7.07606213245755e-11,0.670453227350022,3.7224231220647e-06,0.998460595822988,0.999999999942431
"Laptm4b",7.07552550911690e-11,0.670434436053182,3.72185855285925e-06,0.998460712565772,0.999999999942431
"Ndufc2",7.07405731143234e-11,0.670383016014601,3.72031411431304e-06,0.998461031973205,0.999999999942431
"Selenow",7.06933597327998e-11,0.670217591321009,3.71534977810254e-06,0.998462059103625,0.999999999942431
"Ewsr1",7.05944090773483e-11,0.66987053758864,3.70495618515729e-06,0.99846421178207,0.999999999942431
"Def8",7.05108316501999e-11,0.669577029160223,3.69618870879724e-06,0.998466030014864,0.999999999942431
"Uckl1",7.04961131073449e-11,0.669525304845217,3.69464577326225e-06,0.998466350217798,0.999999999942431
"Atpaf1",7.03732453708179e-11,0.669093103693651,3.68177819387083e-06,0.998469023214047,0.999999999942431
"Ap2s1",7.03678398640023e-11,0.669074072130062,3.68121260640461e-06,0.998469140811228,0.999999999942431
"Pclo",7.0245537581763e-11,0.668643087829928,3.66842752012862e-06,0.998471801505997,0.999999999942431
"Samd4b",7.00976813009596e-11,0.668121064132337,3.65300079743693e-06,0.998475018129828,0.999999999942431
"Pdhx",7.00224437322916e-11,0.667855012264926,3.6451632942438e-06,0.998476654928458,0.999999999942431
"Pdcd5",6.99442298652147e-11,0.667578136765431,3.6370246725395e-06,0.998478356476677,0.999999999942431
"Herc1",6.97435488274477e-11,0.666866331091777,3.61618421682515e-06,0.998482722306901,0.999999999942431
"Pmm2",6.96757837005339e-11,0.66662551538548,3.60916042361076e-06,0.998484196542058,0.999999999942431
"Txnl1",6.96730514301252e-11,0.666615800922979,3.60887736948914e-06,0.998484255982795,0.999999999942431
"Zfp654",6.94859689174049e-11,0.665949742642435,3.58952264387021e-06,0.998488325976198,0.999999999942431
"Paics",6.94088957982763e-11,0.665674829583755,3.58156413717231e-06,0.998490002707411,0.999999999942431
"Rpl19",6.92774666630991e-11,0.665205338383069,3.56801324562488e-06,0.998492861957651,0.999999999942431
"Heatr6",6.92430438472646e-11,0.665082228059465,3.56446835419347e-06,0.998493610828476,0.999999999942431
"Dzip3",6.9212552866249e-11,0.664973129205085,3.56132983799017e-06,0.998494274161954,0.999999999942431
"Pacsin2",6.91661135762174e-11,0.664806875104662,3.55655237672609e-06,0.99849528445204,0.999999999942431
"Sfxn5",6.89764931712851e-11,0.664126884022147,3.53707837615357e-06,0.998499409657576,0.999999999942431
"Psmb6",6.88224253521084e-11,0.663573028270842,3.52129498912017e-06,0.998502761414084,0.999999999942431
"Osbpl6",6.88198014906528e-11,0.663563585212964,3.52102649483151e-06,0.998502818496379,0.999999999942431
"Mllt6",6.85450034694428e-11,0.662572639513624,3.49296366021501e-06,0.998508796747198,0.999999999942431
"Rit2",6.83420671425819e-11,0.661838315659732,3.47231153797542e-06,0.998513211641714,0.999999999942431
"Eif5a2",6.82573282306565e-11,0.661531051917462,3.46370607734321e-06,0.998515055142906,0.999999999942431
"Rtn2",6.82040058510037e-11,0.661337511830381,3.45829652163766e-06,0.998516215175157,0.999999999942431
"Iscu",6.81633115973655e-11,0.661189706666001,3.45417093371663e-06,0.998517100481609,0.999999999942431
"Sod1",6.81406875143251e-11,0.661107496339832,3.451878366667e-06,0.998517592670185,0.999999999942431
"Rps25",6.79961271270130e-11,0.660581563380831,3.43724759105551e-06,0.99852073759196,0.999999999942431
"Gmpr",6.79248215995658e-11,0.660321736733285,3.43004229125423e-06,0.998522288848922,0.999999999942431
"Smim13",6.78691777929371e-11,0.660118792160673,3.42442483273832e-06,0.998523499384006,0.999999999942431
"Phf23",6.78375530358256e-11,0.660003376944461,3.42123424237571e-06,0.998524187382913,0.999999999942431
"Zyg11b",6.78064912269178e-11,0.659889964565416,3.41810189488245e-06,0.99852486313484,0.999999999942431
"Sh3pxd2b",6.77342925195761e-11,0.659626155767967,3.41082674615025e-06,0.998526433823011,0.999999999942431
"H1f0",6.7690647638135e-11,0.659466546068038,3.40643260065985e-06,0.998527383320609,0.999999999942431
"Zfp788",6.76555831164155e-11,0.659338241291192,3.40290437343303e-06,0.998528146151853,0.999999999942431
"Wdr13",6.76263435538774e-11,0.659231200510592,3.39996365724389e-06,0.998528782260684,0.999999999942431
"Mxd4",6.76028944231862e-11,0.659145324482429,3.39760622179475e-06,0.998529292398245,0.999999999942431
"Tbc1d8",6.73925031248795e-11,0.658373507337975,3.37649131359104e-06,0.998533869476425,0.999999999942431
"Sms",6.73334131761803e-11,0.658156309449809,3.37057287397724e-06,0.998535154982617,0.999999999942431
"Prpf40b",6.73169444666772e-11,0.658095741656717,3.3689242958172e-06,0.998535513260607,0.999999999942431
"Coq10b",6.72168560375434e-11,0.657727326948893,3.35891375026996e-06,0.998537690691775,0.999999999942431
"Qsox1",6.72070571723522e-11,0.657691229318366,3.35793449756753e-06,0.998537903866811,0.999999999942431
"Memo1",6.71710463986541e-11,0.657558526139562,3.35433697586946e-06,0.998538687283856,0.999999999942431
"Sp3",6.7121056119417e-11,0.657374190808192,3.34934608012554e-06,0.998539774826079,0.999999999942431
"Fam184a",6.70583949543491e-11,0.65714294128124,3.34309540484277e-06,0.998541138024365,0.999999999942431
"2410002F23Rik",6.6795002673455e-11,0.656168562646478,3.31688492906e-06,0.998546868142985,0.999999999942431
"Slc41a2",6.6737789194016e-11,0.655956409527033,3.31120518519256e-06,0.998548112826487,0.999999999942431
"Rpsa",6.67335531483148e-11,0.655940694730144,3.31078485447706e-06,0.998548204981976,0.999999999942431
"Ube2a",6.66468326836117e-11,0.655618764543432,3.302185694517e-06,0.998550091592145,0.999999999942431
"Tubg2",6.66071334218194e-11,0.655471252138707,3.29825286575776e-06,0.998550955252545,0.999999999942431
"Actn1",6.6524100734336e-11,0.655162443225586,3.29003476399546e-06,0.998552761634856,0.999999999942431
"Ercc3",6.6445636578032e-11,0.654870275798945,3.2822782499726e-06,0.998554468628438,0.999999999942431
"Cwf19l2",6.64368547665851e-11,0.654837554871885,3.28141070033649e-06,0.998554659677402,0.999999999942431
"Ypel5",6.6395219621304e-11,0.654682364745555,3.27729915104466e-06,0.998555565453101,0.999999999942431
"Kcnip4",6.63569408924809e-11,0.654539600583177,3.27352132838804e-06,0.998556398209711,0.999999999942431
"Ube2l3",6.60899915416084e-11,0.653541724045306,3.24723601040445e-06,0.998562205712855,0.999999999942431
"Tnpo2",6.60583813572731e-11,0.653423299765486,3.2441305119996e-06,0.99856289339479,0.999999999942431
"Spata7",6.59377793771015e-11,0.652970963113631,3.2322957862074e-06,0.99856551709994,0.999999999942431
"Ppip5k2",6.57914519582733e-11,0.652421042587355,3.21796564957088e-06,0.998568700463965,0.999999999942431
"1700025G04Rik",6.5723013389638e-11,0.652163426071066,3.21127425093448e-06,0.998570189350191,0.999999999942431
"Evi5l",6.56457751768881e-11,0.651872368034706,3.20373085553089e-06,0.998571869673345,0.999999999942431
"Cse1l",6.54819818814886e-11,0.651254024168184,3.18776349191925e-06,0.998575433008883,0.999999999942431
"Vstm5",6.53837339324676e-11,0.650882391518903,3.17820494579999e-06,0.998577570400463,0.999999999942431
"Sez6l2",6.53491085147265e-11,0.650751286197812,3.17483965818302e-06,0.998578323679054,0.999999999942431
"Disp2",6.53483992342806e-11,0.650748599869889,3.17477074096228e-06,0.998578339109504,0.999999999942431
"Pcdha6",6.52228204925409e-11,0.65027252938291,3.16258067515265e-06,0.998581071084572,0.999999999942431
"Llgl1",6.51961199185853e-11,0.650171190690744,3.15999184399777e-06,0.998581651957589,0.999999999942431
"Zfp266",6.51424509653329e-11,0.649967373035019,3.15479142253894e-06,0.998582819529751,0.999999999942431
"Klhl12",6.5086032782399e-11,0.649752936094474,3.14932922325897e-06,0.998584046911617,0.999999999942431
"Spg21",6.49646849970561e-11,0.64929108989288,3.13759681761774e-06,0.998586686841941,0.999999999942431
"Cd99l2",6.48948929540167e-11,0.649025077931401,3.13085895175704e-06,0.998588205173166,0.999999999942431
"Dysf",6.4764710554718e-11,0.648528133823717,3.11831023194243e-06,0.998591037301216,0.999999999942431
"Acox1",6.47566885030335e-11,0.648497479110398,3.11753778360185e-06,0.998591211821564,0.999999999942431
"Smyd5",6.46349638475288e-11,0.648031871950137,3.10582858223101e-06,0.998593859950768,0.999999999942431
"Hs3st2",6.45974116253985e-11,0.647888056992039,3.10222072427721e-06,0.99859467690224,0.999999999942431
"Josd2",6.45496575761573e-11,0.64770505265522,3.09763574666136e-06,0.998595715795246,0.999999999942431
"Dffa",6.443805092669e-11,0.647276829596979,3.08693335451809e-06,0.998598143806477,0.999999999942431
"Rpn2",6.4426912270205e-11,0.647234051608139,3.08586624221635e-06,0.998598386128805,0.999999999942431
"Plxna1",6.43364211648432e-11,0.646886250184391,3.07720379569788e-06,0.998600354769763,0.999999999942431
"Gpr158",6.43034703637808e-11,0.646759484388567,3.0740525366602e-06,0.998601071616977,0.999999999942431
"Hspa5",6.42708507128589e-11,0.646633929466894,3.07093453737863e-06,0.998601781259996,0.999999999942431
"Akap8",6.4227048078638e-11,0.646465231727179,3.06675008415832e-06,0.998602734189679,0.999999999942431
"Arid4b",6.41691468585365e-11,0.646242061725868,3.06122317494628e-06,0.998603993835187,0.999999999942431
"Rala",6.41397785857884e-11,0.646128791013566,3.05842175810833e-06,0.998604632744227,0.999999999942431
"Nprl3",6.41053759070242e-11,0.645996038006649,3.05514174418545e-06,0.998605381177159,0.999999999942431
"Cul3",6.40939255372188e-11,0.645951837755152,3.05405043544472e-06,0.998605630280838,0.999999999942431
"Pcgf2",6.40242889200378e-11,0.645682861548531,3.04741772550815e-06,0.998607145230825,0.999999999942431
"Sacm1l",6.39622569828555e-11,0.645443015904827,3.04151541403272e-06,0.998608494740416,0.999999999942431
"2900011O08Rik",6.38954829448642e-11,0.645184578540604,3.03516828795438e-06,0.99860994741478,0.999999999942431
"Purb",6.38730855251056e-11,0.645097833557558,3.03304081288183e-06,0.998610434672381,0.999999999942431
"Slc30a4",6.37512660794658e-11,0.644625502255936,3.02148254836229e-06,0.998613084863864,0.999999999942431
"Pitpnb",6.37276047934927e-11,0.644533657000211,3.01924011774481e-06,0.998613599616976,0.999999999942431
"Fuk",6.35871575928117e-11,0.643987794522076,3.00594677160755e-06,0.998616655056737,0.999999999942431
"Lgals9",6.35450717839745e-11,0.643823992203366,3.00196905532691e-06,0.998617570636781,0.999999999942431
"Txlng",6.34719080527383e-11,0.643538976620561,2.99506029559052e-06,0.998619162319448,0.999999999942431
"Aarsd1",6.34710438246925e-11,0.643535608010751,2.99497873517855e-06,0.998619181120796,0.999999999942431
"Cox10",6.3402116270985e-11,0.643266794712798,2.98847736216212e-06,0.998620680645097,0.999999999942431
"Mapk10",6.3387790013384e-11,0.643210887005732,2.98712697003075e-06,0.998620992313948,0.999999999942431
"Hspbp1",6.33052009368388e-11,0.642888342958228,2.97934807947854e-06,0.998622789045749,0.999999999942431
"Epn1",6.32910460830359e-11,0.642833020832454,2.97801588177358e-06,0.998623096985699,0.999999999942431
"Psmc1",6.3246074832405e-11,0.642657176452751,2.97378534595969e-06,0.998624075338767,0.999999999942431
"Tmco3",6.32276902393933e-11,0.642585254414746,2.97205673632396e-06,0.998624475297024,0.999999999942431
"Zw10",6.30050218186592e-11,0.641712516275233,2.95116026266817e-06,0.998629319465937,0.999999999942431
"Dctn4",6.28829330557996e-11,0.641232703505993,2.93973404920819e-06,0.998631975516545,0.999999999942431
"Trappc6b",6.28385857604709e-11,0.641058189761016,2.93558909994445e-06,0.998632940295436,0.999999999942431
"Stard10",6.28332218639641e-11,0.641037073733325,2.93508795804633e-06,0.998633056987425,0.999999999942431
"Heca",6.2781768661328e-11,0.640834427792758,2.93028292538734e-06,0.99863417635589,0.999999999942431
"Slc38a10",6.27674934704092e-11,0.640778176628012,2.9289505133369e-06,0.99863448691379,0.999999999942431
"Mettl3",6.2759609670293e-11,0.640747105230902,2.92821478823614e-06,0.998634658426481,0.999999999942431
"Zcchc6",6.27206942783657e-11,0.640593676648109,2.92458451400752e-06,0.998635505033892,0.999999999942431
"Rps13",6.2708655738952e-11,0.640546194258218,2.92346193883581e-06,0.998635766933264,0.999999999942431
"Tmem128",6.26522928763492e-11,0.640323768324452,2.9182090552753e-06,0.998636993111774,0.999999999942431
"Aqp1",6.26387112422491e-11,0.640270141341721,2.91694398579728e-06,0.998637288581293,0.999999999942431
"Abhd13",6.2633852365052e-11,0.640250953316228,2.91649146936982e-06,0.998637394286548,0.999999999942431
"Ptpn12",6.26010432251342e-11,0.6401213494385,2.91343681086386e-06,0.998638108051971,0.999999999942431
"Tspan2",6.25910559687759e-11,0.640081884112443,2.9125072762186e-06,0.998638325325519,0.999999999942431
"Tmem179",6.25835376182489e-11,0.640052170739941,2.91180762560103e-06,0.998638488887827,0.999999999942431
"Mpst",6.25601138916538e-11,0.639959574951326,2.90962837449505e-06,0.998638998472845,0.999999999942431
"Ptcd3",6.25075540562127e-11,0.639751677418276,2.90474138381661e-06,0.998640141916208,0.999999999942431
"Abhd10",6.24936324709906e-11,0.639696582481807,2.90344764893538e-06,0.998640444781392,0.999999999942431
"Nipsnap1",6.24451685270062e-11,0.639504691072168,2.89894613550982e-06,0.998641499118317,0.999999999942431
"Lta4h",6.24405529311120e-11,0.639486408112682,2.89851760373722e-06,0.998641599530969,0.999999999942431
"Clvs2",6.24335846624618e-11,0.639458803394024,2.89787069971767e-06,0.998641751126204,0.999999999942431
"Mef2d",6.24172753528125e-11,0.639394182368077,2.89635689596153e-06,0.998642105936523,0.999999999942431
"Fam131a",6.24091117698664e-11,0.639361830227378,2.89559931391775e-06,0.998642283535914,0.999999999942431
"Stoml1",6.24009472828807e-11,0.63932947033042,2.89484174708635e-06,0.998642461154973,0.999999999942431
"Cox7b",6.2367372157252e-11,0.639196351616724,2.89172741848922e-06,0.998643191584483,0.999999999942431
"Gtpbp6",6.22850993983662e-11,0.638869857502704,2.88410312831659e-06,0.998644981434854,0.999999999942431
"Rnf128",6.22836728879604e-11,0.638864192738991,2.88397102108548e-06,0.998645012468701,0.999999999942431
"Prpf38a",6.22211928606497e-11,0.638615954981993,2.87818779731325e-06,0.998646371726638,0.999999999942431
"Pla2r1",6.22097594296472e-11,0.638570502515664,2.87713013394738e-06,0.998646620461834,0.999999999942431
"Chpf2",6.21311622531785e-11,0.638257824162429,2.86986466771155e-06,0.998648330349632,0.999999999942431
"Acin1",6.20628330183076e-11,0.637985677067234,2.86355582619149e-06,0.998649816857552,0.999999999942431
"Tfdp1",6.20588890005813e-11,0.637969959503709,2.86319188676003e-06,0.998649902659971,0.999999999942431
"Peli1",6.20523118472173e-11,0.63794374626794,2.86258502271394e-06,0.998650045746464,0.999999999942431
"Adck2",6.20353717496012e-11,0.637876218915486,2.86102228156457e-06,0.998650414279631,0.999999999942431
"Bpnt1",6.19637883696461e-11,0.637590669253922,2.85442335331775e-06,0.998651971581743,0.999999999942431
"Farsa",6.18980305949277e-11,0.637328071446805,2.8483681737968e-06,0.998653402147355,0.999999999942431
"Pigs",6.18479418013509e-11,0.637127861694793,2.84376015644136e-06,0.998654491833041,0.999999999942431
"Dhdh",6.18059701140462e-11,0.636959973654073,2.83990176086682e-06,0.998655404930436,0.999999999942431
"Rps14",6.17938301120537e-11,0.636911392312601,2.83878623668614e-06,0.998655669037145,0.999999999942431
"Zeb1",6.17685096592512e-11,0.636810035716362,2.83646028840751e-06,0.998656219885611,0.999999999942431
"Rad17",6.15559326447846e-11,0.635957480526712,2.81697046404454e-06,0.998660844515503,0.999999999942431
"Arf5",6.14516132790364e-11,0.635538037899957,2.8074306665913e-06,0.998663113991635,0.999999999942431
"Parm1",6.12774773520869e-11,0.634836313404815,2.79154233261341e-06,0.998666902332655,0.999999999942431
"Atpif1",6.11884398667741e-11,0.634476754423119,2.78343588487594e-06,0.998668839350282,0.999999999942431
"Samd10",6.10408471049466e-11,0.633879594522106,2.77002421670232e-06,0.998672050242659,0.999999999942431
"Spr",6.10177873154473e-11,0.633786166106722,2.76793171265234e-06,0.998672551910232,0.999999999942431
"Ube4b",6.09971152839917e-11,0.633702382269104,2.76605655193411e-06,0.998673001631937,0.999999999942431
"Zfp592",6.09500058702796e-11,0.633511342954414,2.7617856292109e-06,0.998674026501019,0.999999999942431
"Ppp4r3b",6.09119344147674e-11,0.633356848200718,2.75833649549632e-06,0.998674854748595,0.999999999942431
"Zbtb43",6.08846361109061e-11,0.633246012498868,2.75586469630732e-06,0.998675448625392,0.999999999942431
"Rheb",6.08168655820578e-11,0.632970640806353,2.74973301924634e-06,0.998676922978703,0.999999999942431
"Usp19",6.07703182717036e-11,0.632781330000138,2.74552551219265e-06,0.998677935619189,0.999999999942431
"Pdhb",6.07530940334838e-11,0.632711241709191,2.74396939449836e-06,0.99867831033388,0.999999999942431
"Ptgr2",6.05269624745538e-11,0.631789253263727,2.72358053048608e-06,0.998683229844195,0.999999999942431
"Uqcr10",6.04790412194935e-11,0.631593431607762,2.71926953504163e-06,0.998684272374973,0.999999999942431
"Dalrd3",6.04749155741347e-11,0.631576565742516,2.71889855167745e-06,0.998684362128721,0.999999999942431
"Ulk3",6.04142543035263e-11,0.631328448071991,2.71344673354116e-06,0.998685681819571,0.999999999942431
"Esyt2",6.03419608272341e-11,0.63103243116145,2.70695663840538e-06,0.998687254570001,0.999999999942431
"Usp48",6.02743212217179e-11,0.630755153443473,2.70089137780767e-06,0.9986887260751,0.999999999942431
"Rps6kb2",6.02508113620423e-11,0.630658706688246,2.69878483583547e-06,0.998689237534003,0.999999999942431
"Ophn1",6.01627736169662e-11,0.630297211050495,2.69090373546093e-06,0.99869115280229,0.999999999942431
"Myo5a",6.01361961709252e-11,0.630187977736631,2.68852679876682e-06,0.998691730996786,0.999999999942431
"Kcna6",5.99285556839999e-11,0.629332932997671,2.66999276166097e-06,0.998696248232461,0.999999999942431
"Abcb7",5.99080030095202e-11,0.629248140125798,2.66816171195148e-06,0.998696695357567,0.999999999942431
"Ppp1r9a",5.98792084886767e-11,0.629129296134698,2.66559744772824e-06,0.998697321784713,0.999999999942431
"Camk2n2",5.98424852825869e-11,0.628977646195626,2.66232889192302e-06,0.998698120701054,0.999999999942431
"Stx16",5.97527956576128e-11,0.628606883266942,2.65435447912481e-06,0.998700071906157,0.999999999942431
"Fam206a",5.97058793626301e-11,0.628412719968863,2.65018785941847e-06,0.998701092573983,0.999999999942431
"Dnajc5",5.97019646135519e-11,0.628396511962919,2.64984033986206e-06,0.998701177739668,0.999999999942431
"Tomm34",5.96860482912167e-11,0.6283306037544,2.64842765298267e-06,0.99870152400056,0.999999999942431
"Cct7",5.96765876243109e-11,0.628291419682856,2.64758812995184e-06,0.998701729818141,0.999999999942431
"Ryk",5.96479015967289e-11,0.628172570801271,2.64504339557018e-06,0.998702353885013,0.999999999942431
"Ahcyl1",5.96076559209561e-11,0.62800573419015,2.64147526849386e-06,0.998703229432978,0.999999999942431
"Lztr1",5.95818754720731e-11,0.627898804146253,2.63919087429242e-06,0.99870379028875,0.999999999942431
"Dus3l",5.95159722151294e-11,0.627625248488937,2.63335570778864e-06,0.998705224019494,0.999999999942431
"Sypl",5.94693506414337e-11,0.627431548098257,2.62923166859389e-06,0.998706238275644,0.999999999942431
"Rpl24",5.94570558631167e-11,0.627380441575535,2.62814463876701e-06,0.998706505749553,0.999999999942431
"Uri1",5.94549883671481e-11,0.627371846454115,2.62796186537219e-06,0.998706550728097,0.999999999942431
"Bcl11b",5.93910476435416e-11,0.627105882551143,2.62231243436122e-06,0.998707941763775,0.999999999942431
"Fbrs",5.92287318979148e-11,0.626429453865498,2.60799846031092e-06,0.998711472956131,0.999999999942431
"Dync1li2",5.9209735771894e-11,0.626350170665898,2.60632582876292e-06,0.998711886218412,0.999999999942431
"Ctnna1",5.91850641985019e-11,0.626247162682916,2.60415426824554e-06,0.998712422950516,0.999999999942431
"Cux2",5.91131259529565e-11,0.625946566484444,2.59782752217281e-06,0.998713987972958,0.999999999942431
"Arih2",5.90821377478475e-11,0.625816970140426,2.59510457661823e-06,0.998714662123907,0.999999999942431
"Tln1",5.90003295957544e-11,0.625474516479735,2.58792292284694e-06,0.998716441866985,0.999999999942431
"Ube2m",5.89783114737813e-11,0.625382267384296,2.58599172786355e-06,0.998716920873041,0.999999999942431
"Dhx33",5.89652548925954e-11,0.625327548323138,2.58484688418297e-06,0.99871720492004,0.999999999942431
"Slc7a1",5.89521136625583e-11,0.625272462441268,2.58369487415779e-06,0.998717490808581,0.999999999942431
"Ubb",5.88969988599346e-11,0.625041298275085,2.57886609843408e-06,0.998718689835652,0.999999999942431
"Otud4",5.88690580835789e-11,0.624924026744356,2.57641984715785e-06,0.998719297689544,0.999999999942431
"Pank4",5.87481513271351e-11,0.624415930010868,2.56584768286424e-06,0.998721928026002,0.999999999942431
"Dhx9",5.8722834854303e-11,0.624309409909095,2.56363674633626e-06,0.998722478787959,0.999999999942431
"Clptm1",5.87119101443861e-11,0.624263429756239,2.56268296463733e-06,0.998722716455925,0.999999999942431
"Homer1",5.86803052801499e-11,0.624130363009062,2.55992470153608e-06,0.998723404022356,0.999999999942431
"Spats2l",5.85419490524666e-11,0.623547005325277,2.54786736887017e-06,0.998726413973527,0.999999999942431
"Cdk9",5.85173738621829e-11,0.623443245673793,2.54572869108239e-06,0.998726948608825,0.999999999942431
"Frs2",5.84418431639489e-11,0.623124076076247,2.53916118605871e-06,0.998728591785418,0.999999999942431
"Rnf38",5.83265278993789e-11,0.62263600374676,2.52915071571376e-06,0.998731100478556,0.999999999942431
"Ppef1",5.82484329994961e-11,0.622304926115874,2.52238255889433e-06,0.998732799439583,0.999999999942431
"Pptc7",5.82234438585235e-11,0.622198894041792,2.52021877012268e-06,0.998733343080419,0.999999999942431
"Fam171a2",5.81880151766425e-11,0.622048488750731,2.51715262159224e-06,0.998734113834336,0.999999999942431
"Vps37a",5.81423373611702e-11,0.621854439531128,2.51320222378207e-06,0.998735107559007,0.999999999942431
"Tbc1d4",5.80896659799513e-11,0.621630493452343,2.50865084592504e-06,0.998736253429284,0.999999999942431
"Ppt2",5.8065343743289e-11,0.621527013555465,2.50655053342367e-06,0.998736782561565,0.999999999942431
"Radil",5.80375404539235e-11,0.621408671021547,2.50415069694749e-06,0.998737387424438,0.999999999942431
"Pigk",5.7931888447571e-11,0.620958461129786,2.49504184319807e-06,0.998739685892633,0.999999999942431
"Dpp8",5.7889758258182e-11,0.62077870793453,2.49141419128168e-06,0.998740602438413,0.999999999942431
"Phf24",5.78811913474033e-11,0.620742140464965,2.49067685381686e-06,0.998740788812271,0.999999999942431
"Rnf214",5.78431966028376e-11,0.620579897280068,2.48740803474201e-06,0.998741615391107,0.999999999942431
"Fbxo33",5.78005511052257e-11,0.620397669486479,2.48374165195064e-06,0.998742543147464,0.999999999942431
"Eif1ax",5.77554440807371e-11,0.620204779062521,2.47986658577418e-06,0.998743524454546,0.999999999942431
"Tmx4",5.77076241210146e-11,0.620000125085458,2.47576175968698e-06,0.998744564781763,0.999999999942431
"Supt6",5.77057106074826e-11,0.61999193238685,2.4755975760056e-06,0.998744606410409,0.999999999942431
"Arhgef17",5.76680190420701e-11,0.619830501512396,2.47236466634447e-06,0.998745426393563,0.999999999942431
"Ccndbp1",5.75807215589451e-11,0.619456211395209,2.46488503190036e-06,0.998747325557606,0.999999999942431
"Nucks1",5.74052467649097e-11,0.618702163249734,2.44988465918678e-06,0.99875114302644,0.999999999942431
"Gm12116",5.73856589852202e-11,0.618617849918174,2.44821304843723e-06,0.998751569160229,0.999999999942431
"Patj",5.73037311040232e-11,0.618264893010406,2.44122754953962e-06,0.998753351508154,0.999999999942431
"Nckipsd",5.72057811811067e-11,0.617842257272799,2.43288904584755e-06,0.998755482416949,0.999999999942431
"P2rx4",5.71809493728757e-11,0.617734999257536,2.43077737388075e-06,0.998756022635022,0.999999999942431
"Drg1",5.7155838861961e-11,0.617626490707377,2.42864293364205e-06,0.998756568916297,0.999999999942431
"Igsf3",5.71399282859502e-11,0.617557712956824,2.42729099023715e-06,0.998756915052215,0.999999999942431
"Ak1",5.71187943045085e-11,0.617466326424455,2.42549578896239e-06,0.998757374823758,0.999999999942431
"Pcdh19",5.71174697950282e-11,0.617460597934985,2.42538330217208e-06,0.998757403638573,0.999999999942431
"Pard3",5.69632560825968e-11,0.616792728262557,2.41230420609821e-06,0.998760758570861,0.999999999942431
"Ostf1",5.69500524477845e-11,0.61673546305365,2.41118602941532e-06,0.998761045817049,0.999999999942431
"Phf21a",5.69489432888469e-11,0.61673065194757,2.41109210983574e-06,0.998761069946895,0.999999999942431
"Zdhhc17",5.6925036994775e-11,0.616626933150697,2.40906825564525e-06,0.998761590030336,0.999999999942431
"Lrfn2",5.67790492448883e-11,0.615992623678787,2.39672769333714e-06,0.998764766006143,0.999999999942431
"Zfp871",5.67213411461533e-11,0.615741441308067,2.39185828064528e-06,0.998766021450701,0.999999999942431
"Rexo2",5.66950477990057e-11,0.615626912360781,2.38964128850736e-06,0.998766593464689,0.999999999942431
"Decr2",5.65803099297477e-11,0.615126521795812,2.37997889579263e-06,0.99876908959673,0.999999999942431
"Rab23",5.65447565169906e-11,0.614971264502771,2.3769888171977e-06,0.998769863064231,0.999999999942431
"Rps8",5.65125442721144e-11,0.614830514538839,2.37428135708968e-06,0.998770563844344,0.999999999942431
"Polr1a",5.63782918469441e-11,0.614243051450635,2.36301396801625e-06,0.998773484517222,0.999999999942431
"Prpf19",5.63194135920304e-11,0.613984976170815,2.35808095268539e-06,0.998774765418649,0.999999999942431
"Inpp5f",5.62524392233529e-11,0.613691090388267,2.35247588444274e-06,0.99877622245172,0.999999999942431
"Paip2b",5.6240958693654e-11,0.613640678802187,2.35151575138399e-06,0.998776472211618,0.999999999942431
"Cnnm4",5.62248538218266e-11,0.613569944393594,2.35016920828076e-06,0.998776822574472,0.999999999942431
"Pmm1",5.61101318577206e-11,0.613065493867159,2.34058835763824e-06,0.998779318360544,0.999999999942431
"Thap4",5.61087795373719e-11,0.613059541439421,2.34047553711845e-06,0.998779347780389,0.999999999942431
"Eloc",5.60850642005974e-11,0.612955132059609,2.3384974710857e-06,0.998779863709556,0.999999999942431
"Cry1",5.59656157148964e-11,0.612428584283753,2.32854713828634e-06,0.998782462321523,0.999999999942431
"Rab12",5.58026581490241e-11,0.611708451807429,2.31500661231274e-06,0.998786007477251,0.999999999942431
"Vgf",5.57966564697756e-11,0.611681889967349,2.31450867259275e-06,0.998786138044295,0.999999999942431
"Rhebl1",5.57874535493529e-11,0.611641154810984,2.31374524037718e-06,0.998786338254613,0.999999999942431
"Dnm1",5.57679629565359e-11,0.611554861148926,2.31212880564859e-06,0.998786762274122,0.999999999942431
"Ube4a",5.57043406167676e-11,0.611272969195314,2.30685627546725e-06,0.998788146383552,0.999999999942431
"Ahi1",5.56730760649271e-11,0.611134328774469,2.30426751534448e-06,0.998788826546546,0.999999999942431
"Slc17a5",5.56558452181983e-11,0.611057886999848,2.30284139202218e-06,0.998789201405088,0.999999999942431
"Mms19",5.56552643819717e-11,0.611055309810378,2.30279332638883e-06,0.99878921404123,0.999999999942431
"1810022K09Rik",5.56504860068609e-11,0.61103410699605,2.30239792307625e-06,0.998789317995189,0.999999999942431
"Socs5",5.56482987388178e-11,0.611024400956051,2.30221694128094e-06,0.998789365579392,0.999999999942431
"Nlgn2",5.56036265765965e-11,0.610826085122673,2.29852217500306e-06,0.998790337426097,0.999999999942431
"Wnk2",5.5566890296462e-11,0.610662881782891,2.29548599675264e-06,0.998791136627011,0.999999999942431
"Arpc2",5.55635801336064e-11,0.610648170942323,2.29521251712766e-06,0.998791208639886,0.999999999942431
"Cep83",5.54933902889582e-11,0.610336033570362,2.28941739537052e-06,0.998792735625959,0.999999999942431
"Edil3",5.53810708700013e-11,0.609835733326182,2.28015914689698e-06,0.998795179144532,0.999999999942431
"Ubl5",5.53475500340331e-11,0.609686228850049,2.2773997307983e-06,0.99879590839319,0.999999999942431
"Tssc4",5.53281898843322e-11,0.609599841011754,2.27580677543251e-06,0.998796329574905,0.999999999942431
"Jkamp",5.52392087713068e-11,0.609202410507053,2.2684925660659e-06,0.998798265366647,0.999999999942431
"Ccdc28a",5.52041019673932e-11,0.609045433725285,2.26561004047003e-06,0.998799029118178,0.999999999942431
"Arf6",5.51974026454134e-11,0.609015467151873,2.26506018530961e-06,0.998799174862503,0.999999999942431
"Dnaja4",5.51268095245031e-11,0.608699480622267,2.25927022376705e-06,0.998800710621908,0.999999999942431
"Ncor1",5.51234769950476e-11,0.608684553807138,2.258997076924e-06,0.998800783121372,0.999999999942431
"Set",5.50708547507164e-11,0.608448734185726,2.25468614579984e-06,0.998801927922817,0.999999999942431
"Adcy7",5.50506740433250e-11,0.608358238071808,2.25303398969562e-06,0.998802366955841,0.999999999942431
"Zfp369",5.50459374259108e-11,0.608336992973271,2.25264629958605e-06,0.99880247000136,0.999999999942431
"Gnai2",5.50035207858625e-11,0.608146661695402,2.24917600266881e-06,0.99880339277901,0.999999999942431
"Pcgf3",5.48400401064759e-11,0.60741173751924,2.23582593401469e-06,0.998806949315258,0.999999999942431
"Rflnb",5.47893966807084e-11,0.607183632712488,2.23169838042448e-06,0.998808051067348,0.999999999942431
"Lingo1",5.46398799167542e-11,0.606508974180571,2.21953467542066e-06,0.998811303817442,0.999999999942431
"Atl1",5.46397974104637e-11,0.606508601388451,2.21952797242517e-06,0.998811305612373,0.999999999942431
"Tmem143",5.43456339453431e-11,0.605175927238707,2.19569382386406e-06,0.998817705163982,0.999999999942431
"Pgm2l1",5.42673740126159e-11,0.604820181648743,2.18937459952615e-06,0.998819407715595,0.999999999942431
"Lig3",5.41708094891675e-11,0.604380531222777,2.18158989205869e-06,0.998821508485172,0.999999999942431
"Vps41",5.40209225807736e-11,0.603696575369807,2.169533975394e-06,0.998824769287872,0.999999999942431
"2010107E04Rik",5.40073950977441e-11,0.603634755461357,2.16844755709362e-06,0.99882506357944,0.999999999942431
"Lsm4",5.39765758360213e-11,0.603493855971692,2.16597341871115e-06,0.998825734055156,0.999999999942431
"Pex5l",5.39472387240609e-11,0.60335965886215,2.16361957779822e-06,0.998826372286576,0.999999999942431
"Copz1",5.39122011938826e-11,0.603199291942382,2.16081004499257e-06,0.998827134531091,0.999999999942431
"Cacnb3",5.3890321442127e-11,0.60309909609825,2.15905651266894e-06,0.998827610526993,0.999999999942431
"Zfp612",5.38145621844902e-11,0.602751855012205,2.15299035676042e-06,0.998829258676233,0.999999999942431
"Pdzd8",5.37100790722993e-11,0.602272167116993,2.14463823985807e-06,0.998831531715436,0.999999999942431
"Ndufs6",5.36935136716147e-11,0.60219602993278,2.14331553418539e-06,0.998831892097171,0.999999999942431
"Kcnb2",5.36840546175292e-11,0.602152544245109,2.14256043546353e-06,0.998832097879717,0.999999999942431
"Arhgap35",5.35992279653779e-11,0.601762236460855,2.13579482728994e-06,0.99883394329093,0.999999999942431
"Psmb5",5.35313979175609e-11,0.601449695659061,2.13039253314177e-06,0.998835418939538,0.999999999942431
"Grn",5.3517578774573e-11,0.601385973257286,2.12929275244544e-06,0.998835719576199,0.999999999942431
"B630019K06Rik",5.34717387447115e-11,0.601174480912782,2.12564665920162e-06,0.998836716830051,0.999999999942431
"Pex11b",5.34492146603683e-11,0.601070495938381,2.12385624947115e-06,0.998837206843473,0.999999999942431
"Vmp1",5.34270462349572e-11,0.600968110706608,2.12209484716634e-06,0.998837689119504,0.999999999942431
"Ndufc1",5.3379961162071e-11,0.600750508498073,2.11835610551931e-06,0.998838713459379,0.999999999942431
"Dpy19l4",5.3328961297088e-11,0.600514600587734,2.1143102327378e-06,0.998839822965901,0.999999999942431
"Lias",5.32487179160554e-11,0.600142971473829,2.10795227055826e-06,0.998841568667675,0.999999999942431
"Mgea5",5.31771007182464e-11,0.59981082595321,2.10228587634081e-06,0.998843126706083,0.999999999942431
"Ap1ar",5.3169864624569e-11,0.599777241940978,2.10171377660916e-06,0.998843284127935,0.999999999942431
"Mea1",5.31678945796038e-11,0.599768097827493,2.1015580344809e-06,0.998843326986435,0.999999999942431
"Tmeff2",5.30777965980319e-11,0.599349543786999,2.09444149521716e-06,0.998845287075919,0.999999999942431
"Fmnl1",5.30511944721841e-11,0.599225828510692,2.092342589932e-06,0.998845865807499,0.999999999942431
"Mrps12",5.30351014320446e-11,0.599150956865649,2.09107336135349e-06,0.998846215912999,0.999999999942431
"Crebrf",5.30265617458957e-11,0.599111217527684,2.09040000834514e-06,0.99884640169462,0.999999999942431
"Zfp672",5.29912061644521e-11,0.598946623537425,2.08761337966778e-06,0.998847170858396,0.999999999942431
"Chst2",5.28956809062554e-11,0.59850137421492,2.08009363900783e-06,0.998849249018773,0.999999999942431
"Smdt1",5.28950078001245e-11,0.598498234012222,2.08004070028585e-06,0.998849263662256,0.999999999942431
"Rtn4rl1",5.2721959356011e-11,0.597689611244535,2.06645306587788e-06,0.998853028346367,0.999999999942431
"Brk1",5.27216059438381e-11,0.59768795713982,2.06642536177775e-06,0.99885303603488,0.999999999942431
"Adss",5.27148054540762e-11,0.597656126106263,2.06589230524636e-06,0.998853183980133,0.999999999942431
"Gnpda1",5.26760618830985e-11,0.597474701903796,2.06285670144854e-06,0.998854026849929,0.999999999942431
"Tmem248",5.26713437011764e-11,0.597452599125742,2.06248717886236e-06,0.998854129494392,0.999999999942431
"Cct8",5.26506086138166e-11,0.597355440463122,2.06086362301481e-06,0.998854580588042,0.999999999942431
"Coa3",5.2556470550727e-11,0.596913861555694,2.05350065890031e-06,0.998856628569895,0.999999999942431
"Prkd1",5.25125379607312e-11,0.596707517426138,2.05006900165996e-06,0.998857584327262,0.999999999942431
"Ppp2r2b",5.24718088709658e-11,0.596516067506339,2.04689013935257e-06,0.998858470392201,0.999999999942431
"Nipsnap3b",5.24600564449996e-11,0.596460797170551,2.04597333349562e-06,0.998858726067264,0.999999999942431
"Nfatc3",5.24005319248783e-11,0.596180672413328,2.04133298438933e-06,0.99886002102845,0.999999999942431
"Scp2",5.23299721366661e-11,0.595848208571553,2.03583918338725e-06,0.998861556062871,0.999999999942431
"Mapk7",5.22123544642483e-11,0.595293033530309,2.02669789934484e-06,0.998864114845726,0.999999999942431
"Tbcb",5.21564312699849e-11,0.595028634046629,2.02235874535889e-06,0.998865331459762,0.999999999942431
"Acpp",5.21535887249733e-11,0.595015187303244,2.02213831274984e-06,0.99886539329958,0.999999999942431
"Prpf18",5.21018485739998e-11,0.594770302620255,2.0181280865707e-06,0.998866518911142,0.999999999942431
"Fzr1",5.1917335702941e-11,0.593895051912089,2.00385944685231e-06,0.998870533004995,0.999999999942431
"Nrg1",5.18399526092106e-11,0.593527066151792,1.99789037009709e-06,0.998872216481061,0.999999999942431
"Senp7",5.18398470424177e-11,0.593526563772082,1.99788223310416e-06,0.998872218777676,0.999999999942431
"Bace1",5.18161378524904e-11,0.593413709019128,1.99605516994733e-06,0.998872734573206,0.999999999942431
"Gramd4",5.17620639838769e-11,0.593156129067146,1.9918912893184e-06,0.998873910955017,0.999999999942431
"Psmd13",5.17424789563028e-11,0.593062770668063,1.99038424487113e-06,0.998874337029031,0.999999999942431
"Slc9a9",5.17302179549784e-11,0.593004306884878,1.98944106576832e-06,0.998874603768204,0.999999999942431
"Fbxo27",5.16872659686613e-11,0.592799392331638,1.98613874175961e-06,0.998875538192481,0.999999999942431
"Spryd3",5.16699236836668e-11,0.592716608490163,1.98480617347461e-06,0.998875915475432,0.999999999942431
"Svop",5.1667037909345e-11,0.592702830513964,1.98458447611823e-06,0.998875978255709,0.999999999942431
"Hibadh",5.16358182208673e-11,0.592553725244036,1.98218683953653e-06,0.998876657442806,0.999999999942431
"Setd7",5.16013824129382e-11,0.592389156654221,1.97954388946748e-06,0.998877406596869,0.999999999942431
"Fuca2",5.15572921599541e-11,0.592178291359683,1.97616253417551e-06,0.998878365784243,0.999999999942431
"Gng2",5.15042181869073e-11,0.591924224720388,1.97209603616541e-06,0.998879520413249,0.999999999942431
"Nudt4",5.14388802982181e-11,0.591611095620507,1.96709563561247e-06,0.998880941844834,0.999999999942431
"Atox1",5.14092688762772e-11,0.591469054957977,1.96483152205496e-06,0.998881586043956,0.999999999942431
"Trp53",5.13583747641219e-11,0.591224736483372,1.96094316262551e-06,0.9988826932499,0.999999999942431
"Ss18l1",5.12441670095813e-11,0.590675609237199,1.9522315977646e-06,0.998885177849783,0.999999999942431
"Ctdp1",5.12382870424004e-11,0.590647304860056,1.95178360924934e-06,0.998885305768994,0.999999999942431
"Rprd1b",5.11809820782373e-11,0.590371288337448,1.94742029613393e-06,0.998886552443603,0.999999999942431
"Spryd7",5.11679337324922e-11,0.590308396759366,1.94642745179424e-06,0.998886836311529,0.999999999942431
"2010300C02Rik",5.11537369552575e-11,0.590239951904304,1.94534751123497e-06,0.998887145163685,0.999999999942431
"Gtpbp10",5.11413075314792e-11,0.590180012354276,1.94440225826e-06,0.998887415566909,0.999999999942431
"Arhgap44",5.11081455035236e-11,0.590020021754805,1.94188142258439e-06,0.998888137009789,0.999999999942431
"Ak3",5.09696113885744e-11,0.589350553463111,1.93136833422728e-06,0.998891150831842,0.999999999942431
"Atp5e",5.09419855613046e-11,0.589216836681515,1.92927527575553e-06,0.998891751834185,0.999999999942431
"Wdr6",5.08812084895815e-11,0.588922406691709,1.92467452241965e-06,0.998893074044819,0.999999999942431
"Lrch3",5.08729062240258e-11,0.588882160068414,1.92404647698554e-06,0.99889325466135,0.999999999942431
"Sod2",5.08033385583611e-11,0.588544664443495,1.9187878860218e-06,0.998894768112146,0.999999999942431
"Ubxn2a",5.07801550080346e-11,0.588432092179405,1.91703704968636e-06,0.99889527247236,0.999999999942431
"Pfdn1",5.05575573263583e-11,0.587348639183292,1.90026700596704e-06,0.998900115104888,0.999999999942431
"Tob1",5.05161136730782e-11,0.587146400612534,1.89715286309687e-06,0.998901016715286,0.999999999942431
"Foxp1",5.05106901565072e-11,0.587119922592465,1.89674552029453e-06,0.998901134704376,0.999999999942431
"Rpusd1",5.03990364324372e-11,0.586574196839857,1.88836928816555e-06,0.998903563741177,0.999999999942431
"Slc24a2",5.03605932032987e-11,0.58638602338865,1.88548957730304e-06,0.998904400077083,0.999999999942431
"Polk",5.02934348194948e-11,0.586056953768708,1.88046414002029e-06,0.998905861113765,0.999999999942431
"Ankle2",5.02763540410742e-11,0.585973190488032,1.87918706132729e-06,0.998906232707636,0.999999999942431
"Hace1",5.01565339921806e-11,0.585384808991785,1.87024066969383e-06,0.99890883940359,0.999999999942431
"Eif2s2",4.99361238769268e-11,0.58429884706879,1.85383944776291e-06,0.998913634445527,0.999999999942431
"Eef1g",4.99139510999548e-11,0.584189340154226,1.85219351933677e-06,0.998914116816291,0.999999999942431
"Cpox",4.98339854321628e-11,0.583794006895262,1.84626358409632e-06,0.998915856476618,0.999999999942431
"Dnajc8",4.98166986626018e-11,0.583708462563302,1.84498291600459e-06,0.998916232551852,0.999999999942431
"Foxn3",4.98054827243402e-11,0.583652944347551,1.84415223530687e-06,0.998916476555602,0.999999999942431
"Ppp2r2c",4.9760473808182e-11,0.583430028875361,1.84082064271849e-06,0.998917455728642,0.999999999942431
"Thra",4.96476960050003e-11,0.582870600382955,1.83248597729602e-06,0.998919909219953,0.999999999942431
"Asb3",4.96129264367947e-11,0.582697875014763,1.82992020120752e-06,0.998920665635057,0.999999999942431
"Kcnd3",4.96121571685368e-11,0.582694052158524,1.82986345435895e-06,0.998920682370557,0.999999999942431
"Dctn6",4.93741001034319e-11,0.581508218012302,1.81234489291971e-06,0.998925861323585,0.999999999942431
"Fgfr1",4.9366217423893e-11,0.581468855648347,1.81176624972138e-06,0.998926032811994,0.999999999942431
"Zfp131",4.92941949977887e-11,0.581108922547082,1.80648358393877e-06,0.998927599666411,0.999999999942431
"Itgb1",4.92189599674496e-11,0.580732380259181,1.80097351807365e-06,0.998929236411329,0.999999999942431
"Apba3",4.90635043528598e-11,0.579952542495183,1.78961491531493e-06,0.998932618362358,0.999999999942431
"Oxct1",4.8984884551655e-11,0.579557220852808,1.7838841204228e-06,0.998934328743288,0.999999999942431
"B2m",4.89758006730312e-11,0.579511504341278,1.78322256596706e-06,0.998934526363895,0.999999999942431
"Apc",4.89659568595811e-11,0.579461953859551,1.78250580601836e-06,0.998934740516953,0.999999999942431
"Slc6a15",4.89231093239525e-11,0.579246159140284,1.77938761658128e-06,0.998935672668993,0.999999999942431
"Lxn",4.89080588529024e-11,0.579170315638184,1.77829298041243e-06,0.998936000093361,0.999999999942431
"Zxdc",4.89025077640523e-11,0.579142336351106,1.77788932905684e-06,0.998936120857805,0.999999999942431
"Cndp2",4.88819514615339e-11,0.57903869864697,1.77639496194632e-06,0.998936568062039,0.999999999942431
"Tsc22d2",4.88397881826182e-11,0.578825991577454,1.77333181360706e-06,0.998937485328015,0.999999999942431
"Pou4f3",4.88141953054862e-11,0.578696791240395,1.77147378867527e-06,0.99893804210339,0.999999999942431
"Metap2",4.88093206276458e-11,0.578672174867366,1.77112000089708e-06,0.998938148152451,0.999999999942431
"Fbxo18",4.87355287135332e-11,0.57829924067959,1.76576874671829e-06,0.998939753502273,0.999999999942431
"Cpd",4.87255409932931e-11,0.57824872134163,1.76504507765876e-06,0.998939970786038,0.999999999942431
"G3bp2",4.87051647349965e-11,0.57814562359991,1.76356915789793e-06,0.998940414073397,0.999999999942431
"Smarca2",4.87026585342109e-11,0.578132940040393,1.76338766812297e-06,0.998940468596023,0.999999999942431
"Gipc2",4.86943716519534e-11,0.578090996613747,1.76278762930779e-06,0.998940648877903,0.999999999942431
"Prkx",4.8681244923728e-11,0.578024542267366,1.76183735458715e-06,0.998940934451074,0.999999999942431
"Zfp706",4.86086231853774e-11,0.577656573584675,1.75658472570975e-06,0.998942514343623,0.999999999942431
"Spock3",4.85859915175705e-11,0.577541789901419,1.75494941144838e-06,0.998943006697623,0.999999999942431
"Mgrn1",4.85604876387488e-11,0.577412375693864,1.75310747024329e-06,0.998943561536837,0.999999999942431
"Cdh1",4.85578097416407e-11,0.577398783366144,1.75291412325652e-06,0.998943619794733,0.999999999942431
"Rpl10a",4.85476318660347e-11,0.57734711630282,1.75217936721092e-06,0.998943841215347,0.999999999942431
"Arfgap1",4.84403563828369e-11,0.57680189157961,1.74444435698026e-06,0.998946175003292,0.999999999942431
"Slc35c2",4.82772702606850e-11,0.575970725850386,1.7327179463258e-06,0.998949722956808,0.999999999942431
"Gclm",4.8229893431106e-11,0.575728751647409,1.72931881449329e-06,0.998950753644075,0.999999999942431
"Prosc",4.82131508442993e-11,0.575643183880309,1.72811838700439e-06,0.998951117880586,0.999999999942431
"Cacng7",4.81991053687382e-11,0.575571377868168,1.72711166130213e-06,0.998951423441194,0.999999999942431
"Mtor",4.81900739225283e-11,0.575525194652973,1.72646447689659e-06,0.998951619921134,0.999999999942431
"Scaf1",4.81450662302381e-11,0.575294915949319,1.72324107883006e-06,0.998952599067606,0.999999999942431
"Pigu",4.81374376547241e-11,0.575255863841363,1.72269502772877e-06,0.998952765027966,0.999999999942431
"Pdk1",4.81281969712884e-11,0.575208550877385,1.72203369832478e-06,0.998952966059882,0.999999999942431
"Pias1",4.81218469003462e-11,0.575176032864705,1.72157931542873e-06,0.998953104206257,0.999999999942431
"Tpp1",4.81045622806594e-11,0.575087498798164,1.72034280845544e-06,0.998953480234744,0.999999999942431
"Mat2b",4.80939391731276e-11,0.575033070298022,1.71958307308445e-06,0.998953711341423,0.999999999942431
"C330006A16Rik",4.80645440322606e-11,0.574882399698361,1.71748168816205e-06,0.99895435083541,0.999999999942431
"Pde11a",4.80613503001143e-11,0.574866024121969,1.71725345363481e-06,0.998954420315346,0.999999999942431
"Tmem62",4.80497361916125e-11,0.574806464771125,1.71642359937497e-06,0.998954672981342,0.999999999942431
"Arrdc4",4.79876409144791e-11,0.574487787396698,1.71199015440626e-06,0.998956023869796,0.999999999942431
"Ddhd2",4.79872811361371e-11,0.57448593980424,1.71196448385199e-06,0.998956031696807,0.999999999942431
"Atf2",4.79718290742044e-11,0.574406574961259,1.71086214500023e-06,0.998956367857833,0.999999999942431
"Tpm1",4.79333751184740e-11,0.57420895838067,1.70812040885069e-06,0.998957204427172,0.999999999942431
"Slc10a7",4.7920784648509e-11,0.574144221428501,1.70722319624265e-06,0.998957478334003,0.999999999942431
"Fktn",4.78753642160925e-11,0.573910541811918,1.70398843838412e-06,0.998958466459684,0.999999999942431
"Mmp16",4.78613404132078e-11,0.573838347806995,1.7029903092434e-06,0.998958771548805,0.999999999942431
"Pja1",4.78384046590137e-11,0.573720230452846,1.70135851172492e-06,0.998959270518246,0.999999999942431
"Cdk13",4.78003452912603e-11,0.573524104404575,1.69865244860553e-06,0.998960098503291,0.999999999942431
"Aco2",4.77597288981874e-11,0.573314631686086,1.69576695382195e-06,0.998960982116658,0.999999999942431
"Rela",4.77064310308194e-11,0.573039489612417,1.691984255147e-06,0.998962141616667,0.999999999942431
"Fbxw8",4.76266970445529e-11,0.572627308744277,1.68633319691911e-06,0.99896387623688,0.999999999942431
"Zbtb18",4.76176900186889e-11,0.572580704609596,1.68569542812864e-06,0.998964072185557,0.999999999942431
"Khdrbs3",4.76168306618267e-11,0.572576257672898,1.68563458515782e-06,0.998964090880945,0.999999999942431
"Cpt1c",4.73581159798119e-11,0.571233869070911,1.66736735941723e-06,0.998969719242708,0.999999999942431
"Usp38",4.73413832515866e-11,0.571146799462916,1.66618932792215e-06,0.998970083264755,0.999999999942431
"Smg6",4.73348131303635e-11,0.571112603204235,1.66572688658704e-06,0.998970226198349,0.999999999942431
"Ube2q1",4.73042028711959e-11,0.57095322078048,1.66357321397781e-06,0.998970892127363,0.999999999942431
"Cend1",4.72266247228762e-11,0.570548828641393,1.6581212204533e-06,0.998972579847146,0.999999999942431
"Tstd2",4.71522242967422e-11,0.570160385281757,1.65290095531364e-06,0.998974198435294,0.999999999942431
"Eepd1",4.70885206574356e-11,0.569827309118872,1.64843776489495e-06,0.998975584313859,0.999999999942431
"Agpat3",4.69540333067648e-11,0.569122676968298,1.63903515722688e-06,0.998978510098622,0.999999999942431
"Ccdc124",4.68682594688893e-11,0.568672234022819,1.63305237291307e-06,0.998980376116412,0.999999999942431
"Cyb5r1",4.66914400436579e-11,0.567741092969814,1.62075361495144e-06,0.998984222839407,0.999999999942431
"Tspan7",4.66553938168882e-11,0.567550844930906,1.61825210713317e-06,0.998985007028417,0.999999999942431
"Acp1",4.65553765641128e-11,0.567022204885598,1.61132130531445e-06,0.998987182913041,0.999999999942431
"Clic1",4.65448660066793e-11,0.56696658644744,1.61059382872158e-06,0.998987411571194,0.999999999942431
"Pcp4",4.65367242475577e-11,0.566923494404219,1.61003041878043e-06,0.998987588695921,0.999999999942431
"4833439L19Rik",4.65007578041689e-11,0.566733045134016,1.60754271936561e-06,0.99898837114924,0.999999999942431
"Ebf3",4.649291750219e-11,0.566691509938543,1.60700068270056e-06,0.998988541715738,0.999999999942431
"Uqcrc1",4.64862751462676e-11,0.56665631564074,1.60654153715456e-06,0.998988686220808,0.999999999942431
"Pex7",4.64737199684409e-11,0.56658977891071,1.60567385348781e-06,0.998988959359869,0.999999999942431
"Sema3f",4.64082752644754e-11,0.566242664528991,1.6011547893467e-06,0.998990383115491,0.999999999942431
"Mien1",4.63400821227786e-11,0.565880458769513,1.59645271612458e-06,0.998991866663634,0.999999999942431
"Ror2",4.63279757296714e-11,0.565816101109613,1.59561867532719e-06,0.998992130039343,0.999999999942431
"Cstf2",4.61720037688615e-11,0.564985466962681,1.58489285221703e-06,0.998995523223879,0.999999999942431
"Ppdpf",4.61517044444021e-11,0.564877158790793,1.58349957579765e-06,0.998995964837575,0.999999999942431
"Dusp26",4.6126574931927e-11,0.564743013799003,1.58177562044932e-06,0.998996511532461,0.999999999942431
"Vbp1",4.60957067987681e-11,0.564578136562012,1.57965926461338e-06,0.998997183071576,0.999999999942431
"Rasgrf1",4.60817460773771e-11,0.564503531828367,1.57870256626285e-06,0.998997486788372,0.999999999942431
"Pik3ip1",4.60720120468634e-11,0.564451500931341,1.57803568545954e-06,0.998997698553114,0.999999999942431
"Pdia3",4.60247862916725e-11,0.564198913164998,1.57480223727393e-06,0.998998725953824,0.999999999942431
"Rnf168",4.60243115167594e-11,0.564196372525942,1.5747697472702e-06,0.998998736282597,0.999999999942431
"Clgn",4.60151014200976e-11,0.564147081886468,1.57413954423569e-06,0.998998936649109,0.999999999942431
"Med13",4.60013824478348e-11,0.564073642585638,1.57320105418269e-06,0.998999235106631,0.999999999942431
"F2rl2",4.59571786639477e-11,0.563836867465003,1.57017905685439e-06,0.999000196764076,0.999999999942431
"Tmem59l",4.57751889407607e-11,0.562859678431083,1.55776790958135e-06,0.999004155967508,0.999999999942431
"Tsen34",4.57319564995476e-11,0.562626979929203,1.55482682693074e-06,0.999005096493309,0.999999999942431
"Coro2a",4.57190854492694e-11,0.562557659634108,1.55395175227327e-06,0.999005376504212,0.999999999942431
"Cct4",4.57107575566642e-11,0.562512797409712,1.55338568825244e-06,0.999005557678295,0.999999999942431
"Ola1",4.57107516864585e-11,0.562512765784168,1.55338528927884e-06,0.999005557806002,0.999999999942431
"Fam53b",4.5684515929017e-11,0.562371381457435,1.55160266516176e-06,0.999006128567359,0.999999999942431
"Rpl13a",4.55895287687037e-11,0.561858825787495,1.54515719410575e-06,0.999008195021923,0.999999999942431
"Asphd2",4.55654119410316e-11,0.561728522518771,1.54352285243161e-06,0.999008719685767,0.999999999942431
"Zzz3",4.55652974903716e-11,0.561727903979517,1.54351509843665e-06,0.999008722175652,0.999999999942431
"Fstl5",4.55301567336604e-11,0.561537916148447,1.54113524464398e-06,0.999009486666106,0.999999999942431
"Dld",4.54996682732266e-11,0.561372963696196,1.53907194803586e-06,0.999010149945419,0.999999999942431
"Scaf8",4.54665240847488e-11,0.561193519213359,1.53683049384071e-06,0.999010871000346,0.999999999942431
"U2surp",4.54639539205081e-11,0.561179598812849,1.5366567486417e-06,0.99901092691451,0.999999999942431
"Gm11613",4.54585847154874e-11,0.561150515877928,1.53629381769412e-06,0.999011043722068,0.999999999942431
"Kdm7a",4.54404776031034e-11,0.561052411582225,1.53507018502852e-06,0.999011437643995,0.999999999942431
"Ubtd1",4.54142185394492e-11,0.560910071529935,1.53329653031209e-06,0.999012008912387,0.999999999942431
"Dlst",4.53894193986493e-11,0.560775570618037,1.53162242665697e-06,0.999012548420021,0.999999999942431
"Golga1",4.53752472229384e-11,0.560698673699926,1.53066612302119e-06,0.999012856737033,0.999999999942431
"Adgra3",4.53398333833374e-11,0.560506417904412,1.52827778953056e-06,0.999013627168435,0.999999999942431
"Lrp10",4.5293661359175e-11,0.56025553524639,1.52516671724196e-06,0.999014631645154,0.999999999942431
"Calb1",4.5261479528963e-11,0.560080521242646,1.52300017923719e-06,0.999015331763891,0.999999999942431
"Hmgxb4",4.5255204017771e-11,0.560046378921419,1.52257788009063e-06,0.999015468288226,0.999999999942431
"Crot",4.52298794432619e-11,0.559908551503424,1.52087430370857e-06,0.999016019226722,0.999999999942431
"Tomm7",4.51604688891582e-11,0.559530398457588,1.51620996550058e-06,0.999017529259846,0.999999999942431
"Ube2o",4.51203772845847e-11,0.559311715703099,1.51351910290968e-06,0.999018401456471,0.999999999942431
"Med15",4.51066736877225e-11,0.559236924438426,1.51259989490278e-06,0.999018699579509,0.999999999942431
"Lasp1",4.49917328501851e-11,0.558608718761498,1.50490090181934e-06,0.999021200128238,0.999999999942431
"9230114K14Rik",4.49817254456303e-11,0.558553948731676,1.50423151318777e-06,0.999021417840265,0.999999999942431
"Palmd",4.4961783069638e-11,0.558444769259857,1.50289802495834e-06,0.999021851688531,0.999999999942431
"Creb5",4.49557321133378e-11,0.558411632360599,1.5024935321772e-06,0.999021983327655,0.999999999942431
"Arxes2",4.49357840953686e-11,0.55830235971972,1.50116043773311e-06,0.999022417298663,0.999999999942431
"Ipo11",4.48659897281935e-11,0.557919658494789,1.49650084723499e-06,0.999023935681692,0.999999999942431
"Cat",4.48550158273658e-11,0.55785943225728,1.49576886991416e-06,0.999024174419938,0.999999999942431
"Chmp7",4.48141178248259e-11,0.557634850505485,1.49304248271972e-06,0.999025064159835,0.999999999942431
"Kcnh7",4.47660821359961e-11,0.557370815621811,1.48984345125069e-06,0.999026109180771,0.999999999942431
"D230025D16Rik",4.47109842718374e-11,0.557067618312897,1.4861783248008e-06,0.999027307839999,0.999999999942431
"Rsf1",4.46882703358998e-11,0.556942518841555,1.4846687009239e-06,0.999027801983818,0.999999999942431
"Capn2",4.45220439632764e-11,0.556025096228793,1.47364423754429e-06,0.999031418254238,0.999999999942431
"Hps3",4.45093410481752e-11,0.555954848523932,1.47280344473867e-06,0.999031694607356,0.999999999942431
"Puf60",4.44660826781668e-11,0.555715479381717,1.46994201769212e-06,0.999032635697281,0.999999999942431
"Dctn5",4.44561932502677e-11,0.555660724227333,1.46928824887801e-06,0.999032850842719,0.999999999942431
"Ykt6",4.44451226379868e-11,0.555599414917614,1.46855656701102e-06,0.999033091684935,0.999999999942431
"Lrrc14",4.44308542061184e-11,0.555520373794989,1.46761380278421e-06,0.999033402096018,0.999999999942431
"Psmb7",4.43669496514473e-11,0.555166062054691,1.46339512360448e-06,0.999034792345644,0.999999999942431
"Rbm25",4.43179858002549e-11,0.554894246754318,1.46016686820903e-06,0.999035857558856,0.999999999942431
"Crtc2",4.43056353494432e-11,0.554825638360294,1.45935314863419e-06,0.999036126244081,0.999999999942431
"Ssu72",4.42465400892144e-11,0.554497095146617,1.45546274783141e-06,0.999037411867058,0.999999999942431
"Supv3l1",4.42359272306732e-11,0.554438046576765,1.45476462464569e-06,0.999037642750799,0.999999999942431
"Rpl21",4.41839179616856e-11,0.554148471640247,1.45134583042044e-06,0.999038774217368,0.999999999942431
"Tenm1",4.41120761727563e-11,0.553747920823525,1.44662997371021e-06,0.999040337142289,0.999999999942431
"Ddb1",4.41102332302997e-11,0.553737637117286,1.4465090997756e-06,0.999040377235676,0.999999999942431
"Tmem101",4.40828203025827e-11,0.553584621645529,1.44471175140461e-06,0.999040973606515,0.999999999942431
"Jmy",4.40633051793127e-11,0.553475633533461,1.44343290911855e-06,0.999041398159871,0.999999999942431
"Nfix",4.40514330332436e-11,0.553409306654453,1.44265519452488e-06,0.999041656439533,0.999999999942431
"Ube2d1",4.40060332612893e-11,0.553155506167933,1.43968310204749e-06,0.999042644115875,0.999999999942431
"Eif4ebp2",4.40048931643028e-11,0.553149129307467,1.4396085051351e-06,0.999042668918793,0.999999999942431
"Crat",4.39699934901727e-11,0.552953847451346,1.43732594330952e-06,0.999043428164512,0.999999999942431
"Eif2s3x",4.38710051992945e-11,0.552399123794031,1.43086161280815e-06,0.999045581664168,0.999999999942431
"Lmo4",4.38673454376064e-11,0.55237859108887,1.4306228950461e-06,0.999045661282631,0.999999999942431
"Mkl2",4.3866813960133e-11,0.552375609150373,1.4305882296599e-06,0.999045672844974,0.999999999942431
"Dnpep",4.38351428889709e-11,0.55219784925249,1.42852325608873e-06,0.999046361852133,0.999999999942431
"Nmt1",4.38279654327141e-11,0.552157546816365,1.42805548876356e-06,0.999046517998375,0.999999999942431
"Dync1li1",4.36718882833659e-11,0.551279538332995,1.41790261203553e-06,0.999049913471581,0.999999999942431
"Clstn2",4.35659133214362e-11,0.550681613247252,1.41102954714969e-06,0.999052218966952,0.999999999942431
"Sertad2",4.35630161164065e-11,0.550665246692737,1.41084188180958e-06,0.999052281995923,0.999999999942431
"Mrpl20",4.35377811203625e-11,0.550522646679468,1.40920782243435e-06,0.999052830985662,0.999999999942431
"Cdh2",4.34871358006487e-11,0.550236209831196,1.40593120757574e-06,0.99905393277941,0.999999999942431
"Gmeb2",4.34469038120171e-11,0.550008433575615,1.40333102512692e-06,0.999054808030151,0.999999999942431
"Ttc33",4.33740516674387e-11,0.549595446237028,1.39862873562231e-06,0.999056392935493,0.999999999942431
"Wdr47",4.33707477022353e-11,0.549576700369884,1.39841566607971e-06,0.99905646481357,0.999999999942431
"Zdhhc21",4.33705044934224e-11,0.549575320408643,1.39839998241833e-06,0.999056470104601,0.999999999942431
"Abhd5",4.33384721227426e-11,0.549393502757417,1.39633509868089e-06,0.999057166971876,0.999999999942431
"Pfdn2",4.3256149171103e-11,0.548925624229328,1.39103536175028e-06,0.999058957915533,0.999999999942431
"Dtd1",4.31771783553074e-11,0.548475971603713,1.38596089607483e-06,0.99906067593316,0.999999999942431
"Ctr9",4.31737715999541e-11,0.548456555608867,1.38574219519582e-06,0.999060750047448,0.999999999942431
"Rictor",4.31584052125331e-11,0.548368959747296,1.38475594538722e-06,0.999061084344672,0.999999999942431
"Plxna4",4.31432762092869e-11,0.5482826870433,1.383785274431e-06,0.99906141347758,0.999999999942431
"Rbx1",4.31347429421717e-11,0.548234013175955,1.38323793344779e-06,0.999061599119621,0.999999999942431
"Gpr137",4.31090822150373e-11,0.548087586829579,1.38159265491589e-06,0.999062157371188,0.999999999942431
"Vps26b",4.3033020502234e-11,0.54765305476869,1.37672158872108e-06,0.999063812101009,0.999999999942431
"Hspa1b",4.30148977058245e-11,0.547549409549415,1.3755622561397e-06,0.999064206364175,0.999999999942431
"Gprasp1",4.29369952761695e-11,0.547103390608465,1.3705843247021e-06,0.999065901138973,0.999999999942431
"Zfp451",4.2776748671269e-11,0.546183408017364,1.36037300756983e-06,0.999069387319181,0.999999999942431
"Atg5",4.27568440510819e-11,0.546068897566369,1.35910730089267e-06,0.999069820346097,0.999999999942431
"Cntnap2",4.2740880273654e-11,0.545977020631588,1.35809261252581e-06,0.999070167639602,0.999999999942431
"Armc10",4.27132543899322e-11,0.5458179443635,1.35633755352027e-06,0.999070768643346,0.999999999942431
"Gm42488",4.26620439963066e-11,0.545522794495493,1.35308718344883e-06,0.99907188273036,0.999999999942431
"Ostc",4.25059805791963e-11,0.544621167549716,1.34320574549826e-06,0.999075277904947,0.999999999942431
"Arhgap39",4.24844868054252e-11,0.544496735678502,1.34184766550025e-06,0.999075745504056,0.999999999942431
"Fbxo8",4.24735006467279e-11,0.544433110575943,1.34115377243679e-06,0.999075984508991,0.999999999942431
"Sv2b",4.2452850070414e-11,0.544313471156785,1.33984995405037e-06,0.999076433764259,0.999999999942431
"Rrp7a",4.24524711432698e-11,0.544311275300695,1.33982603559731e-06,0.999076442007855,0.999999999942431
"Zfp62",4.2448074850446e-11,0.54428579768084,1.3395485505683e-06,0.999076537649627,0.999999999942431
"Rab11fip2",4.24266409716999e-11,0.544161545700914,1.33819609948965e-06,0.999077003945714,0.999999999942431
"Srxn1",4.23602244900915e-11,0.543776136621065,1.33400963986593e-06,0.999078448842642,0.999999999942431
"Mitf",4.226342069465e-11,0.543213324186554,1.32791950968756e-06,0.999080554818501,0.999999999942431
"Htr3b",4.22315597568187e-11,0.543027808239927,1.32591811875948e-06,0.999081247956263,0.999999999942431
"Psmc6",4.2221064117912e-11,0.542966665307298,1.32525915050984e-06,0.999081476289895,0.999999999942431
"Itfg2",4.21489885963114e-11,0.54254638005309,1.32073831634505e-06,0.999083044299791,0.999999999942431
"Pla2g7",4.21428530679068e-11,0.542510569967375,1.32035383083655e-06,0.999083177778801,0.999999999942431
"Vps35",4.21123200762441e-11,0.54233228731542,1.31844130021917e-06,0.999083842026968,0.999999999942431
"Pbx1",4.20296172496177e-11,0.541848743223852,1.31326790899217e-06,0.999085641234912,0.999999999942431
"Atp6v1d",4.19700486519449e-11,0.541499877993678,1.30954795647066e-06,0.999086937155484,0.999999999942431
"Stk39",4.19674678176541e-11,0.541484752230404,1.30938690722404e-06,0.999086993301782,0.999999999942431
"Epc2",4.19525487092293e-11,0.541397296285029,1.30845611897282e-06,0.999087317868421,0.999999999942431
"Gtpbp3",4.18435147243074e-11,0.540757205556772,1.30166364530457e-06,0.999089689913257,0.999999999942431
"Fam149b",4.1825401491593e-11,0.540650711439824,1.30053696014935e-06,0.999090083968379,0.999999999942431
"Abr",4.17907974382629e-11,0.540447135463434,1.29838586383666e-06,0.999090836782892,0.999999999942431
"Itsn1",4.17627732131489e-11,0.54028214683765,1.2966450950575e-06,0.999091446452609,0.999999999942431
"Lmna",4.17041186654747e-11,0.539936472935895,1.29300545535748e-06,0.999092722487946,0.999999999942431
"Stbd1",4.17024126738179e-11,0.539926411695795,1.29289967149382e-06,0.999092759601959,0.999999999942431
"Stim1",4.16741490355284e-11,0.539759665250561,1.29114775052781e-06,0.999093374480134,0.999999999942431
"Patl1",4.16544769346749e-11,0.539643540307928,1.28992907686703e-06,0.999093802448584,0.999999999942431
"Ddx18",4.16095409744195e-11,0.539378079161056,1.28714748215155e-06,0.999094780034733,0.999999999942431
"Etv1",4.15766374995091e-11,0.539183521120171,1.28511261809162e-06,0.999095495853004,0.999999999942431
"Ebp",4.15503379138945e-11,0.539027902637041,1.28348731879852e-06,0.999096068003026,0.999999999942431
"Aars",4.15307796180057e-11,0.538912110366839,1.28227929412801e-06,0.99909649349564,0.999999999942431
"2510002D24Rik",4.14031186586339e-11,0.538154987358776,1.27440824459529e-06,0.999099270772135,0.999999999942431
"Kazn",4.1381037721917e-11,0.538023797772965,1.27304928300377e-06,0.999099751145046,0.999999999942431
"Anp32b",4.13538176642388e-11,0.53786198008047,1.27137503413127e-06,0.999100343320031,0.999999999942431
"Afg3l1",4.13383293579671e-11,0.537769858372402,1.27042287254166e-06,0.99910068026963,0.999999999942431
"Ambra1",4.12830987976906e-11,0.537441079482865,1.26703041353513e-06,0.999101881815807,0.999999999942431
"Scrn1",4.12683251777698e-11,0.537353060912943,1.26612373370887e-06,0.999102203217336,0.999999999942431
"1700021F05Rik",4.12196465736767e-11,0.537062822553143,1.26313854903727e-06,0.999103262225075,0.999999999942431
"Dock5",4.12066657433714e-11,0.536985369360257,1.26234310284957e-06,0.999103544624294,0.999999999942431
"Flot2",4.11848548429294e-11,0.536855175280119,1.26100712709873e-06,0.999104019122543,0.999999999942431
"Zfp715",4.11782950729787e-11,0.53681600526703,1.26060546207252e-06,0.999104161830972,0.999999999942431
"Naa60",4.11609492926514e-11,0.53671239966022,1.25954366094775e-06,0.999104539190101,0.999999999942431
"Gatad1",4.1090982594921e-11,0.536294054063421,1.25526527513175e-06,0.999106061322381,0.999999999942431
"Pon2",4.10905017854283e-11,0.536291176773215,1.25523589934704e-06,0.999106071782438,0.999999999942431
"Sertad4",4.10780864931655e-11,0.536216868907875,1.25447748727907e-06,0.999106341878323,0.999999999942431
"Edem3",4.10767424047798e-11,0.536208822957052,1.25439539479719e-06,0.999106371119096,0.999999999942431
"Slc16a6",4.10383142504157e-11,0.535978675354864,1.25204946622201e-06,0.999107207127314,0.999999999942431
"Zfand3",4.09972365251079e-11,0.535732424287394,1.24954421693893e-06,0.999108100777206,0.999999999942431
"Aldh6a1",4.09458972461874e-11,0.535424315425877,1.24641666309524e-06,0.999109217668192,0.999999999942431
"Fam173a",4.08658624391029e-11,0.534943231909729,1.24154881409167e-06,0.999110958833177,0.999999999942431
"Mrpl41",4.0822282351706e-11,0.534680884323,1.23890220626966e-06,0.999111906922204,0.999999999942431
"Exosc9",4.08196594656572e-11,0.534665086013287,1.23874300914823e-06,0.999111963983344,0.999999999942431
"Ddx58",4.07947362996773e-11,0.534514917484672,1.23723079797951e-06,0.999112506189237,0.999999999942431
"Cc2d1b",4.07168393033212e-11,0.53404498404141,1.23251035819611e-06,0.99911420084595,0.999999999942431
"Rpl36a",4.06903337835308e-11,0.533884880600438,1.23090622117725e-06,0.999114777476105,0.999999999942431
"Zc3h11a",4.06265595756009e-11,0.533499238332537,1.2270508312023e-06,0.999116164890189,0.999999999942431
"Faim2",4.05772171831944e-11,0.533200455389751,1.22407204801966e-06,0.999117238338728,0.999999999942431
"Nudc",4.05608144554194e-11,0.533101052625977,1.22308262272953e-06,0.999117595181664,0.999999999942431
"Bcas3",4.05607366132753e-11,0.533100580797498,1.22307792818463e-06,0.999117596875127,0.999999999942431
"Rps24",4.05447652467738e-11,0.533003753865998,1.22211490918931e-06,0.999117944333757,0.999999999942431
"Hdac3",4.03923085944969e-11,0.532077582959438,1.21294138226322e-06,0.999121261043047,0.999999999942431
"Dtx3l",4.03831972313644e-11,0.532022122525746,1.2123942333966e-06,0.999121459261638,0.999999999942431
"Ptgir",4.03602264344438e-11,0.531882245597707,1.21101535589802e-06,0.999121958993559,0.999999999942431
"Ero1l",4.03236234261242e-11,0.531659195263995,1.20881979314249e-06,0.999122755295566,0.999999999942431
"Tmem14a",4.02153142046801e-11,0.530998012485911,1.2023347362185e-06,0.99912511157322,0.999999999942431
"Rpl6",4.01815012422275e-11,0.530791238742341,1.20031374451519e-06,0.999125847177511,0.999999999942431
"Hn1",4.0149334866769e-11,0.530594374946245,1.19839274667734e-06,0.999126546960142,0.999999999942431
"B4galnt4",4.01492317851927e-11,0.530593743819178,1.19838659304838e-06,0.999126549202692,0.999999999942431
"Tmem214",4.01339083590105e-11,0.530499906862767,1.1974720109566e-06,0.999126882565321,0.999999999942431
"Rwdd4a",4.00902016206891e-11,0.530232063163957,1.19486528265362e-06,0.999127833409672,0.999999999942431
"Phf20",4.00628872014811e-11,0.530064528671304,1.19323765636568e-06,0.999128427637523,0.999999999942431
"Gnb2",4.0036620950471e-11,0.529903316919447,1.19167353516936e-06,0.999128999062374,0.999999999942431
"Pdcl",3.99831345724882e-11,0.529574716275147,1.18849166195106e-06,0.999130162663742,0.999999999942431
"Slc35b2",3.9927601105294e-11,0.529233080132606,1.18519250953337e-06,0.999131370799738,0.999999999942431
"Tfe3",3.98586884171014e-11,0.528808484401038,1.18110489511881e-06,0.999132870001993,0.999999999942431
"Sqle",3.98243283222205e-11,0.528596509068447,1.1790694350632e-06,0.999133617509211,0.999999999942431
"Bsn",3.97396445547613e-11,0.528073304552597,1.17406034208051e-06,0.999135459812842,0.999999999942431
"Gfra1",3.97217451658813e-11,0.527962575441033,1.17300294812922e-06,0.999135849215795,0.999999999942431
"Serp2",3.96879031133066e-11,0.527753087395156,1.17100505418657e-06,0.999136585452955,0.999999999942431
"Cnbp",3.96806711196602e-11,0.527708297287531,1.1705783282143e-06,0.999136742785683,0.999999999942431
"Ncald",3.96568110723849e-11,0.527560467088445,1.16917101043106e-06,0.999137261863344,0.999999999942431
"Ppp1ca",3.96560928188434e-11,0.527556015630218,1.16912865939015e-06,0.999137277489019,0.999999999942431
"Ddx10",3.96265524419416e-11,0.527372866873572,1.1673875076311e-06,0.999137920142806,0.999999999942431
"Serpinb1a",3.96248063814012e-11,0.527362037178385,1.16728463295594e-06,0.999137958128524,0.999999999942431
"Sema4f",3.95442263765385e-11,0.526861738421154,1.16254193911523e-06,0.999139711154408,0.999999999942431
"Ssr4",3.95225760148613e-11,0.526727146047057,1.16126931018064e-06,0.999140182160144,0.999999999942431
"Stk11",3.94551632464462e-11,0.526307599480622,1.15731118684912e-06,0.999141648731516,0.999999999942431
"Nelfa",3.94356056022944e-11,0.526185749277492,1.15616412934499e-06,0.999142074209979,0.999999999942431
"Acsl4",3.94037602045322e-11,0.525987214995597,1.15429761100411e-06,0.999142767009724,0.999999999942431
"Ccdc91",3.93292569540195e-11,0.525522119462339,1.14993672657302e-06,0.999144387835234,0.999999999942431
"Dicer1",3.9319566134304e-11,0.525461559514632,1.14937010226166e-06,0.999144598659966,0.999999999942431
"Cox11",3.92984300220424e-11,0.525329424485629,1.14813475362853e-06,0.999145058478158,0.999999999942431
"Icmt",3.92567742311797e-11,0.525068802879866,1.14570202980421e-06,0.99914596470397,0.999999999942431
"Cdk5r1",3.92225507968339e-11,0.524854478078674,1.14370529075992e-06,0.999146709238138,0.999999999942431
"Rims3",3.91400393946398e-11,0.524336989993515,1.1388983893793e-06,0.999148504281781,0.999999999942431
"Scx",3.9110203050764e-11,0.524149600078774,1.13716269299956e-06,0.999149153374368,0.999999999942431
"Brat1",3.90782234301933e-11,0.523948592548192,1.13530378352172e-06,0.99914984909415,0.999999999942431
"Spata6",3.90521470221425e-11,0.523784569510437,1.13378914110868e-06,0.999150416388965,0.999999999942431
"Lrrc8c",3.90313709931996e-11,0.523653809038585,1.13258309371201e-06,0.999150868373514,0.999999999942431
"Tmem184b",3.89979087010161e-11,0.52344305923158,1.13064195868297e-06,0.999151596348964,0.999999999942431
"Cd164",3.8989083353391e-11,0.523387446346766,1.13013028102659e-06,0.999151788345268,0.999999999942431
"Gfod2",3.88874079374254e-11,0.522745842492024,1.12424367736874e-06,0.999154000303925,0.999999999942431
"Cox5b",3.88798609083551e-11,0.522698152442157,1.12380734710987e-06,0.999154164490283,0.999999999942431
"Rapgef4",3.88751564081114e-11,0.522668419854088,1.12353540004259e-06,0.999154266837148,0.999999999942431
"Tbk1",3.88120792834469e-11,0.522269427433578,1.11989235938323e-06,0.999155639086192,0.999999999942431
"Fam63b",3.87755679313097e-11,0.522038183743419,1.11778633710526e-06,0.999156433394246,0.999999999942431
"Clic4",3.87706478651831e-11,0.522007006220601,1.11750269283759e-06,0.999156540430768,0.999999999942431
"Tnpo1",3.86826981044873e-11,0.521449026207936,1.11243841751971e-06,0.999158453786459,0.999999999942431
"Sptb",3.86316755314573e-11,0.52112474989435,1.10950573493867e-06,0.999159563787554,0.999999999942431
"Ifnar1",3.86172993028001e-11,0.521033304854619,1.10868011502728e-06,0.999159876543823,0.999999999942431
"Vkorc1",3.85836279414933e-11,0.520818994922088,1.10674758765751e-06,0.999160609067601,0.999999999942431
"Scn1a",3.85423413719095e-11,0.520555964242457,1.10438029529539e-06,0.999161507260986,0.999999999942431
"G6pc3",3.85081983521678e-11,0.52033823411914,1.10242451495492e-06,0.999162250045742,0.999999999942431
"Sugp1",3.84413351574942e-11,0.519911295440392,1.09859947852054e-06,0.999163704661126,0.999999999942431
"Rtca",3.83295411840736e-11,0.51919582398667,1.09221893974507e-06,0.999166136750033,0.999999999942431
"Kctd13",3.82591910346888e-11,0.518744533766814,1.08821329558272e-06,0.999167667224468,0.999999999942431
"Atl3",3.82450177784179e-11,0.518653514516316,1.08740717978947e-06,0.999167975565056,0.999999999942431
"Oscp1",3.82418117031128e-11,0.518632920805217,1.0872248730013e-06,0.99916804531354,0.999999999942431
"Shc1",3.81870461057423e-11,0.518280879620617,1.08411310177682e-06,0.999169236744513,0.999999999942431
"Eif4b",3.81658731768058e-11,0.518144643523,1.08291125515154e-06,0.999169697363671,0.999999999942431
"Ttbk2",3.8109902404093e-11,0.517784143343584,1.07973737592479e-06,0.999170915013355,0.999999999942431
"C1qtnf1",3.80769680933841e-11,0.517571773860108,1.07787197935049e-06,0.999171631502535,0.999999999942431
"Kcnh1",3.80011904151068e-11,0.517082449999532,1.07358606242595e-06,0.999173280053409,0.999999999942431
"4632428C04Rik",3.79131574134682e-11,0.516512779583747,1.06861771637376e-06,0.999175195220056,0.999999999942431
"Ap2a1",3.79006288028311e-11,0.516431599687231,1.06791157190657e-06,0.999175467781219,0.999999999942431
"Tmem106b",3.78978169903747e-11,0.516413376741507,1.06775312304866e-06,0.999175528952477,0.999999999942431
"Pcbp4",3.78625564551264e-11,0.516184745119014,1.06576714945707e-06,0.999176296048906,0.999999999942431
"Eno1",3.78512605962703e-11,0.516111457628397,1.0651313255398e-06,0.999176541791432,0.999999999942431
"Nrip1",3.78449387138468e-11,0.516070431866282,1.06477556076067e-06,0.999176679324609,0.999999999942431
"Ppp2r5e",3.78352673024229e-11,0.516007656307732,1.06423141578163e-06,0.999176889727121,0.999999999942431
"Dpf2",3.78242979401533e-11,0.515936436809235,1.06361441220315e-06,0.999177128366682,0.999999999942431
"Zfp719",3.77862701394697e-11,0.515689380373758,1.06147681352674e-06,0.999177955665246,0.999999999942431
"Ppp1cb",3.77345569285252e-11,0.515353019840018,1.05857338791212e-06,0.999179080691266,0.999999999942431
"Hps5",3.76923492725703e-11,0.515078149671095,1.05620659647e-06,0.999179998922997,0.999999999942431
"Arrb1",3.76216555346064e-11,0.514617088193514,1.05224838357396e-06,0.999181536872263,0.999999999942431
"2310036O22Rik",3.75517270720127e-11,0.514160176635181,1.04834032976385e-06,0.999183058172892,0.999999999942431
"Mthfd1",3.75384569435681e-11,0.514073375109836,1.04759953013341e-06,0.99918334686585,0.999999999942431
"Camk4",3.75141965188727e-11,0.513914606473434,1.04624587849796e-06,0.999183874653793,0.999999999942431
"Nrbf2",3.74728431700959e-11,0.513643742311517,1.04394051530393e-06,0.999184774299992,0.999999999942431
"Hsf1",3.74639024713156e-11,0.513585142046209,1.04344242423589e-06,0.99918496880578,0.999999999942431
"Med27",3.73306211528569e-11,0.512709933976422,1.03603134353204e-06,0.999187868354076,0.999999999942431
"Evi5",3.73017019983765e-11,0.512519626074003,1.03442678703415e-06,0.99918849749315,0.999999999942431
"Rnf208",3.73001350635804e-11,0.512509310412408,1.03433988240537e-06,0.999188531581972,0.999999999942431
"Timm17a",3.72625757633619e-11,0.512261916886559,1.0322578780051e-06,0.999189348688275,0.999999999942431
"Rab24",3.71919711703817e-11,0.511796196218561,1.02834976924918e-06,0.999190884698201,0.999999999942431
"Fam219a",3.71746825393101e-11,0.511682024420331,1.02739393781572e-06,0.999191260814086,0.999999999942431
"Tomm5",3.71629001555537e-11,0.5116041851386,1.02674278329466e-06,0.999191517141015,0.999999999942431
"Fxr1",3.71402155369976e-11,0.511454252655487,1.02548969703491e-06,0.999192010647144,0.999999999942431
"Ubxn6",3.70711721325556e-11,0.510997358592925,1.0216804844357e-06,0.999193512693264,0.999999999942431
"Cyb5b",3.70556568651072e-11,0.510894571009005,1.02082546270942e-06,0.999193850229449,0.999999999942431
"Chchd10",3.70552204277579e-11,0.510891679027887,1.02080141651658e-06,0.999193859724187,0.999999999942431
"Pcnt",3.70445497675183e-11,0.510820961182652,1.02021358804833e-06,0.99919409186546,0.999999999942431
"Alg5",3.70062216194152e-11,0.510566782662576,1.01810355195201e-06,0.99919492569813,0.999999999942431
"Lyrm4",3.67944352169768e-11,0.509157594516336,1.00648369552059e-06,0.999199533132374,0.999999999942431
"Uqcc3",3.66527789088106e-11,0.508210568589207,9.98748813239118e-07,0.999202614879459,0.999999999942431
"Rad21",3.66155972334346e-11,0.507961397105764,9.96723519673096e-07,0.999203423770509,0.999999999942431
"Myg1",3.65463475164556e-11,0.507496657212397,9.92956952597513e-07,0.999204930305001,0.999999999942431
"Uba3",3.65423503158248e-11,0.507469805209073,9.92739758192447e-07,0.999205017264499,0.999999999942431
"Ddhd1",3.65291160610794e-11,0.507380880755337,9.92020822947811e-07,0.99920530517703,0.999999999942431
"Agfg2",3.6494209681454e-11,0.507146183098073,9.90125824415964e-07,0.999206064568798,0.999999999942431
"Rps17",3.64935804433817e-11,0.507141950302077,9.90091680945022e-07,0.999206078257935,0.999999999942431
"Elk1",3.646668253016e-11,0.5069609445062,9.8863270732069e-07,0.999206663424718,0.999999999942431
"Ret",3.64109938514326e-11,0.506585776451861,9.85615508751939e-07,0.999207874937476,0.999999999942431
"Prdx6",3.63320445769191e-11,0.506052933788598,9.81345959353401e-07,0.999209592486818,0.999999999942431
"Adam15",3.63141010929676e-11,0.505931670816879,9.80376874491036e-07,0.999209982849102,0.999999999942431
"Bet1l",3.62871604307946e-11,0.505749493474632,9.78922772413283e-07,0.999210568945896,0.999999999942431
"Rpl29",3.6285219246998e-11,0.505736361709231,9.78818040151303e-07,0.999210611176543,0.999999999942431
"1810041L15Rik",3.62453227563913e-11,0.505466315473461,9.76666754500302e-07,0.999211479128678,0.999999999942431
"Cpt1a",3.61611168204382e-11,0.504895389769489,9.72133998287147e-07,0.999213311037223,0.999999999942431
"Cap1",3.6155486363476e-11,0.504857167897024,9.71831290130398e-07,0.999213433528376,0.999999999942431
"Trove2",3.61173472080954e-11,0.504598108901668,9.69782069991943e-07,0.999214263249511,0.999999999942431
"Polr1c",3.60684013668086e-11,0.504265250357788,9.67155374528469e-07,0.999215328071178,0.999999999942431
"Scarb2",3.6056582732418e-11,0.504184810414326,9.66521657334881e-07,0.999215585186751,0.999999999942431
"Pnpla8",3.60262928662136e-11,0.503978532891474,9.64898457759262e-07,0.999216244145817,0.999999999942431
"Armcx3",3.59186483352635e-11,0.503244074835879,9.59140947856817e-07,0.99921858596335,0.999999999942431
"Gan",3.57479689948396e-11,0.502075070191533,9.5004725411293e-07,0.99922229910948,0.999999999942431
"Ndufs2",3.56967829819355e-11,0.50172341781746,9.4732853652581e-07,0.999223412666315,0.999999999942431
"Ap2a2",3.56885057709396e-11,0.50166650596109,9.46889262819407e-07,0.999223592737869,0.999999999942431
"Lipa",3.5640081779643e-11,0.501333294729163,9.44321430451267e-07,0.99922464620665,0.999999999942431
"Ak2",3.5601787946264e-11,0.501069474082947,9.42293249898901e-07,0.999225479292832,0.999999999942431
"Cpne2",3.55083443227151e-11,0.500424529544948,9.37353287770463e-07,0.999227512168227,0.999999999942431
"Chgb",3.550202850476e-11,0.500380877639356,9.37019866072911e-07,0.99922764956948,0.999999999942431
"Maea",3.54749014521374e-11,0.500193301346469,9.35588461889475e-07,0.99922823972123,0.999999999942431
"March5",3.54490520572962e-11,0.500014428076367,9.34225493515579e-07,0.999228802077406,0.999999999942431
"Nup93",3.5439785245869e-11,0.499950272051868,9.33737121645751e-07,0.999229003677818,0.999999999942431
"Hsdl1",3.54338087259708e-11,0.499908886611996,9.33422219740758e-07,0.999229133697608,0.999999999942431
"Dusp22",3.53765205459454e-11,0.499511835213444,9.30406408877516e-07,0.999230380007711,0.999999999942431
"Cdip1",3.53309948940034e-11,0.499195854891058,9.28013290330269e-07,0.999231370422837,0.999999999942431
"D130043K22Rik",3.52643083265025e-11,0.498732277338393,9.24513382287442e-07,0.999232821195806,0.999999999942431
"Gsn",3.51819341777831e-11,0.498158451432111,9.20199272084747e-07,0.999234613253683,0.999999999942431
"Creb1",3.49190532931081e-11,0.49631829893673,9.06499113157337e-07,0.999240332253751,0.999999999942431
"Slc24a3",3.48756631382823e-11,0.496013257380192,9.04247694769311e-07,0.999241276210934,0.999999999942431
"Btf3",3.48539525461834e-11,0.49586048704506,9.03122231304534e-07,0.99924174852705,0.999999999942431
"Zfp385b",3.48506355506974e-11,0.49583713817049,9.0295034205812e-07,0.99924182068862,0.999999999942431
"Ssbp3",3.48327987237424e-11,0.495711544240238,9.02026304535318e-07,0.999242208730586,0.999999999942431
"Cd2ap",3.48016978192402e-11,0.495492402593217,9.0041625246525e-07,0.999242885333893,0.999999999942431
"Snx12",3.47859141886692e-11,0.495381114885887,8.99599705248955e-07,0.999243228708365,0.999999999942431
"Rabepk",3.47638758957084e-11,0.495225643293056,8.98460200243075e-07,0.999243708153647,0.999999999942431
"Gbf1",3.46684945888754e-11,0.49455164287694,8.93536770747952e-07,0.999245783183582,0.999999999942431
"Extl2",3.46663339870051e-11,0.494536354078086,8.93425400636124e-07,0.999245830187693,0.999999999942431
"Snrpd1",3.46137058800774e-11,0.49416365788622,8.90714782503426e-07,0.999246975117461,0.999999999942431
"Abcf2",3.45997517174595e-11,0.494064745052881,8.89996762097529e-07,0.999247278691675,0.999999999942431
"Tpst1",3.45580568817305e-11,0.493768960423525,8.87853052499778e-07,0.999248185767028,0.999999999942431
"Trmt2b",3.45393759038433e-11,0.493636322750065,8.86893422137605e-07,0.999248592173585,0.999999999942431
"Pnkd",3.45224500706769e-11,0.493516085769563,8.86024400530996e-07,0.999248960396791,0.999999999942431
"Btbd6",3.44385548642464e-11,0.492919255367871,8.81723264377027e-07,0.999250785545466,0.999999999942431
"Mmgt1",3.44206686350339e-11,0.492791827371853,8.80807627290417e-07,0.999251174662187,0.999999999942431
"Ssx2ip",3.43202045218685e-11,0.492074869039189,8.75673478375754e-07,0.999253360269105,0.999999999942431
"Pi4ka",3.42496597896884e-11,0.491570191481725,8.72077307322073e-07,0.999254894976874,0.999999999942431
"Snx27",3.42390325630475e-11,0.491494075403078,8.71536202656124e-07,0.999255126173263,0.999999999942431
"Ubqln2",3.42374727363662e-11,0.491482901394295,8.71456795362471e-07,0.99925516010745,0.999999999942431
"Mtfr1l",3.41750182610689e-11,0.491035088249615,8.68280349704286e-07,0.999256518810867,0.999999999942431
"Pip4k2a",3.41315984847231e-11,0.490723282587614,8.66075429794345e-07,0.999257463412487,0.999999999942431
"Eif5",3.41111783340944e-11,0.490576506365234,8.65039433759245e-07,0.999257907654927,0.999999999942431
"Uba2",3.41037374931669e-11,0.490523001456081,8.64662084215143e-07,0.999258069531173,0.999999999942431
"Ptbp3",3.40799030589336e-11,0.490351537498131,8.63453915751792e-07,0.999258588051698,0.999999999942431
"Ogdh",3.40681367432499e-11,0.490266847500839,8.62857792136883e-07,0.999258844029085,0.999999999942431
"Tyro3",3.40590865426667e-11,0.490201687565221,8.62399416680822e-07,0.999259040917113,0.999999999942431
"Ndrg3",3.39661084999827e-11,0.489531270787035,8.57697308063211e-07,0.999261063663831,0.999999999942431
"Klhl22",3.39419032056129e-11,0.489356442024154,8.56475300636384e-07,0.999261590252458,0.999999999942431
"Tnfrsf11a",3.39352727166397e-11,0.48930853021811,8.56140711540083e-07,0.999261734499416,0.999999999942431
"2410006H16Rik",3.37787770660539e-11,0.488175007197666,8.4826257465995e-07,0.999265139078128,0.999999999942431
"Cog3",3.37691289350214e-11,0.488104954888109,8.47778070460916e-07,0.999265348974195,0.999999999942431
"Ppid",3.3713869134939e-11,0.487703348754479,8.45005732701901e-07,0.99926655115674,0.999999999942431
"Nap1l1",3.36391551945685e-11,0.487159324475168,8.4126461644059e-07,0.999268176566079,0.999999999942431
"Rhoq",3.36015245351381e-11,0.486884868186772,8.39383496939021e-07,0.999268995224888,0.999999999942431
"Pdgfa",3.35477560306753e-11,0.486492185446471,8.36699316031428e-07,0.999270164964151,0.999999999942431
"Gsr",3.35228907607095e-11,0.486310379241406,8.35459468918335e-07,0.999270705910619,0.999999999942431
"Rragc",3.34251868911298e-11,0.485594712524178,8.30596602526016e-07,0.999272831468207,0.999999999942431
"Osbpl8",3.34214981202977e-11,0.485567652421429,8.30413284989622e-07,0.99927291171779,0.999999999942431
"Nr2f2",3.34132882343358e-11,0.485507415728563,8.30005358272176e-07,0.999273090324692,0.999999999942431
"Copa",3.33222219612132e-11,0.484838273632205,8.25487246085979e-07,0.999275071480702,0.999999999942431
"Nacad",3.32947428660853e-11,0.484636006973933,8.24126335065028e-07,0.999275669291205,0.999999999942431
"Cep170b",3.32467752894272e-11,0.484282535037284,8.21753415892555e-07,0.999276712830703,0.999999999942431
"Tomm6",3.31544572025944e-11,0.483600827843378,8.17196139191564e-07,0.999278721220055,0.999999999942431
"Srp19",3.31407477662526e-11,0.483499433270647,8.16520454345505e-07,0.999279019470235,0.999999999942431
"Rgs10",3.31370187163783e-11,0.483471846177047,8.16336712312064e-07,0.999279100596094,0.999999999942431
"Galt",3.31004358954208e-11,0.483201048136474,8.14535257849786e-07,0.99927989645908,0.999999999942431
"Psmd1",3.30324337920979e-11,0.482696889248802,8.11191905288363e-07,0.999281375851747,0.999999999942431
"Ube2h",3.28808661262323e-11,0.481569493697346,8.03764757267271e-07,0.999284673221726,0.999999999942431
"Gna14",3.28692914323186e-11,0.481483187953745,8.03198975725321e-07,0.99928492503037,0.999999999942431
"Carnmt1",3.28570381622322e-11,0.481391789804432,8.02600241825084e-07,0.999285191601507,0.999999999942431
"Abtb1",3.28101718435172e-11,0.481041899713614,8.00312263697639e-07,0.999286211183038,0.999999999942431
"Rap1gap2",3.28010854222899e-11,0.480974006148414,7.99869049475611e-07,0.999286408859056,0.999999999942431
"Fabp7",3.27887706136119e-11,0.480881960530633,7.99268558052625e-07,0.999286676768972,0.999999999942431
"Rpl35a",3.2735975272961e-11,0.480486961146139,7.96696721267994e-07,0.999287825336981,0.999999999942431
"Rbfox1",3.26551312765492e-11,0.479880890912973,7.92766573110505e-07,0.999289584106353,0.999999999942431
"Hagh",3.26134420804761e-11,0.479567777484887,7.90743693196098e-07,0.999290491059058,0.999999999942431
"Rps15",3.25545230614067e-11,0.479124583038998,7.87889179506777e-07,0.99929177284832,0.999999999942431
"Gna13",3.25505684432072e-11,0.479094807709317,7.87697770673421e-07,0.999291858881442,0.999999999942431
"Nme2",3.24819406814831e-11,0.478577522972373,7.84379797982569e-07,0.999293351885391,0.999999999942431
"Lamtor5",3.24243274683711e-11,0.478142428140277,7.81599756999874e-07,0.999294605266714,0.999999999942431
"Igsf21",3.23994096842097e-11,0.477954012917531,7.8039891478612e-07,0.999295147355649,0.999999999942431
"Vma21",3.23551506038544e-11,0.47761899640975,7.7826824961775e-07,0.999296110216455,0.999999999942431
"Atp6v0b",3.22191563533053e-11,0.476586761431476,7.71739608983749e-07,0.999299068785249,0.999999999942431
"Exoc3",3.22089606768117e-11,0.476509200330357,7.71251255885073e-07,0.999299290593232,0.999999999942431
"B3gat3",3.22039836208419e-11,0.476471329808011,7.71012920713001e-07,0.999299398869593,0.999999999942431
"Fbxw9",3.21902808028595e-11,0.476367034957867,7.70356927211028e-07,0.999299696975796,0.999999999942431
"Plekhm3",3.21481603646750e-11,0.476046173698136,7.68342248131272e-07,0.999300613310228,0.999999999942431
"Smim14",3.21462995562264e-11,0.476031989041345,7.68253303920946e-07,0.999300653792306,0.999999999942431
"Mff",3.21398829959304e-11,0.4759830703787,7.67946640215662e-07,0.99930079338523,0.999999999942431
"Zscan21",3.21148637426667e-11,0.475792236224835,7.66751491300969e-07,0.99930133768164,0.999999999942431
"Csnk1a1",3.20764073633408e-11,0.47549862449095,7.64916276807279e-07,0.999302174304099,0.999999999942431
"Hexim1",3.20305895498407e-11,0.475148355296506,7.62732630704511e-07,0.999303171075311,0.999999999942431
"Eif3f",3.19533133945362e-11,0.474556471798625,7.59056772954272e-07,0.999304852225965,0.999999999942431
"Deaf1",3.19515592301476e-11,0.474543019700056,7.58973434253516e-07,0.999304890387991,0.999999999942431
"Gm5177",3.19326070531107e-11,0.474397635357276,7.58073325888209e-07,0.999305302694539,0.999999999942431
"Trappc2l",3.19298138988991e-11,0.474376201555199,7.57940713909868e-07,0.999305363459894,0.999999999942431
"Picalm",3.1816989497299e-11,0.473508872845603,7.52593791124904e-07,0.999307817966285,0.999999999942431
"Dcun1d2",3.17972204499918e-11,0.473356587681607,7.51658854139629e-07,0.999308248043931,0.999999999942431
"Med1",3.1773527862648e-11,0.473173955626719,7.50539126816217e-07,0.999308763478592,0.999999999942431
"Usmg5",3.17547062919864e-11,0.473028775611085,7.49650201841286e-07,0.999309172943786,0.999999999942431
"Chmp2b",3.17104986706066e-11,0.472687446573588,7.47564389192004e-07,0.999310134685112,0.999999999942431
"Cd81",3.1689070199219e-11,0.472521827515006,7.46554392484582e-07,0.9993106008637,0.999999999942431
"Marveld1",3.16819707703928e-11,0.472466932205301,7.4621992283693e-07,0.9993107553125,0.999999999942431
"Oraov1",3.16728712009506e-11,0.472396553358244,7.45791331767416e-07,0.999310953274565,0.999999999942431
"Morc3",3.16010994534088e-11,0.471840748992277,7.42415186916154e-07,0.999312514676278,0.999999999942431
"Drap1",3.15962529449738e-11,0.471803172515745,7.42187483094797e-07,0.999312620112565,0.999999999942431
"Sdr39u1",3.15002003364621e-11,0.47105727221088,7.3768184221808e-07,0.999314709746899,0.999999999942431
"Bcl2l2",3.1460611282905e-11,0.470749189022589,7.35828788970179e-07,0.999315571010814,0.999999999942431
"Serf2",3.14145762643787e-11,0.470390462105972,7.33676948467674e-07,0.999316572507359,0.999999999942431
"Rpl26",3.14072953632441e-11,0.470333678370137,7.33336901844197e-07,0.999316730904109,0.999999999942431
"Fxyd2",3.1334615440864e-11,0.469766135268542,7.29946785071801e-07,0.999318312063269,0.999999999942431
"Idi1",3.12902460659585e-11,0.469419025222381,7.27881059857421e-07,0.999319277323569,0.999999999942431
"Tlx2",3.12738270162865e-11,0.469290452842848,7.27117372689548e-07,0.999319634521678,0.999999999942431
"Bag6",3.11771449868677e-11,0.468532014024666,7.22628601977229e-07,0.999321737849144,0.999999999942431
"Med24",3.10884638736295e-11,0.467834297915207,7.18523519970761e-07,0.999323667115861,0.999999999942431
"Tpd52l2",3.10775712881129e-11,0.467748463068086,7.1802010443988e-07,0.999323904085177,0.999999999942431
"Kcnk1",3.10178340576758e-11,0.46727719864514,7.15262404484476e-07,0.999325203674757,0.999999999942431
"Gpm6a",3.10157961731864e-11,0.46726110608223,7.15168421502037e-07,0.999325248009144,0.999999999942431
"Elovl5",3.09168541492784e-11,0.466478533876313,7.10612849479101e-07,0.999327400503034,0.999999999942431
"Maf1",3.08820797767079e-11,0.466202902824181,7.09015195416887e-07,0.999328157023082,0.999999999942431
"Pcdh9",3.07900907110482e-11,0.465472294575291,7.04797570999801e-07,0.999330158254657,0.999999999942431
"Plekha6",3.07755859850577e-11,0.465356896745255,7.0413368937505e-07,0.999330473806462,0.999999999942431
"Yipf4",3.07321937962181e-11,0.46501135333563,7.02149495656024e-07,0.999331417807991,0.999999999942431
"Sumo1",3.06835866514509e-11,0.464623710152482,6.99930162262484e-07,0.999332475261423,0.999999999942431
"3830406C13Rik",3.06578917567054e-11,0.464418548027865,6.98758389108793e-07,0.999333034256501,0.999999999942431
"Ttll1",3.05138637020044e-11,0.463265401135854,6.9220840116535e-07,0.999336167601648,0.999999999942431
"Smad4",3.05126593306195e-11,0.46325573584271,6.92153759803215e-07,0.999336193802872,0.999999999942431
"Nelfcd",3.04838046018032e-11,0.463024059013767,6.9084528875436e-07,0.999336821540467,0.999999999942431
"Aptx",3.04652640806865e-11,0.462875081618985,6.90005187810931e-07,0.999337224891412,0.999999999942431
"Mif",3.03644129534117e-11,0.462063150472809,6.85444411948903e-07,0.99933941891807,0.999999999942431
"Sae1",3.03346036995183e-11,0.461822653306605,6.84099247988028e-07,0.999340067421459,0.999999999942431
"Mtus1",3.03089383631264e-11,0.461615401969885,6.8294213975851e-07,0.999340625773496,0.999999999942431
"Phka1",3.02756099546378e-11,0.461346011806181,6.81441007658871e-07,0.999341350836456,0.999999999942431
"Sdhc",3.02548485864024e-11,0.461178051917481,6.80506737672709e-07,0.999341802502161,0.999999999942431
"Greb1",3.0070715637757e-11,0.459683419652783,6.72248728473942e-07,0.999345808333441,0.999999999942431
"Atxn7l3",3.00191243220764e-11,0.459263027356265,6.69943998167889e-07,0.999346930707835,0.999999999942431
"Dbndd2",2.99976682745298e-11,0.459087982785812,6.68986660897171e-07,0.999347397486363,0.999999999942431
"Rnf144a",2.99852713499565e-11,0.458986788853913,6.68433840362785e-07,0.999347667182736,0.999999999942431
"Tmed9",2.99435597678645e-11,0.458646001333013,6.66575458613869e-07,0.999348574622508,0.999999999942431
"B4gat1",2.99373830816031e-11,0.458595497445663,6.66300487777846e-07,0.999348708996955,0.999999999942431
"Apoe",2.98707823451261e-11,0.458050280659278,6.63339190724392e-07,0.999350157902851,0.999999999942431
"0610010F05Rik",2.986156463209e-11,0.457974726847547,6.62929859169945e-07,0.99935035843515,0.999999999942431
"Mtmr4",2.98245040494839e-11,0.457670724192052,6.61285382644002e-07,0.999351164691951,0.999999999942431
"Orc4",2.97980984326448e-11,0.457453895377376,6.60114941155544e-07,0.999351739148872,0.999999999942431
"Rab39b",2.97717715169682e-11,0.457237524128209,6.58949020231764e-07,0.999352311893641,0.999999999942431
"Cox6a1",2.97507315265785e-11,0.457064468502561,6.58017978420141e-07,0.999352769620805,0.999999999942431
"Ncs1",2.97445212555707e-11,0.457013365454337,6.57743293176962e-07,0.999352904725892,0.999999999942431
"Rpl28",2.96204221121078e-11,0.455989967448257,6.52266311301945e-07,0.99935560451558,0.999999999942431
"Gnal",2.95931545084195e-11,0.455764535537617,6.51065953473146e-07,0.999356197725117,0.999999999942431
"Ankrd45",2.95919431685316e-11,0.455754516167855,6.51012654253715e-07,0.999356224077941,0.999999999942431
"Skap2",2.95871936911984e-11,0.455715227858977,6.50803697261717e-07,0.999356327403311,0.999999999942431
"Hnrnph2",2.95548736527899e-11,0.455447706946337,6.49382642443207e-07,0.999357030529088,0.999999999942431
"Sirt2",2.94798782199032e-11,0.454825838419568,6.46091209433209e-07,0.999358662062485,0.999999999942431
"Tpgs2",2.94610253354711e-11,0.454669263346825,6.45265100998426e-07,0.999359072208936,0.999999999942431
"Rhoc",2.94584912623899e-11,0.454648210087327,6.4515410156233e-07,0.999359127337958,0.999999999942431
"St6galnac5",2.94421523958503e-11,0.454512422732431,6.44438643094806e-07,0.999359482791689,0.999999999942431
"Epn2",2.93504585680752e-11,0.453749001983017,6.40430849819637e-07,0.999361477600399,0.999999999942431
"Fam110b",2.93242964708166e-11,0.453530751433513,6.39289637890082e-07,0.999362046759532,0.999999999942431
"Arl2bp",2.93000523859435e-11,0.453328329949673,6.38232999733384e-07,0.999362574192108,0.999999999942431
"Tmem9b",2.92066857949429e-11,0.452547237264604,6.34171935577931e-07,0.99936460539196,0.999999999942431
"Cacna2d2",2.91349811745229e-11,0.451945692544327,6.31061877946332e-07,0.999366165333404,0.999999999942431
"Zeb2",2.91106708018042e-11,0.451741416469366,6.30009194993111e-07,0.999366694208081,0.999999999942431
"Bap1",2.90829346319548e-11,0.451508148457547,6.28809242050252e-07,0.999367297611329,0.999999999942431
"Vldlr",2.90279587925812e-11,0.451045139152413,6.26434196827546e-07,0.999368493616411,0.999999999942431
"Socs7",2.89851689204401e-11,0.450684161918122,6.24588715177523e-07,0.999369424514514,0.999999999942431
"Abcg4",2.89728080060582e-11,0.450579786885004,6.24056108903798e-07,0.999369693427488,0.999999999942431
"Psmd14",2.89691409642789e-11,0.450548814095919,6.23898147341946e-07,0.999369773204362,0.999999999942431
"Hras",2.89048145503377e-11,0.450004866878157,6.21130473117706e-07,0.999371172632166,0.999999999942431
"Psmb3",2.89014598810147e-11,0.449976466898738,6.20986305686733e-07,0.999371245613345,0.999999999942431
"Pex16",2.8853046218394e-11,0.449566243904954,6.18907584341837e-07,0.999372298857596,0.999999999942431
"Snx25",2.88083679169845e-11,0.449187069104795,6.16992339044249e-07,0.999373270838677,0.999999999942431
"Fitm2",2.87662839492163e-11,0.448829381173701,6.15191020741429e-07,0.999374186379762,0.999999999942431
"Ralyl",2.8761194561273e-11,0.448786089529308,6.14973358369557e-07,0.999374297099925,0.999999999942431
"Bag5",2.87387486726202e-11,0.448595068861274,6.14013854607182e-07,0.999374785412561,0.999999999942431
"Kitl",2.86711297394242e-11,0.44801872284798,6.11127847450481e-07,0.999376256469471,0.999999999942431
"Mrpl35",2.86705336553507e-11,0.448013636203268,6.11102436537601e-07,0.999376269437342,0.999999999942431
"Opa1",2.85730900514108e-11,0.447180702589549,6.06955542693838e-07,0.999378389333062,0.999999999942431
"Agap3",2.84509336548712e-11,0.446132562408437,6.01776893010822e-07,0.999381046858157,0.999999999942431
"Rab21",2.84304021854212e-11,0.4459559605044,6.00908668020243e-07,0.999381493522408,0.999999999942431
"Rbm3",2.84237454284482e-11,0.445898675261578,6.0062730480607e-07,0.999381638340848,0.999999999942431
"Nus1",2.83902207953278e-11,0.445609975198506,5.99211310182247e-07,0.999382367672725,0.999999999942431
"Bean1",2.82481854316606e-11,0.444383085773311,5.93230638339077e-07,0.999385457666828,0.999999999942431
"Usp11",2.81831547234722e-11,0.443819324701262,5.90502406269529e-07,0.999386872416648,0.999999999942431
"Ttll7",2.81448353600897e-11,0.443486527461037,5.88897738971569e-07,0.999387706058385,0.999999999942431
"Bex2",2.80757706630384e-11,0.442885582346934,5.8601108919797e-07,0.999389208568056,0.999999999942431
"Dbi",2.80692856927994e-11,0.442829080546197,5.8574040558082e-07,0.999389349649258,0.999999999942431
"Rps26",2.80555707086652e-11,0.442709543173271,5.85168146076587e-07,0.999389648020165,0.999999999942431
"Ilk",2.79736575207816e-11,0.44199440041735,5.81756131088011e-07,0.999391430050095,0.999999999942431
"Tbcel",2.79615718370555e-11,0.441888711647709,5.81253558137846e-07,0.999391692975403,0.999999999942431
"Rpl34",2.7945302377991e-11,0.441746364797382,5.80577349386976e-07,0.999392046919179,0.999999999942431
"Rplp1",2.78013523466317e-11,0.440483326909311,5.74611489672382e-07,0.999395178567105,0.999999999942431
"Eif5b",2.76680074291805e-11,0.439307573453723,5.69112637025046e-07,0.999398079499682,0.999999999942431
"Syt5",2.75647531456603e-11,0.43839329615133,5.64872818290969e-07,0.999400325807387,0.999999999942431
"Dip2c",2.75602250672301e-11,0.438353124495067,5.64687249544817e-07,0.999400424316206,0.999999999942431
"Clcc1",2.74786073787836e-11,0.43762792064945,5.61347637912794e-07,0.999402199917532,0.999999999942431
"Cdc123",2.74374929195967e-11,0.437261798423951,5.59669078439429e-07,0.999403094366882,0.999999999942431
"Rab14",2.73853034753985e-11,0.436796274089069,5.57541986225559e-07,0.999404229753687,0.999999999942431
"Sdhb",2.73477839184523e-11,0.436461062807594,5.56015298865966e-07,0.999405045995565,0.999999999942431
"Use1",2.7329071363831e-11,0.436293709570159,5.55254659021446e-07,0.999405453089145,0.999999999942431
"Rhoa",2.73257371682496e-11,0.436263878777793,5.55119183163275e-07,0.999405525624918,0.999999999942431
"Cenpb",2.73070437677702e-11,0.436096563861689,5.54359934423412e-07,0.999405932301797,0.999999999942431
"Celf4",2.72189460081974e-11,0.435306523264501,5.50788761471092e-07,0.999407848877757,0.999999999942431
"Api5",2.72170760683434e-11,0.435289726758927,5.50713085765104e-07,0.999407889558494,0.999999999942431
"Acsl6",2.72073883969045e-11,0.435202690216337,5.50321112878411e-07,0.999408100314798,0.999999999942431
"Rps5",2.71492176300428e-11,0.434679425542772,5.47970400019615e-07,0.999409365825908,0.999999999942431
"Gipc1",2.71183178023683e-11,0.434401021959946,5.4672376702324e-07,0.999410038054888,0.999999999942431
"Mpc1",2.7046863069256e-11,0.433756023948912,5.43846410606645e-07,0.999411592560075,0.999999999942431
"Cadps",2.70144239708259e-11,0.433462652337948,5.42542650709896e-07,0.999412298276052,0.999999999942431
"Vezf1",2.69493789977797e-11,0.432873352866876,5.39933142017291e-07,0.999413713336242,0.999999999942431
"BC017643",2.69351856129688e-11,0.432744576158159,5.39364560396055e-07,0.999414022114813,0.999999999942431
"Itgb1bp1",2.68991170365576e-11,0.432417024346634,5.37921014637115e-07,0.999414806790465,0.999999999942431
"Elp3",2.68652541379271e-11,0.432109108714806,5.36567505589718e-07,0.999415543481367,0.999999999942431
"Chl1",2.6800571865826e-11,0.431519887181373,5.33986876745606e-07,0.999416950650963,0.999999999942431
"Ndufa11",2.66660195752722e-11,0.43028968126016,5.28638573106633e-07,0.999419877850127,0.999999999942431
"Trappc1",2.6630914073452e-11,0.429967706373733,5.27247596357149e-07,0.999420641573995,0.999999999942431
"Carmil2",2.6556682937783e-11,0.429285505159594,5.24312387992638e-07,0.999422256480126,0.999999999942431
"Ranbp3",2.64653704623043e-11,0.428443738930473,5.20712996206032e-07,0.999424242992595,0.999999999942431
"Emc1",2.64609012121737e-11,0.42840246556716,5.20537143755307e-07,0.9994243402216,0.999999999942431
"Tigar",2.64103746575166e-11,0.427935375968779,5.18551131436961e-07,0.999425439432092,0.999999999942431
"Prpf8",2.63878537282982e-11,0.427726898685636,5.17667139878508e-07,0.999425929377267,0.999999999942431
"Specc1l",2.63742611569852e-11,0.427600986713107,5.17133969175754e-07,0.999426225085081,0.999999999942431
"Snx19",2.63645255369217e-11,0.427510763479256,5.16752256824247e-07,0.999426436884516,0.999999999942431
"Tmem9",2.6359138473288e-11,0.427460825647765,5.16541102416645e-07,0.99942655408065,0.999999999942431
"Gabbr2",2.61774858038649e-11,0.4257709963262,5.0944620026885e-07,0.999430505953522,0.999999999942431
"Zbtb7a",2.61197658564345e-11,0.425231633555676,5.07202074177617e-07,0.999431761657034,0.999999999942431
"Hyou1",2.61044243099299e-11,0.425088077121232,5.06606434915535e-07,0.999432095413988,0.999999999942431
"Tshz2",2.61014947914128e-11,0.425060655091566,5.06492735441567e-07,0.999432159145971,0.999999999942431
"Rprm",2.60724942707396e-11,0.424789029198561,5.0536786553079e-07,0.999432790055342,0.999999999942431
"Ndc1",2.59543357431565e-11,0.423679239685855,5.00797668776575e-07,0.999435360606513,0.999999999942431
"Tm9sf4",2.59149771052921e-11,0.423308462185393,4.99279944026691e-07,0.999436216857812,0.999999999942431
"Msmo1",2.59102995478446e-11,0.4232643604115,4.99099723928898e-07,0.999436318618566,0.999999999942431
"1500011B03Rik",2.58387374776507e-11,0.422588665745787,4.96346588151785e-07,0.999437875458919,0.999999999942431
"Pcyox1",2.58131466958214e-11,0.422346587602299,4.95363907999017e-07,0.999438432189066,0.999999999942431
"A2ml1",2.57879786307902e-11,0.422108277274644,4.94398409812828e-07,0.999438979722965,0.999999999942431
"H13",2.57350676378641e-11,0.421606527151363,4.92371707766644e-07,0.999440130807176,0.999999999942431
"Zfp804a",2.57329419223182e-11,0.421586347938084,4.92290371359686e-07,0.999440177052341,0.999999999942431
"Spag7",2.56724230574205e-11,0.421011157622342,4.89977552167031e-07,0.999441493646608,0.999999999942431
"Dnajc7",2.56430329897133e-11,0.420731342727844,4.88856331120452e-07,0.99944213303062,0.999999999942431
"Tex261",2.55636046759952e-11,0.419973542220974,4.85832593770576e-07,0.999443861001936,0.999999999942431
"Fis1",2.55478613503867e-11,0.419823064467447,4.85234378799458e-07,0.999444203499641,0.999999999942431
"Plcb1",2.54990426510197e-11,0.419355863879985,4.83381708779283e-07,0.99944526555558,0.999999999942431
"Chd3",2.5498313867201e-11,0.419348882655561,4.83354078272665e-07,0.999445281410349,0.999999999942431
"Polr1d",2.5493349522805e-11,0.419301322574301,4.83165885238747e-07,0.999445389410183,0.999999999942431
"Trim8",2.54692411921196e-11,0.419070226766951,4.8225248504517e-07,0.999445913889453,0.999999999942431
"Nr3c2",2.54647787867976e-11,0.419027427725651,4.82083511221752e-07,0.999446010969551,0.999999999942431
"Zdhhc9",2.54517476629783e-11,0.418902403549618,4.81590243040821e-07,0.99944629446302,0.999999999942431
"Thoc7",2.52841424615305e-11,0.417288702753973,4.75268377736e-07,0.999449940731817,0.999999999942431
"Pde6d",2.52325574631893e-11,0.416789919913367,4.73331059998697e-07,0.999451062968887,0.999999999942431
"Fem1b",2.51871559152761e-11,0.416350093189414,4.71629240504018e-07,0.999452050684342,0.999999999942431
"Utrn",2.51746551779993e-11,0.41622885525881,4.71161204320419e-07,0.999452322639198,0.999999999942431
"Arih1",2.51224891228175e-11,0.415722283214886,4.69210579318941e-07,0.999453457517224,0.999999999942431
"Rab39",2.49514589667598e-11,0.414054145733419,4.62843694567423e-07,0.999457178296291,0.999999999942431
"Nptx2",2.48241380891858e-11,0.412804988718356,4.58132201424888e-07,0.999459948175407,0.999999999942431
"Tmem14c",2.48074058638991e-11,0.412640357855969,4.57514819442595e-07,0.999460312186733,0.999999999942431
"Ap3b2",2.47269230487542e-11,0.411846942437845,4.54550998897007e-07,0.999462063098866,0.999999999942431
"Arid4a",2.4684814742589e-11,0.411430815288059,4.53004176819676e-07,0.999462979169509,0.999999999942431
"Med16",2.46765362754623e-11,0.411348922625725,4.5270038265454e-07,0.999463159268435,0.999999999942431
"Appbp2",2.46125978344134e-11,0.410715513556153,4.50357472181658e-07,0.999464550255968,0.999999999942431
"Arpc5l",2.45856760265599e-11,0.410448325923484,4.49372788937479e-07,0.999465135942739,0.999999999942431
"Ntrk3",2.45717229187504e-11,0.410309733668038,4.4886286863138e-07,0.999465439494073,0.999999999942431
"Metap1",2.45320806728734e-11,0.409915554683535,4.47415710974704e-07,0.999466301915317,0.999999999942431
"Ndufa9",2.43421672451332e-11,0.408018414325574,4.40515248129751e-07,0.999470433501995,0.999999999942431
"Rusc1",2.43240833178992e-11,0.407837004559312,4.39860968950002e-07,0.999470826919743,0.999999999942431
"Fam111a",2.43176719431401e-11,0.407772656619895,4.39629121211914e-07,0.999470966399878,0.999999999942431
"Ddx6",2.43028118332196e-11,0.407623448377637,4.39091985831674e-07,0.999471289683139,0.999999999942431
"Nrxn2",2.42953149690236e-11,0.407548139292311,4.38821127851517e-07,0.999471452778212,0.999999999942431
"Dirc2",2.42295391050608e-11,0.406886409548583,4.36448261591235e-07,0.999472883739084,0.999999999942431
"Anapc16",2.41986571969478e-11,0.406575114776692,4.35336414965353e-07,0.999473555578259,0.999999999942431
"Synpr",2.40922037246998e-11,0.405499035605413,4.31514621253709e-07,0.999475871484804,0.999999999942431
"Usp33",2.4070769293467e-11,0.405281799895217,4.30747140111669e-07,0.999476337793122,0.999999999942431
"Nup107",2.40587251257044e-11,0.405159649806481,4.30316186467328e-07,0.999476599815265,0.999999999942431
"Minos1",2.4047493936427e-11,0.40504569048181,4.29914516433463e-07,0.999476844150976,0.999999999942431
"Snn",2.39888118370884e-11,0.404449407054656,4.27818871485339e-07,0.999478120786255,0.999999999942431
"Cfap36",2.39536094788811e-11,0.404091016587671,4.26564187993556e-07,0.999478886617282,0.999999999942431
"Rpl30",2.391217834306e-11,0.403668545904444,4.25089858638566e-07,0.999479787956025,0.999999999942431
"Akt1s1",2.38852943932678e-11,0.403394025685566,4.24134557112115e-07,0.999480372819198,0.999999999942431
"St6gal1",2.38654040392139e-11,0.40319072305344,4.23428459563263e-07,0.999480805535956,0.999999999942431
"Pgm2",2.38588444721168e-11,0.40312363998768,4.23195727221632e-07,0.999480948240032,0.999999999942431
"Nipal2",2.38490398379728e-11,0.403023336514104,4.22847979725128e-07,0.999481161540886,0.999999999942431
"Wtap",2.38256143018864e-11,0.402783523629739,4.22017709332365e-07,0.999481671165903,0.999999999942431
"Phc2",2.37954897724433e-11,0.402474789587322,4.20951206056434e-07,0.99948232652823,0.999999999942431
"Tmbim6",2.37911902725977e-11,0.402430694340078,4.20799100245353e-07,0.999482420064304,0.999999999942431
"Camta1",2.37771250217329e-11,0.402286387596984,4.20301698030336e-07,0.999482726055326,0.999999999942431
"Vti1b",2.37709486194688e-11,0.402222992311863,4.20083369263374e-07,0.999482860423611,0.999999999942431
"Copg2",2.37551719545656e-11,0.402060985098885,4.19525939660584e-07,0.999483203646626,0.999999999942431
"Fam91a1",2.37231250875685e-11,0.401731575779722,4.18394781916632e-07,0.999483900829611,0.999999999942431
"Syndig1l",2.37209078739e-11,0.401708768844613,4.18316577441056e-07,0.999483949065329,0.999999999942431
"Smim7",2.37099099579052e-11,0.401595609851255,4.17928772379524e-07,0.999484188326157,0.999999999942431
"Ccpg1",2.35261814758081e-11,0.399697510584936,4.114767939981e-07,0.999488185358748,0.999999999942431
"Deptor",2.35070695396935e-11,0.399499226543355,4.1080852372012e-07,0.999488601140943,0.999999999942431
"Snrpd3",2.34018648829972e-11,0.398404887098115,4.07139648064042e-07,0.999490889879401,0.999999999942431
"Sdc3",2.3400411913505e-11,0.398389739366363,4.07089092851772e-07,0.999490921488906,0.999999999942431
"Amigo1",2.33986259263497e-11,0.398371118534592,4.07026954787874e-07,0.999490960343246,0.999999999942431
"Wdfy3",2.33842387809052e-11,0.398221065977286,4.06526570219401e-07,0.999491273337121,0.999999999942431
"Cep83os",2.33226118209497e-11,0.397577288059452,4.04386668682213e-07,0.999492614038169,0.999999999942431
"Brsk2",2.32695473519581e-11,0.397021611758594,4.02548611062729e-07,0.99949376846132,0.999999999942431
"Faf2",2.32484442341808e-11,0.396800278486016,4.01818800675226e-07,0.999494227561885,0.999999999942431
"Plod3",2.3185789610659e-11,0.396141976539024,3.99655913473571e-07,0.999495590619867,0.999999999942431
"Gsk3b",2.31610688278765e-11,0.395881756621312,3.98804138291844e-07,0.999496128423119,0.999999999942431
"Hax1",2.31410093288737e-11,0.39567040172205,3.98113639333626e-07,0.999496564819649,0.999999999942431
"Klf7",2.30729212390882e-11,0.394951648760681,3.95774336108273e-07,0.999498046083268,0.999999999942431
"Ndst1",2.29973461526836e-11,0.394151408406134,3.93185873789504e-07,0.999499690227295,0.999999999942431
"Errfi1",2.29891759648917e-11,0.394064741648034,3.92906551838606e-07,0.999499867970598,0.999999999942431
"Cetn2",2.29846730781863e-11,0.394016963473524,3.92752649808919e-07,0.999499965931376,0.999999999942431
"Mrps25",2.29444826339333e-11,0.393590110874547,3.9138033506046e-07,0.999500840278759,0.999999999942431
"Fto",2.27494478302465e-11,0.391508169914175,3.8475491991931e-07,0.99950508328163,0.999999999942431
"Tceal9",2.27307412512019e-11,0.39130755841378,3.84122422006283e-07,0.999505490245245,0.999999999942431
"Tomm22",2.2714368845479e-11,0.391131845228753,3.83569273020926e-07,0.999505846428671,0.999999999942431
"Trmt112",2.26945710725415e-11,0.390919203178617,3.82900928850683e-07,0.999506277131326,0.999999999942431
"Ap3d1",2.26719424340646e-11,0.390675931521169,3.82137732490941e-07,0.999506769419761,0.999999999942431
"Dda1",2.26561221488758e-11,0.390505711575268,3.81604613754559e-07,0.999507113591747,0.999999999942431
"Clcn4",2.26561110860648e-11,0.390505592502841,3.81604241085427e-07,0.999507113832419,0.999999999942431
"Tma7",2.2590777282118e-11,0.389801382950635,3.79406537458227e-07,0.999508535176269,0.999999999942431
"Gabrb3",2.25849247333316e-11,0.389738202467675,3.79209978693298e-07,0.999508662499091,0.999999999942431
"Pop5",2.25794666280554e-11,0.389679265602714,3.79026713270968e-07,0.999508781240751,0.999999999942431
"Prmt3",2.25153421564563e-11,0.388985792797338,3.76876939246374e-07,0.999510176275449,0.999999999942431
"Lsm14b",2.25059768878092e-11,0.388884349349159,3.76563480121612e-07,0.999510380017865,0.999999999942431
"Mrps36",2.24513948862424e-11,0.388292294321773,3.74739194506133e-07,0.999511567455114,0.999999999942431
"Golga2",2.2417541539351e-11,0.3879243710538,3.73609945158257e-07,0.999512303938277,0.999999999942431
"Cyc1",2.24078886179492e-11,0.387819361275018,3.73288263945251e-07,0.999512513938609,0.999999999942431
"Pik3r1",2.23943029593617e-11,0.387671493435506,3.72835759950976e-07,0.999512809496057,0.999999999942431
"Gpr155",2.23847563868889e-11,0.3875675345422,3.72517951894777e-07,0.999513017182757,0.999999999942431
"Wipi2",2.22910264762313e-11,0.386544520168242,3.69404853579456e-07,0.999515056286937,0.999999999942431
"Npc2",2.21951878270343e-11,0.385494095063916,3.66235223384594e-07,0.999517141266951,0.999999999942431
"Pak3",2.21951246935401e-11,0.385493401625833,3.66233139899053e-07,0.999517142640427,0.999999999942431
"Lpar1",2.21509224663808e-11,0.385007420534292,3.64775864852008e-07,0.999518104264585,0.999999999942431
"Ccdc74a",2.2097888061189e-11,0.384423070681158,3.63031241163656e-07,0.999519258033718,0.999999999942431
"Trappc3",2.20696256723044e-11,0.384111101699792,3.62103227688209e-07,0.999519872884998,0.999999999942431
"Paqr9",2.20612523097103e-11,0.384018598293221,3.61828511072497e-07,0.999520055048393,0.999999999942431
"Psip1",2.20214008089227e-11,0.383577870124109,3.60522475915153e-07,0.999520922022037,0.999999999942431
"G3bp1",2.19635769515135e-11,0.382936980611996,3.58631639757468e-07,0.999522179986216,0.999999999942431
"Arhgef11",2.19633205707474e-11,0.38293413531828,3.58623267194284e-07,0.999522185563806,0.999999999942431
"Txndc15",2.19619002766755e-11,0.382918372412378,3.58576886772907e-07,0.999522216462455,0.999999999942431
"Brd4",2.18339255239244e-11,0.381493923766502,3.54410117232728e-07,0.999525000566839,0.999999999942431
"Eif3e",2.18145791933671e-11,0.381277869542772,3.53782332952988e-07,0.999525421448323,0.999999999942431
"Cdk5",2.17609790613159e-11,0.380678290514263,3.52045926939632e-07,0.99952658752491,0.999999999942431
"Smpdl3a",2.16926396617095e-11,0.379911720504253,3.49838229417095e-07,0.999528074255835,0.999999999942431
"Vps13c",2.165181717941e-11,0.379452673744906,3.48522776112253e-07,0.999528962353291,0.999999999942431
"Hipk3",2.1598039328333e-11,0.378846640218667,3.46793634441743e-07,0.999530132296177,0.999999999942431
"Rptor",2.15622822856986e-11,0.378442862767014,3.45646303446012e-07,0.999530910194454,0.999999999942431
"Ppp1r10",2.15266542955363e-11,0.378039885436701,3.44505004117853e-07,0.999531685285182,0.999999999942431
"Uxs1",2.15163241779147e-11,0.377922921646083,3.44174444312354e-07,0.999531910017993,0.999999999942431
"Grik4",2.14449428889785e-11,0.377113183486215,3.41894606621252e-07,0.999533462925551,0.999999999942431
"Tmem56",2.14174358743142e-11,0.376800438660443,3.41018085893612e-07,0.999534061343591,0.999999999942431
"Kdelr2",2.13920532469517e-11,0.376511495812092,3.40210257560842e-07,0.999534613545358,0.999999999942431
"Rimkla",2.13863665059176e-11,0.376446714510639,3.40029402506264e-07,0.999534737261016,0.999999999942431
"Nomo1",2.11855092546665e-11,0.374147659412517,3.33672394432761e-07,0.999539106931965,0.999999999942431
"Fastk",2.1153504307904e-11,0.373779340034914,3.32664998237257e-07,0.999539803203001,0.999999999942431
"Strbp",2.10021733435758e-11,0.372030318113433,3.27922290787021e-07,0.9995430954243,0.999999999942431
"Ndufv2",2.09988258105907e-11,0.371991488365346,3.27817764156996e-07,0.999543168250238,0.999999999942431
"Mrpl34",2.09160504634833e-11,0.371029388372939,3.25238405936547e-07,0.999544969036762,0.999999999942431
"Eid2",2.08979428827367e-11,0.370818423095337,3.24675514634074e-07,0.999545362969117,0.999999999942431
"Eif3d",2.08852468000087e-11,0.370670397829018,3.24281135620869e-07,0.999545639173754,0.999999999942431
"Marcks",2.0873125193348e-11,0.370528987637884,3.23904825232159e-07,0.999545902880603,0.999999999942431
"Selenom",2.08681779418776e-11,0.37047124992647,3.23751302584565e-07,0.999546010508588,0.999999999942431
"Tbc1d9b",2.08499158639979e-11,0.370258002422327,3.23184910586926e-07,0.999546407802045,0.999999999942431
"Cops9",2.08292150312369e-11,0.370016054606457,3.22543481082019e-07,0.999546858150875,0.999999999942431
"Slc25a22",2.08211101068248e-11,0.369921261036551,3.22292518007153e-07,0.999547034474373,0.999999999942431
"Mapt",2.08162437091896e-11,0.369864327143867,3.22141880480866e-07,0.999547140343373,0.999999999942431
"Slc19a1",2.07526659504521e-11,0.369119297926658,3.20177089711688e-07,0.999548523484314,0.999999999942431
"Trak2",2.07075231405463e-11,0.368588929171761,3.18785656617408e-07,0.999549505570973,0.999999999942431
"Slc12a6",2.07074297715279e-11,0.368587831027412,3.18782781851889e-07,0.999549507602226,0.999999999942431
"Rassf3",2.06938622713266e-11,0.368428207185858,3.18365185983406e-07,0.999549802764644,0.999999999942431
"Rnf103",2.06364262926613e-11,0.367751318560504,3.16600388300456e-07,0.999551052290505,0.999999999942431
"Tor1a",2.06173325706542e-11,0.367525885724705,3.1601479434828e-07,0.999551467676471,0.999999999942431
"E2f1",2.06091577136907e-11,0.367429305134656,3.15764241705376e-07,0.999551645521359,0.999999999942431
"Tcea1",2.05915175008341e-11,0.367220768792466,3.15223922236169e-07,0.999552029286077,0.999999999942431
"Yeats4",2.05803298227405e-11,0.367088420727339,3.14881483585337e-07,0.999552272675211,0.999999999942431
"Ccng2",2.05766861260329e-11,0.367045301186539,3.14769995473272e-07,0.999552351944223,0.999999999942431
"Rassf5",2.05249728657363e-11,0.36643251299884,3.13189825763265e-07,0.999553476971736,0.999999999942431
"Alcam",2.04995255669312e-11,0.366130410289023,3.12413708343249e-07,0.999554030580445,0.999999999942431
"Shisa4",2.04901330557227e-11,0.366018811774394,3.12127489326629e-07,0.999554234915532,0.999999999942431
"Arl5b",2.04832603528924e-11,0.365937120775463,3.11918139810559e-07,0.999554384431918,0.999999999942431
"Trim35",2.03608522677781e-11,0.364477596748191,3.08201229933246e-07,0.999557047432916,0.999999999942431
"Ndufa5",2.03256732938548e-11,0.364056542087922,3.07137145145026e-07,0.999557812755261,0.999999999942431
"Nsrp1",2.03157242828346e-11,0.36393733273209,3.06836543738828e-07,0.999558029197061,0.999999999942431
"Sos1",2.03135120594325e-11,0.363910817980875,3.06769723179961e-07,0.999558077324219,0.999999999942431
"Ppp2r5c",2.03101835781559e-11,0.36387091888148,3.06669199585394e-07,0.999558149735685,0.999999999942431
"Sparcl1",2.02869394247637e-11,0.363592107214734,3.05967661178544e-07,0.999558655414732,0.999999999942431
"Vim",2.02845124310649e-11,0.363562977470519,3.05894457709908e-07,0.99955870821424,0.999999999942431
"Tmed8",2.01408384569099e-11,0.361832393360696,3.01576539963575e-07,0.999561833856941,0.999999999942431
"Rpl37a",2.00999752686618e-11,0.361337963822369,3.00354060803205e-07,0.999562722839981,0.999999999942431
"Camsap2",2.0097752808682e-11,0.361311044464878,3.00287644007487e-07,0.999562771189836,0.999999999942431
"Tceal1",2.00419564287014e-11,0.360634251972686,2.9862261153677e-07,0.999563985046063,0.999999999942431
"Ap4s1",2.00236433048513e-11,0.360411714565184,2.98077134412325e-07,0.999564383450036,0.999999999942431
"Manf",2.00154456892425e-11,0.36031203375703,2.97833120718365e-07,0.999564561790042,0.999999999942431
"Akr1b3",2.00084209184286e-11,0.360226582395074,2.97624097916917e-07,0.999564714614684,0.999999999942431
"Etnk1",1.99819430327785e-11,0.359904231575742,2.96836905103149e-07,0.999565290643925,0.999999999942431
"Ndufs1",1.99110090914541e-11,0.359038577673719,2.94733161884563e-07,0.999566833819425,0.999999999942431
"Armc1",1.98940873543579e-11,0.358831621304134,2.94232405972043e-07,0.99956720195363,0.999999999942431
"Cpeb4",1.98219093542709e-11,0.357946915825223,2.92101262086597e-07,0.999568772193763,0.999999999942431
"Mapk9",1.98115009600511e-11,0.357819075313463,2.91794580544634e-07,0.999568998629496,0.999999999942431
"Tmem50b",1.97995321562472e-11,0.357671987275338,2.91442120915863e-07,0.999569259012107,0.999999999942431
"Six4",1.97727695140263e-11,0.357342776113113,2.90654780108417e-07,0.999569841236259,0.999999999942431
"Cptp",1.97406701927088e-11,0.356947337698116,2.89711842083696e-07,0.999570539560439,0.999999999942431
"Mctp1",1.97209522854518e-11,0.356704114115441,2.89133375576162e-07,0.999570968525627,0.999999999942431
"Fndc10",1.96797511770618e-11,0.356195116861078,2.87926519900311e-07,0.999571864860161,0.999999999942431
"Rab11fip3",1.9660955138091e-11,0.355962562064025,2.87376787984467e-07,0.999572273770006,0.999999999942431
"Prkag2",1.95785609724578e-11,0.354940543337921,2.84973185937188e-07,0.999574066263922,0.999999999942431
"Ahsa2",1.95704912124173e-11,0.354840217975182,2.84738317674763e-07,0.999574241822418,0.999999999942431
"Zfp760",1.95500310789613e-11,0.35458566933376,2.84143264785267e-07,0.999574686934818,0.999999999942431
"Hlcs",1.95223438281508e-11,0.354240788127935,2.83339012865609e-07,0.999575289273932,0.999999999942431
"Nsmce4a",1.94525034691366e-11,0.353368687263321,2.81315372436233e-07,0.999576808658441,0.999999999942431
"Ciapin1",1.9442515895494e-11,0.353243719569767,2.81026572928581e-07,0.999577025939179,0.999999999942431
"Phf6",1.94379137345347e-11,0.353186114565937,2.80893547299597e-07,0.999577126059685,0.999999999942431
"Snrpe",1.93624996033865e-11,0.352240239372137,2.78718185259327e-07,0.999578766702207,0.999999999942431
"Parl",1.93564258464333e-11,0.352163901817839,2.78543352357006e-07,0.999578898837442,0.999999999942431
"Ccar1",1.92656092505324e-11,0.351019654970346,2.75935741172295e-07,0.999580874562242,0.999999999942431
"Camk2b",1.92336720912651e-11,0.350615997252925,2.75021646098066e-07,0.999581569358574,0.999999999942431
"Tm2d2",1.92004147988443e-11,0.35019495118724,2.74071378505426e-07,0.999582292874544,0.999999999942431
"Sbds",1.91736953524492e-11,0.349856154708716,2.73309109545456e-07,0.999582874158972,0.999999999942431
"Wbscr17",1.91735756290664e-11,0.349854635596207,2.73305696391301e-07,0.999582876763567,0.999999999942431
"Pank3",1.90041660390629e-11,0.347695653683414,2.68497406002992e-07,0.999586562287409,0.999999999942431
"Dazap1",1.89777176268141e-11,0.34735687948362,2.677505814859e-07,0.999587137675461,0.999999999942431
"Cycs",1.8946408957055e-11,0.34695524867848,2.66867862098685e-07,0.999587818798938,0.999999999942431
"Tmem242",1.89219092870555e-11,0.34664050776293,2.66178132736133e-07,0.999588351791894,0.999999999942431
"Tmem147",1.88950317790639e-11,0.346294756846706,2.65422487657352e-07,0.999588936514971,0.999999999942431
"Tceal3",1.88420259389918e-11,0.345611468898615,2.63935408043904e-07,0.999590089662724,0.999999999942431
"Mfhas1",1.88285457652644e-11,0.345437396321484,2.63557887871698e-07,0.999590382925353,0.999999999942431
"Rab30",1.88236035484596e-11,0.345373545555875,2.63419545878933e-07,0.999590490443812,0.999999999942431
"Pin4",1.88040918977697e-11,0.345121304043331,2.62873732603513e-07,0.999590914921871,0.999999999942431
"Avil",1.87891499433107e-11,0.344927963823259,2.624561334123e-07,0.999591239985698,0.999999999942431
"Bod1",1.87555736757467e-11,0.344492952747005,2.61518951731932e-07,0.999591970441012,0.999999999942431
"Crebbp",1.8701928856873e-11,0.343796339390183,2.60025094607235e-07,0.999593137489819,0.999999999942431
"Sec24b",1.86530242165035e-11,0.343159561504155,2.58666966533269e-07,0.999594201415534,0.999999999942431
"Copb2",1.85287873923018e-11,0.341534465742225,2.5523278420411e-07,0.999596904201018,0.999999999942431
"Nckap5l",1.8519236356239e-11,0.341409087814013,2.54969722279513e-07,0.999597111984836,0.999999999942431
"Clpb",1.84998385676732e-11,0.341154253690344,2.54435871052768e-07,0.999597533985815,0.999999999942431
"Pqbp1",1.84881036556238e-11,0.340999960966593,2.54113183308259e-07,0.99959778928009,0.999999999942431
"Ndel1",1.84603989323619e-11,0.340635310877797,2.53352168476967e-07,0.999598391999328,0.999999999942431
"Limk2",1.84588261270265e-11,0.34061459340187,2.53308999673409e-07,0.999598426215877,0.999999999942431
"Araf",1.84414499975122e-11,0.340385593771541,2.52832321657659e-07,0.999598804235446,0.999999999942431
"Srd5a1",1.84407998050859e-11,0.340377020771055,2.52814493692643e-07,0.999598818380453,0.999999999942431
"Tnfaip1",1.84266394484111e-11,0.340190237858736,2.5242637940756e-07,0.999599126440537,0.999999999942431
"Gatm",1.84165401470912e-11,0.340056936021941,2.52149754746459e-07,0.999599346151925,0.999999999942431
"Cobl",1.831198752167e-11,0.338672682939347,2.49294920328736e-07,0.999601620705553,0.999999999942431
"Popdc3",1.82359979475357e-11,0.337661699327178,2.4723020626449e-07,0.999603273866926,0.999999999942431
"Pnma2",1.82008082116671e-11,0.337192118636144,2.46276973917724e-07,0.999604039423422,0.999999999942431
"Spop",1.81845545217928e-11,0.336974923006079,2.45837309681816e-07,0.999604393024197,0.999999999942431
"Hnrnpa1",1.81803848759661e-11,0.336919173801111,2.45724583577839e-07,0.999604483735291,0.999999999942431
"Tmem63b",1.80484662853684e-11,0.335148849308925,2.42171519604221e-07,0.999607353638449,0.999999999942431
"Irf2bpl",1.80108199802824e-11,0.334641302161443,2.41162308673584e-07,0.999608172637875,0.999999999942431
"Fbxo45",1.79727330291327e-11,0.334126748664393,2.40143429432097e-07,0.999609001223604,0.999999999942431
"Slc25a12",1.79341147705383e-11,0.333603918312791,2.39112539189451e-07,0.999609841367984,0.999999999942431
"Man2a2",1.78663070096179e-11,0.332683216655189,2.3730781845093e-07,0.999611316533137,0.999999999942431
"Aktip",1.78473515462308e-11,0.33242522094101,2.36804536669082e-07,0.999611728911287,0.999999999942431
"Cdk16",1.77458022895595e-11,0.331038454740245,2.34117425201739e-07,0.999613938126322,0.999999999942431
"Ndufb3",1.77258582551233e-11,0.330765178076089,2.33591484239071e-07,0.999614372010943,0.999999999942431
"Miga1",1.76303450228058e-11,0.329452222235344,2.31080918333819e-07,0.999616449911619,0.999999999942431
"Pigp",1.75832160467862e-11,0.328801785783667,2.29847130702089e-07,0.99961747520758,0.999999999942431
"N4bp1",1.7500653937623e-11,0.327658175176074,2.27693700826799e-07,0.999619271355178,0.999999999942431
"1110004F10Rik",1.74981684187348e-11,0.327623664539568,2.27629029322783e-07,0.99961932542791,0.999999999942431
"Ralgapa1",1.74361712270507e-11,0.326761285814029,2.26018876796676e-07,0.999620674183509,0.999999999942431
"Mfap1b",1.74310394837408e-11,0.326689768017758,2.25885854453692e-07,0.999620785825139,0.999999999942431
"Tbl1xr1",1.73642764362584e-11,0.325757437865324,2.24158826376247e-07,0.999622238262447,0.999999999942431
"Tro",1.7324199509664e-11,0.325196073937737,2.231252987488e-07,0.999623110140314,0.999999999942431
"Asns",1.72911834428302e-11,0.32473264984485,2.22275654861024e-07,0.999623828408414,0.999999999942431
"Slc25a3",1.72640344438971e-11,0.324350923644248,2.21578209936612e-07,0.999624419037819,0.999999999942431
"Stam2",1.71883621799045e-11,0.323283807884924,2.19640009764866e-07,0.999626065296098,0.999999999942431
"Taf11",1.71700894413179e-11,0.323025434937589,2.19173264751206e-07,0.999626462821501,0.999999999942431
"Csde1",1.71524214747427e-11,0.322775355417688,2.18722439656403e-07,0.999626847190023,0.999999999942431
"Klf9",1.71519418763545e-11,0.322768563448538,2.18710208443086e-07,0.999626857623738,0.999999999942431
"Shoc2",1.71312972554711e-11,0.322476021116076,2.18184032216899e-07,0.999627306749696,0.999999999942431
"Sptbn2",1.7114819994497e-11,0.322242282362111,2.17764525594119e-07,0.999627665214289,0.999999999942431
"Coro1c",1.68466311105844e-11,0.318406362002812,2.10993265853573e-07,0.999633499692453,0.999999999942431
"Kbtbd11",1.6825709278757e-11,0.318104588826595,2.10469526181762e-07,0.999633954849168,0.999999999942431
"Camk1d",1.67390765724001e-11,0.316851061952201,2.08307762460282e-07,0.999635839553065,0.999999999942431
"Phospho2",1.66836474567998e-11,0.31604567352343,2.06930482418496e-07,0.999637045419472,0.999999999942431
"Pcbd2",1.65950826248903e-11,0.314753329397157,2.04739340487627e-07,0.999638972156973,0.999999999942431
"Tmx1",1.65494899856497e-11,0.314085384548393,2.03615901171932e-07,0.999639964029774,0.999999999942431
"Pgd",1.65416229598157e-11,0.313969946915499,2.03422363990409e-07,0.999640135177773,0.999999999942431
"Gnaz",1.65386234392038e-11,0.313925918878832,2.03348596833021e-07,0.999640200432668,0.999999999942431
"Sec23b",1.65247148321633e-11,0.313721660418622,2.03006717538203e-07,0.99964050301592,0.999999999942431
"Hnrnpa3",1.65089723500955e-11,0.313490265499378,2.02620107860657e-07,0.999640845495321,0.999999999942431
"Sord",1.64843481062052e-11,0.313127883057492,2.02016115575864e-07,0.999641381198412,0.999999999942431
"Ube2ql1",1.64728824573844e-11,0.312958966792078,2.01735189658407e-07,0.999641630634843,0.999999999942431
"Rpl39",1.63983582943447e-11,0.311858215087836,1.99913997941591e-07,0.999643251916078,0.999999999942431
"Aldh4a1",1.63518076048508e-11,0.311168137267259,1.98780600875266e-07,0.999644264631369,0.999999999942431
"Lars2",1.63402477940266e-11,0.310996471824132,1.98499646748859e-07,0.999644516116305,0.999999999942431
"Wdr17",1.62462138564285e-11,0.309595584301606,1.96221591304293e-07,0.999646561834801,0.999999999942431
"Ikbkap",1.62446837998407e-11,0.309572723967206,1.96184633031631e-07,0.999646595121348,0.999999999942431
"Fam117b",1.61904024001653e-11,0.308760337444037,1.94875726737805e-07,0.999647776019077,0.999999999942431
"Actn4",1.61620223265223e-11,0.30833452574131,1.94193132189478e-07,0.999648393430654,0.999999999942431
"Tnip1",1.61369265403504e-11,0.307957376502925,1.93590528680665e-07,0.999648939392201,0.999999999942431
"Vamp4",1.61352819456542e-11,0.307932640706878,1.93551071138096e-07,0.999648975170537,0.999999999942431
"Kctd5",1.60525235403707e-11,0.30668467849253,1.91570702940322e-07,0.99965077558861,0.999999999942431
"Derl1",1.59702587310012e-11,0.305437856544046,1.89612238817625e-07,0.999652565268454,0.999999999942431
"Snrnp27",1.59340990026393e-11,0.304887807700357,1.88754573936241e-07,0.999653351927263,0.999999999942431
"Runx1t1",1.58987081306176e-11,0.304348261352498,1.87917027946449e-07,0.99965412185952,0.999999999942431
"Elfn1",1.58595512847695e-11,0.30374991973446,1.86992528074898e-07,0.999654973720947,0.999999999942431
"Sars",1.5806332609391e-11,0.302934365017792,1.85739680785694e-07,0.999656131498999,0.999999999942431
"Mical1",1.58026051790527e-11,0.302877142239646,1.85652089298676e-07,0.999656212589651,0.999999999942431
"Sh3bgrl",1.58008218898983e-11,0.30284976082825,1.85610190804947e-07,0.999656251385299,0.999999999942431
"Mrpl17",1.57643951083489e-11,0.30228978008907,1.84755375985922e-07,0.999657043853882,0.999999999942431
"Ntmt1",1.57178648932858e-11,0.30157262294251,1.83666337010213e-07,0.999658056123756,0.999999999942431
"Mrpl44",1.57042937320911e-11,0.301363060114236,1.83349310567534e-07,0.99965835136584,0.999999999942431
"Fam220a",1.56739829828309e-11,0.300894362824172,1.82642231106139e-07,0.999659010779477,0.999999999942431
"Slc1a4",1.56710198830124e-11,0.300848496256816,1.82573182159503e-07,0.999659075242035,0.999999999942431
"Armc6",1.56181219777429e-11,0.300028234165787,1.81342702075703e-07,0.999660226041702,0.999999999942431
"Aig1",1.56150444307652e-11,0.299980427859133,1.81271242050012e-07,0.99966029299407,0.999999999942431
"Smim8",1.56097703477074e-11,0.299898479174687,1.81148811641763e-07,0.999660407732319,0.999999999942431
"Jun",1.55135125937415e-11,0.298398011152343,1.789215892375e-07,0.9996625018302,0.999999999942431
"Tmem43",1.55063626761638e-11,0.298286192100309,1.78756703327866e-07,0.999662657377432,0.999999999942431
"Clip4",1.54754340529766e-11,0.297801906603515,1.78044326721038e-07,0.999663330232985,0.999999999942431
"Dolpp1",1.5415922042744e-11,0.296867366990756,1.76677592539758e-07,0.999664624923226,0.999999999942431
"Aatk",1.52983600961297e-11,0.295010746965394,1.73993177892527e-07,0.999667182496135,0.999999999942431
"Cox7a2",1.52431978588971e-11,0.294134732296033,1.7274068427734e-07,0.999668382556594,0.999999999942431
"Suds3",1.52362877427129e-11,0.294024774614727,1.72584104581683e-07,0.999668532886922,0.999999999942431
"Prrc2b",1.51178757491249e-11,0.292132856417708,1.69911981713093e-07,0.9996711089527,0.999999999942431
"Ncl",1.51043083583185e-11,0.291915152236738,1.69607146843538e-07,0.99967140411276,0.999999999942431
"Alyref",1.50622768964529e-11,0.291239483749824,1.68664512823695e-07,0.999672318511778,0.999999999942431
"Skiv2l2",1.50266573005268e-11,0.290665431078716,1.67867733134537e-07,0.999673093419956,0.999999999942431
"Rpl37",1.49827099618663e-11,0.289955315092351,1.66887268618181e-07,0.999674049499082,0.999999999942431
"Ythdf2",1.49438559954421e-11,0.289325786960426,1.66022828911531e-07,0.999674894771343,0.999999999942431
"Tsc22d3",1.49405805422999e-11,0.289272642968356,1.65950057814072e-07,0.999674966029182,0.999999999942431
"Ube2e3",1.49321020416522e-11,0.289135026532958,1.65761764133866e-07,0.999675150479884,0.999999999942431
"Nek9",1.49221066237212e-11,0.2889726896869,1.6553991947171e-07,0.999675367931287,0.999999999942431
"Smyd3",1.49153989071761e-11,0.288863688686236,1.653911274392e-07,0.99967551385839,0.999999999942431
"Trib2",1.48473856106421e-11,0.28775572881019,1.63886219798726e-07,0.999676993495046,0.999999999942431
"Stard4",1.48020817792612e-11,0.287014933578752,1.62887613524527e-07,0.99967797908482,0.999999999942431
"Sub1",1.4759410786199e-11,0.28631514248132,1.61949832221222e-07,0.999678907396912,0.999999999942431
"Tmco1",1.47294149873148e-11,0.285822025627065,1.61292234386489e-07,0.999679559958777,0.999999999942431
"Plxnc1",1.47230361536135e-11,0.285717032933674,1.61152563726231e-07,0.999679698730997,0.999999999942431
"Lrrc58",1.46122264936295e-11,0.28388596425742,1.58735934268311e-07,0.999682109407196,0.999999999942431
"Matr3",1.45932102278844e-11,0.28357035512028,1.58323047082438e-07,0.999682523108124,0.999999999942431
"Snrk",1.45590234446827e-11,0.283001942811507,1.57582125004244e-07,0.99968326684531,0.999999999942431
"D030056L22Rik",1.45368026599155e-11,0.282631779073005,1.57101471019478e-07,0.999683750260899,0.999999999942431
"Ptrhd1",1.44588905046212e-11,0.281329461639119,1.55421966504407e-07,0.99968544524831,0.999999999942431
"Cdk14",1.44353341803825e-11,0.280934350435598,1.54915954254155e-07,0.999685957718705,0.999999999942431
"Epm2aip1",1.44119578858049e-11,0.280541629918077,1.54414624841751e-07,0.999686466272536,0.999999999942431
"Cfdp1",1.44069316712373e-11,0.280457107742063,1.5430693847385e-07,0.999686575618381,0.999999999942431
"Rps9",1.43499072726044e-11,0.279496128756039,1.53087824467194e-07,0.999687816190376,0.999999999942431
"Alkbh3",1.43272156289996e-11,0.279112679998459,1.52604048830263e-07,0.999688309849551,0.999999999942431
"Sat1",1.42979748599593e-11,0.278617678639604,1.51981777721387e-07,0.999688945985663,0.999999999942431
"Rb1cc1",1.42952742890743e-11,0.278571911779615,1.51924371157634e-07,0.999689004736876,0.999999999942431
"Sec22c",1.4286354291925e-11,0.278420683041888,1.51734834093732e-07,0.999689198792384,0.999999999942431
"Gm21967",1.42627377079036e-11,0.278019839848187,1.51233587029407e-07,0.999689712573739,0.999999999942431
"Cul2",1.42576244079759e-11,0.277932965862738,1.51125169685134e-07,0.999689823814136,0.999999999942431
"Hspe1",1.42531377183949e-11,0.27785671255981,1.51030070386987e-07,0.999689921422556,0.999999999942431
"Vopp1",1.42093466660824e-11,0.277111218723579,1.50103452565216e-07,0.999690874101663,0.999999999942431
"Mapk8ip3",1.41545114064705e-11,0.276174508739425,1.48947160169865e-07,0.999692067048703,0.999999999942431
"Rassf4",1.41291039409987e-11,0.275739278248851,1.48412917307935e-07,0.99969261979088,0.999999999942431
"Csnk2a2",1.41128188856757e-11,0.275459908857362,1.48070996160607e-07,0.999692974074031,0.999999999942431
"Rpl22l1",1.40949217122178e-11,0.275152516807737,1.4769568177562e-07,0.999693363428987,0.999999999942431
"Pogk",1.40647441807061e-11,0.274633331465229,1.47063919525678e-07,0.99969401994447,0.999999999942431
"Cd44",1.40612183943862e-11,0.274572600895796,1.46990196042692e-07,0.999694096648335,0.999999999942431
"Nudt21",1.40517263521242e-11,0.274409028776753,1.46791811210658e-07,0.999694303148747,0.999999999942431
"Rcc2",1.40369214750998e-11,0.274153685346739,1.46482654911941e-07,0.999694625230459,0.999999999942431
"Syt9",1.40179136206694e-11,0.273825462514698,1.46086209606462e-07,0.999695038748401,0.999999999942431
"Snx2",1.4017315489401e-11,0.273815127014762,1.46073743148467e-07,0.999695051760812,0.999999999942431
"Sgta",1.39938362094376e-11,0.273409069295764,1.45584800183545e-07,0.999695562555103,0.999999999942431
"Ltn1",1.39822405121551e-11,0.273208281958828,1.45343628596475e-07,0.99969581482076,0.999999999942431
"Taldo1",1.39733033686923e-11,0.273053417212345,1.45157887015708e-07,0.999696009249289,0.999999999942431
"Nup62",1.3948304809594e-11,0.272619717596518,1.44638970053289e-07,0.999696553095664,0.999999999942431
"Smad2",1.39075753756056e-11,0.271911459050729,1.43795503778409e-07,0.999697439168934,0.999999999942431
"Ptpn11",1.39027632016568e-11,0.271827643400497,1.43696011344376e-07,0.999697543858303,0.999999999942431
"Znfx1",1.38696157489582e-11,0.271249522009742,1.43011618115802e-07,0.999698264984745,0.999999999942431
"Ctnnbip1",1.37111923643596e-11,0.268467525316746,1.39763223843061e-07,0.999701711502731,0.999999999942431
"Zdhhc8",1.36725780951559e-11,0.267784635160558,1.3897711346891e-07,0.999702551560363,0.999999999942431
"Mrpl10",1.36709544711551e-11,0.267755879861514,1.38944108255466e-07,0.999702586882481,0.999999999942431
"Hcfc1",1.36650228850721e-11,0.267650799489182,1.38823563615137e-07,0.999702715924782,0.999999999942431
"Tsn",1.35812307088041e-11,0.266161564018947,1.37126286613377e-07,0.999704538832705,0.999999999942431
"Tac1",1.35807504844058e-11,0.266153002924692,1.37116589373759e-07,0.999704549280039,0.999999999942431
"Arpc3",1.35539951776253e-11,0.26567555642528,1.36576857392933e-07,0.999705131344654,0.999999999942431
"Psma7",1.35375397018148e-11,0.26538144792129,1.36245431437331e-07,0.999705489335323,0.999999999942431
"Eef1b2",1.3418807435567e-11,0.263248841481398,1.33866005125946e-07,0.999708072368714,0.999999999942431
"B230219D22Rik",1.34013990048196e-11,0.262934597476176,1.3351889746226e-07,0.999708451091022,0.999999999942431
"Slc25a17",1.33793531932618e-11,0.262536064841689,1.33079971445607e-07,0.999708930700056,0.999999999942431
"Ankrd27",1.33774320750953e-11,0.262501305209582,1.33041756743895e-07,0.999708972494191,0.999999999942431
"Ninj1",1.32751729637469e-11,0.260643946790803,1.31015548211746e-07,0.999711197152305,0.999999999942431
"Tcta",1.31821819061641e-11,0.258942638389006,1.29186479286731e-07,0.999713220182902,0.999999999942431
"6030458C11Rik",1.31713064468295e-11,0.258742895138041,1.28973406404468e-07,0.999713456779705,0.999999999942431
"Gpat4",1.30623033292911e-11,0.256731866965998,1.26847523031769e-07,0.999715828154415,0.999999999942431
"Htra1",1.30618992389882e-11,0.256724381052694,1.2683967494252e-07,0.999715836945443,0.999999999942431
"Arfip2",1.30546125660586e-11,0.256589353706793,1.26698197594978e-07,0.999715995467808,0.999999999942431
"Abhd2",1.30470561111216e-11,0.256449248591799,1.26551565570302e-07,0.999716159859309,0.999999999942431
"Tusc3",1.30301128287938e-11,0.256134810171049,1.26223091985601e-07,0.999716528462264,0.999999999942431
"Susd6",1.3028816271531e-11,0.256110731677104,1.26197973657534e-07,0.999716556669009,0.999999999942431
"Kcna4",1.30244075815821e-11,0.256028839778776,1.26112582384128e-07,0.999716652580539,0.999999999942431
"Gm4631",1.29995851524013e-11,0.255567249667602,1.25632339795596e-07,0.999717192595194,0.999999999942431
"Zrsr1",1.29927902585908e-11,0.255440742442445,1.25501037866481e-07,0.99971734041885,0.999999999942431
"Gsk3a",1.29764087466437e-11,0.255135483305006,1.25184770050716e-07,0.999717696800429,0.999999999942431
"Cbx3",1.29560821324308e-11,0.254756181004609,1.24792891277056e-07,0.999718139008138,0.999999999942431
"Atp2c1",1.29370991371684e-11,0.254401420919949,1.24427471024917e-07,0.999718551985271,0.999999999942431
"Pnpo",1.29319083690176e-11,0.254304324876911,1.24327642682505e-07,0.999718664910999,0.999999999942431
"Mbd2",1.29099201229012e-11,0.253892596580081,1.23905211186603e-07,0.999719143267692,0.999999999942431
"Dbnl",1.28994622277936e-11,0.253696530570291,1.23704549547742e-07,0.999719370780341,0.999999999942431
"Gramd1a",1.28362256928056e-11,0.252507614073148,1.22494658374347e-07,0.999720746498059,0.999999999942431
"St8sia3",1.28164045845898e-11,0.252133766422771,1.22116649238292e-07,0.999721177708431,0.999999999942431
"Eif1ad",1.2702294824816e-11,0.249970381642837,1.19951819280388e-07,0.999723660178707,0.999999999942431
"Nubp2",1.27001474015366e-11,0.249929485619878,1.1991126510351e-07,0.999723706896135,0.999999999942431
"Dexi",1.26962533746547e-11,0.249855309481626,1.19837743735532e-07,0.999723791611115,0.999999999942431
"Adap1",1.26678446508161e-11,0.249313480568214,1.19302053648436e-07,0.999724409646003,0.999999999942431
"Coasy",1.26371983008332e-11,0.248727629271449,1.1872551516997e-07,0.999725076360692,0.999999999942431
"Tmx3",1.25813343982706e-11,0.247656093139809,1.1767816104462e-07,0.99972629168599,0.999999999942431
"Cdkl2",1.25592740675484e-11,0.247231657176585,1.17265844971184e-07,0.999726771610893,0.999999999942431
"Gm42372",1.24557992869244e-11,0.24523096384784,1.15341518487213e-07,0.999729022716043,0.999999999942431
"2410004B18Rik",1.24109907682061e-11,0.24435949774327,1.14513151511166e-07,0.99972999753026,0.999999999942431
"Washc1",1.23903068832669e-11,0.243956176648882,1.14131779357247e-07,0.999730447510436,0.999999999942431
"Rasl10b",1.23791850734806e-11,0.243739034709465,1.13926976965581e-07,0.999730689466623,0.999999999942431
"Tdg",1.23668461274364e-11,0.243497904237344,1.13699976847446e-07,0.999730957901741,0.999999999942431
"Mfap1a",1.23663473782574e-11,0.243488152580896,1.1369080609752e-07,0.999730968752084,0.999999999942431
"Hes6",1.23446001798435e-11,0.243062568921053,1.13291289176725e-07,0.999731441864761,0.999999999942431
"Mapre1",1.23287879208474e-11,0.242752665159937,1.13001244318327e-07,0.999731785862182,0.999999999942431
"Calcb",1.2296673154493e-11,0.242122041206343,1.12413306225351e-07,0.999732484522431,0.999999999942431
"Arfgef2",1.22963886909946e-11,0.24211644806547,1.12408105288142e-07,0.999732490710966,0.999999999942431
"Ptpmt1",1.22936571429254e-11,0.242062733684164,1.12358169645004e-07,0.999732550136093,0.999999999942431
"Vcpip1",1.22862365946389e-11,0.241916753280303,1.12222570029409e-07,0.999732711570931,0.999999999942431
"Uba5",1.22639466205802e-11,0.241477731431054,1.11815745844955e-07,0.999733196491751,0.999999999942431
"Acot13",1.21417717099536e-11,0.239057319641064,1.09598999063298e-07,0.999735854420279,0.999999999942431
"Stx2",1.21360902492708e-11,0.238944180499314,1.09496454437353e-07,0.999735978021076,0.999999999942431
"Eid1",1.2107821324026e-11,0.238380462909841,1.08986942397896e-07,0.999736593014634,0.999999999942431
"Elovl7",1.20261926945488e-11,0.236745372762549,1.07522357581467e-07,0.999738368854387,0.999999999942431
"Ddx50",1.19935138216587e-11,0.236087718142094,1.06938808717836e-07,0.999739079786838,0.999999999942431
"Npm1",1.19647383182314e-11,0.235507153405876,1.06426277263521e-07,0.99973970580106,0.999999999942431
"Kat7",1.19417829153291e-11,0.235043024988471,1.06018292667762e-07,0.999740205198359,0.999999999942431
"Kars",1.19160883024508e-11,0.234522468757867,1.05562553630302e-07,0.99974076418747,0.999999999942431
"Nt5dc3",1.19037009233587e-11,0.234271112949308,1.05343192434627e-07,0.999741033676256,0.999999999942431
"Rap1b",1.18971453873155e-11,0.234137988338423,1.05227196419105e-07,0.999741176292659,0.999999999942431
"Tmtc1",1.18273787369736e-11,0.2327167249435,1.03996678779252e-07,0.999742694073764,0.999999999942431
"Med22",1.18073790491095e-11,0.232307773190422,1.03645266578743e-07,0.999743129169159,0.999999999942431
"Smpd3",1.18016278864677e-11,0.23219004750858,1.03544323666258e-07,0.999743254286331,0.999999999942431
"Capn7",1.17763625979365e-11,0.231672198782564,1.0310145647048e-07,0.999743803935445,0.999999999942431
"Ube2k",1.17008622271138e-11,0.230118155893816,1.01783690447803e-07,0.999745446454267,0.999999999942431
"Apoa1bp",1.16873709596598e-11,0.229839420910903,1.01549109558143e-07,0.999745739958266,0.999999999942431
"Emd",1.16166214262124e-11,0.228372493274516,1.00323375165939e-07,0.999747279122102,0.999999999942431
"Ap3s1",1.1609125654447e-11,0.228216559446288,1.001939470859e-07,0.999747442193437,0.999999999942431
"Alg1",1.15860001202169e-11,0.227734854819023,9.97951692905821e-08,0.999747945291963,0.999999999942431
"Frrs1l",1.14986075290318e-11,0.225905867406574,9.82953477875072e-08,0.999749846527342,0.999999999942431
"AI593442",1.14621227786729e-11,0.22513824108531,9.76725607877899e-08,0.999750640257077,0.999999999942431
"Mpdz",1.13970134961653e-11,0.223762359456427,9.65660766609232e-08,0.99975205671664,0.999999999942431
"Fam160a2",1.13909576658969e-11,0.223633994672178,9.64634826952395e-08,0.99975218846189,0.999999999942431
"Bnip3l",1.13348129347904e-11,0.222440686899039,9.55149111634817e-08,0.999753409896657,0.999999999942431
"Pdcd7",1.13273649076467e-11,0.222281947846157,9.53894280297358e-08,0.999753571929303,0.999999999942431
"Sphk2",1.13272834385909e-11,0.22228021093543,9.53880559085498e-08,0.999753573701671,0.999999999942431
"Hsp90b1",1.131872769489e-11,0.222097734878128,9.52440129792965e-08,0.999753759832811,0.999999999942431
"Slc36a4",1.12974597274081e-11,0.221643543886035,9.48864209383013e-08,0.999754222519771,0.999999999942431
"Plaa",1.12937239783868e-11,0.221563677547655,9.48236788253271e-08,0.999754303791399,0.999999999942431
"Fam217b",1.12825361880184e-11,0.221324338588648,9.46359033875059e-08,0.999754547183003,0.999999999942431
"Akap2",1.12769060570656e-11,0.221203805397279,9.4541477882483e-08,0.999754669667118,0.999999999942431
"Sptbn1",1.12500354755506e-11,0.220627725435709,9.4091468302821e-08,0.999755254239559,0.999999999942431
"Nt5c2",1.1236289238298e-11,0.220332494297517,9.38616710804038e-08,0.999755553290454,0.999999999942431
"Acadl",1.12163518013291e-11,0.219903659881182,9.35288742185147e-08,0.999755987031577,0.999999999942431
"Chchd3",1.11698707074992e-11,0.21890097208181,9.27553042207123e-08,0.99975699823286,0.999999999942431
"Pdk3",1.11446006509369e-11,0.218354120024192,9.23360907026832e-08,0.999757547985706,0.999999999942431
"Cyb5a",1.11340656892148e-11,0.21812577892452,9.21616030850166e-08,0.999757777174951,0.999999999942431
"Hnrnpl",1.10759375193277e-11,0.216862030880288,9.12018097429318e-08,0.999759041759649,0.999999999942431
"Ptn",1.1018754535235e-11,0.215612434876198,9.02625250820216e-08,0.999760285781727,0.999999999942431
"Ube3a",1.0995242724483e-11,0.215096785047044,8.98777318299839e-08,0.999760797283744,0.999999999942431
"Ift122",1.09569215601075e-11,0.214254008944546,8.92523309289905e-08,0.99976163096487,0.999999999942431
"Enpp4",1.09236257866468e-11,0.213519390557213,8.87107170912253e-08,0.999762355318067,0.999999999942431
"Nkrf",1.0884613446134e-11,0.212655831087658,8.80782104778501e-08,0.999763204035806,0.999999999942431
"Abtb2",1.08794061667102e-11,0.212540334321969,8.79939561044413e-08,0.99976331732074,0.999999999942431
"Imp3",1.08574025795511e-11,0.212051695154668,8.76383806825311e-08,0.999763796011187,0.999999999942431
"Atg4b",1.08475581121485e-11,0.211832760377632,8.74795283154082e-08,0.999764010178654,0.999999999942431
"Washc2",1.080978305596e-11,0.210990844796145,8.68713194882575e-08,0.999764831979137,0.999999999942431
"Fam107b",1.0781068528043e-11,0.210348923800809,8.641041184025e-08,0.999765456666837,0.999999999942431
"Macrod2",1.07589238299324e-11,0.209852720742546,8.60557962941267e-08,0.999765938427169,0.999999999942431
"Igfbp3",1.07445329575372e-11,0.209529719910685,8.5825738016152e-08,0.999766251502174,0.999999999942431
"Nisch",1.07409368602496e-11,0.209448939468852,8.57682974450652e-08,0.999766329735664,0.999999999942431
"Plekhm2",1.06814479842907e-11,0.208108735853562,8.48208698240169e-08,0.999767623922676,0.999999999942431
"Fbxo11",1.06370541942339e-11,0.207103800069497,8.41172770443993e-08,0.999768589714441,0.999999999942431
"Nploc4",1.06329026269697e-11,0.207009610294022,8.40516290974043e-08,0.999768680032241,0.999999999942431
"9530068E07Rik",1.05030917628212e-11,0.204046051587571,8.20118826382268e-08,0.99977150408181,0.999999999942431
"Nrsn2",1.04526882228498e-11,0.20288560342499,8.12266337481899e-08,0.999772600616345,0.999999999942431
"Lcmt1",1.04338456555045e-11,0.202450370854209,8.09340508666407e-08,0.999773010538462,0.999999999942431
"Hgs",1.04084136725504e-11,0.201861703033002,8.05399862137129e-08,0.999773563814037,0.999999999942431
"Gbas",1.03989639467261e-11,0.201642611118424,8.03938092223685e-08,0.999773769393858,0.999999999942431
"Usf2",1.03848170689059e-11,0.201314248532769,8.0175220564995e-08,0.999774077160735,0.999999999942431
"Eea1",1.02970322886856e-11,0.199266766766076,7.882547764355e-08,0.999775986928248,0.999999999942431
"Elp5",1.02956871829347e-11,0.199235259982123,7.88048849766463e-08,0.999776016191171,0.999999999942431
"Tmod2",1.01804374639714e-11,0.196520550304958,7.70504789863114e-08,0.999778523461438,0.999999999942431
"Chordc1",1.00859696425112e-11,0.19427266395004,7.56271571101573e-08,0.999780578619249,0.999999999942431
"Bbx",1.00161466162544e-11,0.192597824460914,7.45836800396834e-08,0.99978209762684,0.999999999942431
"Hdac11",1.00079884200802e-11,0.192401383820629,7.44622320384932e-08,0.999782275109292,0.999999999942431
"Ssbp1",9.99724241565807e-12,0.192142390431396,7.43024113328605e-08,0.999782508889796,0.999999999942431
"Scn11a",9.94373114571715e-12,0.190848595246883,7.35091175011102e-08,0.999783673033341,0.999999999942431
"Arpc1b",9.9262645272976e-12,0.190424800979988,7.32511000580602e-08,0.99978405302154,0.999999999942431
"Fnta",9.88308320354816e-12,0.189373924305788,7.26151711182676e-08,0.999784992435973,0.999999999942431
"Stard7",9.83728130052628e-12,0.188254313061705,7.19436789948388e-08,0.999785988861396,0.999999999942431
"Gfod1",9.81505606547429e-12,0.187709171613199,7.16189634830424e-08,0.999786472373822,0.999999999942431
"Supt16",9.79305416696178e-12,0.187168308013549,7.12982343881006e-08,0.999786951027537,0.999999999942431
"Tmem256",9.77661921074996e-12,0.186763511940953,7.10591261218433e-08,0.999787308571812,0.999999999942431
"Cda",9.77598725185824e-12,0.186747933281792,7.10499399207138e-08,0.999787322320147,0.999999999942431
"Ckmt1",9.7661727080719e-12,0.186505863687506,7.09073512098415e-08,0.999787535836623,0.999999999942431
"Bhlhe41",9.69009663877926e-12,0.184621318709156,6.98069524377437e-08,0.999789190879855,0.999999999942431
"Adgrl1",9.66043199780043e-12,0.183882514649877,6.93802015900419e-08,0.999789836237373,0.999999999942431
"Nol3",9.65978527999218e-12,0.183866383105392,6.93709125830852e-08,0.99978985030679,0.999999999942431
"Maneal",9.64558086211406e-12,0.183511803354809,6.9167046985315e-08,0.999790159325459,0.999999999942431
"Rab15",9.62200871784242e-12,0.182922242756803,6.88293952864307e-08,0.999790672140043,0.999999999942431
"Mcub",9.61204783943165e-12,0.182672684052918,6.86869621658226e-08,0.999790888840046,0.999999999942431
"Ggt7",9.61076576409172e-12,0.182640544563926,6.86686401622497e-08,0.999790916731735,0.999999999942431
"Scamp3",9.56935987469838e-12,0.181600288695266,6.80782270048073e-08,0.999791817521401,0.999999999942431
"Cbx5",9.55608302129036e-12,0.181265789409502,6.78894499861001e-08,0.999792106360804,0.999999999942431
"Dnajb5",9.54539002780467e-12,0.180996055019059,6.77376021441343e-08,0.99979233898805,0.999999999942431
"Plagl1",9.47375374104245e-12,0.179181284725195,6.67247023344722e-08,0.999793897443328,0.999999999942431
"Tesk1",9.45492431354767e-12,0.178702030998568,6.64597304087008e-08,0.999794307079589,0.999999999942431
"Mfsd1",9.44627206632016e-12,0.17848149507616,6.63381508180967e-08,0.999794495310177,0.999999999942431
"Nudt11",9.42869652430763e-12,0.178032900678134,6.60915256316345e-08,0.999794877668022,0.999999999942431
"Usp46",9.3967209490988e-12,0.177214644310756,6.56440128503849e-08,0.999795573300169,0.999999999942431
"Ebna1bp2",9.39081605727605e-12,0.177063237613312,6.55615374833936e-08,0.999795701761739,0.999999999942431
"Lims1",9.33699212795464e-12,0.175678800562539,6.4812152797235e-08,0.999796872707228,0.999999999942431
"Prkcz",9.22335105882698e-12,0.172729740959428,6.32440888308585e-08,0.999799344981158,0.999999999942431
"Scn7a",9.22142514376872e-12,0.172679454083778,6.32176797685734e-08,0.999799386879652,0.999999999942431
"Ndrg1",9.20972027390524e-12,0.172373609541558,6.30572956443492e-08,0.99979964152038,0.999999999942431
"Pgap2",9.11764748434288e-12,0.169954325658006,6.18027864236631e-08,0.999801644574024,0.999999999942431
"Cbfb",9.09656349314089e-12,0.169396938436696,6.15172867271226e-08,0.999802103258567,0.999999999942431
"Amotl1",9.06587454622280e-12,0.168583349049312,6.11029069107489e-08,0.999802770899976,0.999999999942431
"Amfr",9.04808046440915e-12,0.168110368592147,6.08632823500573e-08,0.999803158012179,0.999999999942431
"Dcaf12",9.02600135698345e-12,0.167522212188637,6.05666078505137e-08,0.999803638345585,0.999999999942431
"Bhlhe40",9.00179220796631e-12,0.166875681795553,6.02421453117996e-08,0.99980416501828,0.999999999942431
"Atad1",8.95121736563428e-12,0.165519478351625,5.95671290090304e-08,0.999805265279528,0.999999999942431
"Ifngr2",8.93952158725161e-12,0.165204771492729,5.94115683152965e-08,0.999805519722471,0.999999999942431
"Tmem60",8.92692333549481e-12,0.164865326634644,5.92442317349486e-08,0.999805793798821,0.999999999942431
"Ppcdc",8.89511905764782e-12,0.164006292543647,5.88228405240445e-08,0.999806485704378,0.999999999942431
"Pdlim7",8.87653767584623e-12,0.163503006489594,5.85773422828558e-08,0.999806889944379,0.999999999942431
"Fbxo44",8.83268075170333e-12,0.162310988323569,5.79999379664384e-08,0.99980784405658,0.999999999942431
"Itpkb",8.81433480180483e-12,0.161810618739544,5.7759250246123e-08,0.999808243174735,0.999999999942431
"Pde1c",8.79111413320636e-12,0.16117582106845,5.74553267431499e-08,0.99980874834293,0.999999999942431
"Rabggtb",8.77843311247904e-12,0.160828453911627,5.72896897856801e-08,0.999809024219929,0.999999999942431
"Cuta",8.77462490958134e-12,0.160724040419585,5.72399944842196e-08,0.999809107067801,0.999999999942431
"Trim44",8.76017193603812e-12,0.160327361105485,5.70515860205738e-08,0.999809421493828,0.999999999942431
"Acsl1",8.74401377527151e-12,0.159883116168051,5.68413165122971e-08,0.99980977301639,0.999999999942431
"Oxr1",8.74001226672602e-12,0.159772975513803,5.67893040211027e-08,0.999809860069647,0.999999999942431
"Kcns3",8.70697412907022e-12,0.158861703406333,5.6360776772276e-08,0.999810578817961,0.999999999942431
"Ppp1r12c",8.69921883148217e-12,0.1586472994041,5.62604204533723e-08,0.999810747535312,0.999999999942431
"Msl1",8.60258921756166e-12,0.155959946182501,5.50174975359473e-08,0.999812849723176,0.999999999942431
"Dner",8.57746028563828e-12,0.15525621220925,5.46965449327181e-08,0.999813396405851,0.999999999942431
"Med19",8.53994276460865e-12,0.154201744462775,5.42191096908132e-08,0.999814212603642,0.999999999942431
"Sgpp2",8.52926532575705e-12,0.153900809271591,5.40836147973691e-08,0.999814444892497,0.999999999942431
"Nop14",8.48243279763134e-12,0.152576468741865,5.34913202535614e-08,0.999815463739292,0.999999999942431
"Slc30a9",8.47130216206902e-12,0.152260653909292,5.33510298983804e-08,0.999815705887491,0.999999999942431
"Eif1a",8.36404900588691e-12,0.149196370747704,5.20086522171124e-08,0.999818039191688,0.999999999942431
"Npepps",8.36312019041612e-12,0.149169665107327,5.19971018881796e-08,0.99981805939817,0.999999999942431
"Kpna6",8.33719077177602e-12,0.148422950257107,5.16751731114416e-08,0.999818623495522,0.999999999942431
"Surf1",8.30817502559002e-12,0.147584635717477,5.13161110258504e-08,0.999819254736269,0.999999999942431
"Ndufb6",8.24744131027733e-12,0.14582055007008,5.05685998937253e-08,0.999820576004919,0.999999999942431
"Btrc",8.14786868269751e-12,0.142900437411535,4.93549258554038e-08,0.999822742218376,0.999999999942431
"Atp11a",8.08898003831551e-12,0.141156838411481,4.86440794637469e-08,0.999824023347307,0.999999999942431
"Plppr5",8.07718375108264e-12,0.140806064875534,4.85023060570192e-08,0.999824279976832,0.999999999942431
"Mboat7",8.07682132419367e-12,0.140795279779963,4.84979535138419e-08,0.999824287861469,0.999999999942431
"Stx1a",8.07054294986467e-12,0.140608372213297,4.84225847642234e-08,0.999824424448193,0.999999999942431
"Slc39a7",8.05933197734596e-12,0.140274264070526,4.82881484027612e-08,0.999824668344132,0.999999999942431
"Ylpm1",8.04232174417095e-12,0.139766450867474,4.80845271001533e-08,0.999825038403625,0.999999999942431
"Stau2",7.99299217148247e-12,0.138287784663558,4.74964594603844e-08,0.999826111573901,0.999999999942431
"Becn1",7.9632102909425e-12,0.137390703185301,4.71431753396093e-08,0.999826759481986,0.999999999942431
"Serbp1",7.93198684130319e-12,0.136446640102586,4.6774206862649e-08,0.999827438751565,0.999999999942431
"Cisd3",7.92587518910893e-12,0.136261421241999,4.6702154914459e-08,0.999827571711231,0.999999999942431
"Dcun1d5",7.83831013884881e-12,0.133592112712996,4.56759247047362e-08,0.999829476698526,0.999999999942431
"Pura",7.83405727479053e-12,0.133461722052348,4.56263730037683e-08,0.999829569220052,0.999999999942431
"Zfp664",7.69236348484488e-12,0.129077082403863,4.39908199743144e-08,0.999832651784032,0.999999999942431
"Vps29",7.68342227092215e-12,0.128797736366335,4.38886140037863e-08,0.999832846301124,0.999999999942431
"Csnk1d",7.57662137678741e-12,0.12543600219588,4.26769753317437e-08,0.999835169766321,0.999999999942431
"Susd4",7.53293165811945e-12,0.124047310589979,4.21862106199418e-08,0.999836120240956,0.999999999942431
"Zfp180",7.47196213622416e-12,0.122096042715868,4.1506086499726e-08,0.999837446639611,0.999999999942431
"Dock11",7.4410085025207e-12,0.121099386505502,4.1162909428387e-08,0.999838120039317,0.999999999942431
"Prkaa1",7.4398727586291e-12,0.121062739715509,4.11503447457663e-08,0.99983814474755,0.999999999942431
"Sirpa",7.41654933534841e-12,0.120308945879439,4.08927428909009e-08,0.999838652151189,0.999999999942431
"Zfp622",7.38501001402455e-12,0.119285895154193,4.05456847176471e-08,0.999839338292594,0.999999999942431
"Abcc4",7.37882267682732e-12,0.119084689206971,4.04777728988657e-08,0.999839472898795,0.999999999942431
"Tmem135",7.33018833750123e-12,0.117497332344217,3.99459476455382e-08,0.999840530944198,0.999999999942431
"Pam",7.31928623286475e-12,0.117140078287802,3.98272137119134e-08,0.999840768120683,0.999999999942431
"Mrpl52",7.27984898705351e-12,0.115843351976021,3.9399181778955e-08,0.999841626082305,0.999999999942431
"Ap2b1",7.21135956745029e-12,0.113574820929384,3.86613275774872e-08,0.999843116077163,0.999999999942431
"Mrpl40",7.18488793316291e-12,0.112692321167392,3.83780106517488e-08,0.99984369197048,0.999999999942431
"Mtss1l",7.17581986080382e-12,0.112389276384054,3.82811977395332e-08,0.999843889247392,0.999999999942431
"Stard3nl",7.17031793867519e-12,0.112205224228364,3.82225174971213e-08,0.999844008942313,0.999999999942431
"Pik3r3",7.16217189199717e-12,0.111932464059041,3.81357192412513e-08,0.999844186160455,0.999999999942431
"Tmem126b",7.14663699516112e-12,0.111411448555254,3.79704643515641e-08,0.999844524123845,0.999999999942431
"Adora1",7.14407487331169e-12,0.11132541184254,3.79432438511445e-08,0.999844579863088,0.999999999942431
"Ppp1r8",7.07905692876479e-12,0.109131849407035,3.72557466535801e-08,0.999845994335625,0.999999999942431
"Cdc27",7.04982398085082e-12,0.108139112821841,3.69486869409114e-08,0.999846630301624,0.999999999942431
"Ndufa13",6.99623496748636e-12,0.106308670164593,3.63890933782841e-08,0.999847796136507,0.999999999942431
"Fbxo9",6.9857745103946e-12,0.105949759697821,3.62803600413322e-08,0.999848023704902,0.999999999942431
"Nxpe3",6.97278598024784e-12,0.105503369905435,3.61455745638248e-08,0.999848306271805,0.999999999942431
"B4galt6",6.92858862271702e-12,0.103978229721475,3.56888056780287e-08,0.999849267790182,0.999999999942431
"U2af2",6.92707730316428e-12,0.103925908409258,3.56732379166375e-08,0.999849300669105,0.999999999942431
"Hypk",6.76248177583368e-12,0.0981592346305168,3.39981023801134e-08,0.999852881462919,0.999999999942431
"Pvalb",6.73252003596671e-12,0.0970946406997806,3.36975069054589e-08,0.999853533283868,0.999999999942431
"Zfp943",6.70999894129091e-12,0.0962913463254474,3.34724394937965e-08,0.999854023232762,0.999999999942431
"Enho",6.65253847679957e-12,0.094229710330899,3.29016177228576e-08,0.999855273291492,0.999999999942431
"Luzp2",6.61926864811491e-12,0.0930279742596057,3.25733538507079e-08,0.999855997080278,0.999999999942431
"Dgcr6",6.60727716887612e-12,0.0925933706313173,3.24554408579278e-08,0.999856257956229,0.999999999942431
"Nfia",6.59867968050776e-12,0.0922812954627911,3.23710327952141e-08,0.999856444995535,0.999999999942431
"Mrps5",6.51841168227370e-12,0.0893481977354289,3.15882839459432e-08,0.999858191234674,0.999999999942431
"Klhl5",6.48650326148497e-12,0.0881723185253594,3.12797838605107e-08,0.999858885405881,0.999999999942431
"Ip6k1",6.38948761768782e-12,0.0845617750081768,3.03511064274631e-08,0.999860995991894,0.999999999942431
"Huwe1",6.37048402563614e-12,0.0838482081955026,3.01708345963824e-08,0.999861409417132,0.999999999942431
"Zc3h14",6.34428691297768e-12,0.0828610830158585,2.99232039277844e-08,0.999861979338203,0.999999999942431
"Pcnp",6.29040807033834e-12,0.0808181959278674,2.94171165776828e-08,0.999863151478357,0.999999999942431
"Fgfr1op2",6.28570457379199e-12,0.0806390386581326,2.93731411866379e-08,0.999863253803443,0.999999999942431
"Rnf220",6.2802412566809e-12,0.0804307736366624,2.93221031388262e-08,0.999863372658508,0.999999999942431
"Fyn",6.23879180409213e-12,0.0788448514129742,2.89363299441494e-08,0.999864274395914,0.999999999942431
"Ndufb5",6.18734928127475e-12,0.07686206744998,2.8461103060219e-08,0.999865393533663,0.999999999942431
"Nrp2",6.15293387158266e-12,0.0755264757456806,2.81453696570852e-08,0.999866142244692,0.999999999942431
"Irf2bp2",6.12152539650425e-12,0.0743011328118788,2.78587594306046e-08,0.999866825539526,0.999999999942431
"Mob2",6.11879634957763e-12,0.0741943716069365,2.78339254521991e-08,0.999866884910243,0.999999999942431
"Srprb",6.11390146756449e-12,0.0740027645496498,2.77894103948302e-08,0.99986699139894,0.999999999942431
"Clint1",6.11261141442307e-12,0.0739522410515341,2.77776843197031e-08,0.999867019464188,0.999999999942431
"Fam171b",6.09806722869114e-12,0.0733819056313148,2.76456546078111e-08,0.999867335874551,0.999999999942431
"Irs2",6.09358089531637e-12,0.0732057079528766,2.76049918880106e-08,0.999867433475227,0.999999999942431
"Gfm1",6.0687071925321e-12,0.0722264838101586,2.73800873653514e-08,0.999867974605371,0.999999999942431
"Fam122b",6.04919786598262e-12,0.0714556704835977,2.72043305051656e-08,0.999868399032919,0.999999999942431
"Ubr2",6.03797026991438e-12,0.0710109562843657,2.71034391849677e-08,0.999868643290509,0.999999999942431
"Pcmtd1",6.03705101759452e-12,0.0709745094873166,2.70951870731997e-08,0.999868663288944,0.999999999942431
"Fbxl17",6.03447609736127e-12,0.0708723891245784,2.70720787487813e-08,0.999868719306617,0.999999999942431
"Mid2",6.00489331111685e-12,0.0696960548997723,2.68072986879345e-08,0.999869362883391,0.999999999942431
"Sfpq",5.99753189517519e-12,0.0694024466601188,2.67416126861828e-08,0.999869523031805,0.999999999942431
"Ei24",5.95610151311462e-12,0.0677433497554206,2.63734317200508e-08,0.999870424354331,0.999999999942431
"Tfip11",5.93987965448137e-12,0.067090636807001,2.62299675856726e-08,0.999870777262652,0.999999999942431
"Coq7",5.93338693629318e-12,0.0668288990572843,2.61726564210229e-08,0.999870918512452,0.999999999942431
"Amph",5.85219429533858e-12,0.0635317600055789,2.54612625235029e-08,0.9998726848673,0.999999999942431
"Pfkl",5.83586098165294e-12,0.0628630364465134,2.5319337484697e-08,0.999873040200339,0.999999999942431
"Epb41l1",5.81740102444464e-12,0.0621050181458428,2.51594108999693e-08,0.999873441798742,0.999999999942431
"Bre",5.78019159739671e-12,0.0605698582940939,2.48385895260962e-08,0.999874251293927,0.999999999942431
"Nolc1",5.77440374648607e-12,0.0603301919581907,2.47888714244344e-08,0.999874377209261,0.999999999942431
"Mrpl30",5.76281350774466e-12,0.0598495444454413,2.46894600874778e-08,0.999874629356182,0.999999999942431
"Ddi2",5.75270457152294e-12,0.0594295477515849,2.46029171962677e-08,0.999874849277203,0.999999999942431
"Tmem55a",5.6853725022153e-12,0.0566133926209949,2.40303618921141e-08,0.999876314093789,0.999999999942431
"Eif4e2",5.66483890417642e-12,0.0557480315477271,2.38570966424575e-08,0.999876760804477,0.999999999942431
"Zpr1",5.65908483539835e-12,0.0555049791985598,2.38086554922639e-08,0.999876885984878,0.999999999942431
"Parg",5.64860876680376e-12,0.0550618428577277,2.37205881627232e-08,0.999877113892904,0.999999999942431
"Zcrb1",5.63338882914127e-12,0.0544165955118464,2.35929321314567e-08,0.999877445004325,0.999999999942431
"Dennd5a",5.59202675041782e-12,0.0526543340233576,2.32477508419071e-08,0.999878344840905,0.999999999942431
"B3galnt1",5.59110829744451e-12,0.0526150569711187,2.324011489402e-08,0.999878364821951,0.999999999942431
"Stam",5.58332484899939e-12,0.0522819471685552,2.3175454251376e-08,0.99987853415173,0.999999999942431
"Nrip3",5.56948026466902e-12,0.0516883046107804,2.30606636063557e-08,0.999878835342187,0.999999999942431
"Tmed10",5.5679439213452e-12,0.0516223380075799,2.30479427748504e-08,0.999878868765506,0.999999999942431
"Inf2",5.54786708561923e-12,0.0507586371446538,2.28820303611129e-08,0.999879305539279,0.999999999942431
"Nsg1",5.53882131188175e-12,0.050368482495012,2.28074730865852e-08,0.999879502331084,0.999999999942431
"Mmab",5.53872848345787e-12,0.050364475442254,2.28067086047871e-08,0.999879504350576,0.999999999942431
"Rbbp4",5.50737660839086e-12,0.0490073312743794,2.2549245410872e-08,0.999880186414073,0.999999999942431
"Wipi1",5.49232092554781e-12,0.0483528987877155,2.24261268125131e-08,0.999880513952113,0.999999999942431
"Fam98b",5.46235782667054e-12,0.0470451990056562,2.21821048948922e-08,0.999881165802631,0.999999999942431
"Minpp1",5.45514574809812e-12,0.0467293813615531,2.21235684619388e-08,0.999881322702195,0.999999999942431
"H2afv",5.43290551499668e-12,0.0457528806836364,2.19435438208951e-08,0.999881806540917,0.999999999942431
"Smarcb1",5.40799510485743e-12,0.0446544500667902,2.17427784972895e-08,0.999882348469635,0.999999999942431
"Stub1",5.37783665717441e-12,0.0433179104962942,2.15009513306541e-08,0.999883004569988,0.999999999942431
"3000002C10Rik",5.36661420692158e-12,0.0428186748404664,2.14113087449799e-08,0.99988324871563,0.999999999942431
"Rpl13",5.27136248448212e-12,0.0385394359691958,2.06579977017041e-08,0.99988532092735,0.999999999942431
"Pik3ca",5.24052449431908e-12,0.0371376703761346,2.04170020479887e-08,0.999885991811225,0.999999999942431
"Phyh",5.18565151811319e-12,0.0346231430797491,1.99916720340215e-08,0.999887185578871,0.999999999942431
"Rbm15b",5.1466169626697e-12,0.0328183829989128,1.96918335439531e-08,0.999888034779927,0.999999999942431
"Eaf1",5.12346411102917e-12,0.0317415248631841,1.95150585533663e-08,0.999888538472767,0.999999999942431
"Cept1",5.08849517383806e-12,0.030105960516137,1.92495772326419e-08,0.99988929922585,0.999999999942431
"Cadm2",5.08254590798965e-12,0.029826599246993,1.92045918678505e-08,0.999889428652785,0.999999999942431
"Erp29",5.07700517205786e-12,0.0295661313066493,1.91627429307033e-08,0.999889549192105,0.999999999942431
"Slc12a2",5.02279872287775e-12,0.0270030197866691,1.87557317283031e-08,0.999890728459383,0.999999999942431
"Nrep",4.98358975128318e-12,0.0251319968345526,1.84640526542499e-08,0.999891581454883,0.999999999942431
"Cbl",4.96551765775192e-12,0.0242647180549818,1.83303823160238e-08,0.99989197461527,0.999999999942431
"Naa30",4.96511961172411e-12,0.0242455808383619,1.83274436321131e-08,0.999891983274805,0.999999999942431
"Pfkfb3",4.93743648878631e-12,0.0229109097888678,1.81236433153216e-08,0.999892585524196,0.999999999942431
"Romo1",4.92144045302237e-12,0.0221363342971348,1.80064015702158e-08,0.999892933519718,0.999999999942431
"Nampt",4.9180624522653e-12,0.0219724440588747,1.79816914212961e-08,0.999893007008497,0.999999999942431
"Pmvk",4.90998996640991e-12,0.0215803418191876,1.79227097304062e-08,0.999893182626317,0.999999999942431
"Pcyt1a",4.7485187551148e-12,0.0136007966900574,1.67632714331351e-08,0.999896695450322,0.999999999942431
"Sema7a",4.70097740168572e-12,0.0112003790336536,1.64292897447487e-08,0.999897729717708,0.999999999942431
"Cd47",4.68226775435172e-12,0.0102491379107103,1.62987745347305e-08,0.999898136748148,0.999999999942431
"Ulk1",4.63907357403268e-12,0.00803865531839244,1.59994473850979e-08,0.999899076442304,0.999999999942431
"Cask",4.53893520236247e-12,0.00283496016552321,1.53161787964917e-08,0.999901254963623,0.999999999942431
"Dnaja3",4.50500056594362e-12,0.00104583353716263,1.50880168928932e-08,0.99990199321538,0.999999999942431
"Pgrmc1",4.49284862035062e-12,0.000401916932447914,1.50067287900221e-08,0.999902257582297,0.999999999942431
"Mrpl3",4.48795414646332e-12,0.000142079559259048,1.49740501754276e-08,0.999902364062116,0.999999999942431
"Vps13d",4.48703053832589e-12,9.30158012501729e-05,1.49678875761506e-08,0.999902384155313,0.999999999942431
"Etf1",4.45760074121605e-12,-0.00147558529851172,1.47721869692374e-08,0.999903024403794,0.999999999942431
"Ndufa2",4.44202034163269e-12,-0.00231015566790964,1.46691026589043e-08,0.999903363357106,0.999999999942431
"Igip",4.43387210651308e-12,-0.00274776930086295,1.46153353815747e-08,0.999903540622859,0.999999999942431
"Cep19",4.41943735117934e-12,-0.00352496046902648,1.45203279595867e-08,0.999903854652553,0.999999999942431
"Bcap29",4.41042780725411e-12,-0.00401131889307663,1.44611855056409e-08,0.999904050656175,0.999999999942431
"Ntpcr",4.40171872373887e-12,-0.00448238972889558,1.44041301223539e-08,0.999904240123248,0.999999999942431
"Tmem167b",4.39762805860064e-12,-0.00470396945139511,1.43773700782361e-08,0.999904329116119,0.999999999942431
"Gtf3c3",4.38394815405854e-12,-0.00544645006711492,1.42880605071626e-08,0.999904626723951,0.999999999942431
"Arhgap28",4.33701607051537e-12,-0.0080111789638925,1.39837781289971e-08,0.999905647736605,0.999999999942431
"Vwa7",4.30655248354235e-12,-0.00969063057040407,1.37880214533086e-08,0.999906310475299,0.999999999942431
"Dscr3",4.2851696358699e-12,-0.0108764740145499,1.36514411017396e-08,0.999906775661509,0.999999999942431
"Ggct",4.26924972785106e-12,-0.0117631504879505,1.35501961091472e-08,0.999907122000864,0.999999999942431
"Sphkap",4.2307368980836e-12,-0.0139217194273776,1.33068266178729e-08,0.999907959851723,0.999999999942431
"Pfdn4",4.22548385783335e-12,-0.0142176425348696,1.32738026310424e-08,0.999908074132193,0.999999999942431
"Dcaf5",4.1932098091651e-12,-0.0160437577026111,1.30718076314883e-08,0.999908776257682,0.999999999942431
"Cnr1",4.17938601697191e-12,-0.016830171956931,1.29857618099682e-08,0.999909076995806,0.999999999942431
"Ndufab1",4.17498687754609e-12,-0.0170809702460854,1.29584390828613e-08,0.999909172699569,0.999999999942431
"Mvb12b",4.16973090652172e-12,-0.0173809590087515,1.29258323655898e-08,0.999909287043799,0.999999999942431
"Yars2",4.169202588549e-12,-0.0174111338001778,1.29225570861631e-08,0.999909298537414,0.999999999942431
"Cdk5rap2",4.13974499094993e-12,-0.0190995929752354,1.27405929474289e-08,0.9999099393907,0.999999999942431
"Stambpl1",4.11414279986456e-12,-0.0205767169587303,1.25834922340845e-08,0.999910496369191,0.999999999942431
"Slc16a7",4.10866172261075e-12,-0.0208941265667371,1.25499857891441e-08,0.999910615610631,0.999999999942431
"Gnptab",4.10285400984541e-12,-0.0212309075479742,1.25145313254543e-08,0.999910741958063,0.999999999942431
"Lpgat1",4.07863073330268e-12,-0.0226406682265827,1.2367195800769e-08,0.999911268938116,0.999999999942431
"Fbxo38",4.0690807385558e-12,-0.0231987346559866,1.23093487481658e-08,0.999911476699305,0.999999999942431
"Prrxl1",4.04874249486794e-12,-0.0243915427874301,1.21866060972095e-08,0.99991191916004,0.999999999942431
"Herc2",4.04045940788501e-12,-0.0248790275484515,1.21367933654603e-08,0.999912099359511,0.999999999942431
"Sbf1",3.93801581261716e-12,-0.0309909627911042,1.15291522194948e-08,0.999914328031227,0.999999999942431
"Tmem178b",3.93204472523544e-12,-0.0313520254952512,1.1494216156526e-08,0.999914457932892,0.999999999942431
"Bloc1s5",3.92938030064631e-12,-0.0315133137288529,1.14786440569632e-08,0.999914515897743,0.999999999942431
"Idh3g",3.9253190260919e-12,-0.0317593664242904,1.14549284427404e-08,0.999914604251219,0.999999999942431
"Cabp1",3.8134770298582e-12,-0.0386358425885631,1.0811469599927e-08,0.999917037386186,0.999999999942431
"Mtmr2",3.81131292831821e-12,-0.0387708520673735,1.07992023283328e-08,0.999917084466454,0.999999999942431
"Sgsm1",3.7626816584887e-12,-0.041824860848214,1.0525371044842e-08,0.999918142445094,0.999999999942431
"Scrt1",3.76093060453585e-12,-0.0419355503231755,1.05155768577647e-08,0.999918180539466,0.999999999942431
"Vps16",3.69231373060544e-12,-0.0463135284673541,1.01353710478615e-08,0.999919673307129,0.999999999942431
"Tdrkh",3.6857053037019e-12,-0.0467393942029991,1.00991233587955e-08,0.999919817074186,0.999999999942431
"Wrb",3.66833272960145e-12,-0.0478625332953742,1.00041432842117e-08,0.999920195016452,0.999999999942431
"Armc8",3.65041160894113e-12,-0.0490266448754326,9.90663439654639e-09,0.999920584892409,0.999999999942431
"Adam22",3.64784568894041e-12,-0.0491937816707323,9.89271229670035e-09,0.999920640714282,0.999999999942431
"1810037I17Rik",3.63224534027528e-12,-0.050212445977813,9.8082790330851e-09,0.999920980101589,0.999999999942431
"Nras",3.63172793842227e-12,-0.0502463049052185,9.80548491549389e-09,0.999920991357723,0.999999999942431
"B3gnt8",3.56716681742822e-12,-0.0545089710457495,9.45996001632805e-09,0.999922395892034,0.999999999942431
"Kbtbd2",3.3554420133003e-12,-0.0690421654049593,8.37031761734353e-09,0.999927001988511,0.999999999942431
"Spata2",3.34235323629047e-12,-0.0699700486007329,8.30514376418214e-09,0.999927286736299,0.999999999942431
"Mfsd12",3.3056522050324e-12,-0.0725910748799005,8.12375428419806e-09,0.999928085171285,0.999999999942431
"Txn2",3.29250614763972e-12,-0.0735368931523074,8.05926898487291e-09,0.999928371165214,0.999999999942431
"Urgcp",3.25466424830398e-12,-0.0762804322286378,7.87507771928306e-09,0.99992919441991,0.999999999942431
"Cdc42ep2",3.24890070999997e-12,-0.0767010467622,7.84721117418727e-09,0.999929319806322,0.999999999942431
"Cdk17",3.24161079648577e-12,-0.0772341089344029,7.81203539211028e-09,0.999929478399195,0.999999999942431
"St8sia1",3.22880165388086e-12,-0.078173624562654,7.75041925214054e-09,0.999929757063506,0.999999999942431
"Tmcc2",3.18322872787643e-12,-0.0815463321910912,7.5331766747467e-09,0.999930748507541,0.999999999942431
"Rdh14",3.17392826181329e-12,-0.0822404768130413,7.48922148990362e-09,0.999930950840206,0.999999999942431
"Cwc15",3.14606315403948e-12,-0.084332272157018,7.35829736570897e-09,0.999931557048701,0.999999999942431
"Ybx1",3.13301460640148e-12,-0.0853180966311074,7.29738569681148e-09,0.999931840921295,0.999999999942431
"Hey1",3.0702624937606e-12,-0.0901163195972218,7.00799004937593e-09,0.999933206100432,0.999999999942431
"Tmem160",3.04594163765953e-12,-0.0920020163048133,6.89740324923026e-09,0.99993373520334,0.999999999942431
"Lrrc3b",3.02982955399221e-12,-0.0932594457958873,6.82462600935384e-09,0.999934085723499,0.999999999942431
"P2ry1",3.00288026091625e-12,-0.095377450052391,6.70376053113646e-09,0.999934672008344,0.999999999942431
"Cir1",2.97503661550036e-12,-0.0975855199861907,6.58001816156123e-09,0.999935277749923,0.999999999942431
"Usp32",2.94768646901042e-12,-0.0997743816926194,6.4595912506143e-09,0.999935872755379,0.999999999942431
"Psmc2",2.93708002758734e-12,-0.100628619650602,6.41318874897953e-09,0.999936103499683,0.999999999942431
"Amigo2",2.9359514512268e-12,-0.100719693652231,6.40826114565344e-09,0.999936128051986,0.999999999942431
"Tank",2.91846235785676e-12,-0.102135460093935,6.33214212802231e-09,0.999936508529143,0.999999999942431
"Atp2b4",2.91384296772768e-12,-0.102510802748563,6.31211275497185e-09,0.999936609024485,0.999999999942431
"St3gal5",2.89870759098828e-12,-0.103744731958892,6.24670903642321e-09,0.999936938296276,0.999999999942431
"Gopc",2.84927884525537e-12,-0.107819183407494,6.03548769967344e-09,0.999938013624096,0.999999999942431
"Cdkn2d",2.81969698994225e-12,-0.110291108079876,5.91081468066679e-09,0.999938657180623,0.999999999942431
"Abhd16a",2.78083923531294e-12,-0.11357728968395,5.74902538881267e-09,0.999939502535364,0.999999999942431
"Nfasc",2.7803579476898e-12,-0.113618275175228,5.74703556121741e-09,0.99993951300583,0.999999999942431
"Mesdc2",2.74987073890362e-12,-0.11622886499334,5.62169165713803e-09,0.999940176258422,0.999999999942431
"Ccdc127",2.72041068341113e-12,-0.118778754875369,5.50188369202043e-09,0.999940817165181,0.999999999942431
"Stmn1",2.71518665040093e-12,-0.11923375705597,5.4807733314428e-09,0.999940930814596,0.999999999942431
"Coq2",2.63406019016014e-12,-0.126412687419733,5.15814862103552e-09,0.999942695729694,0.999999999942431
"Tspan17",2.62927962829466e-12,-0.126842497268402,5.13944253984129e-09,0.999942799731345,0.999999999942431
"Prelid3b",2.58938874955699e-12,-0.130459334979171,4.98467646596014e-09,0.999943667561816,0.999999999942431
"Alkbh5",2.57697972509084e-12,-0.131595649657371,4.9370152102496e-09,0.999943937521513,0.999999999942431
"Ufm1",2.55178819551314e-12,-0.133919167375151,4.84096240631824e-09,0.999944485566019,0.999999999942431
"Psmd12",2.5291988489888e-12,-0.136021989287211,4.75563388551638e-09,0.999944976999747,0.999999999942431
"Stau1",2.4834421386442e-12,-0.140338786943482,4.58511838806202e-09,0.999945972442032,0.999999999942431
"Ube2j2",2.48297327126156e-12,-0.14038342572001,4.58338723476895e-09,0.999945982642293,0.999999999942431
"Spred1",2.46728811822718e-12,-0.141881548907257,4.52566284455093e-09,0.999946323874529,0.999999999942431
"Sh3bp5l",2.41424340677213e-12,-0.147018472553506,4.33315844849293e-09,0.999947477868083,0.999999999942431
"Numb",2.40356143246597e-12,-0.148066381206287,4.29489860453657e-09,0.999947710255613,0.999999999942431
"Mkrn1",2.3327195198474e-12,-0.155134454910756,4.04545625055021e-09,0.999949251429243,0.999999999942431
"Eif3a",2.31002289469475e-12,-0.157443780764253,3.96711719415675e-09,0.999949745196829,0.999999999942431
"Ankrd13a",2.29889835476202e-12,-0.15858385789228,3.92899974683306e-09,0.999949987212423,0.999999999942431
"Gprc5b",2.291232557213e-12,-0.15937264252427,3.90284052147121e-09,0.999950153982695,0.999999999942431
"Gar1",2.26558242533247e-12,-0.162031004606447,3.81594578712497e-09,0.999950712004146,0.999999999942431
"Tmem234",2.22503567896614e-12,-0.166294382374388,3.68058134578777e-09,0.99995159410309,0.999999999942431
"Lgi3",2.22010725932196e-12,-0.166817805069164,3.66429454169036e-09,0.999951701321404,0.999999999942431
"Actr2",2.1791999111825e-12,-0.17120711894571,3.53050317957313e-09,0.999952591265279,0.999999999942431
"Arel1",2.16336604826572e-12,-0.172927920043836,3.4793849544512e-09,0.999952935732715,0.999999999942431
"Agpat4",2.11105517973442e-12,-0.178702599891022,3.31315407187679e-09,0.999954073761435,0.999999999942431
"Ndufa1",2.09881011880564e-12,-0.180074724010819,3.27483000296476e-09,0.999954340154087,0.999999999942431
"Tmem25",2.04623729899753e-12,-0.186056905484106,3.11282320567534e-09,0.999955483881587,0.999999999942431
"Commd9",2.02997373313001e-12,-0.18793823322958,3.06353819047151e-09,0.999955837697258,0.999999999942431
"Rps2",2.01911747827698e-12,-0.189202346388176,3.03085834067244e-09,0.999956073876281,0.999999999942431
"Acot9",1.93496696959985e-12,-0.199234472174643,2.78348941221291e-09,0.999957904579889,0.999999999942431
"Rabl6",1.8542096065188e-12,-0.209275088231674,2.55599568006651e-09,0.999959661465239,0.999999999942431
"Tmem134",1.85007542691012e-12,-0.209800628377713,2.54461059711121e-09,0.999959751404773,0.999999999942431
"Herpud1",1.84134314182278e-12,-0.210914499660009,2.52064635711543e-09,0.9999599413766,0.999999999942431
"Wdr44",1.81674396015298e-12,-0.21408054713667,2.45374773637923e-09,0.999960476534513,0.999999999942431
"Aacs",1.79592742592677e-12,-0.216792942749459,2.39783904255673e-09,0.999960929400514,0.999999999942431
"Mars",1.70328891388443e-12,-0.229252261791583,2.15684582151588e-09,0.999962944761572,0.999999999942431
"Grk3",1.66667937112347e-12,-0.234361196120788,2.06512613106182e-09,0.999963741206217,0.999999999942431
"Lcp1",1.66533639041457e-12,-0.234550709083016,2.06179938781977e-09,0.999963770422911,0.999999999942431
"Rnf13",1.64726620737396e-12,-0.237115417738957,2.01729791836974e-09,0.999964163541738,0.999999999942431
"Pik3r4",1.64584658621567e-12,-0.237318078923066,2.01382238444869e-09,0.999964194425754,0.999999999942431
"F2r",1.54688429859037e-12,-0.251888091506714,1.77892699025807e-09,0.999966347361249,0.999999999942431
"Bend6",1.5252189187462e-12,-0.255200313464246,1.72944529472809e-09,0.99996681869398,0.999999999942431
"Tbc1d22b",1.51341824990377e-12,-0.257023978740326,1.70278727218862e-09,0.999967075418833,0.999999999942431
"Vps4b",1.47140297842582e-12,-0.263632790675974,1.60955463675456e-09,0.999967989465704,0.999999999942431
"Ptma",1.46105199026836e-12,-0.265289517708154,1.58698858263636e-09,0.999968214652594,0.999999999942431
"Map2k4",1.45190181582527e-12,-0.266763713944417,1.56717306447863e-09,0.99996841371565,0.999999999942431
"Srd5a3",1.42483692577425e-12,-0.271178405582492,1.50929031515117e-09,0.999969002515322,0.999999999942431
"Kcnd1",1.41637769294014e-12,-0.27257520663134,1.49142225189831e-09,0.999969186546866,0.999999999942431
"Nbl1",1.41456127264077e-12,-0.272876209202394,1.48759938379032e-09,0.99996922606329,0.999999999942431
"Ank2",1.38483338226352e-12,-0.277857387132374,1.42573072778825e-09,0.999969872796828,0.999999999942431
"Ctsl",1.36554395528349e-12,-0.281146226125183,1.38628916911788e-09,0.999970292440442,0.999999999942431
"BC030336",1.3638617795169e-12,-0.281435204494921,1.38287581038312e-09,0.999970329036362,0.999999999942431
"Gdpd1",1.34430273132388e-12,-0.284821263543818,1.3434967616108e-09,0.999970754545615,0.999999999942431
"Atp1b3",1.33078199283025e-12,-0.287190487704286,1.31660740465803e-09,0.999971048690774,0.999999999942431
"Lmtk2",1.29307503825042e-12,-0.293925409288594,1.24305377865359e-09,0.999971869009735,0.999999999942431
"Prokr2",1.26208497127477e-12,-0.299607207064265,1.18418526393472e-09,0.999972543202065,0.999999999942431
"Abcd3",1.25881316747823e-12,-0.300215076826689,1.17805350586195e-09,0.999972614380518,0.999999999942431
"Tubb2b",1.24550353729842e-12,-0.302704042597319,1.15327371134658e-09,0.999972903932992,0.999999999942431
"Asic2",1.2383662864094e-12,-0.3040495670327,1.14009411052963e-09,0.999973059204673,0.999999999942431
"Anxa7",1.23418910756382e-12,-0.304840606121025,1.1324156958664e-09,0.99997315007966,0.999999999942431
"Prdx2",1.22694859524698e-12,-0.306218027882145,1.11916777662279e-09,0.999973307597805,0.999999999942431
"Ptpra",1.2076562519619e-12,-0.309927667824818,1.08424924880687e-09,0.999973727304864,0.999999999942431
"Rab11a",1.2061194378556e-12,-0.310225683118785,1.08149146187612e-09,0.999973760738424,0.999999999942431
"Lmln",1.20063290907745e-12,-0.311292680429957,1.07167462606452e-09,0.999973880098464,0.999999999942431
"Pabpc1",1.16212461632928e-12,-0.3189197342302,1.00403271303105e-09,0.999974717850625,0.999999999942431
"Scap",1.13872045655539e-12,-0.323677935235032,9.63999274616079e-10,0.999975227010706,0.999999999942431
"Fxyd1",1.11641859667778e-12,-0.328302617933668,9.26609153614966e-10,0.99997571219013,0.999999999942431
"Ncoa5",1.11612544300076e-12,-0.328364013123728,9.26122592002078e-10,0.999975718567721,0.999999999942431
"Agtrap",1.11265521389666e-12,-0.329091993927963,9.20372590744843e-10,0.999975794062938,0.999999999942431
"Zdhhc5",1.11180734787452e-12,-0.329270198611741,9.189704397185e-10,0.999975812508357,0.999999999942431
"Ttl",1.09316730380147e-12,-0.333222198027744,8.88414686208276e-10,0.999976218024575,0.999999999942431
"Mars2",1.0732753827718e-12,-0.337513584064137,8.56376612770172e-10,0.999976650775513,0.999999999942431
"Naca",1.07235403799938e-12,-0.337714245929389,8.5490694437961e-10,0.999976670819471,0.999999999942431
"Kri1",1.05888695716399e-12,-0.340666834757472,8.33569200877884e-10,0.999976963797301,0.999999999942431
"Bin1",1.05487382769123e-12,-0.341553856220833,8.27262801515258e-10,0.999977051103376,0.999999999942431
"Fnip1",1.04297331477501e-12,-0.344203922216824,8.08702630116478e-10,0.999977310000349,0.999999999942431
"Aff4",1.04240067133607e-12,-0.344332191994627,8.07814839188718e-10,0.99997732245827,0.999999999942431
"Ube2i",1.03488765229934e-12,-0.346021543073633,7.96212281642004e-10,0.999977485904829,0.999999999942431
"Fkbp5",1.00841156856068e-12,-0.352072798956205,7.55993567877841e-10,0.999978061894955,0.999999999942431
"Zdhhc18",1.00674109635667e-12,-0.352459830996595,7.53490978086423e-10,0.999978098236262,0.999999999942431
"Chmp4b",1.00094115871095e-12,-0.353808553005405,7.44834110654668e-10,0.999978224414546,0.999999999942431
"Cnot3",1.00026750600311e-12,-0.35396570393803,7.43831872582536e-10,0.999978239069935,0.999999999942431
"Cnot8",9.90610211371945e-13,-0.356230118773167,7.29538242807143e-10,0.999978449165446,0.999999999942431
"Hprt",9.7033604331335e-13,-0.361055615962924,6.99981865987885e-10,0.999978890232212,0.999999999942431
"Micu2",9.35724404288074e-13,-0.369528066145479,6.5093612536631e-10,0.999979643212241,0.999999999942431
"Dhrs7b",9.31492505502033e-13,-0.370585109260124,6.45061603755258e-10,0.999979735277666,0.999999999942431
"Slc37a3",9.30165678471195e-13,-0.370917499119846,6.43225248439969e-10,0.999979764142935,0.999999999942431
"Amer2",9.17637035568454e-13,-0.374079360365488,6.2601440739824e-10,0.999980036704945,0.999999999942431
"Rsbn1",9.05390817114885e-13,-0.377211353498504,6.09417095010915e-10,0.99998030312278,0.999999999942431
"Pbrm1",8.98724705665755e-13,-0.378933826407464,6.00476233346916e-10,0.999980448144771,0.999999999942431
"Psmd10",8.88894180483204e-13,-0.381497084885103,5.87411693546694e-10,0.999980662008932,0.999999999942431
"Ap1s2",8.83336696321777e-13,-0.38295856544012,5.80089503540541e-10,0.999980782912613,0.999999999942431
"Atp6v0e2",8.76798729366477e-13,-0.384689539760379,5.71534281866159e-10,0.999980925146806,0.999999999942431
"Mkrn2",8.7600268196248e-13,-0.384901167632363,5.7049695862932e-10,0.999980942464906,0.999999999942431
"Cd24a",8.65666796584339e-13,-0.387666292691952,5.57113884375018e-10,0.999981167323233,0.999999999942431
"Ube2n",8.65310977347575e-13,-0.387762062431084,5.56655992036274e-10,0.99998117506412,0.999999999942431
"Prrt2",8.62252903931016e-13,-0.38858675596031,5.5272841705466e-10,0.999981241592845,0.999999999942431
"Atp2b2",8.58899682290426e-13,-0.389494365697205,5.48437757110322e-10,0.999981314542552,0.999999999942431
"Dok4",8.55126827840324e-13,-0.390519742939185,5.43630138055559e-10,0.999981396621418,0.999999999942431
"Arhgap17",8.35004230251787e-13,-0.396065090581077,5.1834607372478e-10,0.999981834390751,0.999999999942431
"Phactr1",8.34564272890357e-13,-0.396187799712042,5.17799992438732e-10,0.999981843962071,0.999999999942431
"Eogt",8.18188704927731e-13,-0.400801094994669,4.97679121192944e-10,0.999982200214361,0.999999999942431
"Rack1",8.17871673289889e-13,-0.400891304108218,4.97293514650907e-10,0.999982207111419,0.999999999942431
"Tram1l1",8.0867247126028e-13,-0.403523998597899,4.86169578863573e-10,0.999982407241075,0.999999999942431
"Sema6d",8.02650502884384e-13,-0.405263449827588,4.78955788261914e-10,0.999982538249662,0.999999999942431
"Atg7",8.00449346262558e-13,-0.40590246902549,4.76332451889707e-10,0.999982586136068,0.999999999942431
"Ccp110",7.98018810269342e-13,-0.406610095465914,4.73444110606257e-10,0.999982639012647,0.999999999942431
"Mtch1",7.96165678119926e-13,-0.407151045717805,4.71247831998182e-10,0.999982679327741,0.999999999942431
"Rasal2",7.87842869859437e-13,-0.409595976859017,4.61446843662577e-10,0.999982860391354,0.999999999942431
"Fkbp15",7.85893808541591e-13,-0.410172218193439,4.59166501427466e-10,0.999982902793399,0.999999999942431
"Txndc17",7.82861363687559e-13,-0.411071570244604,4.55629863953027e-10,0.999982968764571,0.999999999942431
"Nhs",7.81012165457059e-13,-0.41162168656437,4.53479917914405e-10,0.999983008994083,0.999999999942431
"Rps4x",7.80226617988342e-13,-0.411855767134167,4.52568150164625e-10,0.999983026083755,0.999999999942431
"Tsc1",7.79672291894368e-13,-0.412021087321364,4.51925308171093e-10,0.99998303814318,0.999999999942431
"Zfp322a",7.79056643790489e-13,-0.412204831845999,4.51211887636355e-10,0.999983051536673,0.999999999942431
"Tmsb10",7.72070254862149e-13,-0.414300058379758,4.4315545926925e-10,0.999983203526336,0.999999999942431
"Cep170",7.70599197241776e-13,-0.414743612214097,4.41468342952363e-10,0.999983235529357,0.999999999942431
"Aplp2",7.63423808552916e-13,-0.416919176176646,4.33285207002712e-10,0.99998339163073,0.999999999942431
"Ccdc50",7.51209728832156e-13,-0.420669253108787,4.19531784614432e-10,0.999983657349383,0.999999999942431
"March6",7.50351694049528e-13,-0.42093495023735,4.18573950154678e-10,0.999983676016025,0.999999999942431
"Spcs1",7.50191324707885e-13,-0.420984643074327,4.18395049364474e-10,0.999983679504877,0.999999999942431
"Galk2",7.38583680520977e-13,-0.424609547908098,4.05547638363452e-10,0.999983932030459,0.999999999942431
"Vps54",7.28856977188101e-13,-0.427690581811414,3.94936336247484e-10,0.999984143635964,0.999999999942431
"Dnajc16",7.21117555846772e-13,-0.430171225606523,3.86593545956318e-10,0.99998431200793,0.999999999942431
"Far1",7.17971726702411e-13,-0.431187040228025,3.83227923999076e-10,0.99998438044579,0.999999999942431
"Ywhaq",7.16187027349593e-13,-0.431765287455438,3.81325073115587e-10,0.999984419272122,0.999999999942431
"Ap2m1",7.15572530127947e-13,-0.431964715013004,3.80670990695924e-10,0.999984432640577,0.999999999942431
"Sema5a",7.05305780468574e-13,-0.435321877548612,3.69825921701547e-10,0.99998465599485,0.999999999942431
"Zmym4",6.95829160227748e-13,-0.438463715026866,3.59954586428749e-10,0.999984862159769,0.999999999942431
"Lamp2",6.94889045539522e-13,-0.438777693637993,3.58982594989355e-10,0.999984882612068,0.999999999942431
"Aph1a",6.87242578846422e-13,-0.441347120986684,3.51125668910193e-10,0.999985048961796,0.999999999942431
"Gclc",6.87046800019836e-13,-0.441413277637289,3.50925642945701e-10,0.999985053220986,0.999999999942431
"Tnks1bp1",6.8592415411884e-13,-0.441792996065134,3.49779743243607e-10,0.999985077644271,0.999999999942431
"Mrpl43",6.7937570977011e-13,-0.444020196939308,3.43133003870512e-10,0.999985220106401,0.999999999942431
"Gramd1b",6.77205369370707e-13,-0.444763027058272,3.40944153511775e-10,0.999985267322396,0.999999999942431
"Glg1",6.73401860641472e-13,-0.446070511871817,3.37125098190352e-10,0.999985350068149,0.999999999942431
"Hmbox1",6.67322484366982e-13,-0.448175540111449,3.31065539704435e-10,0.999985482325651,0.999999999942431
"Mettl7a1",6.65405431530763e-13,-0.448843256377606,3.29166132681985e-10,0.999985524031347,0.999999999942431
"Nup88",6.64552690308997e-13,-0.449140878879092,3.28322996580657e-10,0.999985542582827,0.999999999942431
"Hacd3",6.6410221402181e-13,-0.449298255494993,3.27878030822387e-10,0.999985552382988,0.999999999942431
"Lrrc49",6.63104770909478e-13,-0.449647093156991,3.26893862785344e-10,0.999985574082473,0.999999999942431
"Mllt11",6.60122024490555e-13,-0.450693349964672,3.23959640024277e-10,0.999985638972451,0.999999999942431
"Mbnl2",6.59328382727314e-13,-0.45097252053201,3.23181137461268e-10,0.999985656238215,0.999999999942431
"Large1",6.56136124069418e-13,-0.452098782699947,3.20059232556271e-10,0.999985725686155,0.999999999942431
"Cacna1c",6.50788059703086e-13,-0.453997798967804,3.14862989205133e-10,0.999985842033886,0.999999999942431
"Rps21",6.43650848200177e-13,-0.456556225650372,3.07994636532002e-10,0.99998599730471,0.999999999942431
"Zc2hc1a",6.42656622891742e-13,-0.456914836489393,3.07043873979129e-10,0.999986018934191,0.999999999942431
"Pef1",6.40282547298593e-13,-0.457773368140491,3.04779526514666e-10,0.999986070582468,0.999999999942431
"Tcp1",6.33112876246781e-13,-0.460385303000912,2.97992102556355e-10,0.999986226559454,0.999999999942431
"Jakmip1",6.32961926295772e-13,-0.46044060749524,2.97850021949357e-10,0.999986229843387,0.999999999942431
"Taf1",6.30529215443333e-13,-0.461333693320897,2.95564922235673e-10,0.99998628276728,0.999999999942431
"Rpl17",6.27397116205734e-13,-0.462488551620247,2.92635829081309e-10,0.999986350906445,0.999999999942431
"Kcnip3",6.27342745469775e-13,-0.462508649192346,2.92585111168964e-10,0.999986352089286,0.999999999942431
"Eif3m",6.24262937679431e-13,-0.463649880828012,2.89719392179234e-10,0.999986419090845,0.999999999942431
"Angel2",6.21419167615771e-13,-0.46470858829258,2.87085826428151e-10,0.999986480957377,0.999999999942431
"Ppargc1a",6.18595202105264e-13,-0.46576466055152,2.84482500354055e-10,0.999986542393058,0.999999999942431
"Sh3gl2",6.13606225813291e-13,-0.467642047595755,2.79912296104862e-10,0.999986650928788,0.999999999942431
"Rin2",6.08135019128855e-13,-0.469718283047333,2.74942886228848e-10,0.999986769955494,0.999999999942431
"Erc2",6.05785080953933e-13,-0.47061570699039,2.72822138547342e-10,0.999986821078659,0.999999999942431
"Strn3",6.03799335006207e-13,-0.471376728434666,2.71036463912131e-10,0.999986864278781,0.999999999942431
"Tsc22d4",5.99238161546543e-13,-0.473134147936755,2.66957045852008e-10,0.999986963507613,0.999999999942431
"Kif3c",5.91350131510815e-13,-0.476204766276359,2.59975161909983e-10,0.999987135112578,0.999999999942431
"Yod1",5.90345005267267e-13,-0.476598935130637,2.59092146012464e-10,0.99998715697921,0.999999999942431
"Exosc7",5.89985448190973e-13,-0.476740099225101,2.58776635441439e-10,0.999987164801414,0.999999999942431
"Cox7a2l",5.88620802630917e-13,-0.477276639620362,2.57580911104916e-10,0.999987194489429,0.999999999942431
"Gpt2",5.84588590903452e-13,-0.478869188044245,2.54064000559849e-10,0.999987282210641,0.999999999942431
"Lrp11",5.84383704250311e-13,-0.478950398249713,2.53885943028221e-10,0.999987286667972,0.999999999942431
"Agtpbp1",5.83986123875255e-13,-0.479108065916124,2.53540602352678e-10,0.999987295317377,0.999999999942431
"Ppp4r4",5.83974803421975e-13,-0.479112556795496,2.53530772781024e-10,0.999987295563655,0.999999999942431
"Pcbp3",5.79242119804771e-13,-0.480997595287843,2.49438065855018e-10,0.99998739852371,0.999999999942431
"Dync1i2",5.77827035932738e-13,-0.481564176202042,2.48220804148735e-10,0.999987429309016,0.999999999942431
"Fchsd2",5.746337547222e-13,-0.482847767224251,2.45484869080436e-10,0.999987498779201,0.999999999942431
"Pou6f1",5.65051400328239e-13,-0.486742198886981,2.37365924403874e-10,0.999987707244379,0.999999999942431
"Asph",5.55509380167362e-13,-0.490685490763342,2.29416819839088e-10,0.999987914832082,0.999999999942431
"Letm1",5.44148190833935e-13,-0.495468603169023,2.20128787306369e-10,0.99998816199601,0.999999999942431
"Ano8",5.42316553020673e-13,-0.496248936279984,2.18649346134984e-10,0.999988201843493,0.999999999942431
"Mrpl51",5.42184802913562e-13,-0.496305165950752,2.18543121918059e-10,0.999988204709731,0.999999999942431
"Abi2",5.36463959975162e-13,-0.498759850501761,2.13955553690066e-10,0.999988329167302,0.999999999942431
"Lsm7",5.357640306081e-13,-0.49906194479832,2.1339761841803e-10,0.999988344394342,0.999999999942431
"Pttg1",5.33581337467056e-13,-0.500006515101466,2.11662404037571e-10,0.999988391879073,0.999999999942431
"Mapk1ip1l",5.30996880044051e-13,-0.501129889324321,2.09616951439198e-10,0.999988448104229,0.999999999942431
"Card19",5.27838018709462e-13,-0.502510281426094,2.07130378111305e-10,0.999988516825606,0.999999999942431
"Acvr1",5.25835372803234e-13,-0.503389643669192,2.0556163207324e-10,0.999988560393389,0.999999999942431
"Nedd4l",5.25721090006497e-13,-0.503439924815819,2.05472290022143e-10,0.999988562879624,0.999999999942431
"Lrrfip1",5.22007922841059e-13,-0.505079502605899,2.02580039330904e-10,0.999988643659986,0.999999999942431
"Fam188a",5.18090732554099e-13,-0.50682167999551,1.99551092389484e-10,0.999988728878893,0.999999999942431
"Dpm1",5.16083101924613e-13,-0.507719617810628,1.98007545523421e-10,0.999988772555119,0.999999999942431
"Btf3l4",5.12257413795341e-13,-0.509440279983657,1.95082794024397e-10,0.999988855783387,0.999999999942431
"Appl1",5.10942733056655e-13,-0.510034504374498,1.9408274024412e-10,0.999988884384412,0.999999999942431
"Lrrfip2",5.09687606283731e-13,-0.510603219216816,1.93130385982558e-10,0.999988911689833,0.999999999942431
"Arl14ep",5.0681211421201e-13,-0.511911366345535,1.90957375106724e-10,0.999988974246481,0.999999999942431
"Tspan13",4.973988764559e-13,-0.51624550732019,1.8392978439432e-10,0.999989179032508,0.999999999942431
"Fbxw4",4.97356981020158e-13,-0.516264977463664,1.83898801236533e-10,0.999989179943948,0.999999999942431
"Rcor1",4.97108761708605e-13,-0.51638036606737,1.83715287805162e-10,0.999989185343986,0.999999999942431
"Cdc42bpa",4.970856703721e-13,-0.516391103322008,1.83698220582333e-10,0.999989185846341,0.999999999942431
"5730455P16Rik",4.96863176269177e-13,-0.51649458619634,1.83533811804572e-10,0.999989190686725,0.999999999942431
"Mia3",4.96289093039584e-13,-0.516761805725292,1.8310994133458e-10,0.999989203175969,0.999999999942431
"Pmp22",4.95161932948623e-13,-0.517287354722113,1.82279135894042e-10,0.999989227697461,0.999999999942431
"Ift20",4.9379735441071e-13,-0.517925182999155,1.81275862231272e-10,0.999989257384018,0.999999999942431
"Polr2e",4.87973650952197e-13,-0.52066696559166,1.77025245801686e-10,0.99998938407933,0.999999999942431
"Dcaf8",4.84811997137419e-13,-0.522169006205534,1.74738731449848e-10,0.999989452861458,0.999999999942431
"Coq9",4.83083573726564e-13,-0.522994235118825,1.73495015784852e-10,0.9999894904635,0.999999999942431
"Raf1",4.81532275603028e-13,-0.523737379037899,1.72382536014292e-10,0.999989524212162,0.999999999942431
"Rps20",4.80154860230634e-13,-0.524399206205976,1.71397751537646e-10,0.999989554177985,0.999999999942431
"Lmbr1",4.77287377283987e-13,-0.525783014056163,1.69356690990276e-10,0.999989616560393,0.999999999942431
"Dlgap4",4.7646291224275e-13,-0.526182407022098,1.68772103671402e-10,0.999989634496722,0.999999999942431
"Ttyh3",4.71412320532432e-13,-0.528644022684616,1.65213038840021e-10,0.999989744372902,0.999999999942431
"Rps6ka2",4.70671429868952e-13,-0.529007311922642,1.6469413594135e-10,0.99998976049106,0.999999999942431
"Atp5g2",4.70594018611894e-13,-0.529045302382527,1.646399659584e-10,0.999989762175151,0.999999999942431
"Nrxn1",4.70080547646081e-13,-0.529297450225415,1.64280880552097e-10,0.999989773345768,0.999999999942431
"Scn9a",4.68448251454684e-13,-0.530100822091154,1.63141971531258e-10,0.999989808856552,0.999999999942431
"Zcchc18",4.67227289435206e-13,-0.530703552931741,1.62292654382056e-10,0.999989835418716,0.999999999942431
"Anapc4",4.67018937410436e-13,-0.530806561504698,1.62147943383696e-10,0.999989839951437,0.999999999942431
"Mtmr3",4.65289036900091e-13,-0.531663572841121,1.60948932880242e-10,0.999989877585614,0.999999999942431
"Mettl16",4.64141284791446e-13,-0.532233917021976,1.60155870410802e-10,0.999989902555088,0.999999999942431
"Tti1",4.62687386930146e-13,-0.532958391785793,1.59154082422812e-10,0.999989934184796,0.999999999942431
"Sept11",4.6073749535526e-13,-0.533933551171365,1.57815471090215e-10,0.999989976604903,0.999999999942431
"Gtf3c1",4.574921594724e-13,-0.535565632711917,1.5560006457767e-10,0.999990047207543,0.999999999942431
"Edc4",4.56154868848335e-13,-0.536241480585678,1.54691728199687e-10,0.999990076300448,0.999999999942431
"Phtf2",4.53910478279473e-13,-0.537380166917477,1.53173232819821e-10,0.999990125127413,0.999999999942431
"Sri",4.53672724873503e-13,-0.537501115580838,1.53012813873738e-10,0.999990130299765,0.999999999942431
"Elk4",4.5283730250221e-13,-0.537926603441327,1.52449797305734e-10,0.999990148474471,0.999999999942431
"Bdh1",4.52277209170862e-13,-0.538212297439349,1.52072914441562e-10,0.999990160659363,0.999999999942431
"Igf1r",4.50290140910489e-13,-0.539228688626867,1.5073959298721e-10,0.999990203888252,0.999999999942431
"Nsun4",4.48972296855856e-13,-0.539905211652798,1.49858558443112e-10,0.999990232558095,0.999999999942431
"Lman1",4.48628934751903e-13,-0.540081800145221,1.49629430390953e-10,0.999990240027976,0.999999999942431
"Baiap2l1",4.48212773210594e-13,-0.540296007550774,1.49351957727926e-10,0.999990249081616,0.999999999942431
"Hspa9",4.47917975066191e-13,-0.540447865265288,1.49155559037938e-10,0.999990255494982,0.999999999942431
"Gmcl1",4.47378041577228e-13,-0.540726253880223,1.48796182782482e-10,0.999990267241295,0.999999999942431
"Tiprl",4.44387230569647e-13,-0.542274335183005,1.4681336873083e-10,0.999990332306719,0.999999999942431
"Abcb8",4.40823244200596e-13,-0.544132570213646,1.44467924879819e-10,0.999990409841636,0.999999999942431
"Ptp4a3",4.39513611897353e-13,-0.544819126364995,1.43610806663892e-10,0.999990438332832,0.999999999942431
"Smarcc2",4.38225869650212e-13,-0.545496176589218,1.4277050148617e-10,0.999990466347806,0.999999999942431
"Mcam",4.34717105086785e-13,-0.547350965817261,1.40493399068872e-10,0.999990542681367,0.999999999942431
"9030624J02Rik",4.34646806417645e-13,-0.547388277463615,1.40447964001831e-10,0.999990544210722,0.999999999942431
"Fip1l1",4.33313718141704e-13,-0.548096954488584,1.39587760226132e-10,0.999990573212205,0.999999999942431
"Efr3a",4.32572128946976e-13,-0.548492118490106,1.39110377724066e-10,0.99999058934556,0.999999999942431
"Gtf2a2",4.32407178356752e-13,-0.548580105043137,1.39004305407476e-10,0.999990592934078,0.999999999942431
"Mfsd7b",4.29817623721079e-13,-0.549965758330424,1.37344381990944e-10,0.999990649270125,0.999999999942431
"Wasf2",4.28952795681542e-13,-0.550430356107268,1.36792241877146e-10,0.999990668084554,0.999999999942431
"Glce",4.28771939003077e-13,-0.550527631614811,1.36676916483241e-10,0.999990672019112,0.999999999942431
"Hsd17b7",4.28427009827656e-13,-0.550713267303789,1.36457103155081e-10,0.999990679523084,0.999999999942431
"Eps15l1",4.27555169703179e-13,-0.551183136291691,1.35902293464888e-10,0.999990698490062,0.999999999942431
"Ica1",4.21659816238649e-13,-0.554385386248989,1.32180348386349e-10,0.999990826744128,0.999999999942431
"Arhgap27",4.21309122765124e-13,-0.554577265230235,1.3196057165098e-10,0.999990834373503,0.999999999942431
"Ldoc1l",4.21059647763202e-13,-0.554713859261623,1.31804339017182e-10,0.999990839800859,0.999999999942431
"Lin7c",4.19312131642863e-13,-0.555672912754795,1.30712559072128e-10,0.999990877818265,0.999999999942431
"Zfp638",4.17439821079207e-13,-0.556704837621957,1.29547851003634e-10,0.999990918550589,0.999999999942431
"Idnk",4.15629492821566e-13,-0.55770694955207,1.28426656578037e-10,0.99999095793448,0.999999999942431
"Tcaf1",4.14936986047068e-13,-0.558091426922419,1.27999053436302e-10,0.999990973000041,0.999999999942431
"Gpbp1",4.14362305311558e-13,-0.55841096835471,1.27644745895922e-10,0.999990985502284,0.999999999942431
"Nfyc",4.13276004073481e-13,-0.559016183094333,1.26976350697602e-10,0.999991009134887,0.999999999942431
"Ppp2r5b",4.11679734555858e-13,-0.559908370127342,1.25997358275205e-10,0.999991043861907,0.999999999942431
"Skiv2l",4.11572875237455e-13,-0.559968217696014,1.25931956734745e-10,0.999991046186643,0.999999999942431
"Trak1",4.10086195813474e-13,-0.560802439571616,1.25023819574954e-10,0.999991078529518,0.999999999942431
"Abce1",4.08226671057279e-13,-0.561850084013793,1.23892555992974e-10,0.999991118983685,0.999999999942431
"Acsl3",4.07149057814969e-13,-0.562459360054197,1.23239330445942e-10,0.99999114242728,0.999999999942431
"Gps1",4.05641154407679e-13,-0.563314593995267,1.22328170857927e-10,0.999991175231885,0.999999999942431
"Mprip",4.02999603188257e-13,-0.564820379642775,1.2074014662625e-10,0.999991232699123,0.999999999942431
"Rap1gap",4.02593439860256e-13,-0.565052771168871,1.20496893249395e-10,0.999991241535252,0.999999999942431
"Dnajb14",4.0213932106897e-13,-0.565312874900917,1.20225209528177e-10,0.999991251414656,0.999999999942431
"Ythdf3",4.01689097617292e-13,-0.565571033565129,1.19956158948955e-10,0.999991261209317,0.999999999942431
"Rell2",4.0097293282617e-13,-0.565982271742308,1.19528804581012e-10,0.999991276789561,0.999999999942431
"Arap2",4.00501663887822e-13,-0.566253280396199,1.19248002036023e-10,0.999991287042069,0.999999999942431
"Slx4ip",3.99945915239951e-13,-0.566573274399196,1.18917287128339e-10,0.999991299132442,0.999999999942431
"Dguok",3.99778777539636e-13,-0.566669596218203,1.18817916647807e-10,0.999991302768541,0.999999999942431
"P2rx6",3.99541965457865e-13,-0.566806139539484,1.18677192897402e-10,0.999991307920414,0.999999999942431
"Lpcat1",3.99165968190141e-13,-0.567023099569366,1.18453930723437e-10,0.999991316100276,0.999999999942431
"Zfyve19",3.98855194358375e-13,-0.56720257616785,1.18269556029275e-10,0.999991322861195,0.999999999942431
"Rhobtb2",3.97893383557915e-13,-0.567758911471779,1.1769984659877e-10,0.999991343785496,0.999999999942431
"Cct5",3.97644003113531e-13,-0.567903375797913,1.17552355622356e-10,0.999991349210795,0.999999999942431
"Strn4",3.96176796318698e-13,-0.568755131392931,1.16686478499374e-10,0.999991381130041,0.999999999942431
"Tanc1",3.95328850677407e-13,-0.569248807417468,1.16187519923267e-10,0.999991399577192,0.999999999942431
"Sh3pxd2a",3.95321467747309e-13,-0.569253110360583,1.16183180263633e-10,0.999991399737808,0.999999999942431
"Phb2",3.95233484659534e-13,-0.569304395046724,1.16131470360401e-10,0.99999140165189,0.999999999942431
"Dennd4a",3.94448259853568e-13,-0.569762595897097,1.15670483474179e-10,0.999991418734542,0.999999999942431
"Hbb-bs",3.94176536455716e-13,-0.569921363655048,1.1551117461528e-10,0.999991424645915,0.999999999942431
"Ptpre",3.92313961860143e-13,-0.571012578291799,1.14422120106801e-10,0.999991465166431,0.999999999942431
"Acadsb",3.92093589000297e-13,-0.571142024521617,1.14293608505471e-10,0.999991469960667,0.999999999942431
"Smim11",3.90992256858754e-13,-0.571790020050103,1.13652442998951e-10,0.999991493920269,0.999999999942431
"Smc3",3.90744239256375e-13,-0.571936195494831,1.13508302721205e-10,0.999991499315919,0.999999999942431
"Gnpda2",3.90034601961962e-13,-0.57235494407271,1.13096388364523e-10,0.999991514754157,0.999999999942431
"Eml2",3.8978999501093e-13,-0.572499457855116,1.12954577930696e-10,0.999991520075608,0.999999999942431
"Ahdc1",3.88956102575025e-13,-0.572992794390888,1.12471798920835e-10,0.99999153821703,0.999999999942431
"Ankrd29",3.87721089625667e-13,-0.573725355895491,1.11758692207371e-10,0.999991565084874,0.999999999942431
"Tmpo",3.86920116625835e-13,-0.574201692803304,1.11297416128154e-10,0.99999158251013,0.999999999942431
"Map3k9",3.86793740121222e-13,-0.574276937427561,1.11224723699978e-10,0.999991585259465,0.999999999942431
"Mcur1",3.86566339913553e-13,-0.574412392678397,1.11093981716484e-10,0.999991590206581,0.999999999942431
"Nt5m",3.86010179002774e-13,-0.574744011817272,1.1077454529798e-10,0.999991602305923,0.999999999942431
"Asic3",3.82787434993128e-13,-0.576674943851922,1.08932584858181e-10,0.999991672417075,0.999999999942431
"Lancl2",3.82309285966016e-13,-0.576962795245382,1.08660614183252e-10,0.99999168281926,0.999999999942431
"Stk16",3.82100383556418e-13,-0.577088668414066,1.08541897410132e-10,0.999991687363955,0.999999999942431
"Fam96b",3.8175894380085e-13,-0.577294547495964,1.08348000925729e-10,0.999991694792014,0.999999999942431
"Rabgap1l",3.81274603910954e-13,-0.577586903201505,1.08073251791062e-10,0.999991705328882,0.999999999942431
"Dapk1",3.80792337772676e-13,-0.577878371214108,1.07800025583629e-10,0.999991715820635,0.999999999942431
"Pls3",3.80324335222654e-13,-0.578161566903903,1.0753521098871e-10,0.999991726002082,0.999999999942431
"Map3k5",3.80278447289421e-13,-0.578189352906987,1.07509263288626e-10,0.99999172700038,0.999999999942431
"Ptprs",3.8022158408466e-13,-0.578223789229447,1.0747711387689e-10,0.999991728237445,0.999999999942431
"Auts2",3.80182079980802e-13,-0.57824771588026,1.07454781812203e-10,0.999991729096861,0.999999999942431
"Cry2",3.80079394697577e-13,-0.578309921265444,1.07396743650135e-10,0.999991731330791,0.999999999942431
"Prps1",3.79957687203352e-13,-0.578383671516942,1.07327974356296e-10,0.999991733978551,0.999999999942431
"Ankrd13d",3.79839929196398e-13,-0.578455050699199,1.07261457634811e-10,0.999991736540389,0.999999999942431
"Plcxd2",3.77871423687374e-13,-0.57965150497789,1.06152581872499e-10,0.999991779365444,0.999999999942431
"Gm1976",3.7687673885818e-13,-0.580258411966188,1.05594458743333e-10,0.999991801004922,0.999999999942431
"Fnbp1",3.76581883721904e-13,-0.580438621335404,1.05429296578512e-10,0.999991807419528,0.999999999942431
"Dnlz",3.75708642101303e-13,-0.580973145861693,1.04940911393516e-10,0.999991826416996,0.999999999942431
"Isl2",3.74983112767289e-13,-0.581418185943041,1.04536000851518e-10,0.999991842200967,0.999999999942431
"Fdx1",3.73598216172482e-13,-0.582270044266197,1.03765276998541e-10,0.999991872329545,0.999999999942431
"Tmub2",3.73392890359066e-13,-0.582396606379512,1.03651251640357e-10,0.999991876796431,0.999999999942431
"Snrnp200",3.7176913292374e-13,-0.583399908610803,1.02751724382843e-10,0.999991912121453,0.999999999942431
"Tgfbrap1",3.70064268895496e-13,-0.584457986233991,1.01811484663833e-10,0.999991949210959,0.999999999942431
"Mau2",3.67397638659948e-13,-0.586122634591144,1.00349493144593e-10,0.999992007223794,0.999999999942431
"Prrc2c",3.66531701400255e-13,-0.586665760595861,9.98770134612754e-11,0.999992026062355,0.999999999942431
"Herc3",3.64729260311104e-13,-0.587800341854372,9.88971266093914e-11,0.99999206527466,0.999999999942431
"Med25",3.63940489936031e-13,-0.588298588594491,9.84698355620834e-11,0.999992082434446,0.999999999942431
"Snx29",3.63775735221802e-13,-0.588402794487476,9.83807017727271e-11,0.999992086018703,0.999999999942431
"Zfp385a",3.6355314830761e-13,-0.588543652659258,9.8260344337325e-11,0.999992090861106,0.999999999942431
"Gga3",3.63050029354803e-13,-0.588862351597847,9.79885687565374e-11,0.999992101806514,0.999999999942431
"Abcc1",3.62838056441428e-13,-0.588996755501953,9.78741775873304e-11,0.999992106418009,0.999999999942431
"Pgbd5",3.61035127918349e-13,-0.590143063055372,9.69039280148997e-11,0.999992145640918,0.999999999942431
"Ier3ip1",3.60940914701948e-13,-0.590203119183402,9.68533598633166e-11,0.999992147690537,0.999999999942431
"Lrrtm3",3.60699809315047e-13,-0.590356882008885,9.67240086790657e-11,0.999992152935811,0.999999999942431
"Fam192a",3.58512769446737e-13,-0.591756294280286,9.55546265934931e-11,0.999992200515105,0.999999999942431
"Hcn1",3.5823003571863e-13,-0.591937820057743,9.54039716372064e-11,0.999992206666008,0.999999999942431
"Wdr48",3.5753678536136e-13,-0.592383511591548,9.50350754835422e-11,0.999992221747746,0.999999999942431
"Panx1",3.56911906187202e-13,-0.592785977972146,9.47031737216009e-11,0.999992235342062,0.999999999942431
"Ampd3",3.56375800803012e-13,-0.593131821860638,9.44188864796517e-11,0.999992247005094,0.999999999942431
"Ago3",3.56311342848403e-13,-0.593173438505677,9.43847343408634e-11,0.999992248407384,0.999999999942431
"Smurf1",3.5623752797233e-13,-0.593221105473731,9.43456321570405e-11,0.999992250013234,0.999999999942431
"Pgs1",3.56231687793516e-13,-0.593224877264976,9.43425387668033e-11,0.999992250140288,0.999999999942431
"Mark1",3.54354924688624e-13,-0.59444012530537,9.33510930518659e-11,0.999992290969477,0.999999999942431
"Kantr",3.53671016447417e-13,-0.594884550153009,9.29911038541886e-11,0.999992305847976,0.999999999942431
"Ncoa1",3.53075630630701e-13,-0.595272140858915,9.26782765130944e-11,0.99999231880066,0.999999999942431
"Ddx39b",3.51054405452049e-13,-0.596592764137183,9.16202171567748e-11,0.999992362772637,0.999999999942431
"Cdc23",3.50723212738185e-13,-0.596809872661764,9.14474255079121e-11,0.999992369977771,0.999999999942431
"Mapk8ip1",3.49793482886472e-13,-0.5974204253857,9.09632333761283e-11,0.999992390204147,0.999999999942431
"Srp72",3.49786952469459e-13,-0.597424719560888,9.0959836958923e-11,0.999992390346217,0.999999999942431
"Tob2",3.49602617805376e-13,-0.597545964245465,9.08639921435125e-11,0.999992394356438,0.999999999942431
"Rufy2",3.49083716296239e-13,-0.597887606420636,9.0594460571395e-11,0.999992405645198,0.999999999942431
"Scnm1",3.49043127433401e-13,-0.597914351037862,9.05733944936154e-11,0.999992406528213,0.999999999942431
"Dtymk",3.4793697310056e-13,-0.598644395880291,9.00002309415639e-11,0.999992430592722,0.999999999942431
"Gpaa1",3.47416597503594e-13,-0.598988627631777,8.97312230174756e-11,0.999992441913551,0.999999999942431
"Tmem130",3.46362695671452e-13,-0.599687350524256,8.91876424096093e-11,0.999992464841302,0.999999999942431
"Plcd4",3.46089194718573e-13,-0.599869020611266,8.90468462169876e-11,0.999992470791345,0.999999999942431
"Agfg1",3.45181574210673e-13,-0.600472913791768,8.85804071103317e-11,0.99999249053673,0.999999999942431
"Ptgfr",3.45041015327069e-13,-0.600566575845006,8.85082814288344e-11,0.999992493594604,0.999999999942431
"Golga4",3.44700660695071e-13,-0.600793528635886,8.83337552438864e-11,0.999992500999056,0.999999999942431
"Tmem259",3.44569496141735e-13,-0.600881049812611,8.82665429957746e-11,0.999992503852556,0.999999999942431
"Ddx5",3.44106936634826e-13,-0.601189960791006,8.80297192235291e-11,0.999992513915589,0.999999999942431
"Ccdc47",3.44032781523908e-13,-0.601239521853593,8.79917824688671e-11,0.999992515528841,0.999999999942431
"Nrbp2",3.4324016028777e-13,-0.601769923812475,8.75867988920967e-11,0.999992532772404,0.999999999942431
"Fbxo25",3.43148558842386e-13,-0.601831298999603,8.75400560704058e-11,0.999992534765203,0.999999999942431
"Trim24",3.42422965757982e-13,-0.602318035494069,8.71702377962978e-11,0.999992550550561,0.999999999942431
"Smu1",3.42275177329654e-13,-0.602417298384172,8.70950093586297e-11,0.999992553765715,0.999999999942431
"Dpagt1",3.41754596778164e-13,-0.60276728601834,8.68302779887655e-11,0.999992565091002,0.999999999942431
"Nsd2",3.40779226065197e-13,-0.6034244476249,8.63353564544682e-11,0.9999925863103,0.999999999942431
"Ipo9",3.40189480092704e-13,-0.603822692616762,8.60367944072638e-11,0.999992599140288,0.999999999942431
"Itga11",3.39497888693822e-13,-0.604290580130633,8.56873313721557e-11,0.999992614185936,0.999999999942431
"Kcns1",3.39292911201881e-13,-0.604429435644979,8.55838923076441e-11,0.999992618645244,0.999999999942431
"Tdrd7",3.37016397714959e-13,-0.605977172302961,8.44392809401997e-11,0.999992668171046,0.999999999942431
"Ldhd",3.36712790810638e-13,-0.606184364619769,8.42872123679013e-11,0.999992674776048,0.999999999942431
"Ngrn",3.34376173428347e-13,-0.607785148358825,8.31214496499559e-11,0.999992725609417,0.999999999942431
"Ppp3cb",3.32312798783922e-13,-0.609207934347785,8.20987600892948e-11,0.99999277049836,0.999999999942431
"H3f3b",3.32044282579172e-13,-0.609393728069255,8.19661384076227e-11,0.99999277633996,0.999999999942431
"Atad3a",3.31912030943148e-13,-0.609485291058011,8.19008579755796e-11,0.999992779217109,0.999999999942431
"Gyg",3.30348368123814e-13,-0.610570611427744,8.11309933618822e-11,0.999992813234766,0.999999999942431
"Tenm3",3.2975266207288e-13,-0.610985417093803,8.08386556227341e-11,0.999992826194417,0.999999999942431
"Rps19",3.29720948711582e-13,-0.611007520643784,8.08231073496829e-11,0.999992826884345,0.999999999942431
"Tbc1d14",3.29607837659299e-13,-0.611086373757754,8.07676639896315e-11,0.999992829345088,0.999999999942431
"Stk19",3.29519661891685e-13,-0.611147862243974,8.0724456290289e-11,0.999992831263362,0.999999999942431
"Dopey1",3.2892509132373e-13,-0.611562904060134,8.04334078940803e-11,0.99999284419831,0.999999999942431
"Palm",3.28810277715397e-13,-0.611643135259955,8.03772660046967e-11,0.999992846696093,0.999999999942431
"Tstd3",3.28769916048444e-13,-0.611671346361742,8.03575344965929e-11,0.999992847574166,0.999999999942431
"Csnk2a1",3.27787711828647e-13,-0.612358920394502,7.98781134354243e-11,0.999992868942127,0.999999999942431
"Gnptg",3.26003702049677e-13,-0.613612995600471,7.90109940304199e-11,0.999992907753457,0.999999999942431
"Mapk12",3.24244584192086e-13,-0.614856216189198,7.81606070244122e-11,0.99999294602326,0.999999999942431
"Nt5c3",3.24225273822709e-13,-0.614869900267607,7.81512975998453e-11,0.999992946443359,0.999999999942431
"Gnl3",3.2420344885889e-13,-0.614885367252783,7.81407765703447e-11,0.999992946918164,0.999999999942431
"Sumo2",3.24181279787787e-13,-0.614901079152078,7.81300903841847e-11,0.999992947400454,0.999999999942431
"Pear1",3.23933983210099e-13,-0.615076417663663,7.80109352343063e-11,0.999992952780419,0.999999999942431
"Mgat1",3.22220769211562e-13,-0.616294759246857,7.71879526989172e-11,0.999992990051578,0.999999999942431
"Rgs17",3.22189753507109e-13,-0.616316874686365,7.71730937963469e-11,0.999992990726328,0.999999999942431
"Mrpl45",3.21912444213128e-13,-0.616514700657286,7.70403049285329e-11,0.999992996759223,0.999999999942431
"Hnrnpll",3.21520560990199e-13,-0.616794547684705,7.68528475810437e-11,0.999993005284685,0.999999999942431
"0610012G03Rik",3.21442702357406e-13,-0.616850187218158,7.68156310924526e-11,0.999993006978509,0.999999999942431
"Ndufaf4",3.2119099552521e-13,-0.617030153553966,7.66953766965897e-11,0.999993012454419,0.999999999942431
"Elf2",3.20737893836192e-13,-0.61735446471536,7.64791421579057e-11,0.999993022311696,0.999999999942431
"Camk1",3.19386054096969e-13,-0.618324746088058,7.58358152066149e-11,0.999993051721119,0.999999999942431
"Ktn1",3.18757998646514e-13,-0.618776910600416,7.55378543755489e-11,0.999993065384534,0.999999999942431
"Inafm1",3.18627671735916e-13,-0.618870848673569,7.54760984183112e-11,0.999993068219811,0.999999999942431
"Nrp1",3.18329851865493e-13,-0.619085655944141,7.53350700101165e-11,0.999993074698915,0.999999999942431
"Lrrn3",3.18061220900883e-13,-0.619279580296802,7.52079767230353e-11,0.999993080543011,0.999999999942431
"Rnf34",3.18004069474072e-13,-0.619320858672278,7.51809513786935e-11,0.999993081786347,0.999999999942431
"Adcy1",3.17757437778515e-13,-0.619499075614851,7.5064381705164e-11,0.999993087151847,0.999999999942431
"Ufd1l",3.17698796169773e-13,-0.619541470319886,7.50366782471309e-11,0.999993088427601,0.999999999942431
"Lhfpl3",3.16897401397093e-13,-0.620121609782582,7.46585958718581e-11,0.999993105862033,0.999999999942431
"Taf2",3.15071645768744e-13,-0.621448716713995,7.38008059927426e-11,0.999993145581548,0.999999999942431
"Tmem163",3.13967166870584e-13,-0.622255227213467,7.32842976656358e-11,0.999993169609609,0.999999999942431
"Kif26b",3.13727435643733e-13,-0.622430652754022,7.31724271952845e-11,0.999993174824988,0.999999999942431
"Tle1",3.13380953752208e-13,-0.622684427777434,7.301089257531e-11,0.99999318236274,0.999999999942431
"Msi2",3.12668482012634e-13,-0.623207136580262,7.26792893599839e-11,0.999993197862641,0.999999999942431
"Bbs4",3.12219365662584e-13,-0.623537237073629,7.24706465579244e-11,0.999993207633217,0.999999999942431
"Smim20",3.11950328180739e-13,-0.623735203914397,7.23458053594511e-11,0.999993213486157,0.999999999942431
"Scamp2",3.1177832966082e-13,-0.623861854451126,7.22660494502561e-11,0.999993217228004,0.999999999942431
"Ndufa10",3.11328658029717e-13,-0.624193294424536,7.20577440288626e-11,0.99999322701066,0.999999999942431
"Ssh1",3.11203225578505e-13,-0.624285831259144,7.19996924587627e-11,0.999993229739457,0.999999999942431
"Uqcrq",3.10612811001382e-13,-0.624721899644855,7.17267560633347e-11,0.999993242583991,0.999999999942431
"Atg2b",3.10166313020414e-13,-0.625052217182549,7.15206935156337e-11,0.999993252297604,0.999999999942431
"Trp53bp1",3.10059428210042e-13,-0.625131359715216,7.14714092556634e-11,0.999993254622895,0.999999999942431
"Fundc1",3.09089961501457e-13,-0.625850429371812,7.10251668778224e-11,0.99999327571375,0.999999999942431
"Smc4",3.0881238350765e-13,-0.626056723141223,7.08976559699588e-11,0.99999328175249,0.999999999942431
"Hmgb1",3.08040313561205e-13,-0.626631482362332,7.05435929435045e-11,0.999993298548957,0.999999999942431
"Mical2",3.06526047728744e-13,-0.627762897914945,6.98517406735357e-11,0.999993331491977,0.999999999942431
"Gltscr1l",3.05629910350917e-13,-0.628435064382692,6.94439107059767e-11,0.999993350987545,0.999999999942431
"Zfp617",3.053456904635e-13,-0.628648655362489,6.93148123261028e-11,0.99999335717078,0.999999999942431
"Ezh1",3.04881434556244e-13,-0.628997965213043,6.910419630265e-11,0.999993367270719,0.999999999942431
"Nfkbib",3.04404330681427e-13,-0.629357488829438,6.88880855193721e-11,0.999993377650166,0.999999999942431
"Noc2l",3.04013318075736e-13,-0.629652552513588,6.87112233189477e-11,0.999993386156689,0.999999999942431
"Cgrrf1",3.03967086666114e-13,-0.629687464127468,6.86903270292955e-11,0.999993387162458,0.999999999942431
"Car2",3.01488835638703e-13,-0.631566617316655,6.75748251958776e-11,0.999993441077083,0.999999999942431
"Samd8",3.01252796530176e-13,-0.63174638950246,6.74690563860559e-11,0.99999344621214,0.999999999942431
"Prrg1",3.00746017817311e-13,-0.632132832128538,6.72422493819944e-11,0.999993457237167,0.999999999942431
"Tpra1",3.00496968332131e-13,-0.63232297944443,6.71309281168589e-11,0.999993462655266,0.999999999942431
"Ifnar2",2.9990855537457e-13,-0.632772846045347,6.68682829769698e-11,0.999993475456255,0.999999999942431
"Mfsd6",2.99473274711828e-13,-0.633106196887086,6.66743215326245e-11,0.999993484925833,0.999999999942431
"Pabpc4",2.98936319911902e-13,-0.633518071567808,6.64354421109034e-11,0.999993496607344,0.999999999942431
"Jmjd6",2.98396871249614e-13,-0.633932594376032,6.61958849101829e-11,0.99999350834311,0.999999999942431
"C1galt1",2.98194018099788e-13,-0.634088661860359,6.61059142650841e-11,0.999993512756202,0.999999999942431
"Cib1",2.98130710462579e-13,-0.63413738977731,6.60778482091767e-11,0.999993514133467,0.999999999942431
"Tnfrsf12a",2.97633981138547e-13,-0.634520077013197,6.5857840944382e-11,0.999993524939868,0.999999999942431
"Pikfyve",2.97404148541898e-13,-0.634697356408802,6.57561695261648e-11,0.999993529939902,0.999999999942431
"Filip1",2.97123603401383e-13,-0.634913935656635,6.56321707655986e-11,0.999993536043192,0.999999999942431
"Slc25a44",2.95816401393339e-13,-0.635925754022165,6.50559406916206e-11,0.999993564481516,0.999999999942431
"Atp5sl",2.94974791037034e-13,-0.636579524289231,6.46862933859019e-11,0.999993582790843,0.999999999942431
"Slc25a53",2.94974119290935e-13,-0.636580046841677,6.46859987660424e-11,0.999993582805457,0.999999999942431
"Slc29a2",2.94589642582701e-13,-0.636879324622701,6.45174819370267e-11,0.99999359116979,0.999999999942431
"Pten",2.94078247838706e-13,-0.637277993125751,6.42936773057149e-11,0.999993602295239,0.999999999942431
"Cryab",2.94057721399275e-13,-0.637294009207804,6.42847023187855e-11,0.999993602741794,0.999999999942431
"Galnt2",2.93846821130835e-13,-0.637458631385816,6.41925245035856e-11,0.999993607329953,0.999999999942431
"Ift80",2.93193417497429e-13,-0.637969398472451,6.39073623552012e-11,0.999993621544821,0.999999999942431
"Rhot1",2.92844373398565e-13,-0.638242707124324,6.37552906609669e-11,0.999993629138314,0.999999999942431
"Papss1",2.91835362907166e-13,-0.639034592994253,6.33167032252253e-11,0.999993651089448,0.999999999942431
"Anapc5",2.91721663619859e-13,-0.639123995003446,6.32673763610705e-11,0.999993653562989,0.999999999942431
"Sgms2",2.91303302128221e-13,-0.639453249644985,6.30860414946258e-11,0.999993662664489,0.999999999942431
"Uso1",2.90789169841052e-13,-0.639858515996125,6.28635520957004e-11,0.999993673849494,0.999999999942431
"Add1",2.90006798344498e-13,-0.640476580287953,6.25257369829619e-11,0.999993690870072,0.999999999942431
"Ssna1",2.89526992423731e-13,-0.640856435128404,6.23190149210719e-11,0.999993701308303,0.999999999942431
"Zfhx3",2.89063780019612e-13,-0.641223742449872,6.21197668408535e-11,0.99999371138554,0.999999999942431
"Azin1",2.88926126377235e-13,-0.641333007672318,6.20606174299455e-11,0.99999371438021,0.999999999942431
"Aggf1",2.88365134925704e-13,-0.641778836888823,6.18198522442219e-11,0.999993726584641,0.999999999942431
"Vps26a",2.87843423098736e-13,-0.642194218054262,6.15963649444723e-11,0.99999373793454,0.999999999942431
"Lamtor3",2.87757684060813e-13,-0.642262553538364,6.15596753688435e-11,0.999993739799802,0.999999999942431
"Pfkp",2.87712531657482e-13,-0.642298548848856,6.15403580795235e-11,0.999993740782097,0.999999999942431
"0610037L13Rik",2.87542867113993e-13,-0.642433854530157,6.14677985834290e-11,0.999993744473168,0.999999999942431
"Tom1l1",2.87247799248292e-13,-0.642669355639321,6.13417104880553e-11,0.999993750892402,0.999999999942431
"Slc25a20",2.87027098061826e-13,-0.642845658802284,6.12474853109095e-11,0.999993755693781,0.999999999942431
"Ifngr1",2.86817586695837e-13,-0.643013146892541,6.11581044746542e-11,0.999993760251724,0.999999999942431
"Ppig",2.86250133817349e-13,-0.643467388002647,6.09163479456594e-11,0.999993772596724,0.999999999942431
"Psma6",2.86116754778954e-13,-0.64357428563365,6.08595928910605e-11,0.9999937754984,0.999999999942431
"A330102I10Rik",2.83496163771158e-13,-0.645684604367603,5.97498521284286e-11,0.999993832509646,0.999999999942431
"Smarce1",2.83422591459448e-13,-0.645744128128426,5.97188438475741e-11,0.99999383411022,0.999999999942431
"Vasp",2.83277442216009e-13,-0.645861605976337,5.9657691874121e-11,0.999993837267958,0.999999999942431
"Tmem110",2.83199280867967e-13,-0.645924891155002,5.9624775152698e-11,0.999993838968367,0.999999999942431
"Trpm2",2.82215452739257e-13,-0.646722946771768,5.92112243973374e-11,0.999993860371656,0.999999999942431
"Pfkfb2",2.81633186627983e-13,-0.647196558951888,5.89671475905145e-11,0.99999387303892,0.999999999942431
"Dgkq",2.81468454245614e-13,-0.647330726617706,5.8898185846826e-11,0.999993876622691,0.999999999942431
"Klhdc10",2.81205154828252e-13,-0.647545333883121,5.87880448745271e-11,0.999993882350799,0.999999999942431
"Ptpdc1",2.81174285883273e-13,-0.647570507186306,5.87751388144004e-11,0.999993883022356,0.999999999942431
"Pigc",2.81018303599585e-13,-0.647697750801919,5.87099455312172e-11,0.999993886415768,0.999999999942431
"Ints8",2.80366362310289e-13,-0.648230331241756,5.84378562115616e-11,0.999993900598823,0.999999999942431
"Drosha",2.80197119630388e-13,-0.648368787718079,5.83673256798928e-11,0.999993904280716,0.999999999942431
"Map3k12",2.80051690233494e-13,-0.648487828569067,5.83067531646906e-11,0.999993907444549,0.999999999942431
"Emg1",2.79553699969634e-13,-0.648895919397442,5.80995744173242e-11,0.999993918278382,0.999999999942431
"Rras",2.79243855330103e-13,-0.6491501913746,5.79708559243704e-11,0.999993925019086,0.999999999942431
"Phf8",2.78486665955269e-13,-0.649772746330775,5.76568980467561e-11,0.999993941491825,0.999999999942431
"Mcm2",2.77819396230356e-13,-0.65032275508474,5.7380930714626e-11,0.999993956008351,0.999999999942431
"Naa25",2.77566088642677e-13,-0.650531889445528,5.72763419131949e-11,0.999993961519086,0.999999999942431
"Prrt3",2.77281423344522e-13,-0.650767137864961,5.71589195996417e-11,0.999993967712011,0.999999999942431
"2610044O15Rik8",2.77093330416437e-13,-0.650922709223071,5.70813987768792e-11,0.999993971803993,0.999999999942431
"Cdh11",2.76921599973108e-13,-0.651064838153541,5.70106675450208e-11,0.999993975540008,0.999999999942431
"Ntrk2",2.76548071680483e-13,-0.651374280965194,5.68569725261714e-11,0.999993983666157,0.999999999942431
"Polrmt",2.7627436915641e-13,-0.651601286638323,5.67444843362458e-11,0.999993989620586,0.999999999942431
"Camk2d",2.76225464856234e-13,-0.651641870641449,5.67243970317802e-11,0.999993990684504,0.999999999942431
"Pofut2",2.76095734137528e-13,-0.651749564053349,5.66711277307261e-11,0.999993993506811,0.999999999942431
"Wipf1",2.76063189665206e-13,-0.651776588036892,5.66577684279873e-11,0.999993994214819,0.999999999942431
"Gfpt1",2.75744481231637e-13,-0.65204140038067,5.65270238308615e-11,0.999994001148356,0.999999999942431
"Rtfdc1",2.74806796512315e-13,-0.652822268976584,5.61432308077547e-11,0.999994021547791,0.999999999942431
"Fyttd1",2.73905299646789e-13,-0.653575482633704,5.57754820476925e-11,0.999994041159955,0.999999999942431
"Slc7a14",2.73903374871321e-13,-0.653577093424939,5.57746981643396e-11,0.999994041201829,0.999999999942431
"Yme1l1",2.73215085955504e-13,-0.654153820108652,5.54947390528015e-11,0.99999405617563,0.999999999942431
"Srm",2.73200590124895e-13,-0.654165981759944,5.54888504980479e-11,0.999994056490988,0.999999999942431
"Ap1g1",2.73065778646535e-13,-0.654279115812578,5.54341017998762e-11,0.999994059423827,0.999999999942431
"Cops5",2.72866744443878e-13,-0.654446246412593,5.53533208151899e-11,0.999994063753838,0.999999999942431
"Cd34",2.72601591624393e-13,-0.654669084164445,5.52457961109428e-11,0.999994069522267,0.999999999942431
"Mrm3",2.72588438657126e-13,-0.654680143645741,5.52404650443609e-11,0.999994069808411,0.999999999942431
"Usp15",2.72398776416387e-13,-0.654839676905799,5.51636210992206e-11,0.999994073934534,0.999999999942431
"Cdc42se2",2.7239224435407e-13,-0.654845173261707,5.51609755081127e-11,0.99999407407664,0.999999999942431
"Prkcd",2.71783230989411e-13,-0.655358194829419,5.49145939199022e-11,0.999994087325793,0.999999999942431
"Rab28",2.71396857897807e-13,-0.655684256348862,5.47585692843909e-11,0.999994095731382,0.999999999942431
"Sys1",2.71125608329681e-13,-0.655913438312242,5.46491662810109e-11,0.999994101632446,0.999999999942431
"Itga6",2.70467596405244e-13,-0.656470341116674,5.43842251215831e-11,0.999994115947569,0.999999999942431
"Taf5l",2.69889115541661e-13,-0.656961038041517,5.41518380254558e-11,0.999994128532484,0.999999999942431
"Atl2",2.6956826139514e-13,-0.657233650161085,5.40231591507213e-11,0.999994135512701,0.999999999942431
"Snapc1",2.6802106386577e-13,-0.658552726037934,5.3404802748566e-11,0.999994169172154,0.999999999942431
"Rps11",2.67820786998102e-13,-0.658724022282321,5.33250198367477e-11,0.9999941735292,0.999999999942431
"Svil",2.67459990718876e-13,-0.659032929283882,5.31814424118363e-11,0.999994181378362,0.999999999942431
"Ttc39b",2.66973032382948e-13,-0.659450506000494,5.29879662103608e-11,0.999994191972195,0.999999999942431
"Usp21",2.66872148554057e-13,-0.659537109845816,5.29479275677681e-11,0.999994194166934,0.999999999942431
"Vat1",2.66513332976653e-13,-0.659845397306221,5.28056439362729e-11,0.999994201973006,0.999999999942431
"Usp45",2.66418054921463e-13,-0.659927327145406,5.27678948325034e-11,0.999994204045791,0.999999999942431
"Ppp4r3a",2.65558196599535e-13,-0.660668031026275,5.24278300911461e-11,0.999994222752104,0.999999999942431
"Usp10",2.65177708874262e-13,-0.66099654787095,5.22777021314868e-11,0.999994231029656,0.999999999942431
"Lap3",2.6508794840185e-13,-0.66107411569822,5.22423169772942e-11,0.999994232982405,0.999999999942431
"Clcn7",2.64709564934055e-13,-0.661401386249618,5.20932832611994e-11,0.999994241214179,0.999999999942431
"Ahnak2",2.64509240972478e-13,-0.661574836774565,5.20144679434849e-11,0.999994245572249,0.999999999942431
"Clmp",2.63373912959521e-13,-0.662560314456486,5.15689126390424e-11,0.999994270271435,0.999999999942431
"Mast4",2.62604487843261e-13,-0.663230568338566,5.12680441319807e-11,0.999994287010364,0.999999999942431
"Wsb2",2.62287256752284e-13,-0.663507475414457,5.11442534518662e-11,0.999994293911761,0.999999999942431
"Ago2",2.61972077801899e-13,-0.663782918418472,5.10214117460083e-11,0.999994300768514,0.999999999942431
"2310057M21Rik",2.61969087028643e-13,-0.663785533696916,5.10202467928272e-11,0.999994300833579,0.999999999942431
"Satb1",2.61810598794101e-13,-0.663924165694439,5.09585321612945e-11,0.999994304281508,0.999999999942431
"Taz",2.61546561627232e-13,-0.664155306759034,5.08558001723334e-11,0.999994310025665,0.999999999942431
"Rhov",2.61062498181774e-13,-0.664579659438236,5.06677292372553e-11,0.999994320556519,0.999999999942431
"Fam134c",2.60601243258258e-13,-0.664984739556752,5.04888441534832e-11,0.999994330591171,0.999999999942431
"Mark3",2.60574122245971e-13,-0.665008579585248,5.04783358589494e-11,0.999994331181191,0.999999999942431
"Hs2st1",2.59023131381658e-13,-0.666376024853461,4.98792093324488e-11,0.999994364923169,0.999999999942431
"Chmp2a",2.58459378679401e-13,-0.666875063988471,4.96623257019076e-11,0.999994377187671,0.999999999942431
"Timm17b",2.57646888677804e-13,-0.667596178958885,4.93505806132501e-11,0.999994394863481,0.999999999942431
"Tmem129",2.57036742897058e-13,-0.668139181576693,4.91171184900014e-11,0.99999440813727,0.999999999942431
"Terf2ip",2.56560038832046e-13,-0.668564312099011,4.8935100794753e-11,0.99999441850802,0.999999999942431
"Jade1",2.55866795654742e-13,-0.669183946786291,4.8671005945831e-11,0.999994433589601,0.999999999942431
"Traf7",2.55535936229498e-13,-0.669480259355227,4.85452151060361e-11,0.999994440787485,0.999999999942431
"2210016L21Rik",2.55312226355589e-13,-0.669680824881816,4.8460254138293e-11,0.999994445654318,0.999999999942431
"Slc25a25",2.55172181903318e-13,-0.669806468966345,4.84071056577319e-11,0.999994448701,0.999999999942431
"Calcoco1",2.55169889029671e-13,-0.669808526636045,4.84062357284361e-11,0.999994448750882,0.999999999942431
"Zfp239",2.54720054749812e-13,-0.670212569767401,4.82357172468858e-11,0.999994458537076,0.999999999942431
"Mcts1",2.54675716708374e-13,-0.670252432474238,4.82189263342354e-11,0.999994459501655,0.999999999942431
"Pum2",2.54452487127223e-13,-0.67045323401143,4.81344332112973e-11,0.99999446435804,0.999999999942431
"Ttc9",2.53735849787384e-13,-0.671099046134158,4.78636843813222e-11,0.999994479948564,0.999999999942431
"Slc7a5",2.53683637276131e-13,-0.671146168750819,4.7843988102401e-11,0.999994481084453,0.999999999942431
"Parp4",2.53440667207686e-13,-0.671365578943472,4.7752385109583e-11,0.999994486370294,0.999999999942431
"Rad23b",2.52888623974748e-13,-0.671864864581224,4.7544583644804e-11,0.999994498380055,0.999999999942431
"Zfp397",2.52739880166608e-13,-0.671999577050453,4.74886706304002e-11,0.999994501615993,0.999999999942431
"Bcan",2.52728121238636e-13,-0.672010230066154,4.74842518353397e-11,0.99999450187181,0.999999999942431
"Kcnab1",2.52710914449232e-13,-0.67202581945966,4.74777862018105e-11,0.999994502246146,0.999999999942431
"Strip2",2.52475808154523e-13,-0.672238931249672,4.73894866199978e-11,0.999994507360909,0.999999999942431
"Slitrk4",2.52233250604451e-13,-0.672459002388125,4.7298474682678e-11,0.999994512637775,0.999999999942431
"Rnf121",2.51990912338196e-13,-0.672679083050845,4.72076323846286e-11,0.999994517909871,0.999999999942431
"Zyx",2.51591416157401e-13,-0.673042343400627,4.70580688999228e-11,0.999994526600955,0.999999999942431
"Gltscr2",2.51514835485889e-13,-0.673112042868186,4.70294257124137e-11,0.999994528266976,0.999999999942431
"Ubn1",2.51475213907468e-13,-0.673148112439025,4.70146096217084e-11,0.999994529128947,0.999999999942431
"Tprkb",2.51288395151672e-13,-0.673318258740949,4.69447820768642e-11,0.99999453319321,0.999999999942431
"Mlh3",2.50928756021349e-13,-0.673646153675071,4.68105052898516e-11,0.999994541017199,0.999999999942431
"Secisbp2l",2.5086123936928e-13,-0.673707762504925,4.67853183526722e-11,0.999994542486031,0.999999999942431
"Top1",2.50149226204172e-13,-0.674358470446083,4.65201160542679e-11,0.999994557975956,0.999999999942431
"Carm1",2.50042239034167e-13,-0.674456403673414,4.64803318717334e-11,0.999994560303474,0.999999999942431
"Ogfrl1",2.49795560118441e-13,-0.674682364576774,4.63886668621189e-11,0.999994565670001,0.999999999942431
"4930430F08Rik",2.49527360702516e-13,-0.674928288300582,4.62891075718685e-11,0.999994571504709,0.999999999942431
"Smad5",2.49371446584091e-13,-0.675071372566568,4.6231279279106e-11,0.999994574896638,0.999999999942431
"Gatsl2",2.49307152383754e-13,-0.675130401817501,4.62074431904717e-11,0.999994576295365,0.999999999942431
"Stac2",2.48824770246262e-13,-0.675573761810871,4.60288034604388e-11,0.999994586789642,0.999999999942431
"Nfx1",2.47320957762043e-13,-0.676961383059123,4.54741197601522e-11,0.999994619505249,0.999999999942431
"Max",2.4722842652852e-13,-0.677047036396033,4.54400992768395e-11,0.999994621518276,0.999999999942431
"Gnl1",2.47167113957515e-13,-0.67710380898341,4.54175638112961e-11,0.999994622852138,0.999999999942431
"Blmh",2.47151418352792e-13,-0.677118344615249,4.54117957826634e-11,0.999994623193597,0.999999999942431
"Otud5",2.47096803175371e-13,-0.677168930590095,4.53917279289761e-11,0.999994624381756,0.999999999942431
"Anapc11",2.47033209308691e-13,-0.677227846750259,4.53683665256805e-11,0.999994625765248,0.999999999942431
"Fam179b",2.46883430166143e-13,-0.677366667856116,4.53133684544453e-11,0.99999462902371,0.999999999942431
"Spire1",2.46708119675885e-13,-0.677529257920409,4.52490377833115e-11,0.999994632837609,0.999999999942431
"1810030O07Rik",2.46592176100418e-13,-0.677636851294083,4.52065170714401e-11,0.999994635359974,0.999999999942431
"Ubxn4",2.46330420736002e-13,-0.677879938692493,4.51105953905486e-11,0.999994641054491,0.999999999942431
"Msrb2",2.46123848719071e-13,-0.678071958206066,4.50349678705995e-11,0.999994645548488,0.999999999942431
"Elof1",2.45189355737725e-13,-0.678942608516078,4.46936359203879e-11,0.999994665878486,0.999999999942431
"Mtdh",2.4510787703017e-13,-0.679018675769156,4.46639366325509e-11,0.999994667651064,0.999999999942431
"Ercc6l2",2.44731830360238e-13,-0.679370070465051,4.45269941501998e-11,0.999994675832001,0.999999999942431
"Dok5",2.44231570123326e-13,-0.679838361927663,4.43451435247053e-11,0.999994686715218,0.999999999942431
"Fam120a",2.43837608848285e-13,-0.680207813537261,4.42021957564012e-11,0.999994695285889,0.999999999942431
"Mbp",2.43663104004295e-13,-0.68037164996745,4.41389509010251e-11,0.999994699082261,0.999999999942431
"D930028M14Rik",2.43088294840372e-13,-0.680912137321827,4.39309461027353e-11,0.999994711587298,0.999999999942431
"Dcaf13",2.42908625456299e-13,-0.681081337183927,4.38660303558692e-11,0.999994715496025,0.999999999942431
"Slc6a17",2.42762747581537e-13,-0.681218805394718,4.38133590124973e-11,0.999994718669615,0.999999999942431
"Fkbp14",2.42678739274703e-13,-0.681298007697814,4.37830409402943e-11,0.999994720497224,0.999999999942431
"Glo1",2.42390126178531e-13,-0.68157031574416,4.36789622314997e-11,0.999994726776034,0.999999999942431
"Ivd",2.42053855729528e-13,-0.681887992289819,4.35578537020322e-11,0.999994734091635,0.999999999942431
"Tada2b",2.41586639565259e-13,-0.682330097035343,4.3389863876601e-11,0.999994744255974,0.999999999942431
"Wdr20",2.41532988609791e-13,-0.682380918369727,4.3370594192062e-11,0.999994745423157,0.999999999942431
"Cacna2d3",2.41384729050382e-13,-0.682521416426872,4.33173664177862e-11,0.99999474864856,0.999999999942431
"Olfr920",2.41384434398152e-13,-0.682521695738541,4.33172606650249e-11,0.99999474865497,0.999999999942431
"Adcy9",2.41204799940896e-13,-0.682692040442063,4.32528126215616e-11,0.999994752562937,0.999999999942431
"Usp6nl",2.41115552382118e-13,-0.682776719100452,4.32208108223856e-11,0.999994754504528,0.999999999942431
"Sarm1",2.40605462642433e-13,-0.683261289401359,4.30381334977646e-11,0.999994765601587,0.999999999942431
"Blzf1",2.40536978785781e-13,-0.683326424169185,4.30136369807783e-11,0.99999476709146,0.999999999942431
"Uhrf1bp1l",2.40410923164796e-13,-0.683446363067307,4.29685654080476e-11,0.999994769833814,0.999999999942431
"Opa3",2.40308950833256e-13,-0.68354343267077,4.29321221758306e-11,0.999994772052234,0.999999999942431
"Mrgpre",2.39636563432693e-13,-0.684184510965889,4.26922090740114e-11,0.999994786680096,0.999999999942431
"Hpf1",2.39622826952588e-13,-0.684197626297893,4.26873147969097e-11,0.999994786978935,0.999999999942431
"Rhou",2.39574047116988e-13,-0.684244206355537,4.26699369178455e-11,0.999994788040145,0.999999999942431
"Zfp827",2.39547291161704e-13,-0.684269759694363,4.26604065769261e-11,0.999994788622224,0.999999999942431
"Plxna2",2.39338594401216e-13,-0.684469172668477,4.25861063386189e-11,0.999994793162445,0.999999999942431
"Eif2s1",2.39336713233666e-13,-0.684470970932641,4.2585436899687e-11,0.99999479320337,0.999999999942431
"Dscam",2.39331898075736e-13,-0.684475573949202,4.25837233845421e-11,0.999994793308124,0.999999999942431
"Rab40c",2.38995136144581e-13,-0.684797725881719,4.24639692875371e-11,0.999994800634417,0.999999999942431
"Pip4k2c",2.38570827350506e-13,-0.685204264393527,4.23133231984385e-11,0.999994809865302,0.999999999942431
"Gnl2",2.37974491681527e-13,-0.685776831895549,4.21020533811705e-11,0.99999482283865,0.999999999942431
"Sept6",2.37755144154735e-13,-0.685987792826121,4.20244759471289e-11,0.99999482761058,0.999999999942431
"Pias4",2.37601867152055e-13,-0.686135323324078,4.19703083756534e-11,0.999994830945138,0.999999999942431
"Hadha",2.37311339284381e-13,-0.686415216697418,4.18677326719249e-11,0.999994837265604,0.999999999942431
"Fam76a",2.37299564298963e-13,-0.686426567793628,4.18635779634945e-11,0.99999483752177,0.999999999942431
"Sec13",2.37233255320339e-13,-0.686490500078118,4.18401852256006e-11,0.999994838964329,0.999999999942431
"Bbs7",2.36760529343016e-13,-0.686946793472445,4.16736045660713e-11,0.999994849248535,0.999999999942431
"Tmem169",2.3670056768401e-13,-0.6870047349703,4.16524988348943e-11,0.999994850553008,0.999999999942431
"Atf4",2.36376585611861e-13,-0.687318052366304,4.1538553797441e-11,0.999994857601273,0.999999999942431
"Pcnx2",2.36172745006203e-13,-0.687515400134262,4.14669427023247e-11,0.999994862035848,0.999999999942431
"Abca7",2.3609664970555e-13,-0.687589114660044,4.1440225554012e-11,0.99999486369131,0.999999999942431
"Fam20c",2.36079431299396e-13,-0.687605797608166,4.14341813461275e-11,0.999994864065898,0.999999999942431
"Ctns",2.35969779881345e-13,-0.687712067241689,4.13957005551325e-11,0.999994866451377,0.999999999942431
"Gusb",2.3590103307306e-13,-0.687778718649347,4.13715838420164e-11,0.999994867946971,0.999999999942431
"Cds1",2.35422113934137e-13,-0.688243572465997,4.12037716834843e-11,0.99999487836591,0.999999999942431
"Slc8a3",2.35287950457413e-13,-0.688373962902745,4.11568222614647e-11,0.999994881284652,0.999999999942431
"Ndrg2",2.35105572175378e-13,-0.688551329822253,4.10930433775462e-11,0.999994885252311,0.999999999942431
"Nit1",2.34436497481873e-13,-0.689203183574123,4.08594870834148e-11,0.999994899808105,0.999999999942431
"Gab1",2.33929704530805e-13,-0.689698154523838,4.06830220853119e-11,0.999994910833442,0.999999999942431
"Nol10",2.33578308973633e-13,-0.690041974140655,4.05608905581649e-11,0.999994918478091,0.999999999942431
"Adgrg1",2.33525401732302e-13,-0.690093784893296,4.05425179464596e-11,0.999994919629094,0.999999999942431
"Tfg",2.33233099271764e-13,-0.690380238233116,4.04410877726947e-11,0.999994925988166,0.999999999942431
"Rasa1",2.32962839699299e-13,-0.69064540488616,4.03474196031519e-11,0.999994931867693,0.999999999942431
"Slc23a2",2.32306457126383e-13,-0.691290683215528,4.01203788085021e-11,0.999994946147368,0.999999999942431
"Arhgap23",2.32122489242094e-13,-0.691471861400217,4.00568597933559e-11,0.99999495014961,0.999999999942431
"Ccng1",2.32099306383447e-13,-0.691494702756769,4.00488589645814e-11,0.999994950653955,0.999999999942431
"Mgat4a",2.31620268588917e-13,-0.691967188105544,3.98837131124616e-11,0.999994961075476,0.999999999942431
"Hscb",2.31260906943112e-13,-0.692322267214008,3.97600489943639e-11,0.999994968893428,0.999999999942431
"Hist1h2be",2.31190627293043e-13,-0.692391772934301,3.97358866941037e-11,0.99999497042237,0.999999999942431
"Zcchc4",2.31139540318361e-13,-0.692442310408876,3.97183274878779e-11,0.999994971533772,0.999999999942431
"Tmem132e",2.3098881620843e-13,-0.69259147750989,3.9666544416279e-11,0.999994974812792,0.999999999942431
"Eif4g3",2.30984731699623e-13,-0.692595521160405,3.96651416044873e-11,0.999994974901651,0.999999999942431
"Ndufb9",2.30382403447185e-13,-0.693192597294248,3.94585453939799e-11,0.999994988005368,0.999999999942431
"Wdr19",2.3026286090639e-13,-0.693311280492704,3.94176069289551e-11,0.99999499060603,0.999999999942431
"Rps3",2.3020873074677e-13,-0.693365041516858,3.93990765367437e-11,0.999994991783637,0.999999999942431
"Bag4",2.29410476481704e-13,-0.694159302620557,3.9126315784908e-11,0.999995009149747,0.999999999942431
"Daam1",2.29403329660877e-13,-0.694166425991022,3.91238780199272e-11,0.999995009305227,0.999999999942431
"Eef1e1",2.29111896853464e-13,-0.694457089081924,3.90245356161726e-11,0.99999501564538,0.999999999942431
"Tsga10",2.29085667761347e-13,-0.694483266777747,3.90156009465801e-11,0.999995016215997,0.999999999942431
"Zfp317",2.29075427475333e-13,-0.694493487799882,3.90121129764513e-11,0.999995016438775,0.999999999942431
"Etl4",2.28929967437486e-13,-0.69463872286992,3.89625842966652e-11,0.999995019603274,0.999999999942431
"Ifi27",2.2889612298273e-13,-0.694672528028895,3.89510648790736e-11,0.999995020339564,0.999999999942431
"Lats2",2.2864114325466e-13,-0.694927370250475,3.88643338322053e-11,0.999995025886676,0.999999999942431
"Mynn",2.28618199938959e-13,-0.694950314932993,3.88565344315408e-11,0.999995026385811,0.999999999942431
"Dnajc30",2.28547287120634e-13,-0.695021246331584,3.88324331217727e-11,0.999995027928527,0.999999999942431
"Fam134a",2.27975208979141e-13,-0.695594269310003,3.86382730163184e-11,0.99999504037415,0.999999999942431
"Zkscan8",2.279382290259e-13,-0.695631359109394,3.86257389723812e-11,0.999995041178653,0.999999999942431
"5730480H06Rik",2.27861355382489e-13,-0.695708480089974,3.85996898046842e-11,0.999995042851048,0.999999999942431
"Sh2d3c",2.27817282188601e-13,-0.695752706658037,3.85847592598817e-11,0.999995043809865,0.999999999942431
"Ccdc137",2.27798817004369e-13,-0.695771238608567,3.85785047228468e-11,0.999995044211577,0.999999999942431
"Ccni",2.27798222177208e-13,-0.695771835611125,3.85783032511025e-11,0.999995044224517,0.999999999942431
"Ndufs4",2.27096032383561e-13,-0.696477667534836,3.83408339761828e-11,0.999995059500734,0.999999999942431
"Spry2",2.26868640883584e-13,-0.696706699791423,3.82640909807612e-11,0.999995064447661,0.999999999942431
"Gpsm1",2.265633047359e-13,-0.697014595385192,3.8161163155196e-11,0.999995071090283,0.999999999942431
"Anp32e",2.25937479224319e-13,-0.697646947519338,3.7950632636286e-11,0.999995084705186,0.999999999942431
"Dnajc21",2.25842307938954e-13,-0.697743262586055,3.79186676006289e-11,0.999995086775648,0.999999999942431
"1110032F04Rik",2.25401943305184e-13,-0.698189441202202,3.77709383220518e-11,0.999995096355829,0.999999999942431
"Bbs1",2.25205946051895e-13,-0.698388302604731,3.77052797795041e-11,0.999995100619771,0.999999999942431
"Pskh1",2.24795938686532e-13,-0.698804853939123,3.75681131544523e-11,0.999995109539526,0.999999999942431
"Zfp346",2.24731990809969e-13,-0.698869889984292,3.75467421335139e-11,0.999995110930719,0.999999999942431
"Mrps26",2.24390641223426e-13,-0.6992173570973,3.74327678729013e-11,0.999995118356817,0.999999999942431
"Adgrb1",2.24296386551957e-13,-0.699313392785749,3.74013274152184e-11,0.999995120407338,0.999999999942431
"Rnf115",2.24254361522364e-13,-0.699356224738269,3.73873134164452e-11,0.999995121321597,0.999999999942431
"Erlec1",2.23894723943243e-13,-0.699723091713008,3.72674932159481e-11,0.999995129145553,0.999999999942431
"Ppp1r13b",2.2385604499268e-13,-0.699762582783577,3.72546180307548e-11,0.999995129987018,0.999999999942431
"Mecp2",2.23236706802552e-13,-0.700395842871323,3.70487599346999e-11,0.999995143460788,0.999999999942431
"Plekhn1",2.22821270488047e-13,-0.700821589070824,3.69109951463312e-11,0.999995152498651,0.999999999942431
"Lynx1",2.22546176801418e-13,-0.701103940693948,3.68199112593222e-11,0.999995158483345,0.999999999942431
"Plekhg3",2.22134391359398e-13,-0.70152723423937,3.66837788275299e-11,0.999995167441783,0.999999999942431
"Uggt1",2.21926373481636e-13,-0.701741359787917,3.66151059056874e-11,0.999995171967234,0.999999999942431
"Hspa13",2.21885359333735e-13,-0.701783601518249,3.66015735023265e-11,0.999995172859502,0.999999999942431
"Lgi2",2.21829409429914e-13,-0.701841238458446,3.65831171577252e-11,0.999995174076698,0.999999999942431
"Rnf5",2.21215178723882e-13,-0.70247493394692,3.63808052611795e-11,0.999995187439355,0.999999999942431
"Adk",2.20796559950478e-13,-0.7029078135024,3.62432443746728e-11,0.999995196546452,0.999999999942431
"Med31",2.20764721544509e-13,-0.702940769630047,3.62327927269538e-11,0.999995197239101,0.999999999942431
"Gnb5",2.20720401391333e-13,-0.702986653493163,3.62182461841909e-11,0.99999519820329,0.999999999942431
"Cmtr1",2.2066015996974e-13,-0.703049034928749,3.6198478723835e-11,0.999995199513849,0.999999999942431
"Megf8",2.20521699020559e-13,-0.703192478234301,3.61530649688335e-11,0.999995202526082,0.999999999942431
"Myef2",2.20388327227128e-13,-0.703330733248372,3.61093473571939e-11,0.9999952054276,0.999999999942431
"Sytl2",2.20203256444217e-13,-0.703522716858688,3.60487272749946e-11,0.999995209453836,0.999999999942431
"Slirp",2.20196603173669e-13,-0.703529621606599,3.60465489392513e-11,0.999995209598578,0.999999999942431
"C330007P06Rik",2.19476969935502e-13,-0.704277672250009,3.58113236350238e-11,0.999995225254279,0.999999999942431
"Cfap74",2.19409074669691e-13,-0.70434837341715,3.57891705748845e-11,0.999995226731348,0.999999999942431
"Hivep2",2.1902830224516e-13,-0.704745282154163,3.56650580753705e-11,0.999995235015094,0.999999999942431
"Stat1",2.18950702143122e-13,-0.704826254229785,3.56397908213648e-11,0.999995236703293,0.999999999942431
"Cntn2",2.18869548545331e-13,-0.704910964486639,3.5613376096867e-11,0.999995238468798,0.999999999942431
"G0s2",2.18490486575579e-13,-0.7053070499335,3.54901247219534e-11,0.999995246715333,0.999999999942431
"Bcl10",2.18202613148457e-13,-0.705608304529961,3.53966658855536e-11,0.999995252978052,0.999999999942431
"Rabl2",2.18183626360417e-13,-0.705628187650644,3.53905061082445e-11,0.999995253391111,0.999999999942431
"Prpsap2",2.17727106771618e-13,-0.706106773075977,3.52425613979345e-11,0.999995263322745,0.999999999942431
"Cyb5d2",2.1771525626402e-13,-0.706119209547804,3.52387251197416e-11,0.999995263580554,0.999999999942431
"Odc1",2.17463007739661e-13,-0.706384089268277,3.5157116075517e-11,0.999995269068249,0.999999999942431
"Cyhr1",2.17274385453997e-13,-0.70658235473966,3.50961536185582e-11,0.999995273171748,0.999999999942431
"Slc16a1",2.17100835099153e-13,-0.706764927704261,3.50401091170938e-11,0.999995276947355,0.999999999942431
"Tsnax",2.16936744839666e-13,-0.706937681157556,3.49871607468517e-11,0.999995280517157,0.999999999942431
"Nol4l",2.1629662340244e-13,-0.707612831890315,3.47809901478251e-11,0.999995294443069,0.999999999942431
"Sulf2",2.15916454873717e-13,-0.708014737417552,3.46588336627222e-11,0.999995302713677,0.999999999942431
"Pcolce2",2.15585692244095e-13,-0.708364980164311,3.4552727194557e-11,0.999995309909455,0.999999999942431
"AI837181",2.15426564309949e-13,-0.708533668674248,3.45017379583186e-11,0.999995313371301,0.999999999942431
"Dnal1",2.14011605356772e-13,-0.710039066025187,3.4049999623625e-11,0.999995344153889,0.999999999942431
"Pex5",2.13774874253227e-13,-0.710291885932791,3.39747117833788e-11,0.999995349304,0.999999999942431
"9330182L06Rik",2.13738478110088e-13,-0.71033078012459,3.39631440702552e-11,0.999995350095802,0.999999999942431
"Rlim",2.13439538619802e-13,-0.710650484630855,3.38682072576529e-11,0.999995356599264,0.999999999942431
"Ddx54",2.12692688218281e-13,-0.711451146323282,3.36316041414356e-11,0.999995372847077,0.999999999942431
"Camkk2",2.12653777555604e-13,-0.711492936474485,3.36192999262532e-11,0.999995373693583,0.999999999942431
"Osgep",2.12597463949419e-13,-0.711553430785058,3.36014965901233e-11,0.999995374918692,0.999999999942431
"Eif2ak3",2.12072828899149e-13,-0.712117775024491,3.34358617680602e-11,0.999995386332185,0.999999999942431
"Slc30a6",2.12022201176726e-13,-0.712172307525868,3.34198995207495e-11,0.999995387433597,0.999999999942431
"H3f3a",2.11862227783168e-13,-0.712344703651359,3.33694870848252e-11,0.999995390913835,0.999999999942431
"Kifc2",2.11644026649704e-13,-0.712580056232517,3.33007866805691e-11,0.999995395660825,0.999999999942431
"Eef1d",2.11383490250623e-13,-0.71286138536857,3.32188497885816e-11,0.999995401328823,0.999999999942431
"Cldnd1",2.10962003011513e-13,-0.713317235156872,3.30865086835239e-11,0.999995410498325,0.999999999942431
"Ammecr1l",2.10698835400755e-13,-0.713602313614679,3.30040116812949e-11,0.999995416223565,0.999999999942431
"Evl",2.10598448160418e-13,-0.713711151423758,3.29725697194495e-11,0.999995418407501,0.999999999942431
"Thumpd1",2.10540986077003e-13,-0.713773473671272,3.29545789499437e-11,0.999995419657595,0.999999999942431
"Fam32a",2.10335652372661e-13,-0.713996311696976,3.28903312589478e-11,0.999995424124652,0.999999999942431
"Rprd2",2.09290852721678e-13,-0.715133511372177,3.25643907099543e-11,0.999995446854384,0.999999999942431
"Mras",2.09257052332988e-13,-0.715170394402898,3.25538732872508e-11,0.999995447589715,0.999999999942431
"Kcnmb1",2.08743291012792e-13,-0.715731735824026,3.23942190296578e-11,0.999995458766649,0.999999999942431
"Asb7",2.08646275012696e-13,-0.715837889489453,3.23641148071583e-11,0.999995460877243,0.999999999942431
"Fastkd1",2.08623289036542e-13,-0.715863047581657,3.23569842720616e-11,0.999995461377306,0.999999999942431
"Insig2",2.08431918560441e-13,-0.716072608238816,3.22976492719328e-11,0.999995465540591,0.999999999942431
"Sra1",2.08402757843794e-13,-0.716104557400469,3.22886126836564e-11,0.999995466174986,0.999999999942431
"Efcab14",2.08365521042275e-13,-0.716145361317779,3.22770752427866e-11,0.999995466985077,0.999999999942431
"Dip2a",2.08013912590879e-13,-0.716531007112105,3.21682346151741e-11,0.999995474634358,0.999999999942431
"Slc1a5",2.07916834965164e-13,-0.716637595533017,3.21382165542622e-11,0.999995476746292,0.999999999942431
"Atrx",2.07597336890832e-13,-0.716988741989724,3.20395212369665e-11,0.999995483697008,0.999999999942431
"Tmem18",2.07498784242775e-13,-0.717097164462246,3.20091082248439e-11,0.999995485841032,0.999999999942431
"Trafd1",2.07343346364297e-13,-0.717268272328158,3.19611699746066e-11,0.9999954892226,0.999999999942431
"Mtpap",2.07259416636672e-13,-0.717360715761244,3.19353003296952e-11,0.9999954910485,0.999999999942431
"Slc45a4",2.07232324427735e-13,-0.717390564043537,3.19269519391105e-11,0.999995491637894,0.999999999942431
"Plp1",2.07159135456741e-13,-0.717471217722922,3.19044044129423e-11,0.999995493230128,0.999999999942431
"Gapdh",2.07077628021588e-13,-0.717561071358884,3.18793035686946e-11,0.999995495003332,0.999999999942431
"Mknk2",2.06933814480119e-13,-0.717719696201904,3.18350391681248e-11,0.999995498132011,0.999999999942431
"Grin1",2.06856429573396e-13,-0.717805095936345,3.18112335768711e-11,0.999995499815528,0.999999999942431
"Tecpr2",2.0657127745952e-13,-0.718120053649369,3.17235902941172e-11,0.999995506019044,0.999999999942431
"Ttc9b",2.06369919074811e-13,-0.718342717409319,3.16617743662583e-11,0.999995510399618,0.999999999942431
"Tesc",2.06265487164617e-13,-0.718458283448879,3.16297380794034e-11,0.999995512671546,0.999999999942431
"Tmem57",2.06064031391947e-13,-0.718681380741145,3.1567983864422e-11,0.999995517054238,0.999999999942431
"Ccdc32",2.06034621687187e-13,-0.718713967790442,3.15589736666936e-11,0.99999551769405,0.999999999942431
"Tmem199",2.05836824968878e-13,-0.718933253151428,3.14984084564862e-11,0.999995521997139,0.999999999942431
"Adsl",2.05760318730782e-13,-0.719018126757819,3.14749979040662e-11,0.999995523661541,0.999999999942431
"Pick1",2.05608645231031e-13,-0.719186480581755,3.1428612249154e-11,0.999995526961215,0.999999999942431
"Mrps6",2.05527288661601e-13,-0.719276834820005,3.14037454134094e-11,0.999995528731136,0.999999999942431
"Denr",2.05322797292701e-13,-0.719504097819577,3.13412855793268e-11,0.999995533179868,0.999999999942431
"Tvp23a",2.05245420478574e-13,-0.719590149319428,3.13176678232084e-11,0.999995534863209,0.999999999942431
"Senp5",2.05065959377173e-13,-0.719789852925784,3.12629251056712e-11,0.999995538767405,0.999999999942431
"Psmg3",2.05039433955923e-13,-0.71981938492629,3.12548378675195e-11,0.999995539344469,0.999999999942431
"Rbm11",2.04918342637761e-13,-0.719954249460475,3.12179320697383e-11,0.999995541978824,0.999999999942431
"Nr1h2",2.0387672550675e-13,-0.721117598316282,3.0901371933992e-11,0.999995564639319,0.999999999942431
"Oat",2.03754071228613e-13,-0.721254972444022,3.08642019691338e-11,0.999995567307677,0.999999999942431
"Zfp639",2.03701589362863e-13,-0.721313777615292,3.08483043501717e-11,0.999995568449426,0.999999999942431
"Gpm6b",2.03361361286828e-13,-0.721695360959351,3.07453430098462e-11,0.999995575851125,0.999999999942431
"1190002N15Rik",2.03340946376112e-13,-0.721718277348672,3.07391704318917e-11,0.999995576295254,0.999999999942431
"Adpgk",2.02985298341562e-13,-0.722117868037639,3.06317374205192e-11,0.999995584032416,0.999999999942431
"Dhx36",2.02957476768812e-13,-0.722149156255548,3.06233411010385e-11,0.999995584637677,0.999999999942431
"Chrm2",2.02881054390711e-13,-0.722235122841296,3.06002833849566e-11,0.999995586300255,0.999999999942431
"Actl6b",2.0287388086934e-13,-0.722243193885669,3.05981194775706e-11,0.999995586456315,0.999999999942431
"Prune1",2.02645465523176e-13,-0.722500334904402,3.05292575272195e-11,0.999995591425517,0.999999999942431
"Inpp5b",2.02479013184316e-13,-0.722687900476486,3.0479124855623e-11,0.999995595046705,0.999999999942431
"Dnm2",2.02464229508478e-13,-0.722704566701353,3.04746742506449e-11,0.999995595368326,0.999999999942431
"Tspan12",2.01978164450136e-13,-0.723253196464357,3.03285260285712e-11,0.999995605942725,0.999999999942431
"Dcaf11",2.01749330088865e-13,-0.723511936491161,3.02598425905263e-11,0.999995610921042,0.999999999942431
"2610507B11Rik",2.01704336827697e-13,-0.723562843823547,3.02463472576467e-11,0.999995611899875,0.999999999942431
"B4galt1",2.01698886840704e-13,-0.72356901093608,3.02447127863731e-11,0.99999561201844,0.999999999942431
"Atp8a2",2.01598648618295e-13,-0.723682468113282,3.02146588483576e-11,0.999995614199134,0.999999999942431
"Wrap73",2.01514384421558e-13,-0.72377788772475,3.01894058827891e-11,0.999995616032311,0.999999999942431
"Agps",2.01365815384821e-13,-0.723946221118301,3.01449072473671e-11,0.999995619264447,0.999999999942431
"Cstf2t",2.01206835137417e-13,-0.724126486424871,3.00973266492167e-11,0.999995622723079,0.999999999942431
"Csgalnact1",2.00878837194941e-13,-0.724498842528249,2.9999280130213e-11,0.999995629858711,0.999999999942431
"Btg1",2.00289993078071e-13,-0.725168828070428,2.98236617430274e-11,0.99999564266908,0.999999999942431
"Tmem94",1.9964179380595e-13,-0.725908597122449,2.96309372444249e-11,0.999995656770726,0.999999999942431
"Nuak1",1.99400296031833e-13,-0.726184816469482,2.95592941558323e-11,0.999995662024537,0.999999999942431
"Htatip2",1.99108287136979e-13,-0.726519250105732,2.94727821817129e-11,0.999995668377223,0.999999999942431
"Rasgrf2",1.98924822023143e-13,-0.726729617551412,2.94184927674989e-11,0.999995672368527,0.999999999942431
"Diras2",1.9873326911924e-13,-0.72694946297043,2.93618634893747e-11,0.999995676535781,0.999999999942431
"Mzt1",1.98562059255481e-13,-0.727146137566026,2.93112944502033e-11,0.999995680260471,0.999999999942431
"Slc35a1",1.98178650523818e-13,-0.72758717939417,2.9198207829367e-11,0.99999568860157,0.999999999942431
"Ncam1",1.98087447590583e-13,-0.727692215599622,2.91713396532331e-11,0.9999956905857,0.999999999942431
"Commd4",1.98034162798733e-13,-0.727753604471073,2.91556477987728e-11,0.999995691744916,0.999999999942431
"Dnmt1",1.97886436989823e-13,-0.727923883089519,2.91121660565172e-11,0.999995694958708,0.999999999942431
"Slc35f5",1.97822357045919e-13,-0.727997784884673,2.90933148007116e-11,0.999995696352774,0.999999999942431
"Naa15",1.97806041157147e-13,-0.728016605360757,2.9088515912254e-11,0.999995696707728,0.999999999942431
"Sipa1l1",1.97552031097741e-13,-0.72830980506692,2.90138565994084e-11,0.999995702233745,0.999999999942431
"Sdhaf4",1.97504271789865e-13,-0.728364974376723,2.89998297710922e-11,0.999995703272754,0.999999999942431
"Mfap3l",1.97334212151947e-13,-0.728561526148674,2.89499110801883e-11,0.99999570697242,0.999999999942431
"Cers5",1.97202505906551e-13,-0.728713864575688,2.89112800527569e-11,0.999995709837704,0.999999999942431
"Me1",1.97122568933683e-13,-0.728806372844357,2.88878461537317e-11,0.999995711576742,0.999999999942431
"Npat",1.96033635094138e-13,-0.730070255121901,2.8569566344395e-11,0.999995735266618,0.999999999942431
"Coa5",1.96017058457251e-13,-0.730089548409411,2.8564734854087e-11,0.999995735627244,0.999999999942431
"Tiparp",1.95677684937186e-13,-0.730484893933254,2.84659095502496e-11,0.999995743010353,0.999999999942431
"Rab11fip4",1.95505200057724e-13,-0.73068608549557,2.84157477243238e-11,0.99999574676278,0.999999999942431
"Ncbp1",1.95183855226743e-13,-0.731061378986759,2.83224126182378e-11,0.999995753753673,0.999999999942431
"Tcf20",1.94716565935011e-13,-0.731608207174797,2.81869616870092e-11,0.999995763919603,0.999999999942431
"Etfrf1",1.94607470944764e-13,-0.731736057890214,2.8155385587095e-11,0.999995766292976,0.999999999942431
"Diablo",1.9440828908286e-13,-0.731969665706218,2.80977806846212e-11,0.9999957706262,0.999999999942431
"Nop56",1.94343640095943e-13,-0.732045539147414,2.80790963884523e-11,0.999995772032645,0.999999999942431
"Smpd1",1.94073659031517e-13,-0.732362663928091,2.80011359395422e-11,0.999995777906113,0.999999999942431
"Dopey2",1.93769663360238e-13,-0.732720263950962,2.79134830616223e-11,0.999995784519573,0.999999999942431
"Atp6v0a2",1.93672223067561e-13,-0.732835003221661,2.78854166033432e-11,0.999995786639397,0.999999999942431
"Ankrd55",1.93658699792876e-13,-0.73285093183693,2.78815225087045e-11,0.999995786933597,0.999999999942431
"Abcf1",1.93592356606007e-13,-0.732929091160305,2.78624225951102e-11,0.999995788376901,0.999999999942431
"Gnpat",1.93312694141422e-13,-0.733258853824898,2.77819809318637e-11,0.999995794460989,0.999999999942431
"Mad2l1",1.93311912223606e-13,-0.733259776478822,2.77817561852994e-11,0.999995794477999,0.999999999942431
"Ttc7b",1.93178179111304e-13,-0.733417634153731,2.77433306631321e-11,0.999995797387378,0.999999999942431
"Id4",1.93173323354205e-13,-0.733423367884051,2.77419359592136e-11,0.999995797493015,0.999999999942431
"Ext1",1.93134525650686e-13,-0.733469185735072,2.77307934753429e-11,0.999995798337064,0.999999999942431
"Rundc3a",1.92914073441465e-13,-0.733729699491756,2.76675233203885e-11,0.999995803133026,0.999999999942431
"Aagab",1.92837542052365e-13,-0.733820207145173,2.76455755801453e-11,0.999995804797975,0.999999999942431
"Atp5f1",1.92786569507653e-13,-0.733880508015732,2.76309624598911e-11,0.999995805906888,0.999999999942431
"Wasl",1.92752251247315e-13,-0.733921115608914,2.76211260675944e-11,0.999995806653486,0.999999999942431
"Trmt10c",1.92720917715246e-13,-0.733958197703926,2.76121466954808e-11,0.99999580733515,0.999999999942431
"Hdac4",1.92698499288646e-13,-0.733984732744304,2.76057230556681e-11,0.999995807822865,0.999999999942431
"Kmt5a",1.92571846284392e-13,-0.734134699773273,2.75694467092736e-11,0.999995810578216,0.999999999942431
"Msn",1.92511739302277e-13,-0.734205905156415,2.75522390264643e-11,0.99999581188585,0.999999999942431
"Tmem150c",1.92418742862862e-13,-0.734316116047332,2.75256261948257e-11,0.999995813908997,0.999999999942431
"Afg3l2",1.92315183651367e-13,-0.734438906793805,2.74960057428036e-11,0.999995816161939,0.999999999942431
"Prpf38b",1.92305084954002e-13,-0.734450884365294,2.74931181231683e-11,0.999995816381638,0.999999999942431
"6330403K07Rik",1.92063686675014e-13,-0.734737379815571,2.74241378790108e-11,0.999995821633284,0.999999999942431
"Ap5m1",1.91720057596513e-13,-0.735145817471266,2.73260943477472e-11,0.999995829108972,0.999999999942431
"Dhx15",1.91526354610059e-13,-0.735376371150415,2.72709047947759e-11,0.999995833323002,0.999999999942431
"Ncaph2",1.91401351845172e-13,-0.735525276939506,2.72353188195937e-11,0.999995836042451,0.999999999942431
"Asna1",1.91303987723409e-13,-0.735641325469031,2.72076171506812e-11,0.999995838160619,0.999999999942431
"Htr1d",1.90653263775266e-13,-0.73641842337151,2.70228375554088e-11,0.99999585231719,0.999999999942431
"Gk",1.90599947303101e-13,-0.736482210046476,2.70077257143404e-11,0.999995853477096,0.999999999942431
"Impad1",1.90375065085961e-13,-0.736751448008997,2.69440323677739e-11,0.999995858369433,0.999999999942431
"Pla2g15",1.90208386871664e-13,-0.736951204237701,2.68968726495203e-11,0.999995861995536,0.999999999942431
"Lhfpl5",1.89970989280748e-13,-0.737236012581682,2.68297749974845e-11,0.999995867160147,0.999999999942431
"Rnd2",1.89684625808138e-13,-0.737580033129018,2.67489492165128e-11,0.999995873390016,0.999999999942431
"Fam114a2",1.89634554650126e-13,-0.737640238321299,2.67348292098694e-11,0.999995874479319,0.999999999942431
"Cib2",1.892849646271e-13,-0.73806102004667,2.66363491124978e-11,0.999995882084689,0.999999999942431
"Vstm2a",1.89179879574288e-13,-0.738187654769403,2.66067819973539e-11,0.999995884370826,0.999999999942431
"Cpsf2",1.88920392524077e-13,-0.738500651852506,2.65338421011595e-11,0.999995890015995,0.999999999942431
"Tmem41b",1.88358879701081e-13,-0.739179410446273,2.63763477121242e-11,0.999995902231769,0.999999999942431
"Serinc5",1.88167085084259e-13,-0.739411709612124,2.632266013496e-11,0.999995906404282,0.999999999942431
"Cox6c",1.87877219736021e-13,-0.739763234201025,2.62416241754838e-11,0.999995912710335,0.999999999942431
"Lsm1",1.87772651113661e-13,-0.739890177595105,2.62124212007840e-11,0.999995914985237,0.999999999942431
"Cygb",1.87547581707245e-13,-0.740163642216386,2.61496210184735e-11,0.999995919881646,0.999999999942431
"Tlx3",1.87506988941714e-13,-0.740212997821309,2.61383026047547e-11,0.999995920764746,0.999999999942431
"Plppr2",1.87289911247417e-13,-0.740477115440718,2.60778167736728e-11,0.999995925487296,0.999999999942431
"Atp5j2",1.87255521961366e-13,-0.740518984450203,2.60682410825767e-11,0.999995926235438,0.999999999942431
"Acox3",1.87201733438689e-13,-0.740584487265838,2.60532672032775e-11,0.999995927405614,0.999999999942431
"Itpr3",1.87167843732038e-13,-0.740625767146741,2.60438350506349e-11,0.999995928142888,0.999999999942431
"Colgalt2",1.86963960929416e-13,-0.7408742653856,2.59871266125684e-11,0.999995932578381,0.999999999942431
"Zfp518b",1.86752697708152e-13,-0.741132041121537,2.59284305706031e-11,0.999995937174435,0.999999999942431
"Trappc12",1.86606455154965e-13,-0.741310649449461,2.58878383299152e-11,0.999995940355958,0.999999999942431
"Ccser2",1.86463124019752e-13,-0.741485835986096,2.58480850616222e-11,0.999995943474143,0.999999999942431
"Ift46",1.86201364139179e-13,-0.741806115037954,2.57755640997289e-11,0.999995949168758,0.999999999942431
"Ppil4",1.86132757433548e-13,-0.741890132919218,2.57565733607103e-11,0.999995950661305,0.999999999942431
"Plrg1",1.85907697454352e-13,-0.74216596282431,2.56943245722853e-11,0.999995955557509,0.999999999942431
"Prss12",1.85358978227087e-13,-0.742839846657396,2.55428713179841e-11,0.999995967494957,0.999999999942431
"Uck1",1.85126534058776e-13,-0.743125905370641,2.54788488596111e-11,0.999995972551805,0.999999999942431
"Hs6st2",1.85126425996188e-13,-0.743126038440807,2.54788191144474e-11,0.999995972554156,0.999999999942431
"Galnt18",1.85046991371717e-13,-0.743223876357314,2.54569587430101e-11,0.999995974282265,0.999999999942431
"Sh3kbp1",1.84993614593624e-13,-0.743289642650118,2.54422747489245e-11,0.999995975443483,0.999999999942431
"Rcbtb1",1.84901475803857e-13,-0.743403212208808,2.54169372623016e-11,0.999995977447972,0.999999999942431
"Wapl",1.84349276503109e-13,-0.744085020317986,2.52653510493995e-11,0.999995989461129,0.999999999942431
"Spsb1",1.84340025046753e-13,-0.744096460361844,2.52628152604676e-11,0.999995989662396,0.999999999942431
"Rchy1",1.84176899114769e-13,-0.744298269519823,2.52181239689379e-11,0.999995993211218,0.999999999942431
"Gstm1",1.8410293880722e-13,-0.744389826640902,2.51978742446851e-11,0.999995994820233,0.999999999942431
"Platr4",1.8396793799719e-13,-0.744557040719802,2.51609331048222e-11,0.999995997757191,0.999999999942431
"L1cam",1.83927041808339e-13,-0.744607719245446,2.51497477655616e-11,0.999995998646892,0.999999999942431
"Sppl3",1.8320397351724e-13,-0.745505584433502,2.49523951648125e-11,0.999996014377322,0.999999999942431
"Cpne3",1.82757815837398e-13,-0.746061342493075,2.48310097302874e-11,0.999996024083532,0.999999999942431
"Dnajc10",1.82450157242002e-13,-0.746445358459859,2.47474779446775e-11,0.999996030776679,0.999999999942431
"Cipc",1.82397099673698e-13,-0.746511648857469,2.47330866160948e-11,0.999996031930952,0.999999999942431
"Rnf170",1.82160815865858e-13,-0.74680709411574,2.46690478499845e-11,0.999996037071332,0.999999999942431
"Grpel2",1.81706195316158e-13,-0.747376608360284,2.4546067929438e-11,0.999996046961652,0.999999999942431
"Dbn1",1.81461466114156e-13,-0.747683768580702,2.44799931951366e-11,0.999996052285763,0.999999999942431
"Atp8b2",1.81460770617368e-13,-0.747684642082324,2.44798055440131e-11,0.999996052300894,0.999999999942431
"Nudt16",1.81217267535461e-13,-0.747990670205564,2.44141504871263e-11,0.99999605759833,0.999999999942431
"Map3k2",1.81079655065166e-13,-0.748163797219301,2.43770854108689e-11,0.999996060592105,0.999999999942431
"1700020I14Rik",1.80742916255792e-13,-0.748587988108926,2.42865056250258e-11,0.999996067917895,0.999999999942431
"Mrps18a",1.80606143697916e-13,-0.748760503476463,2.42497631540176e-11,0.999996070893397,0.999999999942431
"Cbll1",1.80030905094012e-13,-0.74948748231153,2.40955360066252e-11,0.999996083407776,0.999999999942431
"Zswim8",1.80021714588141e-13,-0.749499115728488,2.40930759344222e-11,0.999996083607717,0.999999999942431
"Haghl",1.80010402500523e-13,-0.749513435464842,2.40900481394293e-11,0.999996083853812,0.999999999942431
"Nudt9",1.79791073146884e-13,-0.749791255445629,2.40313800208861e-11,0.999996088625347,0.999999999942431
"Mtx2",1.79788450719794e-13,-0.749794579241312,2.4030678984052e-11,0.999996088682398,0.999999999942431
"Gm3550",1.7966819676465e-13,-0.749947046515319,2.39985432406792e-11,0.999996091298536,0.999999999942431
"Lgr4",1.79267921380788e-13,-0.750455272478285,2.38917316196422e-11,0.999996100006571,0.999999999942431
"Entpd3",1.79200845557035e-13,-0.750540547476374,2.38738560537712e-11,0.999996101465813,0.999999999942431
"Hmgn3",1.79112075280303e-13,-0.750653451517603,2.38502092468763e-11,0.99999610339702,0.999999999942431
"Sfxn3",1.79023609955033e-13,-0.750766022602853,2.38266553300277e-11,0.999996105321593,0.999999999942431
"Ccdc136",1.78509332419719e-13,-0.751421522903211,2.36899592443038e-11,0.999996116509758,0.999999999942431
"Slc25a19",1.7822960433027e-13,-0.751778847763316,2.36157720315809e-11,0.999996122595273,0.999999999942431
"Vdac3",1.77902181368119e-13,-0.75219780117185,2.3529083363085e-11,0.999996129718396,0.999999999942431
"Arfgap2",1.77555289521407e-13,-0.752642496184215,2.34374140027673e-11,0.999996137265066,0.999999999942431
"Fam13c",1.77494437341221e-13,-0.752720593418833,2.34213517007606e-11,0.999996138588912,0.999999999942431
"Hnrnpf",1.77388798154409e-13,-0.752856232680017,2.33934806722658e-11,0.999996140887104,0.999999999942431
"Elavl1",1.77339913303842e-13,-0.752919027112561,2.33805888860446e-11,0.9999961419506,0.999999999942431
"Ndufa6",1.77334981261733e-13,-0.752925363454284,2.33792884179969e-11,0.999996142057897,0.999999999942431
"Rpl22",1.76675936589331e-13,-0.753773624547228,2.32058385508313e-11,0.999996156395487,0.999999999942431
"Eprs",1.76650661905854e-13,-0.753806217857913,2.31991995225327e-11,0.99999615694534,0.999999999942431
"Mrps30",1.76409953760432e-13,-0.754116856928197,2.3136019100456e-11,0.999996162181972,0.999999999942431
"Rpf2",1.76303698147813e-13,-0.754254115077266,2.31081568231085e-11,0.999996164493575,0.999999999942431
"Oprl1",1.76301698355856e-13,-0.754256699136767,2.31076325999122e-11,0.999996164537081,0.999999999942431
"Pim1",1.76084494484793e-13,-0.75453753437038,2.3050730419722e-11,0.999996169262375,0.999999999942431
"Pbdc1",1.7601907477622e-13,-0.754622186163399,2.30336057779806e-11,0.999996170685588,0.999999999942431
"Aak1",1.75880082861389e-13,-0.754802141933929,2.29972435716188e-11,0.999996173709372,0.999999999942431
"Nsfl1c",1.75816719903156e-13,-0.75488422583214,2.29806764779729e-11,0.999996175087841,0.999999999942431
"Slc2a8",1.75769733770453e-13,-0.754945113116372,2.29683951792064e-11,0.999996176110029,0.999999999942431
"Letmd1",1.7515227939956e-13,-0.755746739895786,2.28073091251042e-11,0.999996189542817,0.999999999942431
"Bhmt2",1.74624287085228e-13,-0.756434433263623,2.26700122119912e-11,0.999996201029348,0.999999999942431
"Cdkn1a",1.74525459370919e-13,-0.756563381004343,2.26443595201576e-11,0.999996203179356,0.999999999942431
"Rcan1",1.74497034562504e-13,-0.756600482260749,2.26369839869023e-11,0.999996203797741,0.999999999942431
"Fut8",1.74420479804215e-13,-0.756700434397508,2.26171258993342e-11,0.999996205463198,0.999999999942431
"Afdn",1.7433982764401e-13,-0.756805783022946,2.25962143833675e-11,0.999996207217795,0.999999999942431
"Trappc11",1.74267436100061e-13,-0.756900382482552,2.25774529189867e-11,0.999996208792681,0.999999999942431
"Hsdl2",1.74226429773862e-13,-0.756953985716016,2.25668289091988e-11,0.999996209684778,0.999999999942431
"Ctnna2",1.73899864909918e-13,-0.757381313954237,2.24823109998979e-11,0.999996216789233,0.999999999942431
"Kpna4",1.7352193032632e-13,-0.757876851142824,2.23846960902502e-11,0.999996225011241,0.999999999942431
"Lrrn2",1.73394097451238e-13,-0.758044702885523,2.23517268162666e-11,0.999996227792259,0.999999999942431
"Pcdh7",1.73371460933936e-13,-0.758074438619187,2.23458911825113e-11,0.999996228284719,0.999999999942431
"Cdk11b",1.73346241615298e-13,-0.758107571675355,2.23393906067079e-11,0.999996228833368,0.999999999942431
"Ccdc34",1.73337795957241e-13,-0.758118668614912,2.23372138504497e-11,0.999996229017105,0.999999999942431
"Eya3",1.7317322033115e-13,-0.758335014697488,2.2294817836722e-11,0.999996232597466,0.999999999942431
"Ext2",1.72641000295783e-13,-0.759036045320922,2.21579893481148e-11,0.999996244175971,0.999999999942431
"Kat5",1.72024893266788e-13,-0.759850236411749,2.2000120319995e-11,0.999996257579448,0.999999999942431
"Qk",1.71583112355615e-13,-0.760435825852767,2.18872674307613e-11,0.99999626719044,0.999999999942431
"Gas2l1",1.71437703840734e-13,-0.760628892968591,2.18501863164329e-11,0.999996270353819,0.999999999942431
"Snx4",1.71420387821706e-13,-0.760651895184934,2.18457725949987e-11,0.99999627073053,0.999999999942431
"H2-D1",1.71267461052477e-13,-0.760855139237673,2.18068120807262e-11,0.999996274057469,0.999999999942431
"Podxl2",1.71228173706115e-13,-0.760907382134717,2.17968086216873e-11,0.99999627491217,0.999999999942431
"Mrps34",1.71058645132702e-13,-0.761132950737938,2.17536690782491e-11,0.999996278600283,0.999999999942431
"Tm2d1",1.71001310073073e-13,-0.761209288581227,2.17390888284421e-11,0.999996279847613,0.999999999942431
"Zfp280b",1.70971608327985e-13,-0.761248844415815,2.17315376254868e-11,0.999996280493778,0.999999999942431
"Kcnmb4",1.70451950642393e-13,-0.761942006361737,2.15996350420386e-11,0.999996291798988,0.999999999942431
"Polr3gl",1.70448002484617e-13,-0.761947280709133,2.15986344341948e-11,0.999996291884881,0.999999999942431
"Bcr",1.70183390082452e-13,-0.762301051512273,2.15316247876354e-11,0.999996297641553,0.999999999942431
"Dnajc3",1.70068793340316e-13,-0.762454428768353,2.15026369610908e-11,0.999996300134618,0.999999999942431
"Ubfd1",1.70054517986819e-13,-0.762473542160263,2.14990273057874e-11,0.99999630044518,0.999999999942431
"Mia2",1.69993071602921e-13,-0.762555831309147,2.14834934777728e-11,0.999996301781952,0.999999999942431
"Unc50",1.69881679104148e-13,-0.762705083220594,2.14553474371494e-11,0.999996304205308,0.999999999942431
"Utp15",1.69428726195397e-13,-0.763312978618724,2.1341087838883e-11,0.999996314059349,0.999999999942431
"Gripap1",1.69405398878234e-13,-0.763344328928092,2.13352116682405e-11,0.999996314566837,0.999999999942431
"Asb6",1.69292864584243e-13,-0.763495627097887,2.13068755521894e-11,0.999996317015033,0.999999999942431
"Srgap3",1.69170324930822e-13,-0.763660489922421,2.12760415036114e-11,0.999996319680897,0.999999999942431
"Rnf123",1.69025119869643e-13,-0.763855998908164,2.12395331734199e-11,0.999996322839849,0.999999999942431
"Aimp1",1.68950195133864e-13,-0.763956944876624,2.12207074071048e-11,0.999996324469845,0.999999999942431
"Bcl7c",1.68799725636414e-13,-0.764159805574859,2.11829252988373e-11,0.999996327743326,0.999999999942431
"Ap1s1",1.68452925662413e-13,-0.764628035902017,2.10959738364233e-11,0.999996335287997,0.999999999942431
"Fam104a",1.68399093804985e-13,-0.76470080193265,2.10824928713875e-11,0.999996336459115,0.999999999942431
"Kctd1",1.68239203022904e-13,-0.764917066089659,2.10424772643447e-11,0.999996339937557,0.999999999942431
"Dpm2",1.68212968222982e-13,-0.764952569957221,2.10359151536272e-11,0.999996340508298,0.999999999942431
"Ppm1f",1.68193166529094e-13,-0.76497937144149,2.10309628334894e-11,0.999996340939086,0.999999999942431
"Clasp1",1.68026440867941e-13,-0.765205157166569,2.09892885686934e-11,0.999996344566221,0.999999999942431
"Bola3",1.67960003372452e-13,-0.765295190704126,2.09726935605484e-11,0.999996346011576,0.999999999942431
"Cog6",1.6793088215983e-13,-0.765334665720431,2.09654216230673e-11,0.999996346645112,0.999999999942431
"Noc3l",1.67875984375052e-13,-0.765409100312096,2.09517163764612e-11,0.999996347839419,0.999999999942431
"Epm2a",1.67658488642571e-13,-0.765704233652056,2.08974625531877e-11,0.999996352571063,0.999999999942431
"Ptdss2",1.67612473030051e-13,-0.765766723448183,2.08859930763314e-11,0.999996353572137,0.999999999942431
"Abhd6",1.6760326842607e-13,-0.765779225449467,2.08836991895719e-11,0.999996353772385,0.999999999942431
"Ipo13",1.67209800302327e-13,-0.766314280993924,2.07857604709378e-11,0.999996362332327,0.999999999942431
"Camkk1",1.66989015476035e-13,-0.766615058062163,2.07309054239746e-11,0.999996367135525,0.999999999942431
"Lamc1",1.6678166273188e-13,-0.766897893747069,2.06794536408479e-11,0.999996371646507,0.999999999942431
"Chodl",1.66759613674302e-13,-0.766927989748808,2.06739862253452e-11,0.999996372126187,0.999999999942431
"2610001J05Rik",1.66682687119059e-13,-0.767033021873279,2.06549167194143e-11,0.999996373799732,0.999999999942431
"Rnf19a",1.6666555660733e-13,-0.767056417624774,2.06506713941542e-11,0.999996374172409,0.999999999942431
"Osbpl9",1.66420850051461e-13,-0.767390881196594,2.05900752519844e-11,0.999996379496027,0.999999999942431
"Cops4",1.66269052244827e-13,-0.767598601385452,2.05525306436818e-11,0.999996382798405,0.999999999942431
"Rsrc1",1.6602742461428e-13,-0.767929630760532,2.04928388273851e-11,0.999996388055041,0.999999999942431
"Fam102a",1.66013091985717e-13,-0.767949281354242,2.04893008146745e-11,0.999996388366849,0.999999999942431
"Nup153",1.65987552743631e-13,-0.767984300799216,2.0482997203833e-11,0.999996388922458,0.999999999942431
"Zfp687",1.65940567002659e-13,-0.768048741593908,2.0471402688804e-11,0.999996389944638,0.999999999942431
"Ece2",1.6577425336849e-13,-0.768276984848755,2.04303883994679e-11,0.999996393562809,0.999999999942431
"Cyth3",1.65712100513627e-13,-0.768362339300464,2.04150715586652e-11,0.999996394914951,0.999999999942431
"Lemd2",1.65646678664115e-13,-0.768452217164714,2.03989553173704e-11,0.999996396338211,0.999999999942431
"Lrrc40",1.65571599599631e-13,-0.768555405447542,2.03804679270843e-11,0.999996397971564,0.999999999942431
"Rps6ka5",1.65281711026993e-13,-0.768954260254787,2.03091647235434e-11,0.999996404278122,0.999999999942431
"Rabgef1",1.6523184869723e-13,-0.769022934855948,2.02969127990934e-11,0.999996405362883,0.999999999942431
"Ufl1",1.64998131811568e-13,-0.769345102036376,2.02395343174921e-11,0.999996410447419,0.999999999942431
"Phb",1.64913239372376e-13,-0.769462233479881,2.0218712973516e-11,0.999996412294264,0.999999999942431
"Pde3b",1.64898284167833e-13,-0.769482874276196,2.02150460601889e-11,0.999996412619616,0.999999999942431
"Hebp2",1.64822715834083e-13,-0.769587200020327,2.01965223099543e-11,0.999996414263613,0.999999999942431
"Tbc1d12",1.64774317464864e-13,-0.769654041090467,2.01846630801652e-11,0.999996415316525,0.999999999942431
"Cherp",1.64373360297662e-13,-0.770208532790398,2.00865490222259e-11,0.999996424039392,0.999999999942431
"Gtf2e1",1.64229929400608e-13,-0.770407210165671,2.00515095881354e-11,0.999996427159748,0.999999999942431
"Ctnnbl1",1.63904882273618e-13,-0.77085809233404,1.99722154467929e-11,0.999996434231184,0.999999999942431
"Zfyve1",1.6384935509271e-13,-0.77093520383331,1.99586854902356e-11,0.999996435439184,0.999999999942431
"Arid1a",1.63714719341196e-13,-0.771122281721695,1.99258986831591e-11,0.999996438368199,0.999999999942431
"Zdhhc3",1.63674205450615e-13,-0.771178605919511,1.99160379229852e-11,0.999996439249583,0.999999999942431
"Arfrp1",1.63659599150325e-13,-0.771198915613879,1.99124834636893e-11,0.999996439567345,0.999999999942431
"Egln2",1.63566575968242e-13,-0.771328303967388,1.98898536129529e-11,0.999996441591075,0.999999999942431
"Cenpv",1.63434470034116e-13,-0.771512178269892,1.98577381689883e-11,0.999996444465054,0.999999999942431
"Gda",1.63371142473948e-13,-0.771600373977158,1.98423522045423e-11,0.999996445842752,0.999999999942431
"Hcfc1r1",1.63350337910505e-13,-0.771629355656338,1.98372988617767e-11,0.999996446295358,0.999999999942431
"Fermt2",1.63100106924222e-13,-0.771978223933416,1.97765692067254e-11,0.99999645173916,0.999999999942431
"Fbxl20",1.62748169588574e-13,-0.772469783798337,1.9691313544524e-11,0.999996459395596,0.999999999942431
"Axin1",1.62598391361221e-13,-0.772679300889021,1.96550861276461e-11,0.999996462654038,0.999999999942431
"Purg",1.622053306462e-13,-0.77323003965331,1.95601736962385e-11,0.999996471205117,0.999999999942431
"Abcb10",1.61837952599594e-13,-0.773745984036331,1.94716705547964e-11,0.999996479197467,0.999999999942431
"Actr6",1.6183567327063e-13,-0.773749188720826,1.9471122079863e-11,0.999996479247054,0.999999999942431
"Kcnc1",1.61797909386807e-13,-0.773802290357117,1.94620360806317e-11,0.999996480068612,0.999999999942431
"Gpx1",1.61557486874675e-13,-0.774140646988196,1.94042400908532e-11,0.99999648529903,0.999999999942431
"Mrpl11",1.61540481395375e-13,-0.774164598305224,1.9400155340058e-11,0.999996485668986,0.999999999942431
"Serpina3g",1.61258393140618e-13,-0.774562267740444,1.9332459890349e-11,0.999996491805847,0.999999999942431
"Aurkaip1",1.61115484847206e-13,-0.774763992269878,1.92982099563856e-11,0.999996494914833,0.999999999942431
"Creld1",1.60985422390746e-13,-0.774947737454041,1.92670650978829e-11,0.999996497744356,0.999999999942431
"Asrgl1",1.60782332619167e-13,-0.77523494459054,1.92184833614576e-11,0.999996502162596,0.999999999942431
"Srpr",1.60740961222757e-13,-0.775293495379844,1.92085942998132e-11,0.999996503062636,0.999999999942431
"Snip1",1.60637827742672e-13,-0.775439519552891,1.91839532421857e-11,0.999996505306316,0.999999999942431
"Flii",1.60584280220476e-13,-0.775515372640925,1.91711656944136e-11,0.999996506471248,0.999999999942431
"Prokr1",1.60449613419335e-13,-0.775706246048112,1.9139025100913e-11,0.999996509400939,0.999999999942431
"Gm10419",1.602829796716e-13,-0.775942647387662,1.90992923605364e-11,0.999996513026075,0.999999999942431
"Grk2",1.60035227205703e-13,-0.776294579264592,1.9040293710808e-11,0.999996518415957,0.999999999942431
"Sugt1",1.59975927842178e-13,-0.776378893565304,1.90261859654787e-11,0.999996519706021,0.999999999942431
"Nsmf",1.59878765495503e-13,-0.776517109663014,1.90030816458021e-11,0.999996521819799,0.999999999942431
"Cnnm1",1.59728568909004e-13,-0.776730931469689,1.89673938881099e-11,0.999996525087342,0.999999999942431
"Mapkapk2",1.59169658849014e-13,-0.777528348259985,1.88348875981706e-11,0.999996537246492,0.999999999942431
"Aprt",1.59157119089115e-13,-0.777546270828586,1.88319200016285e-11,0.999996537519296,0.999999999942431
"Gabra1",1.5899183775849e-13,-0.77778263091385,1.87928272026728e-11,0.99999654111501,0.999999999942431
"Inpp5k",1.58851788819564e-13,-0.777983097180254,1.87597342291370e-11,0.99999654416179,0.999999999942431
"6330408A02Rik",1.58784282609931e-13,-0.778079787923252,1.8743793212994e-11,0.999996545630395,0.999999999942431
"Fech",1.58679355050582e-13,-0.778230158642401,1.8719028914999e-11,0.999996547913106,0.999999999942431
"Pdcd6",1.5867018852799e-13,-0.778243299757705,1.87168662714054e-11,0.999996548112524,0.999999999942431
"Cnep1r1",1.5848663367529e-13,-0.778506601452078,1.86735867559198e-11,0.99999655210578,0.999999999942431
"Rgs3",1.58432125413928e-13,-0.778584849157423,1.86607441623596e-11,0.999996553291614,0.999999999942431
"Fam160b1",1.58251820900794e-13,-0.778843869162507,1.8618294415221e-11,0.999996557214158,0.999999999942431
"Socs4",1.58217305845404e-13,-0.778893485626477,1.86101739224281e-11,0.999996557965037,0.999999999942431
"Snrpb",1.57908150833234e-13,-0.77933838206296,1.85375167950141e-11,0.999996564690739,0.999999999942431
"2900026A02Rik",1.57172868082682e-13,-0.780399966972703,1.83652827184815e-11,0.999996580686896,0.999999999942431
"Keap1",1.5701815455614e-13,-0.780623962404036,1.83291446847228e-11,0.999996584052706,0.999999999942431
"Zfp426",1.56808596555197e-13,-0.780927709336852,1.82802528123297e-11,0.999996588611663,0.999999999942431
"Pcdh10",1.56798959805497e-13,-0.780941687089799,1.82780060374511e-11,0.999996588821312,0.999999999942431
"Dlg4",1.56689642199258e-13,-0.78110030760854,1.82525286829374e-11,0.999996591199528,0.999999999942431
"Pigq",1.56443100429751e-13,-0.781458442135552,1.81951353491132e-11,0.999996596563072,0.999999999942431
"Gpr137b",1.56426578822881e-13,-0.781482461846121,1.81912924567282e-11,0.999996596922501,0.999999999942431
"BC003965",1.56228603068504e-13,-0.781770480900959,1.81452752662977e-11,0.999996601229486,0.999999999942431
"Sdhaf2",1.56147901201905e-13,-0.781887990837069,1.81265337639231e-11,0.999996602985164,0.999999999942431
"Hapln4",1.56076105238241e-13,-0.781992583238321,1.81098686309517e-11,0.999996604547093,0.999999999942431
"Ppp6r1",1.56015078113443e-13,-0.78208152489498,1.80957091650782e-11,0.999996605874745,0.999999999942431
"Bicdl1",1.55796856540835e-13,-0.782399844486094,1.80451228695416e-11,0.999996610622179,0.999999999942431
"Trim46",1.55718289701562e-13,-0.782514557497092,1.8026927498707e-11,0.999996612331409,0.999999999942431
"Zfp384",1.55664362017536e-13,-0.782593328672812,1.8014443645763e-11,0.999996613504612,0.999999999942431
"Arhgef28",1.55549958250728e-13,-0.782760525274618,1.79879743517219e-11,0.999996615993479,0.999999999942431
"Fndc3b",1.55538997405668e-13,-0.782776550482405,1.79854393918227e-11,0.999996616231933,0.999999999942431
"Mrpl33",1.55505399020779e-13,-0.78282567964621,1.79776700676155e-11,0.99999661696287,0.999999999942431
"Siah1a",1.55305675065644e-13,-0.783117941757069,1.79315203440618e-11,0.999996621307886,0.999999999942431
"Nrcam",1.55293842368438e-13,-0.783135268527258,1.79287880528215e-11,0.999996621565308,0.999999999942431
"B3glct",1.55272731624239e-13,-0.783166184493737,1.7923913882326e-11,0.999996622024574,0.999999999942431
"Frmpd1",1.55181885948821e-13,-0.783299272202095,1.79029464696103e-11,0.999996624000932,0.999999999942431
"U2af1",1.55117019441031e-13,-0.783394347791668,1.78879826238533e-11,0.99999662541211,0.999999999942431
"Pcsk1",1.5473797020569e-13,-0.783950709685518,1.78006660712329e-11,0.999996633658368,0.999999999942431
"Mcoln1",1.5465910140413e-13,-0.784066640819701,1.7782524959326e-11,0.999996635374168,0.999999999942431
"Hp1bp3",1.54551767914585e-13,-0.784224506557328,1.77578513625721e-11,0.99999663770922,0.999999999942431
"Sf3a1",1.54079059837488e-13,-0.784921052862861,1.76493900667932e-11,0.999996647993036,0.999999999942431
"Actr3b",1.53588050393435e-13,-0.78564680118558,1.75370813720908e-11,0.999996658675001,0.999999999942431
"Fscn1",1.52983936259116e-13,-0.786542871899856,1.73993940583387e-11,0.99999667181757,0.999999999942431
"Gm16551",1.52914184003822e-13,-0.786646558650655,1.73835313432344e-11,0.999996673335038,0.999999999942431
"Ttf2",1.52874565787521e-13,-0.786705471910393,1.73745247845321e-11,0.999996674196937,0.999999999942431
"Upf2",1.5273072338328e-13,-0.786919495715697,1.73418441664467e-11,0.999996677326245,0.999999999942431
"Syvn1",1.52637202886194e-13,-0.787058751952254,1.73206130570417e-11,0.999996679360793,0.999999999942431
"Mrpl19",1.52480046373173e-13,-0.787292954662851,1.72849645286491e-11,0.999996682779751,0.999999999942431
"Tagap1",1.52420862914548e-13,-0.787381214590289,1.72715491936286e-11,0.999996684067293,0.999999999942431
"Cmpk2",1.52327198569251e-13,-0.787520964729953,1.72503285908795e-11,0.999996686104971,0.999999999942431
"Slitrk1",1.52221862465324e-13,-0.7876782307567,1.72264792172283e-11,0.99999668839657,0.999999999942431
"Cacul1",1.52165910700916e-13,-0.787761809969259,1.72138177670138e-11,0.999996689613807,0.999999999942431
"Bdnf",1.5210490078156e-13,-0.787852979456504,1.72000170005897e-11,0.999996690941084,0.999999999942431
"Ust",1.52009674985626e-13,-0.787995351137212,1.71784874824915e-11,0.999996693012732,0.999999999942431
"Trmt6",1.51981350932703e-13,-0.788037715276248,1.71720863233849e-11,0.999996693628925,0.999999999942431
"Krt222",1.51750995982139e-13,-0.788382545364948,1.71200710293386e-11,0.999996698640322,0.999999999942431
"Clptm1l",1.51373486452746e-13,-0.788948776179021,1.7034998098437e-11,0.999996706853084,0.999999999942431
"Acyp2",1.51362186041779e-13,-0.788965747248186,1.70324547825838e-11,0.999996707098926,0.999999999942431
"Immt",1.51167705727856e-13,-0.789258015632564,1.69887140149207e-11,0.999996711329866,0.999999999942431
"Ppp6r3",1.50735662870636e-13,-0.789908625984472,1.68917440473727e-11,0.999996720729006,0.999999999942431
"Nsmce3",1.50706647612896e-13,-0.789952385724224,1.68852416560182e-11,0.999996721360236,0.999999999942431
"Ptk7",1.50687720309074e-13,-0.789980935661595,1.6881000674812e-11,0.999996721772002,0.999999999942431
"Dmwd",1.50561327576198e-13,-0.790171677098237,1.68526939091783e-11,0.99999672452169,0.999999999942431
"Hsd17b12",1.50471393088379e-13,-0.790307494933962,1.68325667523192e-11,0.999996726478225,0.999999999942431
"Pigm",1.50342071720245e-13,-0.790502934658243,1.68036459708175e-11,0.999996729291625,0.999999999942431
"Ppp1r7",1.5027507081723e-13,-0.790604256422618,1.67886720042107e-11,0.999996730749237,0.999999999942431
"Car11",1.49998437889882e-13,-0.791023065258881,1.67269182516728e-11,0.999996736767417,0.999999999942431
"Hectd3",1.49997199321841e-13,-0.791024942102802,1.67266420175848e-11,0.999996736794362,0.999999999942431
"Ptbp2",1.49581663955186e-13,-0.791655480971384,1.66340951714073e-11,0.99999674583438,0.999999999942431
"Txndc16",1.49564536464635e-13,-0.791681507498168,1.66302860949547e-11,0.999996746206991,0.999999999942431
"BC029722",1.49344043382491e-13,-0.792016826216565,1.65812883817525e-11,0.999996751003842,0.999999999942431
"Slain2",1.49267804864349e-13,-0.792132880856488,1.6564363566227e-11,0.999996752662419,0.999999999942431
"Cmtm4",1.49221365347028e-13,-0.792203602396556,1.65540583113454e-11,0.999996753672716,0.999999999942431
"Ncor2",1.4892916386188e-13,-0.792649086949233,1.64892903144916e-11,0.999996760029592,0.999999999942431
"Serf1",1.48908207014829e-13,-0.79268107045294,1.64846499980777e-11,0.99999676048551,0.999999999942431
"Slc35a5",1.48847762560646e-13,-0.792773343233536,1.6471269896843e-11,0.999996761800486,0.999999999942431
"Top2b",1.4880071866976e-13,-0.792845184666851,1.6460859929508e-11,0.999996762823931,0.999999999942431
"Akirin2",1.48743101286473e-13,-0.792933203555966,1.64481147215232e-11,0.999996764077404,0.999999999942431
"Vps4a",1.48698312676932e-13,-0.793001647863264,1.64382107022032e-11,0.999996765051785,0.999999999942431
"Camta2",1.48642652174505e-13,-0.793086734530157,1.64259067586379e-11,0.999996766262685,0.999999999942431
"Emc8",1.48596502747975e-13,-0.793157305703857,1.64157087637839e-11,0.999996767266671,0.999999999942431
"Edem1",1.4850649476331e-13,-0.793295007078217,1.63958281159144e-11,0.999996769224805,0.999999999942431
"Zrsr2",1.48363310070808e-13,-0.793514232076808,1.6364226806365e-11,0.999996772339803,0.999999999942431
"Cstf3",1.4823233139454e-13,-0.793714951645622,1.63353460991686e-11,0.999996775189259,0.999999999942431
"Ipo5",1.48156463495319e-13,-0.793831296156051,1.63186289467774e-11,0.999996776839774,0.999999999942431
"Csnk2b",1.47820905670923e-13,-0.794346584361273,1.62447929168035e-11,0.999996784139871,0.999999999942431
"Pdzd11",1.47694909331613e-13,-0.794540364330259,1.62171119587621e-11,0.999996786880935,0.999999999942431
"Ost4",1.4752681647306e-13,-0.794799141876753,1.61802192928225e-11,0.999996790537814,0.999999999942431
"Ppif",1.47526151300209e-13,-0.794800166482161,1.61800733855415e-11,0.999996790552285,0.999999999942431
"Zdhhc14",1.47507851163031e-13,-0.794828357061458,1.61760594640107e-11,0.999996790950407,0.999999999942431
"Ergic1",1.46683917031266e-13,-0.796101178306754,1.59958550301362e-11,0.999996808875184,0.999999999942431
"Rnmt",1.46269076734218e-13,-0.796744698123101,1.59055064485108e-11,0.999996817900081,0.999999999942431
"Cdkn1b",1.45982844878342e-13,-0.797189764503123,1.58433168427391e-11,0.999996824127087,0.999999999942431
"Cdhr1",1.45884794443305e-13,-0.797342422531714,1.58220414330269e-11,0.999996826260185,0.999999999942431
"Wdr82",1.45812636951193e-13,-0.797454831597445,1.58063935173433e-11,0.999996827829979,0.999999999942431
"Fam89a",1.45769651306873e-13,-0.797521821971849,1.57970754243015e-11,0.999996828765136,0.999999999942431
"Mrps17",1.45696117624239e-13,-0.79763646468015,1.57811417353508e-11,0.99999683036487,0.999999999942431
"Slc25a11",1.45522952804246e-13,-0.797906662860169,1.57436511743696e-11,0.99999683413209,0.999999999942431
"Kxd1",1.45381955680299e-13,-0.798126902345574,1.57131579208035e-11,0.999996837199498,0.999999999942431
"Cnpy3",1.45373704797511e-13,-0.798139796862053,1.5711374429246e-11,0.999996837378996,0.999999999942431
"Timm9",1.44810825173998e-13,-0.799021175783376,1.5589942681655e-11,0.999996849624505,0.999999999942431
"Flrt2",1.44786975811769e-13,-0.799058594599937,1.55848079885492e-11,0.99999685014335,0.999999999942431
"1110037F02Rik",1.44707376920181e-13,-0.799183526486266,1.55676767178216e-11,0.999996851875033,0.999999999942431
"Hnrnpul1",1.44601108892535e-13,-0.799350421714852,1.55448204006379e-11,0.999996854186906,0.999999999942431
"Katnal1",1.44514846200078e-13,-0.79948598727251,1.55262792137921e-11,0.99999685606356,0.999999999942431
"Neu1",1.44495718829686e-13,-0.799516057570548,1.55221695012215e-11,0.999996856479678,0.999999999942431
"Csnk1e",1.44398889309685e-13,-0.799668344313877,1.55013730286686e-11,0.999996858586215,0.999999999942431
"Egfl7",1.44244258340506e-13,-0.799911746070175,1.54681912095412e-11,0.999996861950229,0.999999999942431
"Fam81a",1.44179019525899e-13,-0.800014514462677,1.54542024620335e-11,0.999996863369506,0.999999999942431
"Mrpl48",1.44043037751434e-13,-0.800228869195717,1.54250650899606e-11,0.999996866327805,0.999999999942431
"Sap30bp",1.43948164008709e-13,-0.800378541521604,1.54047523870985e-11,0.999996868391794,0.999999999942431
"Gtf2h1",1.437597887743e-13,-0.800676009820217,1.5364460451195e-11,0.999996872489918,0.999999999942431
"Trappc9",1.43582960225621e-13,-0.800955594360372,1.53266862676097e-11,0.999996876336842,0.999999999942431
"St3gal6",1.43522474664008e-13,-0.801051306327158,1.53137759896404e-11,0.999996877652712,0.999999999942431
"Kif2a",1.4334471727702e-13,-0.801332818842905,1.52758662325456e-11,0.999996881519844,0.999999999942431
"Nrd1",1.43314161658878e-13,-0.801381244122221,1.52693544643245e-11,0.999996882184585,0.999999999942431
"Hnrnpul2",1.43283921955211e-13,-0.801429178756309,1.52629113880154e-11,0.999996882842453,0.999999999942431
"Fam120b",1.43196759051734e-13,-0.801567401348594,1.52443474764508e-11,0.999996884738692,0.999999999942431
"Chpf",1.43148960105924e-13,-0.801643235954131,1.52341720768101e-11,0.999996885778563,0.999999999942431
"Klhl26",1.43035645897084e-13,-0.801823112484965,1.52100634151609e-11,0.999996888243726,0.999999999942431
"Pdss2",1.42988255539834e-13,-0.801898382260468,1.51999863336668e-11,0.999996889274708,0.999999999942431
"Naaa",1.42938359594373e-13,-0.801977658231008,1.51893800728825e-11,0.9999968903602,0.999999999942431
"Sprn",1.42467640904929e-13,-0.802726894040023,1.5089502724591e-11,0.999996900600737,0.999999999942431
"Med17",1.42461094319578e-13,-0.802737331340734,1.50881159893687e-11,0.999996900743159,0.999999999942431
"Clpx",1.42220842042034e-13,-0.803120695970449,1.50372684564156e-11,0.999996905969874,0.999999999942431
"Tbc1d30",1.42213760826987e-13,-0.803132004975611,1.50357710741861e-11,0.999996906123926,0.999999999942431
"Mocs2",1.42185928168914e-13,-0.803176460308776,1.50298863479564e-11,0.999996906729429,0.999999999942431
"Ache",1.42010117295035e-13,-0.803457470258756,1.49927408465503e-11,0.999996910554214,0.999999999942431
"Ipmk",1.41795105326117e-13,-0.803801604510524,1.49473753696013e-11,0.999996915231823,0.999999999942431
"Zswim4",1.41684031137228e-13,-0.803979584280048,1.49239667009882e-11,0.999996917648254,0.999999999942431
"Seh1l",1.41644997911693e-13,-0.804042161853064,1.49157448807681e-11,0.999996918497427,0.999999999942431
"Tfam",1.41431715611411e-13,-0.804384393899704,1.48708598607934e-11,0.999996923137407,0.999999999942431
"Ubap2",1.41416372693879e-13,-0.804409032708578,1.4867633568874e-11,0.999996923471193,0.999999999942431
"Arhgap15",1.41271133021175e-13,-0.80464240013357,1.4837110068418e-11,0.999996926630898,0.999999999942431
"Papd7",1.41136579351615e-13,-0.80485880874972,1.48088603215211e-11,0.999996929558128,0.999999999942431
"Dok7",1.40970216704982e-13,-0.805126658567457,1.47739694488957e-11,0.999996933177366,0.999999999942431
"Bzw1",1.40940865058284e-13,-0.805173948112354,1.47678178631604e-11,0.999996933815914,0.999999999942431
"Magoh",1.40819793054734e-13,-0.805369114473098,1.47424568532206e-11,0.999996936449849,0.999999999942431
"Rcn2",1.40573384323443e-13,-0.80576683339762,1.46909088178429e-11,0.999996941810498,0.999999999942431
"Eif3k",1.40548205371458e-13,-0.805807512484164,1.46856465334944e-11,0.999996942358269,0.999999999942431
"Kdm4a",1.40476852038657e-13,-0.805922829893788,1.46707391381117e-11,0.999996943910569,0.999999999942431
"Commd7",1.40474818273072e-13,-0.805926117602538,1.46703143474369e-11,0.999996943954814,0.999999999942431
"Mapkap1",1.40187485956356e-13,-0.806391080529529,1.46103613332015e-11,0.99999695020576,0.999999999942431
"Lpcat3",1.40085873883384e-13,-0.806555734747299,1.45891889574423e-11,0.999996952416342,0.999999999942431
"D6Wsu163e",1.40063722384553e-13,-0.80659164510893,1.45845754037431e-11,0.99999695289825,0.999999999942431
"Sgtb",1.39885174619816e-13,-0.806881298097882,1.45474154093165e-11,0.999996956782576,0.999999999942431
"Rab4a",1.39878651920298e-13,-0.806891886589271,1.45460587793882e-11,0.999996956924479,0.999999999942431
"A730017C20Rik",1.39467121053064e-13,-0.807560923059542,1.44605940382869e-11,0.999996965877378,0.999999999942431
"Gpr173",1.39326622877187e-13,-0.80778978039227,1.44314737163693e-11,0.999996968933932,0.999999999942431
"Sh3d21",1.39217428245665e-13,-0.807967804616633,1.44088617861451e-11,0.999996971309473,0.999999999942431
"Gpr153",1.3901355593035e-13,-0.808300554319142,1.43666915329133e-11,0.999996975744737,0.999999999942431
"Porcn",1.39006423975431e-13,-0.808312203430616,1.43652174325309e-11,0.999996975899894,0.999999999942431
"Ift140",1.38982976722609e-13,-0.808350505591822,1.43603716639979e-11,0.999996976409991,0.999999999942431
"Nob1",1.38936388164516e-13,-0.808426629045004,1.43507457818575e-11,0.999996977423531,0.999999999942431
"Dph6",1.38839763453275e-13,-0.808584589417284,1.4330791981268e-11,0.999996979525612,0.999999999942431
"Insr",1.38627421335842e-13,-0.808932103736907,1.42869903551893e-11,0.999996984145138,0.999999999942431
"2510009E07Rik",1.38486359929704e-13,-0.809163251912519,1.42579294729243e-11,0.999996987213945,0.999999999942431
"Atp5h",1.38468173216275e-13,-0.80919307019308,1.42541848752476e-11,0.999996987609599,0.999999999942431
"Dpp3",1.38415487130839e-13,-0.809279474203795,1.42433397212985e-11,0.99999698875579,0.999999999942431
"Trim11",1.3815267455809e-13,-0.809710965894148,1.41893027769751e-11,0.999996994473307,0.999999999942431
"Dusp1",1.37898465699362e-13,-0.810129102530422,1.4137132554571e-11,0.999997000003649,0.999999999942431
"Fam65a",1.37832083281583e-13,-0.810238417108317,1.41235249896927e-11,0.999997001447805,0.999999999942431
"Gpkow",1.37707672034377e-13,-0.810443429959091,1.40980398878084e-11,0.999997004154386,0.999999999942431
"Crtc1",1.37556137041043e-13,-0.810693385888785,1.40670296917941e-11,0.999997007451046,0.999999999942431
"Map6",1.37548120777421e-13,-0.810706616220476,1.40653901904959e-11,0.999997007625441,0.999999999942431
"Ctps2",1.37451854455249e-13,-0.810865557054838,1.40457090846664e-11,0.999997009719725,0.999999999942431
"Arrb2",1.37426846124711e-13,-0.810906865102942,1.40405985274857e-11,0.999997010263785,0.999999999942431
"Gnai1",1.37382177490498e-13,-0.810980665926228,1.40314726186782e-11,0.999997011235556,0.999999999942431
"Flcn",1.37365824270325e-13,-0.811007690379006,1.40281323585591e-11,0.999997011591322,0.999999999942431
"March2",1.37312280396371e-13,-0.811096196309255,1.40171984284491e-11,0.999997012756175,0.999999999942431
"Nfe2l2",1.37256248336782e-13,-0.811188851557784,1.40057609627473e-11,0.999997013975158,0.999999999942431
"Nup50",1.37031693506748e-13,-0.811560552572846,1.39599708641674e-11,0.999997018860373,0.999999999942431
"Phax",1.37020632914017e-13,-0.811578876461531,1.39577173808038e-11,0.999997019100998,0.999999999942431
"Xiap",1.36943533469863e-13,-0.811706646279006,1.39420142057834e-11,0.999997020778305,0.999999999942431
"Zmat4",1.36901381684963e-13,-0.811776530546937,1.39334327076477e-11,0.999997021695321,0.999999999942431
"Psmd3",1.36458143796945e-13,-0.812512670465471,1.38433557829366e-11,0.999997031338011,0.999999999942431
"Pdia4",1.36391294728619e-13,-0.812623899525409,1.38297957456041e-11,0.999997032792319,0.999999999942431
"Hbp1",1.36330712131334e-13,-0.812724748347944,1.38175125735745e-11,0.999997034110301,0.999999999942431
"Tm7sf2",1.36296794819153e-13,-0.812781228098517,1.38106381931385e-11,0.999997034848176,0.999999999942431
"Ilvbl",1.36235373131777e-13,-0.812883543935672,1.37981935635039e-11,0.999997036184411,0.999999999942431
"Sertad3",1.36171550308792e-13,-0.812989907764208,1.37852683831137e-11,0.999997037572884,0.999999999942431
"Zbtb4",1.36084070276071e-13,-0.813135777367118,1.3767562065388e-11,0.999997039476021,0.999999999942431
"Cope",1.36051572608595e-13,-0.813189989536477,1.3760987302735e-11,0.999997040183012,0.999999999942431
"Jade2",1.35967333458703e-13,-0.813330575612381,1.37439517775412e-11,0.999997042015644,0.999999999942431
"Srpk2",1.35843967734016e-13,-0.813536614784739,1.37190227988865e-11,0.999997044699479,0.999999999942431
"Slc9a1",1.35766866723507e-13,-0.813665478682732,1.37034541966922e-11,0.99999704637682,0.999999999942431
"Pim2",1.35686104768041e-13,-0.813800538753322,1.36871558373868e-11,0.999997048133805,0.999999999942431
"Eif2ak2",1.35611431915333e-13,-0.813925486420249,1.36720949328672e-11,0.999997049758321,0.999999999942431
"Rb1",1.3550186059645e-13,-0.814108951415686,1.36500103011e-11,0.999997052142057,0.999999999942431
"Tnk2",1.35131598091862e-13,-0.814729998953117,1.35755141758852e-11,0.999997060197159,0.999999999942431
"Rhox8",1.34942412306293e-13,-0.815047971420252,1.35375290335591e-11,0.999997064312917,0.999999999942431
"Mrpl55",1.3488802367823e-13,-0.815139466011427,1.3526618612761e-11,0.999997065496147,0.999999999942431
"Stx12",1.34681369698535e-13,-0.815487439078125,1.3485203693745e-11,0.999997069991927,0.999999999942431
"Trim23",1.34655355041714e-13,-0.815531281004454,1.34799946723929e-11,0.999997070557879,0.999999999942431
"Socs3",1.34551627957854e-13,-0.815706173041492,1.34592349782191e-11,0.999997072814473,0.999999999942431
"Slc35e3",1.34427719683238e-13,-0.815915266488758,1.34344572373068e-11,0.999997075510111,0.999999999942431
"Spire2",1.34366225077836e-13,-0.816019108327116,1.34221687348137e-11,0.999997076847933,0.999999999942431
"Atn1",1.34263213678895e-13,-0.816193161841904,1.3401596505733e-11,0.999997079088958,0.999999999942431
"Pcyt2",1.3412882318366e-13,-0.816420433185274,1.33747813303066e-11,0.999997082012638,0.999999999942431
"Usp12",1.34108728511518e-13,-0.816454435114597,1.33707741123652e-11,0.9999970824498,0.999999999942431
"Tars",1.33797683050132e-13,-0.816981392681979,1.33088229530467e-11,0.999997089216628,0.999999999942431
"Zfp2",1.33754934981945e-13,-0.817053908699055,1.33003200317294e-11,0.999997090146617,0.999999999942431
"Dpp9",1.33626751217858e-13,-0.817271491296069,1.32748395790056e-11,0.999997092935269,0.999999999942431
"Xpo7",1.33362971332586e-13,-0.817719886647649,1.32224821055807e-11,0.999997098673829,0.999999999942431
"Tm9sf1",1.33014056471556e-13,-0.818314346858602,1.31533851841517e-11,0.999997106264511,0.999999999942431
"Smarca5",1.32779906300012e-13,-0.818714140599974,1.31071170427296e-11,0.999997111358474,0.999999999942431
"Mast2",1.3259929923387e-13,-0.819022988691646,1.3071484723601e-11,0.9999971152876,0.999999999942431
"Pdcd10",1.325419645466e-13,-0.819121120924711,1.30601831938695e-11,0.999997116534923,0.999999999942431
"Nectin3",1.32517786760186e-13,-0.819162515404523,1.30554188534517e-11,0.999997117060913,0.999999999942431
"Cpped1",1.32504376618316e-13,-0.819185477948042,1.30527767000486e-11,0.999997117352652,0.999999999942431
"1810058I24Rik",1.32316047488724e-13,-0.819508201212493,1.3015699115163e-11,0.999997121449773,0.999999999942431
"Taok1",1.32138755748255e-13,-0.819812424796859,1.29808427236669e-11,0.999997125306775,0.999999999942431
"Taf12",1.32022303403934e-13,-0.820012470152591,1.29579730748904e-11,0.999997127840208,0.999999999942431
"Tmem218",1.31934973233402e-13,-0.820162602748861,1.29408358534316e-11,0.999997129740086,0.999999999942431
"B3galt1",1.31923317418655e-13,-0.820182648111586,1.29385494343135e-11,0.999997129993659,0.999999999942431
"Rpl18",1.31809926892187e-13,-0.82037774532347,1.29163171488136e-11,0.999997132460483,0.999999999942431
"Gtf2h5",1.31784376565768e-13,-0.820421729490209,1.29113101794367e-11,0.999997133016333,0.999999999942431
"Wbscr22",1.3159235316983e-13,-0.820752561657369,1.28737113773199e-11,0.999997137193823,0.999999999942431
"Anks1",1.31257702459025e-13,-0.821330262013063,1.2808316717197e-11,0.999997144474186,0.999999999942431
"Tomm40",1.31162710505034e-13,-0.821494509220939,1.27897845206431e-11,0.999997146540747,0.999999999942431
"Nhp2",1.30993951277194e-13,-0.82178659427867,1.27568939892839e-11,0.999997150212122,0.999999999942431
"Mrpl47",1.30722482343715e-13,-0.822257226564496,1.2704074573637e-11,0.999997156117959,0.999999999942431
"Cables2",1.30711197619188e-13,-0.822276811189862,1.2701881289185e-11,0.999997156363459,0.999999999942431
"Casp9",1.30584515538135e-13,-0.822496782259795,1.26772725175751e-11,0.999997159119442,0.999999999942431
"Ppm1e",1.30267533044221e-13,-0.823048114668595,1.26158012750526e-11,0.999997166015431,0.999999999942431
"Pithd1",1.30091508879112e-13,-0.823354847643101,1.25817300758444e-11,0.999997169844856,0.999999999942431
"Foxj3",1.30037008615572e-13,-0.823449900686043,1.25711903568977e-11,0.999997171030516,0.999999999942431
"Mri1",1.29973857704141e-13,-0.823560090325364,1.25589832265185e-11,0.999997172404371,0.999999999942431
"Ctxn1",1.29921145093556e-13,-0.823652106996475,1.25487983699782e-11,0.999997173551139,0.999999999942431
"Tceal8",1.29918211681876e-13,-0.823657228726676,1.25482317127783e-11,0.999997173614956,0.999999999942431
"Ube2b",1.29861560642158e-13,-0.823756163685319,1.25372907465214e-11,0.999997174847406,0.999999999942431
"Sv2a",1.29745585995067e-13,-0.823958833754242,1.25149075470314e-11,0.999997177370447,0.999999999942431
"9330159F19Rik",1.29652519189992e-13,-0.824121600729275,1.24969600427176e-11,0.999997179395126,0.999999999942431
"Myt1l",1.29592896454973e-13,-0.82422593704598,1.24854688411858e-11,0.999997180692225,0.999999999942431
"Yipf1",1.29265804417696e-13,-0.824799172482682,1.24225218173989e-11,0.999997187808148,0.999999999942431
"Shroom3",1.29111992015335e-13,-0.825069226409949,1.23929764763643e-11,0.999997191154354,0.999999999942431
"Supt4a",1.29044147220995e-13,-0.825188444769322,1.23799555629876e-11,0.999997192630325,0.999999999942431
"Thap12",1.28663561319996e-13,-0.825858366510777,1.2307039608226e-11,0.999997200910013,0.999999999942431
"Nop10",1.28220302161123e-13,-0.826641075470331,1.22223876509252e-11,0.999997210553165,0.999999999942431
"Capn1",1.27791093987738e-13,-0.827401519697504,1.21406974915169e-11,0.999997219890636,0.999999999942431
"Mtss1",1.27648066024634e-13,-0.827655487221602,1.21135361702105e-11,0.999997223002226,0.999999999942431
"Mrpl46",1.27626122849199e-13,-0.827694475432242,1.21093718046891e-11,0.999997223479602,0.999999999942431
"Mpdu1",1.27579951776728e-13,-0.827776532891863,1.21006118182865e-11,0.999997224484059,0.999999999942431
"Tigd2",1.27538584586087e-13,-0.827850077533648,1.20927659591912e-11,0.999997225384006,0.999999999942431
"Usp35",1.27290355608268e-13,-0.828291885937809,1.20457393474707e-11,0.999997230784255,0.999999999942431
"Cops3",1.27245164013607e-13,-0.82837241124145,1.20371877249246e-11,0.999997231767403,0.999999999942431
"Trub1",1.27186619483229e-13,-0.828476771605757,1.20261138363144e-11,0.999997233041046,0.999999999942431
"Acat1",1.27133141910443e-13,-0.828572141109037,1.20160028329051e-11,0.999997234204457,0.999999999942431
"Rnf146",1.27075764828249e-13,-0.828674508818176,1.20051592779699e-11,0.999997235452701,0.999999999942431
"Csk",1.27002258670434e-13,-0.828805719375047,1.19912746807139e-11,0.999997237051836,0.999999999942431
"Cdc16",1.26943495003526e-13,-0.82891066803992,1.19801805748577e-11,0.999997238330246,0.999999999942431
"Sec31a",1.26891235199368e-13,-0.829004041414933,1.19703186592293e-11,0.999997239467164,0.999999999942431
"Nptxr",1.26405776873749e-13,-0.829873233607602,1.18789021818322e-11,0.999997250028363,0.999999999942431
"Dph3",1.26378794079779e-13,-0.829921641641062,1.18738313414311e-11,0.999997250615377,0.999999999942431
"Cby1",1.26347060310382e-13,-0.829978586124842,1.18678690418081e-11,0.999997251305749,0.999999999942431
"Sf1",1.26314142986174e-13,-0.830037669334504,1.18616859521085e-11,0.999997252021869,0.999999999942431
"Aamp",1.26246410243982e-13,-0.830159290409131,1.18489683087854e-11,0.999997253495402,0.999999999942431
"Osgepl1",1.26034109503891e-13,-0.830540915417955,1.1809150469707e-11,0.999997258114028,0.999999999942431
"Phactr4",1.26030197216169e-13,-0.830547953967178,1.18084173336139e-11,0.99999725819914,0.999999999942431
"Gtpbp4",1.25922265878129e-13,-0.830742216924202,1.17882007097318e-11,0.999997260547198,0.999999999942431
"Mettl8",1.25743013246906e-13,-0.831065212358947,1.17546631620077e-11,0.999997264446859,0.999999999942431
"Bmyc",1.25477258988788e-13,-0.831544911578985,1.17050293792341e-11,0.999997270228372,0.999999999942431
"Smc6",1.25441945931031e-13,-0.831608728732684,1.16984420148197e-11,0.999997270996612,0.999999999942431
"Atcay",1.25399761809824e-13,-0.831684986377279,1.16905753396647e-11,0.999997271914332,0.999999999942431
"Rpl14",1.25399706498983e-13,-0.831685086381139,1.16905650267995e-11,0.999997271915535,0.999999999942431
"Sytl3",1.2529474972839e-13,-0.831874930131934,1.16710037295951e-11,0.999997274198882,0.999999999942431
"Fgf9",1.25286795298493e-13,-0.831889324340335,1.16695218920191e-11,0.999997274371931,0.999999999942431
"Dlx6",1.25237627049573e-13,-0.831978318416677,1.16603643847327e-11,0.999997275441592,0.999999999942431
"Thoc3",1.25085141149688e-13,-0.832254535737316,1.1631986991277e-11,0.999997278758939,0.999999999942431
"Pisd",1.24767768880399e-13,-0.832830499129177,1.15730353567509e-11,0.999997285663408,0.999999999942431
"Ptp4a1",1.24609812823944e-13,-0.833117694494722,1.15437509686678e-11,0.999997289099759,0.999999999942431
"Lgals1",1.24481742519756e-13,-0.833350815274214,1.15200345063687e-11,0.999997291885943,0.999999999942431
"Rab8b",1.24068074166871e-13,-0.834105416495857,1.14435967015717e-11,0.999997300885344,0.999999999942431
"Mturn",1.24012627394071e-13,-0.834206749300457,1.14333705619737e-11,0.999997302091594,0.999999999942431
"Il1f9",1.23839195649559e-13,-0.834523996421794,1.14014137702539e-11,0.999997305864621,0.999999999942431
"Atp6v1h",1.23718813076298e-13,-0.8347444619036,1.13792581932462e-11,0.999997308483558,0.999999999942431
"Lyrm9",1.23597731306907e-13,-0.834966421338424,1.1356995669774e-11,0.999997311117705,0.999999999942431
"Tspyl2",1.23414233435144e-13,-0.835303207010529,1.13232986507134e-11,0.999997315109721,0.999999999942431
"Yipf3",1.23285593405031e-13,-0.8355396030077,1.1299705418641e-11,0.999997317908299,0.999999999942431
"C77080",1.23252780066873e-13,-0.835599941533798,1.12936912250642e-11,0.999997318622157,0.999999999942431
"Nop16",1.23055586275975e-13,-0.835962883585113,1.12575822749157e-11,0.99999732291213,0.999999999942431
"Camk2n1",1.23041722447297e-13,-0.835988422017048,1.12550457886844e-11,0.999997323213739,0.999999999942431
"Nlk",1.23007137079416e-13,-0.836052143776183,1.12487193949453e-11,0.999997323966147,0.999999999942431
"Ndufs3",1.22976829503398e-13,-0.83610799844874,1.12431769617717e-11,0.999997324625492,0.999999999942431
"Mbd3",1.22832199123705e-13,-0.836374728851131,1.12167468001529e-11,0.999997327771942,0.999999999942431
"Gpatch11",1.22825531264598e-13,-0.836387033323842,1.12155290468631e-11,0.999997327917002,0.999999999942431
"Nectin4",1.22790282654223e-13,-0.836452089969521,1.12090926800416e-11,0.999997328683839,0.999999999942431
"Gm6498",1.22596346171634e-13,-0.836810358792245,1.11737130839346e-11,0.999997332902949,0.999999999942431
"Sh3bp1",1.22415930428237e-13,-0.837144152141399,1.11408502706164e-11,0.999997336827913,0.999999999942431
"Fkrp",1.22320116255059e-13,-0.837321618479397,1.11234173497581e-11,0.999997338912361,0.999999999942431
"Tsen15",1.22225726660182e-13,-0.837496580295071,1.11062569710268e-11,0.999997340965817,0.999999999942431
"Spg20",1.22199525323139e-13,-0.837545171067187,1.11014958196775e-11,0.99999734153583,0.999999999942431
"Srgap1",1.22173264774942e-13,-0.837593881955771,1.10967249330416e-11,0.999997342107131,0.999999999942431
"Rabgap1",1.21953199114683e-13,-0.838002489617494,1.10567847913192e-11,0.999997346894684,0.999999999942431
"Folh1",1.21914021574364e-13,-0.838075308875034,1.10496819345543e-11,0.999997347746996,0.999999999942431
"Rabep1",1.21892645282394e-13,-0.838115050698565,1.10458073922087e-11,0.999997348212039,0.999999999942431
"Rxrb",1.21793398007675e-13,-0.838299656752582,1.10278273085385e-11,0.999997350371175,0.999999999942431
"1110046J04Rik",1.21773521372867e-13,-0.838336646346401,1.1024228128068e-11,0.999997350803593,0.999999999942431
"Tmem175",1.21681164316324e-13,-0.83850859713309,1.10075121927146e-11,0.999997352812831,0.999999999942431
"Psmd4",1.21676008709788e-13,-0.838518199656548,1.10065794403059e-11,0.999997352924992,0.999999999942431
"Elovl4",1.21629518953601e-13,-0.838604806810848,1.09981702979181e-11,0.999997353936382,0.999999999942431
"Mageh1",1.21506985616055e-13,-0.838833234302927,1.09760216666199e-11,0.999997356602108,0.999999999942431
"Pik3r2",1.21312388545795e-13,-0.839196470693081,1.09408929652793e-11,0.999997360835589,0.999999999942431
"Pomk",1.21250777299016e-13,-0.839311594469399,1.0929782626251e-11,0.999997362175948,0.999999999942431
"Mlec",1.21118850094387e-13,-0.839558301327171,1.09060112121559e-11,0.999997365046039,0.999999999942431
"E2f6",1.21085220385655e-13,-0.839621232022001,1.08999557540284e-11,0.999997365777657,0.999999999942431
"Ubald1",1.2089379728326e-13,-0.839979767327695,1.08655196095064e-11,0.999997369942088,0.999999999942431
"Sec61a1",1.20879451255924e-13,-0.840006659967131,1.08629410191046e-11,0.999997370254187,0.999999999942431
"Rtkn",1.20875410445254e-13,-0.840014235319575,1.08622147690456e-11,0.999997370342096,0.999999999942431
"Ubac1",1.20682780662874e-13,-0.84037565047461,1.08276218138268e-11,0.999997374532778,0.999999999942431
"Lrrn1",1.20628716283225e-13,-0.840477189175585,1.08179227079589e-11,0.999997375708954,0.999999999942431
"Etfa",1.20622688594784e-13,-0.840488512600773,1.08168416148244e-11,0.999997375840087,0.999999999942431
"Pdxdc1",1.20565074086885e-13,-0.8405967735573,1.08065109186863e-11,0.999997377093497,0.999999999942431
"Sestd1",1.20333249578077e-13,-0.841032901243527,1.07649929986556e-11,0.999997382136865,0.999999999942431
"Hmgxb3",1.20258494536037e-13,-0.84117371334777,1.07516220053174e-11,0.999997383763169,0.999999999942431
"0610007P14Rik",1.2004098089985e-13,-0.841583923674496,1.07127638863806e-11,0.999997388495203,0.999999999942431
"Ppt1",1.19967489476398e-13,-0.841722687267276,1.06996507768047e-11,0.999997390094017,0.999999999942431
"Ddx31",1.1990707756478e-13,-0.841836817425483,1.06888774646378e-11,0.999997391408284,0.999999999942431
"Pip5k1b",1.19868511959146e-13,-0.841909705204364,1.06820028622395e-11,0.999997392247283,0.999999999942431
"Tmem2",1.19783322094873e-13,-0.842070793345164,1.06668249811793e-11,0.999997394100598,0.999999999942431
"Bcl7b",1.19775928862053e-13,-0.84208477876366,1.06655082722185e-11,0.999997394261439,0.999999999942431
"Ddost",1.1975837440486e-13,-0.842117989085585,1.06623822102443e-11,0.999997394643338,0.999999999942431
"1110008F13Rik",1.196229935765e-13,-0.842374270066268,1.06382892605688e-11,0.999997397588563,0.999999999942431
"Mrpl49",1.19552121923157e-13,-0.842508546824435,1.06256875059538e-11,0.999997399130384,0.999999999942431
"Phf5a",1.19486867564711e-13,-0.842632250210845,1.06140911715581e-11,0.999997400549999,0.999999999942431
"Tecta",1.19441729735474e-13,-0.842717857457171,1.06060734445596e-11,0.999997401531978,0.999999999942431
"Mest",1.1943626030231e-13,-0.842728232810157,1.06051021277209e-11,0.999997401650966,0.999999999942431
"Nol6",1.19004357215391e-13,-0.843549022852451,1.05285408790607e-11,0.999997411047065,0.999999999942431
"Paip1",1.18818326796308e-13,-0.843903461055059,1.04956496802775e-11,0.999997415094178,0.999999999942431
"Adat3",1.18093150111461e-13,-0.845290362010084,1.03679257145202e-11,0.999997430870477,0.999999999942431
"Polr3h",1.18091646914763e-13,-0.845293245587158,1.03676617714804e-11,0.999997430903179,0.999999999942431
"Tsr2",1.18082811567257e-13,-0.845310195135535,1.03661104599313e-11,0.999997431095393,0.999999999942431
"Tpx2",1.18005128385519e-13,-0.845459274801539,1.03524758326785e-11,0.999997432785399,0.999999999942431
"Inpp1",1.17907628468931e-13,-0.845646521219412,1.03353757530867e-11,0.99999743490652,0.999999999942431
"Uqcr11",1.17732648532427e-13,-0.845982949464415,1.03047222409545e-11,0.999997438713228,0.999999999942431
"Cnp",1.17663910733196e-13,-0.846115244293207,1.02926930007884e-11,0.999997440208627,0.999999999942431
"Dpysl5",1.17642165526451e-13,-0.846157111636573,1.0288889012729e-11,0.999997440681696,0.999999999942431
"Lrp3",1.17587316038294e-13,-0.846262750533564,1.02792970652414e-11,0.999997441874953,0.999999999942431
"Cyth1",1.17554887463995e-13,-0.846325230104513,1.02736281377633e-11,0.99999744258044,0.999999999942431
"Klf13",1.17544776051574e-13,-0.846344715062783,1.02718608539732e-11,0.999997442800415,0.999999999942431
"Larp1b",1.17508082278351e-13,-0.846415438814389,1.02654487527267e-11,0.999997443598692,0.999999999942431
"Plekha2",1.17496104595909e-13,-0.846438529370139,1.02633561303913e-11,0.999997443859268,0.999999999942431
"Sez6",1.17425955712786e-13,-0.846573808884524,1.02511046936002e-11,0.999997445385364,0.999999999942431
"Dync2h1",1.17282604563724e-13,-0.846850504215848,1.02260913027194e-11,0.999997448503984,0.999999999942431
"Rps28",1.17266089747361e-13,-0.846882402411131,1.02232115895637e-11,0.999997448863266,0.999999999942431
"Trim41",1.17052603198226e-13,-0.8472951486364,1.01860221258906e-11,0.99999745350769,0.999999999942431
"Mkl1",1.1702895179078e-13,-0.847340920969138,1.01819062085389e-11,0.999997454022229,0.999999999942431
"Rps6ka4",1.16895556870465e-13,-0.847599249739264,1.01587078380636e-11,0.99999745692425,0.999999999942431
"Atp7a",1.16740326696667e-13,-0.847900230205568,1.01317454626458e-11,0.999997460301299,0.999999999942431
"Ankrd49",1.16722599991709e-13,-0.847934626149687,1.01286687396054e-11,0.999997460686946,0.999999999942431
"Apbb2",1.16628089508899e-13,-0.848118096180093,1.01122729803746e-11,0.999997462743032,0.999999999942431
"Dgkg",1.16385946839841e-13,-0.848588829375096,1.00703264667846e-11,0.999997468010872,0.999999999942431
"Rfwd3",1.1629743781008e-13,-0.848761134825337,1.00550157538303e-11,0.999997469936396,0.999999999942431
"Cwc25",1.1622833861716e-13,-0.848895743964583,1.00430707432179e-11,0.999997471439657,0.999999999942431
"Cpne4",1.16132911693758e-13,-0.849081770799326,1.00265861934951e-11,0.99999747351568,0.999999999942431
"Sigmar1",1.15895291652376e-13,-0.849545646970735,9.98559728946069e-12,0.99999747868513,0.999999999942431
"Cdh4",1.1581341857176e-13,-0.849705694888711,9.97149382029284e-12,0.999997480466288,0.999999999942431
"Ppp1r11",1.15747176238963e-13,-0.849835269024455,9.96009020030389e-12,0.999997481907397,0.999999999942431
"Slc22a17",1.15594522314043e-13,-0.850134148235541,9.93383566372975e-12,0.9999974852284,0.999999999942431
"Ipo7",1.15548217846146e-13,-0.850224884104139,9.92587873226705e-12,0.999997486235759,0.999999999942431
"Cyp20a1",1.15491541029816e-13,-0.850335993906603,9.91614376195448e-12,0.999997487468769,0.999999999942431
"Tsc2",1.15417965187603e-13,-0.850480312954288,9.90351329181098e-12,0.99999748906942,0.999999999942431
"Pcif1",1.15416826915534e-13,-0.850482546387922,9.90331795242942e-12,0.999997489094183,0.999999999942431
"0610009B22Rik",1.15304421182412e-13,-0.850703207676619,9.88403744246236e-12,0.999997491539582,0.999999999942431
"Nsdhl",1.1519373838807e-13,-0.850920694046453,9.86507081827671e-12,0.999997493947499,0.999999999942431
"Ubxn1",1.15134165655372e-13,-0.851037836910456,9.8548699640872e-12,0.99999749524351,0.999999999942431
"Cebpg",1.14798460823606e-13,-0.8516990808455,9.79748466438302e-12,0.999997502546806,0.999999999942431
"Ldah",1.14593197994027e-13,-0.85210433070659,9.76247963913167e-12,0.999997507012321,0.999999999942431
"Gpd2",1.14517277596391e-13,-0.852254401489959,9.74954822909505e-12,0.999997508663978,0.999999999942431
"Emc6",1.14422612406679e-13,-0.852441662317187,9.73343605145995e-12,0.99999751072343,0.999999999942431
"Col4a3bp",1.14392486065096e-13,-0.852501288426973,9.72831129140693e-12,0.999997511378832,0.999999999942431
"Grm8",1.14287805921938e-13,-0.852708591990649,9.71051475416104e-12,0.99999751365616,0.999999999942431
"Tgfb1i1",1.13888378320129e-13,-0.853501323153479,9.64275827230126e-12,0.999997522345751,0.999999999942431
"Wdr61",1.13876607973674e-13,-0.85352472494165,9.64076522011654e-12,0.999997522601816,0.999999999942431
"Trim37",1.13846889668573e-13,-0.853583821453053,9.63573398810995e-12,0.999997523248341,0.999999999942431
"Tmcc3",1.13729026449675e-13,-0.853818348935089,9.6157929823346e-12,0.999997525812469,0.999999999942431
"Tmem167",1.13656391325917e-13,-0.853962999686303,9.60351430031341e-12,0.999997527392654,0.999999999942431
"Sparc",1.13443628667054e-13,-0.85438723549675,9.56759275235511e-12,0.999997532021329,0.999999999942431
"Hadh",1.13367116781662e-13,-0.854539987354562,9.55469140727406e-12,0.999997533685854,0.999999999942431
"Usp13",1.13339332200302e-13,-0.854595482934318,9.55000855784525e-12,0.99999753429031,0.999999999942431
"Cyp1b1",1.13230776489262e-13,-0.854812435525795,9.53172344052414e-12,0.999997536651952,0.999999999942431
"M6pr",1.13230164894055e-13,-0.854813658402235,9.53162047310119e-12,0.999997536665257,0.999999999942431
"Bloc1s4",1.13212057711295e-13,-0.854849866423107,9.5285722218837e-12,0.999997537059181,0.999999999942431
"Snph",1.13098215126306e-13,-0.855077642589202,9.5094185749043e-12,0.999997539535839,0.999999999942431
"Gamt",1.1303771553514e-13,-0.855198782137313,9.49924755569631e-12,0.999997540852014,0.999999999942431
"Acbd3",1.12838592765684e-13,-0.855597941603872,9.4658100350992e-12,0.999997545183952,0.999999999942431
"Os9",1.12777735470805e-13,-0.855720074090248,9.45560238833356e-12,0.999997546507909,0.999999999942431
"Parp1",1.12708382444449e-13,-0.85585933562552,9.4439764587374e-12,0.999997548016692,0.999999999942431
"Dusp14",1.12571558007988e-13,-0.856134328339957,9.42106099488318e-12,0.999997550993323,0.999999999942431
"Mrpl22",1.12418007970682e-13,-0.856443329247342,9.39537746179411e-12,0.999997554333821,0.999999999942431
"Slc25a51",1.12141761739598e-13,-0.857000290681881,9.34925942859036e-12,0.999997560343588,0.999999999942431
"AW549877",1.12128465977714e-13,-0.857027131407683,9.34704262449763e-12,0.999997560632839,0.999999999942431
"Zfp410",1.12097813355696e-13,-0.857089023131586,9.34193291038227e-12,0.99999756129969,0.999999999942431
"Ube2e1",1.12086147612743e-13,-0.857112582203278,9.33998862772262e-12,0.999997561553479,0.999999999942431
"Slc35c1",1.12010778835764e-13,-0.857264848410241,9.32743209218981e-12,0.999997563193135,0.999999999942431
"Clec16a",1.11715651026382e-13,-0.857862063762551,9.27834470812841e-12,0.999997569613673,0.999999999942431
"Rnf150",1.11586700057497e-13,-0.858123495126418,9.25693748345304e-12,0.999997572419016,0.999999999942431
"Med30",1.11502105527648e-13,-0.858295161418828,9.24290732676389e-12,0.999997574259379,0.999999999942431
"Ncln",1.11459795167345e-13,-0.858381069320618,9.23589406831564e-12,0.999997575179846,0.999999999942431
"Rsl1d1",1.11342503653859e-13,-0.858619388856836,9.21646604036283e-12,0.999997577731536,0.999999999942431
"Ech1",1.11280156757869e-13,-0.858746169588288,9.20614730043215e-12,0.999997579087899,0.999999999942431
"Tk1",1.11279766108027e-13,-0.858746964184977,9.20608266404441e-12,0.999997579096398,0.999999999942431
"Hhatl",1.11149491109264e-13,-0.859012102015845,9.18454019630896e-12,0.999997581930545,0.999999999942431
"Pdlim2",1.11065045205634e-13,-0.859184131445154,9.17058957614031e-12,0.999997583767675,0.999999999942431
"Nacc1",1.11013777696848e-13,-0.85928863425386,9.16212526102355e-12,0.999997584883005,0.999999999942431
"Dcp2",1.1092682901013e-13,-0.859465977795945,9.14777888341772e-12,0.999997586774584,0.999999999942431
"Abcg2",1.10904039172335e-13,-0.859512483405965,9.1440204602638e-12,0.999997587270379,0.999999999942431
"Gsto1",1.10866344784496e-13,-0.859589424362193,9.13780572397312e-12,0.999997588090425,0.999999999942431
"Map9",1.1079528468449e-13,-0.859734540847431,9.1260956726712e-12,0.999997589636345,0.999999999942431
"Paqr8",1.10741533275228e-13,-0.859844371095812,9.1172429220502e-12,0.999997590805713,0.999999999942431
"Dclk2",1.10716970480803e-13,-0.859894577749663,9.11319890855015e-12,0.999997591340079,0.999999999942431
"Pnpla6",1.1066459422274e-13,-0.86000167215212,9.10457868790447e-12,0.99999759247953,0.999999999942431
"Lysmd2",1.10634609590812e-13,-0.860063004608353,9.09964557522581e-12,0.999997593131849,0.999999999942431
"Rprd1a",1.10589601422509e-13,-0.860155097924444,9.09224327908779e-12,0.999997594111007,0.999999999942431
"Sesn3",1.10502420632361e-13,-0.860333587778703,9.0779136042929e-12,0.999997596007635,0.999999999942431
"Aldh5a1",1.1041442956002e-13,-0.860513877409818,9.06346220453294e-12,0.99999759792189,0.999999999942431
"Btbd3",1.10398692739789e-13,-0.860546136358304,9.06087884814057e-12,0.999997598264247,0.999999999942431
"Sept4",1.10397529633077e-13,-0.860548520793694,9.06068792715716e-12,0.99999759828955,0.999999999942431
"Cers2",1.10133389348541e-13,-0.861090666066701,9.01738207484561e-12,0.999997604035951,0.999999999942431
"2610002M06Rik",1.09837281465562e-13,-0.861699950782256,8.96895845957276e-12,0.999997610477811,0.999999999942431
"Rspo2",1.09633941210739e-13,-0.862119291374394,8.93578097862311e-12,0.9999976149015,0.999999999942431
"Kctd20",1.09589467453057e-13,-0.862211110051451,8.92853272779913e-12,0.999997615869032,0.999999999942431
"Coq8a",1.09310295876183e-13,-0.862788316630133,8.88310103139244e-12,0.99999762194244,0.999999999942431
"Adcy3",1.0920086953223e-13,-0.86301495978743,8.8653248700085e-12,0.999997624323023,0.999999999942431
"Npr2",1.09037265421753e-13,-0.863354233615987,8.83878081220885e-12,0.999997627882248,0.999999999942431
"Dync1h1",1.09002340774999e-13,-0.863426723567344,8.83311959428516e-12,0.999997628642038,0.999999999942431
"Lamtor4",1.08846518101188e-13,-0.863750429963094,8.80788313610988e-12,0.999997632031977,0.999999999942431
"Srsf10",1.08708175847391e-13,-0.864038205628584,8.7855079958381e-12,0.999997635041628,0.999999999942431
"Zbtb38",1.08672352629718e-13,-0.864112782936503,8.77971867399053e-12,0.999997635820966,0.999999999942431
"Tmem70",1.08645388600422e-13,-0.864168933044847,8.77536232730255e-12,0.999997636407572,0.999999999942431
"Hmgcr",1.08640217822035e-13,-0.864179702284827,8.77452705256772e-12,0.999997636520063,0.999999999942431
"Epb41l2",1.08629260433578e-13,-0.864202525034873,8.77275715455465e-12,0.999997636758442,0.999999999942431
"Pomgnt1",1.0829053185285e-13,-0.864909172558592,8.71813189868887e-12,0.999997644127519,0.999999999942431
"Hpca",1.08189795688375e-13,-0.865119746436895,8.70191953605588e-12,0.999997646319046,0.999999999942431
"2310011J03Rik",1.07974241959491e-13,-0.865570979411608,8.6672792519055e-12,0.999997651008441,0.999999999942431
"Sharpin",1.0790005686578e-13,-0.865726481474556,8.65537341164212e-12,0.999997652622346,0.999999999942431
"Scml4",1.07882662888198e-13,-0.865762956876829,8.65258306582241e-12,0.999997653000754,0.999999999942431
"Atf7ip",1.07715011551861e-13,-0.866114821543065,8.62571146413664e-12,0.999997656648027,0.999999999942431
"Tmem33",1.07635837261531e-13,-0.866281179379449,8.61303572686362e-12,0.999997658370472,0.999999999942431
"Fam98a",1.07482039108724e-13,-0.86660467898462,8.58843940977517e-12,0.999997661716368,0.999999999942431
"Pgrmc2",1.07478712477016e-13,-0.86661168127584,8.58790778359906e-12,0.99999766178874,0.999999999942431
"Arl5a",1.07309471801819e-13,-0.866968201508015,8.56088328793023e-12,0.999997665470589,0.999999999942431
"Rfng",1.0729739399873e-13,-0.866993665642735,8.55895632207758e-12,0.999997665733343,0.999999999942431
"Rrn3",1.07296043730194e-13,-0.866996512645705,8.55874090553719e-12,0.999997665762718,0.999999999942431
"Lrrc59",1.07257528215996e-13,-0.867077736395267,8.55259743314002e-12,0.999997666600628,0.999999999942431
"Rap1a",1.07147538339164e-13,-0.867309847850045,8.5350654832183e-12,0.99999766899347,0.999999999942431
"Golph3",1.07131526052842e-13,-0.867343658139839,8.53251468825594e-12,0.999997669341819,0.999999999942431
"Hs6st1",1.06957669563663e-13,-0.867711080971345,8.50484348033559e-12,0.999997673124086,0.999999999942431
"Ddx21",1.06911484480706e-13,-0.867808786067331,8.49750016223547e-12,0.999997674128847,0.999999999942431
"Hs3st5",1.06556526096353e-13,-0.868561096759991,8.44116848223785e-12,0.999997681851006,0.999999999942431
"Gng5",1.06553043095336e-13,-0.868568490984425,8.44061666023341e-12,0.999997681926779,0.999999999942431
"Bri3",1.06277877119418e-13,-0.869153408008653,8.39707831513892e-12,0.999997687913045,0.999999999942431
"Bmpr1a",1.06193015636172e-13,-0.869334098337804,8.38367375637662e-12,0.999997689759216,0.999999999942431
"Ogfod1",1.06071141236848e-13,-0.869593847201277,8.3644414390941e-12,0.999997692410607,0.999999999942431
"Zmpste24",1.05992029003122e-13,-0.869762615330963,8.35196900095927e-12,0.999997694131703,0.999999999942431
"Clns1a",1.059732258853e-13,-0.86980274581522,8.34900596442096e-12,0.999997694540767,0.999999999942431
"Elmo2",1.05962377773648e-13,-0.869825901550914,8.34729673433165e-12,0.999997694776769,0.999999999942431
"S100pbp",1.05958018090343e-13,-0.869835208130752,8.34660987127081e-12,0.999997694871614,0.999999999942431
"Lrrc41",1.05801012139502e-13,-0.870170619312844,8.32189260052986e-12,0.999997698287296,0.999999999942431
"Nfs1",1.05792449072012e-13,-0.870188926669791,8.32054558044431e-12,0.999997698473586,0.999999999942431
"Flrt1",1.05602356489849e-13,-0.870595710593648,8.29067099114938e-12,0.999997702609071,0.999999999942431
"Anapc2",1.05527013588903e-13,-0.870757138593314,8.27884511158545e-12,0.999997704248164,0.999999999942431
"Ahr",1.0545004250818e-13,-0.870922172486192,8.26677238752543e-12,0.999997705922679,0.999999999942431
"Pex19",1.05260732548336e-13,-0.871328578303311,8.23711706376203e-12,0.999997710041138,0.999999999942431
"Ssb",1.05209264512558e-13,-0.87143919317794,8.22906383101082e-12,0.999997711160831,0.999999999942431
"Lrrc28",1.05093769985503e-13,-0.871687607826631,8.2110066726875e-12,0.999997713673427,0.999999999942431
"Rpl36al",1.04998324745624e-13,-0.871893102125659,8.19609911677396e-12,0.999997715749849,0.999999999942431
"Lrsam1",1.04996709646172e-13,-0.87189658103105,8.19584697154382e-12,0.999997715784985,0.999999999942431
"Mospd3",1.0494879017782e-13,-0.871999823020881,8.18836767034649e-12,0.999997716827479,0.999999999942431
"Tmem151a",1.04870088211045e-13,-0.872169486477356,8.17609122573848e-12,0.999997718539649,0.999999999942431
"Hapln1",1.04666010474659e-13,-0.872610016962345,8.14430075608561e-12,0.999997722979382,0.999999999942431
"Acp2",1.04633442120462e-13,-0.87268039868687,8.13923310895051e-12,0.99999772368791,0.999999999942431
"Mark2",1.04572609304677e-13,-0.872811919096357,8.12977172593885e-12,0.999997725011335,0.999999999942431
"Nudt18",1.04479585111208e-13,-0.873013183141333,8.11531422910375e-12,0.999997727035087,0.999999999942431
"Alg6",1.04444926249475e-13,-0.873088215080721,8.10993095922859e-12,0.999997727789094,0.999999999942431
"Gdf11",1.04409265898432e-13,-0.87316544074278,8.10439400067206e-12,0.999997728564889,0.999999999942431
"Grin3a",1.0440365151018e-13,-0.873177601569409,8.10352243068826e-12,0.999997728687031,0.999999999942431
"Zfp422",1.04220443863449e-13,-0.873574785572909,8.07510724327889e-12,0.999997732672733,0.999999999942431
"Rps10",1.04048950913752e-13,-0.873947197056979,8.04855420709978e-12,0.999997736403581,0.999999999942431
"Rbbp7",1.03815826903145e-13,-0.874454417322143,8.01252867755506e-12,0.99999774147522,0.999999999942431
"Kdm4b",1.03605196421128e-13,-0.874913663876191,7.98004864498571e-12,0.999997746057509,0.999999999942431
"Mink1",1.03531393982359e-13,-0.875074796273051,7.96868363037886e-12,0.999997747663089,0.999999999942431
"Rps7",1.03416694751301e-13,-0.875325443294651,7.95103689439673e-12,0.999997750158384,0.999999999942431
"Ptprg",1.03400310055407e-13,-0.87536127039859,7.94851766862057e-12,0.999997750514835,0.999999999942431
"2810006K23Rik",1.03339154442896e-13,-0.875495043940272,7.93911822452578e-12,0.999997751845282,0.999999999942431
"Arhgef7",1.03300620855444e-13,-0.875579373507504,7.9331985773001e-12,0.999997752683584,0.999999999942431
"Tenm4",1.03131831284496e-13,-0.875949130135263,7.90729462435199e-12,0.99999775635562,0.999999999942431
"Dhx57",1.03011884420056e-13,-0.876212252984702,7.88891225613456e-12,0.999997758965077,0.999999999942431
"Naa50",1.02831520143733e-13,-0.87660848039802,7.86131093043802e-12,0.999997762888922,0.999999999942431
"Mrps23",1.02591416707875e-13,-0.87713700843813,7.82464271531548e-12,0.999997768112399,0.999999999942431
"Dpy19l1",1.02397670408337e-13,-0.877564382669266,7.79511657905021e-12,0.999997772327371,0.999999999942431
"Rab1b",1.02389178172545e-13,-0.877583133456457,7.79382367418776e-12,0.999997772512121,0.999999999942431
"Aars2",1.02366401867569e-13,-0.877633430924,7.79035661323072e-12,0.999997773007621,0.999999999942431
"Dsel",1.02361794561798e-13,-0.877643606691028,7.78965537246037e-12,0.999997773107854,0.999999999942431
"Mnat1",1.02137652102287e-13,-0.878139197384127,7.75557857819664e-12,0.999997777984098,0.999999999942431
"Psma2",1.02133407472174e-13,-0.878148592825439,7.75493397989888e-12,0.99999777807644,0.999999999942431
"Zhx3",1.02104619851128e-13,-0.878212324064695,7.75056293924177e-12,0.999997778702718,0.999999999942431
"Sec61g",1.02093810114018e-13,-0.878236259688171,7.74892193390808e-12,0.999997778937885,0.999999999942431
"H2afy",1.02000882572856e-13,-0.878442129032701,7.73482194992646e-12,0.999997780959534,0.999999999942431
"Cmc2",1.01826535421878e-13,-0.878828872777276,7.7084027342769e-12,0.999997784752476,0.999999999942431
"Tnks",1.01795248011199e-13,-0.878898344839096,7.70366646570134e-12,0.999997785433137,0.999999999942431
"Gm20604",1.01731442561322e-13,-0.879040086779644,7.69401214752165e-12,0.999997786821231,0.999999999942431
"Uck2",1.01527933622249e-13,-0.879492762291226,7.66325992273641e-12,0.999997791248591,0.999999999942431
"Fsd1",1.01340148286475e-13,-0.8799112573193,7.63493831783107e-12,0.999997795333882,0.999999999942431
"Numbl",1.01188393684914e-13,-0.880250013904568,7.61208914057118e-12,0.99999779863532,0.999999999942431
"Timm29",1.01142645302728e-13,-0.880352234717944,7.60520767860063e-12,0.999997799630581,0.999999999942431
"Map1s",1.01100546809791e-13,-0.880446340454223,7.59887798158223e-12,0.999997800546438,0.999999999942431
"Larp4b",1.01047198409231e-13,-0.880565649422955,7.59086059607327e-12,0.999997801707038,0.999999999942431
"Psma5",1.00927988307716e-13,-0.880832476851852,7.57296057517629e-12,0.999997804300467,0.999999999942431
"Tspyl3",1.0072060842469e-13,-0.881297395647683,7.54187175139653e-12,0.99999780881204,0.999999999942431
"Aldh7a1",1.00708139374818e-13,-0.881325379712867,7.54000452371655e-12,0.999997809083305,0.999999999942431
"Ficd",1.00379648454369e-13,-0.882063839133302,7.49089660498825e-12,0.999997816229661,0.999999999942431
"Pianp",1.00288134682025e-13,-0.882269989775747,7.47724428141945e-12,0.999997818220554,0.999999999942431
"Faap20",9.93661383564879e-14,-0.884357355961714,7.34039256095342e-12,0.999997838278686,0.999999999942431
"Tmem8",9.91193486193969e-14,-0.884919319145221,7.30397605163946e-12,0.999997843647624,0.999999999942431
"Elac2",9.90317755467303e-14,-0.885119062859159,7.29107546111864e-12,0.999997845552785,0.999999999942431
"Frmd3",9.89795928070193e-14,-0.885238168275924,7.28339372359623e-12,0.999997846688027,0.999999999942431
"1110051M20Rik",9.89738771969076e-14,-0.885251217733158,7.28255258380789e-12,0.99999784681237,0.999999999942431
"Asb13",9.8884600329354e-14,-0.88545514455926,7.26942042673433e-12,0.999997848754599,0.999999999942431
"Txnl4b",9.8757711442794e-14,-0.8857452975939,7.25077613141161e-12,0.99999785151508,0.999999999942431
"Ankrd6",9.85354924611379e-14,-0.886254325796124,7.21818227556477e-12,0.999997856349479,0.999999999942431
"Slc45a1",9.85131174459773e-14,-0.886305642062626,7.21490450028474e-12,0.99999785683625,0.999999999942431
"Brox",9.84852757170754e-14,-0.886369512083106,7.21082693102895e-12,0.99999785744195,0.999999999942431
"Dnajc18",9.83870463163726e-14,-0.886594996485726,7.19644991953387e-12,0.999997859578941,0.999999999942431
"Reps1",9.83066821234328e-14,-0.886779636665708,7.18469835845315e-12,0.999997861327273,0.999999999942431
"Mcfd2",9.81899908359596e-14,-0.887048005015601,7.16765182422727e-12,0.999997863865905,0.999999999942431
"Ctdnep1",9.77989455665793e-14,-0.887949634932535,7.11067463061959e-12,0.999997872373138,0.999999999942431
"Mfsd5",9.77272795985655e-14,-0.888115259919691,7.1002572040199e-12,0.999997873932239,0.999999999942431
"Cacnb1",9.74853739220763e-14,-0.888675206281041,7.06514998034478e-12,0.999997879194924,0.999999999942431
"Tspan31",9.74522324717899e-14,-0.888752026478239,7.06034701336968e-12,0.999997879915919,0.999999999942431
"Sart3",9.74276967115433e-14,-0.888808915719372,7.05679226311278e-12,0.999997880449698,0.999999999942431
"Casd1",9.70652558477297e-14,-0.88965092991699,7.0043859643964e-12,0.999997888334639,0.999999999942431
"Kctd9",9.69118028716719e-14,-0.890008362799887,6.98225664040582e-12,0.999997891673025,0.999999999942431
"Sar1a",9.6907900868601e-14,-0.890017458878641,6.98169439230888e-12,0.999997891757914,0.999999999942431
"Ube2e2",9.67906587418039e-14,-0.890290934157512,6.96481127876891e-12,0.999997894308529,0.999999999942431
"Lage3",9.66775623946978e-14,-0.890555048795163,6.94854453303324e-12,0.999997896768953,0.999999999942431
"Ecsit",9.65824077901684e-14,-0.890777500051753,6.93487309561713e-12,0.999997898839052,0.999999999942431
"Slc25a38",9.65016181407343e-14,-0.890966538780469,6.9232761256867e-12,0.999997900596639,0.999999999942431
"Arpp19",9.64135255336488e-14,-0.891172843532357,6.91064191119479e-12,0.999997902513104,0.999999999942431
"Mtmr1",9.63970398139524e-14,-0.891211472210195,6.90827881608596e-12,0.999997902871752,0.999999999942431
"Acap3",9.63111140201655e-14,-0.891412915597666,6.89596858783259e-12,0.999997904741077,0.999999999942431
"Slc39a3",9.63021543301853e-14,-0.891433930787171,6.8946856026368e-12,0.999997904935996,0.999999999942431
"Dck",9.62769676787658e-14,-0.891493017071617,6.89107963274792e-12,0.999997905483935,0.999999999942431
"P4ha1",9.62634693137722e-14,-0.891524689651577,6.88914746164656e-12,0.999997905777593,0.999999999942431
"Rps18",9.60647402401012e-14,-0.891991495281419,6.8607325140983e-12,0.999997910100966,0.999999999942431
"Nabp2",9.59835792999673e-14,-0.892182412559404,6.84914473940748e-12,0.999997911866631,0.999999999942431
"Snrnp25",9.59372763029029e-14,-0.892291403788379,6.84253820447656e-12,0.999997912873958,0.999999999942431
"Ranbp6",9.58295313056185e-14,-0.89254522238794,6.82717743346819e-12,0.999997915217963,0.999999999942431
"Fam135a",9.58240472404348e-14,-0.892558148913331,6.82639605398649e-12,0.999997915337269,0.999999999942431
"Myadm",9.57730354459154e-14,-0.892678424103802,6.81912994419791e-12,0.999997916447036,0.999999999942431
"Pcdh17",9.57671185408993e-14,-0.892692379021855,6.81828739185277e-12,0.999997916575759,0.999999999942431
"Gfra4",9.57344123531712e-14,-0.892769531339531,6.81363105235882e-12,0.999997917287286,0.999999999942431
"Msantd4",9.56620627618943e-14,-0.892940292903978,6.803336381186e-12,0.999997918861259,0.999999999942431
"Pwp1",9.55164781873251e-14,-0.893284292018779,6.78264464339199e-12,0.999997922028468,0.999999999942431
"Rtf1",9.54752323766535e-14,-0.893381844968424,6.77678816123848e-12,0.999997922925775,0.999999999942431
"Diras1",9.53523256654306e-14,-0.89367278561783,6.75935166772615e-12,0.999997925599624,0.999999999942431
"Tshz3",9.51849662909553e-14,-0.894069548229393,6.73564489182834e-12,0.999997929240546,0.999999999942431
"A830010M20Rik",9.50423256390925e-14,-0.894408252938158,6.71547244394467e-12,0.999997932343709,0.999999999942431
"Uqcrb",9.49929713287776e-14,-0.894525563021235,6.7084997304095e-12,0.999997933417417,0.999999999942431
"AU040320",9.49409457873177e-14,-0.894649287423973,6.70115354989633e-12,0.999997934549239,0.999999999942431
"Ccne1",9.48438793173945e-14,-0.894880304605445,6.68745819844858e-12,0.99999793666093,0.999999999942431
"Kcnq3",9.48170132827095e-14,-0.89494428667746,6.68367007761977e-12,0.999997937245404,0.999999999942431
"Slc5a5",9.4805204991822e-14,-0.894972414045518,6.68200544374628e-12,0.999997937502295,0.999999999942431
"Capza1",9.47483926016478e-14,-0.89510778955832,6.67399940745633e-12,0.999997938738254,0.999999999942431
"Acbd4",9.47472634041133e-14,-0.89511048107995,6.67384032889972e-12,0.99999793876282,0.999999999942431
"S1pr3",9.47124032865884e-14,-0.895193588181967,6.66893025444407e-12,0.999997939521206,0.999999999942431
"Dhps",9.46989667249759e-14,-0.895225629222202,6.66703818681677e-12,0.99999793981352,0.999999999942431
"Slc16a9",9.46636219310664e-14,-0.895309934393102,6.66206239619164e-12,0.99999794058245,0.999999999942431
"Cast",9.46539800624395e-14,-0.895332937775855,6.66070534988777e-12,0.99999794079221,0.999999999942431
"Utp3",9.4612977313832e-14,-0.895430787146934,6.65493595543103e-12,0.999997941684229,0.999999999942431
"Rora",9.44140267521602e-14,-0.895906159167447,6.62697760895459e-12,0.99999794601242,0.999999999942431
"Ndufv3",9.43397135745334e-14,-0.89608397630873,6.61654954081423e-12,0.999997947629112,0.999999999942431
"Golt1b",9.41832297540451e-14,-0.896458864030304,6.59461764802755e-12,0.999997951033435,0.999999999942431
"Fundc2",9.41554101187243e-14,-0.896525575720328,6.59072241607292e-12,0.999997951638654,0.999999999942431
"Fzd7",9.40705128611134e-14,-0.896729280185334,6.57884244019e-12,0.999997953485603,0.999999999942431
"D10Jhu81e",9.40075265296834e-14,-0.896880528223726,6.57003546313571e-12,0.999997954855878,0.999999999942431
"Atxn3",9.39537393135976e-14,-0.897009765693521,6.56251940916934e-12,0.999997956026024,0.999999999942431
"Tmem168",9.39112347289365e-14,-0.897111945382912,6.55658299687968e-12,0.999997956950716,0.999999999942431
"Polr3g",9.35773825800043e-14,-0.897916104750186,6.51004887272957e-12,0.999997964213707,0.999999999942431
"Ccdc30",9.34679670112667e-14,-0.898180272778864,6.4948339938629e-12,0.999997966594055,0.999999999942431
"Cpsf1",9.32733369141409e-14,-0.898650933401297,6.46781352702043e-12,0.999997970828254,0.999999999942431
"Cep104",9.32039429583195e-14,-0.898818978258783,6.45819319562291e-12,0.999997972337927,0.999999999942431
"Prmt6",9.31780848050889e-14,-0.898881628082422,6.45461021879936e-12,0.999997972900474,0.999999999942431
"Lztfl1",9.31583477135795e-14,-0.898929459171381,6.45187606215066e-12,0.999997973329857,0.999999999942431
"Lin7b",9.31098899539377e-14,-0.899046934642741,6.44516572101736e-12,0.999997974384061,0.999999999942431
"Esam",9.29693664225409e-14,-0.899387945068602,6.4257260245777e-12,0.999997977441165,0.999999999942431
"Pelo",9.29234470902835e-14,-0.899499488333916,6.41938001641267e-12,0.999997978440146,0.999999999942431
"Dtnbp1",9.29072991535693e-14,-0.899538726420225,6.41714913198752e-12,0.999997978791446,0.999999999942431
"Eif2b2",9.27511717784782e-14,-0.899918449586436,6.39559967707103e-12,0.999997982188014,0.999999999942431
"Tor1b",9.27116653675468e-14,-0.90001463450283,6.39015255713386e-12,0.99999798304748,0.999999999942431
"Mettl26",9.25360502634722e-14,-0.900442688301815,6.36596693916769e-12,0.999997986868006,0.999999999942431
"Negr1",9.25032085123544e-14,-0.9005228274647,6.3614490804291e-12,0.999997987582482,0.999999999942431
"Fbxl14",9.24491722022156e-14,-0.900654745837346,6.35401909309419e-12,0.999997988758048,0.999999999942431
"Ube2s",9.24491561242089e-14,-0.900654785099754,6.35401688301593e-12,0.999997988758398,0.999999999942431
"Scamp5",9.24407428765615e-14,-0.900675331131026,6.3528604530951e-12,0.999997988941429,0.999999999942431
"Snx16",9.2398501206748e-14,-0.900778517585564,6.34705578057715e-12,0.999997989860401,0.999999999942431
"Ap3m1",9.22959773539041e-14,-0.901029152788992,6.3329784181157e-12,0.999997992090819,0.999999999942431
"Trip11",9.22138169528783e-14,-0.901230204644513,6.32170840459736e-12,0.999997993878228,0.999999999942431
"Eif4a3",9.2125674611247e-14,-0.901446091172954,6.30962900269577e-12,0.999997995795774,0.999999999942431
"Plpp6",9.20886591935336e-14,-0.901536813549535,6.30455969635772e-12,0.999997996601048,0.999999999942431
"Ckap4",9.20293067102032e-14,-0.901682357692952,6.29643555399982e-12,0.999997997892268,0.999999999942431
"Rhot2",9.19792913449319e-14,-0.901805077232128,6.28959353897936e-12,0.999997998980358,0.999999999942431
"Gas6",9.18022340442861e-14,-0.902240040897995,6.26540229772703e-12,0.999998002832259,0.999999999942431
"Usp47",9.17973448553186e-14,-0.902252063541667,6.26473495187444e-12,0.999998002938624,0.999999999942431
"Zc3h7b",9.17150079100144e-14,-0.90245462714647,6.25350177710622e-12,0.999998004729873,0.999999999942431
"BC037034",9.16126363725721e-14,-0.902706729630042,6.23954935375163e-12,0.999998006956978,0.999999999942431
"Pfdn5",9.15887662335733e-14,-0.902765552712085,6.23629828462263e-12,0.999998007476275,0.999999999942431
"Trappc10",9.15737955486116e-14,-0.902802452620846,6.23425973709004e-12,0.999998007801964,0.999999999942431
"Arl3",9.15546402377249e-14,-0.902849675516687,6.2316518579974e-12,0.99999800821869,0.999999999942431
"Naa35",9.15492031382033e-14,-0.902863081176673,6.23091172936647e-12,0.999998008336975,0.999999999942431
"Gorasp2",9.15397692672029e-14,-0.902886343100541,6.22962764197258e-12,0.99999800854221,0.999999999942431
"Ralgds",9.14829789465474e-14,-0.903026425942438,6.22190044727511e-12,0.999998009777689,0.999999999942431
"Wbp11",9.14547202987623e-14,-0.903096162582612,6.21805721129918e-12,0.999998010392459,0.999999999942431
"Tmem109",9.14484605359153e-14,-0.903111613288524,6.21720603092724e-12,0.999998010528641,0.999999999942431
"Rwdd1",9.14241173092597e-14,-0.903171708552076,6.21389647906131e-12,0.999998011058231,0.999999999942431
"Ssr2",9.13916645420631e-14,-0.90325184809294,6.20948577539765e-12,0.999998011764244,0.999999999942431
"Asic1",9.13548510181608e-14,-0.903342790151585,6.2044842905398e-12,0.999998012565126,0.999999999942431
"Senp3",9.13421225449779e-14,-0.903374242262471,6.20275546915093e-12,0.999998012842036,0.999999999942431
"Slmap",9.12292501234041e-14,-0.903653339712757,6.18743532028871e-12,0.999998015297588,0.999999999942431
"Ubr7",9.11886215902703e-14,-0.903753884439721,6.18192545489614e-12,0.999998016181466,0.999999999942431
"Wbscr27",9.10291621549228e-14,-0.904148931127363,6.16032397804937e-12,0.999998019650524,0.999999999942431
"Dpp7",9.09896192818338e-14,-0.90424700068786,6.15497307742592e-12,0.999998020510783,0.999999999942431
"Fkbp3",9.09428763096817e-14,-0.904362981294013,6.1486508653165e-12,0.999998021527682,0.999999999942431
"Nceh1",9.09185451888236e-14,-0.904423375945175,6.1453612496654e-12,0.999998022057008,0.999999999942431
"Pacsin1",9.08637699140852e-14,-0.904559397344807,6.13795874556627e-12,0.99999802324865,0.999999999942431
"Rapgef1",9.0713716547594e-14,-0.904932433795726,6.11770290802111e-12,0.999998026513078,0.999999999942431
"Rps27l",9.0494356505353e-14,-0.905478864660471,6.08815154444697e-12,0.99999803128528,0.999999999942431
"Kctd3",9.03768552530473e-14,-0.905772100343864,6.07235164200641e-12,0.999998033841532,0.999999999942431
"Pex3",9.03139600957867e-14,-0.905929215754404,6.06390282805323e-12,0.999998035209823,0.999999999942431
"Ephb6",9.02838071570037e-14,-0.906004577643411,6.05985441809298e-12,0.999998035865804,0.999999999942431
"Ppp1r26",9.02700493578573e-14,-0.906038971052008,6.05800771024088e-12,0.999998036165106,0.999999999942431
"Cmip",9.02306052190697e-14,-0.906137606934124,6.05271468797011e-12,0.999998037023218,0.999999999942431
"Mcl1",9.0228928963142e-14,-0.906141799600805,6.05248980186617e-12,0.999998037059685,0.999999999942431
"Rpgrip1l",9.02045988295435e-14,-0.906202663002411,6.04922614722215e-12,0.99999803758899,0.999999999942431
"Wdr45b",9.0203273206864e-14,-0.906205979598173,6.04904835290666e-12,0.999998037617829,0.999999999942431
"Zfx",9.01512154358486e-14,-0.906336261750196,6.04206835992224e-12,0.999998038750351,0.999999999942431
"Sox4",9.01424445453047e-14,-0.906358219482299,6.04089274089025e-12,0.999998038941163,0.999999999942431
"Etv5",9.00817969755875e-14,-0.906510107010219,6.03276688584594e-12,0.999998040260558,0.999999999942431
"Ppa1",9.00446184259316e-14,-0.906603267902745,6.02778822764012e-12,0.999998041069381,0.999999999942431
"Vps51",8.97701509749208e-14,-0.907292195967457,5.99109730174449e-12,0.999998047040451,0.999999999942431
"Eml4",8.97431176990269e-14,-0.907360163259894,5.98748954129319e-12,0.999998047628563,0.999999999942431
"Rad23a",8.97304781399905e-14,-0.907391948672878,5.98580308554956e-12,0.999998047903538,0.999999999942431
"Arf4",8.97195725817597e-14,-0.907419377043992,5.98434818285455e-12,0.999998048140789,0.999999999942431
"Fam131b",8.94815727887022e-14,-0.908018786101832,5.952640841916e-12,0.999998053318501,0.999999999942431
"Pdp1",8.94532487596514e-14,-0.908090225596093,5.94887300273836e-12,0.999998053934694,0.999999999942431
"Rpl32",8.94493814241765e-14,-0.908099981605885,5.94835863818251e-12,0.999998054018828,0.999999999942431
"Faf1",8.94438762611844e-14,-0.90811387003084,5.94762647714082e-12,0.999998054138593,0.999999999942431
"Aldh2",8.93630849930212e-14,-0.908317787241666,5.93688679792209e-12,0.999998055896216,0.999999999942431
"Rgl1",8.93363401128926e-14,-0.908385331384215,5.93333370739351e-12,0.999998056478054,0.999999999942431
"Ube2g2",8.93112095129831e-14,-0.908448816836419,5.92999604518285e-12,0.999998057024773,0.999999999942431
"Adar",8.92842717522339e-14,-0.908516887138248,5.9264194118504e-12,0.999998057610807,0.999999999942431
"Wdr4",8.92635309504256e-14,-0.908569311850648,5.92366630851001e-12,0.999998058062025,0.999999999942431
"Pqlc1",8.91967958723828e-14,-0.908738073806145,5.91481233295551e-12,0.999998059513854,0.999999999942431
"Rab9",8.9179056312742e-14,-0.908782955158476,5.91245987777589e-12,0.999998059899781,0.999999999942431
"Paqr7",8.90695544628508e-14,-0.909060191508001,5.89794912069775e-12,0.999998062282005,0.999999999942431
"Ppa2",8.90146133560754e-14,-0.909199417815369,5.89067525669356e-12,0.999998063477255,0.999999999942431
"Fam13b",8.89061780913868e-14,-0.909474452525936,5.87633226629849e-12,0.999998065836276,0.999999999942431
"Serpinb8",8.88845225398287e-14,-0.909529419188799,5.87346992937572e-12,0.999998066307395,0.999999999942431
"H2-K1",8.88093066183988e-14,-0.909720436753117,5.86353363182743e-12,0.999998067943726,0.999999999942431
"Ifi35",8.85912168763428e-14,-0.91027519829333,5.83477073670026e-12,0.999998072688292,0.999999999942431
"Zfp365",8.83043786157987e-14,-0.911006891250648,5.79704857593295e-12,0.99999807892849,0.999999999942431
"Tug1",8.82531401980651e-14,-0.911137841492169,5.79032307884545e-12,0.999998080043188,0.999999999942431
"Ccdc184",8.81158401858673e-14,-0.911489109626103,5.77232047843478e-12,0.999998083030165,0.999999999942431
"Gemin5",8.80949916187944e-14,-0.911542495757131,5.76958929245518e-12,0.999998083483728,0.999999999942431
"Spats2",8.8058632922691e-14,-0.911635627897161,5.76482780827545e-12,0.999998084274715,0.999999999942431
"mt-Co3",8.79986221978331e-14,-0.911789427244281,5.75697318679365e-12,0.999998085580255,0.999999999942431
"Serpine2",8.79577712590936e-14,-0.911894181828753,5.7516293946818e-12,0.999998086468972,0.999999999942431
"B3gnt2",8.79157932372566e-14,-0.912001876592413,5.74614075151749e-12,0.999998087382208,0.999999999942431
"Mrpl53",8.78499955675154e-14,-0.912170782807686,5.73754295183216e-12,0.999998088813644,0.999999999942431
"Wipf2",8.76259334699088e-14,-0.912746899525881,5.70831297913446e-12,0.99999809368814,0.999999999942431
"Tfb2m",8.74857845453132e-14,-0.913107994468705,5.6900678290411e-12,0.999998096737095,0.999999999942431
"Tmbim4",8.74755197762837e-14,-0.913134464149191,5.68873266800094e-12,0.999998096960406,0.999999999942431
"Ndufa12",8.74657595527548e-14,-0.913159635602696,5.68746327960458e-12,0.999998097172741,0.999999999942431
"Pnrc1",8.74643850887219e-14,-0.913163180544947,5.68728453189039e-12,0.999998097202642,0.999999999942431
"Dnajb2",8.73074992381781e-14,-0.913568173299769,5.66690013779147e-12,0.999998100615711,0.999999999942431
"Slc9a3r2",8.7225560883716e-14,-0.913779978283723,5.6562683229842e-12,0.999998102398289,0.999999999942431
"Rc3h1",8.71947098534487e-14,-0.913859776906304,5.65226787074315e-12,0.999998103069457,0.999999999942431
"Sowahc",8.71310653040597e-14,-0.914024486542,5.64401955489319e-12,0.999998104454051,0.999999999942431
"Luzp1",8.70987052674601e-14,-0.914108278563564,5.63982801281079e-12,0.999998105158047,0.999999999942431
"Tef",8.70419346666311e-14,-0.914255352690604,5.63247837244596e-12,0.999998106393098,0.999999999942431
"Mta1",8.70256115675598e-14,-0.914297658028203,5.63036603700514e-12,0.999998106748209,0.999999999942431
"Islr2",8.6916963511443e-14,-0.914579445774792,5.61631623132731e-12,0.999998109111859,0.999999999942431
"Zfp946",8.68208170633664e-14,-0.914829099374481,5.60389770746996e-12,0.999998111203536,0.999999999942431
"Orai2",8.66766609348295e-14,-0.91520392599879,5.58530388250276e-12,0.999998114339668,0.999999999942431
"Esd",8.66085676164096e-14,-0.915381192191545,5.57653168290676e-12,0.999998115821046,0.999999999942431
"Apex1",8.6432968505757e-14,-0.91583896128805,5.55394173987596e-12,0.999998119641224,0.999999999942431
"Rae1",8.60187634932939e-14,-0.916922394642708,5.50083796761506e-12,0.9999981286523,0.999999999942431
"Rtcb",8.59960013883552e-14,-0.916982082343616,5.49792711236685e-12,0.999998129147492,0.999999999942431
"Timm10b",8.585984606722e-14,-0.917339439860602,5.48053143299139e-12,0.999998132109566,0.999999999942431
"Uqcrc2",8.58261421046993e-14,-0.917427986610591,5.47622955313124e-12,0.999998132842799,0.999999999942431
"Elac1",8.57159704690479e-14,-0.917717667942305,5.46217933673057e-12,0.999998135239596,0.999999999942431
"Efna1",8.56486726571376e-14,-0.917894799055551,5.4536057089138e-12,0.999998136703667,0.999999999942431
"Ccdc25",8.5601485833377e-14,-0.91801907893218,5.4475982032477e-12,0.999998137730222,0.999999999942431
"Id3",8.55847243996288e-14,-0.918063241178446,5.44546504829313e-12,0.999998138094868,0.999999999942431
"Etv6",8.55157642928727e-14,-0.918245023822638,5.43669318939733e-12,0.999998139595103,0.999999999942431
"Ano4",8.54822453694717e-14,-0.918333433759984,5.43243207122681e-12,0.999998140324311,0.999999999942431
"Mob4",8.53195858894509e-14,-0.918762952454367,5.41177758653629e-12,0.999998143862986,0.999999999942431
"Sptbn4",8.53151991627816e-14,-0.918774547224292,5.41122110519568e-12,0.99999814395842,0.999999999942431
"Poldip2",8.52845341480608e-14,-0.918855615831895,5.40733187196951e-12,0.99999814462554,0.999999999942431
"Mmp24",8.52403471747739e-14,-0.918972482783687,5.40173011230392e-12,0.999998145586833,0.999999999942431
"Sgcb",8.52167428009963e-14,-0.919034936775871,5.39873888087746e-12,0.999998146100349,0.999999999942431
"Mrpl37",8.51633618704017e-14,-0.919176238451867,5.39197731189356e-12,0.999998147261657,0.999999999942431
"Acvr2a",8.503691781108e-14,-0.919511290171274,5.37597800528861e-12,0.999998150012461,0.999999999942431
"Med14",8.49807964784074e-14,-0.919660158015032,5.36888443934353e-12,0.999998151233387,0.999999999942431
"Nkiras1",8.4975872431806e-14,-0.919673224201114,5.36826227828215e-12,0.99999815134051,0.999999999942431
"Pcx",8.42773141250012e-14,-0.921534487750779,5.28036367437609e-12,0.999998166537723,0.999999999942431
"Cdk2ap1",8.41613757588475e-14,-0.921844869144796,5.2658455172431e-12,0.999998169059975,0.999999999942431
"Kpna3",8.40680069454937e-14,-0.922095135665058,5.25416811735998e-12,0.999998171091224,0.999999999942431
"Pik3c3",8.40369414225387e-14,-0.922178464708457,5.25028570529084e-12,0.999998171767058,0.999999999942431
"Pbx2",8.40298694349039e-14,-0.922197438598213,5.24940208452469e-12,0.99999817192091,0.999999999942431
"Gspt1",8.4019501295341e-14,-0.922225258792079,5.24810675523157e-12,0.99999817214647,0.999999999942431
"Ankra2",8.3798492771161e-14,-0.922819083914269,5.22053337485047e-12,0.999998176954535,0.999999999942431
"Josd1",8.37105840652829e-14,-0.923055714124178,5.20958593182e-12,0.999998178866998,0.999999999942431
"Scn8a",8.36322679421215e-14,-0.923266729747555,5.19984274995892e-12,0.999998180570774,0.999999999942431
"Ebf4",8.35943174937602e-14,-0.923369053847248,5.19512467653548e-12,0.99999818139639,0.999999999942431
"Timp3",8.35926537375971e-14,-0.923373540806657,5.19491788413753e-12,0.999998181432586,0.999999999942431
"Papd5",8.35907769924914e-14,-0.923378602278485,5.19468462375317e-12,0.999998181473414,0.999999999942431
"Gspt2",8.35646815556323e-14,-0.923448991758737,5.19144176825541e-12,0.999998182041123,0.999999999942431
"Nosip",8.35520032301876e-14,-0.923483197926348,5.18986661008884e-12,0.999998182316942,0.999999999942431
"Mphosph8",8.35381266256512e-14,-0.923520642921919,5.18814285139282e-12,0.999998182618829,0.999999999942431
"Shisa5",8.34886673858447e-14,-0.923654154941153,5.18200132893943e-12,0.99999818369482,0.999999999942431
"Ythdf1",8.33418309068081e-14,-0.924050990451933,5.16378957092994e-12,0.999998186889264,0.999999999942431
"Cab39l",8.31569100539916e-14,-0.924551733463291,5.14089991295632e-12,0.999998190912238,0.999999999942431
"Efnb2",8.30025472840418e-14,-0.924970570418237,5.12183169575669e-12,0.999998194270417,0.999999999942431
"Erp44",8.2918139522583e-14,-0.925199921347269,5.11141990620533e-12,0.999998196106717,0.999999999942431
"Ncan",8.28961238464631e-14,-0.925259779713654,5.10870599036835e-12,0.99999819658567,0.999999999942431
"Meis2",8.28004917105624e-14,-0.925519975740881,5.09692559258404e-12,0.999998198666158,0.999999999942431
"Adprm",8.27944060704933e-14,-0.925536543583881,5.09617639619407e-12,0.999998198798552,0.999999999942431
"Slc25a1",8.27654443104048e-14,-0.925615406948414,5.09261170068673e-12,0.999998199428618,0.999999999942431
"Rce1",8.26655192099789e-14,-0.925887713742165,5.08032221085698e-12,0.9999982016025,0.999999999942431
"Ccdc115",8.25897662061004e-14,-0.926094365305056,5.07101546875684e-12,0.999998203250515,0.999999999942431
"Dnajb12",8.25128984049218e-14,-0.926304249118793,5.06158048835285e-12,0.999998204922782,0.999999999942431
"Rsl24d1",8.24215439751738e-14,-0.926553938822624,5.05037880145442e-12,0.999998206910208,0.999999999942431
"Ugcg",8.23238755172717e-14,-0.92682118800741,5.03841662674534e-12,0.999998209034996,0.999999999942431
"Arhgap22",8.21493553130459e-14,-0.927299505145469,5.01707716808723e-12,0.999998212831702,0.999999999942431
"Mmp15",8.21284815219366e-14,-0.927356782165987,5.01452785737744e-12,0.999998213285814,0.999999999942431
"Get4",8.19467533911079e-14,-0.927856045700256,4.99236081986206e-12,0.999998217239329,0.999999999942431
"Dcbld1",8.19023527338127e-14,-0.927978194017241,4.98695233102503e-12,0.999998218205271,0.999999999942431
"Aar2",8.18721027687171e-14,-0.928061450507533,4.98326923108085e-12,0.999998218863362,0.999999999942431
"Racgap1",8.18632002083103e-14,-0.928085958657395,4.98218555442305e-12,0.999998219057038,0.999999999942431
"Ogfod2",8.17791474870038e-14,-0.928317479760981,4.97195992753503e-12,0.999998220885614,0.999999999942431
"Higd2a",8.17073306196153e-14,-0.928515483465644,4.96323120361215e-12,0.999998222447998,0.999999999942431
"Kif3a",8.13815132367301e-14,-0.929415943435469,4.92372721323449e-12,0.999998229536191,0.999999999942431
"Lpin2",8.13722533984121e-14,-0.929441586722101,4.92260680339563e-12,0.99999822973764,0.999999999942431
"Rab35",8.13547167509864e-14,-0.929490158876036,4.92048527635906e-12,0.999998230119152,0.999999999942431
"Zfp777",8.12072379785025e-14,-0.929899047353132,4.90266186260826e-12,0.999998233327569,0.999999999942431
"Itga3",8.11433236402345e-14,-0.930076478866903,4.89494759760096e-12,0.999998234718032,0.999999999942431
"Cttn",8.10103880781361e-14,-0.930445960817424,4.87892213657419e-12,0.99999823761006,0.999999999942431
"Dnajb9",8.0906481996502e-14,-0.930735174529777,4.86641449205488e-12,0.999998239870548,0.999999999942431
"Gpr108",8.07510612549496e-14,-0.931168459208272,4.84773575910262e-12,0.999998243251744,0.999999999942431
"Gzf1",8.07501969195805e-14,-0.931170871115987,4.84763198221135e-12,0.999998243270548,0.999999999942431
"Pxmp4",8.07262794840599e-14,-0.931237622262402,4.84476076308887e-12,0.999998243790874,0.999999999942431
"Nbr1",8.06449297157559e-14,-0.93146480729308,4.83500132450188e-12,0.999998245560647,0.999999999942431
"Ebpl",8.04612331526599e-14,-0.931978647951641,4.81299965448683e-12,0.999998249556986,0.999999999942431
"Atp6v0a1",8.04315703443595e-14,-0.932061729960647,4.8094515912947e-12,0.999998250202304,0.999999999942431
"Rnf126",8.04120665453389e-14,-0.932116374253403,4.80711939253814e-12,0.999998250626611,0.999999999942431
"Rusc2",8.04043524776989e-14,-0.932137990560643,4.80619712633981e-12,0.999998250794432,0.999999999942431
"Nmnat2",8.03863493580868e-14,-0.932188446734364,4.80404508227458e-12,0.999998251186091,0.999999999942431
"Rabif",8.03636292422799e-14,-0.932252138832196,4.8013298691367e-12,0.99999825168037,0.999999999942431
"Gpr37l1",8.01296433984093e-14,-0.932909114459956,4.77341157501906e-12,0.999998256770758,0.999999999942431
"Rer1",8.01084856765278e-14,-0.932968613445972,4.77089112998103e-12,0.999998257231047,0.999999999942431
"Ist1",7.99739709135944e-14,-0.933347253818087,4.75488242678765e-12,0.99999826015743,0.999999999942431
"Rps12-ps3",7.99285939239695e-14,-0.933475125396789,4.74948814570697e-12,0.999998261144611,0.999999999942431
"Pard6a",7.99272846156826e-14,-0.933478816067453,4.74933254448969e-12,0.999998261173096,0.999999999942431
"Qrsl1",7.98981404911426e-14,-0.933560982792685,4.74586964932289e-12,0.999998261807129,0.999999999942431
"Prep",7.97917732704358e-14,-0.933861117385119,4.7332418474337e-12,0.99999826412116,0.999999999942431
"Wdr5",7.97699547308647e-14,-0.933922731147204,4.73065365316929e-12,0.999998264595825,0.999999999942431
"Stac",7.97551390711561e-14,-0.933964578825404,4.72889656940843e-12,0.999998264918141,0.999999999942431
"Pum1",7.9753377333214e-14,-0.933969555464879,4.72868765535991e-12,0.999998264956468,0.999999999942431
"Abhd3",7.97216556341702e-14,-0.934059182951046,4.72492675694443e-12,0.999998265646577,0.999999999942431
"Pex13",7.96694308158442e-14,-0.934206817223375,4.71873828493911e-12,0.999998266782734,0.999999999942431
"Tmem246",7.96270527054905e-14,-0.934326685996687,4.71371959646742e-12,0.999998267704674,0.999999999942431
"Gtf2b",7.96044884781934e-14,-0.934390535796589,4.71104848491051e-12,0.999998268195561,0.999999999942431
"Svip",7.95791036929881e-14,-0.934462388238651,4.70804438580695e-12,0.99999826874781,0.999999999942431
"Maged2",7.95461874502394e-14,-0.934555592369144,4.70415042182921e-12,0.999998269463907,0.999999999942431
"Rad51d",7.95018248925968e-14,-0.934681267542568,4.69890491708016e-12,0.999998270429019,0.999999999942431
"Snx13",7.94739742995266e-14,-0.934760201126613,4.69561331046399e-12,0.999998271034912,0.999999999942431
"Rnf167",7.94242083380425e-14,-0.934901314735328,4.68973444135217e-12,0.999998272117576,0.999999999942431
"Fam234a",7.94016896848027e-14,-0.934965196034904,4.68707551569455e-12,0.999998272607471,0.999999999942431
"Cog7",7.93930616010897e-14,-0.934989677063408,4.68605694082864e-12,0.999998272795176,0.999999999942431
"Ddx1",7.93456431497882e-14,-0.935124267390916,4.68046100584626e-12,0.99999827382677,0.999999999942431
"Sobp",7.90693321861718e-14,-0.935910116551575,4.6479195623788e-12,0.999998279837946,0.999999999942431
"Smim10l1",7.9057780304103e-14,-0.935943029911299,4.64656155681585e-12,0.999998280089258,0.999999999942431
"Nenf",7.90424054484628e-14,-0.935986842956626,4.644754441408e-12,0.99999828042374,0.999999999942431
"Tyw5",7.89654893251499e-14,-0.936206153672742,4.635719223406e-12,0.999998282097058,0.999999999942431
"Man1b1",7.89433190481664e-14,-0.936269406824001,4.63311654842615e-12,0.999998282579375,0.999999999942431
"Babam1",7.8914104603063e-14,-0.93635278416802,4.62968804084445e-12,0.999998283214939,0.999999999942431
"Cox18",7.89044782894514e-14,-0.936380264108659,4.62855860749426e-12,0.99999828342436,0.999999999942431
"Tmem230",7.88980440694601e-14,-0.936398633521235,4.62780377200901e-12,0.999998283564337,0.999999999942431
"Limd2",7.87804398227226e-14,-0.936734648908381,4.61401778382458e-12,0.999998286122831,0.999999999942431
"Ccm2",7.87514034797758e-14,-0.93681768682071,4.61061720587914e-12,0.99999828675452,0.999999999942431
"Zxdb",7.84956643099928e-14,-0.937550354295811,4.58072057367298e-12,0.999998292318154,0.999999999942431
"Cyb561d2",7.84320291380485e-14,-0.937733028457266,4.57329655124406e-12,0.999998293702544,0.999999999942431
"Vkorc1l1",7.83808867785319e-14,-0.937879946103184,4.56733437165684e-12,0.999998294815151,0.999999999942431
"Chn2",7.8351006806242e-14,-0.937965826627065,4.56385276236366e-12,0.999998295465193,0.999999999942431
"Vps33a",7.83440410699223e-14,-0.937985852073128,4.56304130675942e-12,0.999998295616734,0.999999999942431
"Syt7",7.81769416307835e-14,-0.9384667647911,4.54359710942338e-12,0.999998299252001,0.999999999942431
"Dgkz",7.80891089786194e-14,-0.93871995398085,4.53339328223524e-12,0.99999830116281,0.999999999942431
"Cox19",7.7994660585789e-14,-0.938992527416947,4.52243368032955e-12,0.999998303217545,0.999999999942431
"Gosr1",7.79644048713317e-14,-0.93907991275677,4.51892567294567e-12,0.999998303875761,0.999999999942431
"Rgs7",7.78317742112924e-14,-0.939463375042662,4.50356383444157e-12,0.999998306761156,0.999999999942431
"Cdc73",7.78282444630531e-14,-0.939473589063893,4.50315536152118e-12,0.999998306837946,0.999999999942431
"Hira",7.76870862585654e-14,-0.939882432922396,4.48683529984347e-12,0.999998309908858,0.999999999942431
"Angel1",7.76761828843284e-14,-0.939914043400068,4.48557593451788e-12,0.999998310146062,0.999999999942431
"Snx18",7.76192330622253e-14,-0.940079220404697,4.47900096914464e-12,0.999998311385012,0.999999999942431
"Fam20b",7.759562753364e-14,-0.940147720804724,4.47627707961153e-12,0.999998311898553,0.999999999942431
"Slc4a8",7.75837052045342e-14,-0.940182325777126,4.47490165292009e-12,0.999998312157925,0.999999999942431
"Snrpd2",7.75350091639628e-14,-0.940323722183044,4.46928599933964e-12,0.999998313217312,0.999999999942431
"Snapc5",7.75295403413781e-14,-0.940339607214894,4.4686555519974e-12,0.999998313336287,0.999999999942431
"Gtf2e2",7.74586506815321e-14,-0.940545617115223,4.4604873971234e-12,0.9999983148785,0.999999999942431
"Fam69b",7.73039446711374e-14,-0.940995848989662,4.44268757539853e-12,0.999998318244146,0.999999999942431
"Dazap2",7.72274295199788e-14,-0.94121885502806,4.43389721726935e-12,0.999998319908741,0.999999999942431
"Rngtt",7.71131269620692e-14,-0.94155239989335,4.42078190990409e-12,0.999998322395406,0.999999999942431
"Fam63a",7.71011059818987e-14,-0.941587506490377,4.41940372718292e-12,0.999998322656924,0.999999999942431
"Ablim3",7.68747637148554e-14,-0.942249535770988,4.39349412235853e-12,0.999998327581025,0.999999999942431
"Mrps2",7.68608905602961e-14,-0.942290175894496,4.39190852728748e-12,0.999998327882837,0.999999999942431
"Otud6b",7.67691624723799e-14,-0.94255906699115,4.38143191232336e-12,0.999998329878392,0.999999999942431
"Snrpb2",7.67355642940312e-14,-0.942657635736743,4.37759766656359e-12,0.999998330609324,0.999999999942431
"Sfrp5",7.67354892757146e-14,-0.942657855869541,4.37758910730295e-12,0.999998330610956,0.999999999942431
"Ing1",7.65722949384543e-14,-0.943137234278913,4.3589891582957e-12,0.999998334161267,0.999999999942431
"Cnot7",7.65691533404886e-14,-0.943146472507019,4.35863148557447e-12,0.999998334229612,0.999999999942431
"Trpv1",7.65063386679559e-14,-0.943331264718266,4.3514830793233e-12,0.999998335596153,0.999999999942431
"Vta1",7.6495490953776e-14,-0.943363192363061,4.35024918683649e-12,0.999998335832146,0.999999999942431
"Cnst",7.63227553088537e-14,-0.943872200706675,4.33062463990198e-12,0.999998339590029,0.999999999942431
"Commd3",7.62199847591102e-14,-0.944175578776791,4.31896989734552e-12,0.999998341825813,0.999999999942431
"Pdlim5",7.62092181454185e-14,-0.94420738509538,4.31774981323499e-12,0.999998342060042,0.999999999942431
"Reep2",7.61703526325053e-14,-0.944322236982819,4.31334696605809e-12,0.999998342905566,0.999999999942431
"Prmt2",7.61006888598657e-14,-0.944528245812501,4.30546078452277e-12,0.999998344421109,0.999999999942431
"Rap2c",7.608942027539e-14,-0.94456158659857,4.3041858195453e-12,0.999998344666258,0.999999999942431
"Abca2",7.60635352838853e-14,-0.944638191939515,4.30125782083164e-12,0.999998345229389,0.999999999942431
"Fam162a",7.60351946813738e-14,-0.944722094021663,4.29805319647997e-12,0.999998345845942,0.999999999942431
"Ascc1",7.59818246320402e-14,-0.94488017928273,4.29202160000174e-12,0.999998347007013,0.999999999942431
"Rnf6",7.59631674319286e-14,-0.944935468847147,4.28991406244608e-12,0.999998347412903,0.999999999942431
"Cdc42se1",7.59577080953733e-14,-0.944951649816501,4.28929746774968e-12,0.999998347531671,0.999999999942431
"Pcyox1l",7.58227372476377e-14,-0.945352055983579,4.274067525368e-12,0.999998350467977,0.999999999942431
"Parp6",7.57989290636219e-14,-0.945422758542376,4.27138384989108e-12,0.999998350985927,0.999999999942431
"Hmox2",7.57573544042758e-14,-0.945546274269955,4.26669954550201e-12,0.999998351890388,0.999999999942431
"Uspl1",7.55451490682167e-14,-0.946177766138923,4.24282996006987e-12,0.999998356506938,0.999999999942431
"Pck2",7.54804421717889e-14,-0.946370672345165,4.23556482694714e-12,0.999998357914644,0.999999999942431
"Cdk2ap2",7.53680213071424e-14,-0.946706212975034,4.22295728929162e-12,0.999998360360373,0.999999999942431
"Fam129b",7.5308133840197e-14,-0.946885159589916,4.21624882772988e-12,0.999998361663231,0.999999999942431
"Frg1",7.52777980268705e-14,-0.946975857995612,4.21285271180767e-12,0.99999836232319,0.999999999942431
"Pqlc3",7.51424152396415e-14,-0.947381066982876,4.19771319156528e-12,0.999998365268457,0.999999999942431
"Dusp7",7.51411352281209e-14,-0.947384901569941,4.19757018111069e-12,0.999998365296304,0.999999999942431
"Mesdc1",7.5129278767718e-14,-0.947420423553796,4.19624562304972e-12,0.999998365554243,0.999999999942431
"Rfc1",7.51009628240427e-14,-0.947505280557192,4.19308312062381e-12,0.999998366170259,0.999999999942431
"Akap6",7.49083546660878e-14,-0.94808332566721,4.17160306632792e-12,0.999998370360471,0.999999999942431
"Cnot11",7.49020977545204e-14,-0.948102128136285,4.17090620783983e-12,0.999998370496591,0.999999999942431
"Elp2",7.48930573272228e-14,-0.948129298005731,4.16989944034123e-12,0.999998370693266,0.999999999942431
"Ptger4",7.48671382979657e-14,-0.948207212324332,4.16701369772899e-12,0.999998371257138,0.999999999942431
"Mgat2",7.48347949419684e-14,-0.948304475904173,4.16341409185617e-12,0.999998371960771,0.999999999942431
"Zdhhc4",7.4823152016379e-14,-0.948339498886279,4.16211869044168e-12,0.999998372214064,0.999999999942431
"Bloc1s1",7.4759021329144e-14,-0.948532506206703,4.15498707043269e-12,0.999998373609234,0.999999999942431
"Ddr1",7.45584369865442e-14,-0.949137239134358,4.13272066666478e-12,0.999998377972969,0.999999999942431
"Pknox2",7.44589792142233e-14,-0.949437685143616,4.12170227468391e-12,0.999998380136684,0.999999999942431
"Ube2r2",7.44101955835119e-14,-0.949585197355162,4.11630317479589e-12,0.999998381197977,0.999999999942431
"Cebpb",7.440168060071e-14,-0.949610954781167,4.11536114675758e-12,0.999998381383221,0.999999999942431
"Cdc42ep4",7.43302756691206e-14,-0.949827065823406,4.10746573180937e-12,0.999998382936643,0.999999999942431
"Csdc2",7.40024345147338e-14,-0.950821930198276,4.07131285477987e-12,0.999998390068864,0.999999999942431
"Ptprz1",7.39017392552709e-14,-0.951128371784189,4.06024070589814e-12,0.9999983922595,0.999999999942431
"Sun2",7.38909956584407e-14,-0.951161091616547,4.05906026227573e-12,0.999998392493229,0.999999999942431
"Lsm6",7.38398599222565e-14,-0.951316890815522,4.0534441188845e-12,0.999998393605692,0.999999999942431
"Gng8",7.37692254447944e-14,-0.95153227339059,4.04569285918501e-12,0.999998395142353,0.999999999942431
"Rida",7.37549418657344e-14,-0.951575852390055,4.04412631489905e-12,0.999998395453094,0.999999999942431
"Cnppd1",7.37445943814134e-14,-0.951607427617626,4.04299164928512e-12,0.999998395678204,0.999999999942431
"Impdh2",7.37213066580934e-14,-0.951678505815123,4.04043858880349e-12,0.999998396184832,0.999999999942431
"Ddx52",7.36997450720811e-14,-0.951744335280517,4.0380754857012e-12,0.999998396653906,0.999999999942431
"Tbx3",7.36736691807122e-14,-0.951823972700654,4.03521854800061e-12,0.99999839722119,0.999999999942431
"Soat1",7.35778549585422e-14,-0.952116834255547,4.02472959259767e-12,0.999998399305639,0.999999999942431
"Tmem127",7.35031071974627e-14,-0.95234556620615,4.01655629875289e-12,0.999998400931785,0.999999999942431
"Gpi1",7.34755133787536e-14,-0.952430062659178,4.01354115213363e-12,0.999998401532091,0.999999999942431
"St3gal2",7.3411193488971e-14,-0.952627141432907,4.0065173826844e-12,0.999998402931378,0.999999999942431
"Slk",7.34009025650462e-14,-0.952658689042944,4.00539417861361e-12,0.999998403155258,0.999999999942431
"Wdtc1",7.33648839105884e-14,-0.952769141322081,4.00146415850071e-12,0.999998403938848,0.999999999942431
"Flrt3",7.32285345593482e-14,-0.953187745528824,3.98660445957504e-12,0.999998406905143,0.999999999942431
"Cript",7.31941291510723e-14,-0.953293494509373,3.98285923830698e-12,0.999998407653636,0.999999999942431
"Peak1",7.31121372090671e-14,-0.953545703880206,3.97394105155735e-12,0.99999840943738,0.999999999942431
"Aftph",7.30783792583576e-14,-0.953649625281385,3.97027213582484e-12,0.999998410171788,0.999999999942431
"Urod",7.3048217996537e-14,-0.95374251458169,3.96699555232558e-12,0.99999841082795,0.999999999942431
"Mapk11",7.28990705724553e-14,-0.954202408695872,3.95081273059488e-12,0.999998414072668,0.999999999942431
"Upf1",7.2855008294131e-14,-0.954338451683258,3.94603820607023e-12,0.999998415031248,0.999999999942431
"Eif2b5",7.27841681471721e-14,-0.954557341918308,3.93836812190113e-12,0.999998416572383,0.999999999942431
"Dut",7.27135032229961e-14,-0.954775900109001,3.93072444357872e-12,0.999998418109707,0.999999999942431
"Mdp1",7.27133348843207e-14,-0.954776421010467,3.93070624359795e-12,0.999998418113369,0.999999999942431
"Bsdc1",7.26576637676669e-14,-0.954948753069499,3.92468965705089e-12,0.9999984193245,0.999999999942431
"Tlk1",7.25686167204825e-14,-0.955224672444348,3.91507558884018e-12,0.999998421261728,0.999999999942431
"Cog8",7.23743129697375e-14,-0.955827898862114,3.89413828857754e-12,0.999998425488828,0.999999999942431
"Atp5j",7.23382804208434e-14,-0.955939939335884,3.89026175300939e-12,0.99999842627272,0.999999999942431
"Clip2",7.2304411539529e-14,-0.956045302230456,3.88661975411196e-12,0.999998427009541,0.999999999942431
"Larp6",7.22774181779233e-14,-0.956129310884894,3.88371831707175e-12,0.999998427596785,0.999999999942431
"Abhd17a",7.22236521083061e-14,-0.956296733689586,3.87794238847497e-12,0.999998428766472,0.999999999942431
"Pnmal2",7.2178779016768e-14,-0.956436558651998,3.87312509662635e-12,0.999998429742691,0.999999999942431
"Golga5",7.21730672829931e-14,-0.956454362615394,3.8725121357415e-12,0.99999842986695,0.999999999942431
"Arhgef18",7.21219455735923e-14,-0.956613775252401,3.86702811422116e-12,0.999998430979109,0.999999999942431
"Lamtor2",7.20713888085196e-14,-0.956771535835196,3.86160851809084e-12,0.999998432078977,0.999999999942431
"Msh2",7.20123163757118e-14,-0.956956007546052,3.85528087191087e-12,0.999998433364104,0.999999999942431
"Triqk",7.19515014725971e-14,-0.957146076588015,3.84877199833014e-12,0.999998434687139,0.999999999942431
"Sec62",7.1910810548105e-14,-0.957273339230482,3.84442001668956e-12,0.999998435572374,0.999999999942431
"Llph",7.18796419473121e-14,-0.957370868422387,3.84108813310482e-12,0.999998436250451,0.999999999942431
"Tex2",7.18459392263082e-14,-0.957476374023488,3.83748698070836e-12,0.999998436983657,0.999999999942431
"Chrnb2",7.18104752809971e-14,-0.957587445800823,3.83369946421065e-12,0.999998437755179,0.999999999942431
"Tmem87b",7.17510834982091e-14,-0.957773579876863,3.82736066509032e-12,0.999998439047254,0.999999999942431
"Kit",7.16810211754289e-14,-0.957993350869808,3.81988975750143e-12,0.999998440571467,0.999999999942431
"Zkscan1",7.16792418849047e-14,-0.957998934892879,3.81970012266691e-12,0.999998440610176,0.999999999942431
"Ddit4",7.16609286548029e-14,-0.958056416024807,3.81774859222158e-12,0.999998441008582,0.999999999942431
"Plpp1",7.16084992991719e-14,-0.958221060166291,3.81216426949479e-12,0.999998442149189,0.999999999942431
"Cdh13",7.15492951895966e-14,-0.958407122046133,3.8058632718889e-12,0.999998443437181,0.999999999942431
"Pdcd4",7.15216935000763e-14,-0.958493918289159,3.80292744998347e-12,0.999998444037659,0.999999999942431
"Rplp2",7.14033955511962e-14,-0.9588662923873,3.79035765633952e-12,0.999998446611244,0.999999999942431
"Usp8",7.1401929041315e-14,-0.958870912431335,3.79020196234678e-12,0.999998446643148,0.999999999942431
"Txnl4a",7.12689109193891e-14,-0.959290357897691,3.77609321385018e-12,0.999998449536972,0.999999999942431
"Nudt19",7.12087130866319e-14,-0.959480433229376,3.76971689564485e-12,0.999998450846582,0.999999999942431
"Ppm1l",7.11836688396245e-14,-0.959559557391723,3.76706572797317e-12,0.999998451391423,0.999999999942431
"Fez2",7.11391584989949e-14,-0.959700250003795,3.76235619390931e-12,0.99999845235975,0.999999999942431
"Rpl7a",7.11084383805488e-14,-0.959797403774288,3.75910748884133e-12,0.999998453028069,0.999999999942431
"Klf6",7.107900382697e-14,-0.959890530717753,3.75599605080047e-12,0.999998453668422,0.999999999942431
"Pik3cd",7.10210894778531e-14,-0.960073874941313,3.7498778601675e-12,0.999998454928354,0.999999999942431
"Fem1a",7.09927370726325e-14,-0.960163686240488,3.74688447226742e-12,0.999998455545164,0.999999999942431
"Tmem229a",7.0752761869434e-14,-0.960925270014083,3.72159626124187e-12,0.999998460765851,0.999999999942431
"Slc15a4",7.06802896146428e-14,-0.961155768275286,3.71397608270108e-12,0.999998462342493,0.999999999942431
"Bloc1s6",7.06604082546339e-14,-0.961219041743473,3.71188699927906e-12,0.999998462775014,0.999999999942431
"Tbc1d22a",7.06402293087857e-14,-0.961283280246222,3.70976724725708e-12,0.99999846321401,0.999999999942431
"Mrpl50",7.06287683086928e-14,-0.961319773731653,3.70856356504792e-12,0.999998463463345,0.999999999942431
"Tpst2",7.05854844700277e-14,-0.961457648432221,3.70401947672800e-12,0.99999846440499,0.999999999942431
"Pik3cb",7.05834769198069e-14,-0.961464045229361,3.70380878470176e-12,0.999998464448664,0.999999999942431
"Zbtb14",7.05827282110611e-14,-0.96146643093813,3.70373020939085e-12,0.999998464464952,0.999999999942431
"Ado",7.03440919667395e-14,-0.962228103112424,3.67872833781202e-12,0.99999846965651,0.999999999942431
"Mthfd1l",7.02785831825281e-14,-0.962437637832528,3.67187980790274e-12,0.999998471081661,0.999999999942431
"Fam98c",6.99325874602233e-14,-0.963547535459163,3.63581398825087e-12,0.999998478608836,0.999999999942431
"Enox2",6.99289428317387e-14,-0.963559255624515,3.63543502770027e-12,0.999998478688125,0.999999999942431
"Trim28",6.97830520489092e-14,-0.964028897219474,3.6202818397375e-12,0.999998481861995,0.999999999942431
"Pim3",6.97595452485783e-14,-0.964104659244657,3.61784322731107e-12,0.999998482373389,0.999999999942431
"Akt3",6.96784070266693e-14,-0.964366359910161,3.60943220191308e-12,0.99999848413856,0.999999999942431
"Txndc5",6.96008945438113e-14,-0.964616647013624,3.6014061735434e-12,0.999998485824852,0.999999999942431
"Morn4",6.9487516920853e-14,-0.964983237768134,3.58968257990942e-12,0.999998488291395,0.999999999942431
"Cldn12",6.93045152767639e-14,-0.965576194130739,3.57079997144125e-12,0.999998492272616,0.999999999942431
"Sec22b",6.9281765445741e-14,-0.965650015303557,3.56845606173878e-12,0.999998492767541,0.999999999942431
"Spata13",6.92752671952051e-14,-0.965671105935579,3.56778668982313e-12,0.999998492908911,0.999999999942431
"Pole4",6.92154113654602e-14,-0.965865464973288,3.56162401204765e-12,0.999998494211081,0.999999999942431
"Exoc2",6.9204752590133e-14,-0.965900092673672,3.56052715727532e-12,0.999998494442964,0.999999999942431
"Borcs6",6.9028707244513e-14,-0.966472781996383,3.54243542353913e-12,0.99999849827285,0.999999999942431
"Rab5b",6.89588503469119e-14,-0.966700431157168,3.53526917800927e-12,0.999998499792595,0.999999999942431
"Dennd4b",6.89266698054263e-14,-0.966805377387118,3.53197038951499e-12,0.999998500492686,0.999999999942431
"Asb8",6.87397671631599e-14,-0.96741585550335,3.51284166664511e-12,0.999998504558773,0.999999999942431
"Galnt13",6.86602455101269e-14,-0.967676092689461,3.50471870067321e-12,0.999998506288776,0.999999999942431
"Sdf2",6.85997751766459e-14,-0.967874182805953,3.49854807949246e-12,0.999998507604315,0.999999999942431
"Dhdds",6.84617175787808e-14,-0.96832708108031,3.48448053711964e-12,0.999998510607773,0.999999999942431
"Pdcl3",6.83921756765085e-14,-0.968555554608154,3.4774052155177e-12,0.999998512120665,0.999999999942431
"Rpusd4",6.83208316677377e-14,-0.968790186954169,3.47015401679931e-12,0.999998513672761,0.999999999942431
"Zfp580",6.83181385965962e-14,-0.968799048512928,3.46988044906827e-12,0.999998513731349,0.999999999942431
"Kcnt1",6.82384461890688e-14,-0.969061432636991,3.46179001066345e-12,0.999998515465067,0.999999999942431
"Psmf1",6.8234436593449e-14,-0.969074642054985,3.46138320274085e-12,0.999998515552296,0.999999999942431
"Ctsa",6.81048067219378e-14,-0.969502114229188,3.44824401761297e-12,0.999998518372408,0.999999999942431
"Ankrd39",6.80218528512286e-14,-0.969776087083408,3.43984898660131e-12,0.999998520177079,0.999999999942431
"Il4ra",6.7899907021442e-14,-0.970179437884573,3.42752649859497e-12,0.999998522830024,0.999999999942431
"Tmem115",6.7860048301486e-14,-0.970311430389042,3.42350361472603e-12,0.999998523697154,0.999999999942431
"Rpap2",6.78461122568018e-14,-0.970357597760872,3.42209762691538e-12,0.999998524000335,0.999999999942431
"Timm22",6.76860347073079e-14,-0.970888574727125,3.40596833851784e-12,0.999998527482839,0.999999999942431
"Lsm14a",6.76541731020875e-14,-0.970994407352683,3.40276253461639e-12,0.999998528175992,0.999999999942431
"2310061I04Rik",6.75633912592819e-14,-0.971296221213629,3.39363665858084e-12,0.999998530150961,0.999999999942431
"Zdhhc15",6.74794635300431e-14,-0.971575603765714,3.38521069563104e-12,0.999998531976818,0.999999999942431
"Cog4",6.74447017308122e-14,-0.971691420823454,3.38172383612692e-12,0.999998532733065,0.999999999942431
"Gmps",6.7326553110049e-14,-0.972085501012529,3.36988610721914e-12,0.999998535303401,0.999999999942431
"Grb10",6.73004008586995e-14,-0.972172823009097,3.36726862606663e-12,0.999998535872346,0.999999999942431
"Itga7",6.72959981317119e-14,-0.972187526942373,3.36682807357834e-12,0.999998535968128,0.999999999942431
"Psd3",6.71641603952206e-14,-0.9726282698171,3.35364927504498e-12,0.999998538836273,0.999999999942431
"Isg20l2",6.71317298122332e-14,-0.972736818272089,3.35041140107735e-12,0.999998539541804,0.999999999942431
"Patz1",6.71000620465302e-14,-0.972842863405404,3.34725119595547e-12,0.999998540230739,0.999999999942431
"Stard13",6.70851052585095e-14,-0.972892966022645,3.34575913930611e-12,0.999998540556126,0.999999999942431
"Cyp2u1",6.70786842142813e-14,-0.972914478774126,3.34511869194621e-12,0.999998540695816,0.999999999942431
"Tmem123",6.70417727603815e-14,-0.973038184495753,3.34143826130047e-12,0.999998541498829,0.999999999942431
"Ppat",6.69212118688147e-14,-0.973442702866855,3.32943128294552e-12,0.999998544121645,0.999999999942431
"Cerk",6.69065409893413e-14,-0.973491977150268,3.32797164617035e-12,0.999998544440811,0.999999999942431
"Kbtbd3",6.66725346074384e-14,-0.974279365047551,3.30473311911429e-12,0.999998549531646,0.999999999942431
"Ncbp2",6.66011470045354e-14,-0.974520113523425,3.29766002142848e-12,0.999998551084691,0.999999999942431
"Trip4",6.65386820615036e-14,-0.974730979916912,3.29147719855176e-12,0.999998552443623,0.999999999942431
"Ass1",6.64774697932896e-14,-0.974937807021645,3.28542399450133e-12,0.999998553775303,0.999999999942431
"Hmgb3",6.64758534046704e-14,-0.97494327110154,3.28526422736795e-12,0.999998553810467,0.999999999942431
"Phactr2",6.62762985816713e-14,-0.975618859552925,3.26556966837094e-12,0.999998558151804,0.999999999942431
"Eif3b",6.61757512057601e-14,-0.975960020728932,3.25566883192343e-12,0.999998560339224,0.999999999942431
"Enc1",6.61396338010781e-14,-0.976082693275797,3.25211604352464e-12,0.999998561124962,0.999999999942431
"Pnpla2",6.61119369913837e-14,-0.976176810077205,3.2493928842227e-12,0.999998561727509,0.999999999942431
"Ryr2",6.6091207306285e-14,-0.976247277264963,3.24735548117627e-12,0.999998562178486,0.999999999942431
"Aldoc",6.58528112887997e-14,-0.9770592357535,3.22397081551079e-12,0.999998567364817,0.999999999942431
"Rnf44",6.57725258658307e-14,-0.977333334224576,3.21611450467124e-12,0.999998569111436,0.999999999942431
"Ppp1r37",6.56469457444174e-14,-0.977762733336688,3.20384511168029e-12,0.999998571843445,0.999999999942431
"Ube2d-ps",6.5642344209221e-14,-0.977778482853985,3.20339597915218e-12,0.999998571943552,0.999999999942431
"Alkbh6",6.56362072156556e-14,-0.977799489426297,3.20279702730899e-12,0.999998572077063,0.999999999942431
"Mier2",6.55583571753205e-14,-0.978066133819481,3.19520396181888e-12,0.999998573770699,0.999999999942431
"Dnajc2",6.55489698164517e-14,-0.978098307579355,3.19428897919669e-12,0.999998573974922,0.999999999942431
"Tusc2",6.55158794840291e-14,-0.978211755957647,3.19106472091186e-12,0.999998574694806,0.999999999942431
"Mib1",6.55042156263163e-14,-0.978251758317359,3.18992860514932e-12,0.999998574948554,0.999999999942431
"Ube2d3",6.54575626112182e-14,-0.97841182972667,3.18538640003496e-12,0.999998575963496,0.999999999942431
"Vps45",6.53490364139201e-14,-0.978784630161898,3.17483265247541e-12,0.999998578324495,0.999999999942431
"Creg1",6.52222715589194e-14,-0.97922085628244,3.16252744103782e-12,0.999998581082279,0.999999999942431
"Epn3",6.52085813415562e-14,-0.97926801737791,3.16119994528685e-12,0.999998581380111,0.999999999942431
"Sf3b6",6.51958151745178e-14,-0.979312004032122,3.15996230277604e-12,0.99999858165784,0.999999999942431
"Siae",6.50661840258721e-14,-0.979759138098892,3.1474086656622e-12,0.99999858447798,0.999999999942431
"Lman2",6.50579191172969e-14,-0.979787675856716,3.14660912921693e-12,0.999998584657784,0.999999999942431
"Tpgs1",6.50425106720488e-14,-0.97984088895252,3.14511880755963e-12,0.999998584992997,0.999999999942431
"Slc22a23",6.50015816917329e-14,-0.97998229764631,3.14116182610583e-12,0.999998585883411,0.999999999942431
"Arhgap1",6.49691171540137e-14,-0.980094524333046,3.13802495163976e-12,0.999998586589681,0.999999999942431
"Rap2a",6.49360156634783e-14,-0.980209009847668,3.13482814533298e-12,0.999998587309807,0.999999999942431
"Phlpp1",6.49278074795986e-14,-0.980237407749277,3.13403568465251e-12,0.999998587488377,0.999999999942431
"Rhof",6.48439824164164e-14,-0.980527620637884,3.1259485132821e-12,0.999998589312001,0.999999999942431
"Daxx",6.47624208634014e-14,-0.980810352246874,3.11808974638521e-12,0.999998591086381,0.999999999942431
"Fam3c",6.47402047459749e-14,-0.98088742484479,3.11595085270234e-12,0.999998591569696,0.999999999942431
"Hmgn1",6.46776846200682e-14,-0.98110446094936,3.10993556202503e-12,0.999998592929828,0.999999999942431
"Ski",6.46676416569643e-14,-0.981139343974074,3.1089698334772e-12,0.999998593148314,0.999999999942431
"Echdc1",6.46469540969715e-14,-0.981211216563151,3.106980996074e-12,0.999998593598374,0.999999999942431
"Suco",6.45977163869406e-14,-0.981382369160222,3.10224999603217e-12,0.999998594669546,0.999999999942431
"Fam19a2",6.45757404880687e-14,-0.981458799939156,3.10013960762813e-12,0.999998595147634,0.999999999942431
"Gm2a",6.45755019683303e-14,-0.981459629636321,3.10011670605188e-12,0.999998595152823,0.999999999942431
"Cd2bp2",6.45162496151896e-14,-0.981665834167212,3.09443018622116e-12,0.999998596441864,0.999999999942431
"Pcbp2",6.45044431217135e-14,-0.981706944337628,3.09329772650369e-12,0.999998596698716,0.999999999942431
"Ric8a",6.44887936336849e-14,-0.981761447238067,3.09179697241059e-12,0.999998597039172,0.999999999942431
"2810428I15Rik",6.446746158132e-14,-0.98183576196824,3.08975185843722e-12,0.999998597503253,0.999999999942431
"Bet1",6.44658396367316e-14,-0.981841413348111,3.08959638951872e-12,0.999998597538539,0.999999999942431
"Nr2c2",6.43154797206346e-14,-0.982365925807912,3.07520086787931e-12,0.999998600809635,0.999999999942431
"Mrpl21",6.43062546992757e-14,-0.982398145536992,3.07431875491712e-12,0.999998601010327,0.999999999942431
"Myh14",6.41990848758301e-14,-0.982772786097857,3.06408025925272e-12,0.999998603341818,0.999999999942431
"Mydgf",6.41763927699264e-14,-0.982852191479023,3.0619145540686e-12,0.999998603835487,0.999999999942431
"Mgst3",6.41094871205648e-14,-0.983086472400374,3.05553362217352e-12,0.999998605291027,0.999999999942431
"Foxj1",6.40993345591615e-14,-0.983122044296207,3.05456593274764e-12,0.999998605511897,0.999999999942431
"Ttyh1",6.40964007704045e-14,-0.983132324552354,3.05428632778223e-12,0.999998605575722,0.999999999942431
"Cyth2",6.40494084318667e-14,-0.983297053138914,3.04980946351171e-12,0.999998606598046,0.999999999942431
"Tpr",6.39925679141834e-14,-0.983496463193849,3.04439877097883e-12,0.999998607834617,0.999999999942431
"Naa10",6.39103225972233e-14,-0.983785308711595,3.03657828035166e-12,0.999998609623873,0.999999999942431
"Tmem183a",6.39020437127536e-14,-0.98381440445064,3.0357916201856e-12,0.999998609803981,0.999999999942431
"Uvrag",6.38785131432399e-14,-0.983897121797809,3.03355630032448e-12,0.999998610315892,0.999999999942431
"Plekhh1",6.38286837694421e-14,-0.984072386925692,3.02882540581809e-12,0.999998611399935,0.999999999942431
"Slc39a11",6.3800018671464e-14,-0.984173271967272,3.02610556024546e-12,0.999998612023547,0.999999999942431
"Tab3",6.37699840831258e-14,-0.984279024802702,3.02325708328829e-12,0.999998612676953,0.999999999942431
"Chst8",6.37407046488808e-14,-0.984382165997966,3.02048151616767e-12,0.999998613313931,0.999999999942431
"Fntb",6.37290129479498e-14,-0.98442336481847,3.01937354825471e-12,0.999998613568285,0.999999999942431
"Dnajb4",6.37281550509961e-14,-0.984426388140227,3.01929225736962e-12,0.999998613586948,0.999999999942431
"Hdac2",6.37033529772786e-14,-0.984513810688081,3.01694258517024e-12,0.99999861412652,0.999999999942431
"Kcnn1",6.36556917852829e-14,-0.984681901489342,3.01242987798291e-12,0.999998615163395,0.999999999942431
"Tmem261",6.36426369713686e-14,-0.984727964668002,3.01119439761254e-12,0.999998615447404,0.999999999942431
"Pced1a",6.35734474058635e-14,-0.984972251808742,3.0046506718656e-12,0.99999861695263,0.999999999942431
"Pgp",6.35019953227983e-14,-0.985224802499563,2.99790043538388e-12,0.999998618507078,0.999999999942431
"Tmtc4",6.33220575392534e-14,-0.985862044254766,2.98093494348595e-12,0.999998622421645,0.999999999942431
"Dnal4",6.32292701309835e-14,-0.986191344848335,2.97220526574486e-12,0.999998624440245,0.999999999942431
"Arfgap3",6.31945925513301e-14,-0.986314537186725,2.96894599607468e-12,0.99999862519466,0.999999999942431
"Aamdc",6.30605330208374e-14,-0.986791412315628,2.95636285185782e-12,0.999998628111139,0.999999999942431
"Eloa",6.30574055020972e-14,-0.986802549419694,2.95606961453498e-12,0.999998628179179,0.999999999942431
"Pccb",6.30005528972101e-14,-0.987005096717121,2.95074162823906e-12,0.999998629416014,0.999999999942431
"Spty2d1",6.2987534906042e-14,-0.98705150093319,2.9495223132324e-12,0.999998629699221,0.999999999942431
"Atg4c",6.2935041517054e-14,-0.9872387160101,2.94460813759335e-12,0.999998630841221,0.999999999942431
"Cbr1",6.291956102047e-14,-0.98729395583413,2.94315971112577e-12,0.999998631178001,0.999999999942431
"Dhx8",6.28646436925513e-14,-0.987490028209469,2.93802426747808e-12,0.999998632372733,0.999999999942431
"Ctps",6.27657120921153e-14,-0.987843672114744,2.92878426502775e-12,0.999998634525001,0.999999999942431
"Rhbdd2",6.27534632621086e-14,-0.987887495385462,2.92764126261637e-12,0.999998634791476,0.999999999942431
"Coprs",6.2728170380522e-14,-0.987978013726954,2.92528175742714e-12,0.999998635341725,0.999999999942431
"Bola2",6.26362672975999e-14,-0.98830722033802,2.91671637221988e-12,0.999998637341087,0.999999999942431
"Thnsl1",6.23259384332808e-14,-0.989422381288705,2.88788646024476e-12,0.999998644092326,0.999999999942431
"Lonp2",6.22454415774176e-14,-0.989712539473721,2.88043159744504e-12,0.999998645843544,0.999999999942431
"Mxra7",6.21414657036475e-14,-0.990087877973098,2.87081658810696e-12,0.99999864810555,0.999999999942431
"Map2k2",6.20836777939151e-14,-0.990296752122588,2.86547968946599e-12,0.999998649362733,0.999999999942431
"Fam19a5",6.20191854949645e-14,-0.990530085725184,2.85952948181606e-12,0.99999865076577,0.999999999942431
"Dym",6.18477135481402e-14,-0.991151638047132,2.84373916637542e-12,0.999998654496161,0.999999999942431
"Psmg2",6.18381888046325e-14,-0.991186213175154,2.84286334416785e-12,0.999998654703373,0.999999999942431
"Mmd",6.17981575980859e-14,-0.99133158518728,2.83918385689917e-12,0.999998655574256,0.999999999942431
"Vamp7",6.17603530534233e-14,-0.991468956420399,2.8357112218982e-12,0.999998656396698,0.999999999942431
"Prpf31",6.16920621195014e-14,-0.991717317027665,2.82944356658519e-12,0.999998657882375,0.999999999942431
"Arhgef3",6.15669920270789e-14,-0.992172875842212,2.81798277108161e-12,0.999998660603289,0.999999999942431
"Stat5b",6.15017374230568e-14,-0.992410923407912,2.81201239982843e-12,0.99999866202291,0.999999999942431
"Elovl6",6.14987008231677e-14,-0.992422006930179,2.81173472488469e-12,0.999998662088971,0.999999999942431
"Eif4enif1",6.14764556484087e-14,-0.992503217784029,2.80970098377418e-12,0.999998662572918,0.999999999942431
"Nrbp1",6.1402787938669e-14,-0.992772364803692,2.80297124573237e-12,0.999998664175567,0.999999999942431
"Kcnq5",6.12609500986747e-14,-0.993291471110228,2.79003671235114e-12,0.999998667261265,0.999999999942431
"Prmt5",6.12587168782455e-14,-0.993299653851768,2.78983329880939e-12,0.999998667309849,0.999999999942431
"Ngly1",6.12279065947408e-14,-0.993412575822338,2.7870276919203e-12,0.99999866798013,0.999999999942431
"Wac",6.11349262747322e-14,-0.993753695559936,2.7785693931531e-12,0.999998670002927,0.999999999942431
"St6galnac6",6.11242419219097e-14,-0.993792926334292,2.77759827489458e-12,0.999998670235366,0.999999999942431
"Tmem41a",6.10452122473099e-14,-0.994083317397596,2.77042040984096e-12,0.999998671954665,0.999999999942431
"Trmt10a",6.10051119491226e-14,-0.994230805969249,2.76678185436132e-12,0.999998672827052,0.999999999942431
"Tbc1d1",6.0917621268223e-14,-0.994552928055662,2.75885156656839e-12,0.999998674730421,0.999999999942431
"Tmem178",6.08003421583065e-14,-0.9949854410991,2.74823906419642e-12,0.999998677281841,0.999999999942431
"Megf9",6.05062079093859e-14,-0.99607380634474,2.72171303091722e-12,0.999998683680764,0.999999999942431
"Trap1",6.04917540208032e-14,-0.996127423483464,2.7204128457125e-12,0.99999868399521,0.999999999942431
"Fads1",6.03812021639698e-14,-0.996537937234982,2.71047853710712e-12,0.999998686400278,0.999999999942431
"Frs3",6.03744919900584e-14,-0.996562878067395,2.70987613864172e-12,0.999998686546259,0.999999999942431
"Ttc30b",6.03470636293059e-14,-0.996664854097872,2.70741448391794e-12,0.999998687142966,0.999999999942431
"Lemd3",6.03132669592397e-14,-0.996790569760935,2.70438282118762e-12,0.999998687878216,0.999999999942431
"Bahd1",6.02609330430435e-14,-0.996985376736663,2.69969166291523e-12,0.999998689016746,0.999999999942431
"Dlc1",6.01463234168933e-14,-0.997412581181635,2.68943239860625e-12,0.999998691510091,0.999999999942431
"Tmem87a",6.00485463950578e-14,-0.997777677473384,2.68069534101629e-12,0.999998693637241,0.999999999942431
"Micall1",6.00063236276689e-14,-0.997935517189645,2.67692683738169e-12,0.999998694555802,0.999999999942431
"Mmadhc",5.99609055517291e-14,-0.998105424099283,2.67287610247648e-12,0.999998695543877,0.999999999942431
"Cfap97",5.98174744479566e-14,-0.99864282753317,2.66010394580037e-12,0.999998698664237,0.999999999942431
"Fndc4",5.97709450228262e-14,-0.998817435578485,2.65596719580701e-12,0.99999869967649,0.999999999942431
"Mtmr7",5.97301252535524e-14,-0.998970727754261,2.65234071985047e-12,0.999998700564528,0.999999999942431
"Syap1",5.96041501154992e-14,-0.999444459535326,2.64116456256387e-12,0.999998703305131,0.999999999942431
"Wasf1",5.95876590640784e-14,-0.999506547494785,2.63970326984748e-12,0.999998703663896,0.999999999942431
"Zc4h2",5.95762480319786e-14,-0.999549519361433,2.63869236070743e-12,0.999998703912144,0.999999999942431
"Ddx25",5.95300319468882e-14,-0.999723643746659,2.63460003420074e-12,0.99999870491758,0.999999999942431
"1600014C10Rik",5.95289183478409e-14,-0.999727841002709,2.63450146678692e-12,0.999998704941807,0.999999999942431
"Pde8b",5.95255447550275e-14,-0.999740556853262,2.63420287297331e-12,0.9999987050152,0.999999999942431
"Pphln1",5.95149786003394e-14,-0.999780387729286,2.63326778116189e-12,0.999998705245067,0.999999999942431
"Ndufb7",5.94480898537453e-14,-1.00003269786899,2.62735206024397e-12,0.999998706700239,0.999999999942431
"Mettl13",5.94375985945734e-14,-1.00007229719905,2.62642480423853e-12,0.999998706928478,0.999999999942431
"Atg101",5.93586860055858e-14,-1.00037037437066,2.61945546488107e-12,0.99999870864523,0.999999999942431
"Rapgef2",5.92622325642783e-14,-1.00073523984279,2.61094954139278e-12,0.999998710743585,0.999999999942431
"Mthfd2",5.92412742299913e-14,-1.00081459876614,2.60910312168342e-12,0.999998711199536,0.999999999942431
"Sorcs3",5.91978608449893e-14,-1.00097907203974,2.60528049982535e-12,0.999998712143999,0.999999999942431
"Mrpl18",5.91713070541261e-14,-1.00107973072219,2.60294377492215e-12,0.99999871272168,0.999999999942431
"Ppp2r5d",5.91414282874564e-14,-1.0011930468112,2.60031570676683e-12,0.999998713371696,0.999999999942431
"Limk1",5.89349399138234e-14,-1.00197770638029,2.5821897453099e-12,0.999998717863873,0.999999999942431
"Higd1a",5.88523304469036e-14,-1.00229238326149,2.57495587632271e-12,0.999998719661051,0.999999999942431
"Fam78b",5.88285356797011e-14,-1.00238310333942,2.57287412054715e-12,0.999998720178709,0.999999999942431
"Rnf114",5.87142906148973e-14,-1.00281917926835,2.56289077647251e-12,0.999998722664123,0.999999999942431
"Rhbdl3",5.85024800690574e-14,-1.00362988276279,2.54443298251386e-12,0.999998727272085,0.999999999942431
"Mex3c",5.83909097547334e-14,-1.0040580818862,2.53473724004557e-12,0.999998729699309,0.999999999942431
"Tle4",5.83650665130603e-14,-1.00415738152268,2.53249403708024e-12,0.999998730261532,0.999999999942431
"Snx15",5.8216260144604e-14,-1.00472999745474,2.51959691017849e-12,0.999998733498831,0.999999999942431
"Borcs5",5.81810106529994e-14,-1.00486585104756,2.51654664134758e-12,0.999998734265687,0.999999999942431
"Sec16a",5.81604155218324e-14,-1.00494526344689,2.51476532354843e-12,0.999998734713737,0.999999999942431
"Cluh",5.80978808223018e-14,-1.00518655989996,2.50936042578e-12,0.999998736074186,0.999999999942431
"Gmpr2",5.80489303516689e-14,-1.0053756189847,2.50513367516762e-12,0.999998737139109,0.999999999942431
"Slc39a6",5.78233633025432e-14,-1.00624885197425,2.48570256009133e-12,0.999998742046345,0.999999999942431
"Slu7",5.77640580677226e-14,-1.00647899671426,2.48060636474492e-12,0.999998743336537,0.999999999942431
"mt-Nd4l",5.77407371546471e-14,-1.00656956158066,2.47860379326587e-12,0.999998743843886,0.999999999942431
"Ptch1",5.76697688138555e-14,-1.00684538338764,2.47251470234846e-12,0.99999874538781,0.999999999942431
"Kcmf1",5.75884316802648e-14,-1.00716191588262,2.46554517767437e-12,0.999998747157308,0.999999999942431
"Nucb1",5.75071970853431e-14,-1.00747848961105,2.45859425734204e-12,0.999998748924576,0.999999999942431
"Pld5",5.74685368446402e-14,-1.00762930464876,2.45528970065638e-12,0.999998749765634,0.999999999942431
"Sin3b",5.73898176441485e-14,-1.00793670064192,2.44856789848667e-12,0.999998751478179,0.999999999942431
"Ankrd50",5.73330514520032e-14,-1.00815862893132,2.44372637297677e-12,0.999998752713134,0.999999999942431
"Arsa",5.72381879109175e-14,-1.0085299833847,2.43564626052385e-12,0.9999987547769,0.999999999942431
"Cdr2l",5.72118674716492e-14,-1.00863312537576,2.43340675776335e-12,0.999998755349504,0.999999999942431
"Map2k7",5.72032135712442e-14,-1.00866704766386,2.43267065639139e-12,0.999998755537771,0.999999999942431
"Emc2",5.71414215215902e-14,-1.00890941250479,2.4274178565068e-12,0.999998756882064,0.999999999942431
"Gpc1",5.71154672080456e-14,-1.00901128929582,2.42521323315816e-12,0.999998757446703,0.999999999942431
"Timm8b",5.69055240006939e-14,-1.00983704772193,2.40741695842084e-12,0.99999876201404,0.999999999942431
"Enpp2",5.68629611222264e-14,-1.01000482419483,2.40381701704704e-12,0.999998762940001,0.999999999942431
"Syncrip",5.67304802856109e-14,-1.01052783739606,2.3926291117642e-12,0.999998765822136,0.999999999942431
"Cep120",5.66446926875009e-14,-1.01086715592414,2.38539833534363e-12,0.999998767688454,0.999999999942431
"Acsl5",5.65882429684421e-14,-1.01109070988045,2.38064632897906e-12,0.999998768916524,0.999999999942431
"Borcs7",5.65422225918485e-14,-1.01127312398436,2.37677578323517e-12,0.999998769917703,0.999999999942431
"Insig1",5.65169050212e-14,-1.01137353939424,2.37464779059064e-12,0.999998770468489,0.999999999942431
"Eif6",5.63810964886799e-14,-1.01191294603033,2.36324907880894e-12,0.999998773423019,0.999999999942431
"Vcl",5.63520302333967e-14,-1.01202855829899,2.36081304619699e-12,0.999998774055359,0.999999999942431
"Trim2",5.61799750917864e-14,-1.01271412141472,2.34641889118383e-12,0.999998777798437,0.999999999942431
"Ypel2",5.61465293406575e-14,-1.01284762813069,2.34362592511416e-12,0.999998778526053,0.999999999942431
"Bscl2",5.60862696465849e-14,-1.01308836714652,2.33859799562739e-12,0.999998779837009,0.999999999942431
"Ddrgk1",5.60610366684139e-14,-1.01318924930037,2.33649421805699e-12,0.999998780385956,0.999999999942431
"Crcp",5.59974336877093e-14,-1.01344373458529,2.3311955755306e-12,0.999998781769646,0.999999999942431
"Nf2",5.59883514526136e-14,-1.01348009725344,2.33043944269044e-12,0.999998781967231,0.999999999942431
"Dstyk",5.5966891615388e-14,-1.01356603940713,2.32865331163105e-12,0.999998782434092,0.999999999942431
"Stambp",5.59646497570283e-14,-1.01357501945473,2.32846675825336e-12,0.999998782482864,0.999999999942431
"Pla2g12a",5.59252301724622e-14,-1.01373297756876,2.32518772883727e-12,0.999998783340441,0.999999999942431
"Trim3",5.5884435466148e-14,-1.01389656156112,2.32179674576672e-12,0.999998784227934,0.999999999942431
"Omg",5.58053683692224e-14,-1.01421395075058,2.31523148798175e-12,0.999998785948048,0.999999999942431
"Rnf20",5.57784435248359e-14,-1.01432213300619,2.31299793192115e-12,0.999998786533801,0.999999999942431
"Phactr3",5.56977418432936e-14,-1.01464669577652,2.30630976436232e-12,0.999998788289475,0.999999999942431
"Agap1",5.56537809080091e-14,-1.01482369123288,2.30267056752852e-12,0.99999878924585,0.999999999942431
"Uqcc1",5.56071061672163e-14,-1.01501176394962,2.29880986006753e-12,0.999998790261264,0.999999999942431
"Them6",5.55523661798309e-14,-1.01523253345121,2.29428616178045e-12,0.999998791452138,0.999999999942431
"Dcn",5.54186487090523e-14,-1.01577272688459,2.28325451943408e-12,0.999998794361177,0.999999999942431
"A830018L16Rik",5.53957317720027e-14,-1.01586543598299,2.28136654914077e-12,0.999998794859737,0.999999999942431
"Tsfm",5.53501240982293e-14,-1.0160500516695,2.27761156707365e-12,0.999998795851937,0.999999999942431
"Polr2m",5.5304879002035e-14,-1.01623334793966,2.27388949282333e-12,0.999998796836249,0.999999999942431
"Ugdh",5.52567792267408e-14,-1.01642837125594,2.26993591717454e-12,0.999998797882665,0.999999999942431
"Ppp6c",5.51960968486986e-14,-1.01667465039172,2.26495301819587e-12,0.999998799202817,0.999999999942431
"Uba6",5.5194163686769e-14,-1.01668250050709,2.2647943676926e-12,0.999998799244873,0.999999999942431
"Brms1l",5.51456513072152e-14,-1.01687958667064,2.26081487885527e-12,0.999998800300265,0.999999999942431
"Tor1aip2",5.50885186822065e-14,-1.01711191273335,2.25613275522581e-12,0.999998801543192,0.999999999942431
"Nqo2",5.50080065960505e-14,-1.01743971344412,2.24954288056689e-12,0.999998803294741,0.999999999942431
"D8Ertd738e",5.49877240432257e-14,-1.01752236738496,2.24788428344866e-12,0.99999880373599,0.999999999942431
"Prkcdbp",5.47872498815219e-14,-1.01834094541144,2.23152349569513e-12,0.999998808097328,0.999999999942431
"Arl4a",5.47759919774239e-14,-1.01838700133208,2.23060650510158e-12,0.999998808342245,0.999999999942431
"Prepl",5.47703768065007e-14,-1.01840997640261,2.23014920275631e-12,0.999998808464403,0.999999999942431
"Mut",5.47337847041814e-14,-1.01855975379544,2.2271702717309e-12,0.999998809260469,0.999999999942431
"Pde4dip",5.47226118028423e-14,-1.01860550596328,2.2262610923623e-12,0.999998809503536,0.999999999942431
"Ppfia2",5.46624511423567e-14,-1.01885201764672,2.22136879238422e-12,0.999998810812338,0.999999999942431
"Junb",5.45675497640082e-14,-1.01924142571556,2.21366229705867e-12,0.999998812876928,0.999999999942431
"Chst12",5.44921920037828e-14,-1.01955111654609,2.20755238571108e-12,0.999998814516345,0.999999999942431
"Mfsd14b",5.43108808289554e-14,-1.02029796799215,2.1928865034267e-12,0.999998818460789,0.999999999942431
"Atp5s",5.42969645812178e-14,-1.0203553929185,2.19176286699604e-12,0.999998818763539,0.999999999942431
"Yrdc",5.42359827646581e-14,-1.02060720357052,2.18684242160633e-12,0.999998820090205,0.999999999942431
"Gak",5.42299225707479e-14,-1.0206322430218,2.1863537442361e-12,0.999998820222045,0.999999999942431
"Tmem131",5.41180179858452e-14,-1.0210951058238,2.17733988019265e-12,0.999998822656542,0.999999999942431
"Ppp2r2d",5.41050421066041e-14,-1.02114883805534,2.1762958836346e-12,0.999998822938833,0.999999999942431
"Gns",5.40483749971537e-14,-1.02138364169571,2.17173956835932e-12,0.999998824171633,0.999999999942431
"Cdv3",5.40135132954523e-14,-1.02152821392055,2.16893888767239e-12,0.999998824930053,0.999999999942431
"Abat",5.39777912910625e-14,-1.02167644930706,2.16607096743155e-12,0.999998825707189,0.999999999942431
"Ctsz",5.39637460810356e-14,-1.02173475912405,2.16494387560849e-12,0.999998826012744,0.999999999942431
"Caln1",5.38921810572746e-14,-1.02203209962868,2.15920552211487e-12,0.999998827569649,0.999999999942431
"Calu",5.37993347587373e-14,-1.02241844092591,2.15177210426128e-12,0.99999882958953,0.999999999942431
"Adam19",5.37860876187995e-14,-1.02247361697785,2.15071256265539e-12,0.999998829877723,0.999999999942431
"Stx6",5.36551454439614e-14,-1.02301973000815,2.14025349443535e-12,0.999998832726385,0.999999999942431
"Ssr3",5.36268651651072e-14,-1.02313784948898,2.13799794134647e-12,0.999998833341626,0.999999999942431
"Tpd52l1",5.3621408003028e-14,-1.02316064972626,2.13756283078733e-12,0.999998833460347,0.999999999942431
"Polr3c",5.35419354115501e-14,-1.02349294885191,2.13123133836243e-12,0.999998835189282,0.999999999942431
"Yars",5.34327633800898e-14,-1.02395022415281,2.12254903560504e-12,0.999998837564331,0.999999999942431
"Xpo1",5.33968248127623e-14,-1.02410095711628,2.11969476742223e-12,0.999998838346179,0.999999999942431
"Ppfia1",5.33228109654361e-14,-1.02441170019345,2.11382258178855e-12,0.999998839956358,0.999999999942431
"Poglut1",5.33007425323561e-14,-1.02450443560809,2.11207327044479e-12,0.999998840436459,0.999999999942431
"Zfp507",5.32039333807127e-14,-1.02491169239742,2.10440799877786e-12,0.999998842542553,0.999999999942431
"Adamts5",5.31050071992753e-14,-1.02532861060249,2.09658949774828e-12,0.999998844694703,0.999999999942431
"P4htm",5.30755334698472e-14,-1.02545297386215,2.09426289366129e-12,0.999998845335907,0.999999999942431
"Dnajb1",5.30571334715483e-14,-1.02553064647072,2.09281108520319e-12,0.999998845736201,0.999999999942431
"Ece1",5.29790153573854e-14,-1.02586070542944,2.08665296504848e-12,0.99999884743567,0.999999999942431
"Jagn1",5.29693520856188e-14,-1.02590156732685,2.0858918313951e-12,0.999998847645895,0.999999999942431
"Slc39a9",5.27870302135547e-14,-1.02667391024963,2.07155715743324e-12,0.999998851612328,0.999999999942431
"Zfp35",5.27404454387486e-14,-1.02687167225424,2.06790245508965e-12,0.999998852625785,0.999999999942431
"Nudt12",5.27368163985878e-14,-1.0268870855108,2.06761788248867e-12,0.999998852704735,0.999999999942431
"Wdr43",5.25797018448457e-14,-1.02755538701211,2.05531645896436e-12,0.999998856122779,0.999999999942431
"Creb3",5.256693307022e-14,-1.0276097866762,2.05431832907326e-12,0.999998856400565,0.999999999942431
"Ptpn9",5.25408415909096e-14,-1.0277209864729,2.05227952258866e-12,0.999998856968188,0.999999999942431
"Fam155a",5.25181078901133e-14,-1.02781792008303,2.05050392046586e-12,0.999998857462763,0.999999999942431
"Mal2",5.24900405009885e-14,-1.02793765294857,2.04831279383016e-12,0.999998858073372,0.999999999942431
"Adam9",5.24410089499386e-14,-1.02814696851506,2.04448787599673e-12,0.999998859140058,0.999999999942431
"Eef1akmt1",5.23980669174279e-14,-1.02833044650773,2.04114093356556e-12,0.999998860074267,0.999999999942431
"C2cd2",5.23900188210244e-14,-1.02836485002515,2.04051396244259e-12,0.999998860249354,0.999999999942431
"Dag1",5.23584770491175e-14,-1.02849973314032,2.03805769108388e-12,0.999998860935549,0.999999999942431
"Rsu1",5.23194893675332e-14,-1.02866656820618,2.0350236242063e-12,0.99999886178373,0.999999999942431
"Ftl1",5.23067864999893e-14,-1.02872095246105,2.03403556038276e-12,0.999998862060083,0.999999999942431
"Me2",5.22717945649688e-14,-1.02887082933728,2.03131503259571e-12,0.999998862821336,0.999999999942431
"Ttll5",5.2240269008858e-14,-1.02900594381183,2.02886556532397e-12,0.999998863507178,0.999999999942431
"Gnai3",5.22047158698838e-14,-1.02915841647934,2.02610493659195e-12,0.999998864280641,0.999999999942431
"Acaa2",5.21755724874993e-14,-1.02928347673871,2.02384341411336e-12,0.999998864914658,0.999999999942431
"Gna11",5.21153170275207e-14,-1.02954226389514,2.01917160338489e-12,0.999998866225522,0.999999999942431
"Kpna1",5.20963261158384e-14,-1.02962388784098,2.01770029225718e-12,0.999998866638672,0.999999999942431
"Gga2",5.20125715914829e-14,-1.02998421958765,2.01121785104804e-12,0.99999886846076,0.999999999942431
"Pxk",5.19011432999575e-14,-1.03046449831304,2.00260968165222e-12,0.999998870884895,0.999999999942431
"Cntfr",5.18955893329954e-14,-1.03048846363897,2.00218110408362e-12,0.999998871005722,0.999999999942431
"Selenos",5.18340639995155e-14,-1.03075411429664,1.99743650670344e-12,0.999998872344213,0.999999999942431
"Madd",5.18254362994916e-14,-1.03079139135253,1.99677162158966e-12,0.999998872531909,0.999999999942431
"Znrd1",5.18200880019704e-14,-1.03081450241247,1.99635951593528e-12,0.999998872648262,0.999999999942431
"Slc35a4",5.17644068561287e-14,-1.03105525154174,1.99207160872937e-12,0.999998873859612,0.999999999942431
"Zfp334",5.1701805941445e-14,-1.03132622483963,1.98725632708947e-12,0.999998875221502,0.999999999942431
"Pdzd4",5.16479478796492e-14,-1.03155961297643,1.98311821139459e-12,0.99999887639319,0.999999999942431
"Ttc39c",5.16022857211516e-14,-1.03175767308972,1.9796131959016e-12,0.999998877386575,0.999999999942431
"Stt3a",5.15493246225046e-14,-1.03198760899632,1.97555179874976e-12,0.999998878538749,0.999999999942431
"Cnih4",5.1542023964679e-14,-1.03201932379815,1.97499226449822e-12,0.999998878697576,0.999999999942431
"Znhit3",5.15000347005429e-14,-1.03220181548181,1.97177567786856e-12,0.999998879611057,0.999999999942431
"Dse",5.14379036262762e-14,-1.03247211583502,1.96702093768498e-12,0.999998880962726,0.999999999942431
"Mrpl38",5.14373672608545e-14,-1.03247445068638,1.96697991593099e-12,0.999998880974394,0.999999999942431
"Wdr37",5.14164456456935e-14,-1.03256554326743,1.96538014401939e-12,0.999998881429546,0.999999999942431
"Dact3",5.13403159657705e-14,-1.03289732014514,1.9595643786813e-12,0.999998883085756,0.999999999942431
"Wdr41",5.1310598767579e-14,-1.03302696080098,1.95729653484176e-12,0.999998883732257,0.999999999942431
"Rit1",5.12586076666937e-14,-1.03325394905204,1.95333203439768e-12,0.999998884863329,0.999999999942431
"Snapin",5.10283157341839e-14,-1.03426211930199,1.9358198104599e-12,0.999998889873355,0.999999999942431
"Habp4",5.10173880503514e-14,-1.03431006985043,1.93499078988652e-12,0.999998890111088,0.999999999942431
"1700037H04Rik",5.08861203601276e-14,-1.03488686372116,1.92504614128218e-12,0.999998892966831,0.999999999942431
"Timm44",5.08446892326332e-14,-1.03506921786903,1.92191269888896e-12,0.99999889386817,0.999999999942431
"Psmc4",5.0788271142808e-14,-1.0353177710698,1.91764989438687e-12,0.999998895095552,0.999999999942431
"Cic",5.07867549626938e-14,-1.03532445444585,1.91753540105321e-12,0.999998895128537,0.999999999942431
"Antxr2",5.0774675360364e-14,-1.0353777087924,1.91662334000683e-12,0.99999889539133,0.999999999942431
"Med10",5.07587842785879e-14,-1.03544778552344,1.91542382659285e-12,0.999998895737042,0.999999999942431
"Vav2",5.07325747374966e-14,-1.03556341202542,1.91344626077505e-12,0.999998896307233,0.999999999942431
"Zmym2",5.07086912146996e-14,-1.0356688283225,1.91164508744595e-12,0.999998896826822,0.999999999942431
"Rhob",5.07045737805447e-14,-1.03568700666334,1.91133465729958e-12,0.999998896916397,0.999999999942431
"Tmem184c",5.07036994128434e-14,-1.03569086715628,1.91126873839891e-12,0.999998896935419,0.999999999942431
"Entpd5",5.06552491802084e-14,-1.03590488642979,1.90761783429728e-12,0.99999889798946,0.999999999942431
"Mex3d",5.06442130349404e-14,-1.03595366463099,1.90678670802633e-12,0.999998898229552,0.999999999942431
"Iqsec1",5.05060418105547e-14,-1.03656525048049,1.89639643285793e-12,0.999998901235482,0.999999999942431
"Ndufa8",5.04037175176679e-14,-1.03701923158679,1.88872008963814e-12,0.999998903461559,0.999999999942431
"Mpped2",5.04019710607558e-14,-1.03702698795836,1.88858920599418e-12,0.999998903499553,0.999999999942431
"Ttll12",5.03960492706835e-14,-1.03705328980939,1.88814544668976e-12,0.999998903628382,0.999999999942431
"Nab1",5.0392422703931e-14,-1.03706939884519,1.88787370955072e-12,0.999998903707279,0.999999999942431
"AI413582",5.03824444278132e-14,-1.0371137277697,1.88712614239295e-12,0.999998903924357,0.999999999942431
"Arl6",5.02853915285393e-14,-1.03754534160283,1.8798627131818e-12,0.999998906035754,0.999999999942431
"Slc38a1",5.02292995059035e-14,-1.03779516883669,1.87567117810827e-12,0.999998907256042,0.999999999942431
"Senp2",5.02141977899758e-14,-1.03786247709278,1.8745434858879e-12,0.999998907584581,0.999999999942431
"Iqsec3",5.02085495464547e-14,-1.0378876564084,1.87412180106221e-12,0.999998907707459,0.999999999942431
"Zhx1",5.00567194913093e-14,-1.0385655485612,1.86280429501726e-12,0.999998911010539,0.999999999942431
"Mef2c",5.00036968065523e-14,-1.03880276241887,1.85886002642481e-12,0.999998912164053,0.999999999942431
"Gale",4.99518615462172e-14,-1.03903490381881,1.85500812915974e-12,0.999998913291735,0.999999999942431
"Iars2",4.99278405223652e-14,-1.0391425612196,1.85322447268539e-12,0.999998913814315,0.999999999942431
"Rps6ka3",4.99052112269009e-14,-1.03924402790083,1.85154494239067e-12,0.999998914306618,0.999999999942431
"Ank",4.98467161522804e-14,-1.03950652219474,1.84720700722329e-12,0.999998915579185,0.999999999942431
"Fam212b",4.97821276657829e-14,-1.03979671348768,1.84242310097415e-12,0.999998916984314,0.999999999942431
"Pmpca",4.97603328426749e-14,-1.03989471979022,1.84081021308115e-12,0.999998917458463,0.999999999942431
"Rmnd5b",4.972714969127e-14,-1.04004401808989,1.83835590808215e-12,0.999998918180366,0.999999999942431
"Ckap5",4.97070278266276e-14,-1.04013459863714,1.83686844439977e-12,0.99999891861812,0.999999999942431
"Slc35f6",4.96831076989936e-14,-1.04024232448444,1.83510098585094e-12,0.999998919138505,0.999999999942431
"Vegfb",4.96563991111957e-14,-1.04036266878739,1.83312849323106e-12,0.999998919719553,0.999999999942431
"Prickle2",4.96302083624979e-14,-1.04048074179053,1.83119527426617e-12,0.999998920289336,0.999999999942431
"Ppil2",4.9583296179524e-14,-1.04069238471721,1.82773509264519e-12,0.999998921309915,0.999999999942431
"Mark4",4.9574540848482e-14,-1.04073190599584,1.8270896731517e-12,0.999998921500389,0.999999999942431
"Slc7a4",4.95627603227882e-14,-1.04078509376551,1.82622142428604e-12,0.999998921756675,0.999999999942431
"Nono",4.95160526678047e-14,-1.04099609641411,1.82278100542152e-12,0.999998922772805,0.999999999942431
"Dlgap1",4.94668505443691e-14,-1.04121858022033,1.81916035582829e-12,0.999998923843203,0.999999999942431
"Foxo3",4.93978541195048e-14,-1.04153093835717,1.8140891606826e-12,0.999998925344228,0.999999999942431
"Mrpl12",4.93843735111397e-14,-1.0415920175149,1.81309917076994e-12,0.9999989256375,0.999999999942431
"Dcaf12l1",4.93824078826165e-14,-1.04160092493536,1.81295484136911e-12,0.999998925680262,0.999999999942431
"Tspan8",4.93208339138071e-14,-1.04188012999103,1.80843658337073e-12,0.999998927019811,0.999999999942431
"Zfr2",4.9251169008962e-14,-1.0421964378134,1.8033314147473e-12,0.999998928535379,0.999999999942431
"Bcl6",4.91984269478709e-14,-1.04243620239669,1.79947118193942e-12,0.999998929682788,0.999999999942431
"Lrrtm2",4.91836611636183e-14,-1.0425033728289,1.79839120367143e-12,0.999998930004019,0.999999999942431
"Gorasp1",4.90122586010652e-14,-1.04328455159398,1.78587844078694e-12,0.999998933732901,0.999999999942431
"Ube3b",4.89411039662675e-14,-1.04360963514605,1.78069682741251e-12,0.999998935280878,0.999999999942431
"Rpl41",4.8892778396153e-14,-1.04383068558487,1.77718196170792e-12,0.999998936332206,0.999999999942431
"Cyp2j6",4.88530329067873e-14,-1.04401265059402,1.77429375371088e-12,0.999998937196873,0.999999999942431
"Glmp",4.88099835181132e-14,-1.04420990644413,1.77116810918962e-12,0.999998938133418,0.999999999942431
"Dennd1b",4.87965991536989e-14,-1.04427126966391,1.77019688537617e-12,0.999998938424596,0.999999999942431
"Slc19a2",4.87858131678802e-14,-1.04432073218874,1.76941440427535e-12,0.999998938659246,0.999999999942431
"Srsf4",4.86793627539064e-14,-1.04480947313004,1.76170112088978e-12,0.999998940975087,0.999999999942431
"Twistnb",4.86720698456533e-14,-1.04484299528778,1.76117330123438e-12,0.999998941133745,0.999999999942431
"Clybl",4.86631488811191e-14,-1.04488400760921,1.76052775956076e-12,0.999998941327822,0.999999999942431
"Zfp354c",4.85633886118293e-14,-1.04534314080155,1.75331693558165e-12,0.999998943498117,0.999999999942431
"Psat1",4.84993122270344e-14,-1.04563853446466,1.74869320165755e-12,0.999998944892106,0.999999999942431
"Edc3",4.84686782531101e-14,-1.04577989380144,1.74648481967192e-12,0.999998945558552,0.999999999942431
"Ptpro",4.83777611142381e-14,-1.04619994684417,1.73993888178195e-12,0.999998947536464,0.999999999942431
"Acaca",4.83458954690193e-14,-1.0463473559163,1.73764749773644e-12,0.999998948229704,0.999999999942431
"Nsa2",4.82503312680662e-14,-1.04679000683783,1.73078475281632e-12,0.999998950308714,0.999999999942431
"Fbxl4",4.81953464332671e-14,-1.04704508711009,1.72684228501041e-12,0.999998951504915,0.999999999942431
"Gosr2",4.81499934591395e-14,-1.04725570023198,1.72359381436009e-12,0.999998952491574,0.999999999942431
"Taf10",4.81274280224759e-14,-1.0473605639719,1.72197867256971e-12,0.999998952982488,0.999999999942431
"Bri3bp",4.8105465417038e-14,-1.04746267286086,1.72040740601897e-12,0.999998953460287,0.999999999942431
"Kat2a",4.7994759409609e-14,-1.04797806976339,1.71249810592211e-12,0.999998955868708,0.999999999942431
"C530008M17Rik",4.79535324391982e-14,-1.04817030340886,1.7095573354371e-12,0.999998956765606,0.999999999942431
"Fbxo3",4.7793564473332e-14,-1.04891775010939,1.69817055099855e-12,0.999998960245726,0.999999999942431
"Aida",4.77928722347618e-14,-1.04892098993569,1.69812135899314e-12,0.999998960260786,0.999999999942431
"Ednrb",4.76889206633439e-14,-1.04940803169543,1.69074241717368e-12,0.999998962522264,0.999999999942431
"Uevld",4.76395239090266e-14,-1.04963983610908,1.68724164875272e-12,0.999998963596896,0.999999999942431
"Hnmt",4.75293962590926e-14,-1.05015748701971,1.67944991731164e-12,0.999998965992735,0.999999999942431
"Dek",4.75027772886276e-14,-1.05028278596464,1.67756928289924e-12,0.999998966571834,0.999999999942431
"Akr1e1",4.73619275224519e-14,-1.05094693853745,1.66763576103758e-12,0.999998969636036,0.999999999942431
"Pold3",4.72524165725137e-14,-1.05146466545552,1.65993281259392e-12,0.999998972018459,0.999999999942431
"Slc35f1",4.72373211337186e-14,-1.05153612382029,1.6588724049566e-12,0.999998972346862,0.999999999942431
"Mad2l1bp",4.72026573544429e-14,-1.05170029949744,1.65643866455342e-12,0.999998973100976,0.999999999942431
"Ydjc",4.71416318487704e-14,-1.05198961947678,1.6521584113055e-12,0.999998974428593,0.999999999942431
"Elavl4",4.71314559425084e-14,-1.052037899044,1.65144522451336e-12,0.999998974649971,0.999999999942431
"mt-Nd3",4.70113372443998e-14,-1.05260857996219,1.64303824173169e-12,0.999998977263166,0.999999999942431
"Ube2w",4.70036922891514e-14,-1.05264494960032,1.64250390541035e-12,0.999998977429483,0.999999999942431
"Mgat4b",4.69732337291446e-14,-1.0527899092057,1.64037589835094e-12,0.999998978092112,0.999999999942431
"Fam58b",4.69487007891291e-14,-1.05290673476424,1.63866289154662e-12,0.999998978625829,0.999999999942431
"Palm3",4.69289083840749e-14,-1.05300102983082,1.63728154370688e-12,0.999998979056415,0.999999999942431
"Ier3",4.69126738481387e-14,-1.0530784037581,1.63614894082486e-12,0.999998979409599,0.999999999942431
"Eci2",4.69112762677762e-14,-1.05308506587136,1.63605145690926e-12,0.999998979440004,0.999999999942431
"Add3",4.69056046884769e-14,-1.05311210368039,1.63565588316248e-12,0.99999897956339,0.999999999942431
"Srebf1",4.68012162463395e-14,-1.05361032547409,1.62838367866975e-12,0.999998981834372,0.999999999942431
"Wnt5a",4.67691018600269e-14,-1.0537638203913,1.62614969396606e-12,0.999998982533024,0.999999999942431
"Eif3i",4.6709058696983e-14,-1.05405108354683,1.62197700337717e-12,0.999998983839269,0.999999999942431
"Ctnnd2",4.66103814876654e-14,-1.0545239745082,1.61513108927716e-12,0.999998985986003,0.999999999942431
"Ddx42",4.64961646809246e-14,-1.05507256999564,1.60722516423238e-12,0.999998988470802,0.999999999942431
"Slc29a1",4.64574358331254e-14,-1.05525889047757,1.6045488120908e-12,0.999998989313353,0.999999999942431
"Rpa1",4.64061307279697e-14,-1.05550594999127,1.60100681334282e-12,0.999998990429501,0.999999999942431
"Ptgfrn",4.63571219769446e-14,-1.05574220305218,1.59762700506529e-12,0.999998991495691,0.999999999942431
"Ttpal",4.6160961840707e-14,-1.05669029049317,1.58413489592302e-12,0.999998995763177,0.999999999942431
"Bub3",4.61353964171174e-14,-1.05681414661185,1.58238069223327e-12,0.999998996319356,0.999999999942431
"Ubtf",4.61182981954044e-14,-1.05689701967567,1.58120801856302e-12,0.999998996691329,0.999999999942431
"Raly",4.60754424924562e-14,-1.05710486941038,1.57827069004723e-12,0.99999899762366,0.999999999942431
"Clstn3",4.60659611014188e-14,-1.05715087981341,1.5776212047205e-12,0.999998997829929,0.999999999942431
"Pou4f1",4.60400733462013e-14,-1.05727655304557,1.57584854678222e-12,0.999998998393119,0.999999999942431
"Zfp938",4.58956887528745e-14,-1.05797875482539,1.56598012288368e-12,0.999999001534222,0.999999999942431
"2210013O21Rik",4.5774137192535e-14,-1.05857160090571,1.5576963266627e-12,0.99999900417859,0.999999999942431
"Ddah2",4.57651909801156e-14,-1.05861529576936,1.55708750599299e-12,0.999999004373216,0.999999999942431
"Casp3",4.57563555014615e-14,-1.05865845805682,1.55648633793941e-12,0.999999004565433,0.999999999942431
"Gabrg2",4.5743224082574e-14,-1.05872262167094,1.55559308754654e-12,0.999999004851108,0.999999999942431
"Ppp1r15b",4.57314626456432e-14,-1.05878010660772,1.55479324633582e-12,0.999999005106979,0.999999999942431
"Vti1a",4.57217910373347e-14,-1.0588273882678,1.55413567886224e-12,0.999999005317386,0.999999999942431
"Sh3bp5",4.56915932630599e-14,-1.05897507983018,1.55208344341807e-12,0.999999005974342,0.999999999942431
"Sgsm3",4.5621904991408e-14,-1.05931627954825,1.54735261565705e-12,0.999999007490418,0.999999999942431
"Nyap1",4.56163440988037e-14,-1.05934352828774,1.54697542240729e-12,0.999999007611396,0.999999999942431
"R3hdm4",4.54662931868383e-14,-1.06008002682498,1.53681488455208e-12,0.99999901087577,0.999999999942431
"Arl4c",4.54576324584579e-14,-1.06012260961263,1.53622945443805e-12,0.999999011064185,0.999999999942431
"Hdac5",4.54403669648767e-14,-1.06020752390409,1.53506270987662e-12,0.999999011439798,0.999999999942431
"Atg4d",4.54316264912387e-14,-1.06025052299595,1.53447222676018e-12,0.999999011629948,0.999999999942431
"Oser1",4.54258771462056e-14,-1.06027881156453,1.53408387825788e-12,0.999999011755026,0.999999999942431
"Senp8",4.54109013065743e-14,-1.06035251393772,1.53307254249245e-12,0.999999012080827,0.999999999942431
"Gm17018",4.53146068962672e-14,-1.06082699226419,1.5265776353038e-12,0.999999014175722,0.999999999942431
"Dlg2",4.53008560748432e-14,-1.06089482877413,1.52565128890464e-12,0.999999014474873,0.999999999942431
"B230118H07Rik",4.52776504019609e-14,-1.06100935467102,1.52408863866358e-12,0.999999014979715,0.999999999942431
"Tmc7",4.51254400243022e-14,-1.06176198943072,1.51385877130901e-12,0.999999018291068,0.999999999942431
"Fam207a",4.50493122853388e-14,-1.06213935786155,1.50875524507945e-12,0.999999019947236,0.999999999942431
"Inip",4.50476861606032e-14,-1.06214742548788,1.50864632532821e-12,0.999999019982612,0.999999999942431
"Snap29",4.50379111456404e-14,-1.06219592792279,1.50799166615874e-12,0.999999020195269,0.999999999942431
"Calml4",4.49369029064499e-14,-1.06269772716781,1.5012351904441e-12,0.999999022392714,0.999999999942431
"Ergic3",4.49161395835166e-14,-1.06280101515604,1.49984820434721e-12,0.999999022844423,0.999999999942431
"Krcc1",4.48654719151579e-14,-1.06305326126018,1.4964663042246e-12,0.999999023946703,0.999999999942431
"Abhd14a",4.48260738980331e-14,-1.06324959623623,1.49383925424345e-12,0.999999024803812,0.999999999942431
"Champ1",4.47804273162358e-14,-1.06347728300572,1.49079843753187e-12,0.999999025796858,0.999999999942431
"Sec63",4.46837170053262e-14,-1.06396043443993,1.48436616771168e-12,0.999999027900801,0.999999999942431
"Klhl25",4.46832806137255e-14,-1.06396261692832,1.48433717452095e-12,0.999999027910295,0.999999999942431
"Coro1a",4.4580335066431e-14,-1.06447805793239,1.47750554191053e-12,0.999999030149887,0.999999999942431
"Ubap1",4.45192377872987e-14,-1.06478452287591,1.4734584790135e-12,0.999999031479065,0.999999999942431
"Kndc1",4.44258804689223e-14,-1.06525360656952,1.46728524206107e-12,0.999999033510064,0.999999999942431
"Mfsd10",4.43658971401092e-14,-1.06555551226384,1.46332569256618e-12,0.999999034815008,0.999999999942431
"Sox10",4.42946250992074e-14,-1.06591475949121,1.45862792048936e-12,0.999999036365539,0.999999999942431
"Bace2",4.42899630846328e-14,-1.06593827826448,1.45832089512224e-12,0.999999036466962,0.999999999942431
"Man1c1",4.42517865803206e-14,-1.06613096168628,1.45580792849712e-12,0.999999037297496,0.999999999942431
"Rexo1",4.42364442656644e-14,-1.06620844317598,1.45479863178232e-12,0.999999037631269,0.999999999942431
"Tgs1",4.4149062413407e-14,-1.06665024331092,1.44905687536947e-12,0.999999039532271,0.999999999942431
"Sh3bp4",4.40776300603334e-14,-1.06701204419243,1.44437157523196e-12,0.99999904108629,0.999999999942431
"Fibp",4.38990196926038e-14,-1.06791923183414,1.43268959287352e-12,0.999999044971978,0.999999999942431
"Rbck1",4.3892507775181e-14,-1.06795237551634,1.43226457817296e-12,0.999999045113646,0.999999999942431
"Ahnak",4.38768517097314e-14,-1.06803207997979,1.43124300843546e-12,0.999999045454245,0.999999999942431
"Mrpl16",4.38554154414297e-14,-1.06814125674096,1.42984486734849e-12,0.999999045920594,0.999999999942431
"Gpbp1l1",4.3818375663628e-14,-1.06833002758599,1.4274306263494e-12,0.999999046726398,0.999999999942431
"Tbc1d10b",4.37911664890117e-14,-1.06846879765915,1.42565844059833e-12,0.999999047318337,0.999999999942431
"Psma4",4.37716680766153e-14,-1.06856829421498,1.42438914864896e-12,0.999999047742527,0.999999999942431
"Rps6kc1",4.37341817306775e-14,-1.06875970247999,1.4219504807734e-12,0.999999048558046,0.999999999942431
"Dcun1d4",4.37326034329401e-14,-1.06876776494218,1.42184785071876e-12,0.999999048592382,0.999999999942431
"Hist3h2a",4.36837657519508e-14,-1.06901738571634,1.41867397249343e-12,0.999999049654851,0.999999999942431
"Fam219b",4.36798683369999e-14,-1.06903731816688,1.41842083889091e-12,0.99999904973964,0.999999999942431
"Arhgef9",4.36732224190106e-14,-1.06907131126184,1.41798924457578e-12,0.999999049884223,0.999999999942431
"Fabp3",4.36273812932602e-14,-1.0693059222848,1.41501405267401e-12,0.999999050881502,0.999999999942431
"Znhit1",4.36029835759634e-14,-1.06943088687368,1.41343186008605e-12,0.999999051412277,0.999999999942431
"Cfap20",4.35866791730443e-14,-1.06951443611563,1.41237501250209e-12,0.999999051766981,0.999999999942431
"Jhy",4.34627170265536e-14,-1.07015066945149,1.40435274179899e-12,0.999999054463791,0.999999999942431
"Gpr180",4.34619763484227e-14,-1.07015447634245,1.40430487711993e-12,0.999999054479904,0.999999999942431
"Lrrc20",4.3452229292819e-14,-1.0702045796076,1.40367507129831e-12,0.999999054691953,0.999999999942431
"Arhgap5",4.34466729250577e-14,-1.07023314623502,1.40331610991115e-12,0.999999054812832,0.999999999942431
"Bop1",4.34226863348127e-14,-1.0703565084381,1.4017670165369e-12,0.999999055334663,0.999999999942431
"Hccs",4.33038296148747e-14,-1.07096877747743,1.39410367638884e-12,0.999999057920404,0.999999999942431
"Pa2g4",4.32985724977294e-14,-1.0709958968222,1.3937652064875e-12,0.999999058034773,0.999999999942431
"Gpalpp1",4.32869834695486e-14,-1.07105569140817,1.39301921318102e-12,0.999999058286894,0.999999999942431
"Rem2",4.32716140460888e-14,-1.0711350156201,1.39203018139491e-12,0.999999058621257,0.999999999942431
"Hdac6",4.32497053456817e-14,-1.07124813819102,1.39062095031749e-12,0.999999059097883,0.999999999942431
"Nifk",4.31659536442078e-14,-1.07168110007358,1.38524037708405e-12,0.999999060919911,0.999999999942431
"Mrps21",4.31212776084133e-14,-1.07191239569968,1.38237445997015e-12,0.999999061891843,0.999999999942431
"Hdgfrp3",4.30642990503864e-14,-1.07220772669951,1.37872365605239e-12,0.999999063131418,0.999999999942431
"Dab2ip",4.30489095390608e-14,-1.07228755962814,1.37773842733334e-12,0.999999063466218,0.999999999942431
"Rab27b",4.29559901773859e-14,-1.07277017653101,1.37179725878404e-12,0.999999065487689,0.999999999942431
"Nipa1",4.29298620553935e-14,-1.07290606965653,1.37012896594184e-12,0.99999906605611,0.999999999942431
"Pgm3",4.29257030244249e-14,-1.07292770842128,1.36986350351091e-12,0.99999906614659,0.999999999942431
"Nr2c2ap",4.29233176028574e-14,-1.07294012031633,1.36971125854247e-12,0.999999066198485,0.999999999942431
"Snd1",4.28424759620779e-14,-1.07336116048393,1.36455669744495e-12,0.999999067957204,0.999999999942431
"Pdk2",4.27960895447473e-14,-1.07360310447932,1.36160343068799e-12,0.999999068966345,0.999999999942431
"Rhbdd1",4.27634975787428e-14,-1.07377325357422,1.35953032377077e-12,0.999999069675387,0.999999999942431
"Cebpz",4.25465666357399e-14,-1.07490902809144,1.34577204088164e-12,0.999999074394744,0.999999999942431
"Pex14",4.25180964646796e-14,-1.07505851162044,1.34397158814704e-12,0.999999075014116,0.999999999942431
"Trappc5",4.24663784994648e-14,-1.07533031107601,1.34070402877676e-12,0.999999076139246,0.999999999942431
"Trpc4ap",4.24569332643011e-14,-1.07537998496576,1.34010770495435e-12,0.999999076344728,0.999999999942431
"Cxxc5",4.24169422124937e-14,-1.07559042462753,1.33758434433032e-12,0.999999077214737,0.999999999942431
"Timm8a1",4.24069989304035e-14,-1.0756427782219,1.33695731093818e-12,0.999999077431055,0.999999999942431
"Pafah2",4.23404101775443e-14,-1.07599369508085,1.33276194572515e-12,0.9999990788797,0.999999999942431
"Kctd2",4.23038408314467e-14,-1.07618664386067,1.33046073111307e-12,0.99999907967527,0.999999999942431
"Gltp",4.23012773373055e-14,-1.07620017564789,1.33029949161873e-12,0.99999907973104,0.999999999942431
"Snrpf",4.22544108047223e-14,-1.07644771026875,1.32735338734784e-12,0.999999080750626,0.999999999942431
"Coa7",4.21827109937606e-14,-1.07682693099175,1.32285254404033e-12,0.999999082310463,0.999999999942431
"Ppp2r3c",4.21739774716671e-14,-1.0768731660567,1.32230483311031e-12,0.999999082500462,0.999999999942431
"Lancl1",4.21535137772632e-14,-1.07698153736906,1.32102192460698e-12,0.999999082945652,0.999999999942431
"Inpp5e",4.20599512482511e-14,-1.0774776860235,1.31516424044631e-12,0.999999084981115,0.999999999942431
"Lrrc8d",4.20148183654846e-14,-1.07771740842773,1.3123432525561e-12,0.999999085962986,0.999999999942431
"Acadm",4.19898403409463e-14,-1.07785018787211,1.3107833268262e-12,0.999999086506386,0.999999999942431
"Scfd1",4.19859354683658e-14,-1.07787095262981,1.31053954386185e-12,0.999999086591337,0.999999999942431
"Mast1",4.19844888451437e-14,-1.07787864575362,1.31044923627404e-12,0.999999086622808,0.999999999942431
"Khdrbs1",4.1962093570352e-14,-1.07799777689282,1.30905157517514e-12,0.99999908711002,0.999999999942431
"Fbxo28",4.19444510033508e-14,-1.078091670268,1.30795104976687e-12,0.999999087493836,0.999999999942431
"Farsb",4.18746518874464e-14,-1.07846352188249,1.30360158925845e-12,0.999999089012323,0.999999999942431
"Syt6",4.18269023644288e-14,-1.07871825750397,1.30063029939047e-12,0.99999909005112,0.999999999942431
"Nelfb",4.17864460294166e-14,-1.07893430968547,1.29811549265731e-12,0.999999090931251,0.999999999942431
"Gm10031",4.1759317333408e-14,-1.07907930276774,1.29643050853623e-12,0.999999091521439,0.999999999942431
"Tbc1d16",4.17158473486605e-14,-1.07931182788725,1.29373283597758e-12,0.999999092467134,0.999999999942431
"Egln1",4.16262482384745e-14,-1.07979185676968,1.28818133302789e-12,0.999999094416372,0.999999999942431
"Dars",4.16249382670394e-14,-1.07979888251942,1.28810025657884e-12,0.999999094444871,0.999999999942431
"Mxi1",4.16042134431939e-14,-1.07991006466726,1.28681790007736e-12,0.999999094895742,0.999999999942431
"Nipa2",4.15931722724416e-14,-1.07996931936632,1.28613498410861e-12,0.999999095135943,0.999999999942431
"Gm561",4.15613235383918e-14,-1.08014032903669,1.28416609901544e-12,0.999999095828816,0.999999999942431
"B230217C12Rik",4.14012787441389e-14,-1.08100163977559,1.27429498017574e-12,0.999999099310608,0.999999999942431
"Trub2",4.13713243621442e-14,-1.08116320949198,1.27245170811973e-12,0.999999099962269,0.999999999942431
"Adam10",4.13677708181595e-14,-1.08118238446041,1.27223312585344e-12,0.999999100039577,0.999999999942431
"Supt5",4.13637306506872e-14,-1.08120418722837,1.27198463366781e-12,0.999999100127471,0.999999999942431
"Exoc8",4.13581307977448e-14,-1.0812344103129,1.27164025250935e-12,0.999999100249297,0.999999999942431
"6330409D20Rik",4.13380706450554e-14,-1.08134271051196,1.27040697089411e-12,0.999999100685708,0.999999999942431
"Ndufaf1",4.12530838171525e-14,-1.08180211059598,1.26518868801325e-12,0.999999102534605,0.999999999942431
"Mphosph6",4.11782193108191e-14,-1.08220756774548,1.26060082341013e-12,0.999999104163291,0.999999999942431
"Asb1",4.10299414680595e-14,-1.08301277251123,1.25153862319797e-12,0.999999107389092,0.999999999942431
"Mpp5",4.10274554773132e-14,-1.08302629682221,1.25138696716007e-12,0.999999107443175,0.999999999942431
"Ppm1g",4.10032808943404e-14,-1.0831578537709,1.24991269364717e-12,0.999999107969096,0.999999999942431
"Fam210a",4.09418278456537e-14,-1.08349262299013,1.24616892562082e-12,0.999999109306013,0.999999999942431
"Thap11",4.08527433933397e-14,-1.08397879668133,1.24075180062842e-12,0.999999111244055,0.999999999942431
"Itgb8",4.08429808026067e-14,-1.08403213904431,1.24015886592162e-12,0.999999111456442,0.999999999942431
"Astn1",4.07813955436917e-14,-1.08436892823989,1.23642172814215e-12,0.999999112796236,0.999999999942431
"Xrcc5",4.0770434712798e-14,-1.08442892192376,1.23575719039994e-12,0.99999911303469,0.999999999942431
"Chchd1",4.07643777730195e-14,-1.08446208117171,1.23539004440559e-12,0.999999113166459,0.999999999942431
"Neto1",4.07290947220586e-14,-1.08465533795235,1.23325241990932e-12,0.999999113934046,0.999999999942431
"Nlgn3",4.07118856000079e-14,-1.0847496578265,1.23221047641031e-12,0.999999114308432,0.999999999942431
"Dzank1",4.06843199760668e-14,-1.08490082163341,1.23054240572956e-12,0.999999114908126,0.999999999942431
"Lsm11",4.06519797541164e-14,-1.08507829707437,1.22858685147707e-12,0.999999115611691,0.999999999942431
"Commd5",4.05860822498577e-14,-1.08544035812444,1.22460696226183e-12,0.999999117045298,0.999999999942431
"Npepl1",4.05520754704437e-14,-1.08562742857764,1.22255564370467e-12,0.999999117785119,0.999999999942431
"Rell1",4.05285751839504e-14,-1.08575679347257,1.22113909065356e-12,0.999999118296371,0.999999999942431
"Slc25a5",4.04386869396078e-14,-1.08625229568502,1.21572837372058e-12,0.999999120251899,0.999999999942431
"Cstf1",4.03572207041715e-14,-1.08670231122703,1.21083498773374e-12,0.999999122024206,0.999999999942431
"Igf2r",4.0301558862148e-14,-1.08701029989827,1.20749725404073e-12,0.999999123235136,0.999999999942431
"Olfml3",4.02802921673693e-14,-1.08712808373794,1.20622322390976e-12,0.999999123697795,0.999999999942431
"Ccdc181",4.02799239359039e-14,-1.08713012369759,1.20620117008189e-12,0.999999123705806,0.999999999942431
"Timm13",4.02368231160752e-14,-1.08736902436938,1.2036212027099e-12,0.999999124643469,0.999999999942431
"Sesn1",4.02296311181347e-14,-1.08740891297989,1.20319096657756e-12,0.999999124799932,0.999999999942431
"Lonp1",4.01451298474992e-14,-1.08787810539166,1.19814173376682e-12,0.999999126638266,0.999999999942431
"6030419C18Rik",4.01379757880868e-14,-1.08791787293042,1.19771474232692e-12,0.999999126793904,0.999999999942431
"Gpx3",4.0128224411997e-14,-1.08797208952762,1.19713285208749e-12,0.999999127006046,0.999999999942431
"Fdps",4.01009240349982e-14,-1.08812394579471,1.1955045188458e-12,0.999999127599969,0.999999999942431
"Vps39",4.00295091868629e-14,-1.08852166804445,1.19125021533994e-12,0.999999129153607,0.999999999942431
"Klhl21",4.00104765357498e-14,-1.08862778240638,1.1901176878538e-12,0.999999129567664,0.999999999942431
"Atic",3.99770478900443e-14,-1.08881428051671,1.18812983835755e-12,0.999999130294908,0.999999999942431
"Cpsf3",3.97919811479579e-14,-1.08984955634283,1.17715482272825e-12,0.999999134321055,0.999999999942431
"Zfp947",3.9771181599379e-14,-1.08996620705362,1.17592453013366e-12,0.999999134773552,0.999999999942431
"Fam45a",3.97293151127618e-14,-1.09020119058577,1.17345007934564e-12,0.999999135684362,0.999999999942431
"Csrp1",3.97233567886259e-14,-1.09023465264554,1.17309813410723e-12,0.999999135813986,0.999999999942431
"Asnsd1",3.97220659708514e-14,-1.09024190255449,1.1730218952673e-12,0.999999135842068,0.999999999942431
"Sc5d",3.96729647671445e-14,-1.09051785325824,1.17012369813775e-12,0.99999913691027,0.999999999942431
"Slc41a3",3.96272912226442e-14,-1.09077484285247,1.16743103659587e-12,0.999999137903903,0.999999999942431
"Daglb",3.95815313267205e-14,-1.09103261136232,1.16473639476475e-12,0.999999138899414,0.999999999942431
"Spp1",3.95784497380115e-14,-1.09104998071294,1.16455504256921e-12,0.999999138966455,0.999999999942431
"Dap3",3.95129598255746e-14,-1.09141942972197,1.16070428491596e-12,0.999999140391195,0.999999999942431
"Sept7",3.94835547455186e-14,-1.0915855093883,1.15897736277328e-12,0.999999141030906,0.999999999942431
"Lmo1",3.93901291247512e-14,-1.09211398701114,1.15349912876635e-12,0.99999914306339,0.999999999942431
"Snca",3.9382390530405e-14,-1.09215781707181,1.15304593984886e-12,0.999999143231744,0.999999999942431
"Dram2",3.92522235590505e-14,-1.0928963357612,1.14543642407328e-12,0.999999146063541,0.999999999942431
"Nudt7",3.92498188749431e-14,-1.09291000174398,1.14529608408006e-12,0.999999146115855,0.999999999942431
"Ubl3",3.92449852418987e-14,-1.09293747410584,1.14501401398244e-12,0.999999146221012,0.999999999942431
"G6pdx",3.92401019389593e-14,-1.09296523215879,1.14472908063923e-12,0.999999146327248,0.999999999942431
"Ano10",3.92052248019656e-14,-1.09316358260068,1.14269508337068e-12,0.999999147086004,0.999999999942431
"Cinp",3.91829233248213e-14,-1.09329050497622,1.14139543311633e-12,0.999999147571175,0.999999999942431
"Tbc1d7",3.91352560018738e-14,-1.09356202868208,1.13862003169202e-12,0.999999148608183,0.999999999942431
"Slc25a33",3.91016098897289e-14,-1.093753880831,1.13666304084406e-12,0.999999149340158,0.999999999942431
"Commd10",3.90569014542689e-14,-1.09400906300888,1.13406522588581e-12,0.999999150312795,0.999999999942431
"Larp4",3.90098629124744e-14,-1.09427785583489,1.13133522686371e-12,0.999999151336124,0.999999999942431
"Preb",3.90067666506488e-14,-1.09429556004421,1.13115564299449e-12,0.999999151403483,0.999999999942431
"Fra10ac1",3.89924522467929e-14,-1.09437742682257,1.13032558969282e-12,0.999999151714895,0.999999999942431
"Pde4b",3.89861774943469e-14,-1.09441332265875,1.12996182993017e-12,0.999999151851403,0.999999999942431
"Lclat1",3.88213294352313e-14,-1.09535841159692,1.1204262348652e-12,0.99999915543769,0.999999999942431
"Pla2g3",3.88060381111482e-14,-1.09544627860485,1.11954375985981e-12,0.999999155770355,0.999999999942431
"Sac3d1",3.87798899758403e-14,-1.09559661015263,1.1180355348258e-12,0.999999156339211,0.999999999942431
"Abhd8",3.85629497098885e-14,-1.09684771705387,1.10556162088356e-12,0.99999916105877,0.999999999942431
"Prpf6",3.84382629988582e-14,-1.09756993667499,1.09842388956157e-12,0.999999163771343,0.999999999942431
"Sh2b1",3.84280452764526e-14,-1.09762922288849,1.09783999748104e-12,0.999999163993631,0.999999999942431
"Nudcd1",3.83632762103294e-14,-1.09800539386914,1.09414237781104e-12,0.999999165402689,0.999999999942431
"Sf3b5",3.83202332434701e-14,-1.09825572877292,1.09168853555496e-12,0.999999166339093,0.999999999942431
"Abcg1",3.82064210585384e-14,-1.09891899064056,1.08521347328364e-12,0.99999916881509,0.999999999942431
"Mpi",3.81923445157749e-14,-1.09900115967234,1.08441396161348e-12,0.999999169121327,0.999999999942431
"Git1",3.81646925205132e-14,-1.09916265970026,1.0828442567519e-12,0.999999169722899,0.999999999942431
"Ndufs8",3.81067429354978e-14,-1.09950148578876,1.07955835395382e-12,0.999999170983599,0.999999999942431
"Kpna2",3.81062291520474e-14,-1.09950449210661,1.07952924333276e-12,0.999999170994776,0.999999999942431
"Nrsn1",3.8101877205734e-14,-1.09952995839507,1.0792826807553e-12,0.999999171089453,0.999999999942431
"Oxsr1",3.80933734131922e-14,-1.09957972832442,1.07880097368543e-12,0.999999171274454,0.999999999942431
"Lgals8",3.79972513751686e-14,-1.10014306230814,1.07336350733459e-12,0.9999991733656,0.999999999942431
"Nap1l4",3.79588810979022e-14,-1.10036832811144,1.0711968000542e-12,0.999999174200349,0.999999999942431
"Prdm8",3.79203168071503e-14,-1.10059495927254,1.06902134286183e-12,0.99999917503932,0.999999999942431
"Triap1",3.79117277286215e-14,-1.10064546574032,1.06853712389061e-12,0.999999175226176,0.999999999942431
"Zfp81",3.78289671352098e-14,-1.10113270281924,1.06387702274463e-12,0.999999177026642,0.999999999942431
"Fbxw17",3.77857025945555e-14,-1.10138783297806,1.06144492727597e-12,0.999999177967867,0.999999999942431
"Sncb",3.77623429756065e-14,-1.10152570396504,1.06013293448226e-12,0.999999178476058,0.999999999942431
"Ispd",3.77491338638171e-14,-1.1016037027899,1.05939140394302e-12,0.999999178763424,0.999999999942431
"Rps6kl1",3.76861684129861e-14,-1.10197587937107,1.05586022753666e-12,0.999999180133244,0.999999999942431
"Pyurf",3.7655233553773e-14,-1.10215895399502,1.05412752383533e-12,0.999999180806235,0.999999999942431
"Pds5b",3.76418331575553e-14,-1.10223830449798,1.05337739102859e-12,0.999999181097762,0.999999999942431
"Stat6",3.76367401907345e-14,-1.10226846982727,1.05309236489035e-12,0.99999918120856,0.999999999942431
"Wbp4",3.76120706542083e-14,-1.10241464296195,1.05171228860433e-12,0.999999181745249,0.999999999942431
"Eif3g",3.75191878924958e-14,-1.10296584568392,1.04652430917118e-12,0.999999183765924,0.999999999942431
"Alg14",3.74911841887706e-14,-1.10313229463187,1.04496267517133e-12,0.999999184375147,0.999999999942431
"Nrarp",3.74764537359651e-14,-1.10321989898498,1.0441416955326e-12,0.99999918469561,0.999999999942431
"Slc25a14",3.74361497382541e-14,-1.10345976693208,1.04189706183769e-12,0.999999185572428,0.999999999942431
"Lzts3",3.74337615655022e-14,-1.1034739880551,1.04176413412879e-12,0.999999185624383,0.999999999942431
"Unc119",3.73445301700469e-14,-1.10400598650561,1.03680351725248e-12,0.999999187565622,0.999999999942431
"Il10rb",3.72130586254173e-14,-1.10479210928797,1.02951622676673e-12,0.9999991904258,0.999999999942431
"Plekhd1",3.7191563461513e-14,-1.10492089817466,1.02832722325284e-12,0.999999190893429,0.999999999942431
"Gnb4",3.71825418067847e-14,-1.10497497354276,1.02782839571812e-12,0.999999191089696,0.999999999942431
"Fam204a",3.70635194372068e-14,-1.10568960163518,1.02125871182729e-12,0.999999193679041,0.999999999942431
"Tmem106c",3.70470845859727e-14,-1.10578845668621,1.02035321154078e-12,0.999999194036583,0.999999999942431
"Bex3",3.69981352474351e-14,-1.10608314161421,1.01765866110995e-12,0.999999195101481,0.999999999942431
"Slc35b1",3.69894162008937e-14,-1.10613567237157,1.01717907111683e-12,0.999999195291165,0.999999999942431
"Ppm1h",3.69850352854423e-14,-1.10616207124296,1.01693814211177e-12,0.999999195386473,0.999999999942431
"Fam216a",3.69596691240689e-14,-1.10631498532582,1.01554368779809e-12,0.999999195938316,0.999999999942431
"Tom1",3.68879652679094e-14,-1.10674779589429,1.01160708531629e-12,0.999999197498242,0.999999999942431
"Stk24",3.68651191215952e-14,-1.1068858714442,1.01035441841277e-12,0.999999197995262,0.999999999942431
"Tmem263",3.68321947513328e-14,-1.10708500536462,1.00855052198772e-12,0.999999198711535,0.999999999942431
"Carhsp1",3.68135874357554e-14,-1.10719762419006,1.00753175687494e-12,0.999999199116339,0.999999999942431
"Irf2bp1",3.66181743510438e-14,-1.10838374281037,9.96863829504077e-13,0.999999203367573,0.999999999942431
"Tmem55b",3.65802452950893e-14,-1.10861468773559,9.94799798578974e-13,0.999999204192723,0.999999999942431
"Cul1",3.65637227014418e-14,-1.10871536542511,9.93901337639995e-13,0.999999204552174,0.999999999942431
"Coro7",3.65220430284884e-14,-1.10896953304962,9.91636695595927e-13,0.99999920545892,0.999999999942431
"Atf6",3.65056415601574e-14,-1.109069629586,9.90746239066579e-13,0.999999205815736,0.999999999942431
"Gse1",3.64098741903345e-14,-1.10965497516321,9.85554893082952e-13,0.999999207899166,0.999999999942431
"Dbt",3.64007345404704e-14,-1.10971091750272,9.85060164864725e-13,0.999999208098,0.999999999942431
"Lin7a",3.63249008991845e-14,-1.11017561802256,9.80960088964866e-13,0.999999209747769,0.999999999942431
"Gna12",3.63203481840784e-14,-1.1102035470071,9.80714210692167e-13,0.999999209846814,0.999999999942431
"Men1",3.63119801674092e-14,-1.11025489025965,9.802623599864e-13,0.999999210028861,0.999999999942431
"Rdh13",3.63060718028763e-14,-1.11029114896539,9.79943386681007e-13,0.999999210157398,0.999999999942431
"Rras2",3.61520707057624e-14,-1.11123828737786,9.71647678370181e-13,0.999999213507709,0.999999999942431
"Polr3k",3.60705631735856e-14,-1.11174118661845,9.67271313445713e-13,0.999999215280914,0.999999999942431
"Trim62",3.60413477165719e-14,-1.11192171801574,9.65705059600301e-13,0.9999992159165,0.999999999942431
"Gpr89",3.60387853282174e-14,-1.11193755869242,9.65567749339073e-13,0.999999215972245,0.999999999942431
"1600012H06Rik",3.60387323658137e-14,-1.11193788611754,9.65564911354894e-13,0.999999215973397,0.999999999942431
"Ganab",3.59939824854121e-14,-1.11221470932899,9.63168484795891e-13,0.999999216946936,0.999999999942431
"Por",3.5988207777737e-14,-1.11225045644667,9.62859457014828e-13,0.999999217072565,0.999999999942431
"Wrnip1",3.59845258812494e-14,-1.11227325140795,9.62662449843732e-13,0.999999217152665,0.999999999942431
"Tnfrsf1a",3.59315062477138e-14,-1.11260175609195,9.59827764219229e-13,0.999999218306113,0.999999999942431
"Fam49b",3.58737886212031e-14,-1.11295991288421,9.56746652857887e-13,0.999999219561767,0.999999999942431
"Gng10",3.58702074618997e-14,-1.11298215386765,9.56555644810368e-13,0.999999219639675,0.999999999942431
"Tmem260",3.58671493904777e-14,-1.11300114791861,9.56392551759337e-13,0.999999219706204,0.999999999942431
"Zfp319",3.57915725879798e-14,-1.11347107263023,9.52366308283746e-13,0.999999221350385,0.999999999942431
"Zfand1",3.57474503088285e-14,-1.11374587057687,9.50019684846229e-13,0.99999922231027,0.999999999942431
"Arnt2",3.57472952376398e-14,-1.11374683696529,9.500114425598e-13,0.999999222313644,0.999999999942431
"Kank4",3.56972042851991e-14,-1.11405921537489,9.47350897922325e-13,0.999999223403378,0.999999999942431
"Med8",3.55375728062162e-14,-1.1150576042566,9.38897076513029e-13,0.999999226876179,0.999999999942431
"Trim67",3.55269656919331e-14,-1.11512410129528,9.38336683579885e-13,0.999999227106938,0.999999999942431
"Tlk2",3.55204474197043e-14,-1.11516497469413,9.37992394517604e-13,0.999999227248743,0.999999999942431
"Igtp",3.54907304507582e-14,-1.1153514113229,9.36423572453305e-13,0.999999227895239,0.999999999942431
"Gphn",3.54719015996524e-14,-1.11546961837203,9.35430236857718e-13,0.999999228304863,0.999999999942431
"Hbb-bt",3.54699513527367e-14,-1.1154818655083,9.35327379683368e-13,0.999999228347291,0.999999999942431
"Paqr4",3.54672641114346e-14,-1.11549874190047,9.35185662254449e-13,0.999999228405752,0.999999999942431
"Cers6",3.5390419014789e-14,-1.11598187815974,9.31137615024904e-13,0.999999230077526,0.999999999942431
"Uqcc2",3.52997891869386e-14,-1.11655301211094,9.26374699513167e-13,0.999999232049188,0.999999999942431
"Rbbp5",3.52830007059477e-14,-1.11665896899684,9.25493746621004e-13,0.999999232414423,0.999999999942431
"R3hdm2",3.52537071361206e-14,-1.11684396815762,9.23957609629085e-13,0.999999233051708,0.999999999942431
"Ino80c",3.52304742797296e-14,-1.11699079959466,9.22740200006513e-13,0.999999233557141,0.999999999942431
"Zcchc17",3.52126336610442e-14,-1.11710361695912,9.21805890255135e-13,0.999999233945266,0.999999999942431
"Fam171a1",3.51920377037259e-14,-1.11723392815682,9.20727872482969e-13,0.999999234393333,0.999999999942431
"Panx2",3.51745373187967e-14,-1.11734471268686,9.1981237643016e-13,0.999999234774056,0.999999999942431
"Rxrg",3.51186996480761e-14,-1.11769855145633,9.16894389797738e-13,0.99999923598881,0.999999999942431
"Mrps33",3.51049682596766e-14,-1.11778565112379,9.1617751976967e-13,0.999999236287538,0.999999999942431
"Osbpl5",3.50796002863879e-14,-1.11794665128679,9.14853879814925e-13,0.999999236839421,0.999999999942431
"Tppp",3.50792674127548e-14,-1.11794876466272,9.14836517627934e-13,0.999999236846663,0.999999999942431
"Atp1a2",3.50070104193032e-14,-1.11840798453369,9.11071601161258e-13,0.999999238418622,0.999999999942431
"Psmb2",3.50032548868166e-14,-1.11843187787166,9.1087613314366e-13,0.999999238500324,0.999999999942431
"Cgnl1",3.49742351191672e-14,-1.11861659185355,9.09366418895925e-13,0.999999239131652,0.999999999942431
"Rab3b",3.49510128192693e-14,-1.11876451320321,9.08159212003935e-13,0.999999239636856,0.999999999942431
"Msl2",3.49396893211449e-14,-1.11883667674427,9.07570852899934e-13,0.9999992398832,0.999999999942431
"Stk4",3.49227091959946e-14,-1.11894493264091,9.06688937674198e-13,0.999999240252604,0.999999999942431
"Kcnc4",3.4823381877431e-14,-1.11957923035094,9.01538655238967e-13,0.999999242413481,0.999999999942431
"Arfip1",3.48046956381378e-14,-1.11969875878295,9.00571382891909e-13,0.999999242820002,0.999999999942431
"Emc9",3.47683487174333e-14,-1.11993143690643,8.98691412139031e-13,0.999999243610734,0.999999999942431
"Btbd10",3.46167971707677e-14,-1.1209041997684,8.90873886026044e-13,0.999999246907754,0.999999999942431
"Parn",3.46098206998964e-14,-1.12094908063038,8.9051483897719e-13,0.999999247059528,0.999999999942431
"Slc25a26",3.45244735191484e-14,-1.12149885723778,8.8612826785538e-13,0.999999248916266,0.999999999942431
"Yaf2",3.44834260415227e-14,-1.12176374809805,8.84022416341043e-13,0.999999249809258,0.999999999942431
"Rps15a",3.44642940438388e-14,-1.1218873184741,8.83041746789348e-13,0.999999250225477,0.999999999942431
"Tmem42",3.44245360568006e-14,-1.12214432513107,8.81005569172176e-13,0.999999251090416,0.999999999942431
"Eif2b1",3.43964602642657e-14,-1.12232599121045,8.79569102871178e-13,0.999999251701208,0.999999999942431
"Vps11",3.43477508619432e-14,-1.12264151542623,8.77079721729805e-13,0.999999252760886,0.999999999942431
"Selenoh",3.4320490028209e-14,-1.12281829515425,8.75688047716096e-13,0.999999253353949,0.999999999942431
"Ldb1",3.42933267404338e-14,-1.12299458008116,8.74302452500735e-13,0.999999253944889,0.999999999942431
"Smg7",3.42764341880034e-14,-1.12310427920052,8.73441319222532e-13,0.999999254312389,0.999999999942431
"Mrps18b",3.42140335524554e-14,-1.12350996746859,8.70263994463248e-13,0.999999255669921,0.999999999942431
"Srp68",3.42106465040488e-14,-1.12353200871906,8.70091697889691e-13,0.999999255743607,0.999999999942431
"Tmem38a",3.42070984694111e-14,-1.12355509989658,8.69911230362005e-13,0.999999255820795,0.999999999942431
"Rab22a",3.42069393970176e-14,-1.1235561352205,8.69903139729009e-13,0.999999255824255,0.999999999942431
"Smap1",3.42031785320528e-14,-1.12358061422248,8.69711868106813e-13,0.999999255906073,0.999999999942431
"Nup85",3.41709487698175e-14,-1.12379050262402,8.68073575921088e-13,0.999999256607236,0.999999999942431
"Manea",3.41547104475996e-14,-1.12389632466165,8.67248740225316e-13,0.999999256960502,0.999999999942431
"Zfp260",3.41467408635713e-14,-1.12394827906415,8.66844063666907e-13,0.999999257133881,0.999999999942431
"Srsf7",3.40167233902869e-14,-1.12479756690342,8.60255422763669e-13,0.999999259962426,0.999999999942431
"Rpl12",3.39519962894482e-14,-1.12522156519194,8.56984745391789e-13,0.999999261370571,0.999999999942431
"Exog",3.39008194601969e-14,-1.12555736628274,8.54403176545374e-13,0.999999262483928,0.999999999942431
"Wdr75",3.3770986756674e-14,-1.12641152212927,8.47871354701923e-13,0.999999265308453,0.999999999942431
"Slc30a5",3.37587400286878e-14,-1.12649225911962,8.47256521196641e-13,0.999999265574882,0.999999999942431
"Zmiz2",3.37350433923828e-14,-1.12664856207111,8.46067490851033e-13,0.999999266090405,0.999999999942431
"Slc39a13",3.37032435046567e-14,-1.12685848424452,8.44473174213828e-13,0.999999266782215,0.999999999942431
"Ltv1",3.36883150400876e-14,-1.12695709962514,8.43725240510342e-13,0.999999267106986,0.999999999942431
"Rab2b",3.36470470959936e-14,-1.12722993433256,8.4165939188473e-13,0.999999268004774,0.999999999942431
"Tpbgl",3.3580866696444e-14,-1.1276681623072,8.38351727163681e-13,0.999999269444536,0.999999999942431
"Grpel1",3.35642678916256e-14,-1.12777820849173,8.37523148341721e-13,0.999999269805645,0.999999999942431
"Aldh3a2",3.34900004541579e-14,-1.12827124224739,8.33820884809108e-13,0.999999271421341,0.999999999942431
"Tbc1d20",3.34248191283694e-14,-1.1287048457802,8.30578325241894e-13,0.999999272839368,0.999999999942431
"Tm2d3",3.34105046912286e-14,-1.12880018087219,8.29867074398767e-13,0.99999927315078,0.999999999942431
"Ndufs7",3.34041735784211e-14,-1.12884235934546,8.29552593410768e-13,0.999999273288514,0.999999999942431
"Pla2g6",3.3320145774764e-14,-1.12940290828069,8.25384383074986e-13,0.999999275116549,0.999999999942431
"Fbxl2",3.32600558648845e-14,-1.12980462309678,8.22410053286543e-13,0.999999276423811,0.999999999942431
"AF529169",3.32553595339157e-14,-1.12983604928819,8.22177820536349e-13,0.99999927652598,0.999999999942431
"Khsrp",3.31995030547719e-14,-1.13021015704425,8.19418241842779e-13,0.999999277741144,0.999999999942431
"Zc3h18",3.31875156012951e-14,-1.1302905258244,8.18826608608282e-13,0.999999278001933,0.999999999942431
"Zfp771",3.31848375174584e-14,-1.13030848470288,8.18694462661963e-13,0.999999278060195,0.999999999942431
"Rab3ip",3.28917134503487e-14,-1.13228282483963,8.04295165130692e-13,0.999999284437141,0.999999999942431
"Gdap1l1",3.27982828126487e-14,-1.13291577530899,7.99732369551049e-13,0.999999286469735,0.999999999942431
"Synj2bp",3.26737904360872e-14,-1.13376192327721,7.93672806438395e-13,0.99999928917808,0.999999999942431
"Igfbp4",3.26421937982413e-14,-1.1339771846186,7.92138532846989e-13,0.999999289865469,0.999999999942431
"Tmem222",3.26275186966887e-14,-1.13407723292048,7.91426442207668e-13,0.999999290184727,0.999999999942431
"Gbe1",3.26171144920541e-14,-1.13414819103308,7.90921785394076e-13,0.999999290411072,0.999999999942431
"Zdhhc24",3.25477346207173e-14,-1.13462194272036,7.87560624159669e-13,0.999999291920439,0.999999999942431
"Anxa11",3.25259794133071e-14,-1.13477070048537,7.86508150381308e-13,0.999999292393726,0.999999999942431
"Nudcd3",3.23694182636147e-14,-1.13584413665163,7.78954787288705e-13,0.999999295799731,0.999999999942431
"Dcaf15",3.23479530526289e-14,-1.13599170828493,7.77922029468214e-13,0.999999296266709,0.999999999942431
"Necab3",3.23283791408775e-14,-1.13612636157552,7.76980865112702e-13,0.999999296692541,0.999999999942431
"Wwp2",3.22838575325014e-14,-1.1364329352207,7.74842272401767e-13,0.999999297661114,0.999999999942431
"Rhbdd3",3.21513893491333e-14,-1.13734757622767,7.68496601583828e-13,0.999999300542974,0.999999999942431
"Fh1",3.21134812695226e-14,-1.13761000053981,7.66685478844067e-13,0.999999301367668,0.999999999942431
"1110059E24Rik",3.20916008032392e-14,-1.13776161038021,7.65641075051679e-13,0.99999930184368,0.999999999942431
"Suz12",3.20869032569027e-14,-1.13779417298741,7.65416943434637e-13,0.999999301945876,0.999999999942431
"Gab2",3.20491151401085e-14,-1.13805628502078,7.63615171963774e-13,0.99999930276796,0.999999999942431
"4933431E20Rik",3.20164488928476e-14,-1.13828311559642,7.62059326847511e-13,0.999999303478618,0.999999999942431
"Smyd2",3.20114170627472e-14,-1.13831807631313,7.61819809232968e-13,0.999999303588086,0.999999999942431
"Rbm27",3.191226342207e-14,-1.13900809476942,7.57107726586893e-13,0.999999305745185,0.999999999942431
"Ptdss1",3.1901456170042e-14,-1.13908343105759,7.56595016571677e-13,0.999999305980298,0.999999999942431
"Mospd1",3.18833530022126e-14,-1.13920968285371,7.55736567964915e-13,0.999999306374134,0.999999999942431
"Cox15",3.18682557919104e-14,-1.13931502511384,7.55021033898141e-13,0.999999306702576,0.999999999942431
"Polr2h",3.1855353806113e-14,-1.13940508898115,7.54409811318266e-13,0.99999930698326,0.999999999942431
"Hdhd2",3.18537025986192e-14,-1.13941661803009,7.543316043797e-13,0.999999307019182,0.999999999942431
"Chst11",3.17990743598687e-14,-1.13979837552617,7.51746506354362e-13,0.999999308207625,0.999999999942431
"Rpl11",3.1772325868567e-14,-1.13998553739753,7.50482342028086e-13,0.999999308789542,0.999999999942431
"Trappc13",3.17605338208848e-14,-1.14006809688275,7.49925374222456e-13,0.999999309046079,0.999999999942431
"Ric3",3.1759307235768e-14,-1.1400766862899,7.49867451421427e-13,0.999999309072763,0.999999999942431
"Arl15",3.17322169044594e-14,-1.14026647517615,7.48588740039467e-13,0.999999309662117,0.999999999942431
"Chst1",3.17246455114265e-14,-1.14031954725047,7.48231552049449e-13,0.999999309826833,0.999999999942431
"Twsg1",3.17128714138592e-14,-1.14040210321735,7.47676266633001e-13,0.99999931008298,0.999999999942431
"Mapk14",3.17018358613326e-14,-1.14047950819937,7.47155999325979e-13,0.99999931032306,0.999999999942431
"Ric8b",3.16971327561685e-14,-1.14051250454217,7.46934328089078e-13,0.999999310425376,0.999999999942431
"Pigh",3.1665540948792e-14,-1.14073427354148,7.45446165339501e-13,0.999999311112659,0.999999999942431
"Brcc3",3.16519377488812e-14,-1.14082983284044,7.44805830465223e-13,0.999999311408598,0.999999999942431
"Dohh",3.16237206804476e-14,-1.14102818032924,7.43478463434653e-13,0.999999312022464,0.999999999942431
"Pced1b",3.16188427220114e-14,-1.14106248686829,7.43249118040818e-13,0.999999312128584,0.999999999942431
"Celsr2",3.16026241068881e-14,-1.14117658944565,7.42486827031427e-13,0.999999312481422,0.999999999942431
"Vwa1",3.15021702874311e-14,-1.14188459955715,7.37774110996322e-13,0.999999314666806,0.999999999942431
"Rars",3.15021382728037e-14,-1.14188482555459,7.37772611445588e-13,0.999999314667503,0.999999999942431
"Ubr4",3.14501340650636e-14,-1.14225223257035,7.35338769579075e-13,0.99999931579886,0.999999999942431
"Tsg101",3.14326465046045e-14,-1.14237591586789,7.34521240088022e-13,0.999999316179304,0.999999999942431
"Mlx",3.13725090972072e-14,-1.14280176480761,7.31713334772615e-13,0.9999993174876,0.999999999942431
"Sybu",3.1358790154658e-14,-1.1428990250249,7.31073530137897e-13,0.999999317786057,0.999999999942431
"U2af1l4",3.12966827511136e-14,-1.1433398599693,7.28180554025069e-13,0.99999931913721,0.999999999942431
"Nek6",3.12538333216478e-14,-1.1436445059985,7.26187961931198e-13,0.999999320069404,0.999999999942431
"Wdr36",3.12378342436674e-14,-1.14375836003457,7.25444669807412e-13,0.999999320417466,0.999999999942431
"Mrps10",3.12332021021822e-14,-1.14379133441747,7.25229538811057e-13,0.999999320518239,0.999999999942431
"Tifa",3.10991137401179e-14,-1.14474795235417,7.19015888476184e-13,0.999999323435346,0.999999999942431
"Slc37a1",3.1088029451882e-14,-1.14482721216987,7.1850343920617e-13,0.999999323676486,0.999999999942431
"Rnf185",3.10795963102951e-14,-1.14488753324197,7.18113680221396e-13,0.99999932385995,0.999999999942431
"Sulf1",3.10431183298534e-14,-1.14514864110483,7.16428975964173e-13,0.999999324653532,0.999999999942431
"Wdr59",3.10381821413063e-14,-1.1451839973728,7.16201154306352e-13,0.999999324760919,0.999999999942431
"Mrpl42",3.10130966678159e-14,-1.14536376195406,7.15043935451927e-13,0.999999325306657,0.999999999942431
"Fbxo34",3.09557310173311e-14,-1.14577538834281,7.12401114965088e-13,0.999999326554653,0.999999999942431
"Prkcsh",3.09171837363404e-14,-1.14605240650715,7.1062800044165e-13,0.999999327393253,0.999999999942431
"Stk38l",3.09158101443881e-14,-1.14606228404159,7.10564858130411e-13,0.999999327423136,0.999999999942431
"Spred2",3.09045055254669e-14,-1.14614359228059,7.1004530542921e-13,0.999999327669069,0.999999999942431
"Atp2b3",3.08951935094738e-14,-1.14621059079424,7.09617474148008e-13,0.999999327871653,0.999999999942431
"Cdc37l1",3.08635005242974e-14,-1.14643876621144,7.08162337719661e-13,0.999999328561137,0.999999999942431
"Hexa",3.08584577386468e-14,-1.14647509333102,7.07930943414253e-13,0.999999328670844,0.999999999942431
"Ivns1abp",3.08449001312344e-14,-1.14657278838526,7.07309023713134e-13,0.999999328965791,0.999999999942431
"Acap2",3.08368247988625e-14,-1.14663099871788,7.06938718881522e-13,0.999999329141471,0.999999999942431
"1110032A03Rik",3.08243419375772e-14,-1.14672100992079,7.06366491883217e-13,0.999999329413037,0.999999999942431
"Cdkn2aipnl",3.07613588873918e-14,-1.1471757158837,7.03482818698664e-13,0.99999933078324,0.999999999942431
"Arhgef4",3.0722934468394e-14,-1.14745357192823,7.01726457001906e-13,0.999999331619167,0.999999999942431
"Bysl",3.06973372403455e-14,-1.14763886174781,7.00557638351494e-13,0.999999332176038,0.999999999942431
"Ormdl3",3.06921019318089e-14,-1.14767677716946,7.00318704100914e-13,0.999999332289933,0.999999999942431
"Zfp330",3.06655943665978e-14,-1.14786884956155,6.99109550855572e-13,0.999999332866608,0.999999999942431
"Svbp",3.06048478284671e-14,-1.14830963386664,6.96342513580185e-13,0.999999334188155,0.999999999942431
"Setd3",3.05643603822958e-14,-1.14860389505677,6.94501335887526e-13,0.999999335068964,0.999999999942431
"Scyl1",3.05398461298423e-14,-1.14878225055319,6.93387728188146e-13,0.999999335602274,0.999999999942431
"Cdr2",3.05207128698977e-14,-1.14892155429763,6.92519183417853e-13,0.999999336018521,0.999999999942431
"Fam136a",3.04971301811697e-14,-1.14909337156577,6.91449407955713e-13,0.999999336531565,0.999999999942431
"Dgcr2",3.0493825941914e-14,-1.14911745584668,6.91299584644875e-13,0.999999336603449,0.999999999942431
"Tmem79",3.04564281312486e-14,-1.14939022439186,6.89604996511782e-13,0.999999337417042,0.999999999942431
"Kcnk2",3.04167224725564e-14,-1.1496801873736,6.87808110006831e-13,0.999999338280843,0.999999999942431
"Lgalsl",3.03969098262385e-14,-1.14982501502103,6.86912361913e-13,0.99999933871187,0.999999999942431
"Tmed3",3.03809334508625e-14,-1.14994186787291,6.86190480262131e-13,0.999999339059437,0.999999999942431
"Mgat3",3.03619288436081e-14,-1.15008094845238,6.85332264249126e-13,0.999999339472885,0.999999999942431
"Serpinf1",3.03543125369126e-14,-1.15013671062812,6.84988475416913e-13,0.999999339638578,0.999999999942431
"Cntnap1",3.03261328103617e-14,-1.15034314624039,6.83717234110614e-13,0.999999340251631,0.999999999942431
"Sptssa",3.02966345578974e-14,-1.15055944366604,6.82387776459544e-13,0.999999340893369,0.999999999942431
"Dnajc27",3.02825770040913e-14,-1.15066259445578,6.81754671328861e-13,0.999999341199193,0.999999999942431
"Pigz",3.02500190230098e-14,-1.1509016781373,6.8028949724566e-13,0.999999341907495,0.999999999942431
"Efna5",3.01930227380579e-14,-1.15132083162022,6.77728345429017e-13,0.999999343147456,0.999999999942431
"Cul5",3.01870665721551e-14,-1.15136467857234,6.77460981386533e-13,0.999999343277033,0.999999999942431
"Tra2b",3.0101040039733e-14,-1.15199892518503,6.73605252187957e-13,0.999999345148549,0.999999999942431
"Slc5a3",3.00900196447123e-14,-1.15208030420723,6.73112110618437e-13,0.999999345388299,0.999999999942431
"Swsap1",3.00787536740116e-14,-1.15216352704129,6.72608166667201e-13,0.999999345633392,0.999999999942431
"Lbh",3.00774009653634e-14,-1.15217352169978,6.7254767064832e-13,0.99999934566282,0.999999999942431
"Rnf141",3.00761320531325e-14,-1.15218289762075,6.72490924657247e-13,0.999999345690425,0.999999999942431
"Pkp4",3.00642627813671e-14,-1.15227061789267,6.7196024454698e-13,0.999999345948643,0.999999999942431
"Gpatch4",3.00189582760203e-14,-1.15260575664045,6.69936586809062e-13,0.999999346934247,0.999999999942431
"Strn",3.00153602235108e-14,-1.15263239450052,6.69776000120027e-13,0.999999347012523,0.999999999942431
"Fam43b",2.99458152753468e-14,-1.15314788378377,6.66675882382491e-13,0.999999348525481,0.999999999942431
"Med7",2.99364004755521e-14,-1.15321775997296,6.66256749810178e-13,0.999999348730301,0.999999999942431
"Cant1",2.99090908876843e-14,-1.15342057306482,6.65041714091402e-13,0.999999349324424,0.999999999942431
"Polr2a",2.98517804250782e-14,-1.15384678024219,6.62495509500695e-13,0.99999935057122,0.999999999942431
"Ulk2",2.98285500504708e-14,-1.15401977002075,6.61464815152926e-13,0.999999351076599,0.999999999942431
"2810004N23Rik",2.97986906371866e-14,-1.15424231951105,6.60141179537951e-13,0.999999351726194,0.999999999942431
"Zfp825",2.96698347864964e-14,-1.15520524221584,6.54444342789812e-13,0.999999354529467,0.999999999942431
"Smap2",2.96317308927984e-14,-1.15549077759926,6.5276446387683e-13,0.999999355358422,0.999999999942431
"Slc35e1",2.95992139229714e-14,-1.15573473324658,6.51332601788954e-13,0.999999356065832,0.999999999942431
"Igbp1",2.95968201594882e-14,-1.15575270268329,6.51227256210793e-13,0.999999356117909,0.999999999942431
"Gm14296",2.95853074362353e-14,-1.15583914609594,6.50720719295904e-13,0.999999356368369,0.999999999942431
"Ppp4r2",2.95844150104955e-14,-1.15584584826977,6.50681462569433e-13,0.999999356387784,0.999999999942431
"Urm1",2.95735849131424e-14,-1.15592719887876,6.50205154098902e-13,0.999999356623394,0.999999999942431
"Camk2a",2.95461814097746e-14,-1.15613317240338,6.49000724946123e-13,0.99999935721956,0.999999999942431
"Pdxk",2.95303897481723e-14,-1.1562519531637,6.48307162497012e-13,0.99999935756311,0.999999999942431
"Dnajc9",2.94660417686711e-14,-1.15673661030964,6.45484862858054e-13,0.999999358963007,0.999999999942431
"Aven",2.94036912398283e-14,-1.15720721952837,6.42756044240136e-13,0.99999936031945,0.999999999942431
"Lrp12",2.93954749232242e-14,-1.15726930798971,6.42396881897922e-13,0.999999360498196,0.999999999942431
"Naa38",2.93628758837953e-14,-1.1575158187715,6.40972859360014e-13,0.999999361207392,0.999999999942431
"Smim12",2.933721039013e-14,-1.15771008868268,6.39852826347282e-13,0.999999361765748,0.999999999942431
"Plxnd1",2.93160141647888e-14,-1.15787065573123,6.38928569061003e-13,0.999999362226874,0.999999999942431
"Ndufb11",2.93082670903686e-14,-1.15792937044746,6.38590926083812e-13,0.999999362395413,0.999999999942431
"Pir",2.92961006481685e-14,-1.15802161024008,6.38060852643707e-13,0.999999362660095,0.999999999942431
"Pmepa1",2.92944173954276e-14,-1.15803437478257,6.37987533205241e-13,0.999999362696714,0.999999999942431
"Smarcc1",2.92823930733673e-14,-1.15812557937822,6.37463898066595e-13,0.999999362958305,0.999999999942431
"Kctd6",2.92666218502323e-14,-1.15824526024949,6.36777418790928e-13,0.999999363301409,0.999999999942431
"Txndc9",2.92496011371097e-14,-1.15837449431779,6.3603696749082e-13,0.999999363671697,0.999999999942431
"1110065P20Rik",2.92400562393446e-14,-1.15844699882118,6.35621924751989e-13,0.999999363879347,0.999999999942431
"Lrrc57",2.92377105678319e-14,-1.1584648204729,6.35519948173953e-13,0.999999363930377,0.999999999942431
"Resp18",2.91804453978393e-14,-1.15890034054624,6.33032919113061e-13,0.999999365176188,0.999999999942431
"4930452B06Rik",2.91567572186916e-14,-1.15908074322933,6.32005566001183e-13,0.999999365691526,0.999999999942431
"Usp39",2.91558024795217e-14,-1.15908801729058,6.31964176584262e-13,0.999999365712297,0.999999999942431
"Csrnp3",2.91415047806494e-14,-1.15919697811634,6.31344511389906e-13,0.999999366023345,0.999999999942431
"Sec24c",2.91011142486572e-14,-1.15950507390365,6.29595619631342e-13,0.999999366902045,0.999999999942431
"Fam174b",2.90936814927179e-14,-1.15956181630898,6.29274048922692e-13,0.999999367063746,0.999999999942431
"Prrc2a",2.90689069721465e-14,-1.15975105075985,6.28202797413173e-13,0.999999367602718,0.999999999942431
"Fig4",2.90446550272465e-14,-1.15993644772261,6.27155026035393e-13,0.999999368130322,0.999999999942431
"Krtcap2",2.90431418583228e-14,-1.15994802038605,6.27089680671537e-13,0.999999368163241,0.999999999942431
"Galnt1",2.90244546183867e-14,-1.16009098877516,6.26282963179494e-13,0.999999368569784,0.999999999942431
"Aard",2.89513939524429e-14,-1.16065081831572,6.23133959251843e-13,0.999999370159227,0.999999999942431
"Pitpnm1",2.89362544260937e-14,-1.16076699960673,6.22482419891327e-13,0.999999370488589,0.999999999942431
"Srgn",2.89215655991941e-14,-1.16087977951223,6.21850602405504e-13,0.999999370808146,0.999999999942431
"Gcc1",2.89196556550095e-14,-1.16089444809468,6.21768472638316e-13,0.999999370849697,0.999999999942431
"Prkaa2",2.89057989145025e-14,-1.16100089800544,6.21172779494685e-13,0.999999371151152,0.999999999942431
"Oasl2",2.88991935144102e-14,-1.16105165955749,6.20888917703604e-13,0.999999371294853,0.999999999942431
"Sumf1",2.88913893405538e-14,-1.16111164825842,6.20553623170602e-13,0.999999371464634,0.999999999942431
"Mlst8",2.88786012164327e-14,-1.16120998186719,6.20004396521788e-13,0.999999371742841,0.999999999942431
"Cd55",2.87992658799121e-14,-1.16182098784013,6.16602521753206e-13,0.99999937346879,0.999999999942431
"Kiz",2.87494245234618e-14,-1.16220569350346,6.14470126238698e-13,0.999999374553094,0.999999999942431
"Shc2",2.86263214132972e-14,-1.16315870267576,6.09219152671643e-13,0.999999377231216,0.999999999942431
"Coq3",2.854530450244e-14,-1.16378810664517,6.05775663790887e-13,0.999999378993748,0.999999999942431
"Lsm3",2.8539230879741e-14,-1.16383536233624,6.05517907815503e-13,0.99999937912588,0.999999999942431
"Amd1",2.84382160860641e-14,-1.16462276302643,6.01239024647033e-13,0.999999381323468,0.999999999942431
"Umps",2.83949705817014e-14,-1.16496070097369,5.99411827382879e-13,0.999999382264279,0.999999999942431
"Ik",2.83841596639267e-14,-1.16504526116621,5.98955481894007e-13,0.999999382499472,0.999999999942431
"Arhgap12",2.83385566831043e-14,-1.16540230569438,5.97032422431255e-13,0.999999383491569,0.999999999942431
"Scn3b",2.83226529503061e-14,-1.16552695581869,5.96362495596771e-13,0.999999383837557,0.999999999942431
"Prkra",2.831466561522e-14,-1.1655895849132,5.96026179967556e-13,0.999999384011322,0.999999999942431
"Aco1",2.82848075048693e-14,-1.16582385822179,5.94769811091608e-13,0.999999384660889,0.999999999942431
"Phtf1",2.82664610217768e-14,-1.16596792974379,5.93998485682634e-13,0.999999385060019,0.999999999942431
"Cd63",2.81991432437139e-14,-1.16649735471704,5.91172589420966e-13,0.999999386524524,0.999999999942431
"Col1a2",2.81784216167717e-14,-1.16666057212959,5.90304083815345e-13,0.999999386975326,0.999999999942431
"Ibtk",2.81770048427878e-14,-1.16667173591229,5.90244725881448e-13,0.999999387006148,0.999999999942431
"Lrrc42",2.81212004916785e-14,-1.16711189939577,5.87909090340916e-13,0.999999388220177,0.999999999942431
"Otub2",2.80975538190247e-14,-1.16729867519775,5.86920779135056e-13,0.999999388734613,0.999999999942431
"Apod",2.79960983267368e-14,-1.168101795333,5.82689889064515e-13,0.999999390941789,0.999999999942431
"Cyb561",2.79588023050144e-14,-1.16839775162341,5.81138420073431e-13,0.999999391753168,0.999999999942431
"Rnaseh2c",2.79210564691658e-14,-1.16869767393577,5.79570345153736e-13,0.999999392574333,0.999999999942431
"Mrrf",2.79146275811629e-14,-1.16874879668156,5.79303481048242e-13,0.999999392714194,0.999999999942431
"Hsf4",2.78792552005702e-14,-1.16903028692926,5.77836267472435e-13,0.999999393483724,0.999999999942431
"9130401M01Rik",2.78782793922721e-14,-1.16903805731486,5.77795818217043e-13,0.999999393504953,0.999999999942431
"Gm9774",2.78610210350303e-14,-1.16917553037184,5.77080657864085e-13,0.99999939388041,0.999999999942431
"Hjurp",2.77422972945299e-14,-1.17012351714172,5.72172926943661e-13,0.999999396463258,0.999999999942431
"Scpep1",2.77407368152212e-14,-1.17013600389128,5.72108560327402e-13,0.999999396497207,0.999999999942431
"Rhog",2.76617083618891e-14,-1.1707692865282,5.68853531216396e-13,0.99999939821648,0.999999999942431
"Cyp51",2.76497572699869e-14,-1.17086521006123,5.68362097200029e-13,0.999999398476477,0.999999999942431
"Apba2",2.76081683380703e-14,-1.17119933594134,5.66653597895751e-13,0.999999399381249,0.999999999942431
"Tmed2",2.75834154826893e-14,-1.17139843628532,5.65637955962545e-13,0.99999939991975,0.999999999942431
"Dnajc14",2.75759736150804e-14,-1.17145832961776,5.6533278454912e-13,0.999999400081648,0.999999999942431
"Rbm48",2.75123816103802e-14,-1.17197077907734,5.62728401957223e-13,0.999999401465099,0.999999999942431
"Fndc5",2.74801939803508e-14,-1.17223060503594,5.61412463669224e-13,0.999999402165345,0.999999999942431
"Pno1",2.74639791276128e-14,-1.17236160873824,5.60750129573231e-13,0.999999402518101,0.999999999942431
"Tsr3",2.74603811519328e-14,-1.17239068798895,5.60603214724387e-13,0.999999402596375,0.999999999942431
"Cdc42bpb",2.74072302490591e-14,-1.17282069786344,5.58435165380884e-13,0.999999403752679,0.999999999942431
"Tmeff1",2.73904434185756e-14,-1.17295668021181,5.57751295796673e-13,0.999999404117878,0.999999999942431
"Mon1b",2.73425597252197e-14,-1.17334501582909,5.5580289014373e-13,0.999999405159593,0.999999999942431
"AI846148",2.73320522783135e-14,-1.1734303206856,5.55375794269772e-13,0.999999405388184,0.999999999942431
"Pak2",2.7306511676737e-14,-1.17363780731701,5.54338330687835e-13,0.999999405943823,0.999999999942431
"Rnf8",2.72493701833115e-14,-1.17410270693362,5.52020745914456e-13,0.999999407186942,0.999999999942431
"Pank2",2.71943913588325e-14,-1.17455091944613,5.49795458893743e-13,0.999999408383012,0.999999999942431
"Gabra5",2.71779214123742e-14,-1.17468536390472,5.49129706930671e-13,0.999999408741318,0.999999999942431
"Tbc1d19",2.71643811273151e-14,-1.17479595366914,5.48582680506636e-13,0.999999409035888,0.999999999942431
"Plin2",2.7148008147661e-14,-1.17492975197918,5.47921577560657e-13,0.999999409392084,0.999999999942431
"Atg3",2.70776914861186e-14,-1.17550527857387,5.45086885617529e-13,0.999999410921831,0.999999999942431
"Arvcf",2.70547517635292e-14,-1.1756933540462,5.44163701651868e-13,0.999999411420887,0.999999999942431
"Atp13a2",2.69932050418333e-14,-1.17619873389948,5.41690687123412e-13,0.999999412759843,0.999999999942431
"Hif1a",2.69891728614911e-14,-1.17623188306846,5.41528866294657e-13,0.999999412847564,0.999999999942431
"Ciz1",2.69078731450891e-14,-1.17690130428025,5.38271276051727e-13,0.999999414616248,0.999999999942431
"Sav1",2.68832886324632e-14,-1.17710412570045,5.37288136905045e-13,0.999999415151087,0.999999999942431
"Vrk3",2.68772795066531e-14,-1.17715372860379,5.3704796754089e-13,0.999999415281816,0.999999999942431
"Tbc1d13",2.68674936705345e-14,-1.17723453013091,5.36656967651376e-13,0.999999415494708,0.999999999942431
"Stat2",2.67978102567931e-14,-1.1778107456065,5.33876835287324e-13,0.999999417010678,0.999999999942431
"Aup1",2.67539607159211e-14,-1.17817409737006,5.32131088104103e-13,0.99999941796463,0.999999999942431
"Myh9",2.67454627749435e-14,-1.1782445820325,5.31793096996479e-13,0.999999418149503,0.999999999942431
"Glrx",2.67308837970342e-14,-1.17836555622886,5.31213493136584e-13,0.999999418466671,0.999999999942431
"Acyp1",2.66983557785104e-14,-1.17863570356586,5.29921443900283e-13,0.999999419174321,0.999999999942431
"Bcl2l1",2.66761188226902e-14,-1.17882056977091,5.29039072530527e-13,0.999999419658089,0.999999999942431
"Esrra",2.66755515546478e-14,-1.17882528772247,5.29016572723107e-13,0.99999941967043,0.999999999942431
"Tspan4",2.66344708285785e-14,-1.1791672181565,5.27388441377756e-13,0.999999420564145,0.999999999942431
"Ppib",2.65816608060676e-14,-1.17960754066788,5.25299135065771e-13,0.999999421713033,0.999999999942431
"Apmap",2.65656290557649e-14,-1.17974138181492,5.24665696464563e-13,0.999999422061806,0.999999999942431
"Dip2b",2.6554844198378e-14,-1.17983146406504,5.24239785516253e-13,0.999999422296432,0.999999999942431
"Mrps7",2.65341872859248e-14,-1.18000410499757,5.23424494469101e-13,0.999999422745825,0.999999999942431
"Polr2g",2.64936311023198e-14,-1.18034344067775,5.21825660736168e-13,0.999999423628129,0.999999999942431
"Ctcf",2.64420521481665e-14,-1.18077574510506,5.19795812742539e-13,0.999999424750235,0.999999999942431
"Mkks",2.64140506256446e-14,-1.18101078572858,5.18695492137157e-13,0.999999425359411,0.999999999942431
"Osbpl1a",2.63484766137684e-14,-1.18156216696551,5.16123321321899e-13,0.999999426785981,0.999999999942431
"Traf3",2.6346785577495e-14,-1.18157640398858,5.16057074209155e-13,0.99999942682277,0.999999999942431
"C1d",2.62833494918488e-14,-1.18211113134886,5.13575008222096e-13,0.999999428202829,0.999999999942431
"Kcnk18",2.62701283835643e-14,-1.1822227374267,5.13058458911674e-13,0.999999428490456,0.999999999942431
"Iars",2.6253700282219e-14,-1.18236149254545,5.12416974346495e-13,0.999999428847851,0.999999999942431
"Tmem64",2.62396998896112e-14,-1.18247981032087,5.11870603672524e-13,0.999999429152431,0.999999999942431
"Stmn4",2.62227041516404e-14,-1.18262352553101,5.11207730143259e-13,0.999999429522175,0.999999999942431
"Nrn1l",2.62197582156806e-14,-1.18264844557436,5.11092875425528e-13,0.999999429586264,0.999999999942431
"Sec22a",2.62192952737337e-14,-1.18265236190959,5.11074827643388e-13,0.999999429596336,0.999999999942431
"Zfp24",2.61851015480917e-14,-1.18294181814118,5.09742666962341e-13,0.999999430340224,0.999999999942431
"Umad1",2.6154085709649e-14,-1.18320469549248,5.08535817886547e-13,0.999999431014977,0.999999999942431
"Rbpj",2.61340791028422e-14,-1.18337442630547,5.07758104994482e-13,0.999999431450223,0.999999999942431
"Lpar3",2.61273319608451e-14,-1.18343169618101,5.07495958868748e-13,0.999999431597008,0.999999999942431
"Rad1",2.61252596461408e-14,-1.18344928895666,5.07415456991897e-13,0.999999431642091,0.999999999942431
"Azi2",2.61126452952584e-14,-1.18355640732406,5.0692557314465e-13,0.999999431916518,0.999999999942431
"Rpp14",2.60921752919183e-14,-1.18373034283293,5.06131115070861e-13,0.999999432361845,0.999999999942431
"Plk3",2.60785295028732e-14,-1.18384636711898,5.05601856598653e-13,0.99999943265871,0.999999999942431
"Spg7",2.6043501183528e-14,-1.1841444721473,5.04244533968797e-13,0.999999433420755,0.999999999942431
"Lrrc47",2.6022210190361e-14,-1.18432586026023,5.03420414471408e-13,0.999999433883943,0.999999999942431
"Sec11a",2.60065057767391e-14,-1.18445974743856,5.02812969005158e-13,0.999999434225595,0.999999999942431
"1810013L24Rik",2.59991370488102e-14,-1.18452259663288,5.02528073595065e-13,0.999999434385902,0.999999999942431
"Tmem219",2.59936556701977e-14,-1.18456935968104,5.02316200696351e-13,0.99999943450515,0.999999999942431
"Nrg3",2.59867093536945e-14,-1.18462863446031,5.02047767418549e-13,0.999999434656268,0.999999999942431
"Gpr161",2.59584014487712e-14,-1.18487035506074,5.00954579389858e-13,0.99999943527211,0.999999999942431
"Pdrg1",2.59139505750891e-14,-1.1852504451146,4.99240390390253e-13,0.999999436239143,0.999999999942431
"Ets2",2.59036539394954e-14,-1.18533858117413,4.98843733377459e-13,0.999999436463148,0.999999999942431
"Ppfia3",2.58889115324348e-14,-1.18546483183433,4.98276086459517e-13,0.99999943678387,0.999999999942431
"Zmat3",2.58827303634638e-14,-1.18551778706835,4.98038180667079e-13,0.999999436918342,0.999999999942431
"Pspc1",2.58398618316626e-14,-1.18588539330255,4.96389785418693e-13,0.999999437850952,0.999999999942431
"Gtpbp8",2.58383843150784e-14,-1.18589807401987,4.96333020163797e-13,0.999999437883096,0.999999999942431
"Mcrs1",2.58247286889341e-14,-1.18601530664695,4.95808533256159e-13,0.999999438180175,0.999999999942431
"Fyb",2.58058770350172e-14,-1.18617724729266,4.95084932286205e-13,0.999999438590295,0.999999999942431
"Ccdc97",2.57405850214926e-14,-1.18673902578674,4.92582851164158e-13,0.99999944001073,0.999999999942431
"Arl6ip4",2.56754808278384e-14,-1.18730058895482,4.90094278826339e-13,0.999999441427079,0.999999999942431
"Acvr1b",2.56716793935104e-14,-1.1873334220003,4.89949165805217e-13,0.999999441509779,0.999999999942431
"Them4",2.56614745544678e-14,-1.18742158506141,4.89559720413267e-13,0.999999441731787,0.999999999942431
"Caly",2.54926080630083e-14,-1.18888552041992,4.8313778042898e-13,0.999999445405496,0.999999999942431
"Pcid2",2.54897725556328e-14,-1.18891018350402,4.83030308918171e-13,0.999999445467183,0.999999999942431
"Rp9",2.54831520056733e-14,-1.18896777920946,4.82779423118327e-13,0.999999445611214,0.999999999942431
"Gatad2a",2.54637903196326e-14,-1.18913630157668,4.82046085844766e-13,0.999999446032429,0.999999999942431
"Atg10",2.54217361584392e-14,-1.18950277285195,4.80455175487814e-13,0.999999446947322,0.999999999942431
"Ipo4",2.54155523440715e-14,-1.18955671067759,4.80221463341117e-13,0.999999447081852,0.999999999942431
"Plekha1",2.53818485735187e-14,-1.18985091676229,4.78948656668708e-13,0.999999447815081,0.999999999942431
"Lpcat4",2.5314713457645e-14,-1.19043810044592,4.76418364254179e-13,0.999999449275613,0.999999999942431
"Cav2",2.52981030074638e-14,-1.19058361731683,4.75793357989939e-13,0.999999449636975,0.999999999942431
"Serp1",2.52629261142622e-14,-1.19089209791021,4.74471101074281e-13,0.999999450402252,0.999999999942431
"Dagla",2.52624155450789e-14,-1.19089657841809,4.74451922941588e-13,0.99999945041336,0.999999999942431
"Rybp",2.52300191520092e-14,-1.19118105619589,4.73235833734637e-13,0.999999451118147,0.999999999942431
"Timeless",2.52164951178726e-14,-1.19129991942083,4.72728632989226e-13,0.999999451412364,0.999999999942431
"Gprasp2",2.51572319333746e-14,-1.1918215279831,4.70509253689465e-13,0.999999452701641,0.999999999942431
"Plekhj1",2.50818655909943e-14,-1.19248662233,4.6769436173243e-13,0.999999454341244,0.999999999942431
"BC005624",2.50772633174134e-14,-1.19252730037566,4.67522742925221e-13,0.999999454441367,0.999999999942431
"Ikzf5",2.50541649412224e-14,-1.19273157088537,4.66661880028576e-13,0.999999454943875,0.999999999942431
"Ctnnd1",2.50432438642936e-14,-1.19282821609856,4.66255134121415e-13,0.999999455181464,0.999999999942431
"Enox1",2.50361777118983e-14,-1.1928907696039,4.65992055979659e-13,0.999999455335189,0.999999999942431
"Pid1",2.50002576086156e-14,-1.19320902370901,4.64655871567816e-13,0.999999456116635,0.999999999942431
"Kif3b",2.49651848953507e-14,-1.19352020521759,4.63353060124529e-13,0.999999456879645,0.999999999942431
"Adnp2",2.49530136532875e-14,-1.19362829492271,4.6290137450311e-13,0.999999457144432,0.999999999942431
"Pcyt1b",2.49341238413019e-14,-1.19379615352799,4.62200792975155e-13,0.999999457555382,0.999999999942431
"Smim19",2.49337315227107e-14,-1.19379964107753,4.62186248366445e-13,0.999999457563917,0.999999999942431
"Abhd4",2.48948228793747e-14,-1.19414579182601,4.60744907043776e-13,0.999999458410379,0.999999999942431
"Rnf10",2.48931948655994e-14,-1.19416028707484,4.60684647564719e-13,0.999999458445796,0.999999999942431
"Bmi1",2.48775737087048e-14,-1.19429941976651,4.60106644683172e-13,0.999999458785636,0.999999999942431
"Fam222b",2.48771900253925e-14,-1.19430283819588,4.60092452472774e-13,0.999999458793983,0.999999999942431
"Cabp7",2.48518141961747e-14,-1.19452903982768,4.59154302073684e-13,0.999999459346037,0.999999999942431
"Lrrc75b",2.48304483015152e-14,-1.19471967333468,4.58365142354035e-13,0.999999459810855,0.999999999942431
"Dhx40",2.48101533032242e-14,-1.19490090179235,4.57616165292315e-13,0.999999460252375,0.999999999942431
"Isy1",2.47243576116925e-14,-1.19566865102598,4.54456683766597e-13,0.999999462118869,0.999999999942431
"Dlg5",2.47233351663073e-14,-1.19567781628572,4.54419097549902e-13,0.999999462141113,0.999999999942431
"Smad1",2.46941438979591e-14,-1.19593964628101,4.53346650116613e-13,0.999999462776172,0.999999999942431
"Slc4a1ap",2.46900046022143e-14,-1.19597679824284,4.53194680597635e-13,0.999999462866223,0.999999999942431
"Bad",2.46888112197568e-14,-1.19598751050482,4.53150871653906e-13,0.999999462892185,0.999999999942431
"Fbxw5",2.46697759131756e-14,-1.19615844782454,4.52452373829872e-13,0.9999994633063,0.999999999942431
"Ehd4",2.46614687847206e-14,-1.19623308671881,4.52147713813228e-13,0.999999463487023,0.999999999942431
"Cirbp",2.46411019351249e-14,-1.19641618620152,4.51401203378185e-13,0.999999463930106,0.999999999942431
"Pias3",2.46340042934479e-14,-1.19648002958782,4.51141196940325e-13,0.999999464084516,0.999999999942431
"Pole3",2.45959798228919e-14,-1.19682236939298,4.4974952992696e-13,0.999999464911742,0.999999999942431
"Tdrp",2.45407016349827e-14,-1.19732097877232,4.47730224176854e-13,0.999999466114326,0.999999999942431
"Epha5",2.45380063382594e-14,-1.1973453186598,4.47631881468095e-13,0.999999466172962,0.999999999942431
"Adcy2",2.45258545957099e-14,-1.19745508776149,4.47188637593616e-13,0.999999466437325,0.999999999942431
"Tspan9",2.4517718290689e-14,-1.19752861459596,4.46891982516912e-13,0.999999466614331,0.999999999942431
"Serping1",2.45103462020065e-14,-1.19759525607476,4.4662327627096e-13,0.999999466774711,0.999999999942431
"Hif1an",2.44737972178144e-14,-1.19792594011684,4.45292290872831e-13,0.999999467569838,0.999999999942431
"Cacng2",2.44098830369514e-14,-1.19850538808608,4.42969534908513e-13,0.999999468960299,0.999999999942431
"Agpat1",2.43830668508977e-14,-1.19874895009154,4.41996795418413e-13,0.999999469543688,0.999999999942431
"Ddx28",2.43381486196819e-14,-1.19915751895043,4.40369811641352e-13,0.999999470520889,0.999999999942431
"Ddah1",2.43313460830811e-14,-1.19921945852204,4.40123678447957e-13,0.999999470668879,0.999999999942431
"Ube2g1",2.43151607887301e-14,-1.19936690018704,4.39538329658493e-13,0.999999471020992,0.999999999942431
"Brinp1",2.43075915548988e-14,-1.1994358861424,4.3926471842586e-13,0.999999471185661,0.999999999942431
"Psph",2.42629183801566e-14,-1.19984346911077,4.37651616008164e-13,0.999999472157531,0.999999999942431
"Spast",2.42426246921774e-14,-1.20002886634024,4.36919811952641e-13,0.999999472599022,0.999999999942431
"Snf8",2.42372540811916e-14,-1.20007795628678,4.36726246573323e-13,0.999999472715861,0.999999999942431
"Klhdc3",2.42184608814827e-14,-1.20024981956701,4.36049247309028e-13,0.999999473124709,0.999999999942431
"AI506816",2.42183950027786e-14,-1.20025042225715,4.36046875042645e-13,0.999999473126142,0.999999999942431
"H2-Eb1",2.41839416519848e-14,-1.20056583980711,4.34807107518069e-13,0.999999473875678,0.999999999942431
"Gm6410",2.40812357885703e-14,-1.20150873917708,4.31121818042052e-13,0.999999476110056,0.999999999942431
"Myo1b",2.40525006502272e-14,-1.20177325432214,4.30093552387907e-13,0.999999476735192,0.999999999942431
"Psmd5",2.40380156823007e-14,-1.20190671072632,4.29575683954139e-13,0.999999477050314,0.999999999942431
"Hcn3",2.40134878589859e-14,-1.20213287730779,4.28699473455827e-13,0.999999477583919,0.999999999942431
"Prkg2",2.39792533078187e-14,-1.20244892896817,4.27478003874018e-13,0.999999478328696,0.999999999942431
"Nfu1",2.39573444570263e-14,-1.20265142392782,4.2669722281922e-13,0.999999478805325,0.999999999942431
"Cnnm3",2.38931702564692e-14,-1.20324561341924,4.24414308864521e-13,0.999999480201442,0.999999999942431
"Hbs1l",2.38570420180566e-14,-1.20358081777089,4.23131787658709e-13,0.999999480987416,0.999999999942431
"Chm",2.38566141397125e-14,-1.20358479070201,4.23116609976167e-13,0.999999480996725,0.999999999942431
"Tcof1",2.38525035976974e-14,-1.2036229614398,4.22970814872532e-13,0.99999948108615,0.999999999942431
"Cryzl1",2.38087129915644e-14,-1.20403000668477,4.21419183534745e-13,0.999999482038819,0.999999999942431
"Zer1",2.3758999576158e-14,-1.20449300165139,4.19661145241654e-13,0.99999948312034,0.999999999942431
"B4galt5",2.37447119152738e-14,-1.20462624335934,4.19156563956856e-13,0.99999948343117,0.999999999942431
"Brd2",2.36797095015217e-14,-1.20523343268593,4.16864778354382e-13,0.999999484845305,0.999999999942431
"Eif3l",2.36772937327091e-14,-1.20525603010918,4.16779726841252e-13,0.99999948489786,0.999999999942431
"Lrrc61",2.36513009445869e-14,-1.20549931403191,4.158651526582e-13,0.999999485463336,0.999999999942431
"Amigo3",2.36132843548539e-14,-1.20585561193687,4.14529321806042e-13,0.999999486290391,0.999999999942431
"Zbtb11",2.35967761536145e-14,-1.20601050574679,4.13949924097398e-13,0.999999486649529,0.999999999942431
"Pelp1",2.35628968371684e-14,-1.20632872487071,4.12762111611163e-13,0.999999487386577,0.999999999942431
"Taf9b",2.35500487120147e-14,-1.20644952178101,4.1231210128655e-13,0.999999487666089,0.999999999942431
"Sec11c",2.35115756824444e-14,-1.20681163072263,4.10966037124798e-13,0.999999488503074,0.999999999942431
"Dhx29",2.34793482516132e-14,-1.20711540591088,4.09840182979883e-13,0.999999489204186,0.999999999942431
"Mettl14",2.34767709264843e-14,-1.20713971748246,4.09750211706694e-13,0.999999489260256,0.999999999942431
"Csnk1g2",2.34737170619467e-14,-1.20716852759473,4.09643617809381e-13,0.999999489326693,0.999999999942431
"Mnt",2.34623035220266e-14,-1.20727623548542,4.09245355608229e-13,0.999999489574996,0.999999999942431
"Psen2",2.34551442921312e-14,-1.20734382244959,4.0899564145947e-13,0.999999489730745,0.999999999942431
"Ddx24",2.34423825402559e-14,-1.20746435068238,4.08550700180444e-13,0.999999490008379,0.999999999942431
"Klhl18",2.34354837355843e-14,-1.20752953331344,4.08310272677179e-13,0.999999490158463,0.999999999942431
"Rps6",2.34249622301221e-14,-1.20762898109124,4.07943728129082e-13,0.999999490387359,0.999999999942431
"Crtap",2.34187660059138e-14,-1.20768756753146,4.07727943235008e-13,0.999999490522159,0.999999999942431
"Pygo2",2.33420991759083e-14,-1.20841373369841,4.05062726654076e-13,0.999999492190054,0.999999999942431
"Cln8",2.31927665563606e-14,-1.20983494565476,3.99896474367673e-13,0.999999495438802,0.999999999942431
"Cggbp1",2.31695908806035e-14,-1.21005631908842,3.99097670095395e-13,0.999999495942991,0.999999999942431
"Slc35a2",2.31647063268389e-14,-1.21010300407106,3.98929414337086e-13,0.999999496049255,0.999999999942431
"Rnf145",2.31530813910213e-14,-1.21021415049182,3.98529118721218e-13,0.999999496302157,0.999999999942431
"Vps18",2.30535399619321e-14,-1.21116812859722,3.95109713682791e-13,0.999999498467692,0.999999999942431
"Golga7",2.30296467360099e-14,-1.21139771921472,3.94291136273878e-13,0.999999498987492,0.999999999942431
"Rabl3",2.30127521089513e-14,-1.21156020190767,3.93712841837774e-13,0.999999499355036,0.999999999942431
"Tspan5",2.29884342251207e-14,-1.21179428376756,3.92881198192636e-13,0.999999499884074,0.999999999942431
"Esf1",2.29727151948799e-14,-1.21194572375249,3.9234409331971e-13,0.999999500226044,0.999999999942431
"Dpy30",2.29264012008795e-14,-1.2123925158749,3.90763722428033e-13,0.99999950123361,0.999999999942431
"Fbxo42",2.28806689634646e-14,-1.21283456986097,3.89206332268105e-13,0.99999950222852,0.999999999942431
"Amer1",2.28384391810243e-14,-1.21324354296903,3.87770978162659e-13,0.999999503147233,0.999999999942431
"Adipor2",2.28329413414517e-14,-1.21329684148364,3.87584306384593e-13,0.999999503266839,0.999999999942431
"1500011K16Rik",2.28135265889847e-14,-1.21348515806638,3.86925464049674e-13,0.999999503689209,0.999999999942431
"Tbpl1",2.27567743007449e-14,-1.21403654363573,3.85002780834818e-13,0.999999504923862,0.999999999942431
"Cish",2.27385805481063e-14,-1.21421359485793,3.84387417233231e-13,0.999999505319669,0.999999999942431
"Fbxw7",2.27213690740748e-14,-1.21438121572209,3.83805730072526e-13,0.999999505694106,0.999999999942431
"Akap1",2.26336599023721e-14,-1.21523735607444,3.80848310652755e-13,0.999999507602229,0.999999999942431
"Midn",2.25883371039841e-14,-1.21568104043504,3.79324577504118e-13,0.999999508588232,0.999999999942431
"Med9",2.25837908392929e-14,-1.21572559420439,3.79171902574338e-13,0.999999508687136,0.999999999942431
"Uros",2.25591595439424e-14,-1.21596713678661,3.78345256413076e-13,0.999999509222993,0.999999999942431
"Arrdc3",2.25237713679392e-14,-1.21631462043811,3.77159179689948e-13,0.999999509992866,0.999999999942431
"Itpa",2.24869384589536e-14,-1.21667686239255,3.75926658644458e-13,0.99999951079417,0.999999999942431
"Kdm1a",2.2455846078583e-14,-1.21698310341572,3.74887800113257e-13,0.999999511470588,0.999999999942431
"Slc35b4",2.24262053566702e-14,-1.2172754359916,3.73898782700579e-13,0.999999512115426,0.999999999942431
"Polr2k",2.24153205170759e-14,-1.21738288371922,3.73535917870042e-13,0.999999512352227,0.999999999942431
"Fam195b",2.23934578410816e-14,-1.21759885269969,3.72807620261045e-13,0.999999512827851,0.999999999942431
"Kdelr1",2.23879390893468e-14,-1.2176534021818,3.72623889888196e-13,0.999999512947912,0.999999999942431
"Dhrs4",2.23877174693241e-14,-1.21765559303693,3.72616512656567e-13,0.999999512952734,0.999999999942431
"2310022B05Rik",2.2381314230946e-14,-1.2177189023644,3.72403394803214e-13,0.999999513092037,0.999999999942431
"Nup214",2.23215600839271e-14,-1.2183105587881,3.70417546996451e-13,0.999999514391995,0.999999999942431
"Ccdc43",2.22977594476166e-14,-1.2185466560808,3.69628043654422e-13,0.999999514909781,0.999999999942431
"Tsr1",2.22609410942786e-14,-1.21891237633094,3.68408382083683e-13,0.999999515710768,0.999999999942431
"Vipas39",2.22195598637228e-14,-1.21932413261005,3.67039974309401e-13,0.999999516611021,0.999999999942431
"Ap1m1",2.21870377221603e-14,-1.21964826913299,3.65966308565689e-13,0.999999517318544,0.999999999942431
"Zfhx2",2.21783784656692e-14,-1.21973465180998,3.65680702369166e-13,0.999999517506927,0.999999999942431
"Mrpl28",2.21260912702554e-14,-1.22025696409996,3.63958495359199e-13,0.999999518644441,0.999999999942431
"Sec14l2",2.21234625790088e-14,-1.22028325499536,3.63872020286243e-13,0.999999518701628,0.999999999942431
"Mis12",2.21077831353882e-14,-1.22044013719512,3.63356432903882e-13,0.999999519042736,0.999999999942431
"Rpl8",2.20898619538462e-14,-1.22061958373256,3.62767578087874e-13,0.999999519432613,0.999999999942431
"Sar1b",2.20890368357148e-14,-1.22062784917703,3.62740477826546e-13,0.999999519450564,0.999999999942431
"Washc5",2.20730400869918e-14,-1.22078815337741,3.62215279087487e-13,0.999999519798575,0.999999999942431
"Hsd17b10",2.20470331795858e-14,-1.22104901452146,3.61362243011771e-13,0.999999520364358,0.999999999942431
"Exoc7",2.19722318435123e-14,-1.22180100079686,3.58914337760257e-13,0.99999952199167,0.999999999942431
"Srr",2.19276624596465e-14,-1.22225026282343,3.57459741164417e-13,0.999999522961281,0.999999999942431
"Atxn7l1",2.18990237755457e-14,-1.22253941784377,3.56526628345994e-13,0.999999523584319,0.999999999942431
"4931428F04Rik",2.18097268738317e-14,-1.22344341786679,3.53624963517866e-13,0.999999525526983,0.999999999942431
"Ift172",2.18021105471511e-14,-1.2235206908228,3.53378022968535e-13,0.999999525692677,0.999999999942431
"Sec23ip",2.17699260195777e-14,-1.22384751948953,3.52335471606589e-13,0.999999526392855,0.999999999942431
"Lsm12",2.17535597933747e-14,-1.22401389863862,3.51805912205652e-13,0.999999526748904,0.999999999942431
"Grik5",2.17302163990462e-14,-1.22425142140368,3.51051282807374e-13,0.999999527256742,0.999999999942431
"Gtf3c6",2.16889548766966e-14,-1.22467188000477,3.49719390105589e-13,0.999999528154391,0.999999999942431
"Pts",2.16725140426645e-14,-1.22483963334701,3.49189396910922e-13,0.999999528512063,0.999999999942431
"Kcnj3",2.16436274961313e-14,-1.22513468011341,3.48259172247692e-13,0.999999529140493,0.999999999942431
"Prkag1",2.16336601383119e-14,-1.22523657666759,3.47938484368771e-13,0.999999529357334,0.999999999942431
"Dnajb11",2.16318902242814e-14,-1.22525467538352,3.47881554934712e-13,0.999999529395839,0.999999999942431
"Cdc5l",2.156992450991e-14,-1.22588924403545,3.45891358642164e-13,0.99999953074391,0.999999999942431
"Slc45a3",2.15122093455809e-14,-1.22648190312967,3.44042815443077e-13,0.99999953199951,0.999999999942431
"Aimp2",2.13793263535093e-14,-1.22785241923984,3.39805571609087e-13,0.999999534890394,0.999999999942431
"Ppp1r12a",2.1327387842413e-14,-1.22839038204135,3.38156543281393e-13,0.999999536020322,0.999999999942431
"Mob3b",2.12724716040516e-14,-1.22896059397664,3.36417335741655e-13,0.999999537215031,0.999999999942431
"Plscr3",2.12629949345384e-14,-1.2290591399283,3.3611766151178e-13,0.999999537421197,0.999999999942431
"Leprot",2.125546075085e-14,-1.22913751727155,3.35879508461485e-13,0.999999537585104,0.999999999942431
"Dcun1d3",2.12523792303924e-14,-1.2291695819073,3.35782126940327e-13,0.999999537652143,0.999999999942431
"Thrap3",2.12481831150849e-14,-1.22921325178629,3.35649544944544e-13,0.99999953774343,0.999999999942431
"Cdk10",2.11809642678799e-14,-1.22991397438726,3.33529242438436e-13,0.999999539205783,0.999999999942431
"Yipf2",2.11522322856811e-14,-1.2302141599671,3.32624991197143e-13,0.99999953983085,0.999999999942431
"Ralgapb",2.11416430108475e-14,-1.23032489583856,3.32292035720786e-13,0.999999540061221,0.999999999942431
"Cblb",2.10503762977896e-14,-1.23128157797786,3.29429274122078e-13,0.999999542046739,0.999999999942431
"Btbd1",2.10426328652985e-14,-1.23136293483299,3.29186955967872e-13,0.999999542215198,0.999999999942431
"Six1",2.10383395769734e-14,-1.23140805525513,3.2905264289517e-13,0.999999542308599,0.999999999942431
"Stx1b",2.10238607324251e-14,-1.23156028800198,3.28599882579029e-13,0.999999542623588,0.999999999942431
"Sh3gl1",2.09592734795437e-14,-1.23224062954185,3.26584005104349e-13,0.999999544028691,0.999999999942431
"Polr3b",2.09409537397817e-14,-1.23243398018275,3.26013344174032e-13,0.999999544427239,0.999999999942431
"Pih1d1",2.08633067477675e-14,-1.2332553396951,3.23600175698536e-13,0.999999546116457,0.999999999942431
"Eif2ak1",2.07897375085704e-14,-1.23403634973238,3.2132200912931e-13,0.999999547716964,0.999999999942431
"Nr1d2",2.07066565013295e-14,-1.23492161960837,3.18758973911927e-13,0.999999549524401,0.999999999942431
"Ctxn3",2.06388889799247e-14,-1.23564631385755,3.16675957030773e-13,0.999999550998691,0.999999999942431
"Dhrs7",2.06043472338901e-14,-1.23601660057207,3.1561685089477e-13,0.99999955175015,0.999999999942431
"Nfkbia",2.04053818675187e-14,-1.23816149462576,3.09550788846261e-13,0.999999556078664,0.999999999942431
"Kcnh2",2.03774272534895e-14,-1.23846450296647,3.0870322368121e-13,0.99999955668682,0.999999999942431
"Plekha3",2.03722689563164e-14,-1.23852046006593,3.0854695455066e-13,0.999999556799039,0.999999999942431
"Myl12a",2.03681158166827e-14,-1.23856552339025,3.08421165128778e-13,0.999999556889391,0.999999999942431
"Prmt1",2.02820900016868e-14,-1.23950098294113,3.05821400644626e-13,0.999999558760892,0.999999999942431
"Ubxn7",2.01406587077039e-14,-1.24104746750331,3.0157115707926e-13,0.999999561837745,0.999999999942431
"Plpp3",2.01173729204496e-14,-1.24130311277568,3.00874232271563e-13,0.99999956234433,0.999999999942431
"Mpg",2.00679139014414e-14,-1.24184707277258,2.99396638565702e-13,0.999999563420317,0.999999999942431
"Lrfn1",2.00647000738321e-14,-1.24188246480231,2.99300750957238e-13,0.999999563490234,0.999999999942431
"Adipor1",1.9935470580448e-14,-1.2433102454722,2.9545779021596e-13,0.999999566301636,0.999999999942431
"Mrpl15",1.99095627834174e-14,-1.24359758337743,2.9469034542491e-13,0.999999566865263,0.999999999942431
"Zdhhc6",1.98592208525387e-14,-1.24415697080391,2.9320196263789e-13,0.999999567960457,0.999999999942431
"Tmem151b",1.98400586734796e-14,-1.24437026378682,2.92636413973489e-13,0.999999568377332,0.999999999942431
"Tmem161a",1.97012511078818e-14,-1.24592141391466,2.88555977222053e-13,0.999999571397106,0.999999999942431
"Gstz1",1.96187253686109e-14,-1.24684874033784,2.86143600469199e-13,0.999999573192463,0.999999999942431
"Slc39a10",1.95573901411772e-14,-1.2475404478361,2.8435722061069e-13,0.999999574526817,0.999999999942431
"Galnt5",1.93536062414334e-14,-1.24985407622603,2.78462208758202e-13,0.999999578960159,0.999999999942431
"Fam53c",1.93314412684123e-14,-1.25010716965778,2.77824748956253e-13,0.99999957944236,0.999999999942431
"Smndc1",1.91222515060053e-14,-1.25251002052382,2.7184447691024e-13,0.999999583993307,0.999999999942431
"Ell2",1.90468751338259e-14,-1.25338218541905,2.69705579690272e-13,0.999999585633128,0.999999999942431
"Hdgfrp2",1.90404414811542e-14,-1.25345678548671,2.69523408183964e-13,0.999999585773093,0.999999999942431
"Adra2c",1.90083550609008e-14,-1.25382920829189,2.68615786936548e-13,0.999999586471136,0.999999999942431
"Gm5113",1.89639703442029e-14,-1.25434539881997,2.67362809910718e-13,0.999999587436731,0.999999999942431
"Gbp7",1.89107855141852e-14,-1.25496550510569,2.65865264227854e-13,0.999999588593773,0.999999999942431
"Ndufa7",1.88963530789036e-14,-1.25513407611041,2.65459610109068e-13,0.999999588907752,0.999999999942431
"Prpf4",1.87482464463651e-14,-1.25687133620344,2.61314656723111e-13,0.999999592129828,0.999999999942431
"Scyl2",1.87210563456884e-14,-1.25719174002996,2.60557250464267e-13,0.999999592721352,0.999999999942431
"Efr3b",1.85766717784601e-14,-1.25890086965988,2.56553697150012e-13,0.999999595862454,0.999999999942431
"Nsmce1",1.85589005064759e-14,-1.25911213895807,2.56063070542932e-13,0.99999959624907,0.999999999942431
"Csf1",1.84801824989328e-14,-1.26005036317234,2.53895482328596e-13,0.999999597961589,0.999999999942431
"Scn2b",1.82141783399964e-14,-1.26325022900159,2.46638931927453e-13,0.999999603748539,0.999999999942431
"Atf5",1.81705487064414e-14,-1.2637794612432,2.45458765792034e-13,0.999999604697706,0.999999999942431
"Txlna",1.81624647323366e-14,-1.26387765830449,2.45240407949294e-13,0.999999604873574,0.999999999942431
"Slc25a16",1.80677575631468e-14,-1.26503129901176,2.42689491018419e-13,0.999999606933939,0.999999999942431
"Mlycd",1.8027193522004e-14,-1.26552723990082,2.41600986755947e-13,0.999999607816414,0.999999999942431
"Chmp1b",1.79774220597107e-14,-1.26613725729984,2.40268751137155e-13,0.999999608899198,0.999999999942431
"Srsf3",1.78398799215744e-14,-1.26783172375606,2.36606306219378e-13,0.999999611891442,0.999999999942431
"Map3k10",1.74753194483287e-14,-1.27238605990435,2.27034945066682e-13,0.999999619822495,0.999999999942431
"Jtb",1.73612475599598e-14,-1.27383038118089,2.24080632488496e-13,0.999999622304142,0.999999999942431
"Lnpk",1.7204126738228e-14,-1.27583516177789,2.20043086633028e-13,0.999999625722323,0.999999999942431
"Nxt2",1.70098452085478e-14,-1.27833920512531,2.15101374181247e-13,0.999999629948939,0.999999999942431
"Nf1",1.69199248184339e-14,-1.27950772673437,2.12833173062436e-13,0.999999631905167,0.999999999942431
"Bcat1",1.69053501270383e-14,-1.27969770231127,2.12466665310228e-13,0.999999632222241,0.999999999942431
"Slc33a1",1.68883047064952e-14,-1.27992008788656,2.12038427167967e-13,0.999999632593066,0.999999999942431
"Nif3l1",1.6834377896209e-14,-1.28062511238166,2.10686450147843e-13,0.99999963376625,0.999999999942431
"Brsk1",1.68213309647496e-14,-1.28079601896277,2.10360005475712e-13,0.999999634050087,0.999999999942431
"Zfp667",1.68163152289146e-14,-1.28086175672547,2.1023457510221e-13,0.999999634159205,0.999999999942431
"Ssr1",1.66773936838749e-14,-1.28269022976663,2.06775378001523e-13,0.999999637181458,0.999999999942431
"Myo18a",1.65213820161161e-14,-1.28476163024017,2.02924838265397e-13,0.999999640575509,0.999999999942431
"Ssrp1",1.64796359393975e-14,-1.28531917292809,2.01900636629429e-13,0.9999996414837,0.999999999942431
"Cpne8",1.64225493482118e-14,-1.2860838553488,2.00504264035878e-13,0.999999642725625,0.999999999942431
"Uap1",1.63695245344112e-14,-1.28679648116124,1.99211585618584e-13,0.999999643879186,0.999999999942431
"Brd3",1.63463458299568e-14,-1.28710870603653,1.98647831018689e-13,0.999999644383441,0.999999999942431
"Slc31a1",1.62609010666453e-14,-1.28826345824556,1.96576535598706e-13,0.999999646242301,0.999999999942431
"Crk",1.6240173308283e-14,-1.28854448737425,1.96075703083471e-13,0.999999646693236,0.999999999942431
"Nudt16l1",1.6214895277426e-14,-1.28888768860199,1.95465789602393e-13,0.999999647243162,0.999999999942431
"Slc7a7",1.62082167823757e-14,-1.28897845099961,1.95304808177318e-13,0.999999647388454,0.999999999942431
"Morn2",1.61457637784977e-14,-1.28982899187916,1.93802622855371e-13,0.999999648747126,0.999999999942431
"Ndufaf5",1.60513836597562e-14,-1.29112051985804,1.91543497251827e-13,0.999999650800376,0.999999999942431
"Ubqln4",1.59987015359735e-14,-1.29184469912052,1.90288233682942e-13,0.999999651946481,0.999999999942431
"Acss2",1.59155626851231e-14,-1.29299233974036,1.8831566871679e-13,0.999999653755176,0.999999999942431
"Tbccd1",1.59037146587467e-14,-1.29315636976377,1.88035397314601e-13,0.999999654012931,0.999999999942431
"Grk6",1.59027237430403e-14,-1.29317009395757,1.8801196613166e-13,0.999999654034489,0.999999999942431
"Ganc",1.57716631508971e-14,-1.29499275615,1.84925775099884e-13,0.999999656885726,0.999999999942431
"Cntnap4",1.56839869869715e-14,-1.29622042616677,1.82875450286429e-13,0.999999658793131,0.999999999942431
"Rtn4ip1",1.55828247620967e-14,-1.29764536848186,1.80523953264754e-13,0.999999660993926,0.999999999942431
"Eapp",1.53749629837688e-14,-1.30060209859552,1.75739999004457e-13,0.999999665515982,0.999999999942431
"Chchd6",1.53384098178369e-14,-1.30112612119815,1.74905367120854e-13,0.9999996663112,0.999999999942431
"Snx17",1.53351702667268e-14,-1.3011726224679,1.74831493095195e-13,0.999999666381677,0.999999999942431
"Mvd",1.51596603528434e-14,-1.30370651967969,1.70852526066021e-13,0.999999670199915,0.999999999942431
"Ino80e",1.49864309323029e-14,-1.30623601680924,1.66970172138995e-13,0.99999967396854,0.999999999942431
"Spry4",1.47850345627489e-14,-1.3092133036039,1.62512641749707e-13,0.99999967834994,0.999999999942431
"Tmem8b",1.47154420570948e-14,-1.31025140873582,1.60986362612251e-13,0.999999679863933,0.999999999942431
"Rogdi",1.46970303225999e-14,-1.31052686468216,1.60583767314772e-13,0.999999680264482,0.999999999942431
"Rpe",1.46750057485532e-14,-1.31085681921347,1.60102834918513e-13,0.999999680743629,0.999999999942431
"Ip6k2",1.46240448825016e-14,-1.31162214983562,1.58992809790585e-13,0.999999681852288,0.999999999942431
"Clcn5",1.44679583037323e-14,-1.31398272733432,1.5561697138351e-13,0.999999685247969,0.999999999942431
"Mettl21a",1.44624449307899e-14,-1.31406656732761,1.55498390598962e-13,0.999999685367913,0.999999999942431
"Unc45a",1.43307616421697e-14,-1.31607845166801,1.52679597764134e-13,0.999999688232698,0.999999999942431
"Id2",1.43059908316242e-14,-1.31645894128677,1.52152238663238e-13,0.999999688771589,0.999999999942431
"Chmp1a",1.42865061909814e-14,-1.3167586899277,1.51738060739268e-13,0.99999968919548,0.999999999942431
"Gys1",1.42717933987832e-14,-1.3169852964213,1.51425690314454e-13,0.999999689515558,0.999999999942431
"Tram1",1.42337729149848e-14,-1.3175719564865,1.50619959869183e-13,0.999999690342698,0.999999999942431
"Pop4",1.42279148058695e-14,-1.31766248507445,1.50496005862928e-13,0.999999690470142,0.999999999942431
"P2ry2",1.42093549030981e-14,-1.31794954433998,1.501036265922e-13,0.999999690873915,0.999999999942431
"Katnb1",1.41601277624638e-14,-1.31871271700198,1.49065384842794e-13,0.999999691944857,0.999999999942431
"Terf2",1.41548065034573e-14,-1.31879536956316,1.4895337081396e-13,0.999999692060621,0.999999999942431
"Stim2",1.41065566092132e-14,-1.31954621339633,1.47939618326763e-13,0.999999693110303,0.999999999942431
"Colgalt1",1.40920556953893e-14,-1.31977236521686,1.47635623936061e-13,0.999999693425772,0.999999999942431
"Mpc2",1.4000767527304e-14,-1.32120135835109,1.45729055757197e-13,0.999999695411756,0.999999999942431
"Gtf3c4",1.38008806683922e-14,-1.32436266886314,1.41597655723452e-13,0.999999699760317,0.999999999942431
"Wdr83os",1.37987067662994e-14,-1.32439729779727,1.41553050570522e-13,0.99999969980761,0.999999999942431
"Acad8",1.36976357369854e-14,-1.32601326520635,1.39486985100806e-13,0.999999702006422,0.999999999942431
"Ufsp2",1.36226188450128e-14,-1.32722028728638,1.37963331400278e-13,0.999999703638422,0.999999999942431
"Rcan3",1.35732909519154e-14,-1.32801755008117,1.36966002003851e-13,0.999999704711556,0.999999999942431
"Cops7b",1.35565120335788e-14,-1.32828939086871,1.36627584309575e-13,0.999999705076583,0.999999999942431
"Tmf1",1.35522248829947e-14,-1.328358901619,1.36541182968597e-13,0.999999705169851,0.999999999942431
"Arfgef3",1.34890605031745e-14,-1.32938555308828,1.35271363357974e-13,0.999999706543999,0.999999999942431
"Klhl2",1.34470964640865e-14,-1.33007024569775,1.34431022695042e-13,0.999999707456931,0.999999999942431
"Cnksr2",1.34399773210347e-14,-1.330186611867,1.34288719804898e-13,0.999999707611809,0.999999999942431
"Trim9",1.3384687092974e-14,-1.33109243433657,1.33186101645609e-13,0.999999708814654,0.999999999942431
"Robo2",1.3371261290419e-14,-1.33131294659379,1.32919045198225e-13,0.999999709106734,0.999999999942431
"Itpk1",1.33628938480498e-14,-1.33145048820675,1.3275274159627e-13,0.999999709288768,0.999999999942431
"Kbtbd7",1.33355324653562e-14,-1.3319008403353,1.32209658649494e-13,0.999999709884018,0.999999999942431
"Fign",1.33207611540536e-14,-1.33214434619282,1.3191693266431e-13,0.99999971020537,0.999999999942431
"Mvk",1.3309122826677e-14,-1.33233639223923,1.31686522143491e-13,0.999999710458563,0.999999999942431
"Fahd1",1.3168617005952e-14,-1.33466805949428,1.289207417824e-13,0.999999713515283,0.999999999942431
"Htatsf1",1.31096459343859e-14,-1.33565398983251,1.2776867372555e-13,0.999999714798205,0.999999999942431
"Rad50",1.30944327487909e-14,-1.33590904684114,1.27472305581659e-13,0.999999715129169,0.999999999942431
"Lyplal1",1.30073542864631e-14,-1.33737460894789,1.25782551690185e-13,0.999999717023571,0.999999999942431
"Reps2",1.30039865336354e-14,-1.33743148356508,1.25717427038888e-13,0.999999717096837,0.999999999942431
"Ehmt2",1.29907572222316e-14,-1.33765504086982,1.25461765592249e-13,0.999999717384642,0.999999999942431
"Rmnd5a",1.29755193143804e-14,-1.33791281906261,1.25167609747019e-13,0.999999717716144,0.999999999942431
"Ruvbl1",1.29627700327166e-14,-1.33812872685506,1.2492176014569e-13,0.999999717993506,0.999999999942431
"Ttc1",1.28338725686987e-14,-1.34032342751878,1.22449751293389e-13,0.999999720797685,0.999999999942431
"Cuedc1",1.27890499162132e-14,-1.34109170617833,1.21595926664576e-13,0.999999721772807,0.999999999942431
"Gpr85",1.27815594123158e-14,-1.34122035534471,1.21453531719219e-13,0.999999721935763,0.999999999942431
"Bbip1",1.27499847104603e-14,-1.34176346821642,1.20854211676763e-13,0.999999722622674,0.999999999942431
"Nfyb",1.26782540419912e-14,-1.34300224412688,1.19498199403062e-13,0.999999724183183,0.999999999942431
"Gpr149",1.26429006355082e-14,-1.34361533574415,1.18832685343521e-13,0.9999997249523,0.999999999942431
"Xk",1.26006673394725e-14,-1.34434995667537,1.18040096093862e-13,0.99999972587109,0.999999999942431
"Lars",1.25294889422198e-14,-1.34559357012735,1.16710297541151e-13,0.999999727419584,0.999999999942431
"Polr2f",1.25214294261117e-14,-1.34573482302596,1.16560199480389e-13,0.99999972759492,0.999999999942431
"Arhgef10l",1.25169121116831e-14,-1.34581403370712,1.16476112580384e-13,0.999999727693195,0.999999999942431
"Fbln5",1.23623840430122e-14,-1.34854078139297,1.13617943422923e-13,0.99999973105497,0.999999999942431
"Cd200",1.23411479020037e-14,-1.34891813082758,1.1322793219274e-13,0.999999731516964,0.999999999942431
"Fem1c",1.23282511858439e-14,-1.34914760786959,1.12991405491766e-13,0.999999731797534,0.999999999942431
"Oxa1l",1.22527320893843e-14,-1.35049612247012,1.11611343807282e-13,0.99999973344046,0.999999999942431
"Smcr8",1.22226598851789e-14,-1.35103539264376,1.11064154780604e-13,0.999999734094684,0.999999999942431
"Fbxo10",1.22190687833565e-14,-1.35109987754035,1.1099890153769e-13,0.999999734172809,0.999999999942431
"Hcn2",1.21610523938494e-14,-1.35214426701105,1.09947353735696e-13,0.999999735434962,0.999999999942431
"Cacfd1",1.21485295410937e-14,-1.35237034330783,1.09721033583679e-13,0.999999735707398,0.999999999942431
"Aen",1.20823122136544e-14,-1.35356960419283,1.08528192436624e-13,0.999999737147963,0.999999999942431
"Tmem237",1.20376925475692e-14,-1.35438137040644,1.07728088942583e-13,0.999999738118669,0.999999999942431
"Dgat2",1.19201424745871e-14,-1.35653424754866,1.0563439626119e-13,0.999999740675984,0.999999999942431
"Sdhaf3",1.18723542723433e-14,-1.35741545791962,1.04789111239356e-13,0.999999741715622,0.999999999942431
"Pdia6",1.1849985688921e-14,-1.35782913500304,1.04394618995533e-13,0.999999742202253,0.999999999942431
"Coq5",1.17763375577873e-14,-1.35919662029245,1.03101018020477e-13,0.999999743804476,0.999999999942431
"Ikbkg",1.17691160912665e-14,-1.35933116083718,1.02974609913836e-13,0.99999974396158,0.999999999942431
"Drg2",1.17169442252693e-14,-1.3603055812077,1.02063671526292e-13,0.999999745096584,0.999999999942431
"Sde2",1.17002703496436e-14,-1.36061790350026,1.01773393437487e-13,0.999999745459326,0.999999999942431
"Bid",1.16524611012835e-14,-1.36151586896074,1.00943366737309e-13,0.999999746499422,0.999999999942431
"Runx1",1.16502225834152e-14,-1.36155800234813,1.00904586633503e-13,0.999999746548121,0.999999999942431
"AI464131",1.16483235982485e-14,-1.36159375130882,1.00871694438495e-13,0.999999746589434,0.999999999942431
"Coro1b",1.16284733404723e-14,-1.36196778267281,1.00528190413136e-13,0.999999747021278,0.999999999942431
"Gls",1.15448839705172e-14,-1.36354976568687,9.90881241645141e-14,0.999999748839774,0.999999999942431
"Zfp503",1.15068470062232e-14,-1.36427338232261,9.84362678853702e-14,0.999999749667272,0.999999999942431
"Abcf3",1.14813507618272e-14,-1.36475974530846,9.80005317271059e-14,0.999999750221946,0.999999999942431
"Mrps27",1.14481246942472e-14,-1.36539516198396,9.74341417939827e-14,0.999999750944783,0.999999999942431
"Tada2a",1.14432972540015e-14,-1.36548763340242,9.735198714597e-14,0.999999751049804,0.999999999942431
"Blcap",1.13949041277277e-14,-1.36641675301606,9.65303349142899e-14,0.999999752102602,0.999999999942431
"Mtap",1.11999638778925e-14,-1.37019931694336,9.32557686079784e-14,0.999999756343549,0.999999999942431
"Ndufb10",1.1154360641946e-14,-1.37109355587779,9.24978899560309e-14,0.999999757335652,0.999999999942431
"Arl2",1.10807246689492e-14,-1.37254512963694,9.12806637558456e-14,0.999999758937611,0.999999999942431
"Rundc3b",1.10230677859659e-14,-1.37368836489711,9.03332047765251e-14,0.999999760191943,0.999999999942431
"Sephs1",1.09481223197196e-14,-1.37518324751416,8.91090356864776e-14,0.99999976182239,0.999999999942431
"Msra",1.09297636008739e-14,-1.37555097396904,8.88104354232633e-14,0.999999762221786,0.999999999942431
"Srek1ip1",1.08935874728672e-14,-1.37627737022925,8.82235058631574e-14,0.999999763008801,0.999999999942431
"Eral1",1.08810383249761e-14,-1.37652990579354,8.80203602727843e-14,0.99999976328181,0.999999999942431
"Pcm1",1.08184840321769e-14,-1.37779302999802,8.70112241441103e-14,0.999999764642685,0.999999999942431
"Fubp3",1.07267670078243e-14,-1.37965810146116,8.55421491150879e-14,0.999999766637999,0.999999999942431
"Naa20",1.07068293734382e-14,-1.38006561457655,8.52244535606002e-14,0.999999767071744,0.999999999942431
"Vwc2l",1.07064761152961e-14,-1.38007284170197,8.52188299096723e-14,0.99999976707943,0.999999999942431
"4933427I04Rik",1.06739130537323e-14,-1.38074004427767,8.47012429830731e-14,0.999999767787843,0.999999999942431
"Nat14",1.06563927077804e-14,-1.3810998592075,8.4423411011887e-14,0.999999768169,0.999999999942431
"Rrbp1",1.05574569112712e-14,-1.38314271269036,8.28630848069907e-14,0.999999770321359,0.999999999942431
"Ptcd2",1.05562966854643e-14,-1.3831667811588,8.28448731093186e-14,0.9999997703466,0.999999999942431
"Atf6b",1.05361834054619e-14,-1.38358443898892,8.25294794127417e-14,0.999999770784166,0.999999999942431
"Enoph1",1.05173899779986e-14,-1.38397540076321,8.22353257419669e-14,0.999999771193019,0.999999999942431
"Selenoi",1.04864407096573e-14,-1.38462074553964,8.17520540495136e-14,0.999999771866324,0.999999999942431
"Plcb4",1.04708772927384e-14,-1.38494597917035,8.15095700331069e-14,0.999999772204908,0.999999999942431
"Sptlc2",1.04654930452659e-14,-1.38505860646824,8.14257652383953e-14,0.999999772322043,0.999999999942431
"Spry3",1.04207409162147e-14,-1.38599694522772,8.07308748544916e-14,0.999999773295631,0.999999999942431
"Neto2",1.04123266958199e-14,-1.38617381377679,8.06005553054162e-14,0.999999773478683,0.999999999942431
"Fkbp2",1.03043982467593e-14,-1.38845507243146,7.89382932241192e-14,0.999999775826678,0.999999999942431
"Ppp1r21",1.02392351566729e-14,-1.38984384337514,7.79430679669034e-14,0.999999777244308,0.999999999942431
"Psmb10",1.02311161459618e-14,-1.39001748781149,7.78195099662623e-14,0.999999777420938,0.999999999942431
"Zadh2",1.02108224303482e-14,-1.39045211231681,7.75111016282429e-14,0.99999977786243,0.999999999942431
"Zbtb22",1.02045741765262e-14,-1.39058610081722,7.74162687467616e-14,0.999999777998362,0.999999999942431
"Mrpl24",1.01921605720163e-14,-1.39085254019722,7.72280334708667e-14,0.999999778268421,0.999999999942431
"Sf3b4",1.00378884044924e-14,-1.39419072252081,7.49078251631792e-14,0.999999781624629,0.999999999942431
"Ncstn",9.99162748781359e-15,-1.39520159196558,7.42189712199755e-14,0.999999782631041,0.999999999942431
"Ten1",9.98008586557527e-15,-1.39545451275062,7.4047605227069e-14,0.99999978288213,0.999999999942431
"Fam105a",9.9619151658531e-15,-1.39585328682527,7.37782143725825e-14,0.999999783277435,0.999999999942431
"Zbtb41",9.94476617688072e-15,-1.39623029681144,7.35244212509932e-14,0.999999783650513,0.999999999942431
"Wdr55",9.83344185509059e-15,-1.39869339255458,7.18875313831025e-14,0.999999786072386,0.999999999942431
"Zdhhc7",9.81235257832515e-15,-1.39916309741724,7.15795150519044e-14,0.999999786531186,0.999999999942431
"Snx11",9.71037819537649e-15,-1.40144842754662,7.00994728018032e-14,0.99999978874965,0.999999999942431
"Ubac2",9.54253459113406e-15,-1.40526197347105,6.76970817458282e-14,0.999999792401106,0.999999999942431
"Zfp91",9.53954949421414e-15,-1.40533039428658,6.76547343504767e-14,0.999999792466047,0.999999999942431
"Tmem201",9.50099658041957e-15,-1.40621595988581,6.71090027921371e-14,0.99999979330477,0.999999999942431
"Agpat5",9.29411177931506e-15,-1.41102949686106,6.42182171968651e-14,0.999999797805572,0.999999999942431
"Wasf3",9.25430012063212e-15,-1.41196789506,6.36692334770619e-14,0.999999798671679,0.999999999942431
"Rac3",9.13971575734909e-15,-1.414691138072,6.21023223134046e-14,0.999999801164474,0.999999999942431
"Elmod2",9.13958378369755e-15,-1.4146942939609,6.21005288635228e-14,0.999999801167345,0.999999999942431
"Hoxd1",9.07480572187212e-15,-1.41624878239406,6.12233563164435e-14,0.999999802576599,0.999999999942431
"Tmem158",9.0041282799104e-15,-1.41795736944587,6.0273416472656e-14,0.999999804114195,0.999999999942431
"Wdr45",8.99945777781328e-15,-1.41807074151807,6.02109042339437e-14,0.999999804215802,0.999999999942431
"Ndufaf8",8.97103803280246e-15,-1.41876185728029,5.98312198822755e-14,0.999999804834077,0.999999999942431
"Wdr77",8.93080584216388e-15,-1.41974393003284,5.9295776065642e-14,0.999999805709333,0.999999999942431
"Cachd1",8.89055393415066e-15,-1.42073085915226,5.87624782912825e-14,0.999999806585017,0.999999999942431
"Pcnx",8.8785286012484e-15,-1.42102656090241,5.86036219431796e-14,0.99999980684663,0.999999999942431
"Chtop",8.87109154417163e-15,-1.42120963509735,5.85054849743525e-14,0.999999807008424,0.999999999942431
"Bud31",8.86400632083363e-15,-1.4213841891969,5.84120671828907e-14,0.999999807162564,0.999999999942431
"Sdhaf1",8.80367778437535e-15,-1.42287606171305,5.76196664343689e-14,0.999999808475017,0.999999999942431
"Fam149a",8.72649911943061e-15,-1.42479938837829,5.66138331048301e-14,0.999999810154048,0.999999999942431
"Hikeshi",8.67484412917759e-15,-1.4260960456721,5.59455853326596e-14,0.999999811277808,0.999999999942431
"Gpr45",8.55940688980559e-15,-1.42902151535351,5.44665423054177e-14,0.999999813789158,0.999999999942431
"Ano6",8.48987888673285e-15,-1.43080235975179,5.35852734779633e-14,0.999999815301747,0.999999999942431
"Smarcd1",8.48134237031495e-15,-1.43102199889489,5.34775683856499e-14,0.99999981548746,0.999999999942431
"Gcc2",8.37709305264638e-15,-1.43372199360086,5.21709975808406e-14,0.999999817755415,0.999999999942431
"Rnf24",8.25956077702015e-15,-1.43680602775189,5.0717328387382e-14,0.999999820312343,0.999999999942431
"Foxk2",8.22038534279938e-15,-1.43784360913706,5.0237360625212e-14,0.999999821164609,0.999999999942431
"Zfp770",8.19847682100103e-15,-1.43842599524898,4.99699377247117e-14,0.999999821641231,0.999999999942431
"Rrs1",8.12939824486004e-15,-1.44027238407278,4.91314137045654e-14,0.999999823144043,0.999999999942431
"Ate1",8.06889080614587e-15,-1.44190243068751,4.84027613443766e-14,0.999999824460389,0.999999999942431
"Furin",7.89451487430464e-15,-1.44666835812871,4.63333131740138e-14,0.999999828253957,0.999999999942431
"Zfp68",7.79968187070085e-15,-1.4493040315479,4.52268395631115e-14,0.999999830317059,0.999999999942431
"Abhd17c",7.76855160316485e-15,-1.45017612102534,4.48665392405252e-14,0.999999830994302,0.999999999942431
"Lig4",7.69852377336018e-15,-1.45215055519351,4.40613066731687e-14,0.999999832517765,0.999999999942431
"Drp2",7.69511591069904e-15,-1.45224709114819,4.40223065603888e-14,0.999999832591904,0.999999999942431
"Spcs3",7.61582434651359e-15,-1.45450519785795,4.31197564803685e-14,0.9999998343169,0.999999999942431
"Slc29a4",7.57553595283399e-15,-1.45566144880352,4.26647484324699e-14,0.999999835193379,0.999999999942431
"Spsb3",7.55358734285731e-15,-1.45629391364431,4.24178813154193e-14,0.999999835670873,0.999999999942431
"Rcl1",7.38378233037808e-15,-1.46124909885647,4.0532205213494e-14,0.999999839365,0.999999999942431
"Amz2",7.36778087649669e-15,-1.46172182604706,4.03567202335044e-14,0.999999839713113,0.999999999942431
"Derl2",7.33837969048074e-15,-1.46259306316217,4.00352752776754e-14,0.999999840352739,0.999999999942431
"Synpo",7.32903749350183e-15,-1.46287061853135,3.99334055543256e-14,0.99999984055598,0.999999999942431
"Rai2",7.31625587184534e-15,-1.4632509243791,3.97942416849569e-14,0.999999840834045,0.999999999942431
"Fam134b",7.22676268877945e-15,-1.4659322102844,3.88266614785814e-14,0.99999984278098,0.999999999942431
"D430019H16Rik",7.18247047897734e-15,-1.46727137479572,3.83521893792987e-14,0.999999843744561,0.999999999942431
"Mrps16",7.16196813833536e-15,-1.46789401743951,3.81335494575513e-14,0.999999844190592,0.999999999942431
"Tmed4",7.16093173564977e-15,-1.46792553895666,3.81225137051637e-14,0.999999844213139,0.999999999942431
"2010107G23Rik",7.15009910590224e-15,-1.4682552758602,3.80072620213647e-14,0.999999844448804,0.999999999942431
"Rfxap",7.13268470162819e-15,-1.46878639070228,3.78223505106549e-14,0.999999844827657,0.999999999942431
"Ppp1r18",7.06867698140294e-15,-1.4707495833666,3.71465713279153e-14,0.999999846220152,0.999999999942431
"Lurap1l",7.05705767373735e-15,-1.47110784019604,3.70245505590092e-14,0.999999846472931,0.999999999942431
"Ankrd40",7.00711385224771e-15,-1.47265440454363,3.65023487331903e-14,0.999999847559464,0.999999999942431
"D17Wsu92e",6.97349046117116e-15,-1.47370172288184,3.61528787186229e-14,0.999999848290945,0.999999999942431
"Map3k20",6.93239025217742e-15,-1.47498871673421,3.57279804203071e-14,0.999999849185084,0.999999999942431
"Dr1",6.92959072017807e-15,-1.47507665352312,3.56991299301369e-14,0.999999849245989,0.999999999942431
"Nudt2",6.79516232687654e-15,-1.47934097537016,3.43274966666229e-14,0.999999852170493,0.999999999942431
"Wdr11",6.76528973001844e-15,-1.48029988152908,3.40263419929617e-14,0.999999852820375,0.999999999942431
"Ccdc82",6.71611959274872e-15,-1.48188736437582,3.35335323722947e-14,0.999999853890077,0.999999999942431
"Psenen",6.69833314819772e-15,-1.48246443259785,3.33561524074556e-14,0.999999854277023,0.999999999942431
"C87436",6.58323215935171e-15,-1.48623572818148,3.22196489043273e-14,0.999999856781057,0.999999999942431
"Dcbld2",6.56217753197704e-15,-1.48693261334313,3.20138873900064e-14,0.999999857239103,0.999999999942431
"E2f3",6.52404467926641e-15,-1.48820039996268,3.16429026477604e-14,0.999999858068687,0.999999999942431
"Cnot9",6.48594087477127e-15,-1.48947453992264,3.12743601147581e-14,0.99999985889764,0.999999999942431
"Zfp467",6.4829908101857e-15,-1.48957349372519,3.1245916932215e-14,0.999999858961819,0.999999999942431
"Cdk15",6.41417952798375e-15,-1.49189430933977,3.05861408798726e-14,0.999999860458816,0.999999999942431
"Manbal",6.38434631453758e-15,-1.49290814021861,3.03022820246628e-14,0.999999861107841,0.999999999942431
"Ccnh",6.37775660861943e-15,-1.49313270991002,3.02397603304187e-14,0.999999861251201,0.999999999942431
"Ilkap",6.35875334643264e-15,-1.49378160297493,3.00598230875525e-14,0.999999861664619,0.999999999942431
"Gart",6.30435775656041e-15,-1.49564964141761,2.9547732763599e-14,0.999999862848001,0.999999999942431
"Tmem192",6.27901619932691e-15,-1.49652534725783,2.93106648029023e-14,0.999999863399309,0.999999999942431
"Aifm1",6.26902830714913e-15,-1.49687144777538,2.92174913140785e-14,0.999999863616597,0.999999999942431
"Golga7b",6.26125511609196e-15,-1.49714118087659,2.91450806219439e-14,0.999999863785703,0.999999999942431
"Tmem29",6.18010699135561e-15,-1.49997693770073,2.83945146338533e-14,0.99999986555109,0.999999999942431
"Thoc5",6.04462965781535e-15,-1.50479408614975,2.716325791247e-14,0.999999868498414,0.999999999942431
"Btbd9",6.03264584064001e-15,-1.50522530523435,2.70556593151123e-14,0.999999868759124,0.999999999942431
"Camsap3",6.01042349467779e-15,-1.50602718188976,2.68566975830149e-14,0.999999869242573,0.999999999942431
"Lgals3bp",5.9869359186073e-15,-1.50687789729812,2.66472061193457e-14,0.999999869753548,0.999999999942431
"Brd7",5.96961707301271e-15,-1.50750729294375,2.64932604787352e-14,0.999999870130321,0.999999999942431
"Rab8a",5.94476494335477e-15,-1.50841361321058,2.62731313099898e-14,0.999999870670982,0.999999999942431
"Mpz",5.88305431990928e-15,-1.51068036369767,2.57304972181817e-14,0.999999872013503,0.999999999942431
"Lcorl",5.81291237957489e-15,-1.51328545606922,2.51206004099403e-14,0.999999873539449,0.999999999942431
"Psmc5",5.69019448143143e-15,-1.51791868829314,2.40711412936655e-14,0.999999876209191,0.999999999942431
"Tex264",5.67805182040816e-15,-1.51838248105403,2.39685170882414e-14,0.999999876473356,0.999999999942431
"Eif4e3",5.62470382790155e-15,-1.52043177918599,2.3520241713603e-14,0.999999877633947,0.999999999942431
"Ilf3",5.54230515582806e-15,-1.52363499182997,2.283617329606e-14,0.999999879426539,0.999999999942431
"Lrrcc1",5.51172347031784e-15,-1.52483580304045,2.25848547927365e-14,0.999999880091847,0.999999999942431
"Vps36",5.48478663840136e-15,-1.52589895061635,2.23646413350703e-14,0.999999880677861,0.999999999942431
"Pgam5",5.4290107730147e-15,-1.52811678567202,2.19120933172053e-14,0.999999881891271,0.999999999942431
"Mrpl2",5.39443119400281e-15,-1.52950309539896,2.16338481970468e-14,0.999999882643554,0.999999999942431
"Smarca1",5.38930349197162e-15,-1.52970941275519,2.15927394313879e-14,0.999999882755107,0.999999999942431
"Kdm3a",5.38218454816196e-15,-1.5299961704981,2.1535731703699e-14,0.999999882909981,0.999999999942431
"Tssc1",5.35312351562998e-15,-1.53117066860341,2.13037957832042e-14,0.999999883542207,0.999999999942431
"Zfp46",5.33160469124349e-15,-1.53204440745332,2.11328633469801e-14,0.999999884010351,0.999999999942431
"Ntan1",5.23274889137745e-15,-1.53610349754193,2.03564597393924e-14,0.99999988616097,0.999999999942431
"Atg9a",5.2268960179211e-15,-1.53634618574511,2.031094746518e-14,0.9999998862883,0.999999999942431
"Smad9",5.19976042900245e-15,-1.53747486969791,2.01006050882256e-14,0.999999886878638,0.999999999942431
"Orai3",5.14951936573534e-15,-1.53958002384734,1.97140499840661e-14,0.999999887971637,0.999999999942431
"Tmem185a",5.11747037106279e-15,-1.54093351663571,1.94694254560656e-14,0.999999888668867,0.999999999942431
"Trim13",5.02615260207055e-15,-1.54483638037777,1.87807876636469e-14,0.999999890655495,0.999999999942431
"Marc2",5.01277668454898e-15,-1.54541392162139,1.86809594179655e-14,0.99999989094649,0.999999999942431
"Yif1a",4.92315163660047e-15,-1.54932337718467,1.80189253894793e-14,0.999999892896292,0.999999999942431
"Snx32",4.91696086301545e-15,-1.54959600473041,1.79736369406036e-14,0.999999893030973,0.999999999942431
"Usp30",4.88036832069253e-15,-1.55121440209196,1.77071089985403e-14,0.999999893827048,0.999999999942431
"Cyld",4.86714189893236e-15,-1.55180231934202,1.76112619975995e-14,0.99999989411479,0.999999999942431
"Ndufaf3",4.82878679518069e-15,-1.55351616200085,1.73347875260062e-14,0.99999989494921,0.999999999942431
"Abi1",4.79751806637553e-15,-1.55492332118785,1.71110121480882e-14,0.999999895629465,0.999999999942431
"2510039O18Rik",4.77449836617182e-15,-1.55596504777213,1.69472002054188e-14,0.999999896130261,0.999999999942431
"Mrpl39",4.67636621692282e-15,-1.56046216519983,1.62577144265255e-14,0.999999898265136,0.999999999942431
"Prmt7",4.63524496373154e-15,-1.56237436427591,1.59730497127767e-14,0.999999899159734,0.999999999942431
"Fopnl",4.61784230536626e-15,-1.56318865576635,1.58533357754854e-14,0.999999899538331,0.999999999942431
"Rgmb",4.55316889592505e-15,-1.56624155038713,1.5412389739857e-14,0.999999900945308,0.999999999942431
"Neurl1a",4.47446122391292e-15,-1.57001513777958,1.48841473052021e-14,0.999999902657602,0.999999999942431
"1810043G02Rik",4.46399840875685e-15,-1.57052169204453,1.4814620272013e-14,0.999999902885222,0.999999999942431
"Med11",4.44296011339552e-15,-1.57154380839165,1.46753102246847e-14,0.999999903342912,0.999999999942431
"Pcbd1",4.4279952515021e-15,-1.57227376407909,1.45766174022552e-14,0.999999903668474,0.999999999942431
"Defb42",4.41998608796389e-15,-1.57266543476753,1.4523933999045e-14,0.999999903842715,0.999999999942431
"Sh3rf1",4.34148629958728e-15,-1.57654176671154,1.40126195747632e-14,0.999999905550486,0.999999999942431
"Cln5",4.28164548090005e-15,-1.57954342089124,1.36289962441649e-14,0.99999990685233,0.999999999942431
"Cacna2d1",4.18298470468346e-15,-1.58458381169928,1.30081343884186e-14,0.999999908998706,0.999999999942431
"Ptges2",4.15928938441052e-15,-1.58581181368487,1.28611776516589e-14,0.9999999095142,0.999999999942431
"Tmem104",4.14807879230232e-15,-1.58639520455527,1.27919412527167e-14,0.999999909758088,0.999999999942431
"2610301B20Rik",4.13820461936638e-15,-1.58691033825009,1.27311133315759e-14,0.999999909972901,0.999999999942431
"Las1l",4.10180865151442e-15,-1.58881963246762,1.25081550308274e-14,0.9999999107647,0.999999999942431
"Med20",4.05873903778502e-15,-1.5911007169429,1.22468590402582e-14,0.999999911701684,0.999999999942431
"Xbp1",4.01353249973537e-15,-1.59352079563408,1.19755654868414e-14,0.999999912685157,0.999999999942431
"Mrpl4",3.89476617397583e-15,-1.60000918465117,1.12773027827579e-14,0.999999915268932,0.999999999942431
"Gm10600",3.84119561455975e-15,-1.60299992850211,1.09692089823468e-14,0.999999916434365,0.999999999942431
"Prpsap1",3.82502156234727e-15,-1.60391098181017,1.08770277688688e-14,0.999999916786233,0.999999999942431
"Tbl1x",3.81974422261789e-15,-1.60420906625803,1.08470346451414e-14,0.999999916901043,0.999999999942431
"Ptgds",3.77558972957064e-15,-1.60671911248155,1.05977105575227e-14,0.999999917861628,0.999999999942431
"Tmem255a",3.72110149435333e-15,-1.60985680184521,1.02940315109032e-14,0.999999919047026,0.999999999942431
"Miga2",3.71774392131159e-15,-1.61005162571201,1.02754631544335e-14,0.99999991912007,0.999999999942431
"Znrf2",3.68257423429241e-15,-1.61210284411548,1.00819718926341e-14,0.999999919885191,0.999999999942431
"Aldh9a1",3.66902985600196e-15,-1.61289795525912,1.00079460009185e-14,0.99999992017985,0.999999999942431
"Ube2q2",3.59929881025718e-15,-1.61703781594697,9.63115267845847e-15,0.999999921696857,0.999999999942431
"Pbx3",3.56890420185481e-15,-1.61886711807615,9.46917718531209e-15,0.999999922358095,0.999999999942431
"Bckdha",3.53395319307456e-15,-1.62098973171704,9.28461816658858e-15,0.999999923118458,0.999999999942431
"Haus6",3.47713951872105e-15,-1.62448465970405,8.98848909188753e-15,0.999999924354446,0.999999999942431
"Fbxo41",3.46692288167991e-15,-1.6251191104986,8.93574618748155e-15,0.99999992457671,0.999999999942431
"Nsun2",3.3363084238715e-15,-1.63339675657697,8.27513039618987e-15,0.999999927418242,0.999999999942431
"Ftsj3",3.17947763113695e-15,-1.64376875640799,7.51543303924719e-15,0.999999930830113,0.999999999942431
"Zmynd19",3.17283646027791e-15,-1.64421902748217,7.48406993228445e-15,0.999999930974592,0.999999999942431
"Msl3",3.16017027915997e-15,-1.64508037615228,7.4244353603815e-15,0.999999931250147,0.999999999942431
"Btbd11",3.11144655785586e-15,-1.64842581333429,7.19725937020564e-15,0.999999932310137,0.999999999942431
"Mt1",3.0633853959714e-15,-1.65177675174142,6.97663073904857e-15,0.999999933355712,0.999999999942431
"Tmem51",2.9749216354404e-15,-1.65808245151924,6.57950955856876e-15,0.999999935280251,0.999999999942431
"Akt2",2.962996907543e-15,-1.65894655437176,6.52686843194819e-15,0.999999935539675,0.999999999942431
"Avl9",2.95989094273584e-15,-1.65917218510743,6.51319200966876e-15,0.999999935607246,0.999999999942431
"Cdc34",2.92936256297356e-15,-1.66140240586676,6.37953046783647e-15,0.999999936271394,0.999999999942431
"Nt5c",2.85062226353047e-15,-1.66726221169004,6.04118043555229e-15,0.999999937984398,0.999999999942431
"Tubg1",2.83675760672503e-15,-1.66831051265158,5.98255800480135e-15,0.999999938286025,0.999999999942431
"Sbk1",2.77593376339686e-15,-1.67296988203638,5.72876042132714e-15,0.999999939609254,0.999999999942431
"AI987944",2.69869929796557e-15,-1.67903362190859,5.41441392604926e-15,0.999999941289499,0.999999999942431
"Cstb",2.66373293566983e-15,-1.68183534270124,5.27501650729511e-15,0.999999942050196,0.999999999942431
"Gkap1",2.64537733965574e-15,-1.68332065510428,5.20256745666926e-15,0.999999942449524,0.999999999942431
"Adal",2.64089685708507e-15,-1.68368475314479,5.18495917648321e-15,0.999999942546997,0.999999999942431
"1700073E17Rik",2.63280706298776e-15,-1.68434370047363,5.1532419156587e-15,0.999999942722992,0.999999999942431
"Nectin2",2.59999567307278e-15,-1.68703695311596,5.02559760775102e-15,0.999999943436807,0.999999999942431
"Gemin7",2.55596847758353e-15,-1.69070396816839,4.85683610927548e-15,0.999999944394623,0.999999999942431
"Anp32a",2.45193017276007e-15,-1.69962289921322,4.46949707962866e-15,0.999999946657988,0.999999999942431
"Wbp1l",2.39647195566518e-15,-1.70453087835631,4.26959974721017e-15,0.999999947864488,0.999999999942431
"Chst10",2.2888719202552e-15,-1.71438129037452,3.89480253910938e-15,0.999999950205339,0.999999999942431
"Bax",2.23471302346215e-15,-1.7195134744602,3.71266686349518e-15,0.999999951383571,0.999999999942431
"Stx18",2.17279249062998e-15,-1.72553361221649,3.50977248657047e-15,0.999999952730659,0.999999999942431
"Hmg20b",2.15722982955969e-15,-1.72707327013775,3.45967494016285e-15,0.999999953069227,0.999999999942431
"Polr2b",2.07486751836271e-15,-1.73540847023287,3.20053960543221e-15,0.999999954861028,0.999999999942431
"Atg13",1.97170956995382e-15,-1.74632095512978,2.89020302063567e-15,0.999999957105241,0.999999999942431
"Copb1",1.95474256287833e-15,-1.74816954603767,2.84067533776433e-15,0.99999995747436,0.999999999942431
"Rbfa",1.94892005194321e-15,-1.74880756877683,2.82377773679407e-15,0.999999957601029,0.999999999942431
"Eif3j1",1.92188180241734e-15,-1.75179522691174,2.74597014495974e-15,0.999999958189249,0.999999999942431
"Cgref1",1.78363912762493e-15,-1.76774927929979,2.36513777034268e-15,0.999999961196734,0.999999999942431
"Acadvl",1.74487117053077e-15,-1.77244261365561,2.26344109217168e-15,0.999999962040135,0.999999999942431
"Ampd2",1.70428356169734e-15,-1.77746771509357,2.15936556827632e-15,0.999999962923123,0.999999999942431
"Bpgm",1.62096197424603e-15,-1.78816428615414,1.95338620250865e-15,0.999999964735793,0.999999999942431
"Cnih2",1.61801749836538e-15,-1.78855213427725,1.94629599968746e-15,0.999999964799851,0.999999999942431
"Ubald2",1.56141132450254e-15,-1.79614679642048,1.81249622878405e-15,0.999999966031324,0.999999999942431
"Rrp8",1.55584176347543e-15,-1.79690866135991,1.79958892615762e-15,0.999999966152491,0.999999999942431
"Ndufaf7",1.55206337909892e-15,-1.7974270422046,1.79085888374225e-15,0.99999996623469,0.999999999942431
"Samm50",1.47752120677496e-15,-1.80791666337358,1.62296781670805e-15,0.999999967856363,0.999999999942431
"Cops6",1.46185473079668e-15,-1.81018752800765,1.5887329285322e-15,0.999999968197189,0.999999999942431
"Smim15",1.43900330211994e-15,-1.81354325355539,1.539451612783e-15,0.999999968694324,0.999999999942431
"Tspyl5",1.41725233773576e-15,-1.8167865460151,1.49326479359496e-15,0.999999969167519,0.999999999942431
"Smarcd2",1.36704818691582e-15,-1.82446388586854,1.38934501884799e-15,0.999999970259716,0.999999999942431
"Tcerg1",1.26026555050068e-15,-1.84176248560773,1.18077348369294e-15,0.999999972582784,0.999999999942431
"Vps52",1.25024371228519e-15,-1.84345955261275,1.16206874361737e-15,0.99999997280081,0.999999999942431
"Fmc1",1.22250734557963e-15,-1.8482272199756,1.11108022097497e-15,0.999999973404218,0.999999999942431
"Hexb",1.2214275495717e-15,-1.84841497852018,1.10911833477736e-15,0.999999973427709,0.999999999942431
"Aasdhppt",1.22122347184846e-15,-1.84845048262577,1.10874773983618e-15,0.999999973432149,0.999999999942431
"Klhl20",1.2210884632899e-15,-1.84847397374577,1.10850260507857e-15,0.999999973435086,0.999999999942431
"Mpnd",1.1906308657114e-15,-1.85384006833566,1.05389352379418e-15,0.999999974097694,0.999999999942431
"Zfand2a",1.17225229147424e-15,-1.8571439194955,1.02160884087243e-15,0.999999974497522,0.999999999942431
"Crls1",1.14257531381637e-15,-1.86258821372342,9.70537085572934e-16,0.999999975143148,0.999999999942431
"Cbx4",1.13577534482963e-15,-1.86385530596371,9.59019274232593e-16,0.999999975291082,0.999999999942431
"Clrn1",1.12685437444909e-15,-1.8655290123596,9.44013166966521e-16,0.999999975485159,0.999999999942431
"Ogfr",1.03398091899618e-15,-1.88377344135093,7.94817664717957e-16,0.999999977505631,0.999999999942431
"Bcl2l13",9.55022747719928e-16,-1.90060324292059,6.78062761851719e-16,0.999999979223375,0.999999999942431
"Ift57",9.41692115345494e-16,-1.90357943210583,6.59265471007806e-16,0.999999979513384,0.999999999942431
"Lrrc4c",9.39614577113274e-16,-1.9040470001068,6.56359768909396e-16,0.999999979558581,0.999999999942431
"Psmd6",9.18205587669978e-16,-1.90892554205598,6.26790383202662e-16,0.999999980024336,0.999999999942431
"Chsy1",8.42113524257186e-16,-1.9272218571723,5.27210129769822e-16,0.999999981679727,0.999999999942431
"Nr3c1",8.32104827123662e-16,-1.92974891933228,5.14752595015819e-16,0.999999981897468,0.999999999942431
"Prkg1",5.38620488489275e-16,-2.02139049540716,2.15679168616525e-16,0.999999988282252,0.999999999942431
"Fam172a",4.05416809018014e-16,-2.0809473683501,1.22192897738884e-16,0.999999991180113,0.999999999942431
"Slc29a3",3.81515255265826e-16,-2.09365516527939,1.08209721317255e-16,0.999999991700093,0.999999999942431
"Commd8",3.76132481088868e-16,-2.09662522882877,1.05177813783392e-16,0.999999991817196,0.999999999942431
"Kcnc2",1.85385640016105e-16,-2.24376279431721,2.55502199517642e-17,0.999999995966915,0.999999999942431
"Snrpa",1.70024009355395e-16,-2.26165178845734,2.14913139316129e-17,0.999999996301109,0.999999999942431
"Rbm17",1.56164398755082e-16,-2.27921602329036,1.81303642252981e-17,0.999999996602626,0.999999999942431
"Siah2",1.56158463759944e-16,-2.27922386919211,1.81289861701247e-17,0.999999996602755,0.999999999942431
"Gpr37",1.51421601893871e-16,-2.28558155844553,1.70458292781016e-17,0.999999996705806,0.999999999942431
"Gdpd5",1.46211363185007e-16,-2.29280514852186,1.58929572187111e-17,0.999999996819156,0.999999999942431
"Tomm40l",1.3463525547366e-16,-2.30980769950088,1.34759707425777e-17,0.999999997070995,0.999999999942431
"Tgfb2",1.33613690916987e-16,-2.31137672598789,1.32722448152353e-17,0.999999997093219,0.999999999942431
"Tmed7",1.33515710951168e-16,-2.31152783507592,1.32527866701531e-17,0.999999997095351,0.999999999942431
"Shroom2",1.30305009217562e-16,-2.31654099054678,1.26230611033801e-17,0.9999999971652,0.999999999942431
"Tdrd3",1.24994093159623e-16,-2.32510704403196,1.16150595835227e-17,0.99999999728074,0.999999999942431
"Prmt8",1.12745523557434e-16,-2.3463163303774,9.45020168498069e-18,0.999999997547209,0.999999999942431
"Snapc2",1.09599127915821e-16,-2.35213164420484,8.93010692213836e-18,0.999999997615659,0.999999999942431
"Wwc2",1.08161120142375e-16,-2.35484445895885,8.69730728545906e-18,0.999999997646943,0.999999999942431
"Yipf6",9.9794987026179e-17,-2.37136915948112,7.4038892530109e-18,0.999999997828949,0.999999999942431
"Tatdn2",9.750169350772e-17,-2.37613774656826,7.06751566796546e-18,0.99999999787884,0.999999999942431
"Rnf2",9.60337582047026e-17,-2.37924851794942,6.85630789002522e-18,0.999999997910775,0.999999999942431
"Lyrm2",9.2724480973608e-17,-2.38643691808146,6.39191931081328e-18,0.999999997982769,0.999999999942431
"Wwp1",9.26546848006843e-17,-2.38659123807837,6.38230019850662e-18,0.999999997984287,0.999999999942431
"Tbc1d5",7.90138122185913e-17,-2.41919237624337,4.64139461172554e-18,0.999999998281046,0.999999999942431
"Gpd1l",7.74715567875162e-17,-2.42322248332085,4.46197392751121e-18,0.999999998314598,0.999999999942431
"Med21",7.70319362559014e-17,-2.42438576124371,4.41147772353858e-18,0.999999998324162,0.999999999942431
"Pomgnt2",7.68440844708111e-17,-2.42488483243015,4.38998810358185e-18,0.999999998328248,0.999999999942431
"Alg11",7.4049856240477e-17,-2.43245381463577,4.07653242744247e-18,0.999999998389037,0.999999999942431
"Stk25",7.38452857611695e-17,-2.43301896752405,4.05403984436131e-18,0.999999998393488,0.999999999942431
"Clvs1",7.24633059694834e-17,-2.43687779615494,3.90372080747905e-18,0.999999998423553,0.999999999942431
"Gadd45a",7.02925840806339e-17,-2.44308797771478,3.67334297729604e-18,0.999999998470777,0.999999999942431
"Ccdc126",6.72610413880647e-17,-2.45208494091586,3.36333120061778e-18,0.999999998536729,0.999999999942431
"Arhgap42",6.64091769154682e-17,-2.45468511692333,3.27867717302984e-18,0.999999998555261,0.999999999942431
"Grm7",6.4533368593231e-17,-2.46052860860093,3.09607257897689e-18,0.999999998596069,0.999999999942431
"Ddx47",6.38208388737831e-17,-2.46279226962089,3.02808093302914e-18,0.999999998611571,0.999999999942431
"Asah1",5.81199104986207e-17,-2.48185604856154,2.51126379567348e-18,0.999999998735595,0.999999999942431
"Hilpda",5.66679901969433e-17,-2.4870060057318,2.38736092940646e-18,0.999999998767182,0.999999999942431
"Dgcr14",5.55197746512815e-17,-2.49117170199984,2.29159492236989e-18,0.999999998792161,0.999999999942431
"Esr1",5.37417951658437e-17,-2.49779281223881,2.14717182875482e-18,0.999999998830841,0.999999999942431
"Ccdc92b",4.9487975915922e-17,-2.51455394132658,1.82071447314453e-18,0.999999998923384,0.999999999942431
"Efcab2",4.8943288887294e-17,-2.5168020482548,1.78085582541102e-18,0.999999998935233,0.999999999942431
"Capn10",4.6416803265285e-17,-2.52756311743244,1.60174330093664e-18,0.999999998990197,0.999999999942431
"Sf3a3",4.57783395110482e-17,-2.53037395216484,1.55798235003702e-18,0.999999999004087,0.999999999942431
"Ranbp1",4.47181753212799e-17,-2.53512782825309,1.48665641945335e-18,0.999999999027151,0.999999999942431
"Ndufa3",4.45314867229682e-17,-2.53597645071852,1.47426939950114e-18,0.999999999031213,0.999999999942431
"Tceanc2",4.32587801566412e-17,-2.5418569479904,1.39120458186305e-18,0.9999999990589,0.999999999942431
"Crebl2",4.09361187939542e-17,-2.55304245977147,1.24582141076048e-18,0.99999999910943,0.999999999942431
"Actr8",4.04880729912617e-17,-2.55527201089867,1.21869962184828e-18,0.999999999119177,0.999999999942431
"Akr7a5",3.99249520352694e-17,-2.55810895235062,1.18503524720304e-18,0.999999999131428,0.999999999942431
"C1galt1c1",3.76388938596624e-17,-2.57004607581521,1.05321288952578e-18,0.999999999181162,0.999999999942431
"Sdf2l1",3.61348366848213e-17,-2.57829628929514,9.70721512606055e-19,0.999999999213883,0.999999999942431
"Tufm",3.60640075729994e-17,-2.57869310971972,9.6691975430114e-19,0.999999999215423,0.999999999942431
"Hacd2",3.54504834645754e-17,-2.58216289323105,9.34300941748634e-19,0.999999999228771,0.999999999942431
"Tmem243",3.48552789406389e-17,-2.58558612322398,9.03190970659825e-19,0.99999999924172,0.999999999942431
"Dusp12",3.48453459376847e-17,-2.58564373906453,9.02676264106048e-19,0.999999999241936,0.999999999942431
"Zfp655",3.48315748609543e-17,-2.5857236442364,9.01962919617969e-19,0.999999999242235,0.999999999942431
"Fam150b",3.26040233562834e-17,-2.5990769934375,7.90287027427582e-19,0.999999999290696,0.999999999942431
"4930453N24Rik",3.14419680256419e-17,-2.60640464124014,7.34956957164969e-19,0.999999999315976,0.999999999942431
"Bccip",2.92835336434424e-17,-2.62075312311062,6.37513558379826e-19,0.999999999362933,0.999999999942431
"Zfp367",2.92357147355203e-17,-2.62108268335777,6.35433187074607e-19,0.999999999363974,0.999999999942431
"Ing2",2.9154700495108e-17,-2.62164223538154,6.31916405543687e-19,0.999999999365736,0.999999999942431
"Edem2",2.69205039072722e-17,-2.63770979180677,5.38776731993193e-19,0.999999999414341,0.999999999942431
"Snx5",2.57614158645176e-17,-2.64657150538921,4.93380429612256e-19,0.999999999439558,0.999999999942431
"Ndufv1",2.56885220210802e-17,-2.64714187517623,4.90592266569286e-19,0.999999999441143,0.999999999942431
"Optn",2.24631516791148e-17,-2.67412252332371,3.75131765627491e-19,0.999999999511312,0.999999999942431
"Yy1",2.23058747128805e-17,-2.67553406241021,3.69897144725995e-19,0.999999999514733,0.999999999942431
"Mief1",2.09964438069017e-17,-2.68768198582974,3.27743396300244e-19,0.99999999954322,0.999999999942431
"Robo1",1.867708454991e-17,-2.7111577966205,2.59334700330155e-19,0.999999999593678,0.999999999942431
"Map3k4",1.82772861439373e-17,-2.71549318480752,2.48350983419356e-19,0.999999999602376,0.999999999942431
"Meaf6",1.78286991026832e-17,-2.72047037459752,2.36309821795096e-19,0.999999999612135,0.999999999942431
"Bbs2",1.50494590917933e-17,-2.75436722302261,1.6837757228809e-19,0.999999999672597,0.999999999942431
"Tmem11",1.33933938481853e-17,-2.77763893581246,1.33359433445333e-19,0.999999999708625,0.999999999942431
"BC029214",1.07556985223682e-17,-2.82131770433449,8.60042084564919e-20,0.999999999766009,0.999999999942431
"Bhlhb9",8.92756084163958e-18,-2.85831257170964,5.92526937568465e-20,0.99999999980578,0.999999999942431
"Tk2",7.94908403461208e-18,-2.88131679764964,4.69760653748338e-20,0.999999999827067,0.999999999942431
"Mab21l2",6.60132626377844e-18,-2.91805522836935,3.23970046012998e-20,0.999999999856387,0.999999999942431
"Cul7",5.65415213475987e-18,-2.94860915910037,2.37671682941485e-20,0.999999999876993,0.999999999942431
"Casc3",3.8302748857705e-18,-3.02514595907569,1.09069255263184e-20,0.999999999916672,0.999999999942431
"Zfp874a",2.64623412319622e-18,-3.09743455879818,5.20593801249929e-21,0.999999999942431,0.999999999942431
