"ID","Description","GeneRatio","BgRatio","RichFactor","FoldEnrichment","zScore","pvalue","p.adjust","qvalue","geneID","Count"
"GO:0002274","myeloid leukocyte activation","20/123","293/25615",0.068259385665529,14.2151558034352,15.8032495848069,1.34314271781134e-17,8.62834881922004e-14,8.62834881922004e-14,"Sphk1/Itgam/Pirb/Fcer1g/Stap1/Gimap5/Mmp8/Fcgr4/Tnfsf9/Slc11a1/Fpr2/Itgb2/Il4ra/Rac2/Tgfbr2/Nfkbiz/Spi1/Lbp/Clec4d/Camp",20
"GO:0030595","leukocyte chemotaxis","18/123","233/25615",0.0772532188841202,16.0881398513556,16.070894307591,7.06377089025771e-17,1.45658894468133e-13,1.45658894468133e-13,"S100a8/Itgam/Fcer1g/Stap1/Pgf/Bst1/Il1b/Fpr2/Pla2g7/Dusp1/Itgb2/Trpm2/Cxcl14/Tnfaip6/Rac2/Nedd9/Spi1/Lbp",18
"GO:0006935","chemotaxis","23/123","476/25615",0.0483193277310924,10.0625982100157,13.8634559485099,8.27974110835957e-17,1.45658894468133e-13,1.45658894468133e-13,"Sema3f/S100a8/Itgam/Fcer1g/Stap1/Pgf/Bst1/Il1b/Lox/Fpr2/Pla2g7/Dusp1/Itgb2/Trpm2/Saa3/Itgb3/Cxcl14/Tnfaip6/Rac2/Sema3a/Nedd9/Spi1/Lbp",23
"GO:0042330","taxis","23/123","478/25615",0.0481171548117155,10.0204952886349,13.8285585604719,9.06966964309669e-17,1.45658894468133e-13,1.45658894468133e-13,"Sema3f/S100a8/Itgam/Fcer1g/Stap1/Pgf/Bst1/Il1b/Lox/Fpr2/Pla2g7/Dusp1/Itgb2/Trpm2/Saa3/Itgb3/Cxcl14/Tnfaip6/Rac2/Sema3a/Nedd9/Spi1/Lbp",23
"GO:0060326","cell chemotaxis","20/123","330/25615",0.0606060606060606,12.6213353042621,14.7594721607378,1.3545681065876e-16,1.74034910334375e-13,1.74034910334375e-13,"S100a8/Itgam/Fcer1g/Stap1/Pgf/Bst1/Il1b/Lox/Fpr2/Pla2g7/Dusp1/Itgb2/Trpm2/Saa3/Cxcl14/Tnfaip6/Rac2/Nedd9/Spi1/Lbp",20
"GO:0050900","leukocyte migration","20/123","412/25615",0.0485436893203883,10.1093219670061,12.9478555040589,9.39660444173659e-15,1.00606311556193e-11,1.00606311556193e-11,"S100a8/Itgam/Fcer1g/Stap1/Pgf/Bst1/Il1b/Fpr2/Pla2g7/Dusp1/Itgb2/Trpm2/Itgb3/Cxcl14/Tnfaip6/Rac2/Mmp14/Nedd9/Spi1/Lbp",20
"GO:0050727","regulation of inflammatory response","20/123","434/25615",0.0460829493087558,9.5968678580795,12.5469432283814,2.5014546285819e-14,2.29562064771573e-11,2.29562064771573e-11,"Siglece/Sphk1/S100a8/Fcer1g/Stap1/Tnfaip3/Mmp8/Pik3ap1/Bst1/Il1b/Ptgs2/Casp4/Fpr2/Alox5ap/Tnfrsf1a/Tnfaip6/Stat3/Acp5/Nfkbiz/Lbp",20
"GO:0002526","acute inflammatory response","13/123","123/25615",0.105691056910569,22.0103774208474,16.2245910200176,2.96845899049702e-14,2.38367256936911e-11,2.38367256936911e-11,"Hp/Lcn2/Fcer1g/Fcgr4/Il1b/Ptgs2/Alox5ap/Fcgr2b/Itih4/Saa3/Stat3/Lbp/Serpina3n",13
"GO:0097529","myeloid leukocyte migration","16/123","243/25615",0.065843621399177,13.7120679848774,13.8302902862492,5.03735023179e-14,3.59554865433544e-11,3.59554865433544e-11,"S100a8/Itgam/Fcer1g/Stap1/Pgf/Bst1/Il1b/Fpr2/Pla2g7/Dusp1/Itgb2/Tnfaip6/Rac2/Mmp14/Spi1/Lbp",16
"GO:0002688","regulation of leukocyte chemotaxis","13/123","130/25615",0.1,20.8252032520325,15.7411446243737,6.14808746143492e-14,3.94953138522579e-11,3.94953138522579e-11,"Stap1/Pgf/Bst1/Il1b/Fpr2/Pla2g7/Dusp1/Cxcl14/Tnfaip6/Rac2/Nedd9/Spi1/Lbp",13
"GO:0050920","regulation of chemotaxis","15/123","224/25615",0.0669642857142857,13.9454486062718,13.517317498164,2.5429384570394e-13,1.48507605891101e-10,1.48507605891101e-10,"Sema3f/Stap1/Pgf/Bst1/Il1b/Fpr2/Pla2g7/Dusp1/Cxcl14/Tnfaip6/Rac2/Sema3a/Nedd9/Spi1/Lbp",15
"GO:0002685","regulation of leukocyte migration","15/123","242/25615",0.0619834710743802,12.9081838339045,12.928752068108,7.82584413294476e-13,4.18943522583643e-10,4.18943522583643e-10,"Stap1/Pgf/Bst1/Il1b/Fpr2/Pla2g7/Dusp1/Itgb3/Cxcl14/Tnfaip6/Rac2/Mmp14/Nedd9/Spi1/Lbp",15
"GO:0006953","acute-phase response","9/123","52/25615",0.173076923076923,36.0436210131332,17.570901336898,3.11841237828458e-12,1.54097547062309e-09,1.54097547062309e-09,"Hp/Lcn2/Il1b/Ptgs2/Itih4/Saa3/Stat3/Lbp/Serpina3n",9
"GO:0032496","response to lipopolysaccharide","18/123","443/25615",0.0406320541760722,8.46170786764301,11.0045058852492,4.5129413405223e-12,2.07079536939395e-09,2.07079536939395e-09,"Alpl/S100a8/Lcn2/Stap1/Tnfaip3/Mmp8/Fcgr4/Il1b/Ptgs2/Slc11a1/Casp4/Tnfrsf1a/Acp5/Nfkbiz/Spi1/Irak3/Lbp/Camp",18
"GO:0002237","response to molecule of bacterial origin","18/123","459/25615",0.0392156862745098,8.16674637334608,10.7620966632047,8.12520562827068e-12,3.47975473040072e-09,3.47975473040072e-09,"Alpl/S100a8/Lcn2/Stap1/Tnfaip3/Mmp8/Fcgr4/Il1b/Ptgs2/Slc11a1/Casp4/Tnfrsf1a/Acp5/Nfkbiz/Spi1/Irak3/Lbp/Camp",18
"GO:0032640","tumor necrosis factor production","13/123","199/25615",0.0653266331658292,13.6044041344936,12.3989400512291,1.47213575005727e-11,5.56294121080465e-09,5.56294121080465e-09,"Fcer1g/Tnfaip3/Mmp8/Clec4a3/Fcgr2b/Clec4a2/Tnfrsf1a/Stat3/Acp5/Irak3/Clec4a1/Lbp/Camp",13
"GO:0032680","regulation of tumor necrosis factor production","13/123","199/25615",0.0653266331658292,13.6044041344936,12.3989400512291,1.47213575005727e-11,5.56294121080465e-09,5.56294121080465e-09,"Fcer1g/Tnfaip3/Mmp8/Clec4a3/Fcgr2b/Clec4a2/Tnfrsf1a/Stat3/Acp5/Irak3/Clec4a1/Lbp/Camp",13
"GO:0071706","tumor necrosis factor superfamily cytokine production","13/123","202/25615",0.0643564356435644,13.4023585285358,12.2925307036012,1.7776289849812e-11,6.01025715764168e-09,6.01025715764168e-09,"Fcer1g/Tnfaip3/Mmp8/Clec4a3/Fcgr2b/Clec4a2/Tnfrsf1a/Stat3/Acp5/Irak3/Clec4a1/Lbp/Camp",13
"GO:1903555","regulation of tumor necrosis factor superfamily cytokine production","13/123","202/25615",0.0643564356435644,13.4023585285358,12.2925307036012,1.7776289849812e-11,6.01025715764168e-09,6.01025715764168e-09,"Fcer1g/Tnfaip3/Mmp8/Clec4a3/Fcgr2b/Clec4a2/Tnfrsf1a/Stat3/Acp5/Irak3/Clec4a1/Lbp/Camp",13
"GO:0002768","immune response-regulating cell surface receptor signaling pathway","16/123","369/25615",0.043360433604336,9.02989842906559,10.7923556709616,2.90908512983982e-11,9.34398143704549e-09,9.34398143704549e-09,"Clec4e/Itgam/Pirb/Fcer1g/Stap1/Tnfaip3/Pik3ap1/Fcgr4/Cd38/Fpr2/Fcgr2b/Nfkbiz/Lbp/Clec4d/Fyb1/Sh2b2",16
"GO:0072593","reactive oxygen species metabolic process","14/123","260/25615",0.0538461538461538,11.2135709818637,11.4979861569572,3.13126967013541e-11,9.57870302902374e-09,9.57870302902374e-09,"Itgam/Lcn2/Mmp3/Txnrd1/Fpr2/Itgb2/Ncf4/Birc3/Stat3/Acp5/Rac2/Tgfbr2/Cyp1b1/Cdkn1a",14
"GO:0050729","positive regulation of inflammatory response","12/123","172/25615",0.0697674418604651,14.5292115711855,12.3663591764614,4.30532453337676e-11,1.25715476374601e-08,1.25715476374601e-08,"S100a8/Fcer1g/Stap1/Mmp8/Il1b/Ptgs2/Casp4/Alox5ap/Tnfrsf1a/Stat3/Nfkbiz/Lbp",12
"GO:0042742","defense response to bacterium","17/123","444/25615",0.0382882882882883,7.9736138577602,10.2964721615359,4.70294680604121e-11,1.31355349052212e-08,1.31355349052212e-08,"Clec4e/Hp/Lcn2/Fcer1g/Plac8/Il1b/Slc11a1/Casp4/Fpr2/Tnfrsf1a/Gimap6/Wfdc17/Acp5/Nfkbiz/Lbp/Clec4d/Camp",17
"GO:0006909","phagocytosis","13/123","254/25615",0.0511811023622047,10.65856859356,10.7457255207265,3.07756176461686e-10,8.23760698995781e-08,8.23760698995781e-08,"Sphk1/Itgam/Fcer1g/Stap1/Slc11a1/Fpr2/Cfp/Fcgr2b/Itgb2/Itgb3/Ncf4/Stat3/Lbp",13
"GO:2000377","regulation of reactive oxygen species metabolic process","11/123","163/25615",0.0674846625766871,14.0538181455434,11.6134086059963,4.11363741961697e-10,1.05704027134478e-07,1.05704027134478e-07,"Itgam/Lcn2/Mmp3/Fpr2/Itgb2/Birc3/Stat3/Acp5/Tgfbr2/Cyp1b1/Cdkn1a",11
"GO:0002687","positive regulation of leukocyte migration","11/123","166/25615",0.0662650602409639,13.7998334802625,11.4924416204397,4.99894148927147e-10,1.23512308181077e-07,1.23512308181077e-07,"Pgf/Il1b/Fpr2/Pla2g7/Itgb3/Cxcl14/Rac2/Mmp14/Nedd9/Spi1/Lbp",11
"GO:0030593","neutrophil chemotaxis","9/123","94/25615",0.0957446808510638,19.9390243902439,12.777973696251,7.61727483146906e-10,1.81234716730953e-07,1.81234716730953e-07,"S100a8/Itgam/Fcer1g/Bst1/Il1b/Itgb2/Tnfaip6/Rac2/Lbp",9
"GO:0050832","defense response to fungus","8/123","64/25615",0.125,26.0315040650407,13.9271510293539,7.93620940919674e-10,1.82079318730999e-07,1.82079318730999e-07,"Clec4e/Cotl1/Clec4a3/Clec4a2/Spi1/Clec4a1/Clec4d/Camp",8
"GO:0002690","positive regulation of leukocyte chemotaxis","9/123","103/25615",0.087378640776699,18.1967795406109,12.1473847233429,1.7335224694299e-09,3.81494818439946e-07,3.81494818439946e-07,"Pgf/Il1b/Fpr2/Pla2g7/Cxcl14/Rac2/Nedd9/Spi1/Lbp",9
"GO:0061760","antifungal innate immune response","6/123","25/25615",0.24,49.9804878048781,17.0195185606244,1.78157605124508e-09,3.81494818439946e-07,3.81494818439946e-07,"Clec4e/Clec4a3/Clec4a2/Spi1/Clec4a1/Clec4d",6
"GO:0045766","positive regulation of angiogenesis","11/123","191/25615",0.0575916230366492,11.9935725535266,10.5930956572122,2.21308203418817e-09,4.58607709278219e-07,4.58607709278219e-07,"Sphk1/Pgf/Il1b/Lrg1/Itgb2/Tnfrsf1a/Itgb3/Stat3/Tgfbr2/Cyp1b1/Camp",11
"GO:1904018","positive regulation of vasculature development","11/123","194/25615",0.0567010309278351,11.8081049367195,10.4964733071917,2.60745036921497e-09,5.23445661619905e-07,5.23445661619905e-07,"Sphk1/Pgf/Il1b/Lrg1/Itgb2/Tnfrsf1a/Itgb3/Stat3/Tgfbr2/Cyp1b1/Camp",11
"GO:0097028","dendritic cell differentiation","7/123","49/25615",0.142857142857143,29.7502903600465,13.9925924913228,3.60031253671065e-09,7.00860840479674e-07,7.00860840479674e-07,"Pirb/Gimap5/Tnfsf9/Tmem176a/Trpm2/Tgfbr2/Spi1",7
"GO:0002696","positive regulation of leukocyte activation","14/123","376/25615",0.0372340425531915,7.75406504065041,9.164576326674,3.8493695509335e-09,7.27304411623435e-07,7.27304411623435e-07,"Stap1/Gimap5/Mmp8/Cd38/Il1b/Tnfsf9/Il4ra/Tgfbr2/Mmp14/Nfkbiz/Cdkn1a/Spi1/Lbp/Clec4d",14
"GO:0009620","response to fungus","8/123","78/25615",0.102564102564103,21.3591828225975,12.5086951605677,3.97534689970572e-09,7.29646528105987e-07,7.29646528105987e-07,"Clec4e/Cotl1/Clec4a3/Clec4a2/Spi1/Clec4a1/Clec4d/Camp",8
"GO:1990266","neutrophil migration","9/123","123/25615",0.0731707317073171,15.2379535990482,10.9948036381932,8.38872980337809e-09,1.49692222935836e-06,1.49692222935836e-06,"S100a8/Itgam/Fcer1g/Bst1/Il1b/Itgb2/Tnfaip6/Rac2/Lbp",9
"GO:0050867","positive regulation of cell activation","14/123","401/25615",0.0349127182044888,7.27064452689415,8.79129386668322,8.70931626949479e-09,1.51212561392526e-06,1.51212561392526e-06,"Stap1/Gimap5/Mmp8/Cd38/Il1b/Tnfsf9/Il4ra/Tgfbr2/Mmp14/Nfkbiz/Cdkn1a/Spi1/Lbp/Clec4d",14
"GO:0050764","regulation of phagocytosis","9/123","124/25615",0.0725806451612903,15.1150668764752,10.9443418435304,9.00902438783582e-09,1.52299928072256e-06,1.52299928072256e-06,"Sphk1/Fcer1g/Stap1/Slc11a1/Fpr2/Cfp/Fcgr2b/Stat3/Lbp",9
"GO:0002366","leukocyte activation involved in immune response","13/123","338/25615",0.0384615384615385,8.00969355847405,9.01122682742555,9.74971206251653e-09,1.60595257152836e-06,1.60595257152836e-06,"Clec4e/Itgam/Fcer1g/Tnfaip3/Fcgr4/Slc11a1/Itgb2/Stat3/Rac2/Nfkbiz/Spi1/Lbp/Clec4d",13
"GO:0002263","cell activation involved in immune response","13/123","342/25615",0.0380116959064327,7.91601293205915,8.94395806779968,1.12108769173134e-08,1.80046683292054e-06,1.80046683292054e-06,"Clec4e/Itgam/Fcer1g/Tnfaip3/Fcgr4/Slc11a1/Itgb2/Stat3/Rac2/Nfkbiz/Spi1/Lbp/Clec4d",13
"GO:0071621","granulocyte chemotaxis","9/123","128/25615",0.0703125,14.6427210365854,10.7482046659985,1.19105054024209e-08,1.86617284646712e-06,1.86617284646712e-06,"S100a8/Itgam/Fcer1g/Bst1/Il1b/Itgb2/Tnfaip6/Rac2/Lbp",9
"GO:0038094","Fc-gamma receptor signaling pathway","5/123","17/25615",0.294117647058824,61.2505978000956,17.2612446106894,1.38990824271549e-08,2.12589775028674e-06,2.12589775028674e-06,"Clec4e/Fcer1g/Fcgr4/Fcgr2b/Clec4d",5
"GO:0050766","positive regulation of phagocytosis","8/123","92/25615",0.0869565217391304,18.1088723930718,11.4192805786633,1.49231663859024e-08,2.2294516479776e-06,2.2294516479776e-06,"Fcer1g/Stap1/Slc11a1/Fpr2/Cfp/Fcgr2b/Stat3/Lbp",8
"GO:0002468","dendritic cell antigen processing and presentation","5/123","18/25615",0.277777777777778,57.8477868112014,16.75886425389,1.91710583162594e-08,2.7946793955893e-06,2.7946793955893e-06,"Fcgr4/Clec4a3/Slc11a1/Clec4a2/Clec4a1",5
"GO:0061900","glial cell activation","7/123","62/25615",0.112903225806452,23.5123262522948,12.3277714634625,1.95766769616312e-08,2.7946793955893e-06,2.7946793955893e-06,"Sphk1/Itgam/Stap1/Mmp8/Il1b/Fpr2/Tnfrsf1a",7
"GO:0070661","leukocyte proliferation","13/123","363/25615",0.0358126721763085,7.45806177070035,8.60789419723381,2.26634151276028e-08,3.16499519086348e-06,3.16499519086348e-06,"Itgam/Cd38/Il1b/Tnfsf9/Slc11a1/Ebi3/Itgb2/Sdc4/Rac2/Tgfbr2/Nfkbiz/Cdkn1a/Csf2rb2",13
"GO:0001773","myeloid dendritic cell activation","6/123","38/25615",0.157894736842105,32.8818998716303,13.6615662802492,2.63922470978287e-08,3.57213862321633e-06,3.57213862321633e-06,"Pirb/Gimap5/Tnfsf9/Tgfbr2/Spi1/Clec4d",6
"GO:0150076","neuroinflammatory response","8/123","99/25615",0.0808080808080808,16.8284470723495,10.9607156797529,2.66909486168094e-08,3.57213862321633e-06,3.57213862321633e-06,"Sphk1/Itgam/Stap1/Mmp8/Il1b/Ptgs2/Fpr2/Tnfrsf1a",8
"GO:0071222","cellular response to lipopolysaccharide","12/123","311/25615",0.0385852090032154,8.03544820014116,8.67094992722072,3.59170567150174e-08,4.70879943545453e-06,4.70879943545453e-06,"Lcn2/Stap1/Tnfaip3/Mmp8/Fcgr4/Il1b/Tnfrsf1a/Nfkbiz/Spi1/Irak3/Lbp/Camp",12
"GO:0071675","regulation of mononuclear cell migration","9/123","148/25615",0.0608108108108108,12.6639749505603,9.88502666676936,4.22450084120753e-08,5.42763868078343e-06,5.42763868078343e-06,"Stap1/Fpr2/Pla2g7/Dusp1/Itgb3/Cxcl14/Mmp14/Nedd9/Spi1",9
"GO:0071219","cellular response to molecule of bacterial origin","12/123","319/25615",0.0376175548589342,7.83393225781788,8.53157844123857,4.74306478000991e-08,5.97440159740856e-06,5.97440159740856e-06,"Lcn2/Stap1/Tnfaip3/Mmp8/Fcgr4/Il1b/Tnfrsf1a/Nfkbiz/Spi1/Irak3/Lbp/Camp",12
"GO:0032720","negative regulation of tumor necrosis factor production","7/123","71/25615",0.0985915492957746,20.5318905301729,11.4477017614486,5.10827442605982e-08,6.31068363711697e-06,6.31068363711697e-06,"Tnfaip3/Clec4a3/Clec4a2/Acp5/Irak3/Clec4a1/Lbp",7
"GO:0046651","lymphocyte proliferation","12/123","322/25615",0.0372670807453416,7.76094531131647,8.48055920121718,5.25361722093759e-08,6.36778057118926e-06,6.36778057118926e-06,"Itgam/Cd38/Il1b/Tnfsf9/Slc11a1/Ebi3/Itgb2/Sdc4/Rac2/Tgfbr2/Nfkbiz/Cdkn1a",12
"GO:1903556","negative regulation of tumor necrosis factor superfamily cytokine production","7/123","73/25615",0.0958904109589041,19.969372981401,11.2739540143653,6.20911103572428e-08,7.25877552608677e-06,7.25877552608677e-06,"Tnfaip3/Clec4a3/Clec4a2/Acp5/Irak3/Clec4a1/Lbp",7
"GO:0032943","mononuclear cell proliferation","12/123","327/25615",0.036697247706422,7.64227642276423,8.39697544930029,6.21470507370443e-08,7.25877552608677e-06,7.25877552608677e-06,"Itgam/Cd38/Il1b/Tnfsf9/Slc11a1/Ebi3/Itgb2/Sdc4/Rac2/Tgfbr2/Nfkbiz/Cdkn1a",12
"GO:0030098","lymphocyte differentiation","14/123","474/25615",0.029535864978903,6.15090391410243,7.86268086755941,7.0021686351984e-08,7.99485877750341e-06,7.99485877750341e-06,"Clec4e/Cfb/Egr1/Fcer1g/Tnfaip3/Gimap5/Il1b/Tnfsf9/Stat3/Tgfbr2/Mmp14/Nfkbiz/Spi1/Clec4d",14
"GO:0001818","negative regulation of cytokine production","12/123","331/25615",0.0362537764350453,7.54992262913566,8.3313730171579,7.09381927642738e-08,7.99485877750341e-06,7.99485877750341e-06,"Tnfaip3/Gimap5/Clec4a3/Slc11a1/Prg4/Clec4a2/Tnfrsf1a/Stat3/Acp5/Irak3/Clec4a1/Lbp",12
"GO:0038093","Fc receptor signaling pathway","5/123","23/25615",0.217391304347826,45.2721809826794,14.7547557658255,7.38575296226003e-08,8.18035810854456e-06,8.18035810854456e-06,"Clec4e/Fcer1g/Fcgr4/Fcgr2b/Clec4d",5
"GO:0050921","positive regulation of chemotaxis","9/123","159/25615",0.0566037735849057,11.7878508973769,9.47824040081108,7.84195674228488e-08,8.53842883261662e-06,8.53842883261662e-06,"Pgf/Il1b/Fpr2/Pla2g7/Cxcl14/Rac2/Nedd9/Spi1/Lbp",9
"GO:0097530","granulocyte migration","9/123","162/25615",0.0555555555555556,11.5695573622403,9.37419799196262,9.2076390853051e-08,9.85831224733333e-06,9.85831224733333e-06,"S100a8/Itgam/Fcer1g/Bst1/Il1b/Itgb2/Tnfaip6/Rac2/Lbp",9
"GO:0030198","extracellular matrix organization","12/123","345/25615",0.0347826086956522,7.2435489572287,8.11012880009514,1.11150109771816e-07,1.16928932546213e-05,1.16928932546213e-05,"Adamts8/Mmp8/Mmp3/Lox/Tnfrsf1a/Itgb3/Adamts15/Stat3/Has2/Mmp19/Mmp14/Cyp1b1",12
"GO:0045229","external encapsulating structure organization","12/123","346/25615",0.0346820809248555,7.22261384463556,8.0948009877166,1.14681229615575e-07,1.16928932546213e-05,1.16928932546213e-05,"Adamts8/Mmp8/Mmp3/Lox/Tnfrsf1a/Itgb3/Adamts15/Stat3/Has2/Mmp19/Mmp14/Cyp1b1",12
"GO:0043011","myeloid dendritic cell differentiation","5/123","25/25615",0.2,41.650406504065,14.1250195536836,1.15724614505546e-07,1.16928932546213e-05,1.16928932546213e-05,"Pirb/Gimap5/Tnfsf9/Tgfbr2/Spi1",5
"GO:0043062","extracellular structure organization","12/123","347/25615",0.0345821325648415,7.20179939551557,8.07953415230567,1.1831227608194e-07,1.16928932546213e-05,1.16928932546213e-05,"Adamts8/Mmp8/Mmp3/Lox/Tnfrsf1a/Itgb3/Adamts15/Stat3/Has2/Mmp19/Mmp14/Cyp1b1",12
"GO:0071216","cellular response to biotic stimulus","12/123","347/25615",0.0345821325648415,7.20179939551557,8.07953415230567,1.1831227608194e-07,1.16928932546213e-05,1.16928932546213e-05,"Lcn2/Stap1/Tnfaip3/Mmp8/Fcgr4/Il1b/Tnfrsf1a/Nfkbiz/Spi1/Irak3/Lbp/Camp",12
"GO:0042119","neutrophil activation","6/123","49/25615",0.122448979591837,25.5002488800398,11.924122999147,1.28048764449172e-07,1.24634130730527e-05,1.24634130730527e-05,"Itgam/Fcer1g/Fcgr4/Itgb2/Spi1/Camp",6
"GO:0032635","interleukin-6 production","9/123","171/25615",0.0526315789473684,10.9606332905434,9.0778210357381,1.46239020488847e-07,1.38152862885346e-05,1.38152862885346e-05,"Fcer1g/Tnfaip3/Il1b/Tnfsf9/Prg4/Tnfrsf1a/Stat3/Irak3/Lbp",9
"GO:0032675","regulation of interleukin-6 production","9/123","171/25615",0.0526315789473684,10.9606332905434,9.0778210357381,1.46239020488847e-07,1.38152862885346e-05,1.38152862885346e-05,"Fcer1g/Tnfaip3/Il1b/Tnfsf9/Prg4/Tnfrsf1a/Stat3/Irak3/Lbp",9
"GO:0001659","temperature homeostasis","10/123","227/25615",0.0440528634361234,9.174098348913,8.5926643179882,1.53469482555761e-07,1.42547798337518e-05,1.42547798337518e-05,"Alpl/Egr1/Lcn2/Plac8/Gimap5/Il1b/Ptgs2/Trpm2/Il4ra/Stat3",10
"GO:0042116","macrophage activation","8/123","124/25615",0.0645161290322581,13.4356150013113,9.64215209179883,1.55329170043996e-07,1.42547798337518e-05,1.42547798337518e-05,"Sphk1/Itgam/Stap1/Mmp8/Slc11a1/Fpr2/Il4ra/Lbp",8
"GO:0042554","superoxide anion generation","6/123","51/25615",0.117647058823529,24.5002391200383,11.6689631497571,1.63624979775077e-07,1.46515290381621e-05,1.46515290381621e-05,"Itgam/Fpr2/Itgb2/Ncf4/Acp5/Rac2",6
"GO:2000379","positive regulation of reactive oxygen species metabolic process","7/123","84/25615",0.0833333333333333,17.3543360433604,10.4286466070232,1.65242233730086e-07,1.46515290381621e-05,1.46515290381621e-05,"Itgam/Lcn2/Fpr2/Itgb2/Tgfbr2/Cyp1b1/Cdkn1a",7
"GO:0071674","mononuclear cell migration","10/123","229/25615",0.0436681222707424,9.09397521922818,8.5461749116603,1.66494648160933e-07,1.46515290381621e-05,1.46515290381621e-05,"Stap1/Fpr2/Pla2g7/Dusp1/Trpm2/Itgb3/Cxcl14/Mmp14/Nedd9/Spi1",10
"GO:1903706","regulation of hemopoiesis","13/123","443/25615",0.0293453724604966,6.1112334599644,7.53803280546117,2.27707852050039e-07,1.97675032644521e-05,1.97675032644521e-05,"Itgam/Gimap5/Tnfsf9/Lox/Tmem176a/Itgb3/Tnfaip6/Stat3/Tgfbr2/Mmp14/Nedd9/Nfkbiz/Spi1",13
"GO:0002444","myeloid leukocyte mediated immunity","8/123","131/25615",0.0610687022900763,12.717681375287,9.33969808851673,2.37339654204833e-07,2.03289325148246e-05,2.03289325148246e-05,"Itgam/Fcer1g/Stap1/Fcgr4/Fcgr2b/Itgb2/Rac2/Spi1",8
"GO:0071347","cellular response to interleukin-1","7/123","91/25615",0.0769230769230769,16.0193871169481,9.96983205967543,2.87211881161219e-07,2.4276962165522e-05,2.4276962165522e-05,"Egr1/Lcn2/Il1b/Saa3/Has2/Irak3/Camp",7
"GO:0042590","antigen processing and presentation of exogenous peptide antigen via MHC class I","4/123","13/25615",0.307692307692308,64.0775484677924,15.8015190444564,3.50036202427492e-07,2.90413009710118e-05,2.90413009710118e-05,"Fcer1g/Clec4a3/Clec4a2/Clec4a1",4
"GO:0036230","granulocyte activation","6/123","58/25615",0.103448275862069,21.5433137089992,10.87974864218,3.57799430441194e-07,2.90413009710118e-05,2.90413009710118e-05,"Itgam/Fcer1g/Fcgr4/Itgb2/Spi1/Camp",6
"GO:0002697","regulation of immune effector process","13/123","461/25615",0.0281995661605206,5.8726169691198,7.33328411256477,3.57974779415498e-07,2.90413009710118e-05,2.90413009710118e-05,"Itgam/Fcer1g/Stap1/Tnfaip3/Gimap5/Il1b/Cfp/Itgb2/Rac2/Nfkbiz/Spi1/Irak3/Lbp",13
"GO:0002888","positive regulation of myeloid leukocyte mediated immunity","5/123","31/25615",0.161290322580645,33.5890375032783,12.6112304316689,3.61660036998902e-07,2.90413009710118e-05,2.90413009710118e-05,"Itgam/Fcer1g/Stap1/Itgb2/Spi1",5
"GO:0045765","regulation of angiogenesis","11/123","323/25615",0.0340557275541796,7.09217448211634,7.65369781296706,4.75188917218904e-07,3.69561539849694e-05,3.69561539849694e-05,"Sphk1/Pgf/Il1b/Lrg1/Itgb2/Tnfrsf1a/Itgb3/Stat3/Tgfbr2/Cyp1b1/Camp",11
"GO:0032611","interleukin-1 beta production","7/123","98/25615",0.0714285714285714,14.8751451800232,9.55927752926938,4.77484554911653e-07,3.69561539849694e-05,3.69561539849694e-05,"Sphk1/Egr1/Tnfaip3/Casp4/Stat3/Acp5/Camp",7
"GO:0032651","regulation of interleukin-1 beta production","7/123","98/25615",0.0714285714285714,14.8751451800232,9.55927752926938,4.77484554911653e-07,3.69561539849694e-05,3.69561539849694e-05,"Sphk1/Egr1/Tnfaip3/Casp4/Stat3/Acp5/Camp",7
"GO:0071677","positive regulation of mononuclear cell migration","7/123","101/25615",0.0693069306930693,14.433309184577,9.39601551887594,5.86621048242533e-07,4.43658222042366e-05,4.43658222042366e-05,"Fpr2/Pla2g7/Itgb3/Cxcl14/Mmp14/Nedd9/Spi1",7
"GO:1901342","regulation of vasculature development","11/123","330/25615",0.0333333333333333,6.94173441734417,7.54619511641885,5.87032205379842e-07,4.43658222042366e-05,4.43658222042366e-05,"Sphk1/Pgf/Il1b/Lrg1/Itgb2/Tnfrsf1a/Itgb3/Stat3/Tgfbr2/Cyp1b1/Camp",11
"GO:0002833","positive regulation of response to biotic stimulus","13/123","485/25615",0.0268041237113402,5.58201324281284,7.07652863638317,6.34114742499607e-07,4.7366896579273e-05,4.7366896579273e-05,"Clec4e/S100a8/Tnfaip3/Gimap5/Pik3ap1/Casp4/Fpr2/Cfp/Nfkbiz/Spi1/Irak3/Lbp/Camp",13
"GO:0002429","immune response-activating cell surface receptor signaling pathway","11/123","339/25615",0.0324483775811209,6.75744058325539,7.41249552029492,7.64609491283883e-07,5.64580617472145e-05,5.64580617472145e-05,"Itgam/Fcer1g/Stap1/Tnfaip3/Pik3ap1/Cd38/Fpr2/Nfkbiz/Lbp/Fyb1/Sh2b2",11
"GO:0090022","regulation of neutrophil chemotaxis","5/123","38/25615",0.131578947368421,27.4015832263586,11.3132210000874,1.04007315083301e-06,7.59253400108094e-05,7.59253400108094e-05,"Bst1/Il1b/Tnfaip6/Rac2/Lbp",5
"GO:0030217","T cell differentiation","11/123","352/25615",0.03125,6.50787601626016,7.22773680829226,1.10445847403008e-06,7.96996009937033e-05,7.96996009937033e-05,"Clec4e/Egr1/Fcer1g/Gimap5/Il1b/Tnfsf9/Stat3/Tgfbr2/Nfkbiz/Spi1/Clec4d",11
"GO:1902107","positive regulation of leukocyte differentiation","9/123","218/25615",0.0412844036697248,8.59756097560976,7.82529169057651,1.12899497048988e-06,7.96996009937033e-05,7.96996009937033e-05,"Itgam/Gimap5/Tnfsf9/Itgb3/Tgfbr2/Mmp14/Nedd9/Nfkbiz/Spi1",9
"GO:1903708","positive regulation of hemopoiesis","9/123","218/25615",0.0412844036697248,8.59756097560976,7.82529169057651,1.12899497048988e-06,7.96996009937033e-05,7.96996009937033e-05,"Itgam/Gimap5/Tnfsf9/Itgb3/Tgfbr2/Mmp14/Nedd9/Nfkbiz/Spi1",9
"GO:0006690","icosanoid metabolic process","8/123","161/25615",0.0496894409937888,10.3479270817553,8.26493681134341,1.14219312644996e-06,7.97548765686362e-05,7.97548765686362e-05,"Sphk1/Il1b/Ptgs2/Cyp2b10/Alox5ap/Tnfrsf1a/Cyp1b1/Camp",8
"GO:0070555","response to interleukin-1","7/123","112/25615",0.0625,13.0157520325203,8.8522493081015,1.18295402959372e-06,8.17128675925813e-05,8.17128675925813e-05,"Egr1/Lcn2/Il1b/Saa3/Has2/Irak3/Camp",7
"GO:1902105","regulation of leukocyte differentiation","11/123","357/25615",0.030812324929972,6.41672929334335,7.15914343718248,1.26695697627888e-06,8.65843788895266e-05,8.65843788895266e-05,"Itgam/Gimap5/Tnfsf9/Tmem176a/Itgb3/Tnfaip6/Tgfbr2/Mmp14/Nedd9/Nfkbiz/Spi1",11
"GO:0030203","glycosaminoglycan metabolic process","6/123","72/25615",0.0833333333333333,17.3543360433604,9.65278242354392,1.3075285460392e-06,8.84164566290086e-05,8.84164566290086e-05,"Il1b/Ugdh/Itih4/Tnfaip6/Has2/Itih3",6
"GO:0030212","hyaluronan metabolic process","5/123","40/25615",0.125,26.0315040650407,11.0052122693717,1.35303433252374e-06,9.0540547418047e-05,9.0540547418047e-05,"Il1b/Itih4/Tnfaip6/Has2/Itih3",5
"GO:0007159","leukocyte cell-cell adhesion","12/123","438/25615",0.0273972602739726,5.70553513754316,6.89975054541865,1.39711921480765e-06,9.16307798597156e-05,9.16307798597156e-05,"S100a8/Itgam/Gimap5/Il1b/Lrg1/Tnfsf9/Itgb2/Has2/Sdc4/Rac2/Tgfbr2/Nfkbiz",12
"GO:0002573","myeloid leukocyte differentiation","10/123","289/25615",0.0346020761245675,7.20595268236419,7.36993034874931,1.39785436274161e-06,9.16307798597156e-05,9.16307798597156e-05,"Itgam/Pirb/Fcer1g/Gimap5/Tnfsf9/Itgb3/Tnfaip6/Tgfbr2/Nedd9/Spi1",10
"GO:0002886","regulation of myeloid leukocyte mediated immunity","6/123","73/25615",0.0821917808219178,17.1166054126295,9.57848572368762,1.41906025669729e-06,9.20812433234687e-05,9.20812433234687e-05,"Itgam/Fcer1g/Stap1/Itgb2/Rac2/Spi1",6
"GO:0070486","leukocyte aggregation","4/123","18/25615",0.222222222222222,46.2782294489612,13.3481309221718,1.47045804884021e-06,9.44622250574951e-05,9.44622250574951e-05,"S100a8/Il1b/Has2/Rac2",4
"GO:0032102","negative regulation of response to external stimulus","12/123","446/25615",0.0269058295964126,5.60319370009844,6.81213118091894,1.68566570890996e-06,0.000107215014990471,0.000107215014990471,"Siglece/Sema3f/Stap1/Tnfaip3/Fpr2/Dusp1/Tnfrsf1a/Tnfaip6/Stat3/Acp5/Sema3a/Irak3",12
"GO:0032612","interleukin-1 production","7/123","119/25615",0.0588235294117647,12.2501195600191,8.54444575127578,1.77916277510637e-06,0.00010989751603157,0.00010989751603157,"Sphk1/Egr1/Tnfaip3/Casp4/Stat3/Acp5/Camp",7
"GO:0032652","regulation of interleukin-1 production","7/123","119/25615",0.0588235294117647,12.2501195600191,8.54444575127578,1.77916277510637e-06,0.00010989751603157,0.00010989751603157,"Sphk1/Egr1/Tnfaip3/Casp4/Stat3/Acp5/Camp",7
"GO:0032760","positive regulation of tumor necrosis factor production","7/123","119/25615",0.0588235294117647,12.2501195600191,8.54444575127578,1.77916277510637e-06,0.00010989751603157,0.00010989751603157,"Fcer1g/Mmp8/Fcgr2b/Tnfrsf1a/Stat3/Lbp/Camp",7
"GO:1903557","positive regulation of tumor necrosis factor superfamily cytokine production","7/123","121/25615",0.0578512396694215,12.0476382449775,8.46120938932701,1.98958119879377e-06,0.000121655512419824,0.000121655512419824,"Fcer1g/Mmp8/Fcgr2b/Tnfrsf1a/Stat3/Lbp/Camp",7
"GO:0045089","positive regulation of innate immune response","12/123","454/25615",0.026431718061674,5.5044590093478,6.72660491301046,2.02576642990952e-06,0.000121655512419824,0.000121655512419824,"Clec4e/S100a8/Tnfaip3/Gimap5/Pik3ap1/Casp4/Fpr2/Cfp/Nfkbiz/Spi1/Irak3/Lbp",12
"GO:0042098","T cell proliferation","9/123","234/25615",0.0384615384615385,8.00969355847405,7.4824168607474,2.02632936315709e-06,0.000121655512419824,0.000121655512419824,"Itgam/Il1b/Tnfsf9/Slc11a1/Ebi3/Itgb2/Sdc4/Rac2/Tgfbr2",9
"GO:0002699","positive regulation of immune effector process","10/123","302/25615",0.033112582781457,6.89576266623593,7.15914169297545,2.07414788544007e-06,0.000123373389037657,0.000123373389037657,"Itgam/Fcer1g/Stap1/Gimap5/Il1b/Cfp/Itgb2/Nfkbiz/Spi1/Lbp",10
"GO:0006801","superoxide metabolic process","6/123","78/25615",0.0769230769230769,16.0193871169481,9.22792120791481,2.09969012209049e-06,0.000123746874718434,0.000123746874718434,"Itgam/Fpr2/Itgb2/Ncf4/Acp5/Rac2",6
"GO:0002285","lymphocyte activation involved in immune response","9/123","237/25615",0.0379746835443038,7.90830503241741,7.42174938647253,2.24982353120663e-06,0.000131389694222467,0.000131389694222467,"Clec4e/Fcer1g/Tnfaip3/Fcgr4/Slc11a1/Stat3/Nfkbiz/Spi1/Clec4d",9
"GO:0050922","negative regulation of chemotaxis","5/123","45/25615",0.111111111111111,23.1391147244806,10.3250091943596,2.46452812271078e-06,0.000142631789732379,0.000142631789732379,"Sema3f/Stap1/Dusp1/Tnfaip6/Sema3a",5
"GO:0001906","cell killing","10/123","314/25615",0.0318471337579618,6.6322303350422,6.97534498137601,2.9352862683875e-06,0.000168359633822512,0.000168359633822512,"C7/Itgam/Cfb/Stap1/Gimap5/Fcgr4/Fcgr2b/Cxcl14/Nfkbiz/Spi1",10
"GO:0002922","positive regulation of humoral immune response","4/123","23/25615",0.173913043478261,36.2177447861435,11.7371498627099,4.1768523892853e-06,0.000237452210166095,0.000237452210166095,"Gimap5/Il1b/Cfp/Camp",4
"GO:0006022","aminoglycan metabolic process","6/123","88/25615",0.0681818181818182,14.1990022172949,8.6153287081405,4.26032408720451e-06,0.000240072999440367,0.000240072999440367,"Il1b/Ugdh/Itih4/Tnfaip6/Has2/Itih3",6
"GO:0001774","microglial cell activation","5/123","51/25615",0.0980392156862745,20.4168659333652,9.64137819631867,4.63075184075009e-06,0.000256447843318781,0.000256447843318781,"Sphk1/Itgam/Stap1/Mmp8/Fpr2",5
"GO:0002269","leukocyte activation involved in inflammatory response","5/123","51/25615",0.0980392156862745,20.4168659333652,9.64137819631867,4.63075184075009e-06,0.000256447843318781,0.000256447843318781,"Sphk1/Itgam/Stap1/Mmp8/Fpr2",5
"GO:0002460","adaptive immune response based on somatic recombination of immune receptors built from immunoglobulin superfamily domains","12/123","496/25615",0.0241935483870968,5.03835562549174,6.30860781776681,5.00838534639483e-06,0.00027499032021573,0.00027499032021573,"C7/Pirb/Fcer1g/Tnfaip3/Gimap5/Fcgr4/Il1b/Slc11a1/Fcgr2b/Stat3/Nfkbiz/Csf2rb2",12
"GO:1902622","regulation of neutrophil migration","5/123","53/25615",0.0943396226415094,19.6464181622948,9.43898383622943,5.61387109024501e-06,0.000305622948167237,0.000305622948167237,"Bst1/Il1b/Tnfaip6/Rac2/Lbp",5
"GO:0007369","gastrulation","8/123","200/25615",0.04,8.33008130081301,7.22883040336478,5.74108426471652e-06,0.000308230388496389,0.000308230388496389,"Tnfaip3/Mmp8/Txnrd1/Dusp1/Ugdh/Itgb3/Tgfbr2/Mmp14",8
"GO:0009636","response to toxic substance","9/123","266/25615",0.0338345864661654,7.04612140106363,6.88535868438541,5.75772830317041e-06,0.000308230388496389,0.000308230388496389,"Mt2/Hp/S100a8/Lcn2/Txnrd1/Ptgs2/Slc11a1/Alox5ap/Cyp1b1",9
"GO:0043299","leukocyte degranulation","6/123","93/25615",0.0645161290322581,13.4356150013113,8.34527579089462,5.87637508938688e-06,0.000309331873104855,0.000309331873104855,"Itgam/Fcer1g/Fcgr4/Itgb2/Rac2/Spi1",6
"GO:0002283","neutrophil activation involved in immune response","4/123","25/25615",0.16,33.320325203252,11.2305205467427,5.92276158030778e-06,0.000309331873104855,0.000309331873104855,"Itgam/Fcer1g/Itgb2/Spi1",4
"GO:0002523","leukocyte migration involved in inflammatory response","4/123","25/25615",0.16,33.320325203252,11.2305205467427,5.92276158030778e-06,0.000309331873104855,0.000309331873104855,"S100a8/Itgam/Itgb2/Lbp",4
"GO:0045807","positive regulation of endocytosis","8/123","204/25615",0.0392156862745098,8.16674637334609,7.13864103916969,6.63887879355021e-06,0.000343936752981988,0.000343936752981988,"Fcer1g/Stap1/Slc11a1/Fpr2/Cfp/Fcgr2b/Stat3/Lbp",8
"GO:0043300","regulation of leukocyte degranulation","5/123","55/25615",0.0909090909090909,18.9320029563932,9.24738683226791,6.75342617573319e-06,0.00034707207802328,0.00034707207802328,"Itgam/Fcer1g/Itgb2/Rac2/Spi1",5
"GO:0070663","regulation of leukocyte proliferation","9/123","274/25615",0.0328467153284672,6.8403952287698,6.75141723217298,7.30986114822434e-06,0.000372686889017406,0.000372686889017406,"Cd38/Il1b/Tnfsf9/Ebi3/Sdc4/Rac2/Tgfbr2/Cdkn1a/Csf2rb2",9
"GO:0006809","nitric oxide biosynthetic process","6/123","97/25615",0.0618556701030928,12.8815690218758,8.14377280533427,7.5000123032789e-06,0.000379370701072942,0.000379370701072942,"Gimap5/Il1b/Ptgs2/Itgb2/Acp5/Cyp1b1",6
"GO:0097237","cellular response to toxic substance","7/123","148/25615",0.0472972972972973,9.84975829488025,7.50002440078562,7.56712564304746e-06,0.000379775118210444,0.000379775118210444,"Hp/S100a8/Txnrd1/Ptgs2/Slc11a1/Alox5ap/Cyp1b1",7
"GO:0048708","astrocyte differentiation","6/123","99/25615",0.0606060606060606,12.6213353042621,8.04741940298153,8.4384044804837e-06,0.000420219460330444,0.000420219460330444,"S100a8/Mbd1/Il1b/Fpr2/Tnfrsf1a/Stat3",6
"GO:0010575","positive regulation of vascular endothelial growth factor production","4/123","29/25615",0.137931034482759,28.7244182786655,10.3764679026305,1.09563122604393e-05,0.000541410384315861,0.000541410384315861,"Il1b/Ptgs2/Stat3/Cyp1b1",4
"GO:0046209","nitric oxide metabolic process","6/123","104/25615",0.0576923076923077,12.0145403377111,7.81823300433897,1.12060679984464e-05,0.000549291937479735,0.000549291937479735,"Gimap5/Il1b/Ptgs2/Itgb2/Acp5/Cyp1b1",6
"GO:0071622","regulation of granulocyte chemotaxis","5/123","61/25615",0.0819672131147541,17.0698387311742,8.72843323153146,1.12868206331452e-05,0.000549291937479735,0.000549291937479735,"Bst1/Il1b/Tnfaip6/Rac2/Lbp",5
"GO:0030100","regulation of endocytosis","10/123","367/25615",0.0272479564032698,5.67444230300614,6.26525350875949,1.1526611205497e-05,0.000556743987850472,0.000556743987850472,"Sphk1/Fcer1g/Stap1/Slc11a1/Fpr2/Cfp/Fcgr2b/Itgb3/Stat3/Lbp",10
"GO:0006979","response to oxidative stress","11/123","451/25615",0.024390243902439,5.0793178663494,6.07121039741865,1.17292626913445e-05,0.000562304354695499,0.000562304354695499,"Sphk1/Lcn2/Tnfaip3/Mmp3/Cd38/Txnrd1/Ptgs2/Dusp1/Trpm2/Mmp14/Cyp1b1",11
"GO:0006911","phagocytosis, engulfment","5/123","62/25615",0.0806451612903226,16.7945187516391,8.64909362823992,1.222996363099e-05,0.00058196508418874,0.00058196508418874,"Itgam/Fcer1g/Stap1/Itgb2/Lbp",5
"GO:2001057","reactive nitrogen species metabolic process","6/123","106/25615",0.0566037735849057,11.7878508973769,7.73090709851941,1.25003566219709e-05,0.000588885467311367,0.000588885467311367,"Gimap5/Il1b/Ptgs2/Itgb2/Acp5/Cyp1b1",6
"GO:0001794","type IIa hypersensitivity","3/123","10/25615",0.3,62.4756097560976,13.5060937005845,1.26504038743725e-05,0.000588885467311367,0.000588885467311367,"Fcer1g/Fcgr4/Fcgr2b",3
"GO:0002445","type II hypersensitivity","3/123","10/25615",0.3,62.4756097560976,13.5060937005845,1.26504038743725e-05,0.000588885467311367,0.000588885467311367,"Fcer1g/Fcgr4/Fcgr2b",3
"GO:0098754","detoxification","7/123","161/25615",0.0434782608695652,9.05443619653588,7.12130140010316,1.31124893144856e-05,0.000606004542131333,0.000606004542131333,"Mt2/Hp/S100a8/Txnrd1/Ptgs2/Slc11a1/Alox5ap",7
"GO:0046456","icosanoid biosynthetic process","5/123","64/25615",0.078125,16.2696900406504,8.49582505369974,1.4300114504171e-05,0.00065617096839139,0.00065617096839139,"Sphk1/Il1b/Ptgs2/Alox5ap/Camp",5
"GO:0045730","respiratory burst","4/123","31/25615",0.129032258064516,26.8712300026226,10.011588807462,1.44074080086823e-05,0.000656405596083511,0.000656405596083511,"Slc11a1/Ncf4/Rac2/Lbp",4
"GO:0002478","antigen processing and presentation of exogenous peptide antigen","4/123","32/25615",0.125,26.0315040650407,9.84182192892029,1.64046103455162e-05,0.000731827894858307,0.000731827894858307,"Fcer1g/Clec4a3/Clec4a2/Clec4a1",4
"GO:0032928","regulation of superoxide anion generation","4/123","32/25615",0.125,26.0315040650407,9.84182192892029,1.64046103455162e-05,0.000731827894858307,0.000731827894858307,"Itgam/Fpr2/Itgb2/Acp5",4
"GO:0043032","positive regulation of macrophage activation","4/123","32/25615",0.125,26.0315040650407,9.84182192892029,1.64046103455162e-05,0.000731827894858307,0.000731827894858307,"Stap1/Mmp8/Il4ra/Lbp",4
"GO:0043030","regulation of macrophage activation","5/123","66/25615",0.0757575757575758,15.7766691303277,8.34931539876161,1.66337475879837e-05,0.000736932375897983,0.000736932375897983,"Sphk1/Stap1/Mmp8/Il4ra/Lbp",5
"GO:0002675","positive regulation of acute inflammatory response","4/123","33/25615",0.121212121212121,25.2426706085243,9.67964626614464,1.85981687426798e-05,0.000818319424677913,0.000818319424677913,"Fcer1g/Il1b/Ptgs2/Alox5ap",4
"GO:0002275","myeloid cell activation involved in immune response","6/123","115/25615",0.0521739130434783,10.8653234358431,7.36511379963738,1.99065474442103e-05,0.000869929665181001,0.000869929665181001,"Itgam/Fcer1g/Itgb2/Rac2/Spi1/Lbp",6
"GO:0060349","bone morphogenesis","6/123","117/25615",0.0512820512820513,10.6795914112987,7.28930632617291,2.19550988998836e-05,0.000952969968465219,0.000952969968465219,"Alpl/Has2/Pthlh/Acp5/Tgfbr2/Mmp14",6
"GO:0043313","regulation of neutrophil degranulation","3/123","12/25615",0.25,52.0630081300813,12.2896890293014,2.30299475204471e-05,0.000980242988838803,0.000980242988838803,"Itgam/Itgb2/Spi1",3
"GO:0071421","manganese ion transmembrane transport","3/123","12/25615",0.25,52.0630081300813,12.2896890293014,2.30299475204471e-05,0.000980242988838803,0.000980242988838803,"Slc11a1/Trpm2/Slc39a14",3
"GO:0002532","production of molecular mediator involved in inflammatory response","6/123","118/25615",0.0508474576271186,10.5890863993386,7.25208685486167,2.30412035047726e-05,0.000980242988838803,0.000980242988838803,"Fcer1g/Alox5ap/Il4ra/Stat3/Lbp/Camp",6
"GO:0042542","response to hydrogen peroxide","6/123","120/25615",0.05,10.4126016260163,7.17896930626991,2.53432270699597e-05,0.00106858256855168,0.00106858256855168,"Sphk1/Lcn2/Tnfaip3/Dusp1/Trpm2/Cyp1b1",6
"GO:0099024","plasma membrane invagination","5/123","72/25615",0.0694444444444444,14.4619467028004,7.94561406681085,2.54503631675604e-05,0.00106858256855168,0.00106858256855168,"Itgam/Fcer1g/Stap1/Itgb2/Lbp",5
"GO:0010574","regulation of vascular endothelial growth factor production","4/123","36/25615",0.111111111111111,23.1391147244806,9.23334416069984,2.6476033623962e-05,0.00110442883117099,0.00110442883117099,"Il1b/Ptgs2/Stat3/Cyp1b1",4
"GO:0050670","regulation of lymphocyte proliferation","8/123","249/25615",0.0321285140562249,6.69082835406667,6.26813684828692,2.80432540270261e-05,0.00116225718625558,0.00116225718625558,"Cd38/Il1b/Tnfsf9/Ebi3/Sdc4/Rac2/Tgfbr2/Cdkn1a",8
"GO:0032944","regulation of mononuclear cell proliferation","8/123","252/25615",0.0317460317460317,6.61117563556588,6.21789130300833,3.05383140554968e-05,0.00125755211213148,0.00125755211213148,"Cd38/Il1b/Tnfsf9/Ebi3/Sdc4/Rac2/Tgfbr2/Cdkn1a",8
"GO:0002313","mature B cell differentiation involved in immune response","4/123","38/25615",0.105263157894737,21.9212665810869,8.96487571992569,3.29324386083143e-05,0.00133897459253045,0.00133897459253045,"Tnfaip3/Stat3/Nfkbiz/Spi1",4
"GO:0090322","regulation of superoxide metabolic process","4/123","38/25615",0.105263157894737,21.9212665810869,8.96487571992569,3.29324386083143e-05,0.00133897459253045,0.00133897459253045,"Itgam/Fpr2/Itgb2/Acp5",4
"GO:0010573","vascular endothelial growth factor production","4/123","39/25615",0.102564102564103,21.3591828225975,8.83823688729967,3.65603223199819e-05,0.00146789694114727,0.00146789694114727,"Il1b/Ptgs2/Stat3/Cyp1b1",4
"GO:0019884","antigen processing and presentation of exogenous antigen","4/123","39/25615",0.102564102564103,21.3591828225975,8.83823688729967,3.65603223199819e-05,0.00146789694114727,0.00146789694114727,"Fcer1g/Clec4a3/Clec4a2/Clec4a1",4
"GO:0050728","negative regulation of inflammatory response","7/123","189/25615",0.037037037037037,7.71303824149353,6.43428517402201,3.67889932430354e-05,0.00146790368070347,0.00146790368070347,"Siglece/Tnfaip3/Fpr2/Tnfrsf1a/Tnfaip6/Stat3/Acp5",7
"GO:0006828","manganese ion transport","3/123","14/25615",0.214285714285714,44.6254355400697,11.3413468418157,3.7837290861392e-05,0.00149942270723826,0.00149942270723826,"Slc11a1/Trpm2/Slc39a14",3
"GO:0001909","leukocyte mediated cytotoxicity","7/123","190/25615",0.0368421052631579,7.6724433033804,6.41239866912598,3.80457505105598e-05,0.00149942270723826,0.00149942270723826,"Itgam/Stap1/Gimap5/Fcgr4/Fcgr2b/Nfkbiz/Spi1",7
"GO:0051251","positive regulation of lymphocyte activation","9/123","338/25615",0.0266272189349112,5.54517246355895,5.84299152270138,3.83841079700022e-05,0.00150353359511765,0.00150353359511765,"Gimap5/Cd38/Il1b/Tnfsf9/Tgfbr2/Mmp14/Nfkbiz/Cdkn1a/Spi1",9
"GO:0071354","cellular response to interleukin-6","4/123","40/25615",0.1,20.8252032520325,8.71623892456265,4.04722432074773e-05,0.00156622705039057,0.00156622705039057,"Lcn2/Stat3/Spi1/Camp",4
"GO:0150077","regulation of neuroinflammatory response","4/123","40/25615",0.1,20.8252032520325,8.71623892456265,4.04722432074773e-05,0.00156622705039057,0.00156622705039057,"Sphk1/Stap1/Mmp8/Ptgs2",4
"GO:0007249","canonical NF-kappaB signal transduction","9/123","341/25615",0.0263929618768328,5.4963879550819,5.80621720160234,4.11047185196863e-05,0.0015811779147932,0.0015811779147932,"Tnfaip3/Il1b/Tnfrsf1a/Saa3/Stat3/Lrrc25/Spi1/Irak3/Clec4d",9
"GO:0010324","membrane invagination","5/123","80/25615",0.0625,13.0157520325203,7.47682684670707,4.24104545973479e-05,0.0016216950019843,0.0016216950019843,"Itgam/Fcer1g/Stap1/Itgb2/Lbp",5
"GO:0001776","leukocyte homeostasis","6/123","133/25615",0.0451127819548872,9.39482853475151,6.74233299981218,4.52205989161108e-05,0.00170880663198292,0.00170880663198292,"Itgam/Pirb/Fcer1g/Tnfaip3/Gimap5/Sh2b2",6
"GO:1990748","cellular detoxification","6/123","133/25615",0.0451127819548872,9.39482853475151,6.74233299981218,4.52205989161108e-05,0.00170880663198292,0.00170880663198292,"Hp/S100a8/Txnrd1/Ptgs2/Slc11a1/Alox5ap",6
"GO:0070301","cellular response to hydrogen peroxide","5/123","82/25615",0.0609756097560976,12.6982946658735,7.3700063746646,4.77690220222149e-05,0.00179455086240181,0.00179455086240181,"Sphk1/Lcn2/Tnfaip3/Trpm2/Cyp1b1",5
"GO:0014002","astrocyte development","4/123","42/25615",0.0952380952380952,19.8335269066976,8.48505703962089,4.92022842343006e-05,0.00183764810419272,0.00183764810419272,"S100a8/Il1b/Fpr2/Tnfrsf1a",4
"GO:0001667","ameboidal-type cell migration","8/123","270/25615",0.0296296296296296,6.17043059319482,5.93269129131024,4.9741911290367e-05,0.00184706380421571,0.00184706380421571,"Sema3f/Lrg1/Itgb3/Has2/Sdc4/Tgfbr2/Sema3a/Arhgdib",8
"GO:0045428","regulation of nitric oxide biosynthetic process","5/123","83/25615",0.0602409638554217,12.545303163875,7.31798092462853,5.06371770632794e-05,0.00186337842275568,0.00186337842275568,"Gimap5/Il1b/Ptgs2/Itgb2/Acp5",5
"GO:0002705","positive regulation of leukocyte mediated immunity","7/123","199/25615",0.0351758793969849,7.32544838011194,6.22233740090269,5.10267276684797e-05,0.00186337842275568,0.00186337842275568,"Itgam/Fcer1g/Stap1/Gimap5/Il1b/Itgb2/Spi1",7
"GO:0019724","B cell mediated immunity","8/123","271/25615",0.029520295202952,6.14766147661477,5.91761011106706,5.10514636371419e-05,0.00186337842275568,0.00186337842275568,"C7/Pirb/Fcer1g/Gimap5/Fcgr4/Fcgr2b/Nfkbiz/Csf2rb2",8
"GO:0048872","homeostasis of number of cells","10/123","439/25615",0.0227790432801822,4.7437820619664,5.49589918605853,5.28440761557651e-05,0.00191791155494144,0.00191791155494144,"Itgam/Pirb/Fcer1g/Tnfaip3/Gimap5/Stat3/Rac2/Nfkbiz/Spi1/Sh2b2",10
"GO:0045453","bone resorption","5/123","85/25615",0.0588235294117647,12.2501195600191,7.21656448632053,5.67714961163406e-05,0.00204887691601895,0.00204887691601894,"Fcgr4/Cd38/Itgb3/Acp5/Rac2",5
"GO:0002286","T cell activation involved in immune response","6/123","139/25615",0.0431654676258993,8.98929636778382,6.5605404161593,5.78540519395306e-05,0.00206474683144191,0.00206474683144191,"Clec4e/Fcer1g/Slc11a1/Stat3/Nfkbiz/Clec4d",6
"GO:0019882","antigen processing and presentation","6/123","139/25615",0.0431654676258993,8.98929636778382,6.5605404161593,5.78540519395306e-05,0.00206474683144191,0.00206474683144191,"Fcer1g/Fcgr4/Clec4a3/Slc11a1/Clec4a2/Clec4a1",6
"GO:0080164","regulation of nitric oxide metabolic process","5/123","86/25615",0.0581395348837209,12.1076763093212,7.16712275273058,6.00459672286064e-05,0.00213113421810258,0.00213113421810258,"Gimap5/Il1b/Ptgs2/Itgb2/Acp5",5
"GO:0002292","T cell differentiation involved in immune response","5/123","87/25615",0.0574712643678161,11.9685076161106,7.11849321240082,6.34642950926162e-05,0.00221320227861172,0.00221320227861172,"Clec4e/Fcer1g/Stat3/Nfkbiz/Clec4d",5
"GO:0032722","positive regulation of chemokine production","5/123","87/25615",0.0574712643678161,11.9685076161106,7.11849321240082,6.34642950926162e-05,0.00221320227861172,0.00221320227861172,"Egr1/Il1b/Il4ra/Lbp/Camp",5
"GO:0048002","antigen processing and presentation of peptide antigen","5/123","87/25615",0.0574712643678161,11.9685076161106,7.11849321240082,6.34642950926162e-05,0.00221320227861172,0.00221320227861172,"Fcer1g/Clec4a3/Slc11a1/Clec4a2/Clec4a1",5
"GO:0051047","positive regulation of secretion","10/123","449/25615",0.022271714922049,4.63812990022996,5.40236072433057,6.37363669899078e-05,0.00221320227861172,0.00221320227861172,"Sphk1/S100a8/Itgam/Fcer1g/Cd38/Il1b/Itgb2/Trpm2/Sdc4/Camp",10
"GO:0002335","mature B cell differentiation","4/123","45/25615",0.0888888888888889,18.5112917795845,8.16673344347401,6.47712476589537e-05,0.00221324731362297,0.00221324731362297,"Tnfaip3/Stat3/Nfkbiz/Spi1",4
"GO:0070741","response to interleukin-6","4/123","45/25615",0.0888888888888889,18.5112917795845,8.16673344347401,6.47712476589537e-05,0.00221324731362297,0.00221324731362297,"Lcn2/Stat3/Spi1/Camp",4
"GO:1900744","regulation of p38MAPK cascade","4/123","45/25615",0.0888888888888889,18.5112917795845,8.16673344347401,6.47712476589537e-05,0.00221324731362297,0.00221324731362297,"Sphk1/Il1b/Dusp1/Spi1",4
"GO:0045621","positive regulation of lymphocyte differentiation","6/123","142/25615",0.0422535211267606,8.79938165578839,6.47371536441185,6.51502147086538e-05,0.00221441787983276,0.00221441787983276,"Gimap5/Tnfsf9/Tgfbr2/Mmp14/Nfkbiz/Spi1",6
"GO:0040013","negative regulation of locomotion","9/123","364/25615",0.0247252747252747,5.14908871616189,5.53800604337258,6.79209319778559e-05,0.00229644245803024,0.00229644245803024,"Sema3f/Stap1/Dusp1/Tnfaip6/Stat3/Sema3a/Nedd9/Cyp1b1/Arhgdib",9
"GO:0030574","collagen catabolic process","4/123","47/25615",0.0851063829787234,17.7235772357724,7.97111424811681,7.69666271082856e-05,0.00258865765729648,0.00258865765729648,"Mmp8/Mmp3/Mmp19/Mmp14",4
"GO:0043312","neutrophil degranulation","3/123","18/25615",0.166666666666667,34.7086720867209,9.93739759045349,8.3639102370105e-05,0.00278392535557282,0.00278392535557282,"Itgam/Itgb2/Spi1",3
"GO:1903978","regulation of microglial cell activation","3/123","18/25615",0.166666666666667,34.7086720867209,9.93739759045349,8.3639102370105e-05,0.00278392535557282,0.00278392535557282,"Sphk1/Stap1/Mmp8",3
"GO:0071356","cellular response to tumor necrosis factor","7/123","218/25615",0.0321100917431193,6.6869918699187,5.8574548288478,9.04804756874829e-05,0.00299611637018758,0.00299611637018758,"Sphk1/Lcn2/Mmp8/Tnfrsf1a/Birc3/Has2/Camp",7
"GO:0046631","alpha-beta T cell activation","7/123","219/25615",0.0319634703196347,6.65645766046701,5.83946745500173,9.31002528851126e-05,0.00306705653607161,0.00306705653607161,"Gimap5/Clec4a3/Clec4a2/Stat3/Tgfbr2/Nfkbiz/Clec4a1",7
"GO:2000378","negative regulation of reactive oxygen species metabolic process","4/123","50/25615",0.08,16.660162601626,7.69923674694745,9.82792195490793e-05,0.00321114009832315,0.00321114009832315,"Mmp3/Birc3/Stat3/Acp5",4
"GO:0000302","response to reactive oxygen species","7/123","221/25615",0.0316742081447964,6.59621822462569,5.80382787602264,9.8525378599646e-05,0.00321114009832315,0.00321114009832315,"Sphk1/Lcn2/Tnfaip3/Mmp3/Dusp1/Trpm2/Cyp1b1",7
"GO:0002689","negative regulation of leukocyte chemotaxis","3/123","19/25615",0.157894736842105,32.8818998716303,9.65660009785866,9.89734961811929e-05,0.00321114009832315,0.00321114009832315,"Stap1/Dusp1/Tnfaip6",3
"GO:0098869","cellular oxidant detoxification","5/123","96/25615",0.0520833333333333,10.8464600271003,6.71387445774051,0.00010143721119346,0.00327453590304918,0.00327453590304918,"Hp/S100a8/Txnrd1/Ptgs2/Alox5ap",5
"GO:0006898","receptor-mediated endocytosis","8/123","300/25615",0.0266666666666667,5.55338753387534,5.51055801666226,0.000103646117330632,0.00332911328865989,0.00332911328865989,"Itgam/Fcer1g/Fcgr4/Fpr2/Fcgr2b/Itgb2/Itgb3/Tgfbr2",8
"GO:0031589","cell-substrate adhesion","9/123","390/25615",0.0230769230769231,4.80581613508443,5.26082460194702,0.000114665355704796,0.0036469905070582,0.0036469905070582,"Itgam/Bst1/Itgb2/Itgb3/Has2/Sdc4/Rac2/Mmp14/Nedd9",9
"GO:0032715","negative regulation of interleukin-6 production","4/123","52/25615",0.0769230769230769,16.0193871169481,7.53073345570278,0.000114678095022689,0.0036469905070582,0.0036469905070582,"Tnfaip3/Prg4/Tnfrsf1a/Irak3",4
"GO:0002524","hypersensitivity","3/123","20/25615",0.15,31.2378048780488,9.3967353283637,0.000116031587330302,0.00367185673403872,0.00367185673403872,"Fcer1g/Fcgr4/Fcgr2b",3
"GO:0002920","regulation of humoral immune response","4/123","53/25615",0.0754716981132075,15.7171345298359,7.44994527815729,0.000123581296976358,0.0038742510608212,0.0038742510608212,"Gimap5/Il1b/Cfp/Camp",4
"GO:0001894","tissue homeostasis","8/123","308/25615",0.025974025974026,5.40914370182663,5.40752558101271,0.000124236568886857,0.0038742510608212,0.0038742510608212,"Alpl/Fcgr4/Cd38/Ptgs2/Itgb3/Acp5/Rac2/Nfkbiz",8
"GO:0060249","anatomical structure homeostasis","8/123","308/25615",0.025974025974026,5.40914370182663,5.40752558101271,0.000124236568886857,0.0038742510608212,0.0038742510608212,"Alpl/Fcgr4/Cd38/Ptgs2/Itgb3/Acp5/Rac2/Nfkbiz",8
"GO:0034614","cellular response to reactive oxygen species","6/123","160/25615",0.0375,7.8094512195122,6.00170793358508,0.000125822769809635,0.00390476074037245,0.00390476074037245,"Sphk1/Lcn2/Tnfaip3/Mmp3/Trpm2/Cyp1b1",6
"GO:0031348","negative regulation of defense response","8/123","310/25615",0.0258064516129032,5.37424600052452,5.38232828129392,0.000129880584519698,0.00401131189881991,0.00401131189881991,"Siglece/Tnfaip3/Fpr2/Tnfrsf1a/Tnfaip6/Stat3/Acp5/Irak3",8
"GO:0017157","regulation of exocytosis","7/123","232/25615",0.0301724137931034,6.28346649845809,5.61540105110676,0.000133163223863152,0.0040735264290328,0.0040735264290328,"Itgam/Fcer1g/Itgb2/Syt12/Sdc4/Rac2/Spi1",7
"GO:0045637","regulation of myeloid cell differentiation","7/123","232/25615",0.0301724137931034,6.28346649845809,5.61540105110676,0.000133163223863152,0.0040735264290328,0.0040735264290328,"Itgam/Lox/Itgb3/Tnfaip6/Stat3/Nedd9/Spi1",7
"GO:1903532","positive regulation of secretion by cell","9/123","399/25615",0.0225563909774436,4.69741426737576,5.17053837881562,0.000136113517449323,0.00414404377295948,0.00414404377295948,"Sphk1/Itgam/Fcer1g/Cd38/Il1b/Itgb2/Trpm2/Sdc4/Camp",9
"GO:0042063","gliogenesis","9/123","402/25615",0.0223880597014925,4.66235893702221,5.14103989463133,0.000143969075967621,0.00436253464158488,0.00436253464158488,"S100a8/Itgam/Mbd1/Stap1/Il1b/Fpr2/Tnfrsf1a/Stat3/Mmp14",9
"GO:0048771","tissue remodeling","7/123","236/25615",0.0296610169491525,6.17696706628083,5.54987822810065,0.000147974421486077,0.00442503476330723,0.00442503476330723,"Fcgr4/Cd38/Itgb3/Lrrc25/Acp5/Rac2/Mmp14",7
"GO:0043525","positive regulation of neuron apoptotic process","5/123","104/25615",0.0480769230769231,10.0121169480926,6.39689247142762,0.000148024362215177,0.00442503476330723,0.00442503476330723,"Egr1/Lcn2/Il1b/Casp4/Tnfrsf1a",5
"GO:0006959","humoral immune response","8/123","316/25615",0.0253164556962025,5.27220335494494,5.30802651884572,0.000148098143541572,0.00442503476330723,0.00442503476330723,"C7/Cfb/Gimap5/Il1b/Cfp/Cxcl14/Wfdc17/Camp",8
"GO:0033559","unsaturated fatty acid metabolic process","6/123","165/25615",0.0363636363636364,7.57280118255728,5.88352872172907,0.000148852630096494,0.00442698748027722,0.00442698748027722,"Sphk1/Il1b/Ptgs2/Cyp2b10/Tnfrsf1a/Cyp1b1",6
"GO:0002673","regulation of acute inflammatory response","4/123","56/25615",0.0714285714285714,14.8751451800232,7.22019494898617,0.000153296569073241,0.00453319281973968,0.00453319281973968,"Fcer1g/Il1b/Ptgs2/Alox5ap",4
"GO:0030183","B cell differentiation","6/123","166/25615",0.036144578313253,7.52718189832501,5.86048693744043,0.000153834999175475,0.00453319281973968,0.00453319281973968,"Cfb/Tnfaip3/Stat3/Mmp14/Nfkbiz/Spi1",6
"GO:1903305","regulation of regulated secretory pathway","6/123","167/25615",0.0359281437125748,7.48210895282606,5.83763634842426,0.000158948482750212,0.00466248882733956,0.00466248882733956,"Itgam/Fcer1g/Itgb2/Syt12/Rac2/Spi1",6
"GO:0002703","regulation of leukocyte mediated immunity","8/123","320/25615",0.025,5.20630081300813,5.25953414213024,0.000161376168030636,0.00471218410649457,0.00471218410649457,"Itgam/Fcer1g/Stap1/Gimap5/Il1b/Itgb2/Rac2/Spi1",8
"GO:0043616","keratinocyte proliferation","4/123","57/25615",0.0701754385964912,14.6141777207246,7.14750905076651,0.000164257328603576,0.00477461121696547,0.00477461121696547,"Lrg1/Has2/Nfkbiz/Cdkn1a",4
"GO:0034612","response to tumor necrosis factor","7/123","241/25615",0.029045643153527,6.04881422258206,5.47006828095648,0.000168338847095086,0.00487121060242717,0.00487121060242717,"Sphk1/Lcn2/Mmp8/Tnfrsf1a/Birc3/Has2/Camp",7
"GO:0042113","B cell activation","8/123","324/25615",0.0246913580246914,5.14202549432902,5.21184600865679,0.00017562038183311,0.00504092283336412,0.00504092283336412,"Cfb/Tnfaip3/Cd38/Stat3/Mmp14/Nfkbiz/Cdkn1a/Spi1",8
"GO:0050853","B cell receptor signaling pathway","4/123","58/25615",0.0689655172413793,14.3622091393328,7.07663227069821,0.000175773149855785,0.00504092283336412,0.00504092283336412,"Stap1/Cd38/Nfkbiz/Sh2b2",4
"GO:0010810","regulation of cell-substrate adhesion","7/123","243/25615",0.0288065843621399,5.99902974338385,5.43877145581986,0.000177094448108524,0.00505624326510738,0.00505624326510738,"Bst1/Itgb3/Has2/Sdc4/Rac2/Mmp14/Nedd9",7
"GO:0070665","positive regulation of leukocyte proliferation","6/123","172/25615",0.0348837209302326,7.26460578559274,5.72615520394215,0.000186570117796078,0.00529115886664298,0.00529115886664298,"Cd38/Il1b/Tnfsf9/Tgfbr2/Cdkn1a/Csf2rb2",6
"GO:0007162","negative regulation of cell adhesion","8/123","327/25615",0.0244648318042813,5.09485094850949,5.17659318804273,0.000186969654845572,0.00529115886664298,0.00529115886664298,"Tnfaip3/Gimap5/Dusp1/Acp5/Sdc4/Mmp14/Cyp1b1/Spi1",8
"GO:0032755","positive regulation of interleukin-6 production","5/123","110/25615",0.0454545454545455,9.4660014781966,6.18089437506245,0.000192545214456723,0.00542504586697364,0.00542504586697364,"Fcer1g/Il1b/Tnfsf9/Stat3/Lbp",5
"GO:0030336","negative regulation of cell migration","8/123","329/25615",0.0243161094224924,5.06387921022067,5.15333026894416,0.000194865887412904,0.00546645616043884,0.00546645616043884,"Stap1/Dusp1/Tnfaip6/Stat3/Sema3a/Nedd9/Cyp1b1/Arhgdib",8
"GO:0048143","astrocyte activation","3/123","24/25615",0.125,26.0315040650407,8.52193547687742,0.000203137479654906,0.00567371812740486,0.00567371812740486,"Il1b/Fpr2/Tnfrsf1a",3
"GO:0001959","regulation of cytokine-mediated signaling pathway","6/123","175/25615",0.0342857142857143,7.14006968641115,5.66139001283142,0.000204878840627114,0.00569758299648737,0.00569758299648737,"Sphk1/Stap1/Mmp8/Casp4/Tnfrsf1a/Irak3",6
"GO:0002221","pattern recognition receptor signaling pathway","8/123","332/25615",0.0240963855421687,5.01812126555,5.11878728388403,0.000207222906481512,0.00571330451174778,0.00571330451174777,"Clec4e/S100a8/Tnfaip3/Pik3ap1/Casp4/Nfkbiz/Irak3/Lbp",8
"GO:0043523","regulation of neuron apoptotic process","8/123","332/25615",0.0240963855421687,5.01812126555,5.11878728388403,0.000207222906481512,0.00571330451174778,0.00571330451174777,"Egr1/Lcn2/Il1b/Casp4/Fpr2/Fcgr2b/Tnfrsf1a/Stat3",8
"GO:0032731","positive regulation of interleukin-1 beta production","4/123","61/25615",0.0655737704918033,13.6558709849394,6.87411533661657,0.000213816872456045,0.00586991277204117,0.00586991277204117,"Egr1/Casp4/Stat3/Camp",4
"GO:0007229","integrin-mediated signaling pathway","5/123","113/25615",0.0442477876106195,9.21469170443917,6.07900742091238,0.0002183083187265,0.00596771335957036,0.00596771335957036,"Itgam/Fcer1g/Itgb2/Itgb3/Fyb1",5
"GO:0046849","bone remodeling","5/123","114/25615",0.043859649122807,9.13386107545286,6.04588488599566,0.000227453576153084,0.00619136344579412,0.00619136344579412,"Fcgr4/Cd38/Itgb3/Acp5/Rac2",5
"GO:0002544","chronic inflammatory response","3/123","25/25615",0.12,24.990243902439,8.33602153980191,0.000230030395755988,0.00623508549509057,0.00623508549509057,"Tnfaip3/Nfkbiz/Camp",3
"GO:0032602","chemokine production","5/123","115/25615",0.0434782608695652,9.05443619653588,6.01316718759315,0.000236887532003487,0.00636721968866278,0.00636721968866278,"Egr1/Il1b/Il4ra/Lbp/Camp",5
"GO:0032642","regulation of chemokine production","5/123","115/25615",0.0434782608695652,9.05443619653588,6.01316718759315,0.000236887532003487,0.00636721968866278,0.00636721968866278,"Egr1/Il1b/Il4ra/Lbp/Camp",5
"GO:0048640","negative regulation of developmental growth","5/123","116/25615",0.0431034482758621,8.97638071208298,5.98084570017279,0.000246616221899414,0.0066010942061743,0.0066010942061743,"Sema3f/Plac8/Tgfbr2/Sema3a/Cdkn1a",5
"GO:0002758","innate immune response-activating signaling pathway","8/123","342/25615",0.0233918128654971,4.87139257357486,5.0065801180819,0.00025315326289377,0.00674795253456258,0.00674795253456258,"Clec4e/S100a8/Tnfaip3/Pik3ap1/Casp4/Nfkbiz/Irak3/Lbp",8
"GO:0002474","antigen processing and presentation of peptide antigen via MHC class I","4/123","64/25615",0.0625,13.0157520325203,6.68538306181502,0.000257458217830112,0.00680622054049646,0.00680622054049646,"Fcer1g/Clec4a3/Clec4a2/Clec4a1",4
"GO:0034113","heterotypic cell-cell adhesion","4/123","64/25615",0.0625,13.0157520325203,6.68538306181502,0.000257458217830112,0.00680622054049646,0.00680622054049646,"Tnfaip3/Il1b/Itgb2/Itgb3",4
"GO:2000146","negative regulation of cell motility","8/123","345/25615",0.0231884057971014,4.82903263815247,4.97376541577859,0.000268453182245562,0.00706780017518644,0.00706780017518644,"Stap1/Dusp1/Tnfaip6/Stat3/Sema3a/Nedd9/Cyp1b1/Arhgdib",8
"GO:0060348","bone development","7/123","261/25615",0.0268199233716475,5.58530355418497,5.17195105196097,0.000273716548698793,0.00717695962792264,0.00717695962792264,"Alpl/Lox/Has2/Pthlh/Acp5/Tgfbr2/Mmp14",7
"GO:0060759","regulation of response to cytokine stimulus","6/123","185/25615",0.0324324324324324,6.75411997363217,5.45608214418399,0.000276359059706187,0.00721679105509164,0.00721679105509164,"Sphk1/Stap1/Mmp8/Casp4/Tnfrsf1a/Irak3",6
"GO:0009226","nucleotide-sugar biosynthetic process","3/123","27/25615",0.111111111111111,23.1391147244806,7.99490422071569,0.000290495826367965,0.00755524367849314,0.00755524367849314,"Uap1/Gfpt2/Ugdh",3
"GO:0006693","prostaglandin metabolic process","4/123","67/25615",0.0597014925373134,12.4329571653926,6.50888843150903,0.000307158494966236,0.0079244424564783,0.0079244424564783,"Sphk1/Il1b/Ptgs2/Tnfrsf1a",4
"GO:0006956","complement activation","4/123","67/25615",0.0597014925373134,12.4329571653926,6.50888843150903,0.000307158494966236,0.0079244424564783,0.0079244424564783,"C7/Cfb/Il1b/Cfp",4
"GO:0016064","immunoglobulin mediated immune response","7/123","267/25615",0.0262172284644195,5.45979111476508,5.08847450398908,0.000314008171725085,0.00806875398064777,0.00806875398064777,"C7/Fcer1g/Gimap5/Fcgr4/Fcgr2b/Nfkbiz/Csf2rb2",7
"GO:0097398","cellular response to interleukin-17","3/123","28/25615",0.107142857142857,22.3127177700348,7.83785939709611,0.000324217697834781,0.00828880914876015,0.00828880914876015,"Il1b/Stat3/Nfkbiz",3
"GO:0006692","prostanoid metabolic process","4/123","68/25615",0.0588235294117647,12.2501195600191,6.45254353927241,0.000325152538214128,0.00828880914876015,0.00828880914876015,"Sphk1/Il1b/Ptgs2/Tnfrsf1a",4
"GO:0042129","regulation of T cell proliferation","6/123","191/25615",0.031413612565445,6.54194866555995,5.34006502943428,0.000327830256251504,0.00832403781090774,0.00832403781090774,"Il1b/Tnfsf9/Ebi3/Sdc4/Rac2/Tgfbr2",6
"GO:0048705","skeletal system morphogenesis","7/123","270/25615",0.0259259259259259,5.39912676904547,5.04767651391282,0.000335867809816304,0.00849454649708636,0.00849454649708636,"Alpl/Has2/Pthlh/Acp5/Tgfbr2/Mmp14/Wnt9b",7
"GO:0045055","regulated exocytosis","7/123","271/25615",0.025830258302583,5.37920379203792,5.03421228375507,0.000343419758389237,0.0085958966475303,0.0085958966475303,"Itgam/Fcer1g/Fcgr4/Itgb2/Syt12/Rac2/Spi1",7
"GO:0050873","brown fat cell differentiation","4/123","69/25615",0.0579710144927536,12.0725815953812,6.3973672717272,0.000343889389541607,0.0085958966475303,0.0085958966475303,"Plac8/Lrg1/Ptgs2/Sh2b2",4
"GO:1903053","regulation of extracellular matrix organization","4/123","69/25615",0.0579710144927536,12.0725815953812,6.3973672717272,0.000343889389541607,0.0085958966475303,0.0085958966475303,"Tnfrsf1a/Itgb3/Stat3/Has2",4
"GO:0001704","formation of primary germ layer","5/123","125/25615",0.04,8.33008130081301,5.70647847951559,0.000348460072750828,0.00867638568740821,0.00867638568740821,"Mmp8/Txnrd1/Dusp1/Itgb3/Mmp14",5
"GO:0032930","positive regulation of superoxide anion generation","3/123","29/25615",0.103448275862069,21.5433137089992,7.68878297724774,0.000360363242324129,0.00890374411034693,0.00890374411034693,"Itgam/Fpr2/Itgb2",3
"GO:0034755","iron ion transmembrane transport","3/123","29/25615",0.103448275862069,21.5433137089992,7.68878297724774,0.000360363242324129,0.00890374411034693,0.00890374411034693,"Lcn2/Slc11a1/Slc39a14",3
"GO:0031663","lipopolysaccharide-mediated signaling pathway","4/123","70/25615",0.0571428571428571,11.9001161440186,6.3433181699765,0.000363386667411453,0.0089099082116457,0.0089099082116457,"Tnfaip3/Spi1/Irak3/Lbp",4
"GO:0038066","p38MAPK cascade","4/123","70/25615",0.0571428571428571,11.9001161440186,6.3433181699765,0.000363386667411453,0.0089099082116457,0.0089099082116457,"Sphk1/Il1b/Dusp1/Spi1",4
"GO:0048660","regulation of smooth muscle cell proliferation","6/123","195/25615",0.0307692307692308,6.40775484677924,5.26545409904755,0.000366119901840854,0.0089427918229112,0.0089427918229112,"Egr1/Tnfaip3/Ptgs2/Itgb3/Tgfbr2/Cdkn1a",6
"GO:0038061","non-canonical NF-kappaB signal transduction","5/123","128/25615",0.0390625,8.1348450203252,5.62107620122018,0.000388619993095244,0.00945641983198427,0.00945641983198428,"Sphk1/Il1b/Tnfrsf1a/Birc3/Spi1",5
"GO:0090023","positive regulation of neutrophil chemotaxis","3/123","30/25615",0.1,20.8252032520325,7.5470090122446,0.000399004152201066,0.00963610027721673,0.00963610027721673,"Il1b/Rac2/Lbp",3
"GO:1900745","positive regulation of p38MAPK cascade","3/123","30/25615",0.1,20.8252032520325,7.5470090122446,0.000399004152201066,0.00963610027721673,0.00963610027721673,"Sphk1/Il1b/Spi1",3
"GO:0032732","positive regulation of interleukin-1 production","4/123","73/25615",0.0547945205479452,11.4110702750863,6.18754914233225,0.000426618324082824,0.0102280191950381,0.0102280191950381,"Egr1/Casp4/Stat3/Camp",4
"GO:1903039","positive regulation of leukocyte cell-cell adhesion","7/123","281/25615",0.0249110320284698,5.18777305210774,4.90313350039227,0.000426698185596234,0.0102280191950381,0.0102280191950381,"Gimap5/Il1b/Tnfsf9/Itgb2/Has2/Tgfbr2/Nfkbiz",7
"GO:0033002","muscle cell proliferation","7/123","282/25615",0.024822695035461,5.16937669376694,4.89036957012275,0.000435842508786553,0.0103882945423586,0.0103882945423586,"Egr1/Tnfaip3/Ptgs2/Itgb3/Stat3/Tgfbr2/Cdkn1a",7
"GO:0033631","cell-cell adhesion mediated by integrin","3/123","31/25615",0.0967741935483871,20.153422501967,7.41194718325508,0.000440210946221679,0.0103882945423586,0.0103882945423586,"Itgam/Itgb2/Itgb3",3
"GO:0090025","regulation of monocyte chemotaxis","3/123","31/25615",0.0967741935483871,20.153422501967,7.41194718325508,0.000440210946221679,0.0103882945423586,0.0103882945423586,"Fpr2/Pla2g7/Dusp1",3
"GO:0097396","response to interleukin-17","3/123","31/25615",0.0967741935483871,20.153422501967,7.41194718325508,0.000440210946221679,0.0103882945423586,0.0103882945423586,"Il1b/Stat3/Nfkbiz",3
"GO:0062207","regulation of pattern recognition receptor signaling pathway","6/123","202/25615",0.0297029702970297,6.18570393624728,5.13978246229839,0.000441470175912809,0.0103882945423586,0.0103882945423586,"S100a8/Tnfaip3/Pik3ap1/Casp4/Irak3/Lbp",6
"GO:0014911","positive regulation of smooth muscle cell migration","4/123","74/25615",0.0540540540540541,11.2568666227203,6.13763309376464,0.00044933490391654,0.0105347716159119,0.0105347716159119,"Egr1/Itgb3/Has2/Cyp1b1",4
"GO:0048659","smooth muscle cell proliferation","6/123","203/25615",0.0295566502463054,6.15523248828547,5.12231349666005,0.000453153778772642,0.0105856722721289,0.0105856722721289,"Egr1/Tnfaip3/Ptgs2/Itgb3/Tgfbr2/Cdkn1a",6
"GO:0002218","activation of innate immune response","8/123","377/25615",0.0212201591511936,4.41914127364085,4.64568282700859,0.000484100680073337,0.011267618727504,0.011267618727504,"Clec4e/S100a8/Tnfaip3/Pik3ap1/Casp4/Nfkbiz/Irak3/Lbp",8
"GO:0060350","endochondral bone morphogenesis","4/123","76/25615",0.0526315789473684,10.9606332905434,6.04061430736452,0.000497334692877,0.0115338558376962,0.0115338558376962,"Alpl/Pthlh/Tgfbr2/Mmp14",4
"GO:0009410","response to xenobiotic stimulus","9/123","479/25615",0.0187891440501044,3.91287743775141,4.47024357761057,0.000520053789742564,0.0120173580766411,0.0120173580766411,"Lcn2/Cd38/Il1b/Lox/Cyp2b10/Itgb3/Tgfbr2/Cyp1b1/Nfkbiz",9
"GO:0002507","tolerance induction","3/123","33/25615",0.0909090909090909,18.9320029563932,7.15991436192319,0.000530598462189969,0.0121301228509194,0.0121301228509194,"Tnfaip3/Tgfbr2/Irak3",3
"GO:0006024","glycosaminoglycan biosynthetic process","3/123","33/25615",0.0909090909090909,18.9320029563932,7.15991436192319,0.000530598462189969,0.0121301228509194,0.0121301228509194,"Il1b/Ugdh/Has2",3
"GO:0071624","positive regulation of granulocyte chemotaxis","3/123","33/25615",0.0909090909090909,18.9320029563932,7.15991436192319,0.000530598462189969,0.0121301228509194,0.0121301228509194,"Il1b/Rac2/Lbp",3
"GO:0002449","lymphocyte mediated immunity","9/123","482/25615",0.0186721991701245,3.88852342880275,4.44699408063316,0.000543824998170943,0.0123884105966317,0.0123884105966317,"C7/Pirb/Fcer1g/Gimap5/Fcgr4/Il1b/Fcgr2b/Nfkbiz/Csf2rb2",9
"GO:0071559","response to transforming growth factor beta","7/123","294/25615",0.0238095238095238,4.95838172667441,4.74176705676311,0.000558305571662873,0.0126733391956265,0.0126733391956265,"Lrg1/Lox/Stat3/Lrrc25/Tgfbr2/Nfkbiz/Spi1",7
"GO:0030316","osteoclast differentiation","5/123","139/25615",0.0359712230215827,7.49108030648652,5.33025597435101,0.000566388792741648,0.012750244565794,0.012750244565794,"Fcer1g/Itgb3/Tnfaip6/Nedd9/Spi1",5
"GO:0050673","epithelial cell proliferation","9/123","485/25615",0.0185567010309278,3.86447070656274,4.42393068480704,0.000568481641441841,0.012750244565794,0.012750244565794,"Tnfaip3/Pgf/Lrg1/Itgb3/Stat3/Has2/Mmp14/Nfkbiz/Cdkn1a",9
"GO:0050851","antigen receptor-mediated signaling pathway","6/123","212/25615",0.0283018867924528,5.89392544868845,4.97017956066384,0.000569516285585635,0.012750244565794,0.012750244565794,"Fcer1g/Stap1/Cd38/Nfkbiz/Fyb1/Sh2b2",6
"GO:0010721","negative regulation of cell development","7/123","295/25615",0.023728813559322,4.94157365302467,4.7297491411188,0.000569632657282515,0.012750244565794,0.012750244565794,"Sema3f/Mbd1/Il1b/Tmem176a/Tnfaip6/Pthlh/Sema3a",7
"GO:0070498","interleukin-1-mediated signaling pathway","3/123","34/25615",0.0882352941176471,18.3751793400287,7.04205315644272,0.000579914456065785,0.0129353141172452,0.0129353141172452,"Egr1/Il1b/Irak3",3
"GO:0051402","neuron apoptotic process","8/123","389/25615",0.0205655526992288,4.28281814951826,4.53196695146345,0.000594490764236415,0.0132145628700856,0.0132145628700856,"Egr1/Lcn2/Il1b/Casp4/Fpr2/Fcgr2b/Tnfrsf1a/Stat3",8
"GO:0010001","glial cell differentiation","7/123","298/25615",0.023489932885906,4.89182626725596,4.69401809670488,0.0006047155219517,0.013395491424199,0.013395491424199,"S100a8/Itgam/Mbd1/Il1b/Fpr2/Tnfrsf1a/Stat3",7
"GO:0001516","prostaglandin biosynthetic process","3/123","35/25615",0.0857142857142857,17.8501742160279,6.92910992232164,0.000632066900363376,0.0138108767616814,0.0138108767616814,"Sphk1/Il1b/Ptgs2",3
"GO:0036037","CD8-positive, alpha-beta T cell activation","3/123","35/25615",0.0857142857142857,17.8501742160279,6.92910992232164,0.000632066900363376,0.0138108767616814,0.0138108767616814,"Clec4a3/Clec4a2/Clec4a1",3
"GO:0043302","positive regulation of leukocyte degranulation","3/123","35/25615",0.0857142857142857,17.8501742160279,6.92910992232164,0.000632066900363376,0.0138108767616814,0.0138108767616814,"Itgam/Fcer1g/Itgb2",3
"GO:0046457","prostanoid biosynthetic process","3/123","35/25615",0.0857142857142857,17.8501742160279,6.92910992232164,0.000632066900363376,0.0138108767616814,0.0138108767616814,"Sphk1/Il1b/Ptgs2",3
"GO:1903037","regulation of leukocyte cell-cell adhesion","8/123","393/25615",0.0203562340966921,4.23922712509568,4.49507785824017,0.000635513157578299,0.0138391068619762,0.0138391068619762,"Gimap5/Il1b/Tnfsf9/Itgb2/Has2/Sdc4/Tgfbr2/Nfkbiz",8
"GO:0050864","regulation of B cell activation","5/123","143/25615",0.034965034965035,7.28153959861277,5.23229113522377,0.000644179477305466,0.013975297935027,0.013975297935027,"Tnfaip3/Cd38/Mmp14/Cdkn1a/Spi1",5
"GO:0050863","regulation of T cell activation","8/123","394/25615",0.0203045685279188,4.22846766538731,4.48593218914288,0.000646118226448166,0.013975297935027,0.013975297935027,"Gimap5/Il1b/Tnfsf9/Ebi3/Sdc4/Rac2/Tgfbr2/Nfkbiz",8
"GO:0050805","negative regulation of synaptic transmission","4/123","82/25615",0.0487804878048781,10.1586357326988,5.77000371944222,0.000663169044404542,0.0142959662458214,0.0142959662458214,"Pirb/Cd38/Il1b/Ptgs2",4
"GO:0090594","inflammatory response to wounding","3/123","36/25615",0.0833333333333333,17.3543360433604,6.82074306436062,0.000687120615521504,0.0147256569328942,0.0147256569328942,"Stat3/Lrrc25/Nfkbiz",3
"GO:0071214","cellular response to abiotic stimulus","8/123","398/25615",0.0201005025125628,4.18597050292111,4.4496502989789,0.000689978632752361,0.0147256569328942,0.0147256569328942,"Egr1/Lcn2/Mmp3/Il1b/Ptgs2/Tnfrsf1a/Itgb3/Cdkn1a",8
"GO:0104004","cellular response to environmental stimulus","8/123","398/25615",0.0201005025125628,4.18597050292111,4.4496502989789,0.000689978632752361,0.0147256569328942,0.0147256569328942,"Egr1/Lcn2/Mmp3/Il1b/Ptgs2/Tnfrsf1a/Itgb3/Cdkn1a",8
"GO:0002224","toll-like receptor signaling pathway","4/123","83/25615",0.0481927710843374,10.0362425311,5.72761490402581,0.000694183316168658,0.0147663365002234,0.0147663365002234,"S100a8/Pik3ap1/Nfkbiz/Irak3",4
"GO:0045860","positive regulation of protein kinase activity","6/123","221/25615",0.0271493212669683,5.65390133539344,4.82655272157871,0.00070788245947258,0.015008042639115,0.015008042639115,"Pik3r5/Il1b/Slc11a1/Sdc4/Nedd9/Cdkn1a",6
"GO:0043122","regulation of canonical NF-kappaB signal transduction","7/123","307/25615",0.0228013029315961,4.74841767961654,4.58962873396935,0.000720381215904018,0.015222792536077,0.015222792536077,"Tnfaip3/Il1b/Tnfrsf1a/Stat3/Spi1/Irak3/Clec4d",7
"GO:0045619","regulation of lymphocyte differentiation","6/123","222/25615",0.027027027027027,5.62843331136014,4.81108239679625,0.000724731057712349,0.0152644993926037,0.0152644993926037,"Gimap5/Tnfsf9/Tgfbr2/Mmp14/Nfkbiz/Spi1",6
"GO:0021782","glial cell development","5/123","148/25615",0.0337837837837838,7.03554163920018,5.11502213480187,0.000752363453966037,0.0157947151250909,0.0157947151250909,"S100a8/Itgam/Il1b/Fpr2/Tnfrsf1a",5
"GO:0033627","cell adhesion mediated by integrin","4/123","85/25615",0.0470588235294118,9.8000956480153,5.64495847274205,0.000759269374235183,0.0158877734856248,0.0158877734856248,"Itgam/Itgb2/Itgb3/Cyp1b1",4
"GO:0050679","positive regulation of epithelial cell proliferation","6/123","226/25615",0.0265486725663717,5.5288150226635,4.75012794657078,0.000795252037910286,0.0165866853621288,0.0165866853621288,"Tnfaip3/Pgf/Lrg1/Itgb3/Stat3/Has2",6
"GO:0034341","response to type II interferon","5/123","150/25615",0.0333333333333333,6.94173441734417,5.06963075243663,0.000799233531393007,0.0166157806008695,0.0166157806008695,"Slc11a1/Gimap6/Ifitm6/Ifitm2/Zfp697",5
"GO:0034121","regulation of toll-like receptor signaling pathway","3/123","38/25615",0.0789473684210526,16.4409499358151,6.61653043976395,0.000806185619385992,0.0167062465126955,0.0167062465126955,"S100a8/Pik3ap1/Irak3",3
"GO:0002440","production of molecular mediator of immune response","6/123","227/25615",0.026431718061674,5.5044590093478,4.7351160396315,0.000813683346445583,0.0168074013426573,0.0168074013426573,"Fcer1g/Tnfaip3/Gimap5/Il1b/Nfkbiz/Irak3",6
"GO:0032757","positive regulation of interleukin-8 production","4/123","87/25615",0.0459770114942529,9.57480609288852,5.56499581403622,0.000828554389162753,0.0170052185175129,0.0170052185175129,"Il1b/Stat3/Lbp/Camp",4
"GO:0042698","ovulation cycle","4/123","87/25615",0.0459770114942529,9.57480609288852,5.56499581403622,0.000828554389162753,0.0170052185175129,0.0170052185175129,"Egr1/Tnfaip6/Has2/Mmp19",4
"GO:0033674","positive regulation of kinase activity","6/123","228/25615",0.0263157894736842,5.48031664527172,4.72019286567827,0.000832442921222519,0.0170306156876862,0.0170306156876862,"Pik3r5/Il1b/Slc11a1/Sdc4/Nedd9/Cdkn1a",6
"GO:0006887","exocytosis","8/123","411/25615",0.0194647201946472,4.0535675429747,4.3349391900754,0.000849402048802589,0.0173224087666915,0.0173224087666915,"Itgam/Fcer1g/Fcgr4/Itgb2/Syt12/Sdc4/Rac2/Spi1",8
"GO:0007492","endoderm development","4/123","89/25615",0.0449438202247191,9.35964191102585,5.48757664294121,0.000902185302024416,0.0183406277854584,0.0183406277854584,"Mmp8/Dusp1/Pthlh/Mmp14",4
"GO:0050671","positive regulation of lymphocyte proliferation","5/123","155/25615",0.032258064516129,6.71780750065565,4.95970085634259,0.000925931335083866,0.0187638055665715,0.0187638055665715,"Cd38/Il1b/Tnfsf9/Tgfbr2/Cdkn1a",5
"GO:0001958","endochondral ossification","3/123","40/25615",0.075,15.6189024390244,6.42726557975362,0.000937606100073077,0.0187638055665715,0.0187638055665715,"Alpl/Pthlh/Mmp14",3
"GO:0002438","acute inflammatory response to antigenic stimulus","3/123","40/25615",0.075,15.6189024390244,6.42726557975362,0.000937606100073077,0.0187638055665715,0.0187638055665715,"Fcer1g/Fcgr4/Fcgr2b",3
"GO:0006023","aminoglycan biosynthetic process","3/123","40/25615",0.075,15.6189024390244,6.42726557975362,0.000937606100073077,0.0187638055665715,0.0187638055665715,"Il1b/Ugdh/Has2",3
"GO:0036075","replacement ossification","3/123","40/25615",0.075,15.6189024390244,6.42726557975362,0.000937606100073077,0.0187638055665715,0.0187638055665715,"Alpl/Pthlh/Mmp14",3
"GO:0032946","positive regulation of mononuclear cell proliferation","5/123","157/25615",0.0318471337579618,6.6322303350422,4.91708137735754,0.000980581367296122,0.0195629028059326,0.0195629028059326,"Cd38/Il1b/Tnfsf9/Tgfbr2/Cdkn1a",5
"GO:0042060","wound healing","8/123","421/25615",0.0190023752969121,3.95728327829597,4.24986090790881,0.000991163375440066,0.01971279728739,0.01971279728739,"Fcer1g/Lrg1/Slc11a1/Itgb3/Anxa8/Lrrc25/Sdc4/Cdkn1a",8
"GO:0006048","UDP-N-acetylglucosamine biosynthetic process","2/123","10/25615",0.2,41.650406504065,8.93082966381307,0.0010035989822859,0.0197764412951062,0.0197764412951062,"Uap1/Gfpt2",2
"GO:0021612","facial nerve structural organization","2/123","10/25615",0.2,41.650406504065,8.93082966381307,0.0010035989822859,0.0197764412951062,0.0197764412951062,"Sema3f/Sema3a",2
"GO:1901724","positive regulation of cell proliferation involved in kidney development","2/123","10/25615",0.2,41.650406504065,8.93082966381307,0.0010035989822859,0.0197764412951062,0.0197764412951062,"Egr1/Itgb3",2
"GO:0009225","nucleotide-sugar metabolic process","3/123","41/25615",0.0731707317073171,15.2379535990482,6.33766785050633,0.00100810013411078,0.0198043891789836,0.0198043891789836,"Uap1/Gfpt2/Ugdh",3
"GO:0002260","lymphocyte homeostasis","4/123","93/25615",0.043010752688172,8.95707666754087,5.33982430888373,0.00106307327375895,0.0207573942572265,0.0207573942572265,"Pirb/Tnfaip3/Gimap5/Sh2b2",4
"GO:0019369","arachidonate metabolic process","4/123","93/25615",0.043010752688172,8.95707666754087,5.33982430888373,0.00106307327375895,0.0207573942572265,0.0207573942572265,"Sphk1/Ptgs2/Cyp2b10/Cyp1b1",4
"GO:1902624","positive regulation of neutrophil migration","3/123","42/25615",0.0714285714285714,14.8751451800232,6.25116043685104,0.0010818615071782,0.0210602373397357,0.0210602373397357,"Il1b/Rac2/Lbp",3
"GO:0050871","positive regulation of B cell activation","4/123","94/25615",0.0425531914893617,8.86178861788618,5.30427154508466,0.0011062413429203,0.0214697715616918,0.0214697715616918,"Cd38/Mmp14/Cdkn1a/Spi1",4
"GO:0001666","response to hypoxia","7/123","332/25615",0.0210843373493976,4.39085610735625,4.31969818149324,0.00113556805485988,0.0219725577843972,0.0219725577843972,"Egr1/Lcn2/Pgf/Cd38/Ptgs2/Stat3/Mmp14",7
"GO:0043542","endothelial cell migration","6/123","243/25615",0.0246913580246914,5.14202549432902,4.50638047466104,0.00115596753796803,0.0222241160509792,0.0222241160509792,"S100a8/Lcn2/Ptgs2/Itgb2/Itgb3/Cyp1b1",6
"GO:0001782","B cell homeostasis","3/123","43/25615",0.0697674418604651,14.5292115711855,6.16756409786139,0.00115894752133842,0.0222241160509792,0.0222241160509792,"Pirb/Tnfaip3/Sh2b2",3
"GO:1904646","cellular response to amyloid-beta","3/123","43/25615",0.0697674418604651,14.5292115711855,6.16756409786139,0.00115894752133842,0.0222241160509792,0.0222241160509792,"Lcn2/Fpr2/Fcgr2b",3
"GO:0021559","trigeminal nerve development","2/123","11/25615",0.181818181818182,37.8640059127864,8.49443042997771,0.00122276914065115,0.0231712948659085,0.0231712948659085,"Sema3f/Sema3a",2
"GO:0031620","regulation of fever generation","2/123","11/25615",0.181818181818182,37.8640059127864,8.49443042997771,0.00122276914065115,0.0231712948659085,0.0231712948659085,"Il1b/Ptgs2",2
"GO:0033212","iron import into cell","2/123","11/25615",0.181818181818182,37.8640059127864,8.49443042997771,0.00122276914065115,0.0231712948659085,0.0231712948659085,"Lcn2/Slc39a14",2
"GO:0048843","negative regulation of axon extension involved in axon guidance","2/123","11/25615",0.181818181818182,37.8640059127864,8.49443042997771,0.00122276914065115,0.0231712948659085,0.0231712948659085,"Sema3f/Sema3a",2
"GO:0045926","negative regulation of growth","6/123","246/25615",0.024390243902439,5.0793178663494,4.4657327591489,0.00123085756356747,0.023255967612816,0.023255967612816,"Mt2/Sema3f/Plac8/Tgfbr2/Sema3a/Cdkn1a",6
"GO:0002822","regulation of adaptive immune response based on somatic recombination of immune receptors built from immunoglobulin superfamily domains","6/123","247/25615",0.0242914979757085,5.05875382640466,4.45233031255574,0.00125662882757935,0.0235063216727613,0.0235063216727613,"Fcer1g/Tnfaip3/Gimap5/Il1b/Slc11a1/Nfkbiz",6
"GO:0001935","endothelial cell proliferation","5/123","166/25615",0.0301204819277108,6.27265158193751,4.73409600084057,0.00125665740166264,0.0235063216727613,0.0235063216727613,"Pgf/Lrg1/Itgb3/Stat3/Mmp14",5
"GO:0071897","DNA biosynthetic process","5/123","166/25615",0.0301204819277108,6.27265158193751,4.73409600084057,0.00125665740166264,0.0235063216727613,0.0235063216727613,"Sphk1/Lox/Dusp1/Cyp1b1/Cdkn1a",5
"GO:0022409","positive regulation of cell-cell adhesion","7/123","338/25615",0.0207100591715976,4.31291191610141,4.2588738703393,0.00125874449804326,0.0235063216727613,0.0235063216727613,"Gimap5/Il1b/Tnfsf9/Itgb2/Has2/Tgfbr2/Nfkbiz",7
"GO:1901222","regulation of non-canonical NF-kappaB signal transduction","4/123","98/25615",0.0408163265306122,8.50008296001328,5.16718013232284,0.00129124927285411,0.0240434357356951,0.0240434357356951,"Sphk1/Il1b/Birc3/Spi1",4
"GO:1900026","positive regulation of substrate adhesion-dependent cell spreading","3/123","45/25615",0.0666666666666667,13.8834688346883,6.00845769258841,0.00132331753251365,0.0244432666620214,0.0244432666620214,"Itgb3/Has2/Nedd9",3
"GO:2000516","positive regulation of CD4-positive, alpha-beta T cell activation","3/123","45/25615",0.0666666666666667,13.8834688346883,6.00845769258841,0.00132331753251365,0.0244432666620214,0.0244432666620214,"Gimap5/Tgfbr2/Nfkbiz",3
"GO:0097193","intrinsic apoptotic signaling pathway","7/123","341/25615",0.0205278592375367,4.27496840950814,4.22898960319897,0.00132413711058273,0.0244432666620214,0.0244432666620214,"S100a8/Ptgs2/Fcgr2b/Tnfrsf1a/Stat3/Cyp1b1/Cdkn1a",7
"GO:0002824","positive regulation of adaptive immune response based on somatic recombination of immune receptors built from immunoglobulin superfamily domains","5/123","169/25615",0.029585798816568,6.16130273728773,4.67608317769806,0.00136031659854623,0.0250391800259627,0.0250391800259627,"Fcer1g/Gimap5/Il1b/Slc11a1/Nfkbiz",5
"GO:0001912","positive regulation of leukocyte mediated cytotoxicity","4/123","100/25615",0.04,8.33008130081301,5.10152839975745,0.00139141143307213,0.0254716066257925,0.0254716066257925,"Itgam/Stap1/Gimap5/Spi1",4
"GO:0007160","cell-matrix adhesion","6/123","252/25615",0.0238095238095238,4.95838172667441,4.38638690193018,0.0013917394031216,0.0254716066257925,0.0254716066257925,"Itgam/Bst1/Itgb2/Itgb3/Sdc4/Mmp14",6
"GO:0002548","monocyte chemotaxis","3/123","46/25615",0.0652173913043478,13.5816542948038,5.93265502644948,0.00141071101583682,0.0257454760390219,0.0257454760390219,"Fpr2/Pla2g7/Dusp1",3
"GO:0001934","positive regulation of protein phosphorylation","8/123","446/25615",0.0179372197309417,3.73546246673229,4.04813057583521,0.00142964360095442,0.0259571654002135,0.0259571654002135,"Sphk1/Pik3r5/Il1b/Slc11a1/Sdc4/Nedd9/Cdkn1a/Camp",8
"GO:0001938","positive regulation of endothelial cell proliferation","4/123","101/25615",0.0396039603960396,8.24760524832971,5.06938465066953,0.00144347112821861,0.0259571654002135,0.0259571654002135,"Pgf/Lrg1/Itgb3/Stat3",4
"GO:0001763","morphogenesis of a branching structure","6/123","254/25615",0.0236220472440945,4.91933935087382,4.36049549983569,0.00144878398644244,0.0259571654002135,0.0259571654002135,"Pgf/Il1b/Tgfbr2/Mmp14/Wnt9b/Sema3a",6
"GO:0097191","extrinsic apoptotic signaling pathway","6/123","254/25615",0.0236220472440945,4.91933935087382,4.36049549983569,0.00144878398644244,0.0259571654002135,0.0259571654002135,"Lcn2/Tnfaip3/Il1b/Tnfrsf1a/Nfkbiz/Spi1",6
"GO:0006047","UDP-N-acetylglucosamine metabolic process","2/123","12/25615",0.166666666666667,34.7086720867209,8.11290036969923,0.00146271697927729,0.0259571654002135,0.0259571654002135,"Uap1/Gfpt2",2
"GO:0021561","facial nerve development","2/123","12/25615",0.166666666666667,34.7086720867209,8.11290036969923,0.00146271697927729,0.0259571654002135,0.0259571654002135,"Sema3f/Sema3a",2
"GO:0021610","facial nerve morphogenesis","2/123","12/25615",0.166666666666667,34.7086720867209,8.11290036969923,0.00146271697927729,0.0259571654002135,0.0259571654002135,"Sema3f/Sema3a",2
"GO:0031394","positive regulation of prostaglandin biosynthetic process","2/123","12/25615",0.166666666666667,34.7086720867209,8.11290036969923,0.00146271697927729,0.0259571654002135,0.0259571654002135,"Il1b/Ptgs2",2
"GO:0032725","positive regulation of granulocyte macrophage colony-stimulating factor production","2/123","12/25615",0.166666666666667,34.7086720867209,8.11290036969923,0.00146271697927729,0.0259571654002135,0.0259571654002135,"Il1b/Camp",2
"GO:0072124","regulation of glomerular mesangial cell proliferation","2/123","12/25615",0.166666666666667,34.7086720867209,8.11290036969923,0.00146271697927729,0.0259571654002135,0.0259571654002135,"Egr1/Itgb3",2
"GO:0010631","epithelial cell migration","4/123","102/25615",0.0392156862745098,8.16674637334609,5.03768096292594,0.00149687424254829,0.0263567967431662,0.0263567967431662,"Lrg1/Has2/Tgfbr2/Sema3a",4
"GO:0120162","positive regulation of cold-induced thermogenesis","4/123","102/25615",0.0392156862745098,8.16674637334609,5.03768096292594,0.00149687424254829,0.0263567967431662,0.0263567967431662,"Alpl/Lcn2/Plac8/Il4ra",4
"GO:0002446","neutrophil mediated immunity","3/123","47/25615",0.0638297872340425,13.2926829268293,5.85917585957832,0.00150164813325013,0.0263567967431662,0.0263567967431662,"Itgam/Itgb2/Spi1",3
"GO:2000403","positive regulation of lymphocyte migration","3/123","47/25615",0.0638297872340425,13.2926829268293,5.85917585957832,0.00150164813325013,0.0263567967431662,0.0263567967431662,"Itgb3/Cxcl14/Nedd9",3
"GO:0050919","negative chemotaxis","3/123","48/25615",0.0625,13.0157520325203,5.78789966188642,0.00159618113014285,0.0279396936785767,0.0279396936785767,"Sema3f/Itgb3/Sema3a",3
"GO:0031343","positive regulation of cell killing","4/123","104/25615",0.0384615384615385,8.00969355847405,4.97555193851628,0.00160778358282251,0.0280663090653582,0.0280663090653582,"Itgam/Stap1/Gimap5/Spi1",4
"GO:0061448","connective tissue development","7/123","354/25615",0.019774011299435,4.11797804418722,4.10335146919099,0.00163885394537089,0.0285311592007116,0.0285311592007116,"Egr1/Lox/Itgb3/Pthlh/Tgfbr2/Slc39a14/Spi1",7
"GO:0090132","epithelium migration","4/123","105/25615",0.0380952380952381,7.93341076267906,4.94510655387759,0.00166532615503021,0.0288458483719692,0.0288458483719692,"Lrg1/Has2/Tgfbr2/Sema3a",4
"GO:0050798","activated T cell proliferation","3/123","49/25615",0.0612244897959184,12.7501244400199,5.71871452261969,0.00169436127085804,0.0288458483719692,0.0288458483719692,"Itgam/Tnfsf9/Itgb2",3
"GO:1904645","response to amyloid-beta","3/123","49/25615",0.0612244897959184,12.7501244400199,5.71871452261969,0.00169436127085804,0.0288458483719692,0.0288458483719692,"Lcn2/Fpr2/Fcgr2b",3
"GO:0002819","regulation of adaptive immune response","6/123","262/25615",0.0229007633587786,4.76913051573264,4.25957674267218,0.0016949956599846,0.0288458483719692,0.0288458483719692,"Fcer1g/Tnfaip3/Gimap5/Il1b/Slc11a1/Nfkbiz",6
"GO:0048762","mesenchymal cell differentiation","6/123","262/25615",0.0229007633587786,4.76913051573264,4.25957674267218,0.0016949956599846,0.0288458483719692,0.0288458483719692,"Sema3f/Il1b/Lrg1/Has2/Tgfbr2/Sema3a",6
"GO:0002821","positive regulation of adaptive immune response","5/123","178/25615",0.0280898876404494,5.84977619439116,4.51011958200657,0.00170926199218232,0.0288458483719692,0.0288458483719692,"Fcer1g/Gimap5/Il1b/Slc11a1/Nfkbiz",5
"GO:0050830","defense response to Gram-positive bacterium","5/123","178/25615",0.0280898876404494,5.84977619439116,4.51011958200657,0.00170926199218232,0.0288458483719692,0.0288458483719692,"Il1b/Casp4/Acp5/Lbp/Camp",5
"GO:0019371","cyclooxygenase pathway","2/123","13/25615",0.153846153846154,32.0387742338962,7.77550482045007,0.00172324117170664,0.0288458483719692,0.0288458483719692,"Sphk1/Ptgs2",2
"GO:0021604","cranial nerve structural organization","2/123","13/25615",0.153846153846154,32.0387742338962,7.77550482045007,0.00172324117170664,0.0288458483719692,0.0288458483719692,"Sema3f/Sema3a",2
"GO:0046349","amino sugar biosynthetic process","2/123","13/25615",0.153846153846154,32.0387742338962,7.77550482045007,0.00172324117170664,0.0288458483719692,0.0288458483719692,"Uap1/Gfpt2",2
"GO:0072110","glomerular mesangial cell proliferation","2/123","13/25615",0.153846153846154,32.0387742338962,7.77550482045007,0.00172324117170664,0.0288458483719692,0.0288458483719692,"Egr1/Itgb3",2
"GO:0097501","stress response to metal ion","2/123","13/25615",0.153846153846154,32.0387742338962,7.77550482045007,0.00172324117170664,0.0288458483719692,0.0288458483719692,"Mt2/Slc11a1",2
"GO:0032637","interleukin-8 production","4/123","106/25615",0.0377358490566038,7.85856726491793,4.91506110516596,0.00172428483418994,0.0288458483719692,0.0288458483719692,"Il1b/Stat3/Lbp/Camp",4
"GO:0032677","regulation of interleukin-8 production","4/123","106/25615",0.0377358490566038,7.85856726491793,4.91506110516596,0.00172428483418994,0.0288458483719692,0.0288458483719692,"Il1b/Stat3/Lbp/Camp",4
"GO:0043124","negative regulation of canonical NF-kappaB signal transduction","4/123","106/25615",0.0377358490566038,7.85856726491793,4.91506110516596,0.00172428483418994,0.0288458483719692,0.0288458483719692,"Tnfaip3/Stat3/Spi1/Irak3",4
"GO:0002367","cytokine production involved in immune response","4/123","107/25615",0.0373831775700935,7.7851227110402,4.88540637191418,0.00178467770202974,0.0297014755384431,0.0297014755384431,"Fcer1g/Gimap5/Il1b/Irak3",4
"GO:0002718","regulation of cytokine production involved in immune response","4/123","107/25615",0.0373831775700935,7.7851227110402,4.88540637191418,0.00178467770202974,0.0297014755384431,0.0297014755384431,"Fcer1g/Gimap5/Il1b/Irak3",4
"GO:0002686","negative regulation of leukocyte migration","3/123","50/25615",0.06,12.4951219512195,5.65151637239591,0.00179623884860116,0.029765747483456,0.029765747483456,"Stap1/Dusp1/Tnfaip6",3
"GO:0045859","regulation of protein kinase activity","7/123","360/25615",0.0194444444444444,4.0493450767841,4.04737496577201,0.00180244018852185,0.029765747483456,0.029765747483456,"Pik3r5/Il1b/Slc11a1/Itgb3/Sdc4/Nedd9/Cdkn1a",7
"GO:0062197","cellular response to chemical stress","7/123","360/25615",0.0194444444444444,4.0493450767841,4.04737496577201,0.00180244018852185,0.029765747483456,0.029765747483456,"Sphk1/Lcn2/Tnfaip3/Mmp3/Ptgs2/Trpm2/Cyp1b1",7
"GO:0007259","cell surface receptor signaling pathway via JAK-STAT","5/123","181/25615",0.0276243093922652,5.75281857790954,4.45730645480914,0.00183897411240282,0.0302912043540403,0.0302912043540403,"Tnfrsf1a/Il4ra/Stat3/Cyp1b1/Csf2rb2",5
"GO:0008037","cell recognition","5/123","182/25615",0.0274725274725275,5.72120968462432,4.43996443242756,0.00188377199277795,0.0309497475232878,0.0309497475232878,"Fetub/Cfp/Sema3a/Nedd9/Lbp",5
"GO:0014910","regulation of smooth muscle cell migration","4/123","109/25615",0.036697247706422,7.64227642276423,4.82723364496848,0.00190983812490547,0.0312979594754917,0.0312979594754917,"Egr1/Itgb3/Has2/Cyp1b1",4
"GO:0045921","positive regulation of exocytosis","4/123","110/25615",0.0363636363636364,7.57280118255728,4.79869864921475,0.00197464163096014,0.0318678392132056,0.0318678392132056,"Itgam/Fcer1g/Itgb2/Sdc4",4
"GO:0090130","tissue migration","4/123","110/25615",0.0363636363636364,7.57280118255728,4.79869864921475,0.00197464163096014,0.0318678392132056,0.0318678392132056,"Lrg1/Has2/Tgfbr2/Sema3a",4
"GO:0032956","regulation of actin cytoskeleton organization","7/123","366/25615",0.0191256830601093,3.98296237060731,3.99259749371124,0.00197845271745583,0.0318678392132056,0.0318678392132056,"Bst1/Cotl1/Trpm2/Itgb3/Sdc4/Rac2/Nedd9",7
"GO:0001660","fever generation","2/123","14/25615",0.142857142857143,29.7502903600465,7.47424090417867,0.00200414181851418,0.0318678392132056,0.0318678392132056,"Il1b/Ptgs2",2
"GO:0002317","plasma cell differentiation","2/123","14/25615",0.142857142857143,29.7502903600465,7.47424090417867,0.00200414181851418,0.0318678392132056,0.0318678392132056,"Stat3/Nfkbiz",2
"GO:0002551","mast cell chemotaxis","2/123","14/25615",0.142857142857143,29.7502903600465,7.47424090417867,0.00200414181851418,0.0318678392132056,0.0318678392132056,"Pgf/Rac2",2
"GO:0019370","leukotriene biosynthetic process","2/123","14/25615",0.142857142857143,29.7502903600465,7.47424090417867,0.00200414181851418,0.0318678392132056,0.0318678392132056,"Alox5ap/Camp",2
"GO:0030213","hyaluronan biosynthetic process","2/123","14/25615",0.142857142857143,29.7502903600465,7.47424090417867,0.00200414181851418,0.0318678392132056,0.0318678392132056,"Il1b/Has2",2
"GO:0031652","positive regulation of heat generation","2/123","14/25615",0.142857142857143,29.7502903600465,7.47424090417867,0.00200414181851418,0.0318678392132056,0.0318678392132056,"Il1b/Ptgs2",2
"GO:0032490","detection of molecule of bacterial origin","2/123","14/25615",0.142857142857143,29.7502903600465,7.47424090417867,0.00200414181851418,0.0318678392132056,0.0318678392132056,"Casp4/Lbp",2
"GO:0036005","response to macrophage colony-stimulating factor","2/123","14/25615",0.142857142857143,29.7502903600465,7.47424090417867,0.00200414181851418,0.0318678392132056,0.0318678392132056,"Alpl/Stap1",2
"GO:2001280","positive regulation of unsaturated fatty acid biosynthetic process","2/123","14/25615",0.142857142857143,29.7502903600465,7.47424090417867,0.00200414181851418,0.0318678392132056,0.0318678392132056,"Il1b/Ptgs2",2
"GO:0045429","positive regulation of nitric oxide biosynthetic process","3/123","52/25615",0.0576923076923077,12.0145403377111,5.52269987946374,0.00201128269120301,0.031902419773551,0.031902419773551,"Il1b/Ptgs2/Itgb2",3
"GO:0002700","regulation of production of molecular mediator of immune response","5/123","185/25615",0.027027027027027,5.62843331136014,4.38870104575139,0.00202296420290245,0.0320086749740033,0.0320086749740033,"Fcer1g/Tnfaip3/Gimap5/Il1b/Irak3",5
"GO:0034599","cellular response to oxidative stress","6/123","272/25615",0.0220588235294118,4.59379483500717,4.13902475450098,0.00204605822360956,0.032294540610486,0.032294540610486,"Sphk1/Lcn2/Tnfaip3/Mmp3/Trpm2/Cyp1b1",6
"GO:0036293","response to decreased oxygen levels","7/123","369/25615",0.018970189701897,3.9505805627162,3.96564354455536,0.00207131439114704,0.0326130481586486,0.0326130481586486,"Egr1/Lcn2/Pgf/Cd38/Ptgs2/Stat3/Mmp14",7
"GO:0001706","endoderm formation","3/123","53/25615",0.0566037735849057,11.7878508973769,5.46090672008515,0.00212454477485661,0.0332879893504363,0.0332879893504363,"Mmp8/Dusp1/Mmp14",3
"GO:0048701","embryonic cranial skeleton morphogenesis","3/123","53/25615",0.0566037735849057,11.7878508973769,5.46090672008515,0.00212454477485661,0.0332879893504363,0.0332879893504363,"Tgfbr2/Mmp14/Wnt9b",3
"GO:0042327","positive regulation of phosphorylation","8/123","476/25615",0.0168067226890756,3.50003416000547,3.82441245256814,0.00214595348963768,0.0335416185338989,0.0335416185338989,"Sphk1/Pik3r5/Il1b/Slc11a1/Sdc4/Nedd9/Cdkn1a/Camp",8
"GO:0043491","phosphatidylinositol 3-kinase/protein kinase B signal transduction","7/123","374/25615",0.018716577540107,3.89776531455154,3.92134484300444,0.00223355190144895,0.03482606168667,0.0348260616866701,"Pik3ap1/Pik3r5/Mmp3/Il1b/Lox/Fpr2/Stat3",7
"GO:0010838","positive regulation of keratinocyte proliferation","2/123","15/25615",0.133333333333333,27.7669376693767,7.20300370046857,0.00230522043842742,0.0354275983168846,0.0354275983168846,"Lrg1/Has2",2
"GO:0031392","regulation of prostaglandin biosynthetic process","2/123","15/25615",0.133333333333333,27.7669376693767,7.20300370046857,0.00230522043842742,0.0354275983168846,0.0354275983168846,"Il1b/Ptgs2",2
"GO:0032494","response to peptidoglycan","2/123","15/25615",0.133333333333333,27.7669376693767,7.20300370046857,0.00230522043842742,0.0354275983168846,0.0354275983168846,"Irak3/Camp",2
"GO:0032604","granulocyte macrophage colony-stimulating factor production","2/123","15/25615",0.133333333333333,27.7669376693767,7.20300370046857,0.00230522043842742,0.0354275983168846,0.0354275983168846,"Il1b/Camp",2
"GO:0032645","regulation of granulocyte macrophage colony-stimulating factor production","2/123","15/25615",0.133333333333333,27.7669376693767,7.20300370046857,0.00230522043842742,0.0354275983168846,0.0354275983168846,"Il1b/Camp",2
"GO:0097531","mast cell migration","2/123","15/25615",0.133333333333333,27.7669376693767,7.20300370046857,0.00230522043842742,0.0354275983168846,0.0354275983168846,"Pgf/Rac2",2
"GO:0042088","T-helper 1 type immune response","3/123","55/25615",0.0545454545454545,11.3592017738359,5.34215538047428,0.00236278180721292,0.0361393103084185,0.0361393103084185,"Il1b/Slc11a1/Nfkbiz",3
"GO:0046638","positive regulation of alpha-beta T cell differentiation","3/123","55/25615",0.0545454545454545,11.3592017738359,5.34215538047428,0.00236278180721292,0.0361393103084185,0.0361393103084185,"Gimap5/Tgfbr2/Nfkbiz",3
"GO:0141091","transforming growth factor beta receptor superfamily signaling pathway","7/123","379/25615",0.0184696569920844,3.84634360855482,3.8778050837191,0.00240544822181149,0.036704511584126,0.036704511584126,"Egr1/Lrg1/Lox/Tnfaip6/Stat3/Tgfbr2/Spi1",7
"GO:0045124","regulation of bone resorption","3/123","56/25615",0.0535714285714286,11.1563588850174,5.28505397026561,0.00248784700937177,0.0378718701142281,0.0378718701142281,"Fcgr4/Cd38/Itgb3",3
"GO:0010038","response to metal ion","7/123","382/25615",0.0183246073298429,3.81613672157664,3.85203546293758,0.00251337946872902,0.0381700938702488,0.0381700938702488,"Mt2/Lcn2/Slc11a1/Dusp1/Alox5ap/Trpm2/Cpne8",7
"GO:0071248","cellular response to metal ion","5/123","195/25615",0.0256410256410256,5.33979570564936,4.22559744936478,0.00254147324611502,0.0385057172949125,0.0385057172949125,"Mt2/Slc11a1/Alox5ap/Trpm2/Cpne8",5
"GO:0000041","transition metal ion transport","4/123","118/25615",0.0338983050847458,7.05939093289238,4.58262940835822,0.00254878196187366,0.0385255889954739,0.0385255889954739,"Lcn2/Slc11a1/Trpm2/Slc39a14",4
"GO:0071560","cellular response to transforming growth factor beta stimulus","6/123","285/25615",0.0210526315789474,4.38425331621737,3.99077278292434,0.00258154900534533,0.0389258568469562,0.0389258568469562,"Lrg1/Lox/Stat3/Tgfbr2/Nfkbiz/Spi1",6
"GO:0001822","kidney development","7/123","384/25615",0.0182291666666667,3.79626100948509,3.83500019896391,0.00258738182964669,0.0389258568469562,0.0389258568469562,"Egr1/Pgf/Itgb3/Gimap6/Has2/Sdc4/Wnt9b",7
"GO:0061756","leukocyte adhesion to vascular endothelial cell","3/123","57/25615",0.0526315789473684,10.9606332905434,5.22938058074185,0.00261693532497,0.0392577883694471,0.0392577883694471,"Itgam/Lrg1/Itgb2",3
"GO:0061548","ganglion development","2/123","16/25615",0.125,26.0315040650407,6.95704384433151,0.00262627995949758,0.0392577883694471,0.0392577883694471,"Sema3f/Sema3a",2
"GO:0048661","positive regulation of smooth muscle cell proliferation","4/123","119/25615",0.0336134453781513,7.00006832001093,4.55704119327551,0.00262777848674693,0.0392577883694471,0.0392577883694471,"Egr1/Ptgs2/Itgb3/Tgfbr2",4
"GO:0014909","smooth muscle cell migration","4/123","120/25615",0.0333333333333333,6.94173441734417,4.5317469816445,0.00270843978134939,0.0403689493164465,0.0403689493164465,"Egr1/Itgb3/Has2/Cyp1b1",4
"GO:1902895","positive regulation of miRNA transcription","3/123","58/25615",0.0517241379310345,10.7716568544996,5.17507408495733,0.00275008962543078,0.0408948512818688,0.0408948512818688,"Egr1/Stat3/Spi1",3
"GO:0097696","cell surface receptor signaling pathway via STAT","5/123","199/25615",0.0251256281407035,5.23246312865139,4.16346985079389,0.00277370908165984,0.0411508248050411,0.0411508248050411,"Tnfrsf1a/Il4ra/Stat3/Cyp1b1/Csf2rb2",5
"GO:0043954","cellular component maintenance","4/123","121/25615",0.0330578512396694,6.88436471141571,4.50674079313651,0.00279078316740626,0.041308735178382,0.041308735178382,"Fcgr2b/Itgb3/Sema3a/Nedd9",4
"GO:0043549","regulation of kinase activity","7/123","390/25615",0.0179487179487179,3.73785699395455,3.7845720652738,0.00281949199050876,0.0416377391885708,0.0416377391885708,"Pik3r5/Il1b/Slc11a1/Itgb3/Sdc4/Nedd9/Cdkn1a",7
"GO:0045639","positive regulation of myeloid cell differentiation","4/123","122/25615",0.0327868852459016,6.82793549246968,4.48201681801579,0.00287482589795381,0.0423575265331543,0.0423575265331543,"Itgam/Itgb3/Stat3/Nedd9",4
"GO:0006957","complement activation, alternative pathway","2/123","17/25615",0.117647058823529,24.5002391200383,6.73260333792122,0.00296712471032171,0.0428332789642846,0.0428332789642846,"Cfb/Cfp",2
"GO:0031650","regulation of heat generation","2/123","17/25615",0.117647058823529,24.5002391200383,6.73260333792122,0.00296712471032171,0.0428332789642846,0.0428332789642846,"Il1b/Ptgs2",2
"GO:0045342","MHC class II biosynthetic process","2/123","17/25615",0.117647058823529,24.5002391200383,6.73260333792122,0.00296712471032171,0.0428332789642846,0.0428332789642846,"Slc11a1/Spi1",2
"GO:0048841","regulation of axon extension involved in axon guidance","2/123","17/25615",0.117647058823529,24.5002391200383,6.73260333792122,0.00296712471032171,0.0428332789642846,0.0428332789642846,"Sema3f/Sema3a",2
"GO:0060100","positive regulation of phagocytosis, engulfment","2/123","17/25615",0.117647058823529,24.5002391200383,6.73260333792122,0.00296712471032171,0.0428332789642846,0.0428332789642846,"Stap1/Lbp",2
"GO:0150078","positive regulation of neuroinflammatory response","2/123","17/25615",0.117647058823529,24.5002391200383,6.73260333792122,0.00296712471032171,0.0428332789642846,0.0428332789642846,"Stap1/Mmp8",2
"GO:1902950","regulation of dendritic spine maintenance","2/123","17/25615",0.117647058823529,24.5002391200383,6.73260333792122,0.00296712471032171,0.0428332789642846,0.0428332789642846,"Fcgr2b/Nedd9",2
"GO:1905155","positive regulation of membrane invagination","2/123","17/25615",0.117647058823529,24.5002391200383,6.73260333792122,0.00296712471032171,0.0428332789642846,0.0428332789642846,"Stap1/Lbp",2
"GO:2001279","regulation of unsaturated fatty acid biosynthetic process","2/123","17/25615",0.117647058823529,24.5002391200383,6.73260333792122,0.00296712471032171,0.0428332789642846,0.0428332789642846,"Il1b/Ptgs2",2
"GO:0006636","unsaturated fatty acid biosynthetic process","3/123","60/25615",0.05,10.4126016260163,5.07033511453634,0.00302876324847542,0.0434303015808172,0.0434303015808172,"Sphk1/Il1b/Ptgs2",3
"GO:0010718","positive regulation of epithelial to mesenchymal transition","3/123","60/25615",0.05,10.4126016260163,5.07033511453634,0.00302876324847542,0.0434303015808172,0.0434303015808172,"Il1b/Lrg1/Tgfbr2",3
"GO:0010803","regulation of tumor necrosis factor-mediated signaling pathway","3/123","60/25615",0.05,10.4126016260163,5.07033511453634,0.00302876324847542,0.0434303015808172,0.0434303015808172,"Sphk1/Mmp8/Tnfrsf1a",3
"GO:0032609","type II interferon production","4/123","124/25615",0.032258064516129,6.71780750065565,4.43339308487248,0.00304807805084541,0.0435130075525132,0.0435130075525132,"Gimap5/Il1b/Tnfsf9/Slc11a1",4
"GO:0032649","regulation of type II interferon production","4/123","124/25615",0.032258064516129,6.71780750065565,4.43339308487248,0.00304807805084541,0.0435130075525132,0.0435130075525132,"Gimap5/Il1b/Tnfsf9/Slc11a1",4
"GO:0072001","renal system development","7/123","396/25615",0.0176767676767677,3.68122279707646,3.73513126403983,0.00306728105734318,0.0436900521338639,0.0436900521338639,"Egr1/Pgf/Itgb3/Gimap6/Has2/Sdc4/Wnt9b",7
"GO:0045582","positive regulation of T cell differentiation","4/123","125/25615",0.032,6.66406504065041,4.40948250566651,0.0031373216203692,0.0445888364806454,0.0445888364806454,"Gimap5/Tnfsf9/Tgfbr2/Nfkbiz",4
"GO:0002312","B cell activation involved in immune response","4/123","126/25615",0.0317460317460317,6.61117563556588,4.38583248635065,0.00322833282543789,0.0457810376834724,0.0457810376834724,"Tnfaip3/Stat3/Nfkbiz/Spi1",4
"GO:0002827","positive regulation of T-helper 1 type immune response","2/123","18/25615",0.111111111111111,23.1391147244806,6.52666425873522,0.00332756041131566,0.0465713465845137,0.0465713465845137,"Il1b/Slc11a1",2
"GO:0010623","programmed cell death involved in cell development","2/123","18/25615",0.111111111111111,23.1391147244806,6.52666425873522,0.00332756041131566,0.0465713465845137,0.0465713465845137,"Il1b/Casp4",2
"GO:0044849","estrous cycle","2/123","18/25615",0.111111111111111,23.1391147244806,6.52666425873522,0.00332756041131566,0.0465713465845137,0.0465713465845137,"Egr1/Has2",2
"GO:0060263","regulation of respiratory burst","2/123","18/25615",0.111111111111111,23.1391147244806,6.52666425873522,0.00332756041131566,0.0465713465845137,0.0465713465845137,"Rac2/Lbp",2
"GO:0061687","detoxification of inorganic compound","2/123","18/25615",0.111111111111111,23.1391147244806,6.52666425873522,0.00332756041131566,0.0465713465845137,0.0465713465845137,"Mt2/Slc11a1",2
"GO:0072109","glomerular mesangium development","2/123","18/25615",0.111111111111111,23.1391147244806,6.52666425873522,0.00332756041131566,0.0465713465845137,0.0465713465845137,"Egr1/Itgb3",2
"GO:1900024","regulation of substrate adhesion-dependent cell spreading","3/123","63/25615",0.0476190476190476,9.91676345334882,4.92214467278785,0.00347828992813497,0.0485750749963892,0.0485750749963892,"Itgb3/Has2/Nedd9",3
"GO:0043123","positive regulation of canonical NF-kappaB signal transduction","5/123","210/25615",0.0238095238095238,4.95838172667441,4.00089380605061,0.00349135472448622,0.0486517630154001,0.0486517630154001,"Il1b/Tnfrsf1a/Stat3/Irak3/Clec4d",5
"GO:0060562","epithelial tube morphogenesis","7/123","406/25615",0.0172413793103448,3.59055228483319,3.65482740814025,0.00351696117333379,0.0489025077434984,0.0489025077434984,"Lcn2/Pgf/Pthlh/Sdc4/Tgfbr2/Mmp14/Wnt9b",7
