herb,herb_zh,herb_code,compound_id,compound_name,target_gene
Ban Xia,半夏,BX,BX1,24-Ethylcholest-4-en-3-one,PGR
Ban Xia,半夏,BX,BX1,24-Ethylcholest-4-en-3-one,NR3C2
Ban Xia,半夏,BX,BX2,Cavidine,PTGS1
Ban Xia,半夏,BX,BX2,Cavidine,DRD1
Ban Xia,半夏,BX,BX2,Cavidine,CHRM3
Ban Xia,半夏,BX,BX2,Cavidine,KCNC2
Ban Xia,半夏,BX,BX2,Cavidine,CHRM1
Ban Xia,半夏,BX,BX2,Cavidine,ADRB1
Ban Xia,半夏,BX,BX2,Cavidine,SCNN1A
Ban Xia,半夏,BX,BX2,Cavidine,F10
Ban Xia,半夏,BX,BX2,Cavidine,CHRM5
Ban Xia,半夏,BX,BX2,Cavidine,PTGS2
Ban Xia,半夏,BX,BX2,Cavidine,HTR2C
Ban Xia,半夏,BX,BX2,Cavidine,F7
Ban Xia,半夏,BX,BX2,Cavidine,ADRA2C
Ban Xia,半夏,BX,BX2,Cavidine,CHRM4
Ban Xia,半夏,BX,BX2,Cavidine,RXRA
Ban Xia,半夏,BX,BX2,Cavidine,OPRD1
Ban Xia,半夏,BX,BX2,Cavidine,HTR2A
Ban Xia,半夏,BX,BX2,Cavidine,ADRA1B
Ban Xia,半夏,BX,BX2,Cavidine,ADRB2
Ban Xia,半夏,BX,BX2,Cavidine,ADRA1D
Ban Xia,半夏,BX,BX2,Cavidine,TOP2A
Ban Xia,半夏,BX,BX2,Cavidine,SLC6A4
Ban Xia,半夏,BX,BX2,Cavidine,OPRM1
Ban Xia,半夏,BX,BX2,Cavidine,HSP90AA2P
Ban Xia,半夏,BX,BX2,Cavidine,PDE10A
Ban Xia,半夏,BX,BX2,Cavidine,CALML5
Ban Xia,半夏,BX,same1,baicalein,APOD
Ban Xia,半夏,BX,same1,baicalein,BAX
Ban Xia,半夏,BX,same1,baicalein,CASP3
Ban Xia,半夏,BX,same1,baicalein,FABP5
Ban Xia,半夏,BX,same1,baicalein,FOSL2
Ban Xia,半夏,BX,same1,baicalein,CCNB1
Ban Xia,半夏,BX,same1,baicalein,HIF1AN
Ban Xia,半夏,BX,same1,baicalein,IGF2
Ban Xia,半夏,BX,same1,baicalein,MMP9
Ban Xia,半夏,BX,same1,baicalein,CYBB
Ban Xia,半夏,BX,same1,baicalein,NFATC2
Ban Xia,半夏,BX,same1,baicalein,FOS
Ban Xia,半夏,BX,same1,baicalein,AKT1
Ban Xia,半夏,BX,same1,baicalein,RELA
Ban Xia,半夏,BX,same1,baicalein,TDRD3
Ban Xia,半夏,BX,same1,baicalein,ALOX12
Ban Xia,半夏,BX,BX3,Baicalin,F10
Ban Xia,半夏,BX,BX3,Baicalin,PTPN22
Ban Xia,半夏,BX,same2,beta-sitosterol,PTGS1
Ban Xia,半夏,BX,same2,beta-sitosterol,DRD1
Ban Xia,半夏,BX,same2,beta-sitosterol,CHRM3
Ban Xia,半夏,BX,same2,beta-sitosterol,KCNC2
Ban Xia,半夏,BX,same2,beta-sitosterol,CHRM1
Ban Xia,半夏,BX,same2,beta-sitosterol,SCNN1A
Ban Xia,半夏,BX,same2,beta-sitosterol,BCL2
Ban Xia,半夏,BX,same2,beta-sitosterol,PTGS2
Ban Xia,半夏,BX,same2,beta-sitosterol,GABRA2
Ban Xia,半夏,BX,same2,beta-sitosterol,CHRM4
Ban Xia,半夏,BX,same2,beta-sitosterol,PDE3A
Ban Xia,半夏,BX,same2,beta-sitosterol,HTR2A
Ban Xia,半夏,BX,same2,beta-sitosterol,GABRA5
Ban Xia,半夏,BX,same2,beta-sitosterol,ADRA1A
Ban Xia,半夏,BX,same2,beta-sitosterol,GABRA3
Ban Xia,半夏,BX,same2,beta-sitosterol,PGR
Ban Xia,半夏,BX,same2,beta-sitosterol,CHRM2
Ban Xia,半夏,BX,same2,beta-sitosterol,ADRA1B
Ban Xia,半夏,BX,same2,beta-sitosterol,ADRB2
Ban Xia,半夏,BX,same2,beta-sitosterol,CHRNA2
Ban Xia,半夏,BX,same2,beta-sitosterol,SLC6A4
Ban Xia,半夏,BX,same2,beta-sitosterol,OPRM1
Ban Xia,半夏,BX,same2,beta-sitosterol,GABRA1
Ban Xia,半夏,BX,same2,beta-sitosterol,PON2
Ban Xia,半夏,BX,same2,beta-sitosterol,JUN
Ban Xia,半夏,BX,same2,beta-sitosterol,HSP90AA2P
Ban Xia,半夏,BX,same2,beta-sitosterol,PIK3CG
Ban Xia,半夏,BX,same2,beta-sitosterol,CHRNA7
Ban Xia,半夏,BX,same2,beta-sitosterol,PRKACA
Ban Xia,半夏,BX,same2,beta-sitosterol,NOS3
Ban Xia,半夏,BX,same2,beta-sitosterol,PNRC2
Ban Xia,半夏,BX,same2,beta-sitosterol,MAP4
Ban Xia,半夏,BX,same2,beta-sitosterol,BAX
Ban Xia,半夏,BX,same2,beta-sitosterol,CASP3
Ban Xia,半夏,BX,same2,beta-sitosterol,CASP8
Ban Xia,半夏,BX,same2,beta-sitosterol,CASP9
Ban Xia,半夏,BX,same2,beta-sitosterol,C3
Ban Xia,半夏,BX,same2,beta-sitosterol,TGFB1
Ban Xia,半夏,BX,same10,Stigmasterol,NCOA7
Ban Xia,半夏,BX,BX4,gondoic acid,PTGS1
Ban Xia,半夏,BX,BX4,gondoic acid,PNRC2
Ban Xia,半夏,BX,BX5,coniferin,CHRM3
Ban Xia,半夏,BX,BX5,coniferin,CHRM1
Ban Xia,半夏,BX,BX5,coniferin,NCOA7
Ban Xia,半夏,BX,BX5,coniferin,AR
Ban Xia,半夏,BX,BX5,coniferin,SCNN1A
Ban Xia,半夏,BX,BX5,coniferin,PPARG
Ban Xia,半夏,BX,BX5,coniferin,PTGS2
Ban Xia,半夏,BX,BX5,coniferin,CA6
Ban Xia,半夏,BX,BX5,coniferin,PDE3A
Ban Xia,半夏,BX,BX5,coniferin,ADRA1B
Ban Xia,半夏,BX,BX5,coniferin,ADRB2
Ban Xia,半夏,BX,BX5,coniferin,ADRA1D
Ban Xia,半夏,BX,BX5,coniferin,TOP2A
Ban Xia,半夏,BX,BX5,coniferin,OPRM1
Ban Xia,半夏,BX,BX5,coniferin,CDK1
Ban Xia,半夏,BX,BX5,coniferin,LACTB
Ban Xia,半夏,BX,BX5,coniferin,CHRNA7
Ban Xia,半夏,BX,BX5,coniferin,IGHG1
Ban Xia,半夏,BX,BX5,coniferin,PIM1
Ban Xia,半夏,BX,BX5,coniferin,CCNA2
Ban Xia,半夏,BX,BX5,coniferin,PNRC2
Ban Xia,半夏,BX,BX6,"10,13-eicosadienoic",PTGS1
Ban Xia,半夏,BX,BX6,"10,13-eicosadienoic",PNRC2
Ban Xia,半夏,BX,BX7,"(3S,6S)-3-(benzyl)-6-(4-hydroxybenzyl)piperazine-2,5-quinone",AR
Ban Xia,半夏,BX,BX7,"(3S,6S)-3-(benzyl)-6-(4-hydroxybenzyl)piperazine-2,5-quinone",PTGS2
Ban Xia,半夏,BX,BX7,"(3S,6S)-3-(benzyl)-6-(4-hydroxybenzyl)piperazine-2,5-quinone",ADRB2
Ban Xia,半夏,BX,BX7,"(3S,6S)-3-(benzyl)-6-(4-hydroxybenzyl)piperazine-2,5-quinone",CALML5
Ban Xia,半夏,BX,BX8,Cycloartenol,NR3C2
Ban Xia,半夏,BX,BX9,"beta-D-Ribofuranoside, xanthine-9",PNP
Ban Xia,半夏,BX,BX9,"beta-D-Ribofuranoside, xanthine-9",PTGS2
Fu Ling,茯苓,FL,FL1,"(2R)-2-[(3S,5R,10S,13R,14R,16R,17R)-3,16-dihydroxy-4,4,10,13,14-pentamethyl-2,3,5,6,12,15,16,17-octahydro-1H-cyclopenta[a]phenanthren-17-yl]-6-methylhept-5-enoic acid",NR3C2
Fu Ling,茯苓,FL,FL1,"(2R)-2-[(3S,5R,10S,13R,14R,16R,17R)-3,16-dihydroxy-4,4,10,13,14-pentamethyl-2,3,5,6,12,15,16,17-octahydro-1H-cyclopenta[a]phenanthren-17-yl]-6-methylhept-5-enoic acid",PNRC2
Fu Ling,茯苓,FL,FL2,trametenolic acid,NR3C2
Fu Ling,茯苓,FL,FL3,Cerevisterol,NR3C2
Fu Ling,茯苓,FL,FL4,"ergosta-7,22E-dien-3beta-ol",PGR
Fu Ling,茯苓,FL,FL5,Ergosterol peroxide,PGR
Fu Ling,茯苓,FL,FL6,hederagenin,PTGS1
Fu Ling,茯苓,FL,FL6,hederagenin,CHRM3
Fu Ling,茯苓,FL,FL6,hederagenin,CHRM1
Fu Ling,茯苓,FL,FL6,hederagenin,SCNN1A
Fu Ling,茯苓,FL,FL6,hederagenin,PTGS2
Fu Ling,茯苓,FL,FL6,hederagenin,GABRA2
Fu Ling,茯苓,FL,FL6,hederagenin,RXRA
Fu Ling,茯苓,FL,FL6,hederagenin,PDE3A
Fu Ling,茯苓,FL,FL6,hederagenin,GABRA5
Fu Ling,茯苓,FL,FL6,hederagenin,SLC6A2
Fu Ling,茯苓,FL,FL6,hederagenin,GABRA3
Fu Ling,茯苓,FL,FL6,hederagenin,PGR
Fu Ling,茯苓,FL,FL6,hederagenin,CHRM2
Fu Ling,茯苓,FL,FL6,hederagenin,ADRA1B
Fu Ling,茯苓,FL,FL6,hederagenin,GABRA1
Fu Ling,茯苓,FL,FL6,hederagenin,NOS3
Fu Ling,茯苓,FL,FL6,hederagenin,LYZ
Fu Ling,茯苓,FL,FL6,hederagenin,IGHG1
Fu Ling,茯苓,FL,FL6,hederagenin,GRIN2A
Fu Ling,茯苓,FL,FL6,hederagenin,PNRC2
Fu Ling,茯苓,FL,FL6,hederagenin,GABRA6
Mu Xiang,木香,MX,MX1,Benzo[a]carbazole,PTGS1
Mu Xiang,木香,MX,MX1,Benzo[a]carbazole,PTGS2
Mu Xiang,木香,MX,MX1,Benzo[a]carbazole,AOC2
Mu Xiang,木香,MX,MX1,Benzo[a]carbazole,PRKACA
Mu Xiang,木香,MX,MX1,Benzo[a]carbazole,PNRC2
Mu Xiang,木香,MX,MX1,Benzo[a]carbazole,PKIA
Mu Xiang,木香,MX,MX2,cynaropicrin,PTGS2
Mu Xiang,木香,MX,MX2,cynaropicrin,PNRC2
Mu Xiang,木香,MX,MX3,Mairin,PGR
Mu Xiang,木香,MX,same9,sitosterol,PGR
Mu Xiang,木香,MX,same9,sitosterol,NR3C2
Mu Xiang,木香,MX,same9,sitosterol,PNRC2
Mu Xiang,木香,MX,same10,Stigmasterol,PTGS1
Mu Xiang,木香,MX,same10,Stigmasterol,CHRM3
Mu Xiang,木香,MX,same10,Stigmasterol,CHRM1
Mu Xiang,木香,MX,same10,Stigmasterol,ADRB1
Mu Xiang,木香,MX,same10,Stigmasterol,SCNN1A
Mu Xiang,木香,MX,same10,Stigmasterol,PTGS2
Mu Xiang,木香,MX,same10,Stigmasterol,ADRA2A
Mu Xiang,木香,MX,same10,Stigmasterol,RXRA
Mu Xiang,木香,MX,same10,Stigmasterol,HTR2A
Mu Xiang,木香,MX,same10,Stigmasterol,SLC6A2
Mu Xiang,木香,MX,same10,Stigmasterol,ADRA1A
Mu Xiang,木香,MX,same10,Stigmasterol,GABRA3
Mu Xiang,木香,MX,same10,Stigmasterol,PGR
Mu Xiang,木香,MX,same10,Stigmasterol,CHRM2
Mu Xiang,木香,MX,same10,Stigmasterol,ADRA1B
Mu Xiang,木香,MX,same10,Stigmasterol,SLC6A3
Mu Xiang,木香,MX,same10,Stigmasterol,NR3C2
Mu Xiang,木香,MX,same10,Stigmasterol,ADRB2
Mu Xiang,木香,MX,same10,Stigmasterol,AKR1B1
Mu Xiang,木香,MX,same10,Stigmasterol,GABRA1
Mu Xiang,木香,MX,same10,Stigmasterol,PLAU
Mu Xiang,木香,MX,same10,Stigmasterol,LTA4H
Mu Xiang,木香,MX,same10,Stigmasterol,AOC2
Mu Xiang,木香,MX,same10,Stigmasterol,CHRNA7
Mu Xiang,木香,MX,same10,Stigmasterol,PRKACA
Mu Xiang,木香,MX,same10,Stigmasterol,IGHG1
Mu Xiang,木香,MX,same10,Stigmasterol,CTRB1
Mu Xiang,木香,MX,same10,Stigmasterol,PNRC2
Mu Xiang,木香,MX,same10,Stigmasterol,NCOA7
Huang Lian,黄连,HL,HL1,berberine,NOS2
Huang Lian,黄连,HL,HL1,berberine,PTGS1
Huang Lian,黄连,HL,HL1,berberine,KCNC2
Huang Lian,黄连,HL,HL1,berberine,NCOA7
Huang Lian,黄连,HL,HL1,berberine,AR
Huang Lian,黄连,HL,HL1,berberine,SCNN1A
Huang Lian,黄连,HL,HL1,berberine,PTGS2
Huang Lian,黄连,HL,HL1,berberine,NOS3
Huang Lian,黄连,HL,HL1,berberine,RXRA
Huang Lian,黄连,HL,HL1,berberine,ADRB2
Huang Lian,黄连,HL,HL1,berberine,PRSS1
Huang Lian,黄连,HL,HL1,berberine,PNRC2
Huang Lian,黄连,HL,HL1,berberine,PDE10A
Huang Lian,黄连,HL,HL1,berberine,CALML5
Huang Lian,黄连,HL,HL2,berberrubine,NOS2
Huang Lian,黄连,HL,HL2,berberrubine,PTGS1
Huang Lian,黄连,HL,HL2,berberrubine,KCNC2
Huang Lian,黄连,HL,HL2,berberrubine,NCOA7
Huang Lian,黄连,HL,HL2,berberrubine,AR
Huang Lian,黄连,HL,HL2,berberrubine,SCNN1A
Huang Lian,黄连,HL,HL2,berberrubine,PTGS2
Huang Lian,黄连,HL,HL2,berberrubine,NOS3
Huang Lian,黄连,HL,HL2,berberrubine,RXRA
Huang Lian,黄连,HL,HL2,berberrubine,PRSS1
Huang Lian,黄连,HL,HL2,berberrubine,PNRC2
Huang Lian,黄连,HL,HL2,berberrubine,CALML5
Huang Lian,黄连,HL,same5,epiberberine,NOS2
Huang Lian,黄连,HL,same5,epiberberine,KCNC2
Huang Lian,黄连,HL,same5,epiberberine,NCOA7
Huang Lian,黄连,HL,same5,epiberberine,AR
Huang Lian,黄连,HL,same5,epiberberine,PTGS2
Huang Lian,黄连,HL,same5,epiberberine,NOS3
Huang Lian,黄连,HL,same5,epiberberine,RXRA
Huang Lian,黄连,HL,same5,epiberberine,PRSS1
Huang Lian,黄连,HL,same5,epiberberine,PNRC2
Huang Lian,黄连,HL,same5,epiberberine,PDE10A
Huang Lian,黄连,HL,HL3,(R)-Canadine,PTGS1
Huang Lian,黄连,HL,HL3,(R)-Canadine,CHRM3
Huang Lian,黄连,HL,HL3,(R)-Canadine,KCNC2
Huang Lian,黄连,HL,HL3,(R)-Canadine,CHRM1
Huang Lian,黄连,HL,HL3,(R)-Canadine,SCNN1A
Huang Lian,黄连,HL,HL3,(R)-Canadine,CHRM5
Huang Lian,黄连,HL,HL3,(R)-Canadine,PTGS2
Huang Lian,黄连,HL,HL3,(R)-Canadine,ADRA2C
Huang Lian,黄连,HL,HL3,(R)-Canadine,CHRM4
Huang Lian,黄连,HL,HL3,(R)-Canadine,OPRD1
Huang Lian,黄连,HL,HL3,(R)-Canadine,HTR2A
Huang Lian,黄连,HL,HL3,(R)-Canadine,HTR2C
Huang Lian,黄连,HL,HL3,(R)-Canadine,ADRA1B
Huang Lian,黄连,HL,HL3,(R)-Canadine,SLC6A3
Huang Lian,黄连,HL,HL3,(R)-Canadine,ADRB2
Huang Lian,黄连,HL,HL3,(R)-Canadine,ADRA1D
Huang Lian,黄连,HL,HL3,(R)-Canadine,SLC6A4
Huang Lian,黄连,HL,HL3,(R)-Canadine,OPRM1
Huang Lian,黄连,HL,HL3,(R)-Canadine,PDE10A
Huang Lian,黄连,HL,HL3,(R)-Canadine,CALML5
Huang Lian,黄连,HL,HL3,(R)-Canadine,DRD5
Huang Lian,黄连,HL,HL3,(R)-Canadine,RXRA
Huang Lian,黄连,HL,HL3,(R)-Canadine,SLC6A2
Huang Lian,黄连,HL,HL3,(R)-Canadine,ADRA1A
Huang Lian,黄连,HL,HL3,(R)-Canadine,CHRM2
Huang Lian,黄连,HL,HL3,(R)-Canadine,KCNU1
Huang Lian,黄连,HL,HL4,Berlambine,NOS2
Huang Lian,黄连,HL,HL4,Berlambine,PTGS1
Huang Lian,黄连,HL,HL4,Berlambine,CHRM3
Huang Lian,黄连,HL,HL4,Berlambine,KCNC2
Huang Lian,黄连,HL,HL4,Berlambine,AR
Huang Lian,黄连,HL,HL4,Berlambine,SCNN1A
Huang Lian,黄连,HL,HL4,Berlambine,PTGS2
Huang Lian,黄连,HL,HL4,Berlambine,NOS3
Huang Lian,黄连,HL,HL4,Berlambine,F7
Huang Lian,黄连,HL,HL4,Berlambine,RXRA
Huang Lian,黄连,HL,HL4,Berlambine,ADRA1B
Huang Lian,黄连,HL,HL4,Berlambine,ADRB2
Huang Lian,黄连,HL,HL4,Berlambine,ADRA1D
Huang Lian,黄连,HL,HL4,Berlambine,PRSS1
Huang Lian,黄连,HL,HL4,Berlambine,PNRC2
Huang Lian,黄连,HL,HL4,Berlambine,KCNU1
Huang Lian,黄连,HL,HL4,Berlambine,CALML5
Huang Lian,黄连,HL,HL5,Corchoroside A_qt,NR3C2
Huang Lian,黄连,HL,HL5,Corchoroside A_qt,PNRC2
Huang Lian,黄连,HL,same7,Magnograndiolide,GRIN2A
Huang Lian,黄连,HL,same7,Magnograndiolide,GABRA6
Huang Lian,黄连,HL,HL6,palmatine,NOS2
Huang Lian,黄连,HL,HL6,palmatine,PTGS1
Huang Lian,黄连,HL,HL6,palmatine,KCNC2
Huang Lian,黄连,HL,HL6,palmatine,NCOA7
Huang Lian,黄连,HL,HL6,palmatine,AR
Huang Lian,黄连,HL,HL6,palmatine,SCNN1A
Huang Lian,黄连,HL,HL6,palmatine,PTGS2
Huang Lian,黄连,HL,HL6,palmatine,NOS3
Huang Lian,黄连,HL,HL6,palmatine,RXRA
Huang Lian,黄连,HL,HL6,palmatine,ADRB2
Huang Lian,黄连,HL,HL6,palmatine,ESR2
Huang Lian,黄连,HL,HL6,palmatine,PRSS1
Huang Lian,黄连,HL,HL6,palmatine,PIM1
Huang Lian,黄连,HL,HL6,palmatine,PNRC2
Huang Lian,黄连,HL,HL6,palmatine,CALML5
Huang Lian,黄连,HL,HL6,palmatine,CDK1
Huang Lian,黄连,HL,HL6,palmatine,F7
Huang Lian,黄连,HL,same8,quercetin,PTGS1
Huang Lian,黄连,HL,same8,quercetin,AR
Huang Lian,黄连,HL,same8,quercetin,PTGS2
Huang Lian,黄连,HL,same8,quercetin,PNRC2
Huang Lian,黄连,HL,same8,quercetin,AKR1B1
Huang Lian,黄连,HL,same8,quercetin,PRSS1
Huang Lian,黄连,HL,same8,quercetin,KCNC2
Huang Lian,黄连,HL,same8,quercetin,SCNN1A
Huang Lian,黄连,HL,same8,quercetin,ADRB2
Huang Lian,黄连,HL,same8,quercetin,MMP3
Huang Lian,黄连,HL,same8,quercetin,F7
Huang Lian,黄连,HL,same8,quercetin,NOS3
Huang Lian,黄连,HL,same8,quercetin,RXRA
Huang Lian,黄连,HL,same8,quercetin,ACHE
Huang Lian,黄连,HL,same8,quercetin,AOC2
Huang Lian,黄连,HL,same8,quercetin,RELA
Huang Lian,黄连,HL,same8,quercetin,EGF
Huang Lian,黄连,HL,same8,quercetin,AKT1
Huang Lian,黄连,HL,same8,quercetin,CCND3
Huang Lian,黄连,HL,same8,quercetin,BCL2
Huang Lian,黄连,HL,same8,quercetin,BAK1
Huang Lian,黄连,HL,same8,quercetin,FOS
Huang Lian,黄连,HL,same8,quercetin,CDKN1C
Huang Lian,黄连,HL,same8,quercetin,EIF2A
Huang Lian,黄连,HL,same8,quercetin,BAX
Huang Lian,黄连,HL,same8,quercetin,CASP9
Huang Lian,黄连,HL,same8,quercetin,PLAU
Huang Lian,黄连,HL,same8,quercetin,MMP2
Huang Lian,黄连,HL,same8,quercetin,MMP9
Huang Lian,黄连,HL,same8,quercetin,MAP3K7
Huang Lian,黄连,HL,same8,quercetin,IL10
Huang Lian,黄连,HL,same8,quercetin,RBL1
Huang Lian,黄连,HL,same8,quercetin,TNF
Huang Lian,黄连,HL,same8,quercetin,JUN
Huang Lian,黄连,HL,same8,quercetin,IL36A
Huang Lian,黄连,HL,same8,quercetin,CDKN2A
Huang Lian,黄连,HL,same8,quercetin,AHSA1
Huang Lian,黄连,HL,same8,quercetin,CASP3
Huang Lian,黄连,HL,same8,quercetin,TP53
Huang Lian,黄连,HL,same8,quercetin,ELK1
Huang Lian,黄连,HL,same8,quercetin,NFKBIE
Huang Lian,黄连,HL,same8,quercetin,ODC1
Huang Lian,黄连,HL,same8,quercetin,XDH
Huang Lian,黄连,HL,same8,quercetin,CASP8
Huang Lian,黄连,HL,same8,quercetin,TOP1
Huang Lian,黄连,HL,same8,quercetin,RAF1
Huang Lian,黄连,HL,same8,quercetin,SOD1
Huang Lian,黄连,HL,same8,quercetin,C3
Huang Lian,黄连,HL,same8,quercetin,MMP1
Huang Lian,黄连,HL,same8,quercetin,HIF1AN
Huang Lian,黄连,HL,same8,quercetin,STAT4
Huang Lian,黄连,HL,same8,quercetin,RUNX1T1
Huang Lian,黄连,HL,same8,quercetin,HERC5
Huang Lian,黄连,HL,same8,quercetin,CDK1
Huang Lian,黄连,HL,same8,quercetin,HSPA5
Huang Lian,黄连,HL,same8,quercetin,ERBB2
Huang Lian,黄连,HL,same8,quercetin,PPARG
Huang Lian,黄连,HL,same8,quercetin,ACACB
Huang Lian,黄连,HL,same8,quercetin,HMOX1
Huang Lian,黄连,HL,same8,quercetin,CYP3A4
Huang Lian,黄连,HL,same8,quercetin,CAV1
Huang Lian,黄连,HL,same8,quercetin,MYC
Huang Lian,黄连,HL,same8,quercetin,F3
Huang Lian,黄连,HL,same8,quercetin,GJA1
Huang Lian,黄连,HL,same8,quercetin,CYP1A1
Huang Lian,黄连,HL,same8,quercetin,ICAM2
Huang Lian,黄连,HL,same8,quercetin,IL1B
Huang Lian,黄连,HL,same8,quercetin,SELE
Huang Lian,黄连,HL,same8,quercetin,VCAM1
Huang Lian,黄连,HL,same8,quercetin,IL36B
Huang Lian,黄连,HL,same8,quercetin,PRKCB
Huang Lian,黄连,HL,same8,quercetin,NAIP
Huang Lian,黄连,HL,same8,quercetin,DUOXA1
Huang Lian,黄连,HL,same8,quercetin,HSPB1
Huang Lian,黄连,HL,same8,quercetin,TGFB1
Huang Lian,黄连,HL,same8,quercetin,MGAM
Huang Lian,黄连,HL,same8,quercetin,IL2
Huang Lian,黄连,HL,same8,quercetin,NR1I2
Huang Lian,黄连,HL,same8,quercetin,CYP1B1
Huang Lian,黄连,HL,same8,quercetin,CCNB1
Huang Lian,黄连,HL,same8,quercetin,PLAT
Huang Lian,黄连,HL,same8,quercetin,THBD
Huang Lian,黄连,HL,same8,quercetin,SERPINE1
Huang Lian,黄连,HL,same8,quercetin,IFNG
Huang Lian,黄连,HL,same8,quercetin,ALOX5
Huang Lian,黄连,HL,same8,quercetin,PTEN
Huang Lian,黄连,HL,same8,quercetin,IL1A
Huang Lian,黄连,HL,same8,quercetin,MPO
Huang Lian,黄连,HL,same8,quercetin,TOP2A
Huang Lian,黄连,HL,same8,quercetin,NCF2
Huang Lian,黄连,HL,same8,quercetin,ABCG4
Huang Lian,黄连,HL,same8,quercetin,HAS2
Huang Lian,黄连,HL,same8,quercetin,NFE2L2
Huang Lian,黄连,HL,same8,quercetin,GAPDH
Huang Lian,黄连,HL,same8,quercetin,PARG
Huang Lian,黄连,HL,same8,quercetin,AHR
Huang Lian,黄连,HL,same8,quercetin,PSMD11
Huang Lian,黄连,HL,same8,quercetin,SLC2A2
Huang Lian,黄连,HL,same8,quercetin,COL3A1
Huang Lian,黄连,HL,same8,quercetin,TOP2B
Huang Lian,黄连,HL,same8,quercetin,CXCL13
Huang Lian,黄连,HL,same8,quercetin,CX3CR1
Huang Lian,黄连,HL,same8,quercetin,DDB1
Huang Lian,黄连,HL,same8,quercetin,CHEK2
Huang Lian,黄连,HL,same8,quercetin,INSR
Huang Lian,黄连,HL,same8,quercetin,CLDN4
Huang Lian,黄连,HL,same8,quercetin,PPARA
Huang Lian,黄连,HL,same8,quercetin,PPARD
Huang Lian,黄连,HL,same8,quercetin,CRP
Huang Lian,黄连,HL,same8,quercetin,NFKB1
Huang Lian,黄连,HL,same8,quercetin,SPP1
Huang Lian,黄连,HL,same8,quercetin,RUNX2
Huang Lian,黄连,HL,same8,quercetin,RASSF1
Huang Lian,黄连,HL,same8,quercetin,E2F1
Huang Lian,黄连,HL,same8,quercetin,E2F2
Huang Lian,黄连,HL,same8,quercetin,ACP3
Huang Lian,黄连,HL,same8,quercetin,CTSD
Huang Lian,黄连,HL,same8,quercetin,IGFBP6
Huang Lian,黄连,HL,same8,quercetin,IGF2
Huang Lian,黄连,HL,same8,quercetin,CD40LG
Huang Lian,黄连,HL,same8,quercetin,IRF3
Huang Lian,黄连,HL,same8,quercetin,ERBB3
Huang Lian,黄连,HL,same8,quercetin,PON2
Huang Lian,黄连,HL,same8,quercetin,DIO1
Huang Lian,黄连,HL,same8,quercetin,PCOLCE
Huang Lian,黄连,HL,same8,quercetin,NPEPPS
Huang Lian,黄连,HL,same8,quercetin,HK2
Huang Lian,黄连,HL,same8,quercetin,NKX3-1
Huang Lian,黄连,HL,same8,quercetin,RASA1
Huang Lian,黄连,HL,same8,quercetin,GSTM2
Huang Lian,黄连,HL,same3,coptisine,NOS2
Huang Lian,黄连,HL,same3,coptisine,PTGS1
Huang Lian,黄连,HL,same3,coptisine,KCNC2
Huang Lian,黄连,HL,same3,coptisine,NCOA7
Huang Lian,黄连,HL,same3,coptisine,AR
Huang Lian,黄连,HL,same3,coptisine,SCNN1A
Huang Lian,黄连,HL,same3,coptisine,PTGS2
Huang Lian,黄连,HL,same3,coptisine,NOS3
Huang Lian,黄连,HL,same3,coptisine,PRSS1
Huang Lian,黄连,HL,HL7,Worenine,NOS2
Huang Lian,黄连,HL,HL7,Worenine,PTGS1
Huang Lian,黄连,HL,HL7,Worenine,NCOA7
Huang Lian,黄连,HL,HL7,Worenine,AR
Huang Lian,黄连,HL,HL7,Worenine,PTGS2
Huang Lian,黄连,HL,HL7,Worenine,CHEK1
Huang Lian,黄连,HL,HL7,Worenine,PIM1
Gan Jiang,干姜,GJ,GJ1,1-Monolinolein,PTGS1
Gan Jiang,干姜,GJ,GJ2,"[(1S)-3-[(E)-but-2-enyl]-2-methyl-4-oxo-1-cyclopent-2-enyl] (1R,3R)-3-[(E)-3-methoxy-2-methyl-3-oxoprop-1-enyl]-2,2-dimethylcyclopropane-1-carboxylate",PTGS2
Gan Jiang,干姜,GJ,GJ2,"[(1S)-3-[(E)-but-2-enyl]-2-methyl-4-oxo-1-cyclopent-2-enyl] (1R,3R)-3-[(E)-3-methoxy-2-methyl-3-oxoprop-1-enyl]-2,2-dimethylcyclopropane-1-carboxylate",CA6
Gan Jiang,干姜,GJ,GJ2,"[(1S)-3-[(E)-but-2-enyl]-2-methyl-4-oxo-1-cyclopent-2-enyl] (1R,3R)-3-[(E)-3-methoxy-2-methyl-3-oxoprop-1-enyl]-2,2-dimethylcyclopropane-1-carboxylate",PNRC2
Gan Jiang,干姜,GJ,GJ3,Sexangularetin,NOS2
Gan Jiang,干姜,GJ,GJ3,Sexangularetin,PTGS1
Gan Jiang,干姜,GJ,GJ3,Sexangularetin,AR
Gan Jiang,干姜,GJ,GJ3,Sexangularetin,PTGS2
Gan Jiang,干姜,GJ,GJ3,Sexangularetin,CTSC
Gan Jiang,干姜,GJ,GJ3,Sexangularetin,HSP90AA2P
Gan Jiang,干姜,GJ,GJ3,Sexangularetin,CDK1
Gan Jiang,干姜,GJ,GJ3,Sexangularetin,PIK3CG
Gan Jiang,干姜,GJ,GJ3,Sexangularetin,PRSS1
Gan Jiang,干姜,GJ,same2,beta-sitosterol,PTGS1
Gan Jiang,干姜,GJ,same2,beta-sitosterol,DRD1
Gan Jiang,干姜,GJ,same2,beta-sitosterol,CHRM3
Gan Jiang,干姜,GJ,same2,beta-sitosterol,KCNC2
Gan Jiang,干姜,GJ,same2,beta-sitosterol,CHRM1
Gan Jiang,干姜,GJ,same2,beta-sitosterol,SCNN1A
Gan Jiang,干姜,GJ,same2,beta-sitosterol,BCL2
Gan Jiang,干姜,GJ,same2,beta-sitosterol,PTGS2
Gan Jiang,干姜,GJ,same2,beta-sitosterol,GABRA2
Gan Jiang,干姜,GJ,same2,beta-sitosterol,CHRM4
Gan Jiang,干姜,GJ,same2,beta-sitosterol,PDE3A
Gan Jiang,干姜,GJ,same2,beta-sitosterol,HTR2A
Gan Jiang,干姜,GJ,same2,beta-sitosterol,GABRA5
Gan Jiang,干姜,GJ,same2,beta-sitosterol,ADRA1A
Gan Jiang,干姜,GJ,same2,beta-sitosterol,GABRA3
Gan Jiang,干姜,GJ,same2,beta-sitosterol,PGR
Gan Jiang,干姜,GJ,same2,beta-sitosterol,CHRM2
Gan Jiang,干姜,GJ,same2,beta-sitosterol,ADRA1B
Gan Jiang,干姜,GJ,same2,beta-sitosterol,ADRB2
Gan Jiang,干姜,GJ,same2,beta-sitosterol,CHRNA2
Gan Jiang,干姜,GJ,same2,beta-sitosterol,SLC6A4
Gan Jiang,干姜,GJ,same2,beta-sitosterol,OPRM1
Gan Jiang,干姜,GJ,same2,beta-sitosterol,GABRA1
Gan Jiang,干姜,GJ,same2,beta-sitosterol,PON2
Gan Jiang,干姜,GJ,same2,beta-sitosterol,JUN
Gan Jiang,干姜,GJ,same2,beta-sitosterol,HSP90AA2P
Gan Jiang,干姜,GJ,same2,beta-sitosterol,PIK3CG
Gan Jiang,干姜,GJ,same2,beta-sitosterol,CHRNA7
Gan Jiang,干姜,GJ,same2,beta-sitosterol,PRKACA
Gan Jiang,干姜,GJ,same2,beta-sitosterol,NOS3
Gan Jiang,干姜,GJ,same2,beta-sitosterol,PNRC2
Gan Jiang,干姜,GJ,same2,beta-sitosterol,MAP4
Gan Jiang,干姜,GJ,same2,beta-sitosterol,BAX
Gan Jiang,干姜,GJ,same2,beta-sitosterol,CASP3
Gan Jiang,干姜,GJ,same2,beta-sitosterol,CASP8
Gan Jiang,干姜,GJ,same2,beta-sitosterol,CASP9
Gan Jiang,干姜,GJ,same2,beta-sitosterol,C3
Gan Jiang,干姜,GJ,same2,beta-sitosterol,TGFB1
Gan Jiang,干姜,GJ,same9,sitosterol,PGR
Gan Jiang,干姜,GJ,same9,sitosterol,NR3C2
Gan Jiang,干姜,GJ,same9,sitosterol,PNRC2
Yin Yang Huo,淫羊藿,YYH,YYH1,24-epicampesterol,PGR
Yin Yang Huo,淫羊藿,YYH,YYH1,24-epicampesterol,PNRC2
Yin Yang Huo,淫羊藿,YYH,YYH2,Linoleyl acetate,PTGS1
Yin Yang Huo,淫羊藿,YYH,YYH2,Linoleyl acetate,PTGS2
Yin Yang Huo,淫羊藿,YYH,YYH2,Linoleyl acetate,PNRC2
Yin Yang Huo,淫羊藿,YYH,YYH2,Linoleyl acetate,RXRA
Yin Yang Huo,淫羊藿,YYH,YYH3,poriferast-5-en-3beta-ol,PGR
Yin Yang Huo,淫羊藿,YYH,YYH3,poriferast-5-en-3beta-ol,PNRC2
Yin Yang Huo,淫羊藿,YYH,YYH4,DFV,PTGS1
Yin Yang Huo,淫羊藿,YYH,YYH4,DFV,NCOA7
Yin Yang Huo,淫羊藿,YYH,YYH4,DFV,PTGS2
Yin Yang Huo,淫羊藿,YYH,YYH4,DFV,RXRA
Yin Yang Huo,淫羊藿,YYH,YYH4,DFV,ADRB2
Yin Yang Huo,淫羊藿,YYH,YYH4,DFV,LACTB
Yin Yang Huo,淫羊藿,YYH,YYH4,DFV,AOC2
Yin Yang Huo,淫羊藿,YYH,YYH4,DFV,SLC6A4
Yin Yang Huo,淫羊藿,YYH,YYH4,DFV,PKIA
Yin Yang Huo,淫羊藿,YYH,YYH5,Chryseriol,NOS2
Yin Yang Huo,淫羊藿,YYH,YYH5,Chryseriol,PTGS1
Yin Yang Huo,淫羊藿,YYH,YYH5,Chryseriol,NCOA7
Yin Yang Huo,淫羊藿,YYH,YYH5,Chryseriol,AR
Yin Yang Huo,淫羊藿,YYH,YYH5,Chryseriol,PTGS2
Yin Yang Huo,淫羊藿,YYH,YYH5,Chryseriol,MAPK14
Yin Yang Huo,淫羊藿,YYH,YYH5,Chryseriol,GSK3B
Yin Yang Huo,淫羊藿,YYH,YYH5,Chryseriol,CDK1
Yin Yang Huo,淫羊藿,YYH,YYH5,Chryseriol,CHEK1
Yin Yang Huo,淫羊藿,YYH,YYH5,Chryseriol,PRSS1
Yin Yang Huo,淫羊藿,YYH,YYH5,Chryseriol,PNRC2
Yin Yang Huo,淫羊藿,YYH,YYH5,Chryseriol,CALML5
Yin Yang Huo,淫羊藿,YYH,YYH6,8-Isopentenyl-kaempferol,NCOA7
Yin Yang Huo,淫羊藿,YYH,YYH6,8-Isopentenyl-kaempferol,AR
Yin Yang Huo,淫羊藿,YYH,YYH6,8-Isopentenyl-kaempferol,PTGS2
Yin Yang Huo,淫羊藿,YYH,YYH6,8-Isopentenyl-kaempferol,GSK3B
Yin Yang Huo,淫羊藿,YYH,YYH6,8-Isopentenyl-kaempferol,CDK1
Yin Yang Huo,淫羊藿,YYH,YYH6,8-Isopentenyl-kaempferol,CHEK1
Yin Yang Huo,淫羊藿,YYH,YYH6,8-Isopentenyl-kaempferol,PRSS1
Yin Yang Huo,淫羊藿,YYH,YYH6,8-Isopentenyl-kaempferol,PIM1
Yin Yang Huo,淫羊藿,YYH,YYH6,8-Isopentenyl-kaempferol,CALML5
Yin Yang Huo,淫羊藿,YYH,YYH6,8-Isopentenyl-kaempferol,PTGS1
Yin Yang Huo,淫羊藿,YYH,YYH6,8-Isopentenyl-kaempferol,SCNN1A
Yin Yang Huo,淫羊藿,YYH,YYH6,8-Isopentenyl-kaempferol,F7
Yin Yang Huo,淫羊藿,YYH,YYH6,8-Isopentenyl-kaempferol,VEGFC
Yin Yang Huo,淫羊藿,YYH,YYH6,8-Isopentenyl-kaempferol,RXRA
Yin Yang Huo,淫羊藿,YYH,YYH6,8-Isopentenyl-kaempferol,MAPK14
Yin Yang Huo,淫羊藿,YYH,YYH6,8-Isopentenyl-kaempferol,CCNA2
Yin Yang Huo,淫羊藿,YYH,YYH6,8-Isopentenyl-kaempferol,KCNU1
Yin Yang Huo,淫羊藿,YYH,YYH6,8-Isopentenyl-kaempferol,PNRC2
Yin Yang Huo,淫羊藿,YYH,YYH6,8-Isopentenyl-kaempferol,PDE3A
Yin Yang Huo,淫羊藿,YYH,YYH6,8-Isopentenyl-kaempferol,KCNC2
Yin Yang Huo,淫羊藿,YYH,YYH6,8-Isopentenyl-kaempferol,PYGM
Yin Yang Huo,淫羊藿,YYH,same9,sitosterol,PGR
Yin Yang Huo,淫羊藿,YYH,same9,sitosterol,PNRC2
Yin Yang Huo,淫羊藿,YYH,same9,sitosterol,NR3C2
Yin Yang Huo,淫羊藿,YYH,same6,kaempferol,NOS2
Yin Yang Huo,淫羊藿,YYH,same6,kaempferol,PTGS1
Yin Yang Huo,淫羊藿,YYH,same6,kaempferol,AR
Yin Yang Huo,淫羊藿,YYH,same6,kaempferol,PTGS2
Yin Yang Huo,淫羊藿,YYH,same6,kaempferol,PNRC2
Yin Yang Huo,淫羊藿,YYH,same6,kaempferol,PRSS1
Yin Yang Huo,淫羊藿,YYH,same6,kaempferol,PGR
Yin Yang Huo,淫羊藿,YYH,same6,kaempferol,CHRM1
Yin Yang Huo,淫羊藿,YYH,same6,kaempferol,NOS3
Yin Yang Huo,淫羊藿,YYH,same6,kaempferol,ACHE
Yin Yang Huo,淫羊藿,YYH,same6,kaempferol,SLC6A2
Yin Yang Huo,淫羊藿,YYH,same6,kaempferol,CHRM2
Yin Yang Huo,淫羊藿,YYH,same6,kaempferol,ADRA1B
Yin Yang Huo,淫羊藿,YYH,same6,kaempferol,F7
Yin Yang Huo,淫羊藿,YYH,same6,kaempferol,CALML5
Yin Yang Huo,淫羊藿,YYH,same6,kaempferol,RELA
Yin Yang Huo,淫羊藿,YYH,same6,kaempferol,IKBKB
Yin Yang Huo,淫羊藿,YYH,same6,kaempferol,AKT1
Yin Yang Huo,淫羊藿,YYH,same6,kaempferol,BCL2
Yin Yang Huo,淫羊藿,YYH,same6,kaempferol,BAX
Yin Yang Huo,淫羊藿,YYH,same6,kaempferol,TNF
Yin Yang Huo,淫羊藿,YYH,same6,kaempferol,JUN
Yin Yang Huo,淫羊藿,YYH,same6,kaempferol,AHSA1
Yin Yang Huo,淫羊藿,YYH,same6,kaempferol,CASP3
Yin Yang Huo,淫羊藿,YYH,same6,kaempferol,MAP3K7
Yin Yang Huo,淫羊藿,YYH,same6,kaempferol,XDH
Yin Yang Huo,淫羊藿,YYH,same6,kaempferol,MMP1
Yin Yang Huo,淫羊藿,YYH,same6,kaempferol,STAT4
Yin Yang Huo,淫羊藿,YYH,same6,kaempferol,CDK1
Yin Yang Huo,淫羊藿,YYH,same6,kaempferol,PPARG
Yin Yang Huo,淫羊藿,YYH,same6,kaempferol,HMOX1
Yin Yang Huo,淫羊藿,YYH,same6,kaempferol,CYP3A4
Yin Yang Huo,淫羊藿,YYH,same6,kaempferol,CYP1A1
Yin Yang Huo,淫羊藿,YYH,same6,kaempferol,ICAM2
Yin Yang Huo,淫羊藿,YYH,same6,kaempferol,SELE
Yin Yang Huo,淫羊藿,YYH,same6,kaempferol,VCAM1
Yin Yang Huo,淫羊藿,YYH,same6,kaempferol,NR1I2
Yin Yang Huo,淫羊藿,YYH,same6,kaempferol,CYP1B1
Yin Yang Huo,淫羊藿,YYH,same6,kaempferol,ALOX5
Yin Yang Huo,淫羊藿,YYH,same6,kaempferol,HAS2
Yin Yang Huo,淫羊藿,YYH,same6,kaempferol,AHR
Yin Yang Huo,淫羊藿,YYH,same6,kaempferol,PSMD11
Yin Yang Huo,淫羊藿,YYH,same6,kaempferol,SLC2A2
Yin Yang Huo,淫羊藿,YYH,same6,kaempferol,INSR
Yin Yang Huo,淫羊藿,YYH,same6,kaempferol,DIO1
Yin Yang Huo,淫羊藿,YYH,same6,kaempferol,PPP3CA
Yin Yang Huo,淫羊藿,YYH,same6,kaempferol,GSTM2
Yin Yang Huo,淫羊藿,YYH,same6,kaempferol,AKR1C3
Yin Yang Huo,淫羊藿,YYH,same6,kaempferol,PI3
Yin Yang Huo,淫羊藿,YYH,YYH7,olivil,PTGS2
Yin Yang Huo,淫羊藿,YYH,YYH7,olivil,PNRC2
Yin Yang Huo,淫羊藿,YYH,YYH7,olivil,CALML5
Yin Yang Huo,淫羊藿,YYH,YYH8,Anhydroicaritin,NOS2
Yin Yang Huo,淫羊藿,YYH,YYH8,Anhydroicaritin,PTGS1
Yin Yang Huo,淫羊藿,YYH,YYH8,Anhydroicaritin,CHRM3
Yin Yang Huo,淫羊藿,YYH,YYH8,Anhydroicaritin,KCNC2
Yin Yang Huo,淫羊藿,YYH,YYH8,Anhydroicaritin,CHRM1
Yin Yang Huo,淫羊藿,YYH,YYH8,Anhydroicaritin,NCOA7
Yin Yang Huo,淫羊藿,YYH,YYH8,Anhydroicaritin,AR
Yin Yang Huo,淫羊藿,YYH,YYH8,Anhydroicaritin,SCNN1A
Yin Yang Huo,淫羊藿,YYH,YYH8,Anhydroicaritin,CHRM5
Yin Yang Huo,淫羊藿,YYH,YYH8,Anhydroicaritin,PTGS2
Yin Yang Huo,淫羊藿,YYH,YYH8,Anhydroicaritin,NOS3
Yin Yang Huo,淫羊藿,YYH,YYH8,Anhydroicaritin,RXRA
Yin Yang Huo,淫羊藿,YYH,YYH8,Anhydroicaritin,ACHE
Yin Yang Huo,淫羊藿,YYH,YYH8,Anhydroicaritin,ADRA1B
Yin Yang Huo,淫羊藿,YYH,YYH8,Anhydroicaritin,ADRB2
Yin Yang Huo,淫羊藿,YYH,YYH8,Anhydroicaritin,ESR2
Yin Yang Huo,淫羊藿,YYH,YYH8,Anhydroicaritin,MAPK14
Yin Yang Huo,淫羊藿,YYH,YYH8,Anhydroicaritin,GSK3B
Yin Yang Huo,淫羊藿,YYH,YYH8,Anhydroicaritin,CDK1
Yin Yang Huo,淫羊藿,YYH,YYH8,Anhydroicaritin,CHEK1
Yin Yang Huo,淫羊藿,YYH,YYH8,Anhydroicaritin,PRSS1
Yin Yang Huo,淫羊藿,YYH,YYH8,Anhydroicaritin,PIM1
Yin Yang Huo,淫羊藿,YYH,YYH8,Anhydroicaritin,PNRC2
Yin Yang Huo,淫羊藿,YYH,YYH8,Anhydroicaritin,CALML5
Yin Yang Huo,淫羊藿,YYH,YYH8,Anhydroicaritin,F7
Yin Yang Huo,淫羊藿,YYH,YYH8,Anhydroicaritin,VEGFC
Yin Yang Huo,淫羊藿,YYH,YYH8,Anhydroicaritin,CCNA2
Yin Yang Huo,淫羊藿,YYH,YYH8,Anhydroicaritin,KCNU1
Yin Yang Huo,淫羊藿,YYH,YYH8,Anhydroicaritin,IGHG1
Yin Yang Huo,淫羊藿,YYH,YYH9,"C-Homoerythrinan, 1,6-didehydro-3,15,16-trimethoxy-, (3.beta.)-",PTGS1
Yin Yang Huo,淫羊藿,YYH,YYH9,"C-Homoerythrinan, 1,6-didehydro-3,15,16-trimethoxy-, (3.beta.)-",CHRM3
Yin Yang Huo,淫羊藿,YYH,YYH9,"C-Homoerythrinan, 1,6-didehydro-3,15,16-trimethoxy-, (3.beta.)-",KCNC2
Yin Yang Huo,淫羊藿,YYH,YYH9,"C-Homoerythrinan, 1,6-didehydro-3,15,16-trimethoxy-, (3.beta.)-",CHRM1
Yin Yang Huo,淫羊藿,YYH,YYH9,"C-Homoerythrinan, 1,6-didehydro-3,15,16-trimethoxy-, (3.beta.)-",AR
Yin Yang Huo,淫羊藿,YYH,YYH9,"C-Homoerythrinan, 1,6-didehydro-3,15,16-trimethoxy-, (3.beta.)-",DRD5
Yin Yang Huo,淫羊藿,YYH,YYH9,"C-Homoerythrinan, 1,6-didehydro-3,15,16-trimethoxy-, (3.beta.)-",ADRB1
Yin Yang Huo,淫羊藿,YYH,YYH9,"C-Homoerythrinan, 1,6-didehydro-3,15,16-trimethoxy-, (3.beta.)-",SCNN1A
Yin Yang Huo,淫羊藿,YYH,YYH9,"C-Homoerythrinan, 1,6-didehydro-3,15,16-trimethoxy-, (3.beta.)-",CHRM5
Yin Yang Huo,淫羊藿,YYH,YYH9,"C-Homoerythrinan, 1,6-didehydro-3,15,16-trimethoxy-, (3.beta.)-",PTGS2
Yin Yang Huo,淫羊藿,YYH,YYH9,"C-Homoerythrinan, 1,6-didehydro-3,15,16-trimethoxy-, (3.beta.)-",ADRA2A
Yin Yang Huo,淫羊藿,YYH,YYH9,"C-Homoerythrinan, 1,6-didehydro-3,15,16-trimethoxy-, (3.beta.)-",HTR1A
Yin Yang Huo,淫羊藿,YYH,YYH9,"C-Homoerythrinan, 1,6-didehydro-3,15,16-trimethoxy-, (3.beta.)-",CHRM4
Yin Yang Huo,淫羊藿,YYH,YYH9,"C-Homoerythrinan, 1,6-didehydro-3,15,16-trimethoxy-, (3.beta.)-",OPRD1
Yin Yang Huo,淫羊藿,YYH,YYH9,"C-Homoerythrinan, 1,6-didehydro-3,15,16-trimethoxy-, (3.beta.)-",PDE3A
Yin Yang Huo,淫羊藿,YYH,YYH9,"C-Homoerythrinan, 1,6-didehydro-3,15,16-trimethoxy-, (3.beta.)-",HRH1
Yin Yang Huo,淫羊藿,YYH,YYH9,"C-Homoerythrinan, 1,6-didehydro-3,15,16-trimethoxy-, (3.beta.)-",HTR2A
Yin Yang Huo,淫羊藿,YYH,YYH9,"C-Homoerythrinan, 1,6-didehydro-3,15,16-trimethoxy-, (3.beta.)-",SLC6A2
Yin Yang Huo,淫羊藿,YYH,YYH9,"C-Homoerythrinan, 1,6-didehydro-3,15,16-trimethoxy-, (3.beta.)-",ADRA1A
Yin Yang Huo,淫羊藿,YYH,YYH9,"C-Homoerythrinan, 1,6-didehydro-3,15,16-trimethoxy-, (3.beta.)-",HTR2C
Yin Yang Huo,淫羊藿,YYH,YYH9,"C-Homoerythrinan, 1,6-didehydro-3,15,16-trimethoxy-, (3.beta.)-",CHRM2
Yin Yang Huo,淫羊藿,YYH,YYH9,"C-Homoerythrinan, 1,6-didehydro-3,15,16-trimethoxy-, (3.beta.)-",ADRA2B
Yin Yang Huo,淫羊藿,YYH,YYH9,"C-Homoerythrinan, 1,6-didehydro-3,15,16-trimethoxy-, (3.beta.)-",ADRA1B
Yin Yang Huo,淫羊藿,YYH,YYH9,"C-Homoerythrinan, 1,6-didehydro-3,15,16-trimethoxy-, (3.beta.)-",SLC6A3
Yin Yang Huo,淫羊藿,YYH,YYH9,"C-Homoerythrinan, 1,6-didehydro-3,15,16-trimethoxy-, (3.beta.)-",ADRB2
Yin Yang Huo,淫羊藿,YYH,YYH9,"C-Homoerythrinan, 1,6-didehydro-3,15,16-trimethoxy-, (3.beta.)-",ADRA1D
Yin Yang Huo,淫羊藿,YYH,YYH9,"C-Homoerythrinan, 1,6-didehydro-3,15,16-trimethoxy-, (3.beta.)-",CHRNA2
Yin Yang Huo,淫羊藿,YYH,YYH9,"C-Homoerythrinan, 1,6-didehydro-3,15,16-trimethoxy-, (3.beta.)-",SLC6A4
Yin Yang Huo,淫羊藿,YYH,YYH9,"C-Homoerythrinan, 1,6-didehydro-3,15,16-trimethoxy-, (3.beta.)-",DRD4
Yin Yang Huo,淫羊藿,YYH,YYH9,"C-Homoerythrinan, 1,6-didehydro-3,15,16-trimethoxy-, (3.beta.)-",OPRM1
Yin Yang Huo,淫羊藿,YYH,YYH9,"C-Homoerythrinan, 1,6-didehydro-3,15,16-trimethoxy-, (3.beta.)-",HTR1B
Yin Yang Huo,淫羊藿,YYH,YYH9,"C-Homoerythrinan, 1,6-didehydro-3,15,16-trimethoxy-, (3.beta.)-",GABRG3
Yin Yang Huo,淫羊藿,YYH,YYH9,"C-Homoerythrinan, 1,6-didehydro-3,15,16-trimethoxy-, (3.beta.)-",GABRE
Yin Yang Huo,淫羊藿,YYH,YYH10,Yinyanghuo A,NCOA7
Yin Yang Huo,淫羊藿,YYH,YYH10,Yinyanghuo A,AR
Yin Yang Huo,淫羊藿,YYH,YYH10,Yinyanghuo A,PTGS2
Yin Yang Huo,淫羊藿,YYH,YYH10,Yinyanghuo A,PRSS1
Yin Yang Huo,淫羊藿,YYH,YYH10,Yinyanghuo A,PIM1
Yin Yang Huo,淫羊藿,YYH,YYH10,Yinyanghuo A,PNRC2
Yin Yang Huo,淫羊藿,YYH,YYH10,Yinyanghuo A,CALML5
Yin Yang Huo,淫羊藿,YYH,YYH11,Yinyanghuo C,NOS2
Yin Yang Huo,淫羊藿,YYH,YYH11,Yinyanghuo C,AR
Yin Yang Huo,淫羊藿,YYH,YYH11,Yinyanghuo C,PTGS2
Yin Yang Huo,淫羊藿,YYH,YYH11,Yinyanghuo C,ACHE
Yin Yang Huo,淫羊藿,YYH,YYH11,Yinyanghuo C,ESR2
Yin Yang Huo,淫羊藿,YYH,YYH11,Yinyanghuo C,CDK1
Yin Yang Huo,淫羊藿,YYH,YYH11,Yinyanghuo C,PRSS1
Yin Yang Huo,淫羊藿,YYH,YYH11,Yinyanghuo C,PNRC2
Yin Yang Huo,淫羊藿,YYH,YYH11,Yinyanghuo C,CALML5
Yin Yang Huo,淫羊藿,YYH,YYH12,Yinyanghuo E,NOS2
Yin Yang Huo,淫羊藿,YYH,YYH12,Yinyanghuo E,AR
Yin Yang Huo,淫羊藿,YYH,YYH12,Yinyanghuo E,PTGS2
Yin Yang Huo,淫羊藿,YYH,YYH12,Yinyanghuo E,ACHE
Yin Yang Huo,淫羊藿,YYH,YYH12,Yinyanghuo E,PRSS1
Yin Yang Huo,淫羊藿,YYH,YYH12,Yinyanghuo E,PNRC2
Yin Yang Huo,淫羊藿,YYH,YYH12,Yinyanghuo E,CALML5
Yin Yang Huo,淫羊藿,YYH,YYH13,"6-hydroxy-11,12-dimethoxy-2,2-dimethyl-1,8-dioxo-2,3,4,8-tetrahydro-1H-isochromeno[3,4-h]isoquinolin-2-ium",PTGS1
Yin Yang Huo,淫羊藿,YYH,YYH13,"6-hydroxy-11,12-dimethoxy-2,2-dimethyl-1,8-dioxo-2,3,4,8-tetrahydro-1H-isochromeno[3,4-h]isoquinolin-2-ium",PTGS2
Yin Yang Huo,淫羊藿,YYH,YYH13,"6-hydroxy-11,12-dimethoxy-2,2-dimethyl-1,8-dioxo-2,3,4,8-tetrahydro-1H-isochromeno[3,4-h]isoquinolin-2-ium",KCNU1
Yin Yang Huo,淫羊藿,YYH,YYH14,8-(3-methylbut-2-enyl)-2-phenyl-chromone,NOS2
Yin Yang Huo,淫羊藿,YYH,YYH14,8-(3-methylbut-2-enyl)-2-phenyl-chromone,PTGS1
Yin Yang Huo,淫羊藿,YYH,YYH14,8-(3-methylbut-2-enyl)-2-phenyl-chromone,CHRM3
Yin Yang Huo,淫羊藿,YYH,YYH14,8-(3-methylbut-2-enyl)-2-phenyl-chromone,CHRM1
Yin Yang Huo,淫羊藿,YYH,YYH14,8-(3-methylbut-2-enyl)-2-phenyl-chromone,NCOA7
Yin Yang Huo,淫羊藿,YYH,YYH14,8-(3-methylbut-2-enyl)-2-phenyl-chromone,AR
Yin Yang Huo,淫羊藿,YYH,YYH14,8-(3-methylbut-2-enyl)-2-phenyl-chromone,ADRB1
Yin Yang Huo,淫羊藿,YYH,YYH14,8-(3-methylbut-2-enyl)-2-phenyl-chromone,SCNN1A
Yin Yang Huo,淫羊藿,YYH,YYH14,8-(3-methylbut-2-enyl)-2-phenyl-chromone,PTGS2
Yin Yang Huo,淫羊藿,YYH,YYH14,8-(3-methylbut-2-enyl)-2-phenyl-chromone,NOS3
Yin Yang Huo,淫羊藿,YYH,YYH14,8-(3-methylbut-2-enyl)-2-phenyl-chromone,RXRA
Yin Yang Huo,淫羊藿,YYH,YYH14,8-(3-methylbut-2-enyl)-2-phenyl-chromone,ACHE
Yin Yang Huo,淫羊藿,YYH,YYH14,8-(3-methylbut-2-enyl)-2-phenyl-chromone,PDE3A
Yin Yang Huo,淫羊藿,YYH,YYH14,8-(3-methylbut-2-enyl)-2-phenyl-chromone,ADRA1B
Yin Yang Huo,淫羊藿,YYH,YYH14,8-(3-methylbut-2-enyl)-2-phenyl-chromone,SLC6A3
Yin Yang Huo,淫羊藿,YYH,YYH14,8-(3-methylbut-2-enyl)-2-phenyl-chromone,ADRB2
Yin Yang Huo,淫羊藿,YYH,YYH14,8-(3-methylbut-2-enyl)-2-phenyl-chromone,ADRA1D
Yin Yang Huo,淫羊藿,YYH,YYH14,8-(3-methylbut-2-enyl)-2-phenyl-chromone,SLC6A4
Yin Yang Huo,淫羊藿,YYH,YYH14,8-(3-methylbut-2-enyl)-2-phenyl-chromone,ESR2
Yin Yang Huo,淫羊藿,YYH,YYH14,8-(3-methylbut-2-enyl)-2-phenyl-chromone,MAPK14
Yin Yang Huo,淫羊藿,YYH,YYH14,8-(3-methylbut-2-enyl)-2-phenyl-chromone,GSK3B
Yin Yang Huo,淫羊藿,YYH,YYH14,8-(3-methylbut-2-enyl)-2-phenyl-chromone,CDK1
Yin Yang Huo,淫羊藿,YYH,YYH14,8-(3-methylbut-2-enyl)-2-phenyl-chromone,CHEK1
Yin Yang Huo,淫羊藿,YYH,YYH14,8-(3-methylbut-2-enyl)-2-phenyl-chromone,PIM1
Yin Yang Huo,淫羊藿,YYH,YYH14,8-(3-methylbut-2-enyl)-2-phenyl-chromone,CCNA2
Yin Yang Huo,淫羊藿,YYH,YYH15,"1,2-bis(4-hydroxy-3-methoxyphenyl)propan-1,3-diol",NCOA7
Yin Yang Huo,淫羊藿,YYH,YYH15,"1,2-bis(4-hydroxy-3-methoxyphenyl)propan-1,3-diol",SCNN1A
Yin Yang Huo,淫羊藿,YYH,YYH15,"1,2-bis(4-hydroxy-3-methoxyphenyl)propan-1,3-diol",PTGS2
Yin Yang Huo,淫羊藿,YYH,YYH15,"1,2-bis(4-hydroxy-3-methoxyphenyl)propan-1,3-diol",ADRA1B
Yin Yang Huo,淫羊藿,YYH,YYH15,"1,2-bis(4-hydroxy-3-methoxyphenyl)propan-1,3-diol",ADRB2
Yin Yang Huo,淫羊藿,YYH,YYH15,"1,2-bis(4-hydroxy-3-methoxyphenyl)propan-1,3-diol",CDK1
Yin Yang Huo,淫羊藿,YYH,YYH15,"1,2-bis(4-hydroxy-3-methoxyphenyl)propan-1,3-diol",PIM1
Yin Yang Huo,淫羊藿,YYH,YYH15,"1,2-bis(4-hydroxy-3-methoxyphenyl)propan-1,3-diol",CCNA2
Yin Yang Huo,淫羊藿,YYH,YYH15,"1,2-bis(4-hydroxy-3-methoxyphenyl)propan-1,3-diol",PNRC2
Yin Yang Huo,淫羊藿,YYH,YYH15,"1,2-bis(4-hydroxy-3-methoxyphenyl)propan-1,3-diol",CALML5
Yin Yang Huo,淫羊藿,YYH,YYH16,Icariside A7,PTGS2
Yin Yang Huo,淫羊藿,YYH,YYH16,Icariside A7,PNRC2
Yin Yang Huo,淫羊藿,YYH,YYH17,luteolin,PTGS1
Yin Yang Huo,淫羊藿,YYH,YYH17,luteolin,AR
Yin Yang Huo,淫羊藿,YYH,YYH17,luteolin,PTGS2
Yin Yang Huo,淫羊藿,YYH,YYH17,luteolin,PRSS1
Yin Yang Huo,淫羊藿,YYH,YYH17,luteolin,PNRC2
Yin Yang Huo,淫羊藿,YYH,YYH17,luteolin,RELA
Yin Yang Huo,淫羊藿,YYH,YYH17,luteolin,EGF
Yin Yang Huo,淫羊藿,YYH,YYH17,luteolin,AKT1
Yin Yang Huo,淫羊藿,YYH,YYH17,luteolin,CCND3
Yin Yang Huo,淫羊藿,YYH,YYH17,luteolin,BAK1
Yin Yang Huo,淫羊藿,YYH,YYH17,luteolin,CDKN1C
Yin Yang Huo,淫羊藿,YYH,YYH17,luteolin,CASP9
Yin Yang Huo,淫羊藿,YYH,YYH17,luteolin,MMP2
Yin Yang Huo,淫羊藿,YYH,YYH17,luteolin,MMP9
Yin Yang Huo,淫羊藿,YYH,YYH17,luteolin,MAP3K7
Yin Yang Huo,淫羊藿,YYH,YYH17,luteolin,IL10
Yin Yang Huo,淫羊藿,YYH,YYH17,luteolin,RBL1
Yin Yang Huo,淫羊藿,YYH,YYH17,luteolin,CDK2
Yin Yang Huo,淫羊藿,YYH,YYH17,luteolin,TNF
Yin Yang Huo,淫羊藿,YYH,YYH17,luteolin,JUN
Yin Yang Huo,淫羊藿,YYH,YYH17,luteolin,IL36A
Yin Yang Huo,淫羊藿,YYH,YYH17,luteolin,CASP3
Yin Yang Huo,淫羊藿,YYH,YYH17,luteolin,TP53
Yin Yang Huo,淫羊藿,YYH,YYH17,luteolin,NFKBIE
Yin Yang Huo,淫羊藿,YYH,YYH17,luteolin,XDH
Yin Yang Huo,淫羊藿,YYH,YYH17,luteolin,TOP1
Yin Yang Huo,淫羊藿,YYH,YYH17,luteolin,MDM2
Yin Yang Huo,淫羊藿,YYH,YYH17,luteolin,APP
Yin Yang Huo,淫羊藿,YYH,YYH17,luteolin,MMP1
Yin Yang Huo,淫羊藿,YYH,YYH17,luteolin,PCNA
Yin Yang Huo,淫羊藿,YYH,YYH17,luteolin,ERBB2
Yin Yang Huo,淫羊藿,YYH,YYH17,luteolin,PPARG
Yin Yang Huo,淫羊藿,YYH,YYH17,luteolin,HMOX1
Yin Yang Huo,淫羊藿,YYH,YYH17,luteolin,CASP7
Yin Yang Huo,淫羊藿,YYH,YYH17,luteolin,ICAM2
Yin Yang Huo,淫羊藿,YYH,YYH17,luteolin,MCL1
Yin Yang Huo,淫羊藿,YYH,YYH17,luteolin,NAIP
Yin Yang Huo,淫羊藿,YYH,YYH17,luteolin,IL2
Yin Yang Huo,淫羊藿,YYH,YYH17,luteolin,CCNB1
Yin Yang Huo,淫羊藿,YYH,YYH17,luteolin,TYR
Yin Yang Huo,淫羊藿,YYH,YYH17,luteolin,IFNG
Yin Yang Huo,淫羊藿,YYH,YYH17,luteolin,IL4
Yin Yang Huo,淫羊藿,YYH,YYH17,luteolin,TOP2A
Yin Yang Huo,淫羊藿,YYH,YYH17,luteolin,SLC2A2
Yin Yang Huo,淫羊藿,YYH,YYH17,luteolin,INSR
Yin Yang Huo,淫羊藿,YYH,YYH17,luteolin,CD40LG
Yin Yang Huo,淫羊藿,YYH,YYH17,luteolin,PTGES2
Yin Yang Huo,淫羊藿,YYH,YYH17,luteolin,NUF2
Yin Yang Huo,淫羊藿,YYH,YYH17,luteolin,ADCY2
Yin Yang Huo,淫羊藿,YYH,YYH17,luteolin,HGF
Yin Yang Huo,淫羊藿,YYH,same7,Magnograndiolide,GRIN2A
Yin Yang Huo,淫羊藿,YYH,same7,Magnograndiolide,GABRA6
Yin Yang Huo,淫羊藿,YYH,same8,quercetin,PTGS1
Yin Yang Huo,淫羊藿,YYH,same8,quercetin,AR
Yin Yang Huo,淫羊藿,YYH,same8,quercetin,PTGS2
Yin Yang Huo,淫羊藿,YYH,same8,quercetin,PNRC2
Yin Yang Huo,淫羊藿,YYH,same8,quercetin,AKR1B1
Yin Yang Huo,淫羊藿,YYH,same8,quercetin,PRSS1
Yin Yang Huo,淫羊藿,YYH,same8,quercetin,KCNC2
Yin Yang Huo,淫羊藿,YYH,same8,quercetin,SCNN1A
Yin Yang Huo,淫羊藿,YYH,same8,quercetin,ADRB2
Yin Yang Huo,淫羊藿,YYH,same8,quercetin,MMP3
Yin Yang Huo,淫羊藿,YYH,same8,quercetin,F7
Yin Yang Huo,淫羊藿,YYH,same8,quercetin,NOS3
Yin Yang Huo,淫羊藿,YYH,same8,quercetin,RXRA
Yin Yang Huo,淫羊藿,YYH,same8,quercetin,ACHE
Yin Yang Huo,淫羊藿,YYH,same8,quercetin,AOC2
Yin Yang Huo,淫羊藿,YYH,same8,quercetin,RELA
Yin Yang Huo,淫羊藿,YYH,same8,quercetin,EGF
Yin Yang Huo,淫羊藿,YYH,same8,quercetin,AKT1
Yin Yang Huo,淫羊藿,YYH,same8,quercetin,CCND3
Yin Yang Huo,淫羊藿,YYH,same8,quercetin,BCL2
Yin Yang Huo,淫羊藿,YYH,same8,quercetin,BAK1
Yin Yang Huo,淫羊藿,YYH,same8,quercetin,FOS
Yin Yang Huo,淫羊藿,YYH,same8,quercetin,CDKN1C
Yin Yang Huo,淫羊藿,YYH,same8,quercetin,EIF2A
Yin Yang Huo,淫羊藿,YYH,same8,quercetin,BAX
Yin Yang Huo,淫羊藿,YYH,same8,quercetin,CASP9
Yin Yang Huo,淫羊藿,YYH,same8,quercetin,PLAU
Yin Yang Huo,淫羊藿,YYH,same8,quercetin,MMP2
Yin Yang Huo,淫羊藿,YYH,same8,quercetin,MMP9
Yin Yang Huo,淫羊藿,YYH,same8,quercetin,MAP3K7
Yin Yang Huo,淫羊藿,YYH,same8,quercetin,IL10
Yin Yang Huo,淫羊藿,YYH,same8,quercetin,RBL1
Yin Yang Huo,淫羊藿,YYH,same8,quercetin,TNF
Yin Yang Huo,淫羊藿,YYH,same8,quercetin,JUN
Yin Yang Huo,淫羊藿,YYH,same8,quercetin,IL36A
Yin Yang Huo,淫羊藿,YYH,same8,quercetin,CDKN2A
Yin Yang Huo,淫羊藿,YYH,same8,quercetin,AHSA1
Yin Yang Huo,淫羊藿,YYH,same8,quercetin,CASP3
Yin Yang Huo,淫羊藿,YYH,same8,quercetin,TP53
Yin Yang Huo,淫羊藿,YYH,same8,quercetin,ELK1
Yin Yang Huo,淫羊藿,YYH,same8,quercetin,NFKBIE
Yin Yang Huo,淫羊藿,YYH,same8,quercetin,ODC1
Yin Yang Huo,淫羊藿,YYH,same8,quercetin,XDH
Yin Yang Huo,淫羊藿,YYH,same8,quercetin,CASP8
Yin Yang Huo,淫羊藿,YYH,same8,quercetin,TOP1
Yin Yang Huo,淫羊藿,YYH,same8,quercetin,RAF1
Yin Yang Huo,淫羊藿,YYH,same8,quercetin,SOD1
Yin Yang Huo,淫羊藿,YYH,same8,quercetin,C3
Yin Yang Huo,淫羊藿,YYH,same8,quercetin,MMP1
Yin Yang Huo,淫羊藿,YYH,same8,quercetin,HIF1AN
Yin Yang Huo,淫羊藿,YYH,same8,quercetin,STAT4
Yin Yang Huo,淫羊藿,YYH,same8,quercetin,RUNX1T1
Yin Yang Huo,淫羊藿,YYH,same8,quercetin,HERC5
Yin Yang Huo,淫羊藿,YYH,same8,quercetin,CDK1
Yin Yang Huo,淫羊藿,YYH,same8,quercetin,HSPA5
Yin Yang Huo,淫羊藿,YYH,same8,quercetin,ERBB2
Yin Yang Huo,淫羊藿,YYH,same8,quercetin,PPARG
Yin Yang Huo,淫羊藿,YYH,same8,quercetin,ACACB
Yin Yang Huo,淫羊藿,YYH,same8,quercetin,HMOX1
Yin Yang Huo,淫羊藿,YYH,same8,quercetin,CYP3A4
Yin Yang Huo,淫羊藿,YYH,same8,quercetin,CAV1
Yin Yang Huo,淫羊藿,YYH,same8,quercetin,MYC
Yin Yang Huo,淫羊藿,YYH,same8,quercetin,F3
Yin Yang Huo,淫羊藿,YYH,same8,quercetin,GJA1
Yin Yang Huo,淫羊藿,YYH,same8,quercetin,CYP1A1
Yin Yang Huo,淫羊藿,YYH,same8,quercetin,ICAM2
Yin Yang Huo,淫羊藿,YYH,same8,quercetin,IL1B
Yin Yang Huo,淫羊藿,YYH,same8,quercetin,SELE
Yin Yang Huo,淫羊藿,YYH,same8,quercetin,VCAM1
Yin Yang Huo,淫羊藿,YYH,same8,quercetin,IL36B
Yin Yang Huo,淫羊藿,YYH,same8,quercetin,PRKCB
Yin Yang Huo,淫羊藿,YYH,same8,quercetin,NAIP
Yin Yang Huo,淫羊藿,YYH,same8,quercetin,DUOXA1
Yin Yang Huo,淫羊藿,YYH,same8,quercetin,HSPB1
Yin Yang Huo,淫羊藿,YYH,same8,quercetin,TGFB1
Yin Yang Huo,淫羊藿,YYH,same8,quercetin,MGAM
Yin Yang Huo,淫羊藿,YYH,same8,quercetin,IL2
Yin Yang Huo,淫羊藿,YYH,same8,quercetin,NR1I2
Yin Yang Huo,淫羊藿,YYH,same8,quercetin,CYP1B1
Yin Yang Huo,淫羊藿,YYH,same8,quercetin,CCNB1
Yin Yang Huo,淫羊藿,YYH,same8,quercetin,PLAT
Yin Yang Huo,淫羊藿,YYH,same8,quercetin,THBD
Yin Yang Huo,淫羊藿,YYH,same8,quercetin,SERPINE1
Yin Yang Huo,淫羊藿,YYH,same8,quercetin,IFNG
Yin Yang Huo,淫羊藿,YYH,same8,quercetin,ALOX5
Yin Yang Huo,淫羊藿,YYH,same8,quercetin,PTEN
Yin Yang Huo,淫羊藿,YYH,same8,quercetin,IL1A
Yin Yang Huo,淫羊藿,YYH,same8,quercetin,MPO
Yin Yang Huo,淫羊藿,YYH,same8,quercetin,TOP2A
Yin Yang Huo,淫羊藿,YYH,same8,quercetin,NCF2
Yin Yang Huo,淫羊藿,YYH,same8,quercetin,ABCG4
Yin Yang Huo,淫羊藿,YYH,same8,quercetin,HAS2
Yin Yang Huo,淫羊藿,YYH,same8,quercetin,NFE2L2
Yin Yang Huo,淫羊藿,YYH,same8,quercetin,GAPDH
Yin Yang Huo,淫羊藿,YYH,same8,quercetin,PARG
Yin Yang Huo,淫羊藿,YYH,same8,quercetin,AHR
Yin Yang Huo,淫羊藿,YYH,same8,quercetin,PSMD11
Yin Yang Huo,淫羊藿,YYH,same8,quercetin,SLC2A2
Yin Yang Huo,淫羊藿,YYH,same8,quercetin,COL3A1
Yin Yang Huo,淫羊藿,YYH,same8,quercetin,TOP2B
Yin Yang Huo,淫羊藿,YYH,same8,quercetin,CXCL13
Yin Yang Huo,淫羊藿,YYH,same8,quercetin,CX3CR1
Yin Yang Huo,淫羊藿,YYH,same8,quercetin,DDB1
Yin Yang Huo,淫羊藿,YYH,same8,quercetin,CHEK2
Yin Yang Huo,淫羊藿,YYH,same8,quercetin,INSR
Yin Yang Huo,淫羊藿,YYH,same8,quercetin,CLDN4
Yin Yang Huo,淫羊藿,YYH,same8,quercetin,PPARA
Yin Yang Huo,淫羊藿,YYH,same8,quercetin,PPARD
Yin Yang Huo,淫羊藿,YYH,same8,quercetin,CRP
Yin Yang Huo,淫羊藿,YYH,same8,quercetin,NFKB1
Yin Yang Huo,淫羊藿,YYH,same8,quercetin,SPP1
Yin Yang Huo,淫羊藿,YYH,same8,quercetin,RUNX2
Yin Yang Huo,淫羊藿,YYH,same8,quercetin,RASSF1
Yin Yang Huo,淫羊藿,YYH,same8,quercetin,E2F1
Yin Yang Huo,淫羊藿,YYH,same8,quercetin,E2F2
Yin Yang Huo,淫羊藿,YYH,same8,quercetin,ACP3
Yin Yang Huo,淫羊藿,YYH,same8,quercetin,CTSD
Yin Yang Huo,淫羊藿,YYH,same8,quercetin,IGFBP6
Yin Yang Huo,淫羊藿,YYH,same8,quercetin,IGF2
Yin Yang Huo,淫羊藿,YYH,same8,quercetin,CD40LG
Yin Yang Huo,淫羊藿,YYH,same8,quercetin,IRF3
Yin Yang Huo,淫羊藿,YYH,same8,quercetin,ERBB3
Yin Yang Huo,淫羊藿,YYH,same8,quercetin,PON2
Yin Yang Huo,淫羊藿,YYH,same8,quercetin,DIO1
Yin Yang Huo,淫羊藿,YYH,same8,quercetin,PCOLCE
Yin Yang Huo,淫羊藿,YYH,same8,quercetin,NPEPPS
Yin Yang Huo,淫羊藿,YYH,same8,quercetin,HK2
Yin Yang Huo,淫羊藿,YYH,same8,quercetin,NKX3-1
Yin Yang Huo,淫羊藿,YYH,same8,quercetin,RASA1
Yin Yang Huo,淫羊藿,YYH,same8,quercetin,GSTM2
Huang Qin,黄芩,HQ,HQ1,acacetin,NOS2
Huang Qin,黄芩,HQ,HQ1,acacetin,PTGS1
Huang Qin,黄芩,HQ,HQ1,acacetin,AR
Huang Qin,黄芩,HQ,HQ1,acacetin,PTGS2
Huang Qin,黄芩,HQ,HQ1,acacetin,CDK1
Huang Qin,黄芩,HQ,HQ1,acacetin,PRSS1
Huang Qin,黄芩,HQ,HQ1,acacetin,PNRC2
Huang Qin,黄芩,HQ,HQ1,acacetin,NCOA7
Huang Qin,黄芩,HQ,HQ1,acacetin,CALML5
Huang Qin,黄芩,HQ,HQ1,acacetin,CHEK1
Huang Qin,黄芩,HQ,HQ1,acacetin,ADRB2
Huang Qin,黄芩,HQ,HQ1,acacetin,PDE3A
Huang Qin,黄芩,HQ,HQ1,acacetin,RELA
Huang Qin,黄芩,HQ,HQ1,acacetin,BCL2
Huang Qin,黄芩,HQ,HQ1,acacetin,CDKN1C
Huang Qin,黄芩,HQ,HQ1,acacetin,BAX
Huang Qin,黄芩,HQ,HQ1,acacetin,CASP3
Huang Qin,黄芩,HQ,HQ1,acacetin,TP53
Huang Qin,黄芩,HQ,HQ1,acacetin,CASP8
Huang Qin,黄芩,HQ,HQ1,acacetin,ELOVL6
Huang Qin,黄芩,HQ,HQ1,acacetin,TNFSF15
Huang Qin,黄芩,HQ,HQ1,acacetin,CYP19A1
Huang Qin,黄芩,HQ,HQ2,wogonin,NOS2
Huang Qin,黄芩,HQ,HQ2,wogonin,PTGS1
Huang Qin,黄芩,HQ,HQ2,wogonin,NCOA7
Huang Qin,黄芩,HQ,HQ2,wogonin,AR
Huang Qin,黄芩,HQ,HQ2,wogonin,SCNN1A
Huang Qin,黄芩,HQ,HQ2,wogonin,PTGS2
Huang Qin,黄芩,HQ,HQ2,wogonin,RXRA
Huang Qin,黄芩,HQ,HQ2,wogonin,PDE3A
Huang Qin,黄芩,HQ,HQ2,wogonin,MAPK14
Huang Qin,黄芩,HQ,HQ2,wogonin,GSK3B
Huang Qin,黄芩,HQ,HQ2,wogonin,CDK1
Huang Qin,黄芩,HQ,HQ2,wogonin,CHEK1
Huang Qin,黄芩,HQ,HQ2,wogonin,PRSS1
Huang Qin,黄芩,HQ,HQ2,wogonin,CALML5
Huang Qin,黄芩,HQ,HQ2,wogonin,ADRB2
Huang Qin,黄芩,HQ,HQ2,wogonin,RELA
Huang Qin,黄芩,HQ,HQ2,wogonin,AKT1
Huang Qin,黄芩,HQ,HQ2,wogonin,CCND3
Huang Qin,黄芩,HQ,HQ2,wogonin,BCL2
Huang Qin,黄芩,HQ,HQ2,wogonin,CDKN1C
Huang Qin,黄芩,HQ,HQ2,wogonin,EIF2A
Huang Qin,黄芩,HQ,HQ2,wogonin,BAX
Huang Qin,黄芩,HQ,HQ2,wogonin,CASP9
Huang Qin,黄芩,HQ,HQ2,wogonin,VEGFC
Huang Qin,黄芩,HQ,HQ2,wogonin,TNF
Huang Qin,黄芩,HQ,HQ2,wogonin,JUN
Huang Qin,黄芩,HQ,HQ2,wogonin,IL36A
Huang Qin,黄芩,HQ,HQ2,wogonin,AHSA1
Huang Qin,黄芩,HQ,HQ2,wogonin,CASP3
Huang Qin,黄芩,HQ,HQ2,wogonin,TP53
Huang Qin,黄芩,HQ,HQ2,wogonin,BBC3
Huang Qin,黄芩,HQ,HQ2,wogonin,TEP1
Huang Qin,黄芩,HQ,HQ2,wogonin,MMP1
Huang Qin,黄芩,HQ,HQ2,wogonin,CAMK2D
Huang Qin,黄芩,HQ,HQ2,wogonin,FN1
Huang Qin,黄芩,HQ,HQ2,wogonin,IL36B
Huang Qin,黄芩,HQ,HQ2,wogonin,MCL1
Huang Qin,黄芩,HQ,HQ3,(2R)-7-hydroxy-5-methoxy-2-phenylchroman-4-one,PTGS1
Huang Qin,黄芩,HQ,HQ3,(2R)-7-hydroxy-5-methoxy-2-phenylchroman-4-one,CHRM3
Huang Qin,黄芩,HQ,HQ3,(2R)-7-hydroxy-5-methoxy-2-phenylchroman-4-one,CHRM1
Huang Qin,黄芩,HQ,HQ3,(2R)-7-hydroxy-5-methoxy-2-phenylchroman-4-one,NCOA7
Huang Qin,黄芩,HQ,HQ3,(2R)-7-hydroxy-5-methoxy-2-phenylchroman-4-one,SCNN1A
Huang Qin,黄芩,HQ,HQ3,(2R)-7-hydroxy-5-methoxy-2-phenylchroman-4-one,PTGS2
Huang Qin,黄芩,HQ,HQ3,(2R)-7-hydroxy-5-methoxy-2-phenylchroman-4-one,RXRA
Huang Qin,黄芩,HQ,HQ3,(2R)-7-hydroxy-5-methoxy-2-phenylchroman-4-one,PDE3A
Huang Qin,黄芩,HQ,HQ3,(2R)-7-hydroxy-5-methoxy-2-phenylchroman-4-one,ADRA1A
Huang Qin,黄芩,HQ,HQ3,(2R)-7-hydroxy-5-methoxy-2-phenylchroman-4-one,ADRA1B
Huang Qin,黄芩,HQ,HQ3,(2R)-7-hydroxy-5-methoxy-2-phenylchroman-4-one,SLC6A3
Huang Qin,黄芩,HQ,HQ3,(2R)-7-hydroxy-5-methoxy-2-phenylchroman-4-one,ADRB2
Huang Qin,黄芩,HQ,HQ3,(2R)-7-hydroxy-5-methoxy-2-phenylchroman-4-one,SLC6A4
Huang Qin,黄芩,HQ,HQ3,(2R)-7-hydroxy-5-methoxy-2-phenylchroman-4-one,PKIA
Huang Qin,黄芩,HQ,HQ3,(2R)-7-hydroxy-5-methoxy-2-phenylchroman-4-one,AOC2
Huang Qin,黄芩,HQ,HQ3,(2R)-7-hydroxy-5-methoxy-2-phenylchroman-4-one,CALML5
Huang Qin,黄芩,HQ,same1,baicalein,PTGS1
Huang Qin,黄芩,HQ,same1,baicalein,AR
Huang Qin,黄芩,HQ,same1,baicalein,PTGS2
Huang Qin,黄芩,HQ,same1,baicalein,PDE3A
Huang Qin,黄芩,HQ,same1,baicalein,PRSS1
Huang Qin,黄芩,HQ,same1,baicalein,PNRC2
Huang Qin,黄芩,HQ,same1,baicalein,NCOA7
Huang Qin,黄芩,HQ,same1,baicalein,CALML5
Huang Qin,黄芩,HQ,same1,baicalein,RELA
Huang Qin,黄芩,HQ,same1,baicalein,AKT1
Huang Qin,黄芩,HQ,same1,baicalein,BCL2
Huang Qin,黄芩,HQ,same1,baicalein,FOS
Huang Qin,黄芩,HQ,same1,baicalein,BAX
Huang Qin,黄芩,HQ,same1,baicalein,MMP9
Huang Qin,黄芩,HQ,same1,baicalein,CASP3
Huang Qin,黄芩,HQ,same1,baicalein,TP53
Huang Qin,黄芩,HQ,same1,baicalein,HIF1AN
Huang Qin,黄芩,HQ,same1,baicalein,FOSL2
Huang Qin,黄芩,HQ,same1,baicalein,CDK1
Huang Qin,黄芩,HQ,same1,baicalein,CCNB1
Huang Qin,黄芩,HQ,same1,baicalein,MPO
Huang Qin,黄芩,HQ,same1,baicalein,AHR
Huang Qin,黄芩,HQ,same1,baicalein,IGF2
Huang Qin,黄芩,HQ,same1,baicalein,CYCS
Huang Qin,黄芩,HQ,same1,baicalein,ALOX12
Huang Qin,黄芩,HQ,same1,baicalein,NFATC2
Huang Qin,黄芩,HQ,same1,baicalein,TDRD3
Huang Qin,黄芩,HQ,same1,baicalein,EGLN3
Huang Qin,黄芩,HQ,same1,baicalein,CYBB
Huang Qin,黄芩,HQ,same1,baicalein,FABP5
Huang Qin,黄芩,HQ,same1,baicalein,APOD
Huang Qin,黄芩,HQ,HQ4,"5,7,2,5-tetrahydroxy-8,6-dimethoxyflavone",NOS2
Huang Qin,黄芩,HQ,HQ4,"5,7,2,5-tetrahydroxy-8,6-dimethoxyflavone",AR
Huang Qin,黄芩,HQ,HQ4,"5,7,2,5-tetrahydroxy-8,6-dimethoxyflavone",PTGS2
Huang Qin,黄芩,HQ,HQ4,"5,7,2,5-tetrahydroxy-8,6-dimethoxyflavone",PYGM
Huang Qin,黄芩,HQ,HQ4,"5,7,2,5-tetrahydroxy-8,6-dimethoxyflavone",PRSS1
Huang Qin,黄芩,HQ,HQ4,"5,7,2,5-tetrahydroxy-8,6-dimethoxyflavone",PNRC2
Huang Qin,黄芩,HQ,HQ4,"5,7,2,5-tetrahydroxy-8,6-dimethoxyflavone",KCNU1
Huang Qin,黄芩,HQ,HQ5,Carthamidin,PTGS1
Huang Qin,黄芩,HQ,HQ5,Carthamidin,PTGS2
Huang Qin,黄芩,HQ,HQ6,Dihydrobaicalin_qt,PTGS1
Huang Qin,黄芩,HQ,HQ6,Dihydrobaicalin_qt,PTGS2
Huang Qin,黄芩,HQ,HQ7,Eriodyctiol (flavanone),PTGS1
Huang Qin,黄芩,HQ,HQ7,Eriodyctiol (flavanone),PTGS2
Huang Qin,黄芩,HQ,HQ7,Eriodyctiol (flavanone),PNRC2
Huang Qin,黄芩,HQ,HQ7,Eriodyctiol (flavanone),PYGM
Huang Qin,黄芩,HQ,HQ7,Eriodyctiol (flavanone),CALML5
Huang Qin,黄芩,HQ,HQ8,Salvigenin,NOS2
Huang Qin,黄芩,HQ,HQ8,Salvigenin,PTGS1
Huang Qin,黄芩,HQ,HQ8,Salvigenin,SCNN1A
Huang Qin,黄芩,HQ,HQ8,Salvigenin,PTGS2
Huang Qin,黄芩,HQ,HQ8,Salvigenin,NOS3
Huang Qin,黄芩,HQ,HQ8,Salvigenin,RXRA
Huang Qin,黄芩,HQ,HQ8,Salvigenin,ACHE
Huang Qin,黄芩,HQ,HQ8,Salvigenin,ADRA1B
Huang Qin,黄芩,HQ,HQ8,Salvigenin,ADRB2
Huang Qin,黄芩,HQ,HQ8,Salvigenin,IGHG1
Huang Qin,黄芩,HQ,HQ8,Salvigenin,PRSS1
Huang Qin,黄芩,HQ,HQ8,Salvigenin,PNRC2
Huang Qin,黄芩,HQ,HQ8,Salvigenin,CALML5
Huang Qin,黄芩,HQ,HQ8,Salvigenin,F7
Huang Qin,黄芩,HQ,HQ9,"5,2',6'-Trihydroxy-7,8-dimethoxyflavone",NOS2
Huang Qin,黄芩,HQ,HQ9,"5,2',6'-Trihydroxy-7,8-dimethoxyflavone",PTGS1
Huang Qin,黄芩,HQ,HQ9,"5,2',6'-Trihydroxy-7,8-dimethoxyflavone",AR
Huang Qin,黄芩,HQ,HQ9,"5,2',6'-Trihydroxy-7,8-dimethoxyflavone",SCNN1A
Huang Qin,黄芩,HQ,HQ9,"5,2',6'-Trihydroxy-7,8-dimethoxyflavone",PTGS2
Huang Qin,黄芩,HQ,HQ9,"5,2',6'-Trihydroxy-7,8-dimethoxyflavone",ESR2
Huang Qin,黄芩,HQ,HQ9,"5,2',6'-Trihydroxy-7,8-dimethoxyflavone",CDK1
Huang Qin,黄芩,HQ,HQ9,"5,2',6'-Trihydroxy-7,8-dimethoxyflavone",CHEK1
Huang Qin,黄芩,HQ,HQ9,"5,2',6'-Trihydroxy-7,8-dimethoxyflavone",PRSS1
Huang Qin,黄芩,HQ,HQ9,"5,2',6'-Trihydroxy-7,8-dimethoxyflavone",PNRC2
Huang Qin,黄芩,HQ,HQ9,"5,2',6'-Trihydroxy-7,8-dimethoxyflavone",CALML5
Huang Qin,黄芩,HQ,HQ9,"5,2',6'-Trihydroxy-7,8-dimethoxyflavone",KCNU1
Huang Qin,黄芩,HQ,HQ10,"5,7,2',6'-Tetrahydroxyflavone",PTGS1
Huang Qin,黄芩,HQ,HQ10,"5,7,2',6'-Tetrahydroxyflavone",AR
Huang Qin,黄芩,HQ,HQ10,"5,7,2',6'-Tetrahydroxyflavone",PTGS2
Huang Qin,黄芩,HQ,HQ11,Skullcapflavone II,NOS2
Huang Qin,黄芩,HQ,HQ11,Skullcapflavone II,PTGS1
Huang Qin,黄芩,HQ,HQ11,Skullcapflavone II,KCNC2
Huang Qin,黄芩,HQ,HQ11,Skullcapflavone II,AR
Huang Qin,黄芩,HQ,HQ11,Skullcapflavone II,SCNN1A
Huang Qin,黄芩,HQ,HQ11,Skullcapflavone II,PTGS2
Huang Qin,黄芩,HQ,HQ11,Skullcapflavone II,NOS3
Huang Qin,黄芩,HQ,HQ11,Skullcapflavone II,F7
Huang Qin,黄芩,HQ,HQ11,Skullcapflavone II,VEGFC
Huang Qin,黄芩,HQ,HQ11,Skullcapflavone II,CACNA2D1
Huang Qin,黄芩,HQ,HQ11,Skullcapflavone II,IGHG1
Huang Qin,黄芩,HQ,HQ11,Skullcapflavone II,PRSS1
Huang Qin,黄芩,HQ,HQ11,Skullcapflavone II,PNRC2
Huang Qin,黄芩,HQ,HQ11,Skullcapflavone II,NCOA7
Huang Qin,黄芩,HQ,HQ11,Skullcapflavone II,KCNU1
Huang Qin,黄芩,HQ,HQ11,Skullcapflavone II,CALML5
Huang Qin,黄芩,HQ,HQ12,oroxylin a,NOS2
Huang Qin,黄芩,HQ,HQ12,oroxylin a,PTGS1
Huang Qin,黄芩,HQ,HQ12,oroxylin a,AR
Huang Qin,黄芩,HQ,HQ12,oroxylin a,SCNN1A
Huang Qin,黄芩,HQ,HQ12,oroxylin a,PTGS2
Huang Qin,黄芩,HQ,HQ12,oroxylin a,RXRA
Huang Qin,黄芩,HQ,HQ12,oroxylin a,PDE3A
Huang Qin,黄芩,HQ,HQ12,oroxylin a,ADRA1B
Huang Qin,黄芩,HQ,HQ12,oroxylin a,ADRB2
Huang Qin,黄芩,HQ,HQ12,oroxylin a,PRSS1
Huang Qin,黄芩,HQ,HQ12,oroxylin a,NCOA7
Huang Qin,黄芩,HQ,HQ12,oroxylin a,CALML5
Huang Qin,黄芩,HQ,HQ12,oroxylin a,PNRC2
Huang Qin,黄芩,HQ,HQ12,oroxylin a,PKIA
Huang Qin,黄芩,HQ,HQ12,oroxylin a,BCL2
Huang Qin,黄芩,HQ,HQ12,oroxylin a,IL36A
Huang Qin,黄芩,HQ,HQ12,oroxylin a,CASP3
Huang Qin,黄芩,HQ,HQ12,oroxylin a,CDK1
Huang Qin,黄芩,HQ,HQ12,oroxylin a,CCNB1
Huang Qin,黄芩,HQ,HQ12,oroxylin a,CDK2
Huang Qin,黄芩,HQ,HQ12,oroxylin a,CYP2C9
Huang Qin,黄芩,HQ,HQ13,Panicolin,NOS2
Huang Qin,黄芩,HQ,HQ13,Panicolin,PTGS1
Huang Qin,黄芩,HQ,HQ13,Panicolin,AR
Huang Qin,黄芩,HQ,HQ13,Panicolin,SCNN1A
Huang Qin,黄芩,HQ,HQ13,Panicolin,PTGS2
Huang Qin,黄芩,HQ,HQ13,Panicolin,ESR2
Huang Qin,黄芩,HQ,HQ13,Panicolin,CDK1
Huang Qin,黄芩,HQ,HQ13,Panicolin,CHEK1
Huang Qin,黄芩,HQ,HQ13,Panicolin,PRSS1
Huang Qin,黄芩,HQ,HQ13,Panicolin,CALML5
Huang Qin,黄芩,HQ,HQ13,Panicolin,NCOA7
Huang Qin,黄芩,HQ,HQ14,"5,7,4'-Trihydroxy-8-methoxyflavone",NOS2
Huang Qin,黄芩,HQ,HQ14,"5,7,4'-Trihydroxy-8-methoxyflavone",PTGS1
Huang Qin,黄芩,HQ,HQ14,"5,7,4'-Trihydroxy-8-methoxyflavone",NCOA7
Huang Qin,黄芩,HQ,HQ14,"5,7,4'-Trihydroxy-8-methoxyflavone",AR
Huang Qin,黄芩,HQ,HQ14,"5,7,4'-Trihydroxy-8-methoxyflavone",PTGS2
Huang Qin,黄芩,HQ,HQ14,"5,7,4'-Trihydroxy-8-methoxyflavone",PYGM
Huang Qin,黄芩,HQ,HQ14,"5,7,4'-Trihydroxy-8-methoxyflavone",MAPK14
Huang Qin,黄芩,HQ,HQ14,"5,7,4'-Trihydroxy-8-methoxyflavone",GSK3B
Huang Qin,黄芩,HQ,HQ14,"5,7,4'-Trihydroxy-8-methoxyflavone",CDK1
Huang Qin,黄芩,HQ,HQ14,"5,7,4'-Trihydroxy-8-methoxyflavone",CHEK1
Huang Qin,黄芩,HQ,HQ14,"5,7,4'-Trihydroxy-8-methoxyflavone",PRSS1
Huang Qin,黄芩,HQ,HQ14,"5,7,4'-Trihydroxy-8-methoxyflavone",PNRC2
Huang Qin,黄芩,HQ,HQ14,"5,7,4'-Trihydroxy-8-methoxyflavone",CALML5
Huang Qin,黄芩,HQ,HQ15,NEOBAICALEIN,NOS2
Huang Qin,黄芩,HQ,HQ15,NEOBAICALEIN,KCNC2
Huang Qin,黄芩,HQ,HQ15,NEOBAICALEIN,NCOA7
Huang Qin,黄芩,HQ,HQ15,NEOBAICALEIN,AR
Huang Qin,黄芩,HQ,HQ15,NEOBAICALEIN,SCNN1A
Huang Qin,黄芩,HQ,HQ15,NEOBAICALEIN,PTGS2
Huang Qin,黄芩,HQ,HQ15,NEOBAICALEIN,F7
Huang Qin,黄芩,HQ,HQ15,NEOBAICALEIN,ESR2
Huang Qin,黄芩,HQ,HQ15,NEOBAICALEIN,PYGM
Huang Qin,黄芩,HQ,HQ15,NEOBAICALEIN,GSK3B
Huang Qin,黄芩,HQ,HQ15,NEOBAICALEIN,CHEK1
Huang Qin,黄芩,HQ,HQ15,NEOBAICALEIN,PRSS1
Huang Qin,黄芩,HQ,HQ15,NEOBAICALEIN,PNRC2
Huang Qin,黄芩,HQ,HQ15,NEOBAICALEIN,KCNU1
Huang Qin,黄芩,HQ,HQ15,NEOBAICALEIN,CALML5
Huang Qin,黄芩,HQ,HQ16,DIHYDROOROXYLIN,PTGS1
Huang Qin,黄芩,HQ,HQ16,DIHYDROOROXYLIN,SCNN1A
Huang Qin,黄芩,HQ,HQ16,DIHYDROOROXYLIN,PTGS2
Huang Qin,黄芩,HQ,HQ16,DIHYDROOROXYLIN,RXRA
Huang Qin,黄芩,HQ,HQ16,DIHYDROOROXYLIN,PDE3A
Huang Qin,黄芩,HQ,HQ16,DIHYDROOROXYLIN,ADRA1B
Huang Qin,黄芩,HQ,HQ16,DIHYDROOROXYLIN,ADRB2
Huang Qin,黄芩,HQ,HQ16,DIHYDROOROXYLIN,CALML5
Huang Qin,黄芩,HQ,HQ16,DIHYDROOROXYLIN,NCOA7
Huang Qin,黄芩,HQ,same2,beta-sitosterol,PGR
Huang Qin,黄芩,HQ,same2,beta-sitosterol,PNRC2
Huang Qin,黄芩,HQ,same2,beta-sitosterol,PTGS1
Huang Qin,黄芩,HQ,same2,beta-sitosterol,PTGS2
Huang Qin,黄芩,HQ,same2,beta-sitosterol,KCNC2
Huang Qin,黄芩,HQ,same2,beta-sitosterol,CHRM3
Huang Qin,黄芩,HQ,same2,beta-sitosterol,CHRM1
Huang Qin,黄芩,HQ,same2,beta-sitosterol,SCNN1A
Huang Qin,黄芩,HQ,same2,beta-sitosterol,CHRM4
Huang Qin,黄芩,HQ,same2,beta-sitosterol,PDE3A
Huang Qin,黄芩,HQ,same2,beta-sitosterol,HTR2A
Huang Qin,黄芩,HQ,same2,beta-sitosterol,ADRA1A
Huang Qin,黄芩,HQ,same2,beta-sitosterol,CHRM2
Huang Qin,黄芩,HQ,same2,beta-sitosterol,ADRA1B
Huang Qin,黄芩,HQ,same2,beta-sitosterol,ADRB2
Huang Qin,黄芩,HQ,same2,beta-sitosterol,CHRNA2
Huang Qin,黄芩,HQ,same2,beta-sitosterol,SLC6A4
Huang Qin,黄芩,HQ,same2,beta-sitosterol,OPRM1
Huang Qin,黄芩,HQ,same2,beta-sitosterol,NOS3
Huang Qin,黄芩,HQ,same2,beta-sitosterol,BCL2
Huang Qin,黄芩,HQ,same2,beta-sitosterol,BAX
Huang Qin,黄芩,HQ,same2,beta-sitosterol,CASP9
Huang Qin,黄芩,HQ,same2,beta-sitosterol,JUN
Huang Qin,黄芩,HQ,same2,beta-sitosterol,CASP3
Huang Qin,黄芩,HQ,same2,beta-sitosterol,CASP8
Huang Qin,黄芩,HQ,same2,beta-sitosterol,C3
Huang Qin,黄芩,HQ,same2,beta-sitosterol,TGFB1
Huang Qin,黄芩,HQ,same2,beta-sitosterol,PON2
Huang Qin,黄芩,HQ,same2,beta-sitosterol,MAP4
Huang Qin,黄芩,HQ,same9,sitosterol,PGR
Huang Qin,黄芩,HQ,same9,sitosterol,PNRC2
Huang Qin,黄芩,HQ,same9,sitosterol,NR3C2
Huang Qin,黄芩,HQ,HQ17,Norwogonin,NOS2
Huang Qin,黄芩,HQ,HQ17,Norwogonin,PTGS1
Huang Qin,黄芩,HQ,HQ17,Norwogonin,AR
Huang Qin,黄芩,HQ,HQ17,Norwogonin,PTGS2
Huang Qin,黄芩,HQ,HQ17,Norwogonin,PDE3A
Huang Qin,黄芩,HQ,HQ17,Norwogonin,CDK1
Huang Qin,黄芩,HQ,HQ17,Norwogonin,CHEK1
Huang Qin,黄芩,HQ,HQ18,"5,2'-Dihydroxy-6,7,8-trimethoxyflavone",NOS2
Huang Qin,黄芩,HQ,HQ18,"5,2'-Dihydroxy-6,7,8-trimethoxyflavone",PTGS1
Huang Qin,黄芩,HQ,HQ18,"5,2'-Dihydroxy-6,7,8-trimethoxyflavone",KCNC2
Huang Qin,黄芩,HQ,HQ18,"5,2'-Dihydroxy-6,7,8-trimethoxyflavone",AR
Huang Qin,黄芩,HQ,HQ18,"5,2'-Dihydroxy-6,7,8-trimethoxyflavone",SCNN1A
Huang Qin,黄芩,HQ,HQ18,"5,2'-Dihydroxy-6,7,8-trimethoxyflavone",PTGS2
Huang Qin,黄芩,HQ,HQ18,"5,2'-Dihydroxy-6,7,8-trimethoxyflavone",NOS3
Huang Qin,黄芩,HQ,HQ18,"5,2'-Dihydroxy-6,7,8-trimethoxyflavone",F7
Huang Qin,黄芩,HQ,HQ18,"5,2'-Dihydroxy-6,7,8-trimethoxyflavone",ESR2
Huang Qin,黄芩,HQ,HQ18,"5,2'-Dihydroxy-6,7,8-trimethoxyflavone",PRSS1
Huang Qin,黄芩,HQ,HQ18,"5,2'-Dihydroxy-6,7,8-trimethoxyflavone",PNRC2
Huang Qin,黄芩,HQ,HQ18,"5,2'-Dihydroxy-6,7,8-trimethoxyflavone",CALML5
Huang Qin,黄芩,HQ,HQ18,"5,2'-Dihydroxy-6,7,8-trimethoxyflavone",VEGFC
Huang Qin,黄芩,HQ,HQ18,"5,2'-Dihydroxy-6,7,8-trimethoxyflavone",NCOA7
Huang Qin,黄芩,HQ,HQ18,"5,2'-Dihydroxy-6,7,8-trimethoxyflavone",KCNU1
Huang Qin,黄芩,HQ,HQ19,ent-Epicatechin,PTGS1
Huang Qin,黄芩,HQ,HQ19,ent-Epicatechin,NCOA7
Huang Qin,黄芩,HQ,HQ19,ent-Epicatechin,PTGS2
Huang Qin,黄芩,HQ,HQ19,ent-Epicatechin,LACTB
Huang Qin,黄芩,HQ,same10,Stigmasterol,PGR
Huang Qin,黄芩,HQ,same10,Stigmasterol,NR3C2
Huang Qin,黄芩,HQ,same10,Stigmasterol,PNRC2
Huang Qin,黄芩,HQ,same10,Stigmasterol,IGHG1
Huang Qin,黄芩,HQ,same10,Stigmasterol,RXRA
Huang Qin,黄芩,HQ,same10,Stigmasterol,NCOA7
Huang Qin,黄芩,HQ,same10,Stigmasterol,PTGS1
Huang Qin,黄芩,HQ,same10,Stigmasterol,PTGS2
Huang Qin,黄芩,HQ,same10,Stigmasterol,ADRA2A
Huang Qin,黄芩,HQ,same10,Stigmasterol,SLC6A2
Huang Qin,黄芩,HQ,same10,Stigmasterol,SLC6A3
Huang Qin,黄芩,HQ,same10,Stigmasterol,ADRB2
Huang Qin,黄芩,HQ,same10,Stigmasterol,AKR1B1
Huang Qin,黄芩,HQ,same10,Stigmasterol,PLAU
Huang Qin,黄芩,HQ,same10,Stigmasterol,LTA4H
Huang Qin,黄芩,HQ,same10,Stigmasterol,AOC2
Huang Qin,黄芩,HQ,same10,Stigmasterol,CTRB1
Huang Qin,黄芩,HQ,same10,Stigmasterol,CHRM3
Huang Qin,黄芩,HQ,same10,Stigmasterol,CHRM1
Huang Qin,黄芩,HQ,same10,Stigmasterol,ADRB1
Huang Qin,黄芩,HQ,same10,Stigmasterol,SCNN1A
Huang Qin,黄芩,HQ,same10,Stigmasterol,HTR2A
Huang Qin,黄芩,HQ,same10,Stigmasterol,ADRA1A
Huang Qin,黄芩,HQ,same10,Stigmasterol,CHRM2
Huang Qin,黄芩,HQ,same10,Stigmasterol,ADRA1B
Huang Qin,黄芩,HQ,same3,coptisine,NOS2
Huang Qin,黄芩,HQ,same3,coptisine,PTGS1
Huang Qin,黄芩,HQ,same3,coptisine,KCNC2
Huang Qin,黄芩,HQ,same3,coptisine,NCOA7
Huang Qin,黄芩,HQ,same3,coptisine,AR
Huang Qin,黄芩,HQ,same3,coptisine,SCNN1A
Huang Qin,黄芩,HQ,same3,coptisine,PTGS2
Huang Qin,黄芩,HQ,same3,coptisine,NOS3
Huang Qin,黄芩,HQ,same3,coptisine,PRSS1
Huang Qin,黄芩,HQ,HQ20,"bis[(2S)-2-ethylhexyl] benzene-1,2-dicarboxylate",SCNN1A
Huang Qin,黄芩,HQ,same4,Diop,SCNN1A
Huang Qin,黄芩,HQ,same4,Diop,ADRB2
Huang Qin,黄芩,HQ,same4,Diop,CHRM3
Huang Qin,黄芩,HQ,same5,epiberberine,NOS2
Huang Qin,黄芩,HQ,same5,epiberberine,KCNC2
Huang Qin,黄芩,HQ,same5,epiberberine,NCOA7
Huang Qin,黄芩,HQ,same5,epiberberine,AR
Huang Qin,黄芩,HQ,same5,epiberberine,PTGS2
Huang Qin,黄芩,HQ,same5,epiberberine,NOS3
Huang Qin,黄芩,HQ,same5,epiberberine,RXRA
Huang Qin,黄芩,HQ,same5,epiberberine,PRSS1
Huang Qin,黄芩,HQ,same5,epiberberine,PNRC2
Huang Qin,黄芩,HQ,same5,epiberberine,PDE10A
Huang Qin,黄芩,HQ,HQ21,Moslosooflavone,NOS2
Huang Qin,黄芩,HQ,HQ21,Moslosooflavone,PTGS1
Huang Qin,黄芩,HQ,HQ21,Moslosooflavone,AR
Huang Qin,黄芩,HQ,HQ21,Moslosooflavone,SCNN1A
Huang Qin,黄芩,HQ,HQ21,Moslosooflavone,PTGS2
Huang Qin,黄芩,HQ,HQ21,Moslosooflavone,RXRA
Huang Qin,黄芩,HQ,HQ21,Moslosooflavone,ESR2
Huang Qin,黄芩,HQ,HQ21,Moslosooflavone,MAPK14
Huang Qin,黄芩,HQ,HQ21,Moslosooflavone,GSK3B
Huang Qin,黄芩,HQ,HQ21,Moslosooflavone,CDK1
Huang Qin,黄芩,HQ,HQ21,Moslosooflavone,CHEK1
Huang Qin,黄芩,HQ,HQ21,Moslosooflavone,PRSS1
Huang Qin,黄芩,HQ,HQ21,Moslosooflavone,NCOA7
Huang Qin,黄芩,HQ,HQ21,Moslosooflavone,KCNU1
Huang Qin,黄芩,HQ,HQ21,Moslosooflavone,CALML5
Huang Qin,黄芩,HQ,HQ21,Moslosooflavone,ADRA1B
Huang Qin,黄芩,HQ,HQ21,Moslosooflavone,ADRB2
Huang Qin,黄芩,HQ,HQ22,"11,13-Eicosadienoic acid, methyl ester",PNRC2
Huang Qin,黄芩,HQ,HQ23,"5,7,4'-trihydroxy-6-methoxyflavanone",PTGS1
Huang Qin,黄芩,HQ,HQ23,"5,7,4'-trihydroxy-6-methoxyflavanone",PTGS2
Huang Qin,黄芩,HQ,HQ23,"5,7,4'-trihydroxy-6-methoxyflavanone",CALML5
Huang Qin,黄芩,HQ,HQ24,"5,7,4'-trihydroxy-8-methoxyflavanone",PTGS1
Huang Qin,黄芩,HQ,HQ24,"5,7,4'-trihydroxy-8-methoxyflavanone",PTGS2
Huang Qin,黄芩,HQ,HQ25,rivularin,NOS2
Huang Qin,黄芩,HQ,HQ25,rivularin,PTGS1
Huang Qin,黄芩,HQ,HQ25,rivularin,KCNC2
Huang Qin,黄芩,HQ,HQ25,rivularin,AR
Huang Qin,黄芩,HQ,HQ25,rivularin,SCNN1A
Huang Qin,黄芩,HQ,HQ25,rivularin,PTGS2
Huang Qin,黄芩,HQ,HQ25,rivularin,NOS3
Huang Qin,黄芩,HQ,HQ25,rivularin,F7
Huang Qin,黄芩,HQ,HQ25,rivularin,VEGFC
Huang Qin,黄芩,HQ,HQ25,rivularin,RXRA
Huang Qin,黄芩,HQ,HQ25,rivularin,ESR2
Huang Qin,黄芩,HQ,HQ25,rivularin,PRSS1
Huang Qin,黄芩,HQ,HQ25,rivularin,PNRC2
Huang Qin,黄芩,HQ,HQ25,rivularin,NCOA7
Huang Qin,黄芩,HQ,HQ25,rivularin,KCNU1
Huang Qin,黄芩,HQ,HQ25,rivularin,CALML5
Ren Shen,人参,RS,same4,Diop,CHRM3
Ren Shen,人参,RS,same4,Diop,SCNN1A
Ren Shen,人参,RS,same4,Diop,ADRB2
Ren Shen,人参,RS,same10,Stigmasterol,PTGS1
Ren Shen,人参,RS,same10,Stigmasterol,CHRM3
Ren Shen,人参,RS,same10,Stigmasterol,CHRM1
Ren Shen,人参,RS,same10,Stigmasterol,ADRB1
Ren Shen,人参,RS,same10,Stigmasterol,SCNN1A
Ren Shen,人参,RS,same10,Stigmasterol,PTGS2
Ren Shen,人参,RS,same10,Stigmasterol,ADRA2A
Ren Shen,人参,RS,same10,Stigmasterol,RXRA
Ren Shen,人参,RS,same10,Stigmasterol,HTR2A
Ren Shen,人参,RS,same10,Stigmasterol,SLC6A2
Ren Shen,人参,RS,same10,Stigmasterol,ADRA1A
Ren Shen,人参,RS,same10,Stigmasterol,GABRA3
Ren Shen,人参,RS,same10,Stigmasterol,PGR
Ren Shen,人参,RS,same10,Stigmasterol,CHRM2
Ren Shen,人参,RS,same10,Stigmasterol,ADRA1B
Ren Shen,人参,RS,same10,Stigmasterol,SLC6A3
Ren Shen,人参,RS,same10,Stigmasterol,NR3C2
Ren Shen,人参,RS,same10,Stigmasterol,ADRB2
Ren Shen,人参,RS,same10,Stigmasterol,AKR1B1
Ren Shen,人参,RS,same10,Stigmasterol,GABRA1
Ren Shen,人参,RS,same10,Stigmasterol,PLAU
Ren Shen,人参,RS,same10,Stigmasterol,LTA4H
Ren Shen,人参,RS,same10,Stigmasterol,AOC2
Ren Shen,人参,RS,same10,Stigmasterol,CHRNA7
Ren Shen,人参,RS,same10,Stigmasterol,PRKACA
Ren Shen,人参,RS,same10,Stigmasterol,IGHG1
Ren Shen,人参,RS,same10,Stigmasterol,CTRB1
Ren Shen,人参,RS,same10,Stigmasterol,PNRC2
Ren Shen,人参,RS,same10,Stigmasterol,NCOA7
Ren Shen,人参,RS,same2,beta-sitosterol,PNRC2
Ren Shen,人参,RS,same2,beta-sitosterol,MAP4
Ren Shen,人参,RS,same2,beta-sitosterol,BAX
Ren Shen,人参,RS,same2,beta-sitosterol,CASP3
Ren Shen,人参,RS,same2,beta-sitosterol,CASP8
Ren Shen,人参,RS,same2,beta-sitosterol,CASP9
Ren Shen,人参,RS,same2,beta-sitosterol,C3
Ren Shen,人参,RS,same2,beta-sitosterol,TGFB1
Ren Shen,人参,RS,RS1,Inermin,HSP90AA2P
Ren Shen,人参,RS,RS1,Inermin,PIK3CG
Ren Shen,人参,RS,RS1,Inermin,CHRNA7
Ren Shen,人参,RS,RS1,Inermin,PRKACA
Ren Shen,人参,RS,RS1,Inermin,IGHG1
Ren Shen,人参,RS,RS1,Inermin,PRSS1
Ren Shen,人参,RS,RS1,Inermin,NCOA7
Ren Shen,人参,RS,RS1,Inermin,CALML5
Ren Shen,人参,RS,same6,kaempferol,NOS3
Ren Shen,人参,RS,same6,kaempferol,F7
Ren Shen,人参,RS,same6,kaempferol,GABRA2
Ren Shen,人参,RS,same6,kaempferol,ACHE
Ren Shen,人参,RS,same6,kaempferol,SLC6A2
Ren Shen,人参,RS,same6,kaempferol,PGR
Ren Shen,人参,RS,same6,kaempferol,CHRM2
Ren Shen,人参,RS,same6,kaempferol,ADRA1B
Ren Shen,人参,RS,same6,kaempferol,AKR1C3
Ren Shen,人参,RS,same6,kaempferol,TNF
Ren Shen,人参,RS,same6,kaempferol,TOP2A
Ren Shen,人参,RS,same6,kaempferol,GABRA1
Ren Shen,人参,RS,same6,kaempferol,CTSC
Ren Shen,人参,RS,same6,kaempferol,MMP1
Ren Shen,人参,RS,same6,kaempferol,JUN
Ren Shen,人参,RS,same6,kaempferol,SELE
Ren Shen,人参,RS,same6,kaempferol,CDK1
Ren Shen,人参,RS,same6,kaempferol,VCAM1
Ren Shen,人参,RS,same6,kaempferol,HSP90AA2P
Ren Shen,人参,RS,same6,kaempferol,PIK3CG
Ren Shen,人参,RS,same6,kaempferol,XDH
Ren Shen,人参,RS,same6,kaempferol,CYP3A4
Ren Shen,人参,RS,same6,kaempferol,PRKACA
Ren Shen,人参,RS,same6,kaempferol,MAP3K7
Ren Shen,人参,RS,same6,kaempferol,HMOX1
Ren Shen,人参,RS,same6,kaempferol,PRSS1
Ren Shen,人参,RS,same6,kaempferol,GSTM2
Ren Shen,人参,RS,same6,kaempferol,AHR
Ren Shen,人参,RS,same6,kaempferol,PNRC2
Ren Shen,人参,RS,same6,kaempferol,CALML5
Ren Shen,人参,RS,same6,kaempferol,PPP3CA
Ren Shen,人参,RS,same6,kaempferol,PSMD11
Ren Shen,人参,RS,same6,kaempferol,AHSA1
Ren Shen,人参,RS,same6,kaempferol,PI3
Ren Shen,人参,RS,same6,kaempferol,BAX
Ren Shen,人参,RS,same6,kaempferol,CASP3
Ren Shen,人参,RS,same6,kaempferol,CYP1A1
Ren Shen,人参,RS,same6,kaempferol,CYP1B1
Ren Shen,人参,RS,same6,kaempferol,HAS2
Ren Shen,人参,RS,same6,kaempferol,IKBKB
Ren Shen,人参,RS,same6,kaempferol,ICAM2
Ren Shen,人参,RS,same6,kaempferol,NR1I2
Ren Shen,人参,RS,same6,kaempferol,PPARG
Ren Shen,人参,RS,same6,kaempferol,AKT1
Ren Shen,人参,RS,same6,kaempferol,STAT4
Ren Shen,人参,RS,same6,kaempferol,SLC2A2
Ren Shen,人参,RS,same6,kaempferol,RELA
Ren Shen,人参,RS,same6,kaempferol,DIO1
Ren Shen,人参,RS,RS2,Aposiopolamine,CHRM3
Ren Shen,人参,RS,RS2,Aposiopolamine,CHRM1
Ren Shen,人参,RS,RS2,Aposiopolamine,SLC6A2
Ren Shen,人参,RS,RS2,Aposiopolamine,SLC6A3
Ren Shen,人参,RS,RS2,Aposiopolamine,ADRB2
Ren Shen,人参,RS,RS2,Aposiopolamine,SLC6A4
Ren Shen,人参,RS,RS2,Aposiopolamine,GABRA1
Ren Shen,人参,RS,RS2,Aposiopolamine,CTSC
Ren Shen,人参,RS,RS3,Deoxyharringtonine,AR
Ren Shen,人参,RS,RS3,Deoxyharringtonine,NR3C2
Ren Shen,人参,RS,RS4,Dianthramine,PTGS1
Ren Shen,人参,RS,RS4,Dianthramine,PTGS2
Ren Shen,人参,RS,RS4,Dianthramine,HSP90AA2P
Ren Shen,人参,RS,RS5,arachidonate,PTGS1
Ren Shen,人参,RS,RS5,arachidonate,PTGS2
Ren Shen,人参,RS,RS5,arachidonate,RXRG
Ren Shen,人参,RS,RS5,arachidonate,PNRC2
Ren Shen,人参,RS,RS6,Frutinone A,PTGS1
Ren Shen,人参,RS,RS6,Frutinone A,F2
Ren Shen,人参,RS,RS6,Frutinone A,AR
Ren Shen,人参,RS,RS6,Frutinone A,SCNN1A
Ren Shen,人参,RS,RS6,Frutinone A,PPARG
Ren Shen,人参,RS,RS6,Frutinone A,PTGS2
Ren Shen,人参,RS,RS6,Frutinone A,RXRA
Ren Shen,人参,RS,RS6,Frutinone A,ACHE
Ren Shen,人参,RS,RS6,Frutinone A,PDE3A
Ren Shen,人参,RS,RS6,Frutinone A,ADRB2
Ren Shen,人参,RS,RS6,Frutinone A,GABRA1
Ren Shen,人参,RS,RS6,Frutinone A,CTSC
Ren Shen,人参,RS,RS6,Frutinone A,HSP90AA2P
Ren Shen,人参,RS,RS6,Frutinone A,PIK3CG
Ren Shen,人参,RS,RS6,Frutinone A,CHRNA7
Ren Shen,人参,RS,RS6,Frutinone A,PRKACA
Ren Shen,人参,RS,RS7,ginsenoside rh2,PSMG1
Ren Shen,人参,RS,RS7,ginsenoside rh2,SLC2A2
Ren Shen,人参,RS,RS8,Ginsenoside-Rh4_qt,NR3C2
Ren Shen,人参,RS,RS8,Ginsenoside-Rh4_qt,PNRC2
Ren Shen,人参,RS,RS9,Girinimbin,PTGS1
Ren Shen,人参,RS,RS9,Girinimbin,SCNN1A
Ren Shen,人参,RS,RS9,Girinimbin,PTGS2
Ren Shen,人参,RS,RS9,Girinimbin,RXRA
Ren Shen,人参,RS,RS9,Girinimbin,ADRB2
Ren Shen,人参,RS,RS9,Girinimbin,GABRA1
Ren Shen,人参,RS,RS9,Girinimbin,PIK3CG
Ren Shen,人参,RS,RS9,Girinimbin,CHRNA7
Ren Shen,人参,RS,RS9,Girinimbin,PRKACA
Ren Shen,人参,RS,RS9,Girinimbin,PNRC2
Ren Shen,人参,RS,RS10,Panaxadiol,NR3C1
Ren Shen,人参,RS,RS11,suchilactone,PTGS1
Ren Shen,人参,RS,RS11,suchilactone,KCNC2
Ren Shen,人参,RS,RS11,suchilactone,SCNN1A
Ren Shen,人参,RS,RS11,suchilactone,F10
Ren Shen,人参,RS,RS11,suchilactone,PTGS2
Ren Shen,人参,RS,RS11,suchilactone,F7
Ren Shen,人参,RS,RS11,suchilactone,RXRA
Ren Shen,人参,RS,RS11,suchilactone,PDE3A
Ren Shen,人参,RS,RS11,suchilactone,PTPN22
Ren Shen,人参,RS,RS11,suchilactone,ADRB2
Ren Shen,人参,RS,RS11,suchilactone,ADRA1D
Ren Shen,人参,RS,RS11,suchilactone,HSP90AA2P
Ren Shen,人参,RS,RS11,suchilactone,PRKACA
Ren Shen,人参,RS,RS11,suchilactone,NCOA7
Ren Shen,人参,RS,RS11,suchilactone,KCNU1
Ren Shen,人参,RS,RS11,suchilactone,CALML5
Ren Shen,人参,RS,RS12,alexandrin_qt,PGR
Ren Shen,人参,RS,RS13,Fumarine,PTGS1
Ren Shen,人参,RS,RS13,Fumarine,DRD1
Ren Shen,人参,RS,RS13,Fumarine,CHRM3
Ren Shen,人参,RS,RS13,Fumarine,KCNC2
Ren Shen,人参,RS,RS13,Fumarine,CHRM1
Ren Shen,人参,RS,RS13,Fumarine,SCNN1A
Ren Shen,人参,RS,RS13,Fumarine,F10
Ren Shen,人参,RS,RS13,Fumarine,CHRM5
Ren Shen,人参,RS,RS13,Fumarine,PTGS2
Ren Shen,人参,RS,RS13,Fumarine,HTR2C
Ren Shen,人参,RS,RS13,Fumarine,F7
Ren Shen,人参,RS,RS13,Fumarine,VEGFC
Ren Shen,人参,RS,RS13,Fumarine,CHRM4
Ren Shen,人参,RS,RS13,Fumarine,OPRD1
Ren Shen,人参,RS,RS13,Fumarine,PDE3A
Ren Shen,人参,RS,RS13,Fumarine,HTR2A
Ren Shen,人参,RS,RS13,Fumarine,ADRA1B
Ren Shen,人参,RS,RS13,Fumarine,SLC6A3
Ren Shen,人参,RS,RS13,Fumarine,ADRB2
Ren Shen,人参,RS,RS13,Fumarine,ADRA1D
Ren Shen,人参,RS,RS13,Fumarine,TOP2A
Ren Shen,人参,RS,RS13,Fumarine,SLC6A4
Ren Shen,人参,RS,RS13,Fumarine,OPRM1
Ren Shen,人参,RS,RS13,Fumarine,HSP90AA2P
Ren Shen,人参,RS,RS13,Fumarine,PDE4D
Ren Shen,人参,RS,RS13,Fumarine,PRKACA
Ren Shen,人参,RS,RS13,Fumarine,CACNA1S
Ren Shen,人参,RS,RS13,Fumarine,CALML5
Bai Zhu,白术,BZ,BZ1,"14-acetyl-12-senecioyl-2E,8Z,10E-atractylentriol",PTGS2
Bai Zhu,白术,BZ,BZ2,"(3S,8S,9S,10R,13R,14S,17R)-10,13-dimethyl-17-[(2R,5S)-5-propan-2-yloctan-2-yl]-2,3,4,7,8,9,11,12,14,15,16,17-dodecahydro-1H-cyclopenta[a]phenanthren-3-ol",PGR
Bai Zhu,白术,BZ,BZ3,3β-acetoxyatractylone,CHRM3
Bai Zhu,白术,BZ,BZ3,3β-acetoxyatractylone,F2
Bai Zhu,白术,BZ,BZ3,3β-acetoxyatractylone,CHRM1
Bai Zhu,白术,BZ,BZ3,3β-acetoxyatractylone,AR
Bai Zhu,白术,BZ,BZ3,3β-acetoxyatractylone,SCNN1A
Bai Zhu,白术,BZ,BZ3,3β-acetoxyatractylone,PTGS2
Bai Zhu,白术,BZ,BZ3,3β-acetoxyatractylone,NOS3
Bai Zhu,白术,BZ,BZ3,3β-acetoxyatractylone,RXRA
Bai Zhu,白术,BZ,BZ3,3β-acetoxyatractylone,ACHE
Bai Zhu,白术,BZ,BZ3,3β-acetoxyatractylone,ADRA1A
Bai Zhu,白术,BZ,BZ3,3β-acetoxyatractylone,CHRM2
Bai Zhu,白术,BZ,BZ3,3β-acetoxyatractylone,ADRB2
Bai Zhu,白术,BZ,BZ3,3β-acetoxyatractylone,OPRM1
Bai Zhu,白术,BZ,BZ3,3β-acetoxyatractylone,GABRA1
Bai Zhu,白术,BZ,BZ3,3β-acetoxyatractylone,CTSC
Bai Zhu,白术,BZ,BZ3,3β-acetoxyatractylone,CHRNA7
Bai Zhu,白术,BZ,BZ4,8β-ethoxy atractylenolide Ⅲ,PTGS2
Bai Zhu,白术,BZ,BZ4,8β-ethoxy atractylenolide Ⅲ,GABRA1
Bai Zhu,白术,BZ,BZ4,8β-ethoxy atractylenolide Ⅲ,CHRNA7
Bai Zhu,白术,BZ,BZ4,8β-ethoxy atractylenolide Ⅲ,PNRC2
Bai Zhu,白术,BZ,BZ4,8β-ethoxy atractylenolide Ⅲ,NCOA7
Xiang Fu,香附,XF,XF1,Chrysoeriol,KDR
Xiang Fu,香附,XF,XF1,Chrysoeriol,CCNB1
Xiang Fu,香附,XF,XF1,Chrysoeriol,CYP1A1
Xiang Fu,香附,XF,XF1,Chrysoeriol,VTN
Xiang Fu,香附,XF,XF1,Chrysoeriol,MET
Xiang Fu,香附,XF,XF1,Chrysoeriol,CYP1B1
Xiang Fu,香附,XF,XF1,Chrysoeriol,ACE2
Xiang Fu,香附,XF,XF2,Beta-Amyrine,MGLL
Xiang Fu,香附,XF,XF3,Isorhamnetin,MAPK8
Xiang Fu,香附,XF,XF3,Isorhamnetin,CASP3
Xiang Fu,香附,XF,XF3,Isorhamnetin,OLR1
Xiang Fu,香附,XF,XF3,Isorhamnetin,SLCO1B1
Xiang Fu,香附,XF,XF3,Isorhamnetin,MAP2K1
Xiang Fu,香附,XF,XF3,Isorhamnetin,CCNB1
Xiang Fu,香附,XF,XF3,Isorhamnetin,MAPK14
Xiang Fu,香附,XF,XF3,Isorhamnetin,WEE1
Xiang Fu,香附,XF,XF3,Isorhamnetin,SLC47A1
Xiang Fu,香附,XF,XF3,Isorhamnetin,NCF1
Xiang Fu,香附,XF,XF3,Isorhamnetin,CASP8
Xiang Fu,香附,XF,XF3,Isorhamnetin,CAMK2G
Xiang Fu,香附,XF,XF3,Isorhamnetin,TNF
Xiang Fu,香附,XF,XF3,Isorhamnetin,AKT1
Xiang Fu,香附,XF,XF3,Isorhamnetin,PARP1
Xiang Fu,香附,XF,XF3,Isorhamnetin,MAP2K7
Xiang Fu,香附,XF,XF3,Isorhamnetin,PPARG
Xiang Fu,香附,XF,XF3,Isorhamnetin,EGFR
Xiang Fu,香附,XF,XF3,Isorhamnetin,PTGS2
Xiang Fu,香附,XF,XF3,Isorhamnetin,CSK
Xiang Fu,香附,XF,XF3,Isorhamnetin,CRMP1
Xiang Fu,香附,XF,XF3,Isorhamnetin,NOS2
Xiang Fu,香附,XF,XF3,Isorhamnetin,XDH
Xiang Fu,香附,XF,XF4,Eucalyptol,IFNG
Xiang Fu,香附,XF,XF4,Eucalyptol,TNF
Xiang Fu,香附,XF,XF4,Eucalyptol,TRPA1
Xiang Fu,香附,XF,XF4,Eucalyptol,TRPM8
Xiang Fu,香附,XF,XF4,Eucalyptol,NLRP3
Xiang Fu,香附,XF,XF4,Eucalyptol,IL1B
Xiang Fu,香附,XF,XF4,Eucalyptol,MPO
Xiang Fu,香附,XF,XF4,Eucalyptol,IL6
Xiang Fu,香附,XF,XF4,Eucalyptol,TRPV1
Xiang Fu,香附,XF,XF4,Eucalyptol,AHR
Xiang Fu,香附,XF,XF4,Eucalyptol,ACHE
Xiang Fu,香附,XF,XF4,Eucalyptol,IL5
Xiang Fu,香附,XF,XF5,CHLOROGENIC ACID,MAPK8
Xiang Fu,香附,XF,XF5,CHLOROGENIC ACID,GAA
Xiang Fu,香附,XF,XF5,CHLOROGENIC ACID,NOTCH1
Xiang Fu,香附,XF,XF5,CHLOROGENIC ACID,TLR2
Xiang Fu,香附,XF,XF5,CHLOROGENIC ACID,BCHE
Xiang Fu,香附,XF,XF5,CHLOROGENIC ACID,PPARG
Xiang Fu,香附,XF,XF5,CHLOROGENIC ACID,NFKB1
Xiang Fu,香附,XF,XF5,CHLOROGENIC ACID,IRAK4
Xiang Fu,香附,XF,XF5,CHLOROGENIC ACID,BCL2
Xiang Fu,香附,XF,XF5,CHLOROGENIC ACID,VEGFA
Xiang Fu,香附,XF,XF5,CHLOROGENIC ACID,MAPK1
Xiang Fu,香附,XF,XF5,CHLOROGENIC ACID,ACHE
Xiang Fu,香附,XF,XF5,CHLOROGENIC ACID,NEU1
Xiang Fu,香附,XF,XF5,CHLOROGENIC ACID,HDC
Xiang Fu,香附,XF,XF6,Myrtenal,VN1R1
Xiang Fu,香附,XF,XF6,Myrtenal,ACHE
Xiang Fu,香附,XF,XF7,(-)-Limonene,HMGCR
Xiang Fu,香附,XF,XF7,(-)-Limonene,IFNG
Xiang Fu,香附,XF,XF7,(-)-Limonene,IL4
Xiang Fu,香附,XF,XF8,(-)-Alpha-Pinene,NFKB1
Xiang Fu,香附,XF,XF9,Pyrocatechol,COMT
Xiang Fu,香附,XF,XF9,Pyrocatechol,PRDX5
Xiang Fu,香附,XF,XF9,Pyrocatechol,MYB
Xiang Fu,香附,XF,XF9,Pyrocatechol,BCL2
Xiang Fu,香附,XF,XF10,"3,4-Dihydroxybenzoate",CASP3
Xiang Fu,香附,XF,XF10,"3,4-Dihydroxybenzoate",MTOR
Xiang Fu,香附,XF,XF10,"3,4-Dihydroxybenzoate",IL1B
Xiang Fu,香附,XF,XF10,"3,4-Dihydroxybenzoate",PARK7
Xiang Fu,香附,XF,XF10,"3,4-Dihydroxybenzoate",NFKB1
Xiang Fu,香附,XF,XF10,"3,4-Dihydroxybenzoate",MMP2
Xiang Fu,香附,XF,XF10,"3,4-Dihydroxybenzoate",BAX
Xiang Fu,香附,XF,XF10,"3,4-Dihydroxybenzoate",BCL2
Xiang Fu,香附,XF,XF10,"3,4-Dihydroxybenzoate",CASP8
Xiang Fu,香附,XF,XF10,"3,4-Dihydroxybenzoate",AKT1
Xiang Fu,香附,XF,XF10,"3,4-Dihydroxybenzoate",CASP9
Xiang Fu,香附,XF,XF10,"3,4-Dihydroxybenzoate",IL10
Xiang Fu,香附,XF,XF10,"3,4-Dihydroxybenzoate",RHOB
Xiang Fu,香附,XF,XF10,"3,4-Dihydroxybenzoate",NFE2L2
Xiang Fu,香附,XF,XF11,Patchouli Alcohol,CLDN1
Xiang Fu,香附,XF,XF11,Patchouli Alcohol,TJP1
Xiang Fu,香附,XF,XF11,Patchouli Alcohol,TJP2
Xiang Fu,香附,XF,XF11,Patchouli Alcohol,IDO1
Xiang Fu,香附,XF,XF11,Patchouli Alcohol,BAX
Xiang Fu,香附,XF,XF11,Patchouli Alcohol,BCL2
Xiang Fu,香附,XF,XF11,Patchouli Alcohol,TPH1
Xiang Fu,香附,XF,XF11,Patchouli Alcohol,RIPK3
Xiang Fu,香附,XF,XF11,Patchouli Alcohol,MUC2
Xiang Fu,香附,XF,XF11,Patchouli Alcohol,MUC1
Xiang Fu,香附,XF,XF11,Patchouli Alcohol,MLKL
Xiang Fu,香附,XF,XF11,Patchouli Alcohol,OCLN
Xiang Fu,香附,XF,XF12,4-HYDROXYBENZOIC ACID,HDAC6
Xiang Fu,香附,XF,XF13,NOOTKATONE,PRKAA1
Xiang Fu,香附,XF,XF13,NOOTKATONE,PRKAA2
Xiang Fu,香附,XF,XF14,Hyperoside,UGT1A1
Xiang Fu,香附,XF,XF14,Hyperoside,SIRT1
Xiang Fu,香附,XF,XF14,Hyperoside,CASP3
Xiang Fu,香附,XF,XF14,Hyperoside,EPHB1
Xiang Fu,香附,XF,XF14,Hyperoside,HMOX1
Xiang Fu,香附,XF,XF14,Hyperoside,EDNRA
Xiang Fu,香附,XF,XF14,Hyperoside,CAT
Xiang Fu,香附,XF,XF14,Hyperoside,NFE2L2
Xiang Fu,香附,XF,same8,quercetin,GAA
Xiang Fu,香附,XF,same8,quercetin,TXN
Xiang Fu,香附,XF,same8,quercetin,CD40LG
Xiang Fu,香附,XF,same8,quercetin,CCL2
Xiang Fu,香附,XF,same8,quercetin,LDLR
Xiang Fu,香附,XF,same8,quercetin,GABRR3
Xiang Fu,香附,XF,same8,quercetin,EGF
Xiang Fu,香附,XF,same8,quercetin,SLPI
Xiang Fu,香附,XF,same8,quercetin,CCNB1
Xiang Fu,香附,XF,same8,quercetin,PRKCA
Xiang Fu,香附,XF,same8,quercetin,PLAT
Xiang Fu,香附,XF,same8,quercetin,CYP1A1
Xiang Fu,香附,XF,same8,quercetin,PIK3CA
Xiang Fu,香附,XF,same8,quercetin,CLDN4
Xiang Fu,香附,XF,same8,quercetin,COMT
Xiang Fu,香附,XF,same8,quercetin,IL2
Xiang Fu,香附,XF,same8,quercetin,CASP9
Xiang Fu,香附,XF,same8,quercetin,MCL1
Xiang Fu,香附,XF,same8,quercetin,AURKB
Xiang Fu,香附,XF,same8,quercetin,POR
Xiang Fu,香附,XF,same8,quercetin,PON1
Xiang Fu,香附,XF,same8,quercetin,AXIN1
Xiang Fu,香附,XF,same8,quercetin,GSK3B
Xiang Fu,香附,XF,same8,quercetin,SERPINE1
Xiang Fu,香附,XF,same8,quercetin,HSPB1
Xiang Fu,香附,XF,same8,quercetin,E2F2
Xiang Fu,香附,XF,same8,quercetin,KHK
Xiang Fu,香附,XF,same8,quercetin,CRTC1
Xiang Fu,香附,XF,same8,quercetin,HNRNPA1
Xiang Fu,香附,XF,same8,quercetin,NDUFV2
Xiang Fu,香附,XF,same8,quercetin,DNAJC5
Xiang Fu,香附,XF,same8,quercetin,EGR1
Xiang Fu,香附,XF,same8,quercetin,PRKAA1
Xiang Fu,香附,XF,same8,quercetin,CRH
Xiang Fu,香附,XF,same8,quercetin,TJP1
Xiang Fu,香附,XF,same8,quercetin,THBS1
Xiang Fu,香附,XF,same8,quercetin,JUN
Xiang Fu,香附,XF,same8,quercetin,MYC
Xiang Fu,香附,XF,same8,quercetin,MMP2
Xiang Fu,香附,XF,same8,quercetin,APOE
Xiang Fu,香附,XF,same8,quercetin,CTSD
Xiang Fu,香附,XF,same8,quercetin,LPCAT1
Xiang Fu,香附,XF,same8,quercetin,BDNF
Xiang Fu,香附,XF,same8,quercetin,CYP2C8
Xiang Fu,香附,XF,same8,quercetin,FASN
Xiang Fu,香附,XF,same8,quercetin,USP10
Xiang Fu,香附,XF,same8,quercetin,ELK1
Xiang Fu,香附,XF,same8,quercetin,CPT1A
Xiang Fu,香附,XF,same8,quercetin,CAT
Xiang Fu,香附,XF,same8,quercetin,PGP
Xiang Fu,香附,XF,same8,quercetin,HIF1A
Xiang Fu,香附,XF,same8,quercetin,AR
Xiang Fu,香附,XF,same8,quercetin,NR1I3
Xiang Fu,香附,XF,same8,quercetin,MAP3K5
Xiang Fu,香附,XF,same8,quercetin,ACHE
Xiang Fu,香附,XF,same8,quercetin,CDKN2A
Xiang Fu,香附,XF,same8,quercetin,IRF1
Xiang Fu,香附,XF,same8,quercetin,XDH
Xiang Fu,香附,XF,same8,quercetin,MAPK8
Xiang Fu,香附,XF,same8,quercetin,CLDN5
Xiang Fu,香附,XF,same8,quercetin,SLC2A4
Xiang Fu,香附,XF,same8,quercetin,NQO1
Xiang Fu,香附,XF,same8,quercetin,MRC1
Xiang Fu,香附,XF,same8,quercetin,RAF1
Xiang Fu,香附,XF,same8,quercetin,CHUK
Xiang Fu,香附,XF,same8,quercetin,CD274
Xiang Fu,香附,XF,same8,quercetin,BCL2L1
Xiang Fu,香附,XF,same8,quercetin,MPO
Xiang Fu,香附,XF,same8,quercetin,HMOX1
Xiang Fu,香附,XF,same8,quercetin,CCND1
Xiang Fu,香附,XF,same8,quercetin,CDH1
Xiang Fu,香附,XF,same8,quercetin,PLAU
Xiang Fu,香附,XF,same8,quercetin,TXNIP
Xiang Fu,香附,XF,same8,quercetin,CASP8
Xiang Fu,香附,XF,same8,quercetin,CRP
Xiang Fu,香附,XF,same8,quercetin,RELA
Xiang Fu,香附,XF,same8,quercetin,COL1A1
Xiang Fu,香附,XF,same8,quercetin,LGALS1
Xiang Fu,香附,XF,same8,quercetin,IL10
Xiang Fu,香附,XF,same8,quercetin,CYP2E1
Xiang Fu,香附,XF,same8,quercetin,SNCA
Xiang Fu,香附,XF,same8,quercetin,VDR
Xiang Fu,香附,XF,same8,quercetin,CXCL10
Xiang Fu,香附,XF,same8,quercetin,HSPA4
Xiang Fu,香附,XF,same8,quercetin,PRKCB
Xiang Fu,香附,XF,same8,quercetin,STAT1
Xiang Fu,香附,XF,same8,quercetin,GK
Xiang Fu,香附,XF,same8,quercetin,NKX3-1
Xiang Fu,香附,XF,same8,quercetin,MECP2
Xiang Fu,香附,XF,same8,quercetin,GSTP1
Xiang Fu,香附,XF,same8,quercetin,ICAM1
Xiang Fu,香附,XF,same8,quercetin,CSF3
Xiang Fu,香附,XF,same8,quercetin,PTEN
Xiang Fu,香附,XF,same8,quercetin,PTX3
Xiang Fu,香附,XF,same8,quercetin,PTPN11
Xiang Fu,香附,XF,same8,quercetin,AXIN2
Xiang Fu,香附,XF,same8,quercetin,BAX
Xiang Fu,香附,XF,same8,quercetin,PTGS1
Xiang Fu,香附,XF,same8,quercetin,ERBB3
Xiang Fu,香附,XF,same8,quercetin,CREB1
Xiang Fu,香附,XF,same8,quercetin,GSTM2
Xiang Fu,香附,XF,same8,quercetin,UQCRC1
Xiang Fu,香附,XF,same8,quercetin,FOS
Xiang Fu,香附,XF,same8,quercetin,NGF
Xiang Fu,香附,XF,same8,quercetin,CYP3A4
Xiang Fu,香附,XF,same8,quercetin,CEBPB
Xiang Fu,香附,XF,same8,quercetin,IL6
Xiang Fu,香附,XF,same8,quercetin,XBP1
Xiang Fu,香附,XF,same8,quercetin,ACE2
Xiang Fu,香附,XF,same8,quercetin,IL17A
Xiang Fu,香附,XF,same8,quercetin,NFE2L2
Xiang Fu,香附,XF,same8,quercetin,CASP3
Xiang Fu,香附,XF,same8,quercetin,CD86
Xiang Fu,香附,XF,same8,quercetin,CDKN1A
Xiang Fu,香附,XF,same8,quercetin,IL1A
Xiang Fu,香附,XF,same8,quercetin,MAPK14
Xiang Fu,香附,XF,same8,quercetin,F3
Xiang Fu,香附,XF,same8,quercetin,CTNNB1
Xiang Fu,香附,XF,same8,quercetin,VTN
Xiang Fu,香附,XF,same8,quercetin,ERN2
Xiang Fu,香附,XF,same8,quercetin,NFKB1
Xiang Fu,香附,XF,same8,quercetin,CYP1B1
Xiang Fu,香附,XF,same8,quercetin,F2
Xiang Fu,香附,XF,same8,quercetin,ATF4
Xiang Fu,香附,XF,same8,quercetin,SLC23A1
Xiang Fu,香附,XF,same8,quercetin,SELE
Xiang Fu,香附,XF,same8,quercetin,HSPA5
Xiang Fu,香附,XF,same8,quercetin,HSP90B2P
Xiang Fu,香附,XF,same8,quercetin,CAV1
Xiang Fu,香附,XF,same8,quercetin,VIM2P
Xiang Fu,香附,XF,same8,quercetin,BRCA1
Xiang Fu,香附,XF,same8,quercetin,VEGFA
Xiang Fu,香附,XF,same8,quercetin,ODC1
Xiang Fu,香附,XF,same8,quercetin,CDK1
Xiang Fu,香附,XF,same8,quercetin,LEF1
Xiang Fu,香附,XF,same8,quercetin,UGT1A9
Xiang Fu,香附,XF,same8,quercetin,CXCL8
Xiang Fu,香附,XF,same8,quercetin,PTK2B
Xiang Fu,香附,XF,same8,quercetin,VCAM1
Xiang Fu,香附,XF,same8,quercetin,CHEK2
Xiang Fu,香附,XF,same8,quercetin,FOSL1
Xiang Fu,香附,XF,same8,quercetin,NR1I2
Xiang Fu,香附,XF,same8,quercetin,PRKAA2
Xiang Fu,香附,XF,same8,quercetin,RUNX2
Xiang Fu,香附,XF,same8,quercetin,ABCG2
Xiang Fu,香附,XF,same8,quercetin,NPEPPS
Xiang Fu,香附,XF,same8,quercetin,SCD
Xiang Fu,香附,XF,same8,quercetin,NR1H3
Xiang Fu,香附,XF,same8,quercetin,UGT1A3
Xiang Fu,香附,XF,same8,quercetin,BMP2
Xiang Fu,香附,XF,same8,quercetin,SPP1
Xiang Fu,香附,XF,same8,quercetin,RB1
Xiang Fu,香附,XF,same8,quercetin,HVCN1
Xiang Fu,香附,XF,same8,quercetin,NCF1
Xiang Fu,香附,XF,same8,quercetin,BCL2
Xiang Fu,香附,XF,same8,quercetin,MLXIPL
Xiang Fu,香附,XF,same8,quercetin,ADIPOQ
Xiang Fu,香附,XF,same8,quercetin,NOS3
Xiang Fu,香附,XF,same8,quercetin,EGFR
Xiang Fu,香附,XF,same8,quercetin,INSR
Xiang Fu,香附,XF,same8,quercetin,NFKBIA
Xiang Fu,香附,XF,same8,quercetin,HK2
Xiang Fu,香附,XF,same8,quercetin,SLC16A1
Xiang Fu,香附,XF,same8,quercetin,NOS2
Xiang Fu,香附,XF,same8,quercetin,NLRP3
Xiang Fu,香附,XF,same8,quercetin,MTOR
Xiang Fu,香附,XF,same8,quercetin,LPCAT2
Xiang Fu,香附,XF,same8,quercetin,SLC2A1
Xiang Fu,香附,XF,same8,quercetin,TP53
Xiang Fu,香附,XF,same8,quercetin,HSF1
Xiang Fu,香附,XF,same8,quercetin,ERBB2
Xiang Fu,香附,XF,same8,quercetin,TYR
Xiang Fu,香附,XF,same8,quercetin,IL1B
Xiang Fu,香附,XF,same8,quercetin,LYN
Xiang Fu,香附,XF,same8,quercetin,KDM1A
Xiang Fu,香附,XF,same8,quercetin,MUC5AC
Xiang Fu,香附,XF,same8,quercetin,NRF1
Xiang Fu,香附,XF,same8,quercetin,IGFBP3
Xiang Fu,香附,XF,same8,quercetin,IFNG
Xiang Fu,香附,XF,same8,quercetin,SIRT1
Xiang Fu,香附,XF,same8,quercetin,PARP1
Xiang Fu,香附,XF,same8,quercetin,AKT1
Xiang Fu,香附,XF,same8,quercetin,MMP1
Xiang Fu,香附,XF,same8,quercetin,VIM
Xiang Fu,香附,XF,same8,quercetin,PTGS2
Xiang Fu,香附,XF,same8,quercetin,GCK
Xiang Fu,香附,XF,same8,quercetin,CYP1A2
Xiang Fu,香附,XF,same8,quercetin,MAOA
Xiang Fu,香附,XF,same8,quercetin,MAPK1
Xiang Fu,香附,XF,same8,quercetin,ABCA1
Xiang Fu,香附,XF,same8,quercetin,UGT1A1
Xiang Fu,香附,XF,same8,quercetin,MMP9
Xiang Fu,香附,XF,same8,quercetin,SULT1E1
Xiang Fu,香附,XF,same8,quercetin,RASSF1
Xiang Fu,香附,XF,same8,quercetin,CXCL2
Xiang Fu,香附,XF,same8,quercetin,TOP2A
Xiang Fu,香附,XF,same8,quercetin,PRKCD
Xiang Fu,香附,XF,same8,quercetin,JAK2
Xiang Fu,香附,XF,same8,quercetin,HSP90AA1
Xiang Fu,香附,XF,same8,quercetin,GSTM1
Xiang Fu,香附,XF,same8,quercetin,STAT3
Xiang Fu,香附,XF,same8,quercetin,TOP1
Xiang Fu,香附,XF,same8,quercetin,P2RX4
Xiang Fu,香附,XF,same8,quercetin,TNF
Xiang Fu,香附,XF,same8,quercetin,TGFB1
Xiang Fu,香附,XF,same8,quercetin,TBK1
Xiang Fu,香附,XF,same8,quercetin,TNFRSF10B
Xiang Fu,香附,XF,same8,quercetin,PPARA
Xiang Fu,香附,XF,same8,quercetin,CSF2
Xiang Fu,香附,XF,same8,quercetin,PIK3CB
Xiang Fu,香附,XF,same8,quercetin,MAPK3
Xiang Fu,香附,XF,same8,quercetin,CYP2C19
Xiang Fu,香附,XF,same8,quercetin,E2F1
Xiang Fu,香附,XF,same8,quercetin,EIF2S1
Xiang Fu,香附,XF,same8,quercetin,AHR
Xiang Fu,香附,XF,XF15,Caffeic Acid,CYP2C9
Xiang Fu,香附,XF,XF15,Caffeic Acid,SELP
Xiang Fu,香附,XF,XF15,Caffeic Acid,RAC1
Xiang Fu,香附,XF,XF15,Caffeic Acid,HMOX1
Xiang Fu,香附,XF,XF15,Caffeic Acid,ALOX5
Xiang Fu,香附,XF,XF15,Caffeic Acid,CYP1A1
Xiang Fu,香附,XF,XF15,Caffeic Acid,BCHE
Xiang Fu,香附,XF,XF15,Caffeic Acid,CTSC
Xiang Fu,香附,XF,XF15,Caffeic Acid,KCNN4
Xiang Fu,香附,XF,XF15,Caffeic Acid,NFKB1
Xiang Fu,香附,XF,XF15,Caffeic Acid,PTGS1
Xiang Fu,香附,XF,XF15,Caffeic Acid,TLR4
Xiang Fu,香附,XF,XF15,Caffeic Acid,TOP1
Xiang Fu,香附,XF,XF15,Caffeic Acid,TNF
Xiang Fu,香附,XF,XF15,Caffeic Acid,CYP2D6
Xiang Fu,香附,XF,XF15,Caffeic Acid,CYP3A4
Xiang Fu,香附,XF,XF15,Caffeic Acid,MAPK3
Xiang Fu,香附,XF,XF15,Caffeic Acid,GFAP
Xiang Fu,香附,XF,XF15,Caffeic Acid,PTGS2
Xiang Fu,香附,XF,XF15,Caffeic Acid,PRKCB
Xiang Fu,香附,XF,XF15,Caffeic Acid,CYP1A2
Xiang Fu,香附,XF,XF15,Caffeic Acid,CYP2C19
Xiang Fu,香附,XF,XF15,Caffeic Acid,MAPK1
Xiang Fu,香附,XF,XF15,Caffeic Acid,ACHE
Xiang Fu,香附,XF,XF15,Caffeic Acid,NFE2L2
Xiang Fu,香附,XF,XF16,Oridonin,DNMT3A
Xiang Fu,香附,XF,XF16,Oridonin,ATHS
Xiang Fu,香附,XF,XF16,Oridonin,IL1B
Xiang Fu,香附,XF,XF16,Oridonin,PCNA
Xiang Fu,香附,XF,XF16,Oridonin,CDH1
Xiang Fu,香附,XF,XF16,Oridonin,MYC
Xiang Fu,香附,XF,XF16,Oridonin,ITGB3
Xiang Fu,香附,XF,XF16,Oridonin,SNAI2
Xiang Fu,香附,XF,XF16,Oridonin,SNAI1
Xiang Fu,香附,XF,XF16,Oridonin,VIM
Xiang Fu,香附,XF,XF16,Oridonin,PTK2
Xiang Fu,香附,XF,XF16,Oridonin,VEGFA
Xiang Fu,香附,XF,XF16,Oridonin,GPT
Xiang Fu,香附,XF,XF17,"3,4-DIHYDROXYBENZOIC ACID",AKT1
Xiang Fu,香附,XF,XF17,"3,4-DIHYDROXYBENZOIC ACID",MGAM
Xiang Fu,香附,XF,XF18,Rotundine,ABCB1
Xiang Fu,香附,XF,same10,Stigmasterol,ABCB11
Xiang Fu,香附,XF,same10,Stigmasterol,APP
Xiang Fu,香附,XF,same10,Stigmasterol,TLR4
Xiang Fu,香附,XF,same10,Stigmasterol,AKT1
Xiang Fu,香附,XF,same10,Stigmasterol,ABCC2
Xiang Fu,香附,XF,same10,Stigmasterol,BACE1
Xiang Fu,香附,XF,same10,Stigmasterol,NR1H3
Xiang Fu,香附,XF,same10,Stigmasterol,NR1H2
Xiang Fu,香附,XF,same10,Stigmasterol,NR1H4
Xiang Fu,香附,XF,same10,Stigmasterol,ABCG5
Xiang Fu,香附,XF,same10,Stigmasterol,ABCG8
Xiang Fu,香附,XF,XF19,Alpha-Spinasterol,NR1H3
Xiang Fu,香附,XF,XF19,Alpha-Spinasterol,NR1H2
Xiang Fu,香附,XF,XF19,Alpha-Spinasterol,TRPV1
Xiang Fu,香附,XF,XF20,Tricin,SULT1E1
Xiang Fu,香附,XF,XF20,Tricin,TYR
Xiang Fu,香附,XF,XF20,Tricin,PTGS1
Xiang Fu,香附,XF,XF20,Tricin,PTGS2
Xiang Fu,香附,XF,XF21,Vanillic Acid,PPARG
Xiang Fu,香附,XF,XF21,Vanillic Acid,TYR
Xiang Fu,香附,XF,XF21,Vanillic Acid,CEBPA
Xiang Fu,香附,XF,XF21,Vanillic Acid,CA3
Xiang Fu,香附,XF,XF21,Vanillic Acid,HIF1A
Xiang Fu,香附,XF,XF21,Vanillic Acid,NOS3
Xiang Fu,香附,XF,XF21,Vanillic Acid,TYRP1
Xiang Fu,香附,XF,XF22,RUTIN,CASP3
Xiang Fu,香附,XF,XF22,RUTIN,S100A8
Xiang Fu,香附,XF,XF22,RUTIN,MAPK14
Xiang Fu,香附,XF,XF22,RUTIN,P4HB
Xiang Fu,香附,XF,XF22,RUTIN,PPARG
Xiang Fu,香附,XF,XF22,RUTIN,PPARGC1A
Xiang Fu,香附,XF,XF22,RUTIN,TFAM
Xiang Fu,香附,XF,XF22,RUTIN,FN1
Xiang Fu,香附,XF,XF22,RUTIN,BCL2
Xiang Fu,香附,XF,XF22,RUTIN,HMGCR
Xiang Fu,香附,XF,XF22,RUTIN,STAT4
Xiang Fu,香附,XF,XF22,RUTIN,FAS
Xiang Fu,香附,XF,XF22,RUTIN,CAT
Xiang Fu,香附,XF,XF22,RUTIN,CBR1
Xiang Fu,香附,XF,XF22,RUTIN,UCP1
Xiang Fu,香附,XF,XF22,RUTIN,MAPK8
Xiang Fu,香附,XF,XF22,RUTIN,MTOR
Xiang Fu,香附,XF,XF22,RUTIN,MPO
Xiang Fu,香附,XF,XF22,RUTIN,IL1B
Xiang Fu,香附,XF,XF22,RUTIN,SIRT1
Xiang Fu,香附,XF,XF22,RUTIN,IFNG
Xiang Fu,香附,XF,XF22,RUTIN,INS
Xiang Fu,香附,XF,XF22,RUTIN,CXCL1
Xiang Fu,香附,XF,XF22,RUTIN,BACE1
Xiang Fu,香附,XF,XF22,RUTIN,ADA
Xiang Fu,香附,XF,XF22,RUTIN,MARK4
Xiang Fu,香附,XF,XF22,RUTIN,ACTA2
Xiang Fu,香附,XF,XF22,RUTIN,TNF
Xiang Fu,香附,XF,XF22,RUTIN,TGFB1
Xiang Fu,香附,XF,XF22,RUTIN,NR1H4
Xiang Fu,香附,XF,XF22,RUTIN,AKR1C3
Xiang Fu,香附,XF,XF22,RUTIN,IL6
Xiang Fu,香附,XF,XF22,RUTIN,PROCR
Xiang Fu,香附,XF,XF23,3beta-Hydroxyurs-12-En-28-Syre,CASP3
Xiang Fu,香附,XF,XF23,3beta-Hydroxyurs-12-En-28-Syre,NOP2
Xiang Fu,香附,XF,XF23,3beta-Hydroxyurs-12-En-28-Syre,CCL2
Xiang Fu,香附,XF,XF23,3beta-Hydroxyurs-12-En-28-Syre,CEBPA
Xiang Fu,香附,XF,XF23,3beta-Hydroxyurs-12-En-28-Syre,CDKN1A
Xiang Fu,香附,XF,XF23,3beta-Hydroxyurs-12-En-28-Syre,MAPK14
Xiang Fu,香附,XF,XF23,3beta-Hydroxyurs-12-En-28-Syre,CTNNB1
Xiang Fu,香附,XF,XF23,3beta-Hydroxyurs-12-En-28-Syre,PMAIP1
Xiang Fu,香附,XF,XF23,3beta-Hydroxyurs-12-En-28-Syre,NFKB1
Xiang Fu,香附,XF,XF23,3beta-Hydroxyurs-12-En-28-Syre,IGF1
Xiang Fu,香附,XF,XF23,3beta-Hydroxyurs-12-En-28-Syre,PIK3CA
Xiang Fu,香附,XF,XF23,3beta-Hydroxyurs-12-En-28-Syre,PIK3CD
Xiang Fu,香附,XF,XF23,3beta-Hydroxyurs-12-En-28-Syre,DNMT1
Xiang Fu,香附,XF,XF23,3beta-Hydroxyurs-12-En-28-Syre,IGFBP1
Xiang Fu,香附,XF,XF23,3beta-Hydroxyurs-12-En-28-Syre,LRRK2
Xiang Fu,香附,XF,XF23,3beta-Hydroxyurs-12-En-28-Syre,CASP9
Xiang Fu,香附,XF,XF23,3beta-Hydroxyurs-12-En-28-Syre,EZR
Xiang Fu,香附,XF,XF23,3beta-Hydroxyurs-12-En-28-Syre,MCL1
Xiang Fu,香附,XF,XF23,3beta-Hydroxyurs-12-En-28-Syre,VEGFA
Xiang Fu,香附,XF,XF23,3beta-Hydroxyurs-12-En-28-Syre,TRIM63
Xiang Fu,香附,XF,XF23,3beta-Hydroxyurs-12-En-28-Syre,WDR12
Xiang Fu,香附,XF,XF23,3beta-Hydroxyurs-12-En-28-Syre,BBC3
Xiang Fu,香附,XF,XF23,3beta-Hydroxyurs-12-En-28-Syre,CYCS
Xiang Fu,香附,XF,XF23,3beta-Hydroxyurs-12-En-28-Syre,CFLAR
Xiang Fu,香附,XF,XF23,3beta-Hydroxyurs-12-En-28-Syre,TCF4
Xiang Fu,香附,XF,XF23,3beta-Hydroxyurs-12-En-28-Syre,MAPK9
Xiang Fu,香附,XF,XF23,3beta-Hydroxyurs-12-En-28-Syre,BCL2
Xiang Fu,香附,XF,XF23,3beta-Hydroxyurs-12-En-28-Syre,NOX4
Xiang Fu,香附,XF,XF23,3beta-Hydroxyurs-12-En-28-Syre,MSTN
Xiang Fu,香附,XF,XF23,3beta-Hydroxyurs-12-En-28-Syre,KRAS
Xiang Fu,香附,XF,XF23,3beta-Hydroxyurs-12-En-28-Syre,MAP2K2
Xiang Fu,香附,XF,XF23,3beta-Hydroxyurs-12-En-28-Syre,EGFR
Xiang Fu,香附,XF,XF23,3beta-Hydroxyurs-12-En-28-Syre,NFKBIA
Xiang Fu,香附,XF,XF23,3beta-Hydroxyurs-12-En-28-Syre,PIK3CG
Xiang Fu,香附,XF,XF23,3beta-Hydroxyurs-12-En-28-Syre,EP300
Xiang Fu,香附,XF,XF23,3beta-Hydroxyurs-12-En-28-Syre,MAPK8
Xiang Fu,香附,XF,XF23,3beta-Hydroxyurs-12-En-28-Syre,MTOR
Xiang Fu,香附,XF,XF23,3beta-Hydroxyurs-12-En-28-Syre,TP53
Xiang Fu,香附,XF,XF23,3beta-Hydroxyurs-12-En-28-Syre,EIF2AK3
Xiang Fu,香附,XF,XF23,3beta-Hydroxyurs-12-En-28-Syre,MAP2K1
Xiang Fu,香附,XF,XF23,3beta-Hydroxyurs-12-En-28-Syre,CHUK
Xiang Fu,香附,XF,XF23,3beta-Hydroxyurs-12-En-28-Syre,BCL2L1
Xiang Fu,香附,XF,XF23,3beta-Hydroxyurs-12-En-28-Syre,CCND1
Xiang Fu,香附,XF,XF23,3beta-Hydroxyurs-12-En-28-Syre,RRN3
Xiang Fu,香附,XF,XF23,3beta-Hydroxyurs-12-En-28-Syre,IKBKB
Xiang Fu,香附,XF,XF23,3beta-Hydroxyurs-12-En-28-Syre,FBXW7
Xiang Fu,香附,XF,XF23,3beta-Hydroxyurs-12-En-28-Syre,CASP8
Xiang Fu,香附,XF,XF23,3beta-Hydroxyurs-12-En-28-Syre,RELA
Xiang Fu,香附,XF,XF23,3beta-Hydroxyurs-12-En-28-Syre,AKT1
Xiang Fu,香附,XF,XF23,3beta-Hydroxyurs-12-En-28-Syre,SYP
Xiang Fu,香附,XF,XF23,3beta-Hydroxyurs-12-En-28-Syre,INS
Xiang Fu,香附,XF,XF23,3beta-Hydroxyurs-12-En-28-Syre,PTGS2
Xiang Fu,香附,XF,XF23,3beta-Hydroxyurs-12-En-28-Syre,MAPK1
Xiang Fu,香附,XF,XF23,3beta-Hydroxyurs-12-En-28-Syre,MMP9
Xiang Fu,香附,XF,XF23,3beta-Hydroxyurs-12-En-28-Syre,BRAF
Xiang Fu,香附,XF,XF23,3beta-Hydroxyurs-12-En-28-Syre,FOXO3
Xiang Fu,香附,XF,XF23,3beta-Hydroxyurs-12-En-28-Syre,ICAM1
Xiang Fu,香附,XF,XF23,3beta-Hydroxyurs-12-En-28-Syre,EZH2
Xiang Fu,香附,XF,XF23,3beta-Hydroxyurs-12-En-28-Syre,STAT3
Xiang Fu,香附,XF,XF23,3beta-Hydroxyurs-12-En-28-Syre,TNF
Xiang Fu,香附,XF,XF23,3beta-Hydroxyurs-12-En-28-Syre,COL11A2
Xiang Fu,香附,XF,XF23,3beta-Hydroxyurs-12-En-28-Syre,NR3C1
Xiang Fu,香附,XF,XF23,3beta-Hydroxyurs-12-En-28-Syre,PIK3CB
Xiang Fu,香附,XF,XF23,3beta-Hydroxyurs-12-En-28-Syre,MAPK3
Xiang Fu,香附,XF,XF23,3beta-Hydroxyurs-12-En-28-Syre,CT45A2
Xiang Fu,香附,XF,XF23,3beta-Hydroxyurs-12-En-28-Syre,BIRC5
Xiang Fu,香附,XF,XF23,3beta-Hydroxyurs-12-En-28-Syre,IL6
Xiang Fu,香附,XF,XF23,3beta-Hydroxyurs-12-En-28-Syre,GLRX
Xiang Fu,香附,XF,XF23,3beta-Hydroxyurs-12-En-28-Syre,H3F3AP6
Xiang Fu,香附,XF,XF24,Visnagin,IL1B
Xiang Fu,香附,XF,XF24,Visnagin,MDH2
Xiang Fu,香附,XF,XF25,Aristolone,NOS3
Xiang Fu,香附,XF,XF25,Aristolone,AKT1
Xiang Fu,香附,XF,XF26,Linalool,SOD2
Xiang Fu,香附,XF,XF26,Linalool,PPARA
Xiang Fu,香附,XF,XF26,Linalool,NPY
Xiang Fu,香附,XF,same2,beta-sitosterol,CASP3
Xiang Fu,香附,XF,same2,beta-sitosterol,PRKCA
Xiang Fu,香附,XF,same2,beta-sitosterol,CASP9
Xiang Fu,香附,XF,same2,beta-sitosterol,MAP2
Xiang Fu,香附,XF,same2,beta-sitosterol,PRKAA2
Xiang Fu,香附,XF,same2,beta-sitosterol,BCL2
Xiang Fu,香附,XF,same2,beta-sitosterol,CASP8
Xiang Fu,香附,XF,same2,beta-sitosterol,BAX
Xiang Fu,香附,XF,same2,beta-sitosterol,TGFB1
Xiang Fu,香附,XF,same2,beta-sitosterol,EDN1
Xiang Fu,香附,XF,XF27,Delphinidin,CLDN1
Xiang Fu,香附,XF,XF27,Delphinidin,MMP9
Xiang Fu,香附,XF,XF27,Delphinidin,MAPK8
Xiang Fu,香附,XF,XF27,Delphinidin,CASP3
Xiang Fu,香附,XF,XF27,Delphinidin,FN1
Xiang Fu,香附,XF,XF27,Delphinidin,MTOR
Xiang Fu,香附,XF,XF27,Delphinidin,PRKAA1
Xiang Fu,香附,XF,XF27,Delphinidin,FOSL2
Xiang Fu,香附,XF,XF27,Delphinidin,JUND
Xiang Fu,香附,XF,XF27,Delphinidin,JUN
Xiang Fu,香附,XF,XF27,Delphinidin,CCND1
Xiang Fu,香附,XF,XF27,Delphinidin,PLEK
Xiang Fu,香附,XF,XF27,Delphinidin,PCNA
Xiang Fu,香附,XF,XF27,Delphinidin,CYP1A1
Xiang Fu,香附,XF,XF27,Delphinidin,CTNNB1
Xiang Fu,香附,XF,XF27,Delphinidin,JUNB
Xiang Fu,香附,XF,XF27,Delphinidin,MMP2
Xiang Fu,香附,XF,XF27,Delphinidin,NFKB1
Xiang Fu,香附,XF,XF27,Delphinidin,PIK3CA
Xiang Fu,香附,XF,XF27,Delphinidin,NSFL1C
Xiang Fu,香附,XF,XF27,Delphinidin,PIK3CD
Xiang Fu,香附,XF,XF27,Delphinidin,CASP8
Xiang Fu,香附,XF,XF27,Delphinidin,EIF4E
Xiang Fu,香附,XF,XF27,Delphinidin,TGFB1
Xiang Fu,香附,XF,XF27,Delphinidin,MT2A
Xiang Fu,香附,XF,XF27,Delphinidin,MT1A
Xiang Fu,香附,XF,XF27,Delphinidin,AKT1
Xiang Fu,香附,XF,XF27,Delphinidin,KRT14
Xiang Fu,香附,XF,XF27,Delphinidin,HDAC3
Xiang Fu,香附,XF,XF27,Delphinidin,MMP1
Xiang Fu,香附,XF,XF27,Delphinidin,LOXL2
Xiang Fu,香附,XF,XF27,Delphinidin,KRT10
Xiang Fu,香附,XF,XF27,Delphinidin,VEGFA
Xiang Fu,香附,XF,XF27,Delphinidin,PIK3CB
Xiang Fu,香附,XF,XF27,Delphinidin,FGFR1
Xiang Fu,香附,XF,XF27,Delphinidin,CYP3A4
Xiang Fu,香附,XF,XF27,Delphinidin,EGFR
Xiang Fu,香附,XF,XF27,Delphinidin,VDR
Xiang Fu,香附,XF,XF27,Delphinidin,CASP7
Xiang Fu,香附,XF,XF27,Delphinidin,TERT
Xiang Fu,香附,XF,XF27,Delphinidin,HIF1A
Xiang Fu,香附,XF,XF27,Delphinidin,KRT1
Xiang Fu,香附,XF,XF27,Delphinidin,RPS6KB1
Xiang Fu,香附,XF,XF27,Delphinidin,CASP14
Xiang Fu,香附,XF,XF27,Delphinidin,IFI27
Xiang Fu,香附,XF,XF27,Delphinidin,FOSL1
Xiang Fu,香附,XF,XF27,Delphinidin,FLG
Xiang Fu,香附,XF,XF27,Delphinidin,PIK3CG
Xiang Fu,香附,XF,XF27,Delphinidin,OCLN
Xiang Fu,香附,XF,XF28,Humulene,IL1B
Xiang Fu,香附,XF,XF28,Humulene,TNF
Xiang Fu,香附,XF,same6,kaempferol,MAPK8
Xiang Fu,香附,XF,same6,kaempferol,CASP3
Xiang Fu,香附,XF,same6,kaempferol,TXN
Xiang Fu,香附,XF,same6,kaempferol,SLCO1B1
Xiang Fu,香附,XF,same6,kaempferol,LYN
Xiang Fu,香附,XF,same6,kaempferol,MAPK14
Xiang Fu,香附,XF,same6,kaempferol,HMOX1
Xiang Fu,香附,XF,same6,kaempferol,PARK7
Xiang Fu,香附,XF,same6,kaempferol,BIRC2
Xiang Fu,香附,XF,same6,kaempferol,PLEK
Xiang Fu,香附,XF,same6,kaempferol,CYP1A1
Xiang Fu,香附,XF,same6,kaempferol,NFKB1
Xiang Fu,香附,XF,same6,kaempferol,NSFL1C
Xiang Fu,香附,XF,same6,kaempferol,CYP1B1
Xiang Fu,香附,XF,same6,kaempferol,MYLK3
Xiang Fu,香附,XF,same6,kaempferol,AKT1
Xiang Fu,香附,XF,same6,kaempferol,BIRC3
Xiang Fu,香附,XF,same6,kaempferol,PPARG
Xiang Fu,香附,XF,same6,kaempferol,SELE
Xiang Fu,香附,XF,same6,kaempferol,BTK
Xiang Fu,香附,XF,same6,kaempferol,MIR21
Xiang Fu,香附,XF,same6,kaempferol,MMP1
Xiang Fu,香附,XF,same6,kaempferol,ITPR3
Xiang Fu,香附,XF,same6,kaempferol,CDK1
Xiang Fu,香附,XF,same6,kaempferol,PTGS2
Xiang Fu,香附,XF,same6,kaempferol,CYP1A2
Xiang Fu,香附,XF,same6,kaempferol,CLDN2
Xiang Fu,香附,XF,same6,kaempferol,CXCL8
Xiang Fu,香附,XF,same6,kaempferol,STAT1
Xiang Fu,香附,XF,same6,kaempferol,VCAM1
Xiang Fu,香附,XF,same6,kaempferol,NR1I2
Xiang Fu,香附,XF,same6,kaempferol,MMP9
Xiang Fu,香附,XF,same6,kaempferol,BMPR2
Xiang Fu,香附,XF,same6,kaempferol,TJP1
Xiang Fu,香附,XF,same6,kaempferol,DIO1
Xiang Fu,香附,XF,same6,kaempferol,ICAM1
Xiang Fu,香附,XF,same6,kaempferol,MCU
Xiang Fu,香附,XF,same6,kaempferol,JUN
Xiang Fu,香附,XF,same6,kaempferol,BAX
Xiang Fu,香附,XF,same6,kaempferol,BCL2
Xiang Fu,香附,XF,same6,kaempferol,HSP90AA1
Xiang Fu,香附,XF,same6,kaempferol,GSTM1
Xiang Fu,香附,XF,same6,kaempferol,STAT3
Xiang Fu,香附,XF,same6,kaempferol,SYK
Xiang Fu,香附,XF,same6,kaempferol,NOX4
Xiang Fu,香附,XF,same6,kaempferol,FOXP3
Xiang Fu,香附,XF,same6,kaempferol,TNF
Xiang Fu,香附,XF,same6,kaempferol,GSTM2
Xiang Fu,香附,XF,same6,kaempferol,CYP3A4
Xiang Fu,香附,XF,same6,kaempferol,CAT
Xiang Fu,香附,XF,same6,kaempferol,NFKBIA
Xiang Fu,香附,XF,same6,kaempferol,NR1I3
Xiang Fu,香附,XF,same6,kaempferol,GPER1
Xiang Fu,香附,XF,same6,kaempferol,ESRRA
Xiang Fu,香附,XF,same6,kaempferol,CDK2
Xiang Fu,香附,XF,same6,kaempferol,AHR
Xiang Fu,香附,XF,same6,kaempferol,NOS2
Xiang Fu,香附,XF,same6,kaempferol,NFE2L2
Xiang Fu,香附,XF,same6,kaempferol,RPS6KA3
Xiang Fu,香附,XF,same6,kaempferol,XDH
Xiang Fu,香附,XF,XF29,Alpha-Cyperone,HMOX1
Xiang Fu,香附,XF,XF29,Alpha-Cyperone,SIRT1
Xiang Fu,香附,XF,XF30,Cyanidin,TNF
Xiang Fu,香附,XF,XF30,Cyanidin,CASP3
Xiang Fu,香附,XF,XF30,Cyanidin,PARP1
Xiang Fu,香附,XF,XF30,Cyanidin,AKT1
Xiang Fu,香附,XF,XF30,Cyanidin,RAF1
Xiang Fu,香附,XF,XF30,Cyanidin,CASP9
Xiang Fu,香附,XF,XF30,Cyanidin,MAP2K1
Xiang Fu,香附,XF,XF30,Cyanidin,PPARA
Xiang Fu,香附,XF,XF30,Cyanidin,UGT1A
Xiang Fu,香附,XF,XF30,Cyanidin,SIRT3
Xiang Fu,香附,XF,XF30,Cyanidin,NR1H2
Xiang Fu,香附,XF,XF30,Cyanidin,PTGS2
Xiang Fu,香附,XF,XF30,Cyanidin,ADAMTS5
Xiang Fu,香附,XF,XF30,Cyanidin,IL6
Xiang Fu,香附,XF,XF30,Cyanidin,NFKB1
Xiang Fu,香附,XF,XF30,Cyanidin,CXCL8
Xiang Fu,香附,XF,XF30,Cyanidin,IL17RA
Xiang Fu,香附,XF,XF30,Cyanidin,MMP13
Xiang Fu,香附,XF,XF30,Cyanidin,MAPK1
Xiang Fu,香附,XF,XF30,Cyanidin,IL17A
Xiang Fu,香附,XF,XF30,Cyanidin,MAP2K4
Xiang Fu,香附,XF,XF30,Cyanidin,NOS2
Xiang Fu,香附,XF,XF31,BETA-ELEMENE,NFKB1
Xiang Fu,香附,XF,XF31,BETA-ELEMENE,HULC
Xiang Fu,香附,XF,XF31,BETA-ELEMENE,AKT1
Xiang Fu,香附,XF,XF31,BETA-ELEMENE,MMP9
Zong Lv Tan,棕榈炭,ZLT,ZLT1,cellulose,SYNJ2
Zong Lv Tan,棕榈炭,ZLT,ZLT1,cellulose,CDK1
Zong Lv Tan,棕榈炭,ZLT,ZLT1,cellulose,CCNB1
Zong Lv Tan,棕榈炭,ZLT,ZLT1,cellulose,LGALS3
Zong Lv Tan,棕榈炭,ZLT,ZLT1,cellulose,LGALS8
Zong Lv Tan,棕榈炭,ZLT,ZLT1,cellulose,LGALS4
Zong Lv Tan,棕榈炭,ZLT,ZLT1,cellulose,HSP90AA1
Zong Lv Tan,棕榈炭,ZLT,ZLT1,cellulose,EPHX2
Zong Lv Tan,棕榈炭,ZLT,ZLT1,cellulose,PTPN1
Zong Lv Tan,棕榈炭,ZLT,ZLT1,cellulose,EIF4A1
Zong Lv Tan,棕榈炭,ZLT,ZLT1,cellulose,SLC6A2
Zong Lv Tan,棕榈炭,ZLT,ZLT1,cellulose,STAT3
Zong Lv Tan,棕榈炭,ZLT,ZLT1,cellulose,TLR2
Zong Lv Tan,棕榈炭,ZLT,ZLT1,cellulose,TLR4
Zong Lv Tan,棕榈炭,ZLT,ZLT1,cellulose,CA9
Zong Lv Tan,棕榈炭,ZLT,ZLT1,cellulose,CA2
Zong Lv Tan,棕榈炭,ZLT,ZLT1,cellulose,CA1
Zong Lv Tan,棕榈炭,ZLT,ZLT1,cellulose,CA12
Zong Lv Tan,棕榈炭,ZLT,ZLT1,cellulose,PTGS2
Zong Lv Tan,棕榈炭,ZLT,ZLT1,cellulose,ACHE
Zong Lv Tan,棕榈炭,ZLT,ZLT1,cellulose,PTGS1
Zong Lv Tan,棕榈炭,ZLT,ZLT1,cellulose,GLRA2
Zong Lv Tan,棕榈炭,ZLT,ZLT1,cellulose,GLRA1
Zong Lv Tan,棕榈炭,ZLT,ZLT1,cellulose,MAOB
Zong Lv Tan,棕榈炭,ZLT,ZLT1,cellulose,GBA1
Zong Lv Tan,棕榈炭,ZLT,ZLT1,cellulose,PTAFR
Zong Lv Tan,棕榈炭,ZLT,ZLT1,cellulose,GUSB
Zong Lv Tan,棕榈炭,ZLT,ZLT1,cellulose,SSTR5
Zong Lv Tan,棕榈炭,ZLT,ZLT1,cellulose,SSTR3
Zong Lv Tan,棕榈炭,ZLT,ZLT1,cellulose,SSTR4
Zong Lv Tan,棕榈炭,ZLT,ZLT1,cellulose,SSTR2
Zong Lv Tan,棕榈炭,ZLT,ZLT1,cellulose,SSTR1
Zong Lv Tan,棕榈炭,ZLT,ZLT1,cellulose,LGALS9
Zong Lv Tan,棕榈炭,ZLT,ZLT1,cellulose,ASGR1
Zong Lv Tan,棕榈炭,ZLT,ZLT1,cellulose,CA5B
Zong Lv Tan,棕榈炭,ZLT,ZLT1,cellulose,CA7
Zong Lv Tan,棕榈炭,ZLT,ZLT1,cellulose,CA5A
Zong Lv Tan,棕榈炭,ZLT,ZLT1,cellulose,CA4
Zong Lv Tan,棕榈炭,ZLT,ZLT1,cellulose,APP
Zong Lv Tan,棕榈炭,ZLT,ZLT1,cellulose,TYR
Zong Lv Tan,棕榈炭,ZLT,ZLT1,cellulose,PPM1A
Zong Lv Tan,棕榈炭,ZLT,ZLT1,cellulose,CA14
Zong Lv Tan,棕榈炭,ZLT,ZLT1,cellulose,ABCB1
Zong Lv Tan,棕榈炭,ZLT,ZLT1,cellulose,OPRK1
Zong Lv Tan,棕榈炭,ZLT,ZLT1,cellulose,CA13
Zong Lv Tan,棕榈炭,ZLT,ZLT1,cellulose,CA6
Zong Lv Tan,棕榈炭,ZLT,ZLT1,cellulose,NLRP3
Zong Lv Tan,棕榈炭,ZLT,ZLT1,cellulose,MGAM
Zong Lv Tan,棕榈炭,ZLT,ZLT1,cellulose,KDR
Zong Lv Tan,棕榈炭,ZLT,ZLT1,cellulose,SI
Zong Lv Tan,棕榈炭,ZLT,ZLT1,cellulose,PRKCA
Zong Lv Tan,棕榈炭,ZLT,ZLT1,cellulose,KCNH2
Zong Lv Tan,棕榈炭,ZLT,ZLT1,cellulose,JUN
Zong Lv Tan,棕榈炭,ZLT,ZLT1,cellulose,PRKCQ
Zong Lv Tan,棕榈炭,ZLT,ZLT1,cellulose,FGF1
Zong Lv Tan,棕榈炭,ZLT,ZLT1,cellulose,FUCA1
Zong Lv Tan,棕榈炭,ZLT,ZLT1,cellulose,PRKCD
Zong Lv Tan,棕榈炭,ZLT,ZLT1,cellulose,SLC22A1
Zong Lv Tan,棕榈炭,ZLT,ZLT1,cellulose,APH1A
Zong Lv Tan,棕榈炭,ZLT,ZLT1,cellulose,PSENEN
Zong Lv Tan,棕榈炭,ZLT,ZLT1,cellulose,APH1B
Zong Lv Tan,棕榈炭,ZLT,ZLT1,cellulose,PSEN1
Zong Lv Tan,棕榈炭,ZLT,ZLT1,cellulose,NCSTN
Zong Lv Tan,棕榈炭,ZLT,ZLT1,cellulose,PSEN2
Zong Lv Tan,棕榈炭,ZLT,ZLT1,cellulose,SLC5A2
Zong Lv Tan,棕榈炭,ZLT,ZLT1,cellulose,HPSE
Zong Lv Tan,棕榈炭,ZLT,ZLT1,cellulose,IGF2R
Zong Lv Tan,棕榈炭,ZLT,ZLT1,cellulose,CES1
Zong Lv Tan,棕榈炭,ZLT,ZLT1,cellulose,CES2
Zong Lv Tan,棕榈炭,ZLT,ZLT1,cellulose,PDE4D
Zong Lv Tan,棕榈炭,ZLT,ZLT1,cellulose,F10
Zong Lv Tan,棕榈炭,ZLT,ZLT1,cellulose,PRKCE
Zong Lv Tan,棕榈炭,ZLT,ZLT1,cellulose,GAA
Zong Lv Tan,棕榈炭,ZLT,ZLT1,cellulose,NR1H4
Zong Lv Tan,棕榈炭,ZLT,ZLT1,cellulose,PRKCB
Zong Lv Tan,棕榈炭,ZLT,ZLT1,cellulose,OGA
Zong Lv Tan,棕榈炭,ZLT,ZLT1,cellulose,PC
Zong Lv Tan,棕榈炭,ZLT,ZLT1,cellulose,PRKCG
Zong Lv Tan,棕榈炭,ZLT,ZLT1,cellulose,AKR1B1
Zong Lv Tan,棕榈炭,ZLT,ZLT1,cellulose,ABCB11
Zong Lv Tan,棕榈炭,ZLT,ZLT1,cellulose,IDH1
Zong Lv Tan,棕榈炭,ZLT,ZLT1,cellulose,BACE1
Zong Lv Tan,棕榈炭,ZLT,ZLT1,cellulose,PRKCH
Zong Lv Tan,棕榈炭,ZLT,ZLT1,cellulose,CDC25B
Zong Lv Tan,棕榈炭,ZLT,ZLT1,cellulose,PPP5C
Zong Lv Tan,棕榈炭,ZLT,ZLT1,cellulose,TLR9
Zong Lv Tan,棕榈炭,ZLT,ZLT1,cellulose,MMP12
Zong Lv Tan,棕榈炭,ZLT,ZLT1,cellulose,OPRM1
Zong Lv Tan,棕榈炭,ZLT,ZLT1,cellulose,BRD4
Zong Lv Tan,棕榈炭,ZLT,ZLT1,cellulose,SLC5A1
Zong Lv Tan,棕榈炭,ZLT,ZLT1,cellulose,HIF1A
Zong Lv Tan,棕榈炭,ZLT,ZLT1,cellulose,ENPP2
Zong Lv Tan,棕榈炭,ZLT,ZLT1,cellulose,NOTCH1
Zong Lv Tan,棕榈炭,ZLT,ZLT1,cellulose,NR3C1
Zong Lv Tan,棕榈炭,ZLT,ZLT1,cellulose,GJB2
Zong Lv Tan,棕榈炭,ZLT,ZLT1,cellulose,MMP2
Zong Lv Tan,棕榈炭,ZLT,ZLT1,cellulose,GJA1
Zong Lv Tan,棕榈炭,ZLT,ZLT1,cellulose,FGF2
Zong Lv Tan,棕榈炭,ZLT,ZLT1,cellulose,FDFT1
Zong Lv Tan,棕榈炭,ZLT,ZLT1,cellulose,LPAR2
Zong Lv Tan,棕榈炭,ZLT,ZLT1,cellulose,SELP
Zong Lv Tan,棕榈炭,ZLT,ZLT1,cellulose,SERPINE1
Zong Lv Tan,棕榈炭,ZLT,ZLT1,cellulose,GLI1
Zong Lv Tan,棕榈炭,ZLT,ZLT1,cellulose,TACR1
Zong Lv Tan,棕榈炭,ZLT,ZLT1,cellulose,PPARG
Zong Lv Tan,棕榈炭,ZLT,ZLT1,cellulose,LGALS7
Zong Lv Tan,棕榈炭,ZLT,ZLT1,cellulose,LGALS7B
Zong Lv Tan,棕榈炭,ZLT,ZLT2,tannins,ANTXR2
Zong Lv Tan,棕榈炭,ZLT,ZLT2,tannins,SYNJ2
Zong Lv Tan,棕榈炭,ZLT,ZLT2,tannins,SERPINE1
Zong Lv Tan,棕榈炭,ZLT,ZLT2,tannins,BACE1
Zong Lv Tan,棕榈炭,ZLT,ZLT2,tannins,AMY1A
Zong Lv Tan,棕榈炭,ZLT,ZLT2,tannins,F10
Zong Lv Tan,棕榈炭,ZLT,ZLT2,tannins,PTPN1
Zong Lv Tan,棕榈炭,ZLT,ZLT2,tannins,AKR1B1
Zong Lv Tan,棕榈炭,ZLT,ZLT2,tannins,RAD52
Zong Lv Tan,棕榈炭,ZLT,ZLT2,tannins,TNNC1
Zong Lv Tan,棕榈炭,ZLT,ZLT2,tannins,TNNI3
Zong Lv Tan,棕榈炭,ZLT,ZLT2,tannins,TNNT2
Zong Lv Tan,棕榈炭,ZLT,ZLT2,tannins,VCP
Zong Lv Tan,棕榈炭,ZLT,ZLT2,tannins,ECE1
Zong Lv Tan,棕榈炭,ZLT,ZLT2,tannins,MUS81
Zong Lv Tan,棕榈炭,ZLT,ZLT2,tannins,HSP90AA1
Zong Lv Tan,棕榈炭,ZLT,ZLT2,tannins,TDP1
Zong Lv Tan,棕榈炭,ZLT,ZLT2,tannins,LGALS3
Zong Lv Tan,棕榈炭,ZLT,ZLT2,tannins,LGALS9
Zong Lv Tan,棕榈炭,ZLT,ZLT2,tannins,MMP1
Zong Lv Tan,棕榈炭,ZLT,ZLT2,tannins,EPHX2
Zong Lv Tan,棕榈炭,ZLT,ZLT2,tannins,NT5E
Zong Lv Tan,棕榈炭,ZLT,ZLT2,tannins,SLC22A1
Zong Lv Tan,棕榈炭,ZLT,ZLT2,tannins,APP
Zong Lv Tan,棕榈炭,ZLT,ZLT2,tannins,ABCB1
Zong Lv Tan,棕榈炭,ZLT,ZLT2,tannins,SLC6A2
Zong Lv Tan,棕榈炭,ZLT,ZLT2,tannins,PTPN11
Zong Lv Tan,棕榈炭,ZLT,ZLT2,tannins,PTPN2
Zong Lv Tan,棕榈炭,ZLT,ZLT2,tannins,LGALS8
Zong Lv Tan,棕榈炭,ZLT,ZLT2,tannins,PTAFR
Zong Lv Tan,棕榈炭,ZLT,ZLT2,tannins,MAOB
Zong Lv Tan,棕榈炭,ZLT,ZLT2,tannins,BCHE
Zong Lv Tan,棕榈炭,ZLT,ZLT2,tannins,MMP2
Zong Lv Tan,棕榈炭,ZLT,ZLT2,tannins,HDAC6
Zong Lv Tan,棕榈炭,ZLT,ZLT2,tannins,AKR1C3
Zong Lv Tan,棕榈炭,ZLT,ZLT2,tannins,ACHE
Zong Lv Tan,棕榈炭,ZLT,ZLT2,tannins,SSTR5
Zong Lv Tan,棕榈炭,ZLT,ZLT2,tannins,SSTR3
Zong Lv Tan,棕榈炭,ZLT,ZLT2,tannins,SSTR4
Zong Lv Tan,棕榈炭,ZLT,ZLT2,tannins,SSTR2
Zong Lv Tan,棕榈炭,ZLT,ZLT2,tannins,SSTR1
Zong Lv Tan,棕榈炭,ZLT,ZLT2,tannins,PRKCE
Zong Lv Tan,棕榈炭,ZLT,ZLT2,tannins,PRKCA
Zong Lv Tan,棕榈炭,ZLT,ZLT2,tannins,PRKCB
Zong Lv Tan,棕榈炭,ZLT,ZLT2,tannins,PKM
Zong Lv Tan,棕榈炭,ZLT,ZLT2,tannins,PRKCD
Zong Lv Tan,棕榈炭,ZLT,ZLT2,tannins,PRKCH
Zong Lv Tan,棕榈炭,ZLT,ZLT2,tannins,PRKCG
Zong Lv Tan,棕榈炭,ZLT,ZLT2,tannins,TP53
Zong Lv Tan,棕榈炭,ZLT,ZLT2,tannins,TOP1
Zong Lv Tan,棕榈炭,ZLT,ZLT2,tannins,FDFT1
Zong Lv Tan,棕榈炭,ZLT,ZLT2,tannins,ADORA1
Zong Lv Tan,棕榈炭,ZLT,ZLT2,tannins,TYR
Zong Lv Tan,棕榈炭,ZLT,ZLT2,tannins,BCL2
Zong Lv Tan,棕榈炭,ZLT,ZLT2,tannins,DYRK1A
Zong Lv Tan,棕榈炭,ZLT,ZLT2,tannins,PNLIP
Zong Lv Tan,棕榈炭,ZLT,ZLT2,tannins,KDM1A
Zong Lv Tan,棕榈炭,ZLT,ZLT2,tannins,MMP12
Zong Lv Tan,棕榈炭,ZLT,ZLT2,tannins,ALOX5
Zong Lv Tan,棕榈炭,ZLT,ZLT2,tannins,PRKCQ
Zong Lv Tan,棕榈炭,ZLT,ZLT2,tannins,MMP14
Zong Lv Tan,棕榈炭,ZLT,ZLT2,tannins,CLK2
Zong Lv Tan,棕榈炭,ZLT,ZLT2,tannins,SLC5A2
Zong Lv Tan,棕榈炭,ZLT,ZLT2,tannins,ELAVL3
Zong Lv Tan,棕榈炭,ZLT,ZLT2,tannins,SLC5A1
Zong Lv Tan,棕榈炭,ZLT,ZLT2,tannins,ESR2
Zong Lv Tan,棕榈炭,ZLT,ZLT2,tannins,TOP2A
Zong Lv Tan,棕榈炭,ZLT,ZLT2,tannins,PTGS2
Zong Lv Tan,棕榈炭,ZLT,ZLT2,tannins,CA7
Zong Lv Tan,棕榈炭,ZLT,ZLT2,tannins,CA2
Zong Lv Tan,棕榈炭,ZLT,ZLT2,tannins,CA12
Zong Lv Tan,棕榈炭,ZLT,ZLT2,tannins,TERT
Zong Lv Tan,棕榈炭,ZLT,ZLT2,tannins,MET
Zong Lv Tan,棕榈炭,ZLT,ZLT2,tannins,TLR2
Zong Lv Tan,棕榈炭,ZLT,ZLT2,tannins,TLR6
Zong Lv Tan,棕榈炭,ZLT,ZLT2,tannins,TLR1
Zong Lv Tan,棕榈炭,ZLT,ZLT2,tannins,GSK3B
Zong Lv Tan,棕榈炭,ZLT,ZLT2,tannins,IGF1R
Zong Lv Tan,棕榈炭,ZLT,ZLT2,tannins,PGAM1
Zong Lv Tan,棕榈炭,ZLT,ZLT2,tannins,LGALS4
Zong Lv Tan,棕榈炭,ZLT,ZLT2,tannins,ADAMTS5
Zong Lv Tan,棕榈炭,ZLT,ZLT2,tannins,SIRT6
Zong Lv Tan,棕榈炭,ZLT,ZLT2,tannins,MAPK14
Zong Lv Tan,棕榈炭,ZLT,ZLT2,tannins,PGD
Zong Lv Tan,棕榈炭,ZLT,ZLT2,tannins,SNCA
Zong Lv Tan,棕榈炭,ZLT,ZLT2,tannins,PSMB5
Zong Lv Tan,棕榈炭,ZLT,ZLT2,tannins,ADAMTS4
Zong Lv Tan,棕榈炭,ZLT,ZLT2,tannins,FYN
Zong Lv Tan,棕榈炭,ZLT,ZLT2,tannins,TTR
Zong Lv Tan,棕榈炭,ZLT,ZLT2,tannins,KCNH2
Zong Lv Tan,棕榈炭,ZLT,ZLT2,tannins,JUN
Zong Lv Tan,棕榈炭,ZLT,ZLT2,tannins,CYP19A1
Zong Lv Tan,棕榈炭,ZLT,ZLT2,tannins,DYRK1B
Zong Lv Tan,棕榈炭,ZLT,ZLT2,tannins,DYRK4
Zong Lv Tan,棕榈炭,ZLT,ZLT2,tannins,CLK4
Zong Lv Tan,棕榈炭,ZLT,ZLT2,tannins,DYRK2
Zong Lv Tan,棕榈炭,ZLT,ZLT2,tannins,MAPKAPK5
Zong Lv Tan,棕榈炭,ZLT,ZLT2,tannins,ST3GAL3
Zong Lv Tan,棕榈炭,ZLT,ZLT2,tannins,FUT7
Zong Lv Tan,棕榈炭,ZLT,ZLT2,tannins,CDK5
Zong Lv Tan,棕榈炭,ZLT,ZLT2,tannins,CDK5R1
Zong Lv Tan,棕榈炭,ZLT,ZLT2,tannins,CLK3
Zong Lv Tan,棕榈炭,ZLT,ZLT2,tannins,CLK1
Zong Lv Tan,棕榈炭,ZLT,ZLT2,tannins,CSNK1E
Zong Lv Tan,棕榈炭,ZLT,ZLT2,tannins,MTOR
