"gene","GSM254684","GSM254674","GSM254664","GSM254724","GSM254627","GSM254661","GSM254647","GSM254696","GSM254641","GSM254675","GSM254694","GSM254678","GSM254717","GSM254695","GSM254708","GSM254646","GSM254711","GSM254669","GSM254673","GSM254702","GSM254691","GSM254689","GSM254710","GSM254719"
"214387_x_at",11.70832466,11.5543143,9.108457222,10.85658636,8.842684152,12.05099651,9.666093455,7.298853628,10.48121199,9.077677448,12.87489344,7.4368482,14.39878017,14.13094501,13.98954733,14.57980233,14.63068729,14.36472304,14.3562211,14.43755725,14.30850604,14.43302546,13.92945681,14.47842071
"201909_at",11.09856904,11.07113247,12.03044561,9.582393148,9.585760769,7.547808045,10.55416002,11.80698046,10.15845713,12.0518286,7.545989427,11.37001841,11.68487423,7.425831585,11.93302817,12.14094214,11.64470519,12.18951426,12.1885422,7.355611505,7.188353874,12.23735025,12.28260162,7.481793174
"221728_x_at",6.71949111,5.748976885,5.914623928,6.207604557,5.933886563,10.44988276,6.235867175,6.102217915,6.007358921,6.086169143,10.53937986,6.600254378,6.328753201,10.91404044,6.308315803,5.980724015,6.699882125,6.180707779,5.840619475,10.09638653,10.09117679,5.914909091,6.045565049,9.788625308
"203571_s_at",6.743357381,6.536448075,6.538182596,7.683992166,6.124010712,7.135916693,6.455875341,6.947904646,7.874474799,6.557036873,8.643624795,6.075729356,9.232897525,9.166910467,9.843412676,10.38758367,10.32340264,10.82606471,10.68090705,11.11739804,9.668503279,9.649234145,9.640198352,11.08937429
"209470_s_at",5.937504987,5.751798192,6.352192502,5.991957753,6.077724932,6.055039674,5.8438246,5.780131678,5.944986043,5.799361922,6.189380517,6.472085889,9.253104392,6.649078205,8.220281279,10.63703927,8.471154696,9.561354211,9.744317843,9.625028853,8.849341998,10.01242648,6.95586378,9.239914736
"214199_at",10.9912215,10.21917111,9.255237655,9.57185567,10.03948942,12.86469068,9.861224504,9.266212548,10.01962446,9.557454965,10.98218249,7.755711944,12.43847048,12.82447672,12.68511799,12.83886068,13.27338522,12.45623618,12.60365453,12.78310556,12.82920675,12.56411254,13.16053931,12.79379459
"221132_at",6.392068106,6.836263041,5.839946943,6.688306436,6.926116511,7.032446958,6.408749778,6.358876108,6.671958539,6.316648926,7.687223597,5.71948928,9.442336192,8.837123791,8.78524926,9.966421981,8.428121886,8.812581383,9.715382229,9.652596358,8.504422257,9.401284658,9.421470511,10.55698372
"204343_at",9.293291292,8.265708011,7.242479659,8.171581848,6.515599361,9.30942793,9.253644346,7.531250644,8.912859059,8.005873126,9.146867908,6.76536926,9.987830559,11.64243136,10.53911123,10.78902413,11.31896393,10.73854741,10.40964996,10.08275804,10.62644457,10.05741576,11.46012099,10.7152933
"211726_s_at",8.507903376,9.000644079,8.647284202,8.385408518,8.133546565,9.259903589,8.019614985,9.777342082,8.425862638,9.685685119,10.0003294,9.344947816,11.54871435,10.61590734,11.71079765,10.75438411,11.80380413,11.83129784,12.13424896,11.70124126,12.04529544,12.01264073,9.258696007,12.17132854
"214612_x_at",9.065992282,4.853927499,4.735455447,4.767676252,7.290585147,5.07050517,10.51411553,4.792771105,4.918147095,4.958147692,7.096377648,5.583585617,5.121500134,4.950871352,4.991086452,4.958871485,5.03527961,4.930210821,4.741152282,4.983131074,4.955757648,4.827107247,4.922308159,5.039870441
"216594_x_at",9.006544123,8.861954333,8.534737327,14.00695363,11.04282861,10.14604683,13.86223178,9.552393664,9.273583885,13.19567829,9.549072491,12.47994514,9.902500229,9.942352689,10.25230501,10.05448332,9.924710013,10.53843426,10.42875866,10.10294174,10.39728012,10.27312782,10.35191688,10.45732802
"206701_x_at",6.72031565,6.571718949,6.775923712,6.736222487,6.546153757,6.527257087,6.749994694,6.539568293,6.525436379,6.566557133,7.414322703,6.125974263,8.869000726,8.050819711,7.987065811,9.643105689,7.637083472,10.22788849,9.723477795,10.09569661,8.901608456,9.728402507,8.558503732,10.44057748
"210519_s_at",7.572141741,9.058524369,8.329885899,12.43926275,10.48868783,9.748786866,12.91191412,10.16059654,10.35665636,11.86955986,9.481155722,9.59361158,8.220560708,8.078009786,8.350412119,8.326143468,7.976296487,8.077782566,8.608872443,9.029327987,9.047664963,8.529455636,8.972623355,8.373685905
"206311_s_at",7.076516119,5.869004619,6.615981394,6.401427517,6.143154731,7.732758277,5.963708241,5.711668519,6.192561906,6.165037082,9.260767254,6.658716424,8.489031808,7.832462296,8.673996438,9.899079746,8.31018488,8.935477288,8.45647616,8.599049207,9.9117187,9.874211183,8.290012421,9.251578311
"209395_at",10.36233342,11.93442468,7.948842081,7.72298319,7.691237869,11.13957391,9.593924139,11.15124352,9.036477508,8.858286388,9.32856408,8.508860478,7.571176614,8.51470887,8.649379831,8.077568119,9.126087799,7.452518988,6.916628832,8.061516673,8.934198953,7.192515597,10.48203109,7.72748633
"214433_s_at",7.830974808,8.448108771,7.804995688,9.11061709,8.775660879,10.53048283,7.464927296,8.651691308,9.897185781,8.297160482,10.10917979,7.684717784,10.45578171,10.62389765,10.93505704,11.25441353,10.90603968,10.82970865,10.70466851,11.1818556,11.1130045,11.19266576,10.68109793,11.26159575
"212353_at",10.38002856,10.57481314,8.931180634,8.521940476,9.658172532,10.179075,10.6045351,10.45778867,10.29958335,10.29940183,8.087160644,9.367411246,7.59055996,8.009249817,7.491453054,7.371327099,6.640588958,7.371949205,7.517124726,7.127077323,7.612579712,7.702740651,8.416469715,7.195692148
"213974_at",5.840000346,5.624382224,5.418228955,5.709180334,5.423645128,6.107067703,5.281876715,5.333467567,5.600921515,5.561000462,6.231278616,5.730585429,9.115014058,7.923378607,7.923219383,8.646130144,6.900594965,8.318005247,8.158726109,8.244811657,7.669971728,8.431304948,7.888900161,8.30379143
"207542_s_at",9.416876468,9.003729779,8.473518482,9.029817348,8.647906854,11.11748659,9.152134798,8.433172557,8.914700136,8.658956351,11.51460405,8.179987437,11.14320556,11.71799094,10.42294096,11.53425589,10.15706236,11.33995332,11.64934554,11.36102238,10.35657084,10.93832081,11.54630709,12.20646383
"209821_at",5.869015414,5.400045754,5.169045327,5.584318072,4.625115708,6.196402995,6.156875092,5.31866211,5.212069288,4.796377693,5.8609732,5.307830992,7.844344693,7.261146838,7.706299072,8.11122153,6.590169618,8.097621271,8.383378086,7.671025766,7.344566339,8.303057435,8.546709277,7.557811901
"216510_x_at",9.379250575,8.102807784,6.600471607,5.648030364,7.883391534,8.815727965,6.742558309,9.235346792,7.358471963,7.383765682,5.729460584,8.375491481,6.476871407,6.497855339,6.681731125,5.863354647,5.380445959,6.792122213,5.808796975,6.736759927,7.008677887,5.718763914,9.782179959,6.1741711
"219436_s_at",7.355053045,6.771517375,7.113651649,6.875950524,7.037049349,7.260051722,6.152855977,6.726823367,6.840241278,6.780372267,7.742532038,6.649800927,8.889558084,8.469896621,8.577030687,9.686177564,8.350961378,10.09718016,10.13707233,9.437852102,7.882141089,9.224447359,9.264561118,9.906673019
"219597_s_at",6.808973438,6.266635367,6.121391299,7.003967415,6.514779925,6.907798242,6.106742673,5.62483538,7.112780786,6.254598307,6.972437952,6.116609465,8.303278587,8.891018417,8.687194799,9.158887239,9.294781659,8.196383926,8.756522648,8.312560176,8.861949923,8.289740474,9.535167123,9.099393585
"204468_s_at",7.488574688,7.88423037,6.672991224,7.124140959,6.931017635,7.093668378,7.030777788,7.19330999,7.4105987,7.278107835,7.918977373,7.315038469,10.1865917,9.197479772,9.062055492,9.487157724,8.343144326,9.849295743,10.43956833,9.984444117,9.333452344,7.92577987,9.635654665,9.892185909
"202995_s_at",8.856334222,9.356133503,7.469207247,7.143070316,8.196311081,9.590576337,9.58256764,9.078372307,7.66957802,9.350148824,9.316751858,8.870545713,10.86321037,10.46253207,11.16438942,10.93678985,9.806047876,11.3728569,10.46553985,10.40607411,10.18358338,10.30963305,10.6625368,10.93593295
"205207_at",10.21551465,8.029942983,7.855338793,8.142827929,7.093643581,6.894635795,8.075669917,7.84706013,8.567693538,8.673562765,7.958599784,9.423575217,9.250533562,11.18159139,9.922818323,9.845968154,10.1436727,7.751450432,7.733526815,9.001989161,8.49929344,7.595373555,10.88737227,8.206761741
"216248_s_at",8.776500248,7.925144266,6.637588999,8.416945223,6.263154972,6.520133822,6.685593103,6.442189498,8.666653362,8.654246218,6.912555731,8.096504376,8.328356956,9.851531326,9.778769462,9.482680157,8.531011835,6.811348467,7.401112632,8.749270474,8.379356688,8.676734875,10.14210746,7.541920576
"203021_at",10.99744407,11.54790325,10.92728525,12.36782596,8.559656176,13.69423579,11.43760761,11.3335126,11.91188656,10.42180187,11.56676221,11.4173183,12.49477659,12.34929653,13.02049316,13.08766997,13.07308685,12.58933542,12.88279758,12.6882351,13.12977096,13.25789814,12.24425073,13.28634698
"209714_s_at",9.066023784,8.086128452,7.857010412,9.864648249,11.04243306,7.351291359,8.867582851,8.347477647,8.327731557,8.292502908,7.318954038,8.588752795,7.138415568,7.515828204,6.952465719,6.625974621,6.824184266,6.800335548,6.717453203,6.826317849,6.90460001,6.857364291,7.514681572,6.406025737
"219747_at",8.975456807,9.295586939,11.49445594,9.166335297,8.598206067,10.25581425,8.04162131,8.353376069,9.171927104,9.879690735,9.818312605,8.103346635,11.06423514,11.17344148,10.52777836,11.32417479,10.4815835,10.52122414,11.29629306,10.90762934,10.42217522,11.41950778,11.19373899,11.11877275
"202177_at",7.945199187,7.56232783,6.803349404,6.752997058,6.684734454,8.295183771,6.986612518,7.999740959,7.087194451,8.27115008,8.728015568,7.344487838,9.573947839,9.422807042,9.342134898,9.598006751,9.063726486,10.09292371,9.860056404,9.834951199,8.777959942,9.046065232,9.366402357,9.380447648
"202954_at",10.5911536,9.460006394,9.114223075,10.29996941,11.02828019,8.595556661,11.81558712,9.855468373,9.08578755,9.980671727,8.411897461,9.47750578,8.325447619,8.979249112,8.269721289,7.68758819,8.219840501,8.184106018,8.041605753,7.814701397,8.209371197,7.942526649,8.202673333,7.970151372
"211734_s_at",5.127880162,4.858333224,5.06152505,5.384084551,4.847531991,8.027869062,4.661504977,5.433505881,7.170828501,5.165556824,5.531090475,4.975920026,5.971530831,5.821855205,5.290254796,7.288093307,6.667892724,6.547400431,6.383542809,5.720647766,7.401248569,8.542488557,7.413958434,6.585364078
"211748_x_at",11.66807755,10.03230583,9.685428575,9.807425775,9.313512119,11.02899451,11.33068769,11.17653478,9.494195411,9.7436977,11.4837663,9.261911946,12.07115434,11.29613609,12.28888128,12.33820677,11.39166657,12.39309813,12.14017865,12.4613291,11.73340135,11.26127878,12.2108866,11.90080449
"218039_at",9.148986748,9.286024104,8.563451285,10.83231256,10.56302222,8.614680085,9.69252745,9.470055475,9.213931735,8.872809738,7.711014588,9.324884643,8.063833681,8.713280464,8.025378172,7.373536408,7.311784532,7.506714875,7.768391535,6.797565524,7.59591902,7.685058458,8.907838274,6.835058843
"214916_x_at",9.557906074,8.600797921,6.768025912,6.36289741,8.448774569,9.652515083,7.680815831,9.805052034,7.453931703,7.811159308,6.985382925,8.851254572,7.304797178,8.109615231,7.657731434,6.715276193,7.415210022,7.733867132,6.859342637,7.746156108,7.630452151,6.601879037,10.27864079,7.231725826
"219682_s_at",7.360779835,7.2622789,7.073231738,6.777038078,6.741395765,7.080460004,7.215185346,6.986488105,6.867089571,6.881206482,7.163368163,7.504975248,8.821662879,8.266630186,8.155176258,9.703504943,7.617080257,10.07683331,8.996716278,9.216625443,9.092330437,9.268346978,8.034251001,9.593089946
"219148_at",5.725403086,6.519649382,5.874335167,8.421174699,8.062681321,5.054796114,7.817030009,5.535226654,6.375159328,5.724117244,4.928347278,6.075885199,5.219546477,5.829227379,4.949723307,4.859400222,5.004133631,4.96302035,4.889773349,4.838550593,4.867914874,4.939111655,5.926802966,4.797904089
"204675_at",6.9383054,8.747328491,7.782865508,8.722755531,8.137676428,6.620388114,8.707703287,9.357435786,7.287798381,9.466060822,8.323715651,7.770193446,6.390272752,6.373189966,6.99167031,6.715276193,6.287162444,6.585133149,6.277300366,6.406455448,6.795345529,6.902283817,6.738707922,6.223766322
"44783_s_at",8.798493809,9.148614799,8.447039615,9.04706144,8.289987949,10.64756187,8.642738011,8.387450047,8.434603745,9.204202103,9.610771653,8.415147717,11.04972756,9.647984988,10.22416433,11.15056226,9.485726373,10.96204768,11.46670569,10.82598917,10.44828912,10.03001126,9.75791427,10.92006709
"220765_s_at",7.572461304,7.507359175,7.031769781,7.382608761,7.250615294,7.616993844,7.333173712,7.618135078,7.082878555,7.433896829,8.82972401,7.214797269,9.078715281,8.519579638,8.458904254,8.927607577,8.676028739,9.76512727,9.650652713,10.33580006,9.042853272,9.150441063,8.120514905,10.15130557
"206018_at",5.104297894,4.933749741,5.356516936,6.435341326,5.969094747,5.187083953,9.4493258,5.212413235,5.135716549,5.328016463,5.027425907,7.493908085,5.104094999,5.02399185,5.350229437,4.965139901,5.239585918,5.073750266,4.925944117,4.909196104,5.161558565,4.934538511,4.991024485,5.160577243
"209335_at",9.859920788,9.60780144,8.142622022,7.952904691,7.976447923,10.35152724,9.416057095,9.868285765,8.766248569,9.808023762,9.486479174,9.072876671,10.84424909,10.1320806,10.98082639,10.94561004,10.29751548,11.10599071,10.89250832,10.3968277,10.37711137,11.2489604,11.07693687,11.07068493
"218313_s_at",8.853084705,9.42133398,10.41382302,10.08690487,8.797756537,9.874138784,10.10329441,9.02833213,9.477666768,8.550661827,8.820375944,9.144977777,7.897682313,8.682628663,8.203656453,8.525269526,7.329369464,7.355488513,7.783447263,6.429023156,7.903361921,8.672877313,8.806971501,7.146378355
"205174_s_at",6.298496029,9.658067441,7.646873197,6.395447544,6.730294352,6.798024843,7.669825545,8.855819847,7.088788576,6.223620193,5.858906199,5.726186376,5.85430923,6.195517291,6.647324847,6.063011907,6.028730023,6.332422649,5.731974898,5.52379928,6.640788999,7.065750194,6.725884645,5.701229953
"208078_s_at",8.934562106,9.305520761,10.39737129,11.11567929,8.188654623,8.677916413,9.088035387,8.176397366,10.29927477,10.30982868,10.02123674,11.4253728,10.69987713,11.25162468,10.87534929,10.70426934,10.84890839,8.563941728,10.31282019,10.99343619,10.56974978,10.76711335,10.448155,10.51490543
"202669_s_at",6.617748231,7.930987399,8.110726721,7.948197571,6.904826436,7.44285407,7.151129823,8.550084931,7.426272697,8.03894659,8.803698475,7.677173604,9.599401671,9.250159426,8.25574633,7.52856473,8.611703697,8.642430313,9.604296363,10.14444637,9.054579845,9.501533588,7.318521611,9.709071967
"212382_at",6.896373557,8.251140903,7.221503107,7.385395458,6.553027199,8.280610939,6.942348726,8.366499018,7.688831385,8.36661311,7.669888011,7.172597499,10.19282028,9.203436119,8.4026174,7.848668912,8.383069644,7.209904492,9.613942328,9.277820329,8.527992833,9.684875575,8.208123629,9.097695792
"219630_at",8.160462671,10.73400588,9.902971598,9.540417536,7.081710911,9.422852435,7.773943537,10.41029777,9.402280741,9.948669647,9.513857267,11.41681884,8.542847395,10.12604693,8.348818198,9.092125145,8.727162727,9.215642754,8.991675302,9.24812108,8.715913034,8.514819623,8.433920674,8.845915114
"202551_s_at",8.082492863,7.752328221,8.185212795,8.221877164,6.740603905,8.735147755,7.489684062,7.361855943,8.375468079,7.791326313,7.493275183,8.862135898,9.980689705,8.820123737,9.137363986,9.797187998,9.126485449,9.508225124,9.736334835,9.951459691,9.470214304,10.13043498,9.214592512,9.530031046
"AFFX-HUMRGE/M10098_5_at",5.616647345,5.31685784,5.470743699,5.607536593,5.664068691,5.182957287,6.950830723,9.728772719,5.460699101,5.249584616,5.634480003,5.111209743,5.376473007,5.777919985,5.403669794,5.16826337,5.586675134,5.391232116,5.355118377,5.743306468,5.107722584,5.075154582,4.800234356,5.253957452
"220677_s_at",6.035039711,5.680011612,5.413573326,5.593551967,5.406182028,6.084255222,5.467910516,5.622975871,5.362363497,5.402874201,6.382887582,5.632641666,7.135359686,6.486065104,6.67815367,8.352976187,7.270816867,7.922052506,7.517464468,7.985550671,7.186981458,7.151343829,6.54005005,7.126610874
"201037_at",9.404884719,8.49941696,9.710672164,10.62005116,9.733694135,7.94091004,8.870742462,9.048439935,8.716212217,9.564489156,8.359656038,10.6037902,7.822590468,8.130602401,8.598235884,7.814727678,7.889963771,7.840426521,7.4699875,7.823512765,7.633491462,8.109145363,8.868724575,7.299453056
"205258_at",8.388907024,9.078238329,8.839978721,9.024886238,9.135000187,8.384115584,10.97450978,9.726870116,8.728016165,9.625089988,9.595021256,7.169223582,9.829155418,8.537791755,8.834641959,8.658327296,9.221820697,7.607172223,8.052159374,8.108884041,7.508219273,7.410940482,10.30172883,8.094341438
"208370_s_at",8.271194477,8.355322414,7.542304314,8.350855772,7.640293467,8.060761834,7.70347397,7.681355967,8.012492279,9.458898169,8.461617651,7.701857322,9.781082787,9.90465027,9.206922183,9.97167424,9.201530723,8.667951084,9.423607231,9.452700848,10.26143787,10.26862875,10.26133453,9.312169506
"209260_at",9.57821805,8.231748076,10.21166331,10.36859505,8.930691887,8.551462403,9.392940752,8.920362693,8.302485319,8.168288851,8.587614319,8.642139075,7.941788439,8.868422235,7.722370068,7.093063989,8.965980099,7.425726805,7.44457952,6.934530881,8.058310635,7.394511664,9.137642156,7.402647841
"209911_x_at",9.369550476,11.2072686,8.719339165,9.418628373,10.17957202,7.716133925,10.47714305,9.27202684,9.813119014,9.194212869,9.583065069,9.585012881,8.207750785,8.320625242,8.271889236,8.324991761,7.879582412,8.530208936,8.519302713,7.810106395,8.393557328,8.179228422,8.080958783,7.92813226
"208335_s_at",7.484166493,8.057003033,7.566643891,8.69810828,7.57557951,8.243871145,8.056832714,7.652836651,7.511667646,7.534299438,8.534268229,6.820023956,9.832138248,8.990920886,9.511310858,9.57664585,8.808752391,8.934117464,9.620876172,8.630535953,9.051346538,8.204657659,10.53639745,9.219231518
"208079_s_at",8.203478669,7.536824876,7.118154238,7.993906744,9.015459991,6.438945521,9.193420988,7.092443806,7.528243653,7.726462039,6.646005504,7.248008533,6.267748018,6.94246656,6.270302311,6.153968472,6.313571727,6.060725344,6.272381812,6.017796455,6.452039141,6.502057971,6.863791207,5.962809338
"206496_at",6.566700139,7.138912068,5.954655418,6.493639496,9.521598666,7.71387993,6.96292101,7.507649293,6.852367935,6.910012237,7.092467807,6.938622579,7.916120752,7.064336638,7.87790641,8.887577786,7.247215251,9.031161678,8.672530556,8.651592398,8.094996604,8.436958505,7.670041817,8.367727341
"210082_at",6.524440428,7.238574785,6.683570749,9.420349732,6.953155381,8.527390194,6.532409563,6.966377042,6.541706008,6.854119179,9.424226739,6.826732866,6.669916464,6.280756073,6.660970869,6.384130754,6.431883087,6.441377323,6.408808323,6.326603295,6.473239015,6.221502576,6.428572435,6.289563387
"211762_s_at",10.59008078,10.59188919,10.1456825,10.97579575,10.49969827,9.132949196,10.53261803,9.80282231,9.79954501,9.823137931,8.926967993,9.540453972,8.506553925,9.186528048,8.439621935,8.727481775,8.706558703,8.439498681,8.282708663,8.181985045,8.33895977,8.743209666,9.795590544,8.08007607
"214455_at",6.777323806,7.59571275,7.91330792,5.199386219,5.746887903,4.891096966,6.067125714,5.60749439,6.210429004,6.979141748,5.337569141,5.444041964,5.046543422,5.092577616,4.964542823,4.988197001,4.941165589,5.043908782,5.132742714,4.5918035,4.79533674,5.18276355,5.018972777,4.974123429
"206102_at",7.394565688,7.160146582,6.787272021,7.990046045,9.425098693,6.7442482,8.773325501,7.106778971,7.493770588,7.66836208,6.853476559,7.625403861,6.349517092,6.793973743,6.473370078,6.011920371,6.549291849,5.976486875,6.057608931,6.072699164,6.125548509,6.374275803,6.771078246,5.765957429
"204464_s_at",8.04903347,8.90981952,8.534680761,6.788190829,8.343699227,8.932057231,7.964133586,8.56536454,8.392499416,8.941201974,8.619217801,7.860095873,9.896993934,9.285534116,9.376221326,10.35527285,9.698894233,10.01319643,9.947227788,9.408168163,9.506964516,10.70633959,9.609269251,9.105845295
"202017_at",9.887112144,9.683332283,9.622591475,11.76818352,9.48351252,11.90091406,11.05051698,10.74112772,12.80699816,12.4469476,12.00325863,9.960721193,10.76337477,10.3701216,11.31978705,11.97503424,11.11556171,11.20366472,10.85340174,11.29644726,11.59097713,10.96948171,10.97855434,11.61721048
"202499_s_at",9.828094693,9.161170884,6.992998094,7.328178699,8.326567841,7.684217378,8.638349453,8.916654947,9.102715113,9.22991385,7.823577009,7.835750425,9.328820648,10.08564463,9.700743341,9.507811929,10.21136505,8.990996988,9.324369447,9.876627663,8.696168138,9.165018436,10.06604284,9.104775533
"212488_at",10.47366312,10.31819324,8.838748613,8.580274249,8.094391141,9.883040482,9.999991785,10.4047816,9.60580648,10.76340899,10.10157854,9.72128832,9.623389777,10.10552274,8.675276857,8.459155284,8.588371123,8.841357272,8.083978782,8.334010073,8.284527959,8.259422884,10.00683761,8.317052511
"205114_s_at",9.134519508,9.085080244,7.699975148,6.651758981,7.881337346,8.86695848,8.103121551,9.230111713,8.099759467,8.394231822,7.934808995,8.710714062,10.39360576,8.857053116,7.48303115,7.462103854,6.941405551,9.006851453,7.846212769,8.810569645,10.09545054,8.221281064,8.058639374,8.601407228
"218952_at",7.75365475,7.446093669,7.948860547,7.727978145,10.82707175,7.377196594,9.944988016,8.253500997,9.654696609,8.701928388,8.101596505,9.110432528,7.632293827,7.899668523,7.776057055,7.625313971,7.776598149,7.645224039,7.644252034,7.66042782,7.740716123,7.344511799,7.891949132,7.728996751
"212151_at",8.336995856,8.708811435,8.462168963,10.69819917,8.50845723,10.23790254,8.696422958,9.005394512,8.907521845,10.9469738,10.29690809,10.3567306,10.47514958,10.08570099,10.52080264,10.74008662,10.2692851,10.55629251,10.70714454,10.58996077,10.21789811,10.72238974,10.07011749,10.55737206
"202075_s_at",10.80291616,9.886694123,8.368637462,8.366160734,8.704437909,10.16598361,9.442822634,10.15578838,8.806410682,9.434110329,10.87354482,10.76424802,9.441316586,10.40916832,10.02848529,9.497984802,8.275202697,9.381161517,9.010905363,9.365410691,8.926580607,8.139472281,11.09630345,9.315311111
"205470_s_at",8.527250216,7.640061201,7.671680902,7.656882614,9.085916581,9.494935499,7.316625918,7.95790658,7.623902625,8.61162341,10.61685397,7.956558955,8.602112749,7.623111076,8.888195593,9.244595706,9.439865741,9.003949521,9.541970758,9.156522461,9.099914471,8.202973176,7.467785398,9.646037481
"204959_at",7.310152293,7.798989061,7.518519267,5.655322478,7.167600783,8.182416882,7.246832272,8.372871198,8.254278397,6.65034014,7.568202233,7.122794518,7.813517789,7.378858672,8.626429385,8.275661052,8.760054223,8.767991861,8.966454681,8.277743396,8.684388873,9.624370188,8.286550298,8.80533842
"217523_at",6.797908687,7.411216146,6.350938493,7.524440016,5.789505117,9.118280115,6.396795829,7.698537231,7.965653117,7.260324584,8.132874763,7.871280369,8.595821284,8.73068059,7.996190705,8.102505122,8.877028934,6.929757677,7.800778333,7.971687765,8.036444727,9.008460493,8.658641979,7.687611455
"219167_at",7.686727697,7.031044532,6.79935971,6.639756563,6.69261542,7.759272759,7.113502435,7.52587365,6.823639726,7.453032764,7.884490841,6.180766007,8.249341348,8.608427444,8.343923115,8.484757121,8.278962393,9.426831669,8.708846012,9.159307165,7.978426007,8.706834496,7.955020208,8.633284633
"213998_s_at",6.809721104,8.34718848,8.189029518,7.90985694,7.563840915,7.258016033,8.643647767,8.759201945,7.819676949,8.225811758,8.924378264,7.335816065,8.872600636,9.373790654,8.036136359,6.692107816,9.785253335,7.213198121,8.397705301,9.242450615,8.474595953,8.772470718,6.588832084,8.601861874
"220037_s_at",5.65189375,5.231942946,5.794877847,5.791948881,4.874686199,5.2312303,5.172786938,5.214141494,5.399492949,5.063273825,5.256886691,5.784224568,6.896562921,6.219419551,6.786180926,6.892795419,5.953647332,6.843557695,7.256934466,5.717786105,5.993071642,7.07631251,8.109942717,7.013533299
"209210_s_at",10.13495773,9.47860029,8.914057797,9.598324091,10.06053898,9.530987327,9.111150437,9.52770616,9.340709053,9.810697416,9.449063014,8.379236517,11.09985045,10.68251936,9.985592357,11.17362415,10.66489018,10.71255409,11.27477903,11.06276156,10.56950984,11.42963835,10.92518434,11.11920095
"218541_s_at",8.908393316,9.249314541,6.189398079,8.41994719,8.000964163,8.808787456,7.637946961,8.80095042,10.60586364,8.930242871,8.038218463,8.484920276,9.242059219,9.661964902,8.209784921,8.188958682,9.207438925,8.079840535,9.209827688,8.829490646,9.556786456,9.536215653,9.020747503,8.893824806
"209683_at",6.151045039,6.200200247,6.143401044,5.430739543,5.596546984,7.455663333,6.393380458,6.608570501,7.357299193,5.818194474,6.315729507,5.703641147,7.970843976,7.52156072,7.547091762,7.76182917,7.639223946,7.267366963,7.501340437,7.020423146,7.592410565,7.963704711,8.04529933,7.796647379
"210033_s_at",6.601416068,7.42915034,6.379522568,7.545383835,6.264188882,7.066795609,6.29403453,6.151093928,6.263428617,6.591857071,7.356202922,6.738617276,6.927244498,6.22436708,8.759089653,8.881927705,7.439467684,6.691194474,8.183434094,8.13998617,7.439767859,8.133570322,6.977788074,8.505459848
"219719_at",8.052943262,7.743871586,7.966720569,8.184789834,7.851053881,8.056290478,7.718691143,8.126062979,7.710346074,7.704241924,8.355676244,7.049525492,9.919929097,9.412202558,9.05187539,9.419498814,9.038445317,9.683134515,9.630555268,9.763541966,9.367232953,9.196928031,9.212975364,9.491444048
"204059_s_at",8.179597383,8.37531827,7.492220462,11.40962101,8.186264171,8.382422786,9.59601756,8.627604629,8.523077024,9.525034633,8.448940092,8.66147124,8.457138184,8.150871922,8.368930509,7.511076434,7.622120411,8.107210653,8.386588743,7.737817709,8.793229095,8.485909102,9.314585451,7.593002141
"207836_s_at",6.856141825,8.447976421,6.939385018,7.429831014,5.966926376,8.504950013,7.034111673,8.094535472,8.62624553,7.455259653,7.803547182,5.897160347,8.123434769,8.524067291,8.700642373,8.414131784,7.89674188,8.727398086,8.271942835,8.228158251,8.385838999,8.473434756,8.810335428,8.325853023
"202908_at",8.538438112,8.371284741,8.844661304,8.797601241,8.041415662,8.731705235,8.741634338,8.606580292,8.182809595,9.008840998,9.289487835,8.578256488,10.09777448,9.544536854,9.845158882,10.45361581,10.11636883,10.66132871,10.38877189,10.7100619,9.558654404,9.701877993,9.506409281,10.39236555
"215949_x_at",7.962382632,7.22147403,6.501141517,6.635779547,7.217859638,7.997966031,7.060334682,9.006418914,6.959103988,7.276485617,6.861875964,8.848208563,6.499747808,7.464034581,6.670870025,6.436240278,6.400252046,6.955153337,6.450986355,7.117034235,6.708175115,6.208315183,9.117950382,7.098169515
"202431_s_at",10.45427383,8.079278671,10.0424911,10.13850855,8.221543839,8.39341252,9.990410065,9.208475929,10.2736118,9.162129391,9.377577805,9.329516629,10.06379808,10.07451659,9.732073818,9.742968403,9.97681137,7.896729055,7.79392653,8.628417568,8.597364709,8.763676099,9.970324125,8.79803959
"210511_s_at",8.762126032,9.039200478,8.263879403,7.144769213,7.630302107,8.633095483,8.199529619,9.139153692,8.661369034,9.613474306,8.384759142,8.990885166,8.640308604,7.058217579,7.111083789,8.690981161,9.805433692,9.053595755,8.620415021,8.514905886,9.104628258,8.60798006,6.518195256,8.411503017
"204802_at",6.475683675,6.912663752,7.942414988,6.961903936,6.32505332,6.140354197,6.299583961,7.793386069,5.95023157,6.913599542,8.019576222,6.399998827,8.095020579,8.539232676,7.502033537,7.042157952,9.262819092,7.118005823,7.689930072,7.747807474,7.103481907,6.816378061,7.765300177,7.69997758
"217628_at",6.349572396,6.200957121,6.910415697,6.232959161,6.34378872,6.335612754,6.809168993,5.780797893,6.346162366,6.366208397,6.639546834,6.255017512,7.145267287,7.144550704,7.59623485,9.025538645,7.361200464,7.978915963,7.906305364,7.612254928,7.098293243,7.88059478,8.102700031,7.931836524
"212281_s_at",8.722807763,10.31103483,7.285958191,9.202226379,9.437482545,8.988852073,8.53572944,7.285742025,7.509180452,8.918966644,8.589215219,6.87820907,8.18600078,8.175401798,8.488658534,9.368390923,9.065242322,8.781142006,8.466056025,8.587348904,9.513243901,9.541564822,9.096878986,9.015325761
"205316_at",7.654064273,8.378970407,7.720034757,7.777812538,6.636495477,8.22906169,6.341050913,7.730764632,6.532451515,7.275028538,8.877724763,7.139711384,8.004538566,8.711328258,8.21382123,9.061324321,7.781945497,8.762351171,8.884706714,8.706938579,8.396467774,9.074636921,8.329980484,8.831321486
"213994_s_at",6.313713334,6.288426348,5.513525518,4.950374291,4.911500206,6.899102608,5.637712327,5.77170414,5.193753546,6.961865632,5.980617414,5.512532412,6.393889676,6.786823632,6.50645988,6.992040595,6.92146565,6.787307837,6.979811917,6.348540599,7.189401367,7.272574159,8.133181717,6.877203564
"213164_at",9.552854981,9.708468885,12.11900965,8.974042084,10.33184889,11.3162955,10.66796432,11.00843699,10.58002433,11.02069282,9.729102544,10.48815915,9.422895367,9.809966775,9.261159796,9.434465242,9.898868494,9.189761982,9.691067972,9.247185184,9.669079371,9.516874083,9.70216218,8.92288757
"201510_at",7.834536817,9.475514577,9.427003638,10.40593471,10.11254665,9.477250388,9.603134242,8.678232684,10.02160989,10.09312133,8.62375775,8.205376323,8.921928766,8.102685035,8.398671724,9.088267715,10.30385603,7.607625949,8.387295163,8.982880583,8.728115887,8.654614274,8.182776431,8.898626931
"209064_x_at",9.286711767,9.564164162,9.794325151,10.15730119,9.181349149,9.59119428,10.06173579,9.120402144,10.36085262,9.25330129,9.025228039,9.061907465,8.480928808,7.658299641,8.190497241,9.346082103,8.132307793,7.766844653,7.793845875,7.780348948,8.648738966,8.892923837,8.720792804,8.220636251
"202946_s_at",7.069111052,7.951494019,7.033199557,7.991740794,7.639156044,7.476097173,8.18765563,7.376952627,8.435974877,7.327575313,7.478473741,7.54911708,9.628746072,8.089281409,8.374393231,8.810298313,7.581549646,9.370598676,9.387846527,8.595271928,8.760027389,9.271760022,9.095712355,8.753286182
"208960_s_at",9.239261311,8.911885624,10.82645208,9.186836464,8.452965955,8.176757779,10.44340312,9.349851389,9.503451975,9.255439272,9.785237784,9.066258166,10.21516967,10.58835277,9.222711174,9.746699161,10.03560808,9.74943836,10.35256197,11.07286007,10.09970412,10.34401219,9.645018207,11.1942464
"213872_at",9.580971318,8.913692141,10.92364529,9.663427068,9.323738616,10.08624374,9.48354657,7.860452711,8.666373526,10.97425527,9.043397728,10.35034344,8.765746823,9.459372877,8.568710596,9.569173642,8.61917231,9.386081419,9.673031482,9.330799468,8.057529195,10.16245497,9.463920732,9.682287544
"206513_at",8.158995125,8.809598276,9.716222849,7.654765521,8.018772374,8.732920872,7.897108396,9.841635571,8.509888177,7.934869403,7.362149584,9.692060413,7.602014945,7.979411313,8.089728157,7.138127251,7.949725232,7.497961444,7.334046587,7.672139959,7.951334778,7.246750453,7.619332793,7.422647272
"202877_s_at",8.469742134,8.49655062,8.441773226,8.633334241,8.581354118,8.575416909,8.547051731,8.634198527,8.740442775,8.460955679,8.971938313,8.185302541,10.71750604,10.03839161,9.403299476,9.70523645,9.52957296,9.989930286,10.21378836,10.37232949,9.487419859,9.937501027,9.64331901,10.34899081
"205422_s_at",8.381757218,8.09168637,6.414373987,5.672430551,6.230686547,8.600574944,7.994666829,8.058056489,7.09884808,7.574597657,7.980904609,7.127562333,7.851119731,6.499034632,6.246293139,7.625150345,6.468833379,7.864019306,7.664085349,7.315092664,7.337717952,7.6811377,6.522887679,7.243576556
"212730_at",7.240384474,8.037139477,7.558086083,8.053068396,7.83096475,7.556753864,8.187252858,7.673881874,7.606538696,7.688685516,7.971368762,7.467313982,9.295689824,9.221555378,8.750461887,9.681426201,8.791246293,9.746907877,9.025590418,9.333097919,8.713862628,8.96306289,8.796262971,9.147946692
"204048_s_at",8.387279945,9.785629385,8.841228584,9.236713143,8.681583924,8.862221741,8.770416414,9.080690154,8.695502497,8.928200932,9.131406609,9.582308177,10.84935166,9.859774953,9.25616118,9.521338842,10.35333807,9.60317132,10.8017327,10.85940694,9.965216276,10.5170085,9.465525608,10.71127915
"209691_s_at",5.103314773,6.282242728,6.453513247,6.063638279,6.126173647,7.642835395,6.155840615,5.925451402,8.121927062,7.337847808,6.996546164,6.020449546,7.585327127,7.197320539,7.185162629,7.489641505,7.293084005,7.778656531,7.44350888,7.2937438,7.768158137,7.220667944,7.163152166,7.608358945
"221589_s_at",6.293117197,6.894424124,7.085737834,7.236419005,9.611967888,8.355878934,7.825601923,6.272703106,8.000643131,7.489476601,7.678640919,6.765024678,7.32694308,7.047749266,7.955076036,8.462784516,7.165936106,7.746757351,7.24652289,6.979999906,7.982445322,8.40878432,8.318335411,7.882175456
"209304_x_at",10.33909453,9.646624803,8.799489759,9.992293922,8.663837718,9.185021813,9.255313314,9.449810861,10.34811581,9.48572162,10.40291677,9.342489032,11.01124421,11.44237225,10.16544261,10.777641,11.42556915,10.09868502,9.886862857,11.00129862,9.810486405,9.546849126,10.1966922,10.39748259
"202388_at",11.28630844,10.34589892,10.08207316,10.31448684,9.551863438,9.848985972,10.72986625,10.47202794,11.38728881,11.27434086,10.44761806,11.65283726,10.76659444,12.01401276,11.9762186,11.66364578,12.31310801,10.36267345,10.56484316,11.34739766,11.02961528,11.18217863,12.2651261,10.84662115
"215783_s_at",7.594812205,6.501150631,7.075674795,7.162744629,7.041640411,8.115635547,6.82127313,6.442266152,7.326303261,7.081372838,8.745129992,6.542348014,7.627121482,8.811621011,7.833186834,7.979159641,8.22395256,7.532770907,7.693749888,7.038886046,8.705234322,7.686882944,8.841412373,8.542155851
"203131_at",9.70343161,8.937508536,8.52974543,7.588871481,7.130687422,9.702472078,9.323977495,9.701987425,8.598382418,9.866502143,9.064192751,9.116430033,9.498519056,9.149152336,9.694535193,10.14231957,9.663389952,9.849189657,9.509210076,9.935361676,9.473245376,10.12865204,9.643970104,10.08907803
"206544_x_at",7.036366887,7.346309767,7.158786874,7.429970798,8.048028636,8.462363636,7.366664107,7.282345588,7.75694798,6.91354597,7.095504316,6.654248326,8.631060104,7.883050159,8.533417661,8.968351353,7.800295134,8.487317687,8.857891486,8.432752253,8.084117943,8.915396594,8.853692708,9.003911574
"200672_x_at",8.965652257,9.262917402,9.360435236,8.979863807,8.905509894,8.836925712,9.688995434,9.252951288,8.875444081,8.89730368,9.984906638,8.806781049,10.81416565,9.945707251,10.25782853,10.57399103,9.810418085,10.86703164,10.30117742,10.76716808,9.891855869,10.59590037,9.591192564,10.94703652
"219911_s_at",7.034191526,7.239227061,7.351143336,8.127499441,6.986952035,7.153838939,7.026994646,9.414269703,6.979870428,7.478841824,7.083103766,9.301454085,7.495997613,8.145362642,7.272143735,8.084500142,9.02762662,7.413166858,7.180313407,7.665388894,7.219480192,7.137535904,7.634718647,8.61325384
"209168_at",6.963449508,6.524425838,6.880161034,6.614136238,6.592197653,6.65222233,6.41209492,6.430208035,6.325963037,6.409303592,6.647281666,6.827530634,7.559612677,7.387123532,7.196552804,8.772318261,7.73870699,7.515201315,7.782244816,7.918075263,7.251332798,8.958788016,7.152440546,8.03325198
"203554_x_at",11.24166363,10.61358356,10.09056917,11.53859929,11.43383687,10.65195744,10.99789641,10.72120399,10.94008373,10.62976805,9.826099588,10.64361846,9.766774083,10.8141764,9.790525464,9.255084745,9.699393292,9.524065157,9.5030999,9.380459184,9.67586215,9.465683281,10.0761791,9.087870373
"204777_s_at",6.73976025,6.504360879,6.837763058,6.301387604,7.697837636,7.483439663,6.826128984,7.324521776,7.599155828,7.231556192,7.422981837,7.242943586,7.661240185,7.535310638,8.021511595,8.468477796,8.399442193,9.0231119,8.187841496,8.911627213,7.836342887,7.690291976,7.261915727,8.697449165
"204401_at",7.609326812,8.110936119,9.426116317,7.783219631,7.627955683,8.334694647,7.609643606,8.01908037,7.440505622,7.1423573,8.149279807,7.825165322,6.561769554,7.093239748,6.946830137,6.436917449,7.278022401,6.683626542,6.743016907,6.85100301,6.772419724,6.660664513,6.548146413,6.709009784
"201294_s_at",8.491169316,8.581082535,10.61406204,8.181761465,8.974065259,8.731801147,9.112313319,8.76991635,9.112656104,9.255568342,9.684721622,7.502108298,9.072160977,10.44982312,8.880791309,8.802978725,10.37194504,8.000702987,9.161627782,8.978500745,9.292087926,8.583675573,8.628425291,8.899195825
"219288_at",8.426866549,9.677209614,9.901581896,8.955936745,8.707049371,7.744880674,8.628074457,8.344233409,8.380981332,8.885387725,9.182775555,7.290844988,7.534945471,7.627992809,8.023915092,7.849163835,7.69200499,7.63582471,7.959602206,7.209020546,7.907572007,8.36250507,8.174243212,7.373921919
"211651_s_at",7.997394625,8.061826483,6.781963015,7.73369711,6.281301772,7.217998997,8.316272508,8.258248266,7.308940007,7.951936096,7.728980355,7.737251363,9.423667721,8.940023354,8.190500662,8.447158672,8.060252023,8.535899691,8.570902308,8.519681702,7.402547166,8.463893077,8.808296756,8.94476204
"212154_at",6.7496898,7.985492608,7.223269372,6.986225873,8.305603542,8.249455041,6.84546003,7.686208206,7.458895081,8.452044167,9.424286007,7.629615944,8.734026686,8.100022464,8.121825634,8.956063173,7.456047656,8.799945889,8.7998825,8.339021915,7.956722249,8.747039874,8.848359624,8.521611534
"203766_s_at",8.156017416,7.730629696,7.468998772,7.635856429,7.627128435,8.387543055,7.429575369,8.022099885,7.431393518,8.036104656,8.658533769,7.825953624,9.209316081,8.595955776,8.926325284,9.384202873,8.425124504,9.60100004,8.724639988,9.692037451,9.06319807,9.005411131,8.445422154,9.34299735
"212196_at",8.264133516,8.972966061,10.0348137,8.908187422,10.29034547,10.20026653,8.343420649,8.72186731,9.8731366,8.529953222,9.340565152,9.258763092,10.26057226,9.606878268,9.548517382,10.88427329,9.511456626,9.070814859,9.883696154,9.620339378,9.334593405,10.1676417,10.80123732,10.01728082
"208527_x_at",7.596352221,9.178529941,8.651424217,7.988872388,8.957327565,6.722574451,8.316184767,7.444261778,8.002092564,8.020589427,7.899718345,7.323521457,6.72725481,7.158071973,6.793903774,7.015727219,6.921819057,7.12705519,6.905012285,7.11422859,7.074728184,7.061950152,7.133342906,6.858680594
"204961_s_at",6.792649402,7.22391452,5.668231572,5.740267479,6.441424059,6.582265382,6.870865631,7.499258265,6.559765091,6.41110877,6.744825209,6.58210664,7.842607726,7.526226158,8.858320358,6.438543633,6.812067444,7.497778331,7.741484558,7.062546201,8.007653502,7.408873344,7.280557685,7.083970607
"219922_s_at",7.770889756,7.972674082,8.317946663,6.993372161,6.985071081,7.537190021,9.100452402,8.25876508,7.660522387,7.93966864,9.510592116,7.057331214,8.315282732,8.059434843,8.617740197,8.855826375,8.102855131,9.071402367,9.016599364,8.974883579,7.789465113,8.242973881,8.34895551,9.233265412
"219059_s_at",8.304734412,7.67366658,8.203623478,8.353671435,8.011018748,8.111241094,8.010073844,8.076971286,7.83234431,7.946919237,8.192596958,8.170760889,9.410000712,9.383361062,9.304907266,8.892760009,8.903076408,9.464702035,9.799086626,8.524121586,8.749337164,9.423834985,10.14630186,9.464830214
"219091_s_at",7.231647058,7.163686879,7.344421692,7.345205625,7.273082689,7.472910489,7.131532891,7.461663197,7.155362356,7.309487765,7.825446054,7.284467665,9.046625377,7.974154344,8.294371777,8.82106928,8.031155757,8.740583298,8.985395591,8.837241782,8.188065378,8.41282005,8.456393354,9.15308388
"208965_s_at",7.746791616,9.525160098,10.40551119,8.801467928,8.264350878,8.497150188,8.245911845,9.700697537,9.953002942,8.460024864,8.482162831,9.60208751,9.439736133,9.858943551,8.669275145,7.913144413,9.145584415,7.919288608,8.498945671,9.101343224,8.956683126,8.786847584,8.521261008,8.356529571
"201616_s_at",7.045032811,8.522511847,7.085644203,7.781033348,7.838127998,7.804352813,7.107314007,8.428458851,8.092075436,8.253819318,8.343446345,8.420831014,9.327552122,8.993492252,7.876672665,8.730720403,8.118677017,8.578643158,8.84358136,9.372973366,8.047261141,9.02414872,9.559845412,9.006508678
"208699_x_at",10.20517175,10.93476741,10.61073405,11.05355929,10.1042884,10.89179078,10.7913745,10.28211321,10.9065515,11.98661254,11.58716889,9.197948537,9.224035669,9.97904725,9.702298063,9.635287227,9.645709165,9.747909527,10.16110088,9.745528356,9.845518726,9.755495489,10.28300675,10.27447198
"209806_at",10.15469189,11.09608157,11.42772094,10.72355424,11.3965555,9.47926512,10.87677642,9.662189563,9.937089795,10.73293838,10.12790361,10.19206166,9.522770371,9.422748033,9.453406432,9.743727869,9.186857895,9.847236157,9.460274558,9.080170732,9.72447125,9.474737007,9.655745953,9.196595076
"204642_at",7.738926423,7.489256774,7.762554965,7.524838413,7.514647161,7.450344469,7.451558431,7.599837489,7.720663048,7.383185121,7.700597033,7.56647994,9.190816178,8.10125885,8.370897398,9.215289019,8.703534072,9.008364049,8.418707196,9.082536591,8.486200256,9.460961025,8.157557097,9.193177113
"201917_s_at",7.847226757,9.280655926,9.933599512,9.616583045,9.328204465,8.884993601,9.123803225,10.13381172,9.956792743,10.15433643,10.57626523,9.470477341,9.580149237,10.21869352,9.012483194,8.343641998,9.626948827,8.162941545,9.898306781,10.14506249,9.803380251,10.35135667,9.042552271,9.739813946
"213060_s_at",7.214877061,6.573400189,6.842148078,6.675591517,6.779455576,7.451349021,6.807162758,6.881920038,6.893549863,7.13917207,7.173834834,6.866865436,7.588256896,8.562013869,8.486254089,9.005855453,8.164200307,7.304834526,6.759469851,7.57442172,7.792877739,8.569378458,6.977470115,7.833600206
"222303_at",9.510195937,8.607231285,8.481917712,10.15384987,8.652726211,9.467458664,8.392749863,7.728067064,10.041688,9.153038393,8.829031885,10.20320487,10.16637874,9.764514477,9.483711292,9.720814402,10.59215033,9.469795835,9.861258044,10.09040317,10.02418885,9.712532985,9.701351485,9.513533069
"209286_at",7.938990391,9.426962246,10.5046462,7.453810378,7.297089987,9.069711581,7.06470381,8.575474617,8.723378817,7.588945722,8.674186375,8.380007807,8.644148459,8.432868337,8.379427241,8.490276225,8.552335732,8.094940202,8.310611741,8.25770804,8.586325496,8.434967728,8.699135822,8.352846181
"203716_s_at",9.240708653,8.430555902,9.612089757,7.817800985,7.943153135,9.480640473,7.682603003,8.238941899,10.25392036,8.446151432,9.419918548,7.748662932,8.710114013,8.881839718,8.199579245,7.911811475,8.124530126,7.996950803,8.304049545,7.6816758,8.513804131,8.581324236,9.288331222,8.118672901
"222037_at",5.675759454,5.786437265,5.326509486,6.263145843,7.520567557,5.39347844,6.671328255,7.107425964,5.965319153,5.551918874,5.565200029,5.470212088,5.186477373,5.555752052,5.248363655,5.107271255,4.804313129,5.172609625,5.168473382,4.966493815,5.107503599,5.17327989,6.109560153,4.762818254
"215245_x_at",8.507498842,8.993018163,9.677377172,8.349258984,9.445661578,8.526362267,6.535531636,7.723539577,9.42772878,8.906237852,8.153449512,8.457199184,8.996031073,8.176508216,8.955537024,9.44526288,8.755440489,8.607443018,9.062397829,8.498991715,8.519455574,9.614434581,9.547715327,8.930200214
"212414_s_at",8.214644793,8.798659712,7.627744856,7.291173225,7.858398713,8.822263008,9.567694198,9.083887874,8.303776335,8.100971292,8.284013699,6.525096935,9.032491219,8.780118366,9.132891225,9.162404607,8.548651462,8.647319766,8.798684347,8.925507291,8.953142495,8.356100167,9.339445401,8.746492534
"218432_at",5.800517793,8.026150055,6.446343668,7.356850431,7.649353723,7.30009225,6.627249721,6.609719633,7.838838223,6.233446928,6.786840253,6.65108597,7.628309506,6.656830109,7.539118634,8.295798477,6.725758791,7.772726967,7.857450694,7.302858035,7.538170539,8.360537224,7.991561803,7.770251664
"214453_s_at",8.517969047,10.23279643,10.72138398,7.658250202,7.981459509,8.954838492,9.57329895,8.886969799,9.690531977,9.258830667,8.876320323,9.748598379,10.26746409,9.39750665,9.367353099,9.302804099,8.81288794,9.311902293,9.346947258,9.61449185,8.770793885,9.614795868,8.561811132,9.298535537
"216336_x_at",10.29945778,9.860968084,10.3649362,11.34126537,10.01525638,10.49437833,10.73869432,10.3700805,9.924399362,10.42364631,10.64550485,10.28576918,11.45761634,11.27954162,11.68791582,11.78165629,12.15732629,10.26067572,10.24740936,11.20887719,11.14636058,10.47248211,12.13720905,11.21771254
"202146_at",7.557712026,7.482620179,7.66520618,8.49050379,8.045933903,6.475762644,9.155631925,9.059801617,7.122570171,8.706604733,7.186556615,6.876942128,7.599904901,8.156635019,7.789832037,8.621572776,8.669794955,7.408864322,7.551491708,8.2581517,7.80900367,8.182702696,8.52520254,7.798852944
"218437_s_at",7.537257809,8.257953677,8.417896979,7.758598634,7.15649337,8.215130043,7.002138087,7.130471679,8.03985463,7.958772319,7.88279357,6.859590148,8.37121821,7.574742576,8.528463697,9.551053959,8.024797635,8.172732944,8.818987964,8.268957267,8.132970101,9.124234427,9.029431775,8.723152667
"221718_s_at",9.716883583,9.393935393,10.28637221,9.281962411,7.953225345,10.47568059,9.615645309,9.172316369,10.5404452,9.460680864,10.01523193,10.07599814,10.20235383,10.74457801,10.34086154,10.28508531,10.77160261,10.28934695,10.06091043,10.25807933,10.48027305,11.14651913,10.63120365,10.66342702
"209823_x_at",10.3007418,11.31269325,11.44762826,10.72485169,11.19538803,11.6721089,10.82858472,12.33268353,11.32530293,10.71523914,10.59461535,11.2966993,10.5416206,11.1316474,12.25751445,12.02103547,11.98263621,12.26378792,12.26303738,11.8281366,11.99671448,12.34245765,12.01866775,10.44289981
"221107_at",6.694189098,6.269296263,6.396973544,7.376323349,9.601740761,6.623099836,6.553404668,7.331478879,6.590271501,6.781616257,6.441899495,6.962037488,6.795205912,6.437453131,6.549153315,6.505835985,6.700554811,6.489723265,6.454152545,6.430101378,6.731879167,6.385812114,6.376218036,6.217342469
"204137_at",6.475502951,8.466589031,7.325799959,6.568785067,7.0041515,7.864888639,6.758468465,7.825435292,7.259655596,7.960869335,6.938168379,6.308903352,7.245490351,7.217407811,7.782424342,6.913001945,6.98380887,8.021017983,8.088980147,6.656564777,8.457581528,8.588464505,7.946139167,7.139961139
"209732_at",9.474846087,9.234356071,9.928558032,7.908311806,11.5646159,8.94014398,8.507522951,9.678875981,8.920595425,9.173580483,8.511457129,9.201038451,9.524919735,9.220501185,9.379769255,9.392508394,9.281835527,9.422061818,9.860405258,9.182775758,9.367214438,10.06056143,9.46038475,9.171921121
"209340_at",9.671024724,9.185722835,9.7377644,10.6772677,8.730859082,9.893047348,9.318305621,9.622815923,9.705066351,10.39863155,8.611340181,9.95044978,9.175827422,9.38182301,8.768815121,9.470966263,9.986360989,8.493358956,8.544583215,8.190073305,8.85729479,9.112458873,10.3798736,8.820489223
"217430_x_at",9.490247998,10.37483583,9.09339484,9.152977992,9.664223901,9.021238928,9.392179629,10.15097885,10.39841771,10.91916458,10.77685427,10.03766504,9.518007748,9.655871664,9.18961099,8.806751838,8.834953647,8.997780386,8.834150142,9.012329122,9.020259154,8.863246746,10.27245491,8.910649381
"213246_at",6.842957498,8.419725037,8.11853802,7.364389012,9.485727765,7.994160171,8.716075323,7.973957112,7.568910872,7.82668686,7.942626585,7.456045022,7.239394362,6.622162123,7.560435151,7.944404889,6.94308726,8.045541526,7.750303729,6.852828502,8.493332267,8.124693977,7.99719064,7.21280702
"219895_at",4.68413754,5.371961639,4.488713906,4.399308334,4.598251695,5.154175552,4.46008831,6.024718764,4.459152778,4.546200404,4.735289907,4.419985588,5.868732842,4.496660523,5.064985046,5.227793888,4.825086981,5.653139396,5.894063714,4.331709894,6.874866285,5.255949165,4.501116214,5.281113764
"205378_s_at",5.968228045,5.680296849,5.322989675,5.334326894,6.128618064,5.636035904,5.72172139,5.686149738,8.548733748,5.618173977,5.725075449,5.665737747,5.588733494,5.717740387,5.424515354,5.236321926,5.506746956,5.370062584,5.387928366,5.542696846,5.307002671,5.213020096,5.423806291,5.281648311
"204455_at",6.172809202,4.934895194,6.309297161,7.514512651,5.581150232,4.922774318,6.618127823,5.343995286,4.974062779,5.256885741,5.334438429,5.887321092,5.277352892,5.030516735,5.20563469,5.205905983,5.257949088,4.819978031,5.075200901,5.152042363,5.025735767,5.207028537,4.762673532,4.93768694
"205453_at",8.715098404,8.968616153,8.314818301,8.288100918,11.50529287,8.794931722,10.22640262,9.0691183,8.616077949,8.694555502,8.899101071,8.733960559,9.019354841,8.66444892,8.960644,8.786332863,8.525532468,9.232396683,8.950213698,8.915487409,8.867682887,9.050808057,8.729778918,8.713137965
"217730_at",9.065608337,9.531015225,11.0925423,9.021550516,8.358423603,9.400162552,9.679542164,9.691779874,8.995949796,9.091362891,9.501903111,8.445529309,9.755637312,9.688911383,9.873167989,9.928753684,9.838969083,10.72820812,10.27379822,10.23610899,9.65411905,10.06953723,9.808652097,10.46532288
"204984_at",7.848703446,8.989982419,9.333410858,7.558545008,8.272194144,8.653220026,8.031771338,6.778374323,8.269332985,8.885551154,9.567162905,7.21917558,8.666236196,9.012793989,8.851575903,8.764387099,7.9771121,8.294880231,8.641655423,8.660892551,8.610760604,8.767361076,9.005522375,8.32440109
"202743_at",8.027962566,8.848313833,8.96550113,7.748110548,9.063273959,8.415499528,9.449684101,8.390262818,7.719448677,8.675266691,8.344740369,7.930199127,8.820948499,9.410590534,8.64984422,9.778164422,9.764047462,9.215587942,8.514468836,9.748186819,9.13471702,9.411080108,9.731010177,9.380997538
"204767_s_at",8.564269377,9.131514066,8.461898046,8.861213272,9.464913226,7.980436379,9.900282228,8.232392808,8.008739379,7.923597781,8.333367815,8.259036598,7.491958983,8.320877631,7.713945738,7.660459189,7.754368725,7.675465858,7.576811327,7.449478426,7.662078507,7.680818427,8.442431832,7.571910936
"200966_x_at",12.94476565,12.42794363,12.81750859,13.02898998,12.10015837,12.53920267,13.04010757,13.29673224,12.77613942,13.61126025,13.03696718,12.89456302,11.47221825,11.91961118,11.88600311,11.49221611,11.74703149,11.95709116,11.86629415,11.85570255,11.77138393,11.41435859,11.83742843,11.90621343
"56256_at",10.00969094,9.953317576,10.066086,9.47011004,9.095684588,10.32669435,10.16163625,10.05551742,9.2709612,9.740858879,10.3847561,10.00640217,10.65961514,10.96521743,11.00842753,10.60778076,11.30659135,11.08577897,10.7501573,10.53409381,11.28766003,11.56147091,10.73106438,10.48308426
"217762_s_at",10.45974935,10.00114628,8.975539184,9.042361375,8.583976693,10.21326822,8.678408934,10.24107825,9.274911773,11.18645505,10.06625887,11.10439127,9.760669014,9.907283813,9.860322895,9.766556387,10.45128381,9.729750811,10.08510098,9.890357284,9.988293824,10.31857427,10.20318078,9.882457956
"205303_at",7.978663707,7.930157584,7.777102177,7.588623942,7.95241203,7.786402745,7.378852834,8.086895954,7.827692945,8.359614197,7.911711263,7.887925239,8.774213388,9.511436119,8.715974143,9.344035212,8.930362594,8.861232864,8.785915497,8.979259775,9.053077571,9.076264148,9.409633699,9.023274714
"219115_s_at",5.953953704,6.453692115,5.446448688,5.869179704,5.124154633,5.09334265,5.482514678,5.354860641,5.389637357,5.694197302,5.590885911,5.911420799,6.360464833,6.1953036,6.259228984,7.983518288,6.41244567,5.523171877,6.310309619,5.973839317,5.986571962,7.085617248,5.784441326,6.469311402
"202137_s_at",5.442322754,5.673005931,6.636317861,6.229002064,6.129155432,6.459756049,6.161374335,4.949396138,6.00069649,6.004654373,5.655415194,5.944667087,6.622999998,5.544187427,6.347504804,7.660834318,5.435305761,6.750360657,6.426686171,6.249306467,5.860217198,7.564743175,6.965614035,6.593536525
"217761_at",7.866785094,9.722731642,9.030426398,9.998963461,8.347020862,9.861078155,9.389475315,8.79360242,9.406797778,9.471317756,10.07507678,9.654843245,9.622091064,9.816354557,10.12474973,10.5776966,9.837277713,10.04835212,9.995159176,8.942109056,9.76058918,10.22314934,10.38008963,10.06448332
"218793_s_at",6.650522948,7.327638052,6.244826554,6.863855346,8.576601482,6.543434077,6.158973621,6.157648502,6.649477421,6.253053912,6.899909208,6.184883356,7.616409871,7.241201198,7.29395396,8.132669982,7.359538198,7.047092424,7.175770452,6.975325214,7.200630904,7.699677989,7.824727186,6.837795348
"205436_s_at",10.5207521,10.48590609,9.204179612,10.59053193,10.05576029,9.450946606,10.74073518,9.606461059,8.967665809,9.61984666,9.790323836,10.25197129,9.116562513,9.825490149,9.060580865,8.874168227,9.805748618,9.186499754,8.798446361,8.79597152,8.957562074,8.896078907,9.311457105,8.745086529
"202936_s_at",7.032612247,8.252094613,6.968991194,8.651763004,7.809764935,8.981999718,7.173979489,6.203247254,7.799675526,7.179150547,8.22965051,7.571165017,7.507550592,7.079846813,8.284858672,8.805184623,7.667183405,7.524400531,7.578002344,7.538206646,7.223073829,7.821163173,7.826799314,7.952249718
"203504_s_at",8.67256544,8.805274852,8.957160758,7.500939362,7.364914531,9.534561292,8.695280658,8.934421079,8.478023097,8.182184226,8.511173933,9.935433532,9.074330216,9.319582639,9.244222578,9.426464357,8.30814328,9.30750596,9.640716543,8.961895831,9.058881983,9.49366276,9.411668829,9.350542268
"215388_s_at",8.285978924,8.805050162,9.091341623,8.955361701,7.092448351,8.000255606,7.334101176,8.439067139,8.346857409,7.787545411,8.44212312,8.70513663,8.440477444,8.957026981,8.738597491,8.419240738,8.092384719,7.66230344,8.427057769,7.962385454,7.891644414,8.898668068,10.08832106,8.209978994
"207239_s_at",7.300018533,8.272785191,8.091011272,8.054051877,9.498533255,7.421696961,8.30345012,7.76626326,7.900830099,9.06929515,7.871431261,8.232817455,7.193334427,7.47922439,7.42606569,7.331767801,7.436081975,7.233210715,7.100252705,7.301792655,7.434354835,6.895363096,7.554598788,7.181795368
"209108_at",8.270127112,10.17389866,10.44661273,9.241343247,9.556817066,8.993106999,9.210290691,9.019995557,8.370572906,9.284864141,9.621433391,8.386846194,8.282679914,8.208945658,8.737004524,9.178072915,8.141889596,8.241867449,8.860741669,8.472540224,8.30326563,8.71976676,8.658045837,8.932999392
"202314_at",7.15738852,7.072862927,7.517079388,6.981248475,7.28852189,6.460694603,8.51575823,7.068154358,6.556437696,6.71731825,6.49142492,5.931814682,6.843055143,6.617317277,7.31753979,8.071119903,7.646100891,7.321060855,6.835847077,7.01274273,7.514893712,8.178633933,8.123261862,7.507421478
"205180_s_at",8.135742209,8.694723961,7.861668535,8.307164006,7.628072334,8.955852786,8.368985168,8.632741678,8.470745648,7.810908901,8.108210014,10.19370041,7.556930296,8.494030441,7.635686737,7.35312779,8.094403275,7.78689959,7.740872379,8.15858029,7.458412261,7.375486952,8.366479464,7.937598907
"218951_s_at",7.857694477,7.531809578,8.092543538,7.708553671,8.271561626,9.024327095,10.21377423,8.346940125,8.270933949,8.492054346,9.966948272,8.339149609,8.163816396,8.876690596,8.732558583,8.434943392,8.521370504,8.17560483,7.941061193,7.984496158,8.693586531,8.365691729,8.246527704,8.190225979
"211714_x_at",11.99785799,12.35149555,12.60110736,13.10484411,13.06621311,11.47741409,12.98692405,12.37996343,11.50678089,12.87452882,11.47169002,12.13502705,11.71553326,11.66101829,11.249712,11.46855513,11.25394992,11.604176,11.77581406,11.68920634,11.22131035,11.20230356,11.68846454,11.76253835
"219825_at",6.829307636,6.958052826,6.58264468,7.355962052,7.056468076,6.87167825,8.75123881,7.339126276,6.581350884,6.788952311,6.716856591,6.476206249,7.497499063,7.072446736,8.025908354,7.036343378,6.470365459,8.684301324,7.268952314,6.608093584,7.201069734,7.320290291,7.732032051,6.999225354
"218401_s_at",5.52928969,7.653889472,7.431844192,7.758447952,5.605759018,6.811903072,7.059779786,6.796682112,7.928111799,7.199043071,6.560183142,6.862819726,6.217316178,6.738690903,6.100350598,6.607790102,6.172738599,6.108596835,6.581791778,6.207200909,6.389543274,6.779236517,6.556094752,6.724826995
"202203_s_at",9.781111509,7.815711243,8.923992444,8.256931952,7.717000342,8.548021174,7.314037005,8.349004666,8.328283821,7.86051816,8.478408398,8.423214556,7.604771478,7.45852525,8.355072004,9.342073923,8.720453069,8.924559274,8.591177823,7.819451415,7.543303105,7.578583653,8.419598772,8.350030425
"205769_at",6.282328144,7.3350141,7.212180575,6.477872311,5.756967106,7.757669889,5.600932367,6.644297554,6.183343973,5.735268938,6.681888025,5.873598157,5.586976559,5.28377505,6.168901551,6.101197945,6.012693869,5.49212494,5.573359771,5.782228344,5.755012435,6.062099001,6.01376005,6.146039874
"201169_s_at",8.141045808,9.005464411,8.979673325,7.654248735,8.523603148,7.594130741,8.899937939,8.096099873,9.657040679,8.48128935,7.935526575,8.30613585,8.446771348,8.240101122,7.194456503,8.198311714,7.892203838,7.401227145,7.508116017,7.682127911,7.35512962,7.394952768,8.254361898,7.92747222
"202487_s_at",10.2011523,10.83843091,10.53526803,10.82722845,11.0092193,9.66722282,11.46572999,10.35654461,9.985515856,10.34892777,11.20891241,10.47038114,9.202454659,9.838438779,9.587925621,9.373757672,9.477070077,10.03241873,9.993888157,9.660892225,9.482919139,9.758660655,10.02263761,9.696526528
"209295_at",8.602233551,8.952050502,8.741082873,8.284934084,7.154583604,8.028877336,9.292960922,8.373306807,9.94556205,8.145197492,7.636032466,8.50280725,8.517433062,9.214231248,8.774143492,8.334677943,8.871614052,8.299816444,8.325653793,7.947946992,8.19929971,8.335797984,9.20400057,7.57507251
"209446_s_at",6.041788266,6.540291857,5.87419622,6.630125649,5.826007357,5.75742943,7.598718012,6.981838588,5.859734455,5.878301162,5.717534888,6.508828081,5.401409957,5.460019305,5.441857176,5.326332644,5.793059564,5.292367595,5.470330435,5.615543265,4.953779927,5.385326619,5.74793975,5.532114775
"208621_s_at",8.154246422,9.10000641,9.892793869,9.325088497,8.426489509,8.235616588,10.50011282,8.543005146,8.408553892,8.622789521,9.366622187,8.964875275,8.878643882,8.901274885,8.541216463,9.056970886,9.121315636,8.957137745,8.7720797,8.898455167,8.071205248,9.928718266,9.184698003,9.792030615
"202986_at",6.320603545,7.396135902,6.243450116,6.694893458,7.516523241,8.208865188,6.531648683,6.694777853,6.469508147,6.565666288,6.911724701,6.944242301,7.211047115,7.580207801,7.567259554,7.35539694,7.571372559,7.799430715,8.051336206,7.576323386,7.468154744,7.478609489,8.472444689,7.441031658
"215806_x_at",8.089969024,8.432178921,8.151413839,7.758330059,9.027882884,8.551014245,8.062247475,9.195485465,8.04863063,7.943389417,7.991437437,8.806989003,8.841083404,9.583899115,8.50909284,9.269109399,9.233721517,8.454731974,8.933886652,9.360249682,9.760958726,9.392329957,8.691222899,9.596598466
"216563_at",6.746348706,7.631776322,7.654416762,7.122528307,7.37959748,7.482617434,7.938609511,7.453224974,7.229605808,7.882225391,7.760260532,7.197112712,7.857771088,7.843907069,8.768535185,7.432341007,8.087872898,8.130973653,7.267154746,7.428454172,8.605603203,9.45419932,6.983826262,7.72533891
"205870_at",6.865335922,8.227147205,8.144288622,8.315975346,8.878167726,6.81273909,7.074632872,6.582348509,7.698870654,7.5288241,6.859788082,6.849033706,6.825640274,7.163850201,7.183335498,7.267300898,7.599756618,6.759632003,6.837683853,6.996155338,6.797918445,6.803665022,7.600081151,7.123131723
"214308_s_at",5.912598567,5.886486667,6.436877187,7.969199651,7.383425767,6.379713671,7.21993433,6.009235544,6.766318555,6.289636681,5.981355725,6.672365334,5.846573872,6.360960214,5.894887467,5.683368198,6.122198053,5.659651982,5.930091276,6.06809035,6.031946415,5.517432578,5.626577707,5.964521803
"213085_s_at",7.65422726,9.027728757,8.367706951,8.090978246,7.317320979,8.886509383,7.355479556,7.888560638,8.37233251,8.875795476,8.725944341,9.392286422,8.596223631,8.825675853,8.872971182,9.487885207,9.222987267,8.980089506,8.880232975,8.853117183,8.897442148,9.020470001,9.198684509,8.922458703
"206110_at",6.738462398,9.019737053,8.099472983,6.887721106,7.759058566,6.63290849,7.057327027,6.99187536,6.898602122,6.817103855,6.495566719,6.788756828,6.825325141,6.42653942,6.67213931,6.599697461,6.855489268,6.613936244,6.590458089,6.792904354,6.879123575,6.512929753,6.415847569,6.397728521
"211474_s_at",9.0869079,10.15488568,9.385406173,9.939584231,8.81386233,9.651735393,10.00744843,9.958103187,8.561972249,9.669025962,9.483092997,10.15564336,10.60683417,10.31812733,10.2090685,10.36049687,10.15772305,10.45009438,10.78355879,10.85216177,10.43046356,9.971001647,10.22692484,10.69212382
"201272_at",9.669460041,11.87740996,11.57088479,11.40162604,11.34231656,10.38922748,11.40126459,10.74881305,9.595067495,11.24374668,10.41938093,10.43531651,10.47553273,10.16419086,10.65204228,10.09150214,10.10093053,11.15449724,11.05454427,10.40725724,11.1791767,10.7542786,10.42129284,10.6251665
"200816_s_at",9.095189317,9.178536755,8.872377541,10.01212368,9.399448996,9.680282543,9.75477914,9.078950689,9.356773484,9.066597554,9.187935886,8.660827647,10.06405735,9.720460196,10.20586255,10.71008192,10.22340471,10.43560227,10.2024605,9.966135391,9.977534959,10.66047693,10.33668813,10.42123649
"218127_at",7.132949214,7.63762976,7.765515143,8.116416622,8.553504172,8.243112181,7.46933292,8.071900954,8.147473775,7.95716008,7.894589688,7.882268246,8.668603536,7.998104651,8.384412314,9.406749604,8.15776459,9.024796966,9.156084152,8.644336744,8.278871605,9.157723418,8.956498869,9.127792517
"202803_s_at",9.805115093,10.1559056,9.764776761,7.971506922,9.369489305,10.27612656,10.17268067,10.37972943,9.673526881,8.499779037,9.852785144,9.386047149,10.00645163,9.860461058,9.870539575,9.149886412,10.2242705,9.903312281,10.43745451,9.995067436,10.55276314,10.04132233,10.03955354,10.04340309
"203349_s_at",9.183391779,9.322983621,8.260931887,7.941083973,8.296640455,9.214410099,9.574104957,8.783842672,9.050040081,9.256188111,9.466152954,8.441905967,9.12939918,9.2303536,9.428425304,9.797065867,10.25345008,9.373646522,10.03997973,9.352989136,8.928758883,8.480043384,9.000146685,10.15550188
"219437_s_at",6.654958144,7.483970605,7.505956953,8.364246281,6.892053785,7.587470163,8.471616001,8.457101779,7.610326187,7.794344639,8.06744882,7.377045962,7.740242999,8.459711594,7.985679589,6.992925868,7.975198945,7.812181516,8.03699122,8.525946641,7.670112492,7.992437298,6.683632934,8.887574119
"203874_s_at",8.646859158,9.046558641,9.346087571,8.67416281,7.54275867,8.284580222,9.852833613,8.079122473,7.754529049,8.755446882,8.8441898,7.890713504,8.42911162,7.958408154,8.252649651,8.917902306,7.445016806,8.359192419,8.311560698,7.535457291,8.150565211,8.83972137,8.859971814,8.193246261
"202558_s_at",7.673375172,6.477288244,7.568085162,7.83993629,7.26016052,8.12964873,6.968281576,7.269621066,8.131464259,8.209948724,6.669758522,7.122171476,7.087953564,6.936845055,6.724000335,7.169599297,6.550154617,6.922259433,6.793030471,6.410670842,6.836752415,7.731167134,8.390854893,6.682246446
"211237_s_at",6.881745715,6.597619918,6.871928845,6.743806237,6.563832475,6.905172366,6.594140235,6.773295426,7.006638938,7.056095733,7.358535039,6.515390002,7.626615068,7.392749428,7.808052739,7.937557127,7.865747109,8.523680775,7.815875156,8.203701775,7.745369405,7.617493727,7.66198868,8.022125516
"209194_at",8.361161576,10.4661449,10.39614015,9.538539518,9.724511668,8.906136389,9.263760351,9.05833045,8.806293114,10.10367348,9.907874785,8.972191396,8.993755072,8.745615851,10.26815831,10.3074114,9.42569515,9.110611466,9.885205141,9.89706481,9.534253532,9.940213601,9.704415735,10.06236659
"204225_at",4.91436251,6.113417122,5.591912519,6.096316399,5.340805805,6.511110052,5.658840939,5.54920932,5.928180297,6.410857713,5.653248632,4.985681871,6.357119611,6.353235309,6.693897651,7.143621476,6.462624104,6.771758745,6.676639748,5.998817436,6.467489379,6.833638948,6.498891243,6.577016946
"213022_s_at",8.265034629,8.070895177,8.268957267,7.823778127,8.11357371,8.244997395,7.987652104,7.710460515,7.834613287,7.355887044,8.056525361,7.600412438,9.163790788,8.241378491,8.430747264,8.95923378,7.774147913,9.006830067,8.990111281,8.299514987,7.987145552,9.767620285,8.704191688,9.100617926
"208800_at",9.051216473,8.53137483,9.403384744,9.998064454,9.223306926,9.541658362,9.487797751,9.353768683,9.585475246,10.3379037,8.461152984,9.527315751,8.990610521,8.395045192,8.957179182,9.778967759,8.004475987,8.859385502,8.997279333,8.325169123,9.014206482,9.709293542,9.946388358,8.831321486
"209755_at",7.204201115,9.347020001,8.395492524,6.745727685,7.316173268,7.415068705,8.24940146,7.418796998,7.424720198,8.02696715,6.963582897,7.085010917,7.088622829,7.287992723,7.336306855,7.21207185,7.049825149,7.060149085,6.839988377,7.071593367,7.07451538,7.053681007,7.135815224,7.078129632
"211980_at",11.4732811,11.30458438,9.891349535,11.17449066,10.18029651,10.67483541,10.08791197,10.90293619,11.04753222,10.76872198,10.89978109,10.85637245,12.43178071,11.92244631,10.39018682,10.88619854,10.93094116,11.04753222,11.20550742,11.12598098,10.49944194,11.14554208,11.91033176,10.64478374
"202871_at",7.020165791,7.711964178,7.668353556,7.827331494,6.79453452,6.951150242,7.25153302,7.092927152,6.80996533,7.81414624,7.338406347,7.032801212,6.403168987,7.350321721,6.359177569,5.935122807,7.058040717,6.134285794,6.555486309,6.46124842,6.097350275,5.919065312,6.702572479,6.387549639
"201579_at",9.182628687,9.207907374,7.850218237,10.11420281,9.268001602,9.117316855,7.636974824,8.423938261,9.384236859,7.811292843,8.569634655,9.479984871,8.883290509,8.984753366,9.084421407,8.885625124,8.514952454,8.708609465,8.719467292,8.638974977,8.509110799,8.964734461,9.356253855,8.12256187
"209442_x_at",7.796147494,8.609320194,8.064553669,8.740148855,7.947038766,8.669483235,7.946573521,8.114668498,8.370792672,7.529458422,8.112086582,6.944698159,8.169292674,9.030276347,8.686007828,9.054178337,9.071654292,8.112759774,8.735095851,8.751521054,8.774909932,9.365890926,8.321469504,9.246955812
"214895_s_at",6.257484849,6.550569006,7.177276922,6.475108972,6.118324108,6.895614021,6.744520722,5.946735356,6.304387146,5.304556684,6.333640089,6.700833956,6.916088719,6.35901729,6.371955436,7.471436325,5.542617981,7.086240285,7.121192822,6.303751407,6.394791108,7.80078819,7.072459234,7.041758969
"208112_x_at",8.564769921,8.921090156,8.757895349,8.627823361,7.740714302,8.748354921,9.080154836,8.970632246,7.915571377,8.989659969,9.183843304,8.699627571,9.216380777,9.236940265,9.209579834,9.265848231,9.771853456,10.06841485,9.762048416,10.10834282,9.067383303,8.860310524,8.864216692,9.746728241
"201502_s_at",11.67968277,12.00426067,12.18711239,11.43134505,11.4272861,11.13466111,11.88866292,10.90821977,12.54861883,11.44177982,12.00581962,11.84830439,12.47905208,12.58910454,12.20155787,12.19249,13.01958095,11.2820099,11.99012103,12.68698949,13.08348159,12.40054403,11.9440832,12.51991338
"202438_x_at",4.802454484,5.655728623,6.96923208,4.839156991,6.495123445,5.17272893,6.588123089,4.718393094,5.506105847,5.123746889,5.208058847,5.01555884,5.646429393,4.952338734,5.40468793,6.15890564,5.37611705,5.405519732,5.531578248,5.419191596,5.245561654,5.770345189,5.08907854,5.652477964
"200889_s_at",8.461473131,9.232361157,8.680453774,9.214544657,8.592535388,8.526482772,8.393557328,7.958265455,8.010333059,8.279708162,7.641020462,8.747634029,7.947688332,7.580111459,7.584193867,8.041306351,6.865060224,7.511909423,7.970157224,7.467366819,8.034368122,8.181710143,8.774844576,7.762563769
"213939_s_at",7.519385085,8.708472367,8.833048829,8.670264431,7.843321858,9.232478368,8.207820752,9.42461452,8.790458243,8.511003444,8.680875544,8.866123458,8.884739904,9.732210735,8.887698967,9.083092056,10.18393467,8.653232267,9.34740803,9.321319149,9.305754662,9.509777756,8.934525543,9.009740728
"214240_at",6.209646878,5.802432862,6.605640983,8.72715467,6.554255235,6.207115661,5.842526797,6.144027891,6.102090086,6.577893802,6.047035056,6.286696272,5.99772075,6.124628791,6.025751365,5.956439762,6.162094648,5.967378866,6.111563888,5.903690526,6.198888216,5.932946594,6.133202092,5.962272127
"208502_s_at",6.025515908,6.586269961,5.761629376,6.404211621,7.100999364,5.854526032,5.565543709,6.818669431,6.206180409,5.78157037,6.327527079,7.588583399,5.664672164,5.682371543,5.665925625,5.327978483,5.384472576,5.789939613,5.768148686,5.897669039,5.629891868,5.30230509,5.490293753,5.932810289
"221861_at",8.997046982,9.1193452,9.063369444,9.377163799,9.373606202,9.298341273,9.590702079,8.898614447,8.953320881,8.777785753,9.457628037,9.173363632,10.17607792,9.591148488,9.917115216,10.27962102,10.3939057,10.5420535,10.31163362,10.16337721,10.02268764,9.861894792,9.580456369,10.69198682
"221584_s_at",8.526502308,8.311514882,7.866084106,7.848468146,10.04532686,8.745749395,8.103040926,8.931075933,7.739230101,8.077667095,7.519497024,7.677704779,8.296293495,9.083257785,8.792744226,7.855374759,8.634423517,8.109850409,8.630006777,8.439097666,9.118537374,8.169557162,8.161313776,8.110051243
"202393_s_at",9.874145292,9.764550413,9.361743319,9.734721859,9.311675321,9.485840865,9.045031892,9.540342971,9.796005658,9.94940952,9.685664325,9.982332632,10.95604677,10.38773929,10.24312744,10.85551375,11.02530536,9.852479425,10.20671008,10.33479252,9.30421803,10.91711716,10.58727607,10.38140765
"211708_s_at",8.182277392,7.478760432,9.0215561,7.531028482,8.34326154,7.329595842,8.33038045,7.109970351,7.726284062,7.451959558,7.671707405,7.351984838,7.664354445,8.193640709,7.730560925,7.587012841,7.558260699,7.715167584,7.483218961,7.314421719,7.849305474,9.455431098,8.579058129,7.693091384
"206805_at",7.019838667,7.089714704,7.504557995,7.328829239,7.284721836,6.124121132,7.691158823,7.236599188,6.390660311,8.259796437,6.458255064,6.650332603,6.494750558,6.50560662,6.432066568,6.251593235,6.388205286,6.140616083,6.640295714,6.227029734,6.228450348,6.347786695,6.319338846,6.479489083
"212828_at",6.395887873,7.86064979,7.580711554,8.230942546,7.61339052,7.510572826,7.648994311,7.851897369,7.705434354,7.78537451,7.145245142,7.75618667,7.248939815,6.7020665,6.798390283,6.934934828,6.349437649,6.738373,6.738615189,6.471372373,6.676828814,7.005131333,7.600905137,6.423345191
"208860_s_at",6.795900001,9.048377335,8.192511149,7.702214563,8.800913332,9.21931256,7.149571459,8.0218044,8.833202493,8.530814108,8.28869312,8.489319569,8.541512767,8.042012243,8.403691482,8.622391663,7.947946992,8.20131621,8.812990024,8.53407631,8.711234713,8.716131007,8.543084629,8.814310929
"222016_s_at",6.133498715,6.57672546,6.755247844,7.397246799,7.206942972,8.262310693,7.593825728,7.133540721,6.242772652,8.556068373,7.081321241,6.948545679,6.941510153,6.785304102,6.993898695,7.941963342,7.071981299,7.093238339,7.359681714,7.796110126,7.204014329,7.029292452,6.955729623,6.97480861
"59697_at",9.031426377,10.09746535,10.62214874,9.070141466,9.763513974,8.799944467,9.924130524,9.658956851,9.293823021,9.798206803,9.447058959,8.900694621,8.927643128,8.946089323,8.625906703,8.592243887,8.519423809,8.967470977,8.592579124,8.936326864,9.022210946,8.57118727,8.962590127,8.609609015
"203059_s_at",7.650705366,8.225332412,8.306797714,7.54600591,8.25455491,7.875861699,7.383468445,7.87170078,8.070610901,8.136587815,8.645493371,7.860944226,9.109561123,8.487145062,8.429976093,8.75019548,8.698637998,9.010866965,8.86233976,9.526149527,8.690258028,8.965488791,8.502960601,9.249827086
"217764_s_at",11.20623164,10.69794225,9.494091995,10.17212717,9.750836363,10.6888578,9.557093077,10.92651348,10.26919585,11.79416911,10.86403861,11.4513696,10.64176138,10.95608189,10.86500719,10.79561371,11.05590715,10.88636352,11.05259463,10.66147168,10.62744982,11.25907724,11.19760812,10.7271221
"201430_s_at",7.824446887,8.820055186,7.049751337,7.771047816,8.397053912,7.82890315,8.059477329,9.219930851,8.328060412,8.247021002,8.832285708,7.699510115,8.491258254,8.076399279,7.412812079,7.471895978,7.220354365,7.730591143,7.806632207,7.495442506,7.424993338,7.875366661,8.816726615,7.969383236
"215489_x_at",8.10890746,8.164804511,7.79947241,7.36481032,7.419327828,7.223236108,8.756049599,7.907983863,7.295040205,8.311909768,7.681853143,6.525522228,7.666479989,7.221121396,6.845071206,6.919899529,6.571864265,7.491392985,7.294000152,7.152848603,7.051276392,6.852002093,6.953389719,7.206603848
"200807_s_at",12.20056457,11.70372663,11.34606688,13.02609053,12.58351874,11.4251014,11.94981737,11.81744638,12.55194579,11.9064806,11.54199742,12.12526234,11.0613327,11.4755839,11.45350599,11.71666469,11.88093608,10.9896541,11.05079339,10.70730044,11.24325943,11.46867215,11.93172042,11.14104436
"203561_at",8.639858818,8.282920108,8.726454245,6.512295722,7.675868423,9.138136262,8.523956922,8.985265769,8.546333061,8.063595541,8.420446306,8.761220901,8.029546838,8.167333006,8.746605979,8.432425474,8.872250205,8.937104622,8.465644001,8.269056984,8.983748525,9.103815932,8.796502589,8.520282751
"209426_s_at",7.474441765,9.640398646,7.671572048,7.82466645,8.356303755,7.807172281,8.261107362,7.42085953,7.453931703,7.242523763,8.272643904,7.271196415,7.335583411,7.475786638,7.403019091,7.558024832,7.340715488,7.374373783,7.314554386,7.174811329,7.233029197,7.515351234,7.232282072,7.059897066
"209080_x_at",9.529982782,9.649301586,10.0254456,9.59106378,10.73072841,9.081693659,9.662975361,9.15113907,9.043417555,10.0313757,9.071727202,8.659754886,8.582712802,8.559794228,8.974034697,9.186909884,8.549189936,8.935050846,8.860485361,8.59678347,8.714506532,8.980176036,9.204765881,8.753856283
"201700_at",9.573038986,9.8913423,9.881701575,10.64460537,9.281085171,10.22195264,10.0517215,9.469426557,9.731249174,10.52546661,10.74186613,10.82767672,10.77670317,10.1693581,10.70462781,10.79034025,10.86748062,11.07679656,10.86091625,11.0595786,10.55489521,10.75953988,10.38101132,11.29385113
"206463_s_at",9.634278121,7.08788652,7.399201582,6.893898187,7.150623926,7.018457823,7.086089992,7.100360455,7.166989531,6.957705721,7.107501224,7.977514827,7.233113038,7.394811979,7.282861212,7.205205562,7.335669855,7.290538225,7.173876304,7.290782228,6.803092006,6.891656005,7.045052894,7.255064717
"206133_at",7.444849664,8.459910274,8.753626431,6.929012692,7.105364049,7.388663155,7.850057632,7.815059009,7.650977977,7.336545295,7.237991251,8.707125092,8.807603275,7.978134647,8.270389069,7.76306721,7.77777461,7.820932535,7.930268186,8.489297803,7.507721133,8.415983254,7.090438271,8.100213281
"209674_at",6.784389042,6.908740423,5.795777176,6.730038514,7.12372824,6.569908277,6.010980363,6.322254812,6.440272896,6.631792608,5.982764984,6.503846457,7.616120224,6.688274198,6.685619252,8.232006417,7.150998493,6.931566319,7.043467454,6.513134882,6.809097231,7.219889117,7.67354406,6.925957752
"202721_s_at",9.037098825,9.072147662,9.836251343,9.468295326,8.876507595,8.972857375,9.015058148,9.040452709,8.868363625,9.744839899,8.98505912,8.375294736,8.413906732,8.755521173,8.144649176,8.399614117,7.987534177,8.119733859,8.480855373,7.772095874,8.048735465,8.0808874,8.96332532,8.501663876
"209259_s_at",8.065573395,8.020725036,8.382066623,8.249186436,8.3795769,7.701043055,8.447377472,7.538471722,8.601106543,8.376815884,6.621998077,7.536121836,7.917360429,7.356171754,8.160561501,8.633055528,6.829600465,7.931587796,8.082890552,7.48146756,8.05961265,8.702472515,8.623744971,8.182834257
"202259_s_at",7.892761063,8.028524199,7.091913108,7.6396497,7.414528002,8.309691343,7.419833638,7.648177735,8.260252351,7.958878589,8.125383062,6.758433943,8.551605498,7.969913846,8.274836203,9.026672393,8.425562837,8.444228646,8.575809537,8.214873816,7.904995035,8.769786246,8.34455217,8.783430042
"218484_at",6.987910957,6.823976639,6.597958545,6.818552257,6.618152372,6.615204567,6.663784785,7.368104785,6.926416186,7.273330361,7.281385876,6.597660175,8.125480882,7.826967857,7.282167636,7.593448452,6.606821449,8.021898935,7.724833322,8.164356705,7.673328384,7.098013944,8.020379653,7.6981783
"41644_at",9.874906867,9.83160569,9.757840252,9.76480039,9.632244115,10.23977115,9.635936601,9.800819817,9.503938458,10.23292892,10.17187561,9.80546967,10.99803995,10.72128926,10.58591508,10.6758851,10.74830924,10.9609965,10.83830593,11.30515411,10.44706072,10.74662229,10.37184297,11.1781221
"204687_at",8.479076037,9.010876509,10.21918608,9.297641842,9.927644985,9.000447829,8.83690684,8.54519013,9.321057877,8.844509832,9.426129628,7.740921369,8.9955725,10.04188482,9.118727892,8.796087959,8.961303585,8.665806769,8.50236493,8.544698249,9.24572701,9.04067944,9.422585271,8.748308469
"204561_x_at",8.298054085,8.565291105,7.806487847,7.819674074,8.402066783,9.04024405,8.426812936,8.721019262,8.302129495,7.979183136,7.917256707,8.06768219,8.429434214,8.343530104,8.534237474,7.840474436,9.560041631,8.937759261,8.463779532,8.939828628,9.744722821,7.714079886,8.240535108,9.173790857
"207355_at",6.937906858,6.670880554,6.987050696,6.698081769,7.16919755,7.796881236,6.763785428,6.818415135,7.653433193,6.776311313,9.06166689,6.825611591,6.907227447,7.005084217,6.810392922,6.710279816,7.054681643,6.864370771,6.41329834,6.518994907,6.796571915,6.631369792,6.780517235,6.655708633
"217550_at",6.934448451,7.269608465,7.015924674,8.005932042,6.622244296,6.836337685,6.406276673,7.268576908,7.669674072,8.079615978,7.137261782,7.00334613,6.974148054,7.590763424,6.638594667,6.421478,8.175128403,6.129323126,7.37895068,7.544625533,7.026202509,6.981282149,7.799636404,7.41828741
"213693_s_at",11.6101219,12.12646548,12.89965443,12.12284884,11.23479774,12.76136015,12.34892399,11.18990203,11.39704187,11.97508104,12.4264822,11.83611365,11.49619125,12.53360451,12.47937438,11.84813723,12.57600284,11.46961909,11.39877978,11.22979675,12.14247457,12.50526363,12.69904886,11.71300661
"202648_at",6.59523128,7.036025284,6.589134424,6.948649266,7.839808801,7.094027675,9.015034893,7.005806192,7.197608706,7.005942209,7.350664507,6.76475578,6.851856478,7.120358672,7.399795238,6.875988751,7.132734372,8.242646773,6.808183972,6.90494412,7.263284076,7.239433655,6.95797935,6.708758924
"212514_x_at",7.501422728,8.356333543,8.035898153,7.759006274,9.207799227,8.225989278,8.446061689,7.662616545,8.725765954,7.054726377,8.149449841,7.763629155,8.545940042,8.290356188,8.070451489,8.853940291,7.454750296,8.266019661,7.969232663,7.805605128,7.885269095,8.963815494,8.931853127,8.673159703
"207334_s_at",6.219743979,6.061256806,7.029207153,5.931436047,6.419308379,6.444527953,6.035069166,6.108919018,6.344709346,6.292663202,6.451883877,5.965141525,7.246811112,6.545980615,6.296711562,7.843086677,6.026359286,7.040070049,6.987778607,6.430833445,6.447137014,7.209442744,7.43056809,7.338762831
"218340_s_at",8.019332927,7.974512457,8.018910487,7.750654073,6.91013661,8.092170246,7.4357963,7.079371984,7.783998928,6.997915244,7.068300265,6.537639393,7.326037337,6.943879086,6.275217952,7.929331662,7.248166055,6.663846944,7.924396913,6.689954799,6.777749788,7.281977766,7.544625533,7.037152148
"206574_s_at",6.997840426,7.809371057,7.221317228,8.262402033,7.156205521,6.672307891,7.264356698,7.547134276,7.493414073,8.073386812,7.304313723,6.550683513,7.478209696,7.66691579,6.808489969,7.331893145,7.060481697,7.443907192,6.912085419,6.440703596,7.002670218,6.268131044,8.276000302,6.783210285
"205507_at",7.237159018,7.050438302,7.413718825,7.066320978,7.557649464,7.592299312,7.029185351,7.459790409,7.604736861,7.208717357,7.568771617,7.242610784,8.299722063,8.31946549,7.939918513,8.086717221,8.054514664,8.536284135,8.381605096,8.891841095,8.258112226,7.512889356,7.951517438,8.44141022
"214855_s_at",6.75034503,7.602756685,7.790725935,7.501866165,8.57842941,8.106092758,8.192217935,7.011999891,8.101971664,6.990031464,7.723738035,7.357395209,8.244211498,7.432200096,8.18384673,8.886236675,7.883881607,8.156606631,8.225670745,7.988628985,7.973559941,8.701050109,8.329170189,8.108893716
"204400_at",7.120973192,7.067011983,6.48568481,7.668851823,7.368463909,7.784500254,6.722727984,7.012184506,8.572689888,8.64638587,7.774815837,6.497104906,7.530255464,7.550849852,7.786269693,7.963576425,7.333921395,7.824643282,7.419866463,7.838643454,7.474256358,7.870647554,7.52816188,7.457169909
"205120_s_at",8.300669408,7.596455238,6.586098132,7.8524167,8.090967057,7.197771878,9.216974169,7.661500858,7.369779058,7.578781195,7.230390993,7.921647838,8.048138432,7.984101582,7.680428213,8.172804259,7.713804444,8.200461825,8.366149093,8.045084217,7.706640415,8.446135813,8.618712689,8.121181946
"219037_at",6.837851938,7.841503648,7.191428068,7.731128772,7.287461045,7.010187661,7.696528347,7.153165744,8.72684437,7.408781351,7.122128748,6.860830471,7.047436397,6.426134078,6.915841911,7.582417717,6.599024221,7.033341223,6.912063621,6.348386829,7.272343535,8.009614224,7.576108887,6.886307076
"214319_at",6.218776177,5.755327718,5.797568803,6.497918302,5.82173138,7.340048167,5.58092049,5.629698738,5.898380922,5.799177039,6.822816872,5.74244037,6.984310359,6.696347077,6.354576992,6.883505887,6.313276345,6.580293899,6.938784936,6.521829834,7.338308546,6.583560746,6.558721542,6.646310852
"211355_x_at",6.819867619,7.096061767,7.157517646,7.202534902,7.353194073,7.523691617,7.00796206,7.088090924,7.121961845,7.336923027,7.176991741,7.500021168,8.445802978,7.58655685,7.519931237,8.483578607,7.495151701,7.61979355,8.53228631,8.11923926,7.587238691,7.96521319,8.255775678,8.562223631
"209388_at",5.980985056,6.742549894,7.40042896,7.463311067,8.080280876,6.300761818,7.849376298,6.668407198,7.07850537,6.465481979,7.156274971,7.240390826,6.351787174,6.296348331,6.837019777,6.737900673,6.585461021,6.692806952,6.844237021,6.167360177,7.158216484,7.605367872,7.046741318,6.786897622
"200597_at",8.4964789,7.915729842,7.467662216,8.027310034,6.814908606,8.04557529,7.311702337,7.331658267,8.142952933,8.63717181,7.69025549,7.133278394,8.454220787,8.000720785,8.018819893,8.965311071,8.231601119,7.68416902,8.198044886,7.884901688,8.222584962,8.681605919,8.661544865,8.28132227
"207691_x_at",7.031702018,7.616592614,6.799171748,6.379943106,7.812257963,8.085074505,6.937700522,7.59591542,7.431380323,7.589307537,6.950982506,7.355483514,7.898878367,7.422485544,7.447759624,7.526586451,6.129386864,7.199416665,7.504307376,7.014729328,7.653508806,7.205112875,8.665669909,7.142113147
"213142_x_at",8.816184821,9.259430353,9.3078266,9.14942419,8.284451658,9.701416584,8.713567806,8.993703839,9.371232841,8.386930677,8.916072726,8.933876479,9.522583348,9.770715296,9.649298631,10.24765469,9.878263452,9.416376839,9.60681243,9.32542751,9.646592993,10.2639477,9.912614089,9.953789678
"213470_s_at",6.497078946,6.671406546,5.711272305,6.676985056,5.772698752,6.312027475,6.78820366,6.131556601,7.594060009,5.505861415,6.102240615,6.391139087,6.199919043,6.604714738,5.501215985,5.534807823,6.040599022,5.237654858,5.996264279,5.8700592,5.638200578,6.093992126,6.022936861,6.614127309
"218361_at",9.127137841,9.797104282,9.747862477,10.29384497,8.326432921,10.51144415,8.948906578,9.501426651,10.37675056,10.24346086,9.333101846,9.859322649,9.201771327,8.945377381,9.361275714,9.522547502,8.68329587,9.332357967,9.368805764,9.213681919,9.342219923,9.290473915,9.574726908,9.216829762
"208178_x_at",8.367854924,8.486388202,9.317167137,9.213184275,8.588481761,8.437481752,9.601605133,10.35882227,9.173224387,8.918337162,9.1327974,8.358064245,8.85246616,9.018464001,8.453684355,8.115902029,8.514277709,8.513455729,8.44233607,8.287304765,8.370577994,8.960134091,8.008563543,8.723779874
"213134_x_at",10.29932857,9.370788574,10.77015049,10.57249432,10.58922469,10.9219297,8.86325685,9.940572002,10.72107324,10.25581333,10.59565236,9.835301822,10.49147315,10.99240922,10.42356851,10.87979492,10.46755241,10.35828029,10.46734653,10.35402462,10.69017429,11.2773014,11.01981878,10.54584585
"220005_at",7.85921587,7.579149749,7.083342396,6.629216615,7.852966658,8.189052123,7.152134468,7.784943843,7.608397795,6.721928945,7.428930272,7.131757854,7.873586917,7.688015034,8.492434712,7.588429013,7.394425526,8.098047349,7.75643147,7.622423659,8.865160823,8.414035654,7.448302882,7.950835196
"204667_at",7.641801579,8.451234692,8.202059798,8.259814104,8.559227218,8.07211675,8.749706833,8.004969603,8.16944122,6.9869773,7.733701537,7.417039079,7.204356574,7.26087281,7.591741083,7.62432668,7.321183606,7.065919997,7.468715151,7.121074046,6.915059572,7.357617265,7.293996675,7.32026299
"201222_s_at",9.275203825,9.562036779,9.704853437,10.15304969,9.443970219,9.649451899,8.738749868,9.361172718,10.06240839,9.365120708,8.335831126,9.73101183,9.061553515,9.070418694,8.168585765,8.550647566,8.792820455,8.486966699,9.244039245,8.631189146,8.828002413,9.184970489,9.59710669,9.17175473
"210757_x_at",9.930547651,10.00745739,9.105165084,8.592671452,8.785608365,10.11154764,9.48589593,10.12333443,9.215124529,9.432749961,9.426997004,9.638575537,10.4281776,10.02900897,10.05676579,9.537606211,9.315646429,10.4744617,10.13483863,9.655768695,10.56583734,10.32411619,10.19807372,9.883725482
"212611_at",8.615674725,9.828168554,10.44613033,8.886186214,8.648605623,9.98480477,9.93846778,10.04982702,10.36768525,9.599430561,10.21833633,9.239798789,9.993382223,9.635900447,9.857598812,10.35341619,10.24283411,10.37467048,10.19067574,9.927045941,10.15760862,10.02715224,9.561091569,10.21852176
"219389_at",8.549381802,8.984730826,8.645881761,8.653811023,9.238099961,9.61654759,8.619640163,8.574080041,9.647877707,10.80123563,9.422313386,8.622960935,8.815914708,8.855689171,8.887035017,8.959567235,8.72983587,8.748383285,8.497112676,8.453276418,8.945262273,8.380180495,8.722051686,8.671311478
"202218_s_at",9.090431448,8.940914382,7.712946276,8.781050914,8.701239527,8.088391824,9.242017035,7.462592373,7.475463793,7.927020931,8.394245419,7.545119963,7.84779837,8.068029571,7.73803192,7.616301631,7.765741947,7.871885149,8.182872623,7.503934789,7.994560464,7.841349969,8.452685644,7.996375974
"203085_s_at",8.704994436,8.457967282,8.469632465,6.738760373,7.77802707,8.692605124,8.519125798,9.393360076,8.528185545,8.599136098,9.270939101,8.533054444,8.768472063,8.295206851,9.011344627,8.229491065,8.49228737,8.78337907,8.907284339,8.929267109,8.751186468,9.012180755,8.892010031,8.923217199
"215416_s_at",8.582949667,8.076898272,8.313479798,9.750488856,10.03539386,8.490730319,9.127750021,8.834842622,8.662396957,9.508467242,8.393631529,8.095719647,7.99969907,8.456717088,8.237738507,8.430313224,8.122816679,8.690710532,8.531125315,8.375176293,8.345177902,8.35230103,8.972080684,8.63019207
"203411_s_at",10.21052149,10.01928709,10.64518562,11.06809066,9.172627513,9.5257793,10.07273071,10.25872502,9.392399376,10.84693276,10.62964408,10.25569855,10.61007259,10.4490926,9.922104461,9.856964934,11.38200711,10.26973046,10.32837955,10.7367404,9.731901879,10.53777678,10.58187236,10.5394943
"204313_s_at",7.671591995,8.957570102,9.251562034,8.536160915,8.898767252,9.336911808,8.352567828,7.900428026,8.874884342,8.502884645,8.651479176,8.523668363,9.01647481,8.180219402,8.809584053,9.329882644,7.749431619,8.527513096,9.062897724,8.586603753,8.413168452,9.840372218,9.210688662,8.689748918
"206227_at",9.49779972,8.52569949,9.186276986,8.34769143,8.83145538,9.234843652,9.795934495,9.662407854,8.729278658,9.414646764,8.372871399,8.700704071,8.719333612,8.620284168,8.795590409,8.280299125,8.508940762,8.44902565,7.99047914,8.572508881,8.443998588,8.296254961,9.793780681,8.298829842
"210845_s_at",10.30677502,10.28840563,10.39977403,10.06107796,9.329519656,10.11539626,10.44688252,10.34138591,10.26559599,10.05183602,9.261689581,10.69115045,9.820209911,10.44839203,9.914453462,9.254816889,10.77233691,9.664236157,9.095584723,9.240253455,9.981529012,10.15623458,10.52364548,9.081124882
"219276_x_at",7.782875697,8.112692546,7.683465376,7.525235576,9.193340009,8.479520147,8.206902082,8.165760997,8.406986342,8.033449421,7.366546357,7.043293724,7.866261338,7.433287023,7.616314013,8.156252452,7.178023099,7.728690962,7.706544317,7.103806136,7.748664834,8.452831707,8.635267595,7.629255607
"205692_s_at",8.832520064,8.212094504,7.942345889,9.293314452,8.587377311,8.353398303,8.544017708,8.742945697,7.734207458,8.063160491,7.935600517,8.198400389,8.019910895,9.266089858,8.908664338,7.610965095,7.696933026,7.921055229,7.879676899,7.650136586,7.869458514,8.291248195,9.026306288,7.727209039
"218238_at",7.447109775,7.475918179,8.074753893,8.92752298,7.684190884,7.129721763,8.408869266,6.98604234,7.727388873,7.386802251,7.053665183,7.635114135,7.061696716,7.150520142,6.955758487,7.704885803,7.093871191,7.140968149,7.388094134,6.777252729,7.137505124,7.239781211,8.12424384,6.939829474
"221690_s_at",7.363205198,7.845664724,7.068280536,6.768615021,7.260701631,6.991994149,6.977790892,7.621740485,8.6741137,6.989166295,7.197632423,6.924864297,7.024015066,7.482090157,7.306904399,6.686372894,6.768592252,7.289094389,7.337599769,7.476257819,8.080090625,8.534928824,6.830095186,7.289969455
"220013_at",7.20009714,7.53386888,6.22661989,7.099352043,7.370159084,8.176867629,6.447197074,7.866226146,7.575598616,6.688022189,7.803067261,7.103469485,6.702786653,6.881757296,6.851556413,6.502201128,6.437557895,6.644527485,6.525769602,6.444552902,6.822708479,6.684988573,6.790917678,6.655708633
"207122_x_at",9.222005874,9.050283164,8.691727285,9.724625945,8.510700135,9.171402154,8.379306263,9.186091459,8.91482863,8.628073762,9.602659566,9.21377878,9.414215406,10.04829801,9.300321727,9.960886881,9.409024341,9.779929222,10.21859964,10.11322713,9.705778056,9.400829833,9.395413105,10.05611297
"219017_at",6.267320694,7.208168172,6.045402739,6.96410849,7.374032889,7.360177888,6.709473403,6.585340613,7.202125312,6.742696933,7.602220425,5.925038965,6.957182702,6.738957477,6.854869995,7.030685065,6.497242634,6.35332094,6.564325889,6.229778552,6.785201607,7.435639011,7.698737394,5.864386391
"214041_x_at",8.959479118,8.662772329,8.675978741,9.065310148,8.859853797,8.773802192,9.76299249,9.620487699,10.18350988,8.180020583,9.497181454,8.229411314,8.491127195,9.564024593,8.926643084,8.64924302,9.762417397,9.131627325,8.633065588,9.532573676,8.586008498,9.186591854,8.73888055,8.963668782
"203662_s_at",7.109942638,7.124914605,7.636302877,9.487994201,7.740369782,7.467111235,7.328649082,7.370110758,7.733392949,7.25774731,7.604854344,7.563548737,7.757444875,7.809296394,7.911679995,7.769376846,8.005177826,8.492390936,8.094581898,8.277981887,7.618137418,7.818062922,7.538930127,8.490275109
"204510_at",8.134196385,7.67394811,7.230563282,8.377054451,9.138279191,7.894250771,7.504862968,7.832998848,7.695160556,7.740484757,7.675120897,7.794471271,7.100222004,7.431441775,7.332332727,7.116386972,7.89674188,7.235782577,7.4058191,6.988719645,6.932218975,7.056499613,7.863279179,6.897272124
"208750_s_at",8.493524012,9.490928768,9.63809431,9.920032952,9.179988429,8.922615671,9.503048958,9.381320854,10.42949606,10.30643321,9.676961782,9.720458038,9.261699074,8.981422396,9.016727249,9.381021244,8.319329108,9.714703073,9.183549131,8.927642761,8.727339973,9.466929517,9.89082088,9.614323071
"208730_x_at",5.582924264,6.678965876,5.751949721,7.243553613,6.685029014,7.220446992,6.533390262,6.986574654,6.448445233,7.111349916,6.898782899,5.398153767,6.58404644,7.312164469,6.285315667,6.82163995,6.618229299,6.467392928,6.513631646,6.804207188,6.540392872,6.237272282,7.202640663,7.210241492
"214395_x_at",6.59839164,6.674411844,6.611277018,6.789332308,7.014494565,7.030397054,8.319732015,6.978693846,6.964511115,6.954767655,7.293763917,5.809838774,6.940262697,6.97949776,7.511102438,7.299886676,6.934763443,8.247482266,6.698297027,6.610335904,7.252876803,7.338881664,6.881024846,6.794682929
"202168_at",9.984482199,10.04608015,10.77209705,9.997639308,10.25046883,9.936821051,9.445274508,9.383145389,11.46982977,9.212077575,10.32548811,9.968909805,9.465889138,9.534798939,9.435233229,9.716723668,9.448560492,9.510752269,9.536064485,9.499166168,9.467771745,10.12487147,9.975505908,9.440637144
"214875_x_at",10.47042167,10.61449951,11.09411301,9.770665209,9.895336353,10.77988989,10.22987843,9.993032594,9.823897229,9.926360739,11.56518364,9.434253647,10.34389212,10.35377296,10.31798069,11.17226855,10.39902662,11.04440429,10.60566442,10.52343701,10.17002381,10.97166803,10.53044513,10.9306004
"213325_at",6.385978573,6.108092329,6.919831523,5.974098965,7.055999318,7.790033846,6.207755406,6.124174843,6.521799255,6.87278247,7.314353197,6.810947224,7.033158764,6.332517973,6.703876984,7.512539909,6.372331433,6.668267409,7.049233033,6.334388544,6.543025682,7.846395938,7.000587894,6.520204658
"211862_x_at",8.244086745,9.088400142,8.925934746,8.194731811,8.281988112,7.913203436,8.115266532,8.445137316,8.379459779,8.006400786,8.172715604,8.456049156,8.809884657,8.701072957,8.317534143,8.429197526,8.24201874,8.354492163,9.294459639,9.977835885,8.39533436,8.107395673,8.518574792,9.611002566
"204774_at",8.932858875,8.296862323,7.800691968,6.807851107,8.132680782,8.748173504,8.030046941,8.771294838,8.275706997,7.656819752,7.88362923,8.299417573,8.419758174,8.483280981,8.654762649,7.974124245,7.889084918,8.106049287,8.760177496,8.034998286,8.825566103,9.147936315,8.760240465,8.535896228
"61297_at",7.505851725,7.873884368,7.555505705,7.663406648,7.77513216,7.718569488,7.498214302,7.405178831,7.982673078,7.687155446,7.938168422,7.771769405,8.506391071,8.086836826,8.018278993,8.802842713,8.110791005,8.730862104,8.539925368,8.875516152,8.059317388,7.903004974,7.682580459,9.403903512
"218270_at",9.774972839,9.623005884,9.956420892,10.99019286,9.548490826,9.186011993,9.385055405,9.881446885,9.775737641,9.775051234,9.167056259,10.10453187,8.789563351,8.966368473,8.938530544,8.823470229,9.244703848,9.110773764,9.137284712,9.173539266,8.986910663,8.980749045,9.105793675,9.117233486
"201695_s_at",9.193917575,9.005295405,8.706055537,9.257979588,9.86584212,8.860552976,10.11000529,9.25464738,9.35331811,8.45229861,8.669311638,8.888993624,9.130450226,8.904873494,8.624361125,8.746454583,9.540813737,8.669250885,8.618517159,7.998954616,8.720431654,9.044217416,9.949799255,8.341188853
"200770_s_at",9.270699269,9.55089849,10.2970003,9.490351214,8.651877216,8.831262833,9.778012511,9.665338241,8.900017502,9.81577506,8.917226712,9.629327729,8.970137807,9.21152058,8.530863631,8.958096737,8.399664333,8.876707428,8.571959294,8.445695909,8.49662763,8.894605398,9.401716372,8.732421975
"218731_s_at",9.04340535,8.674805431,9.186437583,8.505596988,7.470496316,8.607850731,8.706643543,8.629212869,8.741195841,8.800510248,9.063575987,9.210151215,8.547844929,8.758622261,8.028182188,8.069706906,8.784899678,7.840926606,7.954639638,7.615149969,8.051428742,7.637047855,8.462171161,8.117943205
"218503_at",7.991773412,7.739642046,6.863935555,8.939170336,8.775121289,8.754604554,8.919311755,8.98995765,8.062165738,8.228930909,8.004126219,7.688149999,7.941808126,8.366494478,8.239203203,7.827806161,7.746917557,8.048707842,8.098989405,7.375113755,8.037923259,8.374876949,8.258906978,7.749537142
"212878_s_at",7.01471376,7.841208936,7.682505538,7.651611061,8.378407171,6.671075161,7.71047177,7.092861877,7.13375711,7.400081592,8.00090025,7.385350315,7.532522227,7.655001578,7.623465984,8.388564586,7.426250931,8.62460994,8.348757812,8.236508139,7.512057985,8.023278297,7.730549687,8.551497781
"217478_s_at",10.67542577,11.03191359,10.59610493,10.56102333,10.10092121,11.76905874,10.50561618,11.57546355,11.04240179,10.35889785,10.94590692,10.88618125,11.11646493,11.22680712,11.7960485,11.2561047,11.26675075,11.7547078,11.69575863,11.53938204,11.93462199,11.4608929,11.63397419,11.32508291
"213374_x_at",7.809538128,7.54852968,7.563038759,8.760787559,6.445399836,7.74626632,7.639106457,7.13856259,7.722499419,7.706246717,7.912227264,7.386491664,7.512267574,7.911562799,8.214879374,8.196862181,7.535228121,7.909675964,7.570303147,7.429498634,8.00851596,8.291674206,8.974672609,7.602134226
"218782_s_at",7.248307723,7.077759073,7.052981134,7.573711845,8.235968454,6.628592484,7.035235281,6.584532886,7.084155546,6.364104696,6.447992373,6.311830786,6.615422456,6.500075206,6.333336275,6.329112956,6.349309312,6.35046875,6.262755328,6.239692892,6.388925122,6.621049525,7.088650401,6.063123142
"202902_s_at",9.95908717,11.00933148,10.36644589,9.890469056,10.4464064,10.2458497,10.64113193,10.98211118,10.0777191,9.272336251,9.744469765,10.19127179,10.66657848,9.958232179,11.16001873,10.37063086,10.37767761,10.88525188,11.37465114,10.45707475,10.85228988,11.12480132,10.69178382,10.73598718
"209702_at",8.411871118,9.124119963,8.737942159,8.881545956,8.282525343,8.973648676,9.16879373,8.583483229,8.997300092,9.582181489,9.420734245,8.665827327,9.195830765,8.875230835,10.02819892,10.15694494,9.427739485,9.707163316,9.733224091,9.760767558,9.348489332,9.551379479,9.584413189,9.675081867
"212573_at",9.3610616,9.801603536,10.76405641,8.428796295,8.405131084,8.853530838,8.588379497,9.111644034,8.752492611,8.554001397,9.295122709,8.653800272,9.071003176,9.222022451,9.157868868,9.422987245,8.657411571,9.128166252,9.241867128,9.341027196,9.152934219,9.463258886,8.941383544,9.247723573
"204714_s_at",6.73976025,6.303823654,5.835112173,5.546311634,5.501578766,6.494809136,6.485511889,6.98785103,6.461514376,6.812597626,5.730325679,5.798591042,5.617391127,5.59487349,5.884510359,5.219523184,5.742582346,5.615450547,5.700937742,5.390159713,5.839305494,6.641021341,6.13566212,5.571199454
"204108_at",8.378907842,8.489719347,8.770127342,8.771827935,7.88892535,8.063901899,8.293435253,7.695442166,8.234963738,9.373616244,7.60422389,8.364465327,7.891195887,7.613075918,7.512793371,7.874991307,7.679931207,7.410618414,7.884500503,7.800449185,7.422495057,7.472966027,8.042506738,7.500182048
"205241_at",9.881387726,9.871398337,9.032548157,8.955436898,8.38168905,8.688709624,9.98713986,9.633863252,9.10746836,9.080150577,8.823413376,8.838679637,8.854529215,9.559278765,9.545894959,8.577332264,9.45488432,8.731844805,8.863108688,9.307091998,8.483055335,8.40450165,9.156894725,8.258424881
"206682_at",5.895605034,6.141529037,5.896018425,5.532277317,6.231585029,6.338394367,5.670674928,6.462499267,5.910524328,5.614935985,6.669552376,5.900081822,6.395062924,6.403636264,7.334794378,6.12200246,6.633320122,6.621607781,7.135405097,6.661327193,7.215829641,6.846660833,6.773371961,6.116253161
"203254_s_at",7.53471027,8.095386302,7.528203407,8.068869879,8.8822228,7.987413205,7.949120858,8.323694707,8.45759669,8.129233667,8.502608259,7.91454088,8.993702654,7.909527075,8.707258045,8.932232634,8.281519022,9.261088935,8.918088187,8.999832953,8.519821339,8.129989236,7.990711035,9.116874182
"201516_at",9.514229212,8.716807258,8.680453774,9.462447793,8.809068244,8.633640551,9.135655415,9.367907137,9.33372362,9.396192589,9.067646981,8.976802121,8.328912719,8.426738117,8.165013008,8.196217542,8.094960445,8.51473249,7.915785275,8.216431011,8.434011544,8.022205179,8.676627362,8.218072849
"209139_s_at",8.023839246,8.747141408,8.908185008,9.962926996,9.10686217,8.993402968,8.650082554,9.356598541,8.662910061,9.488054219,8.702557376,9.884112858,8.747927769,8.18762594,8.794826167,9.184067124,8.380061494,8.909566889,8.690811693,8.352749073,8.552737533,9.633265653,9.248526485,8.710793392
"213230_at",8.462637204,7.705541364,7.429887623,8.404931619,6.95923203,7.737132086,7.836996528,7.801648088,7.437788187,9.225518844,7.786620613,8.87297058,7.734783204,7.75024123,7.361533211,7.681852098,7.877120717,7.859870231,7.992392774,7.780702707,7.425277892,7.360921967,7.53094811,8.100698155
"209417_s_at",9.265677329,9.644887891,9.546168204,7.808671862,7.921032322,8.227248593,8.955090335,9.111573851,8.758692829,8.188476883,8.39177754,9.153429121,8.744312726,8.72959467,8.718300688,8.441632108,8.581152371,8.898693831,8.978839016,9.1727722,8.129766876,8.031655657,8.359480151,8.806851636
"AFFX-r2-Ec-bioB-M_at",6.90146045,7.04284298,7.052868795,7.200535376,7.17936581,7.905738414,7.645599173,7.45186402,8.04781139,7.135340053,7.758805808,6.268261803,8.129624352,8.227784423,7.885469963,8.306174502,7.73400149,7.730767029,7.227984351,7.242543455,7.568829483,7.635033108,7.963709127,6.956490156
"213888_s_at",7.410507852,7.228318874,6.766022306,6.416644277,7.012619308,7.582624792,6.854701359,7.707783172,7.011973063,6.057640441,6.602428767,6.181821247,7.029833657,6.950115557,7.74964086,6.814134464,6.295629641,7.858655001,7.297026135,7.117574695,7.607454725,6.905333301,7.405939567,6.898289655
"209205_s_at",9.155237753,9.008285587,8.194874146,9.473213586,7.883391534,9.489355105,8.88761699,9.031798096,9.27685548,8.626932695,9.738847317,10.15343501,9.341876362,9.463031327,9.246640457,9.744244956,9.197520205,9.467387623,9.688822438,9.294050555,9.110856236,9.618969247,9.527478432,9.558486608
"211354_s_at",6.574128392,5.713658469,5.923015566,5.795045517,6.063039753,6.221454008,5.457944544,5.726251159,5.879405431,6.110763937,5.984230362,6.631014688,7.276138391,6.186060113,6.297275712,7.064575427,6.008723929,6.559766402,7.154149743,6.687374976,6.488874007,6.570759631,6.848325057,6.871087477
"212684_at",6.335224849,8.078868521,7.166978142,7.701006129,7.863046481,7.394754358,8.864596561,8.745915298,7.560989565,7.605752952,7.745646088,7.034209472,7.669068258,7.379782117,7.869054661,7.751926474,7.696576129,7.629624784,7.956407662,7.790699324,7.524953532,7.729801312,7.874827974,7.729178038
"217911_s_at",9.257192756,9.915133105,9.321260338,9.873330499,8.494078205,10.0105484,9.35512927,8.852892756,9.827378741,9.925389207,9.419855903,8.497745357,9.653611325,9.684191468,9.308949746,9.81715049,10.59847546,9.411458695,9.150371135,9.108697263,9.033849555,9.390484693,9.977237547,9.211332096
"201042_at",9.795728981,10.63892765,9.793342203,9.368132039,9.873620057,9.757192856,10.06364042,10.51319703,9.300435098,8.92530781,9.629005274,11.18949907,10.15213245,9.877793627,10.14382391,10.39298782,10.14638385,10.56832252,10.39492088,10.30287763,10.44879865,10.32642456,10.13957398,10.4973858
"221588_x_at",7.46775604,8.214183599,8.851357919,9.003825261,10.30632394,9.175491385,8.816513578,8.334675496,8.796689492,8.92406763,9.043699159,8.882981109,8.291385949,8.754899232,8.590556371,8.515620956,8.694109623,8.279344696,8.71024864,8.642196993,8.993021544,8.954272345,8.561690105,8.855586822
"209546_s_at",8.859266725,10.04220711,8.572514397,8.691890162,8.667247533,8.693648602,9.572733115,8.943123351,8.442464781,8.022952357,8.770124388,10.24604244,9.008869498,9.055110403,9.325405259,8.99872152,8.97037576,9.011907663,9.197800237,9.463216048,8.805326854,8.449686067,8.760509766,9.095635698
"213092_x_at",5.885670653,6.233174886,5.656393604,5.592979713,6.044081888,5.846269759,6.02562904,5.541960781,6.555459824,6.605627667,5.512123182,4.657135571,5.908887281,5.755167366,5.858915174,6.366254182,5.16058123,5.88619677,5.798910752,5.2279038,5.785479511,6.72476091,6.515922597,5.464561627
"204689_at",7.283604569,7.200931467,6.883350533,6.916956566,7.247169097,7.933091168,7.28439381,7.533674909,7.426346301,7.52756836,7.054702055,6.84675243,8.152652432,7.375500465,7.768184607,7.928287256,7.082517229,8.702029822,8.17730075,7.50769128,7.710723552,8.476387729,7.64945856,7.491605091
"218603_at",9.282932653,9.678699305,8.947392266,8.960486546,8.579292764,9.581372164,9.283913314,9.387143157,8.792900966,9.185762711,8.769022121,9.743666601,10.18243614,9.742344208,9.505427677,10.20778923,9.877026765,9.590822367,10.06873409,9.963191257,9.708928548,10.26718293,9.884522071,10.05602319
"221751_at",7.714523922,8.881124442,8.390727563,8.631376356,8.587153177,8.803364546,7.493423355,8.34842907,9.226785013,9.208652268,8.231472423,8.169613791,9.06126227,8.57544295,8.706716865,9.347738443,8.833684387,8.770012222,9.051533685,8.629993558,8.92585876,9.483504595,9.162991005,9.128489552
"208885_at",9.91153556,10.82590775,9.424146404,10.19471271,10.89623033,10.44165854,9.899193052,10.51669625,10.39942355,9.403470949,9.734077697,9.615205482,10.19723438,9.826164557,10.70330932,10.03681126,10.16742724,10.95196559,10.89609578,10.36326285,10.70213475,11.05529053,9.976807916,10.45049817
"202929_s_at",8.209767737,9.239582044,8.355987282,8.085401539,9.036159265,8.195182447,8.752261596,7.863199514,7.535443072,8.814351017,9.125625092,7.150317573,7.773724435,8.185029799,8.099117702,8.367475239,8.179608917,8.761813597,8.270477275,8.159208787,8.483765205,8.136687896,8.521381589,8.096031502
"220147_s_at",10.21507699,9.793817334,9.735023428,11.06281598,10.58156705,9.897134625,9.853199336,9.782199245,10.85041507,10.31784535,10.32834843,10.25055348,9.760599618,9.31898803,9.545120941,9.879724973,9.499670241,9.097820759,9.836516443,9.298247486,9.478939252,9.7421782,9.394087647,9.84803703
"211323_s_at",6.411294893,7.000898864,6.923525984,7.641419888,6.789561868,7.258452873,6.257858899,6.609111958,6.865888779,6.658099343,6.815228932,6.711895774,7.675653603,7.139917398,7.473122996,8.233388193,7.378815264,7.377110586,7.307162808,7.291453509,7.287366459,7.518942423,8.069688924,7.380590996
"212633_at",6.47492758,7.353351067,6.779606008,7.289733876,6.540157274,7.658254261,7.018619837,6.806292985,7.391477363,6.708633447,6.887757562,7.331303253,7.290934494,6.584828418,7.387293395,7.659392808,7.112622424,7.405401149,7.311428836,6.432332159,7.547790602,8.233077193,8.215508852,7.227012366
"204783_at",7.748320524,7.468820016,7.818564358,7.836150652,8.002683767,7.19221822,7.541505806,7.752235021,8.108378209,8.430201035,7.70682866,6.93321678,8.032004295,6.818883452,8.258228012,8.54436773,8.236842544,7.428727264,7.998931512,7.579370038,7.627429477,8.817996705,7.659451755,8.39172655
"209758_s_at",6.556831506,6.610035442,6.820609077,6.20583478,7.912885678,7.039400475,6.008681752,6.667924883,6.783728681,6.726073014,6.362660822,6.517643148,7.680222167,6.525129139,6.95692743,6.762335903,6.157444732,6.952650014,6.216047374,6.626048607,6.564247792,6.419986068,7.803362211,6.750070147
"201651_s_at",10.72535968,10.93442976,11.0988588,11.53755105,11.45684404,10.42309847,11.79494694,10.78124428,9.725530652,10.59021283,11.69749264,10.02951995,10.71538717,10.82778023,10.73907859,10.45167636,11.27132633,11.28331462,11.02513909,11.06477599,11.06777623,10.96833877,11.13805416,11.22658152
"210776_x_at",9.290829416,9.180779201,9.272913597,9.513180652,8.761728301,8.993466833,9.265200583,9.42967664,8.727434805,10.13694161,8.906628514,8.574040099,8.480025108,9.095042277,8.582394164,8.229456592,8.554130206,8.36719728,8.501090022,8.572461568,8.295865666,8.121513254,8.541499917,8.48397431
"204094_s_at",9.528247039,9.523861119,10.37643251,8.787669631,9.179721269,9.605121341,9.237634745,9.856153896,10.51396665,9.964190052,9.173757197,9.310025539,9.758082763,9.248442318,8.870418339,9.638574506,9.868835184,8.29811126,9.172119554,9.063089145,9.350461042,9.585761477,9.668737226,9.318671823
"218842_at",5.828639526,6.955885645,5.976839689,6.909763133,6.819724281,6.253672025,6.932530474,6.06868384,6.467553402,6.350333857,6.453544747,6.286208553,5.846388243,5.702123096,6.232009887,6.275867245,5.244629632,5.933523645,6.443680695,5.499620536,6.180978056,6.978990813,6.867075437,5.78186208
"210356_x_at",8.468053248,7.700276488,7.960395011,7.727475698,8.272895545,9.448563823,8.431891188,8.19441288,8.605042504,7.218254156,7.316586723,7.658763545,8.041404496,8.129555602,8.477823394,7.592200487,7.424722948,7.742474417,7.8941266,7.877913569,7.947148433,7.661683762,8.101683457,7.699575669
"208485_x_at",8.779296723,9.247171082,9.158834863,8.273200209,8.421178061,8.313400374,8.136920474,8.512934132,8.526481187,8.329523784,8.358784362,8.555476097,8.896035827,8.668165792,8.480836082,8.558971296,8.403035508,8.575876127,9.403882008,10.03970928,8.444848198,8.349338473,8.689782172,9.754450186
"205377_s_at",7.366887566,6.927306152,7.181752117,7.012627233,7.438886375,7.048665056,6.990530875,7.318864068,8.971964658,6.818246628,6.944571103,6.829571197,7.057650285,6.90499793,6.925201117,6.619989457,6.514390868,6.6623569,6.929226202,6.738013445,6.935726974,6.576152275,6.811121125,6.608200526
"220968_s_at",7.453428075,7.463182617,7.290297275,7.407469178,7.400312384,7.548629153,7.370611739,7.409043683,7.188760885,7.56676097,8.34371754,6.865123389,8.288762464,7.817162752,7.772514747,7.922430232,7.718608551,8.543430602,8.422796051,8.572341713,8.192216984,7.853222674,7.862314241,8.578576959
"212648_at",7.485523358,7.607586789,7.533428607,7.646931565,7.755879227,8.190983919,7.075946807,7.176919999,8.289281077,7.176593038,8.377027032,7.66780251,7.880932193,7.426429039,7.940343316,8.391473553,7.73985301,8.065458552,8.397235232,7.569093022,8.375020281,8.748933689,8.75257507,8.169855759
"203177_x_at",7.323864505,7.3638582,7.080568904,7.309862727,7.874231134,7.92185506,7.670565318,6.902838935,7.715477883,7.003413621,6.556615069,6.788523263,6.923407833,6.364126857,6.229635552,7.493262049,6.91249398,6.679984498,6.95116089,6.567380682,7.131602908,7.447257507,7.770008022,6.722886443
"202742_s_at",7.016003583,7.306421394,6.742456624,6.591608845,7.512366975,7.587033625,6.898228812,7.498999384,7.277961615,6.509044594,6.7415885,7.040633175,7.936137561,7.244003288,7.165391025,7.613692514,6.535549331,7.213461429,7.870949845,7.444701777,7.554322703,8.323104489,7.990357027,7.409516392
"218435_at",9.379754583,9.038163955,9.390852235,9.198894749,9.188778488,9.561294195,9.480380857,9.133973901,8.881217859,9.097056918,8.981698816,7.32734865,9.082518054,9.53195128,9.194158069,9.065838432,8.817764764,9.13148521,9.02028254,8.648023427,8.891998591,9.477441367,9.809175283,8.490640569
"219970_at",5.115881149,5.083446156,5.213627866,4.971486426,5.28407705,5.406908876,5.051475071,5.054305288,5.316972225,5.316972225,5.435806065,4.768921134,6.380769419,6.064153259,6.072195033,6.279048061,5.426522703,5.882761944,6.096098048,5.715939047,5.909497562,5.896619143,6.305807146,5.751337294
"217143_s_at",7.05289259,7.82376952,7.024873828,6.760634116,8.442687677,7.306922532,7.060822586,7.61820147,8.135743883,7.134626717,7.220348523,8.353159124,7.692121493,7.761722942,7.581976556,7.593839864,7.253391284,8.030641828,8.003869313,8.149862632,7.908718116,7.633478903,7.948691999,8.371369451
"201529_s_at",8.120392388,8.782436482,8.415573795,9.931713618,9.190339937,8.852266692,9.509357233,8.588528295,8.83465268,8.660503437,8.7956777,8.198235259,8.666525399,8.433136604,8.972064067,9.260021536,7.884364466,9.375835459,9.220469237,8.871893086,8.671077923,9.177765333,9.409425576,9.058507703
"201954_at",11.62424593,11.06909552,10.82397787,10.9321031,9.942264656,10.8032549,11.39313522,12.18048309,10.62822731,11.26528403,11.35907597,10.97432059,10.38638193,11.11788188,10.7820995,10.10692021,10.96980218,11.10405103,11.02341357,10.70846072,10.63244807,10.64486427,10.93734486,10.43405545
"212274_at",8.22890721,9.649738631,8.645906858,8.609261452,9.738389642,8.694691896,10.1983342,9.037001481,8.589355201,8.512967297,8.437389499,8.185122454,8.608078733,8.784101277,9.178984708,9.111197885,9.27498614,8.951618493,8.932506055,9.103710656,8.828151846,8.539103822,9.130171273,9.053825171
"219494_at",6.747641051,6.797784969,6.529395677,7.677025678,7.478183326,6.306622468,6.678025881,6.645869656,6.57450862,7.26940182,6.407274137,6.485191338,5.99379397,6.278843082,6.237225676,6.007373373,5.890742502,6.106729942,6.536627134,5.855909513,6.112917228,6.289619278,6.05088106,6.223139121
"213298_at",5.901857461,6.90996537,6.588178728,6.952242368,6.207852126,6.009700275,6.208492809,6.776840361,6.748058381,6.261608453,7.331950267,6.045204092,6.46063942,6.798964949,6.752985796,6.252134817,7.094964554,6.69342721,7.098360755,7.768121,6.500917875,6.615363223,6.434364632,7.497488221
"219506_at",9.615109675,9.435431569,8.396980167,8.370648025,9.159459909,9.284041256,8.824467398,9.615842373,8.676936274,8.867844296,8.748078607,8.859271983,9.634176326,9.830363199,9.460847359,9.317589965,9.09202721,8.885112427,9.812578361,9.448497805,9.176190096,9.211518492,10.38020857,9.282619833
"218239_s_at",7.452608009,8.092610794,8.713924976,9.216880428,8.401457,7.950239959,8.916681867,7.79791306,8.5910857,8.264409949,7.76886055,8.13062745,7.704791362,7.570523384,7.594891563,8.097749279,7.595715914,7.724169897,7.663365554,7.413624133,8.002629346,8.085684551,8.308524636,7.63986836
"214500_at",6.929912903,8.0122835,7.270271584,6.929370471,7.678783357,7.657862653,7.868920045,8.114668498,7.797088682,7.456631453,8.179462883,7.606265668,8.006336349,7.952548334,7.973928485,8.110334625,7.555338082,8.681968047,8.737294519,7.746088928,8.253601571,8.633119596,8.200535507,8.203025191
"209520_s_at",6.556527664,6.574910621,6.245818794,7.785177313,7.317226538,6.103580363,6.0460598,6.424562375,6.182037861,6.029056282,5.7909104,6.414701225,6.095747894,6.05970688,5.991713095,6.129462084,5.598194178,6.116088489,6.426037099,5.741845912,6.270040182,6.374134428,6.632338904,5.940145373
"218041_x_at",11.22023001,11.16286119,11.18193869,11.45948973,10.02319349,11.05529866,12.14966129,10.97085716,10.5150833,10.82888119,10.84415751,10.98590426,11.71673699,11.49210472,10.9800465,11.76780356,11.5395063,10.79706121,11.51564936,11.56182262,11.34602602,11.39060639,11.47640549,12.01405785
"222231_s_at",10.47415947,10.59167106,9.749355742,10.71150244,9.790526285,9.923608727,10.08178037,10.2093076,10.79350519,10.70182015,10.19060855,10.13392852,9.751041525,9.797592949,9.429099924,9.66367898,9.755300132,9.599825842,9.325997714,9.198892894,9.418653611,9.508035373,10.37871599,9.502701341
"201910_at",8.454750356,9.536038873,8.861429951,9.262663783,8.810947269,8.987585,8.857971675,8.938294463,8.64048867,9.285140727,9.199512955,8.367758144,9.618866094,9.454148962,9.462735882,9.858443759,9.75096028,9.976812674,9.877091512,9.653776443,9.631640065,9.685526445,9.275433514,9.926333962
"221756_at",9.424893199,9.405045952,10.28306468,9.246510814,9.172397889,9.900152991,9.825224331,9.880551333,9.156850069,9.034017261,9.965825747,9.450212994,10.05188422,10.02456463,10.24802822,9.983894981,9.926857902,10.78983027,10.34538969,10.56019345,10.16108081,9.800336759,9.591289827,10.4888991
"201030_x_at",11.92033435,11.98964231,12.67084955,12.92667555,12.34854672,12.35174,11.49280825,11.77776386,12.06024583,12.24763207,12.71342842,10.96935757,11.14018435,11.81495582,11.62141717,11.61108347,11.54813729,11.73999584,11.74762348,11.3860369,11.80588612,11.93992655,12.06539036,11.73253741
"201397_at",8.382224733,7.29188436,7.347309345,7.866528473,8.10611084,7.601418504,8.472928428,7.481539802,6.987810812,8.480331104,8.747907599,7.121704133,7.204459795,7.770230603,7.639373993,7.568015616,7.555289128,7.548730438,7.255627711,7.536419831,7.238588938,7.304773471,7.374983855,7.408340214
"212608_s_at",8.368174668,9.580451558,9.004705725,10.03201872,9.261693359,10.27136868,9.608630244,9.580623977,9.273787974,9.968662381,9.781357666,9.50081834,9.930730411,9.867153774,10.11501273,10.33077092,9.748207041,10.2016585,10.3755307,10.09513569,9.791001131,10.1824575,9.921419682,10.27505425
"208967_s_at",10.01478672,9.881337239,10.06364899,9.915362102,10.29396351,9.925048905,10.03196928,9.831150757,9.884279751,10.38416781,10.05089498,9.517902641,8.839458998,9.215455002,8.988825779,8.997677693,9.171870716,9.095101149,9.365741668,9.285260114,9.198405513,9.029875504,9.551382376,9.023562872
"218025_s_at",8.433141721,9.298844859,8.240271535,9.770127936,9.704388789,8.61853589,8.237886837,8.488105925,8.051451572,8.711054755,8.570158208,8.915150187,8.867084628,8.268920561,9.244244546,9.312433351,8.393300593,9.224112987,9.216413795,8.926916382,8.916812695,9.152137375,9.1294511,9.250725326
"212877_at",5.779145981,7.193854673,6.511615139,7.266613716,7.977058488,7.00928538,7.256700566,6.737829901,7.342054941,6.887425346,7.189615546,6.073231612,6.869795361,6.631792806,6.881809326,6.802123382,6.075586634,7.1624146,6.657704385,6.527585258,6.824941752,6.861446395,7.266011604,6.583211665
"208963_x_at",7.799775613,7.455964643,8.242511434,8.040686663,8.317962678,8.002477772,9.45630355,8.068061766,7.238770392,8.326249859,7.626903823,7.770277434,7.48654278,7.404938705,7.667441644,7.666048413,7.567301285,7.433183925,7.597686321,7.925926299,8.007641914,7.708210269,8.491952168,8.150656183
"203138_at",7.751437834,7.84115266,7.96799697,8.125947636,8.29406998,6.997864273,7.521123566,7.174895551,7.492740939,7.813403044,7.195757575,7.928695304,7.237292443,7.114768747,7.212017063,8.074180084,7.393079773,7.459065526,7.683102409,6.844443827,7.17655562,8.333413084,8.663946361,7.598782991
"209046_s_at",10.58926024,10.83799872,11.54453639,10.49271821,9.953442268,11.17529538,10.73146266,10.51579528,10.49651064,11.02712329,10.5840686,10.40719556,11.1712054,10.93466164,11.2004642,11.6149527,11.01202555,11.52254848,11.64686721,11.40791711,11.04840111,11.52758944,11.46515063,11.55582302
"220276_at",5.097444085,4.56243489,4.863051055,4.674335017,5.0112783,4.793741258,4.694433189,4.995095512,4.831011681,5.040088187,5.120651666,5.198129621,5.140883843,5.706738562,6.054126707,5.15265992,5.05622706,6.006467082,6.192783784,6.103408761,5.146938244,5.383839396,4.89891682,5.17690932
"217239_x_at",6.60249444,5.112517314,4.677766612,4.60552021,4.935103817,4.853991028,4.84685363,5.108383788,4.912188805,4.867509246,4.71036022,5.923520921,4.776803296,5.166950692,4.779326805,4.646371947,4.845123439,4.783393871,4.758668675,4.564720712,4.730143831,4.504570883,5.495262105,4.662756342
"219725_at",8.848735576,8.866033019,8.445515849,7.901052629,8.587572287,9.382652797,8.209504838,9.709002047,8.544081986,8.137137639,8.832319353,8.368157619,8.616106007,8.689336577,8.665953798,8.348493754,8.454854962,8.728985334,8.994681042,8.202622823,9.848262153,9.077583043,8.489417815,8.456102483
"211695_x_at",9.152278823,9.305977771,10.50455503,9.788913457,9.149926966,10.04139903,9.534785906,8.715127636,8.850883734,9.565905512,9.559547476,9.91569904,8.733724547,9.383893592,9.45430595,9.107290981,9.220444806,8.701402381,8.708067829,8.710227521,9.365644453,9.048362351,9.513247876,9.585185033
"213046_at",8.555126286,9.031340965,8.867040775,9.134660502,10.1446139,9.065206,10.17376392,9.332049251,9.932202844,8.364101576,8.898173053,9.324939761,9.084894523,8.903393095,8.967809338,8.992988458,8.96338949,8.76008338,8.979115575,8.847081785,8.797759692,8.375238316,8.793811731,8.750091755
"210999_s_at",6.583444468,7.159717313,7.242697552,7.521938099,6.154203897,6.370301855,6.415100215,7.820193419,6.564998219,7.550048858,7.557601154,6.689644944,7.781367768,7.262658063,6.728173161,6.9336607,7.33236221,6.833447488,6.553442771,6.909067253,6.538524831,6.817900029,7.31683745,7.010787206
"200902_at",9.576907463,9.327983387,9.686329686,9.311442304,8.978400266,9.619972872,9.685573288,9.166510155,9.925323868,8.695720633,9.691028074,9.567199617,9.310391473,8.727662822,9.650778366,9.591172215,9.173790914,9.50057049,9.476477297,8.911222312,9.579828626,10.89784786,10.18214104,9.386951089
"208702_x_at",11.09006997,11.20916513,11.67952111,10.42958386,10.4877333,11.28581087,10.93344872,10.65321823,10.37278494,10.61655883,12.20321548,10.16295607,10.98486116,10.97511684,11.05260771,11.44163069,10.8734417,11.50441522,11.25835626,11.05810101,10.89033063,11.52623086,10.83508256,11.36334453
"209863_s_at",7.187720603,7.984853372,7.901344742,8.100658167,7.488748673,7.94091004,6.884036641,7.031270625,7.133447272,7.124035754,8.671199634,6.729530821,7.281315406,8.024141851,7.493235812,7.547229565,7.226078977,7.035786151,7.443301905,7.234492412,7.634930463,7.424573237,6.912756609,7.342808175
"202003_s_at",10.03335258,9.442206278,9.579544323,9.480638996,9.709283746,9.648086049,9.591628345,9.450392428,8.157660735,9.128774806,9.461497209,8.831656067,9.624396302,10.08253534,9.878961439,10.02407345,9.837931104,10.05531493,10.30289118,9.747477007,9.985983354,9.963890377,10.01123687,9.925624349
"200853_at",11.34791014,10.53874461,11.07958927,11.42536251,11.12102048,10.08062307,11.39502099,10.66677393,10.6907061,10.32988554,10.04932151,10.37250352,9.872227001,10.20841555,10.08051229,10.36128866,10.11255592,10.52680007,10.44319624,10.0781248,10.20619357,10.60518701,10.86145554,10.19334539
"213097_s_at",9.257028923,9.176352403,8.752006148,9.252820699,8.813006541,8.199485831,9.229147019,9.297317605,8.816847932,9.518303679,8.717172369,8.874617505,8.174325466,8.515440809,8.145071318,8.275346966,8.806297034,8.061206643,7.985948231,8.249538931,8.15807532,8.589366929,8.819791493,8.242280189
"218344_s_at",6.940904273,7.538507274,7.385872638,7.781016008,7.805546776,8.312594505,7.930468959,7.357223124,8.55353856,8.217383402,7.371690165,7.245378059,7.634258552,7.111271546,7.75841581,8.308668041,6.847979008,7.753608523,7.699873803,7.522622535,7.195760052,8.460852411,7.65088571,7.65132787
"214773_x_at",6.842762458,8.153925896,8.582711765,8.395153141,7.668941149,8.012454338,8.080352538,8.58399855,8.916689021,7.642047235,7.975750161,8.182666568,8.081136477,8.479729286,7.239047876,8.024000831,8.259269704,7.482344568,8.003494531,8.079363184,8.058571558,8.05072509,7.465438914,7.717232616
"217821_s_at",7.67319414,8.375960094,8.780736145,9.148356551,9.503278343,7.869485544,8.257280195,8.095744573,8.736751132,8.254097539,8.965181927,8.161634671,8.468104717,7.940477578,8.382952239,8.743651584,7.764460487,8.775662633,8.730812372,8.498285464,7.907010215,8.499725903,8.238206516,8.912333128
"221583_s_at",5.690939315,5.28821541,5.243626126,5.5473823,7.535304386,5.513847183,5.31731402,5.705432283,5.394337297,5.466585939,5.228780767,5.3333054,5.386159644,5.492308777,5.621726867,5.139636403,5.54181726,5.398950884,5.305558525,5.313643284,5.735853564,5.389139277,5.411726648,5.277655741
"221496_s_at",7.59426569,7.98695347,8.495858946,8.499212559,7.721581355,7.579716879,8.454913594,8.447648612,7.758435905,7.974026518,8.497700631,8.280233356,8.128151377,9.08808047,8.03392458,8.056293036,9.146412014,7.361279809,8.015548594,8.8598053,8.107748356,7.820454285,8.454756172,8.411477142
"219363_s_at",7.611542299,8.20830974,6.422969891,8.110465981,7.517109095,7.153634655,8.359540063,7.735357096,8.01357039,7.906566073,7.315464802,7.843328616,7.128218446,6.945943999,7.202150924,7.341190857,7.210025076,7.462671836,7.438166072,6.73790104,7.35062634,7.697987035,7.516896911,7.471149583
"202864_s_at",8.658180033,9.031253235,9.917171943,7.882647256,8.290470826,8.42360488,8.883526587,9.04679982,8.971856427,8.559494686,8.811756038,8.265546845,8.871176388,9.549299156,8.681086861,8.690266352,9.029597207,8.840894095,9.113160704,9.287789325,8.818507478,9.548505997,8.504780518,9.372527572
"218362_s_at",4.536534199,5.045827813,4.608952002,4.66303781,4.770147058,5.663789602,4.907618125,4.712693929,4.817818103,5.503961222,4.903720032,4.889752081,5.109225826,4.976070086,5.558932273,6.506723374,5.355756835,5.45031225,5.473252762,5.463334428,5.030477588,5.422048025,5.746740671,5.471509417
"200666_s_at",10.72166091,10.08086752,10.0854526,10.24484302,10.18328121,10.02972412,10.417056,10.33671589,10.79056909,10.27348917,10.5721466,9.351823501,10.44456522,10.49109662,10.71827036,11.29996891,11.70711634,10.74308403,10.46631638,10.7978891,10.20176463,10.31197232,10.73100039,10.76683299
"204175_at",8.483247831,7.913980838,8.077385943,8.792575717,7.465956818,7.765415485,8.455888395,8.164939935,8.32104569,8.342414772,8.797758283,7.937998733,7.607585313,7.815438785,7.568659657,7.603511699,8.021131529,7.454165552,7.588648513,7.020790251,7.533982795,7.366360659,8.075794357,7.687096195
"208866_at",6.609775768,7.289234457,6.756451374,7.428623088,7.365756261,7.82230498,6.949395392,6.748144601,8.149583721,7.210860138,6.95515925,7.345567782,7.855037508,8.119984318,7.76050899,8.035738376,7.517641982,7.117015526,7.357849946,7.300631322,7.61285665,8.032371064,7.994924296,7.503649762
"207508_at",10.76178101,10.58174459,10.3558395,11.71006457,11.17710262,10.12674825,10.5399137,10.10967084,10.80758476,10.29342361,10.23839735,11.51122891,10.16877393,10.10112808,10.1437329,10.30406074,9.951555114,10.60876659,10.54532818,10.03557156,10.41690102,10.57324858,10.82850424,10.13432302
"201163_s_at",11.00655859,10.6726238,10.29543297,10.46602024,10.04361193,11.20467054,10.70605498,10.96804199,11.13174581,10.34593921,10.70216627,10.60855573,11.47009791,11.23423592,11.28898456,10.82114441,9.984594219,11.19139127,11.06455375,10.92501643,10.96535031,11.711218,11.65038947,10.83458522
"208823_s_at",8.44368496,9.031237045,8.331474794,8.646647004,10.61273633,8.502676691,9.013351067,8.593535589,8.838944513,9.39954899,9.095360849,8.503011006,8.750085367,8.814873941,8.790785637,8.946813615,8.985158134,8.764047479,8.545466478,8.562225531,8.55317954,8.520070861,8.948084818,8.873498746
"204942_s_at",6.296604143,7.952997981,6.307487038,6.775331793,6.182130173,6.573709985,6.685662857,6.352824312,6.3800313,6.384962747,6.61888888,7.288178105,6.142914435,6.322380368,6.107746332,5.940799947,6.14177818,6.019454387,5.863674372,6.325803161,6.104281659,6.186109953,6.124002353,6.096146642
"208975_s_at",8.619939916,8.831541864,8.578569172,8.718007632,8.995695321,8.259147689,8.325259082,8.062189281,9.560550495,7.991285714,7.968513506,8.211465402,7.946610851,7.994383597,8.095416632,8.284510042,7.949025137,7.631672769,7.743025458,7.812039876,8.104474872,7.731924892,8.233648091,7.990202717
"206314_at",5.578853917,7.037327191,6.086111785,6.335444098,6.388022405,6.961309508,5.934429391,6.215063881,6.281877401,6.772439004,6.408265824,5.716872476,6.589914689,6.071345862,6.786322163,6.584935756,5.38022126,6.883994808,6.246149018,6.253155159,6.716461398,7.047067213,6.582097877,6.007596611
"202395_at",9.488001566,10.76304632,10.06598688,10.46602024,10.53024639,9.894840614,9.884287931,9.527378456,10.37055115,9.875131261,10.14070584,9.643579452,9.356427207,9.330399516,9.461673224,9.504400847,9.111472518,9.42084404,9.522527876,9.219263701,9.781295417,9.754762754,10.15229818,9.257273203
"221685_s_at",7.349815999,7.317664201,6.950817675,8.612076924,8.083383108,7.192033349,7.087052773,7.210737634,7.734639226,7.79033476,6.899134593,7.08607069,7.177476548,6.928021456,7.004236545,7.022376488,6.755714006,6.930809964,7.082573564,6.87094153,6.951300866,7.059753092,7.278936838,6.56574429
"202562_s_at",8.906908108,9.25637018,9.703145632,9.812817183,10.77392742,9.183908495,9.804378369,8.703066138,9.041438112,9.08756749,9.235095473,8.874546962,8.992529848,8.656183624,9.1397113,9.413631674,9.050865539,9.176644727,9.095329125,8.756746966,9.442182603,9.461252268,9.362036183,9.278175187
"201957_at",8.722383325,8.609560335,8.655015332,8.477305775,8.290895499,8.793652998,8.155967606,8.68219336,8.534573681,8.493172719,8.55414241,7.858479807,9.181508056,9.216214705,8.881760996,8.908942453,8.822800363,9.454823911,9.553676752,9.655517189,9.083695747,9.046641673,8.606206938,9.454701295
"218680_x_at",7.837707246,8.573384415,7.845298024,8.562516361,6.953672727,8.051252582,8.510566325,8.038563387,7.461223587,7.76395764,6.704650574,7.879016414,7.421886091,7.687301182,7.536457923,7.888928074,8.18218577,7.90106124,8.112386332,7.745816899,7.675218523,7.404150358,8.123938353,7.98325893
"208776_at",7.280980644,8.380397075,7.862687084,8.449190979,8.1989867,8.307308053,8.001352859,7.679139251,8.30341447,8.142333063,8.328600085,7.091530384,8.694001332,8.380054927,8.526953093,8.996005478,8.550557504,8.67679752,8.566642829,8.651658132,8.270001862,8.611564055,8.358704808,8.747768917
"205651_x_at",4.190093495,4.69503715,4.419663686,4.411849598,4.605087836,4.396919768,4.367285746,4.37213114,4.293160811,4.344108337,4.393639842,4.73590618,5.018438212,5.017630718,4.665168086,5.875526401,4.997746268,5.353114016,5.300711439,5.099353377,5.181609092,5.509340038,5.156358347,4.840476333
"219469_at",7.065939471,6.791442155,6.806263733,6.922866834,6.628432716,6.693984284,6.772333358,6.703824793,6.598296348,6.769705803,7.275593072,6.997869319,7.405995302,6.942766875,7.766847011,7.992107695,7.506852988,7.196471173,7.947324851,7.399561078,7.250196642,7.934502685,7.378434672,7.712830554
"203505_at",8.845295479,9.019424047,8.761757065,7.680459983,8.045815509,9.524239423,8.727826251,9.198384572,8.600182093,8.48081985,8.622610599,9.43992155,9.012273014,9.286161024,9.192153783,9.074966264,8.756961811,9.120961781,9.405959183,9.116561467,9.400695806,9.123111824,9.369434536,9.249051116
"212926_at",6.79519789,7.258155307,7.511042001,7.91885638,7.851654499,7.562429406,7.207501989,7.791927539,7.673812688,8.132409907,7.361526785,8.20983232,7.390563909,7.509013799,7.384439354,6.603056555,8.300571185,6.703149378,7.226340835,7.688178016,7.55154481,7.55500174,6.903749447,7.333104341
"218545_at",5.988734415,6.624112155,6.198031242,6.945494167,7.371747827,7.076700483,6.115280301,6.291166015,7.142280425,6.887503589,6.917810794,6.70346449,6.723762929,6.343512347,6.931984449,7.466063001,6.315348795,7.002337889,7.088221689,6.718909448,6.957984086,7.78247081,7.142439191,7.09297039
"221230_s_at",8.213112948,9.769323179,9.143970001,9.330593984,8.558611325,9.74459322,9.051485926,9.063535005,10.37825067,9.736705029,8.869730773,9.171499461,9.466920621,9.012379796,9.269770692,9.760961043,9.402153884,9.136571391,9.466173355,9.178609529,9.286327448,9.716273642,9.676339401,9.263332683
"212036_s_at",9.091927761,9.326385088,9.087341988,10.16138348,9.851639118,8.768051911,9.832714589,8.695010512,9.566554146,8.192864543,8.861647846,9.039904182,9.042856689,9.27396962,8.810568033,9.266688778,8.935151993,8.832544776,9.197367659,9.436042324,8.441795644,9.402167295,9.337975822,9.224983477
"208869_s_at",6.651770023,6.632739281,6.33818669,7.35239797,6.566456603,6.602838812,6.64234312,6.883467222,6.906662375,6.885250975,6.92150042,7.022758146,7.240124611,7.459539009,6.994147167,7.195404576,7.665645663,7.450410643,7.755754373,7.544767444,7.522775202,7.662049344,7.340025513,7.99231284
"206271_at",6.187560627,6.452928951,6.390576403,6.0955542,6.276308008,7.196487103,5.609583408,5.60247829,6.235325725,5.933761627,6.442963085,7.159484973,6.529417927,6.635347899,6.871104653,6.787107029,5.73492987,6.623535495,6.82469803,6.636584888,6.782288702,6.931229462,6.795846959,6.429869571
"201453_x_at",11.67078841,11.86984108,12.38385028,11.90286474,12.78047961,11.42762099,11.9937984,11.48028578,11.55339198,12.1729891,11.55072035,11.07643574,11.30977152,10.97238858,11.19757375,11.51902908,11.34321519,11.41592016,11.51236258,11.13912184,10.89294468,11.719189,11.37655325,11.41670036
"213894_at",6.586216156,7.80572194,7.496579865,7.483033331,7.536763856,6.559325564,6.021378411,6.73031865,6.487416126,6.80765303,6.508194154,6.382610254,6.949585713,6.458884399,6.667699863,6.905463912,6.355192201,6.896279398,7.291812156,6.754003566,6.63283858,6.837131794,6.863664483,7.39774373
"208685_x_at",9.732687364,10.35192809,10.35892408,10.59719496,10.02802799,10.06506069,11.21601398,10.55780389,10.20139634,11.20954118,10.3370597,10.70393757,10.72765561,11.13423666,10.3296075,9.952184147,11.39136166,10.20148186,10.60573422,11.13377579,10.23825847,10.31991961,10.35846415,10.79874783
"222191_s_at",6.884762951,7.701738424,6.601761194,6.356135324,6.567924166,6.627717208,6.453611633,6.84769874,6.684769559,7.750976057,7.834850166,6.396383136,6.462832137,6.791132358,6.52617563,6.459355596,6.269755093,6.693992682,6.359060266,6.49042015,6.401556724,6.316368118,6.681994455,6.733693245
"213392_at",6.693004674,7.766317747,7.737563425,7.712158106,7.252735375,8.090071887,7.24992656,7.306527373,8.011015559,7.689526043,8.152558427,7.897099105,7.969846256,7.593139156,8.213601344,8.578326815,7.66857061,7.954690599,8.564520561,7.617457044,7.805250212,8.450886446,8.056916776,8.220847957
"213465_s_at",7.975374645,9.04975669,9.194054697,8.189365316,8.48689003,8.381666884,8.586620505,8.222403713,8.511127422,8.767889833,8.145518244,7.01506516,8.180958172,8.104722309,8.46198576,8.776715914,8.14438463,8.772859859,8.831048417,8.544283011,8.628207086,8.749826203,8.7416548,8.744540813
"214752_x_at",9.685908245,9.894531931,11.12670761,10.18726335,9.646845077,9.863941757,9.642090296,10.62904006,9.628414762,9.719559408,10.54039543,9.508242461,10.21786531,10.10599558,10.31943965,10.12448025,9.899827576,10.8172902,10.57464194,10.67366266,9.911090149,9.929426746,10.21902111,10.67025509
"201865_x_at",9.937400047,9.996164803,10.39554321,10.30163302,9.764124126,10.60195391,9.875963957,10.10283173,10.63446364,10.13819921,9.888093591,10.96373243,10.75795749,10.3375041,10.68239936,10.93838851,10.38779213,10.9600063,11.08020765,10.90423613,10.77688313,11.32177536,10.54952081,10.94528284
"213194_at",8.222928944,8.06685785,7.159828341,7.823312627,6.635711576,8.037657631,7.615186479,7.404219652,7.141231866,7.465383661,6.916756109,7.252146438,7.721164235,7.91955647,7.556641185,8.43700547,7.452781825,7.512359606,7.742307976,7.677902253,7.638899976,7.84092751,8.449803185,7.690686495
"212935_at",7.909248057,9.122414977,8.409215391,9.806381682,8.926426797,8.796537072,9.340163428,8.979833921,8.75259517,8.713676317,9.177955512,8.641382896,9.551718099,9.230543031,9.188661176,9.128629082,9.7190624,9.057135923,8.945224676,9.389218287,9.104447009,8.649049112,9.507486434,9.63866849
"209044_x_at",9.343950927,9.645357419,9.720962878,10.10120838,10.14904828,9.395096846,10.01196959,9.261633282,10.58550056,9.68416903,9.853540107,9.498744946,9.173224433,8.647988651,9.210069733,9.452466303,9.134207074,9.352649261,9.025971945,9.249166429,9.189294635,9.18003458,8.986433504,9.235166273
"206254_at",5.921314229,6.348761599,5.796931571,6.842640614,6.392802061,5.70469645,6.620431116,6.365734878,5.539967526,5.551865077,5.808996946,6.704856011,5.536534466,5.567490922,5.570993327,5.44209107,5.842671228,5.586558402,5.317051638,5.585580984,5.640023154,5.743197526,5.773007813,5.456818934
"219317_at",5.970409988,6.166444065,7.009878705,6.052691532,5.883488464,5.960890658,5.58078294,6.020748932,5.911688135,5.406314974,5.618857332,5.776192503,6.142914435,6.04129216,6.457201428,6.904117081,6.063299233,6.528615345,6.254437524,6.178475461,5.971383241,7.027329678,6.688594953,6.614341298
"209181_s_at",9.887839434,9.65944506,9.171754956,9.540692248,8.731042255,9.462713309,9.442866868,9.361787974,10.5513845,8.815790918,9.6691623,8.921271358,9.306085918,9.118785128,9.587068954,9.527201423,8.941531109,9.410957345,9.446640827,8.932213028,9.569643912,10.03714796,10.09137921,9.056173612
"212124_at",9.301573486,9.573721529,9.009505267,9.704293202,9.692481745,10.05725889,9.282078551,9.578612795,9.590174402,9.865555469,9.60163176,9.640113486,10.32237586,9.786360949,10.07850881,10.34379915,9.926293507,10.53899799,10.31468617,10.16639066,10.11139579,10.60536297,9.765211747,10.68659568
"204517_at",9.434361676,9.86880733,9.450360075,10.02175905,8.646910632,9.863830789,9.539936562,9.615793202,9.670741282,10.07348007,9.877965797,10.12206313,9.723319936,9.48856291,9.238055669,9.32196993,8.775452988,9.532783503,9.321693103,8.893309499,9.550669192,9.417521013,10.1687585,8.711429844
"202187_s_at",10.136044,9.869211873,10.17407683,9.953440399,9.592523892,10.65712455,9.558725344,9.918217539,10.76536935,10.53262692,10.53229095,9.860114902,10.62841603,10.53120559,10.43470551,10.846828,10.79360843,10.61027369,11.11881738,10.59481284,10.59417425,10.87588236,10.47140803,10.96506742
"220094_s_at",7.453865196,8.919408434,7.815234213,8.876150815,8.257406101,8.447641422,8.488767897,7.465897571,7.50940164,8.490770882,8.130200089,7.815468405,7.826301538,8.313753887,7.701417707,8.244193751,7.622118199,8.451118887,8.286510732,8.018464358,8.145396186,8.690168194,8.5709738,8.407399971
"210007_s_at",5.435212629,5.926732474,7.129659541,6.397453079,6.220719912,5.43024017,6.641392421,5.72156164,5.988620462,5.530078789,5.42310709,5.858328174,5.602731765,5.384721743,5.505282411,5.699373131,5.591890633,5.416756834,5.703199428,5.659242004,5.436839161,5.868316396,5.682711501,5.517492076
"202900_s_at",8.161994688,7.899561366,7.576395975,8.167163573,7.193988115,8.43118169,7.724313209,8.325323475,7.537117498,7.687891321,7.381460923,7.083173689,7.147790378,7.481019347,7.313016989,7.65150499,7.08029317,7.48038094,7.629181899,7.208777643,7.613961902,8.227858641,8.447606409,7.322860586
"201927_s_at",5.499742646,6.779710103,7.162367085,6.815639431,7.06200572,5.713410913,7.261486983,6.802507685,6.725229258,6.85292735,6.6604536,5.86682081,6.672702884,6.844970761,6.441714569,6.683333911,6.393594906,6.573045514,7.012594314,6.779386794,6.502644105,7.115872611,6.672702884,6.804674985
"202960_s_at",7.710831541,8.654093987,9.693632736,9.357747661,9.357887307,8.685526363,9.118544651,8.509210946,8.206309835,9.332872016,8.992745458,8.535804552,8.601645827,8.476364292,8.505611483,8.854893759,8.644177567,8.552723948,8.666112701,8.584048004,8.968330174,9.328758736,8.913692205,8.679677036
"213698_at",8.625901341,8.796048336,9.422557309,8.750185953,8.929243253,8.766669602,9.253075608,9.188007535,8.564800403,9.172378581,9.343993828,9.812835403,9.23441284,8.849232108,9.279767364,9.549666088,9.080480379,9.983658263,9.915379569,9.681626558,9.545758547,9.97792747,9.383806927,9.709476895
"214251_s_at",4.534655507,5.417149043,5.335078275,5.252225282,5.780389221,4.809420756,5.816875855,5.571063226,5.349742621,5.346376174,6.253688206,5.167167734,5.356814511,5.194119256,5.346166527,5.895347429,4.946387141,5.449346288,5.602186994,5.702206703,5.200720062,4.964122577,5.797314704,6.417876284
"208909_at",11.14265676,12.33260681,11.34131817,11.90367991,12.01143722,11.09125911,10.8294839,10.48122027,10.80752001,10.83024358,10.96834633,11.28346516,10.76077968,10.93995699,10.81486451,11.13328899,10.83755788,11.08778985,11.13029981,10.7216709,10.78340778,11.13438418,11.11651639,11.03849069
"205619_s_at",5.067602184,4.543398219,5.000126462,4.356337384,4.776962635,5.258051487,4.704121455,4.872216512,4.634118778,4.632138729,4.920751895,4.622445327,5.058900955,5.029388251,5.688469258,4.960803502,4.51824668,4.768682425,4.900122443,4.908617843,4.869015304,5.119448272,6.485263332,4.771651194
"215434_x_at",8.069918375,8.813995359,9.597573029,9.077473712,8.86241164,8.380310265,9.584288582,9.079283092,9.474006274,8.652813883,8.442958707,8.848080781,8.633976874,9.285848505,8.668366518,8.13225911,8.743781984,8.40215188,8.690209622,9.293250697,8.483794558,8.554526806,8.370888212,8.922853492
"205585_at",7.031503788,6.367787617,7.269650565,6.957093126,7.373126059,6.320884606,6.695531364,7.184064215,7.504572117,6.582762636,6.757775357,6.33011773,6.302335898,6.865003843,6.4111998,6.041391202,6.363589481,6.182981741,6.220656262,6.447189617,6.422274897,6.170019204,6.06479963,6.350617549
"204082_at",9.452771668,8.802423692,8.042485122,9.172480264,9.172667472,8.750383947,8.828278934,9.588838713,9.331975649,8.81273449,8.453058234,7.80501033,8.862442355,8.898431891,9.133023471,9.235613648,8.594600298,9.090035876,9.161134085,9.016242917,9.428096215,9.384083246,9.270575422,9.037342169
"205366_s_at",6.438700017,6.899137346,6.381379676,6.920908263,7.579700266,6.407799179,6.918317048,6.800473613,6.128353118,6.533743202,7.357241476,6.243154979,6.967227106,6.378064946,6.901485153,7.304455547,6.832186057,7.876374684,7.02553274,6.728573279,6.742495976,6.924690204,6.352358036,6.553985313
"219225_at",6.944888476,7.956841698,6.868825139,7.368752199,7.873875732,7.582970458,6.711142913,7.051206313,7.912708548,8.178123665,7.041843252,6.770574248,7.140868267,6.821719766,7.047035425,7.280449661,6.661389656,7.176374758,6.830511322,6.841277109,7.342280061,7.142507753,7.341751513,6.854254435
"208857_s_at",8.805838639,8.982960866,8.086130138,9.26023781,8.052170607,8.572889705,9.408550914,8.61466467,8.481778259,7.847225605,8.377518417,8.917895302,8.720902604,8.099062099,8.772595879,9.085316615,8.44274719,9.039485574,9.154314673,8.632728584,8.901039245,9.360741197,9.083521077,8.910596553
"200920_s_at",10.55525797,11.06572011,10.66364837,10.32688338,10.48539157,10.68850903,10.99197331,10.84043383,10.90036249,10.58964538,10.81429422,11.14062114,11.45319701,11.32190864,11.38539677,11.22391026,11.16220045,11.18881812,11.76863032,11.84869063,11.481305,11.82414297,10.98772546,11.44220137
"214783_s_at",7.7153575,8.272750338,8.370028427,7.658602935,7.794210283,7.993203003,7.731747601,7.686495933,7.828446849,8.052714814,7.789708907,7.119885345,8.260371456,8.462628742,8.331143854,8.634483996,8.610883754,8.577678635,8.374936786,8.747655234,8.410788863,8.621961647,8.27887833,8.754650222
"212873_at",8.959068286,9.153574573,8.715364643,8.193021476,8.215414313,9.032354537,9.112210955,9.657886685,8.993324908,8.512702175,9.500314682,8.694345858,8.910077388,9.417517747,9.401099404,8.998924141,9.196186255,9.61857047,9.261878164,9.787115696,8.723244419,8.654495091,9.156659877,9.411816737
"200959_at",8.66821638,8.901381678,8.472429587,9.150477274,8.67177212,8.538346975,9.315155454,9.156706353,9.428798363,8.780956523,9.394006705,8.703568836,8.386351141,9.072426018,8.596004287,8.359644652,9.017388225,9.069384904,8.867242937,9.335551398,7.960883885,7.801885308,9.046792759,8.996885689
"204128_s_at",5.786231047,6.473856289,6.167226971,6.992752421,6.455380057,5.843414158,6.650687337,5.740098156,6.06412589,5.703569649,5.471936275,5.978851908,6.192063585,5.573132342,5.826840405,6.205103508,5.439399938,5.874586651,5.962333588,5.438617854,5.79260074,6.175139258,6.884318773,5.869799489
"218871_x_at",6.424229152,6.49696158,6.238253731,5.561557642,5.915810422,6.614162175,6.679878023,6.585167059,6.707962155,6.515942634,6.084526722,6.563343515,6.810783603,6.268941813,6.70398267,7.012442138,6.624979819,6.47655901,6.569883256,6.46025085,6.948484586,7.476148233,7.551668629,6.4907002
"221553_at",7.419074475,8.769890197,7.967614254,7.593122739,8.708877078,8.692412557,7.929063369,8.029352725,7.976230509,8.133394054,8.172884808,8.750600433,7.84779837,7.228082191,7.983481002,7.898788618,7.4295058,7.611365154,8.206458921,7.946710489,8.354799943,8.350363488,8.328886131,7.853251807
"212544_at",9.037761126,9.833183726,9.033367422,9.101578989,8.954695695,8.254775604,9.246587013,8.717871129,8.508762196,8.901695032,9.112108063,8.257567274,8.185608266,8.043937896,8.643991884,8.958156904,8.064048766,8.931640306,9.146697101,8.354597524,8.707047494,8.805934073,8.624119961,8.753415946
"214753_at",7.259603934,8.248226863,7.331017541,6.829132955,6.283642275,7.533921076,7.505791365,7.602927352,7.816406176,7.677303733,7.345123454,7.441571005,7.244060665,7.338090105,7.788308213,7.884720817,7.417134521,7.399709914,8.000193495,8.260490161,7.603121564,7.038619848,7.526202869,7.444712488
"218849_s_at",8.265703389,8.370411971,9.664860163,9.24263789,8.478468408,8.929280508,8.595639952,8.88004321,8.60129324,8.809528055,9.040933427,9.264778571,8.431829007,8.145604241,8.464780256,8.749465992,8.668562519,8.688202425,8.356360927,8.760266087,8.267349621,8.461806785,7.565764845,8.537554238
"216125_s_at",7.538647927,7.402147522,8.340548788,7.345061797,7.57323843,8.142196162,7.344669942,6.650010903,6.935634831,7.733087999,6.886830252,7.759956047,7.097621347,7.017563477,6.978234862,7.300729584,6.980655187,6.800839806,7.204045127,6.850869408,6.795402372,7.337040304,7.41805463,7.104414604
"206848_at",7.427093445,7.539322549,8.337760014,7.66931061,7.757560144,8.58480769,7.45301421,7.89261723,8.78801139,8.341704445,7.950757499,8.455363955,7.820743021,7.485237478,8.015055112,7.138623409,8.047993216,7.479596916,7.784032963,7.634703551,7.837768763,7.711112311,7.334646441,7.389854681
"204960_at",7.795988192,7.10147436,6.783377287,6.584631407,7.376022998,7.559306998,7.448808392,8.303328756,7.142152161,6.868936065,6.867673013,7.141236047,7.028086429,7.679630027,7.449363367,6.839360808,6.658615288,7.480716674,7.703582712,7.5580196,7.324337188,6.612434721,7.104745018,7.216011111
"202736_s_at",8.479616205,8.403857288,8.429785903,8.93122964,8.401969328,7.644227013,8.64712151,8.202159884,7.878491007,8.677368869,8.691382317,7.318792176,7.465087368,8.143388825,7.702879828,7.969944187,7.675866241,8.626547083,8.404405015,8.277029942,7.899563241,7.958098156,8.338385354,8.295800418
"207023_x_at",9.731958431,10.23865461,9.310179029,10.37866009,9.320115301,9.641580826,9.573166661,9.848532864,9.278706377,10.12509083,10.44495754,10.05736877,9.122002811,9.31988179,9.425260875,9.314360394,9.100510723,9.649786537,9.317604211,9.111825979,9.363267241,8.973589027,9.846540125,9.35976191
"206382_s_at",5.604655259,5.042653577,5.701495201,5.6606768,5.438101582,5.561365098,5.179767558,5.413181334,5.386432215,5.383830604,5.610668458,6.010218318,5.910343263,5.441902439,5.861243477,5.888074607,6.438669205,6.376707691,6.499740806,6.291425248,6.282925314,6.189059648,5.37257509,6.166884472
"218595_s_at",9.16114268,9.101836997,9.120424249,9.789132492,8.676931767,9.406045143,9.530599442,9.625431329,10.30873806,9.79864953,8.920844654,9.090443058,8.798255726,8.747014319,9.221643197,9.220842073,8.776323298,9.556244649,8.808861083,8.691868511,9.453477817,9.591596425,9.199070788,8.796940649
"55692_at",6.962917043,7.521116746,7.761648392,6.389077394,7.181831373,7.563494553,7.761055055,6.625203615,7.483891122,7.237414093,7.043562448,6.999471043,7.222721084,6.799561495,7.719338077,7.545366837,6.751758508,7.861966903,7.259938419,6.956680021,7.621258551,7.942960011,7.745116509,7.233037445
"212721_at",8.522132707,9.283240113,8.945656256,9.229930916,9.635482768,9.111254302,8.199910633,8.638226034,9.873363642,8.562778985,9.235096737,9.004010173,9.18217367,9.537159718,8.792498087,9.427711659,9.166242324,8.302346171,9.010717414,8.735406237,8.900008113,9.096364983,9.581273518,8.749644621
"212266_s_at",10.58227865,11.35518845,10.62994655,11.20564852,11.31088166,11.11485161,11.71456559,10.92096349,11.41103086,10.56767271,11.13153024,10.96673203,11.7108809,11.95786346,11.46546931,11.55350633,11.84516089,11.49043144,11.77554821,11.9002234,11.25759698,11.61050387,11.81513303,11.79614902
"212875_s_at",7.577109112,8.424476489,8.133383236,8.578574027,8.366414322,9.088955937,8.055203774,8.197936215,8.619560089,9.315640851,9.02468487,8.843226279,8.743046921,8.679542482,8.704763795,8.642658063,8.102855131,9.351928593,8.869591722,8.806502832,9.085239507,8.736279393,8.880632228,8.467893157
"213070_at",8.369597536,8.329829092,8.534966279,7.999592188,8.28180423,8.393690097,8.106520485,7.78660846,8.271605951,8.0721261,8.110078629,7.397945858,8.657676908,8.342839902,8.539541592,8.879874941,8.465270307,8.805092987,8.537694612,8.607216726,8.385543828,9.357346294,9.154634405,8.814914954
"221679_s_at",5.686222068,5.385112285,4.724678061,4.870756834,5.346322949,5.222440816,5.234054623,5.128586538,5.23446952,5.775772358,5.281852473,5.347731843,5.910705558,5.289708653,5.809211538,5.907361399,5.383340644,6.139777342,6.468311129,5.765308683,5.311885082,6.07923366,5.863879124,5.855985241
"200882_s_at",9.972398667,10.07226895,10.30694732,11.04100568,9.64946145,9.693138923,10.17228375,10.07009744,10.43185371,10.26741753,9.893428571,9.950841611,9.060477944,9.670248448,9.487889014,9.324230544,9.540983056,9.764482071,9.742801781,9.633430676,9.44087902,9.479410731,9.649872849,9.592698207
"222366_at",7.027003879,7.386682578,7.400457382,7.27332256,7.267137151,6.749553009,7.738531863,7.713786191,8.392292348,7.476345769,7.491063655,7.2080572,7.368070975,7.472290536,7.16744998,6.595866961,7.637715963,6.477721851,6.979832503,7.53934782,7.212332885,7.200227208,6.747665698,6.818049061
"201177_s_at",8.820037023,9.432239126,9.204812287,9.175916261,9.266946251,8.581859794,9.068386384,8.912218481,8.748160379,8.205757457,8.375968457,8.173279698,8.631272474,8.329364215,8.535150446,9.001780812,8.554130206,8.465463516,8.62800518,8.201563436,8.522348811,9.730018199,9.215152088,8.563078381
"201604_s_at",7.395643186,6.595985752,6.816238857,6.796663875,7.715840887,6.901251004,6.403717153,6.753416649,7.492304405,6.489936339,6.690260343,6.775274963,7.211041868,6.802666536,6.78454301,7.641140123,6.015538046,6.866100989,7.504724319,6.820487195,6.597964362,7.308233275,7.186495001,7.121845411
"218193_s_at",7.45980381,7.467242813,7.669109588,7.795863669,7.673161655,7.476563908,6.901328281,7.447698004,7.314177237,7.94427375,7.474037576,7.255272438,7.209261446,7.006854967,6.292787515,7.106350141,7.111759257,6.846047828,7.040580865,6.371588164,7.059162697,7.259519343,7.757303317,6.756141478
"200640_at",11.81438033,12.02790145,11.1276732,12.14076522,11.20626217,11.58806613,11.25496212,11.88291596,11.88520926,12.20973356,11.1279165,11.69744787,11.44105236,10.93236544,10.77873646,11.49595637,11.14238604,10.60007023,11.40282583,11.34517479,11.2897543,11.04514796,11.51059086,11.41904075
"211297_s_at",7.878710077,8.120473002,8.336768072,8.012699277,7.837187014,7.812225945,7.238077177,7.197740023,8.44144801,7.502770594,8.201797918,7.65998714,7.271322524,7.295102431,7.493169886,7.616646612,6.750170643,7.575753342,7.623348637,7.149062304,7.257139805,8.086354102,7.829989852,7.527683087
"208300_at",6.506760569,6.259344763,6.600866579,6.84886597,6.927021299,6.307150445,7.745717043,7.050518917,6.241147375,6.070182932,6.398125612,7.165985237,6.193255195,6.421388897,6.283708278,5.947224835,6.705504644,6.166967686,6.283164554,6.526995011,6.246888518,6.123200299,6.065465575,6.409503455
"218269_at",8.527452633,8.375960094,8.260116179,8.855610441,8.010939638,8.145280712,9.287179196,8.784444193,8.656499449,7.538865983,8.684125735,7.814850062,7.779179365,7.813662226,8.096339577,7.985116483,7.887238106,8.124264081,7.995809627,7.777828837,7.931190608,8.112019341,8.17069579,7.948039556
"204060_s_at",6.696168638,7.063093434,6.774296793,7.434925818,6.941063109,7.082618784,7.613686425,7.459712496,6.974100495,6.715696476,7.098137232,6.682610473,7.814799801,7.060784232,7.844128587,7.533861471,7.01418036,7.966921461,7.94910066,7.670791343,7.660420026,7.455774956,7.614827868,7.654716897
"204752_x_at",9.120134506,9.343548849,9.457341264,9.601019688,10.46624915,9.070360484,10.28139688,9.302961713,9.376726181,8.942700746,9.133297367,8.981052804,8.872771821,9.07409617,9.053275771,8.97713351,8.704741244,8.983336216,9.119755405,8.880285622,8.948370889,8.952285951,8.963721869,9.029321853
"204278_s_at",7.545885607,8.120189172,7.657382974,7.010236226,7.392388586,7.744288598,7.31650663,6.89307889,7.316419007,6.590488623,7.984973498,7.428663096,7.76497092,7.332959467,7.61612596,8.207948421,7.701473436,7.623923907,7.839065947,7.433453077,7.946990644,8.357387014,7.677346698,8.045065075
"210135_s_at",5.684872967,5.431902429,4.916752774,5.620367807,5.195304557,5.110809438,5.083472516,5.867682804,5.950974558,5.645470448,4.721377581,5.66404262,5.014864025,4.79899655,4.748699255,4.852051302,4.809599522,4.853274583,4.70147081,4.971611566,4.870985272,4.689503059,4.57848774,4.84383002
"212418_at",8.256883395,9.247040275,8.744482424,8.899733719,8.167898113,9.017172691,9.006637564,8.899882465,8.796706234,8.591330379,8.711396485,8.474514448,9.325167424,8.948802566,9.131696553,9.585910046,9.231995101,9.001039424,9.429687989,9.463999904,8.892748013,9.824326134,9.499252093,9.420676962
"320_at",6.511991451,6.204652481,6.181442064,5.919831717,6.383484522,6.113700482,6.211349301,6.207546283,5.851856476,7.008424556,7.110450742,7.440005011,5.971707325,6.185614636,6.466165946,5.948150732,5.825825848,5.960779195,6.194368477,5.986372501,6.52889141,6.145776006,6.59138007,6.72453329
"203035_s_at",7.612391369,8.836785748,8.961923404,8.885031931,8.244786502,8.756788717,8.958901811,8.689984756,8.741551563,8.896056015,8.753291722,8.593582021,8.030443215,7.894792726,8.234867801,8.179870073,8.009634966,8.159091372,8.155701444,8.133398784,7.807254233,8.03274461,7.87873154,8.336235184
"203137_at",8.744310253,8.734312538,8.499381588,9.140031511,8.212607774,8.81888294,8.875123342,8.312488247,8.388736335,8.305652331,8.309187849,9.036518406,8.945322807,9.009029539,9.177281413,9.649727627,9.143697302,9.04953337,8.87651825,8.718366778,8.847469086,9.515146391,9.773224297,8.829225132
"201029_s_at",11.02910971,11.31927656,11.04077978,11.08505261,10.50641957,10.83955255,11.8415747,11.59783383,10.67975298,11.6357472,10.86818503,11.95856421,11.71855644,11.29444554,11.60648497,11.56395642,10.70468915,11.81275951,11.80960844,11.31160499,10.96003868,11.5134278,11.509484,11.46036626
"202720_at",9.952716063,9.856803479,10.10297163,10.26302709,9.519565221,9.585778112,10.43583375,10.89538038,9.27430861,10.28264412,9.436018501,10.36437703,9.89346394,9.288307123,9.638316211,10.2040313,9.891965812,9.409998908,9.937538643,9.439569765,9.364381933,9.681492899,9.701308114,9.85441508
"219303_at",6.464007563,6.865468379,6.139566853,5.863585945,6.893733429,6.292470226,6.203947936,5.966880016,6.387150295,6.377708789,5.888433876,5.558978959,6.536331652,5.720325678,6.229477981,6.599672297,5.514472435,6.539673373,6.860886538,5.772186092,6.278773776,6.873371997,6.525364974,6.024152161
"202508_s_at",4.43714629,6.199650671,4.884389886,5.093249041,4.716407888,4.893337288,4.87648737,4.550156166,5.487262933,4.781841516,4.613123291,5.320977144,4.99949477,5.243859974,5.226796819,5.123534344,5.232437125,5.053665186,5.205755108,4.708093466,5.08873899,5.980127344,5.48528532,4.99540975
"206103_at",6.720346365,5.321979464,6.036049901,6.171311168,6.037421843,5.129019741,5.963366747,5.77596843,5.537825671,5.615887214,5.469075534,5.512934187,5.231633568,5.371405713,5.154504959,5.174464873,5.560417695,5.278928457,5.409949879,5.463777136,5.350613374,4.827856998,5.187895727,5.373926691
"213802_at",5.394646004,5.193729062,5.143067028,5.313851897,4.875654575,5.258151288,5.024707191,5.39890049,5.1320555,5.042262013,5.626986494,5.306288566,5.350618964,5.207792976,6.560860269,6.503542747,5.517636251,5.733800588,5.48385413,5.69946919,5.485236492,5.988511916,5.336211565,5.562681444
"212346_s_at",7.975415783,7.975258989,8.369677476,7.81154001,8.033426165,8.174596613,8.157666573,8.246609347,7.626383366,8.094236473,8.51048975,7.69683098,8.337096009,8.35241814,8.44524668,8.279901535,8.347889658,8.925222912,8.776067889,9.112266655,8.198649668,7.64020412,8.18819266,9.144455754
"212601_at",7.504147448,7.643089795,7.579819933,7.958946072,7.371604174,7.721277288,7.795033083,7.916051534,7.261023379,7.532081352,8.115952145,7.447941791,7.983566444,8.175291288,8.544691959,8.446194871,8.256006942,8.734327956,8.03274651,8.118239433,8.16847095,8.770235211,8.018429871,8.11964601
"217223_s_at",7.92917733,8.278385631,9.025745511,8.296710949,7.92134988,7.947619531,7.878751411,8.526827901,7.622777592,8.330727723,8.39326462,7.812104575,7.89415953,7.697324844,7.69334459,7.842885485,7.141806047,7.935397964,7.768449053,7.48341245,7.657854543,7.232780583,7.77770273,8.149522409
"200972_at",10.78708891,11.70373299,11.75416896,10.97855606,10.73259665,11.37362662,11.81684019,10.91853785,11.17433946,10.47846583,11.72921226,10.33520819,10.97357716,11.33214057,11.17161474,11.47393532,11.12989383,11.04047624,11.23767967,10.56673856,11.06789123,11.02602744,11.72164613,11.18611609
"212271_at",8.569195319,9.035103744,10.0221979,9.266228895,9.811114755,9.085091609,9.417235777,9.413394528,8.810017041,9.113784635,9.514501634,8.583485564,9.131452042,8.748661306,8.983401402,9.463153972,8.568835009,9.391708112,9.16536806,8.642005934,8.973685683,9.778967109,9.641155673,9.08538801
"217912_at",8.593528279,9.148237939,8.816089525,8.926216883,8.392880738,8.309112801,8.763952005,8.466571391,9.040081594,9.251638898,8.902789177,8.198176978,7.977689281,8.254358137,8.187718708,8.321357939,8.487114183,8.384265569,8.121019746,8.19360025,7.951266205,7.684992556,8.396745191,7.944929882
"214297_at",6.391205786,6.088079711,6.230094132,6.194857384,6.326470285,6.10178708,6.042859342,6.082869078,5.936376765,6.323630662,6.520534506,6.399215288,7.534264588,6.869946285,6.688014754,6.977999393,6.463304922,7.206313605,6.659043209,7.231753265,6.493967091,6.560156056,6.555922255,6.746625895
"212785_s_at",7.452186682,7.776756986,8.270594494,7.919226789,7.098506773,7.619552847,8.014276002,7.501669976,7.314199643,7.052742145,7.476600861,7.400983498,7.742463189,7.871533143,7.908418686,8.31904788,7.823288983,7.871696516,8.486455429,7.983158668,7.782482528,8.515283501,8.137974672,8.404264855
"222028_at",5.70074813,7.262213054,6.882607685,7.225711546,7.524612247,7.271582351,7.26332744,7.439917423,7.081774338,6.719288839,6.961419474,6.995301156,7.289163926,7.081360637,7.248907614,7.683566106,6.832348874,7.397055219,7.490925153,6.945874679,7.163439144,7.636663836,7.684789675,7.232705407
"209240_at",10.40455229,10.72157824,10.26286813,10.16709062,11.26167189,10.74361051,9.998083305,10.57026217,11.72993406,10.11245736,10.36593855,9.761315506,10.41309983,10.74901242,10.60750201,10.47317956,10.76591874,10.41019005,10.75293665,10.74375514,10.52950987,10.63271254,11.07803409,10.53917357
"200899_s_at",9.911253211,9.80731071,9.222744027,9.546676135,8.922309976,9.898290082,9.293356444,9.812082036,9.897589562,8.854248731,9.322121644,8.886908733,9.743239512,9.896294662,9.949858571,10.32637376,9.873437161,10.08540698,10.15996613,10.05654573,9.701483256,9.837946329,9.869242926,10.0222391
"213947_s_at",8.977350743,9.262376039,8.96494951,9.49391487,9.447353287,8.769643604,8.966701907,9.32842596,9.145327293,8.676921844,8.988622703,8.413857375,8.17753791,8.686468816,8.848574249,8.117033358,8.559209416,8.627263773,8.295373519,8.508770749,8.544442857,8.217887343,8.35039194,8.304322714
"212943_at",8.217929998,8.814114988,8.466496298,9.010004145,9.682501358,9.331450765,8.412084278,8.75090597,9.271820955,8.399058817,8.995906028,8.279399833,9.371193012,9.043214067,9.19864796,9.463615985,8.999313398,8.905097829,9.312136557,9.149252306,9.109830526,9.569407958,9.333866319,9.111010877
"202236_s_at",8.209338909,7.943950087,7.646862031,8.394255987,8.780936233,8.245305496,8.227027906,8.865101545,8.01046988,8.489629962,7.370212792,8.545616719,8.19198612,7.717342668,7.728263388,8.129589945,8.130739969,7.531751745,7.529057111,7.666660878,7.87580653,7.596813456,7.946022522,7.618205375
"211067_s_at",7.468414756,7.56518943,7.123968844,6.896919682,7.36671132,7.75504726,7.663115122,7.974644845,6.860944476,7.786047427,7.54696431,7.675528507,7.780704324,7.609021043,8.067982399,7.43978832,7.924110123,8.252056118,8.088785092,7.747172692,7.847519344,7.761182508,8.738146628,7.848906548
"213475_s_at",6.99264746,6.431209673,5.7088957,6.036050206,6.00711206,6.281211596,6.293864601,6.854050113,5.98766036,5.73874545,6.1736956,5.988010115,6.411335419,6.504388859,6.856672421,6.347432273,6.319011066,7.05386621,6.79429105,6.874724937,6.896932847,6.659237255,6.162873511,6.890022913
"202658_at",8.341815262,9.572323283,9.886752896,9.552828591,9.917893164,9.721871176,8.978030689,8.767482626,9.77437259,9.614563938,9.171021458,9.315045736,8.982195933,8.700474543,9.157219971,9.289696526,8.680647828,9.31358329,9.326096446,8.814088262,9.375856924,9.170413681,9.017672178,9.160940561
"204043_at",7.966455083,9.3701151,8.173063486,7.862043258,8.444874447,8.042745726,8.46442327,9.092179411,7.647623102,7.96702276,8.683113518,7.841360382,8.606582647,8.513760586,8.547881759,7.815314033,8.315640799,8.410573055,8.432871665,8.38585794,8.427392151,7.914620954,8.557504738,8.202742399
"207610_s_at",7.22464233,7.25944635,7.351556704,6.562375902,6.76323865,7.565228106,7.961737955,7.93031448,6.874007555,6.992775039,6.519993517,7.383960507,6.798939774,7.176446004,6.890881859,6.551707682,7.622118199,6.635644772,6.888111061,7.083173689,7.335466045,6.97514491,6.860274075,6.842478161
"211015_s_at",7.556456986,7.408237356,6.995336998,7.481788469,7.276328168,7.287931363,7.802231454,6.694777853,7.854377518,6.794082289,7.1415105,7.687723041,6.754416197,6.900697551,6.871906782,7.356686363,6.567318553,6.926493625,6.825030319,6.350524239,7.075336372,7.638594355,7.463184292,6.959511307
"217367_s_at",7.161985982,6.839185429,7.38574723,6.704341253,7.112731652,7.037650527,7.225716839,6.622140999,6.81473851,7.130702338,7.5223757,6.738361686,7.877589677,7.505481723,7.785587374,7.570037725,7.649998542,7.70258948,7.648321597,7.672424507,7.442511251,7.5798232,7.908377768,7.917185974
"AFFX-BioC-3_at",9.169378142,8.485552763,8.164961911,8.746495725,8.184946589,9.082467066,8.087103038,8.865330014,8.773852516,8.406685604,8.648606938,8.314591677,8.335761965,9.61642891,8.276220738,8.30504234,8.98351664,8.013555002,8.708600799,8.824691702,8.053696615,8.260985269,8.222699423,8.561926878
"209431_s_at",7.37611018,8.568348325,7.874992652,7.575673008,7.526833399,7.762159058,8.599712571,7.569074807,7.283679325,7.799758035,7.627419729,7.039892177,7.412977109,6.936828504,7.386559178,7.812455326,7.408255898,7.53641733,7.529268213,7.493606191,7.256861746,6.902336421,7.465952001,7.671807992
"221734_at",8.505804733,8.90435937,9.338924792,9.216600311,9.083859698,9.031678586,9.407752866,9.167951474,9.822038007,9.554897179,9.307157008,9.667467704,9.231743531,9.157545736,8.470951106,8.264346424,8.925524176,8.508371519,8.730618592,8.879838931,9.106673735,9.128499731,8.504722898,8.652117863
"211935_at",10.33761576,10.06901448,10.47515139,10.64263338,11.03081387,10.69970075,9.859033332,10.57939659,10.40072966,9.576914134,9.544036584,10.13647519,10.14218216,9.968662606,10.01211462,10.45966473,9.475846216,10.19870997,10.21930797,9.488696979,10.36483661,10.49916967,10.38616156,9.987809843
"203607_at",6.658064647,7.881917287,6.865270504,7.018504163,6.988110638,7.606165894,7.055809068,7.107428046,7.644273132,7.626082916,7.200889911,6.2341894,7.635251854,7.464034581,7.4696287,7.593169558,6.852764917,7.637237588,7.60514341,7.399531076,7.393889675,7.745535496,7.720779927,7.434110412
"218142_s_at",8.868114054,9.223764705,9.295553476,8.555404001,8.937684653,9.302427141,8.736545315,8.767830665,8.749547119,8.826417562,9.015849621,8.855200385,9.284992441,9.206517736,9.451586164,9.500808641,9.460438404,9.676936214,10.02238535,9.827262541,9.282538101,9.863313509,9.257301173,9.725687797
"AFFX-HUMRGE/M10098_3_at",6.790336912,6.555557504,6.416223743,6.701184112,6.994350529,6.393185816,7.964707112,7.269308815,6.29300288,6.458841086,6.654008064,5.950395393,6.697905824,6.727897921,6.773247968,6.489902506,6.772680785,6.849999696,6.371513657,6.648847104,6.521331467,6.323596632,6.027415804,6.706812469
"201275_at",9.90859799,9.044283842,10.30288733,10.57042265,10.05895424,8.919142586,9.718734966,9.436298781,9.482371353,9.669573677,9.109262228,8.902532536,9.304040011,9.325962209,9.648217514,9.382145418,9.363695945,9.795866937,9.547588248,9.600171991,9.667111108,9.797980055,9.857776595,9.527134922
"200867_at",7.384426289,8.73087353,7.774878342,7.769158499,8.219252324,8.097164172,8.929520483,7.842567019,8.219252324,8.344664637,8.183377828,7.825961362,7.890535814,8.085733425,8.519745802,8.781496477,8.122945722,9.02230878,8.405331383,8.304165998,7.965813029,8.498243512,8.576794522,8.413278786
"203199_s_at",7.850882984,7.32494463,7.320935178,7.609667293,7.606978533,8.856614626,7.389421152,7.428583714,8.668182248,7.422400533,7.643352627,7.426828984,8.047398,7.709984999,7.497795527,8.334971737,7.616664944,7.575915125,7.618375216,7.309102921,7.737312175,7.841686831,7.698676661,7.882404435
"219660_s_at",6.694115808,7.534418938,7.019433459,6.822747391,7.05090911,7.765709712,6.748766374,6.795429247,6.730634875,7.150649623,7.629706131,6.632303308,6.934934828,7.473379805,7.267268418,8.111431497,7.5030382,7.438233646,7.71254848,7.393603046,7.688164768,7.303666201,7.556781128,7.236052751
"211681_s_at",7.025783143,7.061930006,8.595161093,6.979440056,7.267309491,7.289657875,6.981292563,7.634978728,7.178586044,7.069362402,7.014137168,7.332162256,7.047185841,7.033941126,6.896155114,7.235466561,6.583300425,7.184033027,6.997338489,6.628786623,6.87646267,7.260291174,7.785284536,7.283970394
"204529_s_at",5.534002198,5.429717442,5.109254889,5.434620297,5.011465016,6.693998763,5.063806123,5.061412321,5.454666804,5.847212764,5.853156863,5.245740238,5.486701864,5.618456647,5.796548765,6.206622379,5.911288263,5.349885346,5.690946621,5.66961121,5.907437061,6.06299743,5.703284301,5.300108357
"204799_at",6.148425679,6.530162869,7.189407605,7.01912383,6.80997189,6.078353935,6.993197749,6.241615475,6.326345599,6.498484988,6.490049344,5.785273238,6.125670456,5.95805771,5.974830825,6.259981221,5.909013662,6.1969836,5.814370706,5.884044293,5.998938247,6.493671384,6.346494213,5.827226102
"205330_at",6.716380761,7.119662128,6.349007815,6.630772606,7.296929445,7.534224525,7.042655581,7.046640476,6.604251946,7.196362966,6.440871743,6.810127332,7.013317415,7.137591595,7.142311228,7.96382631,7.14905434,7.258251088,6.793607285,7.613995996,7.049093374,7.682681746,7.181279928,7.607165897
"208270_s_at",9.360033818,9.954299301,10.16539116,10.94155768,8.695911192,9.639612623,9.60049138,9.562106936,9.761800897,10.09999705,9.774352955,9.998496556,9.398438729,9.778345236,9.71210267,9.533802612,9.498399525,9.908626356,9.830936845,9.746453906,9.655624291,10.15665429,9.531311547,9.540024211
"221808_at",8.439776842,9.656972976,8.794175516,8.576956625,8.988223329,9.054136263,9.007486413,8.560453501,8.615448446,8.364292182,9.10522043,9.158325788,8.848186338,8.781749554,9.112902706,9.428663979,8.68952395,9.433529338,9.482214822,9.075235076,9.077183854,9.904371659,9.425668798,9.412431107
"203360_s_at",7.30642709,7.315725108,7.317939294,8.1686099,7.209104516,7.358641627,7.394038279,7.049661002,7.679404517,8.383177536,7.394671883,7.810930208,7.013317415,6.948497584,7.241162935,7.476825284,6.887388623,7.114295797,7.155317442,6.872293324,6.752901968,7.323029133,7.836314832,7.090243276
"213667_at",7.511778619,8.166555441,9.085825882,7.79727546,7.581825778,7.975193663,8.055486458,8.078130349,8.213434862,7.810472279,8.201062095,8.268367941,7.6733739,7.347680009,7.605987132,7.639445122,7.960219831,7.88103599,7.814361377,7.584593631,7.417710904,7.12052274,7.555688183,7.654141712
"201543_s_at",9.046017964,9.225560996,9.333551228,9.190816884,9.112681032,8.749898784,9.619381515,9.22205047,8.790638439,9.801692466,8.780975914,8.543122066,8.596104083,8.898336473,8.502034386,8.636965253,8.465577492,8.750601462,8.605887321,8.490599028,8.825764442,8.446713796,9.658994074,8.688547709
"201589_at",8.747982334,9.263747657,9.300392974,9.01253404,9.991700466,9.115389503,9.482782921,8.984079276,9.197870477,8.844902632,8.957673574,8.711067698,8.511306696,8.926539591,8.734126679,9.033224805,8.191506709,8.874145975,8.69474676,8.196165341,9.058661656,9.184866149,9.535303627,8.888280103
"209131_s_at",5.782039622,5.423148124,5.467648247,5.049322327,4.77476132,4.880399974,5.25871043,4.852717831,4.821962841,4.785947986,4.700339191,5.321165115,5.383754322,5.095008431,5.096767289,5.868030714,5.228970761,5.42565755,5.88372171,5.413181481,4.592724041,4.863461478,5.607303426,5.8923494
"206868_at",8.632914355,8.269639151,7.80665557,8.082225673,8.370321359,8.230561808,8.323828398,8.256339211,8.134254589,8.273009716,8.433528284,8.319620893,8.601683576,9.076588316,8.769230749,8.600494486,8.825151942,9.018339477,9.036140082,9.071835746,8.719058079,8.341213906,8.253898672,9.499677399
"202421_at",8.155180206,8.787719086,8.811211824,8.494714789,9.285599386,9.008037332,7.575258621,8.044413265,8.594785883,8.79040703,9.248631075,9.074488277,8.483915847,8.598145158,8.393438381,8.851153017,9.202772132,8.528131805,8.436786596,8.713666204,8.744084127,8.32635249,8.346991406,8.690585814
"212549_at",9.190765051,9.071805234,8.516167719,8.208567948,8.87759128,9.093488647,8.726577037,8.79181183,8.897850189,8.490487014,8.638733005,8.94314969,9.508826172,8.969856627,9.399858844,9.769010165,8.88262784,9.714654263,9.603669247,9.389975818,9.011006768,9.217904244,9.325394528,9.274167318
"203990_s_at",6.512348271,6.020069949,6.618211628,6.358533277,8.063283221,6.481210874,6.04061088,6.496878844,6.721671637,6.456467951,6.528708778,6.468621535,6.418960559,6.785406328,6.275004273,6.25394632,6.447544337,6.128593901,6.138149572,6.755418567,6.421108054,6.271227425,6.277479121,6.635807392
"222147_s_at",6.723652557,6.864095598,6.797168716,6.825172306,7.661731471,7.046215608,7.379042422,7.280699318,8.270017763,7.310442559,7.144925599,7.506432261,6.837854171,6.886795459,6.874631688,6.883341665,6.40257521,7.173310718,6.755854862,6.619319646,7.17707154,6.838242369,7.091486117,6.656180335
"212074_at",9.502463743,9.355466329,9.52734401,9.847519782,9.056243713,9.506242695,10.1816867,9.058283583,9.362934073,9.586807103,10.34487064,9.916812661,9.705983799,8.890044306,9.90428545,10.16355985,9.767328092,10.01067476,9.819000507,9.669651175,9.401616552,10.35440851,9.991011551,9.998855159
"207143_at",7.940118126,6.520613854,7.423394619,6.605871036,7.126888886,6.92616847,7.070893142,6.751407648,7.008737336,7.023067,6.723581495,6.897794567,7.14158523,6.77592528,6.826726193,6.728120923,7.774919421,6.546790772,6.639403123,7.306469831,6.891674678,6.358697631,6.331724977,6.796897279
"200924_s_at",9.185936194,9.302262388,8.979235679,9.763778347,9.714360051,8.948554621,10.5450137,9.160870124,8.631088573,9.372933888,9.733722323,9.176210246,8.825501583,8.975699668,8.953664048,9.237050637,9.11281318,9.328216912,8.979639579,9.436547566,9.319146862,8.87947077,9.283162088,9.213577815
"204868_at",7.736075752,8.473411622,8.066416861,8.541042282,7.683466592,7.505115921,7.827473772,7.959053809,8.684372851,7.898721483,8.028429703,7.553492493,7.171734153,7.462920133,7.400711102,7.634463308,7.266860263,7.623273585,7.69676849,7.369706597,7.366021667,7.607084901,7.851900952,7.474120894
"208119_s_at",8.121203337,8.441920637,8.037071463,7.999968893,8.899536443,8.079452591,8.649172771,8.047310185,7.907059347,8.062331722,7.763186945,8.535595308,7.845462526,7.747160989,7.914124553,7.562125063,7.53628762,7.690399294,7.415670424,7.49681687,7.812711108,7.472353917,7.546043278,7.564937228
"204143_s_at",8.386059561,9.625964442,8.356659573,9.296344701,8.317997236,8.902379765,8.473746177,8.697616174,8.799329343,8.638119189,8.703981366,8.726384893,8.704185241,8.855013175,9.383779006,9.670377493,8.800852688,9.268263241,9.296129046,8.730058292,8.825244834,9.193010834,9.367329868,9.245878287
"212987_at",9.506697699,10.49357434,9.955320101,9.974076874,9.284500668,9.954192496,9.87400273,9.167473829,9.034493256,9.937291212,9.860985628,9.838046806,9.958485997,10.2051158,10.09386893,10.3227193,10.15361174,10.20683729,10.23739546,10.20921922,10.12671983,10.65753022,10.32263094,10.05221638
"218909_at",6.969792505,8.333775229,8.401014922,8.247541027,8.089920364,8.27126976,8.266525271,8.241780427,9.114162955,8.774233232,8.281956017,8.535913961,8.213157382,7.699157712,8.186930531,8.229297655,7.9900086,7.896829693,8.120441867,7.746224027,8.197114093,8.133663401,8.382909869,8.018520057
"215800_at",5.899656349,5.636444955,5.623793433,5.816451742,6.171929285,6.139719811,5.552096927,5.77124719,5.955710391,6.14471995,6.094123807,5.824827341,6.219353179,6.577217821,6.53696321,6.983955151,6.617973225,6.591286551,6.664379802,6.140261965,6.375494983,6.266126048,6.70833104,6.541459416
"209907_s_at",8.703673738,9.260331509,8.677205181,8.5152715,8.361543104,8.891641993,8.766062961,8.67548866,9.045217717,7.721210395,8.656158475,8.844453515,9.149490134,9.274948143,9.143495664,9.639932017,9.170409385,9.235701891,9.086915437,9.15731856,9.121303798,9.000894897,9.029826195,9.341413382
"51228_at",5.249579325,5.22496711,5.240622514,5.479195526,5.7742997,5.064380412,5.282931292,5.3200367,6.535298007,5.511738523,5.319930041,5.688034831,5.122526742,5.083314192,5.141597446,4.867422228,4.822419761,4.842438367,5.359843139,5.219214566,5.068650563,5.956060469,4.923230343,4.951465474
"212251_at",9.778291907,10.8409025,10.13224458,11.40590083,9.969734768,10.53607923,9.982470684,10.95328254,10.41991695,10.61145632,10.72918301,10.26578254,10.15982372,10.80349947,10.32062464,9.894300832,10.50758311,10.14919964,10.61356869,10.72691661,10.39569089,10.88037322,10.36244451,10.82498407
"212697_at",9.767814718,10.57166449,10.26572514,9.495452365,9.105415861,9.982095417,9.968350486,10.02257865,10.0776287,9.751137405,9.937616557,9.898412216,9.607867548,9.745551952,9.379325275,9.589829857,9.662422912,9.602830083,10.13728878,10.01023915,9.448256248,8.73486067,9.451888892,10.10503803
"206284_x_at",8.433804269,9.61067406,8.403024231,8.72367231,8.60284898,8.546440005,7.934670542,8.27661772,9.020654748,8.592435697,9.066328839,8.797562445,8.571458341,8.746941038,8.406257676,8.617651408,8.955574614,9.284551869,8.947170693,9.009623788,8.822456905,8.016224524,8.832345578,9.266664778
"209247_s_at",9.119666634,9.15527583,8.871893842,9.239807995,9.284757728,8.713281529,9.673037545,8.669972535,8.934018507,9.661622673,8.697474448,8.143468753,8.601661804,8.705097383,8.600599966,8.637699995,8.570969023,8.712845728,8.247818212,8.449444051,8.578587311,8.607187784,9.124779526,8.517119532
"202423_at",9.446525295,10.2096905,10.01654007,9.970059338,9.866202081,10.64670113,10.0893689,10.20849232,10.32570737,10.27542838,9.910554863,9.992129368,10.66760484,10.14802151,10.38969331,10.80698072,10.70176905,10.58886285,10.8674,10.98667329,10.3751944,10.49783915,10.10522223,10.98309025
"200046_at",11.21534552,11.04368517,11.12716101,11.16975921,11.65957321,10.95516502,11.7752323,11.0960781,10.53104616,10.8613078,10.44501816,11.15661249,10.63983252,10.53452872,10.47648637,10.69499756,10.27555861,10.79400114,10.91594606,10.75604327,10.59783961,10.17941848,10.86513166,10.6345903
"205822_s_at",8.50525396,6.860316742,6.831120058,6.979936282,7.327057964,6.912440798,6.900183806,6.926507618,6.92365837,6.638873067,6.521609283,6.791447586,6.852291551,6.945492374,6.763351,6.376170563,6.765217382,6.701752389,6.747681906,6.849523249,6.787224278,6.632440245,6.91060004,7.092142862
"216191_s_at",5.215120763,5.347145476,5.267098626,5.048061855,6.136098202,5.32179671,5.100100927,5.342830913,6.265039054,5.208284765,5.075080171,5.629218552,5.500670128,5.310661303,5.426016035,5.690193202,5.029389189,5.622785908,5.953247506,6.031096928,5.568760768,5.632080404,5.744488768,6.383729511
"215229_at",6.824536611,4.952739677,5.366008133,5.272899112,5.102545503,5.101579155,4.997375329,5.296546717,5.021107372,5.060729524,5.047384455,5.575502309,5.181728162,5.187469442,5.115852195,4.993485951,5.721234072,5.216308634,5.020235261,5.499479593,5.118673272,5.137092853,4.976200501,5.097301829
"219973_at",6.34048781,6.443364551,6.604785803,5.57551251,5.862350123,5.848553717,7.615356369,6.049479089,6.176468305,5.90826903,6.137834263,6.198358388,6.285822876,5.995888782,6.240809497,6.207001805,6.201361919,6.195358494,6.429982355,6.066074577,6.300235766,6.810243481,6.455856689,6.169159143
"217913_at",8.636533273,9.001036677,9.249853607,8.806773053,8.405841675,9.353808459,10.39876316,9.21278351,8.581139532,9.316563802,8.990906806,8.827635519,9.034817504,9.320733402,9.106138619,9.400922539,9.360783234,9.441374194,9.40294978,9.417872556,9.186319983,9.220363395,9.036220009,9.368407846
"53987_at",7.893029649,7.767806599,7.668700291,7.739458577,7.58531643,7.781286562,8.405999671,7.768905363,9.33155906,7.321857984,7.700595946,7.751108773,7.923652051,8.350171873,8.207103374,8.117575899,8.060935207,8.195686047,8.133377031,8.340768545,8.017537506,8.087590347,7.888993385,8.193897013
"213926_s_at",5.076074187,5.396528333,6.871466493,6.222514833,5.4916459,5.329776972,6.218487211,5.89542365,5.611488297,5.564490768,5.62850453,5.730588605,5.626612367,5.661485003,5.436583889,5.419194342,5.574251691,5.372039068,5.387383242,5.430526809,5.633477291,6.055942481,5.139988474,5.504226157
"210480_s_at",8.570009048,8.1671606,8.810062125,8.242311713,7.336202294,8.82755011,8.300704394,7.640901112,8.303782604,8.201424098,8.582931491,7.933746151,7.910647641,8.04993792,7.834417919,7.963962407,7.673930579,8.003300088,8.198350139,7.680497133,7.55219644,8.44334798,8.429169129,7.936439398
"200678_x_at",10.86598099,11.61731064,11.45166007,10.52720975,10.88918023,10.78549668,10.90887857,11.28442157,11.032489,10.97339855,11.86193674,11.03416921,11.17113047,10.93032838,11.43384566,11.13637263,11.67461617,11.77737236,11.7131784,11.22148017,11.63085416,11.8443289,10.96824664,11.72516735
"210334_x_at",8.353448273,8.064779919,7.978685091,8.199823069,8.731814609,7.70888563,8.305332002,7.946179491,8.02031058,8.187204488,7.772603336,7.9840781,7.516102771,7.993821847,7.570201631,7.391191539,7.410004497,7.398625244,7.492411708,7.283067952,7.452823028,7.310573648,7.618828897,7.46059111
"210423_s_at",7.935318422,7.558887122,7.919195385,7.51837805,7.55975618,7.524660937,7.740952203,8.125718668,7.659898201,7.414319548,7.887063594,7.588581669,7.823775779,8.121240637,8.132053483,7.654115542,8.897887413,8.519451388,8.133997246,8.425731316,8.475556438,8.12733377,8.175409559,8.414445134
"205324_s_at",8.909024892,9.277233649,9.675465567,8.56870376,9.382246793,8.605630422,9.171787444,8.658094643,8.780829443,9.224336502,8.690469826,9.339931234,8.410388849,8.347415369,8.311363505,8.729709137,8.452826098,8.626271809,8.304523098,8.337803441,8.390325881,8.720187044,8.758813136,8.616080993
"203802_x_at",8.874671998,8.95430745,8.394738556,8.910840411,8.952178038,8.680343181,8.498787338,8.873687872,8.354905572,8.979625596,9.763515966,8.751137203,8.154021122,8.386675757,8.590936945,8.071918743,8.290190082,8.607478252,8.436246398,8.512100144,8.137110253,8.249124149,8.023956236,8.500772537
"211352_s_at",7.143511034,7.471196948,8.476331546,7.24005284,7.34354037,7.810604663,7.91295774,7.681816262,7.912708548,7.32975212,7.233285735,8.043149045,7.995523353,7.410234485,7.421822678,7.226522804,7.334070476,7.311689902,7.710623974,8.176199527,7.756722797,7.844348287,7.005983041,8.172127733
"203511_s_at",9.838520668,9.529588713,9.975025211,9.675435421,9.454086715,9.407809799,9.433011497,9.772743253,8.996285499,9.924078294,9.495146194,9.492871754,8.744495618,9.022914994,8.711499755,8.684838387,8.721329559,9.290655609,9.257353561,9.195891738,9.357205834,8.898240182,9.322533733,9.543994322
"203152_at",9.17567424,9.201435257,8.59952397,8.479151032,8.204071495,8.310357482,8.936723231,8.949487081,7.769293161,8.355302533,8.636785135,7.80318226,7.789148978,8.257802632,8.305820571,8.295244088,8.087588984,8.515410178,8.560575962,8.082888695,8.376123265,8.628538936,8.444504247,8.407573014
"207643_s_at",9.931610341,9.895435038,9.663106323,10.40518871,9.366442393,9.721971095,10.13856924,10.71841296,10.43480129,10.00093329,10.5404282,9.833112175,10.0487599,10.3305718,9.908943363,10.07645221,11.01162938,10.30917448,10.17216521,10.52876978,9.782866231,9.884425614,10.0486579,10.70134753
"204860_s_at",7.363682791,6.473544997,6.540904505,6.044174468,6.112690169,6.65783676,6.23919331,6.453265549,6.65231955,6.129171164,6.22491734,7.079443199,6.688801933,7.191060569,6.810311047,6.306298967,6.249364301,6.554692021,6.739151952,6.849653835,6.510221063,7.183055759,7.304248106,6.573884472
"200993_at",9.332399727,9.759522606,10.21830256,9.974217677,10.0061345,10.49550528,10.0917502,9.593312792,10.49529068,9.761028612,9.715207319,9.754759641,9.756290379,9.257433885,9.695314324,10.1432534,9.764055301,9.151730815,9.620530333,9.237864525,9.734253836,10.24042033,10.47948881,9.674016233
"213725_x_at",7.838087229,7.713065846,7.510136724,6.710999528,7.516977668,8.514403077,7.610553341,7.684067481,7.556182499,8.256385955,7.405191213,7.381782114,8.239766363,7.222952953,7.742110713,7.814874603,7.519265332,7.712501893,7.691792402,8.046203886,8.239253098,7.711983533,8.140938246,7.779185859
"201146_at",9.553268486,10.07914253,10.14413089,10.45938935,9.355749356,10.08318113,9.754443531,10.12707027,10.05617734,9.911083116,9.629745614,10.84697633,10.20526212,10.16088672,10.24534444,10.66607916,10.26787992,10.2219237,10.53534101,9.901453106,10.19112167,10.88664269,10.69196076,10.19873278
"209535_s_at",6.235197295,6.635595395,6.878920529,6.977808662,7.426402933,7.290563362,6.839649882,6.730236914,7.111344153,7.697332074,7.184910319,7.364985281,7.575340626,6.843357026,7.296066882,7.638957697,7.161266651,7.322188466,6.950024371,6.801882809,7.110873017,7.996437038,7.217615021,7.003181593
"214182_at",6.638166553,6.90075734,7.406289762,6.947244852,7.526433048,6.999137521,7.394606641,6.624048995,7.184536143,6.492443688,6.52715873,7.641047856,6.380484001,6.780312109,6.261762238,6.366682366,6.7169457,6.737424642,6.748806587,6.547181016,6.443945009,7.172699867,6.812363536,6.723045335
"218011_at",9.293829252,10.27194734,8.653421656,9.265549839,9.028298939,9.377691369,9.192380052,9.073197073,9.26442423,9.154839793,9.32245004,8.365656141,8.637504566,9.131473518,8.958149582,9.322685032,9.200776642,9.431640628,9.613765721,9.379245287,9.115260664,9.028374585,9.84729415,9.337875161
"210212_x_at",7.396427738,8.812285421,8.557139443,8.180648316,9.108184654,7.936563629,8.535248819,7.821067786,7.645110087,8.562624087,8.720874924,7.825343442,8.223517285,8.369634604,8.148847468,8.506850414,8.200821223,8.416418256,8.480139721,8.286085136,8.158250548,8.490594331,8.521696847,8.23334559
"205823_at",6.628028599,7.589414865,7.874992652,7.202756413,7.74631398,7.325497706,7.315672174,7.767511011,7.418596889,7.324520575,7.541546775,7.006826127,7.777109056,7.678587352,7.770158088,7.720756185,7.85342673,8.107047829,8.032114923,7.596347514,8.540695655,7.645258804,7.463746226,7.757644641
"217745_s_at",8.825923917,8.894361676,9.193120363,9.518745323,9.608698979,8.697447951,9.005986843,9.086221656,9.362669941,9.318935032,8.686536329,9.086106039,8.705612706,8.358812581,8.509318634,9.012914326,8.679825548,8.476072153,8.571504067,8.336609621,8.827469878,9.422919141,9.41302289,8.513353595
"212571_at",8.581799753,9.091209004,8.726262809,9.315529565,9.55150173,8.802537548,10.21671599,9.531611101,9.234607519,8.915220367,8.834043552,9.095714783,8.837593339,8.942336231,8.980831482,8.587999796,8.716103633,8.924223991,9.050806699,9.197317043,8.763923242,8.506776865,8.641073584,9.197820066
"212016_s_at",8.206481057,8.086660914,7.902716176,8.334434398,8.746297908,7.28131002,8.406934787,8.048738696,8.303250076,7.890725882,8.571191086,7.559153277,7.721749598,7.697214539,7.685904067,7.868622799,7.510639702,7.620614346,7.808532339,7.743463775,7.171190131,7.921145814,8.028812297,8.000443414
"215617_at",4.99851782,4.613670008,4.263641354,4.210170876,4.500953183,4.499810853,4.458429942,4.638078797,4.408341724,4.721550952,4.572708199,5.049250957,5.322397843,4.553610977,4.824736454,5.391019713,4.280380158,5.103653435,5.043632496,5.62128944,4.587597103,4.363657536,4.681888991,5.094668903
"201097_s_at",11.23490638,11.57319172,11.95069699,11.47618731,10.39632591,11.67754846,11.03221807,11.57533584,11.73237596,12.16120835,11.42489636,11.54884199,11.30372261,11.29706664,10.86465232,11.18687456,11.23178235,11.24378898,11.01910851,10.9600741,11.23353371,11.67622856,11.77653785,11.17228331
"218644_at",8.498193555,8.721742068,8.593899486,9.343193496,8.984070562,9.079555297,8.875126528,9.38931365,8.811783657,8.706409992,8.894748709,9.413924042,8.563622655,8.448198213,8.404977226,8.391006471,8.287533885,8.314077179,8.285024631,8.235287273,8.631639423,8.236883792,8.19473505,8.251204828
"202898_at",8.109776543,9.038540665,8.35397937,7.811846543,9.50513008,8.426539642,8.790088513,8.694363413,8.039567337,8.947578422,8.569562359,8.702072051,9.06349787,8.843672519,8.576982154,8.077674247,8.394094416,8.476820684,8.527148855,8.679383746,8.395195247,8.323862996,8.946382045,8.418620742
"212270_x_at",13.42238073,12.47668921,12.79569241,12.95358163,11.50200973,12.92564559,12.59945447,12.78928713,12.81462766,12.16803582,12.30625593,12.3338814,12.43926889,13.14881711,12.78228775,12.75444396,12.78256341,12.73112579,13.00754537,12.68697339,12.41317378,12.78836488,12.81237265,13.01962276
"206989_s_at",7.838483457,8.26861782,8.245276271,8.25773772,8.121333972,8.70044635,8.798183515,8.152537763,8.787789734,8.14659895,8.136936999,8.625155206,8.307962509,7.703350044,8.602440282,9.001917266,7.630418646,8.520349895,8.58103405,8.409960129,8.405016318,8.967825968,8.793893052,8.852508257
"202343_x_at",11.74185623,11.19527244,10.68850459,10.89539189,10.66905584,10.63902203,11.68057851,10.78334255,10.70092765,11.20811953,10.92873927,11.14012827,10.02465489,10.38927483,10.58402793,10.63291928,10.54612541,10.97840289,10.86888693,10.68914926,10.66011508,10.47641929,10.92512304,10.6277048
"208956_x_at",10.15024053,10.24957586,10.77926627,10.70694832,9.093570755,10.07753438,10.2819204,10.46843135,9.870923905,10.32866918,9.861821724,10.76936854,10.2154814,10.39929888,10.47021862,10.39984633,10.5433223,10.63087817,10.69794396,10.49809515,10.54794342,10.78313422,10.6218246,10.57093881
"212519_at",10.30492074,10.82812535,11.07185809,10.34238418,10.24419067,10.63315238,10.34201012,9.796243295,10.60535433,10.27761199,9.755990701,9.686839664,9.977126311,10.05786677,10.10952738,10.47449314,9.802964449,10.18544242,10.51426518,9.857589159,9.976062033,10.81591671,10.74619151,10.26308258
"53991_at",7.282052584,6.843616834,6.911314438,6.907525542,7.122428017,7.170939884,6.871065654,7.036848264,6.986476491,7.464630697,7.506750298,7.201551886,7.991126871,7.542865383,7.55333786,8.146053271,7.637246369,8.131945718,7.691028732,7.588590081,7.517171258,7.450847151,7.511356508,7.598924724
"215498_s_at",9.688677839,9.156887725,9.087341988,9.262796892,9.233806593,9.330270446,9.493680363,9.333968982,8.68798575,9.758825951,8.867384093,8.682244257,9.86469468,9.572034496,9.565243459,9.745013255,10.27684753,9.337708407,9.161627782,9.272993086,9.386013676,9.333968982,9.95784811,9.298592258
"213244_at",7.388327478,8.71171332,7.219685897,7.333077427,7.780359794,7.175024554,7.8977414,7.453279486,7.761636134,7.352590749,8.479946026,7.578534847,7.566412407,7.238900451,7.764948735,7.909893765,7.615691973,7.584593128,7.565257294,7.845485925,7.625862783,7.105251166,7.61890759,7.897215789
"211874_s_at",7.852414186,7.859064443,7.864332479,7.631552669,7.944191344,8.38420481,8.17958604,7.87597359,8.444993024,8.090127332,8.199866715,7.535716166,8.551624382,8.423959567,8.142032631,8.192394478,8.28363011,8.252994603,8.626188569,8.766859995,8.099194525,8.836762186,7.664552654,8.908754794
"201991_s_at",10.33036252,10.27624156,11.0424971,10.83982074,9.641433593,10.96972845,10.6461611,10.03948608,10.55148506,11.06188843,9.91336287,10.91614222,10.4316768,10.20409316,10.29460911,10.66205842,10.45474258,10.66938043,10.51750169,10.53740982,10.4315434,11.23860387,10.68585316,10.67975667
"217002_s_at",6.641683408,7.952689076,6.412810559,6.941412158,7.369068961,6.573023291,6.469632642,7.164411926,6.495967987,6.542888571,7.074279869,6.845714409,6.726269353,6.632367874,6.631776226,6.288638401,6.664210304,6.547904236,6.332090091,6.825967616,6.490188824,6.425989635,6.343864255,6.611317349
"201922_at",10.80601096,10.3756804,10.62401156,10.49135651,10.2197735,10.36719427,10.10991421,9.979481925,11.26116872,9.461233688,10.90834906,10.22031246,9.991039179,10.77849525,10.3478315,10.71096177,10.06485324,10.42174584,10.34717626,10.19755969,10.54604584,10.87879291,10.39001801,10.55289504
"204656_at",7.691004137,7.86068141,8.173355382,7.263776357,8.941092556,7.818563415,8.150435708,7.939940434,7.813669579,8.473983653,7.472760664,7.211691764,7.807447532,7.740260889,7.610641746,8.023292163,8.404698633,7.736676461,7.732555396,7.942077022,7.736323577,8.09627056,7.616025613,7.968405178
"203833_s_at",8.570810127,8.651234778,8.601372765,8.195789354,8.191149278,8.245908334,8.581233992,9.353361604,8.563519024,8.928670135,8.823120902,8.507381378,8.540403554,8.974769576,8.428947403,8.088395702,9.23588446,8.353241722,8.6287696,9.288978362,8.89558628,8.853197877,7.891631523,8.835381728
"209711_at",7.754065636,8.399770615,8.260419001,8.142990577,8.082511922,8.338025858,8.807221384,8.941025423,8.55480037,9.240801428,8.381286279,8.963964408,8.038902085,8.304329152,8.256675604,8.058685955,8.168240159,7.582375912,8.209589381,8.376063624,8.190906753,7.998635457,8.46253424,8.206345404
"214285_at",4.955161175,5.070015673,4.720961267,4.935585245,5.015503852,5.133436287,4.648718347,4.818414658,4.69504988,4.596643503,6.320796214,5.001215018,5.150232873,4.924915351,4.709155743,4.750748834,4.700775653,5.031670816,4.944964015,5.035173012,5.825817019,5.016510061,5.001455214,4.818060457
"207262_at",6.05188966,4.517318416,4.736796625,4.424489808,4.460910563,4.507341116,4.484813019,4.351071597,4.392703108,4.4752466,4.472589529,5.391289355,4.408694101,4.673150764,4.545861425,4.504042095,4.787956837,4.41720723,4.480701043,4.551429071,4.513116053,4.43707021,4.356557667,4.436113781
"204729_s_at",8.421402654,9.20852006,8.40366658,8.680710938,8.577208992,8.470260039,8.98711808,8.961215745,8.344281983,8.444470154,8.539875467,8.232745943,8.095795982,8.109290166,8.044510681,7.836305664,7.991324486,7.997644048,7.901477311,8.221596921,8.014010421,7.890973482,7.93291506,8.105403617
"219709_x_at",7.303002285,7.381329447,6.90710898,7.148582223,6.40346887,7.485585747,7.214219614,7.314774574,7.927431196,7.134951207,8.282061999,7.479571954,6.787683443,7.132390183,7.142823382,7.00170687,6.897756673,7.287058523,7.218576275,6.92777753,7.304882752,7.235402721,7.540289175,6.92493815
"202903_at",6.047489728,6.694508277,6.12318639,6.559448773,6.595764593,6.474167269,7.317513571,6.414406099,6.978733027,7.003184079,7.221873245,6.073574197,6.881383379,6.148799195,6.862788611,7.159470545,6.444271952,6.765770215,6.214826755,6.263140018,6.698387576,6.776707575,6.95964929,6.461883772
"215091_s_at",11.2052885,11.15474773,10.6518062,11.16655078,10.12178389,10.41403777,11.07296672,10.37058301,10.60763414,11.05260797,10.4794893,10.33963969,10.1846086,10.34338918,10.36527424,10.21215722,10.20972813,10.73255958,10.42808609,10.18516414,10.3209068,10.92009197,11.05611099,10.1412532
"208977_x_at",11.37507902,11.10983528,11.63049151,11.79120076,11.63435072,10.32433343,11.67785781,11.23131434,10.94671873,11.30081032,11.29240229,10.86053167,10.83208534,10.81837003,11.32944995,11.61844799,11.28475964,10.89837482,10.98885552,11.31633302,10.44833887,10.94563273,11.2955031,11.27436615
"202495_at",8.039964466,8.577511577,8.424193465,8.463613128,8.131877474,8.270847519,8.897703055,7.710918385,8.041173157,8.325859554,8.112058715,7.715526049,8.189291177,7.689854237,8.480519956,8.362135445,7.248166055,8.718701388,8.345817231,7.84460959,8.05677515,8.454013137,8.529770931,8.035136328
"221809_at",7.086909221,7.308504858,7.504265013,7.362030419,7.224184593,7.394517606,7.973322205,7.390155293,8.880096751,7.107571277,7.289869119,7.258054287,7.438504644,7.86702349,7.644285036,7.7656721,7.323554775,7.743648582,7.755556417,7.558931726,7.637085931,7.733004923,7.389146163,7.845184715
"218171_at",9.629791633,9.937612099,10.17921836,9.72314844,9.519936297,10.09288195,9.389615003,9.757126306,9.978765271,9.701654199,9.276487736,9.581292726,9.985487037,9.898296262,10.37715532,10.64323618,9.431974302,10.33703064,10.26316778,9.991635013,10.08880122,10.54657016,10.30799684,10.2633221
"205426_s_at",7.570045731,7.680673861,7.790351711,7.610304949,8.119844507,8.26366368,7.383166665,7.744639507,8.091089699,8.860409682,8.512614313,8.526671432,8.293727138,7.453751968,7.848734155,7.699954626,7.525670775,7.95627357,7.939552076,8.205631531,8.083506141,7.820104462,7.832184011,8.302778735
"204027_s_at",8.55654842,8.604503574,7.978037803,8.584887889,8.337317193,8.396066126,8.717598149,8.886456905,8.551634896,8.762647599,8.778124814,8.406345892,7.977835565,8.142923245,8.151001886,7.971401506,8.226962755,7.931322207,7.683980046,7.713664244,8.227059521,7.790505231,8.502279356,7.670777613
"215928_at",5.646794751,4.575342347,4.930360497,4.715282232,4.577626331,4.572684275,4.645382923,4.635905488,4.583963567,4.777425287,4.579734394,6.015711716,4.498412807,4.687509681,4.661280837,4.478721545,4.87678619,4.408698108,4.490656807,4.750456974,4.626508548,4.375380807,4.477463276,4.562559571
"202047_s_at",9.514476418,9.897458287,10.00512713,9.280551684,9.998614232,9.859322649,10.90944439,10.07405384,9.35007624,10.11395791,10.02054187,9.025398291,9.846080125,9.884130688,10.17067021,10.11259222,9.915039643,10.19308321,10.13228846,10.19288536,9.976834602,10.15272752,10.20319,10.03836456
"204645_at",6.251934049,6.301604996,6.264200029,6.028424471,6.171032701,6.134713658,5.9096369,5.668429054,7.024090105,5.838429811,6.181803084,6.026267553,6.603748593,5.899130273,6.215730698,6.911951943,5.939092534,6.146251813,6.427039791,6.058166375,6.134713658,7.053548829,6.781010017,6.467295017
"200996_at",10.03079238,10.36281757,10.13385826,9.931883736,10.34101212,10.1716147,10.08238484,9.780514119,10.17532191,9.608107314,9.271165665,9.481931546,9.772732542,9.435880383,9.563475946,9.731650508,9.250402513,9.873420868,9.91752413,9.272455561,9.933857144,10.52966595,10.31217654,9.509001225
"207181_s_at",8.198562762,8.256983671,7.910695815,7.738877744,7.853748775,7.958061914,8.50731372,7.832054548,7.942133725,7.502531163,7.188058417,7.545217944,8.379318395,8.293101768,8.154355806,8.257489813,8.107045323,8.226307883,8.204887569,7.778543444,8.259748136,8.729029715,8.782995927,8.052798639
"202676_x_at",9.275000106,9.315566222,9.524709998,9.290423894,9.900341976,8.662531468,9.686123569,9.36669661,9.232050624,9.969983212,9.653431145,9.067001198,8.650508174,9.237761342,9.005360891,8.963822421,9.287796623,8.986158562,9.145726316,9.277487832,8.795805624,8.458871421,9.080179711,9.266111704
"214248_s_at",6.97603972,7.094044197,7.74076752,7.103090177,7.694630923,7.409924426,8.213123764,6.927505916,7.103532472,6.931265,7.258097821,6.981442349,6.879580626,6.969045464,6.927408101,6.904422337,6.711113426,6.791915751,6.638307934,6.715912636,6.937895163,6.857267114,6.8412499,6.759945478
"213065_at",9.203558911,9.163959262,8.185971424,9.49173126,8.7832726,9.023686512,8.395511743,9.196529976,9.573040503,8.498780278,8.380094587,8.870014491,9.200364085,9.1780765,8.569926174,8.772290397,9.112349549,8.753214705,9.440271514,9.263797218,8.909509352,9.059803507,9.244710066,9.249600456
"214204_at",5.766959157,5.300398331,5.708799747,5.862861742,5.598296068,5.387591583,5.044118275,5.356079126,5.33458404,5.382555227,5.576968444,5.138242294,5.669375804,5.358394963,6.296686569,6.515914786,5.785490199,5.585848697,5.963434787,5.893820339,5.80991087,6.239692472,5.508668912,6.111109199
"200093_s_at",9.610095618,9.722050404,9.447738942,10.31402287,9.743044433,9.22283336,9.896247239,9.666705547,10.81238039,9.438083351,9.834344687,10.52068682,9.417073232,9.927654613,9.922348734,9.804079134,9.790455126,10.00741209,10.0858506,9.877690392,9.819499829,10.29828494,10.38405957,9.927099174
"204736_s_at",6.053078897,5.479591542,5.395012636,5.462478714,5.303318605,5.233856112,5.098283496,5.26795012,5.318729287,5.54685095,5.789438516,5.310390844,6.237229618,5.966147814,5.623110547,5.89617867,6.394591795,5.819489741,5.630757025,6.422723009,5.812028823,5.510956257,5.687864078,6.045098953
"220495_s_at",9.143120652,9.042767267,8.570406222,8.321511992,8.765023542,9.681430811,9.074797555,9.316129598,9.45553112,8.961789978,9.372663652,9.240039052,9.259636215,9.174220132,9.374301719,9.430080947,9.018091189,9.595999915,9.511271379,9.135786656,9.222556182,9.893410073,9.93065727,9.249312745
"208929_x_at",13.02577432,12.03754273,11.88962102,12.20238476,11.02604056,12.75111967,12.42586012,12.33521725,12.1519767,12.42283425,12.52173393,11.95278879,11.8298846,12.39221917,12.31458987,12.26129432,12.10535049,12.33624788,12.34494985,12.50241402,12.00111855,12.31087129,12.39136644,12.27378258
"215936_s_at",7.254504459,7.32795827,7.844893669,7.653257152,7.828932851,7.7829227,7.544562138,7.831109882,7.797419351,7.784664032,7.231562493,8.454101877,7.873944142,7.176530913,7.700655937,7.191087752,7.484833124,7.585197251,8.003564788,7.757116379,7.878743209,8.775324705,7.687879553,7.86415021
"204839_at",8.343643209,9.673654827,8.721521298,9.513035537,9.924908876,8.634841384,9.411376089,9.441804016,8.810521151,9.355088438,9.476015084,9.399460352,8.895747357,9.119891913,9.233089624,9.451764991,9.06028836,9.404493831,9.315669573,9.084821217,9.301942388,9.380383861,9.76375736,9.013454843
"201813_s_at",8.462736388,9.408420299,9.49118467,9.165239431,9.315039459,8.824950508,9.547362174,9.317975861,8.577915803,9.375073451,9.576301828,8.474848967,9.1824256,9.2786099,9.216496456,8.831449954,9.317182192,8.662288673,9.291772855,9.44881252,9.384873609,9.821528782,9.547257948,9.37903559
"212043_at",10.05582726,10.45412057,9.996887284,9.858606109,9.986426767,10.41154162,10.01613829,10.49945239,9.949150427,10.34642799,10.35108791,10.07237987,10.57135189,10.41909232,10.88310802,10.75745566,10.49867258,11.03958261,10.74100378,10.42311116,10.82186389,11.20516771,10.49409376,10.83428176
"204792_s_at",5.64068471,4.681930018,4.826450454,4.912962655,4.80026632,5.071397796,4.917924446,4.897120997,4.960268489,4.917003738,6.228012369,4.869340876,4.981302329,5.011174178,5.560499728,5.791272859,5.232437125,5.223985671,5.260091635,5.474006952,5.207937402,4.92560399,5.25638886,5.484391032
"220494_s_at",7.136435913,7.007285272,7.99139843,7.112457945,7.895025586,7.720616443,7.538428735,6.846920131,7.067633528,7.667830385,7.238734104,7.885018294,7.742974095,7.356868476,7.340567928,8.350691602,7.005711434,7.447095501,7.347122474,7.453490561,7.06703065,7.438832313,7.177635858,7.52426435
"210692_s_at",7.26247775,7.769281376,7.98001701,7.406797034,7.663058407,8.174917066,7.477431908,7.848251634,8.311268674,7.47726881,8.063086421,7.418562061,7.781902598,7.341571228,7.803756342,7.809815363,6.96715151,7.767989319,7.018191798,7.062405954,8.162853707,7.766830592,7.943300258,7.632828842
"203136_at",9.663422436,9.898624347,10.61045317,10.38900698,10.0484743,9.949999891,10.2875489,10.8819874,9.357559946,10.52134693,10.86726446,10.25247018,9.957087822,10.18455968,10.19176657,10.09763659,9.918854829,10.58755625,10.62559863,10.45936932,10.17794719,9.975326779,10.47938471,10.48075059
"203748_x_at",10.05477296,10.00817851,10.70410997,10.42911283,9.380163622,10.62927608,10.61271262,10.09106281,10.02307613,10.57387614,10.39442359,10.74253066,10.55002526,10.53389543,10.44791935,10.6935285,10.40898116,10.73697289,10.83845109,10.83702956,10.49190999,10.99148438,10.66045979,10.99711188
"205140_at",7.19733864,6.964072395,7.786976945,6.712068036,7.510410187,7.513364372,6.657256169,6.845003679,7.290030003,7.368483778,6.984272033,8.060821973,7.134576043,6.734982199,7.120525773,7.197239834,7.010998348,6.880146627,7.334405172,6.785671901,7.112068354,7.58669422,7.365690699,6.638259374
"212343_at",8.622675893,9.438167043,8.635960447,8.756515832,8.819047316,9.139427679,8.334565208,8.668792024,8.884736402,8.799583116,8.949505849,8.59918249,9.460122372,8.925966509,9.297992093,9.593021485,9.182286355,9.377458769,9.500009752,9.087236314,9.544596797,9.397503618,9.174745956,9.536501516
"207391_s_at",9.637438606,9.400369874,9.542715215,10.2090603,10.0322179,9.604867278,9.423883882,9.652620735,9.819727361,9.777384385,9.419703376,9.537057671,9.551476114,9.546656211,8.866741301,8.662021464,9.632335429,9.032957507,9.379919025,9.45962354,8.959939521,9.000300581,9.053291786,9.560314205
"215847_at",5.648907953,5.655728623,5.854801349,5.991506221,6.267220403,6.986379586,5.799871464,5.824864988,5.973456972,6.113351921,5.934048991,5.593361451,6.815135989,6.174518306,6.22248351,6.356225591,6.234755996,6.277529345,5.937547434,5.588288876,6.494410281,6.247821488,6.553666086,6.23084559
"212181_s_at",8.928372304,8.617279706,8.06035744,8.915113387,8.784989865,8.941513826,9.628788485,8.981434757,8.889730699,9.02769991,8.963364213,7.868352322,9.333686349,9.097918144,9.089358174,9.234037537,9.276741961,8.907029633,9.031495888,8.900101326,9.064751326,9.11553562,9.210210513,8.878954399
"218684_at",8.233876216,8.774744542,8.779844043,8.744318369,8.969707409,8.90831295,9.272065586,8.609445201,8.9026798,9.101195875,8.858297695,8.311049778,8.293984473,8.239889935,8.682019347,8.322945737,7.817945498,8.337458042,8.283866859,7.984087537,8.611537789,8.716507885,8.78058472,8.181658723
"208152_s_at",9.734866485,9.951095311,9.917788941,10.76204919,9.554784819,10.06454877,10.35110633,9.769619207,10.50382358,10.14259924,9.535117817,9.414527121,9.813059442,9.596567566,9.764785176,10.32359613,10.27061078,9.553737592,9.691582967,9.538693086,9.635119884,10.34839873,10.29996083,9.969166035
"218568_at",7.929716266,7.926308081,7.963178653,8.286720041,8.582575526,7.932145468,8.360483723,7.842673392,7.90545717,8.857718347,7.775986811,7.791646251,7.866347134,7.667883511,7.659112265,7.815592907,7.48207074,7.354045888,7.437170505,7.424524189,7.673159014,7.772521887,7.893507004,7.435598476
"207857_at",5.671546454,5.461330678,5.447969005,5.284004874,5.195985439,5.438094072,5.140762693,5.799679044,5.18034788,5.329550728,5.794855815,5.44229626,5.340915217,5.523489813,5.48520631,5.556768929,5.810580412,6.113965939,6.262866916,5.744941307,5.950794036,6.134202628,5.315982559,6.50840234
"221504_s_at",8.947657645,9.449443959,8.911362763,9.023941016,9.46725639,8.964767385,9.575462988,8.738175802,9.40704688,9.212789281,9.598852337,8.690150144,9.042641217,9.357051709,9.55517151,9.39135136,8.883381695,9.924517803,9.763067993,9.242087999,9.713742188,9.893245331,9.663944941,9.610350142
"213044_at",9.98947513,10.29092417,10.49820129,9.619582133,9.856389298,10.35545085,9.50159527,9.624888878,9.924377787,9.866125619,9.222230346,9.633746451,10.0245766,9.928025458,10.19291524,10.50314535,10.07631183,10.25677924,10.45307372,10.05503636,10.04896812,10.52870035,10.48734154,10.49263452
"200033_at",11.64987826,12.08843223,11.32009909,11.56298981,11.56834723,11.74826358,11.46980418,11.37630274,12.34497673,10.65704793,11.49279088,11.62779845,11.8573749,11.89334861,12.00179249,12.05938804,12.03108972,11.71939154,11.87606457,11.88441675,11.71147972,12.2515141,12.24176451,11.8264992
"202234_s_at",6.856601753,5.544258051,5.616909578,6.086879492,6.271476932,5.996830539,6.019328694,6.639331925,5.775593689,5.911538745,5.518596551,6.256260414,6.125447466,5.850216363,5.861822366,5.718155028,5.803642236,5.585420506,5.52518586,6.010632884,5.770410564,5.709955645,6.029378399,5.233361385
"205194_at",5.449614896,4.975678051,4.879972476,4.858298348,5.086452535,4.687248199,6.164341369,4.988240666,4.366994366,4.767130515,5.040153125,5.197569746,4.591446228,4.66155505,4.876325875,4.690228275,4.931229356,4.657554295,4.551941497,4.675275927,4.783791185,4.658996001,4.823455478,4.567987055
"207604_s_at",7.60637702,8.15152478,8.04251099,8.202923372,8.039285772,7.918394664,8.028770456,8.54452032,8.265960466,8.045954873,7.86358828,7.409793134,8.205679069,8.576564121,7.86769107,7.523218705,8.737072698,7.209103576,7.87249086,8.040066511,7.929017095,7.747085966,7.916284145,7.584200711
"201840_at",10.36400597,10.59054709,10.60058418,10.57291959,11.22668139,9.992917867,11.24087915,10.38083566,10.42603707,9.887945864,10.14330606,10.24698704,10.06593508,9.988670582,9.998491383,10.2634728,10.02271964,10.35387591,10.6406652,10.11291633,10.1123869,10.01253295,10.65603649,10.23886552
"208264_s_at",7.195875839,6.867827021,6.439342956,7.333701514,6.435710684,7.443316908,6.7310089,6.84987033,7.264902095,6.726480914,6.349468527,7.369363321,6.944729816,6.715264057,6.954408118,7.618071268,6.800553912,6.795155781,7.060212745,6.892607432,7.035474631,7.547226743,7.576510273,7.055849953
"216473_x_at",7.037937444,6.698930505,6.533480039,7.047572836,6.422297688,6.335337601,6.456029129,6.991259022,6.177323181,6.443928387,6.93786143,6.214271256,6.460377689,7.205540963,6.223572669,6.42904585,7.197942664,6.590586375,6.841758131,7.100189865,6.279057237,6.002418377,6.349413671,6.936384015
"221601_s_at",8.17123637,8.408455533,8.564187997,7.869340639,8.876849679,9.23116582,8.766977905,8.633226439,8.807206303,8.39016061,8.203034873,8.199187065,8.311376067,8.290550952,8.615885747,8.159009488,7.587313159,8.308987913,8.214372984,8.215147357,8.533933809,7.83284097,8.637695481,8.254013454
"219541_at",7.566569423,6.830178494,6.824519666,7.026852402,6.872350661,6.778053249,6.692326732,7.211054864,6.689609798,6.779571845,6.713614548,6.541012747,6.218472906,6.496069736,6.384049026,6.044541769,6.667210112,6.387331236,6.630219895,6.765090473,6.309052243,5.867699788,6.4063553,6.667110469
"213038_at",8.288490878,8.710014786,8.979863257,8.054800708,8.687441116,9.144275262,9.088420697,8.499405518,9.036630993,9.355315142,9.139525055,8.690329914,8.596596684,8.378686904,8.672037899,8.532498544,8.794578363,8.330728101,8.480138096,8.058666122,8.275214745,8.530611367,8.294732111,8.229179437
"202845_s_at",9.331608123,9.912076016,10.12706422,9.692050726,9.745748158,9.384742983,9.241673519,9.580762224,9.296801414,10.03863453,9.598382823,8.884190554,9.675249643,9.100732035,9.679101344,9.951874496,9.286332243,10.042363,9.873646148,9.568218054,9.845360847,10.39891983,9.602496532,9.994300074
"204197_s_at",7.120247909,7.779682798,6.936198353,7.551879557,7.507807709,8.049266492,7.685525203,8.092783853,7.790785109,7.473507055,7.536136928,8.147299035,8.16613617,7.885290974,8.437578333,7.800806657,7.634958508,7.985934521,7.904870848,8.260201254,8.104474872,7.737840567,8.20706476,8.082005802
"210510_s_at",7.323842901,7.793614172,7.711780977,8.20587794,7.421613207,8.068438253,8.526380156,8.070984825,7.591082838,7.774464968,8.515334841,7.796241179,7.60878949,7.268144795,7.269232723,7.582955019,7.392133573,8.039559482,7.64641592,7.317963487,7.676396565,7.543618179,7.519824638,7.522263621
"213526_s_at",5.493039834,6.702119564,5.655881007,5.235851622,5.380267505,5.210432022,5.565239809,5.685000009,5.290649502,5.389657263,5.337854477,5.194884311,4.98423595,5.030720791,5.290254796,5.250737077,5.531283093,5.369409534,5.166823008,5.359778447,5.146405388,4.7358915,5.217490176,5.129004205
"204639_at",8.728527467,8.062032002,7.461670961,8.280553039,8.219423187,7.859618158,8.193498536,8.548305882,7.643289157,7.547180393,7.436947415,8.633484484,8.033277047,8.289568932,8.041585508,7.650450547,8.073384525,7.867620397,7.818444437,7.905919971,7.74618994,7.849734054,8.346676856,7.659565838
"214006_s_at",6.950326318,8.183723736,7.923714322,7.629579679,7.51213563,8.435920554,7.834810723,7.390510232,7.955896286,8.213209759,7.693258618,7.26735612,7.382967384,7.520545309,7.350614466,7.443149321,7.539260323,7.654738952,7.184580134,7.125344473,7.449151588,7.396490839,7.701640873,7.409844486
"214349_at",8.135275119,7.206926724,7.590375634,7.414731994,7.765903134,7.599237754,7.389099125,7.459900434,8.151299297,7.865081753,7.416781837,7.801798516,8.575116164,8.07532718,7.90428079,7.310630953,7.882224315,7.723565267,8.32487069,8.041960658,7.616988348,7.418032482,7.450282558,7.310179332
"220168_at",4.45910871,4.702275657,4.437795069,5.038233435,4.506480247,4.620804354,4.373566567,4.586581139,4.510949869,4.714939624,5.101952744,4.242476898,4.505381909,4.557497696,5.338465981,5.447830525,4.402243017,4.494536293,5.023891851,4.882076357,4.83278268,5.40642412,4.595632294,5.307868483
"212371_at",9.124794924,9.698077823,9.270253736,9.954458703,9.183109812,9.593090715,9.237097211,9.717885447,10.00879249,10.37238475,9.833910279,10.27033876,9.918204659,9.597348187,9.640657661,10.27810197,10.12764201,9.73267669,10.0329116,9.674783044,9.887147312,10.02077944,10.18358542,10.15527825
"200854_at",8.332234336,8.726743701,8.483223248,8.720371942,8.533042842,9.065358121,8.960972565,8.420687167,7.945983186,8.897371369,8.134915227,8.546845823,9.024520229,8.667474229,8.84800647,9.413223589,8.83186118,9.104760094,9.112022709,8.526778644,9.188130648,9.184942425,8.769415123,9.012415
"217773_s_at",10.71993166,10.97223804,10.1651439,10.63510311,10.79816042,10.39631582,10.64014604,9.984973154,10.70763857,10.64943141,10.76644254,11.49869649,10.04287894,10.00648466,10.39671313,10.44260461,10.1998512,10.72169779,10.71904117,10.29806834,10.64452173,11.05397699,10.81524434,10.70640033
"204180_s_at",6.568163409,7.287038871,8.009984325,7.583430644,7.672130842,7.639661506,7.179547868,7.690982206,7.844338534,7.743115903,7.507793702,7.526183603,7.799820354,8.391471552,7.40751058,7.103481907,7.777103125,7.152696642,7.644526193,7.579370038,7.620932781,7.617487021,7.18166752,7.666238931
"209300_s_at",7.603121962,8.428679438,8.452535891,8.324020077,8.668997477,8.595670165,7.8022875,7.875476985,9.020650973,7.993471054,8.781799918,8.468800941,8.686683593,8.050080138,8.432226243,8.73452726,8.042098833,8.328950727,8.406820143,8.153380261,8.796615922,8.666626036,8.684421886,8.282658826
"208729_x_at",12.66674973,13.58699164,13.54023617,12.38900208,13.65275152,12.42928891,12.87707491,12.86498083,12.73965743,12.91147769,12.80722118,13.41058528,13.28954194,13.07725259,13.14222841,12.98315484,12.63570806,13.24503196,13.42967341,13.39417028,12.77975577,12.89407093,13.27008867,13.05918569
"208697_s_at",12.18313969,11.59660309,11.70065825,11.57010152,11.06364755,11.96477688,10.9992487,11.55244814,11.7239969,10.53628046,11.65860587,11.21488364,11.0187233,11.7113638,11.4558332,11.77837151,11.56014207,11.55751234,11.75965578,11.52944835,11.48875681,11.82254135,11.61581833,11.86872325
"209197_at",6.369244394,6.386359992,6.174487928,5.93028731,6.259528502,6.523689153,6.180836859,6.717184517,6.137179865,6.543992587,6.265225319,6.256707429,6.760541407,6.604714738,6.82443319,6.855593872,6.56211624,6.939656363,7.121039895,7.29649364,6.951124998,7.04424161,6.448085322,6.867444439
"214259_s_at",9.394922929,8.830869233,9.351213267,9.01684068,8.943423351,9.145366526,10.25327337,9.135711821,8.618328181,9.339559765,9.864621983,8.945529104,8.713148445,9.013974312,9.193133383,9.006991539,9.130656927,9.481469565,9.267405038,9.060736795,9.149518718,9.496521283,9.040538343,8.867446934
"208468_at",7.773451532,6.957678117,7.809356228,6.942481712,7.489967157,7.368916523,7.015836709,6.984925653,6.984992296,7.421600367,7.142834148,6.806542239,7.138723608,7.076408544,6.963386662,6.993048439,7.167029881,6.917910959,6.528301601,6.887312709,7.106867845,7.086732997,6.16934568,6.666060658
"222316_at",7.277736562,6.926469274,7.204534225,7.119858159,7.186075579,8.304869502,6.856504187,7.339999056,7.80418038,7.095163214,7.202232219,8.028449119,7.1610092,7.017992624,7.433303948,7.502560369,6.985222515,7.092483299,7.164633683,6.93641781,7.444641476,7.208938423,7.43651157,6.880513616
"218769_s_at",7.123449792,7.818559156,8.264166592,7.647612285,6.993665482,7.680032111,7.497253705,7.473498096,7.595127379,7.102909932,7.790364505,7.943359626,7.466955844,7.19188328,7.768866002,7.853302963,6.899601838,7.576760413,7.690201199,7.251815141,7.702026297,8.282456977,7.704316449,7.526566931
"201068_s_at",10.11467014,10.6187728,10.34474852,10.08044555,10.23766973,10.00471014,10.9579457,11.06664785,10.3615145,10.65985722,10.02257131,10.08243574,9.937807134,9.624854898,9.932309547,10.34381452,9.872728107,10.25528684,10.21626916,9.955601496,9.943242243,10.33183323,10.59646675,9.835636655
"209628_at",7.774173886,8.394975372,8.66689881,7.494754514,7.952387581,8.318594643,7.501453788,7.872235093,8.212894256,8.319159999,7.801275575,8.319327434,7.808133193,7.579960182,7.973074379,8.32744558,8.132049932,7.622850788,7.812866563,7.512435901,8.255523751,8.55400579,8.38330972,7.778133661
"200891_s_at",10.84040529,11.42596063,10.74456163,11.37849223,10.75735338,11.24002221,10.72573779,10.81240337,11.08564726,11.41232745,10.42904312,10.99061665,10.62196599,10.53283203,10.59164949,10.77484143,10.67322218,10.16013056,10.61445942,10.38084234,10.92527302,11.12280185,11.32203771,10.39248397
"211096_at",7.308920544,6.596288392,6.463791697,6.762996596,6.410447096,6.560248705,6.526575082,6.540785762,6.271827819,6.40570491,6.523027139,7.205537137,6.388735483,6.699015832,6.166436586,5.933307936,6.97390862,6.340910895,6.820024234,6.242228874,6.293919002,5.919312775,6.085418747,6.841089949
"202108_at",9.470898315,10.51552342,9.524750649,9.341078326,9.687477779,9.30525129,9.422226049,10.00635267,9.222744257,9.128952294,9.784317052,9.000150208,9.642009599,9.518785739,9.733446843,9.609514086,9.316009712,10.1197362,10.01883275,9.257623894,9.735310517,10.04191719,9.64326775,9.738564249
"220988_s_at",7.655089486,8.653047001,7.601619602,7.208996448,7.325312225,7.495223124,7.565255494,7.159109661,7.825925356,7.794111798,8.199794266,7.797847833,7.755136799,7.604285961,7.626378463,7.363929734,7.73642514,7.538116232,7.247803108,7.606162813,7.129711802,7.207296911,7.175394144,7.310733615
"202840_at",6.182015995,6.698103147,6.050500261,7.174689262,6.452761445,5.857854742,6.072682535,6.181448435,6.501938054,5.644374826,6.632540208,6.127029665,6.487067554,6.881262902,6.286963911,5.950037307,6.325505252,6.088521291,6.570545097,6.602223592,6.393868924,6.132524448,6.17821082,6.800363029
"220547_s_at",9.444697576,9.224594831,9.131740493,9.417734934,8.00209541,9.312597463,9.044509247,9.166154737,9.070790367,9.049974452,8.922279177,8.772958304,9.355584918,9.563930064,9.23490807,9.493459418,9.640673326,9.151879944,9.323448471,9.221341919,9.166564614,9.427999022,9.829660744,9.479115863
"212470_at",8.990537569,9.491269294,9.882008695,8.741896942,9.03509206,9.458086731,9.182949066,8.716487923,9.082822712,8.693653095,9.75443313,8.804008693,9.065502924,9.131841385,9.021400043,9.475930633,9.060471115,9.104248874,9.131228954,8.727101306,9.216589347,9.950431737,9.349048018,9.040584137
"205884_at",6.277565257,6.04591902,5.8701751,5.471200568,6.474955744,6.590291674,5.666799858,5.783035987,6.353958915,5.850387904,5.806407946,6.578088017,6.5585777,5.719585498,6.352294669,6.491960428,6.017498787,5.989598499,6.59849437,6.299032103,6.081737539,6.570829133,6.593327032,5.991014302
"219716_at",9.322276358,9.432270765,9.649229428,8.501480618,9.158563056,9.003056731,8.874001303,8.753367991,8.754953878,8.6403364,8.536631192,8.872023167,8.905155952,8.721786586,8.875737757,8.452863657,8.62571168,8.447962502,8.398519038,8.447539852,8.425965867,8.44754741,8.676259552,8.298347232
"208882_s_at",8.459992842,8.616250605,8.844986274,8.498793331,8.718343863,8.630819016,8.156631528,8.553217107,9.554008418,8.975906736,8.36235313,7.866180025,8.59952397,8.361698225,8.657526875,8.946437861,8.388375483,8.427356207,8.583107499,8.105714109,8.514049265,8.971445031,9.025053504,8.349409927
"37793_r_at",6.410404439,7.063770422,7.02639827,7.505689954,8.093001383,7.460381608,7.753497382,7.351593208,7.489040056,7.657891456,7.478761471,7.211263296,7.875961758,7.132652941,7.876841205,7.529406052,6.955123375,7.582292744,7.25873836,7.444122276,7.626320306,7.473261588,7.415910741,7.269852795
"212316_at",7.583522914,8.025109956,7.736338125,8.427004349,8.555680226,7.773349254,8.016797914,8.153006464,8.153272401,7.565703267,7.99734752,7.63903235,7.269554164,7.375500465,7.744559433,7.303273751,7.46469828,7.792332364,7.393896981,7.581704929,7.642974051,7.295301687,7.743996283,7.446264371
"203345_s_at",8.114459514,8.564962579,8.761169877,8.333348489,8.30564498,8.622863636,8.802537182,8.323831941,8.313913888,9.662043063,8.671452784,8.850702115,8.319403438,7.974806741,8.359623057,8.156392645,8.144450672,8.338906818,8.552779364,8.582095998,8.512052417,8.91440729,8.61549322,8.225948455
"200620_at",11.15446388,11.67801183,11.82325771,11.83311544,10.74193217,12.06914298,11.57341773,11.54911531,11.24744758,11.62894872,11.91240234,11.82486323,11.51375346,11.37946452,11.68769555,11.99961294,11.08152835,12.14930542,12.16281562,11.5973738,11.78630464,12.05895432,11.63346712,11.66709835
"215096_s_at",9.803562103,9.55770868,9.440602335,9.740607546,9.175805626,9.819922585,8.728082139,9.319802731,9.058849499,9.195336498,9.267511131,9.417566602,9.432954349,9.489586665,9.919480786,9.873145927,9.709636849,9.941578709,9.838167054,9.537909288,9.833142031,10.2503224,9.951644376,9.826714461
"207974_s_at",9.623448573,10.04532389,9.55260545,10.12055902,9.908440218,9.713319988,9.870256274,9.721832501,10.62901647,9.820881711,9.845697487,10.25441802,9.830496683,9.415505756,10.14549631,10.35026337,9.740998951,10.20049959,10.53945569,10.15163156,10.06368001,10.55479196,10.64901668,10.36489873
"214825_at",6.815421015,6.794351467,8.241290852,6.837978359,6.67981599,6.494809136,6.340279813,6.923931757,6.513933681,6.756695579,6.868609657,6.717087444,6.771188803,7.198522086,6.714077311,6.543322698,6.783241985,6.829415283,6.819825669,6.828383867,6.828477146,6.633902268,6.787511458,7.0099099
"209575_at",7.900850825,8.031532542,8.199371395,6.829933671,7.289406245,7.850518949,7.923041975,8.05041256,7.416889826,7.774751564,7.80294285,8.066902842,7.502770594,7.389974777,8.032771567,8.185412405,7.841292096,8.381135164,8.18073451,7.963516557,7.768677589,8.087876518,7.833698749,8.080731371
"201553_s_at",12.28216696,12.64909164,12.08521333,12.30874195,12.14735126,12.48635258,12.54388846,12.68416261,11.62733262,12.70509726,12.40103561,12.00287913,12.75422126,12.88364851,12.71084919,12.46660113,13.07540649,12.99797166,12.73375819,12.79293111,12.89056448,12.85076417,12.74962904,12.80502713
"201083_s_at",5.077952944,5.403441727,4.714809886,5.278766379,5.184132786,5.365395726,5.225779581,5.349762888,5.769672043,4.626190005,5.073559208,5.58196016,5.885767767,5.388107057,4.862003709,5.3990635,5.619185157,4.685735312,5.317805338,5.627343502,5.395187626,5.807517867,5.691750999,5.326466601
"201027_s_at",7.766988447,7.895487966,8.02728321,8.13737304,7.814806045,7.408970985,7.94130359,7.717164898,7.931110469,8.010288353,7.405006414,7.875314616,7.616981177,7.200915589,7.299784803,8.014765281,7.497603706,6.846376506,7.741835433,7.341386163,7.490219187,7.054346099,8.044823408,7.916656381
"202015_x_at",5.341670824,4.165454143,4.488485309,4.022247276,4.272993278,4.269824454,4.104880146,4.230713994,4.233897243,4.19114464,4.113246325,5.106277506,4.1276183,4.339602879,4.277773661,4.136949468,4.818851915,4.084213149,3.877257256,4.480422554,4.076980773,4.174610634,4.000447367,4.016594947
"203062_s_at",7.806254521,8.090901873,8.020306103,8.269452224,8.121297618,7.92734704,8.765016444,7.808491125,7.55834471,8.640703025,7.834809691,7.061189283,8.113233068,8.120212243,8.25277434,8.354308181,8.023546105,8.304437844,7.944810265,8.189372,7.913626253,8.011934739,8.000202362,8.497735727
"218863_s_at",5.626262156,4.626468445,5.151152905,5.115340037,4.82718842,4.561794139,4.577642964,4.750652335,4.323709403,4.812602716,4.874934193,5.138242294,4.481564791,4.931254448,4.387546686,4.538746472,5.530710716,4.471571433,4.577919501,4.928105079,4.606533981,4.466439389,4.424975129,4.970442941
"202382_s_at",9.548868309,8.784604272,8.787061156,8.545160282,9.167969097,8.652528512,9.073167774,9.149718788,8.440674995,8.547735441,8.510509372,8.574395059,8.146732425,8.698753216,8.442189986,8.315799362,8.341582146,8.665536886,8.448641102,8.175659842,8.683899663,8.376449237,8.656211394,8.115358133
"212073_at",7.910766621,8.289109852,8.625096043,7.957371653,8.021665691,8.072246899,8.040942571,8.78190993,8.945548975,8.95793638,8.426438953,8.622338233,8.392227793,8.470463918,8.167846605,8.230049249,8.774795533,7.828203385,8.589937672,8.781066926,8.297733068,8.75161129,8.098883248,8.714363851
"210208_x_at",10.1411848,10.180208,10.53712502,10.58235709,9.695017687,10.04478581,10.55068124,9.912481892,9.735747968,11.18717144,10.64023411,9.900666246,10.07630512,10.08043731,10.17428528,10.43372541,10.13230112,10.49422605,10.1838694,10.51513882,9.875679931,9.908113231,10.09870138,10.41547498
"212066_s_at",9.656970983,9.658756521,9.662827361,9.756857164,8.855662307,9.90979548,9.150819138,9.503908835,10.07313791,9.856370775,9.547406153,8.685711233,9.851840556,9.96551564,9.697504122,9.912363255,9.801649025,9.448098464,9.757960132,9.678409335,9.73119861,9.990750418,10.06556848,9.651852368
"209666_s_at",6.533404026,7.049992087,6.089453908,6.210775045,6.140421968,6.560424158,6.785408064,6.442790145,6.858162733,6.290055753,6.0254388,6.28331039,6.5959139,6.289075632,6.358275039,6.936879105,6.443498201,6.473326423,6.54175216,6.03253077,6.823132229,7.261009349,7.087096481,6.570721571
"214778_at",5.835162747,5.213887002,5.859752127,5.093654157,5.026342288,4.909844892,5.085710048,5.825333943,4.718948543,5.276599532,5.103027746,5.589988256,5.076793038,5.315396608,4.864453016,4.900169703,5.255408646,4.990587825,5.241565756,5.167573478,4.896036057,4.564434001,4.732627081,5.203843214
"212055_at",8.335465516,8.458642931,8.75945858,8.935968477,8.294794912,9.041728218,8.442097954,8.081781582,8.602632343,8.982858291,8.609072146,7.629157688,8.368857489,7.892455525,8.862883542,8.798782962,8.245317081,8.877677865,8.619650229,8.606622252,8.419854368,8.629782192,8.299363865,8.477956046
"221525_at",8.661819768,9.311387393,8.919606691,9.009503895,9.226812507,8.51596796,8.895840251,8.680174589,8.467941972,9.120112229,9.198120578,8.96192285,8.622932459,9.008602975,8.544233291,8.152945861,8.600472092,8.479900288,8.679276059,9.014833506,8.312593033,7.996720476,8.422687214,8.709538223
"221272_s_at",7.265384982,6.452155169,6.800022535,6.74607358,6.992919206,7.189382351,6.77692989,6.875745424,6.794084657,6.854600825,7.281783172,7.165278632,7.29449111,7.331701896,7.365475892,8.084091167,7.374831391,7.285033908,7.489597891,7.372770938,7.166695211,7.383385548,7.115610067,7.580913931
"201335_s_at",5.456065938,5.265674389,5.38114202,5.48893688,5.24753433,5.701636234,5.157207786,5.314818784,5.509101028,5.290256643,5.69202581,5.641915311,6.015965417,5.568310699,5.884813885,6.319416358,5.664388367,5.952630306,6.012340235,5.797782734,6.088332868,6.262720759,5.812740707,6.197387552
"208726_s_at",10.28059247,10.13365609,10.68521338,10.16489737,10.59378992,9.883091808,10.95890118,10.23682969,10.05022787,10.52193311,10.18996128,9.751453208,9.746215292,10.33360032,9.961266921,10.27919793,10.06757264,10.10448579,9.994392056,9.876205684,9.786255864,10.90387206,10.47634292,9.931934263
"208625_s_at",9.340901542,9.53829224,9.764986012,9.876774558,8.72927787,8.946490873,9.885449878,9.236426349,9.843752939,9.646502142,9.780461031,9.257275524,9.303079262,9.334798978,9.115322646,9.35915358,9.480055536,9.595484263,9.22113263,9.005941675,8.969944926,8.81309175,9.720554866,9.43907077
"218242_s_at",8.259166326,9.33133927,9.004906555,9.034200708,8.690680435,9.100399179,9.192693058,8.65336528,9.46479029,9.030602566,9.163882,9.46436034,9.386929548,9.328360565,9.544970878,9.580220443,9.217488444,9.331046165,9.580762622,9.355509351,9.173972203,9.8490986,9.432346381,9.321836416
"203479_s_at",7.507715264,7.609405661,8.321478825,7.813838509,7.959038739,7.861133225,7.902009359,8.06292299,7.786360648,7.931571406,7.586669911,7.909820868,8.048273039,8.303421474,7.68489601,7.189437485,8.273716584,7.24469513,7.578435688,8.409614315,7.812967545,7.556900441,7.180140751,7.85021033
"215761_at",8.539648046,8.452517529,7.910241545,7.620724715,8.217574139,8.166617742,8.379781992,8.514610213,8.314011453,8.436326397,7.800442295,8.695969673,8.181253123,8.484597372,8.179671147,7.660047679,8.369665508,7.815938716,7.909959361,7.92844573,8.096594925,7.577209009,7.734544219,7.614095997
"221881_s_at",7.528301087,6.799874651,7.625542644,6.991676576,7.80728093,7.411771155,7.592027467,6.993238276,7.327078928,7.682810782,7.565122345,7.382727069,7.801284046,7.136050923,7.146250124,7.899672542,6.870217245,7.553466704,7.512419799,7.382403268,7.180356971,7.908448706,8.073258183,7.554116651
"213391_at",7.757119794,7.67394811,7.310541825,8.263204272,7.453094822,7.429267844,7.34835013,8.197321754,7.536880521,8.197118918,7.651610619,7.83015315,7.584572097,7.770306708,7.018287699,7.820475169,7.212535196,7.251057205,7.94292634,7.339108359,7.109340077,7.763712019,7.840332128,7.42265806
"218600_at",8.170871643,7.571966337,7.842748536,7.617893183,7.76352114,7.460410155,7.595429572,7.92484081,7.668352174,7.508459892,7.354594127,7.624677671,7.276172891,7.592111434,7.538674676,6.995113389,7.495417069,7.482281427,7.403523643,7.810085306,7.210874242,6.624433824,6.810238375,7.585474495
"202461_at",9.201854965,8.816480142,9.010696096,9.027859866,9.731590884,8.645489634,9.537533268,8.785915497,9.052145357,9.020461516,8.839479294,8.808780978,8.625581963,8.468965206,8.33727538,8.719367927,8.307925416,8.852740049,8.719612123,8.389016724,8.786712054,8.72434761,8.734257648,8.534474364
"201024_x_at",9.702029394,10.27055973,10.59110198,10.57626455,9.921271571,9.427167588,10.89767607,10.0488359,10.51633687,9.947863837,9.732703811,9.766771906,9.821664242,10.02412996,9.887340326,9.927395041,10.36169355,9.793642374,9.936149522,9.743466259,10.06204717,10.12527141,10.05476997,10.17869213
"201145_at",10.15950895,10.19588768,10.29773013,10.77583885,10.33679923,9.944516867,10.24950014,10.15763563,10.6289836,10.55192168,9.884017488,10.27749157,9.212565623,9.86122022,9.782075391,9.809231249,9.793705479,9.891993591,9.863785059,9.854283724,9.729005732,9.962276491,9.993818218,9.76329223
"201164_s_at",9.401105218,9.33908521,10.33505912,9.762032726,9.500316575,10.32450814,9.836348659,9.493335146,9.682401114,10.21399852,9.789720631,9.922491435,9.196982222,9.389444317,9.608597848,9.600668732,9.044276718,9.71962616,9.672920876,9.577206128,9.244285575,10.02494398,9.398501979,9.861524451
"208186_s_at",6.875447579,7.275860361,7.539777575,7.35644969,7.463019076,7.609146447,7.280130823,7.683552941,7.323509382,7.499520139,7.305294108,7.195316995,7.157930275,7.509848883,6.983310797,6.676319745,7.501625703,7.114011624,7.383785629,6.865817214,7.323687408,6.556810103,6.387640996,7.457478482
"202455_at",7.536531678,6.9464055,7.331221792,7.198751429,7.036513001,7.269087141,7.172316652,7.313653518,7.140384346,7.477574387,7.82421278,6.599630202,7.229861277,7.269791537,7.618144114,7.380845696,6.766120556,7.969752936,7.698902938,7.613937064,7.62564386,7.124411651,7.025034789,7.797278534
"201765_s_at",9.657123928,10.03456561,10.55458548,9.868702394,9.210810758,9.214270363,9.869532646,9.763861238,9.09185305,9.470479592,10.10636941,9.784560348,9.645123138,9.897936716,9.804160422,9.763690229,9.568529985,9.889933518,9.796480257,9.364871077,10.1507247,9.813301218,10.08503267,9.374297348
"212842_x_at",9.730176103,9.867240023,9.691812032,9.449509976,9.197447883,9.8560231,8.487306029,9.036730852,9.737479609,9.434727624,9.50526843,9.433869299,9.750199923,9.658973651,9.773541384,10.0238162,9.947163501,9.564456095,9.880278538,9.853597045,9.671193415,9.940558474,9.604832312,9.799447957
"213543_at",7.339824615,6.815499244,6.673084523,6.665142424,6.93433346,7.490729457,6.585423636,7.197511431,7.145434956,7.191094341,7.411788257,6.988422539,7.687450176,7.300022972,7.258618194,7.385761072,7.930215802,7.275329384,7.553478797,7.535497293,7.416720905,7.627326713,7.215130275,7.408199978
"221806_s_at",9.714268561,10.33385088,10.69662473,9.960728687,9.863510979,10.36257112,10.63832599,9.910292271,10.15872622,10.27874621,9.570036674,9.679286724,9.558756602,9.948054254,9.778053286,9.705112682,10.03387443,9.726931714,9.758256101,9.987395891,9.38463528,9.557702792,9.742804742,9.894204256
"201588_at",10.88824168,10.47531317,10.92772418,10.63961512,9.722236658,10.55328614,9.905030095,10.47577999,10.63131225,9.889754622,9.765373118,9.982499748,9.987216988,10.23566909,10.07359707,10.26156789,10.17307448,10.30389685,10.36417984,9.997743453,10.36535111,10.49327972,10.68845292,10.13047993
"212048_s_at",10.43826142,9.653616174,9.738105614,10.53433645,10.28346126,9.736816185,10.0746406,9.68610418,9.561149706,10.17393147,10.31747465,9.319420291,9.480623833,9.994234139,9.658508221,9.648504976,9.811143701,9.854306736,9.50093102,9.417324788,9.767311526,9.749261552,10.15132885,9.479533105
"200626_s_at",9.673155099,9.882610894,9.626123125,9.978018383,10.21299615,10.18613665,9.824136168,9.455895851,10.41300304,9.347058729,9.54784334,9.735274114,10.16917465,9.634543794,9.884373886,10.49009379,9.712670771,9.797575226,10.34767809,9.793307558,10.04901034,10.46314447,10.44684002,10.12769505
"219285_s_at",5.399568737,4.401427498,4.821949414,4.697937604,4.329705004,4.304077408,4.286658817,4.368134617,4.142219998,4.348420955,4.395805636,5.129457065,4.148871152,4.281018833,4.201689794,4.240866344,4.885579798,4.300002054,4.162910092,4.713941701,4.139301996,4.195285829,4.108500883,4.360246902
"215528_at",7.499650068,8.454365755,8.134855787,7.985837036,8.568706056,8.590414094,7.735565797,8.055626068,7.945323151,8.206529261,8.027280405,7.650695202,7.932753447,8.13098807,8.102894276,7.635343184,8.111785246,7.618638447,7.555129657,8.027841762,8.055979251,7.588362671,7.392175725,7.506515442
"211609_x_at",10.15928606,10.56446768,10.58701529,11.31993533,10.53299866,10.22979762,10.68755895,10.60013581,10.93779548,11.01693324,10.2477581,10.32873885,10.02008809,10.15430667,10.01937108,10.36564219,9.942468172,10.53062703,10.29413153,10.26409239,10.16493177,10.09207824,10.35450259,10.29866762
"209545_s_at",9.842262826,9.454478772,9.157662017,9.306855956,8.979496347,8.938764177,9.036111323,9.044170517,9.06165142,8.63188602,8.847412115,9.449665507,8.712074791,8.996807523,8.792400849,8.258114902,9.055720273,8.567281364,8.819237912,8.769655131,8.597212297,8.875900155,8.775747278,8.707002507
"204713_s_at",7.576220847,7.475059739,7.333928595,7.47573607,7.610591826,7.757706174,8.246408748,8.386705104,7.773821072,8.055274731,7.44782645,7.565860473,7.51224394,7.557371082,7.582571568,7.128822651,7.471806955,7.306850289,7.067446985,7.062104823,7.519836352,7.952844867,7.289069977,7.345007788
"201938_at",10.69927715,10.44789813,10.30986312,11.34602403,10.72244259,10.58343285,11.30854721,10.85025742,10.83545008,11.35223076,10.61903339,10.79164668,10.9738933,10.7057712,10.12976786,10.57490887,10.24099386,10.59142995,10.33596735,10.35868477,10.51554259,10.84991892,10.94345347,10.40233286
"211710_x_at",12.94522537,12.45540602,12.7460508,13.09502976,11.48150225,12.92054193,12.60866059,12.63901439,12.43569314,12.36518805,12.64788962,12.47903586,11.90016927,12.84015092,12.54651214,12.51716064,12.51467598,12.53655897,12.75876348,12.4586202,12.51428458,12.45636214,12.5652748,12.94818344
"201032_at",9.342473878,10.3400675,9.608872051,9.627157325,10.40054255,9.67854981,10.84793586,9.733387908,9.247500339,9.847883962,9.76489951,9.983027262,9.763130978,9.901881013,9.719340511,9.823209751,9.7760017,9.812868199,10.02720502,9.757233312,9.846015154,9.490239354,9.669216549,9.970182744
"203705_s_at",6.385487968,6.125520406,6.149194176,7.006176602,6.555776295,7.138156243,5.910507766,6.465857283,6.907963573,7.011297645,6.224079824,6.70939867,6.738917196,6.181436428,6.766530597,6.769169746,6.920235499,6.860060018,6.530351919,6.63200779,6.619425004,7.100418183,6.371759573,6.702087566
"200068_s_at",11.96700309,12.84575035,11.85256607,12.57298951,12.54453384,12.64869793,11.69259347,12.25330452,12.74790409,12.75748976,12.4583988,13.01927116,12.29025485,11.88534162,12.15049551,12.39984669,12.01214015,12.05381489,12.32229609,12.09206152,12.36636094,12.27005099,12.32459444,12.24554574
"204805_s_at",9.269966047,8.989557773,9.05204893,8.974254036,9.233297019,8.844820666,8.925460882,8.96479465,9.703399822,9.512136087,9.915870738,8.649052805,9.12632485,8.620359686,8.928332746,9.377214425,8.540022141,9.591764858,9.253361055,9.206881575,9.054144962,9.293498497,8.956727275,9.243911248
"204954_s_at",6.87120809,6.980799254,6.865823257,7.274680931,6.991948119,6.61886553,6.910904191,7.203360757,6.679597088,6.972043655,7.304335403,5.824724111,7.044066202,7.184601987,6.999942318,6.883113426,7.236014471,6.884711624,7.233062459,7.316518539,7.015303241,6.6888293,6.871690284,7.562805979
"211136_s_at",7.886909972,9.082063549,8.869082755,8.92620573,9.331992606,8.255623212,8.920127617,8.964471717,8.80666996,8.674249681,9.463984468,8.725973933,8.755711514,8.291830969,8.67217686,8.929064295,8.495714184,8.773971192,8.747062751,8.690324459,9.02855927,8.508661496,8.879314512,8.952496851
"205263_at",9.332702644,8.756407107,9.943906779,8.758799556,8.668990994,9.190560482,9.052058053,8.684990025,9.03120851,8.829008876,8.818651326,8.909591607,9.05255899,8.69683655,8.916019285,8.807886881,8.722373041,8.538877693,8.626468917,8.308597472,8.594874252,8.874837325,8.801816656,8.330002311
"217878_s_at",8.509306217,8.284380024,9.085988324,8.547206902,8.80806108,8.39895549,8.577134662,8.493686756,8.775419215,8.550335565,8.381475949,9.16342108,8.718484015,8.37645923,8.202240987,7.979249147,8.882070993,7.829787158,8.115741074,8.572868783,8.45471344,8.558384777,7.947014695,8.259492245
"40465_at",7.725830918,8.564828896,7.111161298,8.230435247,7.829253708,7.651548227,8.230562919,8.112829462,7.885811203,7.607213533,8.294266957,7.265010824,7.440137123,7.8151775,7.684492169,7.65874916,7.603523148,7.92461059,7.610342766,7.493883543,7.729790289,8.073147319,7.835023268,7.750054552
"220071_x_at",9.138050564,8.668379707,8.706140063,8.496204165,8.199767368,8.413884396,8.49983701,9.061134649,8.355818131,8.524394193,8.438996949,8.769867426,8.425733336,9.076181689,8.755163355,8.196394867,8.823047627,8.263309794,8.821202435,9.013565694,8.139230108,8.049136763,8.011864869,8.790818334
"211926_s_at",10.32653311,10.90272958,11.07595988,10.16742782,10.45981065,10.41317731,10.62108317,10.79558506,10.17737277,10.60044335,11.28465683,9.986444032,11.09500946,10.54204038,10.52370975,11.02171857,10.530301,11.08466153,10.6565639,10.75866061,10.4635281,10.6406082,10.63670734,11.07034178
"220233_at",7.752357744,7.328043644,7.482996346,6.922991117,7.255914699,7.446199513,6.90723986,8.234553647,7.273705133,7.726107823,7.472138193,7.456060469,7.680803003,7.410019785,7.576224754,7.582933085,7.76677368,7.621381216,8.017838022,8.079884875,7.553740626,7.2330984,7.233357378,7.969600012
"202215_s_at",8.070419559,8.075555663,8.216406205,8.215708237,8.033089452,8.26092768,8.002825601,7.742792086,8.18399636,8.799735938,8.768880271,7.771940471,8.439412313,7.995578429,8.554972074,8.947224197,8.142954094,8.740261992,8.37152476,8.402145411,8.669180576,8.779811368,8.390823768,8.413272318
"216940_x_at",5.529794487,4.93899873,5.304538169,5.450908885,4.625889193,4.654562875,4.747220504,5.089714867,4.495939595,5.15296174,4.986381523,5.430750018,4.618701594,5.172068468,4.563572304,4.560846765,5.320553111,4.724429373,5.000054187,4.946940837,4.424338373,4.730370589,4.594689502,5.038894327
"201334_s_at",9.885899655,10.16776582,10.47268695,10.01884336,9.461368949,10.28281912,9.589361491,9.393360076,9.971389997,9.561067044,10.14735432,10.24300873,10.42551231,10.03333953,10.02940973,10.49488462,10.17711664,10.1698949,10.29968041,10.21088699,10.18131847,10.52451024,10.45815319,10.4974291
"201223_s_at",8.862001223,9.047328817,9.084699262,9.372486827,9.016005344,9.173591804,8.426645398,9.124615344,9.835227903,8.755579825,8.462216083,9.134886138,8.77040604,8.727136498,8.75886955,9.093930391,8.568911989,8.796659287,8.816736554,8.456861337,8.856458388,9.211212023,9.403024587,9.047746314
"207855_s_at",4.896951075,5.085201462,4.860463855,4.821753567,4.673520795,4.879459096,4.926957272,4.609844176,4.922527502,5.075506583,5.50256632,4.989534651,4.611495904,4.706410783,5.113425197,5.112237755,4.650771434,5.134814609,4.958499031,4.727112728,5.445959086,5.501736214,5.950904384,4.715550069
"221311_x_at",5.959313518,6.62267699,5.872600196,6.141844891,5.734139519,6.331159222,6.603826718,6.37080583,5.52696618,6.052513132,6.242645264,6.502790145,6.037980487,6.036811304,6.166869782,6.566155573,5.752907849,6.201866907,6.530645824,6.181794838,6.465479446,6.663476914,6.822314405,6.424979609
"206060_s_at",6.717289628,6.853150422,6.616256203,6.281232422,6.86488337,7.448634786,6.898599375,7.010850775,7.165846725,6.088730814,6.7735934,7.339509492,6.996433696,6.633764047,7.164367719,7.023486495,6.811535127,6.696600023,6.924426767,6.895486141,7.130970689,7.593631855,7.016288847,6.823152917
"219707_at",7.281712795,7.184036141,7.284079063,7.580744776,7.675412735,7.416119133,7.153660312,7.977931724,7.168340908,7.176416291,7.275699096,7.63517181,6.843110198,7.324224974,7.032276778,6.650252099,7.173723794,6.936474114,6.956634154,7.279406848,6.926235229,6.648816543,6.69256153,6.979078044
"217627_at",5.682788353,6.109299492,5.75005069,5.142386785,5.533473499,6.088855683,5.325343251,6.658711796,5.869347763,5.489460779,5.308688884,5.814960872,5.466889189,5.471042311,5.764339299,5.569130272,5.388056516,5.629216094,5.912746547,5.749072674,5.631829318,5.93333704,5.435352705,6.085867998
"209862_s_at",7.747845328,7.289390571,7.947492599,7.582689688,7.510911414,8.113902226,6.846522197,6.945273286,7.139670848,7.337280134,7.092794483,7.272198194,7.514190664,7.305225603,7.298735706,7.780290375,6.929277772,7.334292145,7.661782321,6.966158685,7.15205188,7.607150694,7.627859928,7.498520537
"214047_s_at",8.239406577,9.045965146,8.054870558,8.588405081,8.698845147,8.894503899,8.824555533,8.696587673,9.375283209,8.999140633,8.730489202,8.666914382,8.543999275,8.538282127,8.695051678,8.848911936,8.345109496,8.764894812,8.606978359,8.458350337,8.909220694,9.299447458,9.368029791,8.467224254
"203081_at",8.721928126,8.61709146,9.18985525,8.901917174,8.889865102,9.030322397,8.871769211,8.798221289,8.853686182,8.81117045,9.586587455,8.643461963,9.276045557,9.262837785,9.006395673,9.383519541,9.461923065,9.140663957,9.393844676,9.591710575,9.042439376,9.295452436,8.720203213,9.811423724
"206374_at",6.72761004,7.373161331,7.695607841,7.405563069,7.240728537,7.134412773,7.80342694,7.282313276,7.395714394,7.503497988,7.840709058,7.09582965,7.557383312,7.477429963,7.278999398,7.738457264,7.766329248,6.942876316,7.673333896,7.920116861,7.088575751,7.451479535,6.893365631,7.844807311
"221155_x_at",8.325662942,7.632508847,7.662773077,7.877631568,7.629991614,7.892175177,7.639461164,7.965910957,7.799379779,7.788372247,7.702084139,8.06392352,7.523552731,8.11222127,7.707785656,7.226760787,8.303190938,7.242057225,7.778481692,8.237630758,7.522055023,7.074337873,7.353050891,7.653863107
"215066_at",6.079919507,6.095743816,6.575803812,6.554399628,6.404379252,6.354401311,6.532504112,6.406118203,6.806089311,6.845185973,6.511031164,6.318103201,6.168716855,6.116495519,6.043284533,5.79669983,6.568874676,5.950658875,6.041791804,6.598453556,5.893442034,5.696761563,5.742304594,6.017941152
"200791_s_at",10.59815798,10.86732449,11.45377461,10.49572338,10.63365377,11.22408996,10.7471476,10.64651511,10.04239272,10.14011288,10.67238146,10.71414378,10.83074815,10.79716495,10.89811002,11.19455667,10.83582837,10.8440255,11.18225224,10.91285114,10.99854474,11.31710616,10.96070057,10.9605652
"205278_at",5.383929678,5.819821912,5.010123639,4.731540383,5.317933078,5.136566556,5.695313259,4.895530306,4.978655305,5.496184708,4.860480163,5.361871966,4.9867319,4.682801432,4.834201153,4.771178179,4.903563609,5.014150831,4.618560565,4.631911684,4.85640073,4.939999324,4.763381385,4.785587019
"221847_at",7.503304905,8.025547752,8.121561515,8.273533427,7.940070503,7.499078821,7.32837029,7.582844471,7.83566181,7.589540927,8.264497519,7.879526666,7.504020374,7.731815315,7.699632216,7.8648228,7.626937716,8.219724608,7.854933688,7.278071491,7.954410703,8.571481111,8.187302548,7.597733849
"203425_s_at",7.513823881,6.527026155,6.758008782,6.401778396,6.607997976,6.14446891,6.238335273,6.350121952,6.581567893,6.62885612,6.548805091,6.399020159,6.180986162,6.22947717,6.076702716,6.290083174,6.353760003,6.128998181,6.148106721,6.459141975,6.006172474,5.899408361,6.029955508,6.365115694
"214241_at",6.73976025,7.678127178,6.95425553,6.936915158,6.893480613,7.065385964,7.438301771,7.044502171,7.889992678,6.497220256,7.074700057,6.791938081,7.25775671,6.939902992,7.599967459,7.405610687,6.799551251,7.184409674,7.348441855,7.34854734,7.272118473,6.785272809,7.198238669,7.050730493
"211375_s_at",8.530604887,8.80771772,8.224401886,8.916113221,8.724770592,8.450143285,9.210104571,8.458151462,8.907828622,8.230369078,8.83535837,8.102366106,8.171904024,8.121837985,8.56860118,8.737000793,8.230462363,8.56034337,8.198525502,8.153117301,8.335989838,8.633550392,9.059193063,8.161316168
"36545_s_at",6.522047804,6.44614164,6.06945347,5.937052642,5.887980737,6.049418242,6.0203645,6.687968717,5.659489485,5.695812951,6.648510659,5.436366605,6.066208119,6.320848085,6.510028797,6.015634917,6.116716397,6.229787668,6.264816189,6.614916017,5.830564081,5.87511845,6.242287694,6.214951812
"57532_at",8.58050922,8.347713197,8.311187367,8.38703142,8.40828328,8.306777306,9.097663466,9.205530149,7.974392696,8.741047503,8.198297892,8.011976713,8.107146409,8.180924814,8.235597637,7.993204149,8.215761031,8.212735858,8.251973674,8.330292333,8.028257075,7.8585547,8.023373307,8.188913776
"212080_at",8.900541434,8.608097818,8.857716217,8.604504204,8.428779401,9.077118061,8.60254488,8.276038312,7.93874443,8.844537569,8.797536005,9.258439011,8.654899156,8.712090088,9.019639595,9.011758697,8.876887243,9.199449421,8.912270545,9.271858645,8.603061009,8.44031786,8.465864689,9.141546495
"209084_s_at",6.987348602,6.986594613,6.899097471,7.000116933,6.955340645,7.020967606,6.620161473,7.145887773,6.989702974,6.815175071,6.85841086,7.483558177,7.284040708,7.029798653,7.326045937,7.801107293,7.147216112,7.428090181,7.651005555,7.178476052,7.033059924,8.057508746,7.182890352,7.285054964
"200883_at",8.929232038,8.56095701,8.967004271,9.509478266,9.285567044,9.421668472,9.026625027,8.779207637,9.348223098,8.978635762,9.190938055,8.992627937,8.950733498,8.84251129,9.139250844,9.546223515,8.307925416,9.368528457,9.262437067,8.758208541,9.386049278,9.550459879,9.54790664,9.055252542
"215200_x_at",8.15547265,7.84967748,7.603488502,7.643896161,6.850509831,7.425055929,7.628059853,7.83869392,7.6041255,7.746669094,7.672567643,7.593179462,7.612680053,8.486002504,7.62824399,7.492116101,8.048938201,7.338290929,7.824213258,8.109780395,7.51542076,7.264406655,7.465657354,7.762572179
"213177_at",6.647259243,6.744392766,6.66204827,6.73200728,6.51046174,6.365954955,6.361159018,6.943871973,6.717702618,6.77046094,7.029907848,6.154629262,6.408342738,6.959931326,6.350349218,6.368617614,6.911745733,6.125741554,6.320358188,6.95277288,6.171376132,5.970035,6.04511321,6.930174651
"222021_x_at",10.38410262,10.92165502,9.745665193,10.66610046,10.33051322,9.775253017,10.33155697,10.17516918,10.00672406,10.68553313,10.38226594,10.09902425,9.801968197,10.04924832,10.01340211,9.812556001,9.808214623,10.10770973,10.09309346,10.08649996,9.748879867,9.999532962,9.721796164,9.867833598
"209175_at",7.480402067,8.253759911,8.007330853,7.753665556,7.452435866,8.101200613,7.881121391,7.409984014,7.923776138,8.094167665,7.441492445,7.448861544,7.843651462,7.403136743,7.618460286,8.292744114,7.667887026,7.466519791,7.70073992,7.302419668,7.690850506,7.945684069,8.455137663,7.431007203
