"ID","Description","GeneRatio","BgRatio","RichFactor","FoldEnrichment","zScore","pvalue","p.adjust","qvalue","geneID","Count"
"GO:0002218","activation of innate immune response","104/2646","377/25615",0.275862068965517,2.67052414835666,11.0906894225929,2.50153248468876e-21,1.60698446816406e-17,9.91811172277269e-18,"Tlr2/Slc15a2/Trim30d/Zdhhc9/Mefv/Rnf170/Nr1d1/Oas1a/Rab13/Rnf144a/Mavs/Usp50/Tifab/Mndal/Tnip1/Gsdmd/Irak2/Cd274/Ifi206/S100a8/Nod1/Tnip3/Slc15a4/Sting1/Ikbke/Mapk14/Ifi213/Acod1/Tifa/Ufd1/Ogt/Rnf125/Ddx60/Appl2/Src/Parp1/Lyn/Naglu/Tbk1/Peli1/Trim12c/Zdhhc1/Cpt1a/Oas1c/Lyplal1/Eif2ak2/Nagk/Nod2/Oas1g/Sec14l1/Lgr4/Map2k3/Cd14/Pld3/Lbp/Xrcc6/Ifi203/Oas3/Tnfaip3/Ppp2ca/Abhd17a/Map2k6/Pld4/Trim30a/Slc46a2/Mfhas1/Clec4e/Traf6/Znfx1/Dhx58/Otulin/Tril/Tlr5/Ifi208/Pepd/Cav1/Tnip2/Trim30c/Nlrp3/Tax1bp1/Nlrc3/Ifi214/Irgm2/Ifi204/Slc15a3/Irf2/Trim65/Znrf1/Trim5/Trem2/Prkd1/Riok3/Irak3/Alpk1/Nploc4/Ticam2/Fcna/Irf4/Adcy7/Rnf135/Trim32/Casp6/Cd300lf/Rab7b",104
"GO:0002833","positive regulation of response to biotic stimulus","120/2646","485/25615",0.247422680412371,2.39521238048484,10.5287672439861,4.0172495469005e-20,1.29034055446444e-16,7.96382418942972e-17,"Tlr2/Slc15a2/Trim30d/Zdhhc9/Mefv/Rnf170/Unc13b/Nr1d1/Oas1a/Rab13/Rnf144a/Mavs/Usp50/Tifab/Mndal/Tnip1/Gsdmd/Irak2/Cd274/Rasgrp4/Ifi206/S100a8/Nod1/Tnip3/Slc15a4/Sting1/Ikbke/Emilin2/Mapk14/Ifi213/Acod1/Tifa/Sash1/Ufd1/Ogt/Rnf125/Fadd/Ddx60/Cd180/Appl2/Src/Fpr2/Parp1/Lyn/Naglu/Cadm1/Tbk1/Peli1/Ly86/Trim12c/Zdhhc1/Cpt1a/Oas1c/Lyplal1/Eif2ak2/Nagk/Nod2/Oas1g/Sec14l1/Lgr4/Map2k3/Cd14/Pld3/Lbp/Xrcc6/Ifi203/Oas3/Tnfaip3/Ppp2ca/Abhd17a/Pvr/Map2k6/Pld4/Trim30a/Gsdme/Slc46a2/Mfhas1/Clec4e/Polr3b/Traf6/Znfx1/Dhx58/Otulin/Il18rap/Tril/Tlr5/Ifi208/Pepd/Cav1/Tnip2/Trim30c/Nlrp3/Tax1bp1/Nlrc3/Ifi214/Irgm2/Ifi204/Slc15a3/Irf2/Trim65/Znrf1/Trim5/Adam8/Trem2/Prkd1/Riok3/Irak3/Alpk1/Nploc4/Ticam2/Fcna/Irf4/Adcy7/Rnf135/Mr1/Trim32/Plscr1/Casp6/Cd300lf/Rab7b",120
"GO:0045089","positive regulation of innate immune response","113/2646","454/25615",0.248898678414097,2.40950100059603,10.2847074991827,3.10812331104414e-19,6.65552805004919e-16,4.10771056486007e-16,"Tlr2/Slc15a2/Trim30d/Zdhhc9/Mefv/Rnf170/Nr1d1/Oas1a/Rab13/Rnf144a/Mavs/Usp50/Tifab/Mndal/Tnip1/Gsdmd/Irak2/Cd274/Rasgrp4/Ifi206/S100a8/Nod1/Tnip3/Slc15a4/Sting1/Ikbke/Mapk14/Ifi213/Acod1/Tifa/Ufd1/Ogt/Rnf125/Fadd/Ddx60/Appl2/Src/Fpr2/Parp1/Lyn/Naglu/Cadm1/Tbk1/Peli1/Trim12c/Zdhhc1/Cpt1a/Oas1c/Lyplal1/Eif2ak2/Nagk/Nod2/Oas1g/Sec14l1/Lgr4/Map2k3/Cd14/Pld3/Lbp/Xrcc6/Ifi203/Oas3/Tnfaip3/Ppp2ca/Abhd17a/Pvr/Map2k6/Pld4/Trim30a/Slc46a2/Mfhas1/Clec4e/Polr3b/Traf6/Znfx1/Dhx58/Otulin/Il18rap/Tril/Tlr5/Ifi208/Pepd/Cav1/Tnip2/Trim30c/Nlrp3/Tax1bp1/Nlrc3/Ifi214/Irgm2/Ifi204/Slc15a3/Irf2/Trim65/Znrf1/Trim5/Adam8/Trem2/Prkd1/Riok3/Irak3/Alpk1/Nploc4/Ticam2/Fcna/Irf4/Adcy7/Rnf135/Trim32/Plscr1/Casp6/Cd300lf/Rab7b",113
"GO:0006979","response to oxidative stress","110/2646","451/25615",0.24390243902439,2.36113415555924,9.89833033630055,4.65864621291578e-18,5.36085059637511e-15,3.30865146473294e-15,"Alox5/Pdgfd/Mctp1/Stx4a/Hif1a/Ripk3/Idh1/Cul3/Txn1/Chchd4/Jak2/Cd38/Psma2/Mdm2/Axl/Capn2/Hyal2/Lig1/Rgs14/Epor/Keap1/Tbc1d24/Prkn/Selenos/Foxo3/Slc7a11/Hk3/Mmp9/Etv5/Sod2/Ppp2cb/Atp13a2/Atox1/Hgf/Tor1a/Src/Prr5l/Edn1/Zc3h12a/Parp1/Cbx8/Aldh3b1/Cygb/Prkra/Htra2/Psmb3/Naglu/Rcan1/Dram1/Map3k5/Setx/Slc11a2/Abcd1/Prdx5/Jun/Atm/Bcl2/Ptgs2/Lck/Mmp14/Psmb6/Gab1/Txnrd2/Prnp/Adam9/Msrb2/Slc25a24/Aif1/Pld2/Sphk1/Tnfaip3/Plekha1/Ide/Gsr/Txnrd1/Glrx/Ptgs1/Il18rap/Mapk13/Cdk1/Psma6/Bmp4/Als2/Lcn2/Chek2/Pml/Stx2/Ppp1r15b/Fut8/Aqp1/Fos/Prdx6/Slc8a1/Comt/Foxo4/Trpm2/Gpx7/Prkd1/Hmox2/Gch1/Capn1/Cat/Rbfox2/Klf4/Naprt/Psmb5/Smpd3/Fer/Trim32/Casp6",110
"GO:0002274","myeloid leukocyte activation","83/2646","293/25615",0.283276450511945,2.7423001813543,10.1805295403922,4.69627710736338e-18,5.36085059637511e-15,3.30865146473294e-15,"Tlr2/Stx4a/Myo1f/Nr1d1/Nr4a1/Cnr2/Traf3ip2/Fcgr4/Jak2/Tslp/Bcr/Relb/Gnai1/Tmem106a/D6Wsu163e/Stard7/Ctsc/Hyal2/Ager/Dock2/Card6/Batf3/Anxa3/Src/Fpr2/Zc3h12a/Lyn/Clec12a/Cd244a/Tspan32/Tnfsf9/Naglu/Stxbp1/Unc13d/Stk39/Myo18a/Ighm/Jun/Atm/Itgam/Cd84/Cst7/Ccl3/Il4ra/Adam9/Stxbp3/Kcnn4/Adora2b/Aif1/Pld2/Lbp/Sphk1/Thbs1/Tgfbr2/Mmp8/Mfhas1/Csf1r/Traf6/Epsti1/Il18rap/Pram1/Il15/Syt11/Tnip2/Rabgef1/Batf/Crtc3/Cd48/Cx3cl1/Cx3cr1/Trem2/Cd37/Cd300lb/Ndrg1/Clec4d/Fcer1g/Calhm2/Irf4/Stx11/Fer/Plscr1/Adora3/Cd300lf",83
"GO:0006935","chemotaxis","114/2646","476/25615",0.239495798319328,2.31847500905124,9.85516632916291,5.00702110495807e-18,5.36085059637511e-15,3.30865146473294e-15,"Alox5/Pdgfd/Tnfsf14/Ccl12/Cxcl1/Stx4a/Alkbh1/Nr4a1/Cnr2/Sema6d/Agrn/Rab13/Ccrl2/Ackr3/Cmtm8/Cxcl13/Sema4d/Vegfb/Ccl19/Rac3/Plxna4/Pde4d/Ptpro/Tnfaip6/Gpr183/Fpr1/Ccl8/Ager/Gpr35/Ccr5/Dock2/Plekhg5/S100a8/Mmp9/Trem1/Slamf9/Jaml/C5ar2/Hgf/Wnk1/Cxcl2/Fpr2/Edn1/Tgfb2/Lyn/Sema6a/Stk39/Tubb2b/Trpm4/Nod2/Sema4a/Ccl4/Itgam/Gab1/Cysltr1/Lgr4/Ccl3/Sema6b/Smad3/Mtus1/Eng/Itga9/Padi2/Mpp1/Pdgfa/Aif1/Lbp/Trpv4/Tsc2/Thbs1/Sema3f/Rin3/Fgfr1/Nbl1/Cxcl12/Gas6/St6gal1/Csf1r/C3ar1/P2ry12/Cmtm3/Saa3/Pdgfb/Camk1d/Ear2/Pde4b/Bmp4/Elmo2/Enpp2/Mapk3/Cxcl10/Ccl24/Mycbp2/Slc12a2/Sema4c/Cx3cl1/Cx3cr1/Trpm2/Adam8/Trem2/Prkd1/Egr3/Ccn1/Fcer1g/Sema7a/Nrp1/Rtn4rl1/Gpr18/Il1b/Plcb2/Kdr/Fer/Il16/Ccl6",114
"GO:0042330","taxis","114/2646","478/25615",0.238493723849372,2.3087742767958,9.8035767906558,7.00828556251584e-18,6.43160377908596e-15,3.96950724175073e-15,"Alox5/Pdgfd/Tnfsf14/Ccl12/Cxcl1/Stx4a/Alkbh1/Nr4a1/Cnr2/Sema6d/Agrn/Rab13/Ccrl2/Ackr3/Cmtm8/Cxcl13/Sema4d/Vegfb/Ccl19/Rac3/Plxna4/Pde4d/Ptpro/Tnfaip6/Gpr183/Fpr1/Ccl8/Ager/Gpr35/Ccr5/Dock2/Plekhg5/S100a8/Mmp9/Trem1/Slamf9/Jaml/C5ar2/Hgf/Wnk1/Cxcl2/Fpr2/Edn1/Tgfb2/Lyn/Sema6a/Stk39/Tubb2b/Trpm4/Nod2/Sema4a/Ccl4/Itgam/Gab1/Cysltr1/Lgr4/Ccl3/Sema6b/Smad3/Mtus1/Eng/Itga9/Padi2/Mpp1/Pdgfa/Aif1/Lbp/Trpv4/Tsc2/Thbs1/Sema3f/Rin3/Fgfr1/Nbl1/Cxcl12/Gas6/St6gal1/Csf1r/C3ar1/P2ry12/Cmtm3/Saa3/Pdgfb/Camk1d/Ear2/Pde4b/Bmp4/Elmo2/Enpp2/Mapk3/Cxcl10/Ccl24/Mycbp2/Slc12a2/Sema4c/Cx3cl1/Cx3cr1/Trpm2/Adam8/Trem2/Prkd1/Egr3/Ccn1/Fcer1g/Sema7a/Nrp1/Rtn4rl1/Gpr18/Il1b/Plcb2/Kdr/Fer/Il16/Ccl6",114
"GO:0002221","pattern recognition receptor signaling pathway","89/2646","332/25615",0.268072289156627,2.59511401615532,9.92908090186427,1.39616801413641e-17,1.12112291535153e-14,6.91943360356235e-15,"Tlr2/Slc15a2/Zdhhc9/Mefv/Rnf170/Nr1d1/Oas1a/Rab13/Rnf144a/Mavs/Usp50/Tifab/Tnip1/Gsdmd/Irak2/Cd274/S100a8/Nod1/Tnip3/Slc15a4/Sting1/Mapk14/Acod1/Tifa/Ufd1/Ogt/Rnf125/Ddx60/Appl2/Src/Parp1/Lyn/Naglu/Tbk1/Peli1/Zdhhc1/Cpt1a/Oas1c/Lyplal1/Eif2ak2/Nagk/Nod2/Oas1g/Sec14l1/Lgr4/Map2k3/Cd14/Pld3/Lbp/Oas3/Tnfaip3/Ppp2ca/Abhd17a/Map2k6/Pld4/Trim30a/Slc46a2/Mfhas1/Clec4e/Traf6/Dhx58/Otulin/Tril/Tlr5/Pepd/Cav1/Tnip2/Nlrp3/Tax1bp1/Nlrc3/Irgm2/Slc15a3/Irf2/Trim65/Znrf1/Trem2/Prkd1/Riok3/Irak3/Alpk1/Nploc4/Ticam2/Fcna/Irf4/Adcy7/Rnf135/Trim32/Cd300lf/Rab7b",89
"GO:0002758","innate immune response-activating signaling pathway","89/2646","342/25615",0.260233918128655,2.51923348936716,9.60001160933564,1.04524911042838e-16,7.46075587265768e-14,4.60468733502389e-14,"Tlr2/Slc15a2/Zdhhc9/Mefv/Rnf170/Nr1d1/Oas1a/Rab13/Rnf144a/Mavs/Usp50/Tifab/Tnip1/Gsdmd/Irak2/Cd274/S100a8/Nod1/Tnip3/Slc15a4/Sting1/Mapk14/Acod1/Tifa/Ufd1/Ogt/Rnf125/Ddx60/Appl2/Src/Parp1/Lyn/Naglu/Tbk1/Peli1/Zdhhc1/Cpt1a/Oas1c/Lyplal1/Eif2ak2/Nagk/Nod2/Oas1g/Sec14l1/Lgr4/Map2k3/Cd14/Pld3/Lbp/Oas3/Tnfaip3/Ppp2ca/Abhd17a/Map2k6/Pld4/Trim30a/Slc46a2/Mfhas1/Clec4e/Traf6/Dhx58/Otulin/Tril/Tlr5/Pepd/Cav1/Tnip2/Nlrp3/Tax1bp1/Nlrc3/Irgm2/Slc15a3/Irf2/Trim65/Znrf1/Trem2/Prkd1/Riok3/Irak3/Alpk1/Nploc4/Ticam2/Fcna/Irf4/Adcy7/Rnf135/Trim32/Cd300lf/Rab7b",89
"GO:0002768","immune response-regulating cell surface receptor signaling pathway","92/2646","369/25615",0.249322493224932,2.41360380346056,9.28340244136109,5.88960353469713e-16,3.78348131068944e-13,2.33511842110781e-13,"Cd79b/Tlr2/Rnf31/Nr1d1/Oas1a/Eif2b2/Rab13/Fcgr4/Cd38/Lpxn/Lipa/Btnl9/Pde4d/Sh2b2/Fpr1/Vav2/Irak2/Mef2c/Cblb/Blnk/Cd40/Ceacam1/Cd274/Tnip3/Cd80/Lilra5/Cd28/Acod1/C5ar2/Wnk1/Appl2/Cd72/Fpr2/Malt1/Zc3h12a/Lyn/Naglu/Tbk1/Peli1/Ighm/Oas1c/Clec2i/Nod2/Oas1g/Itgam/Bcl2/Lck/Prnp/Cd47/Cd14/Kcnn4/Lbp/Cd53/Bcl2a1d/Tnfaip3/Plekha1/Cd4/Cd81/Mfhas1/Clec4e/Fosl2/Lilra6/Traf6/C3ar1/Rgcc/Cmtm3/Tril/Pram1/Dusp22/Tlr5/Pde4b/Cav1/Tnip2/Tax1bp1/Rabgef1/Fcgr2b/Znrf1/Sos1/Trem2/Clec4d/Fcer1g/Ticam2/Fcna/Lair1/Plcg1/Psen2/Fer/Tec/Trim32/Plscr1/Rab29/Rab7b",92
"GO:0007249","canonical NF-kappaB signal transduction","87/2646","341/25615",0.255131964809384,2.46984326477414,9.27414334470905,8.3699056982508e-16,4.88802492777847e-13,3.016829241218e-13,"Prmt2/Tnfsf14/Tlr2/Trim30d/Card10/Rnf31/1700017B05Rik/Nr1d1/Traf3ip2/Ccl19/Mavs/Jmjd8/Tgm2/Relb/Tifab/Tnip1/Nfkbib/Irak2/Lrrc25/Cd40/Per1/Prkn/Rassf2/Nod1/Tnip3/Ikbke/Card6/Ppp2cb/Trim30b/Tifa/Tnfrsf11a/Fadd/Dhx15/Malt1/Zc3h12a/Trim21/Parp1/Litaf/Ube2i/Tbk1/Peli1/Myo18a/Trim12c/Stat3/Eif2ak2/Nagk/Trim12a/Nod2/Bcl3/Tmc8/Tnfsf10/Tnfaip3/Cd4/Trim30a/Arrb1/Traf6/Il1r1/Birc2/Tfrc/Ikbip/Saa3/Psma6/Cav1/Tnip2/Trim30c/Tax1bp1/Nlrc3/Irgm2/Camk2a/Cx3cl1/Cx3cr1/Trim5/Adam8/Trem2/Prkd1/Riok3/Clec4d/Slc39a8/Cat/Irak3/Alpk1/Ticam2/Klf4/Stat1/Il1b/Traf1/Trim32",87
"GO:0001666","response to hypoxia","85/2646","332/25615",0.256024096385542,2.47847967835059,9.20306899032089,1.43985501452405e-15,7.70802384441874e-13,4.75729810494573e-13,"Prmt2/Ccnd1/Hif1a/Mtor/Cd38/Vegfb/Acot2/Tacc3/Hilpda/Slc29a1/Mdm2/Angptl4/Capn2/Ang/Slc2a1/Ager/Foxo3/Adam15/Cd24a/Sod2/Ddit4/Ogt/Edn1/Tgfb2/Cygb/Wtip/Cpt1a/Ccnb1/Stat3/Itpr2/Jun/Higd1a/Atm/Bcl2/Ptgs2/Slc2a8/Hk2/Mmp14/Egr1/Cysltr1/Egln2/Smad3/Eng/Pld2/Trpv4/Tsc2/Plekhn1/Fosl2/Birc2/Tfrc/Pparg/Rgcc/Cbfa2t3/Acaa2/Tek/Dnmt3a/Sirt4/Tgfb3/Bmp2/Cav1/Lcn2/Pml/Ptpn1/Aqp1/Pgk1/Fos/Slc8a1/Epha4/Alas1/Ccna2/Pdk3/Comt/Adam8/Trem2/E2f1/Hmox2/Ndrg1/Pin1/Cpeb2/Plau/Cat/Nf1/Pdk1/Kdr/Itpr1",85
"GO:0050900","leukocyte migration","98/2646","412/25615",0.237864077669903,2.30267889248472,9.04737190984136,1.77010316295415e-15,8.7470328606288e-13,5.39856177039439e-13,"Alox5/Pdgfd/Tnfsf14/Ccl12/Tlr2/Cxcl1/Gcnt1/Ripk3/Eps8/Cnr2/Cxcl13/Vegfb/Ccl19/Bcr/Rac3/Pde4d/Gnai1/Cmtm4/Ptpro/Tnfaip6/Gpr183/Ccl8/Ager/Gpr35/S100a8/Mmp9/Trem1/Slamf9/Jaml/Ext1/C5ar2/Wnk1/Fadd/St3gal4/Selplg/Cxcl2/Fpr2/Edn1/Spn/Tgfb2/Lyn/Cadm1/Dock8/Ggt5/Stk39/Asb2/Trpm4/Nod2/Ccl4/Itgam/Mmp14/Ccl3/Mtus1/Itga9/Padi2/Cd47/Kcnn4/Mpp1/Podxl/Aif1/Lbp/Trpv4/Thbs1/Stk10/Rin3/Nbl1/Cxcl12/Gas6/Cd81/Csf1r/Il1r1/C3ar1/P2ry12/Cd99l2/Pdgfb/Camk1d/Pde4b/Icam2/Mapk3/Cxcl10/Ccl24/Rabgef1/Cd200r1/Cyp4f13/Slc12a2/Cx3cl1/Cx3cr1/Trpm2/Adam8/Trem2/Fcer1g/Capn1/Gpr18/Il1b/Smpd3/Fer/Il16/Adora3",98
"GO:0007264","small GTPase-mediated signal transduction","106/2646","468/25615",0.226495726495726,2.19262586326078,8.83785022897393,4.35001336835103e-15,1.98419603761824e-12,1.22462154245112e-12,"Arhgap19/Rgl3/Eps8/Cul3/Agrn/Rnd3/Cxcl13/Sema4d/Ccl19/Nradd/Bcr/Rac3/Tgm2/Lipa/Chml/Dennd4a/Usp50/Rnd1/Rab39/Bcar3/Rhoj/Scai/Sh2b2/Vav2/Rasgrp2/Cdc42ep3/Rasgrp3/Dock10/Timp2/Rasgrp4/Sipa1l1/Dock2/Adrb1/Rasa2/Ralbp1/Arhgap45/Mras/Tiam2/Cyth1/Ralgds/Ccdc88c/Ppp2cb/Cdc42ep1/Ogt/Gna12/Arhgap12/Rras/Wnk1/Dennd3/Psd3/Src/Rab4b/Arhgap24/Tgfb2/Arhgap9/Dock8/Dok1/Grap/Arhgef15/Spry4/Cdkl5/Dbnl/Stard8/Arhgef10/Nfix/Gna13/Arhgef18/Aif1/Kank3/Tsc2/Arhgap18/Arhgap22/Arrb1/Lztr1/Arhgap15/Itsn1/Pdpn/Sipa1l2/Ssx2ip/Rhou/Rhobtb1/Rnd2/Als2/Sgsm3/Rapgef4/Map4k4/Rabgef1/Arhgef10l/Spry1/Ccna2/Kank2/Sos1/Rasgef1b/Sipa1/Pin1/Igf1/Nrp1/Nf1/Arhgef3/Rap2a/Rasgrf2/Col3a1/Cdc42ep5/Ophn1/Rasa3/Cdc42ep2",106
"GO:0032496","response to lipopolysaccharide","102/2646","443/25615",0.230248306997743,2.22895328183945,8.8560682312301,4.63308539294422e-15,1.98419603761824e-12,1.22462154245112e-12,"Fmo1/Trim30d/Irf8/Nr1d1/Nr4a1/Cnr2/Fcgr4/Jak2/Cxcl13/Bcr/Pde4d/Tifab/Tnip1/Nfkbib/Axl/Capn2/Irak2/Mef2c/Ptger2/Cd274/Ccr5/Selenos/S100a8/Tnip3/Cd80/Sod2/Cmpk2/Mapk14/Acod1/Tnfrsf11a/Sash1/Tnfrsf1b/Ogt/Acp5/Cd180/Cxcl2/Malt1/Edn1/Zc3h12a/Lyn/Slc7a5/Naglu/Ass1/Litaf/Peli1/Akap12/Ly86/Trim12c/Eif2ak2/Cdk19/Nod2/Jun/Ptgs2/Cd84/Pde2a/Cd68/Map2k3/Cebpb/Cd14/Adam9/Lbp/Tnfaip3/Bin1/Mmp8/Trim30a/Fosl2/Traf6/Ikbip/Prdm1/Hpgd/Smad6/Epsti1/Pde4b/Ace/Adm/Lcn2/Tnip2/Plscr3/Mapk3/Cxcl10/Trim30c/Nlrp3/Nlrc3/Irgm2/Fos/Slc12a2/Cx3cl1/Cx3cr1/Trim5/Noct/Trem2/E2f1/Cd300lb/Gch1/Plscr4/Irak3/Ticam2/Slpi/Stat1/Il1b/Fer/Plscr1",102
"GO:0002237","response to molecule of bacterial origin","104/2646","459/25615",0.226579520697168,2.19343704560013,8.75684460695062,7.70284253628339e-15,3.09269127831778e-12,1.90877125635473e-12,"Tlr2/Fmo1/Trim30d/Irf8/Nr1d1/Nr4a1/Cnr2/Fcgr4/Jak2/Cxcl13/Bcr/Pde4d/Tifab/Tnip1/Nfkbib/Axl/Capn2/Irak2/Mef2c/Ptger2/Cd274/Ccr5/Selenos/S100a8/Tnip3/Cd80/Cd24a/Sod2/Cmpk2/Mapk14/Acod1/Tnfrsf11a/Sash1/Tnfrsf1b/Ogt/Acp5/Cd180/Cxcl2/Malt1/Edn1/Zc3h12a/Lyn/Slc7a5/Naglu/Ass1/Litaf/Peli1/Akap12/Ly86/Trim12c/Eif2ak2/Cdk19/Nod2/Jun/Ptgs2/Cd84/Pde2a/Cd68/Map2k3/Cebpb/Cd14/Adam9/Lbp/Tnfaip3/Bin1/Mmp8/Trim30a/Fosl2/Traf6/Ikbip/Prdm1/Hpgd/Smad6/Epsti1/Pde4b/Ace/Adm/Lcn2/Tnip2/Plscr3/Mapk3/Cxcl10/Trim30c/Nlrp3/Nlrc3/Irgm2/Fos/Slc12a2/Cx3cl1/Cx3cr1/Trim5/Noct/Trem2/E2f1/Cd300lb/Gch1/Plscr4/Irak3/Ticam2/Slpi/Stat1/Il1b/Fer/Plscr1",104
"GO:0050727","regulation of inflammatory response","100/2646","434/25615",0.230414746543779,2.23056452483707,8.77557026299796,8.18976214350631e-15,3.09476658881674e-12,1.91005211262907e-12,"Prmt2/Ncf1/Alox5/Tlr2/Clcf1/Zdhhc9/Mefv/Daglb/1700017B05Rik/Nr1d1/Jak2/Osm/Tslp/Bcr/Ctla2a/Hpse/Tnfaip6/Fndc4/Tnip1/Gsdmd/Ctsc/Hyal2/Ager/Socs3/Ccr5/Selenos/S100a8/Sting1/Arel1/Cd24a/Lilra5/Map3k8/Adora2a/Cd28/Acod1/Tnfrsf11a/Tnfrsf1b/Hgf/Acp5/Ptges/Fpr2/Spn/Lyn/Clec12a/Stk39/Napepld/Stat3/Mgll/Nod2/Atm/Ptgs2/Pde2a/Cst7/Ccl3/Smad3/Cebpb/Cd47/Abhd12/Kcnn4/Nupr1/Adora2b/Lbp/Trpv4/Aoah/Sphk1/Tnfaip3/Mmp8/Fabp4/Cd81/Mfhas1/Csf1r/Il1r1/Pparg/Otulin/Mapk13/Syt11/Psma6/Mapk3/Nlrp3/Ccl24/Nlrc3/Irgm2/Rabgef1/Cd200r1/Trim65/Cx3cl1/Cx3cr1/Adam8/Trem2/Fcer1g/Slc39a8/Sema7a/Igf1/Calhm2/Tnfaip8l2/Il1b/Traf1/Nfatc1/Il16/Adora3",100
"GO:0009636","response to toxic substance","72/2646","266/25615",0.270676691729323,2.62032632601913,9.01624012323586,1.00176028525158e-14,3.57517115136453e-12,2.20655193685713e-12,"Gstt1/Hif1a/Ephx1/Prxl2a/Haghl/Txn1/Mt2/Gstz1/Mdm2/Esd/Hp/Prkn/Selenos/Ralbp1/S100a8/Slc7a11/Scn1b/Sod2/Pon3/Nnt/Inhbb/Mt1/Ptges/Dhx15/Edn1/Cygb/Lyn/Inmt/Htra2/Ass1/Cpox/Hbb-bs/Ccnb1/Eif2ak2/Prdx5/Bcl2/Ptgs2/Txnrd2/Ccl3/Nupr1/Gsr/Txnrd1/Abcb1a/Aldh2/Slc30a4/Gatd1/Ptgs1/Dnmt3a/Cdk1/Lcn2/Pim1/Mapk3/Ltc4s/Cnp/Fos/Mbp/Prdx6/Mgst3/Ppp1r9a/Alas1/Prxl2b/Comt/Fas/Abtb2/Gpx7/Gch1/Slc39a8/Cat/Gstt2/Akr7a5/Rab29/Pnkd",72
"GO:0043122","regulation of canonical NF-kappaB signal transduction","79/2646","307/25615",0.257328990228013,2.49111189897602,8.92099075602627,1.06676000059484e-14,3.60677170727435e-12,2.2260554137248e-12,"Prmt2/Tnfsf14/Tlr2/Trim30d/Card10/Rnf31/1700017B05Rik/Nr1d1/Traf3ip2/Ccl19/Mavs/Jmjd8/Tgm2/Tifab/Tnip1/Nfkbib/Irak2/Cd40/Per1/Prkn/Nod1/Tnip3/Ikbke/Card6/Ppp2cb/Trim30b/Tifa/Tnfrsf11a/Fadd/Dhx15/Malt1/Zc3h12a/Parp1/Litaf/Ube2i/Tbk1/Peli1/Trim12c/Stat3/Eif2ak2/Nagk/Trim12a/Nod2/Tmc8/Tnfsf10/Tnfaip3/Cd4/Trim30a/Arrb1/Traf6/Il1r1/Birc2/Tfrc/Ikbip/Psma6/Cav1/Tnip2/Trim30c/Tax1bp1/Nlrc3/Irgm2/Camk2a/Cx3cl1/Cx3cr1/Trim5/Trem2/Prkd1/Riok3/Clec4d/Slc39a8/Cat/Irak3/Alpk1/Ticam2/Klf4/Stat1/Il1b/Traf1/Trim32",79
"GO:0036293","response to decreased oxygen levels","89/2646","369/25615",0.241192411924119,2.33489933160858,8.76653535006719,1.46263771063065e-14,4.69799232654565e-12,2.8995434424231e-12,"Prmt2/Ccnd1/Hif1a/Mtor/Parp2/Cd38/Vegfb/Acot2/Tacc3/Hilpda/Slc29a1/Mdm2/Angptl4/Capn2/Ang/Slc2a1/Ager/Foxo3/Adam15/Cd24a/Sod2/Ddit4/Eef2k/Ogt/Edn1/Tgfb2/Cygb/Dram1/Wtip/Cpt1a/Ccnb1/Stat3/Itpr2/Jun/Higd1a/Atm/Bcl2/Ptgs2/Slc2a8/Hk2/Mmp14/Egr1/Cysltr1/Egln2/Smad3/Eng/Pld2/Trpv4/Tsc2/Plekhn1/Fosl2/Birc2/Tfrc/Pparg/Rgcc/Cbfa2t3/Acaa2/Acvr2a/Tek/Dnmt3a/Sirt4/Tgfb3/Bmp2/Cav1/Lcn2/Pml/Ptpn1/Aqp1/Pgk1/Fos/Slc8a1/Epha4/Alas1/Ccna2/Pdk3/Comt/Adam8/Trem2/E2f1/Hmox2/Ndrg1/Pin1/Cpeb2/Plau/Cat/Nf1/Pdk1/Kdr/Itpr1",89
"GO:0060326","cell chemotaxis","82/2646","330/25615",0.248484848484848,2.40549485787581,8.72202506988211,2.75478395093606e-14,8.42701528610156e-12,5.20105083483208e-12,"Alox5/Pdgfd/Tnfsf14/Ccl12/Cxcl1/Nr4a1/Cnr2/Rab13/Ccrl2/Ackr3/Cxcl13/Vegfb/Ccl19/Rac3/Pde4d/Ptpro/Tnfaip6/Gpr183/Ccl8/Gpr35/Ccr5/Plekhg5/S100a8/Mmp9/Trem1/Slamf9/Jaml/C5ar2/Hgf/Wnk1/Cxcl2/Fpr2/Edn1/Tgfb2/Lyn/Stk39/Trpm4/Nod2/Ccl4/Itgam/Gab1/Ccl3/Mtus1/Eng/Itga9/Padi2/Mpp1/Aif1/Lbp/Trpv4/Thbs1/Rin3/Fgfr1/Nbl1/Cxcl12/Gas6/Csf1r/C3ar1/Saa3/Pdgfb/Camk1d/Pde4b/Elmo2/Enpp2/Mapk3/Cxcl10/Ccl24/Slc12a2/Cx3cl1/Cx3cr1/Trpm2/Adam8/Prkd1/Egr3/Fcer1g/Nrp1/Gpr18/Il1b/Plcb2/Kdr/Il16/Ccl6",82
"GO:0062197","cellular response to chemical stress","86/2646","360/25615",0.238888888888889,2.31259973125053,8.5128004590592,7.26954393151042e-14,2.12270682800104e-11,1.31010870931812e-11,"Alox5/Pdgfd/Stx4a/Hif1a/Mtor/Ripk3/Cul3/Txn1/Chchd4/Relb/Tifab/Mdm2/Axl/Ang/Slc2a1/Keap1/Slc12a6/Tbc1d24/Prkn/Selenos/Foxo3/Slc7a11/Hk3/Etv5/Sod2/Atp13a2/Hgf/Fxyd2/Wnk1/Src/Prr5l/Edn1/Zc3h12a/Parp1/Cbx8/Aldh3b1/Cygb/Prkra/Htra2/Naglu/Map3k5/Setx/Slc11a2/Stk39/Abcd1/Prdx5/Atm/Ptgs2/Slc25a24/Aif1/Trpv4/Xrcc6/Sphk1/Tnfaip3/Plekha1/Gsr/Glrx/Il18rap/Mapk13/Cdk1/Bmp4/Scn7a/Cav1/Lcn2/Pml/Mylk/Nlrp3/Stx2/Fut8/Aqp1/Slc25a23/Fos/Slc8a1/Foxo4/Fas/Trpm2/Gpx7/Prkd1/Gch1/Capn1/Cat/Micu1/Rbfox2/Klf4/Smpd3/Fer",86
"GO:1901136","carbohydrate derivative catabolic process","72/2646","277/25615",0.259927797833935,2.51627004592451,8.61177853588065,9.3090400358424e-14,2.58568690993304e-11,1.59585435708198e-11,"Prkaca/Gpd1l/Hif1a/Mtor/Prkag2/Mpi/Gda/Ctsl/Pfkp/Jmjd8/Lipa/Pde4d/Sgsh/Hpse/Gba2/Galk1/Cela1/Pgam1/Eno3/Hyal2/Arsb/Chil3/Hk3/Idua/Hyal3/Npl/Ddit4/Hgsnat/Samhd1/Ogt/Src/Naglu/Amdhd2/Stat3/Pkm/Nagk/Man2b1/Sulf2/Pde8b/Hk2/Pde2a/Nupr1/Pde4a/Aoah/Ppp2ca/Eif6/Glb1/Cbfa2t3/Entpd5/Ahcy/Manba/Pde4b/Pde4c/Cemip2/Ids/Galm/Uchl1/Nudt1/Hexb/Hexa/Pgk1/Neu1/Upp2/Pfkfb3/Nudt16/Igf1/Gnpda1/Pfkfb4/Adpgk/Pde7a/Pde7b/Zbtb20",72
"GO:0001818","negative regulation of cytokine production","81/2646","331/25615",0.244712990936556,2.36898082495838,8.50846173014926,9.66010053524176e-14,2.58568690993304e-11,1.59585435708198e-11,"Tlr2/Mefv/Chid1/Oas1a/Cul3/Jak2/Relb/Hdac7/Axl/Ager/Ceacam1/Cd274/Selenos/Arg2/Cd24a/Lilra5/Acod1/Inhbb/Nav3/C5ar2/Ufd1/Hgf/Rnf125/Acp5/Appl2/Zc3h12a/Parp1/Tgfb2/Hfe/Oas1c/Abcd1/Stat3/Nod2/Oas1g/Bcl3/Cd84/Lgr4/Prnp/N4bp1/Lbp/Thbs1/Bst2/Oas3/Tnfaip3/Fgfr1/Sigirr/Trim30a/Gas6/Arrb1/Il1r2/Pparg/Atg9a/Dhx58/Rgcc/Vsir/Arg1/Furin/Syt11/Tgfb3/Pml/Nlrp3/Bank1/Abcd2/Nlrc3/Irgm2/Trib2/Rabgef1/Cd200r1/Irf2/Cx3cl1/Cx3cr1/Trem2/Irak3/Nploc4/Igf1/Ticam2/Gpr18/Siglec1/Srgn/Klf4/Adcy7",81
"GO:0002429","immune response-activating cell surface receptor signaling pathway","82/2646","339/25615",0.24188790560472,2.34163216253397,8.4399857881239,1.34123538507323e-13,3.44643844548417e-11,2.12709968423176e-11,"Cd79b/Tlr2/Rnf31/Nr1d1/Oas1a/Eif2b2/Rab13/Cd38/Lpxn/Lipa/Btnl9/Pde4d/Sh2b2/Fpr1/Irak2/Mef2c/Cblb/Blnk/Ceacam1/Cd274/Tnip3/Cd80/Cd28/Acod1/C5ar2/Wnk1/Appl2/Cd72/Fpr2/Malt1/Zc3h12a/Lyn/Naglu/Tbk1/Peli1/Ighm/Oas1c/Clec2i/Nod2/Oas1g/Itgam/Bcl2/Lck/Prnp/Cd47/Cd14/Kcnn4/Lbp/Cd53/Bcl2a1d/Tnfaip3/Plekha1/Cd4/Cd81/Mfhas1/Fosl2/Traf6/C3ar1/Rgcc/Cmtm3/Tril/Pram1/Dusp22/Tlr5/Pde4b/Cav1/Tnip2/Tax1bp1/Rabgef1/Znrf1/Sos1/Trem2/Fcer1g/Ticam2/Fcna/Plcg1/Psen2/Tec/Trim32/Plscr1/Rab29/Rab7b",82
"GO:0045765","regulation of angiogenesis","79/2646","323/25615",0.244582043343653,2.3677131671382,8.39590046282419,2.00662299573036e-13,4.95790235560456e-11,3.05995673559079e-11,"Tspan12/Alox5/Hif1a/C6/Ramp2/Ccm2/Stab1/Pik3r6/Vegfb/Adamts1/Jmjd8/Tgm2/Hpse/Cela1/Rhoj/Sp100/Rnh1/Cd40/Aplnr/Ceacam1/Add1/Jup/Mmp9/Ppp1r16b/Adgrg6/Gtf2i/Emilin2/Sash1/Hgf/Anxa3/Rras/Wnk1/Zc3h12a/Tgfb2/Jcad/Sema6a/Cldn5/Stat3/Pkm/Sema4a/Hk2/Tspan18/Gab1/Cysltr1/Eng/Sphk1/Thbs1/Tgfbr2/Pdcd6/Csprs/C3ar1/Pparg/Rgcc/Tek/Ago1/Akt3/Adm/Cemip2/Pml/Cxcl10/Lrg1/Serpinf1/Ccl24/Aqp1/Pgk1/Slc12a2/Foxo4/Cx3cl1/Cx3cr1/Prkd1/Nrp1/Nf1/Klf4/Stat1/Plcg1/Il1b/Acvrl1/Kdr/Gadd45a",79
"GO:1901342","regulation of vasculature development","80/2646","330/25615",0.242424242424242,2.34682425158616,8.35793515802221,2.34460216743952e-13,5.57841641615981e-11,3.44293042949149e-11,"Tspan12/Alox5/Hif1a/C6/Ramp2/Ccm2/Stab1/Pik3r6/Vegfb/Adamts1/Jmjd8/Tgm2/Hpse/Cela1/Rhoj/Sp100/Rnh1/Cd40/Aplnr/Ceacam1/Add1/Jup/Mmp9/Ppp1r16b/Adgrg6/Gtf2i/Emilin2/Sash1/Hgf/Anxa3/Rras/Wnk1/Zc3h12a/Tgfb2/Jcad/Sema6a/Cldn5/Stat3/Pkm/Sema4a/Hk2/Tspan18/Gab1/Cysltr1/Eng/Sphk1/Thbs1/Tgfbr2/Pdcd6/Cxcl12/Csprs/C3ar1/Pparg/Rgcc/Tek/Ago1/Akt3/Adm/Cemip2/Pml/Cxcl10/Lrg1/Serpinf1/Ccl24/Aqp1/Pgk1/Slc12a2/Foxo4/Cx3cl1/Cx3cr1/Prkd1/Nrp1/Nf1/Klf4/Stat1/Plcg1/Il1b/Acvrl1/Kdr/Gadd45a",80
"GO:0002753","cytoplasmic pattern recognition receptor signaling pathway","63/2646","234/25615",0.269230769230769,2.60632885632886,8.37819769575772,5.95806495202207e-13,1.36695033042106e-10,8.43665036295364e-11,"Slc15a2/Zdhhc9/Mefv/Rnf170/Oas1a/Rnf144a/Mavs/Usp50/Gsdmd/Nod1/Slc15a4/Sting1/Mapk14/Tifa/Ufd1/Ogt/Rnf125/Ddx60/Src/Parp1/Lyn/Tbk1/Peli1/Zdhhc1/Cpt1a/Oas1c/Lyplal1/Eif2ak2/Nagk/Nod2/Oas1g/Sec14l1/Map2k3/Pld3/Oas3/Tnfaip3/Ppp2ca/Abhd17a/Map2k6/Pld4/Trim30a/Slc46a2/Traf6/Dhx58/Otulin/Pepd/Tnip2/Nlrp3/Tax1bp1/Nlrc3/Irgm2/Slc15a3/Irf2/Trim65/Znrf1/Trem2/Prkd1/Riok3/Alpk1/Nploc4/Adcy7/Rnf135/Rab7b",63
"GO:0048660","regulation of smooth muscle cell proliferation","56/2646","195/25615",0.287179487179487,2.78008411341745,8.46900980179505,6.46449421135542e-13,1.43199692461197e-10,8.83810999193709e-11,"Pdgfd/Hif1a/Mtor/Calcrl/Jak2/Id2/Adamts1/Tgm2/Pde4d/Mdm2/P2ry6/Mef2c/Ang/Dnmt1/Ager/Mmp9/Hmgcr/Ogn/Sod2/Fgf9/Gna12/Src/Edn1/Gja1/Map3k5/Timp3/Jun/Ptgs2/Egr1/S1pr2/Gna13/Nqo2/Kcnn4/Aif1/Xrcc6/Thbs1/Tgfbr2/Tnfaip3/Traf6/C3ar1/Pparg/Rgcc/Hpgd/Pdgfb/Il15/Tgfb3/Bmp4/Bmp2/Cav1/Comt/Cx3cl1/Npr1/Igf1/Klf4/Abcc4/Smpd3",56
"GO:0043491","phosphatidylinositol 3-kinase/protein kinase B signal transduction","86/2646","374/25615",0.229946524064171,2.22603182687216,8.10675122051309,6.99700943349377e-13,1.4982929533588e-10,9.24728097828669e-11,"Pdgfd/Clcf1/Mtor/Adra2b/Rubcn/Txn1/Jak2/Osm/Rcn3/Sema4d/Vegfb/Ccl19/Phlda3/Fkbp5/Hpse/Cavin3/Axl/Vav2/Hyal2/Cd40/Pik3r2/Ceacam1/Sco1/Pros1/Ppp1r16b/Inpp5f/Cd28/Nedd4/Hgf/Rras/Src/Fpr2/Prr5l/Edn1/Tgfb2/Ramp3/Tbk1/Stat3/Pik3r5/Cep55/Eng/Dipk2a/Pdgfa/Pld2/Tsc2/Thbs1/Plekha1/Ppp2ca/Fgfr1/Pdcd6/C1qtnf1/Pdgfc/Cxcl12/Gas6/Mfhas1/Csf1r/Il1r1/Unc5b/Itsn1/P2ry12/Rgcc/Pdgfb/Tek/Fam3c/Ptpn1/Bank1/Nlrc3/Serpine2/Atp1a3/Pear1/Cx3cl1/Cx3cr1/Adam8/Trem2/Prkd1/Cat/Igf1/Nf1/Pdk1/Klf4/Inppl1/Il1b/Kdr/Smpd3/Fer/Adora3",86
"GO:0001667","ameboidal-type cell migration","69/2646","270/25615",0.255555555555556,2.47394389854707,8.26378989104808,7.27973360259227e-13,1.50854866655009e-10,9.31057798659202e-11,"Hif1a/Mtor/Sema6d/Wdpcp/Syne2/Sox17/Sema4d/Arhgap4/Acvr1b/Lamtor2/Hyal2/Ager/Arsb/Amotl2/Mmp9/Sdc4/Sash1/Gna12/Appl2/Src/Sox9/Prr5l/Edn1/Gja1/Tgfb2/Cygb/Efnb1/Sema6a/Akap12/Mrtfa/Rcc2/Sema4a/Jun/Gna13/Evl/Sema6b/Smad3/Adam9/Kank3/Tsc2/Thbs1/Tgfbr2/Sema3f/Rffl/Fgfr1/Lefty1/Cxcl12/Srgap2/Pkn3/Bmp4/Pml/Enpp2/Lrg1/Cenpv/Aqp1/Map4k4/Slc8a1/Sema4c/Anln/Kank2/Glipr2/Sema7a/Nrp1/Smo/Plcg1/Mcc/Fer/Timp1/Acvr2b",69
"GO:0062207","regulation of pattern recognition receptor signaling pathway","57/2646","202/25615",0.282178217821782,2.73166857502077,8.38639030864627,9.03791996966454e-13,1.81436243391016e-10,1.11980231804491e-10,"Slc15a2/Zdhhc9/Mefv/Rnf170/Nr1d1/Mavs/Usp50/S100a8/Slc15a4/Sting1/Acod1/Ufd1/Ogt/Rnf125/Ddx60/Appl2/Src/Parp1/Lyn/Peli1/Zdhhc1/Lyplal1/Eif2ak2/Nagk/Nod2/Sec14l1/Lgr4/Cd14/Pld3/Lbp/Tnfaip3/Ppp2ca/Abhd17a/Pld4/Trim30a/Slc46a2/Mfhas1/Dhx58/Cav1/Nlrp3/Tax1bp1/Nlrc3/Irgm2/Slc15a3/Trim65/Znrf1/Trem2/Prkd1/Riok3/Irak3/Nploc4/Ticam2/Irf4/Adcy7/Trim32/Cd300lf/Rab7b",57
"GO:0030522","intracellular receptor signaling pathway","98/2646","454/25615",0.215859030837004,2.08965573503018,7.95089219862451,1.03439035880763e-12,2.01361323181219e-10,1.24277747515403e-10,"Prmt2/Slc15a2/Zdhhc9/Mefv/Rnf170/Nr1d1/Nr4a1/Oas1a/Nr3c2/Rnf144a/Jak2/Ufsp2/Mavs/Usp50/Paqr7/Gsdmd/Tgif1/Rarg/Per1/Fkbp4/Nod1/Slc15a4/Sting1/Asxl2/Mapk14/Tifa/Ufd1/Nedd4/Ogt/Rnf125/Dhrs3/Ddx60/Nr2c1/Src/Parp1/Lyn/Ncoa3/Ube2i/Tbk1/Peli1/Zdhhc1/Cpt1a/Oas1c/Lyplal1/Stat3/Eif2ak2/Nagk/Rxra/Nod2/Oas1g/Sec14l1/Map2k3/Padi2/Pld3/Ufm1/Oas3/Tnfaip3/Ppp2ca/Abhd17a/Map2k6/Pld4/Trim30a/Stard10/Ctbp2/Cry2/Slc46a2/Traf6/Lbh/Pparg/Dhx58/Otulin/Thra/Pepd/Bmp2/Pim1/Tnip2/Pml/Nlrp3/Tax1bp1/Nlrc3/Irgm2/Pdk3/Slc15a3/Irf2/Trim65/Znrf1/Cry1/Kank2/Trem2/Prkd1/Riok3/Alpk1/Nploc4/Igf1/Rbfox2/Adcy7/Rnf135/Rab7b",98
"GO:0043123","positive regulation of canonical NF-kappaB signal transduction","58/2646","210/25615",0.276190476190476,2.67370334377137,8.26591833321856,1.53613794955482e-12,2.90239711410005e-10,1.79132402408251e-10,"Tnfsf14/Tlr2/Trim30d/Card10/Rnf31/Traf3ip2/Ccl19/Mavs/Jmjd8/Tgm2/Tifab/Irak2/Cd40/Prkn/Nod1/Ikbke/Trim30b/Tifa/Tnfrsf11a/Fadd/Dhx15/Malt1/Parp1/Litaf/Ube2i/Tbk1/Peli1/Trim12c/Stat3/Eif2ak2/Nagk/Trim12a/Nod2/Tmc8/Tnfsf10/Cd4/Trim30a/Traf6/Il1r1/Birc2/Tfrc/Psma6/Cav1/Tnip2/Trim30c/Camk2a/Cx3cl1/Cx3cr1/Trim5/Prkd1/Clec4d/Cat/Irak3/Alpk1/Ticam2/Il1b/Traf1/Trim32",58
"GO:0030336","negative regulation of cell migration","78/2646","329/25615",0.237082066869301,2.29510851959832,8.02465963867549,1.58385686642227e-12,2.90705614568477e-10,1.79419952143128e-10,"Mctp1/Card10/Hdac5/Sema6d/Cxcl13/Arhgap4/Bcr/Tnfaip6/Arpin/Scai/Mef2c/Sp100/Hyal2/Ager/Pik3r2/Foxo3/Jup/Adam15/Gtpbp4/Emilin2/Nav3/C5ar2/Ogt/Gna12/Rras/Gja1/Dach1/Cygb/Ldlrad4/Cldn5/Stat3/Mitf/Bcl2/S1pr2/Gna13/Il1rn/Evl/Eng/Padi2/Idh2/Aif1/Fuz/Thbs1/Bst2/Rin3/Nbl1/Cxcl12/Csprs/Srgap2/Pparg/Rgcc/Pdgfb/Dusp22/Brms1/Cav1/Abhd6/Ptpn1/Serpinf1/Rabgef1/Epha4/Cd200r1/Fas/Ifitm1/Cx3cl1/Limch1/Cx3cr1/Egfl7/Nf1/Gpr18/Klf4/Rap2a/Mcc/Acvrl1/Col3a1/Zmynd8/Gadd45a/Timp1/Adora3",78
"GO:0033002","muscle cell proliferation","70/2646","282/25615",0.24822695035461,2.40299823633157,8.04083122222012,2.21389894350071e-12,3.95057967029128e-10,2.43824948628335e-10,"Pdgfd/Hif1a/Mtor/Calcrl/Jak2/Id2/Adamts1/Tgm2/Pde4d/Mdm2/P2ry6/Mef2c/Ang/Dnmt1/Ager/Mmp9/Cdk20/Hmgcr/Ogn/Sod2/Mapk14/Fgf9/Gna12/Src/Edn1/Gja1/Tgfb2/Map3k5/Timp3/Ccnb1/Stat3/Rxra/Jun/Ptgs2/Egr1/S1pr2/Gna13/Nqo2/Kcnn4/Dipk2a/Aif1/Xrcc6/Thbs1/Tgfbr2/Tnfaip3/Fgfr1/Cflar/Traf6/C3ar1/Pparg/Rgcc/Hpgd/Pdgfb/Kpna1/Il15/Cdk1/Tgfb3/Bmp4/Bmp2/Cav1/Pim1/Fos/Comt/Cx3cl1/Npr1/Jarid2/Igf1/Klf4/Abcc4/Smpd3",70
"GO:0040013","negative regulation of locomotion","83/2646","364/25615",0.228021978021978,2.20740097015607,7.87454555899571,2.81742452228308e-12,4.8916581435531e-10,3.01907161758688e-10,"Mctp1/Card10/Hdac5/Sema6d/Cxcl13/Arhgap4/Bcr/Tnfaip6/Arpin/Scai/Mef2c/Sp100/Hyal2/Ager/Pik3r2/Foxo3/Jup/Adam15/Gtpbp4/Emilin2/Nav3/C5ar2/Ogt/Gna12/Rras/Gja1/Dach1/Cygb/Ldlrad4/Cldn5/Stat3/Mitf/Bcl2/S1pr2/Gna13/Il1rn/Evl/Eng/Padi2/Idh2/Aif1/Fuz/Thbs1/Bst2/Sema3f/Rin3/Nbl1/Cxcl12/Csprs/St6gal1/Srgap2/Pparg/Rgcc/Pdgfb/Dusp22/Brms1/Cav1/Abhd6/Ptpn1/Serpinf1/Rabgef1/Epha4/Cd200r1/Fas/Ifitm1/Cx3cl1/Limch1/Cx3cr1/Dbn1/Pin1/Egfl7/Nrp1/Nf1/Gpr18/Klf4/Rap2a/Mcc/Acvrl1/Col3a1/Zmynd8/Gadd45a/Timp1/Adora3",83
"GO:0071706","tumor necrosis factor superfamily cytokine production","56/2646","202/25615",0.277227722772277,2.68374456493268,8.15429655840348,3.13960434051322e-12,5.17149186755306e-10,3.19178157175352e-10,"Tlr2/Oas1a/Jak2/Ccl19/Mavs/Axl/Ager/Cd274/Ccr5/Selenos/Nod1/Arg2/Cd24a/Lilra5/C5ar2/Acp5/Fadd/Zc3h12a/Spn/Akap12/Oas1c/Stat3/Nod2/Oas1g/Ccl4/Bcl3/Cd84/Cd300ld/Ccl3/Cd47/Cd14/Kcnn4/Lbp/Thbs1/Oas3/Tnfaip3/Mmp8/Trim30a/Gas6/Csf1r/Vsir/Tlr5/Syt11/Nlrc3/Fcgr2b/Cx3cl1/Cx3cr1/Adam8/Trem2/Ccn1/Fcer1g/Irak3/Frmd8/Igf1/Gpr18/Zbtb20",56
"GO:1903555","regulation of tumor necrosis factor superfamily cytokine production","56/2646","202/25615",0.277227722772277,2.68374456493268,8.15429655840348,3.13960434051322e-12,5.17149186755306e-10,3.19178157175352e-10,"Tlr2/Oas1a/Jak2/Ccl19/Mavs/Axl/Ager/Cd274/Ccr5/Selenos/Nod1/Arg2/Cd24a/Lilra5/C5ar2/Acp5/Fadd/Zc3h12a/Spn/Akap12/Oas1c/Stat3/Nod2/Oas1g/Ccl4/Bcl3/Cd84/Cd300ld/Ccl3/Cd47/Cd14/Kcnn4/Lbp/Thbs1/Oas3/Tnfaip3/Mmp8/Trim30a/Gas6/Csf1r/Vsir/Tlr5/Syt11/Nlrc3/Fcgr2b/Cx3cl1/Cx3cr1/Adam8/Trem2/Ccn1/Fcer1g/Irak3/Frmd8/Igf1/Gpr18/Zbtb20",56
"GO:0048659","smooth muscle cell proliferation","56/2646","203/25615",0.275862068965517,2.67052414835666,8.11043097005334,3.90453635119037e-12,6.27068538001173e-10,3.87019037267785e-10,"Pdgfd/Hif1a/Mtor/Calcrl/Jak2/Id2/Adamts1/Tgm2/Pde4d/Mdm2/P2ry6/Mef2c/Ang/Dnmt1/Ager/Mmp9/Hmgcr/Ogn/Sod2/Fgf9/Gna12/Src/Edn1/Gja1/Map3k5/Timp3/Jun/Ptgs2/Egr1/S1pr2/Gna13/Nqo2/Kcnn4/Aif1/Xrcc6/Thbs1/Tgfbr2/Tnfaip3/Traf6/C3ar1/Pparg/Rgcc/Hpgd/Pdgfb/Il15/Tgfb3/Bmp4/Bmp2/Cav1/Comt/Cx3cl1/Npr1/Igf1/Klf4/Abcc4/Smpd3",56
"GO:0071222","cellular response to lipopolysaccharide","74/2646","311/25615",0.237942122186495,2.30343441413722,7.84941637587654,4.87219401515696e-12,7.63389618374836e-10,4.7115474188102e-10,"Trim30d/Irf8/Nr1d1/Fcgr4/Jak2/Cxcl13/Bcr/Pde4d/Tifab/Tnip1/Nfkbib/Axl/Capn2/Irak2/Mef2c/Cd274/Ccr5/Selenos/Tnip3/Cd80/Cmpk2/Mapk14/Acod1/Sash1/Tnfrsf1b/Ogt/Cd180/Cxcl2/Malt1/Zc3h12a/Lyn/Slc7a5/Ass1/Litaf/Ly86/Trim12c/Cdk19/Nod2/Cd84/Pde2a/Cd68/Map2k3/Cebpb/Cd14/Adam9/Lbp/Tnfaip3/Mmp8/Trim30a/Traf6/Prdm1/Epsti1/Pde4b/Lcn2/Tnip2/Plscr3/Mapk3/Cxcl10/Trim30c/Nlrp3/Irgm2/Slc12a2/Cx3cl1/Cx3cr1/Trim5/Trem2/Cd300lb/Gch1/Plscr4/Irak3/Ticam2/Stat1/Il1b/Plscr1",74
"GO:0030595","leukocyte chemotaxis","61/2646","233/25615",0.261802575107296,2.53441910860672,7.98585862496062,5.09300763501394e-12,7.78987643984037e-10,4.80781652639122e-10,"Alox5/Tnfsf14/Ccl12/Cxcl1/Cnr2/Cxcl13/Vegfb/Ccl19/Pde4d/Ptpro/Tnfaip6/Gpr183/Ccl8/Gpr35/S100a8/Mmp9/Trem1/Slamf9/Jaml/C5ar2/Wnk1/Cxcl2/Fpr2/Edn1/Tgfb2/Lyn/Stk39/Trpm4/Nod2/Ccl4/Itgam/Ccl3/Mtus1/Itga9/Padi2/Mpp1/Aif1/Lbp/Trpv4/Thbs1/Rin3/Nbl1/Cxcl12/Gas6/Csf1r/C3ar1/Pdgfb/Camk1d/Pde4b/Mapk3/Cxcl10/Ccl24/Slc12a2/Cx3cl1/Cx3cr1/Trpm2/Adam8/Fcer1g/Gpr18/Il1b/Il16",61
"GO:0071219","cellular response to molecule of bacterial origin","75/2646","319/25615",0.235109717868339,2.27601489916761,7.78372957754447,6.54092528169255e-12,9.57221157252068e-10,5.90785198557287e-10,"Tlr2/Trim30d/Irf8/Nr1d1/Fcgr4/Jak2/Cxcl13/Bcr/Pde4d/Tifab/Tnip1/Nfkbib/Axl/Capn2/Irak2/Mef2c/Cd274/Ccr5/Selenos/Tnip3/Cd80/Cmpk2/Mapk14/Acod1/Sash1/Tnfrsf1b/Ogt/Cd180/Cxcl2/Malt1/Zc3h12a/Lyn/Slc7a5/Ass1/Litaf/Ly86/Trim12c/Cdk19/Nod2/Cd84/Pde2a/Cd68/Map2k3/Cebpb/Cd14/Adam9/Lbp/Tnfaip3/Mmp8/Trim30a/Traf6/Prdm1/Epsti1/Pde4b/Lcn2/Tnip2/Plscr3/Mapk3/Cxcl10/Trim30c/Nlrp3/Irgm2/Slc12a2/Cx3cl1/Cx3cr1/Trim5/Trem2/Cd300lb/Gch1/Plscr4/Irak3/Ticam2/Stat1/Il1b/Plscr1",75
"GO:0009100","glycoprotein metabolic process","84/2646","376/25615",0.223404255319149,2.16269841269841,7.7088129672786,6.55630929624704e-12,9.57221157252068e-10,5.90785198557287e-10,"Hif1a/Gcnt1/Pomt2/Abca2/Ctsl/Vegfb/Ccl19/Sgsh/Hpse/Cmtm4/Chst14/Tnip1/Cela1/Dsel/Pomk/Porcn/Arsb/Dse/B3glct/St6galnac3/Dolpp1/Idua/Tmtc1/Fktn/Galnt12/Hgsnat/Galnt10/Ggta1/Ext1/Chst12/Ogt/Colgalt1/Nus1/St3gal4/Alg6/Galnt6/Naglu/St3gal2/Man2b1/Acer2/Sulf2/St8sia4/Bcl2/Dhdds/Chst11/Pofut2/Man1c1/Ramp1/Poglut3/Tet2/Dad1/Plod3/St6gal1/Glb1/Slc35c2/Entpd5/Itm2b/Manba/Xylt2/Il15/B3gnt8/Bmp2/Gorasp1/Mogs/B3galnt1/Engase/Ids/Mustn1/B3gnt5/Fut8/Ganc/Hexb/Hexa/Gnptab/Ptx3/Chst7/St3gal6/Slc39a8/Alg9/Igf1/Alg14/Xylt1/Tmem260/Hs6st1",84
"GO:0071674","mononuclear cell migration","60/2646","229/25615",0.262008733624454,2.53641485706364,7.92668646105403,7.3240869464808e-12,1.04555410098206e-09,6.45303211772209e-10,"Alox5/Pdgfd/Tnfsf14/Ccl12/Ripk3/Eps8/Cxcl13/Ccl19/Bcr/Gnai1/Ptpro/Gpr183/Ager/Gpr35/Mmp9/Trem1/Slamf9/Jaml/Ext1/Wnk1/Fadd/Fpr2/Spn/Lyn/Cadm1/Dock8/Ggt5/Stk39/Asb2/Trpm4/Mmp14/Ccl3/Mtus1/Padi2/Cd47/Kcnn4/Aif1/Trpv4/Thbs1/Stk10/Nbl1/Cxcl12/Gas6/Cd81/Csf1r/C3ar1/P2ry12/Cd99l2/Pdgfb/Icam2/Mapk3/Cxcl10/Cd200r1/Cyp4f13/Slc12a2/Cx3cl1/Cx3cr1/Trpm2/Adam8/Trem2",60
"GO:2000146","negative regulation of cell motility","79/2646","345/25615",0.228985507246377,2.21672855937866,7.72259407108038,7.50952023760084e-12,1.04872082622495e-09,6.47257675886616e-10,"Mctp1/Card10/Hdac5/Sema6d/Cxcl13/Arhgap4/Bcr/Tnfaip6/Arpin/Scai/Mef2c/Sp100/Hyal2/Ager/Pik3r2/Foxo3/Jup/Adam15/Gtpbp4/Emilin2/Nav3/C5ar2/Ogt/Gna12/Rras/Gja1/Dach1/Cygb/Ldlrad4/Cldn5/Stat3/Mitf/Bcl2/S1pr2/Gna13/Il1rn/Evl/Eng/Padi2/Idh2/Aif1/Fuz/Thbs1/Bst2/Rin3/Nbl1/Cxcl12/Csprs/Srgap2/Pparg/Rgcc/Pdgfb/Dusp22/Brms1/Cav1/Abhd6/Ptpn1/Serpinf1/Rabgef1/Epha4/Cd200r1/Fas/Ifitm1/Cx3cl1/Limch1/Cx3cr1/Pin1/Egfl7/Nf1/Gpr18/Klf4/Rap2a/Mcc/Acvrl1/Col3a1/Zmynd8/Gadd45a/Timp1/Adora3",79
"GO:0002685","regulation of leukocyte migration","62/2646","242/25615",0.256198347107438,2.4801665386081,7.85226474979598,9.34505973866447e-12,1.26612622895502e-09,7.81437633199751e-10,"Pdgfd/Tnfsf14/Ccl12/Tlr2/Gcnt1/Ripk3/Cxcl13/Vegfb/Ccl19/Bcr/Rac3/Tnfaip6/Ager/Mmp9/Trem1/C5ar2/Wnk1/Fadd/St3gal4/Fpr2/Edn1/Spn/Lyn/Dock8/Stk39/Nod2/Mmp14/Ccl3/Mtus1/Padi2/Cd47/Mpp1/Aif1/Lbp/Trpv4/Thbs1/Stk10/Rin3/Nbl1/Cxcl12/Gas6/Cd81/Csf1r/Il1r1/C3ar1/P2ry12/Cd99l2/Camk1d/Mapk3/Cxcl10/Ccl24/Rabgef1/Cd200r1/Cx3cl1/Cx3cr1/Adam8/Trem2/Capn1/Gpr18/Il1b/Smpd3/Adora3",62
"GO:0034599","cellular response to oxidative stress","67/2646","272/25615",0.246323529411765,2.38457188430928,7.79172340421448,9.46046995483206e-12,1.26612622895502e-09,7.81437633199751e-10,"Alox5/Pdgfd/Stx4a/Hif1a/Ripk3/Cul3/Txn1/Chchd4/Mdm2/Axl/Keap1/Tbc1d24/Prkn/Selenos/Foxo3/Slc7a11/Hk3/Etv5/Sod2/Atp13a2/Hgf/Src/Prr5l/Edn1/Zc3h12a/Parp1/Cbx8/Aldh3b1/Cygb/Prkra/Htra2/Naglu/Map3k5/Setx/Slc11a2/Abcd1/Prdx5/Atm/Slc25a24/Aif1/Sphk1/Tnfaip3/Plekha1/Gsr/Glrx/Il18rap/Mapk13/Cdk1/Bmp4/Lcn2/Pml/Stx2/Fut8/Aqp1/Fos/Slc8a1/Foxo4/Trpm2/Gpx7/Prkd1/Gch1/Capn1/Cat/Rbfox2/Klf4/Smpd3/Fer",67
"GO:0070371","ERK1 and ERK2 cascade","80/2646","356/25615",0.224719101123595,2.17542697478492,7.5801038256545,1.51820104322793e-11,1.99039255136657e-09,1.22844595499929e-09,"Pdgfd/Tlr2/Clcf1/Zfp36l2/Ackr3/Vegfb/Ccl19/Tnip1/Cavin3/P2ry6/Gpr183/Rgs14/Dusp7/Epor/Ager/Ceacam1/Nod1/Hmgcr/Adora2a/Neurl3/Dusp6/Tnfrsf11a/Map3k12/L1cam/Rras/Src/Fpr2/Sox9/Edn1/Lyn/Ramp3/Sema6a/Spry4/Akap12/Nod2/Jun/Pde8b/Ccl3/Nqo2/Pdgfa/Trpv4/Ccn2/Cd4/Pdgfc/Cxcl12/Cflar/Gas6/Arrb1/Mfhas1/Csf1r/Mturn/Pdgfb/Tek/Bmp4/Bmp2/Cav1/Atf3/Fam3c/Mapk3/Ptpn1/Epha4/Spry1/Dbndd2/Atp1a3/Apip/Ankrd26/Trem2/Fam83d/Pin1/Ccn1/Glipr2/Sema7a/Igf1/Nrp1/Nf1/Klf4/Atp6v0c/Inppl1/Il1b/Kdr",80
"GO:0046434","organophosphate catabolic process","67/2646","275/25615",0.243636363636364,2.35855837284409,7.68783269767998,1.60203852810979e-11,2.05829910091546e-09,1.27035704738859e-09,"Ncf1/Prkaca/Gpd1l/Hif1a/Mtor/Prkag2/Idh1/Mpi/Gda/Fhit/Pfkp/Jmjd8/Lipa/Pde4d/Galk1/Acot2/Pgam1/Eno3/Hk3/Inpp5f/Ddit4/Samhd1/Ogt/Src/Napepld/Abcd1/Stat3/Pkm/Pde8b/Hk2/Nudt5/Pde2a/Abhd12/Nupr1/Pld2/Pde4a/Ppp2ca/Smpd5/Nudt7/Pnpla7/Eif6/Cbfa2t3/Entpd5/Pde4b/Pde4c/Enpp2/Abhd6/Cnp/Galm/Uchl1/Pgk1/Prdx6/Upp2/Pfkfb3/Nudt16/Pla2g15/Smpd1/Igf1/Pfkfb4/Adpgk/Plcg1/Smpd3/Pld1/Pde7a/Nme1/Pde7b/Zbtb20",67
"GO:0032640","tumor necrosis factor production","54/2646","199/25615",0.271356783919598,2.62691006050661,7.81986149088774,1.88433745343041e-11,2.32788150016095e-09,1.43674000921426e-09,"Tlr2/Oas1a/Jak2/Ccl19/Mavs/Axl/Ager/Ccr5/Selenos/Nod1/Arg2/Cd24a/Lilra5/C5ar2/Acp5/Fadd/Zc3h12a/Spn/Akap12/Oas1c/Stat3/Nod2/Oas1g/Ccl4/Bcl3/Cd84/Cd300ld/Ccl3/Cd47/Cd14/Kcnn4/Lbp/Thbs1/Oas3/Tnfaip3/Mmp8/Trim30a/Gas6/Csf1r/Vsir/Tlr5/Syt11/Nlrc3/Fcgr2b/Cx3cl1/Cx3cr1/Trem2/Ccn1/Fcer1g/Irak3/Frmd8/Igf1/Gpr18/Zbtb20",54
"GO:0032680","regulation of tumor necrosis factor production","54/2646","199/25615",0.271356783919598,2.62691006050661,7.81986149088774,1.88433745343041e-11,2.32788150016095e-09,1.43674000921426e-09,"Tlr2/Oas1a/Jak2/Ccl19/Mavs/Axl/Ager/Ccr5/Selenos/Nod1/Arg2/Cd24a/Lilra5/C5ar2/Acp5/Fadd/Zc3h12a/Spn/Akap12/Oas1c/Stat3/Nod2/Oas1g/Ccl4/Bcl3/Cd84/Cd300ld/Ccl3/Cd47/Cd14/Kcnn4/Lbp/Thbs1/Oas3/Tnfaip3/Mmp8/Trim30a/Gas6/Csf1r/Vsir/Tlr5/Syt11/Nlrc3/Fcgr2b/Cx3cl1/Cx3cr1/Trem2/Ccn1/Fcer1g/Irak3/Frmd8/Igf1/Gpr18/Zbtb20",54
"GO:0051896","regulation of phosphatidylinositol 3-kinase/protein kinase B signal transduction","75/2646","326/25615",0.230061349693252,2.22714341360266,7.56834413264718,1.99573852147178e-11,2.418985709799e-09,1.49296841387566e-09,"Pdgfd/Clcf1/Mtor/Adra2b/Rubcn/Txn1/Jak2/Osm/Rcn3/Sema4d/Vegfb/Ccl19/Phlda3/Fkbp5/Hpse/Cavin3/Axl/Vav2/Hyal2/Ceacam1/Sco1/Pros1/Ppp1r16b/Inpp5f/Cd28/Nedd4/Hgf/Rras/Src/Fpr2/Prr5l/Tgfb2/Ramp3/Tbk1/Pik3r5/Cep55/Eng/Dipk2a/Pdgfa/Pld2/Tsc2/Thbs1/Plekha1/Ppp2ca/Fgfr1/Pdcd6/C1qtnf1/Pdgfc/Cxcl12/Gas6/Mfhas1/Csf1r/Il1r1/Unc5b/Itsn1/P2ry12/Pdgfb/Tek/Ptpn1/Bank1/Nlrc3/Serpine2/Cx3cl1/Cx3cr1/Adam8/Trem2/Prkd1/Cat/Igf1/Klf4/Il1b/Kdr/Smpd3/Fer/Adora3",75
"GO:0070482","response to oxygen levels","91/2646","433/25615",0.210161662817552,2.03450150909735,7.36872833498318,3.09096582994993e-11,3.67710453548118e-09,2.26946397564642e-09,"Prmt2/Ccnd1/Hif1a/Mtor/Parp2/Cd38/Vegfb/Acot2/Tacc3/Hilpda/Slc29a1/Mdm2/Angptl4/Capn2/Ang/Slc2a1/Ager/Foxo3/Adam15/Cd24a/Sod2/Ddit4/Eef2k/Ogt/Edn1/Tgfb2/Cygb/Slc7a5/Dram1/Wtip/Cpt1a/Ccnb1/Stat3/Itpr2/Jun/Higd1a/Atm/Bcl2/Ptgs2/Slc2a8/Hk2/Mmp14/Egr1/Cysltr1/Egln2/Smad3/Eng/Pld2/Trpv4/Tsc2/Plekhn1/Fosl2/Birc2/Tfrc/Pparg/Rgcc/Cbfa2t3/Acaa2/Acvr2a/Tek/Dnmt3a/Sirt4/Tgfb3/Bmp2/Cav1/Lcn2/Pml/Ptpn1/Aqp1/Pgk1/Fos/Slc8a1/Epha4/Alas1/Ccna2/Pdk3/Comt/Fas/Adam8/Trem2/E2f1/Hmox2/Ndrg1/Pin1/Cpeb2/Plau/Cat/Nf1/Pdk1/Kdr/Itpr1",91
"GO:0009615","response to virus","92/2646","443/25615",0.207674943566591,2.01042845028656,7.2813372410058,4.74220104605615e-11,5.53889082179358e-09,3.41853571575283e-09,"Akap1/Trim30d/Hif1a/Mtor/Ripk3/Oas1a/Rrp1b/Traf3ip2/Rab2b/Ccl19/Mavs/Rnase6/Psma2/Ifit3/Hyal2/Cd40/Dtx4/Oasl2/Sting1/Ikbke/Mov10/Batf3/Hyal3/Wdfy4/Ddit4/Mapk14/Acod1/Ext1/Adar/Samhd1/Fadd/Ifit3b/Ddx60/Dhx15/Apobec1/Zc3h12a/Spn/Trim21/Prkra/Ifi27l2a/Tspan32/Tbk1/Serinc5/Unc13d/Trim12c/Zdhhc1/Oas1c/Eif2ak2/Oas1g/Bcl3/Ifitm2/Bcl2/Smad3/Trim34a/Bst2/Oas3/Htra1/Dtx3l/Trim30a/Gsdme/Odc1/Polr3b/Traf6/Znfx1/Slfn9/Dhx58/Il15/Lcn2/Pml/Cxcl10/Trim30c/Nlrp3/Ifi44/Irgm2/Gm11772/Irf2/Trim65/Ifitm1/Trim5/Cd37/Riok3/Smpd1/Irak3/Ticam2/Stat1/Ube2f/Il1b/Senp7/Cdk6/Rnf135/Trim32/Plscr1",92
"GO:2001233","regulation of apoptotic signaling pathway","92/2646","444/25615",0.207207207207207,2.00590045828141,7.25702860401916,5.38594297263532e-11,6.17844601003737e-09,3.81326136093146e-09,"Tnfsf14/Stx4a/Hif1a/Ripk3/Itprip/Ackr3/Jak2/Osm/Runx3/Tifab/Mdm2/Sp100/Ctsc/Nacc2/Hyal2/Prkn/Selenos/S100a8/Tnfsf12/Mmp9/Eya4/Sod2/Adora2a/Bclaf1/Inhbb/Hgf/Fadd/Src/Septin4/Parp1/Tgfb2/Prkra/Htra2/Steap3/Mrtfa/Stat3/Jun/Higd1a/Snai1/Bcl2/Ptgs2/Plagl2/Lck/Cdkn2d/Tmc8/Herpud1/Pea15a/Nupr1/Bok/Tnfsf10/Ccn2/Thbs1/Tnfaip3/Rffl/Fgfr1/Cxcl12/Cflar/Csprs/Gsdme/Wwox/Unc5b/Tmem14a/Plaur/Pparg/Acaa2/G0s2/Knl1/Bcl2l12/Bub1/Bmp4/Cav1/Atf3/Pml/Ptpn1/Fcgr2b/Fas/Cx3cl1/Cx3cr1/Trem2/Sgk3/Igf1/Nrp1/Nf1/Siglec1/Klf4/Il1b/Traf1/Psen2/Eef1e1/Trim32/Asah2/Plscr1",92
"GO:0070555","response to interleukin-1","37/2646","112/25615",0.330357142857143,3.19807188748515,7.91257512423422,6.09118441840577e-11,6.86487170242784e-09,4.23691490839158e-09,"Hif1a/Tollip/Nr1d1/Gsdmd/Irak2/Hyal2/Hyal3/Acod1/Tnfrsf11a/Inhbb/Cxcl2/Src/Sox9/Edn1/Zc3h12a/Akap12/Egr1/Il1rn/Cebpb/Cd47/Sigirr/Il1r2/Traf6/Il1r1/Ikbip/Saa3/Mapk13/Hnmt/Lcn2/Tnip2/Mapk3/Nlrp3/Tax1bp1/Smpd1/Irak3/Il1b/Rps6ka5",37
"GO:0030100","regulation of endocytosis","80/2646","367/25615",0.217983651226158,2.11022344148074,7.27097268086725,7.47178438080023e-11,8.27564532107943e-09,5.1076271425498e-09,"Prkaca/Scamp5/Mctp1/Tlr2/Snx9/Rubcn/Abca2/Dgkd/Cd151/Ccl19/Bcr/Tgm2/Ehd4/Mdm2/Axl/Cblb/Ager/Syt7/Aplnr/Prkn/Dock2/Add1/Unc119/Il15ra/Pros1/Kif3a/Eef2k/Nedd4/Appl2/Tor1a/Src/Fpr2/Rab4b/Hfe/Myo18a/Ighm/Stat3/Nod2/Mex3b/Ahi1/Hap1/Tbc1d5/Trf/Cd47/Cd14/Syne1/Pld2/Lbp/Tsc2/Sphk1/Rin3/Bin1/Gas6/Arrb1/Lrsam1/Rab31/Pparg/Itsn1/Camk1d/Pacsin2/Il15/Syt11/Mib2/Cav1/Sgsm3/Mylk/Ptpn1/Rabgef1/Fcgr2b/Ptx3/Ankrd13d/Hip1/Trem2/Fcer1g/Smpd1/Gpr18/Dnm1/Ophn1/Plscr1/Cd300lf",80
"GO:0072593","reactive oxygen species metabolic process","63/2646","260/25615",0.242307692307692,2.34569597069597,7.40226105440845,8.18299785352857e-11,8.90975901882501e-09,5.4989943663019e-09,"Ncf1/Alox5/Cxcl1/Hif1a/Slc25a33/Ripk3/Mpv17/Txn1/Bco2/Bcr/Lipa/Ager/Blvrb/Prkn/Foxo3/Arg2/Sod2/Pon3/Nnt/Ddit4/Mapk14/Acod1/Ogt/Acp5/Cycs/Birc3/Fpr2/Edn1/Zc3h12a/Cygb/Naglu/Sirt5/Abcd1/Stat3/Prdx5/Itgam/Bcl2/Hk2/Cysltr1/Nqo2/Sh3pxd2b/Ccn2/Thbs1/Tgfbr2/Txnrd1/Trim30a/Cflar/Eif6/Birc2/Aldh2/Pdgfb/Lcn2/Abcd2/Cbr1/Prdx6/Pdk3/Fas/Gch1/Ccn1/Plau/Cat/Dcxr/Gadd45a",63
"GO:0050867","positive regulation of cell activation","85/2646","401/25615",0.211970074812968,2.05200811274912,7.20664251878714,8.72327444354817e-11,9.33971917089224e-09,5.7643605169415e-09,"Tnfsf14/Clcf1/Ephb4/Pik3r6/Jak2/Cd38/Tslp/Smarcb1/Ccl19/Runx3/Axl/Gpr183/Mef2c/Ctsc/Cd40/Ager/Cd274/Foxo3/Cd80/Il15ra/Cd24a/Lilra5/Slc7a1/Shld3/Cd27/Cd28/Fadd/Malt1/Spn/Efnb1/Cd244a/Tnfsf9/Dock8/Peli1/Mrtfa/Ighm/Tyk2/Nod2/Bcl2/Lck/Mmp14/Shld1/Il4ra/Cd47/Kcnn4/Aif1/Lbp/Xrcc6/Ccn2/Msh2/Thbs1/Tgfbr2/Fgfr1/Mmp8/Cd4/Pcid2/Gas6/Cd81/Csf1r/Traf6/Tfrc/Il7r/Pdpn/Prdm1/Pdgfb/Vsir/Il15/Cav1/Tnip2/Rps6ka1/Smarce1/Nlrp3/Smarca2/Pear1/Adam8/Trem2/Kmt5c/Cd300lb/Clec4d/Egr3/Igf1/Smo/Il1b/Sox13/Blm",85
"GO:0016032","viral process","71/2646","311/25615",0.228295819935691,2.21005193788841,7.28705747976555,9.85763937224794e-11,1.03812254634952e-08,6.40716547085674e-09,"Vapa/Trim30d/Zdhhc9/Eif2d/Oas1a/Fam111a/Smarcb1/Mavs/Eps15/Axl/Ccl8/Sp100/Hyal2/Prkn/Ceacam1/Naip5/Oasl2/Top2a/Slc7a1/Trim30b/Nectin1/Adar/Nedd4/Zc3h12a/Trim21/Cav2/Trim12c/Oas1c/Eif2ak2/Trim12a/Jun/Oas1g/Ifitm2/Bcl2/Cd300ld/Tpcn1/N4bp1/Slc3a2/Bst2/Oas3/Pvr/Cd4/Nectin4/Trim30a/Csprs/Gas6/Cd81/Rad23a/Lrsam1/Znfx1/Atg16l2/Furin/Cav1/Vps37c/Trim30c/Ubp1/Kpna2/Ptx3/Gm11772/Ifitm1/Trim5/Smpd1/Nrp1/Trim14/Slpi/Siglec1/Stat1/Myh10/Trim32/Plscr1/Cd300lf",71
"GO:0097529","myeloid leukocyte migration","60/2646","243/25615",0.246913580246914,2.39028395994886,7.39080725253499,1.01798016109228e-10,1.05475879917045e-08,6.50984238989053e-09,"Pdgfd/Ccl12/Cxcl1/Cxcl13/Vegfb/Ccl19/Bcr/Rac3/Pde4d/Ptpro/Tnfaip6/Ccl8/Ager/Gpr35/S100a8/Mmp9/Trem1/Jaml/C5ar2/Cxcl2/Fpr2/Edn1/Tgfb2/Lyn/Nod2/Ccl4/Itgam/Mmp14/Ccl3/Mtus1/Itga9/Cd47/Mpp1/Aif1/Lbp/Trpv4/Thbs1/Rin3/Nbl1/Cxcl12/Cd81/Csf1r/Il1r1/C3ar1/P2ry12/Cd99l2/Pdgfb/Camk1d/Pde4b/Mapk3/Cxcl10/Ccl24/Cd200r1/Cyp4f13/Cx3cl1/Cx3cr1/Adam8/Trem2/Fcer1g/Il1b",60
"GO:0048661","positive regulation of smooth muscle cell proliferation","38/2646","119/25615",0.319327731092437,3.09130001206832,7.76097660116207,1.052709289427e-10,1.07342928179033e-08,6.62507432660838e-09,"Pdgfd/Hif1a/Mtor/Calcrl/Jak2/Id2/Adamts1/Tgm2/Pde4d/Mdm2/P2ry6/Dnmt1/Ager/Mmp9/Hmgcr/Fgf9/Src/Edn1/Gja1/Map3k5/Jun/Ptgs2/Egr1/Nqo2/Kcnn4/Aif1/Thbs1/Tgfbr2/Traf6/C3ar1/Rgcc/Hpgd/Pdgfb/Bmp4/Cx3cl1/Igf1/Abcc4/Smpd3",38
"GO:0150076","neuroinflammatory response","34/2646","99/25615",0.343434343434343,3.32466768974705,7.86565255501065,1.0900157866209e-10,1.09410334582073e-08,6.75267212290294e-09,"Tlr2/Nr1d1/Pomt2/Jak2/Ctsc/Ager/Adora2a/Myo5a/Tnfrsf1b/Fpr2/Lyn/Naglu/Jun/Atm/Itgam/Ptgs2/Cst7/Kcnn4/Nupr1/Aif1/Sphk1/Mmp8/Csf1r/Syt11/Mapk3/Cd200r1/Cx3cl1/Cx3cr1/Trem2/Igf1/Smo/Calhm2/Il1b/Psen2",34
"GO:0006084","acetyl-CoA metabolic process","23/2646","50/25615",0.46,4.45309901738473,8.29533089043912,1.29086249646018e-10,1.27576933496311e-08,7.8738924036444e-09,"Dip2a/Acacb/Acss1/Aldh7a1/Hmgcr/Pdp1/Tpk1/Nudt7/Bckdk/Fasn/Mpc1/Dld/Mvd/Dlst/Acaa2/Pmvk/Sirt4/Acat2/Pgk1/Pdk3/Acss2/Pdk1/Nme1",23
"GO:0060485","mesenchyme development","73/2646","327/25615",0.223241590214067,2.16112370874276,7.17228777434283,1.60389412748011e-10,1.56112361741397e-08,9.63506415731588e-09,"Hif1a/Mtor/Dact3/Sema6d/Dand5/Sema4d/Tapt1/Aplf/Mdm2/Olfm1/Mef2c/Ager/Aplnr/Rflnb/Adam15/Dchs1/Zfp64/Fgf9/Ext1/Nedd4/Il17rd/Sox9/Edn1/Gja1/Tgfb2/Fbxo11/Efnb1/Ldlrad4/Bcl9l/Sema6a/Timp3/Tcf15/Rxra/Sema4a/Snai1/Bcl2/Wt1/Hey1/Pofut2/Sema6b/Smad3/Eng/Tsc2/Fuz/Thbs1/Tgfbr2/Sema3f/Ppp2ca/Fgfr1/Pdcd6/Tcof1/Plaur/Rgcc/Pdpn/Tgfb3/Bmp4/Bmp2/Mapk3/Lrg1/Epha4/Spry1/Sema4c/Adam8/Fam83d/Glipr2/Sema7a/Nrp1/Smo/Stat1/Il1b/Acvrl1/Nfatc1/Amer1",73
"GO:0002573","myeloid leukocyte differentiation","67/2646","289/25615",0.231833910034602,2.24430294993815,7.22028481793666,1.6360835729154e-10,1.56868669737441e-08,9.68174256242928e-09,"Tlr2/Mtor/Prxl2a/Ubash3b/Id2/Ccl19/Relb/Tnfaip6/Gpr183/Mef2c/Ceacam1/Rassf2/Batf3/Asxl2/Mapk14/Tnfrsf11a/Fadd/Pias3/Src/Lyn/Tnfsf9/Naglu/Clec2i/Mitf/Rxra/Jun/Itgam/Efna2/Nfix/Ccl3/Trf/Cebpb/Tgfbr2/Gab3/Snx10/Cd4/Cflar/Cd81/Fasn/Csf1r/Fosl2/Traf6/Tal1/Tfrc/Pparg/Cbfa2t3/Tcta/Epsti1/Il15/Bmp4/Bmp2/Fam3c/Klf10/Tspan2/Fos/Batf/Adam8/Trem2/Fcer1g/Nf1/Irf4/Psen2/Cdk6/Nfatc1/Zbtb46/Nme1/Cd300lf",67
"GO:0071216","cellular response to biotic stimulus","76/2646","347/25615",0.219020172910663,2.12025764516501,7.13115372163767,1.75244661334973e-10,1.65554662414098e-08,1.02178314139207e-08,"Tlr2/Trim30d/Irf8/Nr1d1/Fcgr4/Jak2/Cxcl13/Bcr/Pde4d/Tifab/Tnip1/Nfkbib/Axl/Capn2/Irak2/Mef2c/Cd274/Ccr5/Selenos/Tnip3/Cd80/Cmpk2/Mapk14/Acod1/Sash1/Tnfrsf1b/Ogt/Cd180/Cxcl2/Malt1/Zc3h12a/Lyn/Slc7a5/Ass1/Litaf/Ly86/Trim12c/Cdk19/Nod2/Cd84/Pde2a/Cd68/Map2k3/Cebpb/Cd14/Adam9/Lbp/Tnfaip3/Mmp8/Trim30a/Traf6/Prdm1/Epsti1/Pde4b/Lcn2/Tnip2/Plscr3/Mapk3/Cxcl10/Trim30c/Nlrp3/Ppp1r15b/Irgm2/Slc12a2/Cx3cl1/Cx3cr1/Trim5/Trem2/Cd300lb/Gch1/Plscr4/Irak3/Ticam2/Stat1/Il1b/Plscr1",76
"GO:0071347","cellular response to interleukin-1","32/2646","91/25615",0.351648351648352,3.40418462867442,7.7978831480541,1.90224268341073e-10,1.77101550698993e-08,1.09304912456041e-08,"Hif1a/Tollip/Nr1d1/Gsdmd/Irak2/Hyal2/Hyal3/Acod1/Inhbb/Cxcl2/Sox9/Edn1/Zc3h12a/Akap12/Egr1/Il1rn/Cebpb/Cd47/Sigirr/Il1r2/Traf6/Il1r1/Saa3/Mapk13/Lcn2/Tnip2/Mapk3/Nlrp3/Tax1bp1/Irak3/Il1b/Rps6ka5",32
"GO:0035456","response to interferon-beta","29/2646","77/25615",0.376623376623377,3.64595910514278,7.89219173438608,2.01962112531362e-10,1.85343515843068e-08,1.14391752605002e-08,"Oas1a/Mavs/Mndal/Ifit3/Capn2/Ifi206/Sting1/Ikbke/Ifi213/Acod1/9930111J21Rik1/Gm5431/F830016B08Rik/Htra2/Oas1c/Oas1g/Ifitm2/Ifi203/Bst2/Cdc34/Ifi208/Ifi214/Irgm2/Ifi204/Gm11772/Camk2a/Ifitm1/Stat1/Plscr1",29
"GO:0042060","wound healing","87/2646","421/25615",0.206650831353919,2.00051437835625,7.02551876805427,2.06406623303543e-10,1.86754387056614e-08,1.15262525073537e-08,"Dst/Alox5/Hif1a/Mtor/Npr2/Prrg3/Adra2b/Ubash3b/Mcam/Jak2/Cd151/Vegfb/Hpse/Gsdmd/Axl/Angptl4/Lrrc25/Angptl6/Ager/Syt7/Ceacam1/Pdia4/Slc7a11/Pros1/Sdc4/Emilin2/Jaml/Ext1/Clec10a/Tor1a/St3gal4/Src/Arhgap24/Tgfb2/Lyn/Tspan32/Stxbp1/Mrtfa/Rab3a/F13a1/Nbeal2/Gna13/Evl/Smad3/F10/Eng/Stxbp3/Vkorc1/Pdgfa/Thbs1/Elk3/C1qtnf1/Gas6/Myof/Plaur/Pparg/P2ry12/Pdpn/Pdgfb/Syt11/Cav1/Mylk/Lrg1/Aqp1/Serpine2/Slc12a2/Dcbld2/Pear1/Cx3cl1/Fcer1g/Plau/Smpd1/Igf1/Nrp1/Nf1/Prrg1/Plcg1/Itgb5/Acvrl1/Myh10/Ccm2l/Col3a1/Kdr/Nfatc1/Timp1/Tec/Rasa3",87
"GO:0001936","regulation of endothelial cell proliferation","42/2646","143/25615",0.293706293706294,2.84326784326784,7.50218070888445,2.19537076403173e-10,1.95875858168609e-08,1.20892185556078e-08,"Alox5/Mtor/Nr4a1/Vegfb/Mef2c/Ang/Ager/Aplnr/Ppp1r16b/Nus1/Gja1/Jcad/Cav2/Stat3/Jun/Eng/Adora2b/Tsc2/Thbs1/Fgfr1/Pdcd6/Cxcl12/Hspg2/Pparg/Rgcc/Pdgfb/Tek/Arg1/Akt3/Bmp4/Cav1/Lrg1/Ccl24/Prkd1/Egfl7/Egr3/Igf1/Nf1/Stat1/Plcg1/Acvrl1/Kdr",42
"GO:0070661","leukocyte proliferation","78/2646","363/25615",0.214876033057851,2.08013967754228,7.03473788879691,2.63486900012684e-10,2.31868472011162e-08,1.43106386897606e-08,"Ccl12/Clcf1/Ripk3/Fkbp1b/Jak2/Cd38/Cd151/Ccl19/Lipa/Csf2rb2/Gpr183/Mef2c/Cblb/Cd40/Ager/Ceacam1/Cd274/Dock2/Arg2/Impdh1/Cd80/Cd24a/Slc7a1/Cd27/Cd28/Mcemp1/Sdc4/Tnfrsf1b/Fadd/Cd180/Malt1/Spn/Gja1/Lyn/Efnb1/Cd244a/Tnfsf9/Dock8/Tbk1/Peli1/Zc3h12d/Ighm/Tyk2/Clec2i/Atm/Itgam/Bcl2/Nfix/Prnp/Cebpb/Csf2rb/Glmn/Aif1/Tgfbr2/Cd4/Cxcl12/St6gal1/Cd81/Csf1r/Fosl2/Traf6/Tfrc/Il7r/Prdm1/Vsir/Arg1/Il15/Gapt/Bmp4/Mapk3/Cx3cl1/Sos1/Trem2/Slfn2/Lst1/Igf1/Il1b/Blm",78
"GO:0043542","endothelial cell migration","59/2646","243/25615",0.242798353909465,2.35044589394972,7.17902643969709,2.95708373936075e-10,2.56706837049371e-08,1.58436322210635e-08,"Hif1a/Card10/Hdac5/Nr4a1/Rab13/Ephb4/Plpp3/Cxcl13/Lpxn/Ehd4/Hdac7/Rhoj/Mef2c/Sp100/Cd40/Ager/Pik3r2/Ceacam1/Plekhg5/S100a8/Jup/Hspa12b/Sash1/Anxa3/Rras/Nus1/Sox18/Zc3h12a/Jcad/Sema4a/Ptgs2/Gab1/Map2k3/Adora2b/Thbs1/Fgfr1/Pdcd6/Csprs/Pparg/Rgcc/Pdgfb/Tek/Pacsin2/Akt3/Bmp4/Lcn2/Serpinf1/Adam8/Prkd1/Egr3/Igf1/Nrp1/Nf1/Klf4/Plcg1/Rin2/Acvrl1/Kdr/Gadd45a",59
"GO:0070372","regulation of ERK1 and ERK2 cascade","72/2646","325/25615",0.221538461538462,2.14463631606489,7.04851072959049,3.07020403698621e-10,2.62973209781326e-08,1.62303850869644e-08,"Pdgfd/Tlr2/Clcf1/Ackr3/Vegfb/Ccl19/Tnip1/Cavin3/P2ry6/Gpr183/Rgs14/Dusp7/Epor/Ager/Ceacam1/Nod1/Hmgcr/Adora2a/Dusp6/Tnfrsf11a/Map3k12/L1cam/Rras/Src/Fpr2/Lyn/Ramp3/Sema6a/Spry4/Akap12/Nod2/Jun/Pde8b/Ccl3/Nqo2/Pdgfa/Trpv4/Ccn2/Cd4/Pdgfc/Cxcl12/Cflar/Gas6/Arrb1/Mfhas1/Csf1r/Mturn/Pdgfb/Tek/Bmp4/Bmp2/Cav1/Atf3/Mapk3/Ptpn1/Epha4/Spry1/Apip/Ankrd26/Trem2/Fam83d/Pin1/Ccn1/Glipr2/Sema7a/Igf1/Nrp1/Nf1/Klf4/Atp6v0c/Il1b/Kdr",72
"GO:0048762","mesenchymal cell differentiation","62/2646","262/25615",0.236641221374046,2.29084084863801,7.12805835198365,3.2330794524101e-10,2.73280294766875e-08,1.68665257743699e-08,"Hif1a/Mtor/Dact3/Sema6d/Sema4d/Tapt1/Aplf/Olfm1/Mef2c/Ager/Rflnb/Adam15/Zfp64/Ext1/Il17rd/Sox9/Edn1/Gja1/Tgfb2/Fbxo11/Efnb1/Ldlrad4/Bcl9l/Sema6a/Timp3/Sema4a/Snai1/Bcl2/Hey1/Pofut2/Sema6b/Smad3/Eng/Tsc2/Fuz/Tgfbr2/Sema3f/Ppp2ca/Fgfr1/Pdcd6/Tcof1/Plaur/Rgcc/Pdpn/Tgfb3/Bmp4/Bmp2/Mapk3/Lrg1/Epha4/Spry1/Sema4c/Adam8/Fam83d/Glipr2/Sema7a/Nrp1/Smo/Stat1/Il1b/Nfatc1/Amer1",62
"GO:0005996","monosaccharide metabolic process","70/2646","313/25615",0.223642172523962,2.16500160589617,7.0385604641479,3.48863306176945e-10,2.91051672581908e-08,1.79633534919301e-08,"Prkaca/Sord/Hif1a/Prkag2/Gpd2/Oas1a/Mpi/Pck2/Pfkp/Lipa/Galk1/Cbr2/Acacb/Pgam1/Eno3/Serp1/B3glct/Hk3/Fam3a/Mapk14/Pgm2l1/Ogt/Src/Pgm2/Phkb/H6pd/Cpt1a/Oas1c/Pkm/Man2b1/Oas1g/Slc2a8/Hk2/Nudt5/Pofut2/Man1c1/Gnmt/Adora2b/Got1/C1qtnf1/Slc39a14/Bckdk/Glb1/Sik1/Atf3/Fggy/Galm/Igfbp4/Per2/Ganc/Pgk1/Dgat2/Bola3/Atp1a3/Pdk3/Pfkfb3/Nln/Oma1/Cry1/Dhdh/Dcxr/Igf1/Pdk1/Gnpda1/Kat2a/Pfkfb4/Sorbs1/Adpgk/Inppl1/Chst15",70
"GO:0032102","negative regulation of response to external stimulus","90/2646","446/25615",0.201793721973094,1.9534944022452,6.89469684589486,3.67397039202045e-10,3.02584433312044e-08,1.86751413882012e-08,"Prmt2/Alox5/Mefv/Mtor/1700017B05Rik/Nr1d1/Oas1a/Ubash3b/Cxcl13/Bcr/Ctla2a/Tnfaip6/Fndc4/Ceacam1/Socs3/Selenos/Dtx4/Arg2/Pros1/Cd24a/Fam3a/Inpp5f/Adora2a/Acod1/Adar/Samhd1/C5ar2/Tnfrsf1b/Hgf/Acp5/Fpr2/Spn/Trim21/Parp1/Clec12a/Neo1/Oas1c/Stat3/Nod2/Oas1g/Cst7/Smad3/Padi2/Pdgfa/Aif1/Aoah/Thbs1/Sema3f/Oas3/Tnfaip3/Pvr/Rin3/Htra1/C1qtnf1/Nbl1/Nectin4/St6gal1/Mfhas1/Plaur/Pparg/Dhx58/Otulin/Prdm1/Pdgfb/Arg1/Syt11/Pim1/Nlrp3/Nlrc3/Irgm2/Rabgef1/Epha4/Serpine2/Cd200r1/Slc12a2/Trim65/Cx3cl1/Cx3cr1/Dbn1/Trem2/Slc39a8/Plau/Irak3/Igf1/Nrp1/Rtn4rl1/Gpr18/Xylt1/Tnfaip8l2/Nfatc1",90
"GO:0019058","viral life cycle","61/2646","257/25615",0.237354085603113,2.29774183776407,7.09675720884986,3.94077616440387e-10,3.18276173949992e-08,1.9643616441042e-08,"Vapa/Trim30d/Zdhhc9/Oas1a/Fam111a/Smarcb1/Mavs/Eps15/Axl/Ccl8/Hyal2/Prkn/Ceacam1/Naip5/Oasl2/Top2a/Slc7a1/Trim30b/Nectin1/Adar/Nedd4/Zc3h12a/Cav2/Trim12c/Oas1c/Eif2ak2/Trim12a/Oas1g/Ifitm2/Bcl2/Cd300ld/Tpcn1/N4bp1/Slc3a2/Bst2/Oas3/Pvr/Cd4/Nectin4/Trim30a/Gas6/Cd81/Rad23a/Lrsam1/Znfx1/Atg16l2/Furin/Cav1/Vps37c/Trim30c/Kpna2/Gm11772/Ifitm1/Trim5/Smpd1/Nrp1/Slpi/Siglec1/Myh10/Plscr1/Cd300lf",61
"GO:0060759","regulation of response to cytokine stimulus","49/2646","185/25615",0.264864864864865,2.56406406406406,7.24652509538478,3.96358871668732e-10,3.18276173949992e-08,1.9643616441042e-08,"Tlr2/Hif1a/Oas1a/Traf3ip2/Tslp/Mavs/Axl/Irak2/Cd40/Prkn/Naip5/Sting1/Ikbke/Cd24a/Ppp2cb/Ext1/Adar/Samhd1/Fadd/Pias3/Edn1/Tbk1/Oas1c/Oas1g/Tmc8/Il1rn/Padi2/Sphk1/Oas3/Rffl/Mmp8/Sigirr/Gas6/Il1r2/Il1r1/Pparg/Otulin/Naip6/Arg1/Cav1/Tax1bp1/Irgm2/Rabgef1/Trem2/Irak3/Ticam2/Klf4/Trim32/Cd300lf",49
"GO:0039531","regulation of cytoplasmic pattern recognition receptor signaling pathway","42/2646","146/25615",0.287671232876712,2.78484453141987,7.34063200300547,4.47956118402907e-10,3.55267914150651e-08,2.19267014328284e-08,"Slc15a2/Zdhhc9/Mefv/Rnf170/Mavs/Usp50/Slc15a4/Sting1/Ufd1/Ogt/Rnf125/Ddx60/Src/Parp1/Lyn/Peli1/Zdhhc1/Lyplal1/Eif2ak2/Nagk/Sec14l1/Pld3/Tnfaip3/Ppp2ca/Abhd17a/Pld4/Trim30a/Slc46a2/Dhx58/Nlrp3/Tax1bp1/Nlrc3/Irgm2/Slc15a3/Trim65/Znrf1/Trem2/Prkd1/Riok3/Nploc4/Adcy7/Rab7b",42
"GO:0001959","regulation of cytokine-mediated signaling pathway","47/2646","175/25615",0.268571428571429,2.59994601015009,7.20822571076964,5.42734929938515e-10,4.25186486576222e-08,2.62419902644986e-08,"Hif1a/Oas1a/Traf3ip2/Tslp/Mavs/Axl/Irak2/Cd40/Prkn/Naip5/Sting1/Ikbke/Cd24a/Ppp2cb/Ext1/Adar/Samhd1/Fadd/Pias3/Edn1/Tbk1/Oas1c/Oas1g/Tmc8/Il1rn/Padi2/Sphk1/Oas3/Rffl/Mmp8/Sigirr/Gas6/Il1r2/Il1r1/Pparg/Otulin/Naip6/Arg1/Cav1/Tax1bp1/Irgm2/Rabgef1/Trem2/Irak3/Ticam2/Trim32/Cd300lf",47
"GO:0019318","hexose metabolic process","66/2646","291/25615",0.22680412371134,2.19561134877777,6.96198285506513,5.95177430426676e-10,4.60652989525418e-08,2.84309394773559e-08,"Prkaca/Sord/Hif1a/Prkag2/Gpd2/Oas1a/Mpi/Pck2/Pfkp/Lipa/Galk1/Cbr2/Acacb/Pgam1/Eno3/Serp1/B3glct/Hk3/Fam3a/Mapk14/Pgm2l1/Ogt/Src/Pgm2/Phkb/H6pd/Cpt1a/Oas1c/Pkm/Man2b1/Oas1g/Slc2a8/Hk2/Pofut2/Man1c1/Gnmt/Adora2b/Got1/C1qtnf1/Slc39a14/Bckdk/Glb1/Sik1/Atf3/Galm/Igfbp4/Per2/Ganc/Pgk1/Dgat2/Bola3/Pdk3/Pfkfb3/Nln/Oma1/Cry1/Dcxr/Igf1/Pdk1/Gnpda1/Kat2a/Pfkfb4/Sorbs1/Adpgk/Inppl1/Chst15",66
"GO:0140895","cell surface toll-like receptor signaling pathway","30/2646","85/25615",0.352941176470588,3.41670001333867,7.57476874592863,6.29151392341607e-10,4.81151017190772e-08,2.96960526910122e-08,"Tlr2/Nr1d1/Oas1a/Rab13/Irak2/Tnip3/Acod1/Appl2/Lyn/Naglu/Tbk1/Peli1/Oas1c/Nod2/Oas1g/Cd14/Lbp/Tnfaip3/Mfhas1/Traf6/Tril/Tlr5/Cav1/Tnip2/Tax1bp1/Znrf1/Trem2/Ticam2/Trim32/Rab7b",30
"GO:0032635","interleukin-6 production","46/2646","171/25615",0.269005847953216,2.60415147215481,7.14353726425017,7.78806300119047e-10,5.81750194414507e-08,3.59049109512536e-08,"Tlr2/Tslp/Mavs/Capn2/Hyal2/Ager/Ccr5/Selenos/Nod1/Cd24a/Lilra5/C5ar2/Hgf/Zc3h12a/Tnfsf9/Stat3/Nod2/Cd84/Cd300ld/Cebpb/Cd47/Adora2b/Aif1/Lbp/Trpv4/Tnfaip3/Trim30a/Gas6/Arrb1/Traf6/Mapk13/Syt11/Bank1/Nlrc3/Rabgef1/Mbp/Cd200r1/Trem2/Ccn1/Fcer1g/Irak3/Ticam2/Il1b/Il16/Zbtb20/Rab7b",46
"GO:0032675","regulation of interleukin-6 production","46/2646","171/25615",0.269005847953216,2.60415147215481,7.14353726425017,7.78806300119047e-10,5.81750194414507e-08,3.59049109512536e-08,"Tlr2/Tslp/Mavs/Capn2/Hyal2/Ager/Ccr5/Selenos/Nod1/Cd24a/Lilra5/C5ar2/Hgf/Zc3h12a/Tnfsf9/Stat3/Nod2/Cd84/Cd300ld/Cebpb/Cd47/Adora2b/Aif1/Lbp/Trpv4/Tnfaip3/Trim30a/Gas6/Arrb1/Traf6/Mapk13/Syt11/Bank1/Nlrc3/Rabgef1/Mbp/Cd200r1/Trem2/Ccn1/Fcer1g/Irak3/Ticam2/Il1b/Il16/Zbtb20/Rab7b",46
"GO:0043523","regulation of neuron apoptotic process","72/2646","332/25615",0.216867469879518,2.09941808048521,6.8435302778049,8.30517287199149e-10,6.13246327927279e-08,3.78488138153052e-08,"Ccnd1/Clcf1/Alkbh1/Hif1a/Mtor/Cacna1a/Agrn/Rapsn/Jak2/Vegfb/Axl/Snx6/Mef2c/Epor/Ager/Prkn/Ccr5/Foxo3/Sod2/Adora2a/Map3k12/Mt1/Fpr2/Parp1/Tgfb2/Stxbp1/Retreg1/Tmbim4/Mrtfa/Stat3/Jun/Atm/Bcl2/Egr1/Nfix/Egln2/Ccl3/Nqo2/Prnp/Cebpb/Nupr1/Bok/Sigmar1/Msh2/Cflar/Arrb1/Unc5b/Cdc34/Hspg2/Itsn1/Btg2/Tgfb3/Slc25a27/Lcn2/Fcgr2b/Epha4/Fas/Cx3cl1/Cx3cr1/Adam8/Trem2/Gch1/Pin1/Igf1/Nrp1/Nf1/Smo/Nes/Birc5/Il1b/Kdr/Casp6",72
"GO:0050866","negative regulation of cell activation","55/2646","225/25615",0.244444444444444,2.36638112034937,6.98705786343159,8.97209160450411e-10,6.549626871288e-08,4.0423496517128e-08,"Nr1d1/Cnr2/Ubash3b/Id2/Runx3/Axl/Cblb/Ceacam1/Cd274/Arg2/Cd80/Adora2a/Sdc4/Src/Zc3h12a/Spn/Cygb/Hfe/Lyn/Clec12a/Tspan32/Peli1/Zc3h12d/Atm/Samsn1/Cd84/Cst7/Prnp/Cebpb/Pdgfa/Glmn/Tnfaip3/C1qtnf1/Prdm1/Pdgfb/Vsir/Arg1/Dusp22/Syt11/Zc3h8/Bmp4/Hmgb3/Mapk3/Bank1/Rabgef1/Ildr2/Serpine2/Fas/Cx3cl1/Trem2/Cd37/Lst1/Tnfaip8l2/Fer/Cd300lf",55
"GO:1904705","regulation of vascular associated smooth muscle cell proliferation","28/2646","77/25615",0.363636363636364,3.52023637737923,7.51719430114859,1.05945770197279e-09,7.64714188480133e-08,4.71972250360363e-08,"Jak2/Adamts1/Mdm2/P2ry6/Mef2c/Dnmt1/Ager/Mmp9/Sod2/Fgf9/Gna12/Src/Edn1/Gja1/Map3k5/Timp3/Jun/S1pr2/Gna13/Nqo2/Kcnn4/Pparg/Rgcc/Hpgd/Pdgfb/Tgfb3/Cav1/Igf1",28
"GO:0038061","non-canonical NF-kappaB signal transduction","38/2646","128/25615",0.296875,2.87394297996977,7.2138079499444,1.11316278085806e-09,7.94550856025799e-08,4.90387076888912e-08,"Tnfsf14/Card10/Ripk3/Nr3c2/Ccl19/Relb/Hdac7/Uxt/Irak2/Ager/Rassf2/Nod1/Tnfrsf11a/Sash1/Birc3/Edn1/Zc3h12a/Trim21/Litaf/Peli1/Eif2ak2/Nod2/Bcl3/Sphk1/Traf6/Birc2/Glrx/Tek/Ago1/Nlrp3/Nlrc3/Kpna2/Adgrg3/Trem2/Capn1/Il1b/Traf1/Smpd3",38
"GO:0050673","epithelial cell proliferation","94/2646","485/25615",0.193814432989691,1.87624969804646,6.61249086331808,1.36453273048216e-09,9.63270138529384e-08,5.94518555867574e-08,"Alox5/Ccnd1/Mtor/Nr1d1/Nr4a1/Ctsl/Id2/Vegfb/Runx3/Lipa/Mef2c/Ang/Ift57/Ager/Aplnr/Ceacam1/Mtss1/Itgb3bp/Ptch1/Ppp1r16b/Kif3a/Saal1/Jaml/Fgf9/Hgf/Nus1/Sox9/Gja1/Tgfb2/Jcad/Cav2/Stat3/Rida/Nod2/Jun/Sulf2/Mmp14/Hey1/Lgr4/Smad3/Eng/Cebpb/Nupr1/Adora2b/Mki67/Tsc2/Thbs1/Tnfaip3/Fgfr1/Pdcd6/Htra1/Cxcl12/Cflar/Hspg2/Pparg/Cdkn1c/Rgcc/Prdm1/Acvr2a/Pdgfb/Tek/Arg1/Akt3/Tgfb3/Bmp4/Cav1/Rps6ka1/Fam3c/Brca2/Lrg1/Serpinf1/Ccl24/Igfbp4/Nlrc3/Prkd1/Lims2/Ift172/Egfl7/Egr3/Plau/Igf1/Col8a1/Nf1/Smo/Stat1/Deaf1/Birc5/Plcg1/Mcc/Acvrl1/Kdr/Itpr1/Cdk6/Nme1",94
"GO:2000377","regulation of reactive oxygen species metabolic process","44/2646","163/25615",0.269938650306748,2.61318160529379,7.0125938222403,1.60305859332731e-09,1.11935308734072e-07,6.908510441398e-08,"Alox5/Cxcl1/Hif1a/Slc25a33/Ripk3/Bco2/Bcr/Ager/Prkn/Foxo3/Arg2/Sod2/Pon3/Nnt/Mapk14/Acod1/Ogt/Acp5/Birc3/Fpr2/Zc3h12a/Sirt5/Abcd1/Stat3/Itgam/Hk2/Nqo2/Thbs1/Tgfbr2/Trim30a/Cflar/Eif6/Birc2/Aldh2/Pdgfb/Lcn2/Abcd2/Cbr1/Pdk3/Fas/Gch1/Plau/Dcxr/Gadd45a",44
"GO:1901222","regulation of non-canonical NF-kappaB signal transduction","32/2646","98/25615",0.326530612244898,3.16102858376911,7.27480440304024,1.63456487838377e-09,1.1290800837352e-07,6.96854427425616e-08,"Tnfsf14/Nr3c2/Ccl19/Hdac7/Uxt/Ager/Rassf2/Nod1/Tnfrsf11a/Sash1/Birc3/Edn1/Zc3h12a/Trim21/Litaf/Peli1/Eif2ak2/Nod2/Bcl3/Sphk1/Birc2/Glrx/Tek/Ago1/Nlrp3/Nlrc3/Adgrg3/Trem2/Capn1/Il1b/Traf1/Smpd3",32
"GO:0002752","cell surface pattern recognition receptor signaling pathway","31/2646","93/25615",0.333333333333333,3.22688334593097,7.30203933506483,1.65453571991516e-09,1.13071675156755e-07,6.97864558807467e-08,"Tlr2/Nr1d1/Oas1a/Rab13/Irak2/Tnip3/Acod1/Appl2/Lyn/Naglu/Tbk1/Peli1/Oas1c/Nod2/Oas1g/Cd14/Lbp/Tnfaip3/Mfhas1/Traf6/Tril/Tlr5/Cav1/Tnip2/Tax1bp1/Znrf1/Trem2/Ticam2/Fcna/Trim32/Rab7b",31
"GO:0010594","regulation of endothelial cell migration","47/2646","181/25615",0.259668508287293,2.51375995456501,6.93667815414336,1.81491268946129e-09,1.21328551530313e-07,7.48824990582909e-08,"Hif1a/Card10/Hdac5/Plpp3/Cxcl13/Hdac7/Rhoj/Mef2c/Sp100/Cd40/Ager/Pik3r2/Ceacam1/Jup/Sash1/Anxa3/Rras/Nus1/Zc3h12a/Jcad/Sema4a/Ptgs2/Gab1/Map2k3/Adora2b/Thbs1/Fgfr1/Pdcd6/Csprs/Pparg/Rgcc/Pdgfb/Tek/Akt3/Bmp4/Lcn2/Serpinf1/Prkd1/Igf1/Nrp1/Nf1/Klf4/Plcg1/Rin2/Acvrl1/Kdr/Gadd45a",47
"GO:0048872","homeostasis of number of cells","87/2646","439/25615",0.198177676537585,1.91848873186328,6.5883294277143,1.81921338870584e-09,1.21328551530313e-07,7.48824990582909e-08,"Tnfrsf17/Ccnb2/Hif1a/Ripk3/Traf3ip2/Jak2/Crispld1/Id2/Bcr/Rac3/Lipa/Tsc22d3/Acvr1b/Glis2/Sh2b2/Axl/Gpr183/Mef2c/Blvrb/Dock10/Rassf2/Add1/Foxo3/Slc7a11/Slc15a4/Sco1/Kif3a/Mapk14/Ext1/Adar/Fadd/Lmo2/Septin4/Sox9/Tgfb2/Lyn/Emcn/Zbtb18/Slc11a2/Napepld/Stat3/Prdx5/Nod2/Itgam/Bcl2/Nfix/Lgr4/Cd47/Smim1/Tnfaip3/Ppp2ca/Pacs1/Tet2/Slc46a2/Mfhas1/Csf1r/Fosl2/Tal1/Slc40a1/Il7r/Acvr2a/Epsti1/Akt3/Thra/Poc1b/Stat4/Gapt/Pde4b/Zc3h8/Bmp4/Exoc6/Smarca2/Ildr2/Fas/Cx3cr1/Sos1/Myct1/Fcer1g/Ezh1/Hba-a1/Smo/Mecom/Rbfox2/Hscb/Stat1/Hspa9/Cdk6",87
"GO:0097191","extrinsic apoptotic signaling pathway","59/2646","254/25615",0.232283464566929,2.24865493003851,6.78795080502263,1.83201579988175e-09,1.21328551530313e-07,7.48824990582909e-08,"Tnfsf14/Stx4a/Itprip/Parp2/Jak2/Runx3/Acvr1b/Sp100/Hyal2/Foxo3/Tnfsf12/Mknk1/Eya4/Tnfrsf10b/Cd27/Tnfrsf1b/Hgf/Fadd/Bcl2a1b/Src/Tgfb2/Htra2/Bcl2a1a/Bcl2/Tmc8/Smad3/Pea15a/Bok/Tnfsf10/Bcl2a1d/Thbs1/Tnfaip3/Rffl/Fgfr1/Cflar/Csprs/Wwox/Unc5b/G0s2/Itm2b/Bmp4/Cav1/Lcn2/Atf3/Pml/Dele1/Sgpp1/Fas/Cx3cl1/Cx3cr1/Sgk3/Igf1/Nrp1/Nf1/Siglec1/Klf4/Il1b/Traf1/Psen2",59
"GO:0030098","lymphocyte differentiation","92/2646","474/25615",0.194092827004219,1.87894473307373,6.55574486579226,1.89076702467841e-09,1.23941707821777e-07,7.64953071819071e-08,"Chd7/Cd79b/Clcf1/Mtor/Irf8/Ripk3/Hdac5/Traf3ip2/Zfp36l2/Ctsl/Pik3r6/Jak2/Smarcb1/Id2/Ccl19/Runx3/Lipa/Ctla2a/Relb/Hdac7/Axl/Gpr183/Dock10/Dock2/Foxo3/Il15ra/Cd27/Flt3l/Cd28/Hs1bp3/Prr7/Fadd/Malt1/Zc3h12a/Spn/Lrrc8a/Tnfsf9/Tbk1/Ighm/Stat3/Sema4a/Bcl3/Atm/Bcl2/Lck/Mmp14/Egr1/Nfil3/Lyl1/Xrcc6/Msh2/Bcl2a1d/Tgfbr2/Tnfaip3/Mink1/Cd4/Pcid2/Gas6/Slc46a2/Clec4e/Fosl2/Il7r/Prdm1/Vsir/Il15/Stat4/Zc3h8/Bmp4/Hmgb3/Wwp1/Smarce1/Nlrp3/Smarca2/Batf/Adgrg3/Fas/Sos1/Adam8/Ly9/Clec4d/Egr3/Fcer1g/Kat2a/Gpr18/Irf4/Il1b/Sox13/Blm/Cdk6/Nfatc1/Zbtb46/Mr1",92
"GO:0060348","bone development","60/2646","261/25615",0.229885057471264,2.22543679029722,6.75383589590317,2.04801494419593e-09,1.32390146508361e-07,8.17095802776681e-08,"Npr2/Por/Sema4d/Tgm2/Lipa/Tapt1/Tifab/Rarg/Mef2c/Blvrb/Sik3/Rflnb/Ski/Idua/Dchs1/Ogn/Asxl2/Mapk14/Ext1/Dhrs3/Acp5/Col13a1/Src/Sox9/Gja1/Cadm1/Timp3/Sulf2/Mmp14/Tmem107/Nfix/Vkorc1/Pdgfa/Trpv4/Sh3pxd2b/Thbs1/Tgfbr2/Snx10/Map2k6/Pdgfc/Fosl2/Hspg2/Atg9a/Lifr/Bmp4/Bmp2/Ctc1/Ifitm5/Tmem38b/Prpsap2/Ift172/Igf1/Tmem119/Kat2a/Xylt1/Inppl1/Col3a1/Kdr/Smpd3/Amer1",60
"GO:0050678","regulation of epithelial cell proliferation","81/2646","399/25615",0.203007518796992,1.96524474451435,6.59550986525076,2.06086778499939e-09,1.32390146508361e-07,8.17095802776681e-08,"Alox5/Ccnd1/Mtor/Nr1d1/Nr4a1/Ctsl/Vegfb/Runx3/Mef2c/Ang/Ift57/Ager/Aplnr/Ceacam1/Mtss1/Itgb3bp/Ptch1/Ppp1r16b/Kif3a/Saal1/Jaml/Fgf9/Nus1/Sox9/Gja1/Tgfb2/Jcad/Cav2/Stat3/Rida/Nod2/Jun/Sulf2/Hey1/Smad3/Eng/Nupr1/Adora2b/Tsc2/Thbs1/Tnfaip3/Fgfr1/Pdcd6/Htra1/Cxcl12/Cflar/Hspg2/Pparg/Cdkn1c/Rgcc/Pdgfb/Tek/Arg1/Akt3/Tgfb3/Bmp4/Cav1/Brca2/Lrg1/Serpinf1/Ccl24/Nlrc3/Prkd1/Lims2/Ift172/Egfl7/Egr3/Plau/Igf1/Nf1/Smo/Stat1/Deaf1/Birc5/Plcg1/Mcc/Acvrl1/Kdr/Itpr1/Cdk6/Nme1",81
"GO:1904018","positive regulation of vasculature development","49/2646","194/25615",0.252577319587629,2.44511263841161,6.85754754757045,2.26889495244905e-09,1.44310704698343e-07,8.9066803092717e-08,"Hif1a/C6/Ramp2/Pik3r6/Vegfb/Jmjd8/Tgm2/Hpse/Cela1/Cd40/Aplnr/Add1/Jup/Mmp9/Emilin2/Sash1/Hgf/Anxa3/Rras/Wnk1/Zc3h12a/Jcad/Stat3/Pkm/Hk2/Gab1/Cysltr1/Eng/Sphk1/Thbs1/Tgfbr2/Pdcd6/Cxcl12/C3ar1/Tek/Akt3/Adm/Lrg1/Ccl24/Aqp1/Cx3cl1/Cx3cr1/Prkd1/Nrp1/Klf4/Plcg1/Il1b/Acvrl1/Kdr",49
"GO:0071559","response to transforming growth factor beta","65/2646","294/25615",0.22108843537415,2.14027977026033,6.67432325406152,2.40252531340271e-09,1.51311986404892e-07,9.33879085883721e-08,"Pdgfd/Strap/Zfp36l2/Dand5/Runx3/Zfyve9/Fndc4/Htra3/Snx6/Lrrc25/Mef2c/Hyal2/Dnmt1/Ski/Ogt/Il17rd/Appl2/Src/Sox9/Edn1/Parp1/Tgfb2/Ldlrad4/Bcl9l/Cav2/Cldn5/Stat3/Zfhx3/Jun/Chst11/Smad3/Eng/Adam9/Zyx/Got1/Thbs1/Tgfbr2/Nrep/Htra1/Cflar/Wwox/Pparg/Cdkn1c/Rgcc/Hpgd/Smad6/Furin/Dusp22/Brms1/Tgfb3/Bmp2/Cav1/Atf3/Pml/Lrg1/Fut8/Fos/Spry1/Dbn1/Pin1/Dcp1a/Pmepa1/Itgb5/Acvrl1/Col3a1",65
"GO:0031663","lipopolysaccharide-mediated signaling pathway","26/2646","70/25615",0.371428571428571,3.59567001403736,7.38087967123489,2.44894642499402e-09,1.527381731472e-07,9.42681336140626e-08,"Trim30d/Jak2/Tifab/Irak2/Mapk14/Acod1/Sash1/Cd180/Malt1/Lyn/Ly86/Trim12c/Cd84/Cd14/Lbp/Tnfaip3/Trim30a/Traf6/Prdm1/Mapk3/Trim30c/Cx3cl1/Trim5/Trem2/Irak3/Stat1",26
"GO:0032943","mononuclear cell proliferation","70/2646","327/25615",0.214067278287462,2.07231040564374,6.62368596454444,2.53513750218979e-09,1.56593493404493e-07,9.66475901549578e-08,"Clcf1/Ripk3/Fkbp1b/Jak2/Cd38/Cd151/Ccl19/Lipa/Gpr183/Mef2c/Cblb/Cd40/Ager/Ceacam1/Cd274/Dock2/Arg2/Impdh1/Cd80/Cd24a/Slc7a1/Cd27/Cd28/Sdc4/Tnfrsf1b/Fadd/Cd180/Malt1/Spn/Gja1/Lyn/Efnb1/Cd244a/Tnfsf9/Dock8/Tbk1/Peli1/Zc3h12d/Ighm/Tyk2/Clec2i/Atm/Itgam/Bcl2/Prnp/Cebpb/Glmn/Aif1/Tgfbr2/Cd4/Cxcl12/St6gal1/Cd81/Csf1r/Fosl2/Traf6/Tfrc/Il7r/Prdm1/Vsir/Arg1/Il15/Gapt/Bmp4/Sos1/Slfn2/Lst1/Igf1/Il1b/Blm",70
"GO:0043085","positive regulation of catalytic activity","88/2646","449/25615",0.195991091314031,1.89732116553625,6.51068321562853,2.58966623285453e-09,1.58438246474833e-07,9.77861492023561e-08,"Card10/Mtor/Ripk3/Snx9/Pik3r6/Jak2/Rcn3/Sema4d/Bcr/Bcar3/Atpsckmt/Rasgrp2/Rgs14/Ager/Ceacam1/Dock10/Rassf2/Timp2/Sipa1l1/Adrb1/Ralbp1/Nod1/Unc119/Lilra5/Map3k4/Sdc4/Cdc20/Mapk14/Lmo4/Sash1/Src/Cdc14b/Arhgap24/C1qtnf9/Dock8/Rgs10/Map3k5/Ccnb1/Rcc2/Higd1a/Mex3b/Bcl2/Pik3r5/Gab1/Gna13/Il1rn/Smad3/Map2k3/Tpx2/Adora2b/Mmut/Chp2/Map2k6/Fgfr1/Bin1/Pdgfc/Taok3/Gas6/Evi5/Csf1r/Srgap2/Traf6/Arrdc4/Pdgfb/Vsir/Snx18/Bmp2/Cav1/Als2/Pim1/Mapk3/Sgsm3/Cenpe/Cacna1d/Irgm2/Rgs1/Fgd4/Rap1gds1/Ppp1r9a/Fgd2/Tbc1d30/Gch1/Ccn1/Igf1/Nf1/Il1b/Adcy7/Plscr1",88
"GO:0097193","intrinsic apoptotic signaling pathway","72/2646","341/25615",0.211143695014663,2.04400821912343,6.58728866488556,2.81307117242635e-09,1.70482728411952e-07,1.05219856239471e-07,"Hif1a/Ripk3/Ackr3/Fhit/Jak2/Phlda3/Tifab/Mdm2/Nacc2/Prkn/Selenos/S100a8/Ikbke/Mmp9/Tnfrsf10b/Sod2/Ddit4/Bclaf1/Tnfrsf1b/Cycs/Fnip2/Bcl2a1b/Src/Septin4/Parp1/Prkra/Ifi27l2a/Htra2/Steap3/Map3k5/Bcl2a1a/Stat3/Bcl3/Atm/Snai1/Bcl2/Ptgs2/Plagl2/Lck/Cdkn2d/Herpud1/Cebpb/Nupr1/Bok/Usp28/Msh2/Bcl2a1d/Cxcl12/Gsdme/Wwox/Aldh2/Plaur/Hic1/Knl1/Bcl2l12/Bub1/Cav1/Chek2/Pml/Brca2/Ptpn1/Aen/Fcgr2b/Ifi204/Sgpp1/Trem2/E2f1/Pdk1/Itpr1/Trim32/Plscr1/Casp6",72
"GO:0001935","endothelial cell proliferation","44/2646","166/25615",0.265060240963855,2.56595543170414,6.87006204597242,2.97278100823785e-09,1.78477992494579e-07,1.10154435508626e-07,"Alox5/Mtor/Nr4a1/Vegfb/Lipa/Mef2c/Ang/Ager/Aplnr/Ppp1r16b/Nus1/Gja1/Jcad/Cav2/Stat3/Jun/Mmp14/Eng/Adora2b/Tsc2/Thbs1/Fgfr1/Pdcd6/Cxcl12/Hspg2/Pparg/Rgcc/Pdgfb/Tek/Arg1/Akt3/Bmp4/Cav1/Lrg1/Ccl24/Prkd1/Egfl7/Egr3/Igf1/Nf1/Stat1/Plcg1/Acvrl1/Kdr",44
"GO:0042176","regulation of protein catabolic process","85/2646","430/25615",0.197674418604651,1.9136168679358,6.48470072981323,3.16084526632795e-09,1.88011759174915e-07,1.16038559776638e-07,"Prkaca/Mtor/Fbxl5/Snx9/Abca2/Fhit/Sox17/Det1/Snf8/Psma2/Mdm2/Ctsc/Cblb/Tspan17/Prkn/Timp2/Tnfsf12/Sco1/Hmgcr/Neurl3/Atp13a2/Cdc20/Rilp/Tnfrsf1b/Nedd4/Ogt/Gna12/Rnf180/Sox9/Gja1/Hfe/Fbxo11/Psmb3/Csnk1d/Timp3/Psmb6/Sh3d19/Herpud1/Egln2/Trf/Smad3/N4bp1/Adam9/Nupr1/Glmn/Tnfaip3/Ppp2ca/Psmd14/Trim30a/Cd81/Odc1/Timp4/Rad23a/Cbfa2t3/Psmd3/Furin/Cdk1/Psma6/Cav1/Chek2/Pml/Mapk3/Sgsm3/Samd9l/Trib2/Mycbp2/Serpine2/Tiparp/Adam8/Trem2/Fam83d/Pin1/Zfand2a/Irak3/Svip/Kat2a/Aurka/Psmb5/Il1b/Psen2/Timp1/Ophn1/Trim32/Amer1/Rhbdf1",85
"GO:0007159","leukocyte cell-cell adhesion","86/2646","438/25615",0.19634703196347,1.90076690239769,6.45371918067209,3.57919733906857e-09,2.10942786295197e-07,1.30191309439286e-07,"Alox5/Tnfsf14/Gcnt1/Ephb4/Pik3r6/Jak2/Smarcb1/Sema4d/Ccl19/Runx3/Tnip1/Cblb/Ager/Gpr35/Ceacam1/Cd274/Foxo3/S100a8/Arg2/Cd80/Cd24a/Slc7a1/Cd27/Adora2a/Cd28/Sdc4/Ext1/L1cam/Wnk1/Fadd/St3gal4/Selplg/Malt1/Zc3h12a/Spn/Hfe/Efnb1/Cd244a/Tnfsf9/Dock8/Ass1/Peli1/Zc3h12d/Tyk2/Itgam/Lck/Prnp/Cebpb/Cd47/Glmn/Aif1/Thbs1/Tgfbr2/Stk10/Cd4/Cxcl12/Cd81/Traf6/Tfrc/Il7r/Vsir/Arg1/Il15/Dusp22/Zc3h8/Bmp4/Cav1/Icam2/Mapk3/Smarce1/Nlrp3/Lrg1/Smarca2/Ildr2/Epha4/Cx3cr1/Adam8/Egr3/Slc39a8/Capn1/Igf1/Tnfaip8l2/Klf4/Il1b/Sox13/Blm",86
"GO:0061900","glial cell activation","24/2646","62/25615",0.387096774193548,3.74734840172628,7.35108108785369,3.8076905098689e-09,2.22369125776344e-07,1.37243506507862e-07,"Tlr2/Nr1d1/Jak2/Ctsc/Ager/Adora2a/Fpr2/Naglu/Jun/Atm/Itgam/Cst7/Kcnn4/Aif1/Sphk1/Mmp8/Csf1r/Syt11/Cx3cl1/Cx3cr1/Trem2/Smo/Calhm2/Il1b",24
"GO:0045766","positive regulation of angiogenesis","48/2646","191/25615",0.25130890052356,2.43283351735109,6.74610434708986,3.93191824639183e-09,2.27555340674064e-07,1.40444374953882e-07,"Hif1a/C6/Ramp2/Pik3r6/Vegfb/Jmjd8/Tgm2/Hpse/Cela1/Cd40/Aplnr/Add1/Jup/Mmp9/Emilin2/Sash1/Hgf/Anxa3/Rras/Wnk1/Zc3h12a/Jcad/Stat3/Pkm/Hk2/Gab1/Cysltr1/Eng/Sphk1/Thbs1/Tgfbr2/Pdcd6/C3ar1/Tek/Akt3/Adm/Lrg1/Ccl24/Aqp1/Cx3cl1/Cx3cr1/Prkd1/Nrp1/Klf4/Plcg1/Il1b/Acvrl1/Kdr",48
"GO:1990874","vascular associated smooth muscle cell proliferation","28/2646","81/25615",0.345679012345679,3.34639754392841,7.17872400131002,3.98121437803979e-09,2.28351081826139e-07,1.40935496666944e-07,"Jak2/Adamts1/Mdm2/P2ry6/Mef2c/Dnmt1/Ager/Mmp9/Sod2/Fgf9/Gna12/Src/Edn1/Gja1/Map3k5/Timp3/Jun/S1pr2/Gna13/Nqo2/Kcnn4/Pparg/Rgcc/Hpgd/Pdgfb/Tgfb3/Cav1/Igf1",28
"GO:0035458","cellular response to interferon-beta","25/2646","67/25615",0.373134328358209,3.61218284992272,7.26649702450814,4.4303058138802e-09,2.51860925206782e-07,1.55445484650866e-07,"Oas1a/Mavs/Mndal/Ifit3/Capn2/Ifi206/Sting1/Ifi213/Acod1/9930111J21Rik1/Gm5431/F830016B08Rik/Htra2/Oas1c/Oas1g/Ifitm2/Ifi203/Cdc34/Ifi208/Ifi214/Irgm2/Ifi204/Gm11772/Camk2a/Stat1",25
"GO:0007015","actin filament organization","92/2646","482/25615",0.190871369294606,1.84775892837541,6.3772920265756,4.50874249835949e-09,2.54071594819837e-07,1.56809882915988e-07,"Tlr2/Myo1f/Mtor/Eps8/Cul3/Snx9/Rnd3/Tmsb10/Gas2l1/Cald1/Rac3/Gba2/Arpin/Rnd1/Coro6/Rhoj/Vasp/Ang/Rnh1/Cdc42ep3/Prkn/Arhgap6/Pik3r2/Mtss1/Add1/Rflnb/Sdc4/Myo5a/Cdc42ep1/Efhd2/Arhgap12/Tle6/Src/Gja1/Arhgef15/Mrtfa/Dbnl/Clec2i/Bcl2/Arhgef10/Actn1/Evl/Myadm/Smad3/Eln/Cd47/Arhgef18/Msrb2/Zyx/Aif1/Trpv4/Sh3pxd2b/Kank3/Ccn2/Pdlim4/Bin1/Arhgap18/Arrb1/Phactr1/Catip/Rgcc/Rhou/Kptn/Rhobtb1/Add3/Rnd2/Tgfb3/Elmo2/Ccl24/Fam171a1/Arhgef10l/Ppp1r9a/Cx3cl1/Limch1/Kank2/Hip1/Dbn1/Tmod1/Capn1/Nrp1/Myo7a/Sorbs1/Inppl1/Itgb5/Espn/Myh10/Iqgap2/Cdc42ep5/Fer/Cnn3/Cdc42ep2/Msrb1",92
"GO:0045807","positive regulation of endocytosis","50/2646","204/25615",0.245098039215686,2.3727083425963,6.68105515968485,4.66014078079882e-09,2.60319516311753e-07,1.60666023695167e-07,"Prkaca/Tlr2/Dgkd/Cd151/Ccl19/Bcr/Axl/Ager/Aplnr/Dock2/Add1/Il15ra/Pros1/Kif3a/Eef2k/Appl2/Tor1a/Fpr2/Hfe/Myo18a/Ighm/Stat3/Nod2/Mex3b/Ahi1/Tbc1d5/Trf/Cd47/Cd14/Syne1/Pld2/Lbp/Bin1/Gas6/Arrb1/Rab31/Pparg/Itsn1/Camk1d/Il15/Cav1/Fcgr2b/Ptx3/Hip1/Trem2/Fcer1g/Smpd1/Gpr18/Dnm1/Cd300lf",50
"GO:1901293","nucleoside phosphate biosynthetic process","70/2646","332/25615",0.210843373493976,2.04110091158284,6.48052432203321,4.9450676578057e-09,2.73854436497791e-07,1.69019611002536e-07,"Ndufb6/Dhodh/Npr2/Oas1a/Ak3/Mpi/Uap1l1/Lipa/Dip2a/Acacb/Atpsckmt/Dck/Prkn/Cox6b2/Acss1/Oasl2/Nme4/Nans/Impdh1/Fam3a/Cmpk2/Ppcdc/Parp1/Adcy9/Amdhd2/Stat3/Nagk/Pdp1/Uck2/Rrm2/Dguok/Adora2b/Idh2/Mmut/Guk1/Tpk1/Mcee/Prps1l3/Pfas/Pcca/Tk2/Bckdk/Fasn/Mpc1/Dld/Prps2/Dlst/Aprt/Sirt4/Nme3/Pgk1/Acsl4/Nudt2/Pdk3/Acss2/Upp2/Prpsap2/Npr1/mt-Atp8/Trem2/Dcakd/Pdk1/Gnpda1/Pank1/Nanp/Qprt/mt-Nd4l/Naprt/Adcy7/Nme1",70
"GO:0006790","sulfur compound metabolic process","66/2646","307/25615",0.214983713355049,2.08118209281541,6.4684719250185,5.98414857550031e-09,3.28565559393282e-07,2.02786647343326e-07,"Gstt1/Fmo1/Cacna1a/Idh1/Adi1/Hmgn5/Hlcs/Gstz1/Dip2a/Acot2/Acot1/Acacb/Gamt/Bphl/Acss1/Far1/Slc7a11/Aldh7a1/Sult1a1/Hmgcr/Sod2/Ext1/Ppcdc/Ggt5/Abcd1/Btd/Sulf2/Pdp1/Gnmt/Mmut/Tpk1/Mri1/Crot/Gsr/Mcee/Nudt7/Pcca/Gstm2/Bckdk/Fasn/Mpc1/Dld/Mvd/Hsd17b4/Dlst/Acaa2/Ahcy/Pmvk/Hnmt/Sirt4/Acat2/Oplah/Pgk1/Acsl4/Dgat2/Lrrc58/Pdk3/Acss2/Chst7/Apip/Gstm1/Dcakd/Gstt2/Pdk1/Pank1/Nme1",66
"GO:0050920","regulation of chemotaxis","53/2646","224/25615",0.236607142857143,2.29051094644207,6.58428131235529,6.10050423748484e-09,3.32115586623751e-07,2.0497768075953e-07,"Pdgfd/Tnfsf14/Stx4a/Agrn/Cxcl13/Vegfb/Ccl19/Plxna4/Tnfaip6/Gpr183/Ager/Trem1/C5ar2/Wnk1/Fpr2/Edn1/Lyn/Stk39/Tubb2b/Nod2/Ccl3/Smad3/Mtus1/Padi2/Mpp1/Aif1/Lbp/Trpv4/Thbs1/Sema3f/Rin3/Fgfr1/Nbl1/Cxcl12/Gas6/St6gal1/Csf1r/C3ar1/P2ry12/Pdgfb/Camk1d/Mapk3/Cxcl10/Mycbp2/Cx3cl1/Cx3cr1/Trem2/Prkd1/Nrp1/Gpr18/Il1b/Kdr/Il16",53
"GO:0009306","protein secretion","89/2646","464/25615",0.191810344827586,1.85684882190424,6.32190760420156,6.27836823280398e-09,3.38926365777586e-07,2.0918121040808e-07,"Alox5/Tlr2/Stx4a/Hif1a/Unc13b/Nr1d1/Fkbp1b/Jak2/Cd38/Rcn3/Pck2/Filip1l/Gsdmd/Ang/Serp1/Porcn/Syt7/Prkn/B3glct/Sco1/Idua/Hmgcr/Fam3a/Adora2a/Atp13a2/Wls/Myo5a/Dph3/Inhbb/Gja1/Lrrc8a/Tgfb2/Neo1/Steap3/Myo18a/Trpm4/Cpt1a/Rab3a/Abcg1/Pde8b/Ahi1/Il1rn/Hadh/Adam9/Stxbp3/Kcnn4/Idh2/Klf7/Arrb1/M6pr/Frmd4a/Cavin1/Pparg/Glrx/Slc16a1/Sirt4/Tgfb3/Pde4c/Rapgef4/Nlrp3/Slc4a8/Cacna1d/Myom1/Per2/Map4k4/Rab11fip3/Acsl4/Gnptab/Rap1gds1/Ildr2/Tmed2/Comt/Slc12a2/Rab11fip1/Trpm2/Trem2/Psmd9/Ap1b1/Rab11fip5/Apbb1/Igf1/Sncg/Rhbdf2/Gna11/Birc5/Il1b/Myh10/Acvr2b/Rhbdf1",89
"GO:0051402","neuron apoptotic process","78/2646","389/25615",0.200514138817481,1.94110720552145,6.34822457811431,7.23468234132786e-09,3.87296661339085e-07,2.39034765619511e-07,"Ccnd1/Clcf1/Alkbh1/Hif1a/Mtor/Cacna1a/Npr2/Parp2/Agrn/Rapsn/Jak2/Vegfb/Axl/Snx6/Mef2c/Epor/Ager/Prkn/Ccr5/Foxo3/Sod2/Adora2a/Map3k12/Mt1/Fadd/Fpr2/Parp1/Tgfb2/Htra2/Stxbp1/Retreg1/Tmbim4/Map3k5/Mrtfa/Stat3/Jun/Atm/Bcl2/Egr1/Nfix/Egln2/Ccl3/Nqo2/Prnp/Cebpb/Nupr1/Bok/Sigmar1/Msh2/Cflar/Arrb1/Unc5b/Cdc34/Hspg2/Itsn1/Btg2/Tgfb3/Slc25a27/Lcn2/Fcgr2b/Epha4/Fas/Cx3cl1/Cx3cr1/Adam8/Trem2/Gch1/Pin1/Igf1/Nrp1/Nf1/Smo/Nes/Birc5/Il1b/Elk1/Kdr/Casp6",78
"GO:0051056","regulation of small GTPase mediated signal transduction","59/2646","263/25615",0.224334600760456,2.17170476132996,6.48264940228187,7.31888408664121e-09,3.8856620969077e-07,2.39818315345033e-07,"Arhgap19/Eps8/Cul3/Agrn/Cxcl13/Sema4d/Ccl19/Bcr/Tgm2/Dennd4a/Scai/Sh2b2/Dock10/Timp2/Sipa1l1/Dock2/Rasa2/Ralbp1/Arhgap45/Cyth1/Ppp2cb/Ogt/Arhgap12/Wnk1/Dennd3/Psd3/Src/Arhgap24/Tgfb2/Dock8/Arhgef15/Spry4/Cdkl5/Stard8/Arhgef10/Arhgef18/Kank3/Tsc2/Arhgap18/Arhgap22/Arrb1/Lztr1/Sipa1l2/Ssx2ip/Sgsm3/Map4k4/Rabgef1/Arhgef10l/Spry1/Kank2/Sos1/Sipa1/Igf1/Nrp1/Nf1/Arhgef3/Col3a1/Ophn1/Rasa3",59
"GO:0046651","lymphocyte proliferation","68/2646","322/25615",0.211180124223602,2.04436087754633,6.40089844690075,7.61874893038903e-09,4.0117084531819e-07,2.47597742393287e-07,"Clcf1/Ripk3/Fkbp1b/Jak2/Cd38/Cd151/Ccl19/Lipa/Gpr183/Mef2c/Cblb/Cd40/Ager/Ceacam1/Cd274/Dock2/Arg2/Impdh1/Cd80/Cd24a/Slc7a1/Cd27/Cd28/Sdc4/Tnfrsf1b/Fadd/Cd180/Malt1/Spn/Gja1/Lyn/Efnb1/Cd244a/Tnfsf9/Dock8/Peli1/Zc3h12d/Ighm/Tyk2/Clec2i/Atm/Itgam/Bcl2/Prnp/Cebpb/Glmn/Aif1/Tgfbr2/Cd4/Cxcl12/Cd81/Csf1r/Fosl2/Traf6/Tfrc/Il7r/Prdm1/Vsir/Arg1/Il15/Gapt/Bmp4/Sos1/Slfn2/Lst1/Igf1/Il1b/Blm",68
"GO:0071692","protein localization to extracellular region","89/2646","466/25615",0.190987124463519,1.84887951365572,6.27684246947874,7.7812734960778e-09,4.05040600430706e-07,2.49986107950395e-07,"Alox5/Tlr2/Stx4a/Hif1a/Unc13b/Nr1d1/Fkbp1b/Jak2/Cd38/Rcn3/Pck2/Filip1l/Gsdmd/Ang/Serp1/Porcn/Syt7/Prkn/B3glct/Sco1/Idua/Hmgcr/Fam3a/Adora2a/Atp13a2/Wls/Myo5a/Dph3/Inhbb/Gja1/Lrrc8a/Tgfb2/Neo1/Steap3/Myo18a/Trpm4/Cpt1a/Rab3a/Abcg1/Pde8b/Ahi1/Il1rn/Hadh/Adam9/Stxbp3/Kcnn4/Idh2/Klf7/Arrb1/M6pr/Frmd4a/Cavin1/Pparg/Glrx/Slc16a1/Sirt4/Tgfb3/Pde4c/Rapgef4/Nlrp3/Slc4a8/Cacna1d/Myom1/Per2/Map4k4/Rab11fip3/Acsl4/Gnptab/Rap1gds1/Ildr2/Tmed2/Comt/Slc12a2/Rab11fip1/Trpm2/Trem2/Psmd9/Ap1b1/Rab11fip5/Apbb1/Igf1/Sncg/Rhbdf2/Gna11/Birc5/Il1b/Myh10/Acvr2b/Rhbdf1",89
"GO:0002696","positive regulation of leukocyte activation","76/2646","376/25615",0.202127659574468,1.95672713529856,6.34320169889998,7.81834284766619e-09,4.05040600430706e-07,2.49986107950395e-07,"Tnfsf14/Clcf1/Ephb4/Pik3r6/Jak2/Cd38/Tslp/Smarcb1/Ccl19/Runx3/Axl/Gpr183/Mef2c/Ctsc/Cd40/Ager/Cd274/Foxo3/Cd80/Il15ra/Cd24a/Slc7a1/Shld3/Cd27/Cd28/Fadd/Malt1/Spn/Efnb1/Cd244a/Tnfsf9/Dock8/Peli1/Ighm/Tyk2/Nod2/Bcl2/Lck/Mmp14/Shld1/Il4ra/Cd47/Kcnn4/Aif1/Lbp/Xrcc6/Msh2/Thbs1/Tgfbr2/Mmp8/Cd4/Pcid2/Gas6/Cd81/Csf1r/Traf6/Tfrc/Il7r/Prdm1/Vsir/Il15/Cav1/Tnip2/Smarce1/Nlrp3/Smarca2/Adam8/Trem2/Kmt5c/Cd300lb/Clec4d/Egr3/Igf1/Il1b/Sox13/Blm",76
"GO:0014910","regulation of smooth muscle cell migration","33/2646","109/25615",0.302752293577982,2.93083900226757,6.85647209413509,7.88253610043849e-09,4.05099295273735e-07,2.50022333690111e-07,"Pdgfd/Tlr2/Sema6d/Adamts1/Pde4d/Mdm2/P2ry6/S100a11/Mef2c/Ager/Myo5a/Fgf9/Gna12/Src/Bcl2/Egr1/S1pr2/Gna13/Kcnn4/Pdgfa/Aif1/Pparg/Pdgfb/Ace/Cav1/Rapgef4/Ptpn1/Foxo4/P2ry2/Plau/Igf1/Nrp1/Smo",33
"GO:0042542","response to hydrogen peroxide","35/2646","120/25615",0.291666666666667,2.82352292768959,6.79574261291039,8.30755601852683e-09,4.2355349097632e-07,2.61412037720123e-07,"Pdgfd/Ripk3/Txn1/Mdm2/Axl/Capn2/Lig1/Sod2/Ppp2cb/Src/Edn1/Cbx8/Map3k5/Setx/Jun/Bcl2/Lck/Adam9/Pld2/Sphk1/Tnfaip3/Plekha1/Il18rap/Mapk13/Cdk1/Lcn2/Ppp1r15b/Aqp1/Trpm2/Capn1/Cat/Rbfox2/Klf4/Smpd3/Casp6",35
"GO:0035592","establishment of protein localization to extracellular region","89/2646","467/25615",0.190578158458244,1.8449204568813,6.25439229826081,8.65612131517582e-09,4.37849789989681e-07,2.70235538733712e-07,"Alox5/Tlr2/Stx4a/Hif1a/Unc13b/Nr1d1/Fkbp1b/Jak2/Cd38/Rcn3/Pck2/Filip1l/Gsdmd/Ang/Serp1/Porcn/Syt7/Prkn/B3glct/Sco1/Idua/Hmgcr/Fam3a/Adora2a/Atp13a2/Wls/Myo5a/Dph3/Inhbb/Gja1/Lrrc8a/Tgfb2/Neo1/Steap3/Myo18a/Trpm4/Cpt1a/Rab3a/Abcg1/Pde8b/Ahi1/Il1rn/Hadh/Adam9/Stxbp3/Kcnn4/Idh2/Klf7/Arrb1/M6pr/Frmd4a/Cavin1/Pparg/Glrx/Slc16a1/Sirt4/Tgfb3/Pde4c/Rapgef4/Nlrp3/Slc4a8/Cacna1d/Myom1/Per2/Map4k4/Rab11fip3/Acsl4/Gnptab/Rap1gds1/Ildr2/Tmed2/Comt/Slc12a2/Rab11fip1/Trpm2/Trem2/Psmd9/Ap1b1/Rab11fip5/Apbb1/Igf1/Sncg/Rhbdf2/Gna11/Birc5/Il1b/Myh10/Acvr2b/Rhbdf1",89
"GO:0008630","intrinsic apoptotic signaling pathway in response to DNA damage","34/2646","115/25615",0.295652173913043,2.86210522856486,6.79274995340673,9.22636330274635e-09,4.63048108256582e-07,2.85787632779938e-07,"Ackr3/Phlda3/Nacc2/Ikbke/Sod2/Ddit4/Tnfrsf1b/Fnip2/Bcl2a1b/Htra2/Steap3/Bcl2a1a/Bcl3/Atm/Snai1/Bcl2/Cdkn2d/Nupr1/Bok/Usp28/Msh2/Bcl2a1d/Cxcl12/Hic1/Knl1/Bcl2l12/Chek2/Pml/Brca2/Aen/Ifi204/E2f1/Trim32/Plscr1",34
"GO:0050729","positive regulation of inflammatory response","44/2646","172/25615",0.255813953488372,2.47644535850516,6.59416822035006,9.654353347615e-09,4.74309511465692e-07,2.92738033197357e-07,"Tlr2/Zdhhc9/Mefv/Osm/Tslp/Tnip1/Gsdmd/Ctsc/Hyal2/Ccr5/S100a8/Cd24a/Lilra5/Map3k8/Cd28/Tnfrsf11a/Napepld/Stat3/Ptgs2/Pde2a/Ccl3/Cebpb/Cd47/Kcnn4/Nupr1/Adora2b/Lbp/Trpv4/Mmp8/Fabp4/Cd81/Csf1r/Mapk13/Mapk3/Nlrp3/Ccl24/Cx3cl1/Adam8/Trem2/Fcer1g/Il1b/Traf1/Il16/Adora3",44
"GO:0001774","microglial cell activation","21/2646","51/25615",0.411764705882353,3.98615001556178,7.24510833662771,9.67225186830724e-09,4.74309511465692e-07,2.92738033197357e-07,"Tlr2/Nr1d1/Jak2/Ctsc/Ager/Fpr2/Naglu/Jun/Atm/Itgam/Cst7/Kcnn4/Aif1/Sphk1/Mmp8/Csf1r/Syt11/Cx3cl1/Cx3cr1/Trem2/Calhm2",21
"GO:0002269","leukocyte activation involved in inflammatory response","21/2646","51/25615",0.411764705882353,3.98615001556178,7.24510833662771,9.67225186830724e-09,4.74309511465692e-07,2.92738033197357e-07,"Tlr2/Nr1d1/Jak2/Ctsc/Ager/Fpr2/Naglu/Jun/Atm/Itgam/Cst7/Kcnn4/Aif1/Sphk1/Mmp8/Csf1r/Syt11/Cx3cl1/Cx3cr1/Trem2/Calhm2",21
"GO:0000302","response to reactive oxygen species","52/2646","221/25615",0.235294117647059,2.27780000889245,6.47524260653798,1.03313957290368e-08,5.02794592146456e-07,3.10318676832749e-07,"Pdgfd/Hif1a/Ripk3/Txn1/Mdm2/Axl/Capn2/Hyal2/Lig1/Epor/Foxo3/Hk3/Sod2/Ppp2cb/Hgf/Src/Edn1/Parp1/Cbx8/Cygb/Map3k5/Setx/Prdx5/Jun/Atm/Bcl2/Lck/Txnrd2/Adam9/Pld2/Sphk1/Tnfaip3/Plekha1/Glrx/Il18rap/Mapk13/Cdk1/Lcn2/Ppp1r15b/Aqp1/Fos/Prdx6/Slc8a1/Trpm2/Gch1/Capn1/Cat/Rbfox2/Klf4/Smpd3/Fer/Casp6",52
"GO:0042327","positive regulation of phosphorylation","90/2646","476/25615",0.189075630252101,1.83037500714572,6.20677961646737,1.06188503363142e-08,5.12898455341975e-07,3.16554657701889e-07,"Card10/Mtor/Ripk3/Snx9/Pik3r6/Jak2/Plpp3/Osm/Sema4d/Vegfb/Pde4d/Ehd4/Bcar3/Ang/Ager/Ceacam1/Rassf2/Ralbp1/Cdca8/Unc119/Cd80/Mmp9/Lilra5/Map3k4/Sdc4/Lmo4/Sash1/Ogt/Src/Sox9/Prr5l/Spn/Aktip/Lyn/C1qtnf9/Map3k5/Ighm/Ccnb1/Nod2/Higd1a/Arl2bp/Bcl2/Lck/Pik3r5/Gab1/Il1rn/Eng/Map2k3/Tpx2/Glmn/Aif1/Ccn2/Sphk1/Thbs1/Map2k6/Fgfr1/Cd4/Pdgfc/Taok3/Gas6/Arrb1/Csf1r/Traf6/Plaur/Acvr2a/Pdgfb/Tek/Il15/Bmp4/Bmp2/Als2/Pim1/Chek2/Cenpe/Bank1/Irgm2/Fgd4/Ppp1r9a/Fgd2/Trim65/Limch1/Prkd1/Pin1/Sema7a/Igf1/Nrp1/Rap2a/Birc5/Il1b/Kdr",90
"GO:1901292","nucleoside phosphate catabolic process","50/2646","210/25615",0.238095238095238,2.30491667566498,6.44459169711449,1.30238582603993e-08,6.24367652722425e-07,3.8535208388549e-07,"Ncf1/Prkaca/Hif1a/Mtor/Prkag2/Mpi/Gda/Fhit/Pfkp/Jmjd8/Lipa/Pde4d/Galk1/Acot2/Pgam1/Eno3/Hk3/Ddit4/Samhd1/Ogt/Src/Abcd1/Stat3/Pkm/Pde8b/Hk2/Nudt5/Pde2a/Nupr1/Pde4a/Ppp2ca/Nudt7/Eif6/Cbfa2t3/Entpd5/Pde4b/Pde4c/Cnp/Uchl1/Pgk1/Upp2/Pfkfb3/Nudt16/Igf1/Pfkfb4/Adpgk/Pde7a/Nme1/Pde7b/Zbtb20",50
"GO:0032963","collagen metabolic process","38/2646","139/25615",0.273381294964029,2.6465086434254,6.60645336374984,1.39325833743396e-08,6.6298455997598e-07,4.0918596704469e-07,"Hif1a/Ctsl/Rcn3/Acvr1b/Ager/Ciita/Adam15/Suco/Mmp9/Idua/Cbx8/Cygb/Naglu/Mmp19/Retreg1/Mrtfa/Prdx5/Mmp14/Eng/Adora2b/Got1/Ccn2/Mmp15/Mmp8/Plod3/Fosl2/Pparg/Rgcc/Pdgfb/Retreg2/Vsir/Arg1/Tgfb3/Pepd/Bmp4/P3h2/Smpd3/Plod2",38
"GO:0043534","blood vessel endothelial cell migration","36/2646","128/25615",0.28125,2.72268282312925,6.63152677405529,1.4767003454586e-08,6.9752375141368e-07,4.30503133842494e-07,"Hif1a/Card10/Hdac5/Nr4a1/Ephb4/Ehd4/Hdac7/Rhoj/Mef2c/Cd40/Pik3r2/Jup/Nus1/Sox18/Jcad/Ptgs2/Gab1/Map2k3/Thbs1/Fgfr1/Pparg/Rgcc/Pdgfb/Pacsin2/Akt3/Adam8/Prkd1/Egr3/Igf1/Nrp1/Nf1/Klf4/Plcg1/Acvrl1/Kdr/Gadd45a",36
"GO:0001938","positive regulation of endothelial cell proliferation","31/2646","101/25615",0.306930693069307,2.97128862546119,6.73727393456135,1.54667765303545e-08,7.25245054240857e-07,4.47612383121977e-07,"Mtor/Nr4a1/Vegfb/Ang/Aplnr/Ppp1r16b/Nus1/Jcad/Cav2/Stat3/Jun/Adora2b/Fgfr1/Pdcd6/Cxcl12/Hspg2/Pdgfb/Arg1/Akt3/Bmp4/Cav1/Lrg1/Ccl24/Prkd1/Egfl7/Egr3/Igf1/Nf1/Plcg1/Acvrl1/Kdr",31
"GO:0072001","renal system development","78/2646","396/25615",0.196969696969697,1.90679470441375,6.17241639292653,1.63424403846852e-08,7.60752442255201e-07,4.6952710901304e-07,"Pdgfd/Gcnt1/Cenpf/Hdac5/Cul3/Traf3ip2/Mpv17/Wdpcp/Sox17/Id2/Adamts1/Ptpro/Glis2/Mef2c/Nek1/Mtss1/Arg2/Mmp9/Ptch1/Dchs1/Cd24a/Kif3a/Tbc1d32/Sdc4/Ext1/Fadd/Sox9/Edn1/Invs/Tgfb2/Ass1/Dync2h1/Sulf2/Bcl2/Egr1/Wt1/Hey1/Lgr4/Vcan/Smad3/Podxl/Pdgfa/Tsc2/Fgfr1/Tet2/Cflar/Odc1/C3ar1/Cdkn1c/Prdm1/Hpgd/Pdgfb/Smad6/Tek/Nfia/Ace/Bmp4/Bmp2/Gatm/Serpinf1/Basp1/Aqp1/Epha4/Spry1/Comt/Tiparp/Kank2/Ap1b1/Zbtb14/Cat/Nrp1/Nf1/Smo/Mecom/Stat1/Acvr2b/Cntrl/Amer1",78
"GO:0006637","acyl-CoA metabolic process","33/2646","112/25615",0.294642857142857,2.85233438613541,6.66799619655191,1.66457832694055e-08,7.69298645486768e-07,4.7480172119103e-07,"Dip2a/Acot2/Acot1/Acacb/Acss1/Far1/Aldh7a1/Hmgcr/Abcd1/Pdp1/Mmut/Tpk1/Mcee/Nudt7/Pcca/Bckdk/Fasn/Mpc1/Dld/Mvd/Hsd17b4/Dlst/Acaa2/Pmvk/Sirt4/Acat2/Pgk1/Acsl4/Dgat2/Pdk3/Acss2/Pdk1/Nme1",33
"GO:0016236","macroautophagy","73/2646","362/25615",0.201657458563536,1.95217528386431,6.19266060345946,1.69664384892609e-08,7.78517148964369e-07,4.8049126886364e-07,"Tlr2/Trp53inp2/Hif1a/Mtor/Rab3gap2/Rnf31/Atg4c/Ehmt2/Rubcn/Hdac10/Rab2b/Snf8/Rab39/Snx30/Ulk3/Prkn/Vti1a/Pip4k2b/Nod1/Sting1/Atp13a2/Qsox1/Myo5a/9930111J21Rik1/Ogt/Gm5431/Rnf213/Trim21/F830016B08Rik/Efnb1/Htra2/Retreg1/Dram1/Tbk1/Nod2/Atm/Hk2/Wipi1/Tbc1d5/Tbc1d25/Nupr1/Gaa/Tsc2/Ufm1/Ulk2/Psmd14/Timm23/Traf6/Vps13c/Lrsam1/Rnf5/Atg9a/Atg16l2/Retreg2/Fez2/Armc3/Snx18/Chek2/Vps37c/Mapk3/Lix1/Ap5z1/Irgm2/Dele1/Atp6v0a1/Emc6/Snx14/Oma1/Znrf1/Stx12/Rab19/Kdr/Trim32",73
"GO:0072523","purine-containing compound catabolic process","47/2646","194/25615",0.242268041237113,2.34531212255807,6.38396039280726,1.97109611028478e-08,8.98036979607761e-07,5.54257447497733e-07,"Ncf1/Prkaca/Hif1a/Mtor/Prkag2/Mpi/Gda/Pfkp/Jmjd8/Lipa/Pde4d/Galk1/Acot2/Pgam1/Eno3/Hk3/Ddit4/Samhd1/Ogt/Src/Abcd1/Stat3/Pkm/Pde8b/Hk2/Pde2a/Nupr1/Pde4a/Ppp2ca/Nudt7/Eif6/Cbfa2t3/Ahcy/Pde4b/Pde4c/Uchl1/Nudt1/Pgk1/Pfkfb3/Nudt16/Igf1/Pfkfb4/Adpgk/Pde7a/Nme1/Pde7b/Zbtb20",47
"GO:0150077","regulation of neuroinflammatory response","18/2646","40/25615",0.45,4.3562925170068,7.21015428151944,2.04679372156496e-08,9.25957948403756e-07,5.71489928172739e-07,"Nr1d1/Ctsc/Tnfrsf1b/Atm/Ptgs2/Cst7/Kcnn4/Nupr1/Sphk1/Mmp8/Csf1r/Syt11/Mapk3/Cd200r1/Cx3cl1/Trem2/Igf1/Calhm2",18
"GO:0042116","macrophage activation","35/2646","124/25615",0.282258064516129,2.73244154292541,6.56354661575993,2.10731283054908e-08,9.45626674675289e-07,5.83629225625226e-07,"Tlr2/Nr1d1/Nr4a1/Jak2/Tmem106a/Ctsc/Ager/Card6/Fpr2/Zc3h12a/Naglu/Stk39/Myo18a/Jun/Atm/Itgam/Cd84/Cst7/Il4ra/Kcnn4/Aif1/Lbp/Sphk1/Thbs1/Mmp8/Mfhas1/Csf1r/Epsti1/Syt11/Tnip2/Crtc3/Cx3cl1/Cx3cr1/Trem2/Calhm2",35
"GO:0048145","regulation of fibroblast proliferation","33/2646","113/25615",0.292035398230089,2.82709248891297,6.6065573892048,2.11971110138919e-08,9.45626674675289e-07,5.83629225625226e-07,"Rnaseh2b/Pdgfd/Tgif1/Ager/Ski/Mmp9/Sod2/Dach1/Mrtfa/Ccnb1/Jun/Kcnn4/Nupr1/Fth1/Pdgfa/Tsc2/Sphk1/Pdgfc/Gas6/Fosl2/Brpf1/Pparg/Pdgfb/Pml/Ctc1/Nlrc3/Aqp1/Ccna2/E2f1/Igf1/Nf1/Cdk6/Trim32",33
"GO:0032612","interleukin-1 production","34/2646","119/25615",0.285714285714286,2.76590001079797,6.5533919498429,2.38951000223028e-08,1.05138440098132e-06,6.4890160167053e-07,"Tlr2/Mefv/Jak2/Ccl19/Usp50/Gsdmd/Ager/Ceacam1/Ccr5/Nod1/Naip5/Arg2/Lilra5/Acp5/Malt1/Zc3h12a/Stat3/Nod2/Egr1/Ccl3/Smad3/Sphk1/Tnfaip3/Gas6/Il1r2/Pml/Nlrp3/Nlrc3/Cx3cl1/Cx3cr1/Trem2/Ccn1/Igf1/Il16",34
"GO:0032652","regulation of interleukin-1 production","34/2646","119/25615",0.285714285714286,2.76590001079797,6.5533919498429,2.38951000223028e-08,1.05138440098132e-06,6.4890160167053e-07,"Tlr2/Mefv/Jak2/Ccl19/Usp50/Gsdmd/Ager/Ceacam1/Ccr5/Nod1/Naip5/Arg2/Lilra5/Acp5/Malt1/Zc3h12a/Stat3/Nod2/Egr1/Ccl3/Smad3/Sphk1/Tnfaip3/Gas6/Il1r2/Pml/Nlrp3/Nlrc3/Cx3cl1/Cx3cr1/Trem2/Ccn1/Igf1/Il16",34
"GO:0141091","transforming growth factor beta receptor superfamily signaling pathway","75/2646","379/25615",0.197889182058047,1.91569591776904,6.09569462837427,2.49965372432849e-08,1.09236568197865e-06,6.74194747405674e-07,"Strap/Dand5/Zfyve9/Acvr1b/Tnfaip6/Htra3/Tgif1/Snx6/Ski/Fgf9/Ext1/Inhbb/Ogt/Il17rd/Appl2/Src/Parp1/Tgfb2/Hfe/Neo1/Ldlrad4/Bcl9l/Cav2/Cldn5/Stat3/Hivep1/Jun/Gpr155/Chst11/Egr1/Smad3/Eng/Adam9/Zyx/Got1/Thbs1/Tgfbr2/Nrep/Htra1/Lefty1/Nbl1/Pparg/Cdkn1c/Rgcc/Hpgd/Acvr2a/Smad6/Nfia/Vsir/Furin/Dusp22/Brms1/Tgfb3/Bmp4/Bmp2/Cav1/Atf3/Pml/Mapk3/Lrg1/Fut8/Fos/Spry1/Numa1/Pin1/Ccn1/Dcp1a/Tmem119/Pmepa1/Itgb5/Acvrl1/Col3a1/Kdr/Smpd3/Acvr2b",75
"GO:0044282","small molecule catabolic process","76/2646","386/25615",0.196891191709845,1.90603472246699,6.08766932864551,2.52820406866575e-08,1.09737722548032e-06,6.77287810800982e-07,"Sord/Mtor/Gpd2/Mpi/Haghl/Gda/Gstz1/Pfkp/Galk1/Hacl1/Eci1/Mccc1/Cyp27a1/Hibch/Acacb/Pgam1/Eno3/Esd/Aldh1l1/Abcd4/Acss1/Acads/Aldh7a1/Npl/Pon3/Slc27a4/Aldh3b1/Ass1/Amdhd2/Cpt1a/Abcd1/Pkm/Nagk/Acad12/Echdc1/Decr2/Hk2/Nudt5/Hdc/Adh1/Nqo2/Hadh/Ech1/Cryl1/Got1/Crot/Nudt7/Bckdk/Decr1/Auh/Glb1/Aldh2/Dld/Hsd17b4/Dlst/Acaa2/Gatd1/Slc16a1/Ahcy/Lpin1/Galm/Abcd2/Nudt1/Cbr1/Crat/Pgk1/Acss2/Upp2/Lpin3/Dhdh/Tha1/Dcxr/Gnpda1/Qprt/Pccb/Pnkd",76
"GO:0097028","dendritic cell differentiation","20/2646","49/25615",0.408163265306122,3.95128572971139,7.01843826670783,2.59849666850757e-08,1.12031829520085e-06,6.91446758633755e-07,"Irf8/Ccl19/Relb/Axl/Ager/Batf3/Flt3l/Slamf9/Lyn/Clec12a/Tnfsf9/Cebpb/Tgfbr2/Gas6/Traf6/Batf/Trpm2/Trem2/Irf4/Zbtb46",20
"GO:0071560","cellular response to transforming growth factor beta stimulus","61/2646","285/25615",0.214035087719298,2.07199878001883,6.17677390749402,2.63454817202247e-08,1.12242381693682e-06,6.9274626091432e-07,"Pdgfd/Strap/Zfp36l2/Dand5/Zfyve9/Htra3/Snx6/Mef2c/Hyal2/Dnmt1/Ski/Ogt/Il17rd/Appl2/Src/Sox9/Edn1/Parp1/Tgfb2/Ldlrad4/Bcl9l/Cav2/Cldn5/Stat3/Jun/Chst11/Smad3/Eng/Adam9/Zyx/Got1/Thbs1/Tgfbr2/Nrep/Htra1/Cflar/Wwox/Pparg/Cdkn1c/Rgcc/Hpgd/Smad6/Furin/Dusp22/Brms1/Tgfb3/Bmp2/Cav1/Atf3/Pml/Lrg1/Fut8/Fos/Spry1/Dbn1/Pin1/Dcp1a/Pmepa1/Itgb5/Acvrl1/Col3a1",61
"GO:0048144","fibroblast proliferation","35/2646","125/25615",0.28,2.71058201058201,6.50693648945579,2.6383249744312e-08,1.12242381693682e-06,6.9274626091432e-07,"Rnaseh2b/Pdgfd/Tgif1/Ager/Ski/Mmp9/Sod2/Dach1/Mrtfa/Ccnb1/Jun/Kcnn4/Nupr1/Fth1/Pdgfa/Tsc2/Sphk1/Pdgfc/Gas6/Cks1b/Fosl2/Brpf1/Pparg/Pdgfb/Pml/Ctc1/Nlrc3/Aqp1/Ccna2/E2f1/Igf1/Nf1/Col3a1/Cdk6/Trim32",35
"GO:0097237","cellular response to toxic substance","39/2646","148/25615",0.263513513513513,2.55098210455353,6.42260671576625,2.73377386720404e-08,1.1553791659815e-06,7.13085899545767e-07,"Gstt1/Prxl2a/Haghl/Txn1/Gstz1/Esd/Hp/Prkn/Selenos/S100a8/Sod2/Nnt/Ptges/Edn1/Cygb/Hbb-bs/Prdx5/Ptgs2/Txnrd2/Gsr/Txnrd1/Aldh2/Gatd1/Ptgs1/Pim1/Mapk3/Ltc4s/Prdx6/Mgst3/Ppp1r9a/Prxl2b/Abtb2/Gpx7/Gch1/Slc39a8/Cat/Gstt2/Rab29/Pnkd",39
"GO:1903706","regulation of hemopoiesis","84/2646","443/25615",0.18961625282167,1.83560858504425,6.02155244882636,2.84862135051327e-08,1.19604859841158e-06,7.38186576156798e-07,"Hif1a/Mtor/Prxl2a/Zfp36l2/Pik3r6/Ubash3b/Smarcb1/Id2/Ccl19/Runx3/Ctla2a/Acvr1b/Tnfaip6/Axl/Rarg/Mef2c/Ager/Ceacam1/Rassf2/Foxo3/Il15ra/Cd27/Asxl2/Cd28/Mapk14/Tnfrsf11a/Meis1/Fadd/Lmo2/Pias3/Malt1/Zc3h12a/Lyn/Clec12a/Tnfsf9/Stat3/Clec2i/Mitf/Jun/Itgam/Lck/Mmp14/Ccl3/Cebpb/Xrcc6/Tgfbr2/Cd4/Pcid2/Gas6/Slc46a2/Csf1r/Traf6/Eif6/Tal1/Il7r/Mturn/Prdm1/Acvr2a/Tcta/Vsir/Il15/Zc3h8/Bmp4/Hmgb3/Smarce1/Klf10/Nlrp3/Smarca2/Fos/Fas/Sos1/Adam8/Trem2/Egr3/Nf1/Kat2a/Rbfox2/Stat1/Sox13/Hspa9/Cdk6/Zbtb46/Nme1/Rab7b",84
"GO:0045444","fat cell differentiation","61/2646","286/25615",0.213286713286713,2.06475402903974,6.14590531764508,3.01613125868306e-08,1.25815761076493e-06,7.76519499449789e-07,"Alox5/Ccnd1/Mtor/Selenbp1/Nr1d1/Tle3/Npr2/Nr4a1/Zfp36l2/Id2/Sh2b2/Fcor/Adrb1/Sod2/Rgs2/Asxl2/Mapk14/Inhbb/Zc3h12a/Pex11a/Retreg1/Steap4/Napepld/Trpm4/Tbl1x/Ptgs2/Mrap/Creb5/Smad3/Egr2/Cebpb/Trpv4/Sh3pxd2b/Scd1/Nudt7/Ctbp2/Fabp4/Fosl2/Pparg/Smad6/Mettl8/Bbs9/Bmp2/Pim1/Lpin1/Lrg1/Per2/Ccdc85b/Trib2/Jdp2/Ankrd26/Noct/E2f1/Pin1/Igf1/Mecom/Klf4/Runx1t1/Sox13/Trim32/Cby1",61
"GO:0002220","innate immune response activating cell surface receptor signaling pathway","31/2646","104/25615",0.298076923076923,2.88557837664981,6.53973418185373,3.31986627122067e-08,1.37233169568781e-06,8.46986349163908e-07,"Tlr2/Nr1d1/Oas1a/Rab13/Irak2/Tnip3/Acod1/Appl2/Lyn/Naglu/Tbk1/Peli1/Oas1c/Nod2/Oas1g/Cd14/Lbp/Tnfaip3/Mfhas1/Traf6/Tril/Tlr5/Cav1/Tnip2/Tax1bp1/Znrf1/Trem2/Ticam2/Fcna/Trim32/Rab7b",31
"GO:0061448","connective tissue development","71/2646","354/25615",0.200564971751412,1.94159930136524,6.05487341152207,3.33256140297787e-08,1.37233169568781e-06,8.46986349163908e-07,"Pdgfd/Hif1a/Slc25a25/Npr2/Agrn/Por/Tgfbi/Id2/Runx3/Lipa/Tapt1/Rarg/Mef2c/Hyal2/Sik3/Rflnb/Pth1r/Idua/Ogn/Hyal3/Adgrg6/Mapk14/Maf/Fgf9/Ext1/Sox9/Edn1/Parp1/Tgfb2/Fbxw4/Trpm4/Plaat3/Sulf2/Snai1/Chst11/Egr1/Wt1/Creb5/Smad3/Klf7/Trpv4/Sh3pxd2b/Ccn2/Thbs1/Tgfbr2/Fgfr1/Cflar/Slc39a14/Arl15/Fosl2/C3ar1/Hspg2/Pparg/Pdgfb/Nfia/Selenom/Thra/Bmp4/Bmp2/Mapk3/Rasal2/Mustn1/Dgat2/Ccn1/Barx2/Igf1/Kat2a/Col3a1/Smpd3/Timp1/Amer1",71
"GO:0031346","positive regulation of cell projection organization","88/2646","473/25615",0.186046511627907,1.80105116982193,5.96833919234214,3.35585022288187e-08,1.37311986189765e-06,8.47472795715209e-07,"Tlr2/Dnm3/Mtor/Eps8/Eif2b2/Fkbp1b/Agrn/Htr7/Sema4d/Camk1/Adamts1/Ccl19/Tapt1/Epor/Cdc42ep3/Tbc1d24/Arsb/Jup/Tiam2/Scn1b/Neurl1a/Rgs2/Wls/Crocc/Cdc42ep1/Eef2k/Def8/Caprin2/Hgf/Ehd1/L1cam/Src/Lyn/Setx/Cdkl5/Tubb2b/Dbnl/Ahi1/Hap1/Ist1/Tsc2/Fuz/Sphk1/Fgfr1/Cxcl12/Cflar/P2ry12/Wrap73/Camk1d/Rnd2/Tgfb3/Bmp4/Lcn2/Enpp2/Serpinf1/Aqp1/Amigo1/Rab11fip3/Neu1/Epha4/Ppp1r9a/Serpine2/Stmn2/Cx3cl1/Anln/Ankrd27/Palm/Dbn1/Prkd1/P2ry2/Septin9/Sema7a/Apbb1/Nrp1/Nf1/Rab8b/Fig4/Kat2a/Kif3c/Rap2a/Plxnc1/Espn/Zmynd8/Itpr1/Plxnb2/Cdc42ep5/Nme1/Cdc42ep2",88
"GO:0001934","positive regulation of protein phosphorylation","84/2646","446/25615",0.188340807174888,1.82326144209552,5.95298520347597,3.89567733515894e-08,1.58391336715576e-06,9.77571970723001e-07,"Card10/Mtor/Ripk3/Snx9/Pik3r6/Jak2/Plpp3/Osm/Sema4d/Vegfb/Pde4d/Ehd4/Bcar3/Ager/Ceacam1/Rassf2/Ralbp1/Cdca8/Unc119/Cd80/Mmp9/Lilra5/Map3k4/Sdc4/Sash1/Ogt/Src/Sox9/Prr5l/Spn/Aktip/C1qtnf9/Map3k5/Ighm/Ccnb1/Nod2/Higd1a/Arl2bp/Bcl2/Lck/Pik3r5/Gab1/Il1rn/Eng/Map2k3/Tpx2/Aif1/Ccn2/Sphk1/Map2k6/Fgfr1/Cd4/Pdgfc/Taok3/Gas6/Arrb1/Csf1r/Traf6/Plaur/Acvr2a/Pdgfb/Tek/Il15/Bmp4/Bmp2/Als2/Pim1/Chek2/Cenpe/Bank1/Irgm2/Fgd4/Ppp1r9a/Fgd2/Trim65/Limch1/Prkd1/Pin1/Sema7a/Igf1/Rap2a/Birc5/Il1b/Kdr",84
"GO:0048771","tissue remodeling","53/2646","236/25615",0.224576271186441,2.1740442881484,6.14986818432202,4.00758377371948e-08,1.61916466430025e-06,9.99328640459277e-07,"Chd7/Hif1a/Npr2/Fcgr4/Ubash3b/Cd38/Bcr/Tgm2/Lipa/Cela1/Mdm2/Axl/Lrrc25/Mef2c/Ager/Syt7/Ceacam1/Rassf2/Pth1r/Suco/Mmp9/Idua/Rab3d/Tnfrsf11a/Ext1/Def8/Clec10a/Acp5/Src/Gja1/Tgfb2/Mitf/Efna2/Mmp14/Tpp1/Lgr4/Eln/Tsc2/Snx10/Csf1r/Fosl2/Traf6/Pparg/Cav1/Pml/Adam8/Capn1/Igf1/Nf1/Tmem119/Acvrl1/Timp1/Acvr2b",53
"GO:0051607","defense response to virus","70/2646","349/25615",0.200573065902579,1.94167765801004,6.01186628911375,4.14487318527773e-08,1.66416658388901e-06,1.02710327519053e-06,"Akap1/Trim30d/Ripk3/Oas1a/Traf3ip2/Rab2b/Mavs/Rnase6/Ifit3/Hyal2/Cd40/Dtx4/Oasl2/Sting1/Mov10/Ddit4/Acod1/Adar/Samhd1/Fadd/Ifit3b/Ddx60/Dhx15/Apobec1/Zc3h12a/Spn/Trim21/Prkra/Tspan32/Tbk1/Serinc5/Unc13d/Trim12c/Zdhhc1/Oas1c/Eif2ak2/Oas1g/Ifitm2/Bcl2/Trim34a/Bst2/Oas3/Htra1/Dtx3l/Trim30a/Polr3b/Traf6/Znfx1/Slfn9/Dhx58/Il15/Pml/Cxcl10/Trim30c/Nlrp3/Irgm2/Irf2/Trim65/Ifitm1/Trim5/Cd37/Riok3/Ticam2/Stat1/Ube2f/Il1b/Senp7/Rnf135/Trim32/Plscr1",70
"GO:0001822","kidney development","75/2646","384/25615",0.1953125,1.89075196050642,5.96922220585289,4.41530977301081e-08,1.76173602371562e-06,1.0873219409026e-06,"Pdgfd/Gcnt1/Cenpf/Cul3/Traf3ip2/Mpv17/Wdpcp/Sox17/Id2/Adamts1/Ptpro/Glis2/Mef2c/Nek1/Mtss1/Arg2/Mmp9/Ptch1/Dchs1/Cd24a/Kif3a/Tbc1d32/Sdc4/Ext1/Fadd/Sox9/Edn1/Invs/Tgfb2/Ass1/Dync2h1/Sulf2/Bcl2/Egr1/Wt1/Hey1/Lgr4/Vcan/Smad3/Podxl/Pdgfa/Tsc2/Fgfr1/Tet2/Cflar/Odc1/C3ar1/Cdkn1c/Prdm1/Hpgd/Pdgfb/Smad6/Tek/Ace/Bmp4/Bmp2/Gatm/Serpinf1/Basp1/Aqp1/Epha4/Spry1/Comt/Tiparp/Kank2/Ap1b1/Zbtb14/Cat/Nrp1/Nf1/Smo/Stat1/Acvr2b/Cntrl/Amer1",75
"GO:0010563","negative regulation of phosphorus metabolic process","61/2646","289/25615",0.211072664359862,2.04332059621234,6.05404966808691,4.50034470461271e-08,1.77363278419829e-06,1.09466447606357e-06,"Akap1/Prkaca/Mtor/Abca2/Ubash3b/Tfap4/Rgs14/Dusp7/Ager/Prkn/Ceacam1/Rassf2/Hmgcr/Adora2a/Nnt/Ddit4/Dusp6/Adar/Ogt/Hgf/Wnk1/Birc3/Zgpat/Prr5l/Zc3h12a/Parp1/Lyn/Cadm1/Spry4/Amdhd2/Ccnb1/Stat3/Jun/Samsn1/Nupr1/Pdgfa/Tsc2/Ppp2ca/Gprc5a/Fabp4/Arrb1/Cbfa2t3/Cep85/Pdgfb/Sirt4/Aida/Cav1/Lpin1/Ptpn1/Ppp1r15b/Pgk1/Rabgef1/Spry1/Dbndd2/Tmed2/Ankle2/Igf1/Nf1/Inppl1/Psen2/Gadd45a",61
"GO:0045936","negative regulation of phosphate metabolic process","61/2646","289/25615",0.211072664359862,2.04332059621234,6.05404966808691,4.50034470461271e-08,1.77363278419829e-06,1.09466447606357e-06,"Akap1/Prkaca/Mtor/Abca2/Ubash3b/Tfap4/Rgs14/Dusp7/Ager/Prkn/Ceacam1/Rassf2/Hmgcr/Adora2a/Nnt/Ddit4/Dusp6/Adar/Ogt/Hgf/Wnk1/Birc3/Zgpat/Prr5l/Zc3h12a/Parp1/Lyn/Cadm1/Spry4/Amdhd2/Ccnb1/Stat3/Jun/Samsn1/Nupr1/Pdgfa/Tsc2/Ppp2ca/Gprc5a/Fabp4/Arrb1/Cbfa2t3/Cep85/Pdgfb/Sirt4/Aida/Cav1/Lpin1/Ptpn1/Ppp1r15b/Pgk1/Rabgef1/Spry1/Dbndd2/Tmed2/Ankle2/Igf1/Nf1/Inppl1/Psen2/Gadd45a",61
"GO:0010762","regulation of fibroblast migration","19/2646","46/25615",0.41304347826087,3.9985293634362,6.90864582551618,4.59575693718686e-08,1.78928136754475e-06,1.10432259043916e-06,"Wdpcp/Arhgap4/Hyal2/Ager/Sdc4/Gna12/Appl2/Prr5l/Cygb/Akap12/Mrtfa/Rcc2/Gna13/Tsc2/Thbs1/Rffl/Fgfr1/Slc8a1/Fer",19
"GO:0071616","acyl-CoA biosynthetic process","19/2646","46/25615",0.41304347826087,3.9985293634362,6.90864582551618,4.59575693718686e-08,1.78928136754475e-06,1.10432259043916e-06,"Dip2a/Acacb/Acss1/Pdp1/Mmut/Tpk1/Mcee/Pcca/Bckdk/Fasn/Mpc1/Dld/Dlst/Sirt4/Pgk1/Acsl4/Pdk3/Acss2/Pdk1",19
"GO:0007033","vacuole organization","59/2646","276/25615",0.213768115942029,2.06941431967312,6.06273211335134,4.63722830798214e-08,1.79455148496851e-06,1.10757524249875e-06,"Trp53inp2/Mtor/Rab3gap2/Npr2/Atg4c/Ehmt2/Lipa/Rab39/Snx30/Ulk3/Syt7/Pip4k2b/Slc7a11/Sting1/Idua/Atp13a2/Ext1/9930111J21Rik1/Gm5431/Aktip/Trim21/F830016B08Rik/Efnb1/Naglu/Retreg1/Atm/Wipi1/Cln6/Tpp1/Tmem175/Nupr1/Gaa/Rab20/Ulk2/Traf6/Lrsam1/Rnf5/Atg9a/Atg16l2/Retreg2/Fez2/Snx18/Chek2/Mapk3/Ap5z1/Irgm2/Hexb/Hexa/Gnptab/Emc6/Tfeb/Cln8/Fig4/Myo7a/Stx12/Atp6v0c/Rab19/Trim32/Rab7b",59
"GO:0006006","glucose metabolic process","55/2646","250/25615",0.22,2.12974300831444,6.09248981631951,4.72346131697689e-08,1.81697697606345e-06,1.1214159815055e-06,"Prkaca/Hif1a/Prkag2/Gpd2/Oas1a/Pck2/Pfkp/Lipa/Cbr2/Acacb/Pgam1/Eno3/Serp1/Hk3/Fam3a/Mapk14/Pgm2l1/Ogt/Src/Pgm2/Phkb/H6pd/Cpt1a/Oas1c/Pkm/Oas1g/Slc2a8/Hk2/Gnmt/Adora2b/Got1/C1qtnf1/Slc39a14/Bckdk/Sik1/Atf3/Galm/Igfbp4/Per2/Ganc/Pgk1/Dgat2/Bola3/Pdk3/Nln/Oma1/Cry1/Dcxr/Igf1/Pdk1/Kat2a/Pfkfb4/Sorbs1/Adpgk/Inppl1",55
"GO:0010506","regulation of autophagy","66/2646","323/25615",0.204334365325077,1.9780894814066,6.00414043450921,4.79394260821638e-08,1.83311234018941e-06,1.13137453102849e-06,"Tlr2/Hif1a/Mefv/Mtor/Rab3gap2/Rnf31/Ehmt2/Rubcn/Hpse/Snx30/Ulk3/Keap1/Ager/Prkn/Pik3r2/Foxo3/Pip4k2b/Nod1/Sting1/Atp13a2/Qsox1/Wnk1/Zc3h12a/Trim21/Sh3bp4/Slc7a5/Htra2/Dram1/Tbk1/Stat3/Nod2/Acer2/Atm/Bcl2/Hk2/Wipi1/Tbc1d25/Tpcn1/Depp1/Nupr1/Bok/Tsc2/Ulk2/Tnfaip3/Psmd14/Vps13c/Lrsam1/Rnf5/Wdr6/Fez2/Snx18/Chek2/Mapk3/Irgm2/Dele1/Atp6v0a1/Trim65/Tfeb/Oma1/Trem2/Prkd1/Svip/Smo/Cisd1/Kdr/Trim32",66
"GO:1903532","positive regulation of secretion by cell","77/2646","399/25615",0.192982456140351,1.86819562132845,5.93237395798555,4.96885917237297e-08,1.88875451617301e-06,1.16571620195541e-06,"Scamp5/Tlr2/Stx4a/Clcf1/Hif1a/Unc13b/Jak2/Cd38/Rab2b/Pck2/Snf8/Gabbr1/Ang/Serp1/Syt7/Prkn/Rab3d/Hyal3/Adora2a/Atp13a2/Sdc4/Wls/Tnfrsf11a/Inhbb/Sdc1/Ptges/Edn1/Gja1/Lrrc8a/Tgfb2/Hfe/Stxbp1/Unc13d/Myo18a/Trpm4/Ighm/Rab3a/Abcg1/Itgam/Adam9/Kcnn4/Adora2b/Pld2/Sphk1/Map2k6/Fgfr1/C1qtnf1/Cxcl12/Arrb1/Frmd4a/Pparg/Itsn1/Rgcc/Acvr2a/Glrx/Tgfb3/Bmp2/Rapgef4/Slc4a8/Cacna1d/Myom1/Acsl4/Slc12a2/Trpm2/Trem2/Psmd9/Prkd1/P2ry2/Fcer1g/Apbb1/Igf1/Rab8b/Gna11/Il1b/Myh10/Smpd3/Adora3",77
"GO:0050792","regulation of viral process","40/2646","157/25615",0.254777070063694,2.46640765294087,6.2553985088519,5.02571331126759e-08,1.89912837126959e-06,1.17211881852589e-06,"Trim30d/Oas1a/Fam111a/Mavs/Axl/Sp100/Oasl2/Top2a/Trim30b/Adar/Trim21/Trim12c/Oas1c/Eif2ak2/Trim12a/Oas1g/Ifitm2/Bcl2/N4bp1/Bst2/Oas3/Cd4/Trim30a/Csprs/Rad23a/Znfx1/Furin/Trim30c/Ubp1/Kpna2/Ptx3/Gm11772/Ifitm1/Trim5/Smpd1/Trim14/Slpi/Stat1/Trim32/Plscr1",40
"GO:0015980","energy derivation by oxidation of organic compounds","87/2646","470/25615",0.185106382978723,1.79195011337868,5.8814378611425,5.08550861128323e-08,1.91048580812184e-06,1.17912848973408e-06,"Ndufb6/Prkaca/Hif1a/Mtfr2/Mtor/Slc25a33/Slc25a25/Prkag2/Nr1d1/Idh1/Oas1a/Mpi/Chchd4/Ppp1r2/Pfkp/Jmjd8/Lipa/Galk1/Agl/Pcdh12/Cavin3/Stard7/Pgam1/Eno3/Atpsckmt/Cox6b2/Adrb1/Hk3/Sod2/Ddit4/Ogt/Cycs/Src/Bcl7a/Pgm2/Phkb/Oas1c/Ccnb1/Abcd1/Stat3/Pkm/Higd1a/Oas1g/Pdp1/Cox8a/Hk2/Wipi1/Pde2a/Iscu/Pygb/Dguok/Nupr1/Gaa/Gnmt/Idh2/Trpv4/Tpk1/Msh2/Ppp2ca/Ide/Bckdk/Mpc1/Eif6/Dld/Dlst/Cbfa2t3/Cdk1/Sirt4/Phka2/Uchl1/Per2/Slc25a23/Pgk1/Pdk3/Tefm/Comt/Pfkfb3/mt-Atp8/Cat/Igf1/Pdk1/Pfkfb4/Sorbs1/Adpgk/mt-Nd4l/Cisd1/Zbtb20",87
"GO:0043254","regulation of protein-containing complex assembly","86/2646","463/25615",0.185745140388769,1.79813370032438,5.88223621693574,5.1638672770829e-08,1.92214740928251e-06,1.18632588743575e-06,"Tlr2/Mefv/Mtor/Unc13b/Fblim1/Eps8/Snx9/Tppp3/Gda/Cxcl13/Mavs/Gba2/Usp50/Vasp/Trappc12/Cdc42ep3/Pik3r2/Fkbp4/Add1/Ikbke/Palld/Ppp2cb/Septin8/Togaram1/Lmo4/Cdc42ep1/Nav3/Ogt/Fnip2/Src/Sox9/Stxbp1/Mrtfa/Zdhhc1/Dbnl/Rab3a/Eif2ak2/Clec2i/Atm/Stxbp6/Tmc8/Evl/Myadm/Eln/Kank3/Ppp2ca/Abhd17a/Bin1/Arhgap18/Lefty1/Trim30a/Tal1/Birc2/Tfrc/P2ry12/Thra/Syt11/Add3/Aida/Cav1/Tppp/Nlrp3/Ccl24/Nlrc3/Irgm2/Ppp1r9a/Stmn2/Fas/Trim65/Numa1/Ska1/Ankrd27/Kank2/Dbn1/Trem2/Prkd1/Tmod1/Riok3/Capn1/Svip/Syp/Psen2/Cdc42ep5/Fer/Adcy7/Cdc42ep2",86
"GO:0002695","negative regulation of leukocyte activation","48/2646","206/25615",0.233009708737864,2.25568544569932,6.14162453715031,5.17639324106279e-08,1.92214740928251e-06,1.18632588743575e-06,"Nr1d1/Cnr2/Id2/Runx3/Axl/Cblb/Ceacam1/Cd274/Arg2/Cd80/Adora2a/Sdc4/Src/Zc3h12a/Spn/Hfe/Lyn/Clec12a/Tspan32/Peli1/Zc3h12d/Atm/Samsn1/Cd84/Cst7/Prnp/Cebpb/Glmn/Tnfaip3/Prdm1/Vsir/Arg1/Dusp22/Syt11/Zc3h8/Bmp4/Hmgb3/Mapk3/Bank1/Rabgef1/Ildr2/Fas/Cx3cl1/Cd37/Lst1/Tnfaip8l2/Fer/Cd300lf",48
"GO:2001057","reactive nitrogen species metabolic process","31/2646","106/25615",0.292452830188679,2.83113350161868,6.4119304472552,5.41333970505248e-08,1.99858013018719e-06,1.23349922857416e-06,"Tlr2/Mtor/Por/Jak2/Slc7a6/Epor/Ddah2/Selenos/Arg2/Sod2/Acp5/Hrh1/Zc3h12a/Spr/Cygb/Ass1/Prdx5/Ptgs2/Smad3/Cd47/Aif1/Sigmar1/Acvr2a/Tlr5/Cav1/Ptx3/Cx3cr1/Igf1/Klf4/Il1b/Smpd3",31
"GO:0032868","response to insulin","67/2646","331/25615",0.202416918429003,1.95952734903965,5.96363482927792,5.56409098983168e-08,2.04249831535307e-06,1.26060499566562e-06,"Mtor/Slc25a33/Cul3/Rab13/Pck2/Bcar3/Sh2b2/Snx5/Slc2a1/Blvrb/Pik3r2/Ceacam1/Socs3/Pip4k2b/Sco1/Ptpra/Mapk14/Myo5a/Tnfrsf11a/Eef2k/Inhbb/Slc27a4/Ogt/Appl2/Src/Parp1/Lyn/C1qtnf9/Rab10/Cav2/Pkm/Jun/Slc2a8/Egr1/Egr2/Hadh/Stxbp3/Got1/Trpv4/Tsc2/Ide/Cry2/Slc39a14/Vps13c/Eif6/Rab31/Pparg/Akt3/Slc27a1/Lpin1/Mapk3/Ptpn1/Fos/Alas1/Foxo4/Lpin3/Cry1/Ankrd26/Sos1/Cpeb2/Cat/Igf1/Sorbs1/Atp6v0c/Inppl1/Il1b/Fer",67
"GO:0070498","interleukin-1-mediated signaling pathway","16/2646","34/25615",0.470588235294118,4.55560001778489,7.04135398770195,5.73579441358095e-08,2.09356496095705e-06,1.29212270516696e-06,"Tollip/Gsdmd/Irak2/Egr1/Il1rn/Sigirr/Il1r2/Traf6/Il1r1/Tnip2/Mapk3/Nlrp3/Tax1bp1/Irak3/Il1b/Rps6ka5",16
"GO:0009101","glycoprotein biosynthetic process","64/2646","311/25615",0.205787781350482,1.99215949330786,5.97488672217324,5.77631216837057e-08,2.09644233726625e-06,1.29389858665607e-06,"Gcnt1/Pomt2/Abca2/Vegfb/Ccl19/Cmtm4/Chst14/Tnip1/Pomk/Dse/B3glct/St6galnac3/Dolpp1/Tmtc1/Fktn/Galnt12/Galnt10/Ggta1/Ext1/Chst12/Ogt/Colgalt1/Nus1/St3gal4/Alg6/Galnt6/St3gal2/Acer2/St8sia4/Bcl2/Dhdds/Chst11/Pofut2/Man1c1/Ramp1/Poglut3/Tet2/Dad1/Plod3/St6gal1/Slc35c2/Entpd5/Itm2b/Xylt2/Il15/B3gnt8/Gorasp1/Mogs/B3galnt1/Engase/Mustn1/B3gnt5/Fut8/Ganc/Gnptab/Chst7/St3gal6/Slc39a8/Alg9/Igf1/Alg14/Xylt1/Tmem260/Hs6st1",64
"GO:0016042","lipid catabolic process","73/2646","373/25615",0.195710455764075,1.89460443098896,5.90726098066823,6.10157760887215e-08,2.20205250333678e-06,1.35907989032759e-06,"Prkaca/Lipg/Mtor/Daglb/Idh1/Dgkd/Bco2/Lipa/Gba2/Pafah1b3/Acot2/Hacl1/Eci1/Cyp27a1/Acacb/Blvrb/Abcd4/Acads/Sco1/Inpp5f/Slc27a4/Naglu/Napepld/Cpt1a/Abcd1/Plaat3/Mgll/Acad12/Acer2/Echdc1/Decr2/Abhd12/Hadh/Ech1/Pla2g12a/Pld2/Aoah/Crot/Smpd5/Nudt7/Pnpla7/Fabp4/Pcca/Decr1/Auh/Glb1/Hsd17b4/Hpgd/Acaa2/Thra/Lpin1/Enpp2/Abhd6/Abcd2/Pnpla2/Hexb/Cbr1/Crat/Hexa/Neu1/Prdx6/Crtc3/Endou/Lpin3/Pla2g15/Smpd1/Plcg1/Il1b/Plcb2/Smpd3/Pld1/Asah2/Pccb",73
"GO:0009166","nucleotide catabolic process","45/2646","189/25615",0.238095238095238,2.30491667566498,6.11135117881877,6.79342802164087e-08,2.43804366542016e-06,1.50473075114792e-06,"Ncf1/Prkaca/Hif1a/Mtor/Prkag2/Mpi/Gda/Fhit/Pfkp/Jmjd8/Lipa/Pde4d/Galk1/Pgam1/Eno3/Hk3/Ddit4/Samhd1/Ogt/Src/Stat3/Pkm/Pde8b/Hk2/Pde2a/Nupr1/Pde4a/Ppp2ca/Eif6/Cbfa2t3/Entpd5/Pde4b/Pde4c/Cnp/Uchl1/Pgk1/Upp2/Pfkfb3/Nudt16/Igf1/Pfkfb4/Adpgk/Pde7a/Pde7b/Zbtb20",45
"GO:0042063","gliogenesis","77/2646","402/25615",0.191542288557214,1.85425386296033,5.85936152044736,6.87888695545581e-08,2.45499832232489e-06,1.51519495816011e-06,"Tlr2/Clcf1/Mtor/Gpr157/Nr1d1/Eif2b2/Cspg5/Abca2/Syne2/Plpp3/Id2/Gpr183/Mbd1/Adam22/Ager/S100a8/Ski/Etv5/Adora2a/Ptpra/Adgrg6/Fgf9/Tnfrsf1b/B4galt6/Fpr2/Sox9/Tgfb2/Lyn/Slc7a5/Naglu/Stat3/Ttc21b/Itgam/Aspa/Arhgef10/Mmp14/Nfix/Cysltr1/Ccl3/Vcan/Egr2/Bok/Idh2/Bin1/Csf1r/Srgap2/Tal1/Mxra8/Pparg/P2ry12/Pdgfb/Nfia/Bmp4/Bmp2/Tppp/Enpp2/Mapk3/Tspan2/Cnp/Hexb/Epha4/Serpine2/Fas/Pfkfb3/Cx3cl1/Cx3cr1/Sos1/Trem2/E2f1/Ndrg1/Igf1/Nf1/Smo/Il1b/Sox13/Col3a1/Cdk6",77
"GO:1904707","positive regulation of vascular associated smooth muscle cell proliferation","19/2646","47/25615",0.404255319148936,3.91345427059713,6.78533563209267,6.96765022357227e-08,2.47293839979162e-06,1.52626735469879e-06,"Jak2/Adamts1/Mdm2/P2ry6/Dnmt1/Ager/Mmp9/Fgf9/Src/Edn1/Gja1/Map3k5/Jun/Nqo2/Kcnn4/Rgcc/Hpgd/Pdgfb/Igf1",19
"GO:0006090","pyruvate metabolic process","39/2646","153/25615",0.254901960784314,2.46761667630015,6.17980362935264,7.24245323045277e-08,2.55634722815542e-06,1.57774626409503e-06,"Prkaca/Hif1a/Mtor/Prkag2/Mpi/Pck2/Pfkp/Jmjd8/Lipa/Galk1/Pgam1/Eno3/Hk3/Ddit4/Ogt/Src/Stat3/Pkm/Pdp1/Hk2/Nupr1/Tpk1/Ppp2ca/Bckdk/Mpc1/Eif6/Dld/Cbfa2t3/Slc16a1/Sirt4/Uchl1/Pgk1/Pdk3/Pfkfb3/Igf1/Pdk1/Pfkfb4/Adpgk/Zbtb20",39
"GO:0007178","cell surface receptor protein serine/threonine kinase signaling pathway","79/2646","417/25615",0.189448441247002,1.8339840599176,5.82780914079966,7.58095320187616e-08,2.661204555675e-06,1.64246292501451e-06,"Strap/Dand5/Jak2/Zfyve9/Acvr1b/Tnfaip6/Htra3/Tgif1/Snx6/Ski/Gdf9/Mapk14/Fgf9/Ext1/Inhbb/Ogt/Il17rd/Appl2/Src/Parp1/Tgfb2/Hfe/Neo1/Ldlrad4/Bcl9l/Cav2/Cldn5/Stat3/Hivep1/Jun/Gpr155/Chst11/Egr1/Smad3/Eng/Adam9/Zyx/Got1/Thbs1/Tgfbr2/Nrep/Htra1/Lefty1/Nbl1/Nup93/Pparg/Cdkn1c/Rgcc/Hpgd/Acvr2a/Smad6/Nfia/Vsir/Furin/Dusp22/Brms1/Tgfb3/Bmp4/Bmp2/Cav1/Atf3/Pml/Mapk3/Lrg1/Fut8/Fos/Spry1/Numa1/Pin1/Ccn1/Dcp1a/Tmem119/Pmepa1/Itgb5/Acvrl1/Col3a1/Kdr/Smpd3/Acvr2b",79
"GO:0007162","negative regulation of cell adhesion","66/2646","327/25615",0.201834862385321,1.95389266817838,5.89221688481327,7.80740856943629e-08,2.72580394837276e-06,1.68233288061723e-06,"Myo1f/Ubash3b/Jak2/Sema4d/Lpxn/Runx3/Rnd1/Cblb/Ager/Arhgap6/Ceacam1/Cd274/Adam15/Arg2/Cd80/Gtpbp4/Adora2a/Sdc4/Wnk1/Acp5/Src/Zc3h12a/Spn/Hfe/Ass1/Sema6a/Spry4/Peli1/Zc3h12d/Rcc2/Acer2/Mmp14/Il1rn/Myadm/Prnp/Cebpb/Podxl/Glmn/Trpv4/Thbs1/Tnfaip3/C1qtnf1/Cxcl12/Hspg2/Rgcc/Vsir/Arg1/Dusp22/Zc3h8/Bmp4/Bmp2/Enpp2/Mapk3/Ptpn1/Mbp/Ildr2/Epha4/Serpine2/Adam8/Nf1/Tnfaip8l2/Klf4/Plxnc1/Acvrl1/Ccm2l/Plxnb2",66
"GO:0034142","toll-like receptor 4 signaling pathway","25/2646","76/25615",0.328947368421053,3.18442435453714,6.47298261565454,8.21856643501827e-08,2.85384166370581e-06,1.76135619357138e-06,"Nr1d1/Oas1a/Rab13/Irak2/Tnip3/Acod1/Appl2/Lyn/Naglu/Tbk1/Peli1/Oas1c/Oas1g/Cd14/Lbp/Mfhas1/Traf6/Tril/Cav1/Tax1bp1/Znrf1/Trem2/Ticam2/Trim32/Rab7b",25
"GO:0006909","phagocytosis","55/2646","254/25615",0.216535433070866,2.09620374834098,5.95919411921956,8.3087872724439e-08,2.86089723548937e-06,1.765710806239e-06,"Prkaca/Tlr2/Irf8/Bcr/Tgm2/Rab39/P2ry6/Axl/Ager/Syt7/Dock2/Colec12/Il15ra/Pros1/Anxa3/Arhgap12/Appl2/Fpr2/Unc13d/Myo18a/Stat3/Nod2/Itgam/Mex3b/Nfix/Tmem175/Timd4/Cd47/Aif1/Lbp/Rab20/Sphk1/Thbs1/Pld4/Gas6/Rab31/Pparg/Camk1d/Knl1/Il15/Syt11/Cd302/Elmo2/Fcgr2b/Ptx3/Pear1/Trem2/Fcer1g/Ticam2/Myo7a/Gpr18/Gulp1/Plscr1/Cd300lf/Rab7b",55
"GO:0034612","response to tumor necrosis factor","53/2646","241/25615",0.219917012448133,2.12893963486732,5.97650590176549,8.32795428139028e-08,2.86089723548937e-06,1.765710806239e-06,"Tnfrsf17/Rnf31/Nr1d1/Traf3ip2/Zfp36l2/Jak2/Hyal2/Prkn/Foxo3/Naip5/Hyal3/Ppp2cb/Mapk14/Acod1/Tifa/Tnfrsf11a/Ext1/Tnfrsf1b/Birc3/Pias3/Edn1/Zc3h12a/Ass1/Akap12/Tmc8/Cd14/Adam9/Sphk1/Rffl/Mmp8/Gsdme/Gas6/Fabp4/Traf6/Birc2/Ikbip/Otulin/Naip6/Lcn2/Mapk3/Tax1bp1/Fos/Fas/Cx3cl1/Cx3cr1/Dbn1/Gch1/Smpd1/Kat2a/Stat1/Traf1/Smpd3/Trim32",53
"GO:0071675","regulation of mononuclear cell migration","38/2646","148/25615",0.256756756756757,2.48557230700088,6.15174517338919,8.62732386766861e-08,2.94797492159059e-06,1.81945408978792e-06,"Pdgfd/Tnfsf14/Ripk3/Cxcl13/Bcr/Ager/Trem1/Wnk1/Fadd/Fpr2/Spn/Lyn/Dock8/Stk39/Mmp14/Ccl3/Mtus1/Padi2/Cd47/Aif1/Trpv4/Thbs1/Stk10/Nbl1/Cxcl12/Gas6/Cd81/Csf1r/C3ar1/P2ry12/Cd99l2/Mapk3/Cxcl10/Cd200r1/Cx3cl1/Cx3cr1/Adam8/Trem2",38
"GO:0002687","positive regulation of leukocyte migration","41/2646","166/25615",0.246987951807229,2.39100392499704,6.10252570248521,8.73751164244012e-08,2.96982935402303e-06,1.83294237836798e-06,"Pdgfd/Tnfsf14/Ccl12/Tlr2/Cxcl13/Vegfb/Ccl19/Ager/Mmp9/Trem1/Wnk1/Fadd/Fpr2/Edn1/Spn/Dock8/Stk39/Mmp14/Ccl3/Cd47/Aif1/Lbp/Trpv4/Thbs1/Cxcl12/Gas6/Csf1r/Il1r1/C3ar1/P2ry12/Cd99l2/Camk1d/Mapk3/Cxcl10/Ccl24/Cx3cl1/Cx3cr1/Adam8/Trem2/Il1b/Adora3",41
"GO:0015711","organic anion transport","90/2646","498/25615",0.180722891566265,1.74951506707101,5.73289166401073,9.42833356283557e-08,3.18776920040293e-06,1.96745218776952e-06,"Gltp/Slc36a4/Slc36a1/Slc25a25/Cacna1a/Slco2b1/Slc2a9/Emb/Slc7a6/Slc25a15/Acacb/Gabbr1/Slc2a1/Ceacam1/Slc26a10/Abcd4/Rbp7/Slc7a11/Slc37a2/Slc15a4/Arg2/Sfxn2/Slc7a1/Rgs2/Adora2a/Slc26a11/Tnfrsf11a/Slc27a4/Ptges/Edn1/Gja1/Lrrc8a/Lyn/Slc7a5/Stxbp1/Folr2/Abcd1/Ptgs2/Slc2a8/Il1rn/Cd47/Slc3a2/Slc25a24/Pla2g12a/Thbs1/Crot/Map2k6/Stard10/Slc39a14/Slc38a6/Abcb1a/Slc46a2/Fabp4/Mpc1/Slc25a45/Pparg/Slc35c2/Slc16a1/Slc29a3/Sfxn3/Arg1/Slc17a9/Ace/Slc27a1/Abcb4/Apba1/Slc4a8/Per2/Abcd2/Slc25a23/Mfsd12/Acsl4/Slc13a3/Atp1a3/Slc12a2/Cln8/Slc10a6/P2ry2/Slc39a8/Nf1/Calhm2/Slc35b1/Nfkbie/Abcc3/Abcc4/Slc38a9/Il1b/Slc17a5/Slc6a6/Slc16a7",90
"GO:0072522","purine-containing compound biosynthetic process","58/2646","275/25615",0.210909090909091,2.04173709887996,5.89499920742435,9.81838791140175e-08,3.30226826925889e-06,2.038119613595e-06,"Ndufb6/Npr2/Oas1a/Ak3/Lipa/Dip2a/Acacb/Atpsckmt/Dck/Prkn/Cox6b2/Acss1/Oasl2/Nme4/Impdh1/Fam3a/Ppcdc/Pgm2/Parp1/Adcy9/Stat3/Pdp1/Dguok/Adora2b/Idh2/Mmut/Guk1/Tpk1/Mcee/Prps1l3/Pfas/Pcca/Bckdk/Fasn/Mpc1/Dld/Prps2/Dlst/Aprt/Sirt4/Nme3/Pgk1/Acsl4/Nudt2/Pdk3/Acss2/Prpsap2/Npr1/mt-Atp8/Trem2/Dcakd/Pdk1/Pank1/Qprt/mt-Nd4l/Naprt/Adcy7/Nme1",58
"GO:0006163","purine nucleotide metabolic process","88/2646","484/25615",0.181818181818182,1.76011818868962,5.7300907372601,9.87716586899934e-08,3.30473508033603e-06,2.03964209924105e-06,"Ndufb6/Ncf1/Prkaca/Gpd1l/Hif1a/Mtor/Slc25a25/Prkag2/Gpd2/Idh1/Npr2/Oas1a/Ak3/Mpi/Gda/Fhit/Pfkp/Jmjd8/Lipa/Pde4d/Galk1/Acacb/Pgam1/Eno3/Atpsckmt/Dck/Aldh1l1/Prkn/Cox6b2/Slc37a2/Oasl2/Nme4/Hk3/Impdh1/Fam3a/Nnt/Ddit4/Samhd1/Ogt/Src/Parp1/Adcy9/H6pd/Stat3/Pkm/Pde8b/Hk2/Nudt5/Pde2a/Dguok/Nupr1/Adora2b/Idh2/Guk1/Got1/Pde4a/Ppp2ca/Prps1l3/Pfas/Eif6/Prps2/Aprt/Cbfa2t3/Pde4b/Nme3/Pde4c/Uchl1/Pgk1/Nudt2/Pfkfb3/Nudt16/Prpsap2/Npr1/Noct/mt-Atp8/Trem2/Dcxr/Igf1/Pfkfb4/Qprt/Adpgk/mt-Nd4l/Naprt/Adcy7/Pde7a/Nme1/Pde7b/Zbtb20",88
"GO:2001235","positive regulation of apoptotic signaling pathway","43/2646","179/25615",0.240223463687151,2.32551928282176,6.04019189076823,1.00525895562148e-07,3.3460018294883e-06,2.06511143243227e-06,"Tnfsf14/Ripk3/Jak2/Osm/Runx3/Ctsc/Nacc2/Hyal2/S100a8/Tnfsf12/Adora2a/Bclaf1/Inhbb/Fadd/Septin4/Tgfb2/Prkra/Htra2/Steap3/Jun/Plagl2/Lck/Nupr1/Bok/Tnfsf10/Ccn2/Thbs1/Gsdme/Wwox/Unc5b/Pparg/G0s2/Knl1/Bub1/Cav1/Atf3/Pml/Fas/Nf1/Siglec1/Psen2/Eef1e1/Plscr1",43
"GO:0014909","smooth muscle cell migration","33/2646","120/25615",0.275,2.66217876039305,6.19445955998442,1.0449544715214e-07,3.4601997551822e-06,2.13559299637887e-06,"Pdgfd/Tlr2/Sema6d/Adamts1/Pde4d/Mdm2/P2ry6/S100a11/Mef2c/Ager/Myo5a/Fgf9/Gna12/Src/Bcl2/Egr1/S1pr2/Gna13/Kcnn4/Pdgfa/Aif1/Pparg/Pdgfb/Ace/Cav1/Rapgef4/Ptpn1/Foxo4/P2ry2/Plau/Igf1/Nrp1/Smo",33
"GO:0032611","interleukin-1 beta production","29/2646","98/25615",0.295918367346939,2.86468215404075,6.27719505719208,1.08494523608374e-07,3.55596336561323e-06,2.19469712625986e-06,"Tlr2/Mefv/Jak2/Ccl19/Usp50/Gsdmd/Ager/Ccr5/Nod1/Naip5/Arg2/Lilra5/Acp5/Malt1/Zc3h12a/Stat3/Nod2/Egr1/Ccl3/Smad3/Sphk1/Tnfaip3/Pml/Nlrp3/Nlrc3/Cx3cr1/Trem2/Ccn1/Igf1",29
"GO:0032651","regulation of interleukin-1 beta production","29/2646","98/25615",0.295918367346939,2.86468215404075,6.27719505719208,1.08494523608374e-07,3.55596336561323e-06,2.19469712625986e-06,"Tlr2/Mefv/Jak2/Ccl19/Usp50/Gsdmd/Ager/Ccr5/Nod1/Naip5/Arg2/Lilra5/Acp5/Malt1/Zc3h12a/Stat3/Nod2/Egr1/Ccl3/Smad3/Sphk1/Tnfaip3/Pml/Nlrp3/Nlrc3/Cx3cr1/Trem2/Ccn1/Igf1",29
"GO:0031348","negative regulation of defense response","63/2646","310/25615",0.203225806451613,1.9673579109063,5.81604077143133,1.17805835694818e-07,3.84154664214979e-06,2.3709556339778e-06,"Prmt2/Alox5/Mefv/Mtor/1700017B05Rik/Nr1d1/Oas1a/Bcr/Ctla2a/Tnfaip6/Fndc4/Ceacam1/Socs3/Selenos/Dtx4/Arg2/Cd24a/Fam3a/Adora2a/Acod1/Adar/Samhd1/Tnfrsf1b/Hgf/Acp5/Fpr2/Spn/Trim21/Parp1/Clec12a/Oas1c/Stat3/Nod2/Oas1g/Cst7/Smad3/Aoah/Oas3/Tnfaip3/Pvr/Htra1/Nectin4/Mfhas1/Pparg/Dhx58/Otulin/Arg1/Syt11/Pim1/Nlrp3/Nlrc3/Irgm2/Rabgef1/Cd200r1/Trim65/Cx3cl1/Cx3cr1/Trem2/Slc39a8/Irak3/Igf1/Tnfaip8l2/Nfatc1",63
"GO:0032602","chemokine production","32/2646","115/25615",0.278260869565217,2.69374609747281,6.17859482278475,1.20270677997044e-07,3.88250671081914e-06,2.39623568772338e-06,"Tlr2/Mefv/Oas1a/Tslp/Mavs/Ager/Chil3/Arg2/Cd24a/Oas1c/Eif2ak2/Nod2/Oas1g/Egr1/Cd84/Il4ra/Kcnn4/Adora2b/Aif1/Lbp/Trpv4/Oas3/Sigirr/Csf1r/Mbp/Trem2/P2ry2/Ccn1/Ticam2/Klf4/Il1b/Trim32",32
"GO:0032642","regulation of chemokine production","32/2646","115/25615",0.278260869565217,2.69374609747281,6.17859482278475,1.20270677997044e-07,3.88250671081914e-06,2.39623568772338e-06,"Tlr2/Mefv/Oas1a/Tslp/Mavs/Ager/Chil3/Arg2/Cd24a/Oas1c/Eif2ak2/Nod2/Oas1g/Egr1/Cd84/Il4ra/Kcnn4/Adora2b/Aif1/Lbp/Trpv4/Oas3/Sigirr/Csf1r/Mbp/Trem2/P2ry2/Ccn1/Ticam2/Klf4/Il1b/Trim32",32
"GO:0046209","nitric oxide metabolic process","30/2646","104/25615",0.288461538461538,2.79249520320949,6.21689466553268,1.23672755268414e-07,3.97236889922147e-06,2.45169753205878e-06,"Tlr2/Mtor/Por/Jak2/Slc7a6/Epor/Ddah2/Selenos/Arg2/Sod2/Acp5/Hrh1/Zc3h12a/Spr/Cygb/Ass1/Ptgs2/Smad3/Cd47/Aif1/Sigmar1/Acvr2a/Tlr5/Cav1/Ptx3/Cx3cr1/Igf1/Klf4/Il1b/Smpd3",30
"GO:0007179","transforming growth factor beta receptor signaling pathway","50/2646","225/25615",0.222222222222222,2.15125556395398,5.88700262404624,1.3579374144589e-07,4.33999500024078e-06,2.67859186827365e-06,"Strap/Dand5/Zfyve9/Htra3/Snx6/Ski/Ogt/Il17rd/Appl2/Src/Parp1/Tgfb2/Ldlrad4/Bcl9l/Cav2/Cldn5/Stat3/Jun/Chst11/Smad3/Eng/Adam9/Zyx/Got1/Thbs1/Tgfbr2/Nrep/Htra1/Pparg/Cdkn1c/Rgcc/Hpgd/Smad6/Furin/Dusp22/Brms1/Tgfb3/Bmp2/Atf3/Pml/Lrg1/Fut8/Fos/Spry1/Pin1/Dcp1a/Pmepa1/Itgb5/Acvrl1/Col3a1",50
"GO:0051851","host-mediated perturbation of symbiont process","31/2646","110/25615",0.281818181818182,2.72818319246891,6.16504192528656,1.37541387413708e-07,4.37408847893891e-06,2.69963394661635e-06,"Vapa/Trim30d/Zdhhc9/Rrp1b/Smarcb1/Chd1/Tfap4/Ly6e/Ccl8/Prkn/Ciita/Rad50/Zc3h12a/Eea1/Cav2/Trim12c/Napepld/Nod2/Jun/Ifitm2/Ccl3/Trim30a/Fasn/Csf1r/Trim30c/Ptx3/Ifitm1/Cx3cr1/Trim5/Slpi/Rab29",31
"GO:0003018","vascular process in circulatory system","57/2646","271/25615",0.210332103321033,2.03615148396382,5.82013284339722,1.39012243710574e-07,4.39908696353069e-06,2.71506270576076e-06,"Alox5/Tbxas1/Hif1a/Ramp2/Adra2b/Htr7/Cd38/Bcr/Arpin/Slc2a1/Ager/Ceacam1/Adrb1/Hmgcr/Sod2/Rgs2/Adora2a/Snta1/Ext1/Slc27a4/Hrh1/Src/Edn1/Gja1/Akap12/Cldn5/Trpm4/Mgll/Ccl4/Ptgs2/Pde2a/Cysltr1/Itga9/Adora2b/Trpv4/Manf/Plod3/Abcb1a/Pdgfb/Smad6/Ptgs1/Add3/Ace/Slc27a1/Adm/Cav1/Per2/Rap1gds1/Slc8a1/Cx3cl1/Npr1/P2ry2/Gch1/Capn1/Rbfox2/Kdr/Smpd3",57
"GO:0010761","fibroblast migration","22/2646","63/25615",0.349206349206349,3.38054445764196,6.42091174317886,1.47107668512497e-07,4.63244932609943e-06,2.85909110365133e-06,"Wdpcp/Syne2/Arhgap4/Lamtor2/Hyal2/Ager/Sdc4/Gna12/Appl2/Prr5l/Cygb/Akap12/Mrtfa/Rcc2/Gna13/Tsc2/Thbs1/Rffl/Fgfr1/Pml/Slc8a1/Fer",22
"GO:0031664","regulation of lipopolysaccharide-mediated signaling pathway","15/2646","32/25615",0.46875,4.53780470521542,6.79666223039388,1.5962909434225e-07,5.00223074172982e-06,3.08731567370068e-06,"Trim30d/Acod1/Sash1/Cd180/Ly86/Trim12c/Cd84/Cd14/Tnfaip3/Trim30a/Traf6/Prdm1/Trim30c/Cx3cl1/Trim5",15
"GO:0044772","mitotic cell cycle phase transition","83/2646","453/25615",0.183222958057395,1.77371733584285,5.63925104080341,1.61229342667844e-07,5.0278509577584e-06,3.10312815788874e-06,"Rnaseh2b/Prmt2/Ccnb2/Ccnd1/Cenpf/Eps8/Cul3/Ints3/Zfp36l2/Sass6/Smarcb1/Id2/Adamts1/Tfap4/Tacc3/Acvr1b/Mdm2/Bub1b/Cdca8/Gtpbp4/Cdc20/Klhl18/Rad50/Rad51b/Ube2c/Appl2/Cdc14b/Bcl7a/Nek6/Mblac1/Zc3h12d/Ccnb1/Rcc2/Zwint/Atm/Pinx1/Bcl2/Cdkn2d/Nfix/Rrm2/Dbf4/Aif1/Ppp2ca/Klf11/Cdk10/Taok3/Abcb1a/Cks1b/Nek2/Cdkn1c/Rgcc/Pdpn/Rhou/Nfia/Knl1/Cdk1/Bub1/Cdk14/Pim1/Cables1/Chek2/Smarce1/Ctc1/Cenpe/Smarca2/Ccne1/Ccna2/Foxo4/Rcc1/Camk2a/Ska1/Kank2/Ccno/E2f1/Lmnb1/Jade1/Nes/Klf4/Ccnf/Birc5/Blm/Cdk6/Nfatc1",83
"GO:0010038","response to metal ion","73/2646","382/25615",0.191099476439791,1.84996715381906,5.68083217487902,1.63981919969942e-07,5.08898480138603e-06,3.14085921896328e-06,"Sord/Ccnd1/Hif1a/Mt2/Id2/Fosb/Mdm2/Cpne8/Rasgrp2/Mef2c/Prkn/Add1/Sod2/Ppp2cb/Atp13a2/Entpd6/Eef2k/Inhbb/Mt1/Wnk1/Edn1/Apobec1/Asph/Hfe/Ass1/Slc11a2/Stk39/Cpox/Ccnb1/Jun/Bcl2/Lck/Trf/Prnp/Cd14/Adam9/Slc25a24/Chp2/Got1/Thbs1/Pdcd6/Fabp4/Tfrc/S100a16/D2hgdh/Pparg/Slc30a4/Dnmt3a/Cdk1/Cav1/Lcn2/Uros/Mylk/Gatm/Serpinf1/Aqp1/Slc25a23/Fos/Alas1/Atp1a3/Slc12a2/Fas/Trpm2/Itpkc/Slc39a8/Smpd1/Cat/Micu1/Smpd3/Nfatc1/Adcy7/Plscr1/Casp6",73
"GO:0071621","granulocyte chemotaxis","34/2646","128/25615",0.265625,2.57142266628874,6.04924559816618,1.68484383005113e-07,5.20357536742713e-06,3.2115831157331e-06,"Ccl12/Cxcl1/Cxcl13/Ccl19/Pde4d/Tnfaip6/Ccl8/Gpr35/S100a8/Trem1/Jaml/C5ar2/Cxcl2/Edn1/Tgfb2/Nod2/Ccl4/Itgam/Ccl3/Itga9/Mpp1/Lbp/Trpv4/Thbs1/Csf1r/C3ar1/Camk1d/Pde4b/Mapk3/Cxcl10/Ccl24/Cx3cl1/Fcer1g/Il1b",34
"GO:0051897","positive regulation of phosphatidylinositol 3-kinase/protein kinase B signal transduction","51/2646","233/25615",0.218884120171674,2.11894056621218,5.8235074898263,1.69376675473229e-07,5.20610413033505e-06,3.2131438372919e-06,"Pdgfd/Mtor/Adra2b/Txn1/Jak2/Osm/Sema4d/Vegfb/Ccl19/Hpse/Axl/Vav2/Pros1/Cd28/Nedd4/Hgf/Src/Fpr2/Prr5l/Tgfb2/Ramp3/Tbk1/Pik3r5/Eng/Pdgfa/Pld2/Thbs1/Fgfr1/C1qtnf1/Pdgfc/Cxcl12/Gas6/Mfhas1/Csf1r/Il1r1/Unc5b/Itsn1/P2ry12/Pdgfb/Tek/Cx3cl1/Cx3cr1/Adam8/Trem2/Prkd1/Cat/Igf1/Il1b/Kdr/Fer/Adora3",51
"GO:0046718","symbiont entry into host cell","31/2646","111/25615",0.279279279279279,2.70360496550973,6.10504424042447,1.72097992934887e-07,5.2645595553034e-06,3.24922181110708e-06,"Trim30d/Eps15/Axl/Hyal2/Ceacam1/Naip5/Slc7a1/Trim30b/Nectin1/Cav2/Trim12c/Trim12a/Cd300ld/Tpcn1/Slc3a2/Pvr/Cd4/Nectin4/Trim30a/Gas6/Cd81/Furin/Cav1/Trim30c/Trim5/Smpd1/Nrp1/Siglec1/Myh10/Plscr1/Cd300lf",31
"GO:0043535","regulation of blood vessel endothelial cell migration","29/2646","100/25615",0.29,2.80738851095994,6.14633616356141,1.75814271846758e-07,5.35275299688898e-06,3.30365372530355e-06,"Hif1a/Card10/Hdac5/Hdac7/Rhoj/Mef2c/Cd40/Pik3r2/Jup/Nus1/Jcad/Ptgs2/Gab1/Map2k3/Thbs1/Fgfr1/Pparg/Rgcc/Pdgfb/Akt3/Prkd1/Igf1/Nrp1/Nf1/Klf4/Plcg1/Acvrl1/Kdr/Gadd45a",29
"GO:0019751","polyol metabolic process","32/2646","117/25615",0.273504273504274,2.64769915563566,6.06289951313554,1.85888388225957e-07,5.63276889605446e-06,3.47647611575569e-06,"Sord/Ephx1/Gpd2/Pts/Abca2/Plpp3/Pck2/Galk1/Cyp27a1/Coq3/P2ry6/Plpp2/Pth1r/Pcbd2/Spr/Acer2/Ppip5k2/Got1/Sphk1/Arrb1/Myof/Dgat2/Sgpp1/Qdpr/Akr1b10/Gch1/Itpkc/Inppl1/Plcg1/Ipmk/Akr1b8/Asah2",32
"GO:0070374","positive regulation of ERK1 and ERK2 cascade","49/2646","221/25615",0.221719457013575,2.14638846991788,5.80931555204032,1.94012918335873e-07,5.8513567483082e-06,3.61138586646227e-06,"Pdgfd/Tlr2/Ackr3/Vegfb/Ccl19/Cavin3/P2ry6/Gpr183/Epor/Ager/Nod1/Hmgcr/Adora2a/Tnfrsf11a/Map3k12/Src/Fpr2/Ramp3/Akap12/Nod2/Jun/Pde8b/Ccl3/Nqo2/Pdgfa/Trpv4/Ccn2/Cd4/Pdgfc/Cxcl12/Cflar/Gas6/Arrb1/Mfhas1/Csf1r/Mturn/Pdgfb/Tek/Bmp4/Bmp2/Mapk3/Trem2/Glipr2/Sema7a/Igf1/Nrp1/Atp6v0c/Il1b/Kdr",49
"GO:0014911","positive regulation of smooth muscle cell migration","24/2646","74/25615",0.324324324324324,3.13967028252743,6.25613835846666,2.00639979102189e-07,6.02294965304888e-06,3.71729090996263e-06,"Pdgfd/Tlr2/Sema6d/Adamts1/Pde4d/Mdm2/P2ry6/S100a11/Ager/Myo5a/Fgf9/Src/Bcl2/Egr1/Kcnn4/Aif1/Pdgfb/Rapgef4/Foxo4/P2ry2/Plau/Igf1/Nrp1/Smo",24
"GO:0071375","cellular response to peptide hormone stimulus","73/2646","384/25615",0.190104166666667,1.84033190822625,5.63134083254673,2.0287789794077e-07,6.06180286684421e-06,3.74127063863114e-06,"Prkaca/Mtor/Slc25a33/Nr4a1/Cul3/Nr3c2/Rab13/Por/Jak2/Pck2/Bcar3/Mdm2/Sh2b2/Snx5/Blvrb/Pik3r2/Ceacam1/Socs3/Pip4k2b/Sco1/Ptpra/Myo5a/Eef2k/Inhbb/Slc27a4/Ogt/Appl2/Socs2/Src/Edn1/Parp1/C1qtnf9/Rab10/Ass1/Cav2/Stat3/Tyk2/Pkm/Jun/Slc2a8/Got1/Tsc2/Ide/Klf11/Slc39a14/Rab31/Pparg/Akt3/Ace/Slc27a1/Cav1/Lpin1/Mapk3/Ptpn1/Fos/Rap1gds1/Alas1/Ccna2/Foxo4/Camk2a/Lpin3/Ankrd26/Sos1/Prkd1/Cpeb2/Igf1/Sorbs1/Rbfox2/Klf4/Atp6v0c/Inppl1/Il1b/Fer",73
"GO:0070663","regulation of leukocyte proliferation","57/2646","274/25615",0.208029197080292,2.01385785457735,5.7266818427755,2.05137829636687e-07,6.10095100734295e-06,3.76543239245623e-06,"Ccl12/Clcf1/Ripk3/Jak2/Cd38/Ccl19/Csf2rb2/Gpr183/Mef2c/Cblb/Cd40/Ager/Ceacam1/Cd274/Arg2/Cd80/Cd24a/Slc7a1/Cd28/Sdc4/Tnfrsf1b/Fadd/Spn/Lyn/Efnb1/Cd244a/Tnfsf9/Peli1/Zc3h12d/Ighm/Tyk2/Clec2i/Atm/Bcl2/Prnp/Cebpb/Csf2rb/Glmn/Aif1/Tgfbr2/Cd4/St6gal1/Cd81/Csf1r/Traf6/Tfrc/Prdm1/Vsir/Arg1/Il15/Bmp4/Mapk3/Sos1/Lst1/Igf1/Il1b/Blm",57
"GO:0060491","regulation of cell projection assembly","50/2646","228/25615",0.219298245614035,2.12294956969142,5.78075500267528,2.09475801394244e-07,6.20125598228858e-06,3.82733939700851e-06,"Dnm3/Mtor/Eps8/Agrn/Wdpcp/Syne2/Ccl19/Tapt1/Cdc42ep3/Ppp1r16b/Neurl1a/Crocc/Cdc42ep1/Rabep2/Def8/Src/Arhgap24/Rab10/Cdkl5/Rcc2/Hap1/Evl/Syne1/Podxl/Fuz/Cdk10/Cntrob/P2ry12/Wrap73/Tgfb3/Cav1/Aqp1/Rab11fip3/Ppp1r9a/Anln/Palm/Trpm2/Dbn1/Tbc1d30/Septin9/Nrp1/Rap2a/Sdccag8/Espn/Zmynd8/Cdc42ep5/Fer/Trim32/Cdc42ep2/Rab29",50
"GO:0034144","negative regulation of toll-like receptor 4 signaling pathway","9/2646","12/25615",0.75,7.26048752834467,7.36234099275758,2.17462562386211e-07,6.40816284756432e-06,3.9550397853239e-06,"Nr1d1/Acod1/Lyn/Mfhas1/Tax1bp1/Trem2/Ticam2/Trim32/Rab7b",9
"GO:0071677","positive regulation of mononuclear cell migration","29/2646","101/25615",0.287128712871287,2.77959258510885,6.08211429971982,2.22453206560203e-07,6.52409018170194e-06,4.02658871902416e-06,"Pdgfd/Tnfsf14/Cxcl13/Ager/Trem1/Wnk1/Fadd/Fpr2/Spn/Dock8/Stk39/Mmp14/Ccl3/Cd47/Aif1/Trpv4/Thbs1/Cxcl12/Gas6/Csf1r/C3ar1/P2ry12/Cd99l2/Mapk3/Cxcl10/Cx3cl1/Cx3cr1/Adam8/Trem2",29
"GO:1903978","regulation of microglial cell activation","11/2646","18/25615",0.611111111111111,5.91595280087344,7.08128382099929,2.23427745948697e-07,6.52409018170194e-06,4.02658871902416e-06,"Nr1d1/Ctsc/Atm/Cst7/Kcnn4/Sphk1/Mmp8/Syt11/Cx3cl1/Trem2/Calhm2",11
"GO:1902105","regulation of leukocyte differentiation","69/2646","357/25615",0.19327731092437,1.87105000730451,5.62523015198695,2.27535190124066e-07,6.61396407853847e-06,4.08205778966203e-06,"Mtor/Prxl2a/Zfp36l2/Pik3r6/Ubash3b/Smarcb1/Id2/Ccl19/Runx3/Ctla2a/Tnfaip6/Axl/Ager/Ceacam1/Rassf2/Foxo3/Il15ra/Cd27/Asxl2/Cd28/Tnfrsf11a/Fadd/Pias3/Malt1/Zc3h12a/Lyn/Clec12a/Tnfsf9/Clec2i/Mitf/Jun/Itgam/Lck/Mmp14/Ccl3/Cebpb/Xrcc6/Tgfbr2/Cd4/Pcid2/Gas6/Slc46a2/Csf1r/Traf6/Tal1/Il7r/Prdm1/Tcta/Vsir/Il15/Zc3h8/Bmp4/Hmgb3/Smarce1/Klf10/Nlrp3/Smarca2/Fos/Fas/Sos1/Adam8/Trem2/Egr3/Nf1/Kat2a/Sox13/Cdk6/Zbtb46/Nme1",69
"GO:0046496","nicotinamide nucleotide metabolic process","46/2646","203/25615",0.226600985221675,2.19364483615011,5.79517156688789,2.32648511392119e-07,6.73213530262601e-06,4.15499162481329e-06,"Ncf1/Prkaca/Gpd1l/Hif1a/Mtor/Prkag2/Gpd2/Idh1/Mpi/Pfkp/Jmjd8/Lipa/Galk1/Acacb/Pgam1/Eno3/Aldh1l1/Slc37a2/Hk3/Nnt/Ddit4/Ogt/Src/H6pd/Stat3/Pkm/Hk2/Nupr1/Idh2/Got1/Ppp2ca/Prps1l3/Eif6/Prps2/Cbfa2t3/Uchl1/Pgk1/Pfkfb3/Noct/Dcxr/Igf1/Pfkfb4/Qprt/Adpgk/Naprt/Zbtb20",46
"GO:0044272","sulfur compound biosynthetic process","30/2646","107/25615",0.280373831775701,2.71420094517558,6.0308425953218,2.4617340412355e-07,7.09156030533492e-06,4.37682434338944e-06,"Fmo1/Adi1/Dip2a/Acacb/Acss1/Slc7a11/Ppcdc/Ggt5/Pdp1/Mmut/Tpk1/Mri1/Mcee/Pcca/Bckdk/Fasn/Mpc1/Dld/Dlst/Sirt4/Pgk1/Acsl4/Lrrc58/Pdk3/Acss2/Apip/Gstm1/Dcakd/Pdk1/Pank1",30
"GO:0002688","regulation of leukocyte chemotaxis","34/2646","130/25615",0.261538461538462,2.5318623175766,5.94308126625482,2.51846919333473e-07,7.22260986517066e-06,4.45770652995818e-06,"Tnfsf14/Cxcl13/Vegfb/Ccl19/Tnfaip6/Trem1/C5ar2/Wnk1/Fpr2/Edn1/Lyn/Stk39/Nod2/Ccl3/Mtus1/Padi2/Mpp1/Aif1/Lbp/Trpv4/Thbs1/Rin3/Nbl1/Cxcl12/Gas6/Csf1r/C3ar1/Camk1d/Mapk3/Cxcl10/Cx3cl1/Cx3cr1/Gpr18/Il1b",34
"GO:0009261","ribonucleotide catabolic process","40/2646","166/25615",0.240963855421687,2.33268675609467,5.84668025465613,2.533039210384e-07,7.23210839444748e-06,4.46356890613143e-06,"Prkaca/Hif1a/Mtor/Prkag2/Mpi/Gda/Pfkp/Jmjd8/Lipa/Pde4d/Galk1/Pgam1/Eno3/Hk3/Ddit4/Ogt/Src/Stat3/Pkm/Pde8b/Hk2/Pde2a/Nupr1/Pde4a/Ppp2ca/Eif6/Cbfa2t3/Entpd5/Pde4b/Pde4c/Uchl1/Pgk1/Upp2/Pfkfb3/Igf1/Pfkfb4/Adpgk/Pde7a/Pde7b/Zbtb20",40
"GO:0009132","nucleoside diphosphate metabolic process","38/2646","154/25615",0.246753246753247,2.38873182750734,5.86683128987426,2.61775376968713e-07,7.44090717542924e-06,4.59243696169651e-06,"Prkaca/Dhodh/Hif1a/Mtor/Prkag2/Ak3/Mpi/Pfkp/Jmjd8/Lipa/Galk1/Pgam1/Eno3/Hk3/Cmpk2/Ddit4/Ogt/Src/Stat3/Pkm/Hk2/Nudt5/Rrm2/Nupr1/Guk1/Ppp2ca/Nudt7/Eif6/Cbfa2t3/Entpd5/Uchl1/Pgk1/Pfkfb3/Igf1/Pfkfb4/Adpgk/Nme1/Zbtb20",38
"GO:0034143","regulation of toll-like receptor 4 signaling pathway","15/2646","33/25615",0.454545454545455,4.40029547172404,6.63390057638182,2.6465838212722e-07,7.48971562460467e-06,4.62256093996309e-06,"Nr1d1/Acod1/Appl2/Lyn/Peli1/Cd14/Lbp/Mfhas1/Cav1/Tax1bp1/Znrf1/Trem2/Ticam2/Trim32/Rab7b",15
"GO:0038066","p38MAPK cascade","23/2646","70/25615",0.328571428571429,3.18078501241767,6.20113946628024,2.74717449416801e-07,7.74028462742776e-06,4.77720906590936e-06,"Per1/Ager/Map3k4/Mapk14/Sash1/Hgf/Zc3h12a/Map3k5/Stk39/Nagk/Nod2/Map2k3/Kcnn4/Sphk1/Map3k6/Map2k6/Mink1/Mfhas1/Bmp4/Bmp2/Trem2/Il1b/Gadd45a",23
"GO:0070534","protein K63-linked ubiquitination","27/2646","91/25615",0.296703296703297,2.87228078044405,6.07267286052818,2.77447502491246e-07,7.7830688035099e-06,4.80361493645484e-06,"Trim30d/Traf3ip2/Cblb/Prkn/Sash1/Nedd4/Hltf/Rnf213/Aktip/Trim21/Peli1/Trim12c/Nagk/Nod2/Atm/Trim30a/Traf6/Birc2/Arrdc4/Rnf5/Dusp22/Chek2/Trim30c/Trim65/Trim5/Rnf135/Trim32",27
"GO:0002366","leukocyte activation involved in immune response","66/2646","338/25615",0.195266272189349,1.8903044452495,5.5923804182095,2.80507763464947e-07,7.80078732683473e-06,4.8145505924851e-06,"Stx4a/Clcf1/Myo1f/Mtor/Irf8/Sema6d/Fcgr4/Jak2/Ccl19/Bcr/Relb/Gnai1/Aplf/D6Wsu163e/Gpr183/Cd40/Ceacam1/Dock10/Dock2/Slc15a4/Shld3/Cd28/Anxa3/Cd180/Malt1/Zc3h12a/Spn/Lyn/Cd244a/Stxbp1/Unc13d/Ighm/Stat3/Sema4a/Bcl3/Itgam/Cd84/Shld1/Ccl3/Stxbp3/Adora2b/Pld2/Lbp/Msh2/Tnfaip3/Cd81/Clec4e/Tfrc/Pram1/Stat4/Gapt/Nlrp3/Rabgef1/Batf/Cx3cr1/Trem2/Kmt5c/Slfn2/Ly9/Clec4d/Fcer1g/Irf4/Stx11/Psen2/Fer/Adora3",66
"GO:0051251","positive regulation of lymphocyte activation","66/2646","338/25615",0.195266272189349,1.8903044452495,5.5923804182095,2.80507763464947e-07,7.80078732683473e-06,4.8145505924851e-06,"Tnfsf14/Clcf1/Ephb4/Pik3r6/Jak2/Cd38/Smarcb1/Ccl19/Runx3/Axl/Gpr183/Mef2c/Cd40/Ager/Cd274/Foxo3/Cd80/Il15ra/Cd24a/Slc7a1/Shld3/Cd27/Cd28/Fadd/Malt1/Spn/Efnb1/Cd244a/Tnfsf9/Dock8/Peli1/Ighm/Tyk2/Nod2/Bcl2/Lck/Mmp14/Shld1/Cd47/Aif1/Xrcc6/Msh2/Tgfbr2/Cd4/Pcid2/Gas6/Cd81/Csf1r/Traf6/Tfrc/Il7r/Prdm1/Vsir/Il15/Cav1/Tnip2/Smarce1/Nlrp3/Smarca2/Adam8/Kmt5c/Egr3/Igf1/Il1b/Sox13/Blm",66
"GO:0030217","T cell differentiation","68/2646","352/25615",0.193181818181818,1.87012557548272,5.57921867016663,2.82838767637347e-07,7.83170794526861e-06,4.8336344202532e-06,"Chd7/Mtor/Ripk3/Traf3ip2/Zfp36l2/Ctsl/Pik3r6/Jak2/Smarcb1/Ccl19/Runx3/Lipa/Ctla2a/Relb/Gpr183/Dock2/Foxo3/Cd27/Cd28/Hs1bp3/Prr7/Fadd/Malt1/Zc3h12a/Spn/Tnfsf9/Tbk1/Stat3/Sema4a/Bcl3/Bcl2/Lck/Egr1/Bcl2a1d/Tgfbr2/Mink1/Cd4/Slc46a2/Clec4e/Fosl2/Il7r/Prdm1/Vsir/Il15/Stat4/Zc3h8/Bmp4/Wwp1/Smarce1/Nlrp3/Smarca2/Batf/Fas/Sos1/Adam8/Ly9/Clec4d/Egr3/Fcer1g/Kat2a/Gpr18/Irf4/Il1b/Sox13/Blm/Cdk6/Zbtb46/Mr1",68
"GO:0001837","epithelial to mesenchymal transition","41/2646","173/25615",0.236994219653179,2.29425810144225,5.79736838997847,2.91365918820733e-07,7.99886607907859e-06,4.93680237733941e-06,"Hif1a/Mtor/Dact3/Aplf/Olfm1/Ager/Rflnb/Adam15/Il17rd/Sox9/Edn1/Gja1/Tgfb2/Fbxo11/Ldlrad4/Bcl9l/Snai1/Hey1/Pofut2/Smad3/Eng/Tsc2/Fuz/Tgfbr2/Ppp2ca/Fgfr1/Pdcd6/Tcof1/Rgcc/Pdpn/Tgfb3/Bmp4/Bmp2/Lrg1/Epha4/Spry1/Adam8/Fam83d/Glipr2/Il1b/Nfatc1",41
"GO:0006195","purine nucleotide catabolic process","41/2646","173/25615",0.236994219653179,2.29425810144225,5.79736838997847,2.91365918820733e-07,7.99886607907859e-06,4.93680237733941e-06,"Ncf1/Prkaca/Hif1a/Mtor/Prkag2/Mpi/Gda/Pfkp/Jmjd8/Lipa/Pde4d/Galk1/Pgam1/Eno3/Hk3/Ddit4/Samhd1/Ogt/Src/Stat3/Pkm/Pde8b/Hk2/Pde2a/Nupr1/Pde4a/Ppp2ca/Eif6/Cbfa2t3/Pde4b/Pde4c/Uchl1/Pgk1/Pfkfb3/Nudt16/Igf1/Pfkfb4/Adpgk/Pde7a/Pde7b/Zbtb20",41
"GO:0035821","modulation of process of another organism","33/2646","125/25615",0.264,2.55569160997732,5.91774404306841,2.97005355016502e-07,8.11898893883407e-06,5.01094073817092e-06,"Vapa/Cxcl1/Trim30d/Zdhhc9/Rrp1b/Smarcb1/Chd1/Tfap4/Ly6e/Ccl8/Prkn/Ciita/Rad50/Zc3h12a/Eea1/Cav2/Trim12c/Napepld/Nod2/Jun/Ifitm2/Ccl3/Trim30a/Fasn/Csf1r/Arg1/Trim30c/Ptx3/Ifitm1/Cx3cr1/Trim5/Slpi/Rab29",33
"GO:0080164","regulation of nitric oxide metabolic process","26/2646","86/25615",0.302325581395349,2.92670815096064,6.07450420836965,3.04621045569093e-07,8.2918881217621e-06,5.11765200060244e-06,"Tlr2/Mtor/Jak2/Epor/Ddah2/Selenos/Arg2/Sod2/Acp5/Hrh1/Zc3h12a/Ass1/Ptgs2/Smad3/Cd47/Aif1/Sigmar1/Acvr2a/Tlr5/Cav1/Ptx3/Cx3cr1/Igf1/Klf4/Il1b/Smpd3",26
"GO:0098754","detoxification","39/2646","161/25615",0.242236024844721,2.34500218306784,5.8105933939181,3.07405957183948e-07,8.33238763269907e-06,5.1426478037448e-06,"Gstt1/Prxl2a/Haghl/Txn1/Mt2/Gstz1/Esd/Hp/Selenos/Ralbp1/S100a8/Sod2/Nnt/Mt1/Ptges/Cygb/Hbb-bs/Prdx5/Ptgs2/Txnrd2/Gsr/Txnrd1/Abcb1a/Aldh2/Gatd1/Ptgs1/Pim1/Ltc4s/Prdx6/Mgst3/Prxl2b/Gpx7/Gch1/Slc39a8/Cat/Gstt2/Akr7a5/Rab29/Pnkd",39
"GO:0006809","nitric oxide biosynthetic process","28/2646","97/25615",0.288659793814433,2.79441444389898,6.00963209451759,3.16670354328525e-07,8.54743847145565e-06,5.27537455295231e-06,"Tlr2/Mtor/Por/Jak2/Slc7a6/Epor/Ddah2/Arg2/Sod2/Acp5/Hrh1/Zc3h12a/Spr/Ass1/Ptgs2/Smad3/Cd47/Aif1/Sigmar1/Acvr2a/Tlr5/Cav1/Ptx3/Cx3cr1/Igf1/Klf4/Il1b/Smpd3",28
"GO:0071356","cellular response to tumor necrosis factor","48/2646","218/25615",0.220183486238532,2.13151927437642,5.69457834293647,3.20202543264445e-07,8.60661563987781e-06,5.31189797800562e-06,"Tnfrsf17/Rnf31/Nr1d1/Traf3ip2/Zfp36l2/Jak2/Hyal2/Prkn/Foxo3/Naip5/Hyal3/Ppp2cb/Mapk14/Acod1/Tifa/Tnfrsf11a/Ext1/Tnfrsf1b/Birc3/Pias3/Edn1/Zc3h12a/Ass1/Akap12/Tmc8/Sphk1/Rffl/Mmp8/Gsdme/Gas6/Fabp4/Traf6/Birc2/Otulin/Naip6/Lcn2/Mapk3/Tax1bp1/Fos/Fas/Cx3cl1/Cx3cr1/Dbn1/Kat2a/Stat1/Traf1/Smpd3/Trim32",48
"GO:0044409","symbiont entry into host","31/2646","114/25615",0.271929824561404,2.63245746641737,5.92895662651611,3.30347973645336e-07,8.84231409457349e-06,5.4573681834039e-06,"Trim30d/Eps15/Axl/Hyal2/Ceacam1/Naip5/Slc7a1/Trim30b/Nectin1/Cav2/Trim12c/Trim12a/Cd300ld/Tpcn1/Slc3a2/Pvr/Cd4/Nectin4/Trim30a/Gas6/Cd81/Furin/Cav1/Trim30c/Trim5/Smpd1/Nrp1/Siglec1/Myh10/Plscr1/Cd300lf",31
"GO:0016052","carbohydrate catabolic process","45/2646","199/25615",0.226130653266332,2.18909171708885,5.71545579151506,3.33326687923627e-07,8.88502341585635e-06,5.48372785448218e-06,"Prkaca/Sord/Hif1a/Mtor/Prkag2/Gpd2/Mpi/Pfkp/Jmjd8/Lipa/Galk1/Agl/Pgam1/Eno3/Adrb1/Chil3/Hk3/Ddit4/Ogt/Src/Pgm2/Phkb/Stat3/Pkm/Hk2/Wipi1/Nudt5/Pygb/Nupr1/Gaa/Ppp2ca/Eif6/Glb1/Cbfa2t3/Galm/Uchl1/Hexb/Pgk1/Neu1/Pfkfb3/Dhdh/Igf1/Pfkfb4/Adpgk/Zbtb20",45
"GO:0120032","regulation of plasma membrane bounded cell projection assembly","49/2646","225/25615",0.217777777777778,2.1082304526749,5.66699157616917,3.44073869634628e-07,9.13359726666466e-06,5.6371445969908e-06,"Dnm3/Mtor/Eps8/Agrn/Wdpcp/Syne2/Ccl19/Tapt1/Cdc42ep3/Ppp1r16b/Neurl1a/Crocc/Cdc42ep1/Rabep2/Def8/Arhgap24/Rab10/Cdkl5/Rcc2/Hap1/Evl/Syne1/Podxl/Fuz/Cdk10/Cntrob/P2ry12/Wrap73/Tgfb3/Cav1/Aqp1/Rab11fip3/Ppp1r9a/Anln/Palm/Trpm2/Dbn1/Tbc1d30/Septin9/Nrp1/Rap2a/Sdccag8/Espn/Zmynd8/Cdc42ep5/Fer/Trim32/Cdc42ep2/Rab29",49
"GO:0001570","vasculogenesis","29/2646","103/25615",0.281553398058252,2.72561991355334,5.95599167074749,3.51995447400592e-07,9.30542697161072e-06,5.74319579068361e-06,"Npr2/Ramp2/Ackr3/Ccm2/Sox17/Hdac7/Epor/Aplnr/Ceacam1/Fgf9/Rras/Sox18/Wt1/Hey1/Eng/Glmn/Tgfbr2/Fgfr1/Brpf1/Tek/Adm/Cav1/Elmo2/Tiparp/Egfl7/Nrp1/Smo/Rin2/Kdr",29
"GO:0032944","regulation of mononuclear cell proliferation","53/2646","252/25615",0.21031746031746,2.03600973017073,5.60952867609511,3.76633649422572e-07,9.91596132742051e-06,6.12001013279301e-06,"Clcf1/Ripk3/Jak2/Cd38/Ccl19/Gpr183/Mef2c/Cblb/Cd40/Ager/Ceacam1/Cd274/Arg2/Cd80/Cd24a/Slc7a1/Cd28/Sdc4/Tnfrsf1b/Fadd/Spn/Lyn/Efnb1/Cd244a/Tnfsf9/Peli1/Zc3h12d/Ighm/Tyk2/Clec2i/Atm/Bcl2/Prnp/Cebpb/Glmn/Aif1/Tgfbr2/Cd4/St6gal1/Cd81/Csf1r/Traf6/Tfrc/Prdm1/Vsir/Arg1/Il15/Bmp4/Sos1/Lst1/Igf1/Il1b/Blm",53
"GO:0045333","cellular respiration","71/2646","376/25615",0.188829787234043,1.82799508692366,5.48969465616334,3.86048960960084e-07,1.01223613273779e-05,6.24739769002909e-06,"Ndufb6/Prkaca/Hif1a/Mtfr2/Mtor/Slc25a33/Slc25a25/Prkag2/Idh1/Oas1a/Mpi/Chchd4/Pfkp/Jmjd8/Lipa/Galk1/Stard7/Pgam1/Eno3/Atpsckmt/Cox6b2/Hk3/Sod2/Ddit4/Ogt/Cycs/Src/Bcl7a/Oas1c/Ccnb1/Abcd1/Stat3/Pkm/Higd1a/Oas1g/Pdp1/Cox8a/Hk2/Pde2a/Iscu/Dguok/Nupr1/Idh2/Trpv4/Tpk1/Msh2/Ppp2ca/Ide/Bckdk/Mpc1/Eif6/Dld/Dlst/Cbfa2t3/Cdk1/Sirt4/Uchl1/Slc25a23/Pgk1/Pdk3/Tefm/Pfkfb3/mt-Atp8/Cat/Igf1/Pdk1/Pfkfb4/Adpgk/mt-Nd4l/Cisd1/Zbtb20",71
"GO:0060143","positive regulation of syncytium formation by plasma membrane fusion","13/2646","26/25615",0.5,4.84032501889645,6.64952429510935,4.20749626519489e-07,1.09873804908992e-05,6.78127694500068e-06,"Tnfsf14/Camk1/Capn2/Ccl8/Dnmt1/Mapk14/Ehd1/Ehd2/Adam9/Cd53/Cxcl12/Trem2/Scgb3a1",13
"GO:0002263","cell activation involved in immune response","66/2646","342/25615",0.192982456140351,1.86819562132845,5.48611395302994,4.37021527638401e-07,1.13660983544497e-05,7.01501698148005e-06,"Stx4a/Clcf1/Myo1f/Mtor/Irf8/Sema6d/Fcgr4/Jak2/Ccl19/Bcr/Relb/Gnai1/Aplf/D6Wsu163e/Gpr183/Cd40/Ceacam1/Dock10/Dock2/Slc15a4/Shld3/Cd28/Anxa3/Cd180/Malt1/Zc3h12a/Spn/Lyn/Cd244a/Stxbp1/Unc13d/Ighm/Stat3/Sema4a/Bcl3/Itgam/Cd84/Shld1/Ccl3/Stxbp3/Adora2b/Pld2/Lbp/Msh2/Tnfaip3/Cd81/Clec4e/Tfrc/Pram1/Stat4/Gapt/Nlrp3/Rabgef1/Batf/Cx3cr1/Trem2/Kmt5c/Slfn2/Ly9/Clec4d/Fcer1g/Irf4/Stx11/Psen2/Fer/Adora3",66
"GO:1900745","positive regulation of p38MAPK cascade","14/2646","30/25615",0.466666666666667,4.51763668430335,6.54306865231114,4.44799328560783e-07,1.1521737446268e-05,7.11107552664123e-06,"Ager/Map3k4/Sash1/Zc3h12a/Map3k5/Stk39/Kcnn4/Sphk1/Mink1/Mfhas1/Bmp4/Bmp2/Il1b/Gadd45a",14
"GO:1990748","cellular detoxification","34/2646","133/25615",0.255639097744361,2.47475264124029,5.78749762879127,4.51134348114462e-07,1.156099835869e-05,7.135306881919e-06,"Gstt1/Prxl2a/Haghl/Txn1/Gstz1/Esd/Hp/Selenos/S100a8/Sod2/Nnt/Ptges/Cygb/Hbb-bs/Prdx5/Ptgs2/Txnrd2/Gsr/Txnrd1/Aldh2/Gatd1/Ptgs1/Pim1/Ltc4s/Prdx6/Mgst3/Prxl2b/Gpx7/Gch1/Slc39a8/Cat/Gstt2/Rab29/Pnkd",34
"GO:0001659","temperature homeostasis","49/2646","227/25615",0.215859030837004,2.08965573503018,5.59693897084235,4.54833328419514e-07,1.156099835869e-05,7.135306881919e-06,"Nr1d1/Tle3/Clic5/Jak2/Lipa/Fcor/Ccr5/Adrb1/Pctp/Tnfrsf11a/Ogt/Ptges/Appl2/Gja1/Dnajc28/Napepld/Stat3/Nod2/Ptgs2/Egr1/Il1rn/Lgr4/Il4ra/Cebpb/Hadh/Trpv4/Map2k6/Ckb/Pdgfc/Scd1/Fabp4/Decr1/Pparg/G0s2/Thra/Il15/Slc27a1/Cav1/Lcn2/Lpin1/Abhd6/Gatm/Per2/Bola3/Oma1/Trpm2/Irf4/Il1b/Acvr2b",49
"GO:0051048","negative regulation of secretion","49/2646","227/25615",0.215859030837004,2.08965573503018,5.59693897084235,4.54833328419514e-07,1.156099835869e-05,7.135306881919e-06,"Fkbp1b/Htr7/Osm/Bcr/Tifab/Gabbr1/Ptger2/Prkn/Ceacam1/Idua/Hmgcr/Myo5a/Dph3/Inhbb/Tnfrsf1b/Wnk1/Edn1/Gja1/Neo1/Stk39/Pde8b/Cd84/Il1rn/Hadh/Stxbp3/Idh2/Klf7/Cry2/Frmd4a/Pparg/P2ry12/Ptgs1/Syt11/Sirt4/Pde4c/Map4k4/Rab11fip3/Acsl4/Rabgef1/Ppp1r9a/Rab11fip1/Cry1/Psmd9/Rab11fip5/Nf1/Rhbdf2/Il1b/Rhbdf1/Pnkd",49
"GO:0008360","regulation of cell shape","36/2646","145/25615",0.248275862068966,2.40347173352099,5.75222383719536,4.55022488485408e-07,1.156099835869e-05,7.135306881919e-06,"Fmnl2/Fblim1/Eps8/Wdpcp/Sema4d/Rac3/Rhoj/Cdc42ep3/Dnmbp/Kif3a/Cdc42ep1/Gna12/Fmnl3/Sema4a/Gna13/Ccl3/Arhgef18/Arhgap18/Csf1r/Arhgap15/Syne3/Pdpn/Rhou/Rhobtb1/Ccl24/Hexb/Fam171a1/Fgd4/Palm/Lst1/Plxnc1/Myh10/Kdr/Plxnb2/Cdc42ep5/Cdc42ep2",36
"GO:0030316","osteoclast differentiation","35/2646","139/25615",0.251798561151079,2.43757375052339,5.76812273516258,4.55313291523751e-07,1.156099835869e-05,7.135306881919e-06,"Mtor/Prxl2a/Ubash3b/Tnfaip6/Gpr183/Ceacam1/Rassf2/Asxl2/Mapk14/Tnfrsf11a/Pias3/Src/Clec2i/Mitf/Efna2/Nfix/Ccl3/Trf/Cebpb/Snx10/Cd81/Csf1r/Fosl2/Traf6/Tfrc/Tcta/Bmp2/Klf10/Fos/Adam8/Trem2/Fcer1g/Nf1/Nfatc1/Cd300lf",35
"GO:0006198","cAMP catabolic process","8/2646","10/25615",0.8,7.74452003023432,7.2402112403758,4.76963954755611e-07,1.20630568714569e-05,7.44517125955543e-06,"Pde4d/Pde8b/Pde2a/Pde4a/Pde4b/Pde4c/Pde7a/Pde7b",8
"GO:1901987","regulation of cell cycle phase transition","81/2646","450/25615",0.18,1.74251700680272,5.39357563706723,4.81414049175781e-07,1.21075926623846e-05,7.47265820537437e-06,"Rnaseh2b/Prmt2/Ccnd1/Cenpf/Cul3/Ints3/Zfp36l2/Sass6/Smarcb1/Id2/Adamts1/Tfap4/Usp50/Mdm2/Nek1/Bub1b/Plpp2/Cdca8/Gtpbp4/Cdc20/Klhl18/Rad50/Mapk14/Rad51b/Ube2c/Appl2/Cdc14b/Bcl7a/Lyn/Nek6/Mblac1/Zc3h12d/Ccnb1/Rcc2/Zwint/Atm/Pinx1/Cirbp/Bcl2/Cdkn2d/Rrm2/Dbf4/Ing4/Usp28/Aif1/Msh2/Ppp2ca/Klf11/Cdk10/Dtx3l/Taok3/Csf1r/Cdkn1c/Rgcc/Pdpn/Tti1/Knl1/Cdk1/Bub1/Cdk14/Pim1/Chek2/Smarce1/Brca2/Ctc1/Cenpe/Cdt1/Smarca2/Ccne1/Foxo4/Ska1/Cry1/Kank2/E2f1/Lmnb1/Fam83d/Apbb1/Jade1/Klf4/Birc5/Blm",81
"GO:0042098","T cell proliferation","50/2646","234/25615",0.213675213675214,2.06851496534036,5.57309892381372,4.8249435267286e-07,1.21075926623846e-05,7.47265820537437e-06,"Ripk3/Fkbp1b/Jak2/Cd151/Ccl19/Lipa/Cblb/Ager/Ceacam1/Cd274/Dock2/Arg2/Cd80/Cd24a/Slc7a1/Cd28/Sdc4/Tnfrsf1b/Fadd/Malt1/Spn/Gja1/Efnb1/Cd244a/Tnfsf9/Dock8/Peli1/Zc3h12d/Tyk2/Clec2i/Itgam/Prnp/Cebpb/Glmn/Aif1/Tgfbr2/Cd4/Cxcl12/Cd81/Traf6/Tfrc/Vsir/Arg1/Il15/Bmp4/Sos1/Slfn2/Igf1/Il1b/Blm",50
"GO:0039532","negative regulation of cytoplasmic pattern recognition receptor signaling pathway","22/2646","67/25615",0.328358208955224,3.178720907932,6.06070474553107,5.02748546474833e-07,1.25217487553785e-05,7.72827028392007e-06,"Mefv/Rnf170/Ufd1/Ogt/Rnf125/Parp1/Lyplal1/Sec14l1/Pld3/Tnfaip3/Abhd17a/Pld4/Trim30a/Dhx58/Tax1bp1/Nlrc3/Irgm2/Trim65/Trem2/Riok3/Nploc4/Rab7b",22
"GO:0050728","negative regulation of inflammatory response","43/2646","189/25615",0.227513227513228,2.20247593452431,5.63158771514011,5.04846346146175e-07,1.25217487553785e-05,7.72827028392007e-06,"Prmt2/Alox5/Mefv/1700017B05Rik/Nr1d1/Bcr/Ctla2a/Tnfaip6/Fndc4/Socs3/Selenos/Cd24a/Adora2a/Acod1/Tnfrsf1b/Hgf/Acp5/Fpr2/Spn/Clec12a/Stat3/Nod2/Cst7/Smad3/Aoah/Tnfaip3/Mfhas1/Pparg/Otulin/Syt11/Nlrp3/Nlrc3/Irgm2/Rabgef1/Cd200r1/Trim65/Cx3cl1/Cx3cr1/Trem2/Slc39a8/Igf1/Tnfaip8l2/Nfatc1",43
"GO:0061572","actin filament bundle organization","43/2646","189/25615",0.227513227513228,2.20247593452431,5.63158771514011,5.04846346146175e-07,1.25217487553785e-05,7.72827028392007e-06,"Mtor/Eps8/Cul3/Cald1/Arpin/Prkn/Arhgap6/Pik3r2/Mtss1/Add1/Rflnb/Sdc4/Src/Arhgef15/Arhgef10/Actn1/Evl/Smad3/Eln/Cd47/Arhgef18/Zyx/Aif1/Sh3pxd2b/Kank3/Ccn2/Pdlim4/Arrb1/Phactr1/Rgcc/Tgfb3/Fam171a1/Arhgef10l/Ppp1r9a/Cx3cl1/Limch1/Kank2/Dbn1/Nrp1/Sorbs1/Itgb5/Espn/Myh10",43
"GO:1903531","negative regulation of secretion by cell","45/2646","202/25615",0.222772277227723,2.15658045396376,5.60126530573271,5.21756240456626e-07,1.28913926488206e-05,7.9564099769557e-06,"Fkbp1b/Htr7/Osm/Bcr/Gabbr1/Prkn/Ceacam1/Idua/Hmgcr/Myo5a/Dph3/Inhbb/Tnfrsf1b/Edn1/Gja1/Neo1/Pde8b/Cd84/Il1rn/Hadh/Stxbp3/Idh2/Klf7/Cry2/Frmd4a/Pparg/P2ry12/Ptgs1/Syt11/Sirt4/Pde4c/Map4k4/Rab11fip3/Acsl4/Rabgef1/Ppp1r9a/Rab11fip1/Cry1/Psmd9/Rab11fip5/Nf1/Rhbdf2/Il1b/Rhbdf1/Pnkd",45
"GO:0050708","regulation of protein secretion","66/2646","344/25615",0.191860465116279,1.85733401887887,5.4335121540814,5.43211229566081e-07,1.33700725621935e-05,8.25184536879265e-06,"Alox5/Tlr2/Stx4a/Hif1a/Unc13b/Nr1d1/Fkbp1b/Jak2/Cd38/Pck2/Ang/Serp1/Syt7/Prkn/Idua/Hmgcr/Adora2a/Atp13a2/Wls/Dph3/Inhbb/Gja1/Lrrc8a/Tgfb2/Neo1/Myo18a/Trpm4/Cpt1a/Abcg1/Pde8b/Ahi1/Hadh/Adam9/Kcnn4/Idh2/Klf7/Arrb1/Frmd4a/Pparg/Glrx/Slc16a1/Sirt4/Tgfb3/Pde4c/Rapgef4/Cacna1d/Myom1/Per2/Map4k4/Rab11fip3/Acsl4/Rap1gds1/Slc12a2/Rab11fip1/Trpm2/Trem2/Psmd9/Rab11fip5/Apbb1/Igf1/Rhbdf2/Gna11/Birc5/Il1b/Myh10/Rhbdf1",66
"GO:0045428","regulation of nitric oxide biosynthetic process","25/2646","83/25615",0.301204819277108,2.91585844511834,5.93365955083805,5.52982430208737e-07,1.35586226399272e-05,8.36821617220413e-06,"Tlr2/Mtor/Jak2/Epor/Ddah2/Arg2/Sod2/Acp5/Hrh1/Zc3h12a/Ass1/Ptgs2/Smad3/Cd47/Aif1/Sigmar1/Acvr2a/Tlr5/Cav1/Ptx3/Cx3cr1/Igf1/Klf4/Il1b/Smpd3",25
"GO:0050670","regulation of lymphocyte proliferation","52/2646","249/25615",0.208835341365462,2.02166185528205,5.49848996797196,6.07072705632641e-07,1.48282701938558e-05,9.15182712413797e-06,"Clcf1/Ripk3/Jak2/Cd38/Ccl19/Gpr183/Mef2c/Cblb/Cd40/Ager/Ceacam1/Cd274/Arg2/Cd80/Cd24a/Slc7a1/Cd28/Sdc4/Tnfrsf1b/Fadd/Spn/Lyn/Efnb1/Cd244a/Tnfsf9/Peli1/Zc3h12d/Ighm/Tyk2/Clec2i/Atm/Bcl2/Prnp/Cebpb/Glmn/Aif1/Tgfbr2/Cd4/Cd81/Csf1r/Traf6/Tfrc/Prdm1/Vsir/Arg1/Il15/Bmp4/Sos1/Lst1/Igf1/Il1b/Blm",52
"GO:0046330","positive regulation of JNK cascade","31/2646","117/25615",0.264957264957265,2.56495855702205,5.75844591592684,6.15962868156279e-07,1.49884297918028e-05,9.25067567042959e-06,"Ccl19/Dusp19/Ager/Ceacam1/Rassf2/Nod1/Naip5/Cd27/Ccdc88c/Tnfrsf11a/Edn1/Map3k5/Nod2/Trpv4/Ccn2/Mink1/Taok3/Mfhas1/Traf6/Mturn/Naip6/Dusp22/Ptpn1/Map4k4/Fcgr2b/Fgd4/Epha4/Rnf13/Lmnb1/Il1b/Gadd45a",31
"GO:0009154","purine ribonucleotide catabolic process","38/2646","159/25615",0.238993710691824,2.31361447444107,5.63941408724296,6.22902123377597e-07,1.51000877002931e-05,9.31958956680369e-06,"Prkaca/Hif1a/Mtor/Prkag2/Mpi/Gda/Pfkp/Jmjd8/Lipa/Pde4d/Galk1/Pgam1/Eno3/Hk3/Ddit4/Ogt/Src/Stat3/Pkm/Pde8b/Hk2/Pde2a/Nupr1/Pde4a/Ppp2ca/Eif6/Cbfa2t3/Pde4b/Pde4c/Uchl1/Pgk1/Pfkfb3/Igf1/Pfkfb4/Adpgk/Pde7a/Pde7b/Zbtb20",38
"GO:1903556","negative regulation of tumor necrosis factor superfamily cytokine production","23/2646","73/25615",0.315068493150685,3.05006782012653,5.95339621481448,6.41244705185681e-07,1.54331581389085e-05,9.52515657054171e-06,"Axl/Cd274/Selenos/Arg2/Cd24a/C5ar2/Acp5/Zc3h12a/Nod2/Bcl3/Lbp/Thbs1/Tnfaip3/Trim30a/Gas6/Vsir/Syt11/Nlrc3/Cx3cl1/Trem2/Irak3/Igf1/Gpr18",23
"GO:0050655","dermatan sulfate proteoglycan metabolic process","9/2646","13/25615",0.692307692307692,6.70198848770277,6.97948927623848,6.41446641203079e-07,1.54331581389085e-05,9.52515657054171e-06,"Chst14/Dsel/Arsb/Dse/Idua/Chst12/Ids/Hexb/Hexa",9
"GO:0002040","sprouting angiogenesis","36/2646","147/25615",0.244897959183673,2.37077143782683,5.6570350826291,6.50090527739019e-07,1.55695612107097e-05,9.60934287926188e-06,"Alox5/Hif1a/Card10/Hdac5/Nr4a1/Ramp2/Ephb4/Vegfb/Jmjd8/Tgm2/Ehd4/Hdac7/Rhoj/Aplnr/Pik3r2/Ceacam1/Ppp1r16b/Adgrg6/Nus1/Rnf213/Jcad/Sema6a/Pkm/Ptgs2/Tspan18/Thbs1/Otulin/Tek/Pacsin2/Akt3/Bmp4/Cemip2/Egr3/Nrp1/Klf4/Kdr",36
"GO:0072524","pyridine-containing compound metabolic process","46/2646","210/25615",0.219047619047619,2.12052334161178,5.53392837906245,6.5196325742231e-07,1.55695612107097e-05,9.60934287926188e-06,"Ncf1/Prkaca/Gpd1l/Hif1a/Mtor/Prkag2/Gpd2/Idh1/Mpi/Pfkp/Jmjd8/Lipa/Galk1/Acacb/Pgam1/Eno3/Aldh1l1/Slc37a2/Hk3/Nnt/Ddit4/Ogt/Src/H6pd/Stat3/Pkm/Hk2/Nupr1/Idh2/Got1/Ppp2ca/Prps1l3/Eif6/Prps2/Cbfa2t3/Uchl1/Pgk1/Pfkfb3/Noct/Dcxr/Igf1/Pfkfb4/Qprt/Adpgk/Naprt/Zbtb20",46
"GO:0043124","negative regulation of canonical NF-kappaB signal transduction","29/2646","106/25615",0.273584905660377,2.6484797273207,5.77234666175184,6.81373265292424e-07,1.62116365045871e-05,1.00056239028354e-05,"Prmt2/Rnf31/1700017B05Rik/Nr1d1/Tnip1/Irak2/Per1/Tnip3/Ppp2cb/Zc3h12a/Stat3/Nagk/Nod2/Tmc8/Tnfaip3/Arrb1/Traf6/Ikbip/Tnip2/Tax1bp1/Nlrc3/Irgm2/Trem2/Riok3/Slc39a8/Cat/Irak3/Klf4/Stat1",29
"GO:0016050","vesicle organization","76/2646","418/25615",0.181818181818182,1.76011818868962,5.31811135036209,7.19410544762668e-07,1.70534809577689e-05,1.05252000098399e-05,"Ap3s1/Vapa/Stx4a/Dnm3/Cul3/Hps3/Snf8/Btbd8/Usp50/Rab39/Exoc8/Cep70/Vamp1/Snx5/Trappc12/Syt7/Prkn/Vti1a/Pip4k2b/Atp13a2/Sdc4/Septin8/Rilp/Pheta2/Surf4/Plekha3/Sdc1/Snap47/Aktip/Rab4b/Eea1/Stxbp1/Cav2/Unc13d/Myo18a/Rab3a/Abcg1/Bloc1s5/Stxbp6/Nbeal2/Bcl2/Tmem175/Pld3/Rab20/Sphk1/Snx10/Pdcd6/Pld4/Dcaf17/Als2cl/Poc1b/Syt11/Gosr2/Als2/Vps37c/Pi4k2b/Stx2/Aqp1/Samd9l/Serpine2/Atp6v0a1/Tmed2/Znrf1/Ankrd27/Ap1b1/Myo7a/Dnm1/Stx12/Srgn/Stx11/Atp6v0c/Slc9a8/Stx16/Cep78/Rab29/Rab7b",76
"GO:0002520","immune system development","51/2646","244/25615",0.209016393442623,2.02341455707966,5.45180469428354,7.54170490843675e-07,1.78117324749256e-05,1.09931835784499e-05,"Ccnb2/Clcf1/Ripk3/Traf3ip2/Cxcl13/Id2/Lipa/Aplf/Rcbtb2/Cblb/Cd40/Blvrb/Slc15a4/Sco1/Shld3/Cd28/Acod1/Lmo4/Tnfrsf11a/Adar/Samhd1/Fadd/Lyn/Bcl3/Atm/Bcl2/Shld1/Smad3/Xrcc6/Msh2/Tgfbr2/Tnfaip3/Tet2/Pcid2/Slc46a2/C3ar1/Tfrc/Slc40a1/Il7r/Pdpn/Il15/Mapk3/Ctc1/Samd9l/Batf/Fas/Jarid2/Kmt5c/Irak3/Psen2/Zbtb46",51
"GO:1903900","regulation of viral life cycle","32/2646","124/25615",0.258064516129032,2.49823226781752,5.67621884340798,7.74649095871134e-07,1.82283728640153e-05,1.12503289341814e-05,"Trim30d/Oas1a/Fam111a/Mavs/Axl/Oasl2/Top2a/Trim30b/Adar/Trim12c/Oas1c/Eif2ak2/Trim12a/Oas1g/Ifitm2/Bcl2/N4bp1/Bst2/Oas3/Cd4/Trim30a/Rad23a/Znfx1/Furin/Trim30c/Kpna2/Gm11772/Ifitm1/Trim5/Smpd1/Slpi/Plscr1",32
"GO:0032970","regulation of actin filament-based process","76/2646","419/25615",0.181384248210024,1.7559174292894,5.29514856251237,7.91438114269748e-07,1.85554687812732e-05,1.14522085363616e-05,"Tlr2/Myo1f/Mtor/Eps8/Snx9/Rnd3/Rac3/Pde4d/Gba2/Arpin/Rnd1/Vasp/Mef2c/Rnh1/Arap2/Cdc42ep3/Prkn/Arhgap6/Pik3r2/Mtss1/Adrb1/Add1/Jup/Sdc4/Cdc42ep1/Edn1/Gja1/Naa20/Tgfb2/Arhgef15/Mrtfa/Trpm4/Dbnl/Clec2i/Arhgef10/Evl/Myadm/Smad3/Eln/Cd47/Arhgef18/Sh3pxd2b/Kank3/Ccn2/Pdlim4/Bst2/Bin1/Cdk10/Arhgap18/Frmd6/Csf1r/Rgcc/Pdpn/Rhobtb1/Add3/Pde4b/Rnd2/Tgfb3/Cav1/Ccl24/Arhgef10l/Ppp1r9a/Cx3cl1/Limch1/Kank2/Trpm2/Dbn1/Prkd1/Tmod1/Capn1/Nrp1/Inppl1/Iqgap2/Cdc42ep5/Fer/Cdc42ep2",76
"GO:0098771","inorganic ion homeostasis","85/2646","485/25615",0.175257731958763,1.6966087695101,5.25685673154837,8.0599406817394e-07,1.88280214325432e-05,1.16204247014327e-05,"Prkaca/Tbxas1/Hif1a/Fbxl5/Cacna1a/Slco2b1/Nr3c2/Mt2/Mllt6/Tgm2/Stim2/Ccl8/Hyal2/Cd40/Slc12a6/Mtss1/Pth1r/Sco1/Fam3a/Sod2/Atp13a2/Myo5a/Atox1/Ext1/Tmc6/Mt1/Wnk1/Edn1/Asph/Hfe/Clstn1/Neo1/Naglu/Steap3/Steap4/Cav2/Cyb561a3/Slc11a2/Stk39/Bcl2/Tmem94/Tmc8/Iscu/Herpud1/Ccl3/Trf/Prnp/Fth1/Bok/Trpv4/Snx10/Ckb/Fgfr1/Slc39a14/Tfrc/Slc40a1/Scn7a/Ncoa4/Bmp2/Slc25a27/Cav1/Lcn2/Pml/Cnnm3/Cacna1d/Slc25a23/Atp13a3/Hexb/Rap1gds1/Slc8a1/Maip1/Atp1a3/Comt/Slc12a2/Slc31a2/Atp1b3/Hmox2/P2ry2/Slc39a8/Micu1/Cisd1/Kdr/Itpr1/Psen2/Acvr2b",85
"GO:0002703","regulation of leukocyte mediated immunity","62/2646","320/25615",0.19375,1.87562594482237,5.34981602333136,8.37695395550768e-07,1.94272751661304e-05,1.19902767813844e-05,"Tlr2/Cxcl1/Stx4a/Clcf1/Ripk3/Pik3r6/Mavs/Bcr/Aplf/D6Wsu163e/Cd40/Ager/H2-T23/Ceacam1/Cd274/Rasgrp4/Slc15a4/Cd80/Shld3/Cd28/Tnfrsf1b/Fadd/Malt1/Spn/Hfe/Lyn/Cadm1/Stxbp1/Unc13d/Trpm4/Ighm/Nod2/Itgam/Cd84/Shld1/Adora2b/Pld2/Msh2/Bst2/Pvr/Nectin4/Cd81/Traf6/Il1r1/Tfrc/Il7r/Il18rap/Vsir/Arg1/Pram1/Dusp22/Mapk3/Nlrp3/Rabgef1/Cx3cr1/Trem2/Kmt5c/Fcer1g/H2-T24/Il1b/Mr1/Adora3",62
"GO:0051222","positive regulation of protein transport","62/2646","320/25615",0.19375,1.87562594482237,5.34981602333136,8.37695395550768e-07,1.94272751661304e-05,1.19902767813844e-05,"Prkaca/Tlr2/Stx4a/Hif1a/Unc13b/Jak2/Cd38/Mllt6/Camk1/Mavs/Pck2/Mdm2/Ang/Serp1/Hyal2/Prkn/Pik3r2/Jup/Adora2a/Kif3a/Atp13a2/Wls/Cnst/Mapk14/Src/Prr5l/Asph/Zc3h12a/Gja1/Lrrc8a/Tgfb2/Myo18a/Trpm4/Abcg1/Rxra/Ptgs2/Adam9/Kcnn4/Chp2/Gas6/Arrb1/Cd81/Frmd4a/Pparg/Glrx/Tek/Cdk1/Tgfb3/Rapgef4/Cacna1d/Myom1/Acsl4/Trpm2/Trem2/Psmd9/Prkd1/Apbb1/Igf1/Smo/Gna11/Myh10/Rab29",62
"GO:0051017","actin filament bundle assembly","42/2646","186/25615",0.225806451612903,2.18595323434033,5.50962415122445,8.42745928186984e-07,1.94741001535007e-05,1.20191765912678e-05,"Mtor/Eps8/Cul3/Cald1/Arpin/Prkn/Arhgap6/Pik3r2/Mtss1/Add1/Sdc4/Src/Arhgef15/Arhgef10/Actn1/Evl/Smad3/Eln/Cd47/Arhgef18/Zyx/Aif1/Sh3pxd2b/Kank3/Ccn2/Pdlim4/Arrb1/Phactr1/Rgcc/Tgfb3/Fam171a1/Arhgef10l/Ppp1r9a/Cx3cl1/Limch1/Kank2/Dbn1/Nrp1/Sorbs1/Itgb5/Espn/Myh10",42
"GO:0072594","establishment of protein localization to organelle","76/2646","420/25615",0.180952380952381,1.75173667350538,5.27224738807934,8.70220753152132e-07,2.00369108180978e-05,1.23665364544668e-05,"Akap1/Tomm40/Timm10/Rab3gap2/Nr4a1/Traf3ip2/Chchd4/Jak2/Mavs/Tomm20/Snf8/Eps15/Hacl1/Hyal2/Tspan17/Pik3r2/Timm8a1/Jup/Timm21/Neurl3/Mapk14/Fgf9/Adar/Nedd4/Appl2/Hikeshi/Zc3h12a/Parp1/Srp9/Rab10/Folr2/Tbk1/Stat3/Bcl3/Ptgs2/Timm17a/Herpud1/Cd68/Chp2/Tsc2/Ufm1/Tnfaip3/Cry2/Nup93/Timm23/M6pr/Neurl1b/Lrsam1/Sec61g/Tek/Kpna1/Cdk1/Bmp4/Ncoa4/Vps37c/Pml/Sgtb/Brca2/Fam53a/Pex6/Srp19/Irgm2/Kpna2/Gnptab/Lrwd1/Sec61a2/Maip1/Prkd1/Zfand2a/Nup50/H1f5/Nf1/Smo/Rab8b/Nup54/Trmt10b",76
"GO:0045637","regulation of myeloid cell differentiation","49/2646","232/25615",0.211206896551724,2.04462005108557,5.4249214461391,8.95021949570606e-07,2.05343607287199e-05,1.26735564591884e-05,"Hif1a/Mtor/Prxl2a/Ubash3b/Id2/Acvr1b/Tnfaip6/Rarg/Mef2c/Ceacam1/Rassf2/Foxo3/Asxl2/Mapk14/Tnfrsf11a/Meis1/Fadd/Lmo2/Pias3/Lyn/Stat3/Clec2i/Mitf/Jun/Itgam/Ccl3/Cebpb/Cd4/Csf1r/Traf6/Eif6/Tal1/Mturn/Acvr2a/Tcta/Hmgb3/Klf10/Fos/Fas/Adam8/Trem2/Nf1/Rbfox2/Stat1/Hspa9/Cdk6/Zbtb46/Nme1/Rab7b",49
"GO:0006898","receptor-mediated endocytosis","59/2646","300/25615",0.196666666666667,1.90386117409927,5.34485553877603,9.19005215875112e-07,2.10095711985115e-05,1.29668505528525e-05,"Ramp2/Calcrl/Fcgr4/Snx9/Ackr3/Abca2/Dgkd/Ccl19/Hpse/Eps15/Mdm2/Ang/Cblb/Aplnr/Ceacam1/Ralbp1/Unc119/Inpp5f/Kif3a/Nedd4/Sdc1/Fpr2/Hfe/Ramp3/Cav2/Itgam/Ahi1/Hap1/Tbc1d5/Trf/Cd14/Syne1/Ramp1/Pld2/Ldlrad3/Tgfbr2/Rin3/Arrb1/Cd81/Tfrc/Hspg2/Rab31/Itsn1/Syt11/Mib2/Adm/Sh3glb2/Cav1/Rabgef1/Fcgr2b/Ankrd13d/Hip1/Ap1b1/Rab11fip5/Fcer1g/Dnm1/Siglec1/Plxnb2/Ophn1",59
"GO:0097192","extrinsic apoptotic signaling pathway in absence of ligand","24/2646","80/25615",0.3,2.90419501133787,5.78963338731506,1.003915851735e-06,2.28693455019348e-05,1.41146805217113e-05,"Foxo3/Mknk1/Eya4/Fadd/Bcl2a1b/Tgfb2/Htra2/Bcl2a1a/Bcl2/Bok/Bcl2a1d/Fgfr1/Wwox/Unc5b/Itm2b/Lcn2/Fas/Cx3cl1/Cx3cr1/Sgk3/Igf1/Nf1/Klf4/Il1b",24
"GO:0046942","carboxylic acid transport","73/2646","400/25615",0.1825,1.7667186318972,5.24564752284573,1.02288215522557e-06,2.31496293172079e-05,1.42876682667105e-05,"Slc36a4/Slc36a1/Cacna1a/Slco2b1/Emb/Slc7a6/Slc25a15/Acacb/Gabbr1/Slc2a1/Ceacam1/Slc26a10/Abcd4/Rbp7/Slc7a11/Slc15a4/Arg2/Sfxn2/Slc7a1/Rgs2/Adora2a/Slc26a11/Tnfrsf11a/Slc27a4/Ptges/Edn1/Gja1/Lrrc8a/Lyn/Slc7a5/Stxbp1/Folr2/Abcd1/Ptgs2/Il1rn/Slc3a2/Pla2g12a/Thbs1/Crot/Map2k6/Stard10/Slc38a6/Abcb1a/Fabp4/Mpc1/Slc25a45/Pparg/Slc16a1/Sfxn3/Arg1/Ace/Slc27a1/Abcb4/Apba1/Per2/Abcd2/Mfsd12/Acsl4/Slc13a3/Atp1a3/Slc12a2/Cln8/Slc10a6/P2ry2/Nf1/Nfkbie/Abcc3/Abcc4/Slc38a9/Il1b/Slc17a5/Slc6a6/Slc16a7",73
"GO:0097530","granulocyte migration","38/2646","162/25615",0.234567901234568,2.27076976195142,5.50703034277848,1.02342694988902e-06,2.31496293172079e-05,1.42876682667105e-05,"Ccl12/Cxcl1/Cxcl13/Ccl19/Rac3/Pde4d/Tnfaip6/Ccl8/Gpr35/S100a8/Trem1/Jaml/C5ar2/Cxcl2/Edn1/Tgfb2/Nod2/Ccl4/Itgam/Ccl3/Itga9/Mpp1/Lbp/Trpv4/Thbs1/Csf1r/Il1r1/C3ar1/Cd99l2/Camk1d/Pde4b/Mapk3/Cxcl10/Ccl24/Cx3cl1/Adam8/Fcer1g/Il1b",38
"GO:0010717","regulation of epithelial to mesenchymal transition","29/2646","108/25615",0.268518518518519,2.59943380644439,5.65341720883648,1.03984792028857e-06,2.34362202798071e-05,1.44645487059498e-05,"Mtor/Dact3/Aplf/Olfm1/Ager/Il17rd/Tgfb2/Fbxo11/Ldlrad4/Bcl9l/Snai1/Pofut2/Smad3/Eng/Tsc2/Fuz/Tgfbr2/Ppp2ca/Rgcc/Pdpn/Tgfb3/Bmp4/Bmp2/Lrg1/Epha4/Spry1/Adam8/Glipr2/Il1b",29
"GO:1903037","regulation of leukocyte cell-cell adhesion","72/2646","393/25615",0.183206106870229,1.77355420539717,5.24517333423554,1.04339336862155e-06,2.34362202798071e-05,1.44645487059498e-05,"Alox5/Tnfsf14/Gcnt1/Ephb4/Pik3r6/Jak2/Smarcb1/Ccl19/Runx3/Cblb/Ager/Ceacam1/Cd274/Foxo3/Arg2/Cd80/Cd24a/Slc7a1/Cd27/Adora2a/Cd28/Sdc4/Wnk1/Fadd/St3gal4/Malt1/Zc3h12a/Spn/Hfe/Efnb1/Cd244a/Tnfsf9/Dock8/Ass1/Peli1/Zc3h12d/Tyk2/Lck/Prnp/Cebpb/Cd47/Glmn/Aif1/Tgfbr2/Cd4/Cxcl12/Cd81/Traf6/Tfrc/Il7r/Vsir/Arg1/Il15/Dusp22/Zc3h8/Bmp4/Cav1/Mapk3/Smarce1/Nlrp3/Smarca2/Ildr2/Epha4/Adam8/Egr3/Capn1/Igf1/Tnfaip8l2/Klf4/Il1b/Sox13/Blm",72
"GO:1900744","regulation of p38MAPK cascade","17/2646","45/25615",0.377777777777778,3.65713445872176,6.05503981288094,1.06471843632211e-06,2.38318858360043e-05,1.47087486511863e-05,"Per1/Ager/Map3k4/Sash1/Hgf/Zc3h12a/Map3k5/Stk39/Kcnn4/Sphk1/Mink1/Mfhas1/Bmp4/Bmp2/Trem2/Il1b/Gadd45a",17
"GO:0034341","response to type II interferon","36/2646","150/25615",0.24,2.32335600907029,5.51712802228888,1.09228663928154e-06,2.43640603150856e-05,1.50372002351377e-05,"Tlr2/Mefv/Irf8/Jak2/Sp100/Ciita/Acod1/Edn1/Trim21/Stxbp1/Ass1/Myo18a/Tyk2/Ifitm2/Evl/Cd47/Stxbp3/Zyx/Aif1/Rab20/Bst2/Csprs/Pparg/Epsti1/Arg1/Pim1/Atf3/Irgm2/Camk2a/Ifitm1/Rab11fip5/Gch1/Stx11/Stat1/Cdc42ep2/Rab7b",36
"GO:0015849","organic acid transport","73/2646","401/25615",0.182044887780549,1.76231284977277,5.22212341256002,1.12625475933763e-06,2.50348116746884e-05,1.54511797759818e-05,"Slc36a4/Slc36a1/Cacna1a/Slco2b1/Emb/Slc7a6/Slc25a15/Acacb/Gabbr1/Slc2a1/Ceacam1/Slc26a10/Abcd4/Rbp7/Slc7a11/Slc15a4/Arg2/Sfxn2/Slc7a1/Rgs2/Adora2a/Slc26a11/Tnfrsf11a/Slc27a4/Ptges/Edn1/Gja1/Lrrc8a/Lyn/Slc7a5/Stxbp1/Folr2/Abcd1/Ptgs2/Il1rn/Slc3a2/Pla2g12a/Thbs1/Crot/Map2k6/Stard10/Slc38a6/Abcb1a/Fabp4/Mpc1/Slc25a45/Pparg/Slc16a1/Sfxn3/Arg1/Ace/Slc27a1/Abcb4/Apba1/Per2/Abcd2/Mfsd12/Acsl4/Slc13a3/Atp1a3/Slc12a2/Cln8/Slc10a6/P2ry2/Nf1/Nfkbie/Abcc3/Abcc4/Slc38a9/Il1b/Slc17a5/Slc6a6/Slc16a7",73
"GO:0015850","organic hydroxy compound transport","61/2646","316/25615",0.193037974683544,1.86873307691572,5.27400819118472,1.16258420499341e-06,2.57532445961298e-05,1.58945877940017e-05,"Vapa/Lipg/Slco2b1/Abca2/Htr7/Emb/Tgm2/Lipa/Ly6e/Acacb/Gabbr1/Syt7/Prkn/Ceacam1/Abca8a/Ralbp1/Ptch1/Card6/Adora2a/Rilp/Myo5a/Nus1/Tor1a/Ttc39b/Rab3a/Abcg1/Eepd1/Gramd1a/Adora2b/C1qtnf1/Cxcl12/Abcb1a/Pparg/P2ry12/Slc16a1/Slc29a3/Ptgs1/Selenom/Furin/Syt11/Soat2/Cav1/Abcb4/Mapk3/Pltp/Stard3/Aqp1/Slc18b1/Comt/Trem2/Slc10a6/Fcer1g/Smpd1/Sncg/Stx12/Abcc3/Abcc4/Aqp7/Smpd3/Slc16a7/Adora3",61
"GO:0048008","platelet-derived growth factor receptor signaling pathway","22/2646","70/25615",0.314285714285714,3.04249001187777,5.80789273129536,1.17120303924593e-06,2.58550114230786e-05,1.59573970357428e-05,"Pdgfd/Npr2/Jak2/Bcr/Cblb/Rgs14/Src/Gab1/Pdgfa/Plekha1/Pdgfc/Il1r1/Glrx/Pdgfb/Ptpn1/Tiparp/Hip1/Nrp1/Inppl1/Il1b/Smpd3/Fer",22
"GO:0007005","mitochondrion organization","81/2646","460/25615",0.176086956521739,1.70463620230701,5.17600021797567,1.19652583249694e-06,2.63235683149327e-05,1.62465846224276e-05,"Tomm40/Dhodh/Timm10/Mtfr2/Slc25a33/Sdhaf1/Atp23/Chchd4/Lipa/Fastkd3/Stard7/Prkn/Timm8a1/Ralbp1/Timm21/Fancg/Pyroxd2/Sco1/Mmp9/Tmem126b/Fam3a/Sod2/Ppp2cb/Atp13a2/Adgrg6/Hgf/Surf1/Bcl2a1b/Septin4/Edn1/Parp1/Htra2/Dram1/Cav2/Rab5if/Bcl2a1a/Rab3a/Ndufaf6/Jun/Higd1a/Bcl2/Hk2/Pde2a/Smad3/Bok/Camkmt/Tnfsf10/Bcl2a1d/Gabpb1/Cep89/Afg1l/Armcx3/Vps13c/Tfrc/Tmem14a/Plaur/Letm2/Pparg/Acaa2/Akt3/Nme3/Lpin1/Plscr3/Irgm2/Coa3/Rap1gds1/Maip1/Fas/Camk2a/Oma1/Cln8/Igf1/Coa4/Micu1/Miga1/Aurka/Trmt10b/Kdr/Ndufaf7/Casp6/Rab29",81
"GO:2001236","regulation of extrinsic apoptotic signaling pathway","41/2646","182/25615",0.225274725274725,2.18080577774455,5.42597697501514,1.20757382408136e-06,2.64759530576746e-05,1.63406346231153e-05,"Tnfsf14/Stx4a/Itprip/Runx3/Sp100/Hyal2/Tnfsf12/Eya4/Hgf/Fadd/Src/Tgfb2/Htra2/Bcl2/Tmc8/Pea15a/Tnfsf10/Thbs1/Tnfaip3/Rffl/Fgfr1/Cflar/Csprs/Wwox/Unc5b/G0s2/Bmp4/Cav1/Atf3/Pml/Cx3cl1/Cx3cr1/Sgk3/Igf1/Nrp1/Nf1/Siglec1/Klf4/Il1b/Traf1/Psen2",41
"GO:0032956","regulation of actin cytoskeleton organization","68/2646","366/25615",0.185792349726776,1.79859071740414,5.22282275917579,1.23145720060713e-06,2.69077586962591e-05,1.66071397854769e-05,"Tlr2/Myo1f/Mtor/Eps8/Snx9/Rnd3/Rac3/Gba2/Arpin/Rnd1/Vasp/Mef2c/Rnh1/Arap2/Cdc42ep3/Prkn/Arhgap6/Pik3r2/Mtss1/Add1/Sdc4/Cdc42ep1/Edn1/Gja1/Naa20/Tgfb2/Arhgef15/Mrtfa/Dbnl/Clec2i/Arhgef10/Evl/Myadm/Smad3/Eln/Cd47/Arhgef18/Sh3pxd2b/Kank3/Ccn2/Pdlim4/Bst2/Bin1/Cdk10/Arhgap18/Csf1r/Rgcc/Rhobtb1/Add3/Rnd2/Tgfb3/Ccl24/Arhgef10l/Ppp1r9a/Cx3cl1/Limch1/Kank2/Trpm2/Dbn1/Prkd1/Tmod1/Capn1/Nrp1/Inppl1/Iqgap2/Cdc42ep5/Fer/Cdc42ep2",68
"GO:2000106","regulation of leukocyte apoptotic process","29/2646","109/25615",0.26605504587156,2.5755857898715,5.59495638294171,1.27811133727862e-06,2.77824561477438e-05,1.71469923614859e-05,"Hif1a/Ripk3/Ccl19/Tsc22d3/Axl/Mef2c/Cd274/Ccr5/Selenos/Slc7a11/Arg2/Cd27/Fadd/Tgfb2/Lyn/Dock8/Nod2/Cd47/Cxcl12/Gas6/Slc46a2/St6gal1/Il7r/Zc3h8/Bmp4/Adam8/Fcer1g/Siglec1/Blm",29
"GO:0006879","intracellular iron ion homeostasis","24/2646","81/25615",0.296296296296296,2.86834075193864,5.71612539966788,1.28774405751099e-06,2.77824561477438e-05,1.71469923614859e-05,"Hif1a/Fbxl5/Slco2b1/Sco1/Atp13a2/Hfe/Neo1/Steap3/Steap4/Cyb561a3/Slc11a2/Iscu/Trf/Fth1/Slc39a14/Tfrc/Slc40a1/Ncoa4/Bmp2/Lcn2/Hmox2/Slc39a8/Cisd1/Acvr2b",24
"GO:0050766","positive regulation of phagocytosis","26/2646","92/25615",0.282608695652174,2.73583588024582,5.66108001309088,1.29066468233581e-06,2.77824561477438e-05,1.71469923614859e-05,"Prkaca/Tlr2/Bcr/Ager/Dock2/Il15ra/Pros1/Appl2/Fpr2/Myo18a/Stat3/Nod2/Mex3b/Cd47/Lbp/Gas6/Rab31/Pparg/Camk1d/Il15/Fcgr2b/Ptx3/Trem2/Fcer1g/Gpr18/Cd300lf",26
"GO:0032479","regulation of type I interferon production","36/2646","151/25615",0.23841059602649,2.30796954543407,5.47123503257227,1.29311245145943e-06,2.77824561477438e-05,1.71469923614859e-05,"Tlr2/Irf8/Oas1a/Cul3/Rab2b/Mavs/Relb/Sting1/Ikbke/Acod1/Ufd1/Rnf125/Clec12a/Tbk1/Oas1c/Oas1g/Cd14/Oas3/Pola1/Polr3b/Traf6/Arrdc4/Atg9a/Dhx58/Nlrc3/Irgm2/Kpna2/Irf2/Trim65/Riok3/Nploc4/Ticam2/Siglec1/Stat1/Rnf135/Zbtb20",36
"GO:0032606","type I interferon production","36/2646","151/25615",0.23841059602649,2.30796954543407,5.47123503257227,1.29311245145943e-06,2.77824561477438e-05,1.71469923614859e-05,"Tlr2/Irf8/Oas1a/Cul3/Rab2b/Mavs/Relb/Sting1/Ikbke/Acod1/Ufd1/Rnf125/Clec12a/Tbk1/Oas1c/Oas1g/Cd14/Oas3/Pola1/Polr3b/Traf6/Arrdc4/Atg9a/Dhx58/Nlrc3/Irgm2/Kpna2/Irf2/Trim65/Riok3/Nploc4/Ticam2/Siglec1/Stat1/Rnf135/Zbtb20",36
"GO:0030282","bone mineralization","35/2646","145/25615",0.241379310344828,2.33670862981208,5.47859074047732,1.32768658663778e-06,2.84301954418703e-05,1.75467691367846e-05,"Alox5/Hif1a/Rogdi/Sgms2/Mef2c/Mtss1/Rflnb/Pth1r/Asxl2/Adgrg6/Sox9/Gja1/Trpm4/Rxra/Ptgs2/Nfix/Lgr4/Smad3/Snx10/Arl15/Csf1r/Fosl2/Acvr2a/Bmp4/Bmp2/Klf10/Ifitm5/Slc8a1/Tmem38b/Ccn1/Igf1/Tmem119/Srgn/Smpd3/Acvr2b",35
"GO:0042762","regulation of sulfur metabolic process","10/2646","17/25615",0.588235294117647,5.69450002223111,6.57163399305455,1.33434555345269e-06,2.84778599182063e-05,1.75761870689969e-05,"Cacna1a/Slc7a11/Pdp1/Tpk1/Bckdk/Sirt4/Pgk1/Lrrc58/Pdk3/Pdk1",10
"GO:1903557","positive regulation of tumor necrosis factor superfamily cytokine production","31/2646","121/25615",0.256198347107438,2.4801665386081,5.53919756355437,1.35520858698846e-06,2.88273508702447e-05,1.77918886129188e-05,"Tlr2/Oas1a/Jak2/Ccl19/Mavs/Ager/Ccr5/Nod1/Lilra5/Fadd/Spn/Akap12/Oas1c/Stat3/Nod2/Oas1g/Ccl4/Cd84/Ccl3/Cd14/Lbp/Thbs1/Oas3/Mmp8/Csf1r/Fcgr2b/Adam8/Ccn1/Fcer1g/Frmd8/Zbtb20",31
"GO:0045859","regulation of protein kinase activity","67/2646","360/25615",0.186111111111111,1.80167653481146,5.199233407627,1.38089919913882e-06,2.92768859909829e-05,1.80693361949658e-05,"Card10/Mtor/Ripk3/Snx9/Pik3r6/Ubash3b/Jak2/Tfap4/Rgs14/Dusp7/Ager/Ceacam1/Rassf2/Tspyl2/Unc119/Hmgcr/Lilra5/Adora2a/Map3k4/Sdc4/Prkar1b/Sash1/Adar/Src/Zgpat/Lyn/C1qtnf9/Map3k5/Spry4/Ccnb1/Higd1a/Pik3r5/Gab1/Il1rn/Map2k3/Tpx2/Tsc2/Map2k6/Fgfr1/Pdgfc/Taok3/Gprc5a/Gas6/Fabp4/Csf1r/Traf6/Cep85/Pdgfb/Aida/Cav1/Als2/Pim1/Cenpe/Ptpn1/Irgm2/Trib2/Fgd4/Ppp1r9a/Spry1/Dbndd2/Fgd2/Igf1/Nf1/Inppl1/Il1b/Blm/Gadd45a",67
"GO:0062012","regulation of small molecule metabolic process","74/2646","411/25615",0.180048661800487,1.74298808466344,5.15383609915663,1.46226486916585e-06,3.08329698794171e-05,1.90297321515695e-05,"Prkaca/Fmo1/Hif1a/Mtor/Prkag2/Cacna1a/Nr1d1/Jmjd8/Gnai1/P2ry6/Acacb/Angptl4/Atpsckmt/Prkn/Ceacam1/Pth1r/Slc7a11/Ddit4/Slc27a4/Ogt/Appl2/Src/Sox9/Edn1/Parp1/Phkb/H6pd/Ttc39b/Sirt5/Amdhd2/Cpt1a/Abcd1/Abcg1/Stat3/Fmo5/Pdp1/Snai1/Ptgs2/Egr1/Nupr1/Gnmt/Adora2b/Tpk1/Ppp2ca/Dhcr7/C1qtnf1/Arrb1/Bckdk/Eif6/Pparg/Cbfa2t3/Sirt4/Bmp2/Cav1/Sik1/Uchl1/Igfbp4/Abcd2/Pgk1/Acsl4/Dgat2/Lrrc58/Pdk3/Nln/Cry1/Ankrd26/Trem2/Igf1/Pdk1/Kat2a/Sorbs1/Il1b/Nme1/Zbtb20",74
"GO:0032722","positive regulation of chemokine production","25/2646","87/25615",0.28735632183908,2.78179598787152,5.65030362926853,1.46389411787394e-06,3.08329698794171e-05,1.90297321515695e-05,"Tlr2/Oas1a/Tslp/Mavs/Ager/Chil3/Oas1c/Eif2ak2/Nod2/Oas1g/Egr1/Cd84/Il4ra/Adora2b/Aif1/Lbp/Trpv4/Oas3/Csf1r/Mbp/P2ry2/Ccn1/Ticam2/Il1b/Trim32",25
"GO:0051336","regulation of hydrolase activity","49/2646","236/25615",0.207627118644068,2.00996547394852,5.29039202200405,1.50686384874999e-06,3.16342920404246e-05,1.95242983951304e-05,"Rab3gap2/Rrp1b/Snx9/Por/Serpinb8/Rcn3/Sema4d/Bcr/Bcar3/Angptl4/Rasgrp2/Rgs14/Dock10/Timp2/Sipa1l1/Ralbp1/Slc27a4/Arhgap24/Sh3bp4/Dock8/Rgs10/Rcc2/Mex3b/Gna13/Smad3/Mmut/Chp2/Bin1/Tbc1d15/Evi5/Arrb1/Srgap2/Vsir/Snx18/Bmp2/Cav1/Als2/Sgsm3/Rgs1/Rap1gds1/Epha4/Spry1/Serpine2/Tmed2/Tbc1d30/Ccn1/Nf1/Plxnb2/Timp1",49
"GO:0070232","regulation of T cell apoptotic process","17/2646","46/25615",0.369565217391304,3.57763153570607,5.93889243374539,1.52664281551618e-06,3.19451252341235e-05,1.97161408431022e-05,"Hif1a/Ripk3/Tsc22d3/Cd274/Arg2/Cd27/Fadd/Tgfb2/Dock8/Cd47/Slc46a2/Il7r/Zc3h8/Bmp4/Adam8/Siglec1/Blm",17
"GO:0032720","negative regulation of tumor necrosis factor production","22/2646","71/25615",0.309859154929577,2.99963803987949,5.72662427827599,1.53236131255986e-06,3.196067880482e-05,1.97257403168315e-05,"Axl/Selenos/Arg2/Cd24a/C5ar2/Acp5/Zc3h12a/Nod2/Bcl3/Lbp/Thbs1/Tnfaip3/Trim30a/Gas6/Vsir/Syt11/Nlrc3/Cx3cl1/Trem2/Irak3/Igf1/Gpr18",22
"GO:0001649","osteoblast differentiation","50/2646","243/25615",0.205761316872428,1.99190329995739,5.27299912415596,1.5620061934125e-06,3.24735527070612e-05,2.00422798206597e-05,"Prkaca/Erh/Hdac5/Sema4d/Id2/Tnfaip6/Hdac7/Gabbr1/Mef2c/Rassf2/Pth1r/Ski/Suco/Ptch1/Mapk14/Fgf9/Adar/Sox9/Gja1/Trpm4/Snai1/Hey1/Lgr4/Ccl3/Smad3/Cebpb/Sh3pxd2b/Ccn2/Map2k6/Fgfr1/Wwox/Fosl2/Pdlim7/Pparg/Acvr2a/Smad6/Bmp4/Bmp2/Ifi204/Ifitm1/Noct/Prkd1/Ccn1/Igf1/Nf1/Smo/Tmem119/Cdk6/Nfatc1/Acvr2b",50
"GO:0043524","negative regulation of neuron apoptotic process","47/2646","223/25615",0.210762331838565,2.04031637567832,5.29580506032988,1.57510674989877e-06,3.26402766495152e-05,2.01451798001479e-05,"Ccnd1/Clcf1/Alkbh1/Hif1a/Cacna1a/Jak2/Vegfb/Axl/Snx6/Mef2c/Epor/Prkn/Sod2/Adora2a/Map3k12/Mt1/Fpr2/Stxbp1/Retreg1/Tmbim4/Mrtfa/Stat3/Jun/Bcl2/Nfix/Cebpb/Bok/Sigmar1/Msh2/Arrb1/Unc5b/Hspg2/Itsn1/Btg2/Tgfb3/Slc25a27/Lcn2/Epha4/Cx3cl1/Cx3cr1/Adam8/Pin1/Nrp1/Smo/Nes/Birc5/Kdr",47
"GO:0033212","iron import into cell","8/2646","11/25615",0.727272727272727,7.04047275475847,6.80104959374904,1.58911588181359e-06,3.28246958995837e-05,2.02590011072138e-05,"Slco2b1/Steap3/Steap4/Slc11a2/Iscu/Slc39a14/Lcn2/Slc39a8",8
"GO:0050807","regulation of synapse organization","74/2646","412/25615",0.179611650485437,1.73875753105989,5.130822471489,1.6052686493579e-06,3.29710988475966e-05,2.03493592173076e-05,"Tlr2/Dnm3/Agrn/Sema4d/Camk1/Arhgap4/Rac3/Dip2a/Ptpro/Mef2c/Dock10/Sipa1l1/Slc7a11/Etv5/Neurl1a/Cdc20/Mapk14/Nectin1/Eef2k/Caprin2/Nedd4/Ogt/L1cam/Arhgap12/Clstn1/Igsf9/Arhgef15/Mrtfa/Cdkl5/Dbnl/Sema4a/S1pr2/Gna13/Smad3/Prnp/Cd47/Podxl/Sigmar1/Tsc2/Lin7c/Sema3f/Abhd17a/Fgfr1/Mink1/Arhgap22/Snx27/Abhd17b/Dlgap4/Srgap2/Phactr1/Itsn1/Nrg2/Tanc2/Agap1/Rapgef4/Ptpn1/Amigo1/Fcgr2b/Mycbp2/Epha4/Ppp1r9a/Sema4c/Palm/Dbn1/Trem2/Sema7a/Nf1/Trim47/Rap2a/Plxnc1/Myh10/Zmynd8/Psen2/Rps6ka5",74
"GO:0042310","vasoconstriction","30/2646","116/25615",0.258620689655172,2.50361638908437,5.50892740699436,1.61273233433289e-06,3.29710988475966e-05,2.03493592173076e-05,"Alox5/Tbxas1/Hif1a/Adra2b/Htr7/Cd38/Hmgcr/Snta1/Hrh1/Edn1/Gja1/Trpm4/Mgll/Ptgs2/Cysltr1/Itga9/Manf/Pdgfb/Smad6/Ptgs1/Add3/Ace/Adm/Cav1/Per2/Rap1gds1/Slc8a1/Cx3cl1/Rbfox2/Smpd3",30
"GO:0043405","regulation of MAP kinase activity","30/2646","116/25615",0.258620689655172,2.50361638908437,5.50892740699436,1.61273233433289e-06,3.29710988475966e-05,2.03493592173076e-05,"Pik3r6/Rgs14/Dusp7/Ager/Ceacam1/Hmgcr/Map3k4/Sash1/Src/Lyn/Map3k5/Spry4/Pik3r5/Gab1/Il1rn/Tsc2/Map2k6/Fgfr1/Taok3/Pdgfb/Aida/Cav1/Ptpn1/Trib2/Fgd4/Spry1/Fgd2/Nf1/Inppl1/Il1b",30
"GO:1901264","carbohydrate derivative transport","26/2646","93/25615",0.279569892473118,2.70641829013565,5.59541365263363,1.61673352070251e-06,3.29710988475966e-05,2.03493592173076e-05,"Gltp/Slc15a2/Slc25a25/Slc29a1/Slc50a1/Ralbp1/Slc37a2/Slc15a4/Gja1/Lrrc8a/Abcg1/Cd47/Slc25a24/Lbp/Guk1/Slc46a2/Slc35c2/Slc29a3/Slc17a9/Pltp/Slc25a23/Slc15a3/Calhm2/Slc35b1/Abcc3/Abcc4",26
"GO:0038034","signal transduction in absence of ligand","24/2646","82/25615",0.292682926829268,2.83336098667109,5.64373440609959,1.64342182853564e-06,3.31991881336886e-05,2.04901331368473e-05,"Foxo3/Mknk1/Eya4/Fadd/Bcl2a1b/Tgfb2/Htra2/Bcl2a1a/Bcl2/Bok/Bcl2a1d/Fgfr1/Wwox/Unc5b/Itm2b/Lcn2/Fas/Cx3cl1/Cx3cr1/Sgk3/Igf1/Nf1/Klf4/Il1b",24
"GO:0048525","negative regulation of viral process","24/2646","82/25615",0.292682926829268,2.83336098667109,5.64373440609959,1.64342182853564e-06,3.31991881336886e-05,2.04901331368473e-05,"Oas1a/Fam111a/Mavs/Sp100/Oasl2/Adar/Trim21/Oas1c/Eif2ak2/Oas1g/Ifitm2/N4bp1/Bst2/Oas3/Csprs/Znfx1/Ubp1/Ptx3/Ifitm1/Trim14/Slpi/Stat1/Trim32/Plscr1",24
"GO:0070301","cellular response to hydrogen peroxide","24/2646","82/25615",0.292682926829268,2.83336098667109,5.64373440609959,1.64342182853564e-06,3.31991881336886e-05,2.04901331368473e-05,"Pdgfd/Ripk3/Txn1/Mdm2/Axl/Src/Edn1/Cbx8/Map3k5/Setx/Sphk1/Tnfaip3/Plekha1/Il18rap/Mapk13/Cdk1/Lcn2/Aqp1/Trpm2/Capn1/Cat/Rbfox2/Klf4/Smpd3",24
"GO:0051047","positive regulation of secretion","79/2646","449/25615",0.175946547884187,1.70327695542459,5.10275879526908,1.66417632489631e-06,3.35130680599809e-05,2.06838559909368e-05,"Scamp5/Tlr2/Stx4a/Clcf1/Hif1a/Unc13b/Jak2/Cd38/Rab2b/Pck2/Snf8/Gabbr1/Ang/Serp1/Syt7/Prkn/S100a8/Rab3d/Hyal3/Adora2a/Atp13a2/Sdc4/Wls/Tnfrsf11a/Inhbb/Sdc1/Ptges/Edn1/Gja1/Lrrc8a/Tgfb2/Hfe/Stxbp1/Unc13d/Myo18a/Trpm4/Ighm/Rab3a/Abcg1/Itgam/Adam9/Kcnn4/Adora2b/Pld2/Sphk1/Map2k6/Fgfr1/C1qtnf1/Cxcl12/Arrb1/Frmd4a/Pparg/Itsn1/Rgcc/Acvr2a/Glrx/Tgfb3/Bmp2/Rapgef4/Slc4a8/Cacna1d/Myom1/Aqp1/Acsl4/Slc12a2/Trpm2/Trem2/Psmd9/Prkd1/P2ry2/Fcer1g/Apbb1/Igf1/Rab8b/Gna11/Il1b/Myh10/Smpd3/Adora3",79
"GO:0090068","positive regulation of cell cycle process","55/2646","278/25615",0.197841726618705,1.91523651826838,5.20763720638659,1.74864658748828e-06,3.51040802438273e-05,2.16658092645556e-05,"Ccnd1/Piwil2/Npr2/Cul3/Sass6/Adamts1/Mdm2/Cdca8/Cd28/Cdc20/Klhl18/Rad51b/Ube2c/Wnk1/Cdc14b/Edn1/Gja1/Prdm9/Mblac1/Ccnb1/Rcc2/Rad18/Rrm2/Dbf4/Kcnn4/Aif1/Ccn2/Sphk1/Fgfr1/Csf1r/Rgcc/Pdgfb/Knl1/Poc1b/Cdk1/Bub1/Pim1/Chek2/Cenpe/Cenpv/Rab11fip3/Ccne1/Numa1/Rcc1/Ska1/Nudt16/Plk4/Lmnb1/Fam83d/Igf1/Birc5/Nusap1/Il1b/Smpd3/Plscr1",55
"GO:0009060","aerobic respiration","61/2646","320/25615",0.190625,1.84537391345427,5.16498504258167,1.79173546070275e-06,3.58570361356837e-05,2.21305244379563e-05,"Ndufb6/Prkaca/Hif1a/Mtfr2/Mtor/Slc25a33/Prkag2/Idh1/Mpi/Pfkp/Jmjd8/Lipa/Galk1/Pgam1/Eno3/Atpsckmt/Cox6b2/Hk3/Ddit4/Ogt/Cycs/Src/Ccnb1/Abcd1/Stat3/Pkm/Pdp1/Cox8a/Hk2/Pde2a/Iscu/Dguok/Nupr1/Idh2/Trpv4/Tpk1/Msh2/Ppp2ca/Ide/Bckdk/Mpc1/Eif6/Dld/Dlst/Cbfa2t3/Cdk1/Sirt4/Uchl1/Slc25a23/Pgk1/Pdk3/Tefm/Pfkfb3/mt-Atp8/Cat/Igf1/Pdk1/Pfkfb4/Adpgk/mt-Nd4l/Zbtb20",61
"GO:0006644","phospholipid metabolic process","69/2646","377/25615",0.183023872679045,1.7717900599674,5.12395098446387,1.79874014201902e-06,3.58854244482303e-05,2.2148045357482e-05,"Vapa/Idh1/Abca2/Dgkd/Plpp3/Efr3b/Inpp1/Agpat5/Sgms2/Ttc7/Capn2/Abca8a/Far1/Plpp2/Pip4k2b/Hmgcr/Pgap1/Inpp5f/Agpat2/Pigc/Nus1/Gde1/Serinc5/Napepld/Plaat3/Atm/Dhdds/Pik3r5/Abhd12/Pla2g12a/Pdgfa/Pld2/Acp6/Smpd5/Pnpla7/Mvd/Pdgfb/Pigv/Pmvk/Pigp/Lpin1/Acat2/Enpp2/Pi4k2b/Abhd6/Pigh/Hexb/Prdx6/Pigz/Sgpp1/Tmem38b/Dgke/Pgs1/Mppe1/Pla2g15/Cln8/Itpkc/Smpd1/Pigg/Fig4/Inppl1/Plcg1/Plcb2/Smpd3/Pigq/Pld1/Ipmk/Plscr1/Pigu",69
"GO:0030167","proteoglycan catabolic process","11/2646","21/25615",0.523809523809524,5.07081668646294,6.33409669951964,1.84288353073969e-06,3.66522718311819e-05,2.26213341893971e-05,"Sgsh/Hpse/Arsb/Idua/Hgsnat/Naglu/Sulf2/Glb1/Ids/Hexb/Hexa",11
"GO:0050878","regulation of body fluid levels","70/2646","385/25615",0.181818181818182,1.76011818868962,5.10053160439126,1.94057550401456e-06,3.84761019684862e-05,2.37469798582572e-05,"Ccnd1/Hif1a/Prrg3/Traf3ip2/Adra2b/Ubash3b/Jak2/Mllt6/Hpse/Tifab/Slc29a1/Axl/Angptl4/Angptl6/Hyal2/Ptger2/Aplnr/Ceacam1/Adrb1/Pdia4/Slc7a11/Pros1/Adora2a/Emilin2/Ext1/Wnk1/St3gal4/Socs2/Src/Edn1/Gja1/Lyn/Tspan32/Stxbp1/Stk39/F13a1/Nbeal2/Hk2/Tspan18/Gna13/Evl/F10/Stxbp3/Kcnn4/Vkorc1/Pdgfa/Trpv4/Thbs1/C1qtnf1/Gas6/Fosl2/Plaur/Aprt/P2ry12/Pdpn/Pdgfb/Adm/Cav1/Aqp1/Serpine2/Pear1/P2ry2/Fcer1g/Plau/Prrg1/Aqp7/Tec/Rasa3/Nme1/Adora3",70
"GO:0019229","regulation of vasoconstriction","26/2646","94/25615",0.276595744680851,2.67762660619803,5.53060913773808,2.0169012271527e-06,3.97440904393526e-05,2.45295668444033e-05,"Alox5/Tbxas1/Hif1a/Adra2b/Htr7/Cd38/Hmgcr/Snta1/Hrh1/Edn1/Gja1/Trpm4/Mgll/Ptgs2/Cysltr1/Itga9/Pdgfb/Smad6/Ptgs1/Add3/Ace/Adm/Cav1/Per2/Cx3cl1/Rbfox2",26
"GO:0030593","neutrophil chemotaxis","26/2646","94/25615",0.276595744680851,2.67762660619803,5.53060913773808,2.0169012271527e-06,3.97440904393526e-05,2.45295668444033e-05,"Cxcl1/Cxcl13/Ccl19/Pde4d/Tnfaip6/Gpr35/S100a8/Trem1/Jaml/C5ar2/Cxcl2/Edn1/Tgfb2/Nod2/Itgam/Ccl3/Itga9/Mpp1/Lbp/C3ar1/Camk1d/Pde4b/Cxcl10/Cx3cl1/Fcer1g/Il1b",26
"GO:0034614","cellular response to reactive oxygen species","37/2646","160/25615",0.23125,2.23865032123961,5.33438969166127,2.02959142418381e-06,3.98718510977272e-05,2.4608419161189e-05,"Pdgfd/Ripk3/Txn1/Mdm2/Axl/Foxo3/Hk3/Sod2/Hgf/Src/Edn1/Parp1/Cbx8/Cygb/Map3k5/Setx/Prdx5/Atm/Sphk1/Tnfaip3/Plekha1/Glrx/Il18rap/Mapk13/Cdk1/Lcn2/Aqp1/Fos/Slc8a1/Trpm2/Gch1/Capn1/Cat/Rbfox2/Klf4/Smpd3/Fer",37
"GO:0000209","protein polyubiquitination","61/2646","322/25615",0.18944099378882,1.83391196368126,5.11105491209151,2.21459013816696e-06,4.3373558071904e-05,2.67696299058067e-05,"Trim30d/Rnf170/Rnf31/Cul3/Traf3ip2/Rnf144a/Ube2l6/Mkrn1/Cblb/Keap1/Prkn/Dtx4/Irf2bp1/Dzip3/Ddb2/Arel1/Klhl42/Shprh/Ube2c/Sash1/Nedd4/Rnf125/Hltf/Birc3/Rnf180/Rnf213/Aktip/Trim21/Rmnd5a/Peli1/Asb2/Trim12c/Nagk/Nod2/Atm/Bcl2/Ube2j2/Tnfaip3/Rffl/Dtx3l/Marchf1/Trim30a/Traf6/Birc2/Cdc34/Wsb2/Lrsam1/Arrdc4/Rnf5/Ttc3/Dusp22/Chek2/Trim30c/Tax1bp1/Mycbp2/Foxo4/Trim65/Znrf1/Trim5/Rnf135/Trim32",61
"GO:0042594","response to starvation","50/2646","246/25615",0.203252032520325,1.96761179629937,5.17582533695678,2.26649695850105e-06,4.42552476030722e-05,2.73137979079352e-05,"Mtor/Prkag2/Slco2b1/Cul3/Ehmt2/Ctsl/Gas2l1/Pck2/Fads1/Rnase4/Fcor/Angptl4/Ulk3/Slc2a1/Foxo3/Tnfrsf11a/Inhbb/Zc3h12a/Hfe/Slc7a5/Map3k5/Eif2ak2/Jun/Higd1a/Atm/Gpr155/Bcl2/Wipi1/Tbc1d5/Plin3/Tsc2/Ulk2/Gas6/Kptn/Ttc5/Pim1/Atf3/Chek2/Mapk3/Asns/Klf10/Dele1/Fos/Comt/Fas/Tfeb/Prkd1/Hmox2/Micu1/Trim32",50
"GO:0050863","regulation of T cell activation","71/2646","394/25615",0.180203045685279,1.74448262102359,5.0545686877791,2.29173720643157e-06,4.46124842852013e-05,2.75342800217964e-05,"Tnfsf14/Ripk3/Ephb4/Pik3r6/Jak2/Smarcb1/Ccl19/Runx3/Ctla2a/Cblb/Ager/Ceacam1/Cd274/Foxo3/Arg2/Cd80/Cd24a/Slc7a1/Cd27/Adora2a/Cd28/Sdc4/Tnfrsf1b/Fadd/Malt1/Zc3h12a/Spn/Hfe/Efnb1/Cd244a/Tnfsf9/Dock8/Peli1/Zc3h12d/Tyk2/Clec2i/Lck/Prnp/Cebpb/Cd47/Glmn/Aif1/Tgfbr2/Cd4/Slc46a2/Cd81/Traf6/Tfrc/Il7r/Prdm1/Vsir/Arg1/Il15/Dusp22/Zc3h8/Bmp4/Cav1/Mapk3/Smarce1/Nlrp3/Smarca2/Ildr2/Sos1/Adam8/Egr3/Igf1/Kat2a/Tnfaip8l2/Il1b/Sox13/Blm",71
"GO:0045787","positive regulation of cell cycle","66/2646","358/25615",0.184357541899441,1.78470084495623,5.07478129096383,2.31115710592628e-06,4.48546019591252e-05,2.7683712090843e-05,"Ccnd1/Piwil2/Npr2/Cul3/Sass6/Id2/Adamts1/Ccpg1/Mdm2/Cdca8/Cd28/Cdc20/Klhl18/Rad51b/Ube2c/Wnk1/Cdc14b/Edn1/Gja1/Trim21/Prdm9/Tgfb2/Mblac1/Ccnb1/Rcc2/Rad18/Rrm2/Dbf4/Kcnn4/Nupr1/Aif1/Ccn2/Sphk1/Fgfr1/Csf1r/Tal1/Rad23a/Rgcc/Pdgfb/Knl1/Poc1b/Cdk1/Bub1/Pim1/Chek2/Asns/Brca2/Cenpe/Cenpv/Rab11fip3/Ccne1/Numa1/Rcc1/Ska1/Nudt16/Plk4/Lmnb1/Fam83d/Igf1/Aurka/Birc5/Nusap1/Il1b/Smpd3/Trim32/Plscr1",66
"GO:0014812","muscle cell migration","33/2646","136/25615",0.242647058823529,2.34898125917033,5.35361035955577,2.32519342798975e-06,4.49082767672863e-05,2.77168395263962e-05,"Pdgfd/Tlr2/Sema6d/Adamts1/Pde4d/Mdm2/P2ry6/S100a11/Mef2c/Ager/Myo5a/Fgf9/Gna12/Src/Bcl2/Egr1/S1pr2/Gna13/Kcnn4/Pdgfa/Aif1/Pparg/Pdgfb/Ace/Cav1/Rapgef4/Ptpn1/Foxo4/P2ry2/Plau/Igf1/Nrp1/Smo",33
"GO:0006672","ceramide metabolic process","29/2646","112/25615",0.258928571428571,2.50659688478566,5.4234172688696,2.32790413504146e-06,4.49082767672863e-05,2.77168395263962e-05,"Gltp/Abca2/Plpp3/Gba2/Gsdmd/Sgms2/Plpp2/St6galnac3/Ugcg/B4galt6/Paqr4/Naglu/St3gal2/Acer2/St8sia4/Cln6/Sphk1/Smpd5/Glb1/Hexb/Hexa/Neu1/Pla2g15/Cln8/Cers4/Ccn1/Smpd1/Smpd3/Asah2",29
"GO:0071456","cellular response to hypoxia","37/2646","161/25615",0.229813664596273,2.22474566085924,5.29106876985609,2.37590653738881e-06,4.55765896073054e-05,2.81293140427583e-05,"Ccnd1/Hif1a/Mtor/Hilpda/Slc29a1/Mdm2/Foxo3/Ogt/Edn1/Ccnb1/Stat3/Jun/Higd1a/Bcl2/Ptgs2/Cysltr1/Egln2/Pparg/Rgcc/Acaa2/Dnmt3a/Sirt4/Lcn2/Ptpn1/Aqp1/Pgk1/Fos/Epha4/Ccna2/Pdk3/Adam8/Trem2/E2f1/Ndrg1/Pin1/Cpeb2/Pdk1",37
"GO:0050764","regulation of phagocytosis","31/2646","124/25615",0.25,2.42016250944822,5.38044291929066,2.37673684907337e-06,4.55765896073054e-05,2.81293140427583e-05,"Prkaca/Tlr2/Bcr/Tgm2/Ager/Syt7/Dock2/Il15ra/Pros1/Appl2/Fpr2/Myo18a/Stat3/Nod2/Mex3b/Cd47/Lbp/Sphk1/Gas6/Rab31/Pparg/Camk1d/Il15/Syt11/Fcgr2b/Ptx3/Trem2/Fcer1g/Gpr18/Plscr1/Cd300lf",31
"GO:0002697","regulation of immune effector process","80/2646","461/25615",0.17353579175705,1.6799392690313,5.00011090221887,2.48617905140063e-06,4.74538850786125e-05,2.92879578622814e-05,"Ncf1/Tlr2/Cxcl1/Stx4a/Clcf1/C6/Ripk3/Pik3r6/Ccl19/Mavs/Bcr/Aplf/D6Wsu163e/Cd40/Ager/H2-T23/Ceacam1/Cd274/Rasgrp4/Slc15a4/Cd80/Shld3/Cd27/Cd28/Tnfrsf1b/Fadd/Ddx60/Malt1/Zc3h12a/Spn/Tgfb2/Hfe/Lyn/Cadm1/Stxbp1/Unc13d/Myo18a/Trpm4/Ighm/Nod2/Itgam/Cd84/Shld1/Adora2b/Pld2/Lbp/Msh2/Bst2/Tnfaip3/Pvr/Nectin4/Cd81/Traf6/Il1r1/Tfrc/Il7r/Dhx58/Tek/Il18rap/Tril/Vsir/Arg1/Pram1/Dusp22/Tgfb3/Mapk3/Nlrp3/Rabgef1/Cx3cr1/Trem2/Cd37/Kmt5c/Fcer1g/Sema7a/Irak3/H2-T24/Il1b/Fer/Mr1/Adora3",80
"GO:0016241","regulation of macroautophagy","36/2646","155/25615",0.232258064516129,2.24840904103577,5.29122382701976,2.48940835484004e-06,4.74538850786125e-05,2.92879578622814e-05,"Tlr2/Hif1a/Mtor/Rab3gap2/Rnf31/Ehmt2/Rubcn/Snx30/Prkn/Pip4k2b/Nod1/Sting1/Atp13a2/Qsox1/Htra2/Tbk1/Nod2/Atm/Hk2/Wipi1/Tbc1d25/Nupr1/Tsc2/Psmd14/Vps13c/Lrsam1/Fez2/Snx18/Chek2/Mapk3/Irgm2/Dele1/Atp6v0a1/Oma1/Kdr/Trim32",36
"GO:0043409","negative regulation of MAPK cascade","41/2646","187/25615",0.219251336898396,2.1224954628316,5.22891852384174,2.51514014464009e-06,4.78025452342246e-05,2.95031466488034e-05,"Dusp19/Tnip1/Per1/Rgs14/Dusp7/Prkn/Pik3r2/Ceacam1/Hmgcr/Rgs2/Dusp6/Fktn/Lyn/Sema6a/Dok1/Spry4/Tsc2/Taok3/Arrb1/Pparg/Rnf149/Aida/Cav1/Atf3/Ptpn1/Uchl1/Epha4/Spry1/Dusp16/Ankrd26/Trem2/Dusp2/Pin1/Smpd1/Irak3/Igf1/Nf1/Mecom/Klf4/Inppl1/Il1b",41
"GO:0022409","positive regulation of cell-cell adhesion","63/2646","338/25615",0.186390532544379,1.80438151591998,5.05266199939046,2.67094771173683e-06,5.06140651923226e-05,3.12383824029535e-05,"Alox5/Tnfsf14/Gcnt1/Ephb4/Pik3r6/Jak2/Plpp3/Cxcl13/Smarcb1/Ccl19/Runx3/Pde4d/Ager/Ceacam1/Cd274/Ccr5/Foxo3/Cd80/Cd24a/Slc7a1/Cd27/Cd28/Emilin2/L1cam/Fadd/St3gal4/Malt1/Spn/Efnb1/Cd244a/Tnfsf9/Dock8/Tyk2/Mex3b/Lck/Kifap3/Cd47/Podxl/Aif1/Tgfbr2/Cd4/Cd81/Traf6/Tfrc/Il7r/Plaur/Pdpn/Adam19/Vsir/Il15/Cav1/Smarce1/Nlrp3/Smarca2/Epha4/Cx3cl1/Adam8/Egr3/Capn1/Igf1/Il1b/Sox13/Blm",63
"GO:0002444","myeloid leukocyte mediated immunity","32/2646","131/25615",0.244274809160305,2.36473894052956,5.31513147697734,2.81874542100637e-06,5.31183420136764e-05,3.27839914484045e-05,"Ncf1/Cxcl1/Stx4a/Myo1f/Traf3ip2/Fcgr4/Mavs/Bcr/Gnai1/D6Wsu163e/Trem1/Anxa3/Lyn/Stxbp1/Unc13d/Ighm/Itgam/Cd84/Ccl3/Stxbp3/Adora2b/Pld2/Arg1/Pram1/Ace/Rabgef1/Fcgr2b/Cx3cr1/Cd300lb/Fcer1g/Stx11/Adora3",32
"GO:0051216","cartilage development","49/2646","241/25615",0.203319502074689,1.96826494544337,5.12590840306094,2.81963801784926e-06,5.31183420136764e-05,3.27839914484045e-05,"Hif1a/Npr2/Agrn/Por/Tgfbi/Runx3/Tapt1/Rarg/Mef2c/Hyal2/Sik3/Rflnb/Pth1r/Idua/Ogn/Hyal3/Adgrg6/Mapk14/Maf/Fgf9/Ext1/Sox9/Edn1/Tgfb2/Fbxw4/Sulf2/Snai1/Chst11/Smad3/Trpv4/Ccn2/Thbs1/Tgfbr2/Fgfr1/Slc39a14/Fosl2/Hspg2/Nfia/Thra/Bmp4/Bmp2/Mapk3/Mustn1/Ccn1/Barx2/Kat2a/Col3a1/Smpd3/Timp1",49
"GO:0030038","contractile actin filament bundle assembly","30/2646","119/25615",0.252100840336134,2.44050000952762,5.34580729852374,2.85448325564915e-06,5.32735918671273e-05,3.28798097604028e-05,"Mtor/Cul3/Arhgap6/Pik3r2/Sdc4/Src/Arhgef15/Arhgef10/Evl/Smad3/Eln/Cd47/Arhgef18/Zyx/Sh3pxd2b/Kank3/Ccn2/Pdlim4/Arrb1/Phactr1/Rgcc/Tgfb3/Fam171a1/Arhgef10l/Ppp1r9a/Limch1/Kank2/Nrp1/Sorbs1/Itgb5",30
"GO:0032760","positive regulation of tumor necrosis factor production","30/2646","119/25615",0.252100840336134,2.44050000952762,5.34580729852374,2.85448325564915e-06,5.32735918671273e-05,3.28798097604028e-05,"Tlr2/Oas1a/Jak2/Ccl19/Mavs/Ager/Ccr5/Nod1/Lilra5/Fadd/Spn/Akap12/Oas1c/Stat3/Nod2/Oas1g/Ccl4/Cd84/Ccl3/Cd14/Lbp/Thbs1/Oas3/Mmp8/Csf1r/Fcgr2b/Ccn1/Fcer1g/Frmd8/Zbtb20",30
"GO:0043149","stress fiber assembly","30/2646","119/25615",0.252100840336134,2.44050000952762,5.34580729852374,2.85448325564915e-06,5.32735918671273e-05,3.28798097604028e-05,"Mtor/Cul3/Arhgap6/Pik3r2/Sdc4/Src/Arhgef15/Arhgef10/Evl/Smad3/Eln/Cd47/Arhgef18/Zyx/Sh3pxd2b/Kank3/Ccn2/Pdlim4/Arrb1/Phactr1/Rgcc/Tgfb3/Fam171a1/Arhgef10l/Ppp1r9a/Limch1/Kank2/Nrp1/Sorbs1/Itgb5",30
"GO:0007254","JNK cascade","43/2646","201/25615",0.213930348258706,2.07098483395569,5.17377354076342,2.86105062175575e-06,5.32735918671273e-05,3.28798097604028e-05,"Ccl19/Dusp19/Per1/Ager/Prkn/Ceacam1/Rassf2/Nod1/Naip5/Cd27/Ccdc88c/Rgs2/Fktn/Tnfrsf11a/Map3k12/Edn1/Map3k5/Nod2/Jun/Smad3/Trpv4/Ccn2/Map3k6/Mink1/Taok3/Mfhas1/Traf6/Mturn/Naip6/Dusp22/Aida/Ptpn1/Map4k4/Fcgr2b/Fgd4/Epha4/Rnf13/Lmnb1/Mecom/Rap2a/Il1b/Cdc42ep5/Gadd45a",43
"GO:0009185","ribonucleoside diphosphate metabolic process","35/2646","150/25615",0.233333333333333,2.25881834215168,5.24806771787389,3.05093440148375e-06,5.66450942055827e-05,3.4960659795288e-05,"Prkaca/Dhodh/Hif1a/Mtor/Prkag2/Ak3/Mpi/Pfkp/Jmjd8/Lipa/Galk1/Pgam1/Eno3/Hk3/Ddit4/Ogt/Src/Stat3/Pkm/Hk2/Nudt5/Rrm2/Nupr1/Guk1/Ppp2ca/Eif6/Cbfa2t3/Entpd5/Uchl1/Pgk1/Pfkfb3/Igf1/Pfkfb4/Adpgk/Zbtb20",35
"GO:0031669","cellular response to nutrient levels","56/2646","290/25615",0.193103448275862,1.86936690384966,5.05347304433401,3.09462984780434e-06,5.72907842717437e-05,3.53591718121331e-05,"Prkaca/Mtor/Prkag2/Slco2b1/Cul3/Ehmt2/Ctsl/Gas2l1/Fads1/Rnase4/Mdm2/Fcor/Angptl4/Slc2a1/Foxo3/Tnfrsf11a/Inhbb/Ogt/Src/Zc3h12a/Slc7a5/Ncoa3/Folr2/Dram1/Tbk1/Map3k5/Eif2ak2/Rxra/Jun/Higd1a/Gpr155/Bcl2/Wipi1/Plin3/Cd68/Tsc2/Gas6/Acvr2a/Kptn/Ttc5/Lcn2/Pim1/Atf3/Mapk3/Asns/Klf10/Fos/Comt/Fas/Tfeb/Kank2/Prkd1/Hmox2/Micu1/Pld1/Trim32",56
"GO:0043549","regulation of kinase activity","70/2646","390/25615",0.179487179487179,1.7375525708859,4.98163926566861,3.1104737312928e-06,5.74186300282327e-05,3.54380766504349e-05,"Card10/Mtor/Ripk3/Snx9/Pik3r6/Ubash3b/Jak2/Tfap4/Rgs14/Dusp7/Ager/Prkn/Ceacam1/Rassf2/Tspyl2/Unc119/Hmgcr/Lilra5/Adora2a/Map3k4/Sdc4/Prkar1b/Lmo4/Sash1/Adar/Wnk1/Src/Zgpat/Lyn/C1qtnf9/Map3k5/Spry4/Ccnb1/Higd1a/Pik3r5/Gab1/Il1rn/Map2k3/Tpx2/Tsc2/Map2k6/Fgfr1/Pdgfc/Taok3/Gprc5a/Gas6/Fabp4/Csf1r/Traf6/Cep85/Pdgfb/Aida/Cav1/Als2/Pim1/Cenpe/Ptpn1/Irgm2/Trib2/Fgd4/Ppp1r9a/Spry1/Dbndd2/Fgd2/Igf1/Nf1/Inppl1/Il1b/Blm/Gadd45a",70
"GO:0071887","leukocyte apoptotic process","34/2646","144/25615",0.236111111111111,2.2857090367011,5.25126001907498,3.17113592309096e-06,5.83707082233132e-05,3.60256876756002e-05,"Hif1a/Ripk3/Traf3ip2/Ccl19/Lipa/Tsc22d3/Axl/Mef2c/Cd274/Ccr5/Selenos/Slc7a11/Arg2/Cd27/Fadd/Tgfb2/Lyn/Dock8/Nod2/Itgam/Dffa/Cd47/Cxcl12/Gas6/Slc46a2/St6gal1/Il7r/Zc3h8/Bmp4/Fas/Adam8/Fcer1g/Siglec1/Blm",34
"GO:0006873","intracellular monoatomic ion homeostasis","82/2646","479/25615",0.171189979123173,1.65723027786851,4.92833038342054,3.22926031489731e-06,5.92707664654295e-05,3.65811926216131e-05,"Prkaca/Tbxas1/Hif1a/Fbxl5/Cacna1a/Slco2b1/Nr3c2/Mt2/Tgm2/Stim2/Rab39/Ccl8/Slc9a9/Cd40/Dmxl2/Pth1r/Slc7a11/Sco1/Atp13a2/Myo5a/Atox1/Tmc6/Mt1/Edn1/Asph/Hfe/Clstn1/Neo1/Steap3/Steap4/Cav2/Cyb561a3/Slc11a2/Stk39/Bcl2/Tmem94/Cln6/Tmc8/Iscu/Herpud1/Ccl3/Trf/Tmem175/Prnp/Fth1/Bok/Rab20/Trpv4/Ckb/Slc39a14/Tfrc/Slc40a1/Ncoa4/Bmp2/Slc25a27/Cav1/Lcn2/Pml/Mapk3/Slc4a8/Cacna1d/Slc25a23/Atp13a3/Hexb/Rap1gds1/Slc8a1/Maip1/Atp6v0a1/Atp1a3/Slc12a2/Slc31a2/Atp1b3/Hmox2/P2ry2/Slc39a8/Micu1/Atp6v0c/Slc9a8/Cisd1/Itpr1/Psen2/Acvr2b",82
"GO:0001952","regulation of cell-matrix adhesion","33/2646","138/25615",0.239130434782609,2.31493805251569,5.25694304449055,3.27438315742488e-06,5.99277418897362e-05,3.69866698235698e-05,"Plekha2/Utrn/Wdpcp/Plpp3/Hpse/Arhgap6/Jup/Adam15/Trem1/Sdc4/Ptpra/Rras/Src/Rcc2/Acer2/Bcl2/Mmp14/Smad3/Thbs1/Mink1/Tek/Dusp22/Ankrd28/Enpp2/Map4k4/Limch1/Plau/Nrp1/Nf1/Rin2/Acvrl1/Kdr/Cdk6",33
"GO:0032964","collagen biosynthetic process","22/2646","74/25615",0.297297297297297,2.87803109231681,5.49113685925374,3.30967080438485e-06,6.04014921800234e-05,3.72790627122909e-05,"Rcn3/Acvr1b/Ager/Ciita/Suco/Cbx8/Cygb/Mrtfa/Prdx5/Eng/Adora2b/Got1/Ccn2/Plod3/Fosl2/Pparg/Rgcc/Pdgfb/Arg1/Tgfb3/Bmp4/Plod2",22
"GO:1902903","regulation of supramolecular fiber organization","71/2646","398/25615",0.178391959798995,1.72695013237009,4.96091773578265,3.32058020912645e-06,6.04289157604201e-05,3.72959882109252e-05,"Tlr2/Mtor/Eps8/Snx9/Gda/Gas2l1/Gba2/Arpin/Vasp/Mef2c/Rnh1/Cdc42ep3/Prkn/Arhgap6/Pik3r2/Mtss1/Fkbp4/Add1/Ccdc88c/Ppp2cb/Sdc4/Togaram1/Cdc42ep1/Nav3/Edn1/Gja1/Arhgef15/Mrtfa/Dbnl/Clec2i/Arhgef10/Evl/Myadm/Smad3/Eln/Cd47/Tpx2/Arhgef18/Trpv4/Sh3pxd2b/Kank3/Ccn2/Pdlim4/Bin1/Arhgap18/Hspg2/Rgcc/Add3/Tgfb3/Cav1/Ccl24/Arhgef10l/Ppp1r9a/Stmn2/Numa1/Ska1/Mid1/Cx3cl1/Limch1/Kank2/Dbn1/Trem2/Prkd1/Tmod1/Capn1/Nrp1/Inppl1/Cdc42ep5/Fer/Cdc42ep2/Ckap2l",71
"GO:0006665","sphingolipid metabolic process","36/2646","157/25615",0.229299363057325,2.21976688764678,5.20327888007843,3.41401182972633e-06,6.17791887159491e-05,3.81293601752775e-05,"Gltp/Vapa/Abca2/Plpp3/Gba2/Gsdmd/Sgms2/Abca8a/Plpp2/St6galnac3/Ugcg/B4galt6/Paqr4/Naglu/St3gal2/Acer2/St8sia4/Hacd4/Cln6/Sphk1/Smpd5/Glb1/A4galt/Enpp2/B3gnt5/Hexb/Hexa/Neu1/Sgpp1/Pla2g15/Cln8/Cers4/Ccn1/Smpd1/Smpd3/Asah2",36
"GO:0043467","regulation of generation of precursor metabolites and energy","36/2646","157/25615",0.229299363057325,2.21976688764678,5.20327888007843,3.41401182972633e-06,6.17791887159491e-05,3.81293601752775e-05,"Prkaca/Hif1a/Mtor/Slc25a33/Prkag2/Oas1a/Chchd4/Jmjd8/Cavin3/Stard7/Ddit4/Ogt/Src/Phkb/Cxxc5/Oas1c/Ccnb1/Abcd1/Stat3/Oas1g/Pde2a/Iscu/Nupr1/Trpv4/Ppp2ca/Ide/Eif6/Cbfa2t3/Cdk1/Uchl1/Slc25a23/Tefm/Igf1/Sorbs1/Cisd1/Zbtb20",36
"GO:0003007","heart morphogenesis","58/2646","305/25615",0.19016393442623,1.84091049899012,5.01436796831289,3.43678338101291e-06,6.20165630326599e-05,3.82758647022282e-05,"Chd7/Hif1a/Mtor/Ephb4/Sox17/Id2/Adamts1/Ly6e/Mdm2/Olfm1/Mef2c/Epor/Ift57/Aplnr/Adam15/Ptch1/Dchs1/Asxl2/Kif3a/Adgrg6/Fgf9/Ext1/Nedd4/Dhrs3/Sox9/Edn1/Gja1/Tgfb2/Naglu/Asb2/Rxra/Jun/Snai1/Hey1/Smad3/Eln/Eng/Gaa/Thbs1/Tgfbr2/Lefty1/Smad6/Tek/Bmp4/Bmp2/Pim1/Alpk2/Slc8a1/Spry1/Tmed2/Sos1/Ift172/Ccn1/Nrp1/Smo/Acvrl1/Ccm2l/Nfatc1",58
"GO:0010001","glial cell differentiation","57/2646","298/25615",0.191275167785235,1.85166796024898,5.01920459879749,3.44898176004457e-06,6.20623496541353e-05,3.83041236453728e-05,"Tlr2/Clcf1/Mtor/Gpr157/Nr1d1/Eif2b2/Cspg5/Abca2/Plpp3/Id2/Mbd1/Adam22/Ager/S100a8/Ski/Adora2a/Ptpra/Adgrg6/Tnfrsf1b/B4galt6/Fpr2/Sox9/Lyn/Naglu/Stat3/Ttc21b/Itgam/Aspa/Arhgef10/Nfix/Egr2/Bok/Bin1/Csf1r/Tal1/Mxra8/Pparg/Pdgfb/Nfia/Bmp4/Bmp2/Tppp/Enpp2/Mapk3/Tspan2/Cnp/Epha4/Serpine2/Pfkfb3/Sos1/Trem2/Ndrg1/Igf1/Nf1/Smo/Il1b/Sox13",57
"GO:0006085","acetyl-CoA biosynthetic process","12/2646","26/25615",0.461538461538462,4.46799232513518,6.00483008801838,3.46885751550936e-06,6.22456443565143e-05,3.84172508953496e-05,"Dip2a/Acss1/Pdp1/Tpk1/Bckdk/Mpc1/Dld/Sirt4/Pgk1/Pdk3/Acss2/Pdk1",12
"GO:0051338","regulation of transferase activity","75/2646","428/25615",0.175233644859813,1.69637559073474,4.93105426597841,3.51472672463897e-06,6.28930486882473e-05,3.8816820935953e-05,"Card10/Mtor/Ripk3/Snx9/Pik3r6/Ubash3b/Jak2/Jmjd8/Tfap4/Rgs14/Dusp7/Ager/Prkn/Ceacam1/Rassf2/Tspyl2/Unc119/Hmgcr/Lilra5/Adora2a/Map3k4/Sdc4/Cdc20/Prkar1b/Lmo4/Sash1/Adar/Wnk1/Src/Zgpat/Cdc14b/Lyn/C1qtnf9/Map3k5/Spry4/Ccnb1/Higd1a/Pik3r5/Gab1/Il1rn/Map2k3/Tpx2/Tsc2/Map2k6/Fgfr1/Dtx3l/Pdgfc/Taok3/Gprc5a/Gas6/Fabp4/Csf1r/Traf6/Arrdc4/Cep85/Pdgfb/Aida/Cav1/Als2/Pim1/Cenpe/Ptpn1/Irgm2/Trib2/Fgd4/Ppp1r9a/Spry1/Dbndd2/Fgd2/Igf1/Nf1/Inppl1/Il1b/Blm/Gadd45a",75
"GO:0046328","regulation of JNK cascade","38/2646","170/25615",0.223529411764706,2.16391000844782,5.16779425056031,3.55022185089676e-06,6.335173658378e-05,3.90999174987328e-05,"Ccl19/Dusp19/Per1/Ager/Prkn/Ceacam1/Rassf2/Nod1/Naip5/Cd27/Ccdc88c/Rgs2/Fktn/Tnfrsf11a/Edn1/Map3k5/Nod2/Trpv4/Ccn2/Mink1/Taok3/Mfhas1/Traf6/Mturn/Naip6/Dusp22/Aida/Ptpn1/Map4k4/Fcgr2b/Fgd4/Epha4/Rnf13/Lmnb1/Mecom/Rap2a/Il1b/Gadd45a",38
"GO:0050873","brown fat cell differentiation","21/2646","69/25615",0.304347826086957,2.94628479411088,5.49454911334565,3.63141319706042e-06,6.43851831262229e-05,3.973774807336e-05,"Mtor/Selenbp1/Sh2b2/Adrb1/Rgs2/Mapk14/Pex11a/Napepld/Ptgs2/Mrap/Cebpb/Trpv4/Scd1/Nudt7/Fabp4/Pparg/Pim1/Lrg1/Pin1/Mecom/Sox13",21
"GO:0050803","regulation of synapse structure or activity","74/2646","421/25615",0.175771971496437,1.70158694250991,4.92647815828805,3.6316618920827e-06,6.43851831262229e-05,3.973774807336e-05,"Tlr2/Dnm3/Agrn/Sema4d/Camk1/Arhgap4/Rac3/Dip2a/Ptpro/Mef2c/Dock10/Sipa1l1/Slc7a11/Etv5/Neurl1a/Cdc20/Mapk14/Nectin1/Eef2k/Caprin2/Nedd4/Ogt/L1cam/Arhgap12/Clstn1/Igsf9/Arhgef15/Mrtfa/Cdkl5/Dbnl/Sema4a/S1pr2/Gna13/Smad3/Prnp/Cd47/Podxl/Sigmar1/Tsc2/Lin7c/Sema3f/Abhd17a/Fgfr1/Mink1/Arhgap22/Snx27/Abhd17b/Dlgap4/Srgap2/Phactr1/Itsn1/Nrg2/Tanc2/Agap1/Rapgef4/Ptpn1/Amigo1/Fcgr2b/Mycbp2/Epha4/Ppp1r9a/Sema4c/Palm/Dbn1/Trem2/Sema7a/Nf1/Trim47/Rap2a/Plxnc1/Myh10/Zmynd8/Psen2/Rps6ka5",74
"GO:0019216","regulation of lipid metabolic process","71/2646","399/25615",0.177944862155388,1.72262193654961,4.93767009708774,3.63820384103657e-06,6.43851831262229e-05,3.973774807336e-05,"Gltp/Prkaca/Fmo1/Mtor/Daglb/Prkag2/Nr1d1/Idh1/Abca2/Por/Id2/Gnai1/Acacb/Angptl4/Capn2/Ceacam1/Appl2/Hrh1/Rnf213/Sox9/Edn1/Apobec1/Paqr4/H6pd/Ttc39b/Cpt1a/Abcd1/Abcg1/Pde8b/Fmo5/Pdp1/Snai1/Ptgs2/Egr1/Adora2b/Pdgfa/Tpk1/Sphk1/Dhcr7/Bckdk/Eif6/Pparg/Hpgd/Pdgfb/Thra/Sirt4/Slc27a1/Bmp2/Cav1/Sik1/Lpin1/Abhd6/Abcd2/Pnpla2/Pgk1/Acsl4/Dgat2/Crtc3/Pdk3/Thrsp/Endou/Ankrd26/Trem2/Ccn1/Igf1/Pdk1/Sorbs1/Il1b/Smpd3/Nme1/Zbtb20",71
"GO:0009214","cyclic nucleotide catabolic process","9/2646","15/25615",0.6,5.80839002267574,6.32248653124745,3.69984556137166e-06,6.529617551168e-05,4.03000014389997e-05,"Pde4d/Pde8b/Pde2a/Pde4a/Pde4b/Pde4c/Cnp/Pde7a/Pde7b",9
"GO:0045732","positive regulation of protein catabolic process","46/2646","223/25615",0.20627802690583,1.99690538896176,5.07481832158171,3.73552899302998e-06,6.57453102773277e-05,4.05772019267782e-05,"Mtor/Fbxl5/Snx9/Abca2/Sox17/Det1/Snf8/Mdm2/Ctsc/Cblb/Prkn/Tnfsf12/Neurl3/Cdc20/Rilp/Tnfrsf1b/Nedd4/Rnf180/Sox9/Gja1/Fbxo11/Csnk1d/Sh3d19/Herpud1/Egln2/Trf/Adam9/Nupr1/Tnfaip3/Trim30a/Cd81/Rad23a/Cbfa2t3/Cdk1/Cav1/Sgsm3/Trib2/Tiparp/Adam8/Trem2/Zfand2a/Aurka/Il1b/Psen2/Trim32/Amer1",46
"GO:0051495","positive regulation of cytoskeleton organization","43/2646","203/25615",0.211822660098522,2.05058104248815,5.10059374593826,3.74664539763327e-06,6.57607924437052e-05,4.05867573306346e-05,"Mtor/Snx9/Gda/Sass6/Vasp/Cdc42ep3/Mtss1/Sdc4/Togaram1/Cdc42ep1/Nav3/Edn1/Arhgef15/Mrtfa/Arhgef10/Evl/Smad3/Cd47/Trpv4/Sh3pxd2b/Ccn2/Pdlim4/Bin1/Katnbl1/Rgcc/Poc1b/Add3/Tgfb3/Cav1/Ccl24/Arhgef10l/Stmn2/Numa1/Ska1/Cx3cl1/Plk4/Limch1/Prkd1/Nrp1/Nes/Cdc42ep5/Fer/Cdc42ep2",43
"GO:0140014","mitotic nuclear division","55/2646","285/25615",0.192982456140351,1.86819562132845,5.00247589864604,3.84798776933502e-06,6.73555134338097e-05,4.15709996341447e-05,"Eps8/Cul3/Kif2c/Kif15/Spice1/Bub1b/Cdca8/Ccdc86/Cd28/Kif11/Cdc20/Ube2c/Cdc14b/Edn1/Cav2/Ccnb1/Zwint/Atm/Pinx1/Arhgef10/Nfix/Tpx2/Mki67/Rrs1/Sphk1/Nek2/Cdkn1c/Wrap73/Rgcc/Cep85/Pdgfb/Nfia/Knl1/Cenpa/Cdk1/Bub1/Bmp4/Chek2/Cenpe/Cdt1/Numa1/Rcc1/Ska1/Ankle2/Espl1/Igf1/Kif22/Aurka/Birc5/Nusap1/Il1b/Smpd3/Kif4/Ccdc61/Ckap2l",55
"GO:0001776","leukocyte homeostasis","32/2646","133/25615",0.240601503759398,2.32917895646145,5.21621039599582,3.98603409615907e-06,6.95822908525159e-05,4.29453394400363e-05,"Tnfrsf17/Ccnb2/Hif1a/Ripk3/Traf3ip2/Tsc22d3/Sh2b2/Axl/Gpr183/Mef2c/Dock10/Slc7a11/Slc15a4/Fadd/Tgfb2/Lyn/Itgam/Bcl2/Cd47/Tnfaip3/Ppp2ca/Pacs1/Slc46a2/Csf1r/Slc40a1/Gapt/Pde4b/Zc3h8/Fas/Sos1/Fcer1g/Mecom",32
"GO:0006066","alcohol metabolic process","70/2646","393/25615",0.178117048346056,1.72428881080281,4.9111236552033,4.10073282576212e-06,7.13905356983628e-05,4.40613660575012e-05,"Prkaca/Sord/Ephx1/Gpd2/Idh1/Pts/Abca2/Plpp3/Pck2/Lipa/Gnai1/Gba2/Galk1/Cyp27a1/Coq3/P2ry6/Acss1/Plpp2/Pctp/Pth1r/Pcbd2/Hmgcr/Dhrs3/Spr/Aldh3b1/H6pd/Gde1/Ttc39b/Napepld/Abcg1/Acer2/Fmo5/Dhdds/Ppip5k2/Cln6/Pecr/Adh1/Idh2/Got1/Tpk1/Sphk1/Dhcr7/Fgfr1/Arrb1/Myof/Aldh2/Mvd/Hsd17b7/Pmvk/Soat2/Bmp2/Retsat/Acat2/Pnpla2/Cnpy4/Dgat2/Sgpp1/Acss2/Qdpr/Akr1b10/Cln8/Gch1/Itpkc/Smpd1/Cat/Inppl1/Plcg1/Ipmk/Akr1b8/Asah2",70
"GO:0010595","positive regulation of endothelial cell migration","29/2646","115/25615",0.252173913043478,2.44120740083473,5.25736212685178,4.12448815681039e-06,7.16100322144592e-05,4.41968366244253e-05,"Hif1a/Plpp3/Hdac7/Rhoj/Cd40/Sash1/Anxa3/Rras/Nus1/Zc3h12a/Jcad/Ptgs2/Gab1/Map2k3/Adora2b/Thbs1/Fgfr1/Pdcd6/Pdgfb/Tek/Akt3/Bmp4/Lcn2/Prkd1/Igf1/Nrp1/Plcg1/Rin2/Kdr",29
"GO:1904415","regulation of xenophagy","8/2646","12/25615",0.666666666666667,6.45376669186193,6.4136363020673,4.33242252066835e-06,7.48158125612191e-05,4.61754050715839e-05,"Tlr2/Rnf31/Nod1/Tbk1/Nod2/Lrsam1/Mapk3/Irgm2",8
"GO:1904417","positive regulation of xenophagy","8/2646","12/25615",0.666666666666667,6.45376669186193,6.4136363020673,4.33242252066835e-06,7.48158125612191e-05,4.61754050715839e-05,"Tlr2/Rnf31/Nod1/Tbk1/Nod2/Lrsam1/Mapk3/Irgm2",8
"GO:0050921","positive regulation of chemotaxis","36/2646","159/25615",0.226415094339623,2.19184529157575,5.11665276068637,4.64720624607692e-06,8.00366030155446e-05,4.93976131285382e-05,"Pdgfd/Tnfsf14/Stx4a/Cxcl13/Vegfb/Ccl19/Ager/Trem1/Wnk1/Fpr2/Edn1/Stk39/Ccl3/Smad3/Aif1/Lbp/Trpv4/Thbs1/Fgfr1/Cxcl12/Gas6/Csf1r/C3ar1/P2ry12/Pdgfb/Camk1d/Mapk3/Cxcl10/Cx3cl1/Cx3cr1/Trem2/Prkd1/Nrp1/Il1b/Kdr/Il16",36
"GO:0003170","heart valve development","21/2646","70/25615",0.3,2.90419501133787,5.41464599631048,4.68578897898093e-06,8.0485316580143e-05,4.96745536561772e-05,"Mtor/Mdm2/Olfm1/Mef2c/Aplnr/Dchs1/Tnfrsf1b/Sox9/Tgfb2/Naglu/Pde2a/Hey1/Eln/Tgfbr2/Prdm1/Smad6/Bmp4/Bmp2/Ccn1/Zbtb14/Nfatc1",21
"GO:0032869","cellular response to insulin stimulus","51/2646","259/25615",0.196911196911197,1.90622838582022,4.97519091329654,4.70180237275539e-06,8.0545009180215e-05,4.97113951993449e-05,"Mtor/Slc25a33/Cul3/Rab13/Pck2/Bcar3/Sh2b2/Snx5/Blvrb/Pik3r2/Ceacam1/Socs3/Pip4k2b/Sco1/Ptpra/Myo5a/Eef2k/Inhbb/Slc27a4/Ogt/Appl2/Src/Parp1/C1qtnf9/Rab10/Cav2/Pkm/Slc2a8/Got1/Tsc2/Ide/Slc39a14/Rab31/Pparg/Akt3/Slc27a1/Lpin1/Mapk3/Ptpn1/Alas1/Foxo4/Lpin3/Ankrd26/Sos1/Cpeb2/Igf1/Sorbs1/Atp6v0c/Inppl1/Il1b/Fer",51
"GO:0070665","positive regulation of leukocyte proliferation","38/2646","172/25615",0.22093023255814,2.13874826416355,5.08592991353822,4.76271827846813e-06,8.12788408971997e-05,5.01643071657613e-05,"Clcf1/Jak2/Cd38/Ccl19/Csf2rb2/Gpr183/Mef2c/Cd40/Ager/Cd274/Cd80/Cd24a/Slc7a1/Cd28/Fadd/Spn/Lyn/Efnb1/Cd244a/Tnfsf9/Peli1/Ighm/Tyk2/Bcl2/Csf2rb/Aif1/Tgfbr2/Cd4/St6gal1/Cd81/Csf1r/Traf6/Tfrc/Il15/Mapk3/Igf1/Il1b/Blm",38
"GO:0032535","regulation of cellular component size","71/2646","402/25615",0.176616915422886,1.70976654896342,4.86831723661765,4.76994442998821e-06,8.12788408971997e-05,5.01643071657613e-05,"Tlr2/Mtor/Eps8/Eif2b2/Sema6d/Snx9/Sema4d/Arhgap4/Plxna4/Gba2/Vasp/Olfm1/Cdc42ep3/Slc12a6/Pik3r2/Ccr5/Add1/Jup/Atp13a2/Cdc42ep1/Ogt/L1cam/Wnk1/Src/Edn1/Lrrc8a/C1qtnf9/Pex11a/Stk39/Mrtfa/Cdkl5/Dbnl/Clec2i/Mgll/Mitf/Ist1/Evl/Myadm/Eln/Kcnn4/Kank3/Tsc2/Ulk2/Sema3f/Rin3/Bin1/Arhgap18/Cxcl12/Ccdc51/Il7r/Akt3/Add3/Rnd2/Als2/Ccl24/Aqp1/Ppp1r9a/Slc12a2/Kank2/Dbn1/Cln8/Prkd1/Tmod1/Capn1/Sema7a/Nrp1/Dnm1/Plcg1/Cdc42ep5/Fer/Cdc42ep2",71
"GO:0097305","response to alcohol","63/2646","344/25615",0.183139534883721,1.77290974529347,4.89845778026144,4.85149523621206e-06,8.24306046878188e-05,5.08751616998225e-05,"Tbxas1/Ccnd1/Eps8/Nr3c2/Htr7/Ccl19/Fosb/Lipa/Gnai1/Mdm2/P2ry6/Gabbr1/Ptger2/Prkn/Ccr5/Foxo3/Jup/Adam15/Ptch1/Sod2/Rgs2/Tnfrsf11a/Inhbb/Apobec1/Arsa/H6pd/Stk39/Cldn5/Cpt1a/Stat3/Itpr2/Jun/Gpr155/Bcl2/Gramd1a/Ccl3/Adh1/Smad3/Cd14/Pld2/Sigmar1/Tgfbr2/Psmd14/Birc2/Glb1/Aldh2/Hpgd/Btg2/Dnmt3a/Pmvk/Cdk1/Nlrp3/Fos/Ifitm5/Alas1/Comt/Prkd1/Cat/Igf1/Smo/Elk1/Blm/Adcy7",63
"GO:0050767","regulation of neurogenesis","80/2646","469/25615",0.170575692963753,1.6512835885361,4.8315299839844,4.86320036996938e-06,8.24306046878188e-05,5.08751616998225e-05,"Chd7/Tlr2/Clcf1/Hif1a/Mtor/Nr1d1/Eif2b2/Sema6d/Sema4d/Id2/Arhgap4/Tgm2/Mbd1/Rgs14/Tbc1d24/Ccr5/Ski/Jup/Tiam2/Etv5/Neurl1a/Wls/Ptpra/Fgf9/Eef2k/Tnfrsf1b/Caprin2/L1cam/Hltf/Appl2/Tle6/Bhlhe41/Lyn/Slc7a5/Cdkl5/Dbnl/Aspa/Hap1/Hey1/Cysltr1/Ist1/Egr2/Idh2/Tsc2/Xrcc6/Ulk2/Sema3f/Bin1/Cxcl12/Csf1r/Pparg/Rnd2/Ace/Bmp4/Bmp2/Gorasp1/Enpp2/Serpinf1/Per2/Amigo1/Mbp/Epha4/Serpine2/Fas/Cx3cl1/Ankrd27/Cx3cr1/Dbn1/Trem2/E2f1/Sema7a/Igf1/Nrp1/Nf1/Smo/Plxnc1/Il1b/Kdr/Plxnb2/Trim32",80
"GO:1990868","response to chemokine","28/2646","110/25615",0.254545454545455,2.46416546416546,5.2231971190746,4.94026950301226e-06,8.32973524602382e-05,5.1410107831078e-05,"Ccl12/Hif1a/Ccrl2/Ackr3/Jak2/Cxcl13/Ccl19/Gnai1/Ccl8/Gpr35/Ccr5/Wnk1/Edn1/Zc3h12a/Lyn/Dock8/Stk39/Ccl4/Ccl3/Padi2/Cxcl12/Cxcl10/Ccl24/Slc12a2/Cx3cl1/Cx3cr1/Trem2/Ccl6",28
"GO:1990869","cellular response to chemokine","28/2646","110/25615",0.254545454545455,2.46416546416546,5.2231971190746,4.94026950301226e-06,8.32973524602382e-05,5.1410107831078e-05,"Ccl12/Hif1a/Ccrl2/Ackr3/Jak2/Cxcl13/Ccl19/Gnai1/Ccl8/Gpr35/Ccr5/Wnk1/Edn1/Zc3h12a/Lyn/Dock8/Stk39/Ccl4/Ccl3/Padi2/Cxcl12/Cxcl10/Ccl24/Slc12a2/Cx3cl1/Cx3cr1/Trem2/Ccl6",28
"GO:0006516","glycoprotein catabolic process","15/2646","40/25615",0.375,3.63024376417234,5.65042029012412,5.08500501316105e-06,8.5321464621253e-05,5.26593651170121e-05,"Ctsl/Sgsh/Hpse/Cela1/Arsb/Idua/Hgsnat/Naglu/Man2b1/Sulf2/Glb1/Manba/Ids/Hexb/Hexa",15
"GO:0050851","antigen receptor-mediated signaling pathway","44/2646","212/25615",0.207547169811321,2.00919151727777,5.00796859115657,5.08688059619239e-06,8.5321464621253e-05,5.26593651170121e-05,"Cd79b/Rnf31/Eif2b2/Cd38/Lpxn/Lipa/Btnl9/Pde4d/Sh2b2/Mef2c/Cblb/Blnk/Ceacam1/Cd274/Cd80/Cd28/Wnk1/Cd72/Malt1/Zc3h12a/Lyn/Ighm/Clec2i/Bcl2/Lck/Prnp/Kcnn4/Cd53/Bcl2a1d/Plekha1/Cd4/Cd81/Fosl2/Traf6/Cmtm3/Pram1/Dusp22/Pde4b/Sos1/Fcer1g/Plcg1/Psen2/Tec/Rab29",44
"GO:0030198","extracellular matrix organization","63/2646","345/25615",0.182608695652174,1.76777087646653,4.8730530510243,5.34672606061775e-06,8.94462713890844e-05,5.5205145438395e-05,"Matn4/Ramp2/Pomt2/Mpv17/Tgfbi/Adamts1/Tgm2/Adamtsl4/Exoc8/Adamts10/Mmp9/Idua/Qsox1/Fktn/Ext1/Tnfrsf1b/Colgalt1/Col13a1/Sox9/Tgfb2/Adamtsl5/Mmp19/Cav2/Timp3/Tcf15/Stat3/Bcl3/Sulf2/Mmp14/Wt1/Smad3/Eln/Crtap/Eng/Sh3pxd2b/Ccn2/Mmp15/Mmp8/Cflar/Gas6/Plod3/Aplp1/Kazald1/Plaur/Hspg2/Pparg/Rgcc/Pdpn/Adamts9/Bmp2/Cav1/Ecm2/Ptx3/Tmem38b/Ccn1/Slc39a8/Plau/Apbb1/Col8a1/Nf1/Col3a1/Smpd3/Plod2",63
"GO:0034504","protein localization to nucleus","66/2646","367/25615",0.17983651226158,1.74093433922161,4.85245864707336,5.49178123680503e-06,9.14257937785355e-05,5.64268824623213e-05,"Akap1/Card10/Mtor/Nr4a1/Traf3ip2/Syne2/Jak2/Mavs/Glis2/Mdm2/Sp100/Hyal2/Pik3r2/Jup/Atp13a2/Mapk14/Fgf9/Adar/Ogt/Appl2/Tor1a/Src/Sox9/Hikeshi/Edn1/Zc3h12a/Parp1/Tgfb2/Tbk1/Cav2/Cdkl5/Stat3/Tyk2/Bcl3/Arl2bp/Pinx1/Ptgs2/Syne1/Chp2/Sigmar1/Tsc2/Ufm1/Rrs1/Dtx3l/Csprs/Cry2/Nup93/Mfhas1/Tfrc/Tek/Kpna1/Cdk1/Bmp4/Pml/Fam53a/Irgm2/Kpna2/Heatr1/Rap1gds1/Prkd1/Lmnb1/Pin1/Nup50/Nf1/Smo/Nup54",66
"GO:0006869","lipid transport","81/2646","478/25615",0.169456066945607,1.64044488088122,4.79735175210898,5.49351749665547e-06,9.14257937785355e-05,5.64268824623213e-05,"Gltp/Vapa/Lipg/Slco2b1/Abca2/Lipa/Abca9/Stard7/Slc2a1/Syt7/Ceacam1/Abca8a/Abcd4/Pctp/Rbp7/Nme4/Gdf9/Ptch1/Card6/Rilp/Tnfrsf11a/Surf4/Slc27a4/Nus1/Ptges/Edn1/Lyn/Ttc39b/Serinc5/Abcd1/Abcg1/Eepd1/Ptgs2/Gramd1a/Kcnn4/Pla2g12a/Lbp/Sigmar1/Thbs1/Crot/Map2k6/C1qtnf1/Stard10/Cry2/Abcb1a/Fabp4/Lrp10/Vps13c/Pparg/Atg9a/Prelid3b/Selenom/Furin/Ace/Slc27a1/Soat2/Atp11a/Cav1/Abcb4/Plscr3/Mapk3/Pltp/Stard3/Abcd2/Acsl4/Sgpp1/Comt/Apold1/Cry1/Trem2/Slc10a6/P2ry2/Plscr4/Smpd1/Prelid2/Stx12/Abcc3/Abcc4/Il1b/Gulp1/Plscr1",81
"GO:0006887","exocytosis","72/2646","411/25615",0.175182481751825,1.69588029859146,4.82706664831258,5.5152029501874e-06,9.15495187390281e-05,5.65032439957009e-05,"Prkaca/Scamp5/Stx4a/Myo1f/Unc13b/Cacna1a/Rab13/Fcgr4/Cspg5/Rab2b/Bcr/Snf8/Gnai1/D6Wsu163e/Exoc8/Vamp1/Ccl8/Syt7/Prkn/Ceacam1/Rab3d/Hyal3/Atp13a2/Sdc4/Scamp1/Myo5a/Anxa3/Sdc1/Snap47/Septin4/Lyn/Stxbp1/Steap3/Rab10/Unc13d/Ighm/Rab3a/Tnfaip2/Itgam/Hap1/Tspan18/Cd84/Ccl3/Stxbp3/Adora2b/Pld2/Lin7c/Epb41l1/Ctbp2/Rab31/Itsn1/Glrx/Pram1/Syt11/Exoc6/Rapgef4/Slc4a8/Stx2/Cacna1d/Rabgef1/Rab11fip1/Camk2a/Apold1/P2ry2/Rab11fip5/Fcer1g/Rab8b/Syp/Stx11/Myh10/Smpd3/Adora3",72
"GO:0048708","astrocyte differentiation","26/2646","99/25615",0.262626262626263,2.54239293921834,5.21877901805103,5.75105213811539e-06,9.52184508640548e-05,5.87676640595026e-05,"Clcf1/Nr1d1/Plpp3/Id2/Mbd1/Ager/S100a8/Adora2a/Fpr2/Sox9/Naglu/Stat3/Ttc21b/Nfix/Bin1/Csf1r/Tal1/Bmp2/Mapk3/Tspan2/Epha4/Serpine2/Trem2/Nf1/Smo/Il1b",26
"GO:0002526","acute inflammatory response","30/2646","123/25615",0.24390243902439,2.36113415555924,5.13587105562687,5.87916034317258e-06,9.67500751926146e-05,5.97129638747104e-05,"Saa2/Fcgr4/Lipa/Hpse/Serpina3n/Hp/Ccr5/Selenos/Tnfrsf11a/Ext1/Ptges/Spn/Ass1/Stat3/Ptgs2/Il1rn/Nupr1/Lbp/Sigirr/Tfrc/Pparg/Saa3/Lcn2/Nlrp3/Fcgr2b/Adam8/Fcer1g/Il1b/Plscr1/Casp6",30
"GO:1990266","neutrophil migration","30/2646","123/25615",0.24390243902439,2.36113415555924,5.13587105562687,5.87916034317258e-06,9.67500751926146e-05,5.97129638747104e-05,"Cxcl1/Cxcl13/Ccl19/Rac3/Pde4d/Tnfaip6/Gpr35/S100a8/Trem1/Jaml/C5ar2/Cxcl2/Edn1/Tgfb2/Nod2/Itgam/Ccl3/Itga9/Mpp1/Lbp/Il1r1/C3ar1/Cd99l2/Camk1d/Pde4b/Cxcl10/Cx3cl1/Adam8/Fcer1g/Il1b",30
"GO:0045229","external encapsulating structure organization","63/2646","346/25615",0.182080924855491,1.76266171208368,4.84773135159811,5.88874212333628e-06,9.67500751926146e-05,5.97129638747104e-05,"Matn4/Ramp2/Pomt2/Mpv17/Tgfbi/Adamts1/Tgm2/Adamtsl4/Exoc8/Adamts10/Mmp9/Idua/Qsox1/Fktn/Ext1/Tnfrsf1b/Colgalt1/Col13a1/Sox9/Tgfb2/Adamtsl5/Mmp19/Cav2/Timp3/Tcf15/Stat3/Bcl3/Sulf2/Mmp14/Wt1/Smad3/Eln/Crtap/Eng/Sh3pxd2b/Ccn2/Mmp15/Mmp8/Cflar/Gas6/Plod3/Aplp1/Kazald1/Plaur/Hspg2/Pparg/Rgcc/Pdpn/Adamts9/Bmp2/Cav1/Ecm2/Ptx3/Tmem38b/Ccn1/Slc39a8/Plau/Apbb1/Col8a1/Nf1/Col3a1/Smpd3/Plod2",63
"GO:0031589","cell-substrate adhesion","69/2646","390/25615",0.176923076923077,1.71273039130182,4.81398322411075,6.06721627534908e-06,9.9428054471537e-05,6.13657799538831e-05,"Plekha2/Cspg5/Utrn/Wdpcp/Jak2/Plpp3/Lpxn/Bcr/Rac3/Hpse/Axl/Arhgap6/Jup/Adam15/Trem1/Sdc4/Ptpra/L1cam/Rras/Col13a1/Src/Unc13d/Spry4/Rcc2/Acer2/Itgam/Bcl2/Mmp14/Actn1/Myadm/Smad3/Itga9/Adam9/Zyx/Ccn2/Thbs1/Mink1/Gas6/St6gal1/Srgap2/Plaur/Pdpn/Pdgfb/Smad6/Tek/Dusp22/Ankrd28/Enpp2/Thsd1/Ptpn1/Ecm2/Map4k4/Limch1/Dbn1/Adam8/Ccn1/Plau/Col8a1/Nrp1/Nf1/Sorbs1/Itgb5/Rin2/Acvrl1/Col3a1/Kdr/Cdk6/Fer/Bcam",69
"GO:0031099","regeneration","47/2646","234/25615",0.200854700854701,1.94440406741994,4.92576843798048,6.28067176483659e-06,0.000102664212257787,6.33630969854046e-05,"Ccnd1/Fkbp1b/Cspg5/Jak2/Adam15/Ptch1/Inpp5f/Mapk14/Hgf/Gja1/Slc7a5/Neo1/Spaar/Cpt1a/Ccnb1/Jun/Sulf2/Bcl2/Nfix/Bcl9/Adh1/Cebpb/Hopx/Nrep/Cxcl12/Cflar/Gas6/Abcb1a/Cd81/Lifr/Kpna1/Ace/Adm/Ptgfrn/Mustn1/Map4k4/Epha4/Ccna2/Fas/Ezh1/Plau/Igf1/Rtn4rl1/Xylt1/Klf4/Aurka/Itpr1",47
"GO:0030162","regulation of proteolysis","43/2646","207/25615",0.207729468599034,2.01095628804393,4.95672573084866,6.32595041951752e-06,0.00010314189211924,6.36579151574199e-05,"Prkaca/Snx9/Rps6ka2/Serpinb8/Rcn3/Ctla2a/Hpse/Mdm2/Tspan17/Timp2/Tnfrsf1b/Ogt/Fadd/Src/Asph/Timp3/Mmp14/Cln6/Timm17a/Ist1/Sh3d19/Adam9/Astl/Ldlrad3/Fuz/Thbs1/Ide/Il1r2/Timp4/Plaur/Vsir/Furin/Cav1/Ptpn1/Serpine2/Adam8/Csta2/Plau/Cstb/Spon1/Il1b/Timp1/Trim32",43
"GO:0098739","import across plasma membrane","58/2646","311/25615",0.186495176848875,1.80539454081025,4.85016892995126,6.41187127447173e-06,0.000104278129284067,6.43591868478174e-05,"Slc15a2/Slc36a1/Cacna1a/Slc2a9/Slc7a6/Sh2b2/Acacb/Slc9a9/Slc2a1/Slc12a6/Adrb1/Slc7a11/Slc15a4/Arg2/Slc7a1/Rgs2/Mapk14/Slc27a4/Wnk1/Appl2/Lrrc8a/Rab4b/Slc7a5/Slc11a2/Stk39/Trpm4/Ahi1/Hk2/Iscu/Pea15a/Prnp/Stxbp3/Kcnn4/Slc3a2/Trpv4/Tsc2/Thbs1/Slc39a14/Slc46a2/Arg1/Ace/Slc27a1/Slc25a27/Cav1/Lcn2/Cacna1d/Per2/Slc8a1/Atp1a3/Slc15a3/Slc12a2/Trpm2/Atp1b3/Cln8/Slc39a8/Igf1/Sorbs1/Slc6a6",58
"GO:0043062","extracellular structure organization","63/2646","347/25615",0.181556195965418,1.75758199533416,4.82249211937052,6.48158524877077e-06,0.000105145716257837,6.48946509238893e-05,"Matn4/Ramp2/Pomt2/Mpv17/Tgfbi/Adamts1/Tgm2/Adamtsl4/Exoc8/Adamts10/Mmp9/Idua/Qsox1/Fktn/Ext1/Tnfrsf1b/Colgalt1/Col13a1/Sox9/Tgfb2/Adamtsl5/Mmp19/Cav2/Timp3/Tcf15/Stat3/Bcl3/Sulf2/Mmp14/Wt1/Smad3/Eln/Crtap/Eng/Sh3pxd2b/Ccn2/Mmp15/Mmp8/Cflar/Gas6/Plod3/Aplp1/Kazald1/Plaur/Hspg2/Pparg/Rgcc/Pdpn/Adamts9/Bmp2/Cav1/Ecm2/Ptx3/Tmem38b/Ccn1/Slc39a8/Plau/Apbb1/Col8a1/Nf1/Col3a1/Smpd3/Plod2",63
"GO:0070231","T cell apoptotic process","20/2646","66/25615",0.303030303030303,2.9335303144827,5.3382459436102,6.62098312733151e-06,0.00010713651287148,6.61233462611871e-05,"Hif1a/Ripk3/Lipa/Tsc22d3/Cd274/Arg2/Cd27/Fadd/Tgfb2/Dock8/Dffa/Cd47/Slc46a2/Il7r/Zc3h8/Bmp4/Fas/Adam8/Siglec1/Blm",20
"GO:0001558","regulation of cell growth","76/2646","443/25615",0.171557562076749,1.66078871980194,4.76176765664693,6.72009123282354e-06,0.000108467000200147,6.69445067784711e-05,"Akap1/Mtor/Slc25a33/Dact3/Parp2/Eif2b2/Sema6d/Sox17/Cd38/Sema4d/Arhgap4/Plxna4/Acvr1b/Mndal/Osgin2/Lamtor2/Olfm1/Hyal2/Prkn/Ceacam1/Ccr5/Adrb1/Tspyl2/Jup/Adam15/Gdf9/Rgs2/Caprin2/L1cam/Edn1/Kif26a/Gja1/Tgfb2/Sh3bp4/Clstn1/Ncoa3/Cdkl5/Zc3h12d/Dbnl/Mgll/Cirbp/Bcl2/Mmp14/Wt1/Cdkn2d/Ist1/Smad3/Ing4/Csf2rb/Ulk2/Sphk1/Bst2/Sema3f/Cxcl12/Kazald1/Pparg/Rnd2/Dcun1d5/Pml/Igfbp4/Prdm4/Smarca2/Ccdc85b/Acsl4/Serpine2/Dcbld2/Ppan/Dbn1/Pin1/Ccn5/Sema7a/Jade1/Igf1/Nrp1/Acvrl1/Trim32",76
"GO:0034440","lipid oxidation","31/2646","130/25615",0.238461538461538,2.30846270131984,5.07637016628832,6.81515060627788e-06,0.00010972563281887,6.77213194470268e-05,"Alox5/Fmo1/Mtor/Por/Hacl1/Eci1/Acacb/Abcd4/Acads/Samd1/Mapk14/Appl2/Sox9/Cygb/C1qtnf9/Cpt1a/Abcd1/Acad12/Echdc1/Hadh/Ech1/Crot/Decr1/Auh/Hsd17b4/Pparg/Acaa2/Sirt4/Abcd2/Crat/Dgat2",31
"GO:0010660","regulation of muscle cell apoptotic process","29/2646","118/25615",0.245762711864407,2.37914280589825,5.09645599463836,7.12045522359977e-06,0.000114354510891012,7.05782064163857e-05,"Tlr2/Jak2/Acot1/Capn2/Dnmt1/Gpr35/Adrb1/Trem1/Hmgcr/Sod2/Edn1/Zc3h12a/Slc7a5/Sirt5/Map3k5/Mrtfa/Bcl2/Nupr1/Dipk2a/Cflar/Pparg/Lifr/Sirt4/Cav1/Ptpn1/Camk2a/Gch1/Capn1/Igf1",29
"GO:0051310","metaphase chromosome alignment","27/2646","106/25615",0.254716981132075,2.46582595302272,5.13276287624848,7.14195845504681e-06,0.000114413818242446,7.06148101888024e-05,"Sgo1/Cenpf/Cul3/Kif2c/Spice1/Trappc12/Cdca8/Ccnb1/Rcc2/Zwint/Pinx1/Rrs1/Nek2/Knl1/Cenpa/Cdk1/Brca2/Cenpe/Cenpv/Gem/Cdt1/Cenpq/Numa1/Ska1/Fam83d/Kif22/Birc5",27
"GO:0032731","positive regulation of interleukin-1 beta production","19/2646","61/25615",0.311475409836066,3.01528443800107,5.34852958246052,7.16262696146011e-06,0.000114459491543333,7.06429991918649e-05,"Tlr2/Mefv/Jak2/Ccl19/Usp50/Gsdmd/Ager/Ccr5/Nod1/Naip5/Lilra5/Malt1/Stat3/Nod2/Egr1/Ccl3/Smad3/Nlrp3/Ccn1",19
"GO:0071248","cellular response to metal ion","41/2646","195/25615",0.21025641025641,2.03541872589492,4.92615560830511,7.53960607000634e-06,0.000120184688321888,7.41765206669941e-05,"Mt2/Id2/Fosb/Cpne8/Rasgrp2/Mef2c/Prkn/Add1/Atp13a2/Eef2k/Inhbb/Mt1/Wnk1/Edn1/Asph/Hfe/Stk39/Ccnb1/Jun/Trf/Prnp/Slc25a24/Chp2/Fabp4/Tfrc/Pparg/Mylk/Serpinf1/Aqp1/Slc25a23/Fos/Slc12a2/Fas/Trpm2/Itpkc/Slc39a8/Smpd1/Micu1/Smpd3/Nfatc1/Adcy7",41
"GO:1901741","positive regulation of myoblast fusion","9/2646","16/25615",0.5625,5.4453656462585,6.03696362052685,7.67784508199164e-06,0.000122085338630481,7.53495788066342e-05,"Tnfsf14/Capn2/Ccl8/Mapk14/Ehd1/Ehd2/Cd53/Cxcl12/Scgb3a1",9
"GO:0034311","diol metabolic process","13/2646","32/25615",0.40625,3.93276407785336,5.63428693766412,7.73745195422538e-06,0.00012268988922001,7.57227000413322e-05,"Ephx1/Pts/Abca2/Plpp3/Plpp2/Pcbd2/Spr/Acer2/Sphk1/Sgpp1/Qdpr/Gch1/Asah2",13
"GO:0000045","autophagosome assembly","35/2646","156/25615",0.224358974358974,2.17194071360738,4.9832175725258,7.75406211446516e-06,0.00012268988922001,7.57227000413322e-05,"Trp53inp2/Mtor/Rab3gap2/Atg4c/Ehmt2/Snx30/Ulk3/Pip4k2b/Sting1/9930111J21Rik1/Gm5431/Trim21/F830016B08Rik/Efnb1/Retreg1/Atm/Wipi1/Nupr1/Ulk2/Traf6/Lrsam1/Rnf5/Atg9a/Atg16l2/Retreg2/Fez2/Snx18/Chek2/Mapk3/Ap5z1/Irgm2/Emc6/Stx12/Rab19/Trim32",35
"GO:0010810","regulation of cell-substrate adhesion","48/2646","243/25615",0.197530864197531,1.91222716795909,4.84943749848015,8.07690642360057e-06,0.000127484144631966,7.86816558834884e-05,"Plekha2/Cspg5/Utrn/Wdpcp/Jak2/Plpp3/Rac3/Hpse/Arhgap6/Jup/Adam15/Trem1/Sdc4/Ptpra/L1cam/Rras/Src/Unc13d/Spry4/Rcc2/Acer2/Bcl2/Mmp14/Myadm/Smad3/Thbs1/Mink1/St6gal1/Pdpn/Pdgfb/Tek/Dusp22/Ankrd28/Enpp2/Ptpn1/Ecm2/Map4k4/Limch1/Dbn1/Ccn1/Plau/Col8a1/Nrp1/Nf1/Rin2/Acvrl1/Kdr/Cdk6",48
"GO:0048545","response to steroid hormone","65/2646","364/25615",0.178571428571429,1.72868750674873,4.75242534335727,8.17013292944867e-06,0.000128639543967594,7.93947542314934e-05,"Prmt2/Ccnd1/Ephx1/Idh1/Nr3c2/Zfp36l2/Abca2/Por/Ctsl/Htr7/Jak2/Ufsp2/Pck2/Fosb/Tfap4/Agl/Mdm2/Paqr7/Per1/Ptger2/Prkn/Fkbp4/Foxo3/Sult1a1/Ddit4/Acod1/Nedd4/Cxcl2/Src/Edn1/Parp1/Tgfb2/Ass1/Ncoa3/Ube2i/Stk39/Tbl1x/Rxra/Jun/Bcl2/Il1rn/Adh1/Padi2/Adam9/Got1/Ufm1/Cry2/Fosl2/Glb1/Lbh/Hnmt/Tgfb3/Bmp4/Cav1/Serpinf1/Aqp1/Cbr1/Fos/Mbp/Comt/Fas/Cry1/Kank2/Igf1/Rbfox2",65
"GO:0043087","regulation of GTPase activity","34/2646","150/25615",0.226666666666667,2.19428067523306,4.9790074134589,8.22170709022772e-06,0.000129135076644555,7.97005909430329e-05,"Rab3gap2/Rrp1b/Snx9/Sema4d/Bcr/Bcar3/Rasgrp2/Rgs14/Dock10/Sipa1l1/Ralbp1/Arhgap24/Sh3bp4/Dock8/Rgs10/Rcc2/Mex3b/Mmut/Bin1/Tbc1d15/Evi5/Arrb1/Srgap2/Snx18/Als2/Sgsm3/Rgs1/Rap1gds1/Epha4/Spry1/Tmed2/Tbc1d30/Nf1/Plxnb2",34
"GO:0090100","positive regulation of transmembrane receptor protein serine/threonine kinase signaling pathway","27/2646","107/25615",0.252336448598131,2.44278085065802,5.07594178754334,8.6210746015165e-06,0.000135077520097907,8.33681944105353e-05,"Jak2/Acvr1b/Fgf9/Parp1/Tgfb2/Hfe/Neo1/Smad3/Eng/Got1/Thbs1/Tgfbr2/Nup93/Pparg/Cdkn1c/Acvr2a/Vsir/Furin/Tgfb3/Bmp4/Bmp2/Lrg1/Numa1/Ccn1/Acvrl1/Kdr/Acvr2b",27
"GO:0051258","protein polymerization","56/2646","300/25615",0.186666666666667,1.80705467372134,4.7724039559872,8.92010202329595e-06,0.000138905573824055,8.57308223816748e-05,"Tlr2/Mtor/Tubgcp5/Eps8/Snx9/Tppp3/Gda/Gba2/Vasp/Map4/Ang/Cdc42ep3/Prkn/Pik3r2/Mtss1/Fkbp4/Add1/Ppp2cb/Ube2c/Togaram1/Cdc42ep1/Nav3/Csnk1d/Mrtfa/Dbnl/Clec2i/Evl/Myadm/Eln/Tpx2/Msrb2/Aif1/Trpv4/Kank3/Bin1/Arhgap18/Catip/Cdk1/Add3/Cav1/Tppp/Ccl24/Ppp1r9a/Stmn2/Numa1/Ska1/Kank2/Dbn1/Tmod1/Capn1/Cdc42ep5/Fer/Rnf135/Trim32/Cdc42ep2/Msrb1",56
"GO:0030003","intracellular monoatomic cation homeostasis","79/2646","469/25615",0.168443496801706,1.6306425436794,4.67840494155844,8.92874149343884e-06,0.000138905573824055,8.57308223816748e-05,"Prkaca/Hif1a/Fbxl5/Cacna1a/Slco2b1/Nr3c2/Mt2/Tgm2/Stim2/Rab39/Ccl8/Slc9a9/Cd40/Dmxl2/Pth1r/Slc7a11/Sco1/Atp13a2/Myo5a/Atox1/Tmc6/Mt1/Edn1/Asph/Hfe/Clstn1/Neo1/Steap3/Steap4/Cav2/Cyb561a3/Slc11a2/Bcl2/Tmem94/Cln6/Tmc8/Iscu/Herpud1/Ccl3/Trf/Tmem175/Prnp/Fth1/Bok/Rab20/Trpv4/Slc39a14/Tfrc/Slc40a1/Ncoa4/Bmp2/Slc25a27/Cav1/Lcn2/Pml/Mapk3/Slc4a8/Cacna1d/Slc25a23/Atp13a3/Hexb/Rap1gds1/Slc8a1/Maip1/Atp6v0a1/Atp1a3/Slc12a2/Slc31a2/Atp1b3/Hmox2/P2ry2/Slc39a8/Micu1/Atp6v0c/Slc9a8/Cisd1/Itpr1/Psen2/Acvr2b",79
"GO:0009267","cellular response to starvation","42/2646","203/25615",0.206896551724138,2.0028931112675,4.86906780562171,8.94232941389271e-06,0.000138905573824055,8.57308223816748e-05,"Mtor/Prkag2/Slco2b1/Cul3/Ehmt2/Ctsl/Gas2l1/Fads1/Rnase4/Fcor/Angptl4/Slc2a1/Foxo3/Tnfrsf11a/Inhbb/Zc3h12a/Slc7a5/Map3k5/Eif2ak2/Jun/Higd1a/Gpr155/Bcl2/Wipi1/Plin3/Tsc2/Gas6/Kptn/Ttc5/Pim1/Atf3/Mapk3/Asns/Klf10/Fos/Comt/Fas/Tfeb/Prkd1/Hmox2/Micu1/Trim32",42
"GO:0008654","phospholipid biosynthetic process","47/2646","237/25615",0.19831223628692,1.91979135770576,4.82833483378837,8.95188473897242e-06,0.000138905573824055,8.57308223816748e-05,"Vapa/Idh1/Abca2/Dgkd/Efr3b/Inpp1/Agpat5/Sgms2/Ttc7/Capn2/Abca8a/Far1/Pip4k2b/Hmgcr/Pgap1/Agpat2/Pigc/Nus1/Serinc5/Plaat3/Atm/Dhdds/Pdgfa/Pld2/Mvd/Pdgfb/Pigv/Pmvk/Pigp/Lpin1/Acat2/Pi4k2b/Pigh/Hexb/Pigz/Tmem38b/Dgke/Pgs1/Mppe1/Itpkc/Pigg/Fig4/Inppl1/Pigq/Pld1/Plscr1/Pigu",47
"GO:0022604","regulation of cell morphogenesis","54/2646","286/25615",0.188811188811189,1.82781504210076,4.77826120447929,9.09887685347581e-06,0.000140846228690912,8.6928570845717e-05,"Fmnl2/Fblim1/Eps8/Wdpcp/Sema4d/Rac3/Arpin/Rhoj/Cdc42ep3/Tbc1d24/Prkn/Dnmbp/Mov10/Kif3a/Wls/Cdc42ep1/Eef2k/Caprin2/Gna12/Src/Fmnl3/Bcl9l/Cdkl5/Wtip/Ighm/Dbnl/Sema4a/Gna13/Sh3d19/Ccl3/Arhgef18/Arhgap18/Csf1r/Arhgap15/Syne3/Pdpn/Rhou/Rhobtb1/Enpp2/Ccl24/Hexb/Fam171a1/Fgd4/Epha4/Ankrd27/Palm/Dbn1/Lst1/Plxnc1/Myh10/Kdr/Plxnb2/Cdc42ep5/Cdc42ep2",54
"GO:0050769","positive regulation of neurogenesis","58/2646","315/25615",0.184126984126984,1.78246889584758,4.74268933690025,9.57613475080326e-06,0.000147877619324904,9.12682592033813e-05,"Tlr2/Clcf1/Hif1a/Mtor/Eif2b2/Sema4d/Id2/Tgm2/Rgs14/Tbc1d24/Jup/Tiam2/Etv5/Neurl1a/Wls/Ptpra/Fgf9/Eef2k/Tnfrsf1b/Caprin2/L1cam/Tle6/Lyn/Slc7a5/Cdkl5/Dbnl/Aspa/Hap1/Cysltr1/Ist1/Egr2/Xrcc6/Bin1/Cxcl12/Csf1r/Pparg/Rnd2/Ace/Bmp2/Enpp2/Serpinf1/Amigo1/Epha4/Serpine2/Cx3cl1/Ankrd27/Cx3cr1/Dbn1/E2f1/Sema7a/Igf1/Nrp1/Smo/Plxnc1/Il1b/Kdr/Plxnb2/Trim32",58
"GO:0072331","signal transduction by p53 class mediator","38/2646","177/25615",0.214689265536723,2.07833164653181,4.88607446295092,9.6532777994129e-06,0.000148711406674888,9.17828625647707e-05,"Fhit/Phlda3/Tfap4/Tifab/Mdm2/Sp100/Prkn/Foxo3/Kmt5a/Ddit4/Steap3/Acer2/Bcl3/Atm/Pak1ip1/Snai1/Ing4/Nupr1/Bok/Usp28/Msh2/Rrs1/Rffl/Csprs/Wwox/Hic1/Knl1/Bcl2l12/Chek2/Pml/Brca2/Aen/Batf/Ifi204/E2f1/Ndrg1/Eef1e1/Casp6",38
"GO:1905039","carboxylic acid transmembrane transport","36/2646","164/25615",0.219512195121951,2.12502074000332,4.90560534111468,9.73713926369182e-06,0.000149644456052527,9.23587292363917e-05,"Slc36a4/Slc36a1/Emb/Slc7a6/Slc25a15/Acacb/Slc2a1/Abcd4/Slc7a11/Slc15a4/Arg2/Sfxn2/Slc7a1/Rgs2/Lrrc8a/Slc7a5/Abcd1/Slc3a2/Thbs1/Slc38a6/Abcb1a/Mpc1/Slc25a45/Slc16a1/Sfxn3/Arg1/Slc27a1/Per2/Abcd2/Mfsd12/Slc13a3/Cln8/Nfkbie/Slc38a9/Slc17a5/Slc16a7",36
"GO:0031214","biomineral tissue development","41/2646","197/25615",0.208121827411168,2.01475457639345,4.85272881858845,9.78506981867967e-06,0.000150022168294029,9.2591848615234e-05,"Alox5/Hif1a/Rogdi/Sgms2/Mef2c/Mtss1/Rflnb/Pth1r/Asxl2/Wls/Adgrg6/Nectin1/Sox9/Gja1/Trpm4/Rxra/Ptgs2/Nfix/Hey1/Lgr4/Smad3/Cebpb/Snx10/Fgfr1/Gas6/Arl15/Csf1r/Fosl2/Acvr2a/Bmp4/Bmp2/Klf10/Ifitm5/Slc8a1/Tmem38b/Ccn1/Igf1/Tmem119/Srgn/Smpd3/Acvr2b",41
"GO:0010657","muscle cell apoptotic process","30/2646","126/25615",0.238095238095238,2.30491667566498,4.98372687622163,9.8360785535016e-06,0.000150445163399272,9.28529160241045e-05,"Tlr2/Rps6ka2/Jak2/Acot1/Capn2/Dnmt1/Gpr35/Adrb1/Trem1/Hmgcr/Sod2/Edn1/Zc3h12a/Slc7a5/Sirt5/Map3k5/Mrtfa/Bcl2/Nupr1/Dipk2a/Cflar/Pparg/Lifr/Sirt4/Cav1/Ptpn1/Camk2a/Gch1/Capn1/Igf1",30
"GO:0006096","glycolytic process","29/2646","120/25615",0.241666666666667,2.33949042579995,4.99189345413249,1.01080821262597e-05,0.000153164477194066,9.4531243261259e-05,"Prkaca/Hif1a/Mtor/Prkag2/Mpi/Pfkp/Jmjd8/Lipa/Galk1/Pgam1/Eno3/Hk3/Ddit4/Ogt/Src/Stat3/Pkm/Hk2/Nupr1/Ppp2ca/Eif6/Cbfa2t3/Uchl1/Pgk1/Pfkfb3/Igf1/Pfkfb4/Adpgk/Zbtb20",29
"GO:0019395","fatty acid oxidation","29/2646","120/25615",0.241666666666667,2.33949042579995,4.99189345413249,1.01080821262597e-05,0.000153164477194066,9.4531243261259e-05,"Fmo1/Mtor/Por/Hacl1/Eci1/Acacb/Abcd4/Acads/Mapk14/Appl2/Sox9/Cygb/C1qtnf9/Cpt1a/Abcd1/Acad12/Echdc1/Hadh/Ech1/Crot/Decr1/Auh/Hsd17b4/Pparg/Acaa2/Sirt4/Abcd2/Crat/Dgat2",29
"GO:0098869","cellular oxidant detoxification","25/2646","96/25615",0.260416666666667,2.52100261400857,5.0675300143541,1.0139363786634e-05,0.000153164477194066,9.4531243261259e-05,"Gstt1/Prxl2a/Txn1/Hp/Selenos/S100a8/Sod2/Nnt/Ptges/Cygb/Hbb-bs/Prdx5/Ptgs2/Txnrd2/Gsr/Txnrd1/Ptgs1/Ltc4s/Prdx6/Mgst3/Prxl2b/Gpx7/Gch1/Cat/Gstt2",25
"GO:0035296","regulation of tube diameter","42/2646","204/25615",0.205882352941176,1.99307500778089,4.83335658333638,1.01513268069295e-05,0.000153164477194066,9.4531243261259e-05,"Alox5/Tbxas1/Hif1a/Adra2b/Htr7/Cd38/Adrb1/Hmgcr/Sod2/Rgs2/Adora2a/Snta1/Ext1/Hrh1/Src/Edn1/Gja1/Trpm4/Mgll/Ptgs2/Cysltr1/Itga9/Adora2b/Manf/Plod3/Pdgfb/Smad6/Ptgs1/Add3/Ace/Adm/Cav1/Per2/Rap1gds1/Slc8a1/Cx3cl1/Npr1/P2ry2/Gch1/Rbfox2/Kdr/Smpd3",42
"GO:0097746","blood vessel diameter maintenance","42/2646","204/25615",0.205882352941176,1.99307500778089,4.83335658333638,1.01513268069295e-05,0.000153164477194066,9.4531243261259e-05,"Alox5/Tbxas1/Hif1a/Adra2b/Htr7/Cd38/Adrb1/Hmgcr/Sod2/Rgs2/Adora2a/Snta1/Ext1/Hrh1/Src/Edn1/Gja1/Trpm4/Mgll/Ptgs2/Cysltr1/Itga9/Adora2b/Manf/Plod3/Pdgfb/Smad6/Ptgs1/Add3/Ace/Adm/Cav1/Per2/Rap1gds1/Slc8a1/Cx3cl1/Npr1/P2ry2/Gch1/Rbfox2/Kdr/Smpd3",42
"GO:0035264","multicellular organism growth","48/2646","245/25615",0.195918367346939,1.89661715026147,4.78621748384036,1.01569220555218e-05,0.000153164477194066,9.4531243261259e-05,"Chd7/Mtor/Slc25a25/Gpd2/Npr2/Ccm2/Pde4d/Cela1/Rarg/Nek1/Gamt/Rbbp6/Sik3/Adrb1/Add1/Sco1/Ptch1/Ext1/Socs2/Spr/Htra2/Ncoa3/Stat3/Atm/Bcl2/Nfix/Sh3pxd2b/Plekha1/Dhcr7/Gins3/Fosl2/Cdkn1c/Selenom/Rasal2/Brca2/Ctc1/Apba1/Atp1a3/Tmed2/Comt/Slc12a2/Ankrd26/Sos1/Igf1/Smo/Kat2a/Col3a1/Smpd3",48
"GO:0007160","cell-matrix adhesion","49/2646","252/25615",0.194444444444444,1.88234861845973,4.77752257862202,1.02244445227397e-05,0.000153821619705105,9.49368235871051e-05,"Plekha2/Utrn/Wdpcp/Plpp3/Bcr/Hpse/Arhgap6/Jup/Adam15/Trem1/Sdc4/Ptpra/L1cam/Rras/Col13a1/Src/Rcc2/Acer2/Itgam/Bcl2/Mmp14/Actn1/Smad3/Itga9/Adam9/Zyx/Ccn2/Thbs1/Mink1/Plaur/Tek/Dusp22/Ankrd28/Enpp2/Thsd1/Map4k4/Limch1/Adam8/Plau/Nrp1/Nf1/Sorbs1/Itgb5/Rin2/Acvrl1/Col3a1/Kdr/Cdk6/Bcam",49
"GO:1900182","positive regulation of protein localization to nucleus","28/2646","114/25615",0.245614035087719,2.3777035180544,5.00371040028971,1.02939618032119e-05,0.000154505632298675,9.53589877994673e-05,"Card10/Jak2/Mavs/Glis2/Hyal2/Pik3r2/Jup/Mapk14/Ogt/Src/Edn1/Zc3h12a/Parp1/Tgfb2/Cav2/Tyk2/Pinx1/Ptgs2/Chp2/Sigmar1/Dtx3l/Tfrc/Tek/Cdk1/Bmp4/Irgm2/Prkd1/Smo",28
"GO:0071900","regulation of protein serine/threonine kinase activity","37/2646","171/25615",0.216374269005848,2.09464357542887,4.87461895455813,1.04282640822493e-05,0.000155853992450912,9.61911792050068e-05,"Pik3r6/Tfap4/Rgs14/Dusp7/Ager/Ceacam1/Hmgcr/Map3k4/Sash1/Src/Lyn/C1qtnf9/Map3k5/Spry4/Higd1a/Pik3r5/Gab1/Il1rn/Tsc2/Map2k6/Fgfr1/Taok3/Pdgfb/Aida/Cav1/Pim1/Ptpn1/Irgm2/Trib2/Fgd4/Spry1/Fgd2/Nf1/Inppl1/Il1b/Blm/Gadd45a",37
"GO:0006953","acute-phase response","17/2646","52/25615",0.326923076923077,3.16482789697075,5.30373377570776,1.04565801286337e-05,0.000155853992450912,9.61911792050068e-05,"Saa2/Serpina3n/Hp/Ccr5/Tnfrsf11a/Ptges/Ass1/Stat3/Ptgs2/Il1rn/Lbp/Sigirr/Tfrc/Saa3/Lcn2/Il1b/Plscr1",17
"GO:0051403","stress-activated MAPK cascade","17/2646","52/25615",0.326923076923077,3.16482789697075,5.30373377570776,1.04565801286337e-05,0.000155853992450912,9.61911792050068e-05,"Nod1/Hmgcr/Mapk14/Tgfb2/Map3k5/Eif2ak2/Nod2/Igfbp6/Map2k6/Taok3/Mapk13/Mapk3/Klhdc10/Fas/Sema4c/Mid1/Il1b",17
"GO:0036294","cellular response to decreased oxygen levels","40/2646","191/25615",0.209424083769634,2.02736126445925,4.83704925120201,1.06872193683252e-05,0.000158429014126013,9.77804511095071e-05,"Ccnd1/Hif1a/Mtor/Hilpda/Slc29a1/Mdm2/Foxo3/Eef2k/Ogt/Edn1/Dram1/Ccnb1/Stat3/Jun/Higd1a/Bcl2/Ptgs2/Cysltr1/Egln2/Pparg/Rgcc/Acaa2/Acvr2a/Dnmt3a/Sirt4/Lcn2/Ptpn1/Aqp1/Pgk1/Fos/Epha4/Ccna2/Pdk3/Adam8/Trem2/E2f1/Ndrg1/Pin1/Cpeb2/Pdk1",40
"GO:0042129","regulation of T cell proliferation","40/2646","191/25615",0.209424083769634,2.02736126445925,4.83704925120201,1.06872193683252e-05,0.000158429014126013,9.77804511095071e-05,"Ripk3/Jak2/Ccl19/Cblb/Ager/Ceacam1/Cd274/Arg2/Cd80/Cd24a/Slc7a1/Cd28/Sdc4/Tnfrsf1b/Fadd/Spn/Efnb1/Cd244a/Tnfsf9/Peli1/Zc3h12d/Tyk2/Clec2i/Prnp/Cebpb/Glmn/Aif1/Tgfbr2/Cd4/Cd81/Traf6/Tfrc/Vsir/Arg1/Il15/Bmp4/Sos1/Igf1/Il1b/Blm",40
"GO:0032835","glomerulus development","22/2646","79/25615",0.278481012658228,2.69587722571448,5.12382274756386,1.07033300327972e-05,0.000158429014126013,9.77804511095071e-05,"Pdgfd/Mpv17/Ptpro/Mef2c/Mtss1/Cd24a/Ext1/Edn1/Sulf2/Bcl2/Egr1/Wt1/Lgr4/Podxl/Cflar/C3ar1/Pdgfb/Tek/Bmp4/Basp1/Aqp1/Comt",22
"GO:1904951","positive regulation of establishment of protein localization","64/2646","360/25615",0.177777777777778,1.72100445116318,4.67603861003244,1.10579001186023e-05,0.000163058185037118,0.000100637518815495,"Prkaca/Tlr2/Stx4a/Hif1a/Unc13b/Jak2/Cd38/Mllt6/Camk1/Mavs/Pck2/Mdm2/Ang/Serp1/Hyal2/Prkn/Pik3r2/Jup/Adora2a/Kif3a/Atp13a2/Wls/Cnst/Mapk14/Src/Prr5l/Asph/Zc3h12a/Gja1/Lrrc8a/Tgfb2/Myo18a/Trpm4/Abcg1/Rxra/Itgam/Ptgs2/Prnp/Adam9/Kcnn4/Chp2/Gas6/Arrb1/Cd81/Frmd4a/Pparg/Glrx/Tek/Cdk1/Tgfb3/Rapgef4/Cacna1d/Myom1/Acsl4/Trpm2/Trem2/Psmd9/Prkd1/Apbb1/Igf1/Smo/Gna11/Myh10/Rab29",64
"GO:0099072","regulation of postsynaptic membrane neurotransmitter receptor levels","38/2646","178/25615",0.213483146067416,2.06665562604567,4.84689780830658,1.10668382123573e-05,0.000163058185037118,0.000100637518815495,"Stx4a/Eps8/Kif2c/Rapsn/Kif21b/Gnai1/Eps15/Mdm2/Olfm1/Snx6/Cblb/Adam22/Porcn/Prkn/Mmp9/Nedd4/Ogt/Snap47/Clstn1/Hap1/Syne1/Pdlim4/Epb41l1/Snx27/Traf6/Tfrc/Mib2/Sh3glb2/Als2/Rapgef4/Mylk/Dlg3/Camk2a/Hip1/Rab11fip5/Stx12/Rap2a/Ophn1",38
"GO:0009134","nucleoside diphosphate catabolic process","31/2646","133/25615",0.233082706766917,2.25639211407203,4.93056677959809,1.11706249893888e-05,0.000163835833177702,0.000101117473743007,"Prkaca/Hif1a/Mtor/Prkag2/Mpi/Pfkp/Jmjd8/Lipa/Galk1/Pgam1/Eno3/Hk3/Ddit4/Ogt/Src/Stat3/Pkm/Hk2/Nudt5/Nupr1/Ppp2ca/Eif6/Cbfa2t3/Entpd5/Uchl1/Pgk1/Pfkfb3/Igf1/Pfkfb4/Adpgk/Zbtb20",31
"GO:0009191","ribonucleoside diphosphate catabolic process","31/2646","133/25615",0.233082706766917,2.25639211407203,4.93056677959809,1.11706249893888e-05,0.000163835833177702,0.000101117473743007,"Prkaca/Hif1a/Mtor/Prkag2/Mpi/Pfkp/Jmjd8/Lipa/Galk1/Pgam1/Eno3/Hk3/Ddit4/Ogt/Src/Stat3/Pkm/Hk2/Nudt5/Nupr1/Ppp2ca/Eif6/Cbfa2t3/Entpd5/Uchl1/Pgk1/Pfkfb3/Igf1/Pfkfb4/Adpgk/Zbtb20",31
"GO:1905037","autophagosome organization","36/2646","165/25615",0.218181818181818,2.11214182642754,4.8643053774871,1.12315353925273e-05,0.00016435394843188,0.000101437248145188,"Trp53inp2/Mtor/Rab3gap2/Atg4c/Ehmt2/Snx30/Ulk3/Pip4k2b/Sting1/Atp13a2/9930111J21Rik1/Gm5431/Trim21/F830016B08Rik/Efnb1/Retreg1/Atm/Wipi1/Nupr1/Ulk2/Traf6/Lrsam1/Rnf5/Atg9a/Atg16l2/Retreg2/Fez2/Snx18/Chek2/Mapk3/Ap5z1/Irgm2/Emc6/Stx12/Rab19/Trim32",36
"GO:0010510","regulation of pyruvate decarboxylation to acetyl-CoA","7/2646","10/25615",0.7,6.77645502645503,6.20099791009324,1.12676612235391e-05,0.000164507853863671,0.00010153223669657,"Pdp1/Tpk1/Bckdk/Sirt4/Pgk1/Pdk3/Pdk1",7
"GO:0035150","regulation of tube size","42/2646","205/25615",0.204878048780488,1.98335269066976,4.79784802286342,1.15093723475109e-05,0.000167655800363741,0.00010347511080043,"Alox5/Tbxas1/Hif1a/Adra2b/Htr7/Cd38/Adrb1/Hmgcr/Sod2/Rgs2/Adora2a/Snta1/Ext1/Hrh1/Src/Edn1/Gja1/Trpm4/Mgll/Ptgs2/Cysltr1/Itga9/Adora2b/Manf/Plod3/Pdgfb/Smad6/Ptgs1/Add3/Ace/Adm/Cav1/Per2/Rap1gds1/Slc8a1/Cx3cl1/Npr1/P2ry2/Gch1/Rbfox2/Kdr/Smpd3",42
"GO:1903509","liposaccharide metabolic process","28/2646","115/25615",0.243478260869565,2.3570278352887,4.95028456154079,1.22795395284904e-05,0.000178470049617698,0.000110149533262098,"Gltp/Abca2/Gba2/St6galnac3/Pgap1/Ugcg/Pigc/B4galt6/St3gal4/Naglu/St3gal2/St8sia4/Cln6/Aoah/Glb1/A4galt/Pigv/Pigp/Pigh/Hexb/Hexa/Neu1/Pigz/Mppe1/St3gal6/Pigg/Pigq/Pigu",28
"GO:0050679","positive regulation of epithelial cell proliferation","45/2646","226/25615",0.199115044247788,1.92756306062248,4.75376211623081,1.23406756665935e-05,0.000178953725693447,0.000110448052224287,"Ccnd1/Mtor/Nr4a1/Vegfb/Ang/Aplnr/Itgb3bp/Ppp1r16b/Kif3a/Saal1/Jaml/Fgf9/Nus1/Sox9/Jcad/Cav2/Stat3/Nod2/Jun/Adora2b/Tnfaip3/Fgfr1/Pdcd6/Htra1/Cxcl12/Cflar/Hspg2/Pdgfb/Arg1/Akt3/Bmp4/Cav1/Lrg1/Ccl24/Prkd1/Egfl7/Egr3/Igf1/Nf1/Smo/Plcg1/Acvrl1/Kdr/Itpr1/Nme1",45
"GO:0007059","chromosome segregation","75/2646","443/25615",0.169300225733634,1.63893623664665,4.6042945576245,1.24220125642669e-05,0.000179727497101015,0.000110925614479567,"Ccnb2/Sgo1/Tubgcp5/Cenpf/Cul3/Ehmt2/Mlh3/Kif2c/Sass6/Smarcb1/Kif15/Tacc3/Spice1/Trappc12/Bub1b/Rgs14/Cdca8/Dlgap5/Cenpw/Itgb3bp/Top2a/Ccdc86/Kif11/Cdc20/Ube2c/Bcl7a/Prdm9/Mcmdc2/Nek6/Ube2i/Csnk1d/Ccnb1/Stard9/Rcc2/Zwint/Rad18/Atm/Pinx1/Arhgef10/Tpx2/Mki67/Rrs1/Nek2/Wrap73/Cep85/Knl1/Cenpa/Cdk1/Bub1/Chek2/Smarce1/Brca2/Cenpe/Cenpv/Gem/Cdt1/Smarca2/Ccne1/Cenpo/Cenpq/Numa1/Rcc1/Ska1/Espl1/Fam83d/Cenpm/Msh5/Kif22/Aurka/Birc5/Nusap1/Kif4/Ccdc61/Plscr1/Ckap2l",75
"GO:0051259","protein complex oligomerization","59/2646","325/25615",0.181538461538462,1.75741031455317,4.66402703977104,1.25704017582789e-05,0.000181465754820637,0.000111998445898147,"Kctd21/Kctd12b/Oas1a/Mavs/Tgm2/Ehd4/Gsdmd/Vasp/Acacb/Nacc2/Ski/Nme4/Sting1/Samd1/Sod2/Hgsnat/Tifa/Samhd1/Ehd1/Kctd5/Appl2/Zc3h12a/Lrrc8a/Aldh9a1/Steap4/Trpm4/Zdhhc1/Oas1c/Kcng2/Oas1g/Rrm2/Evl/Prnp/Kcnn4/Fth1/Bok/Gnmt/Sigmar1/Twnk/Nme3/Als2/Sgtb/Nlrp3/Basp1/Dele1/Crtc3/Trim65/Trpm3/Apip/Trpm2/Micu1/Dnm1/Syp/Hscb/Itpr1/Blm/Rnf135/Nme1/Cby1",59
"GO:0006493","protein O-linked glycosylation","31/2646","134/25615",0.23134328358209,2.23955336695209,4.88283414918949,1.31110738112946e-05,0.00018842402273771,0.000116293003808677,"Gcnt1/Pomt2/Vegfb/Chst14/Pomk/Dse/B3glct/Tmtc1/Fktn/Galnt12/Galnt10/Ext1/Chst12/Ogt/Colgalt1/Nus1/Galnt6/Chst11/Pofut2/Poglut3/Tet2/Plod3/Slc35c2/Xylt2/Il15/Fut8/Chst7/Igf1/Xylt1/Tmem260/Hs6st1",31
"GO:0072526","pyridine-containing compound catabolic process","31/2646","134/25615",0.23134328358209,2.23955336695209,4.88283414918949,1.31110738112946e-05,0.00018842402273771,0.000116293003808677,"Ncf1/Prkaca/Hif1a/Mtor/Prkag2/Mpi/Pfkp/Jmjd8/Lipa/Galk1/Pgam1/Eno3/Hk3/Ddit4/Ogt/Src/Stat3/Pkm/Hk2/Nupr1/Ppp2ca/Eif6/Cbfa2t3/Uchl1/Pgk1/Pfkfb3/Igf1/Pfkfb4/Qprt/Adpgk/Zbtb20",31
"GO:0044403","biological process involved in symbiotic interaction","37/2646","173/25615",0.213872832369942,2.07042804276495,4.79476674085086,1.37434775682944e-05,0.00019707165155965,0.000121630214621365,"Vapa/Cxcl1/Trim30d/Zdhhc9/Eps15/Axl/Hyal2/Ceacam1/Naip5/Slc7a1/Trim30b/Nectin1/Cav2/Trim12c/Trim12a/Cd300ld/Tpcn1/Slc3a2/Bst2/Pvr/Cd4/Nectin4/Trim30a/Gas6/Cd81/Arg1/Furin/Cav1/Trim30c/Kpna2/Trim5/Smpd1/Nrp1/Siglec1/Myh10/Plscr1/Cd300lf",37
"GO:0046173","polyol biosynthetic process","20/2646","69/25615",0.289855072463768,2.80598551820084,5.09847076736714,1.38884900153929e-05,0.000198707482981925,0.000122639829781135,"Ephx1/Pts/Abca2/Pck2/Cyp27a1/P2ry6/Pth1r/Pcbd2/Spr/Acer2/Ppip5k2/Got1/Sphk1/Arrb1/Qdpr/Gch1/Itpkc/Plcg1/Ipmk/Asah2",20
"GO:0010959","regulation of metal ion transport","73/2646","430/25615",0.169767441860465,1.64345919246251,4.56716643640153,1.46370528898496e-05,0.000208952061698653,0.000128962658550061,"Chd7/Gpd1l/Cxcl1/Fkbp1b/Agrn/Ubash3b/Mllt6/Pde4d/Stim2/P2ry6/Per1/Ager/Aplnr/Gpr35/Adrb1/Lilra5/Scn1b/Adora2a/Snta1/Nedd4/Fxyd2/Wnk1/Asph/Gja1/Tgfb2/Hfe/Lyn/Fbxo11/Stk39/Clec4b1/Kcng2/Bcl2/Ptgs2/Tspan18/Cd84/Iscu/Ccl3/Prnp/Kcnn4/Bin1/Cd4/Cxcl12/Snx27/P2ry12/Pdgfb/Akt3/Pde4b/Ace/Bmp4/Cav1/Sik1/Lcn2/Pml/Cxcl10/Mylk/Cacna1d/Slc25a23/Amigo1/Slc8a1/Serpine2/Slc31a2/Camk2a/Tmem38b/Cx3cl1/Atp1b3/Kcnab2/Trem2/Prkd1/Igf1/Plcg1/Itpr1/Psen2/Il16",73
"GO:0098792","xenophagy","9/2646","17/25615",0.529411764705882,5.125050020008,5.77448478137431,1.48142820515979e-05,0.000211013188247151,0.000130234760663539,"Tlr2/Rnf31/Nod1/Rnf213/Tbk1/Nod2/Lrsam1/Mapk3/Irgm2",9
"GO:0019079","viral genome replication","27/2646","110/25615",0.245454545454545,2.37615955473098,4.90924885033728,1.48882208868481e-05,0.00021159719242724,0.000130595200905461,"Vapa/Oas1a/Fam111a/Smarcb1/Mavs/Ccl8/Prkn/Oasl2/Top2a/Adar/Zc3h12a/Oas1c/Eif2ak2/Oas1g/Ifitm2/Bcl2/N4bp1/Bst2/Oas3/Gas6/Rad23a/Znfx1/Atg16l2/Gm11772/Ifitm1/Slpi/Plscr1",27
"GO:1901888","regulation of cell junction assembly","58/2646","320/25615",0.18125,1.75461781934996,4.61049210033258,1.55617751834482e-05,0.000220681774345412,0.000136202093828455,"Prkaca/Tlr2/Agrn/Wdpcp/Sema4d/Arhgap4/Rac3/Mef2c/Aplnr/Arhgap6/Dock10/Sipa1l1/Sdc4/Ptpra/Nectin1/Eef2k/Ogt/L1cam/Arhgap12/Src/Gja1/Clstn1/Arhgef15/Cldn5/Rcc2/Sema4a/Snai1/Mmp14/S1pr2/Gna13/Smad3/Podxl/Hopx/Sigmar1/Lin7c/Fgfr1/Srgap2/Tek/Dusp22/Nrg2/Ankrd28/Ace/Cav1/Enpp2/Ptpn1/Amigo1/Map4k4/Mycbp2/Ppp1r9a/Sema4c/Limch1/Palm/Nrp1/Trim47/Rap2a/Il1b/Acvrl1/Kdr",58
"GO:0032874","positive regulation of stress-activated MAPK cascade","11/2646","25/25615",0.44,4.25948601662887,5.53409439045583,1.5724466902477e-05,0.00022152187583665,0.000136720594200651,"Nod1/Hmgcr/Tgfb2/Eif2ak2/Nod2/Igfbp6/Taok3/Klhdc10/Sema4c/Mid1/Il1b",11
"GO:0060544","regulation of necroptotic process","11/2646","25/25615",0.44,4.25948601662887,5.53409439045583,1.5724466902477e-05,0.00022152187583665,0.000136720594200651,"Ripk3/Rnf31/Fadd/Birc3/Parp1/Peli1/Bok/Cflar/Birc2/Cav1/Casp6",11
"GO:0070304","positive regulation of stress-activated protein kinase signaling cascade","11/2646","25/25615",0.44,4.25948601662887,5.53409439045583,1.5724466902477e-05,0.00022152187583665,0.000136720594200651,"Nod1/Hmgcr/Tgfb2/Eif2ak2/Nod2/Igfbp6/Taok3/Klhdc10/Sema4c/Mid1/Il1b",11
"GO:0046031","ADP metabolic process","30/2646","129/25615",0.232558139534884,2.25131396227742,4.8358507080775,1.60991425215506e-05,0.00022630392025917,0.000139672013569378,"Prkaca/Hif1a/Mtor/Prkag2/Ak3/Mpi/Pfkp/Jmjd8/Lipa/Galk1/Pgam1/Eno3/Hk3/Ddit4/Ogt/Src/Stat3/Pkm/Hk2/Nupr1/Ppp2ca/Eif6/Cbfa2t3/Uchl1/Pgk1/Pfkfb3/Igf1/Pfkfb4/Adpgk/Zbtb20",30
"GO:0030258","lipid modification","41/2646","201/25615",0.203980099502488,1.97465995795775,4.70844193292473,1.62256746221615e-05,0.000227584571556256,0.000140462415897094,"Alox5/Fmo1/Mtor/Por/Dgkd/Plpp3/Hacl1/Eci1/Acacb/Porcn/Abcd4/Acads/Plpp2/Samd1/Inpp5f/Mapk14/Appl2/Rnf213/Sox9/Cygb/C1qtnf9/Cpt1a/Abcd1/Acad12/Echdc1/Hadh/Ech1/Crot/Decr1/Auh/Hsd17b4/Pparg/Acaa2/Sirt4/Abcd2/Crat/Dgat2/Sgpp1/Dgke/Fig4/Inppl1",41
"GO:0031098","stress-activated protein kinase signaling cascade","18/2646","59/25615",0.305084745762712,2.95341865559783,5.09844191343763,1.70651865933392e-05,0.000238838254195231,0.000147408051272992,"Nod1/Hmgcr/Mapk14/Tgfb2/Map3k5/Eif2ak2/Nod2/Igfbp6/Map2k3/Map2k6/Taok3/Mapk13/Mapk3/Klhdc10/Fas/Sema4c/Mid1/Il1b",18
"GO:0033209","tumor necrosis factor-mediated signaling pathway","28/2646","117/25615",0.239316239316239,2.31673676118121,4.84508512430072,1.73311061627895e-05,0.00024185156675457,0.000149267830954204,"Tnfrsf17/Rnf31/Traf3ip2/Jak2/Prkn/Foxo3/Naip5/Ppp2cb/Mapk14/Tifa/Tnfrsf11a/Ext1/Tnfrsf1b/Pias3/Tmc8/Sphk1/Rffl/Mmp8/Gas6/Traf6/Birc2/Otulin/Naip6/Tax1bp1/Fas/Stat1/Traf1/Trim32",28
"GO:1901990","regulation of mitotic cell cycle phase transition","61/2646","343/25615",0.177842565597668,1.72163163937425,4.56673066258321,1.73557864685331e-05,0.00024185156675457,0.000149267830954204,"Rnaseh2b/Prmt2/Ccnd1/Cenpf/Cul3/Ints3/Zfp36l2/Sass6/Smarcb1/Id2/Adamts1/Tfap4/Mdm2/Bub1b/Cdca8/Gtpbp4/Cdc20/Klhl18/Rad50/Rad51b/Ube2c/Appl2/Cdc14b/Bcl7a/Nek6/Mblac1/Zc3h12d/Ccnb1/Rcc2/Zwint/Atm/Pinx1/Bcl2/Cdkn2d/Rrm2/Dbf4/Aif1/Ppp2ca/Klf11/Taok3/Cdkn1c/Rgcc/Pdpn/Knl1/Cdk1/Bub1/Pim1/Smarce1/Ctc1/Cenpe/Smarca2/Ccne1/Foxo4/Ska1/Kank2/E2f1/Lmnb1/Jade1/Klf4/Birc5/Blm",61
"GO:1903317","regulation of protein maturation","20/2646","70/25615",0.285714285714286,2.76590001079797,5.0213992613256,1.75695704299578e-05,0.000244300693597509,0.000150779402107052,"Prkaca/Rps6ka2/Ctla2a/Hpse/Mdm2/Cdk20/Src/Mmp14/Timm17a/Astl/Ldlrad3/Fuz/Thbs1/Il1r2/Plaur/Furin/Rasal2/Serpine2/Plau/Spon1",20
"GO:0140374","antiviral innate immune response","24/2646","93/25615",0.258064516129032,2.49823226781752,4.91276337966115,1.78444849144472e-05,0.000247587410562439,0.000152807923645692,"Akap1/Oas1a/Mavs/Ifit3/Dtx4/Oasl2/Sting1/Ifit3b/Dhx15/Trim21/Prkra/Tbk1/Serinc5/Zdhhc1/Oas1c/Eif2ak2/Oas1g/Oas3/Traf6/Dhx58/Cxcl10/Trim65/Senp7/Rnf135",24
"GO:0009135","purine nucleoside diphosphate metabolic process","31/2646","136/25615",0.227941176470588,2.20661875861456,4.78862596662475,1.79432760754676e-05,0.000247887323674846,0.000152993026352962,"Prkaca/Hif1a/Mtor/Prkag2/Ak3/Mpi/Pfkp/Jmjd8/Lipa/Galk1/Pgam1/Eno3/Hk3/Ddit4/Ogt/Src/Stat3/Pkm/Hk2/Nupr1/Guk1/Ppp2ca/Eif6/Cbfa2t3/Uchl1/Pgk1/Pfkfb3/Igf1/Pfkfb4/Adpgk/Zbtb20",31
"GO:0009179","purine ribonucleoside diphosphate metabolic process","31/2646","136/25615",0.227941176470588,2.20661875861456,4.78862596662475,1.79432760754676e-05,0.000247887323674846,0.000152993026352962,"Prkaca/Hif1a/Mtor/Prkag2/Ak3/Mpi/Pfkp/Jmjd8/Lipa/Galk1/Pgam1/Eno3/Hk3/Ddit4/Ogt/Src/Stat3/Pkm/Hk2/Nupr1/Guk1/Ppp2ca/Eif6/Cbfa2t3/Uchl1/Pgk1/Pfkfb3/Igf1/Pfkfb4/Adpgk/Zbtb20",31
"GO:0070098","chemokine-mediated signaling pathway","25/2646","99/25615",0.252525252525253,2.44460859540225,4.88791982593108,1.80526662482206e-05,0.000248863364760877,0.000153595426981534,"Ccl12/Hif1a/Ccrl2/Ackr3/Jak2/Cxcl13/Ccl19/Gnai1/Ccl8/Gpr35/Ccr5/Wnk1/Edn1/Lyn/Stk39/Ccl4/Ccl3/Padi2/Cxcl12/Cxcl10/Ccl24/Cx3cl1/Cx3cr1/Trem2/Ccl6",25
"GO:0045907","positive regulation of vasoconstriction","17/2646","54/25615",0.314814814814815,3.0476120489348,5.11232217358703,1.83712888920059e-05,0.000252713404373117,0.000155971624372845,"Alox5/Tbxas1/Cd38/Hmgcr/Hrh1/Gja1/Trpm4/Mgll/Ptgs2/Cysltr1/Pdgfb/Smad6/Ptgs1/Add3/Ace/Cav1/Rbfox2",17
"GO:0071453","cellular response to oxygen levels","42/2646","209/25615",0.200956937799043,1.94539378749905,4.65779444828094,1.87868358064091e-05,0.00025745072154689,0.000158895438630327,"Ccnd1/Hif1a/Mtor/Hilpda/Slc29a1/Mdm2/Foxo3/Eef2k/Ogt/Edn1/Dram1/Ccnb1/Stat3/Jun/Higd1a/Bcl2/Ptgs2/Cysltr1/Egln2/Pparg/Rgcc/Acaa2/Acvr2a/Dnmt3a/Sirt4/Cav1/Lcn2/Ptpn1/Aqp1/Pgk1/Fos/Epha4/Ccna2/Pdk3/Fas/Adam8/Trem2/E2f1/Ndrg1/Pin1/Cpeb2/Pdk1",42
"GO:0006633","fatty acid biosynthetic process","38/2646","182/25615",0.208791208791209,2.02123462327544,4.69272394869628,1.88359027283684e-05,0.00025745072154689,0.000158895438630327,"Alox5/Tbxas1/Lipg/Daglb/Prkag2/Scd2/Fads1/Acacb/Angptl4/Ceacam1/Acss1/Sco1/Myo5a/Ptges/Edn1/Abcd1/Mgll/Hacd4/Decr2/Ptgs2/Pecr/Sigmar1/Sphk1/Scd1/Gstm2/Fasn/Eif6/Hsd17b4/Ptgs1/Ltc4s/Abcd2/Acsl4/Prxl2b/Acss2/Gstm1/Il1b/Nme1/Asah2",38
"GO:0010508","positive regulation of autophagy","38/2646","182/25615",0.208791208791209,2.02123462327544,4.69272394869628,1.88359027283684e-05,0.00025745072154689,0.000158895438630327,"Tlr2/Hif1a/Mefv/Mtor/Rab3gap2/Rnf31/Hpse/Snx30/Ager/Prkn/Foxo3/Pip4k2b/Nod1/Sting1/Zc3h12a/Trim21/Sh3bp4/Tbk1/Nod2/Atm/Hk2/Wipi1/Tpcn1/Tsc2/Lrsam1/Snx18/Chek2/Mapk3/Irgm2/Dele1/Trim65/Tfeb/Oma1/Prkd1/Svip/Smo/Kdr/Trim32",38
"GO:0019364","pyridine nucleotide catabolic process","30/2646","130/25615",0.230769230769231,2.23399616256759,4.78746646629948,1.88843400961324e-05,0.0002575647574895,0.000158965820220294,"Ncf1/Prkaca/Hif1a/Mtor/Prkag2/Mpi/Pfkp/Jmjd8/Lipa/Galk1/Pgam1/Eno3/Hk3/Ddit4/Ogt/Src/Stat3/Pkm/Hk2/Nupr1/Ppp2ca/Eif6/Cbfa2t3/Uchl1/Pgk1/Pfkfb3/Igf1/Pfkfb4/Adpgk/Zbtb20",30
"GO:0006816","calcium ion transport","81/2646","494/25615",0.163967611336032,1.58731306287697,4.47380707281139,1.89728180204255e-05,0.000258223268989859,0.000159372245469615,"Chd7/Slc25a25/Cacna1a/Ramp2/Calcrl/Fkbp1b/Ubash3b/Ccl19/Pde4d/Tmem37/Stim2/P2ry6/Ccl8/Aplnr/Gpr35/Ccr5/Adrb1/Lilra5/Adora2a/Orai3/Hrh1/Cracr2b/Edn1/Asph/Gja1/Tgfb2/Lyn/Fbxo11/Ramp3/Tmbim4/Trpm4/Itpr2/Clec4b1/Bcl2/Ptgs2/Lck/Tspan18/Cd84/Cysltr1/Ccl3/Tpcn1/Prnp/Kcnn4/Ramp1/Trpv4/Ccn2/Bin1/Cd4/Cxcl12/Gas6/Letm2/P2ry12/Pdgfb/Pde4b/Ace/Bmp4/Cav1/Stimate/Pml/Cxcl10/Mylk/Cacna1d/Slc25a23/Slc8a1/Maip1/Trpm3/Camk2a/Tmem38b/Cx3cl1/Trpm2/Prkd1/Igf1/Calhm2/Micu1/Plcg1/Plcb2/Hspa9/Itpr1/Psen2/Nfatc1/Il16",81
"GO:1904645","response to amyloid-beta","16/2646","49/25615",0.326530612244898,3.16102858376911,5.13913158427319,1.92533897759224e-05,0.000261487898352062,0.000161387134809819,"Cacna1a/Snx6/Ager/Foxo3/Mmp9/Fpr2/Gja1/Parp1/Ramp3/Prnp/Lcn2/Fcgr2b/Epha4/Atp1a3/Trem2/Igf1",16
"GO:0050864","regulation of B cell activation","32/2646","143/25615",0.223776223776224,2.16629930915645,4.74688917831209,1.97053885998289e-05,0.000267062059842407,0.000164827439151104,"Clcf1/Zfp36l2/Cd38/Id2/Aplf/Gpr183/Mef2c/Cd40/Slc15a4/Shld3/Cd27/Cd28/Lyn/Peli1/Ighm/Nod2/Atm/Samsn1/Bcl2/Mmp14/Shld1/Msh2/Tnfaip3/Pcid2/Cd81/Tfrc/Prdm1/Hmgb3/Tnip2/Bank1/Fas/Kmt5c",32
"GO:0046032","ADP catabolic process","29/2646","124/25615",0.233870967741935,2.26402299270963,4.78889107105602,1.97501065656681e-05,0.000267104599111267,0.000164853693867905,"Prkaca/Hif1a/Mtor/Prkag2/Mpi/Pfkp/Jmjd8/Lipa/Galk1/Pgam1/Eno3/Hk3/Ddit4/Ogt/Src/Stat3/Pkm/Hk2/Nupr1/Ppp2ca/Eif6/Cbfa2t3/Uchl1/Pgk1/Pfkfb3/Igf1/Pfkfb4/Adpgk/Zbtb20",29
"GO:1901224","positive regulation of non-canonical NF-kappaB signal transduction","19/2646","65/25615",0.292307692307692,2.82972847258562,5.01314713142523,1.98259287475699e-05,0.000267566735870566,0.000165138919027247,"Tnfsf14/Nr3c2/Ccl19/Uxt/Ager/Nod1/Tnfrsf11a/Sash1/Edn1/Trim21/Eif2ak2/Nod2/Sphk1/Glrx/Ago1/Nlrp3/Trem2/Il1b/Smpd3",19
"GO:0050680","negative regulation of epithelial cell proliferation","34/2646","156/25615",0.217948717948718,2.10988526464717,4.71935114981434,1.98899384825856e-05,0.000267867850759183,0.000165324763456105,"Alox5/Ctsl/Runx3/Mef2c/Ift57/Ager/Ceacam1/Mtss1/Ptch1/Sox9/Gja1/Tgfb2/Cav2/Rida/Eng/Nupr1/Tsc2/Thbs1/Pparg/Cdkn1c/Rgcc/Bmp4/Cav1/Brca2/Serpinf1/Nlrc3/Lims2/Ift172/Nf1/Smo/Stat1/Mcc/Acvrl1/Cdk6",34
"GO:0021915","neural tube development","40/2646","196/25615",0.204081632653061,1.97564286485569,4.65374150586062,2.02031628767507e-05,0.000271516983933571,0.000167576963849567,"Prkaca/Hif1a/Wdpcp/Sox17/Ssbp3/Tgif1/Vasp/Rarg/Ift57/Ski/Ptch1/Cdk20/Dchs1/Kif3a/Tbc1d32/Sdc4/Lmo4/Tgfb2/Tmem107/Glmn/Tsc2/Fuz/Plod3/Traf6/Brpf1/Bmp4/Adm/Tmed2/Sema4c/Ift172/Nup50/Nf1/Smo/Kat2a/Inka1/Deaf1/Psen2/Plxnb2/Ipmk/Cby1",40
"GO:0019693","ribose phosphate metabolic process","71/2646","419/25615",0.16945107398568,1.64039654578352,4.48593287765727,2.0281735508293e-05,0.000272003901681157,0.000167877483531993,"Rnaseh2b/Ndufb6/Prkaca/Dhodh/Hif1a/Mtor/Slc25a25/Prkag2/Npr2/Ak3/Mpi/Gda/Pfkp/Jmjd8/Lipa/Pde4d/Galk1/Pgam1/Eno3/Atpsckmt/Dck/Prkn/Cox6b2/Nme4/Hk3/Impdh1/Fam3a/Ddit4/Ogt/Src/Parp1/Adcy9/Stat3/Pkm/Pde8b/Hk2/Nudt5/Pde2a/Uck2/Nupr1/Guk1/Pde4a/Ppp2ca/Prps1l3/Pfas/Eif6/Prps2/Aprt/Cbfa2t3/Entpd5/Pde4b/Nme3/Pde4c/Uchl1/Pgk1/Nudt2/Upp2/Pfkfb3/Prpsap2/Npr1/mt-Atp8/Trem2/Igf1/Pfkfb4/Adpgk/mt-Nd4l/Adcy7/Pde7a/Nme1/Pde7b/Zbtb20",71
"GO:0022408","negative regulation of cell-cell adhesion","43/2646","217/25615",0.19815668202765,1.91828549135988,4.6107376194955,2.15129723642757e-05,0.00028791528014189,0.000177697791840085,"Ubash3b/Jak2/Runx3/Cblb/Ceacam1/Cd274/Arg2/Cd80/Gtpbp4/Adora2a/Sdc4/Wnk1/Zc3h12a/Spn/Hfe/Ass1/Peli1/Zc3h12d/Il1rn/Myadm/Prnp/Cebpb/Podxl/Glmn/Trpv4/Tnfaip3/C1qtnf1/Cxcl12/Rgcc/Vsir/Arg1/Dusp22/Zc3h8/Bmp4/Bmp2/Mapk3/Mbp/Ildr2/Serpine2/Adam8/Tnfaip8l2/Klf4/Ccm2l",43
"GO:0010718","positive regulation of epithelial to mesenchymal transition","18/2646","60/25615",0.3,2.90419501133787,5.01200717722511,2.20399890845946e-05,0.000294355280414627,0.00018167248129509,"Mtor/Olfm1/Ager/Tgfb2/Bcl9l/Snai1/Smad3/Eng/Tgfbr2/Rgcc/Pdpn/Tgfb3/Bmp4/Bmp2/Lrg1/Adam8/Glipr2/Il1b",18
"GO:0009743","response to carbohydrate","55/2646","302/25615",0.182119205298013,1.76303229165102,4.52727794691152,2.21593289198057e-05,0.000295335122366871,0.000182277227771833,"Ncf1/Prkaca/Stx4a/Hif1a/Unc13b/Nr1d1/Calcrl/Eif2b2/Fkbp1b/Rps6ka2/Ctsl/Smarcb1/Pck2/Slc29a1/Keap1/Ager/Slc12a6/Prkn/Selenos/Foxo3/Hmgcr/Fam3a/Sod2/Ogt/Lyn/Naglu/Trpm4/Abcg1/Pde8b/Egr1/Smad3/Klf7/Got1/Thbs1/Gas6/Slc39a14/Arrb1/Mapk13/Lcn2/Pde4c/Rasal2/Serpinf1/Cacna1d/Cdt1/Map4k4/Ildr2/Trem2/Rab11fip5/Cat/Igf1/Birc5/Il1b/Acvr2b/Zbtb20/Casp6",55
"GO:0032946","positive regulation of mononuclear cell proliferation","34/2646","157/25615",0.21656050955414,2.09644650499974,4.6772190656917,2.29003979878586e-05,0.000304580034521747,0.000187983074557274,"Clcf1/Jak2/Cd38/Ccl19/Gpr183/Mef2c/Cd40/Ager/Cd274/Cd80/Cd24a/Slc7a1/Cd28/Fadd/Spn/Efnb1/Cd244a/Tnfsf9/Peli1/Ighm/Tyk2/Bcl2/Aif1/Tgfbr2/Cd4/St6gal1/Cd81/Csf1r/Traf6/Tfrc/Il15/Igf1/Il1b/Blm",34
"GO:0098813","nuclear chromosome segregation","59/2646","332/25615",0.177710843373494,1.72035648261982,4.48399156528891,2.41677911795125e-05,0.000320772501109893,0.000197976867021987,"Ccnb2/Sgo1/Cenpf/Cul3/Ehmt2/Mlh3/Kif2c/Smarcb1/Kif15/Tacc3/Spice1/Trappc12/Bub1b/Cdca8/Top2a/Kif11/Cdc20/Ube2c/Bcl7a/Prdm9/Mcmdc2/Nek6/Ccnb1/Rcc2/Zwint/Atm/Pinx1/Arhgef10/Tpx2/Rrs1/Nek2/Wrap73/Knl1/Cenpa/Cdk1/Bub1/Chek2/Smarce1/Brca2/Cenpe/Cenpv/Gem/Cdt1/Smarca2/Ccne1/Cenpq/Numa1/Rcc1/Ska1/Espl1/Fam83d/Msh5/Kif22/Aurka/Birc5/Nusap1/Kif4/Ccdc61/Ckap2l",59
"GO:0051147","regulation of muscle cell differentiation","35/2646","164/25615",0.213414634146341,2.06599238611434,4.64821470126377,2.43039243556075e-05,0.000321914247547263,0.000198681538968061,"Akap1/Mtor/Hdac5/Parp2/Camk1/Id2/Mdm2/Mef2c/Adrb1/Rgs2/Mapk14/Edn1/Bhlhe41/Rcan1/Bcl2/Mmp14/Hey1/Eng/Hopx/Csf1r/Pdgfb/Thra/Bmp4/Bmp2/Atp11a/Sik1/Foxo4/Nln/Prkd1/Pin1/Igf1/Tmem119/Kat2a/Nfatc1/Trim32",35
"GO:0009914","hormone transport","72/2646","429/25615",0.167832167832168,1.62472448186734,4.42894360932989,2.47007158373816e-05,0.000325973992120925,0.00020118716369843,"Chd7/Alox5/Stx4a/Clcf1/Hif1a/Nr1d1/Fkbp1b/Jak2/Cd38/Osm/Pck2/Gabbr1/Serp1/Syt7/Prkn/Gdf9/Hmgcr/Fam3a/Myo5a/Inhbb/Edn1/Gja1/Lrrc8a/Hfe/Lyn/Slc7a5/Trpm4/Cpt1a/Rab3a/Abcg1/Crym/Pde8b/Il1rn/Hadh/Stxbp3/Slc3a2/Klf7/Trpv4/Fgfr1/C1qtnf1/Cry2/Abcb1a/Arrb1/Pparg/Itsn1/Acvr2a/Glrx/Slc16a1/Selenom/Sirt4/Pde4c/Rapgef4/Cacna1d/Per2/Aqp1/Map4k4/Rab11fip3/Acsl4/Ildr2/Rab11fip1/Cry1/Trpm2/Psmd9/Prkd1/Rab11fip5/Rab8b/Gna11/Birc5/Il1b/Smpd3/Acvr2b/Adora3",72
"GO:0051043","regulation of membrane protein ectodomain proteolysis","11/2646","26/25615",0.423076923076923,4.09565963137392,5.36013588092742,2.47119137862532e-05,0.000325973992120925,0.00020118716369843,"Snx9/Tspan17/Timp2/Tnfrsf1b/Timp3/Sh3d19/Adam9/Timp4/Adam8/Il1b/Timp1",11
"GO:0001961","positive regulation of cytokine-mediated signaling pathway","19/2646","66/25615",0.287878787878788,2.78685379875856,4.93328962654479,2.51640982536239e-05,0.000329906463635266,0.000203614237052188,"Hif1a/Tslp/Mavs/Axl/Cd40/Prkn/Sting1/Ikbke/Fadd/Edn1/Tbk1/Mmp8/Gas6/Il1r1/Irgm2/Trem2/Ticam2/Trim32/Cd300lf",19
"GO:0010712","regulation of collagen metabolic process","19/2646","66/25615",0.287878787878788,2.78685379875856,4.93328962654479,2.51640982536239e-05,0.000329906463635266,0.000203614237052188,"Acvr1b/Ager/Ciita/Suco/Idua/Cbx8/Cygb/Mrtfa/Prdx5/Eng/Adora2b/Got1/Ccn2/Pparg/Rgcc/Pdgfb/Vsir/Tgfb3/Bmp4",19
"GO:0043030","regulation of macrophage activation","19/2646","66/25615",0.287878787878788,2.78685379875856,4.93328962654479,2.51640982536239e-05,0.000329906463635266,0.000203614237052188,"Nr1d1/Ctsc/Zc3h12a/Myo18a/Atm/Cd84/Cst7/Il4ra/Kcnn4/Lbp/Sphk1/Thbs1/Mmp8/Mfhas1/Syt11/Tnip2/Cx3cl1/Trem2/Calhm2",19
"GO:0060391","positive regulation of SMAD protein signal transduction","14/2646","40/25615",0.35,3.38822751322751,5.13050895965901,2.61673024809134e-05,0.000342359981949873,0.000211300396342015,"Jak2/Parp1/Tgfb2/Hfe/Smad3/Eng/Tgfbr2/Nup93/Pparg/Acvr2a/Tgfb3/Bmp4/Bmp2/Acvrl1",14
"GO:0090092","regulation of transmembrane receptor protein serine/threonine kinase signaling pathway","51/2646","275/25615",0.185454545454545,1.79532055246341,4.50057315944775,2.62746891324474e-05,0.000342929481705866,0.000211651884630666,"Strap/Dand5/Jak2/Zfyve9/Acvr1b/Tnfaip6/Htra3/Snx6/Ski/Fgf9/Ogt/Il17rd/Parp1/Tgfb2/Hfe/Neo1/Ldlrad4/Bcl9l/Cav2/Gpr155/Chst11/Smad3/Eng/Got1/Thbs1/Tgfbr2/Nrep/Htra1/Lefty1/Nbl1/Nup93/Pparg/Cdkn1c/Acvr2a/Smad6/Vsir/Furin/Brms1/Tgfb3/Bmp4/Bmp2/Cav1/Lrg1/Spry1/Numa1/Pin1/Ccn1/Pmepa1/Acvrl1/Kdr/Acvr2b",51
"GO:0007599","hemostasis","41/2646","205/25615",0.2,1.93613000755858,4.56744517864586,2.63709782009181e-05,0.000342929481705866,0.000211651884630666,"Prrg3/Adra2b/Ubash3b/Jak2/Hpse/Axl/Angptl4/Angptl6/Ceacam1/Pdia4/Slc7a11/Pros1/Emilin2/St3gal4/Lyn/Tspan32/Stxbp1/F13a1/Nbeal2/Tspan18/Gna13/Evl/F10/Stxbp3/Vkorc1/Pdgfa/Thbs1/C1qtnf1/Gas6/Plaur/P2ry12/Pdpn/Pdgfb/Cav1/Serpine2/Pear1/Fcer1g/Plau/Prrg1/Tec/Rasa3",41
"GO:0050817","coagulation","41/2646","205/25615",0.2,1.93613000755858,4.56744517864586,2.63709782009181e-05,0.000342929481705866,0.000211651884630666,"Prrg3/Adra2b/Ubash3b/Jak2/Hpse/Axl/Angptl4/Angptl6/Ceacam1/Pdia4/Slc7a11/Pros1/Emilin2/St3gal4/Lyn/Tspan32/Stxbp1/F13a1/Nbeal2/Gna13/Evl/F10/Stxbp3/Vkorc1/Pdgfa/Thbs1/C1qtnf1/Gas6/Plaur/P2ry12/Pdpn/Pdgfb/Cav1/Serpine2/Pear1/Fcer1g/Plau/Prrg1/Psen2/Tec/Rasa3",41
"GO:0046631","alpha-beta T cell activation","43/2646","219/25615",0.19634703196347,1.90076690239769,4.54374967386563,2.71024230606673e-05,0.00035172922372066,0.00021708297784677,"Mtor/Ctsl/Jak2/Ccl19/Runx3/Relb/Gpr183/Cblb/Ager/Cd274/Dock2/Arg2/Cd80/Adora2a/Cd28/Wdfy4/Malt1/Zc3h12a/Spn/Hfe/Cd244a/Tbk1/Stat3/Tyk2/Clec2i/Sema4a/Bcl3/Bcl2/Lck/Cebpb/Tgfbr2/Cd81/Fosl2/Prdm1/Vsir/Il15/Stat4/Nlrp3/Batf/Ly9/Gpr18/Irf4/Blm",43
"GO:0007173","epidermal growth factor receptor signaling pathway","29/2646","126/25615",0.23015873015873,2.22808611980948,4.69029625856401,2.72046319312422e-05,0.000352292996964808,0.000217430931802303,"Npr2/Adra2b/Dgkd/Bcar3/Snx5/Cblb/Ceacam1/Mmp9/Adgre4/Src/Zgpat/Sox9/Spry4/Hap1/Gab1/Gprc5a/Abcb1a/Plaur/Nrg2/Mapk3/Spry1/Sos1/Hip1/Plau/Rhbdf2/Plcg1/Psen2/Fer/Rhbdf1",29
"GO:0072111","cell proliferation involved in kidney development","10/2646","22/25615",0.454545454545455,4.40029547172404,5.41539298198894,2.72555447527257e-05,0.000352292996964808,0.000217430931802303,"Pdgfd/Ptch1/Egr1/Wt1/Cflar/C3ar1/Pdgfb/Bmp4/Bmp2/Stat1",10
"GO:0042326","negative regulation of phosphorylation","46/2646","240/25615",0.191666666666667,1.8554579239103,4.51922357698731,2.74061408212329e-05,0.000353528210111647,0.000218193290259057,"Mtor/Ubash3b/Tfap4/Rgs14/Dusp7/Ager/Prkn/Ceacam1/Rassf2/Hmgcr/Adora2a/Nnt/Dusp6/Adar/Ogt/Hgf/Wnk1/Birc3/Zgpat/Prr5l/Zc3h12a/Lyn/Cadm1/Spry4/Ccnb1/Jun/Samsn1/Tsc2/Gprc5a/Fabp4/Arrb1/Cep85/Aida/Cav1/Ptpn1/Ppp1r15b/Rabgef1/Spry1/Dbndd2/Tmed2/Ankle2/Igf1/Nf1/Inppl1/Psen2/Gadd45a",46
"GO:0048146","positive regulation of fibroblast proliferation","20/2646","72/25615",0.277777777777778,2.68906945494247,4.87124960293822,2.76557488125264e-05,0.00035532106074334,0.000219299815755703,"Rnaseh2b/Pdgfd/Tgif1/Ager/Mrtfa/Ccnb1/Jun/Pdgfa/Sphk1/Pdgfc/Gas6/Fosl2/Pdgfb/Pml/Ctc1/Aqp1/Ccna2/E2f1/Igf1/Cdk6",20
"GO:0060760","positive regulation of response to cytokine stimulus","20/2646","72/25615",0.277777777777778,2.68906945494247,4.87124960293822,2.76557488125264e-05,0.00035532106074334,0.000219299815755703,"Tlr2/Hif1a/Tslp/Mavs/Axl/Cd40/Prkn/Sting1/Ikbke/Fadd/Edn1/Tbk1/Mmp8/Gas6/Il1r1/Irgm2/Trem2/Ticam2/Trim32/Cd300lf",20
"GO:0030200","heparan sulfate proteoglycan catabolic process","7/2646","11/25615",0.636363636363636,6.16041366041366,5.81017921173236,2.82051155715587e-05,0.000360301282845976,0.000222373547966357,"Sgsh/Hpse/Idua/Hgsnat/Naglu/Sulf2/Ids",7
"GO:0050812","regulation of acyl-CoA biosynthetic process","7/2646","11/25615",0.636363636363636,6.16041366041366,5.81017921173236,2.82051155715587e-05,0.000360301282845976,0.000222373547966357,"Pdp1/Tpk1/Bckdk/Sirt4/Pgk1/Pdk3/Pdk1",7
"GO:0002042","cell migration involved in sprouting angiogenesis","18/2646","61/25615",0.295081967213115,2.85658525705364,4.9273447372823,2.82677220663717e-05,0.000360301282845976,0.000222373547966357,"Card10/Hdac5/Nr4a1/Ephb4/Ehd4/Hdac7/Rhoj/Pik3r2/Nus1/Jcad/Ptgs2/Thbs1/Pacsin2/Akt3/Egr3/Nrp1/Klf4/Kdr",18
"GO:0002931","response to ischemia","18/2646","61/25615",0.295081967213115,2.85658525705364,4.9273447372823,2.82677220663717e-05,0.000360301282845976,0.000222373547966357,"Mef2c/Gpr35/Eef2k/Rcan1/Sirt5/Stat3/Bcl2/Hk2/Egr1/Csf1r/Cav1/Uchl1/Per2/Camk2a/Cx3cl1/Cx3cr1/Sos1/Trem2",18
"GO:0016053","organic acid biosynthetic process","62/2646","356/25615",0.174157303370787,1.68595590545831,4.42359848356065,2.86689797485277e-05,0.000364692130504044,0.000225083525473492,"Alox5/Tbxas1/Fmo1/Lipg/Daglb/Prkag2/Nr1d1/Adi1/Scd2/Pck2/Fads1/Cyp27a1/Acacb/Angptl4/Gamt/Ceacam1/Acss1/Pcbd2/Nans/Sco1/Aldh18a1/Myo5a/Ptges/Edn1/Ggt5/Ass1/Abcd1/Mgll/Hacd4/Decr2/Ptgs2/Pecr/Gnmt/Got1/Sigmar1/Mri1/Sphk1/Scd1/Gstm2/Fasn/Eif6/Hsd17b4/Gatd1/Ptgs1/Asns/Uros/Gatm/Ltc4s/Per2/Abcd2/Acsl4/Lrrc58/Mgst3/Prxl2b/Acss2/Apip/Gstm1/Tha1/Nanp/Il1b/Nme1/Asah2",62
"GO:0051656","establishment of organelle localization","70/2646","416/25615",0.168269230769231,1.62895553520554,4.38972722447807,2.916934933946e-05,0.000370323913353144,0.00022855939301312,"Gltp/Ap3s1/Dnm3/Hif1a/Unc13b/Cul3/Cep83/Syne2/Snf8/Gnai1/Btbd8/Tacc3/D6Wsu163e/Exoc8/Map4/Trappc12/Prkn/Atp13a2/Sdc4/Myo5a/Crocc/Bicd2/Sdc1/Tor1a/Tle6/Gja1/Lyn/Naglu/Stxbp1/Steap3/Unc13d/Ighm/Rab3a/Bloc1s5/Ahi1/Wipi1/Hap1/Cd84/Stxbp3/Syne1/Adora2b/Dipk2a/Pld2/Lin7c/Pdcd6/Armcx3/Eif6/Syne3/Ltv1/Cenpa/Syt11/Tanc2/Exoc6/Cenpe/Stard3/Uchl1/Rabgef1/Spry1/Numa1/Ska1/Apold1/Lmnb1/Fcer1g/Myo7a/Dnm1/Inppl1/Nusap1/Myh10/Smpd3/Adora3",70
"GO:0045786","negative regulation of cell cycle","66/2646","386/25615",0.170984455958549,1.65524068003713,4.40257806001265,2.92677478670422e-05,0.000370840260942563,0.000228878076434216,"Rnaseh2b/Prmt2/Prkaca/Ccnd1/Npr2/Nr4a1/Ints3/Rps6ka2/Zfp36l2/Btg3/Osm/Runx3/Tfap4/Nek1/Bub1b/Timp2/Cdca8/Gtpbp4/Cdc20/Rad50/Mapk14/Cdc14b/Lyn/Zc3h12d/Ccnb1/Zwint/Plaat3/Atm/Pinx1/Bcl2/Ptgs2/Cdkn2d/Nupr1/Usp28/Msh2/Dtx3l/Taok3/Nek2/Cdkn1c/Rgcc/Hpgd/Tti1/Knl1/Cdk1/Bub1/Bmp4/Bmp2/Chek2/Pml/Brca2/Cenpe/Mdm1/Cdt1/Foxo4/Ska1/Cry1/Kank2/E2f1/Apbb1/Jade1/Kat2a/Klf4/Ccnf/Birc5/Blm/Cdk6",66
"GO:0141084","inflammasome-mediated signaling pathway","21/2646","78/25615",0.269230769230769,2.60632885632886,4.82235749714076,2.94943041272197e-05,0.000372975215970983,0.000230195744583129,"Mefv/Mavs/Usp50/Gsdmd/Mapk14/Ogt/Zdhhc1/Eif2ak2/Map2k3/Ppp2ca/Abhd17a/Map2k6/Trim30a/Pepd/Nlrp3/Nlrc3/Irgm2/Trim65/Trem2/Prkd1/Adcy7",21
"GO:0006664","glycolipid metabolic process","27/2646","114/25615",0.236842105263158,2.29278553526674,4.69529499154758,2.96273782111273e-05,0.000373921959976978,0.000230780063411988,"Gltp/Abca2/Gba2/St6galnac3/Pgap1/Ugcg/Pigc/B4galt6/St3gal4/Naglu/St3gal2/St8sia4/Cln6/Glb1/A4galt/Pigv/Pigp/Pigh/Hexb/Hexa/Neu1/Pigz/Mppe1/St3gal6/Pigg/Pigq/Pigu",27
"GO:1902115","regulation of organelle assembly","49/2646","262/25615",0.187022900763359,1.81050325134295,4.47562104665399,2.98552766691405e-05,0.000376059406514821,0.000232099269290063,"Hif1a/Mtor/Rab3gap2/Ehmt2/Wdpcp/Syne2/Sass6/Tapt1/Spice1/Snx30/Trappc12/Sipa1l1/Pip4k2b/Palld/Sdc4/Crocc/Rabep2/Sdc1/Src/Efnb1/Rab10/Cdkl5/Atm/Wipi1/Hap1/Nupr1/Syne1/Fuz/Fgfr1/Cdk10/Cntrob/Lrsam1/Rnf5/Wrap73/Fez2/Poc1b/Snx18/Chek2/Mdm1/Rab11fip3/Numa1/Rcc1/Plk4/Tbc1d30/Septin9/Kat2a/Sdccag8/Trim32/Rab29",49
"GO:0016054","organic acid catabolic process","48/2646","255/25615",0.188235294117647,1.82224000711396,4.47874821775297,3.01602273656318e-05,0.000378416602728162,0.000233554101981951,"Sord/Mtor/Gstz1/Hacl1/Eci1/Mccc1/Hibch/Acacb/Aldh1l1/Abcd4/Acads/Aldh7a1/Npl/Pon3/Slc27a4/Ass1/Amdhd2/Cpt1a/Abcd1/Nagk/Acad12/Echdc1/Decr2/Hdc/Hadh/Ech1/Cryl1/Got1/Crot/Nudt7/Bckdk/Decr1/Auh/Dld/Hsd17b4/Dlst/Acaa2/Slc16a1/Ahcy/Lpin1/Abcd2/Crat/Lpin3/Tha1/Dcxr/Gnpda1/Qprt/Pccb",48
"GO:0046395","carboxylic acid catabolic process","48/2646","255/25615",0.188235294117647,1.82224000711396,4.47874821775297,3.01602273656318e-05,0.000378416602728162,0.000233554101981951,"Sord/Mtor/Gstz1/Hacl1/Eci1/Mccc1/Hibch/Acacb/Aldh1l1/Abcd4/Acads/Aldh7a1/Npl/Pon3/Slc27a4/Ass1/Amdhd2/Cpt1a/Abcd1/Nagk/Acad12/Echdc1/Decr2/Hdc/Hadh/Ech1/Cryl1/Got1/Crot/Nudt7/Bckdk/Decr1/Auh/Dld/Hsd17b4/Dlst/Acaa2/Slc16a1/Ahcy/Lpin1/Abcd2/Crat/Lpin3/Tha1/Dcxr/Gnpda1/Qprt/Pccb",48
"GO:2000379","positive regulation of reactive oxygen species metabolic process","22/2646","84/25615",0.261904761904762,2.53540834323147,4.7840113908771,3.07054365514039e-05,0.000384506285392239,0.000237312579690672,"Cxcl1/Ripk3/Ager/Foxo3/Sod2/Nnt/Mapk14/Acod1/Ogt/Fpr2/Zc3h12a/Itgam/Nqo2/Thbs1/Tgfbr2/Pdgfb/Lcn2/Cbr1/Fas/Plau/Dcxr/Gadd45a",22
"GO:0036336","dendritic cell migration","12/2646","31/25615",0.387096774193548,3.74734840172628,5.19484913735267,3.09467223486574e-05,0.000386022804597621,0.000238248556808478,"Alox5/Eps8/Ccl19/Gpr183/Slamf9/Ext1/Dock8/Asb2/Trpm4/Gas6/Icam2/Trpm2",12
"GO:0062098","regulation of programmed necrotic cell death","12/2646","31/25615",0.387096774193548,3.74734840172628,5.19484913735267,3.09467223486574e-05,0.000386022804597621,0.000238248556808478,"Ripk3/Rnf31/Fadd/Birc3/Parp1/Peli1/Nupr1/Bok/Cflar/Birc2/Cav1/Casp6",12
"GO:0009137","purine nucleoside diphosphate catabolic process","29/2646","127/25615",0.228346456692913,2.21054213461413,4.64169361114069,3.18166066177275e-05,0.000395338260952188,0.000243997942611737,"Prkaca/Hif1a/Mtor/Prkag2/Mpi/Pfkp/Jmjd8/Lipa/Galk1/Pgam1/Eno3/Hk3/Ddit4/Ogt/Src/Stat3/Pkm/Hk2/Nupr1/Ppp2ca/Eif6/Cbfa2t3/Uchl1/Pgk1/Pfkfb3/Igf1/Pfkfb4/Adpgk/Zbtb20",29
"GO:0009181","purine ribonucleoside diphosphate catabolic process","29/2646","127/25615",0.228346456692913,2.21054213461413,4.64169361114069,3.18166066177275e-05,0.000395338260952188,0.000243997942611737,"Prkaca/Hif1a/Mtor/Prkag2/Mpi/Pfkp/Jmjd8/Lipa/Galk1/Pgam1/Eno3/Hk3/Ddit4/Ogt/Src/Stat3/Pkm/Hk2/Nupr1/Ppp2ca/Eif6/Cbfa2t3/Uchl1/Pgk1/Pfkfb3/Igf1/Pfkfb4/Adpgk/Zbtb20",29
"GO:0033500","carbohydrate homeostasis","61/2646","350/25615",0.174285714285714,1.68719900658676,4.39358944818536,3.23725476243838e-05,0.000401469586754906,0.000247782121956641,"Ncf1/Prkaca/Alox5/Stx4a/Hif1a/Unc13b/Cacna1a/Nr1d1/Oas1a/Fkbp1b/Smarcb1/Pck2/Slc29a1/Sh2b2/Fcor/Cyb561d2/Ager/Dmxl2/Slc12a6/Prkn/Pik3r2/Foxo3/Hk3/Ptch1/Hmgcr/Ogt/Appl2/Lrrc8a/Phkb/Cyb561a3/Trpm4/Oas1c/Abcg1/Stat3/Oas1g/Pde8b/Hk2/Smad3/Stxbp3/Klf7/Trpv4/Cry2/Gas6/Slc39a14/Arrb1/Fosl2/Pparg/Slc16a1/Pde4c/Plscr3/Mustn1/Serpinf1/Cacna1d/Map4k4/Cry1/Ankrd26/Trem2/Rab11fip5/Igf1/Birc5/Zbtb20",61
"GO:0009259","ribonucleotide metabolic process","69/2646","410/25615",0.168292682926829,1.62918256733588,4.35900971866527,3.29798105601619e-05,0.000408212529939268,0.000251943784073962,"Rnaseh2b/Ndufb6/Prkaca/Dhodh/Hif1a/Mtor/Slc25a25/Prkag2/Npr2/Ak3/Mpi/Gda/Pfkp/Jmjd8/Lipa/Pde4d/Galk1/Pgam1/Eno3/Atpsckmt/Dck/Prkn/Cox6b2/Nme4/Hk3/Impdh1/Fam3a/Ddit4/Ogt/Src/Parp1/Adcy9/Stat3/Pkm/Pde8b/Hk2/Nudt5/Pde2a/Uck2/Nupr1/Guk1/Pde4a/Ppp2ca/Pfas/Eif6/Prps2/Aprt/Cbfa2t3/Entpd5/Pde4b/Nme3/Pde4c/Uchl1/Pgk1/Nudt2/Upp2/Pfkfb3/Npr1/mt-Atp8/Trem2/Igf1/Pfkfb4/Adpgk/mt-Nd4l/Adcy7/Pde7a/Nme1/Pde7b/Zbtb20",69
"GO:0032732","positive regulation of interleukin-1 production","20/2646","73/25615",0.273972602739726,2.65223288706655,4.79808371180954,3.44240274456865e-05,0.000424452883514568,0.000261967131801845,"Tlr2/Mefv/Jak2/Ccl19/Usp50/Gsdmd/Ager/Ccr5/Nod1/Naip5/Lilra5/Malt1/Stat3/Nod2/Egr1/Ccl3/Smad3/Nlrp3/Ccn1/Il16",20
"GO:0140632","canonical inflammasome complex assembly","20/2646","73/25615",0.273972602739726,2.65223288706655,4.79808371180954,3.44240274456865e-05,0.000424452883514568,0.000261967131801845,"Mefv/Mavs/Usp50/Gsdmd/Mapk14/Zdhhc1/Eif2ak2/Map2k3/Ppp2ca/Abhd17a/Map2k6/Trim30a/Pepd/Nlrp3/Nlrc3/Irgm2/Trim65/Trem2/Prkd1/Adcy7",20
"GO:0010639","negative regulation of organelle organization","66/2646","388/25615",0.170103092783505,1.64670851158333,4.35666548176816,3.45076198486602e-05,0.000424668486413397,0.000262100199275782,"Tlr2/Mtor/Eps8/Ehmt2/Rps6ka2/Gas2l1/Osm/Arpin/Bub1b/Prkn/Arhgap6/Fkbp4/Add1/Cdca8/Ccdc88c/Cdc20/Rad50/Nav3/Hgf/Src/Parp1/Rab10/Ccnb1/Zwint/Higd1a/Atm/Pinx1/Evl/Myadm/Tpx2/Nupr1/Arhgef18/Bok/Kank3/Cdk10/Tfrc/Tmem14a/Pparg/Acaa2/Knl1/Fez2/Add3/Bub1/Bmp4/Pml/Ctc1/Cenpe/Mdm1/Ppp1r9a/Stmn2/Ska1/Mid1/Oma1/Ankrd27/Kank2/Dbn1/Tbc1d30/Tmod1/Capn1/Igf1/Kat2a/Ccnf/Birc5/Espn/Trim32/Ckap2l",66
"GO:0031333","negative regulation of protein-containing complex assembly","34/2646","160/25615",0.2125,2.05713813303099,4.55268663221999,3.4594676196364e-05,0.000424925812400463,0.000262259017729815,"Tlr2/Mefv/Eps8/Fkbp4/Add1/Lmo4/Ogt/Src/Sox9/Stxbp1/Tmc8/Evl/Myadm/Kank3/Abhd17a/Lefty1/Trim30a/Birc2/Thra/Syt11/Add3/Aida/Nlrc3/Irgm2/Stmn2/Trim65/Ankrd27/Kank2/Trem2/Tmod1/Riok3/Capn1/Svip/Psen2",34
"GO:0007265","Ras protein signal transduction","27/2646","115/25615",0.234782608695652,2.27284826974268,4.6432069962298,3.4950010534209e-05,0.00042847112151099,0.000264447139180058,"Rgl3/Usp50/Sh2b2/Rasgrp2/Rasgrp3/Timp2/Rasgrp4/Rasa2/Mras/Ralgds/Ppp2cb/Rras/Src/Tgfb2/Dok1/Grap/Spry4/Lztr1/Rabgef1/Spry1/Ccna2/Sos1/Rasgef1b/Igf1/Nf1/Rasgrf2/Rasa3",27
"GO:0015695","organic cation transport","32/2646","147/25615",0.217687074829932,2.10735238917941,4.56993131134413,3.52603462746364e-05,0.000430632061726738,0.000265780845068983,"Slc36a4/Slc36a1/Cacna1a/Slc45a4/Slc7a6/Ly6e/Slc25a15/Gabbr1/Ralbp1/Slc15a4/Arg2/Sfxn2/Slc7a1/Rgs2/Adora2a/Slc7a5/Sec14l1/Adora2b/Slc3a2/P2ry12/Slc29a3/Ptgs1/Sfxn3/Arg1/Atp13a3/Mfsd12/Slc18b1/Comt/Nfkbie/Slc38a9/Slc6a6/Adora3",32
"GO:0051345","positive regulation of hydrolase activity","32/2646","147/25615",0.217687074829932,2.10735238917941,4.56993131134413,3.52603462746364e-05,0.000430632061726738,0.000265780845068983,"Snx9/Rcn3/Sema4d/Bcr/Bcar3/Rasgrp2/Rgs14/Dock10/Sipa1l1/Ralbp1/Arhgap24/Dock8/Rgs10/Rcc2/Mex3b/Gna13/Smad3/Mmut/Chp2/Bin1/Evi5/Srgap2/Vsir/Snx18/Bmp2/Als2/Sgsm3/Rgs1/Rap1gds1/Tbc1d30/Ccn1/Nf1",32
"GO:0032692","negative regulation of interleukin-1 production","14/2646","41/25615",0.341463414634146,3.30558781778294,5.01460633913546,3.59738643160924e-05,0.00043733845250618,0.000269919947488751,"Mefv/Ceacam1/Acp5/Zc3h12a/Tnfaip3/Gas6/Il1r2/Pml/Nlrp3/Nlrc3/Cx3cl1/Cx3cr1/Trem2/Igf1",14
"GO:1904752","regulation of vascular associated smooth muscle cell migration","14/2646","41/25615",0.341463414634146,3.30558781778294,5.01460633913546,3.59738643160924e-05,0.00043733845250618,0.000269919947488751,"Tlr2/Adamts1/Mdm2/Mef2c/Ager/Myo5a/Fgf9/Gna12/Gna13/Kcnn4/Pdgfb/Ptpn1/Nrp1/Smo",14
"GO:0043536","positive regulation of blood vessel endothelial cell migration","18/2646","62/25615",0.290322580645161,2.81051130129471,4.84438572768206,3.60137050709479e-05,0.00043733845250618,0.000269919947488751,"Hif1a/Hdac7/Rhoj/Cd40/Nus1/Jcad/Ptgs2/Gab1/Map2k3/Thbs1/Fgfr1/Pdgfb/Akt3/Prkd1/Igf1/Nrp1/Plcg1/Kdr",18
"GO:0051153","regulation of striated muscle cell differentiation","26/2646","109/25615",0.238532110091743,2.30914588057445,4.64881959954667,3.62173604253721e-05,0.000438981742212434,0.000270934165810235,"Akap1/Mtor/Hdac5/Parp2/Mef2c/Adrb1/Rgs2/Mapk14/Edn1/Bhlhe41/Bcl2/Mmp14/Hopx/Csf1r/Thra/Bmp4/Bmp2/Atp11a/Sik1/Nln/Prkd1/Pin1/Igf1/Tmem119/Kat2a/Trim32",26
"GO:0046165","alcohol biosynthetic process","33/2646","154/25615",0.214285714285714,2.07442500809848,4.53901187492029,3.75298263922232e-05,0.000454033153942828,0.000280223713163362,"Prkaca/Ephx1/Pts/Abca2/Pck2/Lipa/Gnai1/Cyp27a1/P2ry6/Pth1r/Pcbd2/Hmgcr/Spr/H6pd/Abcg1/Acer2/Dhdds/Ppip5k2/Got1/Sphk1/Dhcr7/Arrb1/Mvd/Hsd17b7/Pmvk/Bmp2/Acat2/Qdpr/Gch1/Itpkc/Plcg1/Ipmk/Asah2",33
"GO:0060761","negative regulation of response to cytokine stimulus","24/2646","97/25615",0.247422680412371,2.39521238048484,4.67267365626601,3.77742831915636e-05,0.000455737864928867,0.000281275839948003,"Oas1a/Traf3ip2/Naip5/Ppp2cb/Adar/Samhd1/Oas1c/Oas1g/Il1rn/Padi2/Oas3/Rffl/Sigirr/Gas6/Il1r2/Pparg/Naip6/Arg1/Cav1/Tax1bp1/Rabgef1/Trem2/Irak3/Klf4",24
"GO:0072537","fibroblast activation","11/2646","27/25615",0.407407407407407,3.94396853391562,5.19468782236462,3.78126217321118e-05,0.000455737864928867,0.000281275839948003,"Nr1d1/Mdm2/Ulk3/Cygb/Akap12/Mrtfa/Fgfr1/Rgcc/Pdgfb/Rps6ka1/Smo",11
"GO:0031400","negative regulation of protein modification process","57/2646","323/25615",0.176470588235294,1.70835000666933,4.34830656875269,4.03256304128632e-05,0.000485115823543508,0.000299407556930923,"Mtor/Ubash3b/Tfap4/Rgs14/Dusp7/Ager/Tbc1d24/Ceacam1/Rassf2/Gtpbp4/Hmgcr/Adora2a/Nnt/Dusp6/Adar/Ogt/Hgf/Wnk1/Pias3/Zgpat/Prr5l/Zc3h12a/Trim21/Lyn/Cadm1/Spry4/Ccnb1/Jun/Samsn1/Pinx1/Crtap/N4bp1/Tsc2/Tnfaip3/Dtx3l/Gprc5a/Fabp4/Arrb1/Cep85/Cdk1/Aida/Cav1/Tppp/Ptpn1/Ppp1r15b/Per2/Rabgef1/Spry1/Dbndd2/Tmed2/Cry1/Igf1/Nf1/Inppl1/Psen2/Gadd45a/Cep78",57
"GO:0030041","actin filament polymerization","35/2646","168/25615",0.208333333333333,2.01680209120685,4.48781923190993,4.13499885743259e-05,0.000496509021684991,0.000306439299569731,"Tlr2/Mtor/Eps8/Snx9/Gba2/Vasp/Ang/Cdc42ep3/Pik3r2/Mtss1/Add1/Cdc42ep1/Mrtfa/Dbnl/Clec2i/Evl/Myadm/Eln/Msrb2/Aif1/Kank3/Bin1/Arhgap18/Catip/Add3/Ccl24/Ppp1r9a/Kank2/Dbn1/Tmod1/Capn1/Cdc42ep5/Fer/Cdc42ep2/Msrb1",35
"GO:0007204","positive regulation of cytosolic calcium ion concentration","40/2646","202/25615",0.198019801980198,1.91696040352335,4.44079655451872,4.15829387741951e-05,0.000497446552486833,0.000307017932121597,"Cxcl1/Cacna1a/Fkbp1b/Ccrl2/Ackr3/Jak2/Cd38/Cxcl13/Fpr1/Ptger2/Epor/Gpr35/Ccr5/Pth1r/Cd24a/C5ar2/Cxcl2/Fpr2/Edn1/Asph/Gja1/Trpm4/Bcl2/Gna13/Ccl3/Trpv4/Cd4/C1qtnf1/C3ar1/Bmp4/Adm/Cav1/Pml/Cacna1d/Slc8a1/Cx3cr1/P2ry2/Il1b/Kdr/Itpr1",40
"GO:0007596","blood coagulation","40/2646","202/25615",0.198019801980198,1.91696040352335,4.44079655451872,4.15829387741951e-05,0.000497446552486833,0.000307017932121597,"Prrg3/Adra2b/Ubash3b/Jak2/Hpse/Axl/Angptl4/Angptl6/Ceacam1/Pdia4/Slc7a11/Pros1/Emilin2/St3gal4/Lyn/Tspan32/Stxbp1/F13a1/Nbeal2/Gna13/Evl/F10/Stxbp3/Vkorc1/Pdgfa/Thbs1/C1qtnf1/Gas6/Plaur/P2ry12/Pdpn/Pdgfb/Cav1/Serpine2/Pear1/Fcer1g/Plau/Prrg1/Tec/Rasa3",40
"GO:0006054","N-acetylneuraminate metabolic process","8/2646","15/25615",0.533333333333333,5.16301335348954,5.47388954155475,4.23036316598825e-05,0.000505127378778969,0.000311758444229697,"Nans/Npl/Cmah/Amdhd2/Nagk/St6gal1/Gnpda1/Nanp",8
"GO:0031032","actomyosin structure organization","43/2646","223/25615",0.192825112107623,1.86667242881208,4.41185810533719,4.24568537884924e-05,0.000506016379846521,0.000312307124822716,"Mtor/Cul3/Neurl2/Mef2c/Arhgap6/Pik3r2/Sdc4/Src/Edn1/Arhgef15/Myo18a/Arhgef10/Evl/Smad3/Eln/Cd47/Arhgef18/Zyx/Sh3pxd2b/Kank3/Ccn2/Pdlim4/Epb41l1/Cflar/Arrb1/Phactr1/Rgcc/Tgfb3/Myom1/Fam171a1/Arhgef10l/Ppp1r9a/Anln/Limch1/Kank2/Prkd1/Tmod1/Nrp1/Sorbs1/Itgb5/Myh10/Iqgap2/Cnn3",43
"GO:0050671","positive regulation of lymphocyte proliferation","33/2646","155/25615",0.212903225806452,2.06104162094945,4.49709071440998,4.30167219493822e-05,0.000511096084300734,0.000315442256324834,"Clcf1/Jak2/Cd38/Ccl19/Gpr183/Mef2c/Cd40/Ager/Cd274/Cd80/Cd24a/Slc7a1/Cd28/Fadd/Spn/Efnb1/Cd244a/Tnfsf9/Peli1/Ighm/Tyk2/Bcl2/Aif1/Tgfbr2/Cd4/Cd81/Csf1r/Traf6/Tfrc/Il15/Igf1/Il1b/Blm",33
"GO:0090257","regulation of muscle system process","51/2646","280/25615",0.182142857142857,1.76326125688371,4.35867370184266,4.30421826909553e-05,0.000511096084300734,0.000315442256324834,"Akap1/Mtor/Nr4a1/Calcrl/Parp2/Fkbp1b/Agrn/Adra2b/Utrn/Htr7/Cald1/Pde4d/Tifab/Acacb/Mef2c/Adrb1/Foxo3/Jup/Arg2/Rgs2/Gtf2i/Tnfrsf1b/Edn1/Zc3h12a/Parp1/Mrtfa/Trpm4/Ptgs2/Lck/Smad3/Kcnn4/Adora2b/Aif1/Trpv4/Ccn2/Sphk1/Bin1/Pparg/Ptgs1/Pde4b/Cav1/Grcc10/Slc8a1/Tmem38b/Jarid2/Dbn1/Prkd1/Pin1/Igf1/Klf4/Nfatc1",51
"GO:0060562","epithelial tube morphogenesis","68/2646","406/25615",0.167487684729064,1.62138966150226,4.28362860106786,4.36856465614896e-05,0.00051777969282474,0.000319567297815005,"Prkaca/Hif1a/Hdac5/Ccm2/Sox17/Tgif1/Vasp/Rarg/Mef2c/Ift57/Aplnr/Mtss1/Ski/Etv5/Ptch1/Cdk20/Dchs1/Kif3a/Sdc4/Lmo4/Ext1/Src/Sox9/Edn1/Gja1/Tgfb2/Ncoa3/Asb2/Bcl2/Mmp14/Wt1/Hey1/Gna13/Lgr4/Smad3/Eng/Podxl/Glmn/Tsc2/Fuz/Tgfbr2/Cxcl12/Traf6/Brpf1/Tek/Bmp4/Bmp2/Adm/Lcn2/Pml/Cxcl10/Epha4/Spry1/Tmed2/Slc12a2/Sema4c/Ift172/Nup50/Igf1/Nrp1/Smo/Kat2a/Deaf1/Acvrl1/Kdr/Plxnb2/Nfatc1/Ipmk",68
"GO:0032715","negative regulation of interleukin-6 production","16/2646","52/25615",0.307692307692308,2.97866155009012,4.84763435864436,4.41219945702238e-05,0.000521028847645437,0.00032157263645733,"Selenos/Cd24a/C5ar2/Hgf/Zc3h12a/Cd84/Tnfaip3/Trim30a/Gas6/Arrb1/Syt11/Bank1/Nlrc3/Rabgef1/Cd200r1/Irak3",16
"GO:0060421","positive regulation of heart growth","16/2646","52/25615",0.307692307692308,2.97866155009012,4.84763435864436,4.41219945702238e-05,0.000521028847645437,0.00032157263645733,"Mtor/Parp2/Acacb/Mef2c/Adrb1/Cdk20/Mapk14/Fgf9/Edn1/Ccnb1/Wt1/Fgfr1/Cdk1/Pim1/Pin1/Igf1",16
"GO:0045123","cellular extravasation","21/2646","80/25615",0.2625,2.54117063492063,4.68587141041661,4.44714097808328e-05,0.000524191442994623,0.000323524551651817,"Pdgfd/Gcnt1/Ripk3/Bcr/Ager/Trem1/Jaml/Ext1/Fadd/St3gal4/Selplg/Spn/Itgam/Cd47/Cxcl12/Il1r1/Cd99l2/Cx3cr1/Adam8/Capn1/Fer",21
"GO:0019217","regulation of fatty acid metabolic process","28/2646","123/25615",0.227642276422764,2.20372521185529,4.54193104276036,4.5809620194973e-05,0.000538976190718877,0.000332649517239673,"Fmo1/Mtor/Prkag2/Acacb/Angptl4/Ceacam1/Appl2/Sox9/Edn1/Cpt1a/Abcd1/Pdp1/Ptgs2/Tpk1/Bckdk/Eif6/Pparg/Sirt4/Cav1/Abcd2/Pgk1/Acsl4/Dgat2/Pdk3/Ankrd26/Pdk1/Il1b/Nme1",28
"GO:1903522","regulation of blood circulation","52/2646","288/25615",0.180555555555556,1.74789514571261,4.33219165789733,4.63125619466311e-05,0.000543897436828443,0.000335686850188243,"Alox5/Tbxas1/Gpd1l/Hif1a/Fkbp1b/Agrn/Adra2b/Htr7/Cd38/Pde4d/Mdm2/Ptger2/Ager/Adrb1/Jup/Hmgcr/Scn1b/Rgs2/Snta1/Hrh1/Src/Edn1/Zc3h12a/Gja1/Tgfb2/Trpm4/Mgll/Ptgs2/Cysltr1/Itga9/Gaa/Hopx/Ccn2/Bin1/Pdgfb/Smad6/Ptgs1/Thra/Add3/Pde4b/Ace/Adm/Cav1/Ptpn1/Cacna1d/Per2/Slc8a1/Tmem38b/Cx3cl1/Gch1/Rbfox2/Adora3",52
"GO:0006086","pyruvate decarboxylation to acetyl-CoA","9/2646","19/25615",0.473684210526316,4.58557107053348,5.30654270431282,4.64277341086501e-05,0.000544255043638628,0.000335907560740615,"Pdp1/Tpk1/Bckdk/Mpc1/Dld/Sirt4/Pgk1/Pdk3/Pdk1",9
"GO:1901873","regulation of post-translational protein modification","46/2646","245/25615",0.187755102040816,1.81759143566724,4.36437159704958,4.65862698261231e-05,0.000545118756581083,0.000336440633811911,"Hif1a/Tollip/Mtor/Cul3/Abca2/Tnip1/Gnl3/Cblb/Prkn/Gtpbp4/Cdc20/Sash1/Ogt/Wnk1/Birc3/Rnf180/Pias3/Cdc14b/Septin4/Zc3h12a/Trim21/Dcun1d2/Peli1/Nod2/Pinx1/Egr1/Herpud1/Crtap/N4bp1/Sphk1/Tnfaip3/Pdcd6/Dtx3l/Arrb1/Birc2/Arrdc4/Cdk1/Dcun1d5/Cav1/Per2/Nlrc3/Mycbp2/Cry1/Birc5/Cep78/Amer1",46
"GO:1905521","regulation of macrophage migration","15/2646","47/25615",0.319148936170213,3.08956916099773,4.86653531065512,4.71960772989945e-05,0.000550921415101465,0.000340021963727314,"Bcr/Trem1/Mmp14/Mtus1/Trpv4/Thbs1/Cd81/Csf1r/C3ar1/P2ry12/Mapk3/Cd200r1/Cx3cl1/Cx3cr1/Trem2",15
"GO:0035265","organ growth","44/2646","231/25615",0.19047619047619,1.84393334053198,4.37317325629814,4.72536892467165e-05,0.000550921415101465,0.000340021963727314,"Akap1/Mtor/Npr2/Parp2/Ehmt2/Por/Ly6e/Acacb/Rarg/Mef2c/Serp1/Adrb1/Cdk20/Rgs2/Dusp6/Mapk14/Fgf9/Ext1/Meis1/Sox9/Edn1/Gja1/Tgfb2/Ccnb1/Rxra/Bcl2/Wt1/Dipk2a/Thbs1/Tgfbr2/Fgfr1/Fosl2/Cdk1/Pim1/Tmem38b/Ankrd26/Jarid2/Pin1/Igf1/Smo/Ccm2l/Kdr/Smpd3/Acvr2b",44
"GO:0060349","bone morphogenesis","27/2646","117/25615",0.230769230769231,2.23399616256759,4.54063152709201,4.82582326068476e-05,0.00056042000218641,0.000345884375579036,"Npr2/Por/Tifab/Rarg/Mef2c/Sik3/Ski/Ext1/Dhrs3/Acp5/Col13a1/Sox9/Mmp14/Tmem107/Nfix/Trpv4/Thbs1/Tgfbr2/Fosl2/Hspg2/Atg9a/Bmp4/Ifitm5/Tmem119/Inppl1/Col3a1/Smpd3",27
"GO:0071346","cellular response to type II interferon","27/2646","117/25615",0.230769230769231,2.23399616256759,4.54063152709201,4.82582326068476e-05,0.00056042000218641,0.000345884375579036,"Tlr2/Irf8/Jak2/Ciita/Acod1/Edn1/Stxbp1/Ass1/Myo18a/Tyk2/Evl/Cd47/Stxbp3/Zyx/Aif1/Rab20/Pparg/Epsti1/Arg1/Pim1/Irgm2/Camk2a/Rab11fip5/Stx11/Stat1/Cdc42ep2/Rab7b",27
"GO:0070266","necroptotic process","13/2646","37/25615",0.351351351351351,3.40130947273804,4.96110345129305,4.8348969261768e-05,0.00056042000218641,0.000345884375579036,"Ripk3/Rnf31/Fadd/Birc3/Parp1/Peli1/Bok/Cflar/Birc2/Cav1/Fas/Ipmk/Casp6",13
"GO:1901654","response to ketone","50/2646","274/25615",0.182481751824818,1.76654197769943,4.3297411028556,4.8417356975943e-05,0.00056042000218641,0.000345884375579036,"Ncf1/Ccnd1/Nr3c2/Haghl/Por/Htr7/Jak2/Ccl19/Pck2/Fosb/Lipa/Gnai1/Tfap4/P2ry6/Ptger2/Prkn/Foxo3/Adam15/Ddit4/Acod1/Inhbb/Src/Edn1/Tgfb2/Ass1/Stk39/Jun/Mmp14/Adh1/Pld2/Cflar/Gas6/Glb1/Gatd1/Btg2/Tgfb3/Bmp4/Cav1/Abcb4/Serpinf1/Aqp1/Cbr1/Fos/Ifitm5/Mbp/Comt/Prkd1/Plcg1/Elk1/Pnkd",50
"GO:0051250","negative regulation of lymphocyte activation","36/2646","176/25615",0.204545454545455,1.98013296227582,4.428471864746,4.86354854474592e-05,0.000561932299486471,0.00034681774698848,"Id2/Runx3/Axl/Cblb/Ceacam1/Cd274/Arg2/Cd80/Adora2a/Sdc4/Zc3h12a/Spn/Hfe/Lyn/Clec12a/Peli1/Zc3h12d/Atm/Samsn1/Prnp/Cebpb/Glmn/Tnfaip3/Prdm1/Vsir/Arg1/Dusp22/Zc3h8/Bmp4/Hmgb3/Mapk3/Bank1/Ildr2/Fas/Lst1/Tnfaip8l2",36
"GO:0043903","regulation of biological process involved in symbiotic interaction","14/2646","42/25615",0.333333333333333,3.22688334593097,4.90223190203403,4.8855624539268e-05,0.000563462355548038,0.000347762078888468,"Cxcl1/Trim30d/Trim30b/Trim12c/Trim12a/Bst2/Cd4/Trim30a/Arg1/Furin/Cav1/Trim30c/Trim5/Smpd1",14
"GO:0046486","glycerolipid metabolic process","67/2646","400/25615",0.1675,1.62150888133031,4.25216812027866,4.93991909154148e-05,0.000568710398639113,0.000351001106939726,"Prkaca/Lipg/Daglb/Dgkd/Pck2/Lipa/Efr3b/Inpp1/Agmo/Agpat5/Ttc7/Capn2/Far1/Pip4k2b/Pgap1/Inpp5f/Agpat2/Pigc/Apobec1/Serinc5/Napepld/Cpt1a/Plaat3/Mgll/Atm/Pik3r5/Abhd12/Pdgfa/Pld2/Acp6/Scd1/Pnpla7/Fabp4/Pdgfb/Pigv/Slc27a1/Pigp/Cav1/Sik1/Lpin1/Enpp2/Pi4k2b/Abhd6/Pnpla2/Pigh/Acsl4/Dgat2/Prdx6/Pigz/Thrsp/Lpin3/Dgke/Pgs1/Mppe1/Pla2g15/Itpkc/Cat/Pigg/Fig4/Inppl1/Plcg1/Plcb2/Pigq/Pld1/Ipmk/Plscr1/Pigu",67
"GO:1905517","macrophage migration","19/2646","69/25615",0.27536231884058,2.6656862422908,4.70239242138864,4.96847900802855e-05,0.000570975118919059,0.000352398864615816,"Bcr/Gpr35/Mmp9/Trem1/Mmp14/Ccl3/Mtus1/Trpv4/Thbs1/Cd81/Csf1r/C3ar1/P2ry12/Mapk3/Cd200r1/Cyp4f13/Cx3cl1/Cx3cr1/Trem2",19
"GO:0032965","regulation of collagen biosynthetic process","17/2646","58/25615",0.293103448275862,2.83743190762895,4.75480699253065,5.14903028236122e-05,0.000588565311990898,0.000363255316782461,"Acvr1b/Ager/Ciita/Suco/Cbx8/Cygb/Mrtfa/Prdx5/Eng/Adora2b/Got1/Ccn2/Pparg/Rgcc/Pdgfb/Tgfb3/Bmp4",17
"GO:0098586","cellular response to virus","17/2646","58/25615",0.293103448275862,2.83743190762895,4.75480699253065,5.14903028236122e-05,0.000588565311990898,0.000363255316782461,"Hif1a/Rrp1b/Ccl19/Ikbke/Wdfy4/Mapk14/Ext1/Adar/Zc3h12a/Smad3/Gsdme/Cxcl10/Nlrp3/Ifi44/Irgm2/Gm11772/Riok3",17
"GO:1902895","positive regulation of miRNA transcription","17/2646","58/25615",0.293103448275862,2.83743190762895,4.75480699253065,5.14903028236122e-05,0.000588565311990898,0.000363255316782461,"Hif1a/Gnl3/Foxo3/Tgfb2/Mrtfa/Stat3/Jun/Egr1/Wt1/Smad3/Pparg/Pdgfb/Smad6/Bmp4/Bmp2/Fos/Klf4",17
"GO:0045926","negative regulation of growth","46/2646","246/25615",0.186991869918699,1.81020285259542,4.3338335359035,5.16555996064331e-05,0.000589405989114967,0.000363774172428205,"Akap1/Hif1a/Dact3/Sema6d/Sox17/Mt2/Arhgap4/Acvr1b/Mndal/Osgin2/Hyal2/Ccr5/Adrb1/Tspyl2/Adam15/Gdf9/Ptch1/Rgs2/Caprin2/Mt1/Socs2/Gja1/Tgfb2/Sh3bp4/Zc3h12d/Cirbp/Bcl2/Wt1/Cdkn2d/Smad3/Ing4/Ulk2/Tgfbr2/Bst2/Sema3f/Pparg/Pml/Prdm4/Smarca2/Ccdc85b/Serpine2/Dcbld2/Ankrd26/Jarid2/Nrp1/Acvrl1",46
"GO:2001242","regulation of intrinsic apoptotic signaling pathway","39/2646","197/25615",0.197969543147208,1.91647386534986,4.38273375782448,5.18162194768573e-05,0.000590190414750587,0.000364258310342816,"Hif1a/Ripk3/Ackr3/Tifab/Mdm2/Nacc2/Prkn/Selenos/S100a8/Mmp9/Sod2/Bclaf1/Src/Septin4/Parp1/Prkra/Steap3/Stat3/Snai1/Bcl2/Ptgs2/Plagl2/Lck/Cdkn2d/Herpud1/Nupr1/Bok/Cxcl12/Gsdme/Plaur/Knl1/Bcl2l12/Bub1/Cav1/Ptpn1/Fcgr2b/Trem2/Trim32/Plscr1",39
"GO:0110053","regulation of actin filament organization","51/2646","282/25615",0.180851063829787,1.75075585789871,4.30271470493138,5.21484193257406e-05,0.000592922912829306,0.000365944774758863,"Tlr2/Mtor/Eps8/Snx9/Gba2/Arpin/Vasp/Rnh1/Cdc42ep3/Prkn/Arhgap6/Pik3r2/Mtss1/Add1/Sdc4/Cdc42ep1/Gja1/Arhgef15/Mrtfa/Dbnl/Clec2i/Arhgef10/Evl/Myadm/Smad3/Eln/Cd47/Arhgef18/Sh3pxd2b/Kank3/Ccn2/Pdlim4/Bin1/Arhgap18/Rgcc/Add3/Tgfb3/Ccl24/Arhgef10l/Ppp1r9a/Cx3cl1/Limch1/Kank2/Dbn1/Tmod1/Capn1/Nrp1/Inppl1/Cdc42ep5/Fer/Cdc42ep2",51
"GO:0032481","positive regulation of type I interferon production","25/2646","105/25615",0.238095238095238,2.30491667566498,4.54762640978438,5.23906399211865e-05,0.000593575786338099,0.000366347720308701,"Tlr2/Oas1a/Cul3/Rab2b/Mavs/Sting1/Ikbke/Clec12a/Tbk1/Oas1c/Oas1g/Cd14/Oas3/Polr3b/Traf6/Arrdc4/Dhx58/Kpna2/Trim65/Riok3/Ticam2/Siglec1/Stat1/Rnf135/Zbtb20",25
"GO:1902117","positive regulation of organelle assembly","25/2646","105/25615",0.238095238095238,2.30491667566498,4.54762640978438,5.23906399211865e-05,0.000593575786338099,0.000366347720308701,"Hif1a/Rab3gap2/Sass6/Tapt1/Snx30/Pip4k2b/Palld/Sdc4/Crocc/Sdc1/Src/Atm/Wipi1/Hap1/Fuz/Lrsam1/Wrap73/Poc1b/Snx18/Chek2/Rab11fip3/Numa1/Plk4/Septin9/Trim32",25
"GO:0007584","response to nutrient","35/2646","170/25615",0.205882352941176,1.99307500778089,4.40928188462715,5.34357238085173e-05,0.000604350510116047,0.000372997748129679,"Gstt1/Ccnd1/Lipg/Mtor/Hlcs/Por/Lipa/Agl/Mdm2/Arsb/Sod2/Maf/Slc27a4/Ogt/Arsa/Ass1/Ncoa3/Folr2/Cpt1a/Eif2ak2/Rxra/Cdkn2d/Scd1/Gas6/Fasn/Tfrc/Slc16a1/Ahcy/Dnmt3a/Pim1/Gatm/Dgat2/Kank2/Cat/Pld1",35
"GO:0062208","positive regulation of pattern recognition receptor signaling pathway","24/2646","99/25615",0.242424242424242,2.34682425158616,4.55706063381113,5.38580889600002e-05,0.000608056877819053,0.00037528527297465,"Zdhhc9/Mavs/Usp50/Slc15a4/Sting1/Ddx60/Lyn/Peli1/Zdhhc1/Nagk/Cd14/Lbp/Ppp2ca/Abhd17a/Slc46a2/Mfhas1/Dhx58/Nlrp3/Slc15a3/Trim65/Znrf1/Prkd1/Ticam2/Adcy7",24
"GO:0015833","peptide transport","63/2646","371/25615",0.169811320754717,1.64388396868181,4.24011914240137,5.40964916436673e-05,0.0006096769514367,0.000376285162610005,"Chd7/Alox5/Slc15a2/Stx4a/Clcf1/Hif1a/Nr1d1/Fkbp1b/Jak2/Cd38/Pck2/Gabbr1/Serp1/Syt7/Prkn/S100a8/Slc7a11/Slc15a4/Hmgcr/Fam3a/Myo5a/Inhbb/Edn1/Gja1/Lrrc8a/Hfe/Trpm4/Cpt1a/Rab3a/Abcg1/Pde8b/Il1rn/Hadh/Stxbp3/Klf7/Trpv4/Arrb1/Pparg/Itsn1/Glrx/Slc16a1/Sirt4/Pde4c/Rapgef4/Cacna1d/Per2/Aqp1/Map4k4/Acsl4/Ildr2/Slc13a3/Slc15a3/Trpm2/Psmd9/Prkd1/Rab11fip5/Rab8b/Abcc4/Gna11/Birc5/Il1b/Smpd3/Acvr2b",63
"GO:0045862","positive regulation of proteolysis","21/2646","81/25615",0.259259259259259,2.50979815794631,4.61917644843627,5.42490671353675e-05,0.000610325757053591,0.000376685597506681,"Snx9/Rcn3/Hpse/Tnfrsf1b/Ogt/Fadd/Src/Asph/Mmp14/Cln6/Timm17a/Ist1/Sh3d19/Adam9/Astl/Fuz/Vsir/Adam8/Spon1/Il1b/Trim32",21
"GO:0001960","negative regulation of cytokine-mediated signaling pathway","23/2646","93/25615",0.247311827956989,2.39413925665846,4.5714382431749,5.47552283242126e-05,0.000612800673788749,0.000378213085865788,"Oas1a/Traf3ip2/Naip5/Ppp2cb/Adar/Samhd1/Oas1c/Oas1g/Il1rn/Padi2/Oas3/Rffl/Sigirr/Gas6/Il1r2/Pparg/Naip6/Arg1/Cav1/Tax1bp1/Rabgef1/Trem2/Irak3",23
"GO:0002260","lymphocyte homeostasis","23/2646","93/25615",0.247311827956989,2.39413925665846,4.5714382431749,5.47552283242126e-05,0.000612800673788749,0.000378213085865788,"Tnfrsf17/Ccnb2/Hif1a/Ripk3/Traf3ip2/Tsc22d3/Sh2b2/Mef2c/Dock10/Fadd/Tgfb2/Lyn/Bcl2/Cd47/Tnfaip3/Ppp2ca/Pacs1/Slc46a2/Slc40a1/Gapt/Zc3h8/Fas/Sos1",23
"GO:0043299","leukocyte degranulation","23/2646","93/25615",0.247311827956989,2.39413925665846,4.5714382431749,5.47552283242126e-05,0.000612800673788749,0.000378213085865788,"Stx4a/Myo1f/Fcgr4/Bcr/Gnai1/D6Wsu163e/Ceacam1/Anxa3/Lyn/Stxbp1/Unc13d/Ighm/Itgam/Cd84/Ccl3/Stxbp3/Adora2b/Pld2/Pram1/Rabgef1/Fcer1g/Stx11/Adora3",23
"GO:0033157","regulation of intracellular protein transport","37/2646","184/25615",0.201086956521739,1.94665245325183,4.37401568352533,5.6397884069543e-05,0.000628949584169544,0.000388179995971693,"Akap1/Prkaca/Chchd4/Jak2/Mllt6/Camk1/Mavs/Mdm2/Sp100/Hyal2/Pik3r2/Jup/Aldh7a1/Kif3a/Atp13a2/Septin8/Mapk14/Ptpn14/Prr5l/Asph/Zc3h12a/Ptgs2/Chp2/Ufm1/Csprs/Gas6/Cd81/Tek/Cdk1/Bmp4/Ptpn1/Prkd1/Svip/Nf1/Smo/Nup54/Rab29",37
"GO:0001573","ganglioside metabolic process","11/2646","28/25615",0.392857142857143,3.80311251484721,5.03700567448099,5.64769653950303e-05,0.000628949584169544,0.000388179995971693,"Abca2/St6galnac3/B4galt6/Naglu/St3gal2/St8sia4/Cln6/Glb1/Hexb/Hexa/Neu1",11
"GO:0002532","production of molecular mediator involved in inflammatory response","27/2646","118/25615",0.228813559322034,2.21506399169837,4.49012251514239,5.64918913552034e-05,0.000628949584169544,0.000388179995971693,"Ncf1/Alox5/Hif1a/Mefv/Chid1/Jak2/Lipa/Per1/Chil3/Mapk14/Appl2/Zc3h12a/Lyn/Abcd1/Stat3/Nod2/Il4ra/Pld3/Lbp/Pld4/Il1r2/Abcd2/Nlrc3/Trem2/Fcer1g/Adcy7/Adora3",27
"GO:0046879","hormone secretion","69/2646","417/25615",0.165467625899281,1.60183417891537,4.2055656668968,5.69030772772418e-05,0.000632431433268168,0.000390328950678234,"Chd7/Alox5/Stx4a/Clcf1/Hif1a/Nr1d1/Fkbp1b/Jak2/Cd38/Osm/Pck2/Gabbr1/Serp1/Syt7/Prkn/Gdf9/Hmgcr/Fam3a/Myo5a/Inhbb/Edn1/Gja1/Lrrc8a/Hfe/Lyn/Trpm4/Cpt1a/Rab3a/Abcg1/Pde8b/Il1rn/Hadh/Stxbp3/Klf7/Trpv4/Fgfr1/C1qtnf1/Cry2/Abcb1a/Arrb1/Pparg/Itsn1/Acvr2a/Glrx/Slc16a1/Selenom/Sirt4/Pde4c/Rapgef4/Cacna1d/Per2/Aqp1/Map4k4/Rab11fip3/Acsl4/Ildr2/Rab11fip1/Cry1/Trpm2/Psmd9/Prkd1/Rab11fip5/Rab8b/Gna11/Birc5/Il1b/Smpd3/Acvr2b/Adora3",69
"GO:0045071","negative regulation of viral genome replication","16/2646","53/25615",0.30188679245283,2.92246038876767,4.75510923825889,5.71822380917664e-05,0.000633048820748094,0.000390709994684785,"Oas1a/Fam111a/Mavs/Oasl2/Adar/Oas1c/Eif2ak2/Oas1g/Ifitm2/N4bp1/Bst2/Oas3/Znfx1/Ifitm1/Slpi/Plscr1",16
"GO:0002822","regulation of adaptive immune response based on somatic recombination of immune receptors built from immunoglobulin superfamily domains","46/2646","247/25615",0.186234817813765,1.80287409610718,4.30343637906763,5.72239967634792e-05,0.000633048820748094,0.000390709994684785,"Clcf1/Zdhhc9/Ripk3/Jak2/Ccl19/Aplf/Mef2c/Cd40/Ager/H2-T23/Ceacam1/Cd274/Slc15a4/Cd80/Shld3/Cd28/Tnfrsf1b/Fadd/Malt1/Zc3h12a/Spn/Hfe/Trpm4/Tyk2/Nod2/Shld1/Msh2/Tnfaip3/Pvr/Cd4/Cd81/Traf6/Il1r1/Tfrc/Il7r/Vsir/Arg1/Dusp22/Mapk3/Nlrp3/Trem2/Kmt5c/Fcer1g/H2-T24/Il1b/Mr1",46
"GO:0032613","interleukin-10 production","18/2646","64/25615",0.28125,2.72268282312925,4.68332113171519,5.73528041213248e-05,0.000633048820748094,0.000390709994684785,"Tlr2/Tslp/Ager/Cd274/Lilra5/Cd28/Hgf/Stat3/Nod2/Bcl3/Cd84/Cd47/Thbs1/Vsir/Trib2/Trem2/Fcer1g/Irf4",18
"GO:0032653","regulation of interleukin-10 production","18/2646","64/25615",0.28125,2.72268282312925,4.68332113171519,5.73528041213248e-05,0.000633048820748094,0.000390709994684785,"Tlr2/Tslp/Ager/Cd274/Lilra5/Cd28/Hgf/Stat3/Nod2/Bcl3/Cd84/Cd47/Thbs1/Vsir/Trib2/Trem2/Fcer1g/Irf4",18
"GO:0001933","negative regulation of protein phosphorylation","42/2646","219/25615",0.191780821917808,1.85656302094658,4.32077148562133,5.89703047814721e-05,0.000649785999856221,0.000401039977059046,"Mtor/Ubash3b/Tfap4/Rgs14/Dusp7/Ager/Ceacam1/Rassf2/Hmgcr/Adora2a/Nnt/Dusp6/Adar/Ogt/Hgf/Zgpat/Prr5l/Zc3h12a/Lyn/Cadm1/Spry4/Ccnb1/Jun/Samsn1/Tsc2/Gprc5a/Fabp4/Arrb1/Cep85/Aida/Cav1/Ptpn1/Ppp1r15b/Rabgef1/Spry1/Dbndd2/Tmed2/Igf1/Nf1/Inppl1/Psen2/Gadd45a",42
"GO:0046394","carboxylic acid biosynthetic process","60/2646","350/25615",0.171428571428571,1.65954000647878,4.21675233134294,6.10001697921718e-05,0.000670260760066783,0.000413676748806898,"Alox5/Tbxas1/Lipg/Daglb/Prkag2/Nr1d1/Adi1/Scd2/Pck2/Fads1/Cyp27a1/Acacb/Angptl4/Gamt/Ceacam1/Acss1/Pcbd2/Nans/Sco1/Aldh18a1/Myo5a/Ptges/Edn1/Ggt5/Ass1/Abcd1/Mgll/Hacd4/Decr2/Ptgs2/Pecr/Gnmt/Got1/Sigmar1/Mri1/Sphk1/Scd1/Gstm2/Fasn/Eif6/Hsd17b4/Gatd1/Ptgs1/Asns/Uros/Gatm/Ltc4s/Per2/Abcd2/Acsl4/Mgst3/Prxl2b/Acss2/Apip/Gstm1/Tha1/Nanp/Il1b/Nme1/Asah2",60
"GO:0002819","regulation of adaptive immune response","48/2646","262/25615",0.183206106870229,1.77355420539717,4.27158740778248,6.12319953072427e-05,0.000670260760066783,0.000413676748806898,"Clcf1/Zdhhc9/Ripk3/Jak2/Ccl19/Aplf/Mef2c/Cd40/Ager/H2-T23/Ceacam1/Cd274/Slc15a4/Cd80/Shld3/Cd28/Tnfrsf1b/Fadd/Malt1/Zc3h12a/Spn/Hfe/Trpm4/Tyk2/Nod2/Samsn1/Shld1/Msh2/Tnfaip3/Pvr/Cd4/Cd81/Traf6/Il1r1/Tfrc/Il7r/Vsir/Arg1/Dusp22/Mapk3/Nlrp3/Trem2/Kmt5c/Fcer1g/H2-T24/Il1b/Adcy7/Mr1",48
"GO:0003158","endothelium development","32/2646","151/25615",0.211920529801325,2.05152848483028,4.39854238505363,6.12458073099629e-05,0.000670260760066783,0.000413676748806898,"Ccm2/Sox17/Lipa/Pde4d/Hpse/Ceacam1/Add1/Amotl2/Ppp1r16b/Sox18/Edn1/Naglu/Mrtfa/Cldn5/S1pr2/Pde2a/Hey1/Cysltr1/Myadm/Plod3/Fasn/Slc40a1/Pdpn/Pdgfb/Bmp4/Lcn2/Cxcl10/Apold1/Il1b/Acvrl1/Kdr/Acvr2b",32
"GO:0007266","Rho protein signal transduction","32/2646","151/25615",0.211920529801325,2.05152848483028,4.39854238505363,6.12458073099629e-05,0.000670260760066783,0.000413676748806898,"Eps8/Cul3/Sema4d/Ccl19/Nradd/Bcr/Rhoj/Scai/Cdc42ep3/Dock10/Adrb1/Ralbp1/Cdc42ep1/Gna12/Dock8/Arhgef15/Stard8/Arhgef10/Nfix/Gna13/Arhgef18/Kank3/Arrb1/Pdpn/Kank2/Pin1/Nrp1/Arhgef3/Col3a1/Cdc42ep5/Ophn1/Cdc42ep2",32
"GO:0072124","regulation of glomerular mesangial cell proliferation","7/2646","12/25615",0.583333333333333,5.64704585537919,5.46493161137703,6.16268858428053e-05,0.000673284208595546,0.000415542784284552,"Pdgfd/Egr1/Wt1/Cflar/C3ar1/Pdgfb/Bmp4",7
"GO:0006029","proteoglycan metabolic process","25/2646","106/25615",0.235849056603774,2.28317217872474,4.49317909074513,6.19115111469182e-05,0.000675245411897797,0.000416753214991765,"Sgsh/Hpse/Chst14/Dsel/Arsb/Dse/Idua/Hgsnat/Ext1/Chst12/Naglu/Sulf2/Chst11/Man1c1/Glb1/Xylt2/Bmp2/Ids/Mustn1/Hexb/Hexa/Chst7/Igf1/Xylt1/Hs6st1",25
"GO:0045931","positive regulation of mitotic cell cycle","30/2646","138/25615",0.217391304347826,2.10448913865063,4.41559698119352,6.25866050127717e-05,0.000681451441698382,0.000420583500731077,"Ccnd1/Cul3/Sass6/Adamts1/Mdm2/Cdc20/Klhl18/Rad51b/Ube2c/Mblac1/Ccnb1/Rcc2/Rrm2/Dbf4/Aif1/Sphk1/Fgfr1/Tal1/Rgcc/Pdgfb/Cdk1/Pim1/Asns/Brca2/Cenpe/Ccne1/Ska1/Lmnb1/Aurka/Birc5",30
"GO:0090150","establishment of protein localization to membrane","51/2646","284/25615",0.179577464788732,1.73842659129379,4.24720192115342,6.298717007224e-05,0.000684652420548341,0.000422559105753097,"Ncf1/Tomm40/Timm10/Zdhhc9/Rab3gap2/Rapsn/Chml/Vamp5/Timm8a1/Blzf1/Aldh7a1/Cd24a/Gorasp2/Cnst/Ogt/Wnk1/Snap47/Srp9/Clstn1/Rab10/Folr2/Rab5if/Zdhhc1/Lyplal1/Itgam/Prnp/Zdhhc6/Tsc2/Epb41l1/Snx27/Emc9/Syne3/Rab31/Sec61g/Gorasp1/Vps37c/Sgtb/Mylk/Srp19/Emc7/Irgm2/Rab11fip3/Rabgef1/Sec61a2/Maip1/Emc6/Camk2a/Rilpl2/Rab8b/Trmt10b/Rtp3",51
"GO:0002700","regulation of production of molecular mediator of immune response","37/2646","185/25615",0.2,1.93613000755858,4.33721977774315,6.35850928193682e-05,0.000688820634522127,0.000425131676471447,"Tlr2/Stx4a/Clcf1/Mavs/Aplf/Cd40/Slc15a4/Shld3/Cd27/Cd28/Tnfrsf1b/Malt1/Tgfb2/Hfe/Trpm4/Ighm/Nod2/Shld1/Msh2/Bst2/Tnfaip3/Cd81/Traf6/Il1r1/Tfrc/Tek/Tril/Vsir/Arg1/Tgfb3/Nlrp3/Cd37/Kmt5c/Fcer1g/Sema7a/Irak3/Il1b",37
"GO:1902905","positive regulation of supramolecular fiber organization","37/2646","185/25615",0.2,1.93613000755858,4.33721977774315,6.35850928193682e-05,0.000688820634522127,0.000425131676471447,"Mtor/Snx9/Gda/Vasp/Cdc42ep3/Mtss1/Sdc4/Togaram1/Cdc42ep1/Nav3/Edn1/Arhgef15/Mrtfa/Arhgef10/Evl/Smad3/Cd47/Trpv4/Sh3pxd2b/Ccn2/Pdlim4/Bin1/Rgcc/Tgfb3/Cav1/Ccl24/Arhgef10l/Stmn2/Numa1/Ska1/Cx3cl1/Limch1/Prkd1/Nrp1/Cdc42ep5/Fer/Cdc42ep2",37
"GO:0051701","biological process involved in interaction with host","33/2646","158/25615",0.208860759493671,2.02190791928586,4.37319935696203,6.41212733177326e-05,0.000693459696621404,0.000427994848897879,"Vapa/Trim30d/Zdhhc9/Eps15/Axl/Hyal2/Ceacam1/Naip5/Slc7a1/Trim30b/Nectin1/Cav2/Trim12c/Trim12a/Cd300ld/Tpcn1/Slc3a2/Pvr/Cd4/Nectin4/Trim30a/Gas6/Cd81/Furin/Cav1/Trim30c/Trim5/Smpd1/Nrp1/Siglec1/Myh10/Plscr1/Cd300lf",33
"GO:0046847","filopodium assembly","20/2646","76/25615",0.263157894736842,2.54753948362971,4.58573726930301,6.44491410362956e-05,0.00069466658056571,0.000428739722917086,"Fgd3/Dnm3/Agrn/Vasp/Ppp1r16b/Neurl1a/Fmnl3/S1pr2/Srgap2/Tgfb3/Fgd4/Ppp1r9a/Fgd2/Palm/Trpm2/Dbn1/Spata13/Nrp1/Espn/Zmynd8",20
"GO:0060350","endochondral bone morphogenesis","20/2646","76/25615",0.263157894736842,2.54753948362971,4.58573726930301,6.44491410362956e-05,0.00069466658056571,0.000428739722917086,"Npr2/Por/Rarg/Mef2c/Sik3/Ext1/Col13a1/Sox9/Mmp14/Nfix/Trpv4/Thbs1/Tgfbr2/Fosl2/Hspg2/Bmp4/Tmem119/Inppl1/Col3a1/Smpd3",20
"GO:0043457","regulation of cellular respiration","17/2646","59/25615",0.288135593220339,2.78933984139795,4.67019459378264,6.54242784406269e-05,0.000702818670071216,0.000433771092920433,"Prkaca/Slc25a33/Oas1a/Chchd4/Stard7/Oas1c/Abcd1/Oas1g/Pde2a/Iscu/Nupr1/Trpv4/Ide/Cbfa2t3/Slc25a23/Tefm/Cisd1",17
"GO:0070269","pyroptotic inflammatory response","17/2646","59/25615",0.288135593220339,2.78933984139795,4.67019459378264,6.54242784406269e-05,0.000702818670071216,0.000433771092920433,"Zdhhc9/Mefv/Gsdmd/Naip5/Mapk14/Ogt/Trim21/Map2k3/Map2k6/Gsdme/Naip6/Nlrp3/Apip/Trem2/Smpd1/Traf1/Casp6",17
"GO:1904646","cellular response to amyloid-beta","14/2646","43/25615",0.325581395348837,3.15183954718838,4.79318667600552,6.55918365917891e-05,0.000703442334333311,0.000434156010880221,"Cacna1a/Snx6/Ager/Foxo3/Fpr2/Gja1/Parp1/Prnp/Lcn2/Fcgr2b/Epha4/Atp1a3/Trem2/Igf1",14
"GO:0008361","regulation of cell size","41/2646","213/25615",0.192488262910798,1.86341150962211,4.29473387931404,6.58179285005022e-05,0.000703522183417973,0.000434205292759313,"Mtor/Eif2b2/Sema6d/Sema4d/Arhgap4/Plxna4/Olfm1/Slc12a6/Ccr5/Add1/Jup/Ogt/L1cam/Wnk1/Src/Edn1/Lrrc8a/C1qtnf9/Stk39/Cdkl5/Dbnl/Mgll/Mitf/Ist1/Kcnn4/Tsc2/Ulk2/Sema3f/Cxcl12/Ccdc51/Il7r/Akt3/Rnd2/Aqp1/Slc12a2/Dbn1/Cln8/Prkd1/Sema7a/Nrp1/Plcg1",41
"GO:0090287","regulation of cellular response to growth factor stimulus","58/2646","336/25615",0.172619047619048,1.67106458985711,4.20258586369613,6.58183113689604e-05,0.000703522183417973,0.000434205292759313,"Strap/Hif1a/Dand5/Cxcl13/Vegfb/Zfyve9/Tnfaip6/Htra3/Snx6/Ski/Fgf9/Nedd4/Ogt/Il17rd/Tspan32/Neo1/Ldlrad4/Jcad/Bcl9l/Sema6a/Cav2/Spry4/Sulf2/Gpr155/Chst11/Smad3/Eng/Got1/Thbs1/Nrep/Pdcd6/Htra1/Nbl1/Cflar/Myof/Pparg/Cdkn1c/Pdgfb/Smad6/Tek/Vsir/Furin/Brms1/Tgfb3/Tmem204/Bmp4/Bmp2/Cav1/Lrg1/Ptpn1/Spry1/Numa1/Pin1/Ccn1/Nrp1/Pmepa1/Acvrl1/Kdr",58
"GO:0001773","myeloid dendritic cell activation","13/2646","38/25615",0.342105263157895,3.31180132871862,4.84038698163824,6.65718365143916e-05,0.000710394481342943,0.000438446791041491,"Relb/Stard7/Dock2/Batf3/Cd244a/Tspan32/Tnfsf9/Tgfbr2/Traf6/Batf/Cd37/Clec4d/Irf4",13
"GO:0034312","diol biosynthetic process","10/2646","24/25615",0.416666666666667,4.03360418241371,5.04642107668461,6.80739583491768e-05,0.000724018391448861,0.000446855301839723,"Ephx1/Pts/Abca2/Pcbd2/Spr/Acer2/Sphk1/Qdpr/Gch1/Asah2",10
"GO:0046596","regulation of viral entry into host cell","10/2646","24/25615",0.416666666666667,4.03360418241371,5.04642107668461,6.80739583491768e-05,0.000724018391448861,0.000446855301839723,"Trim30d/Trim30b/Trim12c/Trim12a/Cd4/Trim30a/Furin/Trim30c/Trim5/Smpd1",10
"GO:0031648","protein destabilization","18/2646","65/25615",0.276923076923077,2.68079539508111,4.60509564102514,7.17247989453162e-05,0.000759077608607432,0.000468493422156401,"Mtor/Nr1d1/Cul3/Sox17/Serf1/Mdm2/Prkn/Ccdc88c/Src/Trim21/Isoc2b/Prnp/Rad23a/D2hgdh/Rnf5/Bmp2/Irgm2/Pin1",18
"GO:0046622","positive regulation of organ growth","18/2646","65/25615",0.276923076923077,2.68079539508111,4.60509564102514,7.17247989453162e-05,0.000759077608607432,0.000468493422156401,"Mtor/Parp2/Acacb/Mef2c/Serp1/Adrb1/Cdk20/Mapk14/Fgf9/Edn1/Ccnb1/Wt1/Fgfr1/Cdk1/Pim1/Pin1/Igf1/Smo",18
"GO:2000630","positive regulation of miRNA metabolic process","18/2646","65/25615",0.276923076923077,2.68079539508111,4.60509564102514,7.17247989453162e-05,0.000759077608607432,0.000468493422156401,"Hif1a/Gnl3/Foxo3/Zc3h12a/Tgfb2/Mrtfa/Stat3/Jun/Egr1/Wt1/Smad3/Pparg/Pdgfb/Smad6/Bmp4/Bmp2/Fos/Klf4",18
"GO:0071526","semaphorin-plexin signaling pathway","16/2646","54/25615",0.296296296296296,2.86834075193864,4.66473122138592,7.35236903864022e-05,0.000775560241448683,0.000478666301685955,"Sema6d/Sema4d/Plxna4/Mef2c/Edn1/Sema6a/Sema4a/Sema6b/Sema3f/Sema4c/Trem2/Sema7a/Nrp1/Plxnc1/Kdr/Plxnb2",16
"GO:0097300","programmed necrotic cell death","16/2646","54/25615",0.296296296296296,2.86834075193864,4.66473122138592,7.35236903864022e-05,0.000775560241448683,0.000478666301685955,"Ripk3/Rnf31/Fadd/Birc3/Parp1/Map3k5/Peli1/Nupr1/Bok/Cflar/Birc2/Atg9a/Cav1/Fas/Ipmk/Casp6",16
"GO:0006260","DNA replication","52/2646","293/25615",0.177474402730375,1.71806758349908,4.19577999476994,7.37037760369731e-05,0.000776185339772976,0.000479052104731403,"Ehmt2/Poli/Fhit/Fam111a/Lig1/Ager/Rbbp6/Pold1/Tspyl2/Gtpbp4/Baz1a/Gins1/Kmt5a/Rad50/Pole2/Samhd1/Hltf/Smarcal1/Aktip/Parp1/Dach1/Wdhd1/Jun/Rad18/Atm/Rfc1/Zranb3/Nfix/Dbf4/Primpol/Msh2/Twnk/Fgfr1/Pola1/Tk2/Gins3/Nfic/Top1mt/Pdgfb/Nfia/Cdk1/Brca2/Ctc1/Grwd1/Cdt1/Lrwd1/Ccne1/Ccna2/Jade1/Inppl1/Orc6/Blm",52
"GO:0014706","striated muscle tissue development","78/2646","490/25615",0.159183673469388,1.54100143458744,4.10398722460598,7.4505926105516e-05,0.000783348722261595,0.000483473256848464,"Chd7/Akap1/Mtor/Cenpf/Hdac5/Nr4a1/Parp2/Id2/Tsc22d3/Ly6e/Hdac7/Mef2c/Epor/Vamp5/Adrb1/Ski/Cdk20/Hmgcr/Neurl1a/Rgs2/Mapk14/Fktn/Fgf9/Meis1/Fadd/Edn1/Gja1/Tgfb2/Zbtb18/Naglu/Rcan1/Bcl9l/Cav2/Asb2/Ccnb1/Rxra/Bcl2/Egr1/Wt1/Nfix/Hey1/Bcl9/Smad3/Eln/Eng/Egr2/Nupr1/Dipk2a/Tgfbr2/Fgfr1/Cflar/Abcb1a/Hspg2/Btg2/Mettl8/Cdk1/Psma6/Bmp4/Bmp2/Cav1/Sik1/Pim1/Atf3/Maff/Alpk2/Myom1/Fos/Slc8a1/Nln/Jarid2/Pin1/Igf1/Nf1/Smo/Kat2a/Myh10/Ccm2l/Cby1",78
"GO:0042593","glucose homeostasis","59/2646","345/25615",0.171014492753623,1.6555314557385,4.16066779601028,7.49451936525312e-05,0.000786679614418073,0.000485529042775393,"Ncf1/Prkaca/Alox5/Stx4a/Hif1a/Unc13b/Cacna1a/Nr1d1/Oas1a/Fkbp1b/Smarcb1/Pck2/Slc29a1/Sh2b2/Fcor/Ager/Dmxl2/Slc12a6/Prkn/Pik3r2/Foxo3/Hk3/Ptch1/Hmgcr/Ogt/Appl2/Lrrc8a/Phkb/Trpm4/Oas1c/Abcg1/Stat3/Oas1g/Pde8b/Hk2/Smad3/Stxbp3/Klf7/Trpv4/Cry2/Gas6/Slc39a14/Arrb1/Fosl2/Pparg/Slc16a1/Pde4c/Plscr3/Mustn1/Serpinf1/Cacna1d/Map4k4/Cry1/Ankrd26/Trem2/Rab11fip5/Igf1/Birc5/Zbtb20",59
"GO:2000107","negative regulation of leukocyte apoptotic process","19/2646","71/25615",0.267605633802817,2.59059648898683,4.55519863550979,7.60990167973474e-05,0.000797487901967634,0.000492199785745976,"Hif1a/Ccl19/Tsc22d3/Axl/Ccr5/Selenos/Arg2/Cd27/Fadd/Dock8/Nod2/Cxcl12/Gas6/Slc46a2/St6gal1/Il7r/Bmp4/Fcer1g/Blm",19
"GO:0032310","prostaglandin secretion","9/2646","20/25615",0.45,4.3562925170068,5.09635666496462,7.66738570353712e-05,0.000802203351132288,0.000495110103335512,"Tnfrsf11a/Ptges/Edn1/Ptgs2/Map2k6/Acsl4/P2ry2/Abcc4/Il1b",9
"GO:0006825","copper ion transport","8/2646","16/25615",0.5,4.84032501889645,5.21529707001491,7.69294182377732e-05,0.000802263933051063,0.000495147493755313,"Mmgt2/Fkbp4/Atox1/Steap3/Steap4/Slc11a2/Slc46a3/Slc31a2",8
"GO:0150079","negative regulation of neuroinflammatory response","8/2646","16/25615",0.5,4.84032501889645,5.21529707001491,7.69294182377732e-05,0.000802263933051063,0.000495147493755313,"Nr1d1/Tnfrsf1b/Cst7/Syt11/Cd200r1/Cx3cl1/Trem2/Igf1",8
"GO:0009314","response to radiation","76/2646","475/25615",0.16,1.54890400604686,4.09848308628409,7.72921696833206e-05,0.000804740515471073,0.000496676010154751,"Ccnd1/Hif1a/Mtor/Ints3/Poli/Txn1/Id2/Per3/Mdm2/Nek1/Hyal2/Per1/Rgs14/Pold1/Slc7a11/Fancg/Ddb2/Mmp9/Idua/Hmgcr/Sod2/Hyal3/Map3k4/Mapk14/Ext1/Nedd4/Hrh1/Cxcl2/Apobec1/Parp1/Bcl3/Rad18/Atm/Pde8b/Cirbp/Bcl2/Egr1/Zranb3/Cdkn2d/Primpol/Smad3/Map2k3/N4bp1/Usp28/Xrcc6/Msh2/Map2k6/Cry2/Arrb1/Pparg/Mapk13/Dnmt3a/Pde6d/Sik1/Lcn2/Chek2/Pml/Brca2/Aen/Per2/Aqp1/Fos/Atp1a3/Comt/Cry1/Smpd1/Cat/Apbb1/Nf1/Deaf1/Elk1/Col3a1/Blm/Gadd45a/Timp1/Trim32",76
"GO:0010658","striated muscle cell apoptotic process","20/2646","77/25615",0.25974025974026,2.51445455527088,4.51721483524865,7.86924958511763e-05,0.000817994487618053,0.000504856199766319,"Tlr2/Rps6ka2/Jak2/Acot1/Capn2/Gpr35/Adrb1/Trem1/Hmgcr/Sirt5/Map3k5/Mrtfa/Bcl2/Nupr1/Cflar/Sirt4/Ptpn1/Camk2a/Gch1/Capn1",20
"GO:1903670","regulation of sprouting angiogenesis","15/2646","49/25615",0.306122448979592,2.96346429728354,4.66930491366453,8.1050612670375e-05,0.000841044700722128,0.000519082509561405,"Alox5/Hif1a/Jmjd8/Tgm2/Rhoj/Ceacam1/Ppp1r16b/Adgrg6/Jcad/Sema6a/Pkm/Tspan18/Thbs1/Cemip2/Klf4",15
"GO:0045017","glycerolipid biosynthetic process","42/2646","222/25615",0.189189189189189,1.83147433147433,4.22309553489493,8.13642649604902e-05,0.000841044700722128,0.000519082509561405,"Dgkd/Pck2/Efr3b/Inpp1/Agmo/Agpat5/Ttc7/Capn2/Far1/Pip4k2b/Pgap1/Agpat2/Pigc/Atm/Pdgfa/Pld2/Pdgfb/Pigv/Slc27a1/Pigp/Sik1/Lpin1/Pi4k2b/Pnpla2/Pigh/Acsl4/Dgat2/Pigz/Thrsp/Lpin3/Dgke/Pgs1/Mppe1/Pla2g15/Itpkc/Pigg/Fig4/Inppl1/Pigq/Pld1/Plscr1/Pigu",42
"GO:0046849","bone remodeling","26/2646","114/25615",0.228070175438596,2.20786755247908,4.38687958280544,8.14336556427714e-05,0.000841044700722128,0.000519082509561405,"Fcgr4/Ubash3b/Cd38/Syt7/Ceacam1/Rassf2/Pth1r/Suco/Idua/Rab3d/Tnfrsf11a/Ext1/Def8/Acp5/Src/Gja1/Mitf/Efna2/Tpp1/Lgr4/Snx10/Csf1r/Traf6/Adam8/Nf1/Tmem119",26
"GO:0150115","cell-substrate junction organization","26/2646","114/25615",0.228070175438596,2.20786755247908,4.38687958280544,8.14336556427714e-05,0.000841044700722128,0.000519082509561405,"Dst/Wdpcp/Bcr/Lamtor2/Arhgap6/Sdc4/Ptpra/Src/Rcc2/Bcl2/Mmp14/Actn1/Smad3/Tek/Rhou/Dusp22/Ankrd28/Enpp2/Thsd1/Map4k4/Limch1/Nrp1/Rab8b/Sorbs1/Acvrl1/Kdr",26
"GO:0032271","regulation of protein polymerization","40/2646","208/25615",0.192307692307692,1.86166346880633,4.23501773398466,8.1966581879705e-05,0.000845189922945786,0.000521640890052595,"Tlr2/Mtor/Eps8/Snx9/Tppp3/Gda/Gba2/Vasp/Cdc42ep3/Pik3r2/Fkbp4/Add1/Ppp2cb/Togaram1/Cdc42ep1/Nav3/Mrtfa/Dbnl/Clec2i/Evl/Myadm/Eln/Kank3/Bin1/Arhgap18/Add3/Cav1/Tppp/Ccl24/Ppp1r9a/Stmn2/Numa1/Ska1/Kank2/Dbn1/Tmod1/Capn1/Cdc42ep5/Fer/Cdc42ep2",40
"GO:0052372","modulation by symbiont of entry into host","11/2646","29/25615",0.379310344827586,3.67197070399041,4.88643439078502,8.25204693467691e-05,0.000848751283877392,0.000523838918490614,"Trim30d/Trim30b/Trim12c/Trim12a/Cd4/Trim30a/Furin/Cav1/Trim30c/Trim5/Smpd1",11
"GO:0006636","unsaturated fatty acid biosynthetic process","17/2646","60/25615",0.283333333333333,2.74285084404132,4.58733527141775,8.25762067906865e-05,0.000848751283877392,0.000523838918490614,"Tbxas1/Daglb/Scd2/Fads1/Sco1/Ptges/Edn1/Abcd1/Decr2/Ptgs2/Sigmar1/Sphk1/Scd1/Ptgs1/Abcd2/Prxl2b/Il1b",17
"GO:0002761","regulation of myeloid leukocyte differentiation","31/2646","147/25615",0.210884353741497,2.04149762701755,4.29815536852289,8.7161345201831e-05,0.000893021501717006,0.000551161955845568,"Mtor/Prxl2a/Ubash3b/Id2/Tnfaip6/Ceacam1/Rassf2/Asxl2/Tnfrsf11a/Fadd/Pias3/Lyn/Clec2i/Mitf/Jun/Itgam/Ccl3/Cebpb/Cd4/Csf1r/Traf6/Tal1/Tcta/Klf10/Fos/Adam8/Trem2/Nf1/Cdk6/Zbtb46/Nme1",31
"GO:0018105","peptidyl-serine phosphorylation","31/2646","147/25615",0.210884353741497,2.04149762701755,4.29815536852289,8.7161345201831e-05,0.000893021501717006,0.000551161955845568,"Prkaca/Mtor/Rps6ka2/Osm/Bcar3/Rassf2/Mknk1/Ikbke/Mapk14/Ogt/Hgf/Map3k12/Nek6/Sbk1/Tbk1/Stk39/Atm/Bcl2/Tek/Akt3/Cdk1/Chek2/Fam3c/Mapk3/Irgm2/Pdk3/Camk2a/Prkd1/Pdk1/Aurka/Gadd45a",31
"GO:0002285","lymphocyte activation involved in immune response","44/2646","237/25615",0.185654008438819,1.79725148380965,4.18507640707688,8.83125084177248e-05,0.000903375086107427,0.000557552061583968,"Clcf1/Mtor/Irf8/Sema6d/Fcgr4/Jak2/Ccl19/Relb/Aplf/Gpr183/Cd40/Ceacam1/Dock10/Slc15a4/Shld3/Cd28/Cd180/Malt1/Zc3h12a/Spn/Cd244a/Unc13d/Stat3/Sema4a/Bcl3/Shld1/Msh2/Tnfaip3/Cd81/Clec4e/Tfrc/Stat4/Gapt/Nlrp3/Batf/Trem2/Kmt5c/Slfn2/Ly9/Clec4d/Fcer1g/Irf4/Stx11/Psen2",44
"GO:0010039","response to iron ion","12/2646","34/25615",0.352941176470588,3.41670001333867,4.78592647960525,8.95202245031544e-05,0.000913216162153007,0.000563625853436099,"Ccnd1/Hif1a/Mdm2/Hfe/Slc11a2/Cpox/Ccnb1/Bcl2/Trf/Tfrc/Lcn2/Casp6",12
"GO:0010631","epithelial cell migration","24/2646","102/25615",0.235294117647059,2.27780000889245,4.38878985964849,8.95588701986916e-05,0.000913216162153007,0.000563625853436099,"Hif1a/Mtor/Wdpcp/Arsb/Mmp9/Sash1/Src/Sox9/Tgfb2/Jun/Evl/Adam9/Kank3/Tgfbr2/Pkn3/Enpp2/Lrg1/Aqp1/Map4k4/Anln/Kank2/Glipr2/Plcg1/Mcc",24
"GO:0032872","regulation of stress-activated MAPK cascade","13/2646","39/25615",0.333333333333333,3.22688334593097,4.7236318023508,9.0463505587987e-05,0.000920978700312565,0.000568416797110044,"Nod1/Hmgcr/Tgfb2/Eif2ak2/Nod2/Igfbp6/Taok3/Mapk3/Klhdc10/Fas/Sema4c/Mid1/Il1b",13
"GO:0010662","regulation of striated muscle cell apoptotic process","19/2646","72/25615",0.263888888888889,2.55461598219535,4.48348791331877,9.34654713579439e-05,0.000950035107600367,0.000586350056544222,"Tlr2/Jak2/Acot1/Capn2/Gpr35/Adrb1/Trem1/Hmgcr/Sirt5/Map3k5/Mrtfa/Bcl2/Nupr1/Cflar/Sirt4/Ptpn1/Camk2a/Gch1/Capn1",19
"GO:0043300","regulation of leukocyte degranulation","16/2646","55/25615",0.290909090909091,2.81618910190339,4.57640618625971,9.38222376511032e-05,0.000952154904693029,0.000587658369400453,"Stx4a/Bcr/D6Wsu163e/Ceacam1/Lyn/Stxbp1/Unc13d/Ighm/Itgam/Cd84/Adora2b/Pld2/Pram1/Rabgef1/Fcer1g/Adora3",16
"GO:0044843","cell cycle G1/S phase transition","46/2646","252/25615",0.182539682539683,1.76710278467648,4.1535180055172,9.41952375020572e-05,0.000954432501124946,0.00058906407408016,"Prmt2/Ccnb2/Ccnd1/Sass6/Smarcb1/Id2/Adamts1/Acvr1b/Mdm2/Plpp2/Appl2/Bcl7a/Mblac1/Zc3h12d/Ccnb1/Cirbp/Bcl2/Cdkn2d/Rrm2/Dbf4/Aif1/Ppp2ca/Klf11/Csf1r/Rgcc/Pdpn/Rhou/Cdk1/Pim1/Cables1/Smarce1/Smarca2/Ccne1/Ccna2/Rcc1/Camk2a/Kank2/Ccno/E2f1/Fam83d/Apbb1/Jade1/Klf4/Ccnf/Cdk6/Nfatc1",46
"GO:0014015","positive regulation of gliogenesis","22/2646","90/25615",0.244444444444444,2.36638112034937,4.40730200071244,9.49804624371055e-05,0.00095969254616614,0.000592310509588338,"Tlr2/Clcf1/Mtor/Id2/Etv5/Ptpra/Fgf9/Tnfrsf1b/Lyn/Slc7a5/Aspa/Cysltr1/Egr2/Bin1/Csf1r/Pparg/Bmp2/Enpp2/Serpine2/E2f1/Igf1/Il1b",22
"GO:0002275","myeloid cell activation involved in immune response","26/2646","115/25615",0.226086956521739,2.18866870419665,4.33612943091881,9.50131474722393e-05,0.00095969254616614,0.000592310509588338,"Stx4a/Myo1f/Bcr/Gnai1/D6Wsu163e/Dock2/Anxa3/Lyn/Stxbp1/Unc13d/Ighm/Itgam/Cd84/Ccl3/Stxbp3/Adora2b/Pld2/Lbp/Pram1/Rabgef1/Cx3cr1/Trem2/Fcer1g/Stx11/Fer/Adora3",26
"GO:0002062","chondrocyte differentiation","28/2646","128/25615",0.21875,2.1176421957672,4.30240207049885,9.6487893479231e-05,0.000971533272273637,0.00059961846101783,"Npr2/Agrn/Por/Tgfbi/Runx3/Rarg/Mef2c/Rflnb/Pth1r/Mapk14/Maf/Fgf9/Ext1/Sox9/Sulf2/Chst11/Smad3/Ccn2/Tgfbr2/Fgfr1/Slc39a14/Fosl2/Hspg2/Bmp4/Bmp2/Mustn1/Col3a1/Smpd3",28
"GO:0050000","chromosome localization","28/2646","128/25615",0.21875,2.1176421957672,4.30240207049885,9.6487893479231e-05,0.000971533272273637,0.00059961846101783,"Sgo1/Cenpf/Cul3/Kif2c/Spice1/Trappc12/Cdca8/Ccnb1/Rcc2/Zwint/Atm/Pinx1/Rrs1/Nek2/Knl1/Cenpa/Cdk1/Brca2/Cenpe/Cenpv/Gem/Cdt1/Cenpq/Numa1/Ska1/Fam83d/Kif22/Birc5",28
"GO:0021782","glial cell development","31/2646","148/25615",0.209459459459459,2.0277037241323,4.25571437674976,9.95009123955799e-05,0.00100030338220533,0.000617375021223105,"Tlr2/Nr1d1/Eif2b2/Cspg5/Abca2/Id2/Adam22/Ager/S100a8/Ski/Adora2a/Adgrg6/B4galt6/Fpr2/Lyn/Naglu/Itgam/Arhgef10/Nfix/Csf1r/Mxra8/Pdgfb/Tppp/Mapk3/Tspan2/Sos1/Trem2/Ndrg1/Nf1/Smo/Il1b",31
"GO:0007292","female gamete generation","37/2646","189/25615",0.195767195767196,1.89515371110231,4.19229732410412,0.000101400434495881,0.0010178068612524,0.000628177954553533,"Tdrkh/Ccnb2/Piwil2/Npr2/Rps6ka2/Mlh3/Adamts1/Pde4d/Tnfaip6/Paqr7/Foxo3/Gdf9/Top2a/Inhbb/Src/Edn1/Prdm9/Mcmdc2/Mmp19/Ccnb1/Atm/Bcl2/Magoh/Hpgd/Brca2/Cenpe/Cenpv/Hexb/Ptx3/Tdrd7/Ska1/Sos1/Taf4b/Igf1/Msh5/Aurka/Cntrl",37
"GO:0009410","response to xenobiotic stimulus","76/2646","479/25615",0.15866388308977,1.53596952582935,4.01904018679546,0.000101814946310419,0.0010203731904807,0.000629761861586109,"Gstt1/Fmo1/Ccnd1/Hdac5/Traf3ip2/Por/Cd38/Fosb/Rogdi/Lipa/Mdm2/Mef2c/Dnmt1/Prkn/Bphl/Foxo3/Sult1a1/Mmp9/Ptch1/Rbbp9/Sod2/Pon3/Adora2a/Dusp6/Agpat2/Gna12/Edn1/Apobec1/Lyn/Ass1/Cpt1a/Ccnb1/Jun/Acer2/Ccl4/Fmo5/Bcl2/Lck/Ccl3/Prnp/Hadh/Vkorc1/Guk1/Pde4a/Crot/Tgfbr2/Pfas/Gas6/Abcb1a/Gstm2/Fosl2/Tfrc/Aldh2/Rnf149/Dnmt3a/As3mt/Add3/Pde4b/Lcn2/Pim1/Mylk/Uchl1/Cbr1/Fos/Alas1/Atp1a3/Comt/Upp2/Gstm1/E2f1/Smpd1/Cat/Tpmt/Il1b/Kdr/Blm",76
"GO:0021700","developmental maturation","69/2646","425/25615",0.162352941176471,1.57168200613579,4.03364322954637,0.000103204021731236,0.00103268323302408,0.000637359469383576,"Tdrkh/Prkaca/Hif1a/Mtor/Cacna1a/Npr2/Rps6ka2/Sema4d/Id2/Ccl19/Rac3/Runx3/Rnd1/Axl/Foxo3/Lnx1/Rflnb/Pth1r/Dchs1/Neurl1a/Asxl2/Cdc20/Myo5a/Ext1/B4galt6/Sox18/Septin4/Edn1/Gja1/Tgfb2/Clstn1/Stxbp1/Igsf9/Arhgef15/Ccnb1/Rab3a/Ropn1l/Bloc1s5/Rxra/Bcl2/Nfix/Lyl1/Snx10/Fgfr1/Lhx6/Snx27/Dlgap4/Tal1/Dld/Pparg/Cdkn1c/Pdgfb/Nfia/Il15/Nrg2/Bmp2/Brca2/Tdrd7/Atp6v0a1/Ankrd27/Palm/Cx3cr1/Sema7a/Igf1/Nf1/Xylt1/Atp6v0c/Aurka/Kdr",69
"GO:0051155","positive regulation of striated muscle cell differentiation","17/2646","61/25615",0.278688524590164,2.69788607610622,4.50615989210408,0.000103559030434172,0.00103462396813238,0.000638557267371656,"Mtor/Parp2/Mef2c/Adrb1/Mapk14/Edn1/Bcl2/Mmp14/Hopx/Thra/Bmp4/Atp11a/Prkd1/Pin1/Igf1/Kat2a/Trim32",17
"GO:2000785","regulation of autophagosome assembly","15/2646","50/25615",0.3,2.90419501133787,4.57442072163179,0.000104809611347485,0.00104549214797553,0.000645264975133806,"Mtor/Rab3gap2/Ehmt2/Snx30/Pip4k2b/Efnb1/Atm/Wipi1/Nupr1/Lrsam1/Rnf5/Fez2/Snx18/Chek2/Trim32",15
"GO:0002690","positive regulation of leukocyte chemotaxis","24/2646","103/25615",0.233009708737864,2.25568544569932,4.33400889554164,0.000105469238172354,0.0010504409085569,0.000648319289678075,"Tnfsf14/Cxcl13/Vegfb/Ccl19/Trem1/Wnk1/Fpr2/Edn1/Stk39/Ccl3/Aif1/Lbp/Trpv4/Thbs1/Cxcl12/Gas6/Csf1r/C3ar1/Camk1d/Mapk3/Cxcl10/Cx3cl1/Cx3cr1/Il1b",24
"GO:1903320","regulation of protein modification by small protein conjugation or removal","44/2646","239/25615",0.184100418410042,1.78221172243886,4.12357849844732,0.00010795207214091,0.00107210956515676,0.000661692919684925,"Hif1a/Tollip/Mtor/Cul3/Tnip1/Gnl3/Cblb/Prkn/Gtpbp4/Cdc20/Sash1/Ogt/Wnk1/Birc3/Rnf180/Pias3/Cdc14b/Septin4/Zc3h12a/Trim21/Dcun1d2/Peli1/Nod2/Pinx1/Egr1/Herpud1/N4bp1/Sphk1/Tnfaip3/Pdcd6/Dtx3l/Arrb1/Birc2/Arrdc4/Cdk1/Dcun1d5/Cav1/Per2/Nlrc3/Mycbp2/Cry1/Birc5/Cep78/Amer1",44
"GO:0048511","rhythmic process","60/2646","357/25615",0.168067226890756,1.62700000635175,4.04915827041931,0.0001079786563911,0.00107210956515676,0.000661692919684925,"Piwil2/Mtor/Gpr157/Nr1d1/Npr2/Agrn/Htr7/Id2/Adamts1/Rogdi/Pde4d/Relb/Tnfaip6/Per3/Cavin3/Axl/Per1/Adrb1/Foxo3/Gdf9/Top2a/Adora2a/Tnfrsf11a/Ogt/Hrh1/Src/Parp1/Bhlhe41/Naglu/Ass1/Mmp19/Csnk1d/Setx/Zfhx3/Jun/Egr1/Lgr4/Nfil3/Plekha1/Cry2/Arrb1/Dbp/U2af1l4/Pparg/Ahcy/Cdk1/Sik1/Pml/Enpp2/Klf10/Serpinf1/Per2/Mycbp2/Ptx3/Atp1a3/Fas/Cry1/Noct/Enox2/Igf1",60
"GO:0070613","regulation of protein processing","18/2646","67/25615",0.26865671641791,2.60077165194436,4.45298170689498,0.00011028388745747,0.00109330816825121,0.000674776438413497,"Prkaca/Rps6ka2/Ctla2a/Hpse/Mdm2/Src/Mmp14/Timm17a/Astl/Ldlrad3/Fuz/Thbs1/Il1r2/Plaur/Furin/Serpine2/Plau/Spon1",18
"GO:1902107","positive regulation of leukocyte differentiation","41/2646","218/25615",0.188073394495413,1.82067271352986,4.13018599588729,0.000112443123872936,0.0011112840427073,0.000685870928416482,"Pik3r6/Smarcb1/Id2/Ccl19/Runx3/Axl/Ager/Foxo3/Il15ra/Cd27/Asxl2/Tnfrsf11a/Fadd/Malt1/Tnfsf9/Jun/Itgam/Lck/Mmp14/Ccl3/Xrcc6/Tgfbr2/Cd4/Pcid2/Gas6/Csf1r/Traf6/Il7r/Prdm1/Vsir/Il15/Smarce1/Klf10/Nlrp3/Smarca2/Fos/Adam8/Trem2/Egr3/Sox13/Zbtb46",41
"GO:1903708","positive regulation of hemopoiesis","41/2646","218/25615",0.188073394495413,1.82067271352986,4.13018599588729,0.000112443123872936,0.0011112840427073,0.000685870928416482,"Pik3r6/Smarcb1/Id2/Ccl19/Runx3/Axl/Ager/Foxo3/Il15ra/Cd27/Asxl2/Tnfrsf11a/Fadd/Malt1/Tnfsf9/Jun/Itgam/Lck/Mmp14/Ccl3/Xrcc6/Tgfbr2/Cd4/Pcid2/Gas6/Csf1r/Traf6/Il7r/Prdm1/Vsir/Il15/Smarce1/Klf10/Nlrp3/Smarca2/Fos/Adam8/Trem2/Egr3/Sox13/Zbtb46",41
"GO:1900180","regulation of protein localization to nucleus","36/2646","183/25615",0.19672131147541,1.90439017136909,4.16728977059801,0.000112726240820517,0.00111237076963287,0.000686541642992354,"Akap1/Card10/Mtor/Jak2/Mavs/Glis2/Hyal2/Pik3r2/Jup/Atp13a2/Mapk14/Ogt/Src/Edn1/Zc3h12a/Parp1/Tgfb2/Cav2/Tyk2/Pinx1/Ptgs2/Chp2/Sigmar1/Ufm1/Dtx3l/Mfhas1/Tfrc/Tek/Cdk1/Bmp4/Irgm2/Prkd1/Pin1/Nf1/Smo/Nup54",36
"GO:0030500","regulation of bone mineralization","22/2646","91/25615",0.241758241758242,2.34037693221367,4.34746257300226,0.00011318460903889,0.00111347309106559,0.00068722198230743,"Alox5/Hif1a/Sgms2/Mef2c/Rflnb/Asxl2/Adgrg6/Sox9/Gja1/Trpm4/Rxra/Smad3/Csf1r/Acvr2a/Bmp4/Bmp2/Ifitm5/Slc8a1/Ccn1/Tmem119/Srgn/Acvr2b",22
"GO:0072332","intrinsic apoptotic signaling pathway by p53 class mediator","22/2646","91/25615",0.241758241758242,2.34037693221367,4.34746257300226,0.00011318460903889,0.00111347309106559,0.00068722198230743,"Fhit/Phlda3/Tifab/Mdm2/Prkn/Ddit4/Steap3/Bcl3/Nupr1/Bok/Usp28/Msh2/Wwox/Knl1/Bcl2l12/Chek2/Pml/Brca2/Aen/Ifi204/E2f1/Casp6",22
"GO:0018209","peptidyl-serine modification","31/2646","149/25615",0.208053691275168,2.0140949743059,4.21360650584993,0.00011338847604482,0.00111377304298459,0.000687407108965656,"Prkaca/Mtor/Rps6ka2/Osm/Bcar3/Rassf2/Mknk1/Ikbke/Mapk14/Ogt/Hgf/Map3k12/Nek6/Sbk1/Tbk1/Stk39/Atm/Bcl2/Tek/Akt3/Cdk1/Chek2/Fam3c/Mapk3/Irgm2/Pdk3/Camk2a/Prkd1/Pdk1/Aurka/Gadd45a",31
"GO:0002886","regulation of myeloid leukocyte mediated immunity","19/2646","73/25615",0.26027397260274,2.51962124271322,4.41297954414122,0.000114239312734479,0.00111457761982592,0.00068790368395813,"Cxcl1/Stx4a/Mavs/Bcr/D6Wsu163e/Lyn/Stxbp1/Unc13d/Ighm/Itgam/Cd84/Adora2b/Pld2/Arg1/Pram1/Rabgef1/Cx3cr1/Fcer1g/Adora3",19
"GO:0010656","negative regulation of muscle cell apoptotic process","19/2646","73/25615",0.26027397260274,2.51962124271322,4.41297954414122,0.000114239312734479,0.00111457761982592,0.00068790368395813,"Jak2/Acot1/Dnmt1/Gpr35/Hmgcr/Edn1/Zc3h12a/Slc7a5/Sirt5/Mrtfa/Bcl2/Nupr1/Dipk2a/Cflar/Lifr/Sirt4/Cav1/Gch1/Igf1",19
"GO:0001937","negative regulation of endothelial cell proliferation","14/2646","45/25615",0.311111111111111,3.01175778953557,4.58436473529877,0.000114511399297183,0.00111457761982592,0.00068790368395813,"Alox5/Mef2c/Ager/Gja1/Cav2/Eng/Tsc2/Thbs1/Pparg/Rgcc/Cav1/Nf1/Stat1/Acvrl1",14
"GO:0032620","interleukin-17 production","14/2646","45/25615",0.311111111111111,3.01175778953557,4.58436473529877,0.000114511399297183,0.00111457761982592,0.00068790368395813,"Tlr2/Jak2/Osm/Arg2/Parp1/Slc7a5/Tyk2/Nod2/Prnp/Sphk1/Vsir/Il15/Ly9/Ccn1",14
"GO:0032660","regulation of interleukin-17 production","14/2646","45/25615",0.311111111111111,3.01175778953557,4.58436473529877,0.000114511399297183,0.00111457761982592,0.00068790368395813,"Tlr2/Jak2/Osm/Arg2/Parp1/Slc7a5/Tyk2/Nod2/Prnp/Sphk1/Vsir/Il15/Ly9/Ccn1",14
"GO:1904738","vascular associated smooth muscle cell migration","14/2646","45/25615",0.311111111111111,3.01175778953557,4.58436473529877,0.000114511399297183,0.00111457761982592,0.00068790368395813,"Tlr2/Adamts1/Mdm2/Mef2c/Ager/Myo5a/Fgf9/Gna12/Gna13/Kcnn4/Pdgfb/Ptpn1/Nrp1/Smo",14
"GO:1990778","protein localization to cell periphery","68/2646","419/25615",0.162291169451074,1.57108401567999,4.00040346674422,0.000116693710292333,0.00113367031502687,0.000699687462074433,"Stx4a/Ramp2/Rab13/Kif2c/Abca2/Rapsn/Efr3b/Gnai1/Ehd4/Ttc7/Olfm1/Adam22/Ager/Pik3r2/Vamp5/Blzf1/Jup/Aldh7a1/Sco1/Ptch1/Dchs1/Cnst/Myo5a/Ogt/Ehd1/L1cam/Wnk1/Snap47/Ehd2/Lyn/Ramp3/Clstn1/Stxbp1/Rab10/Lyplal1/Mex3b/Mmp14/Mrap/Tspan18/Tmem88/Myadm/Prnp/Ramp1/Tsc2/Pacs1/Epb41l1/Snx27/Gas6/Cd81/Traf6/Rab31/Pram1/Rapgef4/Mylk/Cnpy4/Rab11fip3/Tmed2/Numa1/Camk2a/Palm/Atp1b3/Trem2/Rilpl2/Fcer1g/Frmd8/Rhbdf2/Sorbs1/Rab29",68
"GO:0072330","monocarboxylic acid biosynthetic process","45/2646","247/25615",0.182186234817814,1.76368118097441,4.09336082973575,0.000116825925988136,0.00113367031502687,0.000699687462074433,"Alox5/Tbxas1/Lipg/Daglb/Prkag2/Nr1d1/Scd2/Pck2/Fads1/Cyp27a1/Acacb/Angptl4/Gamt/Ceacam1/Acss1/Sco1/Myo5a/Ptges/Edn1/Abcd1/Mgll/Hacd4/Decr2/Ptgs2/Pecr/Sigmar1/Sphk1/Scd1/Gstm2/Fasn/Eif6/Hsd17b4/Gatd1/Ptgs1/Gatm/Ltc4s/Per2/Abcd2/Acsl4/Prxl2b/Acss2/Gstm1/Il1b/Nme1/Asah2",45
"GO:0032755","positive regulation of interleukin-6 production","25/2646","110/25615",0.227272727272727,2.20014773586202,4.28135231286264,0.000117416870844035,0.00113768624178293,0.000702166042983344,"Tlr2/Tslp/Mavs/Hyal2/Ager/Ccr5/Nod1/Lilra5/Tnfsf9/Stat3/Nod2/Adora2b/Aif1/Lbp/Trpv4/Traf6/Mapk13/Mbp/Ccn1/Fcer1g/Ticam2/Il1b/Il16/Zbtb20/Rab7b",25
"GO:0003179","heart valve morphogenesis","16/2646","56/25615",0.285714285714286,2.76590001079797,4.49004581441086,0.000118860884837016,0.00114821402134284,0.000708663659851243,"Mtor/Mdm2/Olfm1/Mef2c/Dchs1/Sox9/Tgfb2/Naglu/Hey1/Eln/Tgfbr2/Smad6/Bmp4/Bmp2/Ccn1/Nfatc1",16
"GO:0010596","negative regulation of endothelial cell migration","16/2646","56/25615",0.285714285714286,2.76590001079797,4.49004581441086,0.000118860884837016,0.00114821402134284,0.000708663659851243,"Card10/Hdac5/Cxcl13/Mef2c/Sp100/Ager/Pik3r2/Jup/Thbs1/Csprs/Pparg/Rgcc/Serpinf1/Klf4/Acvrl1/Gadd45a",16
"GO:0010976","positive regulation of neuron projection development","44/2646","240/25615",0.183333333333333,1.77478584026203,4.09304810740782,0.00011918750349121,0.00114964042406537,0.000709544018177282,"Tlr2/Mtor/Fkbp1b/Htr7/Camk1/Adamts1/Epor/Arsb/Scn1b/Rgs2/Eef2k/Caprin2/Hgf/Ehd1/Lyn/Setx/Tubb2b/Dbnl/Ahi1/Hap1/Tsc2/Sphk1/Fgfr1/Cflar/Camk1d/Bmp4/Serpinf1/Amigo1/Neu1/Ppp1r9a/Serpine2/Stmn2/Cx3cl1/Ankrd27/Dbn1/Prkd1/P2ry2/Apbb1/Nf1/Fig4/Kif3c/Itpr1/Plxnb2/Nme1",44
"GO:0019371","cyclooxygenase pathway","7/2646","13/25615",0.538461538461538,5.21265771265771,5.15648170692878,0.000121580604743629,0.00116921228274413,0.00072162353013548,"Sco1/Ptges/Ptgs2/Sigmar1/Sphk1/Ptgs1/Prxl2b",7
"GO:0072110","glomerular mesangial cell proliferation","7/2646","13/25615",0.538461538461538,5.21265771265771,5.15648170692878,0.000121580604743629,0.00116921228274413,0.00072162353013548,"Pdgfd/Egr1/Wt1/Cflar/C3ar1/Pdgfb/Bmp4",7
"GO:0062099","negative regulation of programmed necrotic cell death","9/2646","21/25615",0.428571428571429,4.14885001619696,4.89953786452748,0.000121890402594508,0.0011704393815652,0.000722380880529554,"Rnf31/Fadd/Birc3/Peli1/Nupr1/Bok/Cflar/Birc2/Cav1",9
"GO:0030947","regulation of vascular endothelial growth factor receptor signaling pathway","12/2646","35/25615",0.342857142857143,3.31908001295756,4.65974406314735,0.000123484065725585,0.0011822081046515,0.000729644392574421,"Hif1a/Vegfb/Fgf9/Nedd4/Pdcd6/Myof/Tek/Tmem204/Bmp4/Ptpn1/Nrp1/Kdr",12
"GO:0035455","response to interferon-alpha","12/2646","35/25615",0.342857142857143,3.31908001295756,4.65974406314735,0.000123484065725585,0.0011822081046515,0.000729644392574421,"Oas1a/Axl/Adar/Oas1c/Eif2ak2/Oas1g/Ifitm2/Bst2/Gas6/Ifi204/Ifitm1/Plscr1",12
"GO:0016239","positive regulation of macroautophagy","24/2646","104/25615",0.230769230769231,2.23399616256759,4.27985756760637,0.000123848528927913,0.00118346485936271,0.000730420046221415,"Tlr2/Hif1a/Rab3gap2/Rnf31/Snx30/Prkn/Pip4k2b/Nod1/Sting1/Tbk1/Nod2/Atm/Hk2/Wipi1/Tsc2/Lrsam1/Snx18/Chek2/Mapk3/Irgm2/Dele1/Oma1/Kdr/Trim32",24
"GO:0014013","regulation of gliogenesis","30/2646","143/25615",0.20979020979021,2.03090560233417,4.19583087219762,0.000123983787414556,0.00118346485936271,0.000730420046221415,"Tlr2/Clcf1/Mtor/Nr1d1/Id2/Mbd1/Ski/Etv5/Ptpra/Fgf9/Tnfrsf1b/Lyn/Slc7a5/Aspa/Cysltr1/Egr2/Idh2/Bin1/Csf1r/Pparg/Bmp4/Bmp2/Enpp2/Serpine2/Fas/Trem2/E2f1/Igf1/Nf1/Il1b",30
"GO:1990845","adaptive thermogenesis","35/2646","177/25615",0.19774011299435,1.91425283233193,4.14260995780375,0.00012518714928303,0.00119317840800324,0.000736415129717858,"Nr1d1/Tle3/Clic5/Jak2/Lipa/Adrb1/Pctp/Ogt/Appl2/Gja1/Lgr4/Il4ra/Cebpb/Hadh/Trpv4/Map2k6/Ckb/Pdgfc/Scd1/Fabp4/Decr1/Pparg/G0s2/Thra/Il15/Cav1/Lcn2/Lpin1/Abhd6/Gatm/Per2/Bola3/Oma1/Irf4/Acvr2b",35
"GO:1905952","regulation of lipid localization","36/2646","184/25615",0.195652173913043,1.89404022478557,4.13092043598632,0.000126427733003185,0.00120321741749994,0.00074261108367677,"Lipg/Abca2/Hilpda/Acacb/Abca8a/Ikbke/Gdf9/Ptch1/Asxl2/Tnfrsf11a/Surf4/Ehd1/Nus1/Ptges/Edn1/Zc3h12a/Ttc39b/Abcg1/Eepd1/Plin3/Thbs1/Map2k6/C1qtnf1/Cry2/Pparg/Furin/Cav1/Abcb4/Mapk3/Pltp/Pnpla2/Acsl4/Cry1/Trem2/P2ry2/Il1b",36
"GO:0060840","artery development","28/2646","130/25615",0.215384615384615,2.08506308506308,4.20965906632181,0.000128011209109655,0.00121648521792962,0.000750799807935401,"Chd7/Ephb4/Aplnr/Edn1/Tgfb2/Naglu/Pde2a/Hey1/Eng/Egr2/Gaa/Fuz/Tgfbr2/Prdm1/Hpgd/Smad6/Akt3/Bmp4/Mylk/Cyp4f13/Comt/Nrp1/Nf1/Acvrl1/Myh10/Col3a1/Acvr2b/Cntrl",28
"GO:0140250","regulation protein catabolic process at synapse","8/2646","17/25615",0.470588235294118,4.55560001778489,4.97733556969407,0.000132142872625484,0.00125389337333251,0.000773887664226421,"Cul3/Cblb/Prkn/Plekhg5/Nedd4/Traf6/Mib2/Pin1",8
"GO:0044092","negative regulation of molecular function","55/2646","322/25615",0.170807453416149,1.65352718036835,4.00547473939788,0.000133056274254069,0.00126069838614769,0.000778087634961233,"Cnr2/Rrp1b/Por/Ubash3b/Serpinb8/Id2/Tfap4/Angptl4/Gabbr1/Rgs14/Dusp7/Prkn/Gpr35/Ceacam1/Timp2/Cnrip1/Arg2/Hmgcr/Adora2a/Slc27a4/Adar/Fxyd2/Wnk1/Zgpat/Lyn/Grk6/Ramp3/Sh3bp4/Spry4/Rcc2/Prdx5/Tsc2/Dtx3l/Gprc5a/Snx27/Fabp4/Arrb1/Cep85/Aida/Cav1/Ptpn1/Rap1gds1/Spry1/Serpine2/Dbndd2/Tmed2/Palm/Zfp90/Nf1/Smo/Nes/Inppl1/Gadd45a/Timp1/Cnn3",55
"GO:0003197","endocardial cushion development","15/2646","51/25615",0.294117647058824,2.84725001111556,4.48186674668826,0.000134412197112572,0.001271670035716,0.000784859202973083,"Mdm2/Aplnr/Dchs1/Nedd4/Sox9/Tgfb2/Snai1/Hey1/Eng/Thbs1/Tgfbr2/Bmp4/Bmp2/Acvrl1/Nfatc1",15
"GO:0001836","release of cytochrome c from mitochondria","18/2646","68/25615",0.264705882352941,2.562525010004,4.37899105898072,0.000135648065302299,0.00128147525220877,0.000790910862747516,"Prkn/Mmp9/Sod2/Hgf/Bcl2a1b/Bcl2a1a/Jun/Higd1a/Bcl2/Smad3/Bok/Tnfsf10/Bcl2a1d/Plaur/Plscr3/Fas/Igf1/Casp6",18
"GO:0070167","regulation of biomineral tissue development","25/2646","111/25615",0.225225225225225,2.18032658508849,4.22982215126282,0.000136873751779937,0.0012892624361207,0.000795717017478587,"Alox5/Hif1a/Sgms2/Mef2c/Rflnb/Asxl2/Adgrg6/Sox9/Gja1/Trpm4/Rxra/Hey1/Smad3/Cebpb/Gas6/Csf1r/Acvr2a/Bmp4/Bmp2/Ifitm5/Slc8a1/Ccn1/Tmem119/Srgn/Acvr2b",25
"GO:0072676","lymphocyte migration","25/2646","111/25615",0.225225225225225,2.18032658508849,4.22982215126282,0.000136873751779937,0.0012892624361207,0.000795717017478587,"Tnfsf14/Ripk3/Cxcl13/Gnai1/Gpr183/Ext1/Wnk1/Fadd/Spn/Cadm1/Dock8/Ggt5/Stk39/Ccl3/Padi2/Aif1/Stk10/Cxcl12/Gas6/Cd99l2/Cxcl10/Cd200r1/Slc12a2/Cx3cl1/Adam8",25
"GO:0031647","regulation of protein stability","63/2646","383/25615",0.164490861618799,1.59237846574661,3.96447232244872,0.000138583604103897,0.00130345691473416,0.000804477676185867,"Mtor/Nr1d1/Cul3/Herc2/Plpp3/Sox17/Serf1/Per3/Mdm2/Cblb/Usp48/Prkn/Rassf2/Gtpbp4/Ccdc88c/Septin8/Tmc6/Src/Asph/Trim21/Paqr4/Isoc2b/Prkra/Stxbp1/Tbl1x/Atm/Pinx1/Tada2a/Bcl2/Tmem88/Tmc8/Smad3/Crtap/Prnp/Usp28/Dad1/Cd81/Rad23a/D2hgdh/Rnf5/Rnf149/Bmp2/Pim1/Tnip2/Chek2/Pml/Mapk3/Cenpe/Pex6/Irgm2/Epha4/Hip1/Atp1b3/Qrsl1/Pin1/Apbb1/H1f5/Igf1/Smo/Kat2a/Stx12/Aurka/Zswim7",63
"GO:0010659","cardiac muscle cell apoptotic process","19/2646","74/25615",0.256756756756757,2.48557230700088,4.34363461043436,0.00013897602302659,0.00130523680105674,0.000805576200269386,"Rps6ka2/Jak2/Acot1/Capn2/Gpr35/Adrb1/Trem1/Hmgcr/Sirt5/Map3k5/Mrtfa/Bcl2/Nupr1/Cflar/Sirt4/Ptpn1/Camk2a/Gch1/Capn1",19
"GO:0032259","methylation","40/2646","213/25615",0.187793427230047,1.81796244841181,4.06866366738427,0.000139887840478547,0.0013118824631156,0.000809677821665073,"Prmt2/Comtd1/Hemk1/Mettl21a/Gtpbp3/Ehmt2/Coq3/Atpsckmt/Etf1/Trmt6/Gamt/Dnmt1/Rab3d/Kmt5a/Dph5/Prdm9/Inmt/Pcif1/Gnmt/Camkmt/Mgmt/Trmt2b/Prdm1/Wdr6/Btg2/Mettl8/Dnmt3a/As3mt/Mettl18/Hnmt/Eef1akmt1/Prdm4/Comt/Kmt5c/Ezh1/Mecom/Tpmt/Trmt10b/Ndufaf7/Eef2kmt",40
"GO:0008277","regulation of G protein-coupled receptor signaling pathway","35/2646","178/25615",0.196629213483146,1.90349860293681,4.10551005540277,0.000140587310999818,0.00131652024178255,0.000812540201972757,"Hif1a/Kctd12b/Ramp2/Rgs18/Pde4d/Rgs14/Aplnr/Adrb1/Rgs2/Edn1/Grk6/Ramp3/Rgs10/Cav2/Mgll/Mrap/Pde2a/Padi2/Ramp1/Pld2/Pde4a/Slc39a14/Aplp1/Arrb1/Pde4b/Adm/Abhd6/Rgs1/Crtc3/Camk2a/Palm/Cry1/Trem2/Dnm1/Syp",35
"GO:0045055","regulated exocytosis","48/2646","271/25615",0.177121771217712,1.71465388123269,4.01425910226165,0.00014330163896659,0.00133998504908497,0.000827022394239655,"Prkaca/Scamp5/Stx4a/Myo1f/Unc13b/Cacna1a/Fcgr4/Cspg5/Bcr/Gnai1/D6Wsu163e/Vamp1/Syt7/Ceacam1/Rab3d/Hyal3/Anxa3/Snap47/Lyn/Stxbp1/Rab10/Unc13d/Ighm/Rab3a/Itgam/Tspan18/Cd84/Ccl3/Stxbp3/Adora2b/Pld2/Ctbp2/Rab31/Pram1/Syt11/Rapgef4/Slc4a8/Stx2/Cacna1d/Rabgef1/Rab11fip1/Camk2a/P2ry2/Rab11fip5/Fcer1g/Syp/Stx11/Adora3",48
"GO:0030168","platelet activation","24/2646","105/25615",0.228571428571429,2.21272000863838,4.2263216049005,0.000145021236781757,0.00135212833829609,0.000834517083918608,"Adra2b/Ubash3b/Jak2/Axl/Ceacam1/Pdia4/Slc7a11/Emilin2/Lyn/Tspan32/Stxbp1/Gna13/Evl/Stxbp3/Pdgfa/C1qtnf1/P2ry12/Pdpn/Pdgfb/Serpine2/Pear1/Fcer1g/Tec/Rasa3",24
"GO:0090132","epithelium migration","24/2646","105/25615",0.228571428571429,2.21272000863838,4.2263216049005,0.000145021236781757,0.00135212833829609,0.000834517083918608,"Hif1a/Mtor/Wdpcp/Arsb/Mmp9/Sash1/Src/Sox9/Tgfb2/Jun/Evl/Adam9/Kank3/Tgfbr2/Pkn3/Enpp2/Lrg1/Aqp1/Map4k4/Anln/Kank2/Glipr2/Plcg1/Mcc",24
"GO:0031529","ruffle organization","16/2646","57/25615",0.280701754385965,2.71737544920502,4.40556713513625,0.000149540950676309,0.00139023309282867,0.000858034872678239,"Mtor/Eps8/Wdpcp/Palld/Def8/Arhgap24/Rcc2/Evl/Aif1/Plekha1/Snx10/Csf1r/P2ry12/Cav1/Lpin1/Inppl1",16
"GO:0061756","leukocyte adhesion to vascular endothelial cell","16/2646","57/25615",0.280701754385965,2.71737544920502,4.40556713513625,0.000149540950676309,0.00139023309282867,0.000858034872678239,"Alox5/Gcnt1/Gpr35/Ext1/St3gal4/Selplg/Spn/Itgam/Cxcl12/Traf6/Lrg1/Epha4/Cx3cr1/Slc39a8/Capn1/Klf4",16
"GO:0033674","positive regulation of kinase activity","42/2646","228/25615",0.184210526315789,1.7832776385408,4.0321811857701,0.000150685109834649,0.00139884558609506,0.000863350398255493,"Card10/Mtor/Ripk3/Snx9/Pik3r6/Jak2/Ager/Ceacam1/Rassf2/Unc119/Lilra5/Map3k4/Sdc4/Lmo4/Sash1/Src/C1qtnf9/Map3k5/Ccnb1/Higd1a/Pik3r5/Gab1/Il1rn/Map2k3/Tpx2/Map2k6/Fgfr1/Pdgfc/Taok3/Gas6/Csf1r/Traf6/Pdgfb/Als2/Pim1/Cenpe/Irgm2/Fgd4/Ppp1r9a/Fgd2/Igf1/Il1b",42
"GO:0045860","positive regulation of protein kinase activity","41/2646","221/25615",0.18552036199095,1.79595769931904,4.03351007337991,0.000153116417714901,0.00141936488802384,0.000876014660607413,"Card10/Mtor/Ripk3/Snx9/Pik3r6/Jak2/Ager/Ceacam1/Rassf2/Unc119/Lilra5/Map3k4/Sdc4/Sash1/Src/C1qtnf9/Map3k5/Ccnb1/Higd1a/Pik3r5/Gab1/Il1rn/Map2k3/Tpx2/Map2k6/Fgfr1/Pdgfc/Taok3/Gas6/Csf1r/Traf6/Pdgfb/Als2/Pim1/Cenpe/Irgm2/Fgd4/Ppp1r9a/Fgd2/Igf1/Il1b",41
"GO:0010565","regulation of ketone metabolic process","33/2646","165/25615",0.2,1.93613000755858,4.09446180476957,0.000153845458809985,0.00142201903222351,0.000877652765966999,"Fmo1/Mtor/Prkag2/Nr1d1/Acacb/Angptl4/Ceacam1/Appl2/Sox9/Edn1/H6pd/Sirt5/Cpt1a/Abcd1/Pdp1/Ptgs2/Egr1/Tpk1/Bckdk/Eif6/Pparg/Sirt4/Bmp2/Cav1/Abcd2/Pgk1/Acsl4/Dgat2/Pdk3/Ankrd26/Pdk1/Il1b/Nme1",33
"GO:0051384","response to glucocorticoid","33/2646","165/25615",0.2,1.93613000755858,4.09446180476957,0.000153845458809985,0.00142201903222351,0.000877652765966999,"Ccnd1/Ephx1/Nr3c2/Zfp36l2/Por/Ctsl/Htr7/Jak2/Pck2/Fosb/Tfap4/Agl/Prkn/Foxo3/Sult1a1/Ddit4/Cxcl2/Edn1/Ass1/Rxra/Bcl2/Il1rn/Adam9/Got1/Fosl2/Glb1/Hnmt/Bmp4/Serpinf1/Aqp1/Fos/Comt/Fas",33
"GO:0009416","response to light stimulus","59/2646","354/25615",0.166666666666667,1.61344167296548,3.94468397520354,0.000154714697440631,0.00142799887407846,0.000881343451270863,"Ccnd1/Hif1a/Mtor/Poli/Id2/Per3/Mdm2/Hyal2/Per1/Rgs14/Pold1/Slc7a11/Ddb2/Mmp9/Idua/Hmgcr/Hyal3/Map3k4/Mapk14/Ext1/Nedd4/Hrh1/Parp1/Bcl3/Rad18/Pde8b/Cirbp/Bcl2/Zranb3/Cdkn2d/Primpol/Map2k3/N4bp1/Usp28/Msh2/Map2k6/Cry2/Arrb1/Pparg/Mapk13/Pde6d/Sik1/Lcn2/Pml/Brca2/Per2/Aqp1/Fos/Atp1a3/Comt/Cry1/Smpd1/Cat/Apbb1/Nf1/Deaf1/Elk1/Timp1/Trim32",59
"GO:0043086","negative regulation of catalytic activity","45/2646","250/25615",0.18,1.74251700680272,4.00425341789815,0.000155723089815487,0.00143524408748162,0.000885815108428191,"Cnr2/Rrp1b/Por/Ubash3b/Serpinb8/Tfap4/Angptl4/Gabbr1/Rgs14/Dusp7/Prkn/Ceacam1/Timp2/Arg2/Hmgcr/Adora2a/Slc27a4/Adar/Wnk1/Zgpat/Lyn/Sh3bp4/Spry4/Rcc2/Prdx5/Tsc2/Dtx3l/Gprc5a/Fabp4/Arrb1/Cep85/Aida/Cav1/Ptpn1/Rap1gds1/Spry1/Serpine2/Dbndd2/Tmed2/Palm/Nf1/Nes/Inppl1/Gadd45a/Timp1",45
"GO:0032386","regulation of intracellular transport","53/2646","309/25615",0.171521035598705,1.66043511975089,3.96424261713008,0.000156485634040085,0.00144020589265545,0.000888877473935492,"Akap1/Prkaca/Abca2/Chchd4/Jak2/Mllt6/Camk1/Mavs/Mdm2/Sp100/Hyal2/Pik3r2/Jup/Aldh7a1/Pgap1/Inpp5f/Kif3a/Atp13a2/Septin8/Mapk14/Ptpn14/Nedd4/Ehd1/Wnk1/Nus1/Src/Prr5l/Asph/Zc3h12a/Ehd2/Ttc21b/Ptgs2/Hap1/Chp2/Ufm1/Csprs/Gas6/Cd81/Tek/Cdk1/Bmp4/Mapk3/Ptpn1/Rab11fip3/Tmed2/Numa1/Dbn1/Prkd1/Svip/Nf1/Smo/Nup54/Rab29",53
"GO:1904062","regulation of monoatomic cation transmembrane transport","55/2646","324/25615",0.169753086419753,1.64332022246484,3.95529869886423,0.000156900359749061,0.00144195695426033,0.000889958207755555,"Chd7/Alox5/Fkbp1b/Agrn/Nr3c2/Ubash3b/Pde4d/Stim2/P2ry6/Atpsckmt/Ager/Aplnr/Gpr35/Adrb1/Sco1/Mmp9/Scn1b/Snta1/Myo5a/Nedd4/Fxyd2/Wnk1/Edn1/Asph/Tgfb2/Lyn/Fbxo11/Stk39/Clec4b1/Bcl2/Iscu/Prnp/Kcnn4/Bin1/Cd4/Snx27/Pde4b/Bmp4/Cav1/Stimate/Lcn2/Pml/Cxcl10/Cacna1d/Slc25a23/Amigo1/Slc8a1/Slc31a2/Tmem38b/Cx3cl1/Atp1b3/Kcnab2/Prkd1/Plcg1/Psen2",55
"GO:0048284","organelle fusion","38/2646","200/25615",0.19,1.83932350718065,4.04447268004721,0.00015790766412136,0.00144914119187945,0.000894392231404261,"Stx4a/Rab39/Vamp1/Syt7/Prkn/Vti1a/Pip4k2b/Atp13a2/Septin8/Snap47/Bcl2a1b/Rab4b/Eea1/Stxbp1/Dram1/Cav2/Bcl2a1a/Rab3a/Stxbp6/Tmem175/Rab20/Bcl2a1d/Sphk1/Tfrc/Syt11/Nme3/Gosr2/Stx2/Pnpla2/Samd9l/Oma1/Znrf1/Ankrd27/Stx12/Miga1/Stx11/Stx16/Rab7b",38
"GO:0044782","cilium organization","74/2646","470/25615",0.157446808510638,1.52418745275888,3.89289158358608,0.000159001407743724,0.00145709706611367,0.000899302499740421,"Dusp23/Fam161a/Cep83/Wdpcp/Syne2/Iqcn/Tapt1/Ehd4/Cep70/Map4/Nek1/Ift57/B3glct/Dnmbp/Ccdc88c/Kif3a/Tbc1d32/Rilp/Togaram1/Crocc/Tbc1d31/Rabep2/Ehd1/Cdc14b/Ehd2/Ccdc63/Ttc12/Rab10/Dync2h1/Csnk1d/Cdkl5/Ttc21b/Celsr3/Ahi1/2700049A03Rik/Tmem107/Hap1/Kifap3/Syne1/Dnajb13/Fuz/Snx10/Cdk10/Cntrob/Ttc39c/Cep89/Lrrc45/Txndc15/Catip/Wrap73/Ssx2ip/Fbf1/Poc1b/Cdk1/Ift81/Bbs9/Rab11fip3/Cep164/Plk4/Ccno/Rilpl2/Tbc1d30/Ift172/Septin9/Alpk1/Abcc4/Aurka/Sdccag8/Cep78/Cep41/Trim32/Cby1/Dnah2/Rab29",74
"GO:0038127","ERBB signaling pathway","30/2646","145/25615",0.206896551724138,2.0028931112675,4.11042525688716,0.000160880349628036,0.00147206272295333,0.000908539120223131,"Npr2/Adra2b/Dgkd/Bcar3/Snx5/Cblb/Ceacam1/Mmp9/Adgre4/Src/Zgpat/Sox9/Cadm1/Spry4/Hap1/Gab1/Gprc5a/Abcb1a/Plaur/Nrg2/Mapk3/Spry1/Sos1/Hip1/Plau/Rhbdf2/Plcg1/Psen2/Fer/Rhbdf1",30
"GO:0070302","regulation of stress-activated protein kinase signaling cascade","13/2646","41/25615",0.317073170731707,3.06947440222702,4.50106449038462,0.000161092791755322,0.00147206272295333,0.000908539120223131,"Nod1/Hmgcr/Tgfb2/Eif2ak2/Nod2/Igfbp6/Taok3/Mapk3/Klhdc10/Fas/Sema4c/Mid1/Il1b",13
"GO:0030072","peptide hormone secretion","56/2646","332/25615",0.168674698795181,1.63288072926627,3.93948263163137,0.000163152078743803,0.0014887627185372,0.000918846153380701,"Chd7/Alox5/Stx4a/Clcf1/Hif1a/Nr1d1/Fkbp1b/Jak2/Cd38/Pck2/Gabbr1/Serp1/Syt7/Prkn/Hmgcr/Fam3a/Myo5a/Inhbb/Edn1/Gja1/Lrrc8a/Hfe/Trpm4/Cpt1a/Rab3a/Abcg1/Pde8b/Il1rn/Hadh/Stxbp3/Klf7/Trpv4/Arrb1/Pparg/Itsn1/Glrx/Slc16a1/Sirt4/Pde4c/Rapgef4/Cacna1d/Per2/Aqp1/Map4k4/Acsl4/Ildr2/Trpm2/Psmd9/Prkd1/Rab11fip5/Rab8b/Gna11/Birc5/Il1b/Smpd3/Acvr2b",56
"GO:0071277","cellular response to calcium ion","21/2646","87/25615",0.241379310344828,2.33670862981208,4.23887452531763,0.000164257530333613,0.00149672393597607,0.000923759719477465,"Fosb/Cpne8/Rasgrp2/Mef2c/Add1/Eef2k/Inhbb/Wnk1/Edn1/Asph/Jun/Slc25a24/Chp2/Mylk/Slc25a23/Fos/Trpm2/Itpkc/Smpd1/Micu1/Nfatc1",21
"GO:0010665","regulation of cardiac muscle cell apoptotic process","18/2646","69/25615",0.260869565217391,2.52538696638076,4.30631407541013,0.000165988044792421,0.00150142297768009,0.000926659910582838,"Jak2/Acot1/Capn2/Gpr35/Adrb1/Trem1/Hmgcr/Sirt5/Map3k5/Mrtfa/Bcl2/Nupr1/Cflar/Sirt4/Ptpn1/Camk2a/Gch1/Capn1",18
"GO:2001238","positive regulation of extrinsic apoptotic signaling pathway","18/2646","69/25615",0.260869565217391,2.52538696638076,4.30631407541013,0.000165988044792421,0.00150142297768009,0.000926659910582838,"Tnfsf14/Runx3/Hyal2/Tnfsf12/Fadd/Tgfb2/Htra2/Tnfsf10/Thbs1/Wwox/Unc5b/G0s2/Cav1/Atf3/Pml/Nf1/Siglec1/Psen2",18
"GO:0046597","host-mediated suppression of symbiont invasion","11/2646","31/25615",0.354838709677419,3.43506936824909,4.60437343843768,0.000166154154706413,0.00150142297768009,0.000926659910582838,"Trim30d/Ly6e/Ciita/Rad50/Trim12c/Ifitm2/Trim30a/Trim30c/Ptx3/Ifitm1/Trim5",11
"GO:1903055","positive regulation of extracellular matrix organization","11/2646","31/25615",0.354838709677419,3.43506936824909,4.60437343843768,0.000166154154706413,0.00150142297768009,0.000926659910582838,"Colgalt1/Sox9/Tgfb2/Stat3/Smad3/Cflar/Plaur/Rgcc/Pdpn/Bmp2/Plau",11
"GO:1905523","positive regulation of macrophage migration","11/2646","31/25615",0.354838709677419,3.43506936824909,4.60437343843768,0.000166154154706413,0.00150142297768009,0.000926659910582838,"Trem1/Mmp14/Trpv4/Thbs1/Csf1r/C3ar1/P2ry12/Mapk3/Cx3cl1/Cx3cr1/Trem2",11
"GO:0016051","carbohydrate biosynthetic process","42/2646","229/25615",0.183406113537118,1.77549039994455,4.00091760741364,0.000166409271498789,0.00150142297768009,0.000926659910582838,"Prkaca/Sord/Hif1a/Mtor/Prkag2/Gpd2/Nr1d1/Pck2/Agl/Chst14/P2ry6/Pgam1/Pth1r/Nans/Ext1/Chst12/Ogt/St3gal4/Pgm2/Parp1/St3gal2/Chst11/Gnmt/Got1/Slc39a14/Arrb1/Pdgfb/Sik1/Atf3/B3galnt1/Per2/Pgk1/Dgat2/Nln/Cry1/Igf1/Gnpda1/Kat2a/Pfkfb4/Sorbs1/Smpd3/Chst15",42
"GO:0050777","negative regulation of immune response","42/2646","229/25615",0.183406113537118,1.77549039994455,4.00091760741364,0.000166409271498789,0.00150142297768009,0.000926659910582838,"Zdhhc9/Mtor/Oas1a/Bcr/Ceacam1/Cd274/Selenos/Dtx4/Arg2/Cd80/Fam3a/Acod1/Adar/Samhd1/Zc3h12a/Spn/Trim21/Parp1/Hfe/Clec12a/Oas1c/Nod2/Oas1g/Samsn1/Oas3/Tnfaip3/Pvr/Nectin4/Il7r/Pparg/Dhx58/Vsir/Arg1/Dusp22/Pim1/Mapk3/Nlrc3/Irgm2/Trem2/Irak3/Col3a1/Fer",42
"GO:0043407","negative regulation of MAP kinase activity","12/2646","36/25615",0.333333333333333,3.22688334593097,4.53805249536684,0.000167914448388059,0.00151287856443884,0.000933730158713675,"Rgs14/Dusp7/Hmgcr/Lyn/Spry4/Tsc2/Aida/Cav1/Ptpn1/Spry1/Nf1/Inppl1",12
"GO:0060390","regulation of SMAD protein signal transduction","19/2646","75/25615",0.253333333333333,2.45243134290753,4.27541597977419,0.000168301740565389,0.00151424423164154,0.000934573031819227,"Jak2/Ski/Parp1/Tgfb2/Hfe/Ldlrad4/Smad3/Eng/Tgfbr2/Nup93/Pparg/Acvr2a/Smad6/Tgfb3/Bmp4/Bmp2/Pin1/Pmepa1/Acvrl1",19
"GO:0045429","positive regulation of nitric oxide biosynthetic process","15/2646","52/25615",0.288461538461538,2.79249520320949,4.39153494158097,0.00017101633327839,0.00153437000695583,0.000946994414354593,"Tlr2/Mtor/Jak2/Ddah2/Sod2/Hrh1/Ass1/Ptgs2/Smad3/Aif1/Tlr5/Ptx3/Klf4/Il1b/Smpd3",15
"GO:0048536","spleen development","15/2646","52/25615",0.288461538461538,2.79249520320949,4.39153494158097,0.00017101633327839,0.00153437000695583,0.000946994414354593,"Ripk3/Traf3ip2/Lipa/Rcbtb2/Sco1/Fadd/Bcl3/Bcl2/Tet2/Pcid2/Slc40a1/Ctc1/Samd9l/Fas/Jarid2",15
"GO:0002244","hematopoietic progenitor cell differentiation","35/2646","180/25615",0.194444444444444,1.88234861845973,4.03202457305133,0.000176592787800849,0.00158049324748134,0.000975461114662587,"Zswim9/Lipa/Tifab/Ssbp3/Agpat5/Hyal2/Top2a/Ext1/Adar/Lyn/Tmem91/Tcf15/Eif2ak2/Bcl2/Rrs1/Acp6/Pld4/Tet2/Pcid2/Tal1/Arl11/Bmp4/Thsd1/Tmem143/Samd9l/Batf/Anln/Sos1/Kcnab2/Mllt3/Hspa9/Kdr/Psen2/Cdk6/Smpd3",35
"GO:0050714","positive regulation of protein secretion","37/2646","194/25615",0.190721649484536,1.8463095432904,4.01602461899133,0.000176649151882254,0.00158049324748134,0.000975461114662587,"Tlr2/Stx4a/Hif1a/Unc13b/Jak2/Cd38/Pck2/Ang/Serp1/Prkn/Adora2a/Atp13a2/Wls/Gja1/Lrrc8a/Tgfb2/Myo18a/Trpm4/Abcg1/Adam9/Kcnn4/Arrb1/Frmd4a/Pparg/Glrx/Tgfb3/Rapgef4/Cacna1d/Myom1/Acsl4/Trpm2/Trem2/Psmd9/Apbb1/Igf1/Gna11/Myh10",37
"GO:1903039","positive regulation of leukocyte cell-cell adhesion","49/2646","281/25615",0.174377224199288,1.68808488203506,3.93646026076217,0.000181304605800168,0.0016198898298474,0.000999776203771596,"Alox5/Tnfsf14/Gcnt1/Ephb4/Pik3r6/Jak2/Smarcb1/Ccl19/Runx3/Ager/Cd274/Foxo3/Cd80/Cd24a/Slc7a1/Cd27/Cd28/Fadd/St3gal4/Malt1/Spn/Efnb1/Cd244a/Tnfsf9/Dock8/Tyk2/Lck/Cd47/Aif1/Tgfbr2/Cd4/Cd81/Traf6/Tfrc/Il7r/Vsir/Il15/Cav1/Smarce1/Nlrp3/Smarca2/Epha4/Adam8/Egr3/Capn1/Igf1/Il1b/Sox13/Blm",49
"GO:0016197","endosomal transport","51/2646","296/25615",0.172297297297297,1.66794983759269,3.92309665695618,0.000183835135739728,0.00164021793332224,0.00101232246077468,"Dennd1c/Tmem87b/Rab13/Snx9/Golt1b/Zfyve9/Snf8/Eps15/Btbd8/Reps2/Ehd4/Snx30/Snx5/Snx6/Rab6b/Vti1a/Aldh7a1/Inpp5f/Rilp/Pheta2/Ehd1/Plekha3/Tbc1d17/Src/Aktip/Arl1/Rab4b/Ehd2/Sgsm2/Rab10/Ighm/Tbc1d5/Snx27/Evi5/Heatr5b/Itsn1/Als2cl/Snx18/Als2/Mapk3/Sgsm3/Snx2/Ap5z1/Rab11fip3/Rabgef1/Ankrd27/Rab8b/Stx12/Stx16/Rab29/Rab7b",51
"GO:0036230","granulocyte activation","16/2646","58/25615",0.275862068965517,2.67052414835666,4.32289211307283,0.000186893578429718,0.00166091745566764,0.00102509795296499,"Stx4a/Myo1f/Traf3ip2/Fcgr4/Bcr/Anxa3/Src/Clec12a/Itgam/Ccl3/Stxbp3/Il18rap/Pram1/Il15/Fcer1g/Stx11",16
"GO:0050853","B cell receptor signaling pathway","16/2646","58/25615",0.275862068965517,2.67052414835666,4.32289211307283,0.000186893578429718,0.00166091745566764,0.00102509795296499,"Cd79b/Cd38/Lpxn/Sh2b2/Mef2c/Blnk/Cd72/Lyn/Ighm/Bcl2/Lck/Plekha1/Cd81/Cmtm3/Sos1/Tec",16
"GO:0071639","positive regulation of monocyte chemotactic protein-1 production","9/2646","22/25615",0.409090909090909,3.96026592455164,4.7145912600677,0.00018740684263882,0.00166091745566764,0.00102509795296499,"Oas1a/Ager/Oas1c/Nod2/Oas1g/Cd84/Trpv4/Oas3/Il1b",9
"GO:0048041","focal adhesion assembly","22/2646","94/25615",0.234042553191489,2.26568405139834,4.17256364097428,0.000187706424784357,0.00166091745566764,0.00102509795296499,"Wdpcp/Bcr/Arhgap6/Sdc4/Ptpra/Src/Rcc2/Bcl2/Mmp14/Actn1/Smad3/Tek/Dusp22/Ankrd28/Enpp2/Thsd1/Map4k4/Limch1/Nrp1/Sorbs1/Acvrl1/Kdr",22
"GO:0060395","SMAD protein signal transduction","22/2646","94/25615",0.234042553191489,2.26568405139834,4.17256364097428,0.000187706424784357,0.00166091745566764,0.00102509795296499,"Jak2/Ski/Parp1/Tgfb2/Hfe/Ldlrad4/Jun/Smad3/Eng/Tgfbr2/Nup93/Pparg/Acvr2a/Smad6/Tgfb3/Bmp4/Bmp2/Pml/Fos/Pin1/Pmepa1/Acvrl1",22
"GO:0060420","regulation of heart growth","22/2646","94/25615",0.234042553191489,2.26568405139834,4.17256364097428,0.000187706424784357,0.00166091745566764,0.00102509795296499,"Akap1/Mtor/Parp2/Acacb/Mef2c/Adrb1/Cdk20/Rgs2/Dusp6/Mapk14/Fgf9/Edn1/Gja1/Ccnb1/Wt1/Tgfbr2/Fgfr1/Cdk1/Pim1/Jarid2/Pin1/Igf1",22
"GO:0045598","regulation of fat cell differentiation","31/2646","153/25615",0.202614379084967,1.96143889654627,4.04840288218579,0.000187998456928909,0.00166121332504995,0.00102528055993146,"Alox5/Mtor/Nr1d1/Zfp36l2/Id2/Sod2/Asxl2/Mapk14/Zc3h12a/Napepld/Trpm4/Ptgs2/Smad3/Cebpb/Trpv4/Sh3pxd2b/Pparg/Bmp2/Pim1/Lpin1/Ccdc85b/Trib2/Jdp2/Ankrd26/Noct/E2f1/Pin1/Igf1/Mecom/Runx1t1/Sox13",31
"GO:0042771","intrinsic apoptotic signaling pathway in response to DNA damage by p53 class mediator","14/2646","47/25615",0.297872340425532,2.88359788359788,4.38683523029574,0.000192298539412984,0.00169687612251238,0.00104729120263438,"Phlda3/Ddit4/Steap3/Bcl3/Nupr1/Usp28/Msh2/Knl1/Bcl2l12/Chek2/Pml/Brca2/Aen/Ifi204",14
"GO:0048534","hematopoietic or lymphoid organ development","28/2646","133/25615",0.210526315789474,2.03803158690377,4.07363593040492,0.000192628825478482,0.00169745895044413,0.00104765091691021,"Ccnb2/Ripk3/Traf3ip2/Cxcl13/Id2/Lipa/Rcbtb2/Blvrb/Sco1/Lmo4/Tnfrsf11a/Fadd/Bcl3/Atm/Bcl2/Tet2/Pcid2/Slc46a2/Slc40a1/Il7r/Pdpn/Il15/Mapk3/Ctc1/Samd9l/Fas/Jarid2/Psen2",28
"GO:0007411","axon guidance","47/2646","267/25615",0.176029962546816,1.70408446358152,3.92528433685583,0.000193790681232034,0.00170405646795462,0.00105172282407909,"Sema6d/Agrn/Sema4d/Emb/Rac3/Runx3/Plxna4/Ptpro/Vasp/Mef2c/Palld/Ptch1/Scn1b/Lmo4/Nectin1/Ext1/L1cam/Edn1/Tgfb2/Efnb1/Neo1/Sema6a/Tubb2b/Sema4a/Celsr3/Efna2/Lgr4/Evl/Sema6b/Egr2/Klf7/Ulk2/Sema3f/Cxcl12/Csf1r/Unc5b/Tubb3/Mycbp2/Epha4/Sema4c/Etv1/Sema7a/Apbb1/Nrp1/Smo/Rtn4rl1/Myh10",47
"GO:0000280","nuclear division","74/2646","473/25615",0.156448202959831,1.51452030189572,3.8335025261152,0.000193908044532196,0.00170405646795462,0.00105172282407909,"Tdrkh/Ccnb2/Sgo1/Piwil2/Npr2/Eps8/Cul3/Ehmt2/Rps6ka2/Mlh3/Kif2c/Osm/Kif15/Spice1/Bub1b/Cdca8/Top2a/Ccdc86/Cd28/Kif11/Cdc20/Ube2c/Cdc14b/Edn1/Gja1/Prdm9/Mcmdc2/Cav2/Ccnb1/Zwint/Atm/Pinx1/Arhgef10/Slc2a8/Nfix/Rad51d/Tpx2/Mki67/Rrs1/Sphk1/Nek2/Cdkn1c/Wrap73/Rgcc/Cep85/Pdgfb/Nfia/Knl1/Cenpa/Cdk1/Bub1/Bmp4/Chek2/Brca2/Cenpe/Cenpv/Cdt1/Ccne1/Numa1/Rcc1/Ska1/Ankle2/Espl1/Igf1/Msh5/Kif22/Aurka/Birc5/Nusap1/Il1b/Smpd3/Kif4/Ccdc61/Ckap2l",74
"GO:0045667","regulation of osteoblast differentiation","33/2646","167/25615",0.197604790419162,1.91294282183931,4.01733052260384,0.000194870329025593,0.00171017348860712,0.00105549817446012,"Prkaca/Hdac5/Sema4d/Id2/Tnfaip6/Hdac7/Mef2c/Rassf2/Ski/Suco/Ptch1/Sox9/Trpm4/Hey1/Smad3/Cebpb/Fgfr1/Pdlim7/Pparg/Acvr2a/Smad6/Bmp4/Bmp2/Ifi204/Ifitm1/Noct/Prkd1/Ccn1/Igf1/Tmem119/Cdk6/Nfatc1/Acvr2b",33
"GO:0032615","interleukin-12 production","17/2646","64/25615",0.265625,2.57142266628874,4.27210214270192,0.000197032849670126,0.00172209391330733,0.00106285531488692,"Tlr2/Mefv/Irf8/Ccl19/Cd40/Ager/Lilra5/Mapk14/Acp5/Tnfsf9/Nod2/Cd47/Thbs1/Traf6/Nlrc3/Irak3/Il16",17
"GO:0032655","regulation of interleukin-12 production","17/2646","64/25615",0.265625,2.57142266628874,4.27210214270192,0.000197032849670126,0.00172209391330733,0.00106285531488692,"Tlr2/Mefv/Irf8/Ccl19/Cd40/Ager/Lilra5/Mapk14/Acp5/Tnfsf9/Nod2/Cd47/Thbs1/Traf6/Nlrc3/Irak3/Il16",17
"GO:0044088","regulation of vacuole organization","17/2646","64/25615",0.265625,2.57142266628874,4.27210214270192,0.000197032849670126,0.00172209391330733,0.00106285531488692,"Mtor/Rab3gap2/Ehmt2/Snx30/Pip4k2b/Efnb1/Atm/Wipi1/Nupr1/Lrsam1/Rnf5/Fez2/Snx18/Chek2/Irgm2/Tfeb/Trim32",17
"GO:0002790","peptide secretion","57/2646","342/25615",0.166666666666667,1.61344167296548,3.87632791360597,0.000198021765454488,0.00172449754666382,0.00106433880801598,"Chd7/Alox5/Stx4a/Clcf1/Hif1a/Nr1d1/Fkbp1b/Jak2/Cd38/Pck2/Gabbr1/Serp1/Syt7/Prkn/S100a8/Hmgcr/Fam3a/Myo5a/Inhbb/Edn1/Gja1/Lrrc8a/Hfe/Trpm4/Cpt1a/Rab3a/Abcg1/Pde8b/Il1rn/Hadh/Stxbp3/Klf7/Trpv4/Arrb1/Pparg/Itsn1/Glrx/Slc16a1/Sirt4/Pde4c/Rapgef4/Cacna1d/Per2/Aqp1/Map4k4/Acsl4/Ildr2/Trpm2/Psmd9/Prkd1/Rab11fip5/Rab8b/Gna11/Birc5/Il1b/Smpd3/Acvr2b",57
"GO:0030301","cholesterol transport","26/2646","120/25615",0.216666666666667,2.09747417485513,4.08996887474354,0.000198113198853969,0.00172449754666382,0.00106433880801598,"Vapa/Lipg/Abca2/Lipa/Syt7/Abca8a/Ptch1/Card6/Rilp/Nus1/Ttc39b/Abcg1/Eepd1/Gramd1a/Pparg/Furin/Soat2/Cav1/Abcb4/Mapk3/Pltp/Stard3/Comt/Trem2/Smpd1/Stx12",26
"GO:1901989","positive regulation of cell cycle phase transition","26/2646","120/25615",0.216666666666667,2.09747417485513,4.08996887474354,0.000198113198853969,0.00172449754666382,0.00106433880801598,"Ccnd1/Cul3/Sass6/Adamts1/Mdm2/Cdc20/Klhl18/Rad51b/Ube2c/Mblac1/Ccnb1/Rcc2/Rrm2/Dbf4/Aif1/Csf1r/Rgcc/Cdk1/Pim1/Chek2/Cenpe/Ccne1/Ska1/Lmnb1/Fam83d/Birc5",26
"GO:0150116","regulation of cell-substrate junction organization","19/2646","76/25615",0.25,2.42016250944822,4.2082882000327,0.000202919273741754,0.0017639423741773,0.00108868367344029,"Wdpcp/Lamtor2/Arhgap6/Sdc4/Ptpra/Src/Rcc2/Mmp14/Smad3/Tek/Rhou/Dusp22/Ankrd28/Enpp2/Map4k4/Limch1/Nrp1/Acvrl1/Kdr",19
"GO:0009144","purine nucleoside triphosphate metabolic process","50/2646","290/25615",0.172413793103448,1.66907759272291,3.88922739573006,0.000207845506502205,0.001804323694284,0.0011136065306468,"Ndufb6/Prkaca/Hif1a/Mtor/Slc25a25/Prkag2/Ak3/Mpi/Pfkp/Jmjd8/Lipa/Galk1/Pgam1/Eno3/Atpsckmt/Prkn/Cox6b2/Nme4/Hk3/Impdh1/Fam3a/Ddit4/Samhd1/Ogt/Src/Parp1/Stat3/Pkm/Hk2/Nudt5/Dguok/Nupr1/Guk1/Ppp2ca/Eif6/Cbfa2t3/Nme3/Uchl1/Pgk1/Nudt2/Pfkfb3/Nudt16/mt-Atp8/Trem2/Igf1/Pfkfb4/Adpgk/mt-Nd4l/Nme1/Zbtb20",50
"GO:0010714","positive regulation of collagen metabolic process","13/2646","42/25615",0.30952380952381,2.99639167836447,4.39483055657867,0.000211406004645277,0.00183028594857312,0.00112963011666868,"Acvr1b/Suco/Idua/Cbx8/Mrtfa/Prdx5/Eng/Ccn2/Rgcc/Pdgfb/Vsir/Tgfb3/Bmp4",13
"GO:0090049","regulation of cell migration involved in sprouting angiogenesis","13/2646","42/25615",0.30952380952381,2.99639167836447,4.39483055657867,0.000211406004645277,0.00183028594857312,0.00112963011666868,"Card10/Hdac5/Hdac7/Rhoj/Pik3r2/Nus1/Jcad/Ptgs2/Thbs1/Akt3/Nrp1/Klf4/Kdr",13
"GO:0043547","positive regulation of GTPase activity","25/2646","114/25615",0.219298245614035,2.12294956969142,4.07846417406331,0.000213555220367401,0.00184640475860051,0.00113957844920437,"Snx9/Sema4d/Bcr/Bcar3/Rasgrp2/Rgs14/Dock10/Sipa1l1/Ralbp1/Arhgap24/Dock8/Rgs10/Rcc2/Mex3b/Mmut/Bin1/Evi5/Srgap2/Snx18/Als2/Sgsm3/Rgs1/Rap1gds1/Tbc1d30/Nf1",25
"GO:0009411","response to UV","32/2646","161/25615",0.198757763975155,1.92410435533772,3.99225720970108,0.000216270146682377,0.00186539778894976,0.00115130071539236,"Ccnd1/Poli/Mdm2/Hyal2/Pold1/Ddb2/Mmp9/Hyal3/Map3k4/Mapk14/Nedd4/Parp1/Bcl3/Rad18/Cirbp/Bcl2/Zranb3/Cdkn2d/Primpol/Map2k3/N4bp1/Usp28/Msh2/Map2k6/Mapk13/Pml/Brca2/Aqp1/Smpd1/Cat/Timp1/Trim32",32
"GO:0060546","negative regulation of necroptotic process","8/2646","18/25615",0.444444444444444,4.30251112790795,4.75716907098246,0.000216332713693582,0.00186539778894976,0.00115130071539236,"Rnf31/Fadd/Birc3/Peli1/Bok/Cflar/Birc2/Cav1",8
"GO:0046890","regulation of lipid biosynthetic process","43/2646","239/25615",0.179916317991632,1.74170691056525,3.91004964617583,0.000217483499703417,0.00187280697331736,0.0011558735734248,"Gltp/Prkaca/Mtor/Nr1d1/Idh1/Abca2/Por/Gnai1/Angptl4/Capn2/Ceacam1/Hrh1/Edn1/Paqr4/H6pd/Abcd1/Abcg1/Pde8b/Snai1/Ptgs2/Egr1/Adora2b/Pdgfa/Sphk1/Dhcr7/Eif6/Pdgfb/Sirt4/Slc27a1/Bmp2/Sik1/Lpin1/Abhd6/Abcd2/Dgat2/Thrsp/Ccn1/Igf1/Sorbs1/Il1b/Smpd3/Nme1/Zbtb20",43
"GO:0046777","protein autophosphorylation","36/2646","189/25615",0.19047619047619,1.84393334053198,3.95241559226479,0.000220107415642633,0.00189286484349166,0.00116825304573774,"Prkaca/Mtor/Jak2/Bcr/Acvr1b/Ulk3/Rassf2/Mapk14/Eef2k/Map3k12/Wnk1/Src/Lyn/Nek6/Stk39/Eif2ak2/Jun/Atm/Lck/Ulk2/Ppp2ca/Stk10/Fgfr1/Mink1/Csf1r/Sik1/Pim1/Chek2/Mapk3/Camk2a/Prkd1/Irak3/Rap2a/Hspa9/Kdr/Fer",36
"GO:2000489","regulation of hepatic stellate cell activation","7/2646","14/25615",0.5,4.84032501889645,4.87827314029393,0.000221446263746583,0.00190183261805889,0.00117378784659141,"Nr1d1/Cygb/Mrtfa/Fgfr1/Pdgfb/Rps6ka1/Smo",7
"GO:0000819","sister chromatid segregation","42/2646","232/25615",0.181034482758621,1.75253147235906,3.90804687221238,0.000222850937815005,0.00190879256603146,0.00117808344141166,"Cul3/Kif2c/Smarcb1/Kif15/Tacc3/Spice1/Bub1b/Cdca8/Top2a/Kif11/Cdc20/Ube2c/Bcl7a/Nek6/Ccnb1/Zwint/Atm/Pinx1/Arhgef10/Tpx2/Rrs1/Nek2/Wrap73/Knl1/Cenpa/Cdk1/Bub1/Chek2/Smarce1/Cenpe/Cdt1/Smarca2/Numa1/Rcc1/Ska1/Espl1/Kif22/Birc5/Nusap1/Kif4/Ccdc61/Ckap2l",42
"GO:0017157","regulation of exocytosis","42/2646","232/25615",0.181034482758621,1.75253147235906,3.90804687221238,0.000222850937815005,0.00190879256603146,0.00117808344141166,"Scamp5/Stx4a/Unc13b/Cacna1a/Cspg5/Rab2b/Bcr/Snf8/D6Wsu163e/Syt7/Prkn/Ceacam1/Rab3d/Hyal3/Atp13a2/Sdc4/Myo5a/Sdc1/Septin4/Lyn/Stxbp1/Unc13d/Ighm/Rab3a/Itgam/Hap1/Cd84/Stxbp3/Adora2b/Pld2/Epb41l1/Glrx/Pram1/Syt11/Rapgef4/Slc4a8/Cacna1d/Rabgef1/P2ry2/Fcer1g/Smpd3/Adora3",42
"GO:0042742","defense response to bacterium","70/2646","444/25615",0.157657657657658,1.52622860956194,3.7964552460477,0.000226279833592516,0.0019355814260963,0.00119461719841507,"Ncf1/Tlr2/Slc15a2/Myo1f/Mtor/Irf8/Unc13b/Rnf31/Oas1a/Stab1/Cxcl13/Tslp/Mavs/Rnase6/Rnase4/Gsdmd/Slc9a9/Ang/Hp/Rasgrp4/Nod1/Colec12/Naip5/Arg2/Trem1/Slamf9/Emilin2/Anxa3/Acp5/Dhx15/Fpr2/Rnf213/Spn/Tbk1/Wfdc18/Ighm/Oas1c/Nagk/Nod2/Oas1g/Bcl3/Trf/Cebpb/Lbp/Oas3/Cd4/Scd1/Clec4e/Traf6/Il7r/Wfdc17/Znfx1/Naip6/Ear2/Syt11/Adm/Lcn2/Pim1/Nlrp3/Aqp1/Irgm2/Tfeb/Trem2/Prkd1/Clec4d/Fcer1g/Slpi/Il1b/Pld1/Mr1",70
"GO:0046545","development of primary female sexual characteristics","29/2646","141/25615",0.205673758865248,1.99105568153187,4.00517612200814,0.000228115922003009,0.0019465461839899,0.00120138451296953,"Idh1/Npr2/Eif2b2/Adamts1/Pde4d/Tnfaip6/Foxo3/Fancg/Gdf9/Hyal3/Inhbb/Src/Dach1/Mmp19/Atm/Bcl2/Mmp14/Wt1/Kitl/Cebpb/Nupr1/Plekha1/Abcb1a/Arrb1/Bmp4/Brca2/Ptx3/Tiparp/Kdr",29
"GO:0030149","sphingolipid catabolic process","11/2646","32/25615",0.34375,3.32772345049131,4.47191164493436,0.000229682753341275,0.0019465461839899,0.00120138451296953,"Gba2/Acer2/Smpd5/Glb1/Enpp2/Hexb/Hexa/Neu1/Smpd1/Smpd3/Asah2",11
"GO:0031295","T cell costimulation","11/2646","32/25615",0.34375,3.32772345049131,4.47191164493436,0.000229682753341275,0.0019465461839899,0.00120138451296953,"Tnfsf14/Ephb4/Ccl19/Cd274/Cd80/Cd24a/Cd28/Spn/Efnb1/Cd81/Cav1",11
"GO:0035767","endothelial cell chemotaxis","11/2646","32/25615",0.34375,3.32772345049131,4.47191164493436,0.000229682753341275,0.0019465461839899,0.00120138451296953,"Nr4a1/Rab13/Cxcl13/Plekhg5/Gab1/Thbs1/Fgfr1/Prkd1/Egr3/Nrp1/Kdr",11
"GO:0071605","monocyte chemotactic protein-1 production","11/2646","32/25615",0.34375,3.32772345049131,4.47191164493436,0.000229682753341275,0.0019465461839899,0.00120138451296953,"Oas1a/Ager/Cd24a/Oas1c/Nod2/Oas1g/Cd84/Kcnn4/Trpv4/Oas3/Il1b",11
"GO:0071637","regulation of monocyte chemotactic protein-1 production","11/2646","32/25615",0.34375,3.32772345049131,4.47191164493436,0.000229682753341275,0.0019465461839899,0.00120138451296953,"Oas1a/Ager/Cd24a/Oas1c/Nod2/Oas1g/Cd84/Kcnn4/Trpv4/Oas3/Il1b",11
"GO:1901223","negative regulation of non-canonical NF-kappaB signal transduction","11/2646","32/25615",0.34375,3.32772345049131,4.47191164493436,0.000229682753341275,0.0019465461839899,0.00120138451296953,"Hdac7/Rassf2/Zc3h12a/Litaf/Peli1/Bcl3/Nlrp3/Nlrc3/Adgrg3/Capn1/Traf1",11
"GO:0097485","neuron projection guidance","47/2646","269/25615",0.174721189591078,1.69141469061809,3.86921271443883,0.00023148421228417,0.0019592056806184,0.00120919779955711,"Sema6d/Agrn/Sema4d/Emb/Rac3/Runx3/Plxna4/Ptpro/Vasp/Mef2c/Palld/Ptch1/Scn1b/Lmo4/Nectin1/Ext1/L1cam/Edn1/Tgfb2/Efnb1/Neo1/Sema6a/Tubb2b/Sema4a/Celsr3/Efna2/Lgr4/Evl/Sema6b/Egr2/Klf7/Ulk2/Sema3f/Cxcl12/Csf1r/Unc5b/Tubb3/Mycbp2/Epha4/Sema4c/Etv1/Sema7a/Apbb1/Nrp1/Smo/Rtn4rl1/Myh10",47
"GO:0009150","purine ribonucleotide metabolic process","63/2646","390/25615",0.161538461538462,1.56379731379731,3.8080469747636,0.000231910097662983,0.0019592056806184,0.00120919779955711,"Ndufb6/Prkaca/Hif1a/Mtor/Slc25a25/Prkag2/Npr2/Ak3/Mpi/Gda/Pfkp/Jmjd8/Lipa/Pde4d/Galk1/Pgam1/Eno3/Atpsckmt/Prkn/Cox6b2/Nme4/Hk3/Impdh1/Fam3a/Ddit4/Ogt/Src/Parp1/Adcy9/Stat3/Pkm/Pde8b/Hk2/Nudt5/Pde2a/Nupr1/Guk1/Pde4a/Ppp2ca/Pfas/Eif6/Prps2/Aprt/Cbfa2t3/Pde4b/Nme3/Pde4c/Uchl1/Pgk1/Nudt2/Pfkfb3/Npr1/mt-Atp8/Trem2/Igf1/Pfkfb4/Adpgk/mt-Nd4l/Adcy7/Pde7a/Nme1/Pde7b/Zbtb20",63
"GO:0141085","regulation of inflammasome-mediated signaling pathway","16/2646","59/25615",0.271186440677966,2.62526102719807,4.24194727412766,0.000232091457495424,0.0019592056806184,0.00120919779955711,"Mefv/Mavs/Usp50/Ogt/Zdhhc1/Eif2ak2/Ppp2ca/Abhd17a/Trim30a/Nlrp3/Nlrc3/Irgm2/Trim65/Trem2/Prkd1/Adcy7",16
"GO:0072329","monocarboxylic acid catabolic process","30/2646","148/25615",0.202702702702703,1.96229392657964,3.98485283437269,0.000234697618609335,0.00197860564559891,0.00122117122082572,"Sord/Mtor/Hacl1/Eci1/Acacb/Abcd4/Acads/Pon3/Slc27a4/Cpt1a/Abcd1/Acad12/Echdc1/Decr2/Hadh/Ech1/Cryl1/Crot/Nudt7/Decr1/Auh/Hsd17b4/Acaa2/Slc16a1/Lpin1/Abcd2/Crat/Lpin3/Dcxr/Pccb",30
"GO:0051962","positive regulation of nervous system development","61/2646","375/25615",0.162666666666667,1.57471907281431,3.80530215653507,0.000238648842059133,0.00200927937272329,0.00124010267029524,"Tlr2/Clcf1/Hif1a/Mtor/Eif2b2/Agrn/Sema4d/Id2/Tgm2/Rgs14/Tbc1d24/Jup/Tiam2/Etv5/Neurl1a/Wls/Ptpra/Fgf9/Eef2k/Tnfrsf1b/Caprin2/L1cam/Tle6/Lyn/Slc7a5/Clstn1/Cdkl5/Dbnl/Sema4a/Aspa/Hap1/Cysltr1/Ist1/Egr2/Xrcc6/Bin1/Cxcl12/Csf1r/Pparg/Rnd2/Ace/Bmp2/Enpp2/Serpinf1/Amigo1/Epha4/Serpine2/Cx3cl1/Ankrd27/Cx3cr1/Dbn1/E2f1/Sema7a/Igf1/Nrp1/Smo/Plxnc1/Il1b/Kdr/Plxnb2/Trim32",61
"GO:0032006","regulation of TOR signaling","32/2646","162/25615",0.197530864197531,1.91222716795909,3.95324380849538,0.000243236585621421,0.00204522490318325,0.00126228781234851,"Prkaca/Hif1a/Mtor/Cul3/Lamtor2/Sik3/Slc7a1/Ddit4/Ogt/Gna12/Fnip2/Src/Sh3bp4/Tbk1/Peli1/Spaar/Atm/Gpr155/F10/Tsc2/Pdcd6/Gas6/Kptn/Tti1/Akt3/Pim1/Rps6ka1/Mapk3/Trem2/Fam83d/Slc38a9/Kdr",32
"GO:1901992","positive regulation of mitotic cell cycle phase transition","23/2646","102/25615",0.225490196078431,2.18289167518859,4.06281339255123,0.000244313432955859,0.00205159410889992,0.0012662188082688,"Ccnd1/Cul3/Sass6/Adamts1/Mdm2/Cdc20/Klhl18/Rad51b/Ube2c/Mblac1/Ccnb1/Rcc2/Rrm2/Dbf4/Aif1/Rgcc/Cdk1/Pim1/Cenpe/Ccne1/Ska1/Lmnb1/Birc5",23
"GO:0032922","circadian regulation of gene expression","18/2646","71/25615",0.253521126760563,2.45424930535594,4.1647234212544,0.000244899897807953,0.00205383412991944,0.00126760132186325,"Nr1d1/Id2/Relb/Per3/Cavin3/Per1/Ogt/Bhlhe41/Csnk1d/Zfhx3/Egr1/Lgr4/Cry2/Pml/Per2/Mycbp2/Cry1/Noct",18
"GO:0046633","alpha-beta T cell proliferation","14/2646","48/25615",0.291666666666667,2.82352292768959,4.29194887230352,0.000245896075159241,0.00205858692615114,0.00127053468960609,"Jak2/Cblb/Cd274/Dock2/Arg2/Cd80/Cd28/Cd244a/Tyk2/Tgfbr2/Cd81/Vsir/Il15/Blm",14
"GO:0034976","response to endoplasmic reticulum stress","50/2646","292/25615",0.171232876712329,1.65764555441659,3.83608582908567,0.000246108536445972,0.00205858692615114,0.00127053468960609,"Alox5/Scamp5/Ccnd1/Zdhhc9/Rcn3/Ubxn8/Serp1/Prkn/Pik3r2/Selenos/Nod1/Pdia4/Tnfrsf10b/Ppp2cb/Gorasp2/Ufd1/Tor1a/Tmbim4/Map3k5/Stat3/Eif2ak2/Nod2/Jun/Bcl2/Ube2j2/Herpud1/Man1c1/Cebpb/Nupr1/Pigbos1/Bok/Sigmar1/Ufm1/Thbs1/Manf/Rnf5/Akt3/Rnf103/Cav1/Atf3/Pml/Ptpn1/Ppp1r15b/Fcgr2b/Foxred2/Tmed2/Nploc4/Svip/Rasgrf2/Itpr1",50
"GO:0009141","nucleoside triphosphate metabolic process","52/2646","307/25615",0.169381107491857,1.63971922464245,3.82729779931782,0.000246427980418778,0.00205858692615114,0.00127053468960609,"Ndufb6/Prkaca/Hif1a/Mtor/Slc25a25/Prkag2/Ak3/Mpi/Pfkp/Jmjd8/Lipa/Galk1/Pgam1/Eno3/Atpsckmt/Prkn/Cox6b2/Nme4/Hk3/Impdh1/Fam3a/Cmpk2/Ddit4/Samhd1/Ogt/Src/Parp1/Stat3/Pkm/Hk2/Nudt5/Uck2/Dguok/Nupr1/Guk1/Ppp2ca/Eif6/Cbfa2t3/Nme3/Uchl1/Pgk1/Nudt2/Pfkfb3/Nudt16/mt-Atp8/Trem2/Igf1/Pfkfb4/Adpgk/mt-Nd4l/Nme1/Zbtb20",52
"GO:0009791","post-embryonic development","28/2646","135/25615",0.207407407407407,2.00783852635705,3.98493009307527,0.000250470383029552,0.00208963862413227,0.00128969941806861,"Mtor/Jak2/Cela1/Serp1/Sod2/Invs/Selenop/Rab3a/Atm/Bcl2/Plagl2/Chst11/Mmut/Plekha1/Dhcr7/Tet2/Prdm1/Dnmt3a/Bmp4/Grcc10/Slc8a1/Tiparp/Mecom/Klf4/Inppl1/Kdr/Itpr1/Acvr2b",28
"GO:0048705","skeletal system morphogenesis","47/2646","270/25615",0.174074074074074,1.68515019176395,3.84135192264087,0.000252704425199496,0.00210554244809541,0.00129951506383313,"Npr2/Por/Tifab/Rarg/Mef2c/Hyal2/Sik3/Rflnb/Ski/Idua/Asxl2/Mapk14/Ext1/Dhrs3/Acp5/Col13a1/Sox9/Tgfb2/Prkra/Tcf15/Chst11/Mmp14/Tmem107/Nfix/Smad3/Trpv4/Sh3pxd2b/Fuz/Ccn2/Thbs1/Tgfbr2/Plekha1/Wwox/Fosl2/Hspg2/Atg9a/Thra/Tgfb3/Bmp4/Ifitm5/Tiparp/Barx2/Tmem119/Inppl1/Col3a1/Smpd3/Acvr2b",47
"GO:0001890","placenta development","37/2646","198/25615",0.186868686868687,1.80901036059766,3.87870823960064,0.000269550121066654,0.00224111502005758,0.00138318879820348,"Alkbh1/Hif1a/Parp2/Tppp3/Ctsl/Pcdh12/Epor/Socs3/Cox6b2/Map3k4/Adgrg6/Mapk14/Parp1/Ncoa3/Rxra/Snai1/Ptgs2/Gab1/Hey1/Cebpb/Htra1/Birc2/Pparg/Cdkn1c/Prdm1/Pdgfb/Adam19/Adm/Mapk3/Stox2/Slc8a1/Tmed2/Tfeb/Plk4/Ccn1/Ccnf/Hs6st1",37
"GO:0060271","cilium assembly","68/2646","431/25615",0.157772621809745,1.52734153728519,3.74740678929732,0.000269958496255014,0.00224111502005758,0.00138318879820348,"Dusp23/Fam161a/Cep83/Wdpcp/Syne2/Iqcn/Tapt1/Ehd4/Cep70/Nek1/Ift57/B3glct/Dnmbp/Kif3a/Tbc1d32/Rilp/Togaram1/Crocc/Tbc1d31/Rabep2/Ehd1/Cdc14b/Ehd2/Ccdc63/Ttc12/Rab10/Dync2h1/Csnk1d/Cdkl5/Ttc21b/Celsr3/Ahi1/2700049A03Rik/Tmem107/Hap1/Syne1/Dnajb13/Fuz/Snx10/Cdk10/Cntrob/Ttc39c/Cep89/Lrrc45/Txndc15/Wrap73/Ssx2ip/Fbf1/Poc1b/Ift81/Bbs9/Rab11fip3/Cep164/Plk4/Ccno/Rilpl2/Tbc1d30/Ift172/Septin9/Alpk1/Abcc4/Sdccag8/Cep78/Cep41/Trim32/Cby1/Dnah2/Rab29",68
"GO:0006261","DNA-templated DNA replication","31/2646","156/25615",0.198717948717949,1.92371891776654,3.92775188167994,0.000270022264247286,0.00224111502005758,0.00138318879820348,"Fam111a/Lig1/Ager/Pold1/Baz1a/Gins1/Kmt5a/Rad50/Pole2/Samhd1/Hltf/Smarcal1/Parp1/Dach1/Wdhd1/Atm/Rfc1/Zranb3/Dbf4/Primpol/Twnk/Fgfr1/Pola1/Tk2/Gins3/Cdk1/Brca2/Cdt1/Ccne1/Orc6/Blm",31
"GO:0045670","regulation of osteoclast differentiation","21/2646","90/25615",0.233333333333333,2.25881834215168,4.06035513464941,0.000271994116536361,0.00225456800597366,0.00139149181668088,"Mtor/Prxl2a/Ubash3b/Tnfaip6/Ceacam1/Rassf2/Asxl2/Tnfrsf11a/Pias3/Clec2i/Mitf/Ccl3/Cebpb/Csf1r/Traf6/Tcta/Klf10/Fos/Adam8/Trem2/Nf1",21
"GO:0030308","negative regulation of cell growth","36/2646","191/25615",0.18848167539267,1.82462513801332,3.88252170325808,0.0002723991320193,0.0022550154949639,0.00139176800141619,"Akap1/Dact3/Sema6d/Sox17/Arhgap4/Acvr1b/Mndal/Osgin2/Hyal2/Ccr5/Tspyl2/Adam15/Gdf9/Rgs2/Caprin2/Gja1/Tgfb2/Sh3bp4/Zc3h12d/Cirbp/Bcl2/Wt1/Cdkn2d/Smad3/Ulk2/Bst2/Sema3f/Pparg/Pml/Prdm4/Smarca2/Ccdc85b/Serpine2/Dcbld2/Nrp1/Acvrl1",36
"GO:0120034","positive regulation of plasma membrane bounded cell projection assembly","27/2646","129/25615",0.209302325581395,2.02618256604968,3.96580381762569,0.000274318570672526,0.00226798262290902,0.00139977115429234,"Dnm3/Mtor/Eps8/Agrn/Ccl19/Tapt1/Cdc42ep3/Neurl1a/Crocc/Cdc42ep1/Def8/Hap1/Fuz/P2ry12/Wrap73/Tgfb3/Aqp1/Rab11fip3/Anln/Palm/Septin9/Nrp1/Rap2a/Espn/Zmynd8/Cdc42ep5/Cdc42ep2",27
"GO:0006913","nucleocytoplasmic transport","61/2646","377/25615",0.161803713527851,1.56636512547843,3.76012505574866,0.000276011335930404,0.00227611915534906,0.00140479292266503,"Akap1/Prkaca/Nr4a1/Traf3ip2/Ahctf1/Chchd4/Jak2/Mllt6/Camk1/Mavs/Sem1/Mdm2/Sp100/Hyal2/Rgs14/Pik3r2/Jup/Mapk14/Ptpn14/Fgf9/Adar/Nedd4/Wnk1/Appl2/Malt1/Hikeshi/Zc3h12a/Nxt1/Ube2i/Tbk1/Stat3/Bcl3/Ptgs2/Egr2/Chp2/Tsc2/Ufm1/Magoh/Magohb/Csprs/Pcid2/Cry2/Gas6/Nup93/Eif6/Ltv1/Tek/Kpna1/Alyref/Cdk1/Bmp4/Pml/Fam53a/Kpna2/Prkd1/Ddx19b/Nup50/Nf1/Smo/Nup54/Hspa9",61
"GO:0051169","nuclear transport","61/2646","377/25615",0.161803713527851,1.56636512547843,3.76012505574866,0.000276011335930404,0.00227611915534906,0.00140479292266503,"Akap1/Prkaca/Nr4a1/Traf3ip2/Ahctf1/Chchd4/Jak2/Mllt6/Camk1/Mavs/Sem1/Mdm2/Sp100/Hyal2/Rgs14/Pik3r2/Jup/Mapk14/Ptpn14/Fgf9/Adar/Nedd4/Wnk1/Appl2/Malt1/Hikeshi/Zc3h12a/Nxt1/Ube2i/Tbk1/Stat3/Bcl3/Ptgs2/Egr2/Chp2/Tsc2/Ufm1/Magoh/Magohb/Csprs/Pcid2/Cry2/Gas6/Nup93/Eif6/Ltv1/Tek/Kpna1/Alyref/Cdk1/Bmp4/Pml/Fam53a/Kpna2/Prkd1/Ddx19b/Nup50/Nf1/Smo/Nup54/Hspa9",61
"GO:0000082","G1/S transition of mitotic cell cycle","41/2646","227/25615",0.180616740088106,1.74848745175995,3.84455241528711,0.000276368508217189,0.00227614268818875,0.00140480744684606,"Prmt2/Ccnb2/Ccnd1/Sass6/Smarcb1/Id2/Adamts1/Acvr1b/Mdm2/Appl2/Bcl7a/Mblac1/Zc3h12d/Ccnb1/Bcl2/Cdkn2d/Rrm2/Dbf4/Aif1/Ppp2ca/Klf11/Rgcc/Pdpn/Rhou/Cdk1/Pim1/Cables1/Smarce1/Smarca2/Ccne1/Ccna2/Rcc1/Camk2a/Kank2/Ccno/E2f1/Jade1/Klf4/Ccnf/Cdk6/Nfatc1",41
"GO:0002577","regulation of antigen processing and presentation","9/2646","23/25615",0.391304347826087,3.78808044957113,4.5402491335286,0.000279753239668304,0.00229812635758208,0.00141837549889877,"Ccl19/Tapbpl/Nod1/Hfe/Nod2/Cst7/Cd68/Thbs1/Trem2",9
"GO:0034114","regulation of heterotypic cell-cell adhesion","9/2646","23/25615",0.391304347826087,3.78808044957113,4.5402491335286,0.000279753239668304,0.00229812635758208,0.00141837549889877,"Ager/Wnk1/Lck/Il1rn/Myadm/Tnfaip3/Mbp/Klf4/Il1b",9
"GO:0140894","endolysosomal toll-like receptor signaling pathway","16/2646","60/25615",0.266666666666667,2.58150667674477,4.1626633656104,0.000286460639569875,0.00235022113486192,0.00145052775870404,"Rnf170/Oas1a/Slc15a4/Src/Lyn/Peli1/Oas1c/Oas1g/Pld3/Tnfaip3/Pld4/Tnip2/Irf2/Znrf1/Adcy7/Rab7b",16
"GO:0030833","regulation of actin filament polymerization","29/2646","143/25615",0.202797202797203,1.96320874892303,3.92030171914038,0.000293097482669723,0.00240160488350804,0.00148224118032717,"Tlr2/Mtor/Eps8/Snx9/Gba2/Vasp/Cdc42ep3/Pik3r2/Add1/Cdc42ep1/Mrtfa/Dbnl/Clec2i/Evl/Myadm/Eln/Kank3/Bin1/Arhgap18/Add3/Ccl24/Ppp1r9a/Kank2/Dbn1/Tmod1/Capn1/Cdc42ep5/Fer/Cdc42ep2",29
"GO:0030203","glycosaminoglycan metabolic process","18/2646","72/25615",0.25,2.42016250944822,4.09572622369933,0.000295378039957956,0.00241106547482835,0.00148808014165736,"Sgsh/Tnfaip6/Hyal2/Idua/Hyal3/Ext1/Naglu/Cln6/Pdgfb/Xylt2/Il15/Cemip2/Ids/Hexb/Hexa/Xylt1/Il1b/Smpd3",18
"GO:0048662","negative regulation of smooth muscle cell proliferation","18/2646","72/25615",0.25,2.42016250944822,4.09572622369933,0.000295378039957956,0.00241106547482835,0.00148808014165736,"Mef2c/Ang/Ogn/Sod2/Gna12/Timp3/S1pr2/Gna13/Aif1/Tnfaip3/Pparg/Il15/Tgfb3/Bmp2/Cav1/Comt/Npr1/Klf4",18
"GO:0072678","T cell migration","18/2646","72/25615",0.25,2.42016250944822,4.09572622369933,0.000295378039957956,0.00241106547482835,0.00148808014165736,"Tnfsf14/Ripk3/Cxcl13/Gnai1/Gpr183/Wnk1/Fadd/Spn/Dock8/Stk39/Ccl3/Aif1/Cxcl12/Cd99l2/Cxcl10/Cd200r1/Slc12a2/Adam8",18
"GO:0048147","negative regulation of fibroblast proliferation","12/2646","38/25615",0.315789473684211,3.05704738035565,4.30699006735385,0.000298567743839887,0.00242195972929643,0.00149480394235932,"Ski/Mmp9/Sod2/Dach1/Kcnn4/Nupr1/Fth1/Tsc2/Pparg/Nlrc3/Nf1/Trim32",12
"GO:0048710","regulation of astrocyte differentiation","12/2646","38/25615",0.315789473684211,3.05704738035565,4.30699006735385,0.000298567743839887,0.00242195972929643,0.00149480394235932,"Clcf1/Nr1d1/Id2/Mbd1/Bin1/Csf1r/Bmp2/Epha4/Serpine2/Trem2/Nf1/Il1b",12
"GO:1900016","negative regulation of cytokine production involved in inflammatory response","12/2646","38/25615",0.315789473684211,3.05704738035565,4.30699006735385,0.000298567743839887,0.00242195972929643,0.00149480394235932,"Mefv/Chid1/Jak2/Appl2/Zc3h12a/Abcd1/Stat3/Il1r2/Abcd2/Nlrc3/Trem2/Adcy7",12
"GO:2000406","positive regulation of T cell migration","12/2646","38/25615",0.315789473684211,3.05704738035565,4.30699006735385,0.000298567743839887,0.00242195972929643,0.00149480394235932,"Tnfsf14/Cxcl13/Wnk1/Fadd/Spn/Dock8/Stk39/Aif1/Cxcl12/Cd99l2/Cxcl10/Adam8",12
"GO:0030278","regulation of ossification","30/2646","150/25615",0.2,1.93613000755858,3.90276619579894,0.000299351809629726,0.00242195972929643,0.00149480394235932,"Alox5/Hif1a/Acvr1b/Sgms2/Mef2c/Rflnb/Asxl2/Adgrg6/Mapk14/Dhrs3/Sox9/Gja1/Trpm4/Rxra/Bcl2/Smad3/Egr2/Csf1r/Acvr2a/Smad6/Bmp4/Bmp2/Mapk3/Ifitm5/Slc8a1/P2ry2/Ccn1/Tmem119/Srgn/Acvr2b",30
"GO:0051224","negative regulation of protein transport","30/2646","150/25615",0.2,1.93613000755858,3.90276619579894,0.000299351809629726,0.00242195972929643,0.00149480394235932,"Akap1/Fkbp1b/Sp100/Prkn/Aldh7a1/Idua/Hmgcr/Dph3/Inhbb/Neo1/Lyplal1/Pde8b/Hadh/Idh2/Klf7/Ufm1/Csprs/Frmd4a/Sirt4/Pde4c/Map4k4/Rab11fip3/Rab11fip1/Psmd9/Rab11fip5/Svip/Nf1/Rhbdf2/Il1b/Rhbdf1",30
"GO:1903844","regulation of cellular response to transforming growth factor beta stimulus","30/2646","150/25615",0.2,1.93613000755858,3.90276619579894,0.000299351809629726,0.00242195972929643,0.00149480394235932,"Strap/Dand5/Zfyve9/Htra3/Snx6/Ski/Ogt/Il17rd/Ldlrad4/Bcl9l/Cav2/Chst11/Smad3/Eng/Got1/Thbs1/Nrep/Htra1/Cflar/Pparg/Cdkn1c/Smad6/Furin/Brms1/Tgfb3/Bmp2/Lrg1/Spry1/Pin1/Pmepa1",30
"GO:0050709","negative regulation of protein secretion","22/2646","97/25615",0.22680412371134,2.19561134877777,4.00419443714022,0.000302527809529268,0.00244150583971862,0.00150686756280827,"Fkbp1b/Prkn/Idua/Hmgcr/Dph3/Inhbb/Neo1/Pde8b/Hadh/Idh2/Klf7/Frmd4a/Sirt4/Pde4c/Map4k4/Rab11fip3/Rab11fip1/Psmd9/Rab11fip5/Rhbdf2/Il1b/Rhbdf1",22
"GO:0140962","multicellular organismal-level chemical homeostasis","22/2646","97/25615",0.22680412371134,2.19561134877777,4.00419443714022,0.000302527809529268,0.00244150583971862,0.00150686756280827,"Fbxl5/Oas1a/Rcn3/Mllt6/Lipa/Hyal2/Sod2/Ext1/Hfe/Neo1/Naglu/Slc11a2/Oas1c/Oas1g/Trf/Trpv4/Napsa/Tfrc/Slc40a1/Aqp1/Aqp7/Kdr",22
"GO:0051783","regulation of nuclear division","31/2646","157/25615",0.197452229299363,1.91146593102917,3.88812934411159,0.000303705434360063,0.00244793439188086,0.00151083518662941,"Piwil2/Npr2/Cul3/Rps6ka2/Osm/Bub1b/Cdca8/Cd28/Cdc20/Ube2c/Edn1/Gja1/Prdm9/Cav2/Ccnb1/Zwint/Atm/Mki67/Sphk1/Pdgfb/Knl1/Bub1/Bmp4/Cenpe/Rcc1/Ska1/Igf1/Birc5/Nusap1/Il1b/Smpd3",31
"GO:0045921","positive regulation of exocytosis","24/2646","110/25615",0.218181818181818,2.11214182642754,3.96740404412532,0.000306679932731972,0.00246572201235318,0.00152181348857456,"Scamp5/Stx4a/Unc13b/Rab2b/Snf8/Syt7/Rab3d/Hyal3/Atp13a2/Sdc4/Sdc1/Stxbp1/Unc13d/Ighm/Rab3a/Itgam/Adora2b/Pld2/Glrx/Slc4a8/Cacna1d/Fcer1g/Smpd3/Adora3",24
"GO:0090130","tissue migration","24/2646","110/25615",0.218181818181818,2.11214182642754,3.96740404412532,0.000306679932731972,0.00246572201235318,0.00152181348857456,"Hif1a/Mtor/Wdpcp/Arsb/Mmp9/Sash1/Src/Sox9/Tgfb2/Jun/Evl/Adam9/Kank3/Tgfbr2/Pkn3/Enpp2/Lrg1/Aqp1/Map4k4/Anln/Kank2/Glipr2/Plcg1/Mcc",24
"GO:0003181","atrioventricular valve morphogenesis","10/2646","28/25615",0.357142857142857,3.45737501349746,4.41573851272581,0.000309274816538104,0.00247112117094624,0.00152514578326662,"Mdm2/Olfm1/Dchs1/Tgfb2/Naglu/Hey1/Tgfbr2/Smad6/Bmp2/Ccn1",10
"GO:0035872","nucleotide-binding domain, leucine rich repeat containing receptor signaling pathway","10/2646","28/25615",0.357142857142857,3.45737501349746,4.41573851272581,0.000309274816538104,0.00247112117094624,0.00152514578326662,"Slc15a2/Nod1/Slc15a4/Nagk/Nod2/Tnfaip3/Slc46a2/Otulin/Irgm2/Slc15a3",10
"GO:0046580","negative regulation of Ras protein signal transduction","10/2646","28/25615",0.357142857142857,3.45737501349746,4.41573851272581,0.000309274816538104,0.00247112117094624,0.00152514578326662,"Timp2/Rasa2/Ppp2cb/Tgfb2/Spry4/Lztr1/Rabgef1/Spry1/Nf1/Rasa3",10
"GO:0070233","negative regulation of T cell apoptotic process","10/2646","28/25615",0.357142857142857,3.45737501349746,4.41573851272581,0.000309274816538104,0.00247112117094624,0.00152514578326662,"Hif1a/Tsc22d3/Arg2/Cd27/Fadd/Dock8/Slc46a2/Il7r/Bmp4/Blm",10
"GO:0097398","cellular response to interleukin-17","10/2646","28/25615",0.357142857142857,3.45737501349746,4.41573851272581,0.000309274816538104,0.00247112117094624,0.00152514578326662,"Cxcl1/Traf3ip2/Socs3/Ikbke/Il17rd/Stat3/Traf6/Cxcl10/Il1b/Trim32",10
"GO:0009124","nucleoside monophosphate biosynthetic process","14/2646","49/25615",0.285714285714286,2.76590001079797,4.19947824305587,0.000311834260154788,0.00247364336580406,0.00152670245110518,"Dhodh/Dck/Impdh1/Uck2/Dguok/Prps1l3/Pfas/Tk2/Prps2/Aprt/Nme3/Nudt2/Upp2/Nme1",14
"GO:0042119","neutrophil activation","14/2646","49/25615",0.285714285714286,2.76590001079797,4.19947824305587,0.000311834260154788,0.00247364336580406,0.00152670245110518,"Myo1f/Traf3ip2/Fcgr4/Bcr/Anxa3/Src/Clec12a/Itgam/Stxbp3/Il18rap/Pram1/Il15/Fcer1g/Stx11",14
"GO:0055023","positive regulation of cardiac muscle tissue growth","14/2646","49/25615",0.285714285714286,2.76590001079797,4.19947824305587,0.000311834260154788,0.00247364336580406,0.00152670245110518,"Mtor/Parp2/Mef2c/Adrb1/Cdk20/Mapk14/Fgf9/Edn1/Ccnb1/Fgfr1/Cdk1/Pim1/Pin1/Igf1",14
"GO:0002710","negative regulation of T cell mediated immunity","11/2646","33/25615",0.333333333333333,3.22688334593096,4.34459970757077,0.000312570425565246,0.00247364336580406,0.00152670245110518,"Ceacam1/Cd274/Cd80/Spn/Hfe/Nod2/Il7r/Vsir/Arg1/Dusp22/Mapk3",11
"GO:0061437","renal system vasculature development","11/2646","33/25615",0.333333333333333,3.22688334593096,4.34459970757077,0.000312570425565246,0.00247364336580406,0.00152670245110518,"Pdgfd/Edn1/Egr1/Wt1/Cflar/C3ar1/Pdgfb/Tek/Bmp4/Aqp1/Nrp1",11
"GO:0061440","kidney vasculature development","11/2646","33/25615",0.333333333333333,3.22688334593096,4.34459970757077,0.000312570425565246,0.00247364336580406,0.00152670245110518,"Pdgfd/Edn1/Egr1/Wt1/Cflar/C3ar1/Pdgfb/Tek/Bmp4/Aqp1/Nrp1",11
"GO:0072574","hepatocyte proliferation","11/2646","33/25615",0.333333333333333,3.22688334593096,4.34459970757077,0.000312570425565246,0.00247364336580406,0.00152670245110518,"Ceacam1/Sulf2/Cebpb/Mki67/Tnfaip3/Cflar/Rps6ka1/Lims2/Plau/Smo/Itpr1",11
"GO:0001841","neural tube formation","27/2646","130/25615",0.207692307692308,2.01059654631083,3.92075536633297,0.000312670985839492,0.00247364336580406,0.00152670245110518,"Prkaca/Hif1a/Tgif1/Vasp/Rarg/Ift57/Ski/Ptch1/Cdk20/Sdc4/Lmo4/Tgfb2/Glmn/Tsc2/Fuz/Traf6/Brpf1/Bmp4/Adm/Tmed2/Sema4c/Ift172/Nup50/Kat2a/Deaf1/Plxnb2/Ipmk",27
"GO:0070588","calcium ion transmembrane transport","58/2646","356/25615",0.162921348314607,1.57718455671907,3.72215285198424,0.000321029421707953,0.00253664576267145,0.00156558676040078,"Chd7/Slc25a25/Cacna1a/Fkbp1b/Ubash3b/Ccl19/Pde4d/Tmem37/Stim2/P2ry6/Aplnr/Gpr35/Ccr5/Adrb1/Orai3/Hrh1/Edn1/Asph/Tgfb2/Lyn/Fbxo11/Tmbim4/Trpm4/Itpr2/Clec4b1/Bcl2/Lck/Ccl3/Tpcn1/Prnp/Kcnn4/Trpv4/Ccn2/Bin1/Cd4/Gas6/Letm2/P2ry12/Pde4b/Bmp4/Cav1/Pml/Cxcl10/Cacna1d/Slc25a23/Slc8a1/Maip1/Trpm3/Tmem38b/Cx3cl1/Trpm2/Prkd1/Micu1/Plcg1/Plcb2/Hspa9/Itpr1/Psen2",58
"GO:0016055","Wnt signaling pathway","75/2646","489/25615",0.153374233128834,1.48476227573511,3.67353469648224,0.000325209184034891,0.00256651572265373,0.00158402213461429,"Tlr2/Ccnd1/Dact3/Tle3/Cul3/Rnf138/Plpp3/Sox17/Rac3/Tle2/Ptpro/Cela1/Porcn/Prkn/Foxo3/Amotl2/Jup/Ccdc88c/Wls/Mapk14/Cmah/Fgf9/Ext1/Caprin2/Sdc1/Wnk1/Tle6/Src/Rnf213/Sox9/Edn1/Bcl7a/Invs/Grk6/Bcl9l/Csnk1d/Fbxw4/Trpm4/Ttc21b/Mitf/Sulf2/Snai1/Celsr3/Egr1/Tmem88/Bcl9/Lgr4/Smad3/Tsc2/Fuz/Ppp2ca/Wwox/Otulin/Lbx2/Kpna1/Hic1/Thra/Bmp2/Cav1/Cdk14/Alpk2/Ccne1/Tpbgl/Mllt3/Pin1/Plekha4/Frmd8/Jade1/Hmgxb4/Klf4/Atp6v0c/Sox13/Mcc/Cby1/Amer1",75
"GO:0003333","amino acid transmembrane transport","25/2646","117/25615",0.213675213675214,2.06851496534036,3.9317243326746,0.000326055735629154,0.00256688976186481,0.00158425298704365,"Slc36a4/Slc36a1/Slc7a6/Slc25a15/Slc7a11/Slc15a4/Arg2/Sfxn2/Slc7a1/Rgs2/Lrrc8a/Slc7a5/Tmem44/Slc3a2/Slc38a6/Slc25a45/Sfxn3/Arg1/Per2/Mfsd12/Slc13a3/Cln8/Nfkbie/Slc38a9/Slc6a6",25
"GO:0032231","regulation of actin filament bundle assembly","25/2646","117/25615",0.213675213675214,2.06851496534036,3.9317243326746,0.000326055735629154,0.00256688976186481,0.00158425298704365,"Mtor/Prkn/Arhgap6/Pik3r2/Mtss1/Sdc4/Arhgef15/Arhgef10/Evl/Smad3/Cd47/Arhgef18/Sh3pxd2b/Kank3/Ccn2/Pdlim4/Rgcc/Tgfb3/Arhgef10l/Ppp1r9a/Cx3cl1/Limch1/Kank2/Dbn1/Nrp1",25
"GO:0043525","positive regulation of neuron apoptotic process","23/2646","104/25615",0.221153846153846,2.14091298912727,3.95701805128532,0.000329771880075236,0.00259296763476538,0.00160034793145936,"Mtor/Agrn/Rapsn/Ager/Ccr5/Foxo3/Tgfb2/Jun/Atm/Egr1/Ccl3/Nqo2/Prnp/Nupr1/Cflar/Cdc34/Lcn2/Fas/Gch1/Pin1/Nf1/Il1b/Casp6",23
"GO:0008625","extrinsic apoptotic signaling pathway via death domain receptors","20/2646","85/25615",0.235294117647059,2.27780000889245,4.00506455806827,0.000334743587858864,0.00262563224469517,0.00162050812946268,"Stx4a/Itprip/Sp100/Tnfrsf10b/Hgf/Fadd/Bcl2/Tmc8/Pea15a/Tnfsf10/Thbs1/Tnfaip3/Rffl/Cflar/Csprs/Atf3/Dele1/Fas/Nf1/Psen2",20
"GO:0045069","regulation of viral genome replication","20/2646","85/25615",0.235294117647059,2.27780000889245,4.00506455806827,0.000334743587858864,0.00262563224469517,0.00162050812946268,"Oas1a/Fam111a/Mavs/Oasl2/Top2a/Adar/Oas1c/Eif2ak2/Oas1g/Ifitm2/Bcl2/N4bp1/Bst2/Oas3/Rad23a/Znfx1/Gm11772/Ifitm1/Slpi/Plscr1",20
"GO:1900225","regulation of NLRP3 inflammasome complex assembly","15/2646","55/25615",0.272727272727273,2.64017728303443,4.13289423264069,0.000337071124793614,0.00263744811896977,0.00162780074264466,"Mefv/Mavs/Usp50/Zdhhc1/Eif2ak2/Ppp2ca/Abhd17a/Trim30a/Nlrp3/Nlrc3/Irgm2/Trim65/Trem2/Prkd1/Adcy7",15
"GO:1990776","response to angiotensin","15/2646","55/25615",0.272727272727273,2.64017728303443,4.13289423264069,0.000337071124793614,0.00263744811896977,0.00162780074264466,"Nr3c2/Lrrc25/Src/Smad3/Adora2b/Ace/Cav1/Ptpn1/Rap1gds1/Comt/Camk2a/Prkd1/Capn1/Rbfox2/Col3a1",15
"GO:0032695","negative regulation of interleukin-12 production","8/2646","19/25615",0.421052631578947,4.07606317380754,4.55248557952724,0.000339899971573533,0.00265311958370398,0.0016374729791331,"Tlr2/Mefv/Lilra5/Acp5/Nod2/Thbs1/Nlrc3/Irak3",8
"GO:2001212","regulation of vasculogenesis","8/2646","19/25615",0.421052631578947,4.07606317380754,4.55248557952724,0.000339899971573533,0.00265311958370398,0.0016374729791331,"Ramp2/Ceacam1/Rras/Hey1/Adm/Elmo2/Rin2/Kdr",8
"GO:0015918","sterol transport","26/2646","124/25615",0.209677419354839,2.02981371760174,3.90156329870406,0.000342362364960016,0.00266909688410575,0.00164733397365747,"Vapa/Lipg/Abca2/Lipa/Syt7/Abca8a/Ptch1/Card6/Rilp/Nus1/Ttc39b/Abcg1/Eepd1/Gramd1a/Pparg/Furin/Soat2/Cav1/Abcb4/Mapk3/Pltp/Stard3/Comt/Trem2/Smpd1/Stx12",26
"GO:0044839","cell cycle G2/M phase transition","32/2646","165/25615",0.193939393939394,1.87745940126892,3.83784728053039,0.0003429995009523,0.00267082278074858,0.00164839917597054,"Rnaseh2b/Ccnb2/Ccnd1/Cenpf/Ints3/Usp50/Gtpbp4/Cdc20/Rad50/Rad51b/Cdc14b/Ccnb1/Rcc2/Atm/Pinx1/Ing4/Cdk10/Taok3/Abcb1a/Nek2/Cdk1/Cdk14/Pim1/Chek2/Ctc1/Ccna2/Foxo4/Lmnb1/Nes/Birc5/Blm/Cdk6",32
"GO:0002534","cytokine production involved in inflammatory response","19/2646","79/25615",0.240506329113924,2.32825760402614,4.013118652069,0.000346830722080597,0.00268762431682238,0.00165876887867741,"Alox5/Hif1a/Mefv/Chid1/Jak2/Per1/Mapk14/Appl2/Zc3h12a/Abcd1/Stat3/Nod2/Pld3/Pld4/Il1r2/Abcd2/Nlrc3/Trem2/Adcy7",19
"GO:0035904","aorta development","19/2646","79/25615",0.240506329113924,2.32825760402614,4.013118652069,0.000346830722080597,0.00268762431682238,0.00165876887867741,"Chd7/Ephb4/Aplnr/Tgfb2/Naglu/Pde2a/Hey1/Eng/Egr2/Gaa/Fuz/Tgfbr2/Prdm1/Smad6/Mylk/Acvrl1/Myh10/Col3a1/Cntrl",19
"GO:1900015","regulation of cytokine production involved in inflammatory response","19/2646","79/25615",0.240506329113924,2.32825760402614,4.013118652069,0.000346830722080597,0.00268762431682238,0.00165876887867741,"Alox5/Hif1a/Mefv/Chid1/Jak2/Per1/Mapk14/Appl2/Zc3h12a/Abcd1/Stat3/Nod2/Pld3/Pld4/Il1r2/Abcd2/Nlrc3/Trem2/Adcy7",19
"GO:1901184","regulation of ERBB signaling pathway","19/2646","79/25615",0.240506329113924,2.32825760402614,4.013118652069,0.000346830722080597,0.00268762431682238,0.00165876887867741,"Dgkd/Snx5/Cblb/Ceacam1/Mmp9/Zgpat/Cadm1/Spry4/Hap1/Gprc5a/Plaur/Spry1/Sos1/Hip1/Plau/Rhbdf2/Psen2/Fer/Rhbdf1",19
"GO:0044546","NLRP3 inflammasome complex assembly","16/2646","61/25615",0.262295081967213,2.53918689515879,4.08497504692586,0.000351492322818125,0.0027107406512086,0.00167303599771966,"Mefv/Mavs/Usp50/Gsdmd/Zdhhc1/Eif2ak2/Ppp2ca/Abhd17a/Trim30a/Nlrp3/Nlrc3/Irgm2/Trim65/Trem2/Prkd1/Adcy7",16
"GO:0061005","cell differentiation involved in kidney development","16/2646","61/25615",0.262295081967213,2.53918689515879,4.08497504692586,0.000351492322818125,0.0027107406512086,0.00167303599771966,"Ptpro/Glis2/Mef2c/Mtss1/Mmp9/Ptch1/Cd24a/Ext1/Edn1/Wt1/Podxl/Pdgfb/Basp1/Smo/Stat1/Amer1",16
"GO:0071622","regulation of granulocyte chemotaxis","16/2646","61/25615",0.262295081967213,2.53918689515879,4.08497504692586,0.000351492322818125,0.0027107406512086,0.00167303599771966,"Ccl19/Tnfaip6/Trem1/C5ar2/Edn1/Nod2/Mpp1/Lbp/Trpv4/Thbs1/Csf1r/C3ar1/Camk1d/Mapk3/Cx3cl1/Il1b",16
"GO:0002248","connective tissue replacement involved in inflammatory response wound healing","6/2646","11/25615",0.545454545454545,5.28035456606885,4.81930882971567,0.000352345648156785,0.0027107406512086,0.00167303599771966,"Hif1a/Lrrc25/Ager/Clec10a/Pparg/Timp1",6
"GO:0034115","negative regulation of heterotypic cell-cell adhesion","6/2646","11/25615",0.545454545454545,5.28035456606885,4.81930882971567,0.000352345648156785,0.0027107406512086,0.00167303599771966,"Wnk1/Il1rn/Myadm/Tnfaip3/Mbp/Klf4",6
"GO:0070587","regulation of cell-cell adhesion involved in gastrulation","6/2646","11/25615",0.545454545454545,5.28035456606885,4.81930882971567,0.000352345648156785,0.0027107406512086,0.00167303599771966,"Wnk1/Il1rn/Myadm/Tnfaip3/Mbp/Klf4",6
"GO:0042058","regulation of epidermal growth factor receptor signaling pathway","18/2646","73/25615",0.246575342465753,2.38700959835989,4.02787537647291,0.000354659805231094,0.00272528060861788,0.00168200988171708,"Dgkd/Snx5/Cblb/Ceacam1/Mmp9/Zgpat/Spry4/Hap1/Gprc5a/Plaur/Spry1/Sos1/Hip1/Plau/Rhbdf2/Psen2/Fer/Rhbdf1",18
"GO:0033344","cholesterol efflux","17/2646","67/25615",0.253731343283582,2.45628433794745,4.05105094723596,0.000356766966795497,0.0027381971262775,0.00168998179854361,"Abca2/Lipa/Abca8a/Ptch1/Card6/Ttc39b/Abcg1/Eepd1/Pparg/Soat2/Cav1/Mapk3/Pltp/Comt/Trem2/Smpd1/Stx12",17
"GO:0042180","ketone metabolic process","44/2646","252/25615",0.174603174603175,1.69027222882098,3.73751495678065,0.000364946459319026,0.00279696096107455,0.0017262501191355,"Fmo1/Coq8b/Mtor/Prkag2/Nr1d1/Haghl/Coq3/Acacb/Angptl4/Ceacam1/Hmgcr/Appl2/Sox9/Edn1/H6pd/Sirt5/Cpt1a/Abcd1/Pdp1/Ptgs2/Egr1/Nqo2/Vkorc1/Tpk1/Bckdk/Eif6/Pparg/Gatd1/Sirt4/Bmp2/Cav1/Coq8a/Stard3/Abcd2/Cbr1/Pgk1/Acsl4/Dgat2/Pdk3/Ankrd26/Pdk1/Il1b/Nme1/Pnkd",44
"GO:0099175","regulation of postsynapse organization","37/2646","201/25615",0.18407960199005,1.78201020596188,3.77777871724735,0.000365673660550612,0.00279696096107455,0.0017262501191355,"Dnm3/Rac3/Dock10/Sipa1l1/Eef2k/Caprin2/Arhgap12/Arhgef15/Cdkl5/Dbnl/S1pr2/Gna13/Smad3/Prnp/Sigmar1/Tsc2/Sema3f/Abhd17a/Fgfr1/Mink1/Arhgap22/Abhd17b/Itsn1/Tanc2/Rapgef4/Ptpn1/Fcgr2b/Epha4/Ppp1r9a/Sema4c/Palm/Dbn1/Nf1/Trim47/Zmynd8/Psen2/Rps6ka5",37
"GO:0008585","female gonad development","28/2646","138/25615",0.202898550724638,1.96418986274059,3.85469960566217,0.000366165032419629,0.00279696096107455,0.0017262501191355,"Idh1/Npr2/Eif2b2/Adamts1/Pde4d/Tnfaip6/Foxo3/Fancg/Gdf9/Hyal3/Inhbb/Src/Mmp19/Atm/Bcl2/Mmp14/Wt1/Kitl/Cebpb/Nupr1/Plekha1/Abcb1a/Arrb1/Bmp4/Brca2/Ptx3/Tiparp/Kdr",28
"GO:1901875","positive regulation of post-translational protein modification","28/2646","138/25615",0.202898550724638,1.96418986274059,3.85469960566217,0.000366165032419629,0.00279696096107455,0.0017262501191355,"Tollip/Cul3/Tnip1/Gnl3/Cblb/Prkn/Cdc20/Birc3/Rnf180/Pias3/Cdc14b/Septin4/Zc3h12a/Dcun1d2/Peli1/Nod2/Egr1/Sphk1/Pdcd6/Arrb1/Birc2/Arrdc4/Dcun1d5/Cav1/Mycbp2/Cry1/Birc5/Amer1",28
"GO:0007517","muscle organ development","61/2646","381/25615",0.16010498687664,1.54992034725818,3.6705555931751,0.000366997134416235,0.00279998763834904,0.00172811814735556,"Chd7/Cenpf/Hdac5/Nr4a1/Tsc22d3/Ly6e/Tifab/Hdac7/Mef2c/Serp1/Epor/Mtss1/Vamp5/Ski/Hmgcr/Neurl1a/Mapk14/Fktn/Gja1/Tgfb2/Zbtb18/Naglu/Ass1/Rcan1/Bcl9l/Cav2/Asb2/Tcf15/Rxra/Zfhx3/Bcl2/Egr1/Wt1/Nfix/Hey1/Bcl9/Smad3/Eln/Eng/Egr2/Nupr1/Cflar/Btg2/Mettl8/Psma6/Bmp4/Bmp2/Cav1/Atf3/Maff/Mylk/Mustn1/Myom1/Fos/Foxo4/Nln/Etv1/Nf1/Smo/Ccm2l/Col3a1",61
"GO:0097553","calcium ion transmembrane import into cytosol","36/2646","194/25615",0.185567010309278,1.79640928536363,3.77923104160974,0.000371713331505168,0.00283260550603701,0.00174824949661854,"Chd7/Cacna1a/Fkbp1b/Ubash3b/Ccl19/Pde4d/P2ry6/Aplnr/Ccr5/Adrb1/Asph/Tgfb2/Lyn/Itpr2/Clec4b1/Bcl2/Lck/Ccl3/Prnp/Kcnn4/Trpv4/Ccn2/Cd4/Bmp4/Cav1/Pml/Cxcl10/Cacna1d/Slc8a1/Tmem38b/Cx3cl1/Trpm2/Prkd1/Plcg1/Plcb2/Itpr1",36
"GO:0048711","positive regulation of astrocyte differentiation","7/2646","15/25615",0.466666666666667,4.51763668430335,4.62529255186205,0.000378196066822446,0.00287859186406089,0.00177663171471958,"Clcf1/Id2/Bin1/Csf1r/Bmp2/Serpine2/Il1b",7
"GO:0007044","cell-substrate junction assembly","23/2646","105/25615",0.219047619047619,2.12052334161178,3.90501680001661,0.000381592182462432,0.00290100376347771,0.00179046406510872,"Dst/Wdpcp/Bcr/Arhgap6/Sdc4/Ptpra/Src/Rcc2/Bcl2/Mmp14/Actn1/Smad3/Tek/Dusp22/Ankrd28/Enpp2/Thsd1/Map4k4/Limch1/Nrp1/Sorbs1/Acvrl1/Kdr",23
"GO:1904950","negative regulation of establishment of protein localization","31/2646","159/25615",0.19496855345912,1.88742233441245,3.80974944429491,0.000382450118852812,0.00290408931857029,0.00179236843199846,"Akap1/Fkbp1b/Sp100/Prkn/Aldh7a1/Idua/Hmgcr/Dph3/Inhbb/Ogt/Neo1/Lyplal1/Pde8b/Hadh/Idh2/Klf7/Ufm1/Csprs/Frmd4a/Sirt4/Pde4c/Map4k4/Rab11fip3/Rab11fip1/Psmd9/Rab11fip5/Svip/Nf1/Rhbdf2/Il1b/Rhbdf1",31
"GO:0009247","glycolipid biosynthetic process","20/2646","86/25615",0.232558139534884,2.25131396227742,3.94512885932206,0.000394402338968291,0.00298778375652394,0.00184402361614267,"Gltp/Gba2/St6galnac3/Pgap1/Ugcg/Pigc/B4galt6/St3gal4/St3gal2/St8sia4/A4galt/Pigv/Pigp/Pigh/Pigz/Mppe1/St3gal6/Pigg/Pigq/Pigu",20
"GO:0051149","positive regulation of muscle cell differentiation","20/2646","86/25615",0.232558139534884,2.25131396227742,3.94512885932206,0.000394402338968291,0.00298778375652394,0.00184402361614267,"Mtor/Parp2/Camk1/Mdm2/Mef2c/Adrb1/Mapk14/Edn1/Bcl2/Mmp14/Eng/Hopx/Thra/Bmp4/Atp11a/Prkd1/Pin1/Igf1/Kat2a/Trim32",20
"GO:0050870","positive regulation of T cell activation","44/2646","253/25615",0.173913043478261,1.6835913109205,3.708750551646,0.00039841491928144,0.00301462596167723,0.00186059029708266,"Tnfsf14/Ephb4/Pik3r6/Jak2/Smarcb1/Ccl19/Runx3/Ager/Cd274/Foxo3/Cd80/Cd24a/Slc7a1/Cd27/Cd28/Fadd/Malt1/Spn/Efnb1/Cd244a/Tnfsf9/Dock8/Tyk2/Lck/Cd47/Aif1/Tgfbr2/Cd4/Cd81/Traf6/Tfrc/Il7r/Vsir/Il15/Cav1/Smarce1/Nlrp3/Smarca2/Adam8/Egr3/Igf1/Il1b/Sox13/Blm",44
"GO:0060419","heart growth","27/2646","132/25615",0.204545454545455,1.98013296227582,3.83185672366881,0.000403834568107111,0.00305203913590598,0.00188368125093165,"Akap1/Mtor/Parp2/Acacb/Mef2c/Adrb1/Cdk20/Rgs2/Dusp6/Mapk14/Fgf9/Meis1/Edn1/Gja1/Tgfb2/Ccnb1/Rxra/Wt1/Dipk2a/Tgfbr2/Fgfr1/Cdk1/Pim1/Jarid2/Pin1/Igf1/Ccm2l",27
"GO:0046835","carbohydrate phosphorylation","9/2646","24/25615",0.375,3.63024376417234,4.3754282926181,0.00040676080845978,0.00306334282947905,0.00189065775244481,"Galk1/Pomk/Hk3/Nagk/Hk2/Fggy/Gnptab/Pfkfb3/Pfkfb4",9
"GO:0048143","astrocyte activation","9/2646","24/25615",0.375,3.63024376417234,4.3754282926181,0.00040676080845978,0.00306334282947905,0.00189065775244481,"Nr1d1/Ager/Adora2a/Fpr2/Naglu/Csf1r/Trem2/Smo/Il1b",9
"GO:2000786","positive regulation of autophagosome assembly","9/2646","24/25615",0.375,3.63024376417234,4.3754282926181,0.00040676080845978,0.00306334282947905,0.00189065775244481,"Rab3gap2/Snx30/Pip4k2b/Atm/Wipi1/Lrsam1/Snx18/Chek2/Trim32",9
"GO:0051146","striated muscle cell differentiation","64/2646","406/25615",0.157635467980296,1.52601379906095,3.62614297245699,0.000411139543137124,0.00309269370622117,0.00190877275482703,"Akap1/Tnfsf14/Mtor/Hdac5/Parp2/Capn2/Ccl8/Neurl2/Mef2c/Dock2/Adrb1/Ski/Rgs2/Mapk14/Fktn/Ehd1/Meis1/Sdc1/Edn1/Ehd2/Bhlhe41/Neo1/Naglu/Rcan1/Cav2/Asb2/Ccnb1/Rxra/Bcl2/Mmp14/Wt1/Bcl9/Pld3/Hopx/Cd53/Cxcl12/Cflar/Abcb1a/Cd81/Csf1r/Thra/Cdk1/Bmp4/Bmp2/Atp11a/Sik1/Ptgfrn/Alpk2/Cxcl10/Myom1/Slc8a1/Nln/Prkd1/Tmod1/Pin1/Scgb3a1/Barx2/Igf1/Smo/Tmem119/Kat2a/Myh10/Trim32/Cby1",64
"GO:0009395","phospholipid catabolic process","15/2646","56/25615",0.267857142857143,2.5930312601231,4.05050302848641,0.000416904139411882,0.003132388528166,0.0019332719137588,"Idh1/Inpp5f/Napepld/Abhd12/Pld2/Smpd5/Pnpla7/Enpp2/Abhd6/Prdx6/Pla2g15/Smpd1/Plcg1/Smpd3/Pld1",15
"GO:0003171","atrioventricular valve development","11/2646","34/25615",0.323529411764706,3.13197501222711,4.22206960258107,0.000419246608681898,0.00313897460859267,0.00193733676209934,"Mdm2/Olfm1/Aplnr/Dchs1/Tgfb2/Naglu/Hey1/Tgfbr2/Smad6/Bmp2/Ccn1",11
"GO:0031294","lymphocyte costimulation","11/2646","34/25615",0.323529411764706,3.13197501222711,4.22206960258107,0.000419246608681898,0.00313897460859267,0.00193733676209934,"Tnfsf14/Ephb4/Ccl19/Cd274/Cd80/Cd24a/Cd28/Spn/Efnb1/Cd81/Cav1",11
"GO:0048745","smooth muscle tissue development","11/2646","34/25615",0.323529411764706,3.13197501222711,4.22206960258107,0.000419246608681898,0.00313897460859267,0.00193733676209934,"Npr2/Ptch1/Sox9/Eng/Fosl2/Bmp4/Mylk/Tiparp/Nf1/Smo/Col3a1",11
"GO:0034755","iron ion transmembrane transport","10/2646","29/25615",0.344827586206897,3.33815518544583,4.27596077011322,0.000428619209796701,0.00320168581829535,0.00197604135423594,"Hif1a/Steap3/Steap4/Slc11a2/Iscu/Slc39a14/Tfrc/Slc40a1/Lcn2/Slc39a8",10
"GO:1904754","positive regulation of vascular associated smooth muscle cell migration","10/2646","29/25615",0.344827586206897,3.33815518544583,4.27596077011322,0.000428619209796701,0.00320168581829535,0.00197604135423594,"Tlr2/Adamts1/Mdm2/Ager/Myo5a/Fgf9/Kcnn4/Pdgfb/Nrp1/Smo",10
"GO:0006692","prostanoid metabolic process","17/2646","68/25615",0.25,2.42016250944822,3.98001881016769,0.000430473267293229,0.00321180054482195,0.00198228403982024,"Tbxas1/Daglb/Sco1/Ptges/Edn1/Ptgs2/Sigmar1/Sphk1/Ptgr2/Pdpn/Hpgd/Ptgs1/Mgst3/Prxl2b/Comt/Gstm1/Il1b",17
"GO:0051924","regulation of calcium ion transport","48/2646","284/25615",0.169014084507042,1.63616620357063,3.65903172208902,0.000438355372611646,0.00326681544507798,0.00201623856383502,"Chd7/Fkbp1b/Ubash3b/Pde4d/Stim2/P2ry6/Aplnr/Gpr35/Adrb1/Lilra5/Adora2a/Asph/Gja1/Tgfb2/Lyn/Fbxo11/Clec4b1/Bcl2/Ptgs2/Tspan18/Cd84/Ccl3/Prnp/Kcnn4/Bin1/Cd4/Cxcl12/P2ry12/Pdgfb/Pde4b/Ace/Bmp4/Cav1/Pml/Cxcl10/Mylk/Cacna1d/Slc25a23/Slc8a1/Camk2a/Tmem38b/Cx3cl1/Prkd1/Igf1/Plcg1/Itpr1/Psen2/Il16",48
"GO:0009262","deoxyribonucleotide metabolic process","13/2646","45/25615",0.288888888888889,2.79663223314017,4.09413970943804,0.000450185678553128,0.00334721388776076,0.00206585949998356,"Ak3/Gda/Dck/Cmpk2/Samhd1/Rrm2/Dguok/Guk1/Tk2/Nme3/Upp2/Nudt16/Nme1",13
"GO:0048247","lymphocyte chemotaxis","13/2646","45/25615",0.288888888888889,2.79663223314017,4.09413970943804,0.000450185678553128,0.00334721388776076,0.00206585949998356,"Tnfsf14/Cxcl13/Gpr183/Wnk1/Stk39/Ccl3/Padi2/Cxcl12/Gas6/Cxcl10/Slc12a2/Cx3cl1/Adam8",13
"GO:0031929","TOR signaling","36/2646","196/25615",0.183673469387755,1.77807857837012,3.71137503836268,0.000454685295414082,0.00337676108409256,0.002084095668417,"Prkaca/Hif1a/Mtor/Cul3/Rps6ka2/Lipa/Lamtor2/Sik3/Slc7a1/Ddit4/Ogt/Gna12/Fnip2/Src/Prr5l/Sh3bp4/Tbk1/Peli1/Spaar/Atm/Gpr155/F10/Tsc2/Pdcd6/Gas6/Kptn/Tti1/Akt3/Pim1/Rps6ka1/Mapk3/Trem2/Fam83d/Slc38a9/Kdr/Rps6ka5",36
"GO:0006970","response to osmotic stress","24/2646","113/25615",0.212389380530973,2.05606726466398,3.8186183968246,0.000466387312591389,0.00345169596323396,0.00213034455992657,"Mtor/Relb/Tsc22d3/Tifab/Ang/Slc2a1/Slc12a6/Mknk1/Fxyd2/Wnk1/Lrrc8a/Stk39/Ptgs2/Trpv4/Xrcc6/Mapk13/Hnmt/Scn7a/Mylk/Nlrp3/Aqp1/Slc25a23/Slc12a2/Micu1",24
"GO:0042102","positive regulation of T cell proliferation","24/2646","113/25615",0.212389380530973,2.05606726466398,3.8186183968246,0.000466387312591389,0.00345169596323396,0.00213034455992657,"Jak2/Ccl19/Ager/Cd274/Cd80/Cd24a/Slc7a1/Cd28/Fadd/Spn/Efnb1/Cd244a/Tnfsf9/Tyk2/Aif1/Tgfbr2/Cd4/Cd81/Traf6/Tfrc/Il15/Igf1/Il1b/Blm",24
"GO:0110020","regulation of actomyosin structure organization","24/2646","113/25615",0.212389380530973,2.05606726466398,3.8186183968246,0.000466387312591389,0.00345169596323396,0.00213034455992657,"Mtor/Mef2c/Arhgap6/Pik3r2/Sdc4/Edn1/Arhgef15/Arhgef10/Evl/Smad3/Cd47/Arhgef18/Sh3pxd2b/Kank3/Ccn2/Pdlim4/Rgcc/Tgfb3/Arhgef10l/Ppp1r9a/Limch1/Kank2/Prkd1/Nrp1",24
"GO:0007626","locomotory behavior","50/2646","300/25615",0.166666666666667,1.61344167296548,3.62750079040954,0.000470800459963566,0.00348034770403446,0.00214802806415085,"Chd7/Mtor/Rnf170/Cacna1a/Eps8/Nr3c2/Abca2/Id2/Rogdi/Adam22/Prkn/Idua/Etv5/Sod2/Inpp5f/Adora2a/Myo5a/Meis1/Htra2/Naglu/Rcan1/Tmbim4/Selenop/Bloc1s5/Zfhx3/Egr1/Cln6/Abhd12/Gaa/Cxcl12/Nav2/Tal1/Slc30a4/Als2/Apba1/Cnp/Uchl1/Hexb/Hexa/Epha4/Atp1a3/Dbn1/Cln8/Tmod1/Igf1/Sncg/Bahcc1/Cstb/Fig4/Espn",50
"GO:0017015","regulation of transforming growth factor beta receptor signaling pathway","29/2646","147/25615",0.197278911564626,1.90978810269384,3.7546034828804,0.00047398904475934,0.00349587327615844,0.00215761025750344,"Strap/Dand5/Zfyve9/Htra3/Snx6/Ski/Ogt/Il17rd/Ldlrad4/Bcl9l/Cav2/Chst11/Smad3/Eng/Got1/Thbs1/Nrep/Htra1/Pparg/Cdkn1c/Smad6/Furin/Brms1/Tgfb3/Bmp2/Lrg1/Spry1/Pin1/Pmepa1",29
"GO:1901655","cellular response to ketone","29/2646","147/25615",0.197278911564626,1.90978810269384,3.7546034828804,0.00047398904475934,0.00349587327615844,0.00215761025750344,"Ncf1/Nr3c2/Haghl/Jak2/Ccl19/Pck2/Gnai1/Tfap4/P2ry6/Ptger2/Foxo3/Adam15/Ddit4/Acod1/Inhbb/Src/Ass1/Mmp14/Pld2/Gas6/Gatd1/Btg2/Bmp4/Serpinf1/Aqp1/Fos/Prkd1/Elk1/Pnkd",29
"GO:0006661","phosphatidylinositol biosynthetic process","22/2646","100/25615",0.22,2.12974300831444,3.84188582887788,0.000474812080194653,0.00349792752657162,0.00215887811575024,"Efr3b/Inpp1/Ttc7/Pip4k2b/Pgap1/Pigc/Atm/Pdgfa/Pdgfb/Pigv/Pigp/Pi4k2b/Pigh/Pigz/Dgke/Mppe1/Itpkc/Pigg/Fig4/Inppl1/Pigq/Pigu",22
"GO:0060976","coronary vasculature development","19/2646","81/25615",0.234567901234568,2.27076976195142,3.8878771476152,0.000486130986989743,0.00357721129487068,0.00220781108849334,"Vegfb/Epor/Aplnr/Fgf9/Dync2h1/Rxra/Wt1/Pde2a/Fuz/Fgfr1/Prdm1/Pdgfb/Smad6/Ace/Bmp4/Zbtb14/Nrp1/Myh10/Cntrl",19
"GO:0001958","endochondral ossification","12/2646","40/25615",0.3,2.90419501133787,4.09068629872879,0.000506617479117431,0.00371944078382901,0.00229559339066911,"Npr2/Mef2c/Sik3/Ext1/Col13a1/Mmp14/Nfix/Hspg2/Bmp4/Tmem119/Inppl1/Smpd3",12
"GO:0036075","replacement ossification","12/2646","40/25615",0.3,2.90419501133787,4.09068629872879,0.000506617479117431,0.00371944078382901,0.00229559339066911,"Npr2/Mef2c/Sik3/Ext1/Col13a1/Mmp14/Nfix/Hspg2/Bmp4/Tmem119/Inppl1/Smpd3",12
"GO:0050871","positive regulation of B cell activation","21/2646","94/25615",0.223404255319149,2.16269841269841,3.83305226678333,0.000509000167006387,0.00373266789138017,0.0023037569997805,"Clcf1/Cd38/Gpr183/Mef2c/Cd40/Shld3/Cd27/Cd28/Peli1/Ighm/Nod2/Bcl2/Mmp14/Shld1/Msh2/Pcid2/Cd81/Tfrc/Prdm1/Tnip2/Kmt5c",21
"GO:0014902","myotube differentiation","35/2646","190/25615",0.184210526315789,1.7832776385408,3.67810926452218,0.000511728219902946,0.00374839462332557,0.00231346334651618,"Tnfsf14/Mtor/Hdac5/Capn2/Ccl8/Dock2/Ski/Mapk14/Fktn/Ehd1/Ehd2/Bhlhe41/Neo1/Rcan1/Cav2/Bcl2/Mmp14/Bcl9/Pld3/Cd53/Cxcl12/Cflar/Cd81/Csf1r/Thra/Atp11a/Sik1/Ptgfrn/Cxcl10/Nln/Scgb3a1/Barx2/Igf1/Smo/Tmem119",35
"GO:0045687","positive regulation of glial cell differentiation","15/2646","57/25615",0.263157894736842,2.54753948362971,3.96988852528475,0.000512390992531728,0.00374897464239615,0.00231382132719723,"Tlr2/Clcf1/Mtor/Id2/Ptpra/Tnfrsf1b/Aspa/Egr2/Bin1/Csf1r/Pparg/Bmp2/Enpp2/Serpine2/Il1b",15
"GO:0035733","hepatic stellate cell activation","8/2646","20/25615",0.4,3.87226001511716,4.36137833558327,0.000515384047932306,0.00376048320914818,0.00232092427393236,"Nr1d1/Cygb/Akap12/Mrtfa/Fgfr1/Pdgfb/Rps6ka1/Smo",8
"GO:0061042","vascular wound healing","8/2646","20/25615",0.4,3.87226001511716,4.36137833558327,0.000515384047932306,0.00376048320914818,0.00232092427393236,"Alox5/Hif1a/Npr2/Mcam/Vegfb/Hpse/Slc12a2/Kdr",8
"GO:0044788","host-mediated perturbation of viral process","17/2646","69/25615",0.246376811594203,2.38508769047071,3.91023572943162,0.000516939590033877,0.00376048320914818,0.00232092427393236,"Vapa/Zdhhc9/Rrp1b/Smarcb1/Chd1/Tfap4/Ccl8/Prkn/Zc3h12a/Eea1/Cav2/Jun/Ccl3/Fasn/Csf1r/Ptx3/Rab29",17
"GO:0051893","regulation of focal adhesion assembly","17/2646","69/25615",0.246376811594203,2.38508769047071,3.91023572943162,0.000516939590033877,0.00376048320914818,0.00232092427393236,"Wdpcp/Arhgap6/Sdc4/Ptpra/Src/Rcc2/Mmp14/Smad3/Tek/Dusp22/Ankrd28/Enpp2/Map4k4/Limch1/Nrp1/Acvrl1/Kdr",17
"GO:0090109","regulation of cell-substrate junction assembly","17/2646","69/25615",0.246376811594203,2.38508769047071,3.91023572943162,0.000516939590033877,0.00376048320914818,0.00232092427393236,"Wdpcp/Arhgap6/Sdc4/Ptpra/Src/Rcc2/Mmp14/Smad3/Tek/Dusp22/Ankrd28/Enpp2/Map4k4/Limch1/Nrp1/Acvrl1/Kdr",17
"GO:0031960","response to corticosteroid","34/2646","183/25615",0.185792349726776,1.79859071740414,3.67978228079906,0.000520078716753612,0.00376048320914818,0.00232092427393236,"Ccnd1/Ephx1/Nr3c2/Zfp36l2/Por/Ctsl/Htr7/Jak2/Pck2/Fosb/Tfap4/Agl/Prkn/Foxo3/Sult1a1/Ddit4/Cxcl2/Edn1/Ass1/Stk39/Rxra/Bcl2/Il1rn/Adam9/Got1/Fosl2/Glb1/Hnmt/Bmp4/Serpinf1/Aqp1/Fos/Comt/Fas",34
"GO:0006110","regulation of glycolytic process","16/2646","63/25615",0.253968253968254,2.45857778737597,3.93414170999313,0.00052040310911157,0.00376048320914818,0.00232092427393236,"Prkaca/Hif1a/Mtor/Prkag2/Jmjd8/Ddit4/Ogt/Src/Stat3/Nupr1/Ppp2ca/Eif6/Cbfa2t3/Uchl1/Igf1/Zbtb20",16
"GO:0006584","catecholamine metabolic process","16/2646","63/25615",0.253968253968254,2.45857778737597,3.93414170999313,0.00052040310911157,0.00376048320914818,0.00232092427393236,"Ly6e/Sncaip/Prkn/Sult1a1/Myo5a/Rnf180/Spr/Tgfb2/Itgam/Hdc/Aldh2/Maoa/Comt/Npr1/Gch1/Pnkd",16
"GO:0009712","catechol-containing compound metabolic process","16/2646","63/25615",0.253968253968254,2.45857778737597,3.93414170999313,0.00052040310911157,0.00376048320914818,0.00232092427393236,"Ly6e/Sncaip/Prkn/Sult1a1/Myo5a/Rnf180/Spr/Tgfb2/Itgam/Hdc/Aldh2/Maoa/Comt/Npr1/Gch1/Pnkd",16
"GO:0030811","regulation of nucleotide catabolic process","16/2646","63/25615",0.253968253968254,2.45857778737597,3.93414170999313,0.00052040310911157,0.00376048320914818,0.00232092427393236,"Prkaca/Hif1a/Mtor/Prkag2/Jmjd8/Ddit4/Ogt/Src/Stat3/Nupr1/Ppp2ca/Eif6/Cbfa2t3/Uchl1/Igf1/Zbtb20",16
"GO:0033121","regulation of purine nucleotide catabolic process","16/2646","63/25615",0.253968253968254,2.45857778737597,3.93414170999313,0.00052040310911157,0.00376048320914818,0.00232092427393236,"Prkaca/Hif1a/Mtor/Prkag2/Jmjd8/Ddit4/Ogt/Src/Stat3/Nupr1/Ppp2ca/Eif6/Cbfa2t3/Uchl1/Igf1/Zbtb20",16
"GO:0007188","adenylate cyclase-modulating G protein-coupled receptor signaling pathway","51/2646","309/25615",0.16504854368932,1.59777719070368,3.5881402185724,0.000524643410306204,0.00378686434585063,0.00233720638905993,"Prkaca/Gpr157/Ramp2/Cnr2/Calcrl/Adra2b/Htr7/Pde4d/Gnai1/Gabbr1/Ptger2/Aplnr/Gpr35/Adrb1/Pth1r/Rgs2/Adora2a/Adgrg6/Prkar1b/Gna12/Fpr2/Edn1/Adcy9/Ramp3/Akap12/Gna15/Mrap/S1pr2/Pde2a/Gna13/Ramp1/Adora2b/Pde4a/Cxcl12/Aplp1/C3ar1/P2ry12/Pde4b/Adm/Cxcl10/Rapgef4/Cacna1d/Crtc3/Adgrg3/Palm/Smo/Gpr18/S1pr4/Gna11/Adcy7/Adora3",51
"GO:1905954","positive regulation of lipid localization","24/2646","114/25615",0.210526315789474,2.03803158690377,3.77004876532118,0.00053380920385112,0.00384869845739573,0.00237536964693406,"Lipg/Hilpda/Acacb/Abca8a/Ikbke/Ptch1/Asxl2/Tnfrsf11a/Ehd1/Ptges/Edn1/Zc3h12a/Abcg1/Eepd1/Plin3/Map2k6/C1qtnf1/Pparg/Cav1/Abcb4/Pltp/Trem2/P2ry2/Il1b",24
"GO:0002706","regulation of lymphocyte mediated immunity","43/2646","249/25615",0.172690763052209,1.67175884186785,3.61534419026256,0.000535904819279967,0.00385515404149441,0.00237935395453597,"Clcf1/Ripk3/Pik3r6/Aplf/Cd40/Ager/H2-T23/Ceacam1/Cd274/Rasgrp4/Slc15a4/Cd80/Shld3/Cd28/Tnfrsf1b/Fadd/Malt1/Spn/Hfe/Cadm1/Trpm4/Nod2/Shld1/Msh2/Pvr/Nectin4/Cd81/Traf6/Il1r1/Tfrc/Il7r/Il18rap/Vsir/Arg1/Dusp22/Mapk3/Nlrp3/Trem2/Kmt5c/Fcer1g/H2-T24/Il1b/Mr1",43
"GO:0007623","circadian rhythm","43/2646","249/25615",0.172690763052209,1.67175884186785,3.61534419026256,0.000535904819279967,0.00385515404149441,0.00237935395453597,"Piwil2/Mtor/Gpr157/Nr1d1/Agrn/Htr7/Id2/Rogdi/Relb/Per3/Cavin3/Per1/Adrb1/Top2a/Adora2a/Tnfrsf11a/Ogt/Parp1/Bhlhe41/Naglu/Ass1/Csnk1d/Setx/Zfhx3/Jun/Egr1/Lgr4/Nfil3/Cry2/Dbp/Pparg/Ahcy/Cdk1/Sik1/Pml/Klf10/Per2/Mycbp2/Atp1a3/Fas/Cry1/Noct/Igf1",43
"GO:0006022","aminoglycan metabolic process","20/2646","88/25615",0.227272727272727,2.20014773586202,3.82770743449793,0.000541956210392183,0.00388997396151886,0.00240084438358629,"Sgsh/Tnfaip6/Hyal2/Chil3/Idua/Hyal3/Ext1/Naglu/Cln6/Pdgfb/Xylt2/Il15/B3gnt8/Cemip2/Ids/Hexb/Hexa/Xylt1/Il1b/Smpd3",20
"GO:1903578","regulation of ATP metabolic process","20/2646","88/25615",0.227272727272727,2.20014773586202,3.82770743449793,0.000541956210392183,0.00388997396151886,0.00240084438358629,"Prkaca/Hif1a/Mtor/Prkag2/Jmjd8/Atpsckmt/Prkn/Ddit4/Ogt/Src/Parp1/Stat3/Nupr1/Ppp2ca/Eif6/Cbfa2t3/Uchl1/Trem2/Igf1/Zbtb20",20
"GO:0002440","production of molecular mediator of immune response","40/2646","227/25615",0.176211453744493,1.70584141635117,3.62550409584271,0.000544825205931581,0.00390620214609875,0.00241086022075894,"Tlr2/Stx4a/Clcf1/Traf3ip2/Mavs/Aplf/Cd40/Slc15a4/Shld3/Cd27/Cd28/Samhd1/Tnfrsf1b/Malt1/Tgfb2/Hfe/Trpm4/Ighm/Nod2/Shld1/Msh2/Bst2/Tnfaip3/Cd81/Traf6/Il1r1/Tfrc/Tek/Tril/Vsir/Arg1/Tgfb3/Nlrp3/Batf/Cd37/Kmt5c/Fcer1g/Sema7a/Irak3/Il1b",40
"GO:0001516","prostaglandin biosynthetic process","11/2646","35/25615",0.314285714285714,3.04249001187777,4.10398979496502,0.000554804440870209,0.00396447578214708,0.00244682599667461,"Tbxas1/Daglb/Sco1/Ptges/Edn1/Ptgs2/Sigmar1/Sphk1/Ptgs1/Prxl2b/Il1b",11
"GO:0043304","regulation of mast cell degranulation","11/2646","35/25615",0.314285714285714,3.04249001187777,4.10398979496502,0.000554804440870209,0.00396447578214708,0.00244682599667461,"D6Wsu163e/Lyn/Stxbp1/Unc13d/Ighm/Cd84/Adora2b/Pld2/Rabgef1/Fcer1g/Adora3",11
"GO:0046457","prostanoid biosynthetic process","11/2646","35/25615",0.314285714285714,3.04249001187777,4.10398979496502,0.000554804440870209,0.00396447578214708,0.00244682599667461,"Tbxas1/Daglb/Sco1/Ptges/Edn1/Ptgs2/Sigmar1/Sphk1/Ptgs1/Prxl2b/Il1b",11
"GO:0001678","intracellular glucose homeostasis","39/2646","220/25615",0.177272727272727,1.71611523397238,3.62061814075556,0.000562065601653708,0.00401189936113713,0.00247609524998945,"Ncf1/Prkaca/Stx4a/Hif1a/Unc13b/Nr1d1/Fkbp1b/Smarcb1/Pck2/Slc29a1/Fcor/Ager/Slc12a6/Prkn/Pik3r2/Foxo3/Hk3/Hmgcr/Ogt/Lrrc8a/Trpm4/Abcg1/Pde8b/Hk2/Smad3/Stxbp3/Klf7/Gas6/Slc39a14/Arrb1/Pde4c/Serpinf1/Cacna1d/Map4k4/Trem2/Rab11fip5/Igf1/Birc5/Zbtb20",39
"GO:0010948","negative regulation of cell cycle process","51/2646","310/25615",0.164516129032258,1.59262307073367,3.5630245048068,0.000566165461354992,0.00403667805077078,0.00249138835437217,"Rnaseh2b/Prmt2/Ccnd1/Ints3/Rps6ka2/Zfp36l2/Osm/Nek1/Bub1b/Cdca8/Gtpbp4/Cdc20/Rad50/Mapk14/Cdc14b/Lyn/Zc3h12d/Ccnb1/Zwint/Atm/Pinx1/Bcl2/Cdkn2d/Usp28/Msh2/Dtx3l/Taok3/Nek2/Rgcc/Tti1/Knl1/Cdk1/Bub1/Bmp4/Chek2/Brca2/Cenpe/Mdm1/Cdt1/Foxo4/Ska1/Cry1/Kank2/E2f1/Apbb1/Jade1/Kat2a/Klf4/Ccnf/Birc5/Blm",51
"GO:0046824","positive regulation of nucleocytoplasmic transport","19/2646","82/25615",0.231707317073171,2.24307744778128,3.82663262308651,0.000572335346481637,0.00407614441884483,0.00251574651436719,"Prkaca/Jak2/Mllt6/Camk1/Mavs/Mdm2/Hyal2/Pik3r2/Jup/Mapk14/Nedd4/Zc3h12a/Ptgs2/Chp2/Gas6/Tek/Cdk1/Prkd1/Smo",19
"GO:0015748","organophosphate ester transport","34/2646","184/25615",0.184782608695652,1.78881576785303,3.6447299409083,0.000575785434158802,0.00409617456150182,0.00252810887359535,"Gltp/Vapa/Slc25a33/Slc25a25/Stard7/Pctp/Slc37a2/Nme4/Gja1/Lrrc8a/Serinc5/Abcd1/Abcg1/Cd47/Kcnn4/Slc25a24/Abcb1a/Slc46a2/Atg9a/Slc35c2/Prelid3b/Slc17a9/Atp11a/Abcb4/Plscr3/Pltp/Abcd2/Slc25a23/Plscr4/Prelid2/Calhm2/Slc35b1/Abcc4/Plscr1",34
"GO:0010818","T cell chemotaxis","9/2646","25/25615",0.36,3.48503401360544,4.21919674593642,0.000577641102354483,0.00410029441052508,0.00253065159405738,"Tnfsf14/Cxcl13/Gpr183/Wnk1/Stk39/Ccl3/Cxcl12/Cxcl10/Slc12a2",9
"GO:0050872","white fat cell differentiation","9/2646","25/25615",0.36,3.48503401360544,4.21919674593642,0.000577641102354483,0.00410029441052508,0.00253065159405738,"Tle3/Npr2/Retreg1/Creb5/Scd1/Ctbp2/Fabp4/Pparg/Per2",9
"GO:0046058","cAMP metabolic process","10/2646","30/25615",0.333333333333333,3.22688334593097,4.14217041746603,0.000583840152760157,0.00413515892098264,0.002552169543778,"Pde4d/Adcy9/Pde8b/Pde2a/Pde4a/Pde4b/Pde4c/Adcy7/Pde7a/Pde7b",10
"GO:0090382","phagosome maturation","10/2646","30/25615",0.333333333333333,3.22688334593097,4.14217041746603,0.000583840152760157,0.00413515892098264,0.002552169543778,"Unc13b/Rab39/Slc9a9/Syt7/Tmem175/Rab20/Rab31/Syt11/Myo7a/Rab7b",10
"GO:0034109","homotypic cell-cell adhesion","21/2646","95/25615",0.221052631578947,2.13993316624896,3.77801289459137,0.000590799878298849,0.00417984407289846,0.00257974867337324,"Ubash3b/Jak2/Plpp3/Ceacam1/Pdia4/Jup/Slc7a11/Emilin2/L1cam/Lyn/Tspan32/Stxbp1/Stxbp3/C1qtnf1/Plaur/P2ry12/Pdpn/Cd99l2/Serpine2/Pear1/Ccm2l",21
"GO:0000086","G2/M transition of mitotic cell cycle","29/2646","149/25615",0.194630872483221,1.88415336306036,3.67369374383314,0.000596834563667374,0.00420863363007597,0.00259751723618093,"Rnaseh2b/Ccnd1/Cenpf/Ints3/Gtpbp4/Cdc20/Rad50/Rad51b/Cdc14b/Ccnb1/Rcc2/Atm/Pinx1/Cdk10/Taok3/Abcb1a/Nek2/Cdk1/Cdk14/Pim1/Chek2/Ctc1/Ccna2/Foxo4/Lmnb1/Nes/Birc5/Blm/Cdk6",29
"GO:0010811","positive regulation of cell-substrate adhesion","29/2646","149/25615",0.194630872483221,1.88415336306036,3.67369374383314,0.000596834563667374,0.00420863363007597,0.00259751723618093,"Plekha2/Cspg5/Utrn/Jak2/Plpp3/Rac3/Hpse/Jup/Trem1/Sdc4/L1cam/Rras/Unc13d/Myadm/Smad3/Thbs1/Pdgfb/Tek/Ankrd28/Enpp2/Ecm2/Map4k4/Dbn1/Ccn1/Col8a1/Nrp1/Rin2/Kdr/Cdk6",29
"GO:0046822","regulation of nucleocytoplasmic transport","29/2646","149/25615",0.194630872483221,1.88415336306036,3.67369374383314,0.000596834563667374,0.00420863363007597,0.00259751723618093,"Akap1/Prkaca/Chchd4/Jak2/Mllt6/Camk1/Mavs/Mdm2/Sp100/Hyal2/Pik3r2/Jup/Mapk14/Ptpn14/Nedd4/Wnk1/Zc3h12a/Ptgs2/Chp2/Ufm1/Csprs/Gas6/Tek/Cdk1/Bmp4/Prkd1/Nf1/Smo/Nup54",29
"GO:1903409","reactive oxygen species biosynthetic process","18/2646","76/25615",0.236842105263158,2.29278553526674,3.83083913076239,0.000598394565889985,0.00421500733692682,0.00260145101014623,"Ncf1/Alox5/Hif1a/Slc25a33/Lipa/Blvrb/Prkn/Foxo3/Arg2/Sod2/Ogt/Abcd1/Stat3/Cysltr1/Cflar/Lcn2/Abcd2/Fas",18
"GO:0009116","nucleoside metabolic process","14/2646","52/25615",0.269230769230769,2.60632885632886,3.93543552451757,0.000607437652155721,0.00426934297313824,0.00263498630069502,"Gda/Dck/Gamt/Pgm2/Macrod1/Dguok/Gnmt/Tk2/Aprt/Ahcy/Cdk1/Nudt1/Macrod2/Upp2",14
"GO:0048010","vascular endothelial growth factor receptor signaling pathway","14/2646","52/25615",0.269230769230769,2.60632885632886,3.93543552451757,0.000607437652155721,0.00426934297313824,0.00263498630069502,"Hif1a/Vegfb/Mapk14/Fgf9/Nedd4/Pdcd6/Myof/Tek/Tmem204/Bmp4/Ptpn1/Prkd1/Nrp1/Kdr",14
"GO:0023035","CD40 signaling pathway","7/2646","16/25615",0.4375,4.23528439153439,4.39363051950298,0.00061251457127719,0.00429562620729767,0.00265120799156966,"Rnf31/Traf3ip2/Cd40/Tnfaip3/Traf6/Tnip2/Trem2",7
"GO:0032306","regulation of prostaglandin secretion","7/2646","16/25615",0.4375,4.23528439153439,4.39363051950298,0.00061251457127719,0.00429562620729767,0.00265120799156966,"Tnfrsf11a/Ptges/Edn1/Map2k6/Acsl4/P2ry2/Il1b",7
"GO:0032233","positive regulation of actin filament bundle assembly","17/2646","70/25615",0.242857142857143,2.35101500917827,3.84165905637095,0.000617924170981509,0.00432412295684664,0.00266879583708788,"Mtor/Mtss1/Sdc4/Arhgef15/Arhgef10/Evl/Smad3/Cd47/Sh3pxd2b/Ccn2/Pdlim4/Rgcc/Tgfb3/Arhgef10l/Cx3cl1/Limch1/Nrp1",17
"GO:0051785","positive regulation of nuclear division","17/2646","70/25615",0.242857142857143,2.35101500917827,3.84165905637095,0.000617924170981509,0.00432412295684664,0.00266879583708788,"Piwil2/Npr2/Cul3/Cd28/Cdc20/Ube2c/Edn1/Gja1/Prdm9/Sphk1/Pdgfb/Cenpe/Ska1/Igf1/Nusap1/Il1b/Smpd3",17
"GO:0000070","mitotic sister chromatid segregation","35/2646","192/25615",0.182291666666667,1.764701829806,3.60987300429991,0.000624039172215302,0.00436216283167693,0.00269227358288826,"Cul3/Kif2c/Kif15/Spice1/Bub1b/Cdca8/Kif11/Cdc20/Ube2c/Ccnb1/Zwint/Atm/Pinx1/Arhgef10/Tpx2/Rrs1/Nek2/Wrap73/Knl1/Cenpa/Cdk1/Bub1/Chek2/Cenpe/Cdt1/Numa1/Rcc1/Ska1/Espl1/Kif22/Birc5/Nusap1/Kif4/Ccdc61/Ckap2l",35
"GO:0051496","positive regulation of stress fiber assembly","15/2646","58/25615",0.258620689655172,2.50361638908437,3.89097723361501,0.000625936602102197,0.00436592479034149,0.00269459541779524,"Mtor/Sdc4/Arhgef15/Arhgef10/Evl/Smad3/Cd47/Sh3pxd2b/Ccn2/Pdlim4/Rgcc/Tgfb3/Arhgef10l/Limch1/Nrp1",15
"GO:2000351","regulation of endothelial cell apoptotic process","15/2646","58/25615",0.258620689655172,2.50361638908437,3.89097723361501,0.000625936602102197,0.00436592479034149,0.00269459541779524,"Ramp2/Angptl4/Cd40/Ager/Foxo3/Thbs1/Tnfaip3/Gas6/Rgcc/Tek/Bmp4/Tnip2/Ptpn1/Plcg1/Kdr",15
"GO:0140353","lipid export from cell","16/2646","64/25615",0.25,2.42016250944822,3.86088315368865,0.000628193195592051,0.00437691224347434,0.00270137673957396,"Gdf9/Tnfrsf11a/Surf4/Ptges/Edn1/Ptgs2/Map2k6/C1qtnf1/Cry2/Abcb1a/Selenom/Acsl4/Cry1/P2ry2/Abcc4/Il1b",16
"GO:0007088","regulation of mitotic nuclear division","25/2646","122/25615",0.204918032786885,1.98373976184281,3.69668330816961,0.000631188384969605,0.00438826210502678,0.0027083817353997,"Cul3/Bub1b/Cdca8/Cd28/Cdc20/Ube2c/Edn1/Cav2/Ccnb1/Zwint/Atm/Mki67/Sphk1/Pdgfb/Knl1/Bub1/Bmp4/Cenpe/Rcc1/Ska1/Igf1/Birc5/Nusap1/Il1b/Smpd3",25
"GO:0009062","fatty acid catabolic process","25/2646","122/25615",0.204918032786885,1.98373976184281,3.69668330816961,0.000631188384969605,0.00438826210502678,0.0027083817353997,"Mtor/Hacl1/Eci1/Acacb/Abcd4/Acads/Slc27a4/Cpt1a/Abcd1/Acad12/Echdc1/Decr2/Hadh/Ech1/Crot/Nudt7/Decr1/Auh/Hsd17b4/Acaa2/Lpin1/Abcd2/Crat/Lpin3/Pccb",25
"GO:0009308","amine metabolic process","22/2646","102/25615",0.215686274509804,2.08798334148474,3.73683692545398,0.000632430976090226,0.0043921476653012,0.00271077985570955,"Hdac10/Ly6e/Sncaip/Prkn/Sult1a1/Myo5a/Rnf180/Spr/Tgfb2/Inmt/Gde1/Itgam/Hdc/Odc1/Aldh2/Hnmt/Maoa/Comt/Npr1/Gch1/Paox/Pnkd",22
"GO:0061136","regulation of proteasomal protein catabolic process","38/2646","214/25615",0.177570093457944,1.71899393194453,3.58483592517565,0.00063498910875383,0.00440515122530735,0.00271880549400848,"Prkaca/Mtor/Fhit/Det1/Psma2/Mdm2/Prkn/Sco1/Neurl3/Cdc20/Ogt/Gna12/Rnf180/Hfe/Psmb3/Csnk1d/Psmb6/Herpud1/Trf/N4bp1/Nupr1/Glmn/Psmd14/Rad23a/Cbfa2t3/Psma6/Cav1/Mapk3/Trib2/Trem2/Zfand2a/Svip/Kat2a/Aurka/Psmb5/Psen2/Ophn1/Rhbdf1",38
"GO:0051302","regulation of cell division","34/2646","185/25615",0.183783783783784,1.77914649343221,3.60989344833274,0.000636694454448296,0.00441221701766543,0.00272316641468977,"Pdgfd/Cul3/Ahctf1/Sox17/Vegfb/Cdca8/Ptch1/Fgf9/Wnk1/Tle6/Cdc14b/Tgfb2/Zbtb18/Klhl9/Ncoa3/Tada2a/Pdgfa/Pdgfc/Tal1/Lbh/Pdgfb/Klhl13/Tgfb3/Brca2/Cenpv/Rab11fip3/Mllt3/Pin1/Cat/Kat2a/Aurka/Birc5/Il1b/Blm",34
"GO:0010269","response to selenium ion","6/2646","12/25615",0.5,4.84032501889645,4.51622692068675,0.000643064410470764,0.00443044665973705,0.00273441752696338,"Gstt1/Chil3/Sod2/Selenop/Ptgs2/Selenom",6
"GO:0070586","cell-cell adhesion involved in gastrulation","6/2646","12/25615",0.5,4.84032501889645,4.51622692068675,0.000643064410470764,0.00443044665973705,0.00273441752696338,"Wnk1/Il1rn/Myadm/Tnfaip3/Mbp/Klf4",6
"GO:0071421","manganese ion transmembrane transport","6/2646","12/25615",0.5,4.84032501889645,4.51622692068675,0.000643064410470764,0.00443044665973705,0.00273441752696338,"Mmgt2/Hrh1/Slc11a2/Slc39a14/Trpm2/Slc39a8",6
"GO:0072584","caveolin-mediated endocytosis","6/2646","12/25615",0.5,4.84032501889645,4.51622692068675,0.000643064410470764,0.00443044665973705,0.00273441752696338,"Unc119/Src/Itsn1/Pacsin2/Cav1/Mapk3",6
"GO:2001214","positive regulation of vasculogenesis","6/2646","12/25615",0.5,4.84032501889645,4.51622692068675,0.000643064410470764,0.00443044665973705,0.00273441752696338,"Ramp2/Ceacam1/Rras/Adm/Rin2/Kdr",6
"GO:0034765","regulation of monoatomic ion transmembrane transport","57/2646","358/25615",0.159217877094972,1.54133254791675,3.50088100964248,0.000643463065618722,0.00443044665973705,0.00273441752696338,"Chd7/Alox5/Mtor/Fkbp1b/Agrn/Nr3c2/Ubash3b/Pde4d/Stim2/P2ry6/Atpsckmt/Ager/Aplnr/Gpr35/Adrb1/Sco1/Mmp9/Scn1b/Snta1/Myo5a/Nedd4/Fxyd2/Wnk1/Edn1/Asph/Tgfb2/Lyn/Grk6/Fbxo11/Stk39/Clec4b1/Bcl2/Iscu/Prnp/Kcnn4/Bin1/Cd4/Snx27/Pde4b/Bmp4/Cav1/Stimate/Lcn2/Pml/Cxcl10/Cacna1d/Slc25a23/Amigo1/Slc8a1/Slc31a2/Tmem38b/Cx3cl1/Atp1b3/Kcnab2/Prkd1/Plcg1/Psen2",57
"GO:0010821","regulation of mitochondrion organization","26/2646","129/25615",0.201550387596899,1.9511387673071,3.67578818747509,0.000647390957292871,0.00445271896108073,0.00274816371912802,"Dhodh/Prkn/Ralbp1/Mmp9/Atp13a2/Hgf/Higd1a/Pde2a/Bok/Tnfsf10/Tfrc/Tmem14a/Plaur/Pparg/Acaa2/Akt3/Plscr3/Irgm2/Rap1gds1/Fas/Oma1/Igf1/Micu1/Aurka/Kdr/Casp6",26
"GO:0001843","neural tube closure","23/2646","109/25615",0.211009174311927,2.0427059712774,3.70268281615163,0.000666925867242628,0.00457988498492382,0.00282664903474887,"Prkaca/Tgif1/Vasp/Rarg/Ift57/Ski/Ptch1/Cdk20/Sdc4/Lmo4/Tgfb2/Glmn/Tsc2/Fuz/Traf6/Bmp4/Adm/Tmed2/Sema4c/Ift172/Kat2a/Deaf1/Plxnb2",23
"GO:0106106","cold-induced thermogenesis","30/2646","157/25615",0.191082802547771,1.84980573970565,3.62509943691822,0.000667305782361254,0.00457988498492382,0.00282664903474887,"Nr1d1/Tle3/Jak2/Adrb1/Pctp/Ogt/Appl2/Gja1/Lgr4/Il4ra/Cebpb/Hadh/Map2k6/Pdgfc/Scd1/Fabp4/Decr1/Pparg/G0s2/Thra/Il15/Cav1/Lcn2/Lpin1/Abhd6/Gatm/Per2/Oma1/Irf4/Acvr2b",30
"GO:0006865","amino acid transport","36/2646","200/25615",0.18,1.74251700680272,3.57798837133924,0.000671316374313723,0.00459758676822106,0.00283757435903872,"Slc36a4/Slc36a1/Cacna1a/Slc7a6/Slc25a15/Gabbr1/Slc7a11/Slc15a4/Arg2/Sfxn2/Slc7a1/Rgs2/Adora2a/Gja1/Lrrc8a/Slc7a5/Stxbp1/Tmem44/Il1rn/Slc3a2/Slc38a6/Slc25a45/Sfxn3/Arg1/Apba1/Per2/Mfsd12/Slc13a3/Slc12a2/Cln8/Nf1/Nfkbie/Slc38a9/Il1b/Slc17a5/Slc6a6",36
"GO:0042770","signal transduction in response to DNA damage","36/2646","200/25615",0.18,1.74251700680272,3.57798837133924,0.000671316374313723,0.00459758676822106,0.00283757435903872,"Rnaseh2b/Ccnd1/Tfap4/Mdm2/Nek1/Sp100/Foxo3/Kmt5a/Mapk14/Cdc14b/Lyn/Acer2/Bcl3/Atm/Snai1/Ing4/Usp28/Msh2/Dtx3l/Taok3/Csprs/Tti1/Hic1/Cdk1/Chek2/Pml/Mapk3/Brca2/Batf/Foxo4/Cry1/E2f1/Ndrg1/Blm/Gadd45a/Eef1e1",36
"GO:0014020","primary neural tube formation","24/2646","116/25615",0.206896551724138,2.0028931112675,3.67438489434911,0.000694570401147653,0.00475177876141909,0.00293273977261874,"Prkaca/Hif1a/Tgif1/Vasp/Rarg/Ift57/Ski/Ptch1/Cdk20/Sdc4/Lmo4/Tgfb2/Glmn/Tsc2/Fuz/Traf6/Bmp4/Adm/Tmed2/Sema4c/Ift172/Kat2a/Deaf1/Plxnb2",24
"GO:0010632","regulation of epithelial cell migration","18/2646","77/25615",0.233766233766234,2.26300909974379,3.76721996877366,0.000706632627539363,0.00482915744607752,0.00298049695102384,"Hif1a/Mtor/Arsb/Mmp9/Sash1/Src/Sox9/Tgfb2/Jun/Evl/Adam9/Tgfbr2/Enpp2/Aqp1/Map4k4/Glipr2/Plcg1/Mcc",18
"GO:0002446","neutrophil mediated immunity","13/2646","47/25615",0.276595744680851,2.67762660619803,3.90713514993635,0.000712762570541094,0.00485555329072745,0.00299678814371683,"Ncf1/Cxcl1/Myo1f/Bcr/Trem1/Anxa3/Itgam/Stxbp3/Arg1/Pram1/Ace/Cd300lb/Stx11",13
"GO:0002691","regulation of cellular extravasation","13/2646","47/25615",0.276595744680851,2.67762660619803,3.90713514993635,0.000712762570541094,0.00485555329072745,0.00299678814371683,"Pdgfd/Gcnt1/Ripk3/Bcr/Ager/Fadd/St3gal4/Cd47/Cxcl12/Il1r1/Cd99l2/Adam8/Capn1",13
"GO:2000403","positive regulation of lymphocyte migration","13/2646","47/25615",0.276595744680851,2.67762660619803,3.90713514993635,0.000712762570541094,0.00485555329072745,0.00299678814371683,"Tnfsf14/Cxcl13/Wnk1/Fadd/Spn/Dock8/Stk39/Ccl3/Aif1/Cxcl12/Cd99l2/Cxcl10/Adam8",13
"GO:0034284","response to monosaccharide","46/2646","275/25615",0.167272727272727,1.61930873359445,3.50455455375018,0.000715070268010122,0.00486611377298414,0.00300330594428947,"Ncf1/Prkaca/Stx4a/Hif1a/Unc13b/Nr1d1/Eif2b2/Fkbp1b/Ctsl/Smarcb1/Pck2/Slc29a1/Ager/Slc12a6/Prkn/Selenos/Foxo3/Hmgcr/Fam3a/Sod2/Ogt/Trpm4/Abcg1/Pde8b/Egr1/Smad3/Klf7/Thbs1/Gas6/Slc39a14/Arrb1/Lcn2/Pde4c/Rasal2/Serpinf1/Cacna1d/Map4k4/Ildr2/Trem2/Rab11fip5/Cat/Igf1/Birc5/Acvr2b/Zbtb20/Casp6",46
"GO:0032570","response to progesterone","11/2646","36/25615",0.305555555555556,2.95797640043672,3.99006068553475,0.000725036037562353,0.0049183014839499,0.0030355155616298,"Fosb/Ptger2/Acod1/Src/Tgfb2/Adh1/Tgfb3/Cav1/Cbr1/Fos/Mbp",11
"GO:0043537","negative regulation of blood vessel endothelial cell migration","11/2646","36/25615",0.305555555555556,2.95797640043672,3.99006068553475,0.000725036037562353,0.0049183014839499,0.0030355155616298,"Card10/Hdac5/Mef2c/Pik3r2/Jup/Thbs1/Pparg/Rgcc/Klf4/Acvrl1/Gadd45a",11
"GO:0050654","chondroitin sulfate proteoglycan metabolic process","11/2646","36/25615",0.305555555555556,2.95797640043672,3.99006068553475,0.000725036037562353,0.0049183014839499,0.0030355155616298,"Dsel/Arsb/Dse/Ext1/Chst12/Chst11/Xylt2/Hexb/Chst7/Igf1/Xylt1",11
"GO:0030178","negative regulation of Wnt signaling pathway","32/2646","172/25615",0.186046511627907,1.80105116982193,3.57769160672639,0.000728332064587778,0.00493544850518132,0.00304609849355323,"Dact3/Tle3/Sox17/Tle2/Ptpro/Prkn/Foxo3/Ccdc88c/Mapk14/Fgf9/Tle6/Rnf213/Sox9/Invs/Egr1/Tmem88/Tsc2/Fuz/Ppp2ca/Wwox/Hic1/Bmp2/Cav1/Alpk2/Tpbgl/Mllt3/Frmd8/Jade1/Sox13/Mcc/Cby1/Amer1",32
"GO:0006576","biogenic amine metabolic process","20/2646","90/25615",0.222222222222222,2.15125556395398,3.71340826858638,0.000735087720368001,0.00496733765707712,0.00306578008833606,"Hdac10/Ly6e/Sncaip/Prkn/Sult1a1/Myo5a/Rnf180/Spr/Tgfb2/Itgam/Hdc/Odc1/Aldh2/Hnmt/Maoa/Comt/Npr1/Gch1/Paox/Pnkd",20
"GO:0045576","mast cell activation","20/2646","90/25615",0.222222222222222,2.15125556395398,3.71340826858638,0.000735087720368001,0.00496733765707712,0.00306578008833606,"Cnr2/Tslp/Gnai1/D6Wsu163e/Lyn/Stxbp1/Unc13d/Ighm/Cd84/Adora2b/Pld2/Rabgef1/Cd48/Cd300lb/Ndrg1/Fcer1g/Fer/Plscr1/Adora3/Cd300lf",20
"GO:0043406","positive regulation of MAP kinase activity","17/2646","71/25615",0.23943661971831,2.31790212172506,3.774248206999,0.000735357738462071,0.00496733765707712,0.00306578008833606,"Pik3r6/Ager/Ceacam1/Map3k4/Sash1/Src/Map3k5/Pik3r5/Gab1/Il1rn/Map2k6/Fgfr1/Taok3/Pdgfb/Fgd4/Fgd2/Il1b",17
"GO:1903322","positive regulation of protein modification by small protein conjugation or removal","27/2646","137/25615",0.197080291970803,1.90786533591539,3.61627650508946,0.000740966966525245,0.00499997037075439,0.00308592060036218,"Tollip/Cul3/Tnip1/Gnl3/Cblb/Prkn/Cdc20/Birc3/Rnf180/Pias3/Cdc14b/Septin4/Zc3h12a/Dcun1d2/Peli1/Nod2/Sphk1/Pdcd6/Arrb1/Birc2/Arrdc4/Dcun1d5/Cav1/Mycbp2/Cry1/Birc5/Amer1",27
"GO:0032728","positive regulation of interferon-beta production","14/2646","53/25615",0.264150943396226,2.55715284017171,3.85153936015709,0.000747971377967828,0.00502611729295537,0.00310205816116214,"Tlr2/Oas1a/Mavs/Sting1/Tbk1/Oas1c/Oas1g/Oas3/Polr3b/Arrdc4/Trim65/Riok3/Rnf135/Zbtb20",14
"GO:0045646","regulation of erythrocyte differentiation","14/2646","53/25615",0.264150943396226,2.55715284017171,3.85153936015709,0.000747971377967828,0.00502611729295537,0.00310205816116214,"Hif1a/Id2/Acvr1b/Foxo3/Mapk14/Lmo2/Lyn/Stat3/Tal1/Acvr2a/Rbfox2/Stat1/Hspa9/Cdk6",14
"GO:1902622","regulation of neutrophil migration","14/2646","53/25615",0.264150943396226,2.55715284017171,3.85153936015709,0.000747971377967828,0.00502611729295537,0.00310205816116214,"Ccl19/Rac3/Tnfaip6/C5ar2/Edn1/Nod2/Mpp1/Lbp/Il1r1/C3ar1/Cd99l2/Camk1d/Adam8/Il1b",14
"GO:2000404","regulation of T cell migration","14/2646","53/25615",0.264150943396226,2.55715284017171,3.85153936015709,0.000747971377967828,0.00502611729295537,0.00310205816116214,"Tnfsf14/Ripk3/Cxcl13/Wnk1/Fadd/Spn/Dock8/Stk39/Aif1/Cxcl12/Cd99l2/Cxcl10/Cd200r1/Adam8",14
"GO:0141086","negative regulation of inflammasome-mediated signaling pathway","8/2646","21/25615",0.380952380952381,3.68786668106396,4.1822584470314,0.000757533983524796,0.00508505570549978,0.00313843422900592,"Mefv/Ogt/Abhd17a/Trim30a/Nlrc3/Irgm2/Trim65/Trem2",8
"GO:0072527","pyrimidine-containing compound metabolic process","15/2646","59/25615",0.254237288135593,2.46118221299819,3.81369995447268,0.00076020199230905,0.00509763841189284,0.00314620012159876,"Dhodh/Mtor/Ak3/Dck/Nme4/Cmpk2/Uck2/Tpk1/Tet2/Tk2/Entpd5/Cdk1/Nme3/Upp2/Nme1",15
"GO:0030148","sphingolipid biosynthetic process","23/2646","110/25615",0.209090909090909,2.02413591699306,3.653455775388,0.000762163298205215,0.00510014273715656,0.00314774576054225,"Gltp/Vapa/Abca2/Gsdmd/Sgms2/Abca8a/St6galnac3/Ugcg/B4galt6/Paqr4/St3gal2/Acer2/St8sia4/Hacd4/Sphk1/Smpd5/A4galt/B3gnt5/Cers4/Ccn1/Smpd1/Smpd3/Asah2",23
"GO:0060606","tube closure","23/2646","110/25615",0.209090909090909,2.02413591699306,3.653455775388,0.000762163298205215,0.00510014273715656,0.00314774576054225,"Prkaca/Tgif1/Vasp/Rarg/Ift57/Ski/Ptch1/Cdk20/Sdc4/Lmo4/Tgfb2/Glmn/Tsc2/Fuz/Traf6/Bmp4/Adm/Tmed2/Sema4c/Ift172/Kat2a/Deaf1/Plxnb2",23
"GO:0031334","positive regulation of protein-containing complex assembly","40/2646","231/25615",0.173160173160173,1.67630303684725,3.50453076309237,0.000776417971598322,0.00519012388090283,0.00320328102266199,"Mtor/Unc13b/Snx9/Tppp3/Gda/Cxcl13/Mavs/Usp50/Vasp/Cdc42ep3/Palld/Togaram1/Cdc42ep1/Nav3/Fnip2/Src/Stxbp1/Mrtfa/Zdhhc1/Atm/Evl/Ppp2ca/Abhd17a/Bin1/Tal1/Tfrc/P2ry12/Cav1/Tppp/Nlrp3/Ccl24/Fas/Trim65/Numa1/Ska1/Prkd1/Cdc42ep5/Fer/Adcy7/Cdc42ep2",40
"GO:0034138","toll-like receptor 3 signaling pathway","10/2646","31/25615",0.32258064516129,3.1227903347719,4.01389773952269,0.000782738247071462,0.00519453563965607,0.00320600390624147,"Rnf170/Oas1a/Src/Peli1/Oas1c/Oas1g/Tnfaip3/Tnip2/Irf2/Znrf1",10
"GO:0044090","positive regulation of vacuole organization","10/2646","31/25615",0.32258064516129,3.1227903347719,4.01389773952269,0.000782738247071462,0.00519453563965607,0.00320600390624147,"Rab3gap2/Snx30/Pip4k2b/Atm/Wipi1/Lrsam1/Snx18/Chek2/Irgm2/Trim32",10
"GO:0061484","hematopoietic stem cell homeostasis","10/2646","31/25615",0.32258064516129,3.1227903347719,4.01389773952269,0.000782738247071462,0.00519453563965607,0.00320600390624147,"Crispld1/Glis2/Ext1/Adar/Septin4/Emcn/Tet2/Stat4/Smarca2/Myct1",10
"GO:0061615","glycolytic process through fructose-6-phosphate","10/2646","31/25615",0.32258064516129,3.1227903347719,4.01389773952269,0.000782738247071462,0.00519453563965607,0.00320600390624147,"Prkaca/Mpi/Pfkp/Galk1/Pgam1/Eno3/Pkm/Hk2/Ppp2ca/Pgk1",10
"GO:0072012","glomerulus vasculature development","10/2646","31/25615",0.32258064516129,3.1227903347719,4.01389773952269,0.000782738247071462,0.00519453563965607,0.00320600390624147,"Pdgfd/Edn1/Egr1/Wt1/Cflar/C3ar1/Pdgfb/Tek/Bmp4/Aqp1",10
"GO:0097396","response to interleukin-17","10/2646","31/25615",0.32258064516129,3.1227903347719,4.01389773952269,0.000782738247071462,0.00519453563965607,0.00320600390624147,"Cxcl1/Traf3ip2/Socs3/Ikbke/Il17rd/Stat3/Traf6/Cxcl10/Il1b/Trim32",10
"GO:0141162","negative regulation of cAMP/PKA signal transduction","10/2646","31/25615",0.32258064516129,3.1227903347719,4.01389773952269,0.000782738247071462,0.00519453563965607,0.00320600390624147,"Rab13/Pde4d/Prkar1b/Pde8b/Pde2a/Pde4a/Pde4b/Pde4c/Pde7a/Pde7b",10
"GO:0045685","regulation of glial cell differentiation","21/2646","97/25615",0.216494845360825,2.09581083292423,3.66995482757732,0.000789094301567511,0.00522973839895164,0.00322773061901065,"Tlr2/Clcf1/Mtor/Nr1d1/Id2/Mbd1/Ptpra/Tnfrsf1b/Aspa/Egr2/Bin1/Csf1r/Pparg/Bmp4/Bmp2/Enpp2/Epha4/Serpine2/Trem2/Nf1/Il1b",21
"GO:0016525","negative regulation of angiogenesis","24/2646","117/25615",0.205128205128205,1.98577436672675,3.62727073546589,0.000789670959991141,0.00522973839895164,0.00322773061901065,"Alox5/Stab1/Adamts1/Gtf2i/Tgfb2/Sema6a/Cldn5/Sema4a/Thbs1/Pparg/Rgcc/Tek/Ago1/Pml/Cxcl10/Serpinf1/Pgk1/Slc12a2/Foxo4/Cx3cr1/Nf1/Klf4/Stat1/Gadd45a",24
"GO:0006650","glycerophospholipid metabolic process","47/2646","284/25615",0.165492957746479,1.60207940766291,3.46297498906756,0.000798596246398109,0.00528340091334856,0.00326085046700281,"Dgkd/Efr3b/Inpp1/Agpat5/Ttc7/Capn2/Far1/Pip4k2b/Pgap1/Inpp5f/Agpat2/Pigc/Serinc5/Napepld/Plaat3/Atm/Pik3r5/Abhd12/Pdgfa/Pld2/Acp6/Pnpla7/Pdgfb/Pigv/Pigp/Lpin1/Enpp2/Pi4k2b/Abhd6/Pigh/Prdx6/Pigz/Dgke/Pgs1/Mppe1/Pla2g15/Itpkc/Pigg/Fig4/Inppl1/Plcg1/Plcb2/Pigq/Pld1/Ipmk/Plscr1/Pigu",47
"GO:0051170","import into nucleus","36/2646","202/25615",0.178217821782178,1.72526436317101,3.51242155354753,0.000810455425528071,0.00535634326501268,0.00330586959490721,"Akap1/Nr4a1/Traf3ip2/Jak2/Mavs/Hyal2/Pik3r2/Jup/Mapk14/Fgf9/Adar/Appl2/Hikeshi/Zc3h12a/Ube2i/Tbk1/Stat3/Bcl3/Ptgs2/Chp2/Tsc2/Ufm1/Cry2/Nup93/Tek/Kpna1/Cdk1/Bmp4/Pml/Fam53a/Kpna2/Prkd1/Nup50/Nf1/Smo/Nup54",36
"GO:0031623","receptor internalization","31/2646","166/25615",0.186746987951807,1.80783223597337,3.54407122419449,0.000818738862168497,0.00539997787532898,0.00333280034306753,"Ramp2/Calcrl/Ackr3/Eps15/Mdm2/Cblb/Aplnr/Ceacam1/Nedd4/Ramp3/Ahi1/Hap1/Tbc1d5/Syne1/Ramp1/Pld2/Rin3/Arrb1/Cd81/Tfrc/Rab31/Mib2/Adm/Sh3glb2/Cav1/Ankrd13d/Hip1/Rab11fip5/Fcer1g/Dnm1/Ophn1",31
"GO:0071897","DNA biosynthetic process","31/2646","166/25615",0.186746987951807,1.80783223597337,3.54407122419449,0.000818738862168497,0.00539997787532898,0.00333280034306753,"Poli/Lig1/Pold1/Rad50/Pole2/Hgf/Src/Gja1/Dach1/Atm/Tep1/Pinx1/Cdkn2d/Primpol/Pot1a/Ing4/Ccn2/Sphk1/Pola1/Tk2/C3ar1/Pdgfb/Cdk1/Pml/Ctc1/Ccna2/Nhp2/Gch1/Jade1/Smpd3/Nfatc1",31
"GO:0014002","astrocyte development","12/2646","42/25615",0.285714285714286,2.76590001079797,3.88742921112331,0.00082486809468848,0.00543482322079876,0.00335430646439194,"Nr1d1/Ager/S100a8/Adora2a/Fpr2/Naglu/Csf1r/Tspan2/Trem2/Nf1/Smo/Il1b",12
"GO:0070228","regulation of lymphocyte apoptotic process","18/2646","78/25615",0.230769230769231,2.23399616256759,3.70457806479352,0.000831244002362386,0.00546562074838891,0.00337331432199577,"Hif1a/Ripk3/Tsc22d3/Cd274/Arg2/Cd27/Fadd/Tgfb2/Lyn/Dock8/Cd47/Slc46a2/Il7r/Zc3h8/Bmp4/Adam8/Siglec1/Blm",18
"GO:1902893","regulation of miRNA transcription","18/2646","78/25615",0.230769230769231,2.23399616256759,3.70457806479352,0.000831244002362386,0.00546562074838891,0.00337331432199577,"Hif1a/Gnl3/Foxo3/Sox9/Tgfb2/Mrtfa/Stat3/Jun/Egr1/Wt1/Smad3/Pparg/Pdgfb/Smad6/Bmp4/Bmp2/Fos/Klf4",18
"GO:0120161","regulation of cold-induced thermogenesis","29/2646","152/25615",0.190789473684211,1.84696612563154,3.55464004120373,0.000833417468505743,0.0054697714363097,0.00337587607584842,"Nr1d1/Tle3/Jak2/Adrb1/Pctp/Ogt/Appl2/Gja1/Lgr4/Il4ra/Cebpb/Hadh/Map2k6/Pdgfc/Scd1/Fabp4/Decr1/G0s2/Thra/Il15/Cav1/Lcn2/Lpin1/Abhd6/Gatm/Per2/Oma1/Irf4/Acvr2b",29
"GO:0060021","roof of mouth development","22/2646","104/25615",0.211538461538462,2.04782981568696,3.63417853496427,0.00083357818121843,0.0054697714363097,0.00337587607584842,"Chd7/Wdpcp/Mef2c/B3glct/Ski/Cdk20/Tbc1d32/Dhrs3/Asph/Tgfb2/Pak1ip1/Snai1/Tmem107/Fuz/Tgfbr2/Plekha1/Arl15/Tgfb3/Tiparp/Sos1/Ift172/Acvr2b",22
"GO:0006575","modified amino acid metabolic process","37/2646","210/25615",0.176190476190476,1.70563833999208,3.48493591344537,0.000861648485410992,0.00564243615726831,0.00348244263121815,"Gstt1/Idh1/Hmgn5/Por/Ctsl/Gstz1/Aldh1l1/Gamt/Slc7a11/Aldh7a1/Sult1a1/Sod2/Vnn3/Aldh9a1/Ggt5/Ass1/Serinc5/Cpt1a/Crym/Egln2/Crtap/Abhd12/Gnmt/Crot/Gsr/Ckb/Gstm2/Slc25a45/Ahcy/Oplah/Gatm/Crat/Gstm1/Pla2g15/Gch1/Gstt2/Plscr1",37
"GO:1901605","alpha-amino acid metabolic process","37/2646","210/25615",0.176190476190476,1.70563833999208,3.48493591344537,0.000861648485410992,0.00564243615726831,0.00348244263121815,"Cacna1a/Adi1/Gstz1/Mccc1/Hibch/Gamt/Bphl/Slc7a11/Pcbd2/Aldh7a1/Arg2/Aldh18a1/Spr/Ass1/Aspa/Hdc/Egln2/Crtap/Gnmt/Mmut/Got1/Mri1/Txnrd1/Bckdk/Odc1/Auh/Dld/Dlst/Ahcy/Arg1/Asns/Dglucy/Apip/Tha1/Slc39a8/Qprt/Abcc4",37
"GO:0001894","tissue homeostasis","50/2646","308/25615",0.162337662337662,1.5715340970443,3.42499348208242,0.000863908285287773,0.00564572413498337,0.00348447193087636,"Tspan12/Strap/Fcgr4/Ubash3b/Cd38/Rac3/Lipa/Slc2a1/Ceacam1/Add1/Pth1r/Idua/Rab3d/Adora2a/Crocc/Tnfrsf11a/Ext1/Def8/Acp5/Src/Sox9/Naglu/Stk39/Cldn5/Prdx5/Nod2/Bcl2/Ptgs2/Nfix/Tpp1/Ccn2/Snx10/Csf1r/Fosl2/Traf6/Epsti1/Ptgs1/Akt3/Poc1b/Mbp/Ildr2/Slc12a2/Adam8/Cln8/Slc39a8/Nf1/Smo/Tmem119/Col3a1/Trim32",50
"GO:0060249","anatomical structure homeostasis","50/2646","308/25615",0.162337662337662,1.5715340970443,3.42499348208242,0.000863908285287773,0.00564572413498337,0.00348447193087636,"Tspan12/Strap/Fcgr4/Ubash3b/Cd38/Rac3/Lipa/Slc2a1/Ceacam1/Add1/Pth1r/Idua/Rab3d/Adora2a/Crocc/Tnfrsf11a/Ext1/Def8/Acp5/Src/Sox9/Naglu/Stk39/Cldn5/Prdx5/Nod2/Bcl2/Ptgs2/Nfix/Tpp1/Ccn2/Snx10/Csf1r/Fosl2/Traf6/Epsti1/Ptgs1/Akt3/Poc1b/Mbp/Ildr2/Slc12a2/Adam8/Cln8/Slc39a8/Nf1/Smo/Tmem119/Col3a1/Trim32",50
"GO:0045806","negative regulation of endocytosis","17/2646","72/25615",0.236111111111111,2.2857090367011,3.70796453407988,0.000871351463454254,0.00568857906629078,0.00351092147068207,"Scamp5/Mctp1/Tlr2/Rubcn/Abca2/Unc119/Cd47/Tsc2/Rin3/Lrsam1/Pacsin2/Syt11/Cav1/Rabgef1/Ankrd13d/Plscr1/Cd300lf",17
"GO:0046883","regulation of hormone secretion","55/2646","347/25615",0.15850144092219,1.53439698005363,3.40177728720613,0.000881708655613429,0.00575035167884332,0.00354904677212967,"Chd7/Alox5/Stx4a/Clcf1/Hif1a/Nr1d1/Fkbp1b/Jak2/Cd38/Osm/Pck2/Gabbr1/Serp1/Syt7/Prkn/Gdf9/Hmgcr/Inhbb/Edn1/Gja1/Lrrc8a/Hfe/Trpm4/Cpt1a/Abcg1/Pde8b/Hadh/Klf7/Fgfr1/C1qtnf1/Cry2/Arrb1/Pparg/Itsn1/Acvr2a/Glrx/Slc16a1/Sirt4/Pde4c/Rapgef4/Cacna1d/Per2/Map4k4/Rab11fip3/Acsl4/Rab11fip1/Cry1/Trpm2/Psmd9/Prkd1/Rab11fip5/Rab8b/Gna11/Birc5/Il1b",55
"GO:0006040","amino sugar metabolic process","13/2646","48/25615",0.270833333333333,2.62184271856891,3.81726268494739,0.000886170125968636,0.00576189968544789,0.00355617406065974,"Uap1l1/Chil3/Nans/Npl/Cmah/Ogt/Amdhd2/Nagk/St6gal1/Hexb/Chst7/Gnpda1/Nanp",13
"GO:0017145","stem cell division","13/2646","48/25615",0.270833333333333,2.62184271856891,3.81726268494739,0.000886170125968636,0.00576189968544789,0.00355617406065974,"Cul3/Zfp36l2/Sox17/Gnl3/Cox6b2/Etv5/Ext1/Tgfb2/Ncoa3/Lbh/Samd9l/Mllt3/Cntrl",13
"GO:0042417","dopamine metabolic process","13/2646","48/25615",0.270833333333333,2.62184271856891,3.81726268494739,0.000886170125968636,0.00576189968544789,0.00355617406065974,"Sncaip/Prkn/Sult1a1/Myo5a/Spr/Tgfb2/Itgam/Aldh2/Maoa/Comt/Npr1/Gch1/Pnkd",13
"GO:0000041","transition metal ion transport","24/2646","118/25615",0.203389830508475,1.96894577039855,3.58062229589843,0.000895868644640631,0.00581906994253935,0.00359145884456935,"Hif1a/Slco2b1/Mmgt2/Fkbp4/Atox1/Nectin1/Hrh1/Hfe/Steap3/Steap4/Slc11a2/Iscu/Trf/Fth1/Slc39a14/Tfrc/Slc40a1/Slc30a4/Lcn2/Slc46a3/Slc31a2/Trpm3/Trpm2/Slc39a8",24
"GO:0042113","B cell activation","52/2646","324/25615",0.160493827160494,1.55368457396676,3.40419560666244,0.000900176618028761,0.0058411460547644,0.00360508395120792,"Cd79b/Clcf1/Irf8/Hdac5/Traf3ip2/Zfp36l2/Cd38/Id2/Aplf/Hdac7/Gpr183/Mef2c/Blnk/Cd40/Dock10/Slc15a4/Shld3/Cd27/Flt3l/Cd28/Cd180/Malt1/Lrrc8a/Lyn/Peli1/Ighm/Stat3/Nod2/Bcl3/Atm/Samsn1/Bcl2/Mmp14/Shld1/Lyl1/Msh2/Tnfaip3/Pcid2/Cd81/Fosl2/Tfrc/Il7r/Prdm1/Gapt/Hmgb3/Tnip2/Bank1/Batf/Adgrg3/Fas/Kmt5c/Nfatc1",52
"GO:0007032","endosome organization","19/2646","85/25615",0.223529411764706,2.16391000844782,3.64809413928224,0.000914525816950488,0.00591142585847636,0.0036484597870594,"Snf8/Usp50/Exoc8/Snx5/Prkn/Vti1a/Rilp/Pheta2/Plekha3/Aktip/Pld3/Snx10/Pld4/Als2cl/Als2/Vps37c/Pi4k2b/Dnm1/Stx12",19
"GO:0045453","bone resorption","19/2646","85/25615",0.223529411764706,2.16391000844782,3.64809413928224,0.000914525816950488,0.00591142585847636,0.0036484597870594,"Fcgr4/Ubash3b/Cd38/Ceacam1/Pth1r/Idua/Rab3d/Tnfrsf11a/Ext1/Def8/Acp5/Src/Tpp1/Snx10/Csf1r/Traf6/Adam8/Nf1/Tmem119",19
"GO:0045446","endothelial cell differentiation","25/2646","125/25615",0.2,1.93613000755858,3.56097425751889,0.000914991623747027,0.00591142585847636,0.0036484597870594,"Ccm2/Sox17/Lipa/Pde4d/Hpse/Ceacam1/Add1/Amotl2/Ppp1r16b/Sox18/Mrtfa/Cldn5/S1pr2/Pde2a/Hey1/Myadm/Plod3/Fasn/Pdpn/Bmp4/Apold1/Il1b/Acvrl1/Kdr/Acvr2b",25
"GO:1903426","regulation of reactive oxygen species biosynthetic process","14/2646","54/25615",0.259259259259259,2.50979815794631,3.76954931698369,0.000915005678533318,0.00591142585847636,0.0036484597870594,"Alox5/Hif1a/Slc25a33/Prkn/Foxo3/Arg2/Sod2/Ogt/Abcd1/Stat3/Cflar/Lcn2/Abcd2/Fas",14
"GO:0008154","actin polymerization or depolymerization","35/2646","196/25615",0.178571428571429,1.72868750674873,3.47578342148819,0.00091560845722042,0.00591142585847636,0.0036484597870594,"Tlr2/Mtor/Eps8/Snx9/Gba2/Vasp/Ang/Cdc42ep3/Pik3r2/Mtss1/Add1/Cdc42ep1/Mrtfa/Dbnl/Clec2i/Evl/Myadm/Eln/Msrb2/Aif1/Kank3/Bin1/Arhgap18/Catip/Add3/Ccl24/Ppp1r9a/Kank2/Dbn1/Tmod1/Capn1/Cdc42ep5/Fer/Cdc42ep2/Msrb1",35
"GO:0072091","regulation of stem cell proliferation","15/2646","60/25615",0.25,2.42016250944822,3.73799145980305,0.000918115776555443,0.00592166239818491,0.00365477765425073,"Cxcl1/Hdac5/Sox17/Sox18/Septin4/Gja1/Ncoa3/Eif2ak2/Fgfr1/Ace/Bmp4/Pim1/Ccne1/Taf4b/Nfatc1",15
"GO:0002709","regulation of T cell mediated immunity","26/2646","132/25615",0.196969696969697,1.90679470441375,3.54513879119728,0.000927088962331311,0.00597354011435942,0.00368679594659484,"Ripk3/Ager/H2-T23/Ceacam1/Cd274/Cd80/Tnfrsf1b/Fadd/Malt1/Spn/Hfe/Trpm4/Nod2/Pvr/Cd81/Traf6/Il1r1/Il7r/Vsir/Arg1/Dusp22/Mapk3/Nlrp3/H2-T24/Il1b/Mr1",26
"GO:0046488","phosphatidylinositol metabolic process","28/2646","146/25615",0.191780821917808,1.85656302094658,3.52283563832282,0.000933221951414109,0.00600703187964352,0.00370746665477288,"Efr3b/Inpp1/Agpat5/Ttc7/Pip4k2b/Pgap1/Inpp5f/Pigc/Atm/Pik3r5/Pdgfa/Pdgfb/Pigv/Pigp/Pi4k2b/Pigh/Pigz/Dgke/Mppe1/Itpkc/Pigg/Fig4/Inppl1/Plcg1/Plcb2/Pigq/Ipmk/Pigu",28
"GO:0015868","purine ribonucleotide transport","11/2646","37/25615",0.297297297297297,2.87803109231681,3.8800107356029,0.000936460335682752,0.00602184303946546,0.0037166079215846,"Slc25a25/Gja1/Lrrc8a/Cd47/Slc25a24/Slc46a2/Slc17a9/Slc25a23/Calhm2/Slc35b1/Abcc4",11
"GO:0006417","regulation of translation","63/2646","411/25615",0.153284671532847,1.48389526126752,3.35660411951436,0.000946278992638701,0.00607669896349119,0.00375046432741313,"Alkbh1/Piwil2/Mtor/Eif2b2/Zfp36l2/Pstk/Samd4/Fastkd3/Tifab/Etf1/Ang/Rnh1/Serp1/Foxo3/Mknk1/Neurl1a/Rgs2/Mtg1/Eef2k/Caprin2/Ogt/Malsu1/Unk/Srp9/Abce1/Tbk1/Wtip/Rida/Pkm/Eif2ak2/Rxra/Bcl3/Gpr155/Cirbp/Wt1/Tnrc6b/Pcif1/Rbm3/Tsc2/Thbs1/Magoh/Tcof1/Aplp1/Eif6/Btg2/Bzw2/Mettl8/Ago1/Mettl18/Pml/Mapk3/Ppp1r15b/Bank1/Coa3/Epha4/Tmed2/Paip2b/Ngrn/Cpeb2/Igf1/B3gntl1/Plxnb2/Pld1",63
"GO:0034134","toll-like receptor 2 signaling pathway","7/2646","17/25615",0.411764705882353,3.98615001556178,4.18018635801384,0.000948774760333385,0.00607669896349119,0.00375046432741313,"Tlr2/Acod1/Lyn/Nod2/Mfhas1/Tnip2/Trem2",7
"GO:0038094","Fc-gamma receptor signaling pathway","7/2646","17/25615",0.411764705882353,3.98615001556178,4.18018635801384,0.000948774760333385,0.00607669896349119,0.00375046432741313,"Fcgr4/Appl2/Lck/Clec4e/Fcgr2b/Clec4d/Fcer1g",7
"GO:0150078","positive regulation of neuroinflammatory response","7/2646","17/25615",0.411764705882353,3.98615001556178,4.18018635801384,0.000948774760333385,0.00607669896349119,0.00375046432741313,"Ctsc/Kcnn4/Nupr1/Mmp8/Csf1r/Mapk3/Trem2",7
"GO:0006635","fatty acid beta-oxidation","18/2646","79/25615",0.227848101265823,2.20571773013003,3.64288395357072,0.000974185626052087,0.00622084340135051,0.00383942851264501,"Mtor/Eci1/Acacb/Abcd4/Acads/Cpt1a/Abcd1/Acad12/Echdc1/Hadh/Ech1/Crot/Decr1/Auh/Hsd17b4/Acaa2/Abcd2/Crat",18
"GO:0030330","DNA damage response, signal transduction by p53 class mediator","18/2646","79/25615",0.227848101265823,2.20571773013003,3.64288395357072,0.000974185626052087,0.00622084340135051,0.00383942851264501,"Tfap4/Mdm2/Sp100/Foxo3/Kmt5a/Acer2/Bcl3/Atm/Snai1/Ing4/Csprs/Hic1/Chek2/Pml/Brca2/Batf/Ndrg1/Eef1e1",18
"GO:0050918","positive chemotaxis","18/2646","79/25615",0.227848101265823,2.20571773013003,3.64288395357072,0.000974185626052087,0.00622084340135051,0.00383942851264501,"Alkbh1/Vegfb/Ager/Hgf/Fpr2/Ccl3/Smad3/Tsc2/Cxcl12/Saa3/Pdgfb/Bmp4/Cxcl10/Cx3cl1/Nrp1/Kdr/Il16/Ccl6",18
"GO:0072073","kidney epithelium development","32/2646","175/25615",0.182857142857143,1.7701760069107,3.46986864532436,0.000986063959813697,0.00629044178534577,0.00388238378457605,"Ptpro/Mef2c/Mtss1/Arg2/Ptch1/Dchs1/Cd24a/Sdc4/Ext1/Sox9/Edn1/Bcl2/Wt1/Hey1/Lgr4/Vcan/Smad3/Podxl/Tsc2/Fgfr1/Pdgfb/Smad6/Bmp4/Bmp2/Basp1/Aqp1/Epha4/Spry1/Kank2/Cat/Smo/Stat1",32
"GO:1901988","negative regulation of cell cycle phase transition","44/2646","264/25615",0.166666666666667,1.61344167296548,3.40048035365748,0.000992919420742441,0.0063278912290173,0.00390549712348183,"Rnaseh2b/Prmt2/Ccnd1/Ints3/Zfp36l2/Nek1/Bub1b/Cdca8/Gtpbp4/Cdc20/Rad50/Mapk14/Cdc14b/Lyn/Zc3h12d/Ccnb1/Zwint/Atm/Pinx1/Bcl2/Cdkn2d/Usp28/Msh2/Dtx3l/Taok3/Rgcc/Tti1/Knl1/Cdk1/Bub1/Chek2/Brca2/Cenpe/Cdt1/Foxo4/Ska1/Cry1/Kank2/E2f1/Apbb1/Jade1/Klf4/Birc5/Blm",44
"GO:0006606","protein import into nucleus","35/2646","197/25615",0.177664974619289,1.7199124432627,3.44274363629653,0.00100496169731319,0.00638649311190874,0.00394166548933705,"Akap1/Nr4a1/Traf3ip2/Jak2/Mavs/Hyal2/Pik3r2/Jup/Mapk14/Fgf9/Adar/Appl2/Hikeshi/Zc3h12a/Tbk1/Stat3/Bcl3/Ptgs2/Chp2/Tsc2/Ufm1/Cry2/Nup93/Tek/Kpna1/Cdk1/Bmp4/Pml/Fam53a/Kpna2/Prkd1/Nup50/Nf1/Smo/Nup54",35
"GO:0042552","myelination","35/2646","197/25615",0.177664974619289,1.7199124432627,3.44274363629653,0.00100496169731319,0.00638649311190874,0.00394166548933705,"Tlr2/Mtor/Eif2b2/Abca2/Cmtm8/Rarg/Ctsc/Adam22/Ski/Adgrg6/Myo5a/Tnfrsf1b/Hgf/B4galt6/Serinc5/Cldn5/Abcd1/Rxra/Arhgef10/Cst7/Egr2/Lpin1/Tppp/Mapk3/Tspan2/Abcd2/Amigo1/Hexb/Hexa/Mbp/Sos1/Ndrg1/Igf1/Nf1/Fig4",35
"GO:0050852","T cell receptor signaling pathway","31/2646","168/25615",0.18452380952381,1.78631042364036,3.47050726191568,0.00100509721919983,0.00638649311190874,0.00394166548933705,"Rnf31/Eif2b2/Lipa/Btnl9/Pde4d/Cblb/Ceacam1/Cd274/Cd80/Cd28/Wnk1/Malt1/Zc3h12a/Clec2i/Lck/Prnp/Kcnn4/Cd53/Bcl2a1d/Cd4/Cd81/Fosl2/Traf6/Pram1/Dusp22/Pde4b/Fcer1g/Plcg1/Psen2/Tec/Rab29",31
"GO:2000181","negative regulation of blood vessel morphogenesis","24/2646","119/25615",0.201680672268908,1.9524000076221,3.53443032154499,0.00101421243340015,0.00643804414245313,0.00397348215530318,"Alox5/Stab1/Adamts1/Gtf2i/Tgfb2/Sema6a/Cldn5/Sema4a/Thbs1/Pparg/Rgcc/Tek/Ago1/Pml/Cxcl10/Serpinf1/Pgk1/Slc12a2/Foxo4/Cx3cr1/Nf1/Klf4/Stat1/Gadd45a",24
"GO:0006639","acylglycerol metabolic process","30/2646","161/25615",0.186335403726708,1.80384783312911,3.47273258563907,0.00102105484348002,0.00647508027099275,0.00399634040116131,"Prkaca/Lipg/Daglb/Dgkd/Pck2/Lipa/Agmo/Agpat5/Agpat2/Apobec1/Cpt1a/Plaat3/Mgll/Abhd12/Scd1/Fabp4/Slc27a1/Cav1/Sik1/Lpin1/Abhd6/Pnpla2/Acsl4/Dgat2/Thrsp/Lpin3/Dgke/Pgs1/Pla2g15/Cat",30
"GO:0001954","positive regulation of cell-matrix adhesion","17/2646","73/25615",0.232876712328767,2.25439795400656,3.6427712088046,0.001028204288272,0.00649477320340149,0.00400849463834582,"Plekha2/Utrn/Plpp3/Hpse/Jup/Trem1/Sdc4/Rras/Smad3/Tek/Ankrd28/Enpp2/Map4k4/Nrp1/Rin2/Kdr/Cdk6",17
"GO:0008347","glial cell migration","17/2646","73/25615",0.232876712328767,2.25439795400656,3.6427712088046,0.001028204288272,0.00649477320340149,0.00400849463834582,"Syne2/Gpr183/Fgf9/Tgfb2/Mmp14/Ccl3/Vcan/Idh2/Srgap2/P2ry12/Hexb/Epha4/Fas/Cx3cl1/Cx3cr1/Trem2/Col3a1",17
"GO:0032608","interferon-beta production","17/2646","73/25615",0.232876712328767,2.25439795400656,3.6427712088046,0.001028204288272,0.00649477320340149,0.00400849463834582,"Tlr2/Oas1a/Mavs/Relb/Sting1/Tbk1/Oas1c/Oas1g/Oas3/Polr3b/Arrdc4/Atg9a/Nlrc3/Trim65/Riok3/Rnf135/Zbtb20",17
"GO:0032648","regulation of interferon-beta production","17/2646","73/25615",0.232876712328767,2.25439795400656,3.6427712088046,0.001028204288272,0.00649477320340149,0.00400849463834582,"Tlr2/Oas1a/Mavs/Relb/Sting1/Tbk1/Oas1c/Oas1g/Oas3/Polr3b/Arrdc4/Atg9a/Nlrc3/Trim65/Riok3/Rnf135/Zbtb20",17
"GO:0051592","response to calcium ion","29/2646","154/25615",0.188311688311688,1.82297955257139,3.4767563429571,0.0010333361690292,0.00651297307929337,0.00401972737929711,"Ccnd1/Fosb/Cpne8/Rasgrp2/Mef2c/Add1/Entpd6/Eef2k/Inhbb/Wnk1/Edn1/Apobec1/Asph/Jun/Adam9/Slc25a24/Chp2/Thbs1/Pdcd6/S100a16/Cav1/Mylk/Slc25a23/Fos/Trpm2/Itpkc/Smpd1/Micu1/Nfatc1",29
"GO:0015732","prostaglandin transport","10/2646","32/25615",0.3125,3.02520313681028,3.89072399856947,0.00103412710785791,0.00651297307929337,0.00401972737929711,"Slco2b1/Tnfrsf11a/Ptges/Edn1/Ptgs2/Map2k6/Acsl4/P2ry2/Abcc4/Il1b",10
"GO:0032682","negative regulation of chemokine production","10/2646","32/25615",0.3125,3.02520313681028,3.89072399856947,0.00103412710785791,0.00651297307929337,0.00401972737929711,"Mefv/Oas1a/Arg2/Cd24a/Oas1c/Oas1g/Oas3/Sigirr/Ticam2/Klf4",10
"GO:0009394","2'-deoxyribonucleotide metabolic process","12/2646","43/25615",0.27906976744186,2.7015767547329,3.79023382093852,0.00103787814006397,0.00652380545183069,0.00402641298722775,"Ak3/Gda/Dck/Cmpk2/Samhd1/Rrm2/Dguok/Guk1/Nme3/Upp2/Nudt16/Nme1",12
"GO:0046640","regulation of alpha-beta T cell proliferation","12/2646","43/25615",0.27906976744186,2.7015767547329,3.79023382093852,0.00103787814006397,0.00652380545183069,0.00402641298722775,"Jak2/Cblb/Cd274/Arg2/Cd80/Cd28/Cd244a/Tyk2/Tgfbr2/Cd81/Vsir/Blm",12
"GO:0006906","vesicle fusion","28/2646","147/25615",0.19047619047619,1.84393334053198,3.48282754005916,0.00104127675297994,0.00652625315576341,0.0040279236801778,"Stx4a/Rab39/Vamp1/Syt7/Vti1a/Pip4k2b/Atp13a2/Septin8/Snap47/Rab4b/Eea1/Stxbp1/Cav2/Rab3a/Stxbp6/Tmem175/Rab20/Sphk1/Syt11/Gosr2/Stx2/Samd9l/Znrf1/Ankrd27/Stx12/Stx11/Stx16/Rab7b",28
"GO:0043500","muscle adaptation","28/2646","147/25615",0.19047619047619,1.84393334053198,3.48282754005916,0.00104127675297994,0.00652625315576341,0.0040279236801778,"Akap1/Mtor/Parp2/Acacb/Mef2c/Adrb1/Foxo3/Inpp5f/Rgs2/Gtf2i/Tnfrsf1b/Edn1/Parp1/Mrtfa/Asb2/Smad3/Kcnn4/Aif1/Cflar/Pparg/Bmp4/Bmp2/Gatm/Jarid2/Pin1/Igf1/Klf4/Nfatc1",28
"GO:0014033","neural crest cell differentiation","21/2646","99/25615",0.212121212121212,2.05347122013789,3.56448305745127,0.00104233121696968,0.00652625315576341,0.0040279236801778,"Hif1a/Sema6d/Sema4d/Tapt1/Mef2c/Ext1/Sox9/Edn1/Efnb1/Sema6a/Sema4a/Sema6b/Sema3f/Pdcd6/Tcof1/Bmp4/Mapk3/Sema4c/Sema7a/Nrp1/Smo",21
"GO:0051492","regulation of stress fiber assembly","21/2646","99/25615",0.212121212121212,2.05347122013789,3.56448305745127,0.00104233121696968,0.00652625315576341,0.0040279236801778,"Mtor/Arhgap6/Pik3r2/Sdc4/Arhgef15/Arhgef10/Evl/Smad3/Cd47/Arhgef18/Sh3pxd2b/Kank3/Ccn2/Pdlim4/Rgcc/Tgfb3/Arhgef10l/Ppp1r9a/Limch1/Kank2/Nrp1",21
"GO:0003205","cardiac chamber development","36/2646","205/25615",0.175609756097561,1.70001659200265,3.41543095755806,0.00106670156475257,0.00667233773317481,0.00411808529582774,"Chd7/Hif1a/Dand5/Id2/Adamts1/Ly6e/Mdm2/Mef2c/Epor/Aplnr/Adgrg6/Lmo4/Fgf9/Dhrs3/Tgfb2/Naglu/Rxra/Pde2a/Hey1/Eng/Fuz/Tgfbr2/Prdm1/Smad6/Tek/Bmp4/Bmp2/Sos1/Ccn1/Zbtb14/Nrp1/Smo/Myh10/Ccm2l/Nfatc1/Cntrl",36
"GO:0006693","prostaglandin metabolic process","16/2646","67/25615",0.238805970149254,2.31179702395054,3.64912018757693,0.00107275501436815,0.00669716055617198,0.004133405638783,"Tbxas1/Daglb/Sco1/Ptges/Edn1/Ptgs2/Sigmar1/Sphk1/Ptgr2/Pdpn/Hpgd/Ptgs1/Prxl2b/Comt/Gstm1/Il1b",16
"GO:0070542","response to fatty acid","16/2646","67/25615",0.238805970149254,2.31179702395054,3.64912018757693,0.00107275501436815,0.00669716055617198,0.004133405638783,"Tbxas1/Tlr2/Scd2/Foxo3/Sox9/Edn1/Zc3h12a/Ass1/Cpt1a/Ccnb1/Scd1/Dgat2/Bola3/Pdk3/E2f1/Cat",16
"GO:0044790","suppression of viral release by host","8/2646","22/25615",0.363636363636364,3.52023637737923,4.01378953814646,0.00108332092117393,0.00675115186401203,0.00416672841406956,"Trim30d/Trim21/Trim12c/Trim30a/Pml/Trim30c/Trim5/Trim32",8
"GO:0046474","glycerophospholipid biosynthetic process","32/2646","176/25615",0.181818181818182,1.76011818868962,3.43439323240145,0.00108811427162002,0.00675115186401203,0.00416672841406956,"Dgkd/Efr3b/Inpp1/Agpat5/Ttc7/Capn2/Far1/Pip4k2b/Pgap1/Agpat2/Pigc/Atm/Pdgfa/Pld2/Pdgfb/Pigv/Pigp/Lpin1/Pi4k2b/Pigh/Pigz/Dgke/Pgs1/Mppe1/Itpkc/Pigg/Fig4/Inppl1/Pigq/Pld1/Plscr1/Pigu",32
"GO:0010457","centriole-centriole cohesion","6/2646","13/25615",0.461538461538462,4.46799232513518,4.24497792227393,0.00109005052966545,0.00675115186401203,0.00416672841406956,"Sgo1/Cep68/Kif3a/Crocc/Cntln/Nek2",6
"GO:0036006","cellular response to macrophage colony-stimulating factor stimulus","6/2646","13/25615",0.461538461538462,4.46799232513518,4.24497792227393,0.00109005052966545,0.00675115186401203,0.00416672841406956,"Tlr2/Dok1/Pde2a/Csf1r/Trem2/Fer",6
"GO:0046349","amino sugar biosynthetic process","6/2646","13/25615",0.461538461538462,4.46799232513518,4.24497792227393,0.00109005052966545,0.00675115186401203,0.00416672841406956,"Uap1l1/Nans/Amdhd2/Nagk/Gnpda1/Nanp",6
"GO:0070424","regulation of nucleotide-binding domain, leucine rich repeat containing receptor signaling pathway","6/2646","13/25615",0.461538461538462,4.46799232513518,4.24497792227393,0.00109005052966545,0.00675115186401203,0.00416672841406956,"Slc15a2/Slc15a4/Nagk/Tnfaip3/Slc46a2/Slc15a3",6
"GO:0140252","regulation protein catabolic process at postsynapse","6/2646","13/25615",0.461538461538462,4.46799232513518,4.24497792227393,0.00109005052966545,0.00675115186401203,0.00416672841406956,"Cul3/Cblb/Nedd4/Traf6/Mib2/Pin1",6
"GO:1904628","cellular response to phorbol 13-acetate 12-myristate","6/2646","13/25615",0.461538461538462,4.46799232513518,4.24497792227393,0.00109005052966545,0.00675115186401203,0.00416672841406956,"Adam15/Inhbb/Pld2/Btg2/Fos/Prkd1",6
"GO:0030501","positive regulation of bone mineralization","13/2646","49/25615",0.26530612244898,2.5683357243124,3.72965157244721,0.00109356918862364,0.00675115186401203,0.00416672841406956,"Alox5/Mef2c/Asxl2/Rxra/Smad3/Csf1r/Acvr2a/Bmp4/Bmp2/Slc8a1/Ccn1/Tmem119/Acvr2b",13
"GO:2001239","regulation of extrinsic apoptotic signaling pathway in absence of ligand","13/2646","49/25615",0.26530612244898,2.5683357243124,3.72965157244721,0.00109356918862364,0.00675115186401203,0.00416672841406956,"Eya4/Tgfb2/Htra2/Bcl2/Fgfr1/Wwox/Unc5b/Cx3cl1/Cx3cr1/Sgk3/Nf1/Klf4/Il1b",13
"GO:0039529","RIG-I signaling pathway","9/2646","27/25615",0.333333333333333,3.22688334593096,3.92937752753362,0.00109506541754367,0.00675115186401203,0.00416672841406956,"Mavs/Ufd1/Rnf125/Ddx60/Sec14l1/Oas3/Dhx58/Nploc4/Rnf135",9
"GO:0060055","angiogenesis involved in wound healing","9/2646","27/25615",0.333333333333333,3.22688334593096,3.92937752753362,0.00109506541754367,0.00675115186401203,0.00416672841406956,"Alox5/Hif1a/Npr2/Mcam/Vegfb/Hpse/Slc12a2/Cx3cl1/Kdr",9
"GO:0090335","regulation of brown fat cell differentiation","9/2646","27/25615",0.333333333333333,3.22688334593096,3.92937752753362,0.00109506541754367,0.00675115186401203,0.00416672841406956,"Mtor/Mapk14/Napepld/Ptgs2/Trpv4/Pim1/Pin1/Mecom/Sox13",9
"GO:0015718","monocarboxylic acid transport","35/2646","198/25615",0.176767676767677,1.71122601678157,3.40989231518749,0.00110185989836553,0.00678652731265599,0.00418856170859386,"Slco2b1/Emb/Acacb/Slc2a1/Ceacam1/Abcd4/Rbp7/Tnfrsf11a/Slc27a4/Ptges/Edn1/Lyn/Abcd1/Ptgs2/Pla2g12a/Thbs1/Crot/Map2k6/Stard10/Fabp4/Mpc1/Pparg/Slc16a1/Ace/Slc27a1/Abcb4/Abcd2/Acsl4/Slc10a6/P2ry2/Abcc3/Abcc4/Il1b/Slc17a5/Slc16a7",35
"GO:0007229","integrin-mediated signaling pathway","23/2646","113/25615",0.20353982300885,1.97039779530298,3.50884739767124,0.00112189363013072,0.00690329950187712,0.00426063207652537,"Cul3/Plpp3/Adam15/Ptpra/Src/Tspan32/Rcc2/Itgam/Itga9/Zyx/Ccn2/Pram1/Fut8/Lims2/Ccn1/Fcer1g/Sema7a/Plau/Nrp1/Itgb5/Col3a1/Timp1/Tec",23
"GO:0048638","regulation of developmental growth","61/2646","398/25615",0.153266331658291,1.48371771936022,3.30102947400629,0.00113137217392145,0.00695496157442239,0.00429251727625722,"Chd7/Akap1/Mtor/Parp2/Eif2b2/Sema6d/Agrn/Sema4d/Arhgap4/Plxna4/Acacb/Olfm1/Mef2c/Serp1/Gamt/Prkn/Ccr5/Adrb1/Jup/Ptch1/Cdk20/Rgs2/Dusp6/Mapk14/Fgf9/L1cam/Socs2/Edn1/Gja1/Spr/Htra2/Cdkl5/Spaar/Dbnl/Ccnb1/Stat3/Mgll/Bcl2/Wt1/Ist1/Hopx/Sh3pxd2b/Lin7c/Ulk2/Tgfbr2/Sema3f/Fgfr1/Cxcl12/Fosl2/Cdk1/Rnd2/Pim1/Mycbp2/Ankrd26/Jarid2/Dbn1/Pin1/Sema7a/Igf1/Nrp1/Smo",61
"GO:0000281","mitotic cytokinesis","20/2646","93/25615",0.21505376344086,2.08186022318127,3.54746283371618,0.00113483337324283,0.00696956939743015,0.00430153304607253,"Trim36/Snx9/Exoc8/Cdca8/Unc119/Wnk1/Cep55/Ist1/Cntrob/Cenpa/Snx18/Exoc6/Stx2/Rab11fip3/Anln/Birc5/Nusap1/Myh10/Iqgap2/Kif4",20
"GO:0009123","nucleoside monophosphate metabolic process","18/2646","80/25615",0.225,2.1781462585034,3.58210943351817,0.00113757673393977,0.0069730848652949,0.00430370274987062,"Dhodh/Ak3/Gda/Dck/Impdh1/Cmpk2/Uck2/Dguok/Guk1/Prps1l3/Pfas/Tk2/Prps2/Aprt/Nme3/Nudt2/Upp2/Nme1",18
"GO:0071470","cellular response to osmotic stress","18/2646","80/25615",0.225,2.1781462585034,3.58210943351817,0.00113757673393977,0.0069730848652949,0.00430370274987062,"Mtor/Relb/Tifab/Ang/Slc2a1/Slc12a6/Fxyd2/Wnk1/Stk39/Ptgs2/Trpv4/Xrcc6/Scn7a/Mylk/Nlrp3/Aqp1/Slc25a23/Micu1",18
"GO:0061640","cytoskeleton-dependent cytokinesis","24/2646","120/25615",0.2,1.93613000755858,3.48868582181757,0.00114582315300083,0.00701025517607365,0.00432664381136669,"Trim36/Snx9/Exoc8/Cdca8/Unc119/Septin8/Wnk1/Septin4/Cep55/Ist1/Cntrob/Cenpa/Snx18/Exoc6/Cenpv/Stx2/Rab11fip3/Anln/Septin9/Birc5/Nusap1/Myh10/Iqgap2/Kif4",24
"GO:1901343","negative regulation of vasculature development","24/2646","120/25615",0.2,1.93613000755858,3.48868582181757,0.00114582315300083,0.00701025517607365,0.00432664381136669,"Alox5/Stab1/Adamts1/Gtf2i/Tgfb2/Sema6a/Cldn5/Sema4a/Thbs1/Pparg/Rgcc/Tek/Ago1/Pml/Cxcl10/Serpinf1/Pgk1/Slc12a2/Foxo4/Cx3cr1/Nf1/Klf4/Stat1/Gadd45a",24
"GO:0046620","regulation of organ growth","25/2646","127/25615",0.196850393700787,1.90563977121907,3.47257829352835,0.00116057508481222,0.00709375294465626,0.00437817761357889,"Akap1/Mtor/Parp2/Acacb/Mef2c/Serp1/Adrb1/Cdk20/Rgs2/Dusp6/Mapk14/Fgf9/Edn1/Gja1/Ccnb1/Wt1/Tgfbr2/Fgfr1/Cdk1/Pim1/Ankrd26/Jarid2/Pin1/Igf1/Smo",25
"GO:0016482","cytosolic transport","26/2646","134/25615",0.194029850746269,1.87833508195982,3.45992729878996,0.00116719829290375,0.00712068550200729,0.00439480005879099,"Tmem87b/Golt1b/Eps15/Snx5/Snx6/Rab6b/Syt7/Vti1a/Aldh7a1/Pheta2/Plekha3/Tbc1d17/Arl1/Rab4b/Sgsm2/Ccdc91/Wipi1/Tbc1d5/Evi5/Heatr5b/Tanc2/Snx2/Ap5z1/Stx16/Rab29/Rab7b",26
"GO:0018205","peptidyl-lysine modification","26/2646","134/25615",0.194029850746269,1.87833508195982,3.45992729878996,0.00116719829290375,0.00712068550200729,0.00439480005879099,"Tollip/Ehmt2/Por/Tgm2/Dip2a/Gnl3/Atpsckmt/Kif3a/Kmt5a/Pias3/Ube2i/Sirt5/Trpm4/Egr1/Egr2/Camkmt/Plod3/Mettl18/Sirt4/Pml/Eef1akmt1/Bola3/Smo/Kat2a/Senp7/Eef2kmt",26
"GO:0150146","cell junction disassembly","11/2646","38/25615",0.289473684210526,2.80229343199268,3.77359315306946,0.00119634250272985,0.00729155999766275,0.00450026170898475,"Itgam/Cd47/Rhou/Tgfb3/Map4k4/Epha4/Cx3cr1/Trem2/Plxnc1/Il1b/Fer",11
"GO:0046660","female sex differentiation","32/2646","177/25615",0.180790960451977,1.75017401813205,3.39914545265659,0.00119925410784444,0.00730237761970871,0.00450693821309242,"Chd7/Idh1/Npr2/Eif2b2/Adamts1/Pde4d/Tnfaip6/Axl/Foxo3/Fancg/Gdf9/Hyal3/Inhbb/Src/Dach1/Mmp19/Ncoa3/Atm/Bcl2/Mmp14/Wt1/Kitl/Cebpb/Nupr1/Plekha1/Abcb1a/Arrb1/Bmp4/Brca2/Ptx3/Tiparp/Kdr",32
"GO:0051058","negative regulation of small GTPase mediated signal transduction","17/2646","74/25615",0.22972972972973,2.22393311679026,3.57863311122145,0.00120840952339116,0.0073442031960878,0.00453275244761773,"Cul3/Scai/Timp2/Rasa2/Arhgap45/Ppp2cb/Arhgap12/Wnk1/Arhgap24/Tgfb2/Spry4/Arhgap22/Lztr1/Rabgef1/Spry1/Nf1/Rasa3",17
"GO:2000401","regulation of lymphocyte migration","17/2646","74/25615",0.22972972972973,2.22393311679026,3.57863311122145,0.00120840952339116,0.0073442031960878,0.00453275244761773,"Tnfsf14/Ripk3/Cxcl13/Wnk1/Fadd/Spn/Dock8/Stk39/Ccl3/Padi2/Aif1/Stk10/Cxcl12/Cd99l2/Cxcl10/Cd200r1/Adam8",17
"GO:0009205","purine ribonucleoside triphosphate metabolic process","46/2646","282/25615",0.163120567375887,1.57911312673217,3.31899983196066,0.00122542033818279,0.00744054844280366,0.00459221555630463,"Ndufb6/Prkaca/Hif1a/Mtor/Slc25a25/Prkag2/Ak3/Mpi/Pfkp/Jmjd8/Lipa/Galk1/Pgam1/Eno3/Atpsckmt/Prkn/Cox6b2/Nme4/Hk3/Impdh1/Fam3a/Ddit4/Ogt/Src/Parp1/Stat3/Pkm/Hk2/Nudt5/Nupr1/Ppp2ca/Eif6/Cbfa2t3/Nme3/Uchl1/Pgk1/Nudt2/Pfkfb3/mt-Atp8/Trem2/Igf1/Pfkfb4/Adpgk/mt-Nd4l/Nme1/Zbtb20",46
"GO:0006487","protein N-linked glycosylation","19/2646","87/25615",0.218390804597701,2.11416495078236,3.53315997334218,0.00122936915964028,0.00745044102031054,0.0045983211342292,"Dolpp1/Nus1/St3gal4/Alg6/St8sia4/Dhdds/Man1c1/Dad1/St6gal1/Entpd5/Gorasp1/Mogs/Engase/Fut8/Ganc/Gnptab/Slc39a8/Alg9/Alg14",19
"GO:0055021","regulation of cardiac muscle tissue growth","19/2646","87/25615",0.218390804597701,2.11416495078236,3.53315997334218,0.00122936915964028,0.00745044102031054,0.0045983211342292,"Akap1/Mtor/Parp2/Mef2c/Adrb1/Cdk20/Rgs2/Mapk14/Fgf9/Edn1/Gja1/Ccnb1/Tgfbr2/Fgfr1/Cdk1/Pim1/Jarid2/Pin1/Igf1",19
"GO:0002367","cytokine production involved in immune response","22/2646","107/25615",0.205607476635514,1.99041402646209,3.48444044124591,0.00123804058119446,0.00748181815013473,0.00461768671524765,"Tlr2/Mavs/Tnfrsf1b/Malt1/Tgfb2/Hfe/Trpm4/Nod2/Bst2/Cd81/Traf6/Il1r1/Tek/Tril/Vsir/Arg1/Tgfb3/Nlrp3/Fcer1g/Sema7a/Irak3/Il1b",22
"GO:0002718","regulation of cytokine production involved in immune response","22/2646","107/25615",0.205607476635514,1.99041402646209,3.48444044124591,0.00123804058119446,0.00748181815013473,0.00461768671524765,"Tlr2/Mavs/Tnfrsf1b/Malt1/Tgfb2/Hfe/Trpm4/Nod2/Bst2/Cd81/Traf6/Il1r1/Tek/Tril/Vsir/Arg1/Tgfb3/Nlrp3/Fcer1g/Sema7a/Irak3/Il1b",22
"GO:0070227","lymphocyte apoptotic process","22/2646","107/25615",0.205607476635514,1.99041402646209,3.48444044124591,0.00123804058119446,0.00748181815013473,0.00461768671524765,"Hif1a/Ripk3/Traf3ip2/Lipa/Tsc22d3/Cd274/Arg2/Cd27/Fadd/Tgfb2/Lyn/Dock8/Dffa/Cd47/Slc46a2/Il7r/Zc3h8/Bmp4/Fas/Adam8/Siglec1/Blm",22
"GO:0006638","neutral lipid metabolic process","30/2646","163/25615",0.184049079754601,1.78171473088213,3.39815918713003,0.0012524885727801,0.0075620174732513,0.00466718475723369,"Prkaca/Lipg/Daglb/Dgkd/Pck2/Lipa/Agmo/Agpat5/Agpat2/Apobec1/Cpt1a/Plaat3/Mgll/Abhd12/Scd1/Fabp4/Slc27a1/Cav1/Sik1/Lpin1/Abhd6/Pnpla2/Acsl4/Dgat2/Thrsp/Lpin3/Dgke/Pgs1/Pla2g15/Cat",30
"GO:0022411","cellular component disassembly","70/2646","472/25615",0.148305084745763,1.43568962424895,3.24266622312478,0.00126892127310036,0.00764937862166695,0.00472110299025843,"Hemk1/Eif2d/Eps8/Rubcn/Kif2c/Gas2l1/Smarcb1/Ufsp2/Exoc8/Map4/Etf1/Add1/Mmp9/Top2a/Ccdc88c/Ddit4/Nav3/Wnk1/Asph/Trim21/Tgfb2/Klc1/Abce1/Gfm2/Setx/Timp3/Stat3/Plaat3/Itgam/Plin3/Tbc1d25/Evl/Dffa/Eng/Cd47/Tpx2/Bok/Trpv4/Sh3pxd2b/Ccn2/Plaur/Pdpn/Rhou/Cdk1/Add3/Tgfb3/Smarce1/Klhdc10/Lix1/Per2/Grwd1/Pnpla2/Irgm2/Map4k4/Epha4/Stmn2/Mid1/Snx14/Cx3cr1/Trem2/Tmod1/Plau/Irak3/Nes/Aurka/Plxnc1/Il1b/Fer/Nme1/Ckap2l",70
"GO:0090316","positive regulation of intracellular protein transport","23/2646","114/25615",0.201754385964912,1.95311360411611,3.46163335657904,0.00127053035325632,0.00764937862166695,0.00472110299025843,"Prkaca/Jak2/Mllt6/Camk1/Mavs/Mdm2/Hyal2/Pik3r2/Jup/Kif3a/Mapk14/Prr5l/Asph/Zc3h12a/Ptgs2/Chp2/Gas6/Cd81/Tek/Cdk1/Prkd1/Smo/Rab29",23
"GO:0170062","nutrient storage","23/2646","114/25615",0.201754385964912,1.95311360411611,3.46163335657904,0.00127053035325632,0.00764937862166695,0.00472110299025843,"Lipa/Hilpda/Acacb/Ikbke/Asxl2/Ehd1/Tle6/Rnf213/Zc3h12a/Ttc39b/Abcg1/Plin3/Cry2/Fabp4/Pparg/Soat2/Cav1/Pnpla2/Hexb/Hexa/Dgat2/Cry1/Trem2",23
"GO:1902806","regulation of cell cycle G1/S phase transition","33/2646","185/25615",0.178378378378378,1.72681865539008,3.36745133852927,0.00128405752426785,0.00772358196245006,0.00476690038523454,"Prmt2/Ccnd1/Sass6/Smarcb1/Id2/Adamts1/Mdm2/Plpp2/Appl2/Bcl7a/Mblac1/Zc3h12d/Cirbp/Bcl2/Cdkn2d/Rrm2/Dbf4/Aif1/Ppp2ca/Klf11/Csf1r/Rgcc/Pdpn/Pim1/Smarce1/Smarca2/Ccne1/Kank2/E2f1/Fam83d/Apbb1/Jade1/Klf4",33
"GO:0045619","regulation of lymphocyte differentiation","38/2646","222/25615",0.171171171171171,1.65704820466725,3.33717738997534,0.00128730615842075,0.00773587910354993,0.00477449003041876,"Zfp36l2/Pik3r6/Smarcb1/Id2/Ccl19/Runx3/Ctla2a/Axl/Foxo3/Il15ra/Cd27/Cd28/Malt1/Zc3h12a/Tnfsf9/Lck/Mmp14/Xrcc6/Tgfbr2/Pcid2/Gas6/Slc46a2/Il7r/Prdm1/Vsir/Il15/Zc3h8/Bmp4/Hmgb3/Smarce1/Nlrp3/Smarca2/Fas/Sos1/Adam8/Egr3/Kat2a/Sox13",38
"GO:0055017","cardiac muscle tissue growth","24/2646","121/25615",0.198347107438017,1.92012893311595,3.44338005996581,0.0012918957966084,0.00775087346843192,0.00478374436915431,"Akap1/Mtor/Parp2/Mef2c/Adrb1/Cdk20/Rgs2/Mapk14/Fgf9/Meis1/Edn1/Gja1/Tgfb2/Ccnb1/Rxra/Dipk2a/Tgfbr2/Fgfr1/Cdk1/Pim1/Jarid2/Pin1/Igf1/Ccm2l",24
"GO:0030201","heparan sulfate proteoglycan metabolic process","12/2646","44/25615",0.272727272727273,2.64017728303443,3.69577780739096,0.0012946275267166,0.00775087346843192,0.00478374436915431,"Sgsh/Hpse/Dse/Idua/Hgsnat/Ext1/Naglu/Sulf2/Xylt2/Ids/Xylt1/Hs6st1",12
"GO:0060351","cartilage development involved in endochondral bone morphogenesis","12/2646","44/25615",0.272727272727273,2.64017728303443,3.69577780739096,0.0012946275267166,0.00775087346843192,0.00478374436915431,"Npr2/Por/Rarg/Sik3/Ext1/Sox9/Trpv4/Thbs1/Tgfbr2/Fosl2/Hspg2/Smpd3",12
"GO:0097178","ruffle assembly","12/2646","44/25615",0.272727272727273,2.64017728303443,3.69577780739096,0.0012946275267166,0.00775087346843192,0.00478374436915431,"Mtor/Eps8/Wdpcp/Def8/Arhgap24/Rcc2/Evl/Aif1/Snx10/P2ry12/Cav1/Inppl1",12
"GO:0022612","gland morphogenesis","26/2646","135/25615",0.192592592592593,1.86442148876011,3.41786815405067,0.00130620980497722,0.00781293462492891,0.00482204775639768,"Cul3/Tgm2/Lipa/Rarg/Etv5/Ptch1/Hgf/Src/Sox9/Tgfb2/Ncoa3/Rxra/Bcl2/Pdgfa/Tgfbr2/Fgfr1/Tet2/Pdgfb/Tgfb3/Bmp4/Cav1/Pml/Slc12a2/Capn1/Igf1/Nrp1",26
"GO:0001974","blood vessel remodeling","15/2646","62/25615",0.241935483870968,2.34209275107893,3.59103804759625,0.00131800019578852,0.00784680431729624,0.00484295171655224,"Chd7/Npr2/Bcr/Tgm2/Mdm2/Axl/Mef2c/Ceacam1/Ext1/Gja1/Tgfb2/Eln/Igf1/Acvrl1/Acvr2b",15
"GO:0032371","regulation of sterol transport","15/2646","62/25615",0.241935483870968,2.34209275107893,3.59103804759625,0.00131800019578852,0.00784680431729624,0.00484295171655224,"Lipg/Abca2/Abca8a/Ptch1/Nus1/Ttc39b/Abcg1/Eepd1/Pparg/Furin/Cav1/Abcb4/Mapk3/Pltp/Trem2",15
"GO:0032374","regulation of cholesterol transport","15/2646","62/25615",0.241935483870968,2.34209275107893,3.59103804759625,0.00131800019578852,0.00784680431729624,0.00484295171655224,"Lipg/Abca2/Abca8a/Ptch1/Nus1/Ttc39b/Abcg1/Eepd1/Pparg/Furin/Cav1/Abcb4/Mapk3/Pltp/Trem2",15
"GO:0042987","amyloid precursor protein catabolic process","15/2646","62/25615",0.241935483870968,2.34209275107893,3.59103804759625,0.00131800019578852,0.00784680431729624,0.00484295171655224,"Abca2/Olfm1/Ager/Lyn/Abcg1/Hap1/Prnp/Adam9/Bin1/Adam19/Epha4/Pin1/Igf1/Spon1/Psen2",15
"GO:0007272","ensheathment of neurons","35/2646","200/25615",0.175,1.69411375661376,3.34474621698525,0.00132042270656868,0.00784680431729624,0.00484295171655224,"Tlr2/Mtor/Eif2b2/Abca2/Cmtm8/Rarg/Ctsc/Adam22/Ski/Adgrg6/Myo5a/Tnfrsf1b/Hgf/B4galt6/Serinc5/Cldn5/Abcd1/Rxra/Arhgef10/Cst7/Egr2/Lpin1/Tppp/Mapk3/Tspan2/Abcd2/Amigo1/Hexb/Hexa/Mbp/Sos1/Ndrg1/Igf1/Nf1/Fig4",35
"GO:0007369","gastrulation","35/2646","200/25615",0.175,1.69411375661376,3.34474621698525,0.00132042270656868,0.00784680431729624,0.00484295171655224,"Prkaca/Cul3/Plpp3/Sox17/Tgif1/Aplnr/Mmp9/Wls/Ext1/Wnk1/Gja1/Snai1/Mmp14/Pofut2/Il1rn/Myadm/Smad3/Tgfbr2/Mmp15/Tnfaip3/Fgfr1/Mmp8/Lefty1/Txnrd1/Tal1/Dld/Acvr2a/Lbx2/Bmp4/Mbp/Dusp2/Ets2/Col8a1/Klf4/Acvr2b",35
"GO:0008366","axon ensheathment","35/2646","200/25615",0.175,1.69411375661376,3.34474621698525,0.00132042270656868,0.00784680431729624,0.00484295171655224,"Tlr2/Mtor/Eif2b2/Abca2/Cmtm8/Rarg/Ctsc/Adam22/Ski/Adgrg6/Myo5a/Tnfrsf1b/Hgf/B4galt6/Serinc5/Cldn5/Abcd1/Rxra/Arhgef10/Cst7/Egr2/Lpin1/Tppp/Mapk3/Tspan2/Abcd2/Amigo1/Hexb/Hexa/Mbp/Sos1/Ndrg1/Igf1/Nf1/Fig4",35
"GO:0061614","miRNA transcription","18/2646","81/25615",0.222222222222222,2.15125556395398,3.52222749720466,0.0013237040902112,0.00785903426572711,0.00485049989124243,"Hif1a/Gnl3/Foxo3/Sox9/Tgfb2/Mrtfa/Stat3/Jun/Egr1/Wt1/Smad3/Pparg/Pdgfb/Smad6/Bmp4/Bmp2/Fos/Klf4",18
"GO:0045840","positive regulation of mitotic nuclear division","13/2646","50/25615",0.26,2.51696900982615,3.64419317942996,0.00133994566042581,0.00793636271911302,0.00489822606752009,"Cul3/Cd28/Cdc20/Ube2c/Edn1/Sphk1/Pdgfb/Cenpe/Ska1/Igf1/Nusap1/Il1b/Smpd3",13
"GO:2000378","negative regulation of reactive oxygen species metabolic process","13/2646","50/25615",0.26,2.51696900982615,3.64419317942996,0.00133994566042581,0.00793636271911302,0.00489822606752009,"Hif1a/Bcr/Prkn/Pon3/Acp5/Birc3/Sirt5/Abcd1/Stat3/Hk2/Trim30a/Cflar/Abcd2",13
"GO:0006479","protein methylation","14/2646","56/25615",0.25,2.42016250944822,3.61096024256197,0.00134416419978049,0.00793636271911302,0.00489822606752009,"Mettl21a/Ehmt2/Atpsckmt/Etf1/Rab3d/Kmt5a/Camkmt/Prdm1/Btg2/Mettl18/Eef1akmt1/Comt/Ndufaf7/Eef2kmt",14
"GO:0008213","protein alkylation","14/2646","56/25615",0.25,2.42016250944822,3.61096024256197,0.00134416419978049,0.00793636271911302,0.00489822606752009,"Mettl21a/Ehmt2/Atpsckmt/Etf1/Rab3d/Kmt5a/Camkmt/Prdm1/Btg2/Mettl18/Eef1akmt1/Comt/Ndufaf7/Eef2kmt",14
"GO:0010634","positive regulation of epithelial cell migration","14/2646","56/25615",0.25,2.42016250944822,3.61096024256197,0.00134416419978049,0.00793636271911302,0.00489822606752009,"Hif1a/Mtor/Mmp9/Src/Sox9/Tgfb2/Jun/Adam9/Tgfbr2/Enpp2/Aqp1/Map4k4/Glipr2/Plcg1",14
"GO:0006506","GPI anchor biosynthetic process","10/2646","33/25615",0.303030303030303,2.9335303144827,3.77227449036801,0.0013478474045069,0.00793636271911302,0.00489822606752009,"Pgap1/Pigc/Pigv/Pigp/Pigh/Pigz/Mppe1/Pigg/Pigq/Pigu",10
"GO:0032691","negative regulation of interleukin-1 beta production","10/2646","33/25615",0.303030303030303,2.9335303144827,3.77227449036801,0.0013478474045069,0.00793636271911302,0.00489822606752009,"Mefv/Acp5/Zc3h12a/Tnfaip3/Pml/Nlrp3/Nlrc3/Cx3cr1/Trem2/Igf1",10
"GO:0048535","lymph node development","10/2646","33/25615",0.303030303030303,2.9335303144827,3.77227449036801,0.0013478474045069,0.00793636271911302,0.00489822606752009,"Ripk3/Traf3ip2/Cxcl13/Id2/Rcbtb2/Tnfrsf11a/Fadd/Il7r/Pdpn/Il15",10
"GO:0180046","GPI anchored protein biosynthesis","10/2646","33/25615",0.303030303030303,2.9335303144827,3.77227449036801,0.0013478474045069,0.00793636271911302,0.00489822606752009,"Pgap1/Pigc/Pigv/Pigp/Pigh/Pigz/Mppe1/Pigg/Pigq/Pigu",10
"GO:0009746","response to hexose","44/2646","268/25615",0.164179104477612,1.589360453966,3.29190796413416,0.00135309925149926,0.00795687770800728,0.00491088766791983,"Ncf1/Prkaca/Stx4a/Hif1a/Unc13b/Nr1d1/Eif2b2/Fkbp1b/Ctsl/Smarcb1/Pck2/Slc29a1/Ager/Slc12a6/Prkn/Selenos/Foxo3/Hmgcr/Fam3a/Ogt/Trpm4/Abcg1/Pde8b/Egr1/Smad3/Klf7/Thbs1/Gas6/Slc39a14/Arrb1/Lcn2/Pde4c/Rasal2/Serpinf1/Cacna1d/Map4k4/Ildr2/Trem2/Rab11fip5/Igf1/Birc5/Acvr2b/Zbtb20/Casp6",44
"GO:0030856","regulation of epithelial cell differentiation","31/2646","171/25615",0.181286549707602,1.75497164427824,3.36200674809677,0.00135380873830199,0.00795687770800728,0.00491088766791983,"Keap1/Ceacam1/Add1/Mmp9/Ptch1/Cd24a/Zfp800/Sox9/Tgfb2/Ncoa3/Mrtfa/Cldn5/S1pr2/Hey1/Cebpb/Klf7/Csf1r/Cdkn1c/Foxp4/Bmp4/Bmp2/Cav1/Maff/Spry1/Sgpp1/Numa1/Apold1/Smo/Stat1/Il1b/Acvrl1",31
"GO:0006140","regulation of nucleotide metabolic process","21/2646","101/25615",0.207920792079208,2.01280842369951,3.46147576035372,0.00136236447295541,0.00799253824133843,0.0049328969132286,"Prkaca/Hif1a/Mtor/Prkag2/Jmjd8/Atpsckmt/Prkn/Ddit4/Ogt/Src/Parp1/Stat3/Nupr1/Adora2b/Ppp2ca/Eif6/Cbfa2t3/Uchl1/Trem2/Igf1/Zbtb20",21
"GO:1900542","regulation of purine nucleotide metabolic process","21/2646","101/25615",0.207920792079208,2.01280842369951,3.46147576035372,0.00136236447295541,0.00799253824133843,0.0049328969132286,"Prkaca/Hif1a/Mtor/Prkag2/Jmjd8/Atpsckmt/Prkn/Ddit4/Ogt/Src/Parp1/Stat3/Nupr1/Adora2b/Ppp2ca/Eif6/Cbfa2t3/Uchl1/Trem2/Igf1/Zbtb20",21
"GO:0015844","monoamine transport","22/2646","108/25615",0.203703703703704,1.97198426695781,3.43561112651064,0.00140581444176105,0.0082324083626919,0.00508094182029959,"Htr7/Tgm2/Ly6e/Gabbr1/Syt7/Prkn/Adora2a/Myo5a/Tor1a/Rab3a/Adora2b/Cxcl12/P2ry12/Slc29a3/Ptgs1/Syt11/Slc18b1/Comt/Fcer1g/Sncg/Smpd3/Adora3",22
"GO:0019915","lipid storage","22/2646","108/25615",0.203703703703704,1.97198426695781,3.43561112651064,0.00140581444176105,0.0082324083626919,0.00508094182029959,"Lipa/Hilpda/Acacb/Ikbke/Asxl2/Ehd1/Rnf213/Zc3h12a/Ttc39b/Abcg1/Plin3/Cry2/Fabp4/Pparg/Soat2/Cav1/Pnpla2/Hexb/Hexa/Dgat2/Cry1/Trem2",22
"GO:0010042","response to manganese ion","7/2646","18/25615",0.388888888888889,3.76469723691946,3.98246415431018,0.00141487424455872,0.00824746712779777,0.00509023590606618,"Prkn/Sod2/Atp13a2/Slc11a2/Adam9/Tfrc/D2hgdh",7
"GO:0043312","neutrophil degranulation","7/2646","18/25615",0.388888888888889,3.76469723691946,3.98246415431018,0.00141487424455872,0.00824746712779777,0.00509023590606618,"Myo1f/Bcr/Anxa3/Itgam/Stxbp3/Pram1/Stx11",7
"GO:0070486","leukocyte aggregation","7/2646","18/25615",0.388888888888889,3.76469723691946,3.98246415431018,0.00141487424455872,0.00824746712779777,0.00509023590606618,"Sema4d/S100a8/Cd47/Thbs1/Stk10/Adam8/Il1b",7
"GO:0072109","glomerular mesangium development","7/2646","18/25615",0.388888888888889,3.76469723691946,3.98246415431018,0.00141487424455872,0.00824746712779777,0.00509023590606618,"Pdgfd/Egr1/Wt1/Cflar/C3ar1/Pdgfb/Bmp4",7
"GO:1900226","negative regulation of NLRP3 inflammasome complex assembly","7/2646","18/25615",0.388888888888889,3.76469723691946,3.98246415431018,0.00141487424455872,0.00824746712779777,0.00509023590606618,"Mefv/Abhd17a/Trim30a/Nlrc3/Irgm2/Trim65/Trem2",7
"GO:0014032","neural crest cell development","19/2646","88/25615",0.215909090909091,2.09014034906892,3.4768538856428,0.00141865678334629,0.00824746712779777,0.00509023590606618,"Hif1a/Sema6d/Sema4d/Tapt1/Sox9/Edn1/Efnb1/Sema6a/Sema4a/Sema6b/Sema3f/Pdcd6/Tcof1/Bmp4/Mapk3/Sema4c/Sema7a/Nrp1/Smo",19
"GO:0050672","negative regulation of lymphocyte proliferation","19/2646","88/25615",0.215909090909091,2.09014034906892,3.4768538856428,0.00141865678334629,0.00824746712779777,0.00509023590606618,"Cblb/Ceacam1/Cd274/Arg2/Cd80/Sdc4/Spn/Lyn/Peli1/Zc3h12d/Atm/Prnp/Cebpb/Glmn/Prdm1/Vsir/Arg1/Bmp4/Lst1",19
"GO:1902017","regulation of cilium assembly","19/2646","88/25615",0.215909090909091,2.09014034906892,3.4768538856428,0.00141865678334629,0.00824746712779777,0.00509023590606618,"Wdpcp/Syne2/Tapt1/Crocc/Rabep2/Rab10/Cdkl5/Hap1/Syne1/Fuz/Cdk10/Cntrob/Wrap73/Rab11fip3/Tbc1d30/Septin9/Sdccag8/Trim32/Rab29",19
"GO:0060070","canonical Wnt signaling pathway","51/2646","323/25615",0.157894736842105,1.52852369017783,3.24441732491501,0.00144282352672913,0.00837280789133508,0.00516759469333566,"Dact3/Tle3/Sox17/Tle2/Ptpro/Prkn/Foxo3/Jup/Ccdc88c/Wls/Mapk14/Fgf9/Ext1/Caprin2/Sdc1/Wnk1/Tle6/Src/Sox9/Edn1/Invs/Bcl9l/Csnk1d/Trpm4/Ttc21b/Sulf2/Snai1/Egr1/Tmem88/Bcl9/Lgr4/Smad3/Fuz/Ppp2ca/Otulin/Kpna1/Thra/Bmp2/Cav1/Cdk14/Tpbgl/Mllt3/Pin1/Plekha4/Frmd8/Jade1/Klf4/Sox13/Mcc/Cby1/Amer1",51
"GO:0099003","vesicle-mediated transport in synapse","51/2646","323/25615",0.157894736842105,1.52852369017783,3.24441732491501,0.00144282352672913,0.00837280789133508,0.00516759469333566,"Prkaca/Ap3s1/Scamp5/Stx4a/Dnm3/Unc13b/Cacna1a/Snx9/Cspg5/Eps15/Btbd8/Mdm2/Vamp1/Capn2/Cblb/Syt7/Tbc1d24/Prkn/Prkar1b/Nedd4/Snap47/Tor1a/Stxbp1/Rab3a/Hap1/Stxbp3/Syne1/Bin1/Ctbp2/Itsn1/Syt11/Mib2/Sh3glb2/Rapgef4/Mylk/Slc4a8/Stx2/Cacna1d/Atp6v0a1/Camk2a/Hip1/P2ry2/Rab11fip5/Sncg/Dnm1/Syp/Stx11/Atp6v0c/Slc17a5/Ophn1/Pld1",51
"GO:0035710","CD4-positive, alpha-beta T cell activation","26/2646","136/25615",0.191176470588235,1.85071250722511,3.3761649842972,0.00145927225231914,0.00846061818492612,0.00522179013327296,"Mtor/Ctsl/Jak2/Ccl19/Runx3/Relb/Gpr183/Ager/Cd274/Arg2/Malt1/Zc3h12a/Spn/Tbk1/Stat3/Sema4a/Bcl3/Cebpb/Tgfbr2/Cd81/Vsir/Stat4/Nlrp3/Batf/Ly9/Irf4",26
"GO:0032740","positive regulation of interleukin-17 production","9/2646","28/25615",0.321428571428571,3.11163751214772,3.79447135097063,0.00146728201801998,0.00848408612399674,0.00523627425842891,"Jak2/Osm/Slc7a5/Tyk2/Nod2/Sphk1/Il15/Ly9/Ccn1",9
"GO:0033003","regulation of mast cell activation","9/2646","28/25615",0.321428571428571,3.11163751214772,3.79447135097063,0.00146728201801998,0.00848408612399674,0.00523627425842891,"Cnr2/Tslp/Lyn/Cd84/Rabgef1/Cd300lb/Fer/Plscr1/Cd300lf",9
"GO:0060039","pericardium development","9/2646","28/25615",0.321428571428571,3.11163751214772,3.79447135097063,0.00146728201801998,0.00848408612399674,0.00523627425842891,"Ccm2/Epor/Rxra/Wt1/Smad3/Pdpn/Bmp2/Sos1/Mecom",9
"GO:0099173","postsynapse organization","53/2646","339/25615",0.156342182890855,1.51349395871098,3.23030547033299,0.00147639706607138,0.00852911398600946,0.00526406490450715,"Dnm3/Agrn/Kif2c/Rapsn/Rac3/Dip2a/Dock10/Sipa1l1/Slc7a11/Etv5/Eef2k/Caprin2/Arhgap12/Cadm1/Arhgef15/Cdkl5/Dbnl/S1pr2/Gna13/Actn1/Smad3/Prnp/Arhgap39/Sigmar1/Tsc2/Sema3f/Abhd17a/Fgfr1/Mink1/Arhgap22/Snx27/Abhd17b/Itsn1/Tanc2/Rapgef4/Ptpn1/Fcgr2b/Dlg3/Epha4/Ppp1r9a/Sema4c/Palm/Dbn1/Trem2/Nrp1/Nf1/Sorbs1/Trim47/Myh10/Zmynd8/Psen2/Ophn1/Rps6ka5",53
"GO:1903169","regulation of calcium ion transmembrane transport","31/2646","172/25615",0.180232558139535,1.744768320765,3.32631855559108,0.00149132488642354,0.00860651622879492,0.00531183662270032,"Chd7/Fkbp1b/Ubash3b/Pde4d/P2ry6/Aplnr/Gpr35/Adrb1/Asph/Tgfb2/Lyn/Fbxo11/Clec4b1/Bcl2/Prnp/Kcnn4/Bin1/Cd4/Pde4b/Bmp4/Cav1/Pml/Cxcl10/Cacna1d/Slc25a23/Slc8a1/Tmem38b/Cx3cl1/Prkd1/Plcg1/Psen2",31
"GO:0032273","positive regulation of protein polymerization","20/2646","95/25615",0.210526315789474,2.03803158690377,3.44028653295547,0.00149415817763316,0.00860651622879492,0.00531183662270032,"Mtor/Snx9/Tppp3/Gda/Vasp/Cdc42ep3/Togaram1/Cdc42ep1/Nav3/Mrtfa/Evl/Bin1/Cav1/Tppp/Ccl24/Numa1/Ska1/Cdc42ep5/Fer/Cdc42ep2",20
"GO:0070664","negative regulation of leukocyte proliferation","20/2646","95/25615",0.210526315789474,2.03803158690377,3.44028653295547,0.00149415817763316,0.00860651622879492,0.00531183662270032,"Ccl12/Cblb/Ceacam1/Cd274/Arg2/Cd80/Sdc4/Spn/Lyn/Peli1/Zc3h12d/Atm/Prnp/Cebpb/Glmn/Prdm1/Vsir/Arg1/Bmp4/Lst1",20
"GO:0032623","interleukin-2 production","16/2646","69/25615",0.231884057971014,2.24478841456067,3.51415738345311,0.00149783392649326,0.00860651622879492,0.00531183662270032,"Pde4d/Hdac7/Ceacam1/Cd28/Nav3/Malt1/Clec2i/Nod2/Prnp/Glmn/Tnfaip3/Traf6/Pde4b/Fcer1g/Irf4/Il1b",16
"GO:0032663","regulation of interleukin-2 production","16/2646","69/25615",0.231884057971014,2.24478841456067,3.51415738345311,0.00149783392649326,0.00860651622879492,0.00531183662270032,"Pde4d/Hdac7/Ceacam1/Cd28/Nav3/Malt1/Clec2i/Nod2/Prnp/Glmn/Tnfaip3/Traf6/Pde4b/Fcer1g/Irf4/Il1b",16
"GO:1903307","positive regulation of regulated secretory pathway","16/2646","69/25615",0.231884057971014,2.24478841456067,3.51415738345311,0.00149783392649326,0.00860651622879492,0.00531183662270032,"Scamp5/Stx4a/Syt7/Rab3d/Hyal3/Stxbp1/Unc13d/Ighm/Rab3a/Itgam/Adora2b/Pld2/Slc4a8/Cacna1d/Fcer1g/Adora3",16
"GO:0015802","basic amino acid transport","8/2646","23/25615",0.347826086956522,3.36718262184101,3.85483813760497,0.00151189035131025,0.0086149033137442,0.00531701302901931,"Slc7a6/Slc25a15/Slc15a4/Slc7a1/Slc7a5/Tmem44/Slc3a2/Slc38a9",8
"GO:0038093","Fc receptor signaling pathway","8/2646","23/25615",0.347826086956522,3.36718262184101,3.85483813760497,0.00151189035131025,0.0086149033137442,0.00531701302901931,"Fcgr4/Appl2/Lck/Clec4e/Fcgr2b/Clec4d/Fcer1g/Fer",8
"GO:0061709","reticulophagy","8/2646","23/25615",0.347826086956522,3.36718262184101,3.85483813760497,0.00151189035131025,0.0086149033137442,0.00531701302901931,"Snx30/Ulk3/Sting1/Retreg1/Ufm1/Ulk2/Atg9a/Retreg2",8
"GO:0090050","positive regulation of cell migration involved in sprouting angiogenesis","8/2646","23/25615",0.347826086956522,3.36718262184101,3.85483813760497,0.00151189035131025,0.0086149033137442,0.00531701302901931,"Hdac7/Rhoj/Nus1/Jcad/Ptgs2/Akt3/Nrp1/Kdr",8
"GO:0002369","T cell cytokine production","11/2646","39/25615",0.282051282051282,2.73043975424928,3.6705830461033,0.00151270406878945,0.0086149033137442,0.00531701302901931,"Tnfrsf1b/Malt1/Hfe/Trpm4/Cd81/Traf6/Il1r1/Vsir/Arg1/Nlrp3/Il1b",11
"GO:0002724","regulation of T cell cytokine production","11/2646","39/25615",0.282051282051282,2.73043975424928,3.6705830461033,0.00151270406878945,0.0086149033137442,0.00531701302901931,"Tnfrsf1b/Malt1/Hfe/Trpm4/Cd81/Traf6/Il1r1/Vsir/Arg1/Nlrp3/Il1b",11
"GO:0003203","endocardial cushion morphogenesis","11/2646","39/25615",0.282051282051282,2.73043975424928,3.6705830461033,0.00151270406878945,0.0086149033137442,0.00531701302901931,"Mdm2/Aplnr/Dchs1/Sox9/Tgfb2/Snai1/Hey1/Eng/Tgfbr2/Bmp2/Acvrl1",11
"GO:0032967","positive regulation of collagen biosynthetic process","11/2646","39/25615",0.282051282051282,2.73043975424928,3.6705830461033,0.00151270406878945,0.0086149033137442,0.00531701302901931,"Acvr1b/Suco/Cbx8/Mrtfa/Prdx5/Eng/Ccn2/Rgcc/Pdgfb/Tgfb3/Bmp4",11
"GO:0033028","myeloid cell apoptotic process","11/2646","39/25615",0.282051282051282,2.73043975424928,3.6705830461033,0.00151270406878945,0.0086149033137442,0.00531701302901931,"Lipa/Mef2c/Ccr5/Selenos/Slc7a11/Nod2/Itgam/Bcl2/St6gal1/Thra/Fcer1g",11
"GO:0051503","adenine nucleotide transport","11/2646","39/25615",0.282051282051282,2.73043975424928,3.6705830461033,0.00151270406878945,0.0086149033137442,0.00531701302901931,"Slc25a25/Gja1/Lrrc8a/Cd47/Slc25a24/Slc46a2/Slc17a9/Slc25a23/Calhm2/Slc35b1/Abcc4",11
"GO:0055123","digestive system development","30/2646","165/25615",0.181818181818182,1.76011818868962,3.32461823205204,0.00152814437516963,0.00868743315583162,0.0053617775610549,"Hif1a/Npr2/Wdpcp/Sox17/Id2/Filip1l/Cela1/Rcbtb2/Dchs1/Wls/Fgf9/Ext1/Src/Tgfb2/Ass1/Ccnb1/Bcl2/Lgr4/Smad3/Pdgfa/Pdgfc/Cdkn1c/Prdm1/Foxp4/Stx2/Ift172/Igf1/Smo/Col3a1/Acvr2b",30
"GO:1902850","microtubule cytoskeleton organization involved in mitosis","30/2646","165/25615",0.181818181818182,1.76011818868962,3.32461823205204,0.00152814437516963,0.00868743315583162,0.0053617775610549,"Sass6/Gnai1/Kif15/Tacc3/Spice1/Map4/Cdca8/Dlgap5/Kif11/Cdc20/Gja1/Ccnb1/Arhgef10/Tpx2/Nek2/Wrap73/Cenpa/Cdk1/Chek2/Cenpe/Spry1/Numa1/Rcc1/Aurka/Inppl1/Birc5/Nusap1/Kif4/Ccdc61/Ckap2l",30
"GO:1903034","regulation of response to wounding","33/2646","187/25615",0.176470588235294,1.70835000666933,3.29970551675395,0.00154510191085494,0.00877606956262791,0.00541648286796524,"Alox5/Hif1a/Mtor/Fkbp1b/Ubash3b/Vegfb/Hpse/Ceacam1/Pros1/Cd24a/Inpp5f/Emilin2/St3gal4/Src/Neo1/Stat3/Smad3/Vkorc1/Pdgfa/Thbs1/C1qtnf1/Plaur/Pdgfb/Cav1/Mylk/Epha4/Serpine2/Slc12a2/Plau/Rtn4rl1/Xylt1/Klf4/Plcg1",33
"GO:0071902","positive regulation of protein serine/threonine kinase activity","21/2646","102/25615",0.205882352941176,1.99307500778089,3.41086045835673,0.00155160649066121,0.00879745816064219,0.00542968364923611,"Pik3r6/Ager/Ceacam1/Map3k4/Sash1/Src/C1qtnf9/Map3k5/Higd1a/Pik3r5/Gab1/Il1rn/Map2k6/Fgfr1/Taok3/Pdgfb/Pim1/Irgm2/Fgd4/Fgd2/Il1b",21
"GO:0120162","positive regulation of cold-induced thermogenesis","21/2646","102/25615",0.205882352941176,1.99307500778089,3.41086045835673,0.00155160649066121,0.00879745816064219,0.00542968364923611,"Jak2/Adrb1/Ogt/Appl2/Gja1/Il4ra/Cebpb/Hadh/Pdgfc/Scd1/Fabp4/Decr1/G0s2/Thra/Cav1/Lcn2/Lpin1/Gatm/Per2/Oma1/Irf4",21
"GO:0019722","calcium-mediated signaling","41/2646","247/25615",0.165991902834008,1.60690952044335,3.25305863240824,0.00156289116746637,0.00885362686049733,0.00546435028426106,"Mtor/Fkbp1b/Ccrl2/Ackr3/Camta1/Ccr5/Sco1/L1cam/Fpr2/Edn1/Ramp3/Rcan1/Tmbim4/Trpm4/Itpr2/Gna15/Hap1/Ccl3/Tpcn1/Prnp/Chp2/Sphk1/Cd4/C3ar1/P2ry12/Cacna1d/Irgm2/Slc8a1/Ppp1r9a/Atp1a3/Tmem38b/Cx3cr1/Trpm2/Trem2/Prkd1/Igf1/Plcg1/Kdr/Itpr1/Nfatc1/Adora3",41
"GO:0016601","Rac protein signal transduction","15/2646","63/25615",0.238095238095238,2.30491667566498,3.51968003779551,0.00156724928537507,0.00886268433912802,0.00546994044936629,"Eps8/Agrn/Ccl19/Rac3/Dock2/Ogt/Src/Arhgap24/Cdkl5/Dbnl/Aif1/Ssx2ip/Rhou/Als2/Nf1",15
"GO:0072577","endothelial cell apoptotic process","15/2646","63/25615",0.238095238095238,2.30491667566498,3.51968003779551,0.00156724928537507,0.00886268433912802,0.00546994044936629,"Ramp2/Angptl4/Cd40/Ager/Foxo3/Thbs1/Tnfaip3/Gas6/Rgcc/Tek/Bmp4/Tnip2/Ptpn1/Plcg1/Kdr",15
"GO:0030111","regulation of Wnt signaling pathway","53/2646","340/25615",0.155882352941176,1.50904250589125,3.20708524108988,0.00157714705282513,0.00891081149283083,0.00549964394039436,"Tlr2/Dact3/Tle3/Plpp3/Sox17/Tle2/Ptpro/Prkn/Foxo3/Ccdc88c/Wls/Mapk14/Cmah/Fgf9/Caprin2/Wnk1/Tle6/Src/Rnf213/Sox9/Invs/Csnk1d/Trpm4/Ttc21b/Sulf2/Egr1/Tmem88/Lgr4/Smad3/Tsc2/Fuz/Ppp2ca/Wwox/Otulin/Lbx2/Kpna1/Hic1/Thra/Bmp2/Cav1/Cdk14/Alpk2/Tpbgl/Mllt3/Pin1/Plekha4/Frmd8/Jade1/Atp6v0c/Sox13/Mcc/Cby1/Amer1",53
"GO:0071322","cellular response to carbohydrate stimulus","37/2646","217/25615",0.170506912442396,1.65061774837943,3.26677025455568,0.00158694408024901,0.00895828538797858,0.00552894424822674,"Ncf1/Prkaca/Stx4a/Hif1a/Unc13b/Nr1d1/Calcrl/Fkbp1b/Rps6ka2/Smarcb1/Pck2/Slc29a1/Keap1/Ager/Slc12a6/Prkn/Foxo3/Hmgcr/Ogt/Trpm4/Abcg1/Pde8b/Smad3/Klf7/Gas6/Slc39a14/Arrb1/Mapk13/Pde4c/Serpinf1/Cacna1d/Map4k4/Trem2/Rab11fip5/Igf1/Birc5/Zbtb20",37
"GO:0032368","regulation of lipid transport","28/2646","151/25615",0.185430463576159,1.7950874242265,3.32584973753499,0.00158942353622914,0.00896440456254259,0.00553272092797563,"Lipg/Abca2/Abca8a/Gdf9/Ptch1/Tnfrsf11a/Surf4/Nus1/Ptges/Edn1/Ttc39b/Abcg1/Eepd1/Thbs1/Map2k6/C1qtnf1/Cry2/Pparg/Furin/Cav1/Abcb4/Mapk3/Pltp/Acsl4/Cry1/Trem2/P2ry2/Il1b",28
"GO:0006862","nucleotide transport","12/2646","45/25615",0.266666666666667,2.58150667674477,3.60391468357732,0.00160169728968515,0.00900989788873677,0.0055607988528575,"Slc25a33/Slc25a25/Gja1/Lrrc8a/Cd47/Slc25a24/Slc46a2/Slc17a9/Slc25a23/Calhm2/Slc35b1/Abcc4",12
"GO:0032733","positive regulation of interleukin-10 production","12/2646","45/25615",0.266666666666667,2.58150667674477,3.60391468357732,0.00160169728968515,0.00900989788873677,0.0055607988528575,"Tlr2/Tslp/Cd274/Lilra5/Cd28/Hgf/Stat3/Nod2/Bcl3/Trem2/Fcer1g/Irf4",12
"GO:0050922","negative regulation of chemotaxis","12/2646","45/25615",0.266666666666667,2.58150667674477,3.60391468357732,0.00160169728968515,0.00900989788873677,0.0055607988528575,"Cxcl13/Tnfaip6/C5ar2/Padi2/Aif1/Thbs1/Sema3f/Rin3/Nbl1/St6gal1/Nrp1/Gpr18",12
"GO:0043114","regulation of vascular permeability","14/2646","57/25615",0.245614035087719,2.3777035180544,3.53420991543325,0.00161497408121032,0.00907663473114181,0.00560198801629444,"Ramp2/Bcr/Arpin/Ceacam1/Adora2a/Hrh1/Akap12/Cldn5/Ccl4/Pde2a/Trpv4/Adm/Npr1/Capn1",14
"GO:0007040","lysosome organization","23/2646","116/25615",0.198275862068966,1.91943923163135,3.36862780890823,0.0016190725551507,0.00908377475483679,0.00560639475164957,"Mtor/Lipa/Rab39/Syt7/Slc7a11/Idua/Aktip/Naglu/Cln6/Tpp1/Tmem175/Gaa/Rab20/Ap5z1/Irgm2/Hexb/Hexa/Gnptab/Tfeb/Cln8/Myo7a/Atp6v0c/Rab7b",23
"GO:0080171","lytic vacuole organization","23/2646","116/25615",0.198275862068966,1.91943923163135,3.36862780890823,0.0016190725551507,0.00908377475483679,0.00560639475164957,"Mtor/Lipa/Rab39/Syt7/Slc7a11/Idua/Aktip/Naglu/Cln6/Tpp1/Tmem175/Gaa/Rab20/Ap5z1/Irgm2/Hexb/Hexa/Gnptab/Tfeb/Cln8/Myo7a/Atp6v0c/Rab7b",23
"GO:0006509","membrane protein ectodomain proteolysis","13/2646","51/25615",0.254901960784314,2.46761667630015,3.56078621670844,0.00163073720578323,0.00910138929782968,0.00561726623228987,"Snx9/Tspan17/Timp2/Tnfrsf1b/Timp3/Sh3d19/Adam9/Timp4/Adam19/Adam8/Il1b/Psen2/Timp1",13
"GO:0010543","regulation of platelet activation","13/2646","51/25615",0.254901960784314,2.46761667630015,3.56078621670844,0.00163073720578323,0.00910138929782968,0.00561726623228987,"Ubash3b/Jak2/Ceacam1/Emilin2/Lyn/Pdgfa/C1qtnf1/Pdpn/Pdgfb/Serpine2/Pear1/Fcer1g/Tec",13
"GO:0032924","activin receptor signaling pathway","13/2646","51/25615",0.254901960784314,2.46761667630015,3.56078621670844,0.00163073720578323,0.00910138929782968,0.00561726623228987,"Dand5/Acvr1b/Tgif1/Ski/Fgf9/Inhbb/Smad3/Tgfbr2/Lefty1/Acvr2a/Smad6/Acvrl1/Acvr2b",13
"GO:0035850","epithelial cell differentiation involved in kidney development","13/2646","51/25615",0.254901960784314,2.46761667630015,3.56078621670844,0.00163073720578323,0.00910138929782968,0.00561726623228987,"Ptpro/Mef2c/Mtss1/Mmp9/Cd24a/Ext1/Edn1/Wt1/Podxl/Pdgfb/Basp1/Smo/Stat1",13
"GO:1902041","regulation of extrinsic apoptotic signaling pathway via death domain receptors","13/2646","51/25615",0.254901960784314,2.46761667630015,3.56078621670844,0.00163073720578323,0.00910138929782968,0.00561726623228987,"Stx4a/Itprip/Sp100/Hgf/Tmc8/Pea15a/Thbs1/Tnfaip3/Rffl/Cflar/Csprs/Atf3/Psen2",13
"GO:0032945","negative regulation of mononuclear cell proliferation","19/2646","89/25615",0.213483146067416,2.06665562604567,3.42129425316075,0.00163212958765563,0.00910138929782968,0.00561726623228987,"Cblb/Ceacam1/Cd274/Arg2/Cd80/Sdc4/Spn/Lyn/Peli1/Zc3h12d/Atm/Prnp/Cebpb/Glmn/Prdm1/Vsir/Arg1/Bmp4/Lst1",19
"GO:0051937","catecholamine transport","19/2646","89/25615",0.213483146067416,2.06665562604567,3.42129425316075,0.00163212958765563,0.00910138929782968,0.00561726623228987,"Tgm2/Ly6e/Gabbr1/Syt7/Prkn/Adora2a/Myo5a/Tor1a/Rab3a/Adora2b/Cxcl12/P2ry12/Slc29a3/Ptgs1/Syt11/Comt/Sncg/Smpd3/Adora3",19
"GO:0014009","glial cell proliferation","17/2646","76/25615",0.223684210526316,2.16540856108525,3.45339006149209,0.00164985590345692,0.0091842931748763,0.00566843349190494,"Mtor/Ski/Etv5/Fgf9/Lyn/Slc7a5/Nfix/Cysltr1/Idh2/Csf1r/Nfia/Fas/Cx3cl1/Trem2/E2f1/Igf1/Il1b",17
"GO:0051898","negative regulation of phosphatidylinositol 3-kinase/protein kinase B signal transduction","17/2646","76/25615",0.223684210526316,2.16540856108525,3.45339006149209,0.00164985590345692,0.0091842931748763,0.00566843349190494,"Rubcn/Phlda3/Fkbp5/Cavin3/Hyal2/Sco1/Tsc2/Plekha1/Ppp2ca/Pdcd6/Ptpn1/Bank1/Nlrc3/Serpine2/Trem2/Klf4/Smpd3",17
"GO:0009749","response to glucose","43/2646","263/25615",0.163498098859316,1.5827678769015,3.22425917649804,0.00165368007401209,0.00919761107831486,0.00567665313912826,"Ncf1/Prkaca/Stx4a/Hif1a/Unc13b/Nr1d1/Eif2b2/Fkbp1b/Ctsl/Smarcb1/Pck2/Slc29a1/Ager/Slc12a6/Prkn/Selenos/Foxo3/Hmgcr/Fam3a/Ogt/Trpm4/Abcg1/Pde8b/Egr1/Smad3/Klf7/Thbs1/Gas6/Slc39a14/Arrb1/Pde4c/Rasal2/Serpinf1/Cacna1d/Map4k4/Ildr2/Trem2/Rab11fip5/Igf1/Birc5/Acvr2b/Zbtb20/Casp6",43
"GO:0042147","retrograde transport, endosome to Golgi","20/2646","96/25615",0.208333333333333,2.01680209120685,3.38768327443501,0.00170742212855874,0.00948830428534716,0.00585606543349172,"Tmem87b/Golt1b/Snx5/Snx6/Rab6b/Vti1a/Pheta2/Plekha3/Tbc1d17/Arl1/Rab4b/Sgsm2/Tbc1d5/Evi5/Heatr5b/Snx2/Ap5z1/Stx16/Rab29/Rab7b",20
"GO:1903038","negative regulation of leukocyte cell-cell adhesion","29/2646","159/25615",0.182389937106918,1.76565315154713,3.28698811773832,0.00172474221006828,0.00955373181534408,0.00589644650531352,"Runx3/Cblb/Ceacam1/Cd274/Arg2/Cd80/Adora2a/Sdc4/Wnk1/Zc3h12a/Spn/Hfe/Ass1/Peli1/Zc3h12d/Prnp/Cebpb/Glmn/Cxcl12/Vsir/Arg1/Dusp22/Zc3h8/Bmp4/Mapk3/Ildr2/Adam8/Tnfaip8l2/Klf4",29
"GO:0006505","GPI anchor metabolic process","10/2646","34/25615",0.294117647058824,2.84725001111556,3.65821272555689,0.00173476440276732,0.00955373181534408,0.00589644650531352,"Pgap1/Pigc/Pigv/Pigp/Pigh/Pigz/Mppe1/Pigg/Pigq/Pigu",10
"GO:0062125","regulation of mitochondrial gene expression","10/2646","34/25615",0.294117647058824,2.84725001111556,3.65821272555689,0.00173476440276732,0.00955373181534408,0.00589644650531352,"Alkbh1/Mterf3/Fastkd3/Mtg1/Malsu1/Mettl8/Coa3/Tefm/Ngrn/Rbfox2",10
"GO:1903715","regulation of aerobic respiration","10/2646","34/25615",0.294117647058824,2.84725001111556,3.65821272555689,0.00173476440276732,0.00955373181534408,0.00589644650531352,"Slc25a33/Abcd1/Pde2a/Iscu/Nupr1/Trpv4/Ide/Cbfa2t3/Slc25a23/Tefm",10
"GO:2001234","negative regulation of apoptotic signaling pathway","42/2646","256/25615",0.1640625,1.5882316468254,3.21044242083021,0.00173775055626022,0.00955373181534408,0.00589644650531352,"Hif1a/Itprip/Ackr3/Mdm2/Prkn/Selenos/Mmp9/Eya4/Sod2/Hgf/Src/Mrtfa/Stat3/Higd1a/Snai1/Bcl2/Ptgs2/Cdkn2d/Herpud1/Pea15a/Bok/Tnfaip3/Rffl/Cxcl12/Cflar/Unc5b/Tmem14a/Plaur/Acaa2/Bcl2l12/Bmp4/Ptpn1/Cx3cl1/Cx3cr1/Sgk3/Igf1/Nrp1/Klf4/Il1b/Psen2/Trim32/Asah2",42
"GO:0001660","fever generation","6/2646","14/25615",0.428571428571429,4.14885001619695,3.99990896115398,0.0017415037291046,0.00955373181534408,0.00589644650531352,"Ccr5/Tnfrsf11a/Ptges/Ptgs2/Il1rn/Il1b",6
"GO:0006104","succinyl-CoA metabolic process","6/2646","14/25615",0.428571428571429,4.14885001619695,3.99990896115398,0.0017415037291046,0.00955373181534408,0.00589644650531352,"Mmut/Mcee/Nudt7/Pcca/Dld/Dlst",6
"GO:0006828","manganese ion transport","6/2646","14/25615",0.428571428571429,4.14885001619695,3.99990896115398,0.0017415037291046,0.00955373181534408,0.00589644650531352,"Mmgt2/Hrh1/Slc11a2/Slc39a14/Trpm2/Slc39a8",6
"GO:0006924","activation-induced cell death of T cells","6/2646","14/25615",0.428571428571429,4.14885001619695,3.99990896115398,0.0017415037291046,0.00955373181534408,0.00589644650531352,"Ripk3/Tsc22d3/Fadd/Tgfb2/Cd47/Fas",6
"GO:0030949","positive regulation of vascular endothelial growth factor receptor signaling pathway","6/2646","14/25615",0.428571428571429,4.14885001619695,3.99990896115398,0.0017415037291046,0.00955373181534408,0.00589644650531352,"Hif1a/Vegfb/Fgf9/Tek/Bmp4/Kdr",6
"GO:0032308","positive regulation of prostaglandin secretion","6/2646","14/25615",0.428571428571429,4.14885001619695,3.99990896115398,0.0017415037291046,0.00955373181534408,0.00589644650531352,"Tnfrsf11a/Ptges/Edn1/Map2k6/P2ry2/Il1b",6
"GO:0032621","interleukin-18 production","6/2646","14/25615",0.428571428571429,4.14885001619695,3.99990896115398,0.0017415037291046,0.00955373181534408,0.00589644650531352,"Tlr2/Usp50/Gsdmd/Nod2/Cd84/Nlrp3",6
"GO:0032661","regulation of interleukin-18 production","6/2646","14/25615",0.428571428571429,4.14885001619695,3.99990896115398,0.0017415037291046,0.00955373181534408,0.00589644650531352,"Tlr2/Usp50/Gsdmd/Nod2/Cd84/Nlrp3",6
"GO:0035791","platelet-derived growth factor receptor-beta signaling pathway","6/2646","14/25615",0.428571428571429,4.14885001619695,3.99990896115398,0.0017415037291046,0.00955373181534408,0.00589644650531352,"Src/Pdgfa/Glrx/Pdgfb/Ptpn1/Hip1",6
"GO:0036005","response to macrophage colony-stimulating factor","6/2646","14/25615",0.428571428571429,4.14885001619695,3.99990896115398,0.0017415037291046,0.00955373181534408,0.00589644650531352,"Tlr2/Dok1/Pde2a/Csf1r/Trem2/Fer",6
"GO:0090174","organelle membrane fusion","28/2646","152/25615",0.184210526315789,1.7832776385408,3.28734523504175,0.00176013458377959,0.00964770014180894,0.00595444260787356,"Stx4a/Rab39/Vamp1/Syt7/Vti1a/Pip4k2b/Atp13a2/Septin8/Snap47/Rab4b/Eea1/Stxbp1/Cav2/Rab3a/Stxbp6/Tmem175/Rab20/Sphk1/Syt11/Gosr2/Stx2/Samd9l/Znrf1/Ankrd27/Stx12/Stx11/Stx16/Rab7b",28
"GO:0060828","regulation of canonical Wnt signaling pathway","43/2646","264/25615",0.162878787878788,1.57677254403445,3.19721302114496,0.00178224436401479,0.00976056077956607,0.00602409881405068,"Dact3/Tle3/Sox17/Tle2/Ptpro/Prkn/Foxo3/Ccdc88c/Wls/Mapk14/Fgf9/Caprin2/Wnk1/Tle6/Src/Sox9/Invs/Csnk1d/Trpm4/Ttc21b/Sulf2/Egr1/Tmem88/Lgr4/Smad3/Fuz/Ppp2ca/Otulin/Kpna1/Thra/Bmp2/Cav1/Cdk14/Tpbgl/Mllt3/Pin1/Plekha4/Frmd8/Jade1/Sox13/Mcc/Cby1/Amer1",43
"GO:0009799","specification of symmetry","27/2646","145/25615",0.186206896551724,1.80260380014075,3.28952596673306,0.0017896967148356,0.0097846908051948,0.00603899157093791,"Hif1a/Dand5/Sox17/Tgif1/Mef2c/Ift57/Aplnr/Kif3a/Tbc1d32/Map3k4/Gja1/Invs/Dync2h1/Asb2/Tmem107/Smad3/Eng/Tgfbr2/Lefty1/Nbl1/Acvr2a/Aida/Tmed2/Ift172/Ap1b1/Smo/Acvr2b",27
"GO:0009855","determination of bilateral symmetry","27/2646","145/25615",0.186206896551724,1.80260380014075,3.28952596673306,0.0017896967148356,0.0097846908051948,0.00603899157093791,"Hif1a/Dand5/Sox17/Tgif1/Mef2c/Ift57/Aplnr/Kif3a/Tbc1d32/Map3k4/Gja1/Invs/Dync2h1/Asb2/Tmem107/Smad3/Eng/Tgfbr2/Lefty1/Nbl1/Acvr2a/Aida/Tmed2/Ift172/Ap1b1/Smo/Acvr2b",27
"GO:0032526","response to retinoic acid","22/2646","110/25615",0.2,1.93613000755858,3.33950750665069,0.00180028396097481,0.00983420422219571,0.00606955064672986,"Rarg/Mef2c/Sp100/Add1/Ptch1/Gdap2/Sox9/Lyn/Htra2/Rxra/Acer2/Atm/Cdkn2d/Adh1/Lefty1/Csprs/Tfrc/Tek/Serpinf1/Aqp1/Rbfox2/Klf4",22
"GO:0032609","type II interferon production","24/2646","124/25615",0.193548387096774,1.87367420086314,3.31001145046942,0.00182999205731779,0.00997951525994016,0.006159234843152,"Irf8/Ripk3/Jak2/Ufsp2/Pde4d/Axl/Cd274/Cd27/Fadd/Zc3h12a/Slc7a5/Tnfsf9/Tyk2/Nod2/Bcl3/Prnp/Cd47/Cd14/Gas6/Il1r1/Vsir/Pde4b/Ticam2/Il1b",24
"GO:0032649","regulation of type II interferon production","24/2646","124/25615",0.193548387096774,1.87367420086314,3.31001145046942,0.00182999205731779,0.00997951525994016,0.006159234843152,"Irf8/Ripk3/Jak2/Ufsp2/Pde4d/Axl/Cd274/Cd27/Fadd/Zc3h12a/Slc7a5/Tnfsf9/Tyk2/Nod2/Bcl3/Prnp/Cd47/Cd14/Gas6/Il1r1/Vsir/Pde4b/Ticam2/Il1b",24
"GO:0046456","icosanoid biosynthetic process","15/2646","64/25615",0.234375,2.26890235260771,3.44966416467539,0.00185471543530864,0.0101057607772881,0.00623715203341501,"Alox5/Tbxas1/Daglb/Sco1/Ptges/Edn1/Ggt5/Ptgs2/Sigmar1/Sphk1/Ptgs1/Ltc4s/Mgst3/Prxl2b/Il1b",15
"GO:0002791","regulation of peptide secretion","45/2646","280/25615",0.160714285714286,1.55581875607386,3.17405419604463,0.00186032947789052,0.0101277598016684,0.006250729562378,"Chd7/Alox5/Stx4a/Clcf1/Hif1a/Nr1d1/Fkbp1b/Jak2/Cd38/Pck2/Gabbr1/Serp1/Syt7/Prkn/S100a8/Hmgcr/Inhbb/Gja1/Lrrc8a/Hfe/Trpm4/Cpt1a/Abcg1/Pde8b/Hadh/Klf7/Arrb1/Pparg/Itsn1/Glrx/Slc16a1/Sirt4/Pde4c/Rapgef4/Cacna1d/Per2/Map4k4/Acsl4/Trpm2/Psmd9/Prkd1/Rab8b/Gna11/Birc5/Il1b",45
"GO:0045744","negative regulation of G protein-coupled receptor signaling pathway","19/2646","90/25615",0.211111111111111,2.04369278575628,3.36646140252335,0.0018721830450988,0.0101584652633271,0.00626968059801423,"Rgs18/Pde4d/Rgs14/Aplnr/Rgs2/Grk6/Mrap/Pde2a/Padi2/Pld2/Aplp1/Arrb1/Pde4b/Adm/Rgs1/Crtc3/Palm/Cry1/Dnm1",19
"GO:0002604","regulation of dendritic cell antigen processing and presentation","5/2646","10/25615",0.5,4.84032501889645,4.12257124952811,0.00188968959988729,0.0101584652633271,0.00626968059801423,"Ccl19/Nod1/Nod2/Cd68/Thbs1",5
"GO:0009215","purine deoxyribonucleoside triphosphate metabolic process","5/2646","10/25615",0.5,4.84032501889645,4.12257124952811,0.00188968959988729,0.0101584652633271,0.00626968059801423,"Ak3/Samhd1/Dguok/Guk1/Nudt16",5
"GO:0034238","macrophage fusion","5/2646","10/25615",0.5,4.84032501889645,4.12257124952811,0.00188968959988729,0.0101584652633271,0.00626968059801423,"Dnmt1/Adam9/Cd81/Trem2/Stat1",5
"GO:0035434","copper ion transmembrane transport","5/2646","10/25615",0.5,4.84032501889645,4.12257124952811,0.00188968959988729,0.0101584652633271,0.00626968059801423,"Mmgt2/Atox1/Slc11a2/Slc46a3/Slc31a2",5
"GO:0035443","tripeptide transmembrane transport","5/2646","10/25615",0.5,4.84032501889645,4.12257124952811,0.00188968959988729,0.0101584652633271,0.00626968059801423,"Slc15a2/Slc7a11/Gja1/Slc13a3/Abcc4",5
"GO:0070391","response to lipoteichoic acid","5/2646","10/25615",0.5,4.84032501889645,4.12257124952811,0.00188968959988729,0.0101584652633271,0.00626968059801423,"Tlr2/Mapk14/Cd14/Lbp/Trem2",5
"GO:0071223","cellular response to lipoteichoic acid","5/2646","10/25615",0.5,4.84032501889645,4.12257124952811,0.00188968959988729,0.0101584652633271,0.00626968059801423,"Tlr2/Mapk14/Cd14/Lbp/Trem2",5
"GO:0071609","chemokine (C-C motif) ligand 5 production","5/2646","10/25615",0.5,4.84032501889645,4.12257124952811,0.00188968959988729,0.0101584652633271,0.00626968059801423,"Mavs/Arg2/Trpv4/Oas3/Ticam2",5
"GO:0071612","IP-10 production","5/2646","10/25615",0.5,4.84032501889645,4.12257124952811,0.00188968959988729,0.0101584652633271,0.00626968059801423,"Oas1a/Mavs/Oas1c/Oas1g/Oas3",5
"GO:0071649","regulation of chemokine (C-C motif) ligand 5 production","5/2646","10/25615",0.5,4.84032501889645,4.12257124952811,0.00188968959988729,0.0101584652633271,0.00626968059801423,"Mavs/Arg2/Trpv4/Oas3/Ticam2",5
"GO:0071658","regulation of IP-10 production","5/2646","10/25615",0.5,4.84032501889645,4.12257124952811,0.00188968959988729,0.0101584652633271,0.00626968059801423,"Oas1a/Mavs/Oas1c/Oas1g/Oas3",5
"GO:0071888","macrophage apoptotic process","5/2646","10/25615",0.5,4.84032501889645,4.12257124952811,0.00188968959988729,0.0101584652633271,0.00626968059801423,"Mef2c/Ccr5/Selenos/Nod2/St6gal1",5
"GO:1901724","positive regulation of cell proliferation involved in kidney development","5/2646","10/25615",0.5,4.84032501889645,4.12257124952811,0.00188968959988729,0.0101584652633271,0.00626968059801423,"Pdgfd/Egr1/Cflar/C3ar1/Pdgfb",5
"GO:1903596","regulation of gap junction assembly","5/2646","10/25615",0.5,4.84032501889645,4.12257124952811,0.00188968959988729,0.0101584652633271,0.00626968059801423,"Aplnr/Hopx/Ace/Cav1/Il1b",5
"GO:0015865","purine nucleotide transport","11/2646","40/25615",0.275,2.66217876039305,3.57077496826368,0.00189432312004436,0.0101748593003052,0.00627979879725988,"Slc25a25/Gja1/Lrrc8a/Cd47/Slc25a24/Slc46a2/Slc17a9/Slc25a23/Calhm2/Slc35b1/Abcc4",11
"GO:0046578","regulation of Ras protein signal transduction","14/2646","58/25615",0.241379310344828,2.33670862981208,3.45906235415719,0.0019296678245629,0.0103387707297682,0.00638096292810621,"Sh2b2/Timp2/Rasa2/Ppp2cb/Src/Tgfb2/Spry4/Lztr1/Rabgef1/Spry1/Sos1/Igf1/Nf1/Rasa3",14
"GO:0048278","vesicle docking","14/2646","58/25615",0.241379310344828,2.33670862981208,3.45906235415719,0.0019296678245629,0.0103387707297682,0.00638096292810621,"Stx4a/Unc13b/Cep83/Exoc8/Stxbp1/Cav2/Stxbp3/Ctbp2/Exoc6/Stx2/Camk2a/Stx12/Stx11/Stx16",14
"GO:0071901","negative regulation of protein serine/threonine kinase activity","14/2646","58/25615",0.241379310344828,2.33670862981208,3.45906235415719,0.0019296678245629,0.0103387707297682,0.00638096292810621,"Tfap4/Rgs14/Dusp7/Hmgcr/Lyn/Spry4/Tsc2/Aida/Cav1/Ptpn1/Spry1/Nf1/Inppl1/Gadd45a",14
"GO:0060252","positive regulation of glial cell proliferation","9/2646","29/25615",0.310344827586207,3.00433966690124,3.66548714944143,0.00193468028172046,0.0103470970858418,0.00638610185330538,"Mtor/Etv5/Fgf9/Lyn/Slc7a5/Cysltr1/E2f1/Igf1/Il1b",9
"GO:0070723","response to cholesterol","9/2646","29/25615",0.310344827586207,3.00433966690124,3.66548714944143,0.00193468028172046,0.0103470970858418,0.00638610185330538,"Ccr5/Ptch1/Inhbb/Gpr155/Gramd1a/Ccl3/Tgfbr2/Pmvk/Smo",9
"GO:0002460","adaptive immune response based on somatic recombination of immune receptors built from immunoglobulin superfamily domains","72/2646","496/25615",0.145161290322581,1.40525565064736,3.09336610869368,0.00193605396905072,0.0103470970858418,0.00638610185330538,"Clcf1/Zdhhc9/C6/Mtor/Ripk3/Traf3ip2/Fcgr4/Jak2/Ccl19/Relb/Aplf/Csf2rb2/C4b/Mef2c/Ctsc/Cd40/Ager/H2-T23/Ceacam1/Cd274/Slc15a4/Cd80/Shld3/Cd27/Cd28/Tnfrsf1b/Fadd/Malt1/Zc3h12a/Spn/Hfe/Bach2/Unc13d/Trpm4/Ighm/Stat3/Tyk2/Nod2/Sema4a/Bcl3/Shld1/Csf2rb/Msh2/Tnfaip3/Pvr/Cd4/Cd81/Traf6/Il1r1/C3ar1/Tfrc/Il7r/Vsir/Arg1/Dusp22/Stat4/Mapk3/Nlrp3/Fcgr2b/Batf/Fas/Trem2/Kmt5c/Slfn2/Ly9/Fcer1g/H2-T24/Irf4/Stx11/Il1b/Zbtb46/Mr1",72
"GO:0141193","nuclear receptor-mediated signaling pathway","34/2646","197/25615",0.17258883248731,1.67077208774091,3.20774610591454,0.00194790138887081,0.0104017610325071,0.00641983977305355,"Prmt2/Nr3c2/Jak2/Ufsp2/Paqr7/Tgif1/Rarg/Per1/Fkbp4/Asxl2/Nedd4/Dhrs3/Nr2c1/Src/Parp1/Ncoa3/Ube2i/Rxra/Padi2/Ufm1/Stard10/Ctbp2/Cry2/Lbh/Pparg/Thra/Bmp2/Pim1/Pml/Pdk3/Cry1/Kank2/Igf1/Rbfox2",34
"GO:0140694","membraneless organelle assembly","71/2646","488/25615",0.145491803278689,1.40845523090839,3.09205088251868,0.00195277454978742,0.0104191226809256,0.00643055517025352,"Ccnb2/Hif1a/Tubgcp5/Mterf3/Sass6/Kif15/Hdac7/Spice1/Neurl2/Mef2c/Ang/Trappc12/Cdca8/Dlgap5/Cenpw/Itgb3bp/Palld/Kif11/Cdc20/Mtg1/Ogt/Malsu1/Wnk1/Src/Rnf213/Edn1/Trim21/Csnk1d/Asb2/Dbnl/Stard9/Cirbp/Mrto4/Arhgef10/Brix1/Tpx2/Sh3pxd2b/Rrs1/Cntrob/Nip7/Cflar/Fabp4/Nek2/Eif6/Wrap73/Cep85/Poc1b/Cenpa/Chek2/Cenpe/Cenpv/Mdm1/Myom1/Rbfa/Epha4/Cenpo/Numa1/Rcc1/Ska1/Plk4/Noct/Prkd1/Tmod1/Ngrn/Kat2a/Aurka/Birc5/Myh10/Kif4/Ccdc61/Ckap2l",71
"GO:0002548","monocyte chemotaxis","12/2646","46/25615",0.260869565217391,2.52538696638076,3.51450895431841,0.00196624770924286,0.0104736113467464,0.00646418490880681,"Ccl12/Ptpro/Gpr35/Fpr2/Lyn/Ccl3/Aif1/Nbl1/Cxcl12/Pdgfb/Cxcl10/Cx3cr1",12
"GO:0010830","regulation of myotube differentiation","12/2646","46/25615",0.260869565217391,2.52538696638076,3.51450895431841,0.00196624770924286,0.0104736113467464,0.00646418490880681,"Mtor/Hdac5/Mapk14/Bhlhe41/Bcl2/Mmp14/Csf1r/Thra/Atp11a/Sik1/Nln/Tmem119",12
"GO:0061008","hepaticobiliary system development","31/2646","175/25615",0.177142857142857,1.71485800669474,3.22064484096134,0.00197885934503471,0.0105320566963571,0.0065002566642344,"Ccnd1/Ephx1/Cul3/Sox17/Pck2/Lipa/Rcbtb2/Hp/Sco1/Ptch1/Sod2/Hgf/Sox9/Slc7a5/Naglu/Cadm1/Ass1/Cpt1a/Jun/Sulf2/Smad3/Cebpb/Tet2/Dbp/Bmp4/Jarid2/Ezh1/Nf1/Aurka/Elk1/Itpr1",31
"GO:0090090","negative regulation of canonical Wnt signaling pathway","26/2646","139/25615",0.18705035971223,1.81076907181738,3.25313084940081,0.00201447272593452,0.0107127258206981,0.00661176343953742,"Dact3/Tle3/Sox17/Tle2/Ptpro/Prkn/Foxo3/Ccdc88c/Mapk14/Tle6/Sox9/Invs/Egr1/Tmem88/Fuz/Ppp2ca/Bmp2/Cav1/Tpbgl/Mllt3/Frmd8/Jade1/Sox13/Mcc/Cby1/Amer1",26
"GO:0046034","ATP metabolic process","42/2646","258/25615",0.162790697674419,1.57591977359419,3.15562571273629,0.00201990886638167,0.0107327498408899,0.00662412202005484,"Ndufb6/Prkaca/Hif1a/Mtor/Slc25a25/Prkag2/Ak3/Mpi/Pfkp/Jmjd8/Lipa/Galk1/Pgam1/Eno3/Atpsckmt/Prkn/Cox6b2/Hk3/Fam3a/Ddit4/Ogt/Src/Parp1/Stat3/Pkm/Hk2/Nudt5/Nupr1/Ppp2ca/Eif6/Cbfa2t3/Uchl1/Pgk1/Nudt2/Pfkfb3/mt-Atp8/Trem2/Igf1/Pfkfb4/Adpgk/mt-Nd4l/Zbtb20",42
"GO:0006577","amino-acid betaine metabolic process","7/2646","19/25615",0.368421052631579,3.56655527708159,3.79842845474166,0.00204194257046674,0.0108140470508478,0.00667429766438035,"Por/Aldh7a1/Aldh9a1/Cpt1a/Crot/Slc25a45/Crat",7
"GO:0009263","deoxyribonucleotide biosynthetic process","7/2646","19/25615",0.368421052631579,3.56655527708159,3.79842845474166,0.00204194257046674,0.0108140470508478,0.00667429766438035,"Dck/Cmpk2/Rrm2/Dguok/Guk1/Nme3/Nme1",7
"GO:0009265","2'-deoxyribonucleotide biosynthetic process","7/2646","19/25615",0.368421052631579,3.56655527708159,3.79842845474166,0.00204194257046674,0.0108140470508478,0.00667429766438035,"Dck/Cmpk2/Rrm2/Dguok/Guk1/Nme3/Nme1",7
"GO:0046385","deoxyribose phosphate biosynthetic process","7/2646","19/25615",0.368421052631579,3.56655527708159,3.79842845474166,0.00204194257046674,0.0108140470508478,0.00667429766438035,"Dck/Cmpk2/Rrm2/Dguok/Guk1/Nme3/Nme1",7
"GO:0050854","regulation of antigen receptor-mediated signaling pathway","18/2646","84/25615",0.214285714285714,2.07442500809848,3.34768369603124,0.00204397471776893,0.0108158925757394,0.00667543669978642,"Lpxn/Lipa/Cblb/Ceacam1/Cd274/Cd80/Cd28/Cd72/Malt1/Lyn/Lck/Prnp/Kcnn4/Cd81/Cmtm3/Dusp22/Fcer1g/Rab29",18
"GO:0006939","smooth muscle contraction","23/2646","118/25615",0.194915254237288,1.88690636329861,3.27745555615044,0.002046235240905,0.0108189425412129,0.00667731910119829,"Calcrl/Fkbp1b/Adra2b/Htr7/Cd38/Cald1/Pde4d/Tifab/Adrb1/Rgs2/Edn1/Sulf2/Ptgs2/Lck/Adora2b/Sphk1/Ptgs1/Cav1/Mylk/Rap1gds1/Slc8a1/Apbb1/Smpd3",23
"GO:0030225","macrophage differentiation","16/2646","71/25615",0.225352112676056,2.18155493809417,3.38377299274361,0.00205620325602873,0.0108627053591518,0.00670432897753619,"Tlr2/Id2/Fadd/Naglu/Itgam/Nfix/Gab3/Cd4/Cflar/Csf1r/Fosl2/Epsti1/Il15/Bmp4/Tspan2/Zbtb46",16
"GO:0044321","response to leptin","8/2646","24/25615",0.333333333333333,3.22688334593097,3.7044355085516,0.0020644551227355,0.0108705407446335,0.00670916488168699,"Prmt2/Ccnd1/Nr1d1/Ugcg/Inhbb/Edn1/Stat3/Ccna2",8
"GO:0140112","extracellular vesicle biogenesis","8/2646","24/25615",0.333333333333333,3.22688334593097,3.7044355085516,0.0020644551227355,0.0108705407446335,0.00670916488168699,"Snf8/Prkn/Atp13a2/Sdc4/Sdc1/Steap3/Arrdc4/Smpd3",8
"GO:1903975","regulation of glial cell migration","8/2646","24/25615",0.333333333333333,3.22688334593097,3.7044355085516,0.0020644551227355,0.0108705407446335,0.00670916488168699,"Gpr183/Fgf9/Idh2/P2ry12/Fas/Cx3cl1/Cx3cr1/Trem2",8
"GO:2000353","positive regulation of endothelial cell apoptotic process","8/2646","24/25615",0.333333333333333,3.22688334593097,3.7044355085516,0.0020644551227355,0.0108705407446335,0.00670916488168699,"Cd40/Ager/Foxo3/Thbs1/Rgcc/Bmp4/Ptpn1/Plcg1",8
"GO:0051260","protein homooligomerization","40/2646","243/25615",0.164609053497942,1.59352263996591,3.15519099577693,0.00206904560302885,0.0108857894789986,0.00671857621415851,"Kctd21/Kctd12b/Tgm2/Ehd4/Gsdmd/Vasp/Acacb/Nacc2/Samd1/Sod2/Tifa/Samhd1/Ehd1/Kctd5/Appl2/Aldh9a1/Steap4/Trpm4/Kcng2/Evl/Prnp/Kcnn4/Gnmt/Sigmar1/Als2/Sgtb/Nlrp3/Basp1/Dele1/Crtc3/Trpm3/Apip/Trpm2/Micu1/Dnm1/Syp/Itpr1/Blm/Rnf135/Cby1",40
"GO:0050905","neuromuscular process","38/2646","228/25615",0.166666666666667,1.61344167296548,3.15789427731751,0.00210512013826558,0.0110665235419133,0.00683012306875545,"Mtor/Rnf170/Cacna1a/Npr2/Nr4a1/Clic5/Bcr/Rac3/Rogdi/Synm/Camta1/Tifab/Pomk/Prkn/Vti1a/Adora2a/Spr/Tcf15/Pde8b/Tpp1/Gaa/Grcc10/Uchl1/Hexb/Hexa/Mycbp2/Atp1a3/Comt/Dbn1/Cln8/Kcnab2/Prkd1/Gch1/Myo7a/Rbfox2/Myh10/Itpr1/Pnkd",38
"GO:0090276","regulation of peptide hormone secretion","44/2646","274/25615",0.160583941605839,1.5545569403755,3.1323633257814,0.00210737327398066,0.0110693098217921,0.00683184272664116,"Chd7/Alox5/Stx4a/Clcf1/Hif1a/Nr1d1/Fkbp1b/Jak2/Cd38/Pck2/Gabbr1/Serp1/Syt7/Prkn/Hmgcr/Inhbb/Gja1/Lrrc8a/Hfe/Trpm4/Cpt1a/Abcg1/Pde8b/Hadh/Klf7/Arrb1/Pparg/Itsn1/Glrx/Slc16a1/Sirt4/Pde4c/Rapgef4/Cacna1d/Per2/Map4k4/Acsl4/Trpm2/Psmd9/Prkd1/Rab8b/Gna11/Birc5/Il1b",44
"GO:0090087","regulation of peptide transport","45/2646","282/25615",0.159574468085106,1.54478458049887,3.12225685736652,0.00214499353394461,0.0112577111618139,0.00694812173095479,"Chd7/Alox5/Stx4a/Clcf1/Hif1a/Nr1d1/Fkbp1b/Jak2/Cd38/Pck2/Gabbr1/Serp1/Syt7/Prkn/S100a8/Hmgcr/Inhbb/Gja1/Lrrc8a/Hfe/Trpm4/Cpt1a/Abcg1/Pde8b/Hadh/Klf7/Arrb1/Pparg/Itsn1/Glrx/Slc16a1/Sirt4/Pde4c/Rapgef4/Cacna1d/Per2/Map4k4/Acsl4/Trpm2/Psmd9/Prkd1/Rab8b/Gna11/Birc5/Il1b",45
"GO:0045471","response to ethanol","31/2646","176/25615",0.176136363636364,1.70511449529307,3.18587357431532,0.00216929449866129,0.011375957436245,0.0070211018862608,"Tbxas1/Ccnd1/Eps8/Fosb/Gabbr1/Sod2/Rgs2/Tnfrsf11a/Apobec1/Arsa/Cldn5/Cpt1a/Stat3/Itpr2/Jun/Bcl2/Adh1/Cd14/Psmd14/Birc2/Aldh2/Hpgd/Dnmt3a/Cdk1/Nlrp3/Fos/Alas1/Cat/Igf1/Elk1/Adcy7",31
"GO:0006687","glycosphingolipid metabolic process","15/2646","65/25615",0.230769230769231,2.23399616256759,3.38094116982486,0.00218478341387273,0.0114291927123114,0.00705395804797733,"Gltp/Abca2/Gba2/St6galnac3/Ugcg/B4galt6/Naglu/St3gal2/St8sia4/Cln6/Glb1/A4galt/Hexb/Hexa/Neu1",15
"GO:0050435","amyloid-beta metabolic process","15/2646","65/25615",0.230769230769231,2.23399616256759,3.38094116982486,0.00218478341387273,0.0114291927123114,0.00705395804797733,"Abca2/Olfm1/Abcg1/Hap1/Prnp/Ide/Bin1/Apeh/Ace/Epha4/Trem2/Pin1/Igf1/Spon1/Psen2",15
"GO:0070527","platelet aggregation","15/2646","65/25615",0.230769230769231,2.23399616256759,3.38094116982486,0.00218478341387273,0.0114291927123114,0.00705395804797733,"Ubash3b/Jak2/Ceacam1/Pdia4/Slc7a11/Emilin2/Lyn/Tspan32/Stxbp1/Stxbp3/C1qtnf1/P2ry12/Pdpn/Serpine2/Pear1",15
"GO:0042278","purine nucleoside metabolic process","10/2646","35/25615",0.285714285714286,2.76590001079797,3.54823552678268,0.00220674838752616,0.0115159639654493,0.00710751220484664,"Gda/Gamt/Pgm2/Macrod1/Dguok/Gnmt/Aprt/Ahcy/Nudt1/Macrod2",10
"GO:0048384","retinoic acid receptor signaling pathway","10/2646","35/25615",0.285714285714286,2.76590001079797,3.54823552678268,0.00220674838752616,0.0115159639654493,0.00710751220484664,"Tgif1/Rarg/Dhrs3/Nr2c1/Ncoa3/Rxra/Ctbp2/Pparg/Thra/Pml",10
"GO:0060586","multicellular organismal-level iron ion homeostasis","10/2646","35/25615",0.285714285714286,2.76590001079797,3.54823552678268,0.00220674838752616,0.0115159639654493,0.00710751220484664,"Fbxl5/Hyal2/Sod2/Hfe/Neo1/Naglu/Slc11a2/Trf/Tfrc/Slc40a1",10
"GO:0035050","embryonic heart tube development","20/2646","98/25615",0.204081632653061,1.97564286485569,3.28436701964758,0.00221205274363383,0.0115342750203764,0.00711881356413959,"Hif1a/Sox17/Plxna4/Mef2c/Ift57/Aplnr/Kif3a/Sox18/Edn1/Gja1/Invs/Asb2/Tmem94/Smad3/Eng/Tgfbr2/Slc8a1/Tmed2/Ift172/Smo",20
"GO:0007163","establishment or maintenance of cell polarity","40/2646","244/25615",0.163934426229508,1.58699180947425,3.12694858623999,0.00223330199770791,0.0116356301973038,0.00718136874051886,"Dst/Traf3ip2/Kif2c/Wdpcp/Syne2/Ccl19/Rac3/Rhoj/Map4/Dock2/Amotl2/Mras/Cyth1/Kif3a/Rras/Gja1/Dock8/Rab10/Myo18a/Tcf15/Plekhg3/Frmd4b/Hey1/Tsc2/Frmd4a/Tek/Rhou/Rhobtb1/Fbf1/Cenpa/Alpk2/Aqp1/Dlg3/Spry1/Numa1/Ska1/Igf1/Inppl1/Sdccag8/Ophn1",40
"GO:0046888","negative regulation of hormone secretion","21/2646","105/25615",0.2,1.93613000755858,3.26240719024885,0.00225901184517817,0.0117600422150928,0.00725815431726416,"Fkbp1b/Osm/Prkn/Hmgcr/Inhbb/Edn1/Gja1/Pde8b/Hadh/Klf7/Cry2/Pparg/Sirt4/Pde4c/Map4k4/Rab11fip3/Rab11fip1/Cry1/Psmd9/Rab11fip5/Il1b",21
"GO:0000910","cytokinesis","32/2646","184/25615",0.173913043478261,1.6835913109205,3.15853944583028,0.0022920170445524,0.0119010133515388,0.0073451599796496,"Trim36/Cul3/Ahctf1/Snx9/Exoc8/Cdca8/Unc119/Septin8/Wnk1/Cdc14b/Septin4/Klhl9/Cep55/Ist1/Cntrob/Klhl13/Cenpa/Snx18/Exoc6/Brca2/Cenpv/Stx2/Rab11fip3/Anln/Pin1/Septin9/Aurka/Birc5/Nusap1/Myh10/Iqgap2/Kif4",32
"GO:0009266","response to temperature stimulus","32/2646","184/25615",0.173913043478261,1.6835913109205,3.15853944583028,0.0022920170445524,0.0119010133515388,0.0073451599796496,"Prkaca/Mtor/Rnf170/Eif2b2/Osm/Lipa/Fcor/Adrb1/Zfp976/Aldh18a1/Appl2/Hikeshi/Lyn/Htra2/Lxn/Cirbp/Rbm3/Trpv4/Pdcd6/Cxcl12/Myof/Il1r1/Thra/Slc27a1/Slc25a27/Atp1a3/Comt/Trpm2/Igf1/Nf1/Xylt1/Rasa3",32
"GO:0015804","neutral amino acid transport","14/2646","59/25615",0.23728813559322,2.29710339879831,3.3854526348177,0.00229350163904188,0.0119010133515388,0.0073451599796496,"Slc36a4/Slc36a1/Slc7a6/Slc7a11/Sfxn2/Rgs2/Slc7a5/Slc3a2/Slc38a6/Sfxn3/Mfsd12/Nfkbie/Slc38a9/Slc6a6",14
"GO:0070169","positive regulation of biomineral tissue development","14/2646","59/25615",0.23728813559322,2.29710339879831,3.3854526348177,0.00229350163904188,0.0119010133515388,0.0073451599796496,"Alox5/Mef2c/Asxl2/Rxra/Smad3/Cebpb/Csf1r/Acvr2a/Bmp4/Bmp2/Slc8a1/Ccn1/Tmem119/Acvr2b",14
"GO:0097696","cell surface receptor signaling pathway via STAT","34/2646","199/25615",0.170854271356784,1.65398040846713,3.14340438117067,0.00231214883219267,0.0119880904745809,0.00739890291568529,"Prmt2/Tlr2/Clcf1/Jak2/Osm/Tslp/Csf2rb2/Cd40/Ager/Socs3/Il15ra/Socs2/Pias3/Naglu/Stat3/Tyk2/Bcl3/Arl2bp/Lck/Il4ra/Csf2rb/Csf1r/Il7r/Pparg/Il15/Stat4/Cav1/Fam3c/Camk2a/Igf1/Stat1/Fer/Gadd45a/Pigu",34
"GO:0009225","nucleotide-sugar metabolic process","11/2646","41/25615",0.268292682926829,2.59724757111517,3.47398079288294,0.00235072408639367,0.0121391089477435,0.00749210967148804,"Mpi/Uap1l1/Nans/Cmah/Amdhd2/Nagk/Guk1/Entpd5/Fut8/Gnpda1/Nanp",11
"GO:0010874","regulation of cholesterol efflux","11/2646","41/25615",0.268292682926829,2.59724757111517,3.47398079288294,0.00235072408639367,0.0121391089477435,0.00749210967148804,"Abca2/Abca8a/Ptch1/Ttc39b/Abcg1/Eepd1/Pparg/Cav1/Mapk3/Pltp/Trem2",11
"GO:0034110","regulation of homotypic cell-cell adhesion","11/2646","41/25615",0.268292682926829,2.59724757111517,3.47398079288294,0.00235072408639367,0.0121391089477435,0.00749210967148804,"Ubash3b/Jak2/Plpp3/Ceacam1/Emilin2/Lyn/C1qtnf1/Plaur/Pdpn/Serpine2/Ccm2l",11
"GO:0071604","transforming growth factor beta production","11/2646","41/25615",0.268292682926829,2.59724757111517,3.47398079288294,0.00235072408639367,0.0121391089477435,0.00749210967148804,"Hif1a/Cd24a/Tgfb2/Jun/Ptgs2/Smad3/Thbs1/Fosl2/Furin/Cx3cl1/Col3a1",11
"GO:0072528","pyrimidine-containing compound biosynthetic process","11/2646","41/25615",0.268292682926829,2.59724757111517,3.47398079288294,0.00235072408639367,0.0121391089477435,0.00749210967148804,"Dhodh/Mtor/Dck/Nme4/Cmpk2/Uck2/Tpk1/Cdk1/Nme3/Upp2/Nme1",11
"GO:0001838","embryonic epithelial tube formation","28/2646","155/25615",0.180645161290323,1.74876258747226,3.17353552672701,0.00237000942414252,0.0122190534034443,0.00754145041242015,"Prkaca/Hif1a/Tgif1/Vasp/Rarg/Ift57/Ski/Ptch1/Cdk20/Sdc4/Lmo4/Sox9/Tgfb2/Glmn/Tsc2/Fuz/Traf6/Brpf1/Bmp4/Adm/Tmed2/Sema4c/Ift172/Nup50/Kat2a/Deaf1/Plxnb2/Ipmk",28
"GO:0003206","cardiac chamber morphogenesis","28/2646","155/25615",0.180645161290323,1.74876258747226,3.17353552672701,0.00237000942414252,0.0122190534034443,0.00754145041242015,"Chd7/Hif1a/Id2/Adamts1/Ly6e/Mdm2/Mef2c/Epor/Aplnr/Adgrg6/Fgf9/Dhrs3/Tgfb2/Naglu/Rxra/Hey1/Eng/Tgfbr2/Smad6/Tek/Bmp4/Bmp2/Sos1/Ccn1/Nrp1/Smo/Ccm2l/Nfatc1",28
"GO:0045600","positive regulation of fat cell differentiation","16/2646","72/25615",0.222222222222222,2.15125556395398,3.32020284446043,0.00239473233962142,0.0123234541305823,0.00760588526516498,"Id2/Asxl2/Mapk14/Zc3h12a/Napepld/Trpm4/Ptgs2/Cebpb/Sh3pxd2b/Pparg/Bmp2/Pim1/Noct/Igf1/Mecom/Sox13",16
"GO:0030574","collagen catabolic process","12/2646","47/25615",0.25531914893617,2.47165532879819,3.42743506957697,0.00239601404251203,0.0123234541305823,0.00760588526516498,"Ctsl/Adam15/Mmp9/Idua/Mmp19/Retreg1/Mmp14/Mmp15/Mmp8/Retreg2/Vsir/Pepd",12
"GO:1902991","regulation of amyloid precursor protein catabolic process","12/2646","47/25615",0.25531914893617,2.47165532879819,3.42743506957697,0.00239601404251203,0.0123234541305823,0.00760588526516498,"Abca2/Olfm1/Ager/Lyn/Abcg1/Hap1/Prnp/Bin1/Epha4/Pin1/Igf1/Spon1",12
"GO:0051650","establishment of vesicle localization","35/2646","207/25615",0.169082125603865,1.63682488561716,3.12235685549852,0.00240962315091844,0.0123835352972,0.00764296662685542,"Gltp/Ap3s1/Dnm3/Unc13b/Cul3/Snf8/Btbd8/Exoc8/Trappc12/Prkn/Atp13a2/Sdc4/Myo5a/Sdc1/Tor1a/Naglu/Stxbp1/Steap3/Unc13d/Rab3a/Bloc1s5/Ahi1/Wipi1/Hap1/Stxbp3/Dipk2a/Lin7c/Pdcd6/Syt11/Tanc2/Exoc6/Stard3/Myo7a/Dnm1/Smpd3",35
"GO:0051781","positive regulation of cell division","19/2646","92/25615",0.206521739130435,1.9992646817181,3.25890101814283,0.00244238932361481,0.0125418936969637,0.00774070349564355,"Pdgfd/Cul3/Vegfb/Cdca8/Fgf9/Wnk1/Cdc14b/Tgfb2/Pdgfa/Pdgfc/Tal1/Lbh/Pdgfb/Tgfb3/Cenpv/Rab11fip3/Cat/Birc5/Il1b",19
"GO:0006836","neurotransmitter transport","41/2646","253/25615",0.162055335968379,1.56880099426683,3.08596813265994,0.00246579694627767,0.0126519804975142,0.00780864772340015,"Prkaca/Mctp1/Stx4a/Unc13b/Cacna1a/Nr4a1/Cspg5/Slc29a1/Sncaip/Vamp1/Mef2c/Syt7/Prkn/Mctp2/Adora2a/Snap47/Tor1a/Stxbp1/Rab3a/Stxbp3/Lin7c/Sphk1/Ctbp2/Slc29a3/Syt11/Slc4a8/Stx2/Cacna1d/Per2/Ppp1r9a/Slc18b1/Camk2a/Cln8/P2ry2/Sncg/Nf1/Syp/Stx11/Slc17a5/Slc6a6/Pnkd",41
"GO:0030512","negative regulation of transforming growth factor beta receptor signaling pathway","20/2646","99/25615",0.202020202020202,1.9556868763218,3.23362386533132,0.00250818477570071,0.0128460158965484,0.00792840400007362,"Strap/Dand5/Htra3/Snx6/Ski/Ogt/Il17rd/Ldlrad4/Bcl9l/Cav2/Chst11/Htra1/Pparg/Smad6/Brms1/Tgfb3/Bmp2/Spry1/Pin1/Pmepa1",20
"GO:1903035","negative regulation of response to wounding","20/2646","99/25615",0.202020202020202,1.9556868763218,3.23362386533132,0.00250818477570071,0.0128460158965484,0.00792840400007362,"Alox5/Ubash3b/Ceacam1/Pros1/Cd24a/Inpp5f/Neo1/Stat3/Smad3/Pdgfa/Thbs1/C1qtnf1/Plaur/Pdgfb/Epha4/Serpine2/Slc12a2/Plau/Rtn4rl1/Xylt1",20
"GO:0010640","regulation of platelet-derived growth factor receptor signaling pathway","9/2646","30/25615",0.3,2.90419501133787,3.54194585875476,0.0025136117655606,0.0128460158965484,0.00792840400007362,"Npr2/Cblb/Src/Il1r1/Glrx/Hip1/Nrp1/Inppl1/Il1b",9
"GO:0010663","positive regulation of striated muscle cell apoptotic process","9/2646","30/25615",0.3,2.90419501133787,3.54194585875476,0.0025136117655606,0.0128460158965484,0.00792840400007362,"Tlr2/Capn2/Adrb1/Trem1/Hmgcr/Map3k5/Ptpn1/Camk2a/Capn1",9
"GO:0035902","response to immobilization stress","9/2646","30/25615",0.3,2.90419501133787,3.54194585875476,0.0025136117655606,0.0128460158965484,0.00792840400007362,"Gltp/Mdm2/Foxo3/Sod2/Got1/Hnmt/Fos/Atp1a3/Foxo4",9
"GO:0008064","regulation of actin polymerization or depolymerization","29/2646","163/25615",0.177914110429448,1.72232423985272,3.13998528462215,0.00253526097248978,0.0129463565081672,0.00799033299914502,"Tlr2/Mtor/Eps8/Snx9/Gba2/Vasp/Cdc42ep3/Pik3r2/Add1/Cdc42ep1/Mrtfa/Dbnl/Clec2i/Evl/Myadm/Eln/Kank3/Bin1/Arhgap18/Add3/Ccl24/Ppp1r9a/Kank2/Dbn1/Tmod1/Capn1/Cdc42ep5/Fer/Cdc42ep2",29
"GO:0046850","regulation of bone remodeling","15/2646","66/25615",0.227272727272727,2.20014773586202,3.31346435828314,0.00256213947852581,0.013073220023868,0.00806863161043786,"Fcgr4/Ubash3b/Cd38/Syt7/Ceacam1/Suco/Idua/Tnfrsf11a/Def8/Src/Gja1/Csf1r/Adam8/Nf1/Tmem119",15
"GO:0045824","negative regulation of innate immune response","23/2646","120/25615",0.191666666666667,1.8554579239103,3.18804429535459,0.00256561806294171,0.013080579711379,0.00807317391961539,"Mtor/Oas1a/Ceacam1/Dtx4/Fam3a/Acod1/Adar/Samhd1/Trim21/Parp1/Oas1c/Oas1g/Oas3/Tnfaip3/Pvr/Nectin4/Pparg/Dhx58/Arg1/Pim1/Nlrc3/Irgm2/Irak3",23
"GO:0030073","insulin secretion","44/2646","277/25615",0.15884476534296,1.53772058362053,3.05402760726638,0.00260587407337193,0.0132647662815699,0.00818685161950475,"Alox5/Stx4a/Hif1a/Nr1d1/Fkbp1b/Jak2/Cd38/Pck2/Serp1/Syt7/Prkn/Hmgcr/Fam3a/Myo5a/Inhbb/Gja1/Lrrc8a/Trpm4/Cpt1a/Rab3a/Abcg1/Pde8b/Il1rn/Hadh/Stxbp3/Klf7/Arrb1/Glrx/Slc16a1/Sirt4/Pde4c/Rapgef4/Cacna1d/Per2/Map4k4/Acsl4/Ildr2/Trpm2/Psmd9/Rab11fip5/Gna11/Birc5/Il1b/Acvr2b",44
"GO:0048863","stem cell differentiation","44/2646","277/25615",0.15884476534296,1.53772058362053,3.05402760726638,0.00260587407337193,0.0132647662815699,0.00818685161950475,"Hif1a/Sema6d/Zfp36l2/Sox17/Sema4d/Tapt1/Mef2c/Ccdc88c/Pwp1/Ext1/Sox18/Sox9/Edn1/Tgfb2/Efnb1/Ncoa3/Sema6a/Tcf15/Stat3/Eif2ak2/Epop/Sema4a/Zfp281/Sema6b/Tgfbr2/Sema3f/Pdcd6/Tcof1/Tal1/Lbh/Vsir/Bmp4/Mapk3/Prdm4/Batf/Foxo4/Sema4c/Jarid2/Mllt3/Sema7a/Nrp1/Smo/Hspa9/Cdk6",44
"GO:0048608","reproductive structure development","57/2646","380/25615",0.15,1.45209750566893,3.01359463023725,0.00262882004124536,0.0133709738281554,0.00825240161912852,"Chd7/Ccnd1/Idh1/Npr2/Eif2b2/Rab13/Ctsl/Adamts1/Pde4d/Tnfaip6/Tifab/Axl/Rarg/Fkbp4/Foxo3/Adam15/Fancg/Gdf9/Ptch1/Hyal3/Fgf9/Inhbb/Src/Sox9/Gja1/Tgfb2/Mmp19/Rxra/Atm/Bcl2/Mmp14/Wt1/Lgr4/Kitl/Cebpb/Nupr1/Bok/Msh2/Plekha1/Abcb1a/Arrb1/Plaur/Hsd17b4/Cdkn1c/Acvr2a/Serpinb6a/Ace/Bmp4/Brca2/Serpinf1/Ptx3/Serpine2/Tiparp/Ccno/Igf1/Kdr/Fer",57
"GO:0002246","wound healing involved in inflammatory response","6/2646","15/25615",0.4,3.87226001511716,3.77669556216935,0.00265037550395937,0.0134380522789542,0.0082938016190908,"Hif1a/Lrrc25/Ager/Clec10a/Pparg/Timp1",6
"GO:0009437","carnitine metabolic process","6/2646","15/25615",0.4,3.87226001511716,3.77669556216935,0.00265037550395937,0.0134380522789542,0.0082938016190908,"Por/Aldh9a1/Cpt1a/Crot/Slc25a45/Crat",6
"GO:0070106","interleukin-27-mediated signaling pathway","6/2646","15/25615",0.4,3.87226001511716,3.77669556216935,0.00265037550395937,0.0134380522789542,0.0082938016190908,"Oas1a/Oasl2/Oas1c/Oas1g/Oas3/Stat1",6
"GO:0070234","positive regulation of T cell apoptotic process","6/2646","15/25615",0.4,3.87226001511716,3.77669556216935,0.00265037550395937,0.0134380522789542,0.0082938016190908,"Cd274/Tgfb2/Cd47/Zc3h8/Adam8/Siglec1",6
"GO:0001889","liver development","30/2646","171/25615",0.175438596491228,1.69835965575314,3.10990471368655,0.00269133200772287,0.0136349501716181,0.00841532459184546,"Ccnd1/Ephx1/Cul3/Pck2/Lipa/Rcbtb2/Hp/Sco1/Ptch1/Sod2/Hgf/Sox9/Slc7a5/Naglu/Cadm1/Ass1/Cpt1a/Jun/Sulf2/Smad3/Cebpb/Tet2/Dbp/Bmp4/Jarid2/Ezh1/Nf1/Aurka/Elk1/Itpr1",30
"GO:0010803","regulation of tumor necrosis factor-mediated signaling pathway","14/2646","60/25615",0.233333333333333,2.25881834215168,3.31331955399569,0.00271209733632036,0.0137293248924523,0.00847357151604309,"Prkn/Naip5/Ppp2cb/Ext1/Pias3/Tmc8/Sphk1/Rffl/Mmp8/Gas6/Otulin/Naip6/Tax1bp1/Trim32",14
"GO:0031396","regulation of protein ubiquitination","34/2646","201/25615",0.169154228855721,1.63752289196497,3.07978130548931,0.00273353538521648,0.0138269537910478,0.00853382687898058,"Mtor/Cul3/Cblb/Prkn/Gtpbp4/Cdc20/Sash1/Ogt/Wnk1/Birc3/Rnf180/Cdc14b/Septin4/Peli1/Nod2/Pinx1/Herpud1/N4bp1/Sphk1/Tnfaip3/Pdcd6/Dtx3l/Arrb1/Birc2/Arrdc4/Cdk1/Cav1/Per2/Nlrc3/Mycbp2/Cry1/Birc5/Cep78/Amer1",34
"GO:0045621","positive regulation of lymphocyte differentiation","26/2646","142/25615",0.183098591549296,1.77251338720152,3.13308889491255,0.00274105587032903,0.0138540856892161,0.00855057235490866,"Pik3r6/Smarcb1/Ccl19/Runx3/Axl/Foxo3/Il15ra/Cd27/Malt1/Tnfsf9/Lck/Mmp14/Xrcc6/Tgfbr2/Pcid2/Gas6/Il7r/Prdm1/Vsir/Il15/Smarce1/Nlrp3/Smarca2/Adam8/Egr3/Sox13",26
"GO:0002283","neutrophil activation involved in immune response","8/2646","25/25615",0.32,3.09780801209373,3.56174792367672,0.00276413230879714,0.013905079053808,0.00858204483626502,"Myo1f/Bcr/Anxa3/Itgam/Stxbp3/Pram1/Fcer1g/Stx11",8
"GO:0006907","pinocytosis","8/2646","25/25615",0.32,3.09780801209373,3.56174792367672,0.00276413230879714,0.013905079053808,0.00858204483626502,"Ehd4/Axl/Snx5/Dock2/Appl2/Kcnn4/Tsc2/Cav1",8
"GO:0015867","ATP transport","8/2646","25/25615",0.32,3.09780801209373,3.56174792367672,0.00276413230879714,0.013905079053808,0.00858204483626502,"Slc25a25/Gja1/Cd47/Slc25a24/Slc17a9/Slc25a23/Calhm2/Slc35b1",8
"GO:0043153","entrainment of circadian clock by photoperiod","8/2646","25/25615",0.32,3.09780801209373,3.56174792367672,0.00276413230879714,0.013905079053808,0.00858204483626502,"Id2/Per3/Per1/Cry2/Sik1/Pml/Per2/Cry1",8
"GO:0051412","response to corticosterone","8/2646","25/25615",0.32,3.09780801209373,3.56174792367672,0.00276413230879714,0.013905079053808,0.00858204483626502,"Ccnd1/Nr3c2/Htr7/Fosb/Prkn/Foxo3/Fos/Comt",8
"GO:2000345","regulation of hepatocyte proliferation","8/2646","25/25615",0.32,3.09780801209373,3.56174792367672,0.00276413230879714,0.013905079053808,0.00858204483626502,"Ceacam1/Sulf2/Tnfaip3/Cflar/Lims2/Plau/Smo/Itpr1",8
"GO:0061384","heart trabecula morphogenesis","10/2646","36/25615",0.277777777777778,2.68906945494247,3.44206887570267,0.00277663775289686,0.0139535565811689,0.00861196457363239,"Chd7/Adamts1/Adgrg6/Tgfb2/Hey1/Eng/Tek/Sos1/Ccm2l/Nfatc1",10
"GO:0014855","striated muscle cell proliferation","19/2646","93/25615",0.204301075268817,1.9777672120222,3.20613769722994,0.00277811314871031,0.0139535565811689,0.00861196457363239,"Jak2/Mef2c/Cdk20/Mapk14/Fgf9/Gja1/Tgfb2/Ccnb1/Stat3/Rxra/Dipk2a/Tgfbr2/Fgfr1/Cflar/Kpna1/Cdk1/Pim1/Fos/Jarid2",19
"GO:0002456","T cell mediated immunity","29/2646","164/25615",0.176829268292683,1.71182226278045,3.10387086215834,0.00278248628685748,0.013964603052166,0.00861878232051557,"Ripk3/Ctsc/Ager/H2-T23/Ceacam1/Cd274/Cd80/Tnfrsf1b/Fadd/Malt1/Spn/Hfe/Trpm4/Nod2/Pvr/Cd81/Traf6/Il1r1/Il7r/Vsir/Arg1/Dusp22/Mapk3/Nlrp3/Slfn2/H2-T24/Stx11/Il1b/Mr1",29
"GO:0009165","nucleotide biosynthetic process","40/2646","247/25615",0.161943319838057,1.56771660531059,3.04298308307636,0.00279555078333546,0.0140192179798181,0.0086524899863279,"Ndufb6/Dhodh/Npr2/Oas1a/Ak3/Lipa/Atpsckmt/Dck/Prkn/Cox6b2/Oasl2/Nme4/Impdh1/Fam3a/Cmpk2/Parp1/Adcy9/Stat3/Uck2/Rrm2/Dguok/Adora2b/Idh2/Guk1/Prps1l3/Pfas/Prps2/Aprt/Nme3/Nudt2/Upp2/Prpsap2/Npr1/mt-Atp8/Trem2/Qprt/mt-Nd4l/Naprt/Adcy7/Nme1",40
"GO:0030279","negative regulation of ossification","13/2646","54/25615",0.240740740740741,2.33052686095014,3.32195836478258,0.00283080414447653,0.0141738782728895,0.00874794442886593,"Hif1a/Acvr1b/Mef2c/Rflnb/Sox9/Trpm4/Bcl2/Smad3/Acvr2a/Smad6/P2ry2/Srgn/Acvr2b",13
"GO:0060074","synapse maturation","13/2646","54/25615",0.240740740740741,2.33052686095014,3.32195836478258,0.00283080414447653,0.0141738782728895,0.00874794442886593,"Lnx1/Neurl1a/Cdc20/Clstn1/Igsf9/Arhgef15/Snx27/Dlgap4/Nfia/Nrg2/Palm/Cx3cr1/Sema7a",13
"GO:0035023","regulation of Rho protein signal transduction","20/2646","100/25615",0.2,1.93613000755858,3.18347144753973,0.00283693328604081,0.014193504228603,0.00876005732885274,"Eps8/Cul3/Sema4d/Ccl19/Bcr/Scai/Dock10/Ralbp1/Dock8/Arhgef15/Stard8/Arhgef10/Arhgef18/Kank3/Arrb1/Kank2/Nrp1/Arhgef3/Col3a1/Ophn1",20
"GO:0007269","neurotransmitter secretion","33/2646","194/25615",0.170103092783505,1.64670851158333,3.06885030946496,0.00285340764651637,0.0142319317128049,0.00878377430241971,"Prkaca/Mctp1/Stx4a/Unc13b/Cacna1a/Nr4a1/Cspg5/Sncaip/Vamp1/Mef2c/Syt7/Prkn/Mctp2/Adora2a/Snap47/Stxbp1/Rab3a/Stxbp3/Lin7c/Sphk1/Ctbp2/Syt11/Slc4a8/Stx2/Cacna1d/Ppp1r9a/Camk2a/P2ry2/Sncg/Nf1/Syp/Stx11/Pnkd",33
"GO:0099643","signal release from synapse","33/2646","194/25615",0.170103092783505,1.64670851158333,3.06885030946496,0.00285340764651637,0.0142319317128049,0.00878377430241971,"Prkaca/Mctp1/Stx4a/Unc13b/Cacna1a/Nr4a1/Cspg5/Sncaip/Vamp1/Mef2c/Syt7/Prkn/Mctp2/Adora2a/Snap47/Stxbp1/Rab3a/Stxbp3/Lin7c/Sphk1/Ctbp2/Syt11/Slc4a8/Stx2/Cacna1d/Ppp1r9a/Camk2a/P2ry2/Sncg/Nf1/Syp/Stx11/Pnkd",33
"GO:0018022","peptidyl-lysine methylation","7/2646","20/25615",0.35,3.38822751322751,3.62640000620191,0.0028639356210622,0.0142319317128049,0.00878377430241971,"Ehmt2/Atpsckmt/Kmt5a/Camkmt/Mettl18/Eef1akmt1/Eef2kmt",7
"GO:0035672","oligopeptide transmembrane transport","7/2646","20/25615",0.35,3.38822751322751,3.62640000620191,0.0028639356210622,0.0142319317128049,0.00878377430241971,"Slc15a2/Slc7a11/Slc15a4/Gja1/Slc13a3/Slc15a3/Abcc4",7
"GO:0071498","cellular response to fluid shear stress","7/2646","20/25615",0.35,3.38822751322751,3.62640000620191,0.0028639356210622,0.0142319317128049,0.00878377430241971,"Hdac5/Mef2c/Mtss1/Src/Ass1/Ptgs2/Klf4",7
"GO:1902430","negative regulation of amyloid-beta formation","7/2646","20/25615",0.35,3.38822751322751,3.62640000620191,0.0028639356210622,0.0142319317128049,0.00878377430241971,"Olfm1/Hap1/Prnp/Bin1/Pin1/Igf1/Spon1",7
"GO:1902969","mitotic DNA replication","7/2646","20/25615",0.35,3.38822751322751,3.62640000620191,0.0028639356210622,0.0142319317128049,0.00878377430241971,"Lig1/Gins1/Fgfr1/Pola1/Cdk1/Brca2/Cdt1",7
"GO:1905153","regulation of membrane invagination","7/2646","20/25615",0.35,3.38822751322751,3.62640000620191,0.0028639356210622,0.0142319317128049,0.00878377430241971,"Ager/Appl2/Lbp/Rab31/Pparg/Syt11/Trem2",7
"GO:0043279","response to alkaloid","23/2646","121/25615",0.190082644628099,1.84012356090278,3.14397755945316,0.00286455288055055,0.0142319317128049,0.00878377430241971,"Mtor/Hdac5/Ehmt2/Sox17/Fosb/Tgm2/Mdm2/Ptch1/Adora2a/Fadd/Dhx15/Parp1/Cpt1a/Smad3/Dnmt3a/Hnmt/Slc8a1/Ccna2/Comt/Tmem38b/Smpd1/Blm/Casp6",23
"GO:0033045","regulation of sister chromatid segregation","21/2646","107/25615",0.196261682242991,1.8999406616229,3.16614017198642,0.00286835510894029,0.0142398092888968,0.00878863624609943,"Cul3/Smarcb1/Tacc3/Bub1b/Cdca8/Cdc20/Ube2c/Bcl7a/Nek6/Ccnb1/Zwint/Atm/Knl1/Cdk1/Bub1/Smarce1/Cenpe/Smarca2/Numa1/Ska1/Birc5",21
"GO:0051952","regulation of amine transport","22/2646","114/25615",0.192982456140351,1.86819562132845,3.15321794783691,0.00287635223360048,0.0142684839757911,0.00880633391237237,"Cacna1a/Gabbr1/Syt7/Arg2/Rgs2/Adora2a/Myo5a/Slc7a5/Stxbp1/Rab3a/Il1rn/Adora2b/Cxcl12/P2ry12/Ptgs1/Arg1/Syt11/Per2/Slc12a2/Sncg/Il1b/Adora3",22
"GO:0001953","negative regulation of cell-matrix adhesion","11/2646","42/25615",0.261904761904762,2.53540834323147,3.38002786566795,0.0028921568576439,0.0143247614907513,0.00884106770675014,"Arhgap6/Adam15/Src/Rcc2/Acer2/Mmp14/Thbs1/Dusp22/Enpp2/Nf1/Acvrl1",11
"GO:1902882","regulation of response to oxidative stress","11/2646","42/25615",0.261904761904762,2.53540834323147,3.38002786566795,0.0028921568576439,0.0143247614907513,0.00884106770675014,"Alox5/Mctp1/Epor/Keap1/Tbc1d24/Prkn/Slc7a11/Abcd1/Fut8/Trpm2/Gch1",11
"GO:0050919","negative chemotaxis","12/2646","48/25615",0.25,2.42016250944822,3.34257649759126,0.0028992953480265,0.0143380087111026,0.00884924372923595,"Sema6d/Sema4d/Plxna4/Sema6a/Sema4a/Lgr4/Sema6b/Pdgfa/Sema3f/Sema4c/Sema7a/Rtn4rl1",12
"GO:1901976","regulation of cell cycle checkpoint","12/2646","48/25615",0.25,2.42016250944822,3.34257649759126,0.0028992953480265,0.0143380087111026,0.00884924372923595,"Rnaseh2b/Nek1/Cdca8/Ccnb1/Zwint/Tti1/Knl1/Chek2/Brca2/Ska1/Cry1/Birc5",12
"GO:0071214","cellular response to abiotic stimulus","59/2646","398/25615",0.148241206030151,1.43507123675824,2.96905182165102,0.00293322878935375,0.0144835217085384,0.00893905257271114,"Tnfsf14/Mtor/Poli/Relb/Tifab/Mdm2/Ang/Hyal2/Slc2a1/Cd40/Slc12a6/Pold1/Ciita/Ddb2/Mmp9/Hyal3/Mapk14/Nedd4/Fxyd2/Wnk1/Fadd/Sox9/Gja1/Parp1/Stk39/Atm/Ptgs2/Egr1/Pde2a/Map2k3/N4bp1/Usp28/Got1/Trpv4/Xrcc6/Map2k6/Tek/Mapk13/Scn7a/Cav1/Lcn2/Chek2/Mapk3/Brca2/Mylk/Nlrp3/Aqp1/Slc25a23/Palm/Sipa1/Rab11fip5/Smpd1/Micu1/Gna11/Il1b/Elk1/Blm/Gadd45a/Timp1",59
"GO:0104004","cellular response to environmental stimulus","59/2646","398/25615",0.148241206030151,1.43507123675824,2.96905182165102,0.00293322878935375,0.0144835217085384,0.00893905257271114,"Tnfsf14/Mtor/Poli/Relb/Tifab/Mdm2/Ang/Hyal2/Slc2a1/Cd40/Slc12a6/Pold1/Ciita/Ddb2/Mmp9/Hyal3/Mapk14/Nedd4/Fxyd2/Wnk1/Fadd/Sox9/Gja1/Parp1/Stk39/Atm/Ptgs2/Egr1/Pde2a/Map2k3/N4bp1/Usp28/Got1/Trpv4/Xrcc6/Map2k6/Tek/Mapk13/Scn7a/Cav1/Lcn2/Chek2/Mapk3/Brca2/Mylk/Nlrp3/Aqp1/Slc25a23/Palm/Sipa1/Rab11fip5/Smpd1/Micu1/Gna11/Il1b/Elk1/Blm/Gadd45a/Timp1",59
"GO:0042982","amyloid precursor protein metabolic process","17/2646","80/25615",0.2125,2.05713813303099,3.21418877455202,0.00294539797486449,0.0145212867156788,0.00896236067353291,"Abca2/Olfm1/Ager/Lyn/Naglu/Abcg1/Hap1/Prnp/Adam9/Bin1/Adam19/Itm2b/Epha4/Pin1/Igf1/Spon1/Psen2",17
"GO:0060986","endocrine hormone secretion","17/2646","80/25615",0.2125,2.05713813303099,3.21418877455202,0.00294539797486449,0.0145212867156788,0.00896236067353291,"Gdf9/Inhbb/Gja1/Fgfr1/C1qtnf1/Cry2/Abcb1a/Pparg/Acvr2a/Selenom/Aqp1/Rab11fip3/Rab11fip1/Cry1/Rab11fip5/Rab8b/Il1b",17
"GO:0002292","T cell differentiation involved in immune response","18/2646","87/25615",0.206896551724138,2.0028931112675,3.18030269735445,0.00306808090163677,0.01507984063666,0.00930709332660036,"Mtor/Jak2/Ccl19/Relb/Malt1/Zc3h12a/Spn/Stat3/Sema4a/Bcl3/Clec4e/Stat4/Nlrp3/Batf/Ly9/Clec4d/Fcer1g/Irf4",18
"GO:0002704","negative regulation of leukocyte mediated immunity","18/2646","87/25615",0.206896551724138,2.0028931112675,3.18030269735445,0.00306808090163677,0.01507984063666,0.00930709332660036,"Bcr/Ceacam1/Cd274/Cd80/Spn/Hfe/Nod2/Cd84/Bst2/Pvr/Nectin4/Il7r/Vsir/Arg1/Dusp22/Mapk3/Rabgef1/Cx3cr1",18
"GO:0034103","regulation of tissue remodeling","18/2646","87/25615",0.206896551724138,2.0028931112675,3.18030269735445,0.00306808090163677,0.01507984063666,0.00930709332660036,"Fcgr4/Ubash3b/Cd38/Bcr/Ager/Syt7/Ceacam1/Suco/Idua/Tnfrsf11a/Def8/Src/Gja1/Csf1r/Pparg/Adam8/Nf1/Tmem119",18
"GO:1904888","cranial skeletal system development","18/2646","87/25615",0.206896551724138,2.0028931112675,3.18030269735445,0.00306808090163677,0.01507984063666,0.00930709332660036,"Tifab/Mef2c/B3glct/Ext1/Dph5/Tgfb2/Chst11/Mmp14/Tmem107/Cep55/Smad3/Sh3pxd2b/Fuz/Tgfbr2/Arl15/Tgfb3/Bmp4/Gna11",18
"GO:0007051","spindle organization","35/2646","210/25615",0.166666666666667,1.61344167296548,3.02960425441936,0.00307340655709178,0.0150944676779492,0.00931612095770412,"Trim36/Ccnb2/Tubgcp5/Sass6/Gnai1/Kif15/Tacc3/Spice1/Map4/Rgs14/Cdca8/Dlgap5/Kif11/Cdc20/Csnk1d/Ccnb1/Stard9/Arhgef10/Tpx2/Nek2/Kiz/Wrap73/Chek2/Tppp/Cenpe/Cenpv/Numa1/Rcc1/Ska1/Espl1/Aurka/Birc5/Kif4/Ccdc61/Ckap2l",35
"GO:0051983","regulation of chromosome segregation","25/2646","136/25615",0.183823529411765,1.77953125694722,3.09367278783169,0.00309486354302143,0.0151882378918026,0.00937399478758182,"Cul3/Kif2c/Smarcb1/Tacc3/Bub1b/Cdca8/Cdc20/Ube2c/Bcl7a/Nek6/Ccnb1/Rcc2/Zwint/Rad18/Atm/Knl1/Cdk1/Bub1/Smarce1/Cenpe/Smarca2/Numa1/Ska1/Birc5/Plscr1",25
"GO:0048880","sensory system development","70/2646","489/25615",0.143149284253579,1.38577812401943,2.92343153472531,0.00314301134981388,0.0153383137133081,0.00946661975030338,"Tspan12/Chd7/Hif1a/Slc25a25/Gpd2/Wdpcp/Cryba4/Bcar3/Rhoj/Tgif1/Rarg/B3glct/Ski/Cdk20/Tbc1d32/Maf/Fgf9/Nectin1/Inhbb/Meis1/Sox9/Gja1/Tgfb2/Naglu/Arhgef15/Stat3/Pds5b/Plaat3/Mitf/Rxra/Jun/Itgam/Ahi1/Bcl2/Wt1/Nfix/Smad3/Sh3pxd2b/Ulk2/Tgfbr2/P2ry12/Cdkn1c/Prdm1/Pdgfb/Adamts9/Nfia/Bmp4/Grcc10/Mdm1/Serpinf1/Myom1/Aqp1/Fos/Ring1/Spry1/Tdrd7/Sos1/Cln8/Tmod1/Col8a1/Nrp1/Nf1/Nes/Klf4/Acvrl1/Myh10/Kdr/Celf4/Acvr2b/Casp6",70
"GO:0071695","anatomical structure maturation","51/2646","335/25615",0.152238805970149,1.47377060276847,2.96254227804646,0.0031437147594512,0.0153383137133081,0.00946661975030338,"Tdrkh/Prkaca/Hif1a/Mtor/Cacna1a/Npr2/Rps6ka2/Sema4d/Id2/Ccl19/Rac3/Runx3/Rnd1/Axl/Foxo3/Rflnb/Pth1r/Dchs1/Asxl2/Myo5a/Ext1/B4galt6/Sox18/Septin4/Edn1/Gja1/Tgfb2/Ccnb1/Ropn1l/Rxra/Bcl2/Nfix/Lyl1/Snx10/Fgfr1/Lhx6/Tal1/Dld/Pparg/Cdkn1c/Pdgfb/Il15/Bmp2/Brca2/Tdrd7/Cx3cr1/Igf1/Nf1/Xylt1/Aurka/Kdr",51
"GO:0048864","stem cell development","19/2646","94/25615",0.202127659574468,1.95672713529856,3.15402951840143,0.00315156085068102,0.0153383137133081,0.00946661975030338,"Hif1a/Sema6d/Sema4d/Tapt1/Sox9/Edn1/Efnb1/Sema6a/Sema4a/Sema6b/Sema3f/Pdcd6/Tcof1/Bmp4/Mapk3/Sema4c/Sema7a/Nrp1/Smo",19
"GO:2000628","regulation of miRNA metabolic process","19/2646","94/25615",0.202127659574468,1.95672713529856,3.15402951840143,0.00315156085068102,0.0153383137133081,0.00946661975030338,"Hif1a/Gnl3/Foxo3/Sox9/Zc3h12a/Tgfb2/Mrtfa/Stat3/Jun/Egr1/Wt1/Smad3/Pparg/Pdgfb/Smad6/Bmp4/Bmp2/Fos/Klf4",19
"GO:0002832","negative regulation of response to biotic stimulus","28/2646","158/25615",0.177215189873418,1.71555823454558,3.06219254408992,0.00315191038644974,0.0153383137133081,0.00946661975030338,"Mtor/Oas1a/Ceacam1/Cd274/Dtx4/Arg2/Fam3a/Acod1/Adar/Samhd1/Trim21/Parp1/Oas1c/Oas1g/Oas3/Tnfaip3/Pvr/Htra1/Nectin4/Pparg/Dhx58/Prdm1/Arg1/Pim1/Mapk3/Nlrc3/Irgm2/Irak3",28
"GO:0032388","positive regulation of intracellular transport","28/2646","158/25615",0.177215189873418,1.71555823454558,3.06219254408992,0.00315191038644974,0.0153383137133081,0.00946661975030338,"Prkaca/Jak2/Mllt6/Camk1/Mavs/Mdm2/Hyal2/Pik3r2/Jup/Pgap1/Kif3a/Mapk14/Nedd4/Ehd1/Prr5l/Asph/Zc3h12a/Ehd2/Ptgs2/Chp2/Gas6/Cd81/Tek/Cdk1/Numa1/Prkd1/Smo/Rab29",28
"GO:0050730","regulation of peptidyl-tyrosine phosphorylation","28/2646","158/25615",0.177215189873418,1.71555823454558,3.06219254408992,0.00315191038644974,0.0153383137133081,0.00946661975030338,"Pdgfd/Mtor/Jak2/Plpp3/Osm/Vegfb/Ehd4/Unc119/Cd80/Lilra5/Src/Zgpat/Ighm/Nod2/Samsn1/Arl2bp/Lck/Pdgfa/Cd4/Pdgfc/Gprc5a/Csf1r/Pdgfb/Il15/Cav1/Ptpn1/Bank1/Igf1",28
"GO:0006109","regulation of carbohydrate metabolic process","36/2646","218/25615",0.165137614678899,1.59863945578231,3.01276289085216,0.00317028827674518,0.0153383137133081,0.00946661975030338,"Prkaca/Hif1a/Mtor/Prkag2/Jmjd8/P2ry6/Acacb/Pth1r/Ddit4/Ogt/Src/Phkb/Stat3/Nupr1/Gnmt/Adora2b/Ppp2ca/C1qtnf1/Arrb1/Bckdk/Eif6/Cbfa2t3/Pdgfb/Sik1/Uchl1/Igfbp4/Dgat2/Pdk3/Nln/Cry1/Igf1/Pdk1/Kat2a/Sorbs1/Smpd3/Zbtb20",36
"GO:0031620","regulation of fever generation","5/2646","11/25615",0.454545454545455,4.40029547172404,3.82843844769898,0.0031708095596627,0.0153383137133081,0.00946661975030338,"Ccr5/Tnfrsf11a/Ptges/Ptgs2/Il1b",5
"GO:0031666","positive regulation of lipopolysaccharide-mediated signaling pathway","5/2646","11/25615",0.454545454545455,4.40029547172404,3.82843844769898,0.0031708095596627,0.0153383137133081,0.00946661975030338,"Sash1/Cd180/Ly86/Cd14/Traf6",5
"GO:0033004","negative regulation of mast cell activation","5/2646","11/25615",0.454545454545455,4.40029547172404,3.82843844769898,0.0031708095596627,0.0153383137133081,0.00946661975030338,"Cnr2/Cd84/Rabgef1/Fer/Cd300lf",5
"GO:0035425","autocrine signaling","5/2646","11/25615",0.454545454545455,4.40029547172404,3.82843844769898,0.0031708095596627,0.0153383137133081,0.00946661975030338,"Hilpda/S100a8/Cd68/Cx3cl1/Cx3cr1",5
"GO:0072203","cell proliferation involved in metanephros development","5/2646","11/25615",0.454545454545455,4.40029547172404,3.82843844769898,0.0031708095596627,0.0153383137133081,0.00946661975030338,"Ptch1/Egr1/Wt1/Pdgfb/Stat1",5
"GO:0090269","fibroblast growth factor production","5/2646","11/25615",0.454545454545455,4.40029547172404,3.82843844769898,0.0031708095596627,0.0153383137133081,0.00946661975030338,"Ptgs2/Aif1/Fgfr1/Rgcc/Ccm2l",5
"GO:0090270","regulation of fibroblast growth factor production","5/2646","11/25615",0.454545454545455,4.40029547172404,3.82843844769898,0.0031708095596627,0.0153383137133081,0.00946661975030338,"Ptgs2/Aif1/Fgfr1/Rgcc/Ccm2l",5
"GO:0097646","calcitonin family receptor signaling pathway","5/2646","11/25615",0.454545454545455,4.40029547172404,3.82843844769898,0.0031708095596627,0.0153383137133081,0.00946661975030338,"Ramp2/Calcrl/Ramp3/Ramp1/Adm",5
"GO:1901339","regulation of store-operated calcium channel activity","5/2646","11/25615",0.454545454545455,4.40029547172404,3.82843844769898,0.0031708095596627,0.0153383137133081,0.00946661975030338,"Stim2/Asph/Bmp4/Stimate/Plcg1",5
"GO:2000342","negative regulation of chemokine (C-X-C motif) ligand 2 production","5/2646","11/25615",0.454545454545455,4.40029547172404,3.82843844769898,0.0031708095596627,0.0153383137133081,0.00946661975030338,"Oas1a/Oas1c/Oas1g/Oas3/Klf4",5
"GO:2000491","positive regulation of hepatic stellate cell activation","5/2646","11/25615",0.454545454545455,4.40029547172404,3.82843844769898,0.0031708095596627,0.0153383137133081,0.00946661975030338,"Mrtfa/Fgfr1/Pdgfb/Rps6ka1/Smo",5
"GO:0034502","protein localization to chromosome","23/2646","122/25615",0.188524590163934,1.82504058089538,3.10032577949804,0.00319232638869124,0.0154075918264106,0.00950937735495395,"Prkaca/Tnrc18/Cbx5/Parp2/Jak2/Aplf/Gnl3/Trappc12/Bub1b/Kmt5a/Hltf/Parp1/Rcc2/Atm/Pinx1/Tpp1/Knl1/Cenpa/Cdk1/Pml/Cenpq/Jarid2/Zmynd8",23
"GO:0045639","positive regulation of myeloid cell differentiation","23/2646","122/25615",0.188524590163934,1.82504058089538,3.10032577949804,0.00319232638869124,0.0154075918264106,0.00950937735495395,"Hif1a/Id2/Acvr1b/Foxo3/Asxl2/Mapk14/Tnfrsf11a/Fadd/Stat3/Jun/Itgam/Ccl3/Cd4/Csf1r/Traf6/Tal1/Mturn/Acvr2a/Klf10/Fos/Trem2/Stat1/Rab7b",23
"GO:0140888","interferon-mediated signaling pathway","23/2646","122/25615",0.188524590163934,1.82504058089538,3.10032577949804,0.00319232638869124,0.0154075918264106,0.00950937735495395,"Oas1a/Cul3/Jak2/Mavs/Ciita/Oasl2/Sting1/Ikbke/Adar/Samhd1/Fadd/Tbk1/Oas1c/Tyk2/Oas1g/Ifitm2/Oas3/Pparg/Arg1/Irgm2/Trim65/Ifitm1/Stat1",23
"GO:0045668","negative regulation of osteoblast differentiation","16/2646","74/25615",0.216216216216216,2.09311352168495,3.19613236161499,0.00321139768178709,0.0154218909005594,0.00951820256874717,"Hdac5/Sema4d/Id2/Tnfaip6/Hdac7/Ski/Ptch1/Sox9/Trpm4/Smad3/Fgfr1/Pparg/Smad6/Noct/Cdk6/Nfatc1",16
"GO:0050885","neuromuscular process controlling balance","16/2646","74/25615",0.216216216216216,2.09311352168495,3.19613236161499,0.00321139768178709,0.0154218909005594,0.00951820256874717,"Cacna1a/Clic5/Bcr/Rac3/Camta1/Tifab/Pde8b/Tpp1/Gaa/Hexb/Hexa/Atp1a3/Cln8/Myo7a/Rbfox2/Myh10",16
"GO:0019319","hexose biosynthetic process","22/2646","115/25615",0.191304347826087,1.85195044201255,3.10781916967484,0.00321713605166957,0.0154218909005594,0.00951820256874717,"Prkaca/Sord/Hif1a/Prkag2/Gpd2/Pck2/Pgam1/Ogt/Gnmt/Got1/Slc39a14/Sik1/Atf3/Per2/Pgk1/Dgat2/Nln/Cry1/Gnpda1/Kat2a/Pfkfb4/Chst15",22
"GO:0009218","pyrimidine ribonucleotide metabolic process","9/2646","31/25615",0.290322580645161,2.81051130129471,3.4234220406077,0.00322169638676069,0.0154218909005594,0.00951820256874717,"Dhodh/Ak3/Dck/Nme4/Uck2/Entpd5/Nme3/Upp2/Nme1",9
"GO:0035337","fatty-acyl-CoA metabolic process","9/2646","31/25615",0.290322580645161,2.81051130129471,3.4234220406077,0.00322169638676069,0.0154218909005594,0.00951820256874717,"Acot2/Far1/Abcd1/Nudt7/Fasn/Dld/Hsd17b4/Acsl4/Dgat2",9
"GO:0043276","anoikis","9/2646","31/25615",0.290322580645161,2.81051130129471,3.4234220406077,0.00322169638676069,0.0154218909005594,0.00951820256874717,"Ptrh2/Src/Bcl2/Tsc2/Brms1/Cav1/Sik1/Chek2/E2f1",9
"GO:0043931","ossification involved in bone maturation","9/2646","31/25615",0.290322580645161,2.81051130129471,3.4234220406077,0.00322169638676069,0.0154218909005594,0.00951820256874717,"Sema4d/Rflnb/Dchs1/Asxl2/Ext1/Snx10/Bmp2/Igf1/Xylt1",9
"GO:0045648","positive regulation of erythrocyte differentiation","9/2646","31/25615",0.290322580645161,2.81051130129471,3.4234220406077,0.00322169638676069,0.0154218909005594,0.00951820256874717,"Hif1a/Id2/Acvr1b/Foxo3/Mapk14/Stat3/Tal1/Acvr2a/Stat1",9
"GO:0051984","positive regulation of chromosome segregation","9/2646","31/25615",0.290322580645161,2.81051130129471,3.4234220406077,0.00322169638676069,0.0154218909005594,0.00951820256874717,"Cdca8/Ccnb1/Rcc2/Rad18/Cdk1/Cenpe/Numa1/Ska1/Birc5",9
"GO:1900027","regulation of ruffle assembly","9/2646","31/25615",0.290322580645161,2.81051130129471,3.4234220406077,0.00322169638676069,0.0154218909005594,0.00951820256874717,"Mtor/Eps8/Wdpcp/Def8/Arhgap24/Rcc2/Evl/P2ry12/Cav1",9
"GO:1904706","negative regulation of vascular associated smooth muscle cell proliferation","9/2646","31/25615",0.290322580645161,2.81051130129471,3.4234220406077,0.00322169638676069,0.0154218909005594,0.00951820256874717,"Mef2c/Sod2/Gna12/Timp3/S1pr2/Gna13/Pparg/Tgfb3/Cav1",9
"GO:0030183","B cell differentiation","29/2646","166/25615",0.174698795180723,1.69119789816864,3.03238032853634,0.00333896673266315,0.0159528988059627,0.009845934157683,"Cd79b/Clcf1/Irf8/Hdac5/Traf3ip2/Zfp36l2/Id2/Hdac7/Gpr183/Dock10/Cd27/Flt3l/Malt1/Lrrc8a/Ighm/Stat3/Bcl3/Atm/Bcl2/Mmp14/Lyl1/Msh2/Tnfaip3/Pcid2/Fosl2/Prdm1/Hmgb3/Adgrg3/Nfatc1",29
"GO:0030832","regulation of actin filament length","29/2646","166/25615",0.174698795180723,1.69119789816864,3.03238032853634,0.00333896673266315,0.0159528988059627,0.009845934157683,"Tlr2/Mtor/Eps8/Snx9/Gba2/Vasp/Cdc42ep3/Pik3r2/Add1/Cdc42ep1/Mrtfa/Dbnl/Clec2i/Evl/Myadm/Eln/Kank3/Bin1/Arhgap18/Add3/Ccl24/Ppp1r9a/Kank2/Dbn1/Tmod1/Capn1/Cdc42ep5/Fer/Cdc42ep2",29
"GO:0060996","dendritic spine development","26/2646","144/25615",0.180555555555556,1.74789514571261,3.05465059747721,0.00334007610429948,0.0159528988059627,0.009845934157683,"Dnm3/Mtor/Mapk6/Camk1/Dip2a/Mef2c/Dock10/Sipa1l1/Neurl1a/Eef2k/Caprin2/Cdkl5/Dbnl/D16Ertd472e/Smad3/Tsc2/Srgap2/Itsn1/Tanc2/Acsl4/Epha4/Ppp1r9a/Camk2a/Palm/Dbn1/Zmynd8",26
"GO:0150063","visual system development","69/2646","482/25615",0.143153526970954,1.38581919628156,2.90233650368187,0.00334399788567741,0.0159597640546744,0.00985017130527687,"Tspan12/Chd7/Hif1a/Slc25a25/Gpd2/Wdpcp/Cryba4/Bcar3/Rhoj/Tgif1/Rarg/B3glct/Ski/Cdk20/Tbc1d32/Maf/Fgf9/Nectin1/Inhbb/Meis1/Sox9/Gja1/Tgfb2/Naglu/Arhgef15/Stat3/Pds5b/Plaat3/Mitf/Rxra/Jun/Itgam/Ahi1/Bcl2/Wt1/Nfix/Smad3/Sh3pxd2b/Tgfbr2/P2ry12/Cdkn1c/Prdm1/Pdgfb/Adamts9/Nfia/Bmp4/Grcc10/Mdm1/Serpinf1/Myom1/Aqp1/Fos/Ring1/Spry1/Tdrd7/Sos1/Cln8/Tmod1/Col8a1/Nrp1/Nf1/Nes/Klf4/Acvrl1/Myh10/Kdr/Celf4/Acvr2b/Casp6",69
"GO:0035107","appendage morphogenesis","31/2646","181/25615",0.171270718232044,1.65801188492585,3.01528432798548,0.00337527313411989,0.0160655218466332,0.00991544372184226,"Chd7/Npr2/Wdpcp/Rarg/Sik3/Ski/Idua/Ptch1/Tbc1d32/Fgf9/Ext1/Gna12/Sox9/Asph/Gja1/Tgfb2/Iqce/Dync2h1/Fbxw4/Chst11/Tmem107/Fuz/Fgfr1/Nfia/Bmp4/Mustn1/Cnpy4/Lmbr1/Mecom/Col3a1/Psen2",31
"GO:0035108","limb morphogenesis","31/2646","181/25615",0.171270718232044,1.65801188492585,3.01528432798548,0.00337527313411989,0.0160655218466332,0.00991544372184226,"Chd7/Npr2/Wdpcp/Rarg/Sik3/Ski/Idua/Ptch1/Tbc1d32/Fgf9/Ext1/Gna12/Sox9/Asph/Gja1/Tgfb2/Iqce/Dync2h1/Fbxw4/Chst11/Tmem107/Fuz/Fgfr1/Nfia/Bmp4/Mustn1/Cnpy4/Lmbr1/Mecom/Col3a1/Psen2",31
"GO:0001541","ovarian follicle development","17/2646","81/25615",0.209876543209877,2.03174136595653,3.15657784679412,0.00337616041297552,0.0160655218466332,0.00991544372184226,"Npr2/Eif2b2/Tnfaip6/Foxo3/Fancg/Hyal3/Src/Mmp19/Atm/Bcl2/Mmp14/Kitl/Cebpb/Arrb1/Bmp4/Ptx3/Kdr",17
"GO:0043470","regulation of carbohydrate catabolic process","17/2646","81/25615",0.209876543209877,2.03174136595653,3.15657784679412,0.00337616041297552,0.0160655218466332,0.00991544372184226,"Prkaca/Hif1a/Mtor/Prkag2/Jmjd8/Ddit4/Ogt/Src/Phkb/Stat3/Nupr1/Ppp2ca/Eif6/Cbfa2t3/Uchl1/Igf1/Zbtb20",17
"GO:0033044","regulation of chromosome organization","39/2646","242/25615",0.161157024793388,1.56010475815671,2.97134865162047,0.00341106827093721,0.0162196170040715,0.010010549369575,"Cul3/Smarcb1/Tacc3/Gnl3/Trappc12/Bub1b/Cdca8/Map3k4/Cdc20/Rad50/Ube2c/Src/Bcl7a/Parp1/Nek6/Wdhd1/Ccnb1/Zwint/Atm/Pinx1/Slx1b/Pot1a/Nek2/Tal1/Knl1/Cdk1/Bub1/Pml/Mapk3/Smarce1/Ctc1/Cenpe/Cenpv/Smarca2/Numa1/Ska1/Gch1/Klf4/Birc5",39
"GO:0007030","Golgi organization","25/2646","137/25615",0.182481751824818,1.76654197769943,3.05334682849662,0.00342239470421294,0.016261437559071,0.0100363605049662,"Tmed5/Cog6/Rab2b/Trappc12/Rab6b/Vti1a/Blzf1/Gorasp2/Surf4/Hikeshi/Arl1/Naglu/Dync2h1/Csnk1d/Myo18a/Syne1/Cdk1/Gorasp1/Mapk3/Pi4k2b/Ap5z1/Tmed2/Prkd1/Nploc4/Rab29",25
"GO:0001764","neuron migration","36/2646","219/25615",0.164383561643836,1.59133973223993,2.9829023561555,0.00342536538688927,0.0162635234629539,0.0100376478993476,"Alkbh1/Tubb2a/Axl/Mef2c/Nav1/Tbc1d24/Elp3/Ddit4/Fktn/Septin4/Kif26a/Gja1/Unk/Neo1/Sema6a/Mrtfa/Cdkl5/Tubb2b/Stat3/Celsr3/Lhx6/Cxcl12/Gas6/AU040320/Srgap2/Il1r1/Phactr1/Cep85/Camk2a/Acap3/Apbb1/Nrp1/Sdccag8/Myh10/Col3a1/Plxnb2",36
"GO:0002053","positive regulation of mesenchymal cell proliferation","10/2646","37/25615",0.27027027027027,2.61639190210619,3.33946437775783,0.00345818494445762,0.0163830236601739,0.0101114019604727,"Fgf9/Sox9/Fbxw4/Syne1/Pdgfa/Tgfbr2/Fgfr1/Smo/Stat1/Kdr",10
"GO:0032373","positive regulation of sterol transport","10/2646","37/25615",0.27027027027027,2.61639190210619,3.33946437775783,0.00345818494445762,0.0163830236601739,0.0101114019604727,"Lipg/Abca8a/Ptch1/Abcg1/Eepd1/Pparg/Cav1/Abcb4/Pltp/Trem2",10
"GO:0032376","positive regulation of cholesterol transport","10/2646","37/25615",0.27027027027027,2.61639190210619,3.33946437775783,0.00345818494445762,0.0163830236601739,0.0101114019604727,"Lipg/Abca8a/Ptch1/Abcg1/Eepd1/Pparg/Cav1/Abcb4/Pltp/Trem2",10
"GO:0031100","animal organ regeneration","15/2646","68/25615",0.220588235294118,2.13543750833667,3.18207431254165,0.00347895530442777,0.016449104014492,0.0101521859474864,"Ccnd1/Ptch1/Slc7a5/Cpt1a/Sulf2/Adh1/Cebpb/Cxcl12/Gas6/Lifr/Ace/Ccna2/Ezh1/Aurka/Itpr1",15
"GO:0035924","cellular response to vascular endothelial growth factor stimulus","15/2646","68/25615",0.220588235294118,2.13543750833667,3.18207431254165,0.00347895530442777,0.016449104014492,0.0101521859474864,"Nr4a1/Ramp2/Vegfb/Mapk14/Nus1/Tspan32/Jcad/Sema6a/Gab1/Map2k3/Sphk1/Prkd1/Egr3/Nrp1/Kdr",15
"GO:0006739","NADP+ metabolic process","12/2646","49/25615",0.244897959183673,2.37077143782683,3.25982490183855,0.00348493626458959,0.016449104014492,0.0101521859474864,"Ncf1/Mtor/Idh1/Acacb/Aldh1l1/Nnt/H6pd/Idh2/Prps1l3/Prps2/Noct/Dcxr",12
"GO:0032480","negative regulation of type I interferon production","12/2646","49/25615",0.244897959183673,2.37077143782683,3.25982490183855,0.00348493626458959,0.016449104014492,0.0101521859474864,"Cul3/Relb/Acod1/Ufd1/Rnf125/Atg9a/Dhx58/Nlrc3/Irgm2/Irf2/Nploc4/Siglec1",12
"GO:0048246","macrophage chemotaxis","12/2646","49/25615",0.244897959183673,2.37077143782683,3.25982490183855,0.00348493626458959,0.016449104014492,0.0101521859474864,"Gpr35/Mmp9/Trem1/Ccl3/Mtus1/Trpv4/Thbs1/Csf1r/C3ar1/Mapk3/Cx3cl1/Cx3cr1",12
"GO:0042306","regulation of protein import into nucleus","18/2646","88/25615",0.204545454545455,1.98013296227582,3.12600033678767,0.00349221853205431,0.016471374339146,0.0101659309196624,"Akap1/Jak2/Mavs/Hyal2/Pik3r2/Jup/Mapk14/Zc3h12a/Ptgs2/Chp2/Ufm1/Tek/Cdk1/Bmp4/Prkd1/Nf1/Smo/Nup54",18
"GO:0061458","reproductive system development","57/2646","385/25615",0.148051948051948,1.4332390965044,2.90711331061299,0.00350790967164166,0.0165332441163801,0.0102041161899638,"Chd7/Ccnd1/Idh1/Npr2/Eif2b2/Rab13/Ctsl/Adamts1/Pde4d/Tnfaip6/Tifab/Axl/Rarg/Fkbp4/Foxo3/Adam15/Fancg/Gdf9/Ptch1/Hyal3/Fgf9/Inhbb/Src/Sox9/Gja1/Tgfb2/Mmp19/Rxra/Atm/Bcl2/Mmp14/Wt1/Lgr4/Kitl/Cebpb/Nupr1/Bok/Msh2/Plekha1/Abcb1a/Arrb1/Plaur/Hsd17b4/Cdkn1c/Acvr2a/Serpinb6a/Ace/Bmp4/Brca2/Serpinf1/Ptx3/Serpine2/Tiparp/Ccno/Igf1/Kdr/Fer",57
"GO:0098876","vesicle-mediated transport to the plasma membrane","30/2646","174/25615",0.172413793103448,1.66907759272291,3.0057067005447,0.003513322417769,0.0165466152578798,0.0102123686950678,"Dennd1c/Rab13/Snf8/Eps15/Ehd4/Exoc8/Snx30/Vti1a/Vamp5/Blzf1/Aldh7a1/Inpp5f/Cnst/Ehd1/Snap47/Ehd2/Clstn1/Rab10/Lyplal1/Epb41l1/Snx27/Rab31/Exoc6/Mylk/Rab11fip3/Camk2a/Ankrd27/Rab8b/Stx12/Stx16",30
"GO:0005976","polysaccharide metabolic process","22/2646","116/25615",0.189655172413793,1.8359853519952,3.06287072346735,0.00359115091255696,0.0169007717672278,0.0104309497639361,"Mtor/Prkag2/Nr1d1/Ppp1r2/Agl/Pcdh12/Adrb1/Chil3/Ext1/Pgm2/Phkb/Wipi1/Pygb/Gaa/Gnmt/Pdgfb/Phka2/Per2/Comt/Igf1/Sorbs1/Smpd3",22
"GO:0006164","purine nucleotide biosynthetic process","35/2646","212/25615",0.165094339622642,1.59822052510732,2.96858381093393,0.00359802073524423,0.0169207065909289,0.0104432532934697,"Ndufb6/Npr2/Oas1a/Ak3/Lipa/Atpsckmt/Dck/Prkn/Cox6b2/Oasl2/Nme4/Impdh1/Fam3a/Parp1/Adcy9/Stat3/Dguok/Adora2b/Idh2/Guk1/Prps1l3/Pfas/Prps2/Aprt/Nme3/Nudt2/Prpsap2/Npr1/mt-Atp8/Trem2/Qprt/mt-Nd4l/Naprt/Adcy7/Nme1",35
"GO:0034340","response to type I interferon","21/2646","109/25615",0.192660550458716,1.86507936507936,3.07192496055495,0.00361005454267622,0.0169524783495263,0.0104628624345436,"Oas1a/Cul3/Mavs/Sp100/Oasl2/Sting1/Ikbke/Adar/Samhd1/Fadd/Tbk1/Oas1c/Tyk2/Oas1g/Ifitm2/Oas3/Csprs/Trim65/Ifitm1/Smpd1/Stat1",21
"GO:1900076","regulation of cellular response to insulin stimulus","21/2646","109/25615",0.192660550458716,1.86507936507936,3.07192496055495,0.00361005454267622,0.0169524783495263,0.0104628624345436,"Mtor/Cul3/Snx5/Blvrb/Socs3/Pip4k2b/Sco1/Myo5a/Slc27a4/Appl2/Src/C1qtnf9/Tsc2/Ide/Pparg/Ptpn1/Ankrd26/Sorbs1/Atp6v0c/Inppl1/Il1b",21
"GO:0006925","inflammatory cell apoptotic process","8/2646","26/25615",0.307692307692308,2.97866155009012,3.42605325965452,0.00363572878607164,0.0170356832397697,0.0105142154758245,"Mef2c/Ccr5/Selenos/Slc7a11/Nod2/Itgam/St6gal1/Fas",8
"GO:0050862","positive regulation of T cell receptor signaling pathway","8/2646","26/25615",0.307692307692308,2.97866155009012,3.42605325965452,0.00363572878607164,0.0170356832397697,0.0105142154758245,"Lipa/Cd80/Cd28/Kcnn4/Cd81/Dusp22/Fcer1g/Rab29",8
"GO:1905562","regulation of vascular endothelial cell proliferation","8/2646","26/25615",0.307692307692308,2.97866155009012,3.42605325965452,0.00363572878607164,0.0170356832397697,0.0105142154758245,"Mef2c/Stat3/Tsc2/Fgfr1/Pparg/Akt3/Igf1/Plcg1",8
"GO:0009895","negative regulation of catabolic process","60/2646","410/25615",0.146341463414634,1.41668049333555,2.88678424088993,0.00364260951703701,0.0170554836278759,0.0105264360333522,"Prkaca/Mtor/Traf3ip2/Ehmt2/Rubcn/Fhit/Jak2/Acacb/Ang/Rnh1/Timp2/Ikbke/Sco1/Hmgcr/Ddit4/Rilp/Qsox1/Ogt/Wnk1/Apobec1/Hfe/Slc7a5/Htra2/Timp3/Stat3/Cirbp/Bcl2/Dffa/Smad3/N4bp1/Nupr1/Tsc2/Tnfaip3/Ppp2ca/Vps13c/Timp4/Rnf5/Cbfa2t3/Wdr6/Furin/Fez2/Pml/Mapk3/Mycbp2/Crtc3/Serpine2/Endou/Noct/Trem2/E2f1/Slfn2/Pin1/Irak3/Svip/Kat2a/Il1b/Psen2/Plxnb2/Timp1/Ophn1",60
"GO:1903305","regulation of regulated secretory pathway","29/2646","167/25615",0.173652694610778,1.68107096464667,2.99699730243992,0.00365086705672217,0.0170816969937241,0.0105426146023591,"Scamp5/Stx4a/Unc13b/Cacna1a/Cspg5/Bcr/D6Wsu163e/Syt7/Ceacam1/Rab3d/Hyal3/Lyn/Stxbp1/Unc13d/Ighm/Rab3a/Itgam/Cd84/Stxbp3/Adora2b/Pld2/Pram1/Syt11/Slc4a8/Cacna1d/Rabgef1/P2ry2/Fcer1g/Adora3",29
"GO:0050818","regulation of coagulation","16/2646","75/25615",0.213333333333333,2.06520534139582,3.13556710310846,0.00369864841467462,0.0172800853933598,0.010665057497799,"Ubash3b/Hpse/Ceacam1/Pros1/Emilin2/St3gal4/Vkorc1/Pdgfa/Thbs1/C1qtnf1/Plaur/Pdgfb/Cav1/Serpine2/Plau/Psen2",16
"GO:2001244","positive regulation of intrinsic apoptotic signaling pathway","16/2646","75/25615",0.213333333333333,2.06520534139582,3.13556710310846,0.00369864841467462,0.0172800853933598,0.010665057497799,"Ripk3/Nacc2/S100a8/Bclaf1/Septin4/Prkra/Steap3/Plagl2/Lck/Nupr1/Bok/Gsdme/Knl1/Bub1/Cav1/Plscr1",16
"GO:0001755","neural crest cell migration","14/2646","62/25615",0.225806451612903,2.18595323434033,3.17325548756765,0.00373785657352598,0.0174252471903707,0.0107546495846644,"Hif1a/Sema6d/Sema4d/Edn1/Efnb1/Sema6a/Sema4a/Sema6b/Sema3f/Bmp4/Sema4c/Sema7a/Nrp1/Smo",14
"GO:0018107","peptidyl-threonine phosphorylation","14/2646","62/25615",0.225806451612903,2.18595323434033,3.17325548756765,0.00373785657352598,0.0174252471903707,0.0107546495846644,"Prkaca/Mtor/Acvr1b/Ogt/Map3k12/Sbk1/Tbk1/Stk39/Bcl2/Cdk10/Akt3/Cdk1/Irgm2/Camk2a",14
"GO:0018210","peptidyl-threonine modification","14/2646","62/25615",0.225806451612903,2.18595323434033,3.17325548756765,0.00373785657352598,0.0174252471903707,0.0107546495846644,"Prkaca/Mtor/Acvr1b/Ogt/Map3k12/Sbk1/Tbk1/Stk39/Bcl2/Cdk10/Akt3/Cdk1/Irgm2/Camk2a",14
"GO:0071772","response to BMP","32/2646","190/25615",0.168421052631579,1.63042526952301,2.96034625569196,0.00382381351073639,0.0178001289804135,0.0109860220434614,"Dand5/Tnfaip6/Htra3/Ski/Ext1/Sox9/Hfe/Neo1/Hivep1/Gpr155/Egr1/Nfix/Eng/Htra1/Lefty1/Nbl1/Pparg/Acvr2a/Smad6/Nfia/Vsir/Bmp4/Bmp2/Cav1/Mapk3/Numa1/Ccn1/Tmem119/Acvrl1/Kdr/Smpd3/Acvr2b",32
"GO:0071773","cellular response to BMP stimulus","32/2646","190/25615",0.168421052631579,1.63042526952301,2.96034625569196,0.00382381351073639,0.0178001289804135,0.0109860220434614,"Dand5/Tnfaip6/Htra3/Ski/Ext1/Sox9/Hfe/Neo1/Hivep1/Gpr155/Egr1/Nfix/Eng/Htra1/Lefty1/Nbl1/Pparg/Acvr2a/Smad6/Nfia/Vsir/Bmp4/Bmp2/Cav1/Mapk3/Numa1/Ccn1/Tmem119/Acvrl1/Kdr/Smpd3/Acvr2b",32
"GO:0006937","regulation of muscle contraction","30/2646","175/25615",0.171428571428571,1.65954000647878,2.97142103659832,0.00383079753626576,0.0178197272794868,0.010998117874108,"Nr4a1/Calcrl/Fkbp1b/Agrn/Adra2b/Htr7/Cald1/Pde4d/Adrb1/Jup/Arg2/Rgs2/Edn1/Zc3h12a/Trpm4/Ptgs2/Lck/Adora2b/Trpv4/Ccn2/Sphk1/Bin1/Ptgs1/Pde4b/Cav1/Grcc10/Slc8a1/Tmem38b/Dbn1/Prkd1",30
"GO:0070373","negative regulation of ERK1 and ERK2 cascade","17/2646","82/25615",0.207317073170732,2.00696403222536,3.09979190988128,0.00385768773114532,0.017899815407457,0.0110475472878088,"Tnip1/Rgs14/Dusp7/Dusp6/Lyn/Sema6a/Spry4/Arrb1/Cav1/Atf3/Ptpn1/Epha4/Spry1/Ankrd26/Pin1/Igf1/Klf4",17
"GO:0010544","negative regulation of platelet activation","6/2646","16/25615",0.375,3.63024376417234,3.57196396899105,0.00387309206356868,0.017899815407457,0.0110475472878088,"Ubash3b/Ceacam1/Pdgfa/C1qtnf1/Pdgfb/Serpine2",6
"GO:0034145","positive regulation of toll-like receptor 4 signaling pathway","6/2646","16/25615",0.375,3.63024376417234,3.57196396899105,0.00387309206356868,0.017899815407457,0.0110475472878088,"Lyn/Peli1/Cd14/Lbp/Znrf1/Ticam2",6
"GO:0035627","ceramide transport","6/2646","16/25615",0.375,3.63024376417234,3.57196396899105,0.00387309206356868,0.017899815407457,0.0110475472878088,"Gltp/Vapa/Abca2/Abcb1a/Pltp/Sgpp1",6
"GO:0046185","aldehyde catabolic process","6/2646","16/25615",0.375,3.63024376417234,3.57196396899105,0.00387309206356868,0.017899815407457,0.0110475472878088,"Haghl/Esd/Aldh3b1/Aldh2/Gatd1/Pnkd",6
"GO:0050999","regulation of nitric-oxide synthase activity","6/2646","16/25615",0.375,3.63024376417234,3.57196396899105,0.00387309206356868,0.017899815407457,0.0110475472878088,"Cnr2/Nod1/Arg2/Cav1/Gch1/Il1b",6
"GO:0051044","positive regulation of membrane protein ectodomain proteolysis","6/2646","16/25615",0.375,3.63024376417234,3.57196396899105,0.00387309206356868,0.017899815407457,0.0110475472878088,"Snx9/Tnfrsf1b/Sh3d19/Adam9/Adam8/Il1b",6
"GO:0070278","extracellular matrix constituent secretion","6/2646","16/25615",0.375,3.63024376417234,3.57196396899105,0.00387309206356868,0.017899815407457,0.0110475472878088,"Tnfrsf1b/Eng/Ccn2/Rgcc/Bmp2/Tmem38b",6
"GO:1904627","response to phorbol 13-acetate 12-myristate","6/2646","16/25615",0.375,3.63024376417234,3.57196396899105,0.00387309206356868,0.017899815407457,0.0110475472878088,"Adam15/Inhbb/Pld2/Btg2/Fos/Prkd1",6
"GO:0009151","purine deoxyribonucleotide metabolic process","7/2646","21/25615",0.333333333333333,3.22688334593097,3.46497902953532,0.00391713643983091,0.0180126589044193,0.0111171929148968,"Ak3/Gda/Dck/Samhd1/Dguok/Guk1/Nudt16",7
"GO:0010884","positive regulation of lipid storage","7/2646","21/25615",0.333333333333333,3.22688334593097,3.46497902953532,0.00391713643983091,0.0180126589044193,0.0111171929148968,"Hilpda/Acacb/Ikbke/Asxl2/Ehd1/Zc3h12a/Plin3",7
"GO:0043116","negative regulation of vascular permeability","7/2646","21/25615",0.333333333333333,3.22688334593097,3.46497902953532,0.00391713643983091,0.0180126589044193,0.0111171929148968,"Ramp2/Ceacam1/Adora2a/Akap12/Cldn5/Pde2a/Adm",7
"GO:0046514","ceramide catabolic process","7/2646","21/25615",0.333333333333333,3.22688334593097,3.46497902953532,0.00391713643983091,0.0180126589044193,0.0111171929148968,"Gba2/Acer2/Glb1/Hexb/Hexa/Neu1/Asah2",7
"GO:0051988","regulation of attachment of spindle microtubules to kinetochore","7/2646","21/25615",0.333333333333333,3.22688334593097,3.46497902953532,0.00391713643983091,0.0180126589044193,0.0111171929148968,"Cdca8/Ccnb1/Rcc2/Nek2/Cdk1/Cenpe/Birc5",7
"GO:1902992","negative regulation of amyloid precursor protein catabolic process","7/2646","21/25615",0.333333333333333,3.22688334593097,3.46497902953532,0.00391713643983091,0.0180126589044193,0.0111171929148968,"Olfm1/Hap1/Prnp/Bin1/Pin1/Igf1/Spon1",7
"GO:1990182","exosomal secretion","7/2646","21/25615",0.333333333333333,3.22688334593097,3.46497902953532,0.00391713643983091,0.0180126589044193,0.0111171929148968,"Snf8/Prkn/Atp13a2/Sdc4/Sdc1/Steap3/Smpd3",7
"GO:0006469","negative regulation of protein kinase activity","23/2646","124/25615",0.185483870967742,1.79560444249384,3.0142355263521,0.00394299328881397,0.0181185900481695,0.011182572322069,"Ubash3b/Tfap4/Rgs14/Dusp7/Ceacam1/Hmgcr/Adora2a/Adar/Zgpat/Lyn/Spry4/Tsc2/Gprc5a/Fabp4/Cep85/Aida/Cav1/Ptpn1/Spry1/Dbndd2/Nf1/Inppl1/Gadd45a",23
"GO:0032007","negative regulation of TOR signaling","18/2646","89/25615",0.202247191011236,1.95788427730643,3.07241052605782,0.00396379037711315,0.0182011360847569,0.0112335187269264,"Prkaca/Hif1a/Mtor/Cul3/Ddit4/Src/Sh3bp4/Tbk1/Peli1/Spaar/Atm/Gpr155/Tsc2/Pdcd6/Kptn/Pim1/Rps6ka1/Mapk3",18
"GO:0008286","insulin receptor signaling pathway","29/2646","168/25615",0.172619047619048,1.67106458985711,2.96185127691855,0.00398706014050673,0.0182818517791686,0.0112833354669645,"Mtor/Bcar3/Sh2b2/Snx5/Blvrb/Pik3r2/Socs3/Pip4k2b/Ptpra/Slc27a4/Ogt/Src/Cav2/Slc2a8/Tsc2/Ide/Slc39a14/Akt3/Mapk3/Ptpn1/Foxo4/Ankrd26/Sos1/Igf1/Sorbs1/Atp6v0c/Inppl1/Il1b/Fer",29
"GO:0072175","epithelial tube formation","29/2646","168/25615",0.172619047619048,1.67106458985711,2.96185127691855,0.00398706014050673,0.0182818517791686,0.0112833354669645,"Prkaca/Hif1a/Tgif1/Vasp/Rarg/Ift57/Ski/Ptch1/Cdk20/Sdc4/Lmo4/Sox9/Tgfb2/Podxl/Glmn/Tsc2/Fuz/Traf6/Brpf1/Bmp4/Adm/Tmed2/Sema4c/Ift172/Nup50/Kat2a/Deaf1/Plxnb2/Ipmk",29
"GO:0035148","tube formation","31/2646","183/25615",0.169398907103825,1.63989153645672,2.94852104610063,0.00399679174305476,0.0183134023947103,0.0113028081212473,"Prkaca/Hif1a/Tgm2/Tgif1/Vasp/Rarg/Ift57/Ski/Ptch1/Cdk20/Sdc4/Lmo4/Sox9/Tgfb2/Podxl/Glmn/Tsc2/Fuz/Traf6/Brpf1/Bmp4/Adm/Tmed2/Sema4c/Ift172/Nup50/Kat2a/Deaf1/Sdccag8/Plxnb2/Ipmk",31
"GO:0043270","positive regulation of monoatomic ion transport","40/2646","252/25615",0.158730158730159,1.53661111710998,2.90550885930756,0.00400387002193622,0.018332759102579,0.0113147548447552,"Alox5/Gpd1l/Cxcl1/Mllt6/Stim2/P2ry6/Atpsckmt/Ager/Aplnr/Adrb1/Lilra5/Scn1b/Myo5a/Fxyd2/Wnk1/Edn1/Asph/Stk39/Clec4b1/Ccl3/Kcnn4/Cd4/Cxcl12/P2ry12/Pdgfb/Akt3/Bmp4/Cav1/Stimate/Lcn2/Cxcl10/Mylk/Cacna1d/Amigo1/Camk2a/Cx3cl1/Atp1b3/Trem2/Plcg1/Itpr1",40
"GO:0007091","metaphase/anaphase transition of mitotic cell cycle","19/2646","96/25615",0.197916666666667,1.91596198664651,3.05171392645119,0.00402449981007676,0.0183965955311083,0.0113541539081985,"Cul3/Smarcb1/Tacc3/Bub1b/Cdca8/Cdc20/Ube2c/Bcl7a/Nek6/Ccnb1/Zwint/Atm/Knl1/Bub1/Smarce1/Cenpe/Smarca2/Ska1/Birc5",19
"GO:0006826","iron ion transport","15/2646","69/25615",0.217391304347826,2.10448913865063,3.11807903747461,0.00402926679829846,0.0183965955311083,0.0113541539081985,"Hif1a/Slco2b1/Nectin1/Hfe/Steap3/Steap4/Slc11a2/Iscu/Trf/Fth1/Slc39a14/Tfrc/Slc40a1/Lcn2/Slc39a8",15
"GO:0061371","determination of heart left/right asymmetry","15/2646","69/25615",0.217391304347826,2.10448913865063,3.11807903747461,0.00402926679829846,0.0183965955311083,0.0113541539081985,"Hif1a/Dand5/Sox17/Mef2c/Ift57/Aplnr/Kif3a/Gja1/Asb2/Smad3/Eng/Tgfbr2/Tmed2/Ift172/Smo",15
"GO:1903053","regulation of extracellular matrix organization","15/2646","69/25615",0.217391304347826,2.10448913865063,3.11807903747461,0.00402926679829846,0.0183965955311083,0.0113541539081985,"Tnfrsf1b/Colgalt1/Sox9/Tgfb2/Timp3/Tcf15/Stat3/Smad3/Cflar/Plaur/Pparg/Rgcc/Pdpn/Bmp2/Plau",15
"GO:0001945","lymph vessel development","9/2646","32/25615",0.28125,2.72268282312925,3.30953635220459,0.00407770175676614,0.018578124883309,0.0114661916056223,"Npr2/Ptpn14/Sox18/Pdpn/Tmem204/Acvrl1/Kdr/Nfatc1/Acvr2b",9
"GO:0033032","regulation of myeloid cell apoptotic process","9/2646","32/25615",0.28125,2.72268282312925,3.30953635220459,0.00407770175676614,0.018578124883309,0.0114661916056223,"Mef2c/Ccr5/Selenos/Slc7a11/Nod2/Bcl2/St6gal1/Thra/Fcer1g",9
"GO:0045932","negative regulation of muscle contraction","9/2646","32/25615",0.28125,2.72268282312925,3.30953635220459,0.00407770175676614,0.018578124883309,0.0114661916056223,"Calcrl/Adrb1/Arg2/Rgs2/Zc3h12a/Ptgs2/Adora2b/Bin1/Dbn1",9
"GO:0042908","xenobiotic transport","12/2646","50/25615",0.24,2.32335600907029,3.17907940832904,0.00416230171853605,0.0189111586694821,0.011671735987921,"Slc15a2/Slco2b1/Slc2a1/Abca8a/Ralbp1/Gja1/Slc7a5/Abcg1/Abcb1a/Pim1/Abcc3/Abcc4",12
"GO:0085029","extracellular matrix assembly","12/2646","50/25615",0.24,2.32335600907029,3.17907940832904,0.00416230171853605,0.0189111586694821,0.011671735987921,"Ramp2/Qsox1/Sox9/Smad3/Eln/Gas6/Plod3/Pparg/Rgcc/Col8a1/Col3a1/Smpd3",12
"GO:0002286","T cell activation involved in immune response","25/2646","139/25615",0.179856115107914,1.74112410751671,2.97368730653839,0.00416551829348026,0.0189111586694821,0.011671735987921,"Mtor/Sema6d/Jak2/Ccl19/Relb/Ceacam1/Malt1/Zc3h12a/Spn/Stat3/Sema4a/Bcl3/Cd81/Clec4e/Stat4/Nlrp3/Batf/Trem2/Slfn2/Ly9/Clec4d/Fcer1g/Irf4/Stx11/Psen2",25
"GO:0019882","antigen processing and presentation","25/2646","139/25615",0.179856115107914,1.74112410751671,2.97368730653839,0.00416551829348026,0.0189111586694821,0.011671735987921,"Fcgr4/Ctsl/Ccl19/Relb/Tapbpl/H2-T23/Nod1/Wdfy4/Mfsd6/Ext1/Hfe/Rab10/Ighm/Nod2/Cst7/Cd68/Thbs1/Ide/Marchf1/Traf6/Trem2/Fcer1g/Rab8b/H2-T24/Mr1",25
"GO:0033673","negative regulation of kinase activity","25/2646","139/25615",0.179856115107914,1.74112410751671,2.97368730653839,0.00416551829348026,0.0189111586694821,0.011671735987921,"Ubash3b/Tfap4/Rgs14/Dusp7/Prkn/Ceacam1/Hmgcr/Adora2a/Adar/Wnk1/Zgpat/Lyn/Spry4/Tsc2/Gprc5a/Fabp4/Cep85/Aida/Cav1/Ptpn1/Spry1/Dbndd2/Nf1/Inppl1/Gadd45a",25
"GO:0030509","BMP signaling pathway","30/2646","176/25615",0.170454545454545,1.65011080189652,2.93735391622918,0.00417220227002009,0.0189281266826335,0.0116822084382454,"Dand5/Tnfaip6/Htra3/Ski/Ext1/Hfe/Neo1/Hivep1/Gpr155/Egr1/Eng/Htra1/Lefty1/Nbl1/Pparg/Acvr2a/Smad6/Nfia/Vsir/Bmp4/Bmp2/Cav1/Mapk3/Numa1/Ccn1/Tmem119/Acvrl1/Kdr/Smpd3/Acvr2b",30
"GO:0048193","Golgi vesicle transport","47/2646","308/25615",0.152597402597403,1.47724205122164,2.85993595703718,0.00424311483397225,0.0192362524300901,0.0118723798834884,"Gltp/Ap3s1/Vapa/Lman2l/Tmed5/Cul3/Cog6/Rab13/Golt1b/Plpp3/Eps15/Exoc8/Trappc12/Rab6b/Vti1a/Copz2/Vamp5/Blzf1/Aldh7a1/Pgap1/Cnst/Myo5a/Bicd2/Surf4/Ap1g2/Arl1/Rab4b/Sgsm2/Rab10/Ccdc91/Myo18a/Lyplal1/Wipi1/Dipk2a/Psmd14/Pdcd6/Rab31/Rabggta/Gosr2/Exoc6/Ap5z1/Rab11fip3/Tmed2/Mppe1/Prkd1/Ergic1/Rab7b",47
"GO:0009156","ribonucleoside monophosphate biosynthetic process","10/2646","38/25615",0.263157894736842,2.54753948362971,3.24019623878507,0.00426598581650326,0.0192429384010216,0.0118765063830275,"Dhodh/Dck/Impdh1/Uck2/Prps1l3/Pfas/Prps2/Aprt/Nudt2/Upp2",10
"GO:0035909","aorta morphogenesis","10/2646","38/25615",0.263157894736842,2.54753948362971,3.24019623878507,0.00426598581650326,0.0192429384010216,0.0118765063830275,"Chd7/Ephb4/Tgfb2/Naglu/Hey1/Eng/Tgfbr2/Mylk/Acvrl1/Col3a1",10
"GO:0090022","regulation of neutrophil chemotaxis","10/2646","38/25615",0.263157894736842,2.54753948362971,3.24019623878507,0.00426598581650326,0.0192429384010216,0.0118765063830275,"Ccl19/Tnfaip6/C5ar2/Edn1/Nod2/Mpp1/Lbp/C3ar1/Camk1d/Il1b",10
"GO:1902229","regulation of intrinsic apoptotic signaling pathway in response to DNA damage","10/2646","38/25615",0.263157894736842,2.54753948362971,3.24019623878507,0.00426598581650326,0.0192429384010216,0.0118765063830275,"Ackr3/Nacc2/Steap3/Snai1/Cdkn2d/Cxcl12/Knl1/Bcl2l12/Trim32/Plscr1",10
"GO:0001893","maternal placenta development","11/2646","44/25615",0.25,2.42016250944822,3.20002303384984,0.00427454438017712,0.0192429384010216,0.0118765063830275,"Parp2/Tppp3/Ctsl/Epor/Parp1/Rxra/Ptgs2/Prdm1/Mapk3/Stox2/Tmed2",11
"GO:0006972","hyperosmotic response","11/2646","44/25615",0.25,2.42016250944822,3.20002303384984,0.00427454438017712,0.0192429384010216,0.0118765063830275,"Slc2a1/Fxyd2/Wnk1/Stk39/Trpv4/Xrcc6/Hnmt/Aqp1/Slc25a23/Slc12a2/Micu1",11
"GO:0009595","detection of biotic stimulus","11/2646","44/25615",0.25,2.42016250944822,3.20002303384984,0.00427454438017712,0.0192429384010216,0.0118765063830275,"Tlr2/Nr4a1/Nod1/Naip5/Dach1/Nod2/Lbp/Naip6/Nlrp3/Trem2/Smo",11
"GO:0010664","negative regulation of striated muscle cell apoptotic process","11/2646","44/25615",0.25,2.42016250944822,3.20002303384984,0.00427454438017712,0.0192429384010216,0.0118765063830275,"Jak2/Acot1/Gpr35/Hmgcr/Sirt5/Mrtfa/Bcl2/Nupr1/Cflar/Sirt4/Gch1",11
"GO:0046320","regulation of fatty acid oxidation","11/2646","44/25615",0.25,2.42016250944822,3.20002303384984,0.00427454438017712,0.0192429384010216,0.0118765063830275,"Fmo1/Mtor/Acacb/Appl2/Sox9/Cpt1a/Abcd1/Pparg/Sirt4/Abcd2/Dgat2",11
"GO:0046677","response to antibiotic","11/2646","44/25615",0.25,2.42016250944822,3.20002303384984,0.00427454438017712,0.0192429384010216,0.0118765063830275,"Hif1a/Jak2/Hpse/Slc29a1/Mdm2/Mef2c/Hyal2/Ciita/Hyal3/Ppp2cb/Zc3h8",11
"GO:0008643","carbohydrate transport","27/2646","154/25615",0.175324675324675,1.69725682480785,2.94562857697551,0.00429518626900842,0.0193223225434945,0.0119255013054839,"Slc2a9/Slc45a4/Sh2b2/Acacb/Slc50a1/Slc2a1/Mapk14/Slc27a4/Appl2/Edn1/Rab4b/Ahi1/Slc2a8/Hk2/Pea15a/Stxbp3/Tsc2/Ace/Slc27a1/Slc25a27/Aqp1/Mfsd12/Igf1/Sorbs1/Aqp7/Il1b/Smpd3",27
"GO:0008637","apoptotic mitochondrial changes","23/2646","125/25615",0.184,1.78123960695389,2.97178181113151,0.00437042695426094,0.019647041815376,0.0121259140711864,"Prkn/Mmp9/Sod2/Ppp2cb/Hgf/Bcl2a1b/Bcl2a1a/Jun/Higd1a/Bcl2/Hk2/Smad3/Bok/Tnfsf10/Bcl2a1d/Tmem14a/Plaur/Acaa2/Plscr3/Fas/Camk2a/Igf1/Casp6",23
"GO:0007389","pattern specification process","70/2646","496/25615",0.141129032258065,1.36622077146271,2.79540808606313,0.0044393233758019,0.0199156451470414,0.0122916927644684,"Tdrkh/Hif1a/Dand5/Sox17/Ripply3/Tifab/Ssbp3/Tgif1/Rfng/Rarg/Mef2c/Ift57/Aplnr/Ski/Ptch1/Dchs1/Pgap1/Kif3a/Tbc1d32/Map3k4/Wls/Ext1/Meis1/Edn1/Asph/Gja1/Invs/Bhlhe41/Efnb1/Dync2h1/Asb2/Tcf15/Ttc21b/Atm/Itgam/Snai1/Tmem107/Wt1/Hey1/Smad3/Eng/Egr2/Fuz/Tgfbr2/Sema3f/Fgfr1/Lefty1/Nbl1/Acvr2a/Smad6/Btg2/Aida/Bmp4/Bmp2/Ring1/Spry1/Tdrd7/Tmed2/Ifitm1/Mllt3/Ift172/Ap1b1/Ets2/Nrp1/Smo/Kat2a/Aurka/Acvrl1/Psen2/Acvr2b",70
"GO:0001676","long-chain fatty acid metabolic process","26/2646","147/25615",0.17687074829932,1.71222381620827,2.93927565441667,0.00444351384100822,0.0199156451470414,0.0122916927644684,"Alox5/Ephx1/Daglb/Fads1/Acot2/Hacl1/Acot1/Sco1/Myo5a/Slc27a4/Ptges/Cpt1a/Abcd1/Mgll/Ptgs2/Sigmar1/Sphk1/Gstm2/Ptgs1/Slc27a1/Ltc4s/Acsl4/Mgst3/Prxl2b/Gstm1/Asah2",26
"GO:0000768","syncytium formation by plasma membrane fusion","22/2646","118/25615",0.186440677966102,1.80486695619868,2.97428881640245,0.00444877814227965,0.0199156451470414,0.0122916927644684,"Tnfsf14/Camk1/Capn2/Ccl8/Dnmt1/Dock2/Mapk14/Ehd1/Ehd2/Neo1/Adam9/Cd53/Cxcl12/Cflar/Cd81/Tcta/Ptgfrn/Cxcl10/Adam8/Trem2/Scgb3a1/Stat1",22
"GO:0043502","regulation of muscle adaptation","22/2646","118/25615",0.186440677966102,1.80486695619868,2.97428881640245,0.00444877814227965,0.0199156451470414,0.0122916927644684,"Akap1/Mtor/Parp2/Acacb/Mef2c/Adrb1/Foxo3/Rgs2/Gtf2i/Tnfrsf1b/Edn1/Parp1/Mrtfa/Smad3/Kcnn4/Aif1/Pparg/Jarid2/Pin1/Igf1/Klf4/Nfatc1",22
"GO:0070936","protein K48-linked ubiquitination","22/2646","118/25615",0.186440677966102,1.80486695619868,2.97428881640245,0.00444877814227965,0.0199156451470414,0.0122916927644684,"Rnf170/Cul3/Keap1/Prkn/Dtx4/Ube2c/Trim21/Peli1/Tnfaip3/Rffl/Dtx3l/Traf6/Birc2/Cdc34/Rnf5/Ttc3/Dusp22/Tax1bp1/Mycbp2/Foxo4/Trim65/Znrf1",22
"GO:0140253","cell-cell fusion","22/2646","118/25615",0.186440677966102,1.80486695619868,2.97428881640245,0.00444877814227965,0.0199156451470414,0.0122916927644684,"Tnfsf14/Camk1/Capn2/Ccl8/Dnmt1/Dock2/Mapk14/Ehd1/Ehd2/Neo1/Adam9/Cd53/Cxcl12/Cflar/Cd81/Tcta/Ptgfrn/Cxcl10/Adam8/Trem2/Scgb3a1/Stat1",22
"GO:0043010","camera-type eye development","61/2646","422/25615",0.144549763033175,1.39933566897006,2.80748189492292,0.0044731031182275,0.0200105950080038,0.0123502946581235,"Tspan12/Chd7/Hif1a/Slc25a25/Gpd2/Wdpcp/Cryba4/Bcar3/Rhoj/Tgif1/Rarg/B3glct/Ski/Cdk20/Tbc1d32/Maf/Nectin1/Meis1/Sox9/Gja1/Tgfb2/Naglu/Arhgef15/Pds5b/Plaat3/Mitf/Rxra/Jun/Ahi1/Wt1/Nfix/Smad3/Tgfbr2/Cdkn1c/Prdm1/Pdgfb/Adamts9/Nfia/Bmp4/Grcc10/Mdm1/Serpinf1/Myom1/Aqp1/Fos/Ring1/Spry1/Tdrd7/Sos1/Cln8/Tmod1/Col8a1/Nrp1/Nf1/Nes/Klf4/Acvrl1/Myh10/Kdr/Celf4/Acvr2b",61
"GO:0001942","hair follicle development","21/2646","111/25615",0.189189189189189,1.83147433147433,2.97967409182171,0.00450528151032738,0.0201265148973179,0.0124218389969696,"Ctsl/Runx3/Hpse/Acvr1b/Myo5a/Ext1/Sox18/Sox9/Tgfb2/Naglu/Snai1/Bcl2/Lgr4/Pdgfa/Fuz/Numa1/Sos1/Nf1/Smo/Rhbdf2/Psen2",21
"GO:0090288","negative regulation of cellular response to growth factor stimulus","21/2646","111/25615",0.189189189189189,1.83147433147433,2.97967409182171,0.00450528151032738,0.0201265148973179,0.0124218389969696,"Dand5/Cxcl13/Tnfaip6/Htra3/Ski/Nedd4/Sema6a/Spry4/Sulf2/Gpr155/Thbs1/Pdcd6/Htra1/Nbl1/Cflar/Pparg/Smad6/Bmp4/Cav1/Ptpn1/Spry1",21
"GO:2000045","regulation of G1/S transition of mitotic cell cycle","28/2646","162/25615",0.172839506172839,1.6731987719642,2.91738611897331,0.00452589477404702,0.020204550402,0.0124700015566654,"Prmt2/Ccnd1/Sass6/Smarcb1/Id2/Adamts1/Mdm2/Appl2/Bcl7a/Mblac1/Zc3h12d/Bcl2/Cdkn2d/Rrm2/Dbf4/Aif1/Ppp2ca/Klf11/Rgcc/Pdpn/Pim1/Smarce1/Smarca2/Ccne1/Kank2/E2f1/Jade1/Klf4",28
"GO:0043112","receptor metabolic process","19/2646","97/25615",0.195876288659794,1.89620980121716,3.00147560845153,0.00453081350867885,0.0202124624859396,0.0124748847981669,"Abca2/Eps15/Inpp5f/Pheta2/Nedd4/Plekha3/Tbc1d16/Ramp3/Ide/Dtx3l/Furin/Als2/Ptpn1/Pex6/Fut8/Capn1/Atp6v0c/Psen2/Rab29",19
"GO:0072089","stem cell proliferation","20/2646","104/25615",0.192307692307692,1.86166346880633,2.98849950232217,0.00453466652120106,0.0202156125830643,0.0124768289996099,"Cxcl1/Hdac5/Sox17/Ang/Sox18/Septin4/Gja1/Ncoa3/Eif2ak2/Fgfr1/Abcb1a/Ace/Bmp4/Pim1/Ctc1/Ccne1/Taf4b/Mecom/Nes/Nfatc1",20
"GO:0051225","spindle assembly","25/2646","140/25615",0.178571428571429,1.72868750674873,2.93434263491177,0.00458502775887872,0.0204259489064056,0.0126066460075267,"Ccnb2/Tubgcp5/Sass6/Kif15/Spice1/Cdca8/Kif11/Cdc20/Csnk1d/Stard9/Arhgef10/Tpx2/Nek2/Wrap73/Chek2/Cenpe/Cenpv/Numa1/Rcc1/Ska1/Aurka/Birc5/Kif4/Ccdc61/Ckap2l",25
"GO:0048639","positive regulation of developmental growth","36/2646","223/25615",0.161434977578475,1.56279552179616,2.86495093409997,0.00462825312499837,0.0205757080103734,0.012699075496055,"Chd7/Mtor/Parp2/Eif2b2/Agrn/Sema4d/Acacb/Mef2c/Serp1/Prkn/Adrb1/Jup/Cdk20/Mapk14/Fgf9/L1cam/Edn1/Cdkl5/Dbnl/Ccnb1/Bcl2/Wt1/Ist1/Hopx/Sh3pxd2b/Fgfr1/Cxcl12/Cdk1/Rnd2/Pim1/Dbn1/Pin1/Sema7a/Igf1/Nrp1/Smo",36
"GO:0048736","appendage development","36/2646","223/25615",0.161434977578475,1.56279552179616,2.86495093409997,0.00462825312499837,0.0205757080103734,0.012699075496055,"Chd7/Npr2/Wdpcp/Rarg/Sik3/B3glct/Ski/Slc7a11/Idua/Ptch1/Tbc1d32/Fgf9/Ext1/Gna12/Sox9/Asph/Gja1/Tgfb2/Naglu/Iqce/Dync2h1/Fbxw4/Chst11/Tmem107/Fuz/Fgfr1/Nfia/Bmp4/Mustn1/Cnpy4/Lmbr1/Ift172/Mecom/Kat2a/Col3a1/Psen2",36
"GO:0060173","limb development","36/2646","223/25615",0.161434977578475,1.56279552179616,2.86495093409997,0.00462825312499837,0.0205757080103734,0.012699075496055,"Chd7/Npr2/Wdpcp/Rarg/Sik3/B3glct/Ski/Slc7a11/Idua/Ptch1/Tbc1d32/Fgf9/Ext1/Gna12/Sox9/Asph/Gja1/Tgfb2/Naglu/Iqce/Dync2h1/Fbxw4/Chst11/Tmem107/Fuz/Fgfr1/Nfia/Bmp4/Mustn1/Cnpy4/Lmbr1/Ift172/Mecom/Kat2a/Col3a1/Psen2",36
"GO:0007219","Notch signaling pathway","33/2646","200/25615",0.165,1.59730725623583,2.87826190827729,0.00463816929689044,0.0206055322013998,0.0127174826222284,"Herc2/Bend6/Dtx2/Rfng/Hp/Dtx4/Neurl1a/Src/Sox9/Bcl7a/Tgfb2/Stat3/Nod2/Snai1/Mmp14/Hey1/Got1/Tgfbr2/Dtx3l/Arrb1/Timp4/Neurl1b/Slc35c2/Mib2/Bmp2/Nepro/Ift172/Egfl7/Maml2/Rhbdf2/Acvrl1/Psen2/Cdk6",33
"GO:0060999","positive regulation of dendritic spine development","15/2646","70/25615",0.214285714285714,2.07442500809848,3.05516558640119,0.00464855376289086,0.020637394176096,0.0127371474435758,"Mtor/Mapk6/Camk1/Neurl1a/Eef2k/Caprin2/Cdkl5/Dbnl/D16Ertd472e/Tsc2/Itsn1/Ppp1r9a/Palm/Dbn1/Zmynd8",15
"GO:0015872","dopamine transport","13/2646","57/25615",0.228070175438596,2.20786755247908,3.09853130558176,0.00466964278330122,0.0207024052725514,0.0127772714977057,"Tgm2/Gabbr1/Syt7/Prkn/Myo5a/Tor1a/Rab3a/Cxcl12/Slc29a3/Syt11/Comt/Sncg/Smpd3",13
"GO:0042307","positive regulation of protein import into nucleus","13/2646","57/25615",0.228070175438596,2.20786755247908,3.09853130558176,0.00466964278330122,0.0207024052725514,0.0127772714977057,"Jak2/Mavs/Hyal2/Pik3r2/Jup/Mapk14/Zc3h12a/Ptgs2/Chp2/Tek/Cdk1/Prkd1/Smo",13
"GO:0009649","entrainment of circadian clock","8/2646","27/25615",0.296296296296296,2.86834075193864,3.29672238011813,0.00470548178334658,0.0207609992968533,0.0128134350133355,"Id2/Per3/Per1/Cry2/Sik1/Pml/Per2/Cry1",8
"GO:0031281","positive regulation of cyclase activity","8/2646","27/25615",0.296296296296296,2.86834075193864,3.29672238011813,0.00470548178334658,0.0207609992968533,0.0128134350133355,"Timp2/Adrb1/Mapk14/Adora2b/Mapk3/Cacna1d/Nf1/Adcy7",8
"GO:0032925","regulation of activin receptor signaling pathway","8/2646","27/25615",0.296296296296296,2.86834075193864,3.29672238011813,0.00470548178334658,0.0207609992968533,0.0128134350133355,"Dand5/Acvr1b/Ski/Fgf9/Lefty1/Acvr2a/Smad6/Acvr2b",8
"GO:0046641","positive regulation of alpha-beta T cell proliferation","8/2646","27/25615",0.296296296296296,2.86834075193864,3.29672238011813,0.00470548178334658,0.0207609992968533,0.0128134350133355,"Jak2/Cd80/Cd28/Cd244a/Tyk2/Tgfbr2/Cd81/Blm",8
"GO:0071459","protein localization to chromosome, centromeric region","8/2646","27/25615",0.296296296296296,2.86834075193864,3.29672238011813,0.00470548178334658,0.0207609992968533,0.0128134350133355,"Trappc12/Bub1b/Rcc2/Knl1/Cenpa/Cdk1/Cenpq/Jarid2",8
"GO:0072677","eosinophil migration","8/2646","27/25615",0.296296296296296,2.86834075193864,3.29672238011813,0.00470548178334658,0.0207609992968533,0.0128134350133355,"Ccl12/Ccl19/Ccl8/Ccl4/Ccl3/Ccl24/Cx3cl1/Adam8",8
"GO:0101023","vascular endothelial cell proliferation","8/2646","27/25615",0.296296296296296,2.86834075193864,3.29672238011813,0.00470548178334658,0.0207609992968533,0.0128134350133355,"Mef2c/Stat3/Tsc2/Fgfr1/Pparg/Akt3/Igf1/Plcg1",8
"GO:0007052","mitotic spindle organization","24/2646","133/25615",0.180451127819549,1.74688421734609,2.93106146481401,0.00471690853677381,0.0207971313934351,0.0128357353017188,"Sass6/Gnai1/Kif15/Tacc3/Spice1/Map4/Cdca8/Dlgap5/Kif11/Cdc20/Ccnb1/Arhgef10/Tpx2/Nek2/Wrap73/Chek2/Cenpe/Numa1/Rcc1/Aurka/Birc5/Kif4/Ccdc61/Ckap2l",24
"GO:0002699","positive regulation of immune effector process","46/2646","302/25615",0.152317880794702,1.47453609847177,2.81555163147304,0.00479335451213197,0.0211196909368558,0.0130348151094128,"Tlr2/Cxcl1/Stx4a/Clcf1/C6/Ccl19/Mavs/Cd40/H2-T23/Rasgrp4/Shld3/Cd27/Cd28/Fadd/Ddx60/Malt1/Cadm1/Stxbp1/Myo18a/Ighm/Nod2/Itgam/Shld1/Adora2b/Pld2/Lbp/Msh2/Pvr/Cd81/Traf6/Il1r1/Tfrc/Dhx58/Tek/Il18rap/Arg1/Nlrp3/Trem2/Cd37/Kmt5c/Fcer1g/Sema7a/H2-T24/Il1b/Mr1/Adora3",46
"GO:0003002","regionalization","64/2646","448/25615",0.142857142857143,1.38295000539898,2.77541506339385,0.00479876306247725,0.0211290294128539,0.0130405787026587,"Tdrkh/Hif1a/Dand5/Sox17/Tifab/Ssbp3/Tgif1/Rarg/Mef2c/Ift57/Aplnr/Ski/Ptch1/Pgap1/Kif3a/Tbc1d32/Map3k4/Wls/Ext1/Edn1/Gja1/Invs/Bhlhe41/Dync2h1/Asb2/Tcf15/Ttc21b/Atm/Itgam/Snai1/Tmem107/Wt1/Hey1/Smad3/Eng/Egr2/Fuz/Tgfbr2/Sema3f/Fgfr1/Lefty1/Nbl1/Acvr2a/Smad6/Btg2/Aida/Bmp4/Bmp2/Ring1/Spry1/Tdrd7/Tmed2/Ifitm1/Mllt3/Ift172/Ap1b1/Ets2/Nrp1/Smo/Kat2a/Aurka/Acvrl1/Psen2/Acvr2b",64
"GO:0048477","oogenesis","23/2646","126/25615",0.182539682539683,1.76710278467648,2.92971255261831,0.00483577818793412,0.0212774240269101,0.0131321660446913,"Tdrkh/Piwil2/Npr2/Rps6ka2/Tnfaip6/Paqr7/Foxo3/Gdf9/Inhbb/Src/Edn1/Mcmdc2/Ccnb1/Atm/Bcl2/Brca2/Hexb/Ptx3/Tdrd7/Taf4b/Igf1/Aurka/Cntrl",23
"GO:0031102","neuron projection regeneration","16/2646","77/25615",0.207792207792208,2.01156364421671,3.01722510229868,0.00485558733640677,0.0213207744696357,0.0131589214080879,"Fkbp1b/Cspg5/Jak2/Inpp5f/Hgf/Neo1/Jun/Bcl2/Nrep/Adm/Map4k4/Epha4/Fas/Rtn4rl1/Xylt1/Klf4",16
"GO:0061035","regulation of cartilage development","16/2646","77/25615",0.207792207792208,2.01156364421671,3.01722510229868,0.00485558733640677,0.0213207744696357,0.0131589214080879,"Por/Tapt1/Rarg/Rflnb/Idua/Maf/Sox9/Tgfb2/Smad3/Ccn2/Bmp4/Bmp2/Mustn1/Ccn1/Kat2a/Smpd3",16
"GO:0140056","organelle localization by membrane tethering","16/2646","77/25615",0.207792207792208,2.01156364421671,3.01722510229868,0.00485558733640677,0.0213207744696357,0.0131589214080879,"Vapa/Stx4a/Unc13b/Cep83/Exoc8/Stxbp1/Cav2/Stxbp3/Ctbp2/Exoc6/Stx2/Camk2a/Stx12/Stx11/Stx16/Psen2",16
"GO:0055001","muscle cell development","39/2646","247/25615",0.157894736842105,1.52852369017783,2.83290753374449,0.00486525942105729,0.0213486519951312,0.0131761270760888,"Akap1/Mtor/Hdac5/Ramp2/Parp2/Arpin/Neurl2/Mef2c/Adrb1/Ski/Rgs2/Meis1/Sdc1/Edn1/Naglu/Rcan1/Cav2/Asb2/Ccnb1/Bcl2/Actn1/Eng/Bin1/Cflar/Myof/Smad6/Cdk1/Bmp4/Adm/Alpk2/Myom1/Uchl1/Slc8a1/Prkd1/Tmod1/Pin1/Igf1/Smo/Myh10",39
"GO:0009157","deoxyribonucleoside monophosphate biosynthetic process","5/2646","12/25615",0.416666666666667,4.03360418241371,3.56752222999647,0.00497634180908551,0.0216732337502138,0.0133764549681038,"Dck/Dguok/Tk2/Nme3/Nme1",5
"GO:0009200","deoxyribonucleoside triphosphate metabolic process","5/2646","12/25615",0.416666666666667,4.03360418241371,3.56752222999647,0.00497634180908551,0.0216732337502138,0.0133764549681038,"Ak3/Samhd1/Dguok/Guk1/Nudt16",5
"GO:0015866","ADP transport","5/2646","12/25615",0.416666666666667,4.03360418241371,3.56752222999647,0.00497634180908551,0.0216732337502138,0.0133764549681038,"Slc25a25/Slc25a24/Slc17a9/Slc25a23/Slc35b1",5
"GO:0034135","regulation of toll-like receptor 2 signaling pathway","5/2646","12/25615",0.416666666666667,4.03360418241371,3.56752222999647,0.00497634180908551,0.0216732337502138,0.0133764549681038,"Acod1/Lyn/Nod2/Mfhas1/Trem2",5
"GO:0034214","protein hexamerization","5/2646","12/25615",0.416666666666667,4.03360418241371,3.56752222999647,0.00497634180908551,0.0216732337502138,0.0133764549681038,"Nme4/Lrrc8a/Twnk/Nme3/Nme1",5
"GO:0035589","G protein-coupled purinergic nucleotide receptor signaling pathway","5/2646","12/25615",0.416666666666667,4.03360418241371,3.56752222999647,0.00497634180908551,0.0216732337502138,0.0133764549681038,"P2ry6/P2ry12/P2ry13/Gpr34/P2ry2",5
"GO:0051231","spindle elongation","5/2646","12/25615",0.416666666666667,4.03360418241371,3.56752222999647,0.00497634180908551,0.0216732337502138,0.0133764549681038,"Cdca8/Kif11/Numa1/Birc5/Kif4",5
"GO:0051987","positive regulation of attachment of spindle microtubules to kinetochore","5/2646","12/25615",0.416666666666667,4.03360418241371,3.56752222999647,0.00497634180908551,0.0216732337502138,0.0133764549681038,"Cdca8/Ccnb1/Rcc2/Cenpe/Birc5",5
"GO:0052646","alditol phosphate metabolic process","5/2646","12/25615",0.416666666666667,4.03360418241371,3.56752222999647,0.00497634180908551,0.0216732337502138,0.0133764549681038,"Gpd1l/Gpd2/Slc37a2/Acp6/Abhd6",5
"GO:0070213","protein auto-ADP-ribosylation","5/2646","12/25615",0.416666666666667,4.03360418241371,3.56752222999647,0.00497634180908551,0.0216732337502138,0.0133764549681038,"Parp2/Parp1/Parp12/Parp11/Tiparp",5
"GO:0090385","phagosome-lysosome fusion","5/2646","12/25615",0.416666666666667,4.03360418241371,3.56752222999647,0.00497634180908551,0.0216732337502138,0.0133764549681038,"Rab39/Syt7/Tmem175/Rab20/Rab7b",5
"GO:0007611","learning or memory","54/2646","367/25615",0.147138964577657,1.4244008229995,2.77944661810716,0.00499331921448488,0.021732440808842,0.013412996841027,"Tlr2/Hif1a/Mtor/Ehmt2/Htr7/Rogdi/Pde4d/Tifab/Mef2c/Pomk/Rgs14/Ager/Prkn/Adrb1/Slc7a11/Idua/Hmgcr/Prkar1b/Hrh1/Rcan1/Slc11a2/Trpm4/Man2b1/Jun/Pde8b/Ptgs2/Egr1/Nfix/Il1rn/Prnp/Cebpb/Sigmar1/Ptgs1/Btg2/Thra/Syt11/Lcn2/Gatm/Serpinf1/Fos/Atp1a3/Acss2/Comt/Cx3cr1/Cln8/Trem2/Specc1/Apbb1/Igf1/Nf1/Kat2a/Deaf1/Il1b/Psen2",54
"GO:0090497","mesenchymal cell migration","14/2646","64/25615",0.21875,2.1176421957672,3.03844517566212,0.00505895818617917,0.0219996655122277,0.0135779246617851,"Hif1a/Sema6d/Sema4d/Edn1/Efnb1/Sema6a/Sema4a/Sema6b/Sema3f/Bmp4/Sema4c/Sema7a/Nrp1/Smo",14
"GO:0030071","regulation of mitotic metaphase/anaphase transition","18/2646","91/25615",0.197802197802198,1.91485385362936,2.96729434298153,0.00506499148390175,0.0219996655122277,0.0135779246617851,"Cul3/Smarcb1/Bub1b/Cdca8/Cdc20/Ube2c/Bcl7a/Nek6/Ccnb1/Zwint/Atm/Knl1/Bub1/Smarce1/Cenpe/Smarca2/Ska1/Birc5",18
"GO:0060998","regulation of dendritic spine development","18/2646","91/25615",0.197802197802198,1.91485385362936,2.96729434298153,0.00506499148390175,0.0219996655122277,0.0135779246617851,"Dnm3/Mtor/Mapk6/Camk1/Mef2c/Neurl1a/Eef2k/Caprin2/Cdkl5/Dbnl/D16Ertd472e/Tsc2/Itsn1/Tanc2/Ppp1r9a/Palm/Dbn1/Zmynd8",18
"GO:0015807","L-amino acid transport","20/2646","105/25615",0.19047619047619,1.84393334053198,2.94110238536497,0.00507011468026525,0.0220070383148811,0.0135824750654682,"Slc36a4/Slc36a1/Slc7a6/Slc25a15/Slc7a11/Slc15a4/Arg2/Slc7a1/Slc7a5/Stxbp1/Slc3a2/Slc38a6/Slc25a45/Sfxn3/Arg1/Per2/Slc13a3/Cln8/Nf1/Slc38a9",20
"GO:0045137","development of primary sexual characteristics","45/2646","295/25615",0.152542372881356,1.47670932779892,2.79508735740515,0.00508854338838891,0.0220139830432583,0.0135867612669402,"Ccnd1/Idh1/Npr2/Eif2b2/Rab13/Ctsl/Adamts1/Pde4d/Tnfaip6/Foxo3/Adam15/Fancg/Gdf9/Hyal3/Fgf9/Inhbb/Src/Sox9/Gja1/Dach1/Tgfb2/Mmp19/Atm/Bcl2/Mmp14/Wt1/Kitl/Cebpb/Nupr1/Bok/Msh2/Plekha1/Abcb1a/Arrb1/Hsd17b4/Acvr2a/Serpinb6a/Ace/Bmp4/Brca2/Ptx3/Tiparp/Ccno/Kdr/Fer",45
"GO:0043507","positive regulation of JUN kinase activity","9/2646","33/25615",0.272727272727273,2.64017728303443,3.19994927316525,0.00510139713886336,0.0220139830432583,0.0135867612669402,"Ager/Map3k4/Sash1/Map3k5/Il1rn/Taok3/Fgd4/Fgd2/Il1b",9
"GO:0050857","positive regulation of antigen receptor-mediated signaling pathway","9/2646","33/25615",0.272727272727273,2.64017728303443,3.19994927316525,0.00510139713886336,0.0220139830432583,0.0135867612669402,"Lipa/Cd80/Cd28/Kcnn4/Cd81/Cmtm3/Dusp22/Fcer1g/Rab29",9
"GO:0050869","negative regulation of B cell activation","9/2646","33/25615",0.272727272727273,2.64017728303443,3.19994927316525,0.00510139713886336,0.0220139830432583,0.0135867612669402,"Id2/Lyn/Atm/Samsn1/Tnfaip3/Prdm1/Hmgb3/Bank1/Fas",9
"GO:0060317","cardiac epithelial to mesenchymal transition","9/2646","33/25615",0.272727272727273,2.64017728303443,3.19994927316525,0.00510139713886336,0.0220139830432583,0.0135867612669402,"Olfm1/Adam15/Tgfb2/Snai1/Hey1/Eng/Tgfbr2/Bmp2/Spry1",9
"GO:0070977","bone maturation","9/2646","33/25615",0.272727272727273,2.64017728303443,3.19994927316525,0.00510139713886336,0.0220139830432583,0.0135867612669402,"Sema4d/Rflnb/Dchs1/Asxl2/Ext1/Snx10/Bmp2/Igf1/Xylt1",9
"GO:0090128","regulation of synapse maturation","9/2646","33/25615",0.272727272727273,2.64017728303443,3.19994927316525,0.00510139713886336,0.0220139830432583,0.0135867612669402,"Neurl1a/Cdc20/Clstn1/Igsf9/Arhgef15/Snx27/Dlgap4/Nrg2/Sema7a",9
"GO:1905820","positive regulation of chromosome separation","9/2646","33/25615",0.272727272727273,2.64017728303443,3.19994927316525,0.00510139713886336,0.0220139830432583,0.0135867612669402,"Cul3/Cdca8/Cdc20/Ube2c/Cenpe/Numa1/Ska1/Birc5/Plscr1",9
"GO:0072659","protein localization to plasma membrane","48/2646","319/25615",0.150470219435737,1.45664953546727,2.78557601334218,0.00510255615681999,0.0220139830432583,0.0135867612669402,"Stx4a/Ramp2/Rab13/Efr3b/Ehd4/Ttc7/Ager/Pik3r2/Vamp5/Blzf1/Jup/Aldh7a1/Sco1/Ptch1/Dchs1/Cnst/Myo5a/Ehd1/Wnk1/Ehd2/Lyn/Ramp3/Stxbp1/Rab10/Lyplal1/Mmp14/Mrap/Tmem88/Prnp/Ramp1/Pacs1/Snx27/Gas6/Cd81/Rab31/Pram1/Cnpy4/Rab11fip3/Tmed2/Camk2a/Palm/Atp1b3/Trem2/Rilpl2/Fcer1g/Frmd8/Rhbdf2/Sorbs1",48
"GO:0048730","epidermis morphogenesis","11/2646","45/25615",0.244444444444444,2.36638112034937,3.11368965771659,0.00513928902710101,0.022157579000065,0.0136753869363703,"Ctsl/Runx3/Ext1/Tgfb2/Naglu/Snai1/Bcl2/Plod3/Smo/Rhbdf2/Klf4",11
"GO:0015908","fatty acid transport","24/2646","134/25615",0.17910447761194,1.73384776796291,2.89076455863015,0.00519652879635878,0.0223893366786109,0.0138184249428953,"Slco2b1/Slc2a1/Abcd4/Rbp7/Tnfrsf11a/Slc27a4/Ptges/Edn1/Lyn/Abcd1/Ptgs2/Pla2g12a/Thbs1/Crot/Map2k6/Fabp4/Pparg/Ace/Slc27a1/Abcd2/Acsl4/P2ry2/Abcc4/Il1b",24
"GO:0006670","sphingosine metabolic process","7/2646","22/25615",0.318181818181818,3.08020683020683,3.31298781622522,0.00523958368187082,0.0224095110335141,0.0138308763081592,"Abca2/Plpp3/Plpp2/Acer2/Sphk1/Sgpp1/Asah2",7
"GO:0010763","positive regulation of fibroblast migration","7/2646","22/25615",0.318181818181818,3.08020683020683,3.31298781622522,0.00523958368187082,0.0224095110335141,0.0138308763081592,"Ager/Akap12/Mrtfa/Tsc2/Thbs1/Fgfr1/Slc8a1",7
"GO:0020027","hemoglobin metabolic process","7/2646","22/25615",0.318181818181818,3.08020683020683,3.31298781622522,0.00523958368187082,0.0224095110335141,0.0138308763081592,"Hif1a/Add1/Lyn/Tet2/Alas1/Cat/Klf4",7
"GO:0035633","maintenance of blood-brain barrier","7/2646","22/25615",0.318181818181818,3.08020683020683,3.31298781622522,0.00523958368187082,0.0224095110335141,0.0138308763081592,"Tspan12/Naglu/Cldn5/Ptgs2/Ptgs1/Mbp/Slc12a2",7
"GO:0045793","positive regulation of cell size","7/2646","22/25615",0.318181818181818,3.08020683020683,3.31298781622522,0.00523958368187082,0.0224095110335141,0.0138308763081592,"Ogt/Src/Edn1/Mitf/Akt3/Prkd1/Plcg1",7
"GO:0048245","eosinophil chemotaxis","7/2646","22/25615",0.318181818181818,3.08020683020683,3.31298781622522,0.00523958368187082,0.0224095110335141,0.0138308763081592,"Ccl12/Ccl19/Ccl8/Ccl4/Ccl3/Ccl24/Cx3cl1",7
"GO:0050884","neuromuscular process controlling posture","7/2646","22/25615",0.318181818181818,3.08020683020683,3.31298781622522,0.00523958368187082,0.0224095110335141,0.0138308763081592,"Rnf170/Tcf15/Gaa/Hexa/Cln8/Gch1/Pnkd",7
"GO:0061158","3'-UTR-mediated mRNA destabilization","7/2646","22/25615",0.318181818181818,3.08020683020683,3.31298781622522,0.00523958368187082,0.0224095110335141,0.0138308763081592,"Zc3h12c/Zfp36l2/Nynrin/Mov10/Zc3h12a/Zc3h12d/Plekhn1",7
"GO:0097734","extracellular exosome biogenesis","7/2646","22/25615",0.318181818181818,3.08020683020683,3.31298781622522,0.00523958368187082,0.0224095110335141,0.0138308763081592,"Snf8/Prkn/Atp13a2/Sdc4/Sdc1/Steap3/Smpd3",7
"GO:1901970","positive regulation of mitotic sister chromatid separation","7/2646","22/25615",0.318181818181818,3.08020683020683,3.31298781622522,0.00523958368187082,0.0224095110335141,0.0138308763081592,"Cul3/Cdca8/Cdc20/Ube2c/Cenpe/Ska1/Birc5",7
"GO:2000209","regulation of anoikis","7/2646","22/25615",0.318181818181818,3.08020683020683,3.31298781622522,0.00523958368187082,0.0224095110335141,0.0138308763081592,"Ptrh2/Src/Bcl2/Brms1/Cav1/Sik1/Chek2",7
"GO:0060047","heart contraction","40/2646","256/25615",0.15625,1.51260156840514,2.79766964098829,0.00526789100612725,0.0225155900355033,0.0138963469716293,"Gpd1l/Mtor/Fkbp1b/Agrn/Rps6ka2/Vegfb/Pde4d/Mdm2/Adrb1/Jup/Scn1b/Rgs2/Snta1/Ext1/Src/Edn1/Zc3h12a/Gja1/Tgfb2/Trpm4/Map2k3/Gaa/Hopx/Ccn2/Map2k6/Bin1/Thra/Pde4b/Ace/Adm/Cav1/Ptpn1/Cacna1d/Slc8a1/Atp1a3/Tmem38b/Gch1/Rbfox2/Psen2/Adora3",40
"GO:0003015","heart process","41/2646","264/25615",0.15530303030303,1.50343428617238,2.79067835611991,0.00531435158148129,0.0226990655315398,0.0140095858052417,"Gpd1l/Mtor/Fkbp1b/Agrn/Rps6ka2/Vegfb/Pde4d/Mdm2/Adrb1/Jup/Scn1b/Rgs2/Snta1/Ext1/Src/Edn1/Zc3h12a/Gja1/Tgfb2/Ramp3/Trpm4/Map2k3/Gaa/Hopx/Ccn2/Map2k6/Bin1/Thra/Pde4b/Ace/Adm/Cav1/Ptpn1/Cacna1d/Slc8a1/Atp1a3/Tmem38b/Gch1/Rbfox2/Psen2/Adora3",41
"GO:0030193","regulation of blood coagulation","15/2646","71/25615",0.211267605633803,2.04520775446329,2.99329777848821,0.00534293336294322,0.0227908392586635,0.014066227427912,"Ubash3b/Hpse/Ceacam1/Pros1/Emilin2/St3gal4/Vkorc1/Pdgfa/Thbs1/C1qtnf1/Plaur/Pdgfb/Cav1/Serpine2/Plau",15
"GO:0050432","catecholamine secretion","15/2646","71/25615",0.211267605633803,2.04520775446329,2.99329777848821,0.00534293336294322,0.0227908392586635,0.014066227427912,"Tgm2/Ly6e/Gabbr1/Syt7/Adora2a/Myo5a/Rab3a/Adora2b/Cxcl12/P2ry12/Ptgs1/Syt11/Comt/Sncg/Adora3",15
"GO:0060538","skeletal muscle organ development","36/2646","225/25615",0.16,1.54890400604686,2.80684795376725,0.00535294793750321,0.0228082691238988,0.0140769849276976,"Hdac5/Nr4a1/Tsc22d3/Mef2c/Vamp5/Ski/Hmgcr/Neurl1a/Mapk14/Fktn/Zbtb18/Ass1/Rcan1/Bcl9l/Cav2/Asb2/Bcl2/Egr1/Wt1/Nfix/Bcl9/Eln/Egr2/Nupr1/Cflar/Btg2/Mettl8/Psma6/Cav1/Atf3/Maff/Myom1/Fos/Nln/Nf1/Smo",36
"GO:0030879","mammary gland development","30/2646","179/25615",0.167597765363128,1.62245531359657,2.83643518904372,0.00535412046059144,0.0228082691238988,0.0140769849276976,"Ccnd1/Hif1a/Jak2/Id2/Slc29a1/Etv5/Ptch1/Tnfrsf11a/Socs2/Src/Sox9/Gja1/Ncoa3/Hk2/Cebpb/Tgfbr2/Fasn/Lbh/Aprt/Tgfb3/Bmp4/Cav1/Pml/Brca2/Slc12a2/Capn1/Igf1/Smo/Deaf1/Nme1",30
"GO:0071333","cellular response to glucose stimulus","33/2646","202/25615",0.163366336633663,1.58149233290676,2.81614030281914,0.00541150839385447,0.0230374618436853,0.0142184398730267,"Ncf1/Prkaca/Stx4a/Hif1a/Unc13b/Nr1d1/Fkbp1b/Smarcb1/Pck2/Slc29a1/Ager/Slc12a6/Prkn/Foxo3/Hmgcr/Ogt/Trpm4/Abcg1/Pde8b/Smad3/Klf7/Gas6/Slc39a14/Arrb1/Pde4c/Serpinf1/Cacna1d/Map4k4/Trem2/Rab11fip5/Igf1/Birc5/Zbtb20",33
"GO:0009187","cyclic nucleotide metabolic process","13/2646","58/25615",0.224137931034483,2.16980087053979,3.02714747469937,0.00546119110471449,0.0230879630312198,0.0142496085887189,"Npr2/Pde4d/Adcy9/Pde8b/Pde2a/Pde4a/Pde4b/Pde4c/Cnp/Npr1/Adcy7/Pde7a/Pde7b",13
"GO:0014075","response to amine","13/2646","58/25615",0.224137931034483,2.16980087053979,3.02714747469937,0.00546119110471449,0.0230879630312198,0.0142496085887189,"Nr4a1/Fosb/Rgs2/Adora2a/Cxcl2/Edn1/Ass1/Sigmar1/Cdk1/Hnmt/Uros/Atp1a3/Comt",13
"GO:0001845","phagolysosome assembly","6/2646","17/25615",0.352941176470588,3.41670001333867,3.3830371463336,0.00546817422896974,0.0230879630312198,0.0142496085887189,"Rab39/Syt7/Tmem175/Rab20/Myo7a/Rab7b",6
"GO:0002024","diet induced thermogenesis","6/2646","17/25615",0.352941176470588,3.41670001333867,3.3830371463336,0.00546817422896974,0.0230879630312198,0.0142496085887189,"Clic5/Adrb1/Appl2/Trpv4/Pparg/Oma1",6
"GO:0031650","regulation of heat generation","6/2646","17/25615",0.352941176470588,3.41670001333867,3.3830371463336,0.00546817422896974,0.0230879630312198,0.0142496085887189,"Ccr5/Tnfrsf11a/Ptges/Ptgs2/Slc27a1/Il1b",6
"GO:0046322","negative regulation of fatty acid oxidation","6/2646","17/25615",0.352941176470588,3.41670001333867,3.3830371463336,0.00546817422896974,0.0230879630312198,0.0142496085887189,"Fmo1/Acacb/Appl2/Sox9/Sirt4/Dgat2",6
"GO:0051299","centrosome separation","6/2646","17/25615",0.352941176470588,3.41670001333867,3.3830371463336,0.00546817422896974,0.0230879630312198,0.0142496085887189,"Kif15/Kif11/Cntrob/Nek2/Cep85/Aurka",6
"GO:0060100","positive regulation of phagocytosis, engulfment","6/2646","17/25615",0.352941176470588,3.41670001333867,3.3830371463336,0.00546817422896974,0.0230879630312198,0.0142496085887189,"Ager/Appl2/Lbp/Rab31/Pparg/Trem2",6
"GO:0060644","mammary gland epithelial cell differentiation","6/2646","17/25615",0.352941176470588,3.41670001333867,3.3830371463336,0.00546817422896974,0.0230879630312198,0.0142496085887189,"Hif1a/Id2/Ptch1/Cebpb/Lbh/Smo",6
"GO:0090153","regulation of sphingolipid biosynthetic process","6/2646","17/25615",0.352941176470588,3.41670001333867,3.3830371463336,0.00546817422896974,0.0230879630312198,0.0142496085887189,"Gltp/Abca2/Paqr4/Sphk1/Ccn1/Smpd3",6
"GO:1903541","regulation of exosomal secretion","6/2646","17/25615",0.352941176470588,3.41670001333867,3.3830371463336,0.00546817422896974,0.0230879630312198,0.0142496085887189,"Snf8/Prkn/Atp13a2/Sdc4/Sdc1/Smpd3",6
"GO:1905155","positive regulation of membrane invagination","6/2646","17/25615",0.352941176470588,3.41670001333867,3.3830371463336,0.00546817422896974,0.0230879630312198,0.0142496085887189,"Ager/Appl2/Lbp/Rab31/Pparg/Trem2",6
"GO:0006949","syncytium formation","22/2646","120/25615",0.183333333333333,1.77478584026203,2.88740276889161,0.00547009335826845,0.0230879630312198,0.0142496085887189,"Tnfsf14/Camk1/Capn2/Ccl8/Dnmt1/Dock2/Mapk14/Ehd1/Ehd2/Neo1/Adam9/Cd53/Cxcl12/Cflar/Cd81/Tcta/Ptgfrn/Cxcl10/Adam8/Trem2/Scgb3a1/Stat1",22
"GO:0007519","skeletal muscle tissue development","34/2646","210/25615",0.161904761904762,1.56734333945218,2.80193842490635,0.00553891366817801,0.0233630869365565,0.0144194117003726,"Hdac5/Nr4a1/Tsc22d3/Mef2c/Vamp5/Ski/Hmgcr/Neurl1a/Mapk14/Fktn/Zbtb18/Rcan1/Bcl9l/Cav2/Asb2/Bcl2/Egr1/Nfix/Bcl9/Eln/Egr2/Nupr1/Cflar/Btg2/Mettl8/Psma6/Cav1/Atf3/Maff/Myom1/Fos/Nln/Nf1/Smo",34
"GO:0018108","peptidyl-tyrosine phosphorylation","35/2646","218/25615",0.160550458715596,1.5542328042328,2.78927826984513,0.0056514040815439,0.0237756941472916,0.0146740678277195,"Pdgfd/Mtor/Ptpn4/Jak2/Plpp3/Osm/Vegfb/Ehd4/Unc119/Cd80/Lilra5/Src/Zgpat/Lyn/Ighm/Nod2/Samsn1/Arl2bp/Lck/Pdgfa/Fgfr1/Cd4/Pdgfc/Gprc5a/Csf1r/Pdgfb/Tek/Il15/Cav1/Mapk3/Ptpn1/Bank1/Igf1/Kdr/Fer",35
"GO:0033627","cell adhesion mediated by integrin","17/2646","85/25615",0.2,1.93613000755858,2.93415330171017,0.00565153875512363,0.0237756941472916,0.0146740678277195,"Plpp3/Cxcl13/Lpxn/Rac3/Ext1/L1cam/Wnk1/Tgfb2/Lyn/Acer2/Itgam/Adam9/Podxl/P2ry12/Icam2/Plau/Itgb5",17
"GO:0048844","artery morphogenesis","17/2646","85/25615",0.2,1.93613000755858,2.93415330171017,0.00565153875512363,0.0237756941472916,0.0146740678277195,"Chd7/Ephb4/Edn1/Tgfb2/Naglu/Hey1/Eng/Tgfbr2/Prdm1/Hpgd/Akt3/Bmp4/Mylk/Nrp1/Nf1/Acvrl1/Col3a1",17
"GO:1904019","epithelial cell apoptotic process","17/2646","85/25615",0.2,1.93613000755858,2.93415330171017,0.00565153875512363,0.0237756941472916,0.0146740678277195,"Mtor/Jak2/Ager/Itgb3bp/Selplg/Kcnn4/Nupr1/Bok/Tgfbr2/Cflar/Dnmt3a/Fas/Psmd9/E2f1/Igf1/Trim32/Casp6",17
"GO:0000075","cell cycle checkpoint signaling","32/2646","195/25615",0.164102564102564,1.5886194933814,2.80044309221115,0.00569379103624525,0.0239377706916489,0.0147740994899056,"Rnaseh2b/Ccnd1/Ints3/Nek1/Bub1b/Cdca8/Cdc20/Rad50/Mapk14/Cdc14b/Lyn/Ccnb1/Zwint/Atm/Usp28/Msh2/Dtx3l/Taok3/Tti1/Knl1/Cdk1/Bub1/Chek2/Brca2/Cenpe/Cdt1/Foxo4/Ska1/Cry1/E2f1/Birc5/Blm",32
"GO:0044784","metaphase/anaphase transition of cell cycle","19/2646","99/25615",0.191919191919192,1.85790253250571,2.90276467321136,0.00570131267438294,0.0239537165599974,0.0147839410849508,"Cul3/Smarcb1/Tacc3/Bub1b/Cdca8/Cdc20/Ube2c/Bcl7a/Nek6/Ccnb1/Zwint/Atm/Knl1/Bub1/Smarce1/Cenpe/Smarca2/Ska1/Birc5",19
"GO:0060541","respiratory system development","44/2646","289/25615",0.152249134948097,1.47387059398923,2.74971674351262,0.00575034424129713,0.02414392902359,0.0149013378925958,"Chd7/Wdpcp/Rcn3/Lipa/Rarg/Ski/Slc7a11/Rbbp9/Fgf9/Ext1/Sox9/Hikeshi/Ass1/Rab3a/Mmp14/Wt1/Pdgfa/Hopx/Fuz/Ccn2/Tgfbr2/Dhcr7/Fgfr1/Plod3/Fosl2/Pdpn/Foxp4/Thra/Tgfb3/Ace/Bmp4/Bmp2/Wwp1/Mapk3/Spry1/Tmem38b/Igf1/Elk1/Col3a1/Kdr/Psen2/Smpd3/Hs6st1/Acvr2b",44
"GO:0048873","homeostasis of number of cells within a tissue","12/2646","52/25615",0.230769230769231,2.23399616256759,3.02323669039078,0.00583206692210028,0.024471063296912,0.0151032411676699,"Rac3/Lipa/Add1/Sox9/Prdx5/Bcl2/Nfix/Fosl2/Epsti1/Akt3/Ildr2/Smo",12
"GO:0001947","heart looping","14/2646","65/25615",0.215384615384615,2.08506308506308,2.97288967942477,0.00584794733936133,0.0244737548586692,0.0151049023666887,"Hif1a/Sox17/Mef2c/Ift57/Aplnr/Kif3a/Gja1/Asb2/Smad3/Eng/Tgfbr2/Tmed2/Ift172/Smo",14
"GO:0033619","membrane protein proteolysis","14/2646","65/25615",0.215384615384615,2.08506308506308,2.97288967942477,0.00584794733936133,0.0244737548586692,0.0151049023666887,"Snx9/Tspan17/Timp2/Tnfrsf1b/Timp3/Sh3d19/Adam9/Napsa/Timp4/Adam19/Adam8/Il1b/Psen2/Timp1",14
"GO:0045005","DNA-templated DNA replication maintenance of fidelity","14/2646","65/25615",0.215384615384615,2.08506308506308,2.97288967942477,0.00584794733936133,0.0244737548586692,0.0151049023666887,"Fam111a/Pold1/Kmt5a/Rad50/Samhd1/Hltf/Smarcal1/Parp1/Atm/Zranb3/Primpol/Cdk1/Brca2/Blm",14
"GO:0050850","positive regulation of calcium-mediated signaling","14/2646","65/25615",0.215384615384615,2.08506308506308,2.97288967942477,0.00584794733936133,0.0244737548586692,0.0151049023666887,"Camta1/Sco1/L1cam/Edn1/Ramp3/Hap1/Ccl3/Prnp/Chp2/Cd4/Trem2/Igf1/Kdr/Adora3",14
"GO:0003272","endocardial cushion formation","8/2646","28/25615",0.285714285714286,2.76590001079797,3.17320418921545,0.0060007616894772,0.0250155049274507,0.0154392638875647,"Aplnr/Dchs1/Tgfb2/Snai1/Hey1/Eng/Tgfbr2/Bmp2",8
"GO:0006027","glycosaminoglycan catabolic process","8/2646","28/25615",0.285714285714286,2.76590001079797,3.17320418921545,0.0060007616894772,0.0250155049274507,0.0154392638875647,"Sgsh/Hyal2/Idua/Hyal3/Cemip2/Ids/Hexb/Hexa",8
"GO:0006740","NADPH regeneration","8/2646","28/25615",0.285714285714286,2.76590001079797,3.17320418921545,0.0060007616894772,0.0250155049274507,0.0154392638875647,"Mtor/Idh1/Acacb/Aldh1l1/Nnt/H6pd/Prps1l3/Prps2",8
"GO:0010666","positive regulation of cardiac muscle cell apoptotic process","8/2646","28/25615",0.285714285714286,2.76590001079797,3.17320418921545,0.0060007616894772,0.0250155049274507,0.0154392638875647,"Capn2/Adrb1/Trem1/Hmgcr/Map3k5/Ptpn1/Camk2a/Capn1",8
"GO:0010875","positive regulation of cholesterol efflux","8/2646","28/25615",0.285714285714286,2.76590001079797,3.17320418921545,0.0060007616894772,0.0250155049274507,0.0154392638875647,"Abca8a/Ptch1/Abcg1/Eepd1/Pparg/Cav1/Pltp/Trem2",8
"GO:0072010","glomerular epithelium development","8/2646","28/25615",0.285714285714286,2.76590001079797,3.17320418921545,0.0060007616894772,0.0250155049274507,0.0154392638875647,"Ptpro/Cd24a/Ext1/Edn1/Wt1/Podxl/Pdgfb/Basp1",8
"GO:0007098","centrosome cycle","25/2646","143/25615",0.174825174825175,1.69242133527848,2.81818510691144,0.00606044510350167,0.0252152197829629,0.0155625254553589,"Sgo1/Cep68/Sass6/Kif15/Uxt/Spice1/Kif3a/Kif11/Crocc/Arhgef10/Cntln/Cntrob/Nek2/Cep85/Ssx2ip/Slc16a1/Poc1b/Brca2/Mdm1/Plk4/Kat2a/Ccnf/Aurka/Sdccag8/Gadd45a",25
"GO:0060048","cardiac muscle contraction","25/2646","143/25615",0.174825174825175,1.69242133527848,2.81818510691144,0.00606044510350167,0.0252152197829629,0.0155625254553589,"Gpd1l/Mtor/Fkbp1b/Agrn/Vegfb/Pde4d/Adrb1/Jup/Scn1b/Rgs2/Snta1/Zc3h12a/Trpm4/Map2k3/Gaa/Ccn2/Map2k6/Bin1/Pde4b/Cav1/Cacna1d/Slc8a1/Atp1a3/Tmem38b/Psen2",25
"GO:0060972","left/right pattern formation","25/2646","143/25615",0.174825174825175,1.69242133527848,2.81818510691144,0.00606044510350167,0.0252152197829629,0.0155625254553589,"Hif1a/Dand5/Sox17/Tgif1/Mef2c/Ift57/Aplnr/Kif3a/Tbc1d32/Gja1/Invs/Dync2h1/Asb2/Snai1/Tmem107/Smad3/Eng/Tgfbr2/Lefty1/Acvr2a/Tmed2/Ift172/Ap1b1/Smo/Acvr2b",25
"GO:0099024","plasma membrane invagination","15/2646","72/25615",0.208333333333333,2.01680209120685,2.93244115484099,0.00611877573750157,0.0254414338755405,0.0157021420283811,"Snx9/Ager/Arhgap12/Appl2/Itgam/Timd4/Aif1/Lbp/Thbs1/Rab31/Pparg/Snx18/Trem2/Fcer1g/Gulp1",15
"GO:0010464","regulation of mesenchymal cell proliferation","11/2646","46/25615",0.239130434782609,2.31493805251569,3.02963225843301,0.00613653058414214,0.0254822705058365,0.0157273458974714,"Fgf9/Sox9/Fbxw4/Syne1/Pdgfa/Tgfbr2/Fgfr1/Bmp4/Smo/Stat1/Kdr",11
"GO:0042398","modified amino acid biosynthetic process","11/2646","46/25615",0.239130434782609,2.31493805251569,3.02963225843301,0.00613653058414214,0.0254822705058365,0.0157273458974714,"Gamt/Slc7a11/Aldh7a1/Aldh9a1/Ggt5/Gnmt/Ckb/Slc25a45/Gatm/Gch1/Plscr1",11
"GO:0008344","adult locomotory behavior","21/2646","114/25615",0.184210526315789,1.7832776385408,2.84480253909477,0.00618695343153568,0.0256419282865711,0.015825884728313,"Chd7/Rnf170/Cacna1a/Eps8/Id2/Adam22/Prkn/Idua/Inpp5f/Htra2/Abhd12/Cxcl12/Cnp/Uchl1/Hexa/Epha4/Atp1a3/Cln8/Tmod1/Sncg/Cstb",21
"GO:0022404","molting cycle process","21/2646","114/25615",0.184210526315789,1.7832776385408,2.84480253909477,0.00618695343153568,0.0256419282865711,0.015825884728313,"Ctsl/Runx3/Hpse/Acvr1b/Myo5a/Ext1/Sox18/Sox9/Tgfb2/Naglu/Snai1/Bcl2/Lgr4/Pdgfa/Fuz/Numa1/Sos1/Nf1/Smo/Rhbdf2/Psen2",21
"GO:0022405","hair cycle process","21/2646","114/25615",0.184210526315789,1.7832776385408,2.84480253909477,0.00618695343153568,0.0256419282865711,0.015825884728313,"Ctsl/Runx3/Hpse/Acvr1b/Myo5a/Ext1/Sox18/Sox9/Tgfb2/Naglu/Snai1/Bcl2/Lgr4/Pdgfa/Fuz/Numa1/Sos1/Nf1/Smo/Rhbdf2/Psen2",21
"GO:0007368","determination of left/right symmetry","24/2646","136/25615",0.176470588235294,1.70835000666933,2.81118059136618,0.00627761200068671,0.026000889421284,0.0160474311532317,"Hif1a/Dand5/Sox17/Tgif1/Mef2c/Ift57/Aplnr/Kif3a/Tbc1d32/Gja1/Invs/Dync2h1/Asb2/Tmem107/Smad3/Eng/Tgfbr2/Lefty1/Acvr2a/Tmed2/Ift172/Ap1b1/Smo/Acvr2b",24
"GO:0007259","cell surface receptor signaling pathway via JAK-STAT","30/2646","181/25615",0.165745856353591,1.60452763057341,2.77019721385061,0.00628846246327942,0.0260290482371823,0.0160648104302311,"Prmt2/Tlr2/Clcf1/Jak2/Osm/Csf2rb2/Cd40/Ager/Socs3/Il15ra/Socs2/Pias3/Stat3/Tyk2/Bcl3/Arl2bp/Lck/Il4ra/Csf2rb/Csf1r/Il7r/Il15/Stat4/Cav1/Fam3c/Camk2a/Stat1/Fer/Gadd45a/Pigu",30
"GO:0008045","motor neuron axon guidance","9/2646","34/25615",0.264705882352941,2.562525010004,3.09435584853272,0.00631338492385792,0.026081790836568,0.0160973625179221,"Rac3/Plxna4/Lmo4/Egr2/Sema3f/Cxcl12/Mycbp2/Epha4/Nrp1",9
"GO:0034698","response to gonadotropin","9/2646","34/25615",0.264705882352941,2.562525010004,3.09435584853272,0.00631338492385792,0.026081790836568,0.0160973625179221,"Npr2/Por/Ctsl/Pde4d/Inhbb/Edn1/Wt1/Alas1/Ccna2",9
"GO:0097205","renal filtration","9/2646","34/25615",0.264705882352941,2.562525010004,3.09435584853272,0.00631338492385792,0.026081790836568,0.0160973625179221,"Mcam/Ptpro/Edn1/Gja1/Sulf2/Gas6/Pdgfb/Aqp1/Comt",9
"GO:0030212","hyaluronan metabolic process","10/2646","40/25615",0.25,2.42016250944822,3.05086363779857,0.00632241671427176,0.0260855523265779,0.0160996840635811,"Tnfaip6/Hyal2/Hyal3/Pdgfb/Il15/Cemip2/Hexb/Hexa/Il1b/Smpd3",10
"GO:1902003","regulation of amyloid-beta formation","10/2646","40/25615",0.25,2.42016250944822,3.05086363779857,0.00632241671427176,0.0260855523265779,0.0160996840635811,"Abca2/Olfm1/Abcg1/Hap1/Prnp/Bin1/Epha4/Pin1/Igf1/Spon1",10
"GO:0010332","response to gamma radiation","13/2646","59/25615",0.220338983050847,2.13302458459843,2.95720531516271,0.00635640769283939,0.0261921507497115,0.0161654753074329,"Mdm2/Sod2/Cxcl2/Apobec1/Atm/Bcl2/Egr1/Smad3/Xrcc6/Chek2/Pml/Brca2/Elk1",13
"GO:0010463","mesenchymal cell proliferation","13/2646","59/25615",0.220338983050847,2.13302458459843,2.95720531516271,0.00635640769283939,0.0261921507497115,0.0161654753074329,"Dchs1/Fgf9/Sox9/Fbxw4/Syne1/Pdgfa/Tgfbr2/Fgfr1/Bmp4/Bmp2/Smo/Stat1/Kdr",13
"GO:0006942","regulation of striated muscle contraction","19/2646","100/25615",0.19,1.83932350718065,2.85426425687065,0.00637320413584593,0.0262445278004322,0.0161978017829558,"Nr4a1/Fkbp1b/Agrn/Pde4d/Adrb1/Jup/Arg2/Rgs2/Zc3h12a/Trpm4/Trpv4/Ccn2/Bin1/Pde4b/Cav1/Grcc10/Slc8a1/Tmem38b/Prkd1",19
"GO:0001654","eye development","67/2646","479/25615",0.139874739039666,1.35407839777061,2.65510489185785,0.00647221453176452,0.0266351737040713,0.0164389036599865,"Tspan12/Chd7/Hif1a/Slc25a25/Gpd2/Wdpcp/Cryba4/Bcar3/Rhoj/Tgif1/Rarg/B3glct/Ski/Cdk20/Tbc1d32/Maf/Fgf9/Nectin1/Inhbb/Meis1/Sox9/Gja1/Tgfb2/Naglu/Arhgef15/Stat3/Pds5b/Plaat3/Mitf/Rxra/Jun/Ahi1/Bcl2/Wt1/Nfix/Smad3/Sh3pxd2b/Tgfbr2/Cdkn1c/Prdm1/Pdgfb/Adamts9/Nfia/Bmp4/Grcc10/Mdm1/Serpinf1/Myom1/Aqp1/Fos/Ring1/Spry1/Tdrd7/Sos1/Cln8/Tmod1/Col8a1/Nrp1/Nf1/Nes/Klf4/Acvrl1/Myh10/Kdr/Celf4/Acvr2b/Casp6",67
"GO:0002702","positive regulation of production of molecular mediator of immune response","23/2646","129/25615",0.178294573643411,1.72600737107935,2.80574129702328,0.0064848277275273,0.0266699957244785,0.0164603953853674,"Tlr2/Stx4a/Clcf1/Mavs/Cd40/Shld3/Cd27/Cd28/Malt1/Nod2/Shld1/Msh2/Cd81/Traf6/Il1r1/Tfrc/Tek/Nlrp3/Cd37/Kmt5c/Fcer1g/Sema7a/Il1b",23
"GO:0008406","gonad development","44/2646","291/25615",0.151202749140893,1.46374089918518,2.70033919686372,0.00650515864572767,0.0267193984272088,0.0164908861296648,"Ccnd1/Idh1/Npr2/Eif2b2/Rab13/Ctsl/Adamts1/Pde4d/Tnfaip6/Foxo3/Adam15/Fancg/Gdf9/Hyal3/Fgf9/Inhbb/Src/Sox9/Gja1/Tgfb2/Mmp19/Atm/Bcl2/Mmp14/Wt1/Kitl/Cebpb/Nupr1/Bok/Msh2/Plekha1/Abcb1a/Arrb1/Hsd17b4/Acvr2a/Serpinb6a/Ace/Bmp4/Brca2/Ptx3/Tiparp/Ccno/Kdr/Fer",44
"GO:0048738","cardiac muscle tissue development","44/2646","291/25615",0.151202749140893,1.46374089918518,2.70033919686372,0.00650515864572767,0.0267193984272088,0.0164908861296648,"Chd7/Akap1/Mtor/Parp2/Id2/Ly6e/Mef2c/Epor/Adrb1/Cdk20/Rgs2/Mapk14/Fgf9/Meis1/Fadd/Edn1/Gja1/Tgfb2/Naglu/Asb2/Ccnb1/Rxra/Wt1/Hey1/Eng/Dipk2a/Tgfbr2/Fgfr1/Abcb1a/Hspg2/Cdk1/Bmp4/Bmp2/Sik1/Pim1/Alpk2/Slc8a1/Jarid2/Pin1/Igf1/Kat2a/Myh10/Ccm2l/Cby1",44
"GO:0034763","negative regulation of transmembrane transport","25/2646","144/25615",0.173611111111111,1.68066840933904,2.78007441977749,0.00663195119577105,0.0272227824163791,0.0168015685751367,"Mtor/Fkbp1b/Agrn/Sh2b2/Gpr35/Mmp9/Rgs2/Nedd4/Fxyd2/Appl2/Tgfb2/Grk6/Fbxo11/Stk39/Ahi1/Bcl2/Iscu/Pea15a/Stxbp3/Thbs1/Bin1/Snx27/Ace/Cav1/Il1b",25
"GO:0046364","monosaccharide biosynthetic process","22/2646","122/25615",0.180327868852459,1.74569099042167,2.80214701516226,0.00667759306553449,0.0273926295357558,0.0169063961412484,"Prkaca/Sord/Hif1a/Prkag2/Gpd2/Pck2/Pgam1/Ogt/Gnmt/Got1/Slc39a14/Sik1/Atf3/Per2/Pgk1/Dgat2/Nln/Cry1/Gnpda1/Kat2a/Pfkfb4/Chst15",22
"GO:0045058","T cell selection","14/2646","66/25615",0.212121212121212,2.05347122013789,2.90850804121773,0.0067325879172786,0.0275830004978302,0.0170238907722191,"Mtor/Ctsl/Dock2/Cd28/Spn/Stat3/Bcl2/Mink1/Cd4/Il15/Batf/Fas/Ly9/Irf4",14
"GO:0060135","maternal process involved in female pregnancy","14/2646","66/25615",0.212121212121212,2.05347122013789,2.90850804121773,0.0067325879172786,0.0275830004978302,0.0170238907722191,"Mtor/Parp2/Tppp3/Ctsl/Epor/Rgs2/Parp1/Rxra/Ptgs2/Prdm1/Mapk3/Stox2/Tmed2/Adcy7",14
"GO:0071331","cellular response to hexose stimulus","33/2646","205/25615",0.160975609756098,1.5583485426691,2.72422242490538,0.0067726995378547,0.0277296506253528,0.0171144014384852,"Ncf1/Prkaca/Stx4a/Hif1a/Unc13b/Nr1d1/Fkbp1b/Smarcb1/Pck2/Slc29a1/Ager/Slc12a6/Prkn/Foxo3/Hmgcr/Ogt/Trpm4/Abcg1/Pde8b/Smad3/Klf7/Gas6/Slc39a14/Arrb1/Pde4c/Serpinf1/Cacna1d/Map4k4/Trem2/Rab11fip5/Igf1/Birc5/Zbtb20",33
"GO:0072006","nephron development","30/2646","182/25615",0.164835164835165,1.59571154469114,2.7373825451793,0.00680429565780738,0.0278412708953851,0.017183292104863,"Pdgfd/Mpv17/Ptpro/Mef2c/Mtss1/Ptch1/Dchs1/Cd24a/Ext1/Sox9/Edn1/Sulf2/Bcl2/Egr1/Wt1/Hey1/Lgr4/Podxl/Tsc2/Cflar/C3ar1/Pdgfb/Tek/Bmp4/Bmp2/Basp1/Aqp1/Comt/Smo/Stat1",30
"GO:0008608","attachment of spindle microtubules to kinetochore","12/2646","53/25615",0.226415094339623,2.19184529157575,2.94796948205528,0.00684547380583439,0.0278810913947433,0.0172078688303582,"Sgo1/Kif2c/Cdca8/Ccnb1/Rcc2/Nek2/Knl1/Cdk1/Cenpe/Cdt1/Ska1/Birc5",12
"GO:0010883","regulation of lipid storage","12/2646","53/25615",0.226415094339623,2.19184529157575,2.94796948205528,0.00684547380583439,0.0278810913947433,0.0172078688303582,"Hilpda/Acacb/Ikbke/Asxl2/Ehd1/Zc3h12a/Ttc39b/Abcg1/Plin3/Pparg/Pnpla2/Trem2",12
"GO:0060251","regulation of glial cell proliferation","12/2646","53/25615",0.226415094339623,2.19184529157575,2.94796948205528,0.00684547380583439,0.0278810913947433,0.0172078688303582,"Mtor/Ski/Etv5/Fgf9/Lyn/Slc7a5/Cysltr1/Idh2/Fas/E2f1/Igf1/Il1b",12
"GO:0002693","positive regulation of cellular extravasation","7/2646","23/25615",0.304347826086957,2.94628479411088,3.16942714168133,0.00687044951399108,0.0278810913947433,0.0172078688303582,"Pdgfd/Ager/Fadd/Cd47/Il1r1/Cd99l2/Adam8",7
"GO:0009220","pyrimidine ribonucleotide biosynthetic process","7/2646","23/25615",0.304347826086957,2.94628479411088,3.16942714168133,0.00687044951399108,0.0278810913947433,0.0172078688303582,"Dhodh/Dck/Nme4/Uck2/Nme3/Upp2/Nme1",7
"GO:0010560","positive regulation of glycoprotein biosynthetic process","7/2646","23/25615",0.304347826086957,2.94628479411088,3.16942714168133,0.00687044951399108,0.0278810913947433,0.0172078688303582,"Pomt2/Abca2/Ccl19/Ramp1/Il15/Mustn1/Igf1",7
"GO:0010955","negative regulation of protein processing","7/2646","23/25615",0.304347826086957,2.94628479411088,3.16942714168133,0.00687044951399108,0.0278810913947433,0.0172078688303582,"Ctla2a/Mdm2/Thbs1/Il1r2/Furin/Serpine2/Plau",7
"GO:0046519","sphingoid metabolic process","7/2646","23/25615",0.304347826086957,2.94628479411088,3.16942714168133,0.00687044951399108,0.0278810913947433,0.0172078688303582,"Abca2/Plpp3/Plpp2/Acer2/Sphk1/Sgpp1/Asah2",7
"GO:0061318","renal filtration cell differentiation","7/2646","23/25615",0.304347826086957,2.94628479411088,3.16942714168133,0.00687044951399108,0.0278810913947433,0.0172078688303582,"Ptpro/Cd24a/Ext1/Edn1/Wt1/Podxl/Basp1",7
"GO:0070129","regulation of mitochondrial translation","7/2646","23/25615",0.304347826086957,2.94628479411088,3.16942714168133,0.00687044951399108,0.0278810913947433,0.0172078688303582,"Alkbh1/Fastkd3/Mtg1/Malsu1/Mettl8/Coa3/Ngrn",7
"GO:0072112","podocyte differentiation","7/2646","23/25615",0.304347826086957,2.94628479411088,3.16942714168133,0.00687044951399108,0.0278810913947433,0.0172078688303582,"Ptpro/Cd24a/Ext1/Edn1/Wt1/Podxl/Basp1",7
"GO:0097709","connective tissue replacement","7/2646","23/25615",0.304347826086957,2.94628479411088,3.16942714168133,0.00687044951399108,0.0278810913947433,0.0172078688303582,"Hif1a/Lrrc25/Ager/Clec10a/Tsc2/Pparg/Timp1",7
"GO:1903318","negative regulation of protein maturation","7/2646","23/25615",0.304347826086957,2.94628479411088,3.16942714168133,0.00687044951399108,0.0278810913947433,0.0172078688303582,"Ctla2a/Mdm2/Thbs1/Il1r2/Furin/Serpine2/Plau",7
"GO:0014074","response to purine-containing compound","28/2646","167/25615",0.167664670658683,1.62310300034851,2.74191399739894,0.00691879738374642,0.0280595671674161,0.0173180218958199,"Npr2/Fosb/Pde4d/Tifab/P2ry6/Per1/Adora2a/Eef2k/Inhbb/Asph/Ass1/Mmp19/Trpm4/Itpr2/Jun/Pde2a/Got1/Birc2/P2ry12/Aqp1/Fos/Slc8a1/Crtc3/Alas1/Tmem38b/Trpm2/Il1b/Itpr1",28
"GO:0050688","regulation of defense response to virus","15/2646","73/25615",0.205479452054795,1.98917466529991,2.87256287346796,0.00698268692106591,0.0282829639224006,0.0174558996425149,"Traf3ip2/Mavs/Sting1/Zc3h12a/Spn/Tspan32/Zdhhc1/Htra1/Dtx3l/Il15/Pml/Irgm2/Cd37/Stat1/Il1b",15
"GO:1900046","regulation of hemostasis","15/2646","73/25615",0.205479452054795,1.98917466529991,2.87256287346796,0.00698268692106591,0.0282829639224006,0.0174558996425149,"Ubash3b/Hpse/Ceacam1/Pros1/Emilin2/St3gal4/Vkorc1/Pdgfa/Thbs1/C1qtnf1/Plaur/Pdgfb/Cav1/Serpine2/Plau",15
"GO:0010324","membrane invagination","16/2646","80/25615",0.2,1.93613000755858,2.84626811558587,0.00712772453652422,0.0287980343880547,0.0177737948384339,"Snx9/Ager/Arhgap12/Appl2/Itgam/Timd4/Aif1/Lbp/Thbs1/Rab31/Pparg/Snx18/Syt11/Trem2/Fcer1g/Gulp1",16
"GO:0046513","ceramide biosynthetic process","16/2646","80/25615",0.2,1.93613000755858,2.84626811558587,0.00712772453652422,0.0287980343880547,0.0177737948384339,"Gltp/Gsdmd/Sgms2/St6galnac3/Ugcg/B4galt6/Paqr4/St3gal2/St8sia4/Sphk1/Smpd5/Cers4/Ccn1/Smpd1/Smpd3/Asah2",16
"GO:0060142","regulation of syncytium formation by plasma membrane fusion","16/2646","80/25615",0.2,1.93613000755858,2.84626811558587,0.00712772453652422,0.0287980343880547,0.0177737948384339,"Tnfsf14/Camk1/Capn2/Ccl8/Dnmt1/Mapk14/Ehd1/Ehd2/Adam9/Cd53/Cxcl12/Cflar/Cxcl10/Trem2/Scgb3a1/Stat1",16
"GO:0003279","cardiac septum development","23/2646","130/25615",0.176923076923077,1.71273039130182,2.76514056637763,0.00712778248396747,0.0287980343880547,0.0177737948384339,"Chd7/Dand5/Id2/Mdm2/Aplnr/Lmo4/Dhrs3/Tgfb2/Pde2a/Hey1/Eng/Fuz/Tgfbr2/Prdm1/Smad6/Bmp4/Ccn1/Zbtb14/Nrp1/Smo/Myh10/Nfatc1/Cntrl",23
"GO:0032008","positive regulation of TOR signaling","18/2646","94/25615",0.191489361702128,1.85374149659864,2.81451814421048,0.00717539776267251,0.0289539919770152,0.0178700499561384,"Mtor/Cul3/Lamtor2/Sik3/Ogt/Fnip2/Src/Tbk1/Peli1/Gpr155/F10/Tsc2/Gas6/Akt3/Pim1/Trem2/Slc38a9/Kdr",18
"GO:1902099","regulation of metaphase/anaphase transition of cell cycle","18/2646","94/25615",0.191489361702128,1.85374149659864,2.81451814421048,0.00717539776267251,0.0289539919770152,0.0178700499561384,"Cul3/Smarcb1/Bub1b/Cdca8/Cdc20/Ube2c/Bcl7a/Nek6/Ccnb1/Zwint/Atm/Knl1/Bub1/Smarce1/Cenpe/Smarca2/Ska1/Birc5",18
"GO:0006081","aldehyde metabolic process","17/2646","87/25615",0.195402298850575,1.89162127175263,2.82744542136673,0.00718652343845657,0.0289806820895449,0.01788652276737,"Idh1/Haghl/Bco2/Pgam1/Esd/Aldh1l1/Aldh3b1/Aldh9a1/Grhpr/Idh2/Aldh2/Gatd1/Bmp2/Pgk1/Akr1b10/Akr1b8/Pnkd",17
"GO:0000723","telomere maintenance","27/2646","160/25615",0.16875,1.63360969387755,2.728712826857,0.00724460305546409,0.0291673358724743,0.0180017232008059,"Gnl3/Sp100/Dclre1b/Shld3/Map3k4/Rad50/Src/Parp1/Atm/Tep1/Pinx1/Shld1/Slx1b/Rad51d/Pot1a/Xrcc6/Csprs/Nek2/Pml/Mapk3/Brca2/Ctc1/Ccne1/Nhp2/Gch1/Klf4/Blm",27
"GO:0032200","telomere organization","27/2646","160/25615",0.16875,1.63360969387755,2.728712826857,0.00724460305546409,0.0291673358724743,0.0180017232008059,"Gnl3/Sp100/Dclre1b/Shld3/Map3k4/Rad50/Src/Parp1/Atm/Tep1/Pinx1/Shld1/Slx1b/Rad51d/Pot1a/Xrcc6/Csprs/Nek2/Pml/Mapk3/Brca2/Ctc1/Ccne1/Nhp2/Gch1/Klf4/Blm",27
"GO:0003014","renal system process","25/2646","145/25615",0.172413793103448,1.66907759272291,2.742259773297,0.00724718801607752,0.0291673358724743,0.0180017232008059,"Slc15a2/Cul3/Nr3c2/Mcam/Mllt6/Bcr/Ptpro/Hyal2/Adrb1/Adora2a/Edn1/Gja1/Stk39/Sulf2/Bcl2/Kcnn4/Gas6/Maged2/Pdgfb/Bmp4/Adm/Aqp1/Slc25a23/Comt/Aqp7",25
"GO:0050890","cognition","59/2646","415/25615",0.142168674698795,1.37628518609586,2.62303132808623,0.00725097063953011,0.0291673358724743,0.0180017232008059,"Chd7/Tlr2/Hif1a/Mtor/Ehmt2/Htr7/Rogdi/Pde4d/Tifab/Mef2c/Pomk/Rgs14/Ager/Prkn/Adrb1/Slc7a11/Idua/Hmgcr/Prkar1b/St3gal4/Hrh1/Bcl7a/Rcan1/Slc11a2/Trpm4/Man2b1/Jun/Pde8b/Gpr155/Ptgs2/Egr1/Nfix/Il1rn/Prnp/Cebpb/Sigmar1/Ptgs1/Btg2/Thra/Syt11/Lcn2/Grcc10/Gatm/Serpinf1/Fos/Atp1a3/Acss2/Comt/Cx3cr1/Cln8/Trem2/Specc1/Apbb1/Igf1/Nf1/Kat2a/Deaf1/Il1b/Psen2",59
"GO:0002021","response to dietary excess","11/2646","47/25615",0.234042553191489,2.26568405139834,2.94773498921758,0.00727946619408467,0.0292453351036898,0.0180498633729613,"Slc25a25/Clic5/Lipa/Adrb1/Mapk14/Appl2/Stk39/Trpv4/Pparg/Rasal2/Oma1",11
"GO:0010661","positive regulation of muscle cell apoptotic process","11/2646","47/25615",0.234042553191489,2.26568405139834,2.94773498921758,0.00727946619408467,0.0292453351036898,0.0180498633729613,"Tlr2/Capn2/Adrb1/Trem1/Hmgcr/Sod2/Map3k5/Pparg/Ptpn1/Camk2a/Capn1",11
"GO:0099504","synaptic vesicle cycle","41/2646","269/25615",0.152416356877323,1.47548941096472,2.66087732796226,0.00733171911686266,0.0294368522542036,0.0181680654174274,"Prkaca/Ap3s1/Scamp5/Stx4a/Dnm3/Unc13b/Cacna1a/Snx9/Cspg5/Btbd8/Vamp1/Capn2/Syt7/Tbc1d24/Prkn/Prkar1b/Snap47/Tor1a/Stxbp1/Rab3a/Stxbp3/Bin1/Ctbp2/Itsn1/Syt11/Rapgef4/Mylk/Slc4a8/Stx2/Cacna1d/Atp6v0a1/Camk2a/P2ry2/Sncg/Dnm1/Syp/Stx11/Atp6v0c/Slc17a5/Ophn1/Pld1",41
"GO:0031297","replication fork processing","13/2646","60/25615",0.216666666666667,2.09747417485513,2.88864764818834,0.00736440842974891,0.0295127634140405,0.0182149168574497,"Fam111a/Kmt5a/Rad50/Samhd1/Hltf/Smarcal1/Parp1/Atm/Zranb3/Primpol/Cdk1/Brca2/Blm",13
"GO:0033047","regulation of mitotic sister chromatid segregation","13/2646","60/25615",0.216666666666667,2.09747417485513,2.88864764818834,0.00736440842974891,0.0295127634140405,0.0182149168574497,"Bub1b/Cdca8/Cdc20/Ccnb1/Zwint/Atm/Knl1/Cdk1/Bub1/Cenpe/Numa1/Ska1/Birc5",13
"GO:0072132","mesenchyme morphogenesis","13/2646","60/25615",0.216666666666667,2.09747417485513,2.88864764818834,0.00736440842974891,0.0295127634140405,0.0182149168574497,"Mdm2/Aplnr/Dchs1/Sox9/Tgfb2/Snai1/Hey1/Smad3/Eng/Tgfbr2/Fgfr1/Bmp2/Acvrl1",13
"GO:0014889","muscle atrophy","5/2646","13/25615",0.384615384615385,3.72332693761265,3.33347413761907,0.00740527385872305,0.029547502651203,0.0182363574900237,"Mtor/Foxo3/Asb2/Cflar/Gatm",5
"GO:0034139","regulation of toll-like receptor 3 signaling pathway","5/2646","13/25615",0.384615384615385,3.72332693761265,3.33347413761907,0.00740527385872305,0.029547502651203,0.0182363574900237,"Rnf170/Src/Peli1/Tnfaip3/Znrf1",5
"GO:0070671","response to interleukin-12","5/2646","13/25615",0.384615384615385,3.72332693761265,3.33347413761907,0.00740527385872305,0.029547502651203,0.0182363574900237,"Jak2/Tyk2/Cd47/Stat4/Ticam2",5
"GO:0090091","positive regulation of extracellular matrix disassembly","5/2646","13/25615",0.384615384615385,3.72332693761265,3.33347413761907,0.00740527385872305,0.029547502651203,0.0182363574900237,"Tgfb2/Stat3/Plaur/Pdpn/Plau",5
"GO:1905288","vascular associated smooth muscle cell apoptotic process","5/2646","13/25615",0.384615384615385,3.72332693761265,3.33347413761907,0.00740527385872305,0.029547502651203,0.0182363574900237,"Dnmt1/Sod2/Slc7a5/Pparg/Igf1",5
"GO:1905459","regulation of vascular associated smooth muscle cell apoptotic process","5/2646","13/25615",0.384615384615385,3.72332693761265,3.33347413761907,0.00740527385872305,0.029547502651203,0.0182363574900237,"Dnmt1/Sod2/Slc7a5/Pparg/Igf1",5
"GO:2000561","regulation of CD4-positive, alpha-beta T cell proliferation","5/2646","13/25615",0.384615384615385,3.72332693761265,3.33347413761907,0.00740527385872305,0.029547502651203,0.0182363574900237,"Cd274/Arg2/Tgfbr2/Cd81/Vsir",5
"GO:0002468","dendritic cell antigen processing and presentation","6/2646","18/25615",0.333333333333333,3.22688334593097,3.20775923763791,0.00749482422117528,0.0297569535209085,0.0183656280067789,"Fcgr4/Ccl19/Nod1/Nod2/Cd68/Thbs1",6
"GO:0006044","N-acetylglucosamine metabolic process","6/2646","18/25615",0.333333333333333,3.22688334593097,3.20775923763791,0.00749482422117528,0.0297569535209085,0.0183656280067789,"Amdhd2/Nagk/Hexb/Chst7/Gnpda1/Nanp",6
"GO:0007512","adult heart development","6/2646","18/25615",0.333333333333333,3.22688334593097,3.20775923763791,0.00749482422117528,0.0297569535209085,0.0183656280067789,"Chd7/Aplnr/Asxl2/Gja1/Abcb1a/Myh10",6
"GO:0036444","calcium import into the mitochondrion","6/2646","18/25615",0.333333333333333,3.22688334593097,3.20775923763791,0.00749482422117528,0.0297569535209085,0.0183656280067789,"Slc25a23/Maip1/Micu1/Hspa9/Itpr1/Psen2",6
"GO:0042159","lipoprotein catabolic process","6/2646","18/25615",0.333333333333333,3.22688334593097,3.20775923763791,0.00749482422117528,0.0297569535209085,0.0183656280067789,"Lipa/Lyplal1/Atm/Abhd12/Abhd17a/Abhd17b",6
"GO:0055064","chloride ion homeostasis","6/2646","18/25615",0.333333333333333,3.22688334593097,3.20775923763791,0.00749482422117528,0.0297569535209085,0.0183656280067789,"Tbxas1/Cacna1a/Slc12a6/Stk39/Ckb/Slc12a2",6
"GO:0061051","positive regulation of cell growth involved in cardiac muscle cell development","6/2646","18/25615",0.333333333333333,3.22688334593097,3.20775923763791,0.00749482422117528,0.0297569535209085,0.0183656280067789,"Mtor/Parp2/Adrb1/Edn1/Pin1/Igf1",6
"GO:0090336","positive regulation of brown fat cell differentiation","6/2646","18/25615",0.333333333333333,3.22688334593097,3.20775923763791,0.00749482422117528,0.0297569535209085,0.0183656280067789,"Mapk14/Napepld/Ptgs2/Pim1/Mecom/Sox13",6
"GO:0018212","peptidyl-tyrosine modification","35/2646","222/25615",0.157657657657658,1.52622860956194,2.67273878128565,0.00750779733034091,0.0297900494441692,0.0183860544060983,"Pdgfd/Mtor/Ptpn4/Jak2/Plpp3/Osm/Vegfb/Ehd4/Unc119/Cd80/Lilra5/Src/Zgpat/Lyn/Ighm/Nod2/Samsn1/Arl2bp/Lck/Pdgfa/Fgfr1/Cd4/Pdgfc/Gprc5a/Csf1r/Pdgfb/Tek/Il15/Cav1/Mapk3/Ptpn1/Bank1/Igf1/Kdr/Fer",35
"GO:0009648","photoperiodism","8/2646","29/25615",0.275862068965517,2.67052414835666,3.05501352876964,0.00754974508290837,0.0298642625693371,0.0184318578398771,"Id2/Per3/Per1/Cry2/Sik1/Pml/Per2/Cry1",8
"GO:0010575","positive regulation of vascular endothelial growth factor production","8/2646","29/25615",0.275862068965517,2.67052414835666,3.05501352876964,0.00754974508290837,0.0298642625693371,0.0184318578398771,"Hif1a/Hpse/Stat3/Sulf2/Ptgs2/Adora2b/C3ar1/Il1b",8
"GO:0051382","kinetochore assembly","8/2646","29/25615",0.275862068965517,2.67052414835666,3.05501352876964,0.00754974508290837,0.0298642625693371,0.0184318578398771,"Trappc12/Dlgap5/Cenpw/Itgb3bp/Cenpa/Cenpe/Cenpv/Cenpo",8
"GO:0098581","detection of external biotic stimulus","8/2646","29/25615",0.275862068965517,2.67052414835666,3.05501352876964,0.00754974508290837,0.0298642625693371,0.0184318578398771,"Tlr2/Nr4a1/Nod1/Naip5/Nod2/Lbp/Naip6/Trem2",8
"GO:0106070","regulation of adenylate cyclase-activating G protein-coupled receptor signaling pathway","8/2646","29/25615",0.275862068965517,2.67052414835666,3.05501352876964,0.00754974508290837,0.0298642625693371,0.0184318578398771,"Pde4d/Adrb1/Mrap/Pde2a/Pde4a/Aplp1/Pde4b/Crtc3",8
"GO:0050796","regulation of insulin secretion","36/2646","230/25615",0.156521739130435,1.51523217982845,2.66404092809991,0.00759303480241776,0.0299666116873506,0.0184950264645462,"Alox5/Stx4a/Hif1a/Nr1d1/Fkbp1b/Jak2/Cd38/Pck2/Serp1/Syt7/Prkn/Hmgcr/Inhbb/Gja1/Lrrc8a/Trpm4/Cpt1a/Abcg1/Pde8b/Hadh/Klf7/Arrb1/Glrx/Slc16a1/Sirt4/Pde4c/Rapgef4/Cacna1d/Per2/Map4k4/Acsl4/Trpm2/Psmd9/Gna11/Birc5/Il1b",36
"GO:0044319","wound healing, spreading of cells","10/2646","41/25615",0.24390243902439,2.36113415555924,2.9604389441321,0.00760360788455503,0.0299666116873506,0.0184950264645462,"Mtor/Cd151/Ceacam1/Tor1a/Arhgap24/Mrtfa/Pdpn/Lrg1/Itgb5/Acvrl1",10
"GO:0045191","regulation of isotype switching","10/2646","41/25615",0.24390243902439,2.36113415555924,2.9604389441321,0.00760360788455503,0.0299666116873506,0.0184950264645462,"Clcf1/Aplf/Cd40/Slc15a4/Shld3/Cd28/Shld1/Msh2/Tfrc/Kmt5c",10
"GO:0046825","regulation of protein export from nucleus","10/2646","41/25615",0.24390243902439,2.36113415555924,2.9604389441321,0.00760360788455503,0.0299666116873506,0.0184950264645462,"Prkaca/Chchd4/Mllt6/Camk1/Mdm2/Sp100/Ptpn14/Csprs/Gas6/Prkd1",10
"GO:0090505","epiboly involved in wound healing","10/2646","41/25615",0.24390243902439,2.36113415555924,2.9604389441321,0.00760360788455503,0.0299666116873506,0.0184950264645462,"Mtor/Cd151/Ceacam1/Tor1a/Arhgap24/Mrtfa/Pdpn/Lrg1/Itgb5/Acvrl1",10
"GO:0098868","bone growth","10/2646","41/25615",0.24390243902439,2.36113415555924,2.9604389441321,0.00760360788455503,0.0299666116873506,0.0184950264645462,"Npr2/Por/Rarg/Ext1/Sox9/Thbs1/Tgfbr2/Fosl2/Kdr/Smpd3",10
"GO:0048599","oocyte development","14/2646","67/25615",0.208955223880597,2.02282239595672,2.84525866825889,0.00772072860158155,0.0303908751236651,0.0187568766718517,"Tdrkh/Npr2/Rps6ka2/Foxo3/Gdf9/Inhbb/Edn1/Ccnb1/Atm/Bcl2/Brca2/Tdrd7/Igf1/Aurka",14
"GO:0050856","regulation of T cell receptor signaling pathway","14/2646","67/25615",0.208955223880597,2.02282239595672,2.84525866825889,0.00772072860158155,0.0303908751236651,0.0187568766718517,"Lipa/Cblb/Ceacam1/Cd274/Cd80/Cd28/Malt1/Lck/Prnp/Kcnn4/Cd81/Dusp22/Fcer1g/Rab29",14
"GO:0006884","cell volume homeostasis","9/2646","35/25615",0.257142857142857,2.48931000971817,2.99248125860035,0.00773491295566508,0.0303908751236651,0.0187568766718517,"Slc12a6/Add1/Wnk1/Lrrc8a/Stk39/Kcnn4/Ccdc51/Aqp1/Slc12a2",9
"GO:0014912","negative regulation of smooth muscle cell migration","9/2646","35/25615",0.257142857142857,2.48931000971817,2.99248125860035,0.00773491295566508,0.0303908751236651,0.0187568766718517,"Sema6d/Mef2c/Gna12/S1pr2/Gna13/Aif1/Pparg/Cav1/Ptpn1",9
"GO:0090162","establishment of epithelial cell polarity","9/2646","35/25615",0.257142857142857,2.48931000971817,2.99248125860035,0.00773491295566508,0.0303908751236651,0.0187568766718517,"Cyth1/Gja1/Myo18a/Tcf15/Frmd4b/Hey1/Frmd4a/Fbf1/Ophn1",9
"GO:0001763","morphogenesis of a branching structure","39/2646","254/25615",0.153543307086614,1.48639902155088,2.6441673760073,0.00775852311663401,0.0304650076413551,0.0188026303556803,"Tgm2/Socs3/Etv5/Ptch1/Dchs1/Ext1/Hgf/Col13a1/Src/Sox9/Edn1/Ncoa3/Rxra/Bcl2/Mmp14/Wt1/Gna13/Lgr4/Eng/Pdgfa/Tgfbr2/Fgfr1/Cxcl12/Prdm1/Pdgfb/Tek/Bmp4/Bmp2/Adm/Pml/Spry1/Tmed2/Slc12a2/Igf1/Nrp1/Smo/Il1b/Kdr/Nfatc1",39
"GO:0044703","multi-organism reproductive process","40/2646","262/25615",0.152671755725191,1.47796183783098,2.63931829681038,0.00778707787901996,0.0305397974937877,0.0188487897384779,"Mtor/Parp2/Tppp3/Adra2b/Ctsl/Fosb/Aplf/Acvr1b/Capn2/Slc2a1/Epor/Fkbp4/Mmp9/Rgs2/Acod1/Tle6/Edn1/Gja1/Parp1/Ropn1l/Rxra/Ptgs2/Smad3/Dnajb13/Maged2/Prdm1/Hpgd/Acvr2a/Mapk3/Stox2/Stx2/Acsl4/Fos/Serpine2/Tmed2/Comt/Endou/Timp1/Acvr2b/Adcy7",40
"GO:1903828","negative regulation of protein localization","40/2646","262/25615",0.152671755725191,1.47796183783098,2.63931829681038,0.00778707787901996,0.0305397974937877,0.0188487897384779,"Akap1/Prkaca/Mtor/Fkbp1b/Jak2/Sp100/Prkn/Aldh7a1/Idua/Hmgcr/Dph3/Inhbb/Wnk1/Neo1/Lyplal1/Pde8b/Mrap/Hadh/Idh2/Klf7/Ufm1/Abhd17a/Csprs/Abhd17b/Mfhas1/Frmd4a/Sirt4/Pde4c/Irgm2/Map4k4/Rab11fip3/Tmed2/Rab11fip1/Psmd9/Rab11fip5/Svip/Nf1/Rhbdf2/Il1b/Rhbdf1",40
"GO:0006641","triglyceride metabolic process","23/2646","131/25615",0.175572519083969,1.69965611350562,2.7248905424435,0.00782205439170753,0.0306395593977617,0.0189103615662642,"Prkaca/Lipg/Daglb/Pck2/Lipa/Agmo/Agpat2/Apobec1/Cpt1a/Plaat3/Mgll/Scd1/Fabp4/Slc27a1/Cav1/Sik1/Lpin1/Pnpla2/Acsl4/Dgat2/Thrsp/Lpin3/Cat",23
"GO:0051209","release of sequestered calcium ion into cytosol","23/2646","131/25615",0.175572519083969,1.69965611350562,2.7248905424435,0.00782205439170753,0.0306395593977617,0.0189103615662642,"Chd7/Fkbp1b/Ubash3b/Ccl19/Pde4d/P2ry6/Aplnr/Ccr5/Tgfb2/Lyn/Itpr2/Clec4b1/Lck/Ccl3/Cxcl10/Slc8a1/Tmem38b/Cx3cl1/Trpm2/Prkd1/Plcg1/Plcb2/Itpr1",23
"GO:0071326","cellular response to monosaccharide stimulus","33/2646","207/25615",0.159420289855072,1.54329203501046,2.66376463666098,0.00783011104890835,0.0306524274090111,0.0189183035455272,"Ncf1/Prkaca/Stx4a/Hif1a/Unc13b/Nr1d1/Fkbp1b/Smarcb1/Pck2/Slc29a1/Ager/Slc12a6/Prkn/Foxo3/Hmgcr/Ogt/Trpm4/Abcg1/Pde8b/Smad3/Klf7/Gas6/Slc39a14/Arrb1/Pde4c/Serpinf1/Cacna1d/Map4k4/Trem2/Rab11fip5/Igf1/Birc5/Zbtb20",33
"GO:0090101","negative regulation of transmembrane receptor protein serine/threonine kinase signaling pathway","27/2646","161/25615",0.167701863354037,1.6234630498162,2.69344564954606,0.00786967611606581,0.0307885501641941,0.0190023168462568,"Strap/Dand5/Tnfaip6/Htra3/Snx6/Ski/Ogt/Il17rd/Ldlrad4/Bcl9l/Cav2/Gpr155/Chst11/Eng/Htra1/Lefty1/Nbl1/Pparg/Smad6/Brms1/Tgfb3/Bmp4/Bmp2/Cav1/Spry1/Pin1/Pmepa1",27
"GO:0046683","response to organophosphorus","25/2646","146/25615",0.171232876712329,1.65764555441659,2.7047364173194,0.00790858651294515,0.0309108027901786,0.0190777696727736,"Npr2/Fosb/Pde4d/Tifab/P2ry6/Per1/Eef2k/Inhbb/Asph/Ass1/Mmp19/Trpm4/Itpr2/Jun/Pde2a/Got1/Birc2/P2ry12/Aqp1/Fos/Slc8a1/Crtc3/Alas1/Il1b/Itpr1",25
"GO:0051591","response to cAMP","19/2646","102/25615",0.186274509803922,1.80325834037319,2.75890752416222,0.00791054791205691,0.0309108027901786,0.0190777696727736,"Fosb/Pde4d/Tifab/Per1/Eef2k/Inhbb/Ass1/Mmp19/Itpr2/Jun/Pde2a/Got1/Birc2/Aqp1/Fos/Slc8a1/Crtc3/Alas1/Itpr1",19
"GO:0042130","negative regulation of T cell proliferation","15/2646","74/25615",0.202702702702703,1.96229392657964,2.81363161200853,0.00794148927003509,0.0309758237466287,0.0191178998123717,"Cblb/Ceacam1/Cd274/Arg2/Cd80/Sdc4/Spn/Peli1/Zc3h12d/Prnp/Cebpb/Glmn/Vsir/Arg1/Bmp4",15
"GO:0007009","plasma membrane organization","30/2646","184/25615",0.16304347826087,1.57836685398797,2.67234895075227,0.00794165344188941,0.0309758237466287,0.0191178998123717,"Stx4a/Agrn/Snx9/Gsdmd/Syt7/Mtss1/Ugcg/Tgfb2/Ehd2/Cav2/Serinc5/Abcd1/Rab3a/Bin1/Myof/A4galt/Atg9a/Pacsin2/Snx18/Syt11/Cavin2/Cav1/Plscr3/Stx2/Abcd2/Ndrg1/Plscr4/Smpd1/Myh10/Plscr1",30
"GO:1901991","negative regulation of mitotic cell cycle phase transition","30/2646","184/25615",0.16304347826087,1.57836685398797,2.67234895075227,0.00794165344188941,0.0309758237466287,0.0191178998123717,"Prmt2/Ccnd1/Ints3/Zfp36l2/Bub1b/Cdca8/Gtpbp4/Cdc20/Rad50/Cdc14b/Zc3h12d/Ccnb1/Zwint/Atm/Pinx1/Bcl2/Cdkn2d/Taok3/Rgcc/Knl1/Cdk1/Bub1/Cenpe/Foxo4/Ska1/Kank2/Jade1/Klf4/Birc5/Blm",30
"GO:0043403","skeletal muscle tissue regeneration","12/2646","54/25615",0.222222222222222,2.15125556395398,2.87436741258147,0.00799252228050807,0.0311175534121114,0.0192053736296075,"Mapk14/Gja1/Spaar/Nfix/Bcl9/Hopx/Cflar/Cd81/Kpna1/Ptgfrn/Plau/Igf1",12
"GO:0046365","monosaccharide catabolic process","12/2646","54/25615",0.222222222222222,2.15125556395398,2.87436741258147,0.00799252228050807,0.0311175534121114,0.0192053736296075,"Mpi/Pfkp/Galk1/Pgam1/Eno3/Pkm/Hk2/Nudt5/Glb1/Galm/Pgk1/Dhdh",12
"GO:0061383","trabecula morphogenesis","12/2646","54/25615",0.222222222222222,2.15125556395398,2.87436741258147,0.00799252228050807,0.0311175534121114,0.0192053736296075,"Chd7/Sema4d/Adamts1/Adgrg6/Tgfb2/Hey1/Eng/Slc40a1/Tek/Sos1/Ccm2l/Nfatc1",12
"GO:0005977","glycogen metabolic process","18/2646","95/25615",0.189473684210526,1.83422842821339,2.76483380968368,0.0080191737677002,0.0311835183315412,0.019246086371619,"Mtor/Prkag2/Nr1d1/Ppp1r2/Agl/Pcdh12/Adrb1/Pgm2/Phkb/Wipi1/Pygb/Gaa/Gnmt/Phka2/Per2/Comt/Igf1/Sorbs1",18
"GO:0034644","cellular response to UV","18/2646","95/25615",0.189473684210526,1.83422842821339,2.76483380968368,0.0080191737677002,0.0311835183315412,0.019246086371619,"Poli/Mdm2/Hyal2/Pold1/Ddb2/Mmp9/Hyal3/Mapk14/Nedd4/Parp1/Map2k3/N4bp1/Usp28/Map2k6/Mapk13/Aqp1/Smpd1/Timp1",18
"GO:0051304","chromosome separation","17/2646","88/25615",0.193181818181818,1.87012557548272,2.77514678793254,0.00807107531745429,0.0313663568295985,0.0193589320578644,"Cul3/Bub1b/Cdca8/Top2a/Cdc20/Ube2c/Ccnb1/Zwint/Atm/Knl1/Bub1/Cenpe/Numa1/Ska1/Espl1/Birc5/Plscr1",17
"GO:1902749","regulation of cell cycle G2/M phase transition","22/2646","124/25615",0.17741935483871,1.71753468412455,2.71845960223478,0.00809532239167537,0.0314415665321177,0.0194053505670036,"Rnaseh2b/Ccnd1/Cenpf/Ints3/Usp50/Gtpbp4/Rad50/Rad51b/Cdc14b/Ccnb1/Rcc2/Atm/Pinx1/Ing4/Cdk10/Taok3/Cdk1/Pim1/Ctc1/Foxo4/Lmnb1/Blm",22
"GO:0061041","regulation of wound healing","24/2646","139/25615",0.172661870503597,1.67147914321604,2.69424376367597,0.00824157593668807,0.0319902621252472,0.0197439987806151,"Alox5/Hif1a/Mtor/Ubash3b/Vegfb/Hpse/Ceacam1/Pros1/Emilin2/St3gal4/Src/Smad3/Vkorc1/Pdgfa/Thbs1/C1qtnf1/Plaur/Pdgfb/Cav1/Mylk/Serpine2/Slc12a2/Plau/Plcg1",24
"GO:0044706","multi-multicellular organism process","41/2646","271/25615",0.151291512915129,1.46460019021959,2.60969063693398,0.00830129609984871,0.0322026124066595,0.0198750587788375,"Mtor/Parp2/Tppp3/Adra2b/Ctsl/Fosb/Aplf/Acvr1b/Capn2/Slc2a1/Epor/Fkbp4/Mmp9/Hyal3/Rgs2/Acod1/Tle6/Edn1/Gja1/Parp1/Rxra/Ptgs2/Smad3/Sh3pxd2b/Maged2/Prdm1/Hpgd/Acvr2a/Mapk3/Stox2/Stx2/Hexb/Acsl4/Fos/Serpine2/Tmed2/Comt/Endou/Timp1/Acvr2b/Adcy7",41
"GO:1902808","positive regulation of cell cycle G1/S phase transition","13/2646","61/25615",0.213114754098361,2.06308935231652,2.8214205113912,0.00849458808595318,0.032932549103297,0.0203255667863028,"Ccnd1/Sass6/Adamts1/Mdm2/Mblac1/Rrm2/Dbf4/Aif1/Csf1r/Rgcc/Pim1/Ccne1/Fam83d",13
"GO:0007613","memory","30/2646","185/25615",0.162162162162162,1.56983514126371,2.64012500911887,0.00856665732650255,0.0331919219936383,0.0204856485640192,"Mtor/Ehmt2/Htr7/Rogdi/Pde4d/Rgs14/Adrb1/Idua/Hrh1/Rcan1/Trpm4/Ptgs2/Egr1/Nfix/Il1rn/Cebpb/Ptgs1/Syt11/Lcn2/Serpinf1/Fos/Atp1a3/Acss2/Comt/Cx3cr1/Trem2/Igf1/Kat2a/Il1b/Psen2",30
"GO:0033628","regulation of cell adhesion mediated by integrin","11/2646","48/25615",0.229166666666667,2.21848230032754,2.86789031023512,0.00858167914831817,0.0332209454466448,0.0205035614844737,"Cxcl13/Lpxn/Rac3/Wnk1/Tgfb2/Lyn/Acer2/Adam9/Podxl/P2ry12/Plau",11
"GO:0031398","positive regulation of protein ubiquitination","20/2646","110/25615",0.181818181818182,1.76011818868962,2.71161096917605,0.00858449088440697,0.0332209454466448,0.0205035614844737,"Cul3/Cblb/Prkn/Cdc20/Birc3/Rnf180/Cdc14b/Septin4/Peli1/Nod2/Sphk1/Pdcd6/Arrb1/Birc2/Arrdc4/Cav1/Mycbp2/Cry1/Birc5/Amer1",20
"GO:0045930","negative regulation of mitotic cell cycle","37/2646","240/25615",0.154166666666667,1.49243354749307,2.60143396387959,0.00874187330462616,0.0338096292046469,0.0208668899046865,"Prmt2/Ccnd1/Ints3/Zfp36l2/Btg3/Bub1b/Timp2/Cdca8/Gtpbp4/Cdc20/Rad50/Cdc14b/Zc3h12d/Ccnb1/Zwint/Atm/Pinx1/Bcl2/Cdkn2d/Msh2/Taok3/Cdkn1c/Rgcc/Knl1/Cdk1/Bub1/Bmp4/Chek2/Pml/Cenpe/Foxo4/Ska1/Kank2/Jade1/Klf4/Birc5/Blm",37
"GO:0006611","protein export from nucleus","14/2646","68/25615",0.205882352941176,1.99307500778089,2.78310206372862,0.00882044760454734,0.0340724927309754,0.0210291260602697,"Prkaca/Chchd4/Mllt6/Camk1/Mdm2/Sp100/Ptpn14/Adar/Nxt1/Egr2/Csprs/Gas6/Prkd1/Hspa9",14
"GO:0042220","response to cocaine","14/2646","68/25615",0.205882352941176,1.99307500778089,2.78310206372862,0.00882044760454734,0.0340724927309754,0.0210291260602697,"Mtor/Hdac5/Ehmt2/Fosb/Tgm2/Mdm2/Fadd/Parp1/Smad3/Dnmt3a/Hnmt/Ccna2/Comt/Smpd1",14
"GO:0010224","response to UV-B","7/2646","24/25615",0.291666666666667,2.82352292768959,3.03344272448509,0.00884938838097865,0.0340818171219465,0.0210348809604091,"Hyal2/Hyal3/Mapk14/Bcl2/Map2k3/Msh2/Map2k6",7
"GO:0051900","regulation of mitochondrial depolarization","7/2646","24/25615",0.291666666666667,2.82352292768959,3.03344272448509,0.00884938838097865,0.0340818171219465,0.0210348809604091,"Src/Parp1/Abcd1/Bok/Got1/Rbfox2/Kdr",7
"GO:0070431","nucleotide-binding oligomerization domain containing 2 signaling pathway","7/2646","24/25615",0.291666666666667,2.82352292768959,3.03344272448509,0.00884938838097865,0.0340818171219465,0.0210348809604091,"Slc15a4/Nagk/Nod2/Tnfaip3/Otulin/Irgm2/Slc15a3",7
"GO:0071731","response to nitric oxide","7/2646","24/25615",0.291666666666667,2.82352292768959,3.03344272448509,0.00884938838097865,0.0340818171219465,0.0210348809604091,"Txn1/Ccl19/Thbs1/Cflar/Ptpn1/Aqp1/Ccna2",7
"GO:0072311","glomerular epithelial cell differentiation","7/2646","24/25615",0.291666666666667,2.82352292768959,3.03344272448509,0.00884938838097865,0.0340818171219465,0.0210348809604091,"Ptpro/Cd24a/Ext1/Edn1/Wt1/Podxl/Basp1",7
"GO:0045833","negative regulation of lipid metabolic process","22/2646","125/25615",0.176,1.70379440665155,2.67718558793782,0.0088909311258804,0.0342212951184276,0.0211209650750583,"Fmo1/Abca2/Acacb/Angptl4/Ceacam1/Appl2/Hrh1/Sox9/Apobec1/Pde8b/Snai1/Pdgfa/Sphk1/Pdgfb/Sirt4/Bmp2/Sik1/Lpin1/Dgat2/Crtc3/Endou/Il1b",22
"GO:0033077","T cell differentiation in thymus","18/2646","96/25615",0.1875,1.81512188208617,2.71574457846737,0.00894102160407483,0.0343934866973513,0.021227239612947,"Ripk3/Zfp36l2/Dock2/Cd28/Fadd/Spn/Bcl2/Mink1/Il7r/Zc3h8/Bmp4/Fas/Sos1/Adam8/Egr3/Il1b/Cdk6/Mr1",18
"GO:0035051","cardiocyte differentiation","33/2646","209/25615",0.157894736842105,1.52852369017783,2.60394635806479,0.00902090722023752,0.0346736873813953,0.0214001760503676,"Akap1/Mtor/Parp2/Sox17/Acvr1b/Mef2c/Adrb1/Rgs2/Meis1/Sox18/Edn1/Tgfb2/Naglu/Asb2/Ccnb1/Rxra/Wt1/Abcb1a/Pdgfb/Smad6/Cdk1/Bmp4/Bmp2/Sik1/Mapk3/Alpk2/Slc8a1/Spry1/Pin1/Igf1/Kat2a/Myh10/Cby1",33
"GO:0010611","regulation of cardiac muscle hypertrophy","17/2646","89/25615",0.191011235955056,1.84911292856718,2.72352679895489,0.00904085092836817,0.0346736873813953,0.0214001760503676,"Akap1/Mtor/Parp2/Acacb/Mef2c/Adrb1/Rgs2/Tnfrsf1b/Edn1/Parp1/Mrtfa/Smad3/Kcnn4/Pparg/Jarid2/Pin1/Igf1",17
"GO:0042093","T-helper cell differentiation","17/2646","89/25615",0.191011235955056,1.84911292856718,2.72352679895489,0.00904085092836817,0.0346736873813953,0.0214001760503676,"Mtor/Jak2/Ccl19/Relb/Gpr183/Malt1/Zc3h12a/Spn/Tbk1/Stat3/Sema4a/Bcl3/Stat4/Nlrp3/Batf/Ly9/Irf4",17
"GO:0048488","synaptic vesicle endocytosis","17/2646","89/25615",0.191011235955056,1.84911292856718,2.72352679895489,0.00904085092836817,0.0346736873813953,0.0214001760503676,"Ap3s1/Scamp5/Dnm3/Snx9/Btbd8/Capn2/Syt7/Tbc1d24/Prkn/Tor1a/Bin1/Itsn1/Syt11/Mylk/Sncg/Dnm1/Ophn1",17
"GO:0051289","protein homotetramerization","17/2646","89/25615",0.191011235955056,1.84911292856718,2.72352679895489,0.00904085092836817,0.0346736873813953,0.0214001760503676,"Vasp/Acacb/Sod2/Samhd1/Appl2/Aldh9a1/Trpm4/Evl/Kcnn4/Gnmt/Crtc3/Trpm3/Apip/Trpm2/Dnm1/Itpr1/Cby1",17
"GO:0051145","smooth muscle cell differentiation","16/2646","82/25615",0.195121951219512,1.88890732444739,2.73637155327867,0.00906779223062446,0.0347253216122129,0.0214320440665255,"Ramp2/Mef2c/Aplnr/Sox9/Rcan1/Mrtfa/Hey1/Eng/Pdgfb/Smad6/Tmem204/Bmp4/Adm/Smarca2/Foxo4/Nfatc1",16
"GO:0010667","negative regulation of cardiac muscle cell apoptotic process","10/2646","42/25615",0.238095238095238,2.30491667566498,2.87262652021259,0.00907593633046474,0.0347253216122129,0.0214320440665255,"Jak2/Acot1/Gpr35/Sirt5/Mrtfa/Bcl2/Nupr1/Cflar/Sirt4/Gch1",10
"GO:0090504","epiboly","10/2646","42/25615",0.238095238095238,2.30491667566498,2.87262652021259,0.00907593633046474,0.0347253216122129,0.0214320440665255,"Mtor/Cd151/Ceacam1/Tor1a/Arhgap24/Mrtfa/Pdpn/Lrg1/Itgb5/Acvrl1",10
"GO:1905314","semi-lunar valve development","10/2646","42/25615",0.238095238095238,2.30491667566498,2.87262652021259,0.00907593633046474,0.0347253216122129,0.0214320440665255,"Tnfrsf1b/Sox9/Tgfb2/Hey1/Eln/Tgfbr2/Smad6/Bmp4/Bmp2/Nfatc1",10
"GO:0042088","T-helper 1 type immune response","12/2646","55/25615",0.218181818181818,2.11214182642754,2.80235837178364,0.00928456379038236,0.035481283634394,0.02189861458682,"Zdhhc9/Mtor/Jak2/Ccl19/Relb/Spn/Sema4a/Bcl3/Traf6/Il1r1/Stat4/Il1b",12
"GO:0098732","macromolecule deacylation","12/2646","55/25615",0.218181818181818,2.11214182642754,2.80235837178364,0.00928456379038236,0.035481283634394,0.02189861458682,"Hdac10/Hdac7/Sirt5/Lyplal1/Tada2a/Abhd12/Abhd17a/Abhd17b/Brms1/Sirt4/Tppp/Kat2a",12
"GO:0050886","endocrine process","23/2646","133/25615",0.172932330827068,1.67409737495667,2.64541784841629,0.00937633798959281,0.0355580193365095,0.0219459749242585,"Nr3c2/Rps6ka2/Gdf9/Inhbb/Edn1/Gja1/Kcnn4/Fgfr1/C1qtnf1/Cry2/Abcb1a/Pparg/Acvr2a/Selenom/Ace/Aqp1/Rab11fip3/Comt/Rab11fip1/Cry1/Rab11fip5/Rab8b/Il1b",23
"GO:0010458","exit from mitosis","8/2646","30/25615",0.266666666666667,2.58150667674477,2.94172130004348,0.00938106628921665,0.0355580193365095,0.0219459749242585,"Eps8/Ube2c/Cdc14b/Nfix/Cdkn1c/Rgcc/Nfia/Birc5",8
"GO:0031649","heat generation","8/2646","30/25615",0.266666666666667,2.58150667674477,2.94172130004348,0.00938106628921665,0.0355580193365095,0.0219459749242585,"Ccr5/Adrb1/Tnfrsf11a/Ptges/Ptgs2/Il1rn/Slc27a1/Il1b",8
"GO:0046885","regulation of hormone biosynthetic process","8/2646","30/25615",0.266666666666667,2.58150667674477,2.94172130004348,0.00938106628921665,0.0355580193365095,0.0219459749242585,"Hif1a/Cacna1a/Por/H6pd/Pde8b/Egr1/Bmp2/Igf1",8
"GO:0090330","regulation of platelet aggregation","8/2646","30/25615",0.266666666666667,2.58150667674477,2.94172130004348,0.00938106628921665,0.0355580193365095,0.0219459749242585,"Ubash3b/Jak2/Ceacam1/Emilin2/Lyn/C1qtnf1/Pdpn/Serpine2",8
"GO:1900407","regulation of cellular response to oxidative stress","8/2646","30/25615",0.266666666666667,2.58150667674477,2.94172130004348,0.00938106628921665,0.0355580193365095,0.0219459749242585,"Alox5/Tbc1d24/Prkn/Slc7a11/Abcd1/Fut8/Trpm2/Gch1",8
"GO:0003176","aortic valve development","9/2646","36/25615",0.25,2.42016250944822,2.89407706587058,0.00938767135658783,0.0355580193365095,0.0219459749242585,"Tnfrsf1b/Sox9/Hey1/Eln/Tgfbr2/Smad6/Bmp4/Bmp2/Nfatc1",9
"GO:0003416","endochondral bone growth","9/2646","36/25615",0.25,2.42016250944822,2.89407706587058,0.00938767135658783,0.0355580193365095,0.0219459749242585,"Npr2/Por/Rarg/Ext1/Sox9/Thbs1/Tgfbr2/Fosl2/Kdr",9
"GO:0016242","negative regulation of macroautophagy","9/2646","36/25615",0.25,2.42016250944822,2.89407706587058,0.00938767135658783,0.0355580193365095,0.0219459749242585,"Mtor/Ehmt2/Rubcn/Qsox1/Htra2/Nupr1/Tsc2/Vps13c/Fez2",9
"GO:0030224","monocyte differentiation","9/2646","36/25615",0.25,2.42016250944822,2.89407706587058,0.00938767135658783,0.0355580193365095,0.0219459749242585,"Mef2c/Rxra/Jun/Cd4/Fasn/Pparg/Bmp4/Cdk6/Zbtb46",9
"GO:0036314","response to sterol","9/2646","36/25615",0.25,2.42016250944822,2.89407706587058,0.00938767135658783,0.0355580193365095,0.0219459749242585,"Ccr5/Ptch1/Inhbb/Gpr155/Gramd1a/Ccl3/Tgfbr2/Pmvk/Smo",9
"GO:0044794","host-mediated activation of viral process","9/2646","36/25615",0.25,2.42016250944822,2.89407706587058,0.00938767135658783,0.0355580193365095,0.0219459749242585,"Vapa/Zdhhc9/Rrp1b/Smarcb1/Chd1/Tfap4/Cav2/Jun/Csf1r",9
"GO:0045454","cell redox homeostasis","9/2646","36/25615",0.25,2.42016250944822,2.89407706587058,0.00938767135658783,0.0355580193365095,0.0219459749242585,"Txn1/Selenos/Nnt/Prdx5/Txnrd2/Egln2/Gsr/Txnrd1/Prdx6",9
"GO:0090594","inflammatory response to wounding","9/2646","36/25615",0.25,2.42016250944822,2.89407706587058,0.00938767135658783,0.0355580193365095,0.0219459749242585,"Alox5/Hif1a/Lrrc25/Ager/Cd24a/Clec10a/Stat3/Pparg/Timp1",9
"GO:0097421","liver regeneration","9/2646","36/25615",0.25,2.42016250944822,2.89407706587058,0.00938767135658783,0.0355580193365095,0.0219459749242585,"Ccnd1/Ptch1/Slc7a5/Cpt1a/Sulf2/Cebpb/Ezh1/Aurka/Itpr1",9
"GO:0010586","miRNA metabolic process","20/2646","111/25615",0.18018018018018,1.74426126807079,2.66713707696144,0.00948102041717173,0.0358904391042494,0.022151140341885,"Hif1a/Gnl3/Foxo3/Sox9/Zc3h12a/Tgfb2/Mrtfa/Stat3/Jun/Egr1/Wt1/Smad3/Pparg/Pdgfb/Smad6/Ago1/Bmp4/Bmp2/Fos/Klf4",20
"GO:0030010","establishment of cell polarity","28/2646","171/25615",0.16374269005848,1.58513567870293,2.6057006448661,0.0095147519967398,0.0359969180371357,0.0222168578378167,"Traf3ip2/Wdpcp/Ccl19/Rhoj/Map4/Dock2/Amotl2/Cyth1/Gja1/Dock8/Rab10/Myo18a/Tcf15/Plekhg3/Frmd4b/Hey1/Tsc2/Frmd4a/Rhou/Fbf1/Cenpa/Alpk2/Spry1/Numa1/Ska1/Inppl1/Sdccag8/Ophn1",28
"GO:0051054","positive regulation of DNA metabolic process","46/2646","314/25615",0.146496815286624,1.418184400441,2.53061680450206,0.00971170978064158,0.0367204376873699,0.0226634053226746,"Clcf1/Hdac10/Smarcb1/Gnl3/Cd40/Ager/Eya4/Shld3/Baz1a/Cd28/Map3k4/Rad50/Hgf/Anxa3/Bcl7a/Parp1/Cbx8/Prdm9/Peli1/Jun/Atm/Shld1/Dbf4/Slx1b/Pot1a/Mgmt/Msh2/Fgfr1/Nek2/C3ar1/Tfrc/Pdgfb/Cdk1/Pml/Mapk3/Smarce1/Ctc1/Cdt1/Smarca2/Ccna2/Kmt5c/Gch1/Apbb1/Klf4/Blm/Nfatc1",46
"GO:0003300","cardiac muscle hypertrophy","22/2646","126/25615",0.174603174603175,1.69027222882098,2.63628193496069,0.00974875193967676,0.0367818413026948,0.0227013028835434,"Akap1/Mtor/Parp2/Acacb/Mef2c/Adrb1/Inpp5f/Rgs2/Tnfrsf1b/Meis1/Edn1/Parp1/Mrtfa/Smad3/Kcnn4/Pparg/Bmp4/Bmp2/Rap1gds1/Jarid2/Pin1/Igf1",22
"GO:0006911","phagocytosis, engulfment","13/2646","62/25615",0.209677419354839,2.02981371760174,2.75547292753904,0.00975657807904607,0.0367818413026948,0.0227013028835434,"Ager/Arhgap12/Appl2/Itgam/Timd4/Aif1/Lbp/Thbs1/Rab31/Pparg/Trem2/Fcer1g/Gulp1",13
"GO:0009948","anterior/posterior axis specification","13/2646","62/25615",0.209677419354839,2.02981371760174,2.75547292753904,0.00975657807904607,0.0367818413026948,0.0227013028835434,"Tdrkh/Tifab/Ski/Pgap1/Wls/Wt1/Hey1/Lefty1/Bmp4/Tdrd7/Tmed2/Ets2/Aurka",13
"GO:0010965","regulation of mitotic sister chromatid separation","13/2646","62/25615",0.209677419354839,2.02981371760174,2.75547292753904,0.00975657807904607,0.0367818413026948,0.0227013028835434,"Cul3/Bub1b/Cdca8/Cdc20/Ube2c/Ccnb1/Zwint/Atm/Knl1/Bub1/Cenpe/Ska1/Birc5",13
"GO:0072698","protein localization to microtubule cytoskeleton","13/2646","62/25615",0.209677419354839,2.02981371760174,2.75547292753904,0.00975657807904607,0.0367818413026948,0.0227013028835434,"Cep83/Gas2l1/Csnk1d/Abhd17a/Snx10/Abhd17b/Lrrc45/Rab11fip3/Numa1/Mid1/Fam83d/Aurka/Cep78",13
"GO:0016485","protein processing","43/2646","290/25615",0.148275862068966,1.43540672974171,2.53094080569212,0.00988537099548605,0.0372455268475087,0.0229874839343755,"Prkaca/Atg4c/Rps6ka2/Ctsl/Fam111a/Atp23/Ctla2a/Hpse/Mdm2/Capn2/Hp/Cpd/Ptch1/Ogt/Src/Parp1/Rnpep/Naglu/Dync2h1/Mmp14/Timm17a/F10/Adam9/Astl/Ldlrad3/Fuz/Thbs1/Il1r2/Plaur/Adam19/Vsir/Furin/Ace/Pgk1/Serpine2/Oma1/Ift172/Capn1/Plau/Srgn/Spon1/Psen2/Casp6",43
"GO:0061138","morphogenesis of a branching epithelium","36/2646","234/25615",0.153846153846154,1.48933077504506,2.55222332325863,0.00990408105141707,0.0372941481092047,0.0230174923828176,"Tgm2/Socs3/Etv5/Ptch1/Dchs1/Ext1/Hgf/Src/Sox9/Edn1/Ncoa3/Rxra/Bcl2/Mmp14/Wt1/Gna13/Lgr4/Eng/Pdgfa/Tgfbr2/Fgfr1/Cxcl12/Pdgfb/Tek/Bmp4/Bmp2/Adm/Pml/Spry1/Tmed2/Slc12a2/Igf1/Nrp1/Smo/Kdr/Nfatc1",36
"GO:0002088","lens development in camera-type eye","18/2646","97/25615",0.185567010309278,1.79640928536363,2.66723599888863,0.00994587914479798,0.0373857973236877,0.0230740571578079,"Cryba4/Bcar3/Ski/Tbc1d32/Maf/Nectin1/Meis1/Gja1/Pds5b/Plaat3/Smad3/Tgfbr2/Cdkn1c/Adamts9/Bmp4/Spry1/Tdrd7/Tmod1",18
"GO:0044042","glucan metabolic process","18/2646","97/25615",0.185567010309278,1.79640928536363,2.66723599888863,0.00994587914479798,0.0373857973236877,0.0230740571578079,"Mtor/Prkag2/Nr1d1/Ppp1r2/Agl/Pcdh12/Adrb1/Pgm2/Phkb/Wipi1/Pygb/Gaa/Gnmt/Phka2/Per2/Comt/Igf1/Sorbs1",18
"GO:0048678","response to axon injury","18/2646","97/25615",0.185567010309278,1.79640928536363,2.66723599888863,0.00994587914479798,0.0373857973236877,0.0230740571578079,"Matn4/Fkbp1b/Cspg5/Jak2/Sod2/Inpp5f/Lyn/Neo1/Jun/Bcl2/Nrep/P2ry12/Cdk1/Epha4/Trem2/Rtn4rl1/Xylt1/Klf4",18
"GO:0002689","negative regulation of leukocyte chemotaxis","6/2646","19/25615",0.315789473684211,3.05704738035565,3.04437132995609,0.0100115388291946,0.0374136855373741,0.0230912694224297,"Tnfaip6/C5ar2/Padi2/Rin3/Nbl1/Gpr18",6
"GO:0009130","pyrimidine nucleoside monophosphate biosynthetic process","6/2646","19/25615",0.315789473684211,3.05704738035565,3.04437132995609,0.0100115388291946,0.0374136855373741,0.0230912694224297,"Dhodh/Dck/Uck2/Nme3/Upp2/Nme1",6
"GO:0021783","preganglionic parasympathetic fiber development","6/2646","19/25615",0.315789473684211,3.05704738035565,3.04437132995609,0.0100115388291946,0.0374136855373741,0.0230912694224297,"Ackr3/Plxna4/Egr2/Sema3f/Nav2/Nrp1",6
"GO:0032966","negative regulation of collagen biosynthetic process","6/2646","19/25615",0.315789473684211,3.05704738035565,3.04437132995609,0.0100115388291946,0.0374136855373741,0.0230912694224297,"Ager/Ciita/Cygb/Adora2b/Got1/Pparg",6
"GO:0033033","negative regulation of myeloid cell apoptotic process","6/2646","19/25615",0.315789473684211,3.05704738035565,3.04437132995609,0.0100115388291946,0.0374136855373741,0.0230912694224297,"Ccr5/Selenos/Nod2/Bcl2/St6gal1/Fcer1g",6
"GO:0039535","regulation of RIG-I signaling pathway","6/2646","19/25615",0.315789473684211,3.05704738035565,3.04437132995609,0.0100115388291946,0.0374136855373741,0.0230912694224297,"Ufd1/Rnf125/Ddx60/Sec14l1/Dhx58/Nploc4",6
"GO:0042428","serotonin metabolic process","6/2646","19/25615",0.315789473684211,3.05704738035565,3.04437132995609,0.0100115388291946,0.0374136855373741,0.0230912694224297,"Rnf180/Spr/Aldh9a1/Aldh2/Maoa/Gch1",6
"GO:0060099","regulation of phagocytosis, engulfment","6/2646","19/25615",0.315789473684211,3.05704738035565,3.04437132995609,0.0100115388291946,0.0374136855373741,0.0230912694224297,"Ager/Appl2/Lbp/Rab31/Pparg/Trem2",6
"GO:0071071","regulation of phospholipid biosynthetic process","6/2646","19/25615",0.315789473684211,3.05704738035565,3.04437132995609,0.0100115388291946,0.0374136855373741,0.0230912694224297,"Idh1/Abca2/Capn2/Pdgfa/Pdgfb/Lpin1",6
"GO:1902170","cellular response to reactive nitrogen species","6/2646","19/25615",0.315789473684211,3.05704738035565,3.04437132995609,0.0100115388291946,0.0374136855373741,0.0230912694224297,"Map3k5/Thbs1/Cflar/Ptpn1/Aqp1/Ccna2",6
"GO:0002820","negative regulation of adaptive immune response","14/2646","69/25615",0.202898550724638,1.96418986274059,2.7220006914961,0.0100400209006834,0.0374530449945087,0.0231155615982996,"Zdhhc9/Ceacam1/Cd274/Cd80/Zc3h12a/Spn/Hfe/Nod2/Samsn1/Il7r/Vsir/Arg1/Dusp22/Mapk3",14
"GO:0060038","cardiac muscle cell proliferation","14/2646","69/25615",0.202898550724638,1.96418986274059,2.7220006914961,0.0100400209006834,0.0374530449945087,0.0231155615982996,"Mef2c/Cdk20/Mapk14/Fgf9/Gja1/Tgfb2/Ccnb1/Rxra/Dipk2a/Tgfbr2/Fgfr1/Cdk1/Pim1/Jarid2",14
"GO:0035601","protein deacylation","11/2646","49/25615",0.224489795918367,2.17320715134126,2.78999823122989,0.0100570520883449,0.0374530449945087,0.0231155615982996,"Hdac7/Sirt5/Lyplal1/Tada2a/Abhd12/Abhd17a/Abhd17b/Brms1/Sirt4/Tppp/Kat2a",11
"GO:0060338","regulation of type I interferon-mediated signaling pathway","11/2646","49/25615",0.224489795918367,2.17320715134126,2.78999823122989,0.0100570520883449,0.0374530449945087,0.0231155615982996,"Oas1a/Mavs/Sting1/Ikbke/Adar/Samhd1/Fadd/Tbk1/Oas1c/Oas1g/Oas3",11
"GO:1900087","positive regulation of G1/S transition of mitotic cell cycle","11/2646","49/25615",0.224489795918367,2.17320715134126,2.78999823122989,0.0100570520883449,0.0374530449945087,0.0231155615982996,"Ccnd1/Sass6/Adamts1/Mdm2/Mblac1/Rrm2/Dbf4/Aif1/Rgcc/Pim1/Ccne1",11
"GO:1903524","positive regulation of blood circulation","11/2646","49/25615",0.224489795918367,2.17320715134126,2.78999823122989,0.0100570520883449,0.0374530449945087,0.0231155615982996,"Pde4d/Ptger2/Adrb1/Rgs2/Edn1/Tgfb2/Trpm4/Ccn2/Adm/Ptpn1/Gch1",11
"GO:0043331","response to dsRNA","15/2646","76/25615",0.197368421052632,1.91065461272228,2.69849192295147,0.0101720043362217,0.0378372645372834,0.0233526972039515,"Oas1a/Mavs/Ciita/Sting1/Rftn2/Peli1/Oas1c/Nod2/Oas1g/Slc3a2/Oas3/Mapk3/Riok3/Irak3/Stat1",15
"GO:0046503","glycerolipid catabolic process","15/2646","76/25615",0.197368421052632,1.91065461272228,2.69849192295147,0.0101720043362217,0.0378372645372834,0.0233526972039515,"Prkaca/Lipg/Daglb/Dgkd/Inpp5f/Mgll/Abhd12/Pnpla7/Fabp4/Enpp2/Abhd6/Pnpla2/Prdx6/Pla2g15/Plcg1",15
"GO:0010212","response to ionizing radiation","25/2646","149/25615",0.167785234899329,1.62427014056928,2.59386821979958,0.0101950141889966,0.0379009092303903,0.0233919779306356,"Ccnd1/Ints3/Mdm2/Nek1/Sod2/Mapk14/Cxcl2/Apobec1/Atm/Bcl2/Egr1/Smad3/Usp28/Xrcc6/Msh2/Dnmt3a/Lcn2/Chek2/Pml/Brca2/Aen/Smpd1/Elk1/Blm/Gadd45a",25
"GO:0051053","negative regulation of DNA metabolic process","23/2646","134/25615",0.171641791044776,1.66160411096445,2.60618318855024,0.0102424245791819,0.0380376425047212,0.0234763680363211,"Tspyl2/Gtpbp4/Shld3/Kmt5a/Rad50/Src/Gja1/Parp1/Dach1/Rad18/Atm/Pinx1/Shld1/Dffa/Msh2/Pml/Rnf169/Ctc1/Cdt1/H1f5/Radx/Inppl1/Blm",23
"GO:0055088","lipid homeostasis","32/2646","203/25615",0.157635467980296,1.52601379906095,2.55380840245626,0.0102436366022988,0.0380376425047212,0.0234763680363211,"Vapa/Lipg/Nr1d1/Abca2/Rcn3/Lipa/Angptl4/Pold1/Adrb1/Cd24a/Atp13a2/Rilp/Surf4/Ehd1/Nus1/Ttc39b/Abcd1/Abcg1/Got1/Scd1/Fabp4/Furin/Soat2/Slc25a27/Cav1/Abcb4/Plscr3/Pnpla2/Dgat2/Cln8/Trem2/Zbtb20",32
"GO:0031023","microtubule organizing center organization","26/2646","157/25615",0.165605095541401,1.60316497441156,2.57297980814475,0.0105336627722799,0.0388451836981392,0.0239747725906733,"Sgo1/Cep68/Sass6/Kif15/Uxt/Spice1/Kif3a/Kif11/Crocc/Arhgef10/Cntln/Cntrob/Nek2/Cep85/Ssx2ip/Slc16a1/Poc1b/Brca2/Mdm1/Plk4/Kat2a/Ccnf/Aurka/Sdccag8/Gadd45a/Ccdc61",26
"GO:0010225","response to UV-C","5/2646","14/25615",0.357142857142857,3.45737501349746,3.12154478201402,0.0105518128196222,0.0388451836981392,0.0239747725906733,"Poli/Mdm2/Map3k4/Bcl3/Brca2",5
"GO:0010992","ubiquitin recycling","5/2646","14/25615",0.357142857142857,3.45737501349746,3.12154478201402,0.0105518128196222,0.0388451836981392,0.0239747725906733,"Prkn/Ube2c/Ide/Rnf135/Trim32",5
"GO:0015801","aromatic amino acid transport","5/2646","14/25615",0.357142857142857,3.45737501349746,3.12154478201402,0.0105518128196222,0.0388451836981392,0.0239747725906733,"Slc36a4/Slc15a4/Slc7a1/Slc7a5/Slc3a2",5
"GO:0031652","positive regulation of heat generation","5/2646","14/25615",0.357142857142857,3.45737501349746,3.12154478201402,0.0105518128196222,0.0388451836981392,0.0239747725906733,"Ccr5/Tnfrsf11a/Ptgs2/Slc27a1/Il1b",5
"GO:0032490","detection of molecule of bacterial origin","5/2646","14/25615",0.357142857142857,3.45737501349746,3.12154478201402,0.0105518128196222,0.0388451836981392,0.0239747725906733,"Tlr2/Nr4a1/Nod2/Lbp/Trem2",5
"GO:0032823","regulation of natural killer cell differentiation","5/2646","14/25615",0.357142857142857,3.45737501349746,3.12154478201402,0.0105518128196222,0.0388451836981392,0.0239747725906733,"Axl/Il15ra/Gas6/Prdm1/Il15",5
"GO:0034111","negative regulation of homotypic cell-cell adhesion","5/2646","14/25615",0.357142857142857,3.45737501349746,3.12154478201402,0.0105518128196222,0.0388451836981392,0.0239747725906733,"Ubash3b/Ceacam1/C1qtnf1/Serpine2/Ccm2l",5
"GO:0035739","CD4-positive, alpha-beta T cell proliferation","5/2646","14/25615",0.357142857142857,3.45737501349746,3.12154478201402,0.0105518128196222,0.0388451836981392,0.0239747725906733,"Cd274/Arg2/Tgfbr2/Cd81/Vsir",5
"GO:0042402","biogenic amine catabolic process","5/2646","14/25615",0.357142857142857,3.45737501349746,3.12154478201402,0.0105518128196222,0.0388451836981392,0.0239747725906733,"Sult1a1/Hnmt/Maoa/Comt/Paox",5
"GO:0045060","negative thymic T cell selection","5/2646","14/25615",0.357142857142857,3.45737501349746,3.12154478201402,0.0105518128196222,0.0388451836981392,0.0239747725906733,"Dock2/Cd28/Spn/Mink1/Fas",5
"GO:0060368","regulation of Fc receptor mediated stimulatory signaling pathway","5/2646","14/25615",0.357142857142857,3.45737501349746,3.12154478201402,0.0105518128196222,0.0388451836981392,0.0239747725906733,"Appl2/Lyn/Cd47/Rabgef1/Plscr1",5
"GO:0075509","endocytosis involved in viral entry into host cell","5/2646","14/25615",0.357142857142857,3.45737501349746,3.12154478201402,0.0105518128196222,0.0388451836981392,0.0239747725906733,"Eps15/Cav2/Tpcn1/Cav1/Siglec1",5
"GO:1900272","negative regulation of long-term synaptic potentiation","5/2646","14/25615",0.357142857142857,3.45737501349746,3.12154478201402,0.0105518128196222,0.0388451836981392,0.0239747725906733,"Ager/Prnp/Epha4/Ppp1r9a/Cx3cr1",5
"GO:2001280","positive regulation of unsaturated fatty acid biosynthetic process","5/2646","14/25615",0.357142857142857,3.45737501349746,3.12154478201402,0.0105518128196222,0.0388451836981392,0.0239747725906733,"Edn1/Abcd1/Ptgs2/Abcd2/Il1b",5
"GO:0002673","regulation of acute inflammatory response","12/2646","56/25615",0.214285714285714,2.07442500809848,2.73187467071308,0.0107331819268934,0.039373647209202,0.0243009338105211,"Hpse/Ccr5/Selenos/Tnfrsf11a/Ptges/Spn/Ptgs2/Pparg/Nlrp3/Adam8/Fcer1g/Il1b",12
"GO:0030838","positive regulation of actin filament polymerization","12/2646","56/25615",0.214285714285714,2.07442500809848,2.73187467071308,0.0107331819268934,0.039373647209202,0.0243009338105211,"Mtor/Snx9/Vasp/Cdc42ep3/Cdc42ep1/Mrtfa/Evl/Bin1/Ccl24/Cdc42ep5/Fer/Cdc42ep2",12
"GO:0045124","regulation of bone resorption","12/2646","56/25615",0.214285714285714,2.07442500809848,2.73187467071308,0.0107331819268934,0.039373647209202,0.0243009338105211,"Fcgr4/Ubash3b/Cd38/Ceacam1/Idua/Tnfrsf11a/Def8/Src/Csf1r/Adam8/Nf1/Tmem119",12
"GO:0046460","neutral lipid biosynthetic process","12/2646","56/25615",0.214285714285714,2.07442500809848,2.73187467071308,0.0107331819268934,0.039373647209202,0.0243009338105211,"Pck2/Agmo/Agpat2/Slc27a1/Sik1/Lpin1/Pnpla2/Acsl4/Dgat2/Thrsp/Lpin3/Pla2g15",12
"GO:0046463","acylglycerol biosynthetic process","12/2646","56/25615",0.214285714285714,2.07442500809848,2.73187467071308,0.0107331819268934,0.039373647209202,0.0243009338105211,"Pck2/Agmo/Agpat2/Slc27a1/Sik1/Lpin1/Pnpla2/Acsl4/Dgat2/Thrsp/Lpin3/Pla2g15",12
"GO:0051489","regulation of filopodium assembly","12/2646","56/25615",0.214285714285714,2.07442500809848,2.73187467071308,0.0107331819268934,0.039373647209202,0.0243009338105211,"Dnm3/Agrn/Ppp1r16b/Neurl1a/Tgfb3/Ppp1r9a/Palm/Trpm2/Dbn1/Nrp1/Espn/Zmynd8",12
"GO:0001782","B cell homeostasis","10/2646","43/25615",0.232558139534884,2.25131396227742,2.78728096587153,0.010756654864905,0.039373647209202,0.0243009338105211,"Hif1a/Traf3ip2/Sh2b2/Mef2c/Dock10/Lyn/Bcl2/Tnfaip3/Gapt/Sos1",10
"GO:0006220","pyrimidine nucleotide metabolic process","10/2646","43/25615",0.232558139534884,2.25131396227742,2.78728096587153,0.010756654864905,0.039373647209202,0.0243009338105211,"Dhodh/Ak3/Dck/Nme4/Cmpk2/Uck2/Entpd5/Nme3/Upp2/Nme1",10
"GO:0010719","negative regulation of epithelial to mesenchymal transition","10/2646","43/25615",0.232558139534884,2.25131396227742,2.78728096587153,0.010756654864905,0.039373647209202,0.0243009338105211,"Dact3/Il17rd/Tgfb2/Fbxo11/Ldlrad4/Tsc2/Fuz/Ppp2ca/Epha4/Spry1",10
"GO:0042092","type 2 immune response","10/2646","43/25615",0.232558139534884,2.25131396227742,2.78728096587153,0.010756654864905,0.039373647209202,0.0243009338105211,"Clcf1/Traf3ip2/Stard7/Arg2/Nod2/Bcl3/Cd81/Arg1/Nlrp3/Batf",10
"GO:0042100","B cell proliferation","18/2646","98/25615",0.183673469387755,1.77807857837012,2.61929412241548,0.0110387916689935,0.0403833699781403,0.0249241223621068,"Clcf1/Cd38/Gpr183/Mef2c/Cd40/Cd27/Cd180/Lyn/Peli1/Ighm/Atm/Bcl2/Cd81/Fosl2/Tfrc/Il7r/Prdm1/Gapt",18
"GO:0034219","carbohydrate transmembrane transport","25/2646","150/25615",0.166666666666667,1.61344167296548,2.55746467372398,0.0110666161257885,0.040439102384565,0.0249585197221591,"Slc2a9/Slc45a4/Sh2b2/Acacb/Slc50a1/Slc2a1/Mapk14/Slc27a4/Appl2/Edn1/Rab4b/Ahi1/Slc2a8/Hk2/Pea15a/Stxbp3/Tsc2/Ace/Slc27a1/Slc25a27/Aqp1/Igf1/Sorbs1/Aqp7/Il1b",25
"GO:0048565","digestive tract development","25/2646","150/25615",0.166666666666667,1.61344167296548,2.55746467372398,0.0110666161257885,0.040439102384565,0.0249585197221591,"Hif1a/Npr2/Sox17/Id2/Filip1l/Rcbtb2/Dchs1/Fgf9/Ext1/Src/Tgfb2/Ass1/Ccnb1/Bcl2/Lgr4/Smad3/Pdgfa/Pdgfc/Prdm1/Foxp4/Stx2/Ift172/Smo/Col3a1/Acvr2b",25
"GO:0007080","mitotic metaphase chromosome alignment","13/2646","63/25615",0.206349206349206,1.99759445224298,2.69075669340027,0.0111602005576473,0.0406377850574415,0.0250811442394464,"Cul3/Kif2c/Cdca8/Ccnb1/Pinx1/Rrs1/Cenpa/Cdk1/Cenpe/Cdt1/Ska1/Kif22/Birc5",13
"GO:0002523","leukocyte migration involved in inflammatory response","7/2646","25/25615",0.28,2.71058201058201,2.90429910141701,0.0112158768534937,0.0406377850574415,0.0250811442394464,"Alox5/Cmtm4/S100a8/Itgam/Lbp/Cx3cl1/Adam8",7
"GO:0002544","chronic inflammatory response","7/2646","25/25615",0.28,2.71058201058201,2.90429910141701,0.0112158768534937,0.0406377850574415,0.0250811442394464,"Gja1/Unc13d/Cebpb/Adora2b/Tnfaip3/Ahcy/Cx3cr1",7
"GO:0002719","negative regulation of cytokine production involved in immune response","7/2646","25/25615",0.28,2.71058201058201,2.90429910141701,0.0112158768534937,0.0406377850574415,0.0250811442394464,"Tgfb2/Hfe/Bst2/Vsir/Arg1/Tgfb3/Irak3",7
"GO:0009127","purine nucleoside monophosphate biosynthetic process","7/2646","25/25615",0.28,2.71058201058201,2.90429910141701,0.0112158768534937,0.0406377850574415,0.0250811442394464,"Dck/Impdh1/Dguok/Pfas/Prps2/Aprt/Nudt2",7
"GO:0010759","positive regulation of macrophage chemotaxis","7/2646","25/25615",0.28,2.71058201058201,2.90429910141701,0.0112158768534937,0.0406377850574415,0.0250811442394464,"Trem1/Trpv4/Thbs1/Csf1r/C3ar1/Mapk3/Cx3cl1",7
"GO:0043011","myeloid dendritic cell differentiation","7/2646","25/25615",0.28,2.71058201058201,2.90429910141701,0.0112158768534937,0.0406377850574415,0.0250811442394464,"Relb/Batf3/Tnfsf9/Tgfbr2/Traf6/Batf/Irf4",7
"GO:0045472","response to ether","7/2646","25/25615",0.28,2.71058201058201,2.90429910141701,0.0112158768534937,0.0406377850574415,0.0250811442394464,"Lipa/Mdm2/Prkn/Zc3h12a/Abcb4/Ifitm5/Plcg1",7
"GO:0051315","attachment of mitotic spindle microtubules to kinetochore","7/2646","25/25615",0.28,2.71058201058201,2.90429910141701,0.0112158768534937,0.0406377850574415,0.0250811442394464,"Kif2c/Cdca8/Cdk1/Cenpe/Cdt1/Ska1/Birc5",7
"GO:0060216","definitive hemopoiesis","7/2646","25/25615",0.28,2.71058201058201,2.90429910141701,0.0112158768534937,0.0406377850574415,0.0250811442394464,"Zfp36l2/Bcr/Adar/Meis1/Lyl1/Tal1/Rbfox2",7
"GO:0061620","glycolytic process through glucose-6-phosphate","7/2646","25/25615",0.28,2.71058201058201,2.90429910141701,0.0112158768534937,0.0406377850574415,0.0250811442394464,"Pfkp/Galk1/Pgam1/Eno3/Pkm/Hk2/Pgk1",7
"GO:0071360","cellular response to exogenous dsRNA","7/2646","25/25615",0.28,2.71058201058201,2.90429910141701,0.0112158768534937,0.0406377850574415,0.0250811442394464,"Oas1a/Mavs/Ciita/Sting1/Oas1c/Oas1g/Oas3",7
"GO:0110096","cellular response to aldehyde","7/2646","25/25615",0.28,2.71058201058201,2.90429910141701,0.0112158768534937,0.0406377850574415,0.0250811442394464,"Nr3c2/Haghl/Esd/Aldh2/Gatd1/Timp1/Pnkd",7
"GO:1901679","nucleotide transmembrane transport","7/2646","25/25615",0.28,2.71058201058201,2.90429910141701,0.0112158768534937,0.0406377850574415,0.0250811442394464,"Slc25a33/Lrrc8a/Slc25a24/Slc46a2/Slc17a9/Slc25a23/Abcc4",7
"GO:1903020","positive regulation of glycoprotein metabolic process","7/2646","25/25615",0.28,2.71058201058201,2.90429910141701,0.0112158768534937,0.0406377850574415,0.0250811442394464,"Pomt2/Abca2/Ccl19/Ramp1/Il15/Mustn1/Igf1",7
"GO:0006026","aminoglycan catabolic process","9/2646","37/25615",0.243243243243243,2.35475271189557,2.79891801991276,0.0112935777033439,0.0408042425007207,0.0251838797389013,"Sgsh/Hyal2/Chil3/Idua/Hyal3/Cemip2/Ids/Hexb/Hexa",9
"GO:0033260","nuclear DNA replication","9/2646","37/25615",0.243243243243243,2.35475271189557,2.79891801991276,0.0112935777033439,0.0408042425007207,0.0251838797389013,"Lig1/Gins1/Dach1/Dbf4/Fgfr1/Pola1/Cdk1/Brca2/Cdt1",9
"GO:0048799","animal organ maturation","9/2646","37/25615",0.243243243243243,2.35475271189557,2.79891801991276,0.0112935777033439,0.0408042425007207,0.0251838797389013,"Sema4d/Rflnb/Dchs1/Asxl2/Ext1/Snx10/Bmp2/Igf1/Xylt1",9
"GO:0050931","pigment cell differentiation","9/2646","37/25615",0.243243243243243,2.35475271189557,2.79891801991276,0.0112935777033439,0.0408042425007207,0.0251838797389013,"Mef2c/Sod2/Myo5a/Bloc1s5/Mitf/Bcl2/Adamts9/Ankrd27/Gna11",9
"GO:1900242","regulation of synaptic vesicle endocytosis","9/2646","37/25615",0.243243243243243,2.35475271189557,2.79891801991276,0.0112935777033439,0.0408042425007207,0.0251838797389013,"Scamp5/Snx9/Syt7/Prkn/Tor1a/Syt11/Mylk/Dnm1/Ophn1",9
"GO:0017148","negative regulation of translation","29/2646","181/25615",0.160220994475138,1.55104337622096,2.52511009971574,0.0113017224822416,0.0408107168217651,0.025187875610717,"Mtor/Zfp36l2/Samd4/Ang/Rnh1/Rgs2/Caprin2/Ogt/Malsu1/Unk/Srp9/Wtip/Rida/Eif2ak2/Gpr155/Cirbp/Wt1/Tnrc6b/Pcif1/Tsc2/Eif6/Btg2/Ago1/Pml/Bank1/Epha4/Paip2b/Cpeb2/Plxnb2",29
"GO:0044380","protein localization to cytoskeleton","14/2646","70/25615",0.2,1.93613000755858,2.66191885141631,0.0113878876851315,0.0410987587018455,0.0253656515384918,"Cep83/Gas2l1/Filip1l/Csnk1d/Abhd17a/Snx10/Abhd17b/Lrrc45/Rab11fip3/Numa1/Mid1/Fam83d/Aurka/Cep78",14
"GO:0002028","regulation of sodium ion transport","16/2646","84/25615",0.19047619047619,1.84393334053198,2.62951984860831,0.0114057502553861,0.041140112094666,0.025391174347096,"Gpd1l/Cxcl1/Agrn/Mllt6/Per1/Scn1b/Snta1/Nedd4/Fxyd2/Wnk1/Stk39/Akt3/Sik1/Slc8a1/Serpine2/Atp1b3",16
"GO:0090307","mitotic spindle assembly","15/2646","77/25615",0.194805194805195,1.88584091645316,2.64222766906119,0.0114582342555318,0.0412830604921685,0.0254794003508383,"Kif15/Spice1/Cdca8/Kif11/Cdc20/Arhgef10/Tpx2/Nek2/Wrap73/Chek2/Rcc1/Birc5/Kif4/Ccdc61/Ckap2l",15
"GO:1905818","regulation of chromosome separation","15/2646","77/25615",0.194805194805195,1.88584091645316,2.64222766906119,0.0114582342555318,0.0412830604921685,0.0254794003508383,"Cul3/Bub1b/Cdca8/Cdc20/Ube2c/Ccnb1/Zwint/Atm/Knl1/Bub1/Cenpe/Numa1/Ska1/Birc5/Plscr1",15
"GO:0000096","sulfur amino acid metabolic process","8/2646","31/25615",0.258064516129032,2.49823226781752,2.83294634169271,0.0115234558205056,0.0414019464155079,0.0255527752896324,"Cacna1a/Adi1/Bphl/Slc7a11/Gnmt/Mmut/Mri1/Apip",8
"GO:0002363","alpha-beta T cell lineage commitment","8/2646","31/25615",0.258064516129032,2.49823226781752,2.83294634169271,0.0115234558205056,0.0414019464155079,0.0255527752896324,"Mtor/Ctsl/Spn/Stat3/Bcl2/Batf/Ly9/Irf4",8
"GO:0003094","glomerular filtration","8/2646","31/25615",0.258064516129032,2.49823226781752,2.83294634169271,0.0115234558205056,0.0414019464155079,0.0255527752896324,"Mcam/Ptpro/Edn1/Gja1/Sulf2/Gas6/Pdgfb/Aqp1",8
"GO:0045830","positive regulation of isotype switching","8/2646","31/25615",0.258064516129032,2.49823226781752,2.83294634169271,0.0115234558205056,0.0414019464155079,0.0255527752896324,"Clcf1/Cd40/Shld3/Cd28/Shld1/Msh2/Tfrc/Kmt5c",8
"GO:0060045","positive regulation of cardiac muscle cell proliferation","8/2646","31/25615",0.258064516129032,2.49823226781752,2.83294634169271,0.0115234558205056,0.0414019464155079,0.0255527752896324,"Mef2c/Cdk20/Mapk14/Fgf9/Ccnb1/Fgfr1/Cdk1/Pim1",8
"GO:0015837","amine transport","22/2646","128/25615",0.171875,1.66386172524565,2.55555854283153,0.0116646198276462,0.0418857002642813,0.025851342252382,"Cacna1a/Gabbr1/Syt7/Arg2/Rgs2/Adora2a/Myo5a/Slc7a5/Stxbp1/Rab3a/Il1rn/Adora2b/Cxcl12/P2ry12/Ptgs1/Arg1/Syt11/Per2/Slc12a2/Sncg/Il1b/Adora3",22
"GO:0034205","amyloid-beta formation","11/2646","50/25615",0.22,2.12974300831444,2.71396563722813,0.0117196739875217,0.0420129384463389,0.0259298721031709,"Abca2/Olfm1/Abcg1/Hap1/Prnp/Bin1/Epha4/Pin1/Igf1/Spon1/Psen2",11
"GO:0045981","positive regulation of nucleotide metabolic process","11/2646","50/25615",0.22,2.12974300831444,2.71396563722813,0.0117196739875217,0.0420129384463389,0.0259298721031709,"Hif1a/Mtor/Prkn/Src/Stat3/Adora2b/Ppp2ca/Uchl1/Trem2/Igf1/Zbtb20",11
"GO:1900544","positive regulation of purine nucleotide metabolic process","11/2646","50/25615",0.22,2.12974300831444,2.71396563722813,0.0117196739875217,0.0420129384463389,0.0259298721031709,"Hif1a/Mtor/Prkn/Src/Stat3/Adora2b/Ppp2ca/Uchl1/Trem2/Igf1/Zbtb20",11
"GO:0002262","myeloid cell homeostasis","35/2646","229/25615",0.152838427947598,1.47957533328712,2.47422971988682,0.0119681232250228,0.0428557545136826,0.0264500478785605,"Hif1a/Traf3ip2/Jak2/Id2/Acvr1b/Axl/Blvrb/Add1/Foxo3/Slc7a11/Slc15a4/Mapk14/Adar/Lmo2/Lyn/Slc11a2/Stat3/Itgam/Smim1/Mfhas1/Csf1r/Tal1/Acvr2a/Thra/Pde4b/Bmp4/Exoc6/Fcer1g/Hba-a1/Mecom/Rbfox2/Hscb/Stat1/Hspa9/Cdk6",35
"GO:0031345","negative regulation of cell projection organization","35/2646","229/25615",0.152838427947598,1.47957533328712,2.47422971988682,0.0119681232250228,0.0428557545136826,0.0264500478785605,"Dnm3/Sema6d/Cd38/Arhgap4/Arpin/Mdm2/Fkbp4/Ccr5/Il15ra/Inpp5f/Arhgap24/Neo1/Rab10/Evl/Dguok/Prnp/Trpv4/Tsc2/Ulk2/Sema3f/Cdk10/Gorasp1/Ptpn1/Map4k4/Mbp/Epha4/Stmn2/Tbc1d30/Nrp1/Rtn4rl1/Xylt1/Runx1t1/Inppl1/Trim32/Rab29",35
"GO:0016358","dendrite development","49/2646","343/25615",0.142857142857143,1.38295000539898,2.42343799311298,0.0123156558553814,0.0440756396740779,0.0272029460894297,"Dnm3/Mtor/Cacna1a/Mapk6/Sema4d/Camk1/Dip2a/Mef2c/Tbc1d24/Dock10/Sipa1l1/Neurl1a/Cdc20/Wls/Eef2k/Caprin2/Nedd4/Igsf9/Slc11a2/Cdkl5/Dbnl/D16Ertd472e/Smad3/Syne1/Klf7/Btbd3/Tsc2/Mink1/Srgap2/Phactr1/Itsn1/Camk1d/Tanc2/Gorasp1/Rapgef4/Acsl4/Fcgr2b/Epha4/Ppp1r9a/Fas/Camk2a/Ankrd27/Palm/Dbn1/Lst1/Nrp1/Rbfox2/Rap2a/Zmynd8",49
"GO:0002762","negative regulation of myeloid leukocyte differentiation","12/2646","57/25615",0.210526315789474,2.03803158690377,2.66285269573026,0.012350125698518,0.0441252544423133,0.0272335677179648,"Ubash3b/Tnfaip6/Ceacam1/Pias3/Lyn/Clec2i/Ccl3/Tcta/Nf1/Cdk6/Zbtb46/Nme1",12
"GO:0052652","cyclic purine nucleotide metabolic process","12/2646","57/25615",0.210526315789474,2.03803158690377,2.66285269573026,0.012350125698518,0.0441252544423133,0.0272335677179648,"Npr2/Pde4d/Adcy9/Pde8b/Pde2a/Pde4a/Pde4b/Pde4c/Npr1/Adcy7/Pde7a/Pde7b",12
"GO:0071168","protein localization to chromatin","12/2646","57/25615",0.210526315789474,2.03803158690377,2.66285269573026,0.012350125698518,0.0441252544423133,0.0272335677179648,"Prkaca/Tnrc18/Cbx5/Parp2/Jak2/Aplf/Kmt5a/Hltf/Parp1/Cenpa/Jarid2/Zmynd8",12
"GO:0014743","regulation of muscle hypertrophy","17/2646","92/25615",0.184782608695652,1.78881576785303,2.57256416244338,0.0125176701288537,0.044624590958799,0.0275417521127663,"Akap1/Mtor/Parp2/Acacb/Mef2c/Adrb1/Rgs2/Tnfrsf1b/Edn1/Parp1/Mrtfa/Smad3/Kcnn4/Pparg/Jarid2/Pin1/Igf1",17
"GO:0045638","negative regulation of myeloid cell differentiation","17/2646","92/25615",0.184782608695652,1.78881576785303,2.57256416244338,0.0125176701288537,0.044624590958799,0.0275417521127663,"Ubash3b/Tnfaip6/Ceacam1/Meis1/Lmo2/Pias3/Lyn/Clec2i/Ccl3/Csf1r/Tcta/Hmgb3/Nf1/Hspa9/Cdk6/Zbtb46/Nme1",17
"GO:0090398","cellular senescence","17/2646","92/25615",0.184782608695652,1.78881576785303,2.57256416244338,0.0125176701288537,0.044624590958799,0.0275417521127663,"Mtor/Id2/Ang/Arg2/Mapk14/Prelp/Ypel3/Gins3/Akt3/Bcl2l12/Cav1/Nuak1/Pml/Brca2/Gch1/Cdk6/Eef1e1",17
"GO:0140238","presynaptic endocytosis","17/2646","92/25615",0.184782608695652,1.78881576785303,2.57256416244338,0.0125176701288537,0.044624590958799,0.0275417521127663,"Ap3s1/Scamp5/Dnm3/Snx9/Btbd8/Capn2/Syt7/Tbc1d24/Prkn/Tor1a/Bin1/Itsn1/Syt11/Mylk/Sncg/Dnm1/Ophn1",17
"GO:0050868","negative regulation of T cell activation","24/2646","144/25615",0.166666666666667,1.61344167296548,2.50549824207777,0.0126085709707619,0.0449237159823487,0.0277263684212259,"Runx3/Cblb/Ceacam1/Cd274/Arg2/Cd80/Adora2a/Sdc4/Zc3h12a/Spn/Hfe/Peli1/Zc3h12d/Prnp/Cebpb/Glmn/Vsir/Arg1/Dusp22/Zc3h8/Bmp4/Mapk3/Ildr2/Tnfaip8l2",24
"GO:0170033","L-amino acid metabolic process","27/2646","167/25615",0.161676646706587,1.56513503605035,2.48683069235795,0.0126161512872183,0.0449258070227772,0.0277276589858205,"Adi1/Gstz1/Mccc1/Hibch/Gamt/Pcbd2/Aldh7a1/Aldh18a1/Spr/Ass1/Hdc/Egln2/Crtap/Gnmt/Got1/Mri1/Bckdk/Odc1/Auh/Dld/Dlst/Ahcy/Asns/Apip/Tha1/Qprt/Abcc4",27
"GO:0016579","protein deubiquitination","20/2646","114/25615",0.175438596491228,1.69835965575314,2.53638713035264,0.0126298873212931,0.0449498039623196,0.0277424696036018,"Usp11/Usp50/Tnip1/Usp48/Mindy3/Cdc20/Src/Zc3h12a/Trim21/Otulinl/Usp43/Usp28/Otud1/Tnfaip3/Psmd14/Josd2/Otulin/Cdk1/Uchl1/Trim14",20
"GO:0009126","purine nucleoside monophosphate metabolic process","10/2646","44/25615",0.227272727272727,2.20014773586202,2.70426826030871,0.0126631579486484,0.0449934328883394,0.0277693968434839,"Ak3/Gda/Dck/Impdh1/Dguok/Guk1/Pfas/Prps2/Aprt/Nudt2",10
"GO:0051385","response to mineralocorticoid","10/2646","44/25615",0.227272727272727,2.20014773586202,2.70426826030871,0.0126631579486484,0.0449934328883394,0.0277693968434839,"Ccnd1/Nr3c2/Htr7/Fosb/Prkn/Foxo3/Edn1/Stk39/Fos/Comt",10
"GO:0055078","sodium ion homeostasis","10/2646","44/25615",0.227272727272727,2.20014773586202,2.70426826030871,0.0126631579486484,0.0449934328883394,0.0277693968434839,"Nr3c2/Mllt6/Ext1/Edn1/Scn7a/Slc8a1/Atp1a3/Comt/Slc12a2/Atp1b3",10
"GO:0046889","positive regulation of lipid biosynthetic process","22/2646","129/25615",0.170542635658915,1.65096357233677,2.51572566687267,0.0127296238108483,0.0452045900281311,0.0278997204492812,"Prkaca/Mtor/Nr1d1/Por/Gnai1/Capn2/Edn1/Abcd1/Abcg1/Ptgs2/Adora2b/Sirt4/Slc27a1/Abhd6/Abcd2/Dgat2/Ccn1/Igf1/Sorbs1/Il1b/Smpd3/Zbtb20",22
"GO:0009994","oocyte differentiation","14/2646","71/25615",0.197183098591549,1.9088605708324,2.60282256423281,0.0128726133081252,0.0456366820592694,0.0281664023696265,"Tdrkh/Npr2/Rps6ka2/Foxo3/Gdf9/Inhbb/Edn1/Ccnb1/Atm/Bcl2/Brca2/Tdrd7/Igf1/Aurka",14
"GO:0048286","lung alveolus development","14/2646","71/25615",0.197183098591549,1.9088605708324,2.60282256423281,0.0128726133081252,0.0456366820592694,0.0281664023696265,"Slc7a11/Pdgfa/Hopx/Fosl2/Pdpn/Tgfb3/Ace/Bmp4/Tmem38b/Igf1/Kdr/Psen2/Smpd3/Hs6st1",14
"GO:0071715","icosanoid transport","14/2646","71/25615",0.197183098591549,1.9088605708324,2.60282256423281,0.0128726133081252,0.0456366820592694,0.0281664023696265,"Slco2b1/Tnfrsf11a/Ptges/Edn1/Ptgs2/Pla2g12a/Map2k6/Ace/Slc27a1/Acsl4/P2ry2/Abcc3/Abcc4/Il1b",14
"GO:0002407","dendritic cell chemotaxis","6/2646","20/25615",0.3,2.90419501133787,2.89142167682056,0.0130747973469656,0.0458975399764519,0.0283274006877584,"Ccl19/Gpr183/Slamf9/Trpm4/Gas6/Trpm2",6
"GO:0002430","complement receptor mediated signaling pathway","6/2646","20/25615",0.3,2.90419501133787,2.89142167682056,0.0130747973469656,0.0458975399764519,0.0283274006877584,"Fpr1/C5ar2/Fpr2/Itgam/C3ar1/Rgcc",6
"GO:0002431","Fc receptor mediated stimulatory signaling pathway","6/2646","20/25615",0.3,2.90419501133787,2.89142167682056,0.0130747973469656,0.0458975399764519,0.0283274006877584,"Appl2/Lyn/Cd47/Rabgef1/Fcer1g/Plscr1",6
"GO:0006491","N-glycan processing","6/2646","20/25615",0.3,2.90419501133787,2.89142167682056,0.0130747973469656,0.0458975399764519,0.0283274006877584,"St8sia4/Man1c1/Engase/Fut8/Ganc/Gnptab",6
"GO:0010713","negative regulation of collagen metabolic process","6/2646","20/25615",0.3,2.90419501133787,2.89142167682056,0.0130747973469656,0.0458975399764519,0.0283274006877584,"Ager/Ciita/Cygb/Adora2b/Got1/Pparg",6
"GO:0031958","nuclear receptor-mediated corticosteroid signaling pathway","6/2646","20/25615",0.3,2.90419501133787,2.89142167682056,0.0130747973469656,0.0458975399764519,0.0283274006877584,"Nr3c2/Jak2/Per1/Nedd4/Cry2/Cry1",6
"GO:0032693","negative regulation of interleukin-10 production","6/2646","20/25615",0.3,2.90419501133787,2.89142167682056,0.0130747973469656,0.0458975399764519,0.0283274006877584,"Ager/Cd274/Cd84/Thbs1/Vsir/Trib2",6
"GO:0032897","negative regulation of viral transcription","6/2646","20/25615",0.3,2.90419501133787,2.89142167682056,0.0130747973469656,0.0458975399764519,0.0283274006877584,"Sp100/Trim21/Csprs/Ubp1/Trim14/Trim32",6
"GO:0034163","regulation of toll-like receptor 9 signaling pathway","6/2646","20/25615",0.3,2.90419501133787,2.89142167682056,0.0130747973469656,0.0458975399764519,0.0283274006877584,"Slc15a4/Lyn/Pld3/Pld4/Adcy7/Rab7b",6
"GO:0035493","SNARE complex assembly","6/2646","20/25615",0.3,2.90419501133787,2.89142167682056,0.0130747973469656,0.0458975399764519,0.0283274006877584,"Stx4a/Vamp1/Septin8/Stxbp1/Stxbp6/Ankrd27",6
"GO:0051895","negative regulation of focal adhesion assembly","6/2646","20/25615",0.3,2.90419501133787,2.89142167682056,0.0130747973469656,0.0458975399764519,0.0283274006877584,"Arhgap6/Src/Rcc2/Mmp14/Dusp22/Acvrl1",6
"GO:0060841","venous blood vessel development","6/2646","20/25615",0.3,2.90419501133787,2.89142167682056,0.0130747973469656,0.0458975399764519,0.0283274006877584,"Ccm2/Ephb4/Aplnr/Eng/Acvrl1/Acvr2b",6
"GO:0070230","positive regulation of lymphocyte apoptotic process","6/2646","20/25615",0.3,2.90419501133787,2.89142167682056,0.0130747973469656,0.0458975399764519,0.0283274006877584,"Cd274/Tgfb2/Cd47/Zc3h8/Adam8/Siglec1",6
"GO:0098883","synapse pruning","6/2646","20/25615",0.3,2.90419501133787,2.89142167682056,0.0130747973469656,0.0458975399764519,0.0283274006877584,"Itgam/Cd47/Epha4/Cx3cr1/Trem2/Plxnc1",6
"GO:0106072","negative regulation of adenylate cyclase-activating G protein-coupled receptor signaling pathway","6/2646","20/25615",0.3,2.90419501133787,2.89142167682056,0.0130747973469656,0.0458975399764519,0.0283274006877584,"Pde4d/Mrap/Pde2a/Aplp1/Pde4b/Crtc3",6
"GO:0150118","negative regulation of cell-substrate junction organization","6/2646","20/25615",0.3,2.90419501133787,2.89142167682056,0.0130747973469656,0.0458975399764519,0.0283274006877584,"Arhgap6/Src/Rcc2/Mmp14/Dusp22/Acvrl1",6
"GO:1902001","fatty acid transmembrane transport","6/2646","20/25615",0.3,2.90419501133787,2.89142167682056,0.0130747973469656,0.0458975399764519,0.0283274006877584,"Slc2a1/Abcd4/Abcd1/Thbs1/Slc27a1/Abcd2",6
"GO:1990822","basic amino acid transmembrane transport","6/2646","20/25615",0.3,2.90419501133787,2.89142167682056,0.0130747973469656,0.0458975399764519,0.0283274006877584,"Slc7a6/Slc25a15/Slc15a4/Slc7a1/Tmem44/Slc38a9",6
"GO:0140029","exocytic process","19/2646","107/25615",0.177570093457944,1.71899393194453,2.52953963346745,0.0130859848516441,0.0459117240234635,0.0283361549082085,"Unc13b/Exoc8/Vamp1/Syt7/Snap47/Lyn/Stxbp1/Unc13d/Rab3a/Stxbp3/Ctbp2/Syt11/Exoc6/Stx2/Camk2a/Fcer1g/Syp/Stx11/Adora3",19
"GO:0030048","actin filament-based movement","23/2646","137/25615",0.167883211678832,1.62521861948348,2.49041715190378,0.0132342621923756,0.0463559979955402,0.0286103553736063,"Gpd1l/Syne2/Pde4d/Adrb1/Jup/Scn1b/Ccdc88c/Snta1/Myo5a/Mrtfa/Trpm4/Evl/Bin1/Frmd6/Ikzf2/Pdpn/Pde4b/Cav1/Cacna1d/Limch1/Dbn1/Myo7a/Myh10",23
"GO:0062014","negative regulation of small molecule metabolic process","23/2646","137/25615",0.167883211678832,1.62521861948348,2.49041715190378,0.0132342621923756,0.0463559979955402,0.0286103553736063,"Prkaca/Fmo1/Acacb/Angptl4/Ceacam1/Ddit4/Slc27a4/Appl2/Sox9/Parp1/Amdhd2/Stat3/Snai1/Nupr1/Ppp2ca/Cbfa2t3/Sirt4/Bmp2/Sik1/Pgk1/Dgat2/Cry1/Kat2a",23
"GO:0070646","protein modification by small protein removal","23/2646","137/25615",0.167883211678832,1.62521861948348,2.49041715190378,0.0132342621923756,0.0463559979955402,0.0286103553736063,"Usp11/Usp50/Tnip1/Usp48/Mindy3/Senp8/Cdc20/Tor1a/Src/Zc3h12a/Trim21/Otulinl/Usp43/Usp28/Otud1/Tnfaip3/Psmd14/Josd2/Otulin/Cdk1/Uchl1/Trim14/Senp7",23
"GO:0046390","ribose phosphate biosynthetic process","31/2646","199/25615",0.155778894472362,1.5080409606612,2.44193581471311,0.0133502625371649,0.0467368319012245,0.0288454014054272,"Ndufb6/Dhodh/Npr2/Ak3/Lipa/Atpsckmt/Dck/Prkn/Cox6b2/Nme4/Impdh1/Fam3a/Parp1/Adcy9/Stat3/Uck2/Guk1/Prps1l3/Pfas/Prps2/Aprt/Nme3/Nudt2/Upp2/Prpsap2/Npr1/mt-Atp8/Trem2/mt-Nd4l/Adcy7/Nme1",31
"GO:0035020","regulation of Rac protein signal transduction","9/2646","38/25615",0.236842105263158,2.29278553526674,2.70679932450068,0.0134745544958118,0.0470949608711071,0.0290664342283838,"Agrn/Ccl19/Dock2/Ogt/Src/Arhgap24/Cdkl5/Ssx2ip/Nf1",9
"GO:0086091","regulation of heart rate by cardiac conduction","9/2646","38/25615",0.236842105263158,2.29278553526674,2.70679932450068,0.0134745544958118,0.0470949608711071,0.0290664342283838,"Jup/Scn1b/Src/Trpm4/Bin1/Ace/Cav1/Cacna1d/Rbfox2",9
"GO:1900227","positive regulation of NLRP3 inflammasome complex assembly","9/2646","38/25615",0.236842105263158,2.29278553526674,2.70679932450068,0.0134745544958118,0.0470949608711071,0.0290664342283838,"Mavs/Usp50/Zdhhc1/Ppp2ca/Abhd17a/Nlrp3/Trim65/Prkd1/Adcy7",9
"GO:0010507","negative regulation of autophagy","18/2646","100/25615",0.18,1.74251700680272,2.52505706620158,0.0135094163021806,0.0471654838723957,0.0291099601628071,"Mtor/Ehmt2/Rubcn/Qsox1/Wnk1/Slc7a5/Htra2/Stat3/Bcl2/Nupr1/Tsc2/Tnfaip3/Vps13c/Rnf5/Wdr6/Fez2/Mapk3/Trem2",18
"GO:0032890","regulation of organic acid transport","18/2646","100/25615",0.18,1.74251700680272,2.52505706620158,0.0135094163021806,0.0471654838723957,0.0291099601628071,"Gabbr1/Arg2/Rgs2/Adora2a/Tnfrsf11a/Ptges/Edn1/Slc7a5/Stxbp1/Il1rn/Thbs1/Map2k6/Arg1/Per2/Acsl4/Slc12a2/P2ry2/Il1b",18
"GO:0051648","vesicle localization","35/2646","231/25615",0.151515151515152,1.46676515724135,2.41872764658515,0.0135801073905769,0.0472708336789761,0.0291749807757835,"Gltp/Ap3s1/Dnm3/Unc13b/Cul3/Snf8/Btbd8/Exoc8/Trappc12/Prkn/Atp13a2/Sdc4/Myo5a/Sdc1/Tor1a/Naglu/Stxbp1/Steap3/Unc13d/Rab3a/Bloc1s5/Ahi1/Wipi1/Hap1/Stxbp3/Dipk2a/Lin7c/Pdcd6/Syt11/Tanc2/Exoc6/Stard3/Myo7a/Dnm1/Smpd3",35
"GO:0007094","mitotic spindle assembly checkpoint signaling","11/2646","51/25615",0.215686274509804,2.08798334148474,2.63970568672862,0.0135837420565675,0.0472708336789761,0.0291749807757835,"Bub1b/Cdca8/Cdc20/Ccnb1/Zwint/Atm/Knl1/Bub1/Cenpe/Ska1/Birc5",11
"GO:0045663","positive regulation of myoblast differentiation","11/2646","51/25615",0.215686274509804,2.08798334148474,2.63970568672862,0.0135837420565675,0.0472708336789761,0.0291749807757835,"Tnfsf14/Smarcb1/Ccl8/Mef2c/Mapk14/Lrrc8a/Map3k5/Zfhx3/Smarce1/Mustn1/Smarca2",11
"GO:0071173","spindle assembly checkpoint signaling","11/2646","51/25615",0.215686274509804,2.08798334148474,2.63970568672862,0.0135837420565675,0.0472708336789761,0.0291749807757835,"Bub1b/Cdca8/Cdc20/Ccnb1/Zwint/Atm/Knl1/Bub1/Cenpe/Ska1/Birc5",11
"GO:0071174","mitotic spindle checkpoint signaling","11/2646","51/25615",0.215686274509804,2.08798334148474,2.63970568672862,0.0135837420565675,0.0472708336789761,0.0291749807757835,"Bub1b/Cdca8/Cdc20/Ccnb1/Zwint/Atm/Knl1/Bub1/Cenpe/Ska1/Birc5",11
"GO:1903018","regulation of glycoprotein metabolic process","11/2646","51/25615",0.215686274509804,2.08798334148474,2.63970568672862,0.0135837420565675,0.0472708336789761,0.0291749807757835,"Pomt2/Abca2/Ccl19/Acer2/Bcl2/Ramp1/Itm2b/Il15/Mustn1/Ptx3/Igf1",11
"GO:0002698","negative regulation of immune effector process","24/2646","145/25615",0.16551724137931,1.602314489014,2.46862667657896,0.0136719857716911,0.0475521584176197,0.0293486109659642,"Bcr/Ceacam1/Cd274/Cd80/Zc3h12a/Spn/Tgfb2/Hfe/Nod2/Cd84/Bst2/Tnfaip3/Pvr/Nectin4/Il7r/Vsir/Arg1/Dusp22/Tgfb3/Mapk3/Rabgef1/Cx3cr1/Irak3/Fer",24
"GO:0014897","striated muscle hypertrophy","22/2646","130/25615",0.169230769230769,1.63826385254957,2.47623686638879,0.0138707396366943,0.0482008615996917,0.0297489826411217,"Akap1/Mtor/Parp2/Acacb/Mef2c/Adrb1/Inpp5f/Rgs2/Tnfrsf1b/Meis1/Edn1/Parp1/Mrtfa/Smad3/Kcnn4/Pparg/Bmp4/Bmp2/Rap1gds1/Jarid2/Pin1/Igf1",22
"GO:0001779","natural killer cell differentiation","8/2646","32/25615",0.25,2.42016250944822,2.72834870583971,0.0140053738417522,0.0482008615996917,0.0297489826411217,"Id2/Axl/Il15ra/Flt3l/Nfil3/Gas6/Prdm1/Il15",8
"GO:0006221","pyrimidine nucleotide biosynthetic process","8/2646","32/25615",0.25,2.42016250944822,2.72834870583971,0.0140053738417522,0.0482008615996917,0.0297489826411217,"Dhodh/Dck/Nme4/Cmpk2/Uck2/Nme3/Upp2/Nme1",8
"GO:0006882","intracellular zinc ion homeostasis","8/2646","32/25615",0.25,2.42016250944822,2.72834870583971,0.0140053738417522,0.0482008615996917,0.0297489826411217,"Mt2/Sco1/Atp13a2/Tmc6/Mt1/Tmc8/Slc39a14/Slc39a8",8
"GO:0035590","purinergic nucleotide receptor signaling pathway","8/2646","32/25615",0.25,2.42016250944822,2.72834870583971,0.0140053738417522,0.0482008615996917,0.0297489826411217,"P2ry6/Adora2a/Adora2b/P2ry12/P2ry13/Gpr34/P2ry2/Adora3",8
"GO:0043032","positive regulation of macrophage activation","8/2646","32/25615",0.25,2.42016250944822,2.72834870583971,0.0140053738417522,0.0482008615996917,0.0297489826411217,"Ctsc/Il4ra/Kcnn4/Lbp/Thbs1/Mmp8/Tnip2/Trem2",8
"GO:0043369","CD4-positive or CD8-positive, alpha-beta T cell lineage commitment","8/2646","32/25615",0.25,2.42016250944822,2.72834870583971,0.0140053738417522,0.0482008615996917,0.0297489826411217,"Mtor/Ctsl/Spn/Stat3/Bcl2/Batf/Ly9/Irf4",8
"GO:0044273","sulfur compound catabolic process","8/2646","32/25615",0.25,2.42016250944822,2.72834870583971,0.0140053738417522,0.0482008615996917,0.0297489826411217,"Acot2/Gamt/Ggt5/Abcd1/Nudt7/Ahcy/Oplah/Nme1",8
"GO:0071359","cellular response to dsRNA","8/2646","32/25615",0.25,2.42016250944822,2.72834870583971,0.0140053738417522,0.0482008615996917,0.0297489826411217,"Oas1a/Mavs/Ciita/Sting1/Oas1c/Oas1g/Oas3/Riok3",8
"GO:2000108","positive regulation of leukocyte apoptotic process","8/2646","32/25615",0.25,2.42016250944822,2.72834870583971,0.0140053738417522,0.0482008615996917,0.0297489826411217,"Mef2c/Cd274/Tgfb2/Lyn/Cd47/Zc3h8/Adam8/Siglec1",8
"GO:0006684","sphingomyelin metabolic process","7/2646","26/25615",0.269230769230769,2.60632885632886,2.78135905256355,0.0140085629835966,0.0482008615996917,0.0297489826411217,"Vapa/Abca2/Sgms2/Abca8a/Smpd5/Smpd1/Smpd3",7
"GO:0006851","mitochondrial calcium ion transmembrane transport","7/2646","26/25615",0.269230769230769,2.60632885632886,2.78135905256355,0.0140085629835966,0.0482008615996917,0.0297489826411217,"Letm2/Slc25a23/Maip1/Micu1/Hspa9/Itpr1/Psen2",7
"GO:0006857","oligopeptide transport","7/2646","26/25615",0.269230769230769,2.60632885632886,2.78135905256355,0.0140085629835966,0.0482008615996917,0.0297489826411217,"Slc15a2/Slc7a11/Slc15a4/Gja1/Slc13a3/Slc15a3/Abcc4",7
"GO:0034162","toll-like receptor 9 signaling pathway","7/2646","26/25615",0.269230769230769,2.60632885632886,2.78135905256355,0.0140085629835966,0.0482008615996917,0.0297489826411217,"Slc15a4/Lyn/Pld3/Pld4/Tnip2/Adcy7/Rab7b",7
"GO:0034260","negative regulation of GTPase activity","7/2646","26/25615",0.269230769230769,2.60632885632886,2.78135905256355,0.0140085629835966,0.0482008615996917,0.0297489826411217,"Rrp1b/Sh3bp4/Rcc2/Arrb1/Rap1gds1/Spry1/Tmed2",7
"GO:0042759","long-chain fatty acid biosynthetic process","7/2646","26/25615",0.269230769230769,2.60632885632886,2.78135905256355,0.0140085629835966,0.0482008615996917,0.0297489826411217,"Alox5/Fads1/Myo5a/Gstm2/Ltc4s/Gstm1/Asah2",7
"GO:0060333","type II interferon-mediated signaling pathway","7/2646","26/25615",0.269230769230769,2.60632885632886,2.78135905256355,0.0140085629835966,0.0482008615996917,0.0297489826411217,"Jak2/Ciita/Tyk2/Pparg/Arg1/Irgm2/Stat1",7
"GO:0060392","negative regulation of SMAD protein signal transduction","7/2646","26/25615",0.269230769230769,2.60632885632886,2.78135905256355,0.0140085629835966,0.0482008615996917,0.0297489826411217,"Ski/Ldlrad4/Eng/Pparg/Smad6/Pin1/Pmepa1",7
"GO:0140367","antibacterial innate immune response","7/2646","26/25615",0.269230769230769,2.60632885632886,2.78135905256355,0.0140085629835966,0.0482008615996917,0.0297489826411217,"Tlr2/Slc15a2/Mtor/Rasgrp4/Nod2/Irgm2/Tfeb",7
"GO:1901623","regulation of lymphocyte chemotaxis","7/2646","26/25615",0.269230769230769,2.60632885632886,2.78135905256355,0.0140085629835966,0.0482008615996917,0.0297489826411217,"Tnfsf14/Cxcl13/Wnk1/Stk39/Ccl3/Padi2/Cxcl10",7
"GO:0046632","alpha-beta T cell differentiation","25/2646","153/25615",0.163398692810458,1.58180556173087,2.44985232181065,0.0140478612749078,0.0482476997218931,0.0297778905576623,"Mtor/Ctsl/Jak2/Ccl19/Runx3/Relb/Gpr183/Malt1/Zc3h12a/Spn/Tbk1/Stat3/Sema4a/Bcl3/Bcl2/Tgfbr2/Fosl2/Prdm1/Stat4/Nlrp3/Batf/Ly9/Gpr18/Irf4/Blm",25
"GO:0014888","striated muscle adaptation","12/2646","58/25615",0.206896551724138,2.0028931112675,2.59523259524155,0.0141472390708145,0.0482476997218931,0.0297778905576623,"Mtor/Acacb/Mef2c/Inpp5f/Gtf2i/Asb2/Smad3/Cflar/Pparg/Bmp4/Bmp2/Nfatc1",12
"GO:0002637","regulation of immunoglobulin production","16/2646","86/25615",0.186046511627907,1.80105116982193,2.52554529329033,0.0141933835672133,0.0482476997218931,0.0297778905576623,"Stx4a/Clcf1/Aplf/Cd40/Slc15a4/Shld3/Cd27/Cd28/Ighm/Shld1/Msh2/Tnfaip3/Traf6/Tfrc/Cd37/Kmt5c",16
"GO:0022406","membrane docking","16/2646","86/25615",0.186046511627907,1.80105116982193,2.52554529329033,0.0141933835672133,0.0482476997218931,0.0297778905576623,"Vapa/Stx4a/Unc13b/Cep83/Exoc8/Stxbp1/Cav2/Stxbp3/Ctbp2/Exoc6/Stx2/Camk2a/Stx12/Stx11/Stx16/Psen2",16
"GO:0000022","mitotic spindle elongation","4/2646","10/25615",0.4,3.87226001511716,3.08335791924555,0.0143056913296562,0.0482476997218931,0.0297778905576623,"Cdca8/Numa1/Birc5/Kif4",4
"GO:0001408","guanine nucleotide transport","4/2646","10/25615",0.4,3.87226001511716,3.08335791924555,0.0143056913296562,0.0482476997218931,0.0297778905576623,"Lrrc8a/Slc46a2/Slc17a9/Abcc4",4
"GO:0002084","protein depalmitoylation","4/2646","10/25615",0.4,3.87226001511716,3.08335791924555,0.0143056913296562,0.0482476997218931,0.0297778905576623,"Lyplal1/Abhd12/Abhd17a/Abhd17b",4
"GO:0003149","membranous septum morphogenesis","4/2646","10/25615",0.4,3.87226001511716,3.08335791924555,0.0143056913296562,0.0482476997218931,0.0297778905576623,"Id2/Tgfb2/Tgfbr2/Bmp4",4
"GO:0006048","UDP-N-acetylglucosamine biosynthetic process","4/2646","10/25615",0.4,3.87226001511716,3.08335791924555,0.0143056913296562,0.0482476997218931,0.0297778905576623,"Uap1l1/Amdhd2/Nagk/Gnpda1",4
"GO:0010142","farnesyl diphosphate biosynthetic process, mevalonate pathway","4/2646","10/25615",0.4,3.87226001511716,3.08335791924555,0.0143056913296562,0.0482476997218931,0.0297778905576623,"Hmgcr/Mvd/Pmvk/Acat2",4
"GO:0017085","response to insecticide","4/2646","10/25615",0.4,3.87226001511716,3.08335791924555,0.0143056913296562,0.0482476997218931,0.0297778905576623,"Scn1b/Inhbb/Cpox/Ccnb1",4
"GO:0021612","facial nerve structural organization","4/2646","10/25615",0.4,3.87226001511716,3.08335791924555,0.0143056913296562,0.0482476997218931,0.0297778905576623,"Plxna4/Egr2/Sema3f/Nrp1",4
"GO:0033385","geranylgeranyl diphosphate metabolic process","4/2646","10/25615",0.4,3.87226001511716,3.08335791924555,0.0143056913296562,0.0482476997218931,0.0297778905576623,"Hmgcr/Mvd/Pmvk/Acat2",4
"GO:0035306","positive regulation of dephosphorylation","4/2646","10/25615",0.4,3.87226001511716,3.08335791924555,0.0143056913296562,0.0482476997218931,0.0297778905576623,"Src/Smad3/Chp2/Bmp2",4
"GO:0035723","interleukin-15-mediated signaling pathway","4/2646","10/25615",0.4,3.87226001511716,3.08335791924555,0.0143056913296562,0.0482476997218931,0.0297778905576623,"Il15ra/Stat3/Cd4/Il15",4
"GO:0035812","renal sodium excretion","4/2646","10/25615",0.4,3.87226001511716,3.08335791924555,0.0143056913296562,0.0482476997218931,0.0297778905576623,"Nr3c2/Mllt6/Edn1/Comt",4
"GO:0036066","protein O-linked glycosylation via fucose","4/2646","10/25615",0.4,3.87226001511716,3.08335791924555,0.0143056913296562,0.0482476997218931,0.0297778905576623,"B3glct/Pofut2/Slc35c2/Fut8",4
"GO:0036462","TRAIL-activated apoptotic signaling pathway","4/2646","10/25615",0.4,3.87226001511716,3.08335791924555,0.0143056913296562,0.0482476997218931,0.0297778905576623,"Tnfrsf10b/Fadd/Tnfsf10/Atf3",4
"GO:0044828","host-mediated suppression of viral genome replication","4/2646","10/25615",0.4,3.87226001511716,3.08335791924555,0.0143056913296562,0.0482476997218931,0.0297778905576623,"Vapa/Ccl8/Prkn/Zc3h12a",4
"GO:0046929","negative regulation of neurotransmitter secretion","4/2646","10/25615",0.4,3.87226001511716,3.08335791924555,0.0143056913296562,0.0482476997218931,0.0297778905576623,"Prkn/Ppp1r9a/Nf1/Pnkd",4
"GO:0060700","regulation of ribonuclease activity","4/2646","10/25615",0.4,3.87226001511716,3.08335791924555,0.0143056913296562,0.0482476997218931,0.0297778905576623,"Oas1a/Oas1c/Oas1g/Oas3",4
"GO:0070086","ubiquitin-dependent endocytosis","4/2646","10/25615",0.4,3.87226001511716,3.08335791924555,0.0143056913296562,0.0482476997218931,0.0297778905576623,"Eps15/Neurl3/Neurl1b/Lrsam1",4
"GO:0070427","nucleotide-binding oligomerization domain containing 1 signaling pathway","4/2646","10/25615",0.4,3.87226001511716,3.08335791924555,0.0143056913296562,0.0482476997218931,0.0297778905576623,"Nod1/Slc15a4/Tnfaip3/Slc46a2",4
"GO:0071281","cellular response to iron ion","4/2646","10/25615",0.4,3.87226001511716,3.08335791924555,0.0143056913296562,0.0482476997218931,0.0297778905576623,"Hfe/Ccnb1/Trf/Tfrc",4
"GO:0071314","cellular response to cocaine","4/2646","10/25615",0.4,3.87226001511716,3.08335791924555,0.0143056913296562,0.0482476997218931,0.0297778905576623,"Ehmt2/Tgm2/Ccna2/Comt",4
"GO:0071349","cellular response to interleukin-12","4/2646","10/25615",0.4,3.87226001511716,3.08335791924555,0.0143056913296562,0.0482476997218931,0.0297778905576623,"Jak2/Tyk2/Cd47/Stat4",4
"GO:0071350","cellular response to interleukin-15","4/2646","10/25615",0.4,3.87226001511716,3.08335791924555,0.0143056913296562,0.0482476997218931,0.0297778905576623,"Il15ra/Stat3/Cd4/Il15",4
"GO:1902767","isoprenoid biosynthetic process via mevalonate","4/2646","10/25615",0.4,3.87226001511716,3.08335791924555,0.0143056913296562,0.0482476997218931,0.0297778905576623,"Hmgcr/Mvd/Pmvk/Acat2",4
"GO:2000392","regulation of lamellipodium morphogenesis","4/2646","10/25615",0.4,3.87226001511716,3.08335791924555,0.0143056913296562,0.0482476997218931,0.0297778905576623,"Arpin/Src/Pdpn/Enpp2",4
"GO:0006690","icosanoid metabolic process","26/2646","161/25615",0.161490683229814,1.5633347887119,2.43368333751506,0.0143668219389472,0.0482476997218931,0.0297778905576623,"Ncf1/Alox5/Tbxas1/Tlr2/Ephx1/Daglb/Fads1/Sco1/Ptges/Edn1/Ggt5/Mgll/Ptgs2/Sigmar1/Sphk1/Ptgr2/Pdpn/Hpgd/Ptgs1/Ltc4s/Mgst3/Cyp4f13/Prxl2b/Comt/Gstm1/Il1b",26
"GO:0050848","regulation of calcium-mediated signaling","19/2646","108/25615",0.175925925925926,1.70307732146356,2.48512280551385,0.0143859541590219,0.0482476997218931,0.0297778905576623,"Mtor/Fkbp1b/Camta1/Sco1/L1cam/Edn1/Ramp3/Rcan1/Tmbim4/Hap1/Ccl3/Prnp/Chp2/Cd4/Trem2/Igf1/Kdr/Itpr1/Adora3",19
"GO:0097120","receptor localization to synapse","19/2646","108/25615",0.175925925925926,1.70307732146356,2.48512280551385,0.0143859541590219,0.0482476997218931,0.0297778905576623,"Kif2c/Rapsn/Gnai1/Olfm1/Adam22/Mmp9/Kif3a/Ogt/Snap47/Clstn1/Kifap3/Epb41l1/Traf6/Rapgef4/Mylk/Dlg3/Camk2a/Dbn1/Septin9",19
"GO:0045669","positive regulation of osteoblast differentiation","15/2646","79/25615",0.189873417721519,1.83809810844169,2.53217985807586,0.0144098370332796,0.0482476997218931,0.0297778905576623,"Mef2c/Suco/Hey1/Cebpb/Pdlim7/Acvr2a/Bmp4/Bmp2/Ifi204/Ifitm1/Prkd1/Ccn1/Igf1/Tmem119/Acvr2b",15
"GO:0002279","mast cell activation involved in immune response","13/2646","65/25615",0.2,1.93613000755858,2.56483818902467,0.0144322871668531,0.0482476997218931,0.0297778905576623,"Gnai1/D6Wsu163e/Lyn/Stxbp1/Unc13d/Ighm/Cd84/Adora2b/Pld2/Rabgef1/Fcer1g/Fer/Adora3",13
"GO:0002381","immunoglobulin production involved in immunoglobulin-mediated immune response","13/2646","65/25615",0.2,1.93613000755858,2.56483818902467,0.0144322871668531,0.0482476997218931,0.0297778905576623,"Clcf1/Traf3ip2/Aplf/Cd40/Slc15a4/Shld3/Cd28/Ighm/Shld1/Msh2/Tfrc/Batf/Kmt5c",13
"GO:0002823","negative regulation of adaptive immune response based on somatic recombination of immune receptors built from immunoglobulin superfamily domains","13/2646","65/25615",0.2,1.93613000755858,2.56483818902467,0.0144322871668531,0.0482476997218931,0.0297778905576623,"Zdhhc9/Ceacam1/Cd274/Cd80/Zc3h12a/Spn/Hfe/Nod2/Il7r/Vsir/Arg1/Dusp22/Mapk3",13
"GO:0051306","mitotic sister chromatid separation","13/2646","65/25615",0.2,1.93613000755858,2.56483818902467,0.0144322871668531,0.0482476997218931,0.0297778905576623,"Cul3/Bub1b/Cdca8/Cdc20/Ube2c/Ccnb1/Zwint/Atm/Knl1/Bub1/Cenpe/Ska1/Birc5",13
"GO:0003198","epithelial to mesenchymal transition involved in endocardial cushion formation","5/2646","15/25615",0.333333333333333,3.22688334593097,2.92809857247665,0.0145025314774536,0.0482476997218931,0.0297778905576623,"Tgfb2/Snai1/Hey1/Eng/Tgfbr2",5
"GO:0006002","fructose 6-phosphate metabolic process","5/2646","15/25615",0.333333333333333,3.22688334593097,2.92809857247665,0.0145025314774536,0.0482476997218931,0.0297778905576623,"Mpi/Pfkp/Hk3/Hk2/Gnpda1",5
"GO:0006103","2-oxoglutarate metabolic process","5/2646","15/25615",0.333333333333333,3.22688334593097,2.92809857247665,0.0145025314774536,0.0482476997218931,0.0297778905576623,"Idh1/Idh2/Got1/Dld/Dlst",5
"GO:0007096","regulation of exit from mitosis","5/2646","15/25615",0.333333333333333,3.22688334593097,2.92809857247665,0.0145025314774536,0.0482476997218931,0.0297778905576623,"Ube2c/Cdc14b/Cdkn1c/Rgcc/Birc5",5
"GO:0009067","aspartate family amino acid biosynthetic process","5/2646","15/25615",0.333333333333333,3.22688334593097,2.92809857247665,0.0145025314774536,0.0482476997218931,0.0297778905576623,"Adi1/Got1/Mri1/Asns/Apip",5
"GO:0009310","amine catabolic process","5/2646","15/25615",0.333333333333333,3.22688334593097,2.92809857247665,0.0145025314774536,0.0482476997218931,0.0297778905576623,"Sult1a1/Hnmt/Maoa/Comt/Paox",5
"GO:0009624","response to nematode","5/2646","15/25615",0.333333333333333,3.22688334593097,2.92809857247665,0.0145025314774536,0.0482476997218931,0.0297778905576623,"Ptger2/Chil3/Rbbp9/Ptgs2/Arg1",5
"GO:0014029","neural crest formation","5/2646","15/25615",0.333333333333333,3.22688334593097,2.92809857247665,0.0145025314774536,0.0482476997218931,0.0297778905576623,"Sox9/Edn1/Fuz/Pdcd6/Tcof1",5
"GO:0019321","pentose metabolic process","5/2646","15/25615",0.333333333333333,3.22688334593097,2.92809857247665,0.0145025314774536,0.0482476997218931,0.0297778905576623,"Cbr2/Nudt5/Fggy/Dhdh/Dcxr",5
"GO:0030644","intracellular chloride ion homeostasis","5/2646","15/25615",0.333333333333333,3.22688334593097,2.92809857247665,0.0145025314774536,0.0482476997218931,0.0297778905576623,"Tbxas1/Cacna1a/Stk39/Ckb/Slc12a2",5
"GO:0031269","pseudopodium assembly","5/2646","15/25615",0.333333333333333,3.22688334593097,2.92809857247665,0.0145025314774536,0.0482476997218931,0.0297778905576623,"Cdc42ep3/Cdc42ep1/Srgap2/Cdc42ep5/Cdc42ep2",5
"GO:0032494","response to peptidoglycan","5/2646","15/25615",0.333333333333333,3.22688334593097,2.92809857247665,0.0145025314774536,0.0482476997218931,0.0297778905576623,"Tlr2/Nod2/Nlrp3/Trem2/Irak3",5
"GO:0035655","interleukin-18-mediated signaling pathway","5/2646","15/25615",0.333333333333333,3.22688334593097,2.92809857247665,0.0145025314774536,0.0482476997218931,0.0297778905576623,"Gsdmd/Pdgfb/Il18rap/Nlrp3/Ticam2",5
"GO:0042559","pteridine-containing compound biosynthetic process","5/2646","15/25615",0.333333333333333,3.22688334593097,2.92809857247665,0.0145025314774536,0.0482476997218931,0.0297778905576623,"Pts/Pcbd2/Spr/Qdpr/Gch1",5
"GO:0043383","negative T cell selection","5/2646","15/25615",0.333333333333333,3.22688334593097,2.92809857247665,0.0145025314774536,0.0482476997218931,0.0297778905576623,"Dock2/Cd28/Spn/Mink1/Fas",5
"GO:0046479","glycosphingolipid catabolic process","5/2646","15/25615",0.333333333333333,3.22688334593097,2.92809857247665,0.0145025314774536,0.0482476997218931,0.0297778905576623,"Gba2/Glb1/Hexb/Hexa/Neu1",5
"GO:0071493","cellular response to UV-B","5/2646","15/25615",0.333333333333333,3.22688334593097,2.92809857247665,0.0145025314774536,0.0482476997218931,0.0297778905576623,"Hyal2/Hyal3/Mapk14/Map2k3/Map2k6",5
"GO:0097012","response to granulocyte macrophage colony-stimulating factor","5/2646","15/25615",0.333333333333333,3.22688334593097,2.92809857247665,0.0145025314774536,0.0482476997218931,0.0297778905576623,"Npr2/Zfp36l2/Jak2/Pde2a/Cd4",5
"GO:0110095","cellular detoxification of aldehyde","5/2646","15/25615",0.333333333333333,3.22688334593097,2.92809857247665,0.0145025314774536,0.0482476997218931,0.0297778905576623,"Haghl/Esd/Aldh2/Gatd1/Pnkd",5
"GO:1903543","positive regulation of exosomal secretion","5/2646","15/25615",0.333333333333333,3.22688334593097,2.92809857247665,0.0145025314774536,0.0482476997218931,0.0297778905576623,"Snf8/Atp13a2/Sdc4/Sdc1/Smpd3",5
"GO:1903977","positive regulation of glial cell migration","5/2646","15/25615",0.333333333333333,3.22688334593097,2.92809857247665,0.0145025314774536,0.0482476997218931,0.0297778905576623,"Fgf9/P2ry12/Cx3cl1/Cx3cr1/Trem2",5
"GO:2000303","regulation of ceramide biosynthetic process","5/2646","15/25615",0.333333333333333,3.22688334593097,2.92809857247665,0.0145025314774536,0.0482476997218931,0.0297778905576623,"Gltp/Paqr4/Sphk1/Ccn1/Smpd3",5
"GO:2001241","positive regulation of extrinsic apoptotic signaling pathway in absence of ligand","5/2646","15/25615",0.333333333333333,3.22688334593097,2.92809857247665,0.0145025314774536,0.0482476997218931,0.0297778905576623,"Tgfb2/Htra2/Wwox/Unc5b/Nf1",5
"GO:0003143","embryonic heart tube morphogenesis","14/2646","72/25615",0.194444444444444,1.88234861845973,2.54467946522154,0.0145028499631033,0.0482476997218931,0.0297778905576623,"Hif1a/Sox17/Mef2c/Ift57/Aplnr/Kif3a/Gja1/Asb2/Smad3/Eng/Tgfbr2/Tmed2/Ift172/Smo",14
"GO:0072348","sulfur compound transport","14/2646","72/25615",0.194444444444444,1.88234861845973,2.54467946522154,0.0145028499631033,0.0482476997218931,0.0297778905576623,"Slc36a1/Slc26a10/Slc7a11/Slc26a11/Gja1/Lrrc8a/Slc7a5/Abcd1/Slc3a2/Slc27a1/Mfsd12/Slc13a3/Abcc4/Slc6a6",14
"GO:1901379","regulation of potassium ion transmembrane transport","14/2646","72/25615",0.194444444444444,1.88234861845973,2.54467946522154,0.0145028499631033,0.0482476997218931,0.0297778905576623,"Ager/Nedd4/Fxyd2/Wnk1/Stk39/Prnp/Kcnn4/Bin1/Snx27/Cav1/Cacna1d/Amigo1/Atp1b3/Kcnab2",14
"GO:1901568","fatty acid derivative metabolic process","14/2646","72/25615",0.194444444444444,1.88234861845973,2.54467946522154,0.0145028499631033,0.0482476997218931,0.0297778905576623,"Alox5/Acot2/Far1/Ggt5/Abcd1/Pecr/Nudt7/Fasn/Dld/Hsd17b4/Hpgd/Cbr1/Acsl4/Dgat2",14
"GO:0046634","regulation of alpha-beta T cell activation","21/2646","123/25615",0.170731707317073,1.65279390889147,2.46314099772754,0.014512922425755,0.0482562182520963,0.0297831480903855,"Jak2/Ccl19/Runx3/Cblb/Ager/Cd274/Arg2/Cd80/Adora2a/Cd28/Malt1/Zc3h12a/Hfe/Cd244a/Tyk2/Tgfbr2/Cd81/Prdm1/Vsir/Nlrp3/Blm",21
"GO:0070507","regulation of microtubule cytoskeleton organization","27/2646","169/25615",0.159763313609467,1.54661272793141,2.41978014889484,0.0146335861278466,0.0486322593302051,0.0300152360476073,"Trim36/Prkaca/Dst/Agrn/Gda/Sass6/Gas2l1/Gnai1/Gba2/Tacc3/Cep70/Fkbp4/Ccdc88c/Ppp2cb/Togaram1/Bicd2/Nav3/Tpx2/Trpv4/Cav1/Tppp/Stmn2/Numa1/Rcc1/Ska1/Mid1/Ckap2l",27
"GO:0048259","regulation of receptor-mediated endocytosis","24/2646","146/25615",0.164383561643836,1.59133973223993,2.43203667698492,0.014805769232428,0.0491009549269399,0.0303045092412492,"Abca2/Dgkd/Ccl19/Mdm2/Cblb/Aplnr/Unc119/Kif3a/Nedd4/Hfe/Ahi1/Hap1/Tbc1d5/Trf/Syne1/Pld2/Rin3/Arrb1/Syt11/Mib2/Rabgef1/Ankrd13d/Hip1/Ophn1",24
"GO:0022617","extracellular matrix disassembly","10/2646","45/25615",0.222222222222222,2.15125556395398,2.62346463185587,0.0148128347833763,0.0491009549269399,0.0303045092412492,"Exoc8/Mmp9/Tgfb2/Timp3/Stat3/Eng/Sh3pxd2b/Plaur/Pdpn/Plau",10
"GO:0032735","positive regulation of interleukin-12 production","10/2646","45/25615",0.222222222222222,2.15125556395398,2.62346463185587,0.0148128347833763,0.0491009549269399,0.0303045092412492,"Tlr2/Irf8/Ccl19/Cd40/Ager/Mapk14/Tnfsf9/Nod2/Traf6/Il16",10
"GO:0043506","regulation of JUN kinase activity","10/2646","45/25615",0.222222222222222,2.15125556395398,2.62346463185587,0.0148128347833763,0.0491009549269399,0.0303045092412492,"Ager/Map3k4/Sash1/Map3k5/Il1rn/Taok3/Aida/Fgd4/Fgd2/Il1b",10
"GO:0045823","positive regulation of heart contraction","10/2646","45/25615",0.222222222222222,2.15125556395398,2.62346463185587,0.0148128347833763,0.0491009549269399,0.0303045092412492,"Pde4d/Adrb1/Rgs2/Edn1/Tgfb2/Trpm4/Ccn2/Adm/Ptpn1/Gch1",10
"GO:0043583","ear development","41/2646","281/25615",0.145907473309609,1.41247918700893,2.35974945888929,0.0148881080391554,0.0493056967627334,0.0304308733998304,"Chd7/Clic5/Mpv17/Ccm2/Wdpcp/Bcr/Tifab/H2-T23/Eya4/Dchs1/Kif3a/Sdc4/Maf/Fgf9/Nectin1/Sox9/Edn1/Tgfb2/Prkra/Naglu/Tcf15/Bloc1s5/Bcl2/Nfix/Hey1/Fgfr1/Ttc39c/Gsdme/Lrp10/Slc30a4/Bmp4/Bmp2/Slc25a27/Tmie/Mapk3/Epha4/Ifi204/Ccna2/Ankrd24/Igf1/Myo7a",41
"GO:0060337","type I interferon-mediated signaling pathway","18/2646","101/25615",0.178217821782178,1.72526436317101,2.47873630809143,0.0148976272441571,0.0493056967627334,0.0304308733998304,"Oas1a/Cul3/Mavs/Oasl2/Sting1/Ikbke/Adar/Samhd1/Fadd/Tbk1/Oas1c/Tyk2/Oas1g/Ifitm2/Oas3/Trim65/Ifitm1/Stat1",18
"GO:0071357","cellular response to type I interferon","18/2646","101/25615",0.178217821782178,1.72526436317101,2.47873630809143,0.0148976272441571,0.0493056967627334,0.0304308733998304,"Oas1a/Cul3/Mavs/Oasl2/Sting1/Ikbke/Adar/Samhd1/Fadd/Tbk1/Oas1c/Tyk2/Oas1g/Ifitm2/Oas3/Trim65/Ifitm1/Stat1",18
