"gene","distance","Z","FC","p.value","p.adj"
"Cplx2",3.92209686614908e-05,4.87647208981926,7306.18751077993,0,0
"Actg1",5.70482759263971e-06,3.91791036493046,154.574991434725,1.73409140585501e-35,6.59561666216953e-32
"Ywhag",5.16991214497299e-06,3.87139549337008,126.946434943788,1.90855868298613e-29,4.83946863382516e-26
"Map1b",1.50615591120492e-06,3.30774922791465,10.7744235588677,0.00102912261150201,0.999999999992432
"Tubb3",6.21768532338611e-07,2.9243012829582,1.8361648120815,0.175401120721321,0.999999999992432
"Ndrg4",5.00193821325792e-07,2.83257862170039,1.1883129463042,0.275670119303765,0.999999999992432
"Uchl1",2.43927760103723e-07,2.53682897117056,0.282602916021753,0.595000226550966,0.999999999992432
"Rtn3",2.26737928571727e-07,2.50732467410783,0.244175751203901,0.621206301540991,0.999999999992432
"Tuba1a",1.98011147592963e-07,2.45291388505026,0.186223062568847,0.666078898590507,0.999999999992432
"Nefl",1.88622700082842e-07,2.43349405946245,0.168982642749256,0.681017552363467,0.999999999992432
"Calm1",1.75160962639473e-07,2.4039826596012,0.14572324367131,0.702656349184964,0.999999999992432
"Ywhah",1.71602787612856e-07,2.39582220420633,0.139863006652635,0.708417240192485,0.999999999992432
"Tppp3",1.6486916886694e-07,2.37992923204937,0.129102032710059,0.719364904850457,0.999999999992432
"Klc1",1.62628509946769e-07,2.37450375478636,0.125616748800724,0.723020752445951,0.999999999992432
"Atp1b1",1.5908405077311e-07,2.36577454391944,0.120200829569749,0.728816775699009,0.999999999992432
"Gnas",1.41016934412242e-07,2.31818918575022,0.0944488602733169,0.758595755191826,0.999999999992432
"Hsp90aa1",1.33050100968523e-07,2.29533661952869,0.0840784312634072,0.771844689083485,0.999999999992432
"Sncg",1.21291022932587e-07,2.25911126753365,0.0698733395642975,0.791521286766546,0.999999999992432
"Ctsb",1.20843839292021e-07,2.25766872350267,0.0693590621953378,0.792272280183206,0.999999999992432
"Stmn2",1.17556662563537e-07,2.24690646120715,0.0656369933476623,0.797798588568937,0.999999999992432
"Thy1",1.07282407148454e-07,2.21132301969677,0.0546652328013363,0.815135612650903,0.999999999992432
"Tubb5",1.04753228448065e-07,2.20206742209573,0.0521181529801646,0.819417684389468,0.999999999992432
"Snrpn",1.01558869672122e-07,2.19006936104828,0.0489880215648204,0.824833641050784,0.999999999992432
"Hsp90ab1",8.90464788090043e-08,2.13933726586053,0.0376606389957631,0.846126167177386,0.999999999992432
"Tuba1b",8.49735087053073e-08,2.12135247045935,0.0342942481391719,0.853082316170409,0.999999999992432
"Ncdn",8.1222416691152e-08,2.10404930060162,0.0313332899652863,0.859498870996551,0.999999999992432
"Nefh",8.11095257591912e-08,2.10351686901027,0.031246250297078,0.859692126435884,0.999999999992432
"Ppia",7.98987584070126e-08,2.09776179683802,0.030320352380606,0.86176533790075,0.999999999992432
"Timp2",7.78495284660272e-08,2.08782984150315,0.0287849948363517,0.865276422522493,0.999999999992432
"Meg3",7.52887450156397e-08,2.07506345456894,0.0269224326402164,0.869667719342454,0.999999999992432
"Snhg11",7.32959237508608e-08,2.06483985751757,0.0255160725537041,0.873087850453055,0.999999999992432
"Nefm",7.32428129032174e-08,2.06456379039816,0.0254791076261887,0.873179033406484,0.999999999992432
"Map1lc3b",7.11939171648127e-08,2.05376589748227,0.0240735401801694,0.87669793913575,0.999999999992432
"Reep5",7.00147248771575e-08,2.04741681138658,0.0232826793072813,0.878724270136616,0.999999999992432
"H2-Q4",6.97797628376012e-08,2.04613958533692,0.0231266730803546,0.879128125667106,0.999999999992432
"Ngfr",6.80291126132487e-08,2.03649257792399,0.0219808152004717,0.882138147087803,0.999999999992432
"Nkain3",6.37075444603273e-08,2.01162987432036,0.0192768432126685,0.889575737693796,0.999999999992432
"Rian",6.23948403096408e-08,2.00375982882163,0.01849062275279,0.891836910532069,0.999999999992432
"Tia1",6.2218414295488e-08,2.00269013473342,0.018386203388569,0.892140877177384,0.999999999992432
"Phkg1",6.17175819533476e-08,1.99963774784242,0.0180913921660474,0.893003853854067,0.999999999992432
"Pkm",6.0892968961301e-08,1.994560397103,0.0176111810600809,0.894425007672524,0.999999999992432
"Als2",6.02536040673966e-08,1.99057850890167,0.0172432943468289,0.895527134905684,0.999999999992432
"BC051077",6.01402982604914e-08,1.98986866966359,0.0171785039197748,0.895722470785937,0.999999999992432
"Prkar1b",6.00706937966759e-08,1.98943198080215,0.017138763224893,0.895842469970881,0.999999999992432
"Mme",5.95638166456775e-08,1.98623733058949,0.0168507493737058,0.89671640580605,0.999999999992432
"Rsrp1",5.94979599942633e-08,1.98582036742949,0.01681350795762,0.89682996224059,0.999999999992432
"Ttf1",5.94454475686522e-08,1.98548757727673,0.0167838421183967,0.896920510779493,0.999999999992432
"Raph1",5.8980460723263e-08,1.98252854317705,0.0165223000378647,0.897722358112069,0.999999999992432
"Unc13d",5.85406050137375e-08,1.97970896828644,0.0162767838467259,0.898480964167331,0.999999999992432
"Bcas2",5.81479357306425e-08,1.97717481458291,0.016059158577496,0.899158267603524,0.999999999992432
"Actb",5.80759388084076e-08,1.97670840805825,0.0160194153196986,0.899282460912475,0.999999999992432
"Fubp1",5.80492208049934e-08,1.97653518520086,0.0160046791535993,0.899328549583176,0.999999999992432
"Golga3",5.75347687761572e-08,1.97318494581469,0.0157222583085369,0.900216047566149,0.999999999992432
"Gm7609",5.75201061402967e-08,1.97308904257581,0.0157142457492329,0.900241344391781,0.999999999992432
"Ywhae",5.74220393137361e-08,1.97244702360602,0.0156607085553642,0.900410537544896,0.999999999992432
"Gm37214",5.66655808383514e-08,1.96745938238065,0.015250808669766,0.901715794962439,0.999999999992432
"Itch",5.63387456869226e-08,1.9652848285219,0.0150753891112745,0.902279826392937,0.999999999992432
"AU022252",5.61515690527679e-08,1.96403407096374,0.0149753842876002,0.902602866221619,0.999999999992432
"P3h3",5.60499708895682e-08,1.96335350920778,0.0149212417188047,0.902778216728763,0.999999999992432
"Samhd1",5.57484767406926e-08,1.96132701087312,0.0147611500084439,0.90329860000642,0.999999999992432
"Fry",5.55684699087917e-08,1.96011212244174,0.0146659790469449,0.90360931423194,0.999999999992432
"Rbms1",5.46121367036797e-08,1.95359434553537,0.0141655199620037,0.905260310936663,0.999999999992432
"Nup98",5.45922919582595e-08,1.95345795094054,0.0141552270095641,0.90529457491596,0.999999999992432
"Snhg14",5.42327561631409e-08,1.9509786402076,0.013969393004912,0.905915380648416,0.999999999992432
"BC024386",5.41700754525065e-08,1.95054480473112,0.013937120793839,0.906023616503887,0.999999999992432
"Ccdc62",5.36412055999552e-08,1.94686520460701,0.0136663092325341,0.906936928177162,0.999999999992432
"Hspa8",5.35661709747707e-08,1.94634036354101,0.0136281024409544,0.907066516365495,0.999999999992432
"Gm37065",5.35251716027189e-08,1.94605329208162,0.013607248614672,0.907137325179079,0.999999999992432
"Exosc2",5.34776038264357e-08,1.94571996775922,0.0135830738600312,0.90721947901589,0.999999999992432
"Dcaf17",5.34425851488568e-08,1.94547439938954,0.0135652905073136,0.907279960062608,0.999999999992432
"Rmi2",5.34210229337404e-08,1.94532311837462,0.0135543464743885,0.907317200609525,0.999999999992432
"Mfsd11",5.33661984884881e-08,1.94493820736375,0.013526539885538,0.907411889958274,0.999999999992432
"Wdr18",5.29951250609975e-08,1.94232305961644,0.0133390845648657,0.908052819271109,0.999999999992432
"Fgd4",5.25682147115361e-08,1.93929279513314,0.0131250401065372,0.908790265844786,0.999999999992432
"Tubb2a",5.25359811708764e-08,1.93906304910897,0.0131089491356246,0.908845949386024,0.999999999992432
"Loxl2",5.23831370900388e-08,1.93797181985382,0.0130327837860363,0.909109994100884,0.999999999992432
"Rab33b",5.20648149792359e-08,1.93568941851768,0.0128748696828773,0.909659941419375,0.999999999992432
"Lin54",5.17257798010427e-08,1.93324387807229,0.0127077387079251,0.910245721149103,0.999999999992432
"Gm12762",5.1685013888937e-08,1.93294879908514,0.0126877162579043,0.910316159153058,0.999999999992432
"C730034F03Rik",5.09097478967608e-08,1.92729464073757,0.0123099439632467,0.91165584788372,0.999999999992432
"Irak1",5.07304797143871e-08,1.92597556544212,0.0122234027404851,0.911965665921799,0.999999999992432
"Cd9",4.97648902141982e-08,1.91879358499815,0.0117625175312988,0.913634663131687,0.999999999992432
"Tubb4b",4.97554286017445e-08,1.91872255744894,0.0117580452295584,0.913651019187951,0.999999999992432
"Hpgds",4.96696181697928e-08,1.91807779906633,0.0117175233039259,0.913799359235868,0.999999999992432
"Irgm1",4.94972003622353e-08,1.9167790889345,0.0116363145808166,0.91409742607754,0.999999999992432
"Gria2",4.92617434133153e-08,1.91499858746541,0.0115258705796976,0.914504491180305,0.999999999992432
"Casc4",4.88572521916447e-08,1.91192090736949,0.0113373683993494,0.915203840147122,0.999999999992432
"Calm2",4.86402712328718e-08,1.91025996034703,0.0112368907673924,0.91557901853766,0.999999999992432
"Tulp3",4.84340980650644e-08,1.90867521055741,0.0111418322788753,0.915935526771943,0.999999999992432
"Cdc37",4.81795506146171e-08,1.90670976815166,0.0110250272829955,0.916375705630126,0.999999999992432
"Miat",4.78663567760718e-08,1.904277918138,0.0108821555684397,0.916917334540407,0.999999999992432
"Trim43b",4.78244569733286e-08,1.90395143386974,0.0108631125227547,0.916989797850617,0.999999999992432
"Cfl1",4.73095105093172e-08,1.89991661499173,0.0106304363709656,0.917880424419572,0.999999999992432
"Nktr",4.72908179562114e-08,1.89976936768567,0.0106220376055624,0.91791275610303,0.999999999992432
"Luc7l2",4.69329360197677e-08,1.89693950094459,0.010461877493251,0.918531794797899,0.999999999992432
"Olfr73",4.65358885656372e-08,1.89377585500724,0.0102856135912314,0.919218636990139,0.999999999992432
"Gatad2b",4.65182276399148e-08,1.89363453910259,0.0102778080461602,0.919249189575908,0.999999999992432
"Ldlr",4.61634408950814e-08,1.89078482366331,0.0101216316444011,0.919862979450176,0.999999999992432
"Taf1d",4.60377764554217e-08,1.88977047091775,0.0100666011724628,0.920080393519755,0.999999999992432
"9530059O14Rik",4.57495365336935e-08,1.88743385131734,0.0099409429330243,0.92057910458816,0.999999999992432
"Stxbp2",4.51495791923823e-08,1.88252510699894,0.00968192238769419,0.921617247305214,0.999999999992432
"Med23",4.50318533895264e-08,1.88155462760673,0.00963149772822198,0.921820971161516,0.999999999992432
"Zcchc7",4.49939989007895e-08,1.8812420598373,0.00961531175529392,0.921886479237254,0.999999999992432
"Brap",4.49740811983245e-08,1.88107749734077,0.00960680073009374,0.921920947498762,0.999999999992432
"Gm15396",4.49045996796172e-08,1.88050289001818,0.0095771401134715,0.922041188777582,0.999999999992432
"2810403D21Rik",4.45965107163878e-08,1.87794479739982,0.00944617405802275,0.922574373724882,0.999999999992432
"Cul4a",4.44746106379922e-08,1.87692801131334,0.0093946043006788,0.922785346069311,0.999999999992432
"Rep15",4.44226584268991e-08,1.876493865644,0.00937266884611588,0.922875261361236,0.999999999992432
"Krit1",4.41611795372357e-08,1.87430143256588,0.0092626555168356,0.923327825869821,0.999999999992432
"Zc3hc1",4.41579431350671e-08,1.87427421898305,0.00926129791813732,0.923333427551472,0.999999999992432
"Slfn5",4.39427416888658e-08,1.87246041287535,0.00917124896818563,0.923705914498301,0.999999999992432
"Atr",4.39260047132867e-08,1.87231899333689,0.00916426398128425,0.923734884824315,0.999999999992432
"Cxcr2",4.34675763378361e-08,1.86842545333091,0.00897397869414158,0.924528425779801,0.999999999992432
"Garnl3",4.32482896108292e-08,1.86654918729989,0.00888366261116154,0.92490803839647,0.999999999992432
"Itm2b",4.30777421981936e-08,1.86508368764137,0.00881373622307391,0.925203289019368,0.999999999992432
"Gm45792",4.3041519021672e-08,1.8647717153841,0.00879891988050093,0.925265999685742,0.999999999992432
"BC026585",4.29173254930545e-08,1.86370020134535,0.00874821570575694,0.925481010827896,0.999999999992432
"Was",4.2909926271057e-08,1.86363626957383,0.00874519946886835,0.925493820968223,0.999999999992432
"A330023F24Rik",4.28119997840802e-08,1.86278916383311,0.00870532946494022,0.925663361157023,0.999999999992432
"Papolg",4.24784277077088e-08,1.85988974502106,0.00857020183406319,0.926240899993459,0.999999999992432
"Sqstm1",4.24427942682138e-08,1.85957874047277,0.00855582947156837,0.926302597194521,0.999999999992432
"Gon7",4.23114721483377e-08,1.85843043067966,0.00850296624867655,0.926529977531377,0.999999999992432
"Hook3",4.21109271269932e-08,1.85667027086002,0.00842255371273706,0.926877226832076,0.999999999992432
"Sag",4.18343676876001e-08,1.8542298341736,0.00831228837095328,0.927356120053763,0.999999999992432
"Dock7",4.15951136597054e-08,1.8521061946262,0.00821748299063156,0.927770436071505,0.999999999992432
"H2-T23",4.15457919767337e-08,1.8516669688124,0.00819800667422755,0.927855848830697,0.999999999992432
"Ccnt2",4.13763337690194e-08,1.85015410393349,0.00813126651802845,0.928149314185952,0.999999999992432
"Mirg",4.11840936107292e-08,1.84843070710566,0.008055884071046,0.928482244834868,0.999999999992432
"Gnao1",4.10890222426495e-08,1.84757558411795,0.00801873380982716,0.928646898581968,0.999999999992432
"Ywhab",4.07946406576582e-08,1.844915786594,0.00790424525217631,0.929156756292839,0.999999999992432
"Rtn4",4.07898820737831e-08,1.8448726422505,0.0079024013423064,0.929164998218572,0.999999999992432
"Agrn",4.07729536971583e-08,1.84471912006796,0.00789584348726281,0.929194318436445,0.999999999992432
"Stx3",4.07088443415404e-08,1.84413716772927,0.00787103294829608,0.929305357732168,0.999999999992432
"Mir124a-1hg",4.06306724947039e-08,1.84342638405151,0.00784083300386375,0.92944075553982,0.999999999992432
"4732419C18Rik",4.04504550194859e-08,1.84178278015269,0.00777143118323072,0.929752909593902,0.999999999992432
"Skp1a",4.04333591672875e-08,1.84162650297639,0.00776486358525385,0.929782521821304,0.999999999992432
"Foxr1",4.01348602067016e-08,1.83888769024395,0.00765063868913391,0.930299576264755,0.999999999992432
"Stk38",4.00368392326555e-08,1.83798409835546,0.00761331416438525,0.930469372831992,0.999999999992432
"Ogt",3.99716869217442e-08,1.83738233802186,0.0075885558953507,0.93058223449783,0.999999999992432
"Park2",3.95844750267624e-08,1.83378662757891,0.00744224499041577,0.931253020390885,0.999999999992432
"Fstl1",3.92746669980335e-08,1.83088555844641,0.0073262073472766,0.931789751012783,0.999999999992432
"Smg1",3.9172096728919e-08,1.82992028998667,0.00728799086492202,0.931967456948134,0.999999999992432
"BC030499",3.91263658645772e-08,1.82948915177764,0.0072709842911364,0.932046688076809,0.999999999992432
"Magt1",3.90965402278608e-08,1.82920770576279,0.00725990331924017,0.932098362924573,0.999999999992432
"Pycr2",3.90339184707576e-08,1.82861611884159,0.00723666526257175,0.932206860106498,0.999999999992432
"Rbm8a",3.89978325424818e-08,1.8282748059581,0.00722329119795482,0.932269382423635,0.999999999992432
"Ints6l",3.89947249201012e-08,1.82824539898781,0.00722214003823404,0.932274766695753,0.999999999992432
"Rgs11",3.88627412992786e-08,1.82699439792396,0.00717333389527651,0.932503444611839,0.999999999992432
"Schip1",3.87095629698731e-08,1.82553743358514,0.00711689763807178,0.932768851960544,0.999999999992432
"1500004A13Rik",3.85138809898521e-08,1.82366820541511,0.00704512578104158,0.933107914938165,0.999999999992432
"Bicd1",3.80806204760006e-08,1.81949722799473,0.00688750956850302,0.933858679179628,0.999999999992432
"Map7d2",3.80525931250196e-08,1.8192258599924,0.00687737488018172,0.933907247680873,0.999999999992432
"2500004C02Rik",3.80079070771836e-08,1.81879280527452,0.00686123184079606,0.933984684490024,0.999999999992432
"Anxa2",3.79960552986562e-08,1.81867786794774,0.00685695351409863,0.93400522263652,0.999999999992432
"Csf3r",3.79649171629744e-08,1.81837573115769,0.00684571943943883,0.934059182645229,0.999999999992432
"Rasa4",3.79506202185034e-08,1.81823692745324,0.00684056444638891,0.934083958258539,0.999999999992432
"Mier1",3.79017045884978e-08,1.81776164782839,0.00682294181608288,0.934168726135933,0.999999999992432
"Atp1a1",3.7701285113512e-08,1.815808204978,0.00675097487010879,0.934516048949777,0.999999999992432
"Fkbp4",3.76961517603678e-08,1.81575804189739,0.00674913658907011,0.934524945108835,0.999999999992432
"Zfp950",3.73764614143985e-08,1.81262117412425,0.00663514698687702,0.935078988159803,0.999999999992432
"Myo6",3.73213140451237e-08,1.81207748055628,0.00661558168056903,0.935174565133224,0.999999999992432
"Clk1",3.71598589767168e-08,1.81048130860552,0.00655846639219297,0.935454391405094,0.999999999992432
"Gm38947",3.6889769637548e-08,1.80779637281946,0.00646347494371094,0.935922515255544,0.999999999992432
"Nudt5",3.66745920884517e-08,1.80564391187053,0.00638829212381698,0.936295480836307,0.999999999992432
"Mtm1",3.65293054844829e-08,1.80418378775365,0.00633777786789824,0.936547312893706,0.999999999992432
"Stmn3",3.64811626863046e-08,1.80369873762815,0.00632108347442138,0.93663076245617,0.999999999992432
"Gm10827",3.64802656594408e-08,1.80368969410021,0.00632077262292674,0.936632317347459,0.999999999992432
"Clk4",3.64369313437076e-08,1.80325256008089,0.00630576485546054,0.936707432609691,0.999999999992432
"Sfswap",3.63841069622522e-08,1.80271902679211,0.00628749456421562,0.936798998617157,0.999999999992432
"A430073D23Rik",3.63320406017216e-08,1.80219242904866,0.00626951238727607,0.936889251485895,0.999999999992432
"Mysm1",3.63238078531298e-08,1.80210909762335,0.00626667139786439,0.93690352237093,0.999999999992432
"Nmrk1",3.62413714031589e-08,1.8012736897325,0.00623825940240125,0.937046421219602,0.999999999992432
"Bckdk",3.61125171719815e-08,1.79996426288629,0.00619397867526418,0.937269786684613,0.999999999992432
"Gm26737",3.61111194499137e-08,1.79995003480582,0.00619349921308223,0.937272209626633,0.999999999992432
"9930111J21Rik2",3.60992920030735e-08,1.79982961662807,0.00618944277354126,0.937292712451261,0.999999999992432
"Tet2",3.59439150456595e-08,1.79824419538972,0.00613627679233474,0.937562061547116,0.999999999992432
"Lrrc14b",3.59090603728605e-08,1.79788765454758,0.0061243819154833,0.937622483809051,0.999999999992432
"Ms4a6c",3.57424480086554e-08,1.79617876267731,0.00606768143390422,0.937911319361067,0.999999999992432
"Ubn2",3.57002298109996e-08,1.79574454196416,0.00605335587428669,0.937984509204355,0.999999999992432
"Nav2",3.51762607968834e-08,1.79031446102304,0.00587697073446224,0.938892909959437,0.999999999992432
"Ash2l",3.50553288537531e-08,1.78905029002626,0.00583663149436662,0.939102580009316,0.999999999992432
"Ccdc6",3.50505258553589e-08,1.78899999603566,0.00583503222759826,0.939110907465566,0.999999999992432
"Tc2n",3.48880125091661e-08,1.78729438809724,0.00578104888557411,0.939392677620149,0.999999999992432
"Nol12",3.48762977124364e-08,1.78717114765621,0.0057771671830946,0.939412989353801,0.999999999992432
"Ttc14",3.487434028821e-08,1.78715055158892,0.00577651871692094,0.93941638324321,0.999999999992432
"Mpv17l",3.47700278934112e-08,1.78605138226636,0.00574201418804653,0.939597247380899,0.999999999992432
"9130230L23Rik",3.46863167010465e-08,1.78516702566566,0.00571439889639691,0.939742393964473,0.999999999992432
"Dbf4",3.46848027695214e-08,1.78515101326442,0.00571390008184051,0.939745018984214,0.999999999992432
"Pbld1",3.4679188771263e-08,1.78509162988641,0.00571205055544698,0.93975475315294,0.999999999992432
"Olfr95",3.45235991172007e-08,1.78344219973851,0.00566091081859154,0.940024535214355,0.999999999992432
"Fkbp1a",3.45126758201567e-08,1.78332613503692,0.00565732915100533,0.940043475740308,0.999999999992432
"D5Ertd579e",3.44920605300613e-08,1.78310699365763,0.00565057263928453,0.94007922185659,0.999999999992432
"Amn1",3.44243388348365e-08,1.78238623252906,0.00562840575862991,0.940196649508079,0.999999999992432
"Spata1",3.43357299851267e-08,1.78144113279538,0.00559946782045066,0.940350296903355,0.999999999992432
"Siglec1",3.43207734744566e-08,1.78128137852802,0.00559459067003161,0.940376231652926,0.999999999992432
"Gm26682",3.43079855967462e-08,1.78114473552257,0.00559042237161166,0.940398406019879,0.999999999992432
"Gm2694",3.42897889846989e-08,1.78095021484413,0.00558449373617105,0.940429959290917,0.999999999992432
"Gm28578",3.42443021536331e-08,1.78046353411342,0.00556968743691857,0.940508834729189,0.999999999992432
"Gm2788",3.41519454743627e-08,1.77947348307605,0.00553968512178942,0.940668985590597,0.999999999992432
"Anapc7",3.41288160570855e-08,1.77922514064781,0.00553218415520914,0.940709093472868,0.999999999992432
"Hook2",3.41195192673474e-08,1.77912527521323,0.00552917059928947,0.940725214740599,0.999999999992432
"Sipa1l3",3.37978796473769e-08,1.77565423141688,0.00542541661852053,0.941282974697638,0.999999999992432
"0610031O16Rik",3.37913764985861e-08,1.77558372813362,0.00542332897885163,0.941294252200764,0.999999999992432
"Gm42669",3.37656269568867e-08,1.77530444025487,0.00541506681003122,0.941338906151918,0.999999999992432
"Tmsb4x",3.36855622811973e-08,1.77443473839997,0.00538941696514689,0.941477752678897,0.999999999992432
"Cyp4x1",3.3673746756337e-08,1.77430622611674,0.00538563685177736,0.941498243071737,0.999999999992432
"Prex2",3.36088686623891e-08,1.77359981126728,0.00536490418677506,0.94161075485571,0.999999999992432
"A330032B11Rik",3.35983359298001e-08,1.77348500507009,0.00536154208331891,0.94162902086197,0.999999999992432
"Rapgef6",3.35947252450204e-08,1.77344564093842,0.00536038977635786,0.941635282567056,0.999999999992432
"Aox1",3.35013924328464e-08,1.7724267179437,0.00533064669723754,0.94179714301635,0.999999999992432
"Ticrr",3.34192517479479e-08,1.77152774704704,0.00530453875665304,0.941939595745285,0.999999999992432
"Ncbp3",3.33995300253751e-08,1.77131159447103,0.00529827986286485,0.941973798478428,0.999999999992432
"Fsd1l",3.33159884444448e-08,1.77039462151272,0.00527180804670677,0.942118683073406,0.999999999992432
"Milr1",3.32205560378436e-08,1.76934445536672,0.00524164950751913,0.942284192047379,0.999999999992432
"Ddx17",3.31504873065164e-08,1.76857157241202,0.00521956147250782,0.942405714239893,0.999999999992432
"Adtrp",3.30353399089886e-08,1.76729807883454,0.00518336441138628,0.942605420555221,0.999999999992432
"Disc1",3.30339626286702e-08,1.76728282104765,0.00518293221986101,0.942607809268304,0.999999999992432
"Arglu1",3.30019312536295e-08,1.76692780050432,0.00517288583464809,0.942663363656215,0.999999999992432
"Stxbp1",3.29553987846079e-08,1.76641147312819,0.00515830866033725,0.942744068863093,0.999999999992432
"4931406C07Rik",3.29211769432863e-08,1.7660313031485,0.00514760114826426,0.942803423079599,0.999999999992432
"Slc28a3",3.28617199305195e-08,1.76536990238004,0.00512902437573326,0.942906545825539,0.999999999992432
"4933427D06Rik",3.28178452327714e-08,1.76488111019605,0.00511533768072664,0.942982643086226,0.999999999992432
"Adora3",3.2784521118192e-08,1.76450944327591,0.0051049544547176,0.943040441526404,0.999999999992432
"Gpcpd1",3.2681110850346e-08,1.76335380999414,0.00507280073581041,0.943219801603593,0.999999999992432
"Rtn1",3.24361193478653e-08,1.76060205084282,0.00499703006650416,0.943644738915741,0.999999999992432
"Zfas1",3.24024350803937e-08,1.76022216420629,0.00498665682201381,0.943703165472844,0.999999999992432
"Snap25",3.2328876444645e-08,1.7593912739853,0.00496404152710135,0.943830756589007,0.999999999992432
"Lrrc2",3.2323650767836e-08,1.75933217843448,0.00496243687002597,0.943839820840481,0.999999999992432
"Gm21897",3.22993679812422e-08,1.75905745284063,0.00495498371855234,0.943881940893191,0.999999999992432
"Hsd3b2",3.22292930067346e-08,1.75826355154207,0.00493350690806848,0.944003491315785,0.999999999992432
"Tnrc6a",3.21967932012819e-08,1.75789479432799,0.00492356209340668,0.944059865165945,0.999999999992432
"Tapbpl",3.21859106403083e-08,1.75777123693418,0.00492023431420002,0.944078742014238,0.999999999992432
"Tmod3",3.21806330726441e-08,1.75771130269416,0.0049186208914266,0.944087896474063,0.999999999992432
"Epdr1",3.21279812651316e-08,1.75711285522786,0.00490253901873081,0.944179226613253,0.999999999992432
"Carf",3.20940041889724e-08,1.75672617245648,0.00489217510200868,0.944238163841732,0.999999999992432
"Firre",3.18908151754515e-08,1.75440559154497,0.00483042589948394,0.944590625405716,0.999999999992432
"Hspa12b",3.14481546296793e-08,1.74930103592528,0.00469725909032934,0.945358523423783,0.999999999992432
"Ctf2",3.14379292128371e-08,1.74918231642284,0.00469420494460716,0.945376262398265,0.999999999992432
"Nvl",3.13340249570088e-08,1.74797387900701,0.00466322695937896,0.945556516236393,0.999999999992432
"Phip",3.12574052824655e-08,1.7470803284375,0.00464044928597969,0.945689438375928,0.999999999992432
"Mei4",3.11077416436344e-08,1.74532891004911,0.00459611778528649,0.945949083762009,0.999999999992432
"Tspyl4",3.09994166336719e-08,1.74405625072128,0.00456416383323087,0.946137016018252,0.999999999992432
"Gm10636",3.09377134871422e-08,1.74332943978182,0.00454601233102883,0.946244065690058,0.999999999992432
"B230312C02Rik",3.09058082410851e-08,1.74295308266372,0.004536640801148,0.946299418938775,0.999999999992432
"Cep63",3.07660514074438e-08,1.7413001373285,0.00449570396449401,0.946541889788625,0.999999999992432
"Tbp",3.07656590023735e-08,1.741295486204,0.00449558928446852,0.946542570598029,0.999999999992432
"Oxsm",3.05712129166615e-08,1.73898378162359,0.00443894253265164,0.946879932712563,0.999999999992432
"Kcnab2",3.05561872978966e-08,1.73880456615425,0.0044345801628927,0.946906002415844,0.999999999992432
"Nsf",3.03956434990364e-08,1.73688446444126,0.00438810354966544,0.947184552171605,0.999999999992432
"Rbm5",3.03863012863453e-08,1.73677243529722,0.00438540656470093,0.947200761474277,0.999999999992432
"Exoc1",3.03416809504828e-08,1.7362369092423,0.00437253664404576,0.947278180750473,0.999999999992432
"Pnisr",3.03247479910677e-08,1.73603348675846,0.00436765759164974,0.947307560701397,0.999999999992432
"Tmem30c",3.01888381129905e-08,1.73439682670244,0.00432859526598358,0.947543377096151,0.999999999992432
"Mtg2",3.01868451063254e-08,1.73437277439335,0.00432802375445886,0.947546835184014,0.999999999992432
"Epb41l3",3.01188902231658e-08,1.73355176692244,0.00430855969285244,0.947664745042678,0.999999999992432
"Exph5",3.00747957257575e-08,1.73301809052936,0.00429595333828317,0.94774125488855,0.999999999992432
"D3Ertd254e",3.00574514371688e-08,1.73280796862286,0.00429099977052369,0.94777134967927,0.999999999992432
"Nlrc3",3.00528519269575e-08,1.73275222733494,0.00428968661945869,0.947779330491706,0.999999999992432
"Polr2l",2.98957024714733e-08,1.73084285401947,0.00424494148900372,0.948052010565188,0.999999999992432
"Zfp605",2.98909739413773e-08,1.73078525451662,0.00424359877118602,0.948060215434709,0.999999999992432
"Rasl12",2.96449431948012e-08,1.72777628176895,0.0041740286730802,0.948487131615592,0.999999999992432
"Apoc4",2.96433828577057e-08,1.72775712314602,0.00417358929154163,0.948489839182862,0.999999999992432
"Tctn1",2.95810622820389e-08,1.72699113470481,0.00415605910086144,0.948597981141207,0.999999999992432
"Trim30b",2.94348076373554e-08,1.72518746669234,0.00411506393353473,0.948851773649518,0.999999999992432
"Tra2a",2.94119282532166e-08,1.72490453961474,0.00410866922298183,0.948891476217925,0.999999999992432
"Capns1",2.93723395598847e-08,1.72441449054325,0.00409761606279755,0.948960174730624,0.999999999992432
"Prdm11",2.931046868505e-08,1.72364736326888,0.00408037153412918,0.949067540415017,0.999999999992432
"Pkd2",2.92642288494591e-08,1.72307303772172,0.00406750740120299,0.949147781869073,0.999999999992432
"Lsg1",2.92269204997496e-08,1.72260901768181,0.00405714285295937,0.949212524608203,0.999999999992432
"Ccdc125",2.91401503417213e-08,1.7215276399407,0.00403308856696452,0.949363101787362,0.999999999992432
"Ercc4",2.91088953752881e-08,1.72113737377429,0.00402444163514292,0.949417340747512,0.999999999992432
"2700038G22Rik",2.90876455887469e-08,1.72087181022924,0.00401856801404532,0.949454217143191,0.999999999992432
"Cep57l1",2.89910714117642e-08,1.7196625734148,0.0039919281372023,0.949621811133663,0.999999999992432
"Cacna1a",2.89850015930303e-08,1.71958644347846,0.00399025674373647,0.94963234471905,0.999999999992432
"Mc1r",2.89521192412183e-08,1.71917375728923,0.00398120829846453,0.949689409024278,0.999999999992432
"Pafah1b1",2.89458339549909e-08,1.71909482384004,0.00397947990564308,0.949700316591351,0.999999999992432
"Gm21917",2.89310502023118e-08,1.71890909862344,0.00397541599627267,0.949725972544257,0.999999999992432
"Pld1",2.89187364508862e-08,1.71875433468742,0.00397203265094549,0.949747342058596,0.999999999992432
"Snhg20",2.89184525867639e-08,1.71875076623646,0.00397195467298609,0.949747834682125,0.999999999992432
"Hyal3",2.89123236386412e-08,1.71867371121944,0.00397027122714114,0.94975847098712,0.999999999992432
"Tspan33",2.87992554066472e-08,1.71724939209342,0.00393927864637722,0.949954693570023,0.999999999992432
"Tubb4a",2.87966705920634e-08,1.71721676914761,0.00393857155532187,0.949959179383607,0.999999999992432
"Gm10687",2.87280921253312e-08,1.71635022279938,0.00391983469626128,0.950078194385874,0.999999999992432
"AC149090.1",2.87255104839462e-08,1.71631756323303,0.00391913021837722,0.950082674736088,0.999999999992432
"Enpp3",2.86879111356468e-08,1.71584158893347,0.00390887728983689,0.950147927296233,0.999999999992432
"Mfsd4a",2.86055804603292e-08,1.71479728293984,0.00388647351750104,0.95029081092209,0.999999999992432
"Dgke",2.84917609815272e-08,1.71334885197908,0.00385560706896658,0.950488345515186,0.999999999992432
"Olfr56",2.84645166389587e-08,1.71300133377604,0.00384823699046446,0.950535628735938,0.999999999992432
"Nbeal1",2.83537637084776e-08,1.71158535183314,0.00381834894640847,0.950727844938246,0.999999999992432
"Npc1",2.83313556067629e-08,1.7112982241374,0.00381231601600369,0.95076673545657,0.999999999992432
"Pgam1",2.82754436835976e-08,1.71058085122913,0.0037972836544379,0.950863774248775,0.999999999992432
"Zfp512",2.82729493477066e-08,1.71054881648655,0.00379661372449886,0.950868103348516,0.999999999992432
"Sap18",2.82613757554735e-08,1.71040014176537,0.00379350605681176,0.950888190171081,0.999999999992432
"Srpk1",2.82334280829454e-08,1.71004088650566,0.00378600697081493,0.950936695545782,0.999999999992432
"Yeats2",2.82202779681073e-08,1.70987173057126,0.00378248102051695,0.950959518662981,0.999999999992432
"Rab6a",2.81417566306724e-08,1.70886011360492,0.00376146122274059,0.951095799806554,0.999999999992432
"Aldh1a3",2.80489357773112e-08,1.70766080713342,0.00373668904863713,0.951256900945223,0.999999999992432
"Emsy",2.80348053833088e-08,1.7074779025746,0.0037329250848976,0.951281426024597,0.999999999992432
"Chka",2.79218464589283e-08,1.70601260008233,0.00370290399520483,0.951477482128813,0.999999999992432
"Brca2",2.78754719810732e-08,1.70540939953025,0.00369061414629929,0.95155797241011,0.999999999992432
"Malat1",2.78580740256032e-08,1.7051828554973,0.0036860087280915,0.951588169456167,0.999999999992432
"Zbtb37",2.77911848480878e-08,1.70431061782037,0.00366832925067106,0.951704267398482,0.999999999992432
"Gm44096",2.77558623287515e-08,1.70384920573449,0.00365901030388292,0.951765576262469,0.999999999992432
"Ap4e1",2.7690147249992e-08,1.7029892946064,0.00364170459030748,0.95187963787878,0.999999999992432
"Pygb",2.76298062209701e-08,1.7021979963017,0.00362585023081818,0.951984372628935,0.999999999992432
"Adgrb3",2.75899412128589e-08,1.70167431475381,0.00361539483555585,0.95205356732434,0.999999999992432
"Grk4",2.75397942059377e-08,1.70101454330231,0.00360226421933371,0.952140609256487,0.999999999992432
"Wbp2",2.74866227219721e-08,1.70031373183819,0.00358836775878696,0.952232901503935,0.999999999992432
"Ehd3",2.74714702170506e-08,1.70011378280464,0.00358441254219419,0.952259202537292,0.999999999992432
"Platr9",2.74562921976923e-08,1.69991339202946,0.00358045285213691,0.952285547909586,0.999999999992432
"Ndufb2",2.74316496016524e-08,1.6995878190939,0.00357402867382736,0.952328321609967,0.999999999992432
"Gm26774",2.7334326837055e-08,1.69829928940993,0.00354871358500352,0.952497252180946,0.999999999992432
"Slc23a1",2.73080522512611e-08,1.69795067318077,0.00354189460116165,0.952542859356625,0.999999999992432
"Srsf11",2.71742073483883e-08,1.69616983262178,0.00350725992500604,0.952775188473063,0.999999999992432
"Pdgfrl",2.71685097045359e-08,1.69609383925053,0.00350578933763956,0.952785078580737,0.999999999992432
"Psap",2.71279866378505e-08,1.69555291825754,0.00349533904881574,0.952855419707325,0.999999999992432
"A330069E16Rik",2.70696806391161e-08,1.69477327403798,0.00348033017810855,0.952956629612699,0.999999999992432
"Mbtd1",2.70450149322537e-08,1.69444297391471,0.00347399056187858,0.952999445570451,0.999999999992432
"Ttc21b",2.69509751789514e-08,1.69318105047544,0.00344987334586012,0.953162685683453,0.999999999992432
"Tcirg1",2.69458543510322e-08,1.69311221383944,0.00344856248201989,0.953171574794812,0.999999999992432
"Spock2",2.69224254514296e-08,1.69279711270533,0.00344256817225914,0.953212244483633,0.999999999992432
"Gm45891",2.68914413032791e-08,1.69237999886988,0.00343464885133562,0.95326602934201,0.999999999992432
"Swt1",2.68435109945425e-08,1.69173385272659,0.00342241618084926,0.953349231172953,0.999999999992432
"Aqr",2.68148940403549e-08,1.69134754624798,0.00341512302740954,0.95339890735215,0.999999999992432
"Zfp607a",2.68044480775201e-08,1.69120643635087,0.00341246276706554,0.953417040547226,0.999999999992432
"Syt11",2.66822145688095e-08,1.6895513445011,0.00338141073957645,0.953629228048475,0.999999999992432
"Dvl3",2.66643732813278e-08,1.68930916399518,0.00337689023388236,0.953660199358181,0.999999999992432
"Scai",2.6660711988371e-08,1.68925944598015,0.00337596293396338,0.95366655513226,0.999999999992432
"4921523L03Rik",2.64440638095493e-08,1.68630589436577,0.00332131889335907,0.954042647963731,0.999999999992432
"Tmcc1",2.63693071701582e-08,1.68528140509156,0.00330256688268448,0.954172424967937,0.999999999992432
"Adra1a",2.63410112253787e-08,1.68489290832418,0.00329548295658478,0.954221546847761,0.999999999992432
"Gm12280",2.62897853660852e-08,1.68418857955275,0.00328267784466488,0.954310475598411,0.999999999992432
"4632427E13Rik",2.59601377438698e-08,1.67962466242351,0.00320087097282789,0.954882761671,0.999999999992432
"Atf7",2.5917415691433e-08,1.6790291574807,0.00319034442960052,0.954956931169869,0.999999999992432
"A830008E24Rik",2.59120603929106e-08,1.67895444393089,0.00318902612828095,0.954966228499023,0.999999999992432
"Pcp4l1",2.58076404213013e-08,1.67749470721961,0.00316337575097256,0.955147513144849,0.999999999992432
"Sbf2",2.57442998124506e-08,1.67660650221131,0.00314786683539263,0.955257480594456,0.999999999992432
"Fez1",2.57255488409699e-08,1.67634316510687,0.00314328298064227,0.955290034857885,0.999999999992432
"Gm26664",2.56764590864043e-08,1.67565288813412,0.00313129833691448,0.955375261771283,0.999999999992432
"Gemin8",2.56755220640791e-08,1.67563969997869,0.0031310697973872,0.955376888582519,0.999999999992432
"C2cd5",2.56647082209184e-08,1.6754874670483,0.00312843290709156,0.955395663048925,0.999999999992432
"Wnt4",2.56575436725514e-08,1.6753865738587,0.00312668648705293,0.955408101801552,0.999999999992432
"Gabarapl1",2.55973365163592e-08,1.67453766071398,0.00311202974245419,0.955512631069283,0.999999999992432
"2310022A10Rik",2.5568608550613e-08,1.67413193143508,0.00310504838206439,0.955562507689502,0.999999999992432
"Zc3h12a",2.55539239006991e-08,1.67392437068506,0.003101482802437,0.955588002799191,0.999999999992432
"Ppp3ca",2.55290923932536e-08,1.67357313085545,0.00309545812497739,0.955631114724073,0.999999999992432
"Gm765",2.55204290062118e-08,1.67345051151856,0.00309335757231003,0.955646155939384,0.999999999992432
"Snhg4",2.54528853715859e-08,1.67249315822945,0.00307700517301671,0.95576342451286,0.999999999992432
"Rint1",2.53479865456254e-08,1.67100154296752,0.00305169494970344,0.955945550688131,0.999999999992432
"Sh3glb1",2.50233259333757e-08,1.66634756725831,0.00297402249089841,0.956509243556776,0.999999999992432
"D10Wsu102e",2.50034272362195e-08,1.66606045921753,0.00296929445089088,0.956543793433974,0.999999999992432
"Mapk3",2.49698598285317e-08,1.66557564012654,0.00296132717413957,0.956602076319811,0.999999999992432
"Acot7",2.49441124879974e-08,1.66520334767573,0.00295522325609372,0.95664678142786,0.999999999992432
"Cep44",2.49150487300449e-08,1.66478266278495,0.00294834068162397,0.956697244995399,0.999999999992432
"Cspp1",2.48907025172435e-08,1.66442990328165,0.00294258144274995,0.956739517596171,0.999999999992432
"Olfr39",2.48747010878716e-08,1.6641978752701,0.00293879927756458,0.95676730112269,0.999999999992432
"Armt1",2.48707926213821e-08,1.66414117918049,0.00293787582557505,0.956774087460809,0.999999999992432
"Fus",2.48096652553483e-08,1.66325336450924,0.00292345216627316,0.95688022437347,0.999999999992432
"Akap12",2.47708802240928e-08,1.66268897206516,0.00291431882618334,0.956947568150598,0.999999999992432
"Dnajc12",2.47192845680902e-08,1.66193685925057,0.00290219090903011,0.957037155930126,0.999999999992432
"Nudcd2",2.4695927206879e-08,1.66159588718145,0.0028967089142082,0.957077712509871,0.999999999992432
"F10",2.46533088934733e-08,1.66097295245347,0.00288671971034895,0.957151713151329,0.999999999992432
"Sun1",2.46490453835404e-08,1.66091057816834,0.00288572134587095,0.957159116150442,0.999999999992432
"Rrnad1",2.46183710131294e-08,1.66046151599737,0.00287854357436592,0.957212378088318,0.999999999992432
"Rcsd1",2.4592079103486e-08,1.66007618829354,0.00287239840790459,0.957258030621799,0.999999999992432
"Carmil1",2.45395665106025e-08,1.65930540397278,0.00286014437741878,0.957349212432725,0.999999999992432
"Lepr",2.45270133422399e-08,1.65912091545701,0.00285721892308227,0.957371009584681,0.999999999992432
"Chd8",2.44000919492339e-08,1.65725055162183,0.00282772459307881,0.957591395964438,0.999999999992432
"A130010J15Rik",2.43874511680001e-08,1.6570637662885,0.00282479547387241,0.957613345602018,0.999999999992432
"Mrps18c",2.4368773836509e-08,1.65678761402219,0.00282047034469899,0.957645777252653,0.999999999992432
"Alms1",2.42812163253838e-08,1.65549035257966,0.00280023873920642,0.95779781460627,0.999999999992432
"Gm38393",2.42037301537417e-08,1.65433859737075,0.00278239502298144,0.957932365080114,0.999999999992432
"2700097O09Rik",2.4046807495966e-08,1.65199532845413,0.00274643317546801,0.958204856308986,0.999999999992432
"Gad2",2.39399608843289e-08,1.6503914997618,0.00272208107420058,0.958390394865214,0.999999999992432
"Anxa5",2.39164994773416e-08,1.65003842028851,0.00271674835384836,0.958431135772189,0.999999999992432
"Pabpn1",2.38548638969076e-08,1.6491092734581,0.00270276364885753,0.95853816693108,0.999999999992432
"Kif21a",2.38524086275969e-08,1.64907221343903,0.00270220731190563,0.958542430560509,0.999999999992432
"Hpcal1",2.37630954675163e-08,1.64772164442972,0.00268200886275045,0.958697525642396,0.999999999992432
"Fn1",2.36996808448613e-08,1.64675977544751,0.00266771344885146,0.958807648057547,0.999999999992432
"Ash1l",2.36893930208484e-08,1.6466034999326,0.00266539788942697,0.958825513412294,0.999999999992432
"Hnrnpdl",2.36703240731962e-08,1.64631366561513,0.00266110855400419,0.958858627710965,0.999999999992432
"Calca",2.36163685639595e-08,1.64549237729431,0.00264899061064516,0.958952324867773,0.999999999992432
"Tirap",2.35768345334102e-08,1.64488947445171,0.00264012916186841,0.959020978574099,0.999999999992432
"Mettl7a3",2.35430634491246e-08,1.64437369677534,0.00263257122031176,0.959079624747722,0.999999999992432
"Tspyl1",2.34023315640622e-08,1.64221673785708,0.00260119217793045,0.95932401923911,0.999999999992432
"Ahctf1",2.3395597569389e-08,1.64211321913294,0.0025996954130412,0.959335713566348,0.999999999992432
"Naip5",2.33751658258325e-08,1.64179895765438,0.00259515668594161,0.959371195604475,0.999999999992432
"Epb41",2.33720322921091e-08,1.6417507375677,0.00259446095047695,0.959376637348016,0.999999999992432
"Hdac7",2.33312782357731e-08,1.64112303766736,0.00258542086179542,0.959447411650237,0.999999999992432
"Tbc1d24",2.32926599947037e-08,1.64052727204911,0.00257686909937537,0.959514477148268,0.999999999992432
"Iqgap1",2.32740247278789e-08,1.64023944910012,0.00257274750623665,0.959546839766946,0.999999999992432
"N4bp2l2",2.30869144814239e-08,1.63733732232743,0.00253154686460531,0.959871785275266,0.999999999992432
"Dusp11",2.30709524965673e-08,1.63708871460804,0.00252804751922542,0.959899506008215,0.999999999992432
"Akap13",2.30014655414979e-08,1.63600454873176,0.0025128420974807,0.96002018262539,0.999999999992432
"Ghdc",2.28822282348477e-08,1.63413688526676,0.00248685697828419,0.960227261824957,0.999999999992432
"Wsb1",2.27975267591562e-08,1.63280454615338,0.00246848021903429,0.96037436434479,0.999999999992432
"Gm15879",2.27953433874551e-08,1.63277013997256,0.0024680074175919,0.960378156262097,0.999999999992432
"Kdm2a",2.27881284556903e-08,1.63265642279472,0.00246644537162045,0.960390686624439,0.999999999992432
"6030443J06Rik",2.26814297073216e-08,1.63097069990852,0.00244340262511546,0.960575994296387,0.999999999992432
"Csn3",2.25949165158217e-08,1.62959834719907,0.00242479855837064,0.960726246527521,0.999999999992432
"Dynlrb1",2.24985248408229e-08,1.62806340132739,0.0024041539290026,0.960893656908546,0.999999999992432
"Acp6",2.24396314187991e-08,1.6271225021382,0.00239158390164093,0.960995942215524,0.999999999992432
"Lima1",2.24328443975953e-08,1.62701391992028,0.00239013741834993,0.961007729864384,0.999999999992432
"Supt20",2.2371833189664e-08,1.6260364279908,0.00237715405644344,0.961113694067157,0.999999999992432
"Fbxo2",2.23599666948621e-08,1.62584601465136,0.00237463293939188,0.961134303862901,0.999999999992432
"Zfp329",2.2349916315488e-08,1.62568466814858,0.00237249871454326,0.961151759439343,0.999999999992432
"Eef1a1",2.23362195932519e-08,1.62546467308363,0.00236959172390149,0.961175548042184,0.999999999992432
"Tpt1",2.2248409242831e-08,1.62405122219701,0.00235099720060651,0.96132805874878,0.999999999992432
"Dtnbos",2.22193154701035e-08,1.62358174146912,0.00234485252255033,0.961378589685573,0.999999999992432
"Atp6v1a",2.21715254519976e-08,1.62280929402208,0.00233477660162937,0.961461593158548,0.999999999992432
"Olfr67",2.21702393337739e-08,1.62278848417743,0.00233450573964925,0.961463826942076,0.999999999992432
"Ckap2",2.21661504453945e-08,1.62272231690769,0.00233364470671238,0.961470928695186,0.999999999992432
"Cpa6",2.20718366642258e-08,1.62119288411904,0.00231382830956565,0.96163473767978,0.999999999992432
"Atp6v1e1",2.20568487999066e-08,1.62094926296627,0.00231068696969462,0.961660769516142,0.999999999992432
"Arl6ip1",2.19681444917666e-08,1.61950418579897,0.00229213892240594,0.961814837401528,0.999999999992432
"Mkln1",2.19380223711407e-08,1.61901220696855,0.0022858573951286,0.961867155945242,0.999999999992432
"Crip2",2.19350405493615e-08,1.61896347054385,0.00228523604867976,0.961872335024239,0.999999999992432
"C920009B18Rik",2.19094542566452e-08,1.61854501616288,0.00227990789653602,0.961916775516713,0.999999999992432
"Gm28826",2.18937477927579e-08,1.61828791272909,0.00227664022449544,0.961944055924149,0.999999999992432
"Utp11",2.18767825682613e-08,1.61801000738263,0.00227311330454306,0.961973522710943,0.999999999992432
"Snrnp70",2.18645230148042e-08,1.61780905762692,0.00227056635362135,0.961994816281006,0.999999999992432
"Atp6v0c",2.18439733412428e-08,1.61747198200648,0.00226630031309572,0.962030508988789,0.999999999992432
"Adam28",2.18375207606547e-08,1.61736607839394,0.00226496160741861,0.962041716485364,0.999999999992432
"Dtl",2.18308756167627e-08,1.61725698324246,0.00226358336435229,0.96205325845326,0.999999999992432
"Ints13",2.17468221993352e-08,1.61587432547104,0.00224618638525377,0.962199251740633,0.999999999992432
"Gm21750",2.16995790614351e-08,1.61509495741078,0.00223643768476098,0.96228130941316,0.999999999992432
"Gm26822",2.16912053619478e-08,1.61495664869474,0.00223471196983447,0.962295853922509,0.999999999992432
"Hook1",2.16816815128076e-08,1.61479928125039,0.00223275003300393,0.96231239617373,0.999999999992432
"Pola1",2.16597435108583e-08,1.61443653840671,0.00222823402773215,0.96235050099059,0.999999999992432
"Gm16222",2.16287415653988e-08,1.6139233285401,0.00222185997696,0.962404349407287,0.999999999992432
"Hspb11",2.16223820779498e-08,1.61381796646331,0.00222055358441821,0.962415395455606,0.999999999992432
"Sdccag8",2.16023866922322e-08,1.61348649702922,0.00221644855146253,0.962450126288462,0.999999999992432
"Rfwd2",2.15997421764242e-08,1.6134426362864,0.00221590591934103,0.96245471966538,0.999999999992432
"Gm12940",2.15284579305356e-08,1.61225842191644,0.00220130402920316,0.962578536905968,0.999999999992432
"9330159M07Rik",2.15270024709164e-08,1.61223420421246,0.00220100639517548,0.962581064977387,0.999999999992432
"Cdc14b",2.14475382092022e-08,1.61090961498006,0.00218478690199418,0.962719091588607,0.999999999992432
"Slc22a15",2.14005182732581e-08,1.61012364284456,0.00217521788459921,0.962800764080235,0.999999999992432
"Dnaja1",2.13942675454741e-08,1.61001903391118,0.00217394738179997,0.962811621472644,0.999999999992432
"Smg9",2.13425468085617e-08,1.60915234681337,0.00216344903213876,0.962901459649661,0.999999999992432
"Ankrd11",2.13088581790458e-08,1.6085867510091,0.00215662453165551,0.962959976568556,0.999999999992432
"Usp4",2.13050931476719e-08,1.60852348742498,0.00215586249723576,0.962966516414684,0.999999999992432
"Tmlhe",2.12645591043434e-08,1.60784172299894,0.00214766702066686,0.96303692406174,0.999999999992432
"Ilf2",2.12522468281573e-08,1.60763439158062,0.00214518072276885,0.963058310546764,0.999999999992432
"Ddx39",2.12507493060906e-08,1.60760916641576,0.00214487841663493,0.963060911751862,0.999999999992432
"Sik2",2.12315029291295e-08,1.6072848184349,0.00214099502935303,0.963094342862742,0.999999999992432
"Agbl3",2.11605679730168e-08,1.60608697633644,0.00212671269748131,0.963217558009257,0.999999999992432
"Kdsr",2.11554593697939e-08,1.60600056279873,0.00212568595567627,0.963226431768218,0.999999999992432
"Atg16l1",2.11500036374601e-08,1.60590825557762,0.00212458972060871,0.9632359085033,0.999999999992432
"Dctn1",2.11269461025147e-08,1.60551788804759,0.00211995983027425,0.963275960039885,0.999999999992432
"Polb",2.10582632987513e-08,1.6043526749444,0.00210619843695028,0.963395264401201,0.999999999992432
"Slc25a4",2.09741215555843e-08,1.60292026832045,0.0020894007408409,0.963541422581704,0.999999999992432
"Me3",2.09306219296158e-08,1.60217760037,0.00208074303367608,0.963616983966483,0.999999999992432
"Gm4924",2.08092819075873e-08,1.60009818960755,0.00205668779353794,0.963827760379373,0.999999999992432
"Lzts1",2.07938477332664e-08,1.59983286801036,0.00205363804812827,0.963854570840345,0.999999999992432
"Sdcbp",2.07927395952688e-08,1.59981381133634,0.00205341917053089,0.963856495770969,0.999999999992432
"Ppp3r1",2.07901539331002e-08,1.59976934189374,0.00205290850014852,0.963860987288461,0.999999999992432
"Dynll2",2.06948965008011e-08,1.59812738647933,0.00203413934707481,0.964026458436395,0.999999999992432
"Usp40",2.06349055144792e-08,1.59708963139835,0.00202236319215718,0.964130669235654,0.999999999992432
"Slc25a43",2.06336914517958e-08,1.59706860034129,0.00202212522610946,0.964132778199519,0.999999999992432
"Apopt1",2.0632953716399e-08,1.59705582006846,0.00202198063087879,0.964134059729266,0.999999999992432
"Prph",2.05769401529878e-08,1.59608419053388,0.00201101713945565,0.96423136188864,0.999999999992432
"Klhdc8b",2.04888793352475e-08,1.59455156709023,0.00199384132298227,0.964384334981126,0.999999999992432
"Sept2",2.04707989413916e-08,1.594236119111,0.00199032394851595,0.964415743138951,0.999999999992432
"Eef1a2",2.04296230106967e-08,1.59351673527332,0.00198232513824087,0.964487271661185,0.999999999992432
"Cpne9",2.03854214302279e-08,1.59274295587017,0.00197375649117495,0.964564056490903,0.999999999992432
"Rnpc3",2.03550823169316e-08,1.59221092563571,0.00196788587804569,0.964616760309002,0.999999999992432
"Arnt",2.03470148197038e-08,1.59206932627501,0.00196632629037095,0.964630774848316,0.999999999992432
"Egfr",2.03426701009454e-08,1.59199304640173,0.00196548663672323,0.964638322327622,0.999999999992432
"Rrm2b",2.03214236606816e-08,1.59161980134958,0.00196138316488017,0.9646752308769,0.999999999992432
"Gm26531",2.02446238596799e-08,1.59026752842761,0.00194658605247575,0.964808645350317,0.999999999992432
"Foxred1",2.01475371199695e-08,1.58855105651554,0.00192796041315072,0.964977303137617,0.999999999992432
"Vamp3",2.01388724860002e-08,1.58839748602277,0.00192630249545062,0.964992355300275,0.999999999992432
"E030030I06Rik",2.00313257309577e-08,1.58648610345926,0.00190578352958581,0.965179186069858,0.999999999992432
"Zfp142",1.99970102565483e-08,1.58587417733702,0.0018992595630162,0.965238799489232,0.999999999992432
"Acrv1",1.99864620169928e-08,1.58568587681041,0.00189725640746872,0.965257124107478,0.999999999992432
"Impact",1.9900554609766e-08,1.58414878705827,0.0018809815816553,0.965406364900851,0.999999999992432
"Mcf2l",1.98961843519639e-08,1.58407042427244,0.00188015552710785,0.965413957069549,0.999999999992432
"Ncoa2",1.98789684265791e-08,1.58376156756167,0.00187690318358212,0.96544386522349,0.999999999992432
"Pola2",1.98590763904777e-08,1.58340438438912,0.0018731487889776,0.965478422478286,0.999999999992432
"Zfp141",1.9855280247854e-08,1.58333618189722,0.00187243273751626,0.965485017299138,0.999999999992432
"Plk4",1.98460482523571e-08,1.58317026574319,0.00187069191375234,0.965501055525266,0.999999999992432
"Fgf1",1.98274878570338e-08,1.58283647888067,0.001867194537827,0.965533299497565,0.999999999992432
"Polr2c",1.98070286548494e-08,1.58246820011809,0.00186334315719524,0.965568842229764,0.999999999992432
"Pkib",1.98005796824029e-08,1.58235203956956,0.0018621299825553,0.965580045716036,0.999999999992432
"Imp4",1.97940576972301e-08,1.58223452733916,0.00186090347462627,0.965591376050677,0.999999999992432
"Mapk8",1.97694432963439e-08,1.58179069684847,0.00185627819314085,0.965634137541194,0.999999999992432
"Prkar1a",1.97470076679326e-08,1.58138569499355,0.0018520673374847,0.965673114034476,0.999999999992432
"Pik3c2a",1.97185475109985e-08,1.58087131058831,0.00184673264131011,0.965722556811052,0.999999999992432
"Noa1",1.96178881555651e-08,1.57904633341889,0.00182792634244722,0.965897429637215,0.999999999992432
"Kmt5b",1.95739439176709e-08,1.57824682340804,0.00181974637291994,0.965973773310004,0.999999999992432
"Cttnbp2",1.95129950753874e-08,1.57713510898987,0.00180843145768765,0.966079659345948,0.999999999992432
"Ikbip",1.94713495151191e-08,1.57637359022554,0.00180072041460777,0.966152010256934,0.999999999992432
"Nfat5",1.94346289784427e-08,1.57570084435198,0.00179393495069159,0.966215805146265,0.999999999992432
"Slc25a23",1.94327177231911e-08,1.57566579577018,0.00179358212697606,0.966219125591602,0.999999999992432
"Mcmdc2",1.9411925450849e-08,1.57528429553663,0.00178974605034261,0.966255248279035,0.999999999992432
"Dennd5b",1.94027412388372e-08,1.57511565840077,0.00178805291394926,0.966271204153069,0.999999999992432
"Gm10425",1.93364079254488e-08,1.57389541393882,0.00177584796542152,0.966386446448281,0.999999999992432
"Slamf1",1.91995924680841e-08,1.57136599496687,0.0017508067163783,0.966624141106159,0.999999999992432
"Ccz1",1.91765093597903e-08,1.57093755137346,0.00174659935970849,0.966664244554371,0.999999999992432
"Chd6",1.90994310519925e-08,1.56950334974083,0.00173258696944971,0.966798157196125,0.999999999992432
"Ankrd10",1.90906659843394e-08,1.56933990946719,0.00173099710456389,0.966813385318974,0.999999999992432
"Srrm2",1.90853392310241e-08,1.56924054785099,0.00173003125997893,0.966822639840321,0.999999999992432
"Ghitm",1.90851104312879e-08,1.56923627938701,0.0017299897801479,0.966823037349357,0.999999999992432
"Ppp3cc",1.90119554050647e-08,1.56786900812846,0.0017167527706082,0.96695013487595,0.999999999992432
"Ago4",1.90036129249243e-08,1.56771276939846,0.00171524647277239,0.96696462892444,0.999999999992432
"2010015M23Rik",1.88961560623275e-08,1.56569446178442,0.00169590342509533,0.967151323177964,0.999999999992432
"Scmh1",1.88933853744844e-08,1.56564227730508,0.0016954061308837,0.967156136961369,0.999999999992432
"Sppl2a",1.88757646242428e-08,1.56531022931317,0.00169224519425074,0.96718675121945,0.999999999992432
"Cnih1",1.88344080973056e-08,1.56452974284834,0.00168483794830647,0.967258604160863,0.999999999992432
"Chkb",1.88335263885529e-08,1.56451308539284,0.00168468020492676,0.967260136046924,0.999999999992432
"Irf9",1.88165731305174e-08,1.56419265618755,0.0016816485938598,0.967289590762322,0.999999999992432
"Tpi1",1.87622034608428e-08,1.56316317564224,0.00167194453293021,0.967384053327792,0.999999999992432
"Cflar",1.87216003789136e-08,1.56239251300867,0.00166471588889549,0.967454597944713,0.999999999992432
"Pclaf",1.86998540171439e-08,1.56197910526479,0.00166085078249222,0.967492380618874,0.999999999992432
"Numa1",1.86748603352058e-08,1.56150340010009,0.00165641405960475,0.96753580535864,0.999999999992432
"Vps53",1.86661024349798e-08,1.56133656773714,0.00165486081559434,0.967551021608435,0.999999999992432
"Akr1a1",1.8628354995298e-08,1.56061665133632,0.00164817451378301,0.967616605325983,0.999999999992432
"Mbd6",1.86103239810045e-08,1.5602722759426,0.00164498541033608,0.967647933116093,0.999999999992432
"4930402H24Rik",1.85872877028025e-08,1.55983184328383,0.00164091553080528,0.9676879573203,0.999999999992432
"Magi1",1.85854702958584e-08,1.55979707405356,0.0016405946593008,0.967691114963469,0.999999999992432
"Sult4a1",1.85627774445948e-08,1.55936265974261,0.00163659077441351,0.967730542569093,0.999999999992432
"Fbxw2",1.85544130613884e-08,1.55920241123541,0.00163511621186125,0.967745075253865,0.999999999992432
"Zfp280d",1.85523622166296e-08,1.55916310977999,0.00163475476855654,0.967748638492581,0.999999999992432
"Napa",1.85004749932504e-08,1.55816739107223,0.0016256233955716,0.96783879012467,0.999999999992432
"Ctsd",1.84910548853004e-08,1.55798633418829,0.00162396834085686,0.967855157167268,0.999999999992432
"Mat2a",1.84185697303456e-08,1.55659021265522,0.00161126134515455,0.9679810975373,0.999999999992432
"Aldoa",1.83219470193395e-08,1.5547210446764,0.00159440052632111,0.968148977290826,0.999999999992432
"Eif2a",1.82925093396799e-08,1.55414971101794,0.0015892812290603,0.968200124867768,0.999999999992432
"Nmd3",1.8266501487342e-08,1.55364421711696,0.00158476523761664,0.968245313274196,0.999999999992432
"Gm15737",1.81069471297471e-08,1.55052804124867,0.00155720091451926,0.968522539742592,0.999999999992432
"Bcam",1.80593628266556e-08,1.54959364562312,0.00154902715048158,0.968605218437403,0.999999999992432
"Glrx2",1.8025985657128e-08,1.54893683366147,0.00154330664255908,0.968663212149995,0.999999999992432
"Rbm39",1.80111139764264e-08,1.54864380945405,0.00154076119551671,0.968689052140939,0.999999999992432
"Synrg",1.80049781990173e-08,1.54852284616383,0.00153971160386356,0.968699713247666,0.999999999992432
"Gnb1",1.79903041001307e-08,1.54823339593498,0.00153720288954578,0.968725209979882,0.999999999992432
"Zfp202",1.7988954139223e-08,1.54820675635789,0.00153697220017685,0.96872755558322,0.999999999992432
"Zfp60",1.78853907961183e-08,1.54615739726375,0.00151932628350502,0.968907501245792,0.999999999992432
"Stmn1",1.78470006184815e-08,1.54539484980702,0.00151281095395709,0.968974206196078,0.999999999992432
"Myl6",1.78263116873781e-08,1.54498325737821,0.00150930556937315,0.969010154390704,0.999999999992432
"Fth1",1.77635902119664e-08,1.54373267667526,0.00149870333892325,0.969119136906497,0.999999999992432
"Gm1043",1.77528446177286e-08,1.54351800339101,0.00149689068880051,0.969137808111518,0.999999999992432
"Atp1a3",1.77413465035261e-08,1.54328815966878,0.00149495231253057,0.969157786890189,0.999999999992432
"Ptges3",1.76813694646493e-08,1.54208693835176,0.00148486161797448,0.969262001509133,0.999999999992432
"Rpl7l1",1.76714176467423e-08,1.54188724881785,0.00148319060330677,0.969279293592546,0.999999999992432
"Dot1l",1.76361908857391e-08,1.54117954216569,0.00147728321935576,0.96934050303686,0.999999999992432
"Arfgef1",1.76291694670581e-08,1.54103832117329,0.0014761071650414,0.96935270336083,0.999999999992432
"Sh3bgrl3",1.75667504140865e-08,1.53978053984684,0.00146567285640121,0.969461162194337,0.999999999992432
"Gm5464",1.75591023438992e-08,1.53962613478081,0.00146439690855116,0.96947445145713,0.999999999992432
"Pex1",1.75411381698614e-08,1.53926320893947,0.00146140208300312,0.969505665982981,0.999999999992432
"Snap47",1.75282697530553e-08,1.53900301432868,0.00145925866074622,0.9695280261563,0.999999999992432
"Tln2",1.75214185019549e-08,1.53886441054116,0.00145811812676962,0.969539930906521,0.999999999992432
"Ints2",1.7518839018264e-08,1.53881221312371,0.00145768883332312,0.969544413025282,0.999999999992432
"Vps50",1.75099579991276e-08,1.53863244445609,0.00145621128323652,0.969559844718687,0.999999999992432
"Clec2h",1.74732038893117e-08,1.5378875494406,0.00145010440653653,0.96962370892403,0.999999999992432
"Prkaca",1.74508809895159e-08,1.53743440467999,0.00144640161017827,0.969662497450247,0.999999999992432
"Zwint",1.74353395747143e-08,1.53711859574686,0.00144382648314939,0.969689502432891,0.999999999992432
"Guf1",1.74253850332333e-08,1.53691617420702,0.00144217827577174,0.969706799603527,0.999999999992432
"Abcd2",1.7421833973123e-08,1.53684393826505,0.00144159054242582,0.969712969985871,0.999999999992432
"Prpf39",1.74151903980382e-08,1.53670875657234,0.00144049129088472,0.969724513979614,0.999999999992432
"Brpf1",1.74086899206401e-08,1.53657643916794,0.00143941612222322,0.969735809330422,0.999999999992432
"Chuk",1.739872025284e-08,1.5363734150736,0.00143776793485434,0.969753132822993,0.999999999992432
"Gtdc1",1.73920936017277e-08,1.5362384076186,0.00143667293798558,0.969764647431337,0.999999999992432
"4930447C04Rik",1.73778003206038e-08,1.53594703834831,0.00143431251690599,0.96978948375869,0.999999999992432
"Unc79",1.73387347610156e-08,1.53514952195903,0.00142787105257542,0.969857365104706,0.999999999992432
"Atxn2l",1.72833326293788e-08,1.53401556554066,0.00141876073208288,0.969953633683251,0.999999999992432
"Rab6b",1.72051413264874e-08,1.53240927660258,0.00140595257600929,0.97008950222509,0.999999999992432
"Chchd2",1.7143262959533e-08,1.53113318232411,0.00139585773245807,0.970197025329443,0.999999999992432
"Zfp316",1.71165417352626e-08,1.53058076732859,0.00139150967356316,0.970243457701493,0.999999999992432
"Trmt11",1.70551977643512e-08,1.52930948153741,0.00138155348403548,0.970350052977251,0.999999999992432
"Acad9",1.70129197924764e-08,1.52843078651961,0.00137471253325478,0.970423518240825,0.999999999992432
"Clip3",1.69704910126514e-08,1.52754686924317,0.00136786425038015,0.970497245811525,0.999999999992432
"Ddx55",1.69574822925706e-08,1.52727543851033,0.00136576798303281,0.970519850832869,0.999999999992432
"Mrpl9",1.68062067586737e-08,1.52410442322332,0.0013415089900195,0.970782721369952,0.999999999992432
"App",1.67805646301275e-08,1.52356423073744,0.0013374184889144,0.970827279849721,0.999999999992432
"Klf3",1.67192740267113e-08,1.52226986221481,0.00132766655396716,0.970933785265671,0.999999999992432
"Trpv2",1.66796948279276e-08,1.52143160964811,0.00132138807794104,0.971002562789215,0.999999999992432
"Arpp21",1.66627811503022e-08,1.52107281644864,0.00131870958763614,0.971031954073049,0.999999999992432
"B230208H11Rik",1.66410262773767e-08,1.52061081699199,0.00131526842958076,0.971069758070344,0.999999999992432
"Osbpl7",1.66057108416953e-08,1.51985961426897,0.00130969185158173,0.97113112674162,0.999999999992432
"Tbce",1.65923161486839e-08,1.51957429565452,0.00130757982577075,0.971154403138359,0.999999999992432
"Rhno1",1.65460123635314e-08,1.51858629637494,0.00130029194470826,0.971234866931478,0.999999999992432
"AI480526",1.64981785366331e-08,1.51756288810724,0.00129278463326428,0.971317989841958,0.999999999992432
"Telo2",1.64786248423005e-08,1.51714372352768,0.00128972202422619,0.971351969232333,0.999999999992432
"Ywhaz",1.64077467955951e-08,1.51562036904126,0.00127865115083983,0.971475137841358,0.999999999992432
"Gm12976",1.63809055080215e-08,1.51504184720366,0.00127447110451718,0.971521781573908,0.999999999992432
"Chd1",1.63441798985042e-08,1.51424882362544,0.0012687628413903,0.971585602049676,0.999999999992432
"Nrk",1.62967854560664e-08,1.51322292022706,0.00126141525677623,0.971667962717849,0.999999999992432
"Maip1",1.6294066684929e-08,1.51316398359692,0.00126099441140985,0.971672687327543,0.999999999992432
"Maoa",1.6284656392315e-08,1.51295991820641,0.00125953831084848,0.971689040296704,0.999999999992432
"Slc6a20b",1.62310930247176e-08,1.51179624057398,0.00125126620991422,0.971782121592439,0.999999999992432
"Atpaf2",1.6227021477591e-08,1.5117076360627,0.00125063853187079,0.971789197057294,0.999999999992432
"Prnp",1.6096678888719e-08,1.50885991856342,0.00123062786333907,0.972015705345823,0.999999999992432
"1700095J07Rik",1.59892074038233e-08,1.50649536228615,0.0012142498404923,0.972202470114904,0.999999999992432
"Gm4117",1.59329166520552e-08,1.50525083792633,0.00120571524360783,0.972300293223129,0.999999999992432
"Peg3",1.59178531049238e-08,1.50491709165376,0.00120343646902688,0.972326471004324,0.999999999992432
"Vsig10",1.58179042400842e-08,1.50269500611397,0.00118837106039408,0.972500165211063,0.999999999992432
"Cyb5rl",1.58023797430616e-08,1.50234866582536,0.00118603954929349,0.972527144275979,0.999999999992432
"Hnrnpm",1.5776080563693e-08,1.50176121194147,0.00118209509133821,0.972572848067847,0.999999999992432
"Zfp280c",1.56974767952545e-08,1.49999985050628,0.00117034494208043,0.972709449454755,0.999999999992432
"Ncapd3",1.55898334290236e-08,1.49757412456798,0.00115434900518841,0.972896518541121,0.999999999992432
"Echs1",1.55799012884174e-08,1.49734950425319,0.00115287862328768,0.972913779284988,0.999999999992432
"Erc1",1.55782145538363e-08,1.4973113443976,0.00115262900746006,0.972916710607373,0.999999999992432
"Rab2a",1.55717854441587e-08,1.49716585937435,0.00115167782667437,0.972927883555972,0.999999999992432
"Hmgcs1",1.55321382696278e-08,1.49626741621796,0.00114582074063459,0.972996785257696,0.999999999992432
"Reep1",1.551109700725e-08,1.49578971566159,0.00114271837521128,0.973033352353537,0.999999999992432
"Bclaf1",1.54920702456835e-08,1.49535722009552,0.00113991665268355,0.973066418546439,0.999999999992432
"Mto1",1.54776185530116e-08,1.49502838268706,0.0011377909146559,0.973091533858081,0.999999999992432
"Syne1",1.54615223647077e-08,1.49466178249299,0.00113542561876283,0.973119507137653,0.999999999992432
"Slco2a1",1.54578961697539e-08,1.49457914372514,0.00113489309787139,0.973125809041979,0.999999999992432
"Gdap2",1.54342505294962e-08,1.49403982203409,0.00113142370605598,0.973166902450811,0.999999999992432
"Cep295",1.54303789062185e-08,1.49395144132606,0.00113085615054822,0.97317363089449,0.999999999992432
"Dynlt3",1.54300139134376e-08,1.49394310825106,0.00113080265225735,0.973174265210789,0.999999999992432
"Grik1",1.54054881552209e-08,1.49338273624734,0.00112721072403386,0.973216888252098,0.999999999992432
"Tanc2",1.54047868459976e-08,1.49336670006034,0.00112710809758337,0.973218107050691,0.999999999992432
"Pus7",1.53609318711665e-08,1.49236252888064,0.00112069983772541,0.973294322316184,0.999999999992432
"Rspry1",1.53569238439289e-08,1.49227061912587,0.00112011508030248,0.973301287851907,0.999999999992432
"Nae1",1.53500170320514e-08,1.49211218264288,0.00111910775820045,0.97331329117952,0.999999999992432
"Lrp1",1.5326224403105e-08,1.49156588071238,0.00111564119787707,0.973354640364148,0.999999999992432
"Bdp1",1.53199159538495e-08,1.49142089745129,0.00111472296553941,0.973365603823438,0.999999999992432
"Focad",1.53061290022296e-08,1.49110384279477,0.00111271750855839,0.97338956419582,0.999999999992432
"Fxn",1.52809133795235e-08,1.49052326372185,0.00110905430235823,0.973433386541967,0.999999999992432
"Pebp1",1.52429204196562e-08,1.4896467708977,0.00110354627115167,0.973499414832277,0.999999999992432
"Mpv17",1.5238173652378e-08,1.48953711776506,0.00110285907190573,0.973507664292552,0.999999999992432
"Wdr89",1.52109142304251e-08,1.48890678007258,0.00109891681327206,0.973555038803593,0.999999999992432
"Chp1",1.52041681848613e-08,1.48875062114929,0.00109794228947016,0.973566762860081,0.999999999992432
"Zranb2",1.51902687381968e-08,1.48842866612683,0.00109593575882635,0.973590918940522,0.999999999992432
"Cbfa2t2",1.5177368806701e-08,1.48812961254097,0.0010940751606355,0.973613337968536,0.999999999992432
"Kdm5c",1.51697981946857e-08,1.48795399383232,0.00109298396322323,0.973626495083995,0.999999999992432
"S100a6",1.51023742401747e-08,1.48638624873464,0.00108328976283947,0.973743672816246,0.999999999992432
"Hus1",1.50786394279324e-08,1.48583278309838,0.00107988745343482,0.973784922259351,0.999999999992432
"Cadm3",1.5076020945567e-08,1.4857716727408,0.00107951243011157,0.9737894730028,0.999999999992432
"Thap1",1.50751775245303e-08,1.48575198676413,0.00107939164784045,0.973790938811119,0.999999999992432
"Nek1",1.50523129907758e-08,1.48521791516099,0.0010761199025094,0.973830675847253,0.999999999992432
"2810403A07Rik",1.50456916549419e-08,1.48506310956642,0.00107517336570843,0.973842183299866,0.999999999992432
"Rnasel",1.50165117487012e-08,1.48438011684871,0.00107100698564745,0.973892896150878,0.999999999992432
"Ctnnal1",1.49980879279695e-08,1.48394823434446,0.00106838055197569,0.973924915652744,0.999999999992432
"Mttp",1.49753244093612e-08,1.48341392613108,0.00106513991961806,0.973964477348785,0.999999999992432
"Bcl9",1.49509377060682e-08,1.48284066162066,0.00106167367065294,0.974006860118224,0.999999999992432
"C2cd3",1.48948425658598e-08,1.48151863991048,0.00105372192723065,0.974104350711949,0.999999999992432
"A230057D06Rik",1.48602794047332e-08,1.48070171603538,0.00104883732308319,0.974164419978153,0.999999999992432
"Fcho2",1.48101343239924e-08,1.4795132881493,0.00104177079449533,0.974251570201309,0.999999999992432
"Chd4",1.47889247000562e-08,1.47900947382248,0.00103878908686965,0.974288431805152,0.999999999992432
"Khdrbs2",1.47806095144401e-08,1.47881176722429,0.00103762128110482,0.974302883329465,0.999999999992432
"Col24a1",1.46738503311442e-08,1.47626396991952,0.00102268610015765,0.974488428093257,0.999999999992432
"Pip5kl1",1.46720275063591e-08,1.47622031567522,0.00102243203435459,0.974491596128704,0.999999999992432
"Rbm34",1.46555754977509e-08,1.47582607855356,0.00102014037701627,0.974520189430731,0.999999999992432
"Mettl1",1.46402264748509e-08,1.47545789285859,0.00101800467671729,0.974546865792493,0.999999999992432
"Lekr1",1.46163146971037e-08,1.47488357627619,0.00101468199280076,0.974588424144986,0.999999999992432
"Sec24a",1.46048046426264e-08,1.47460680781392,0.00101308453862034,0.974608428491569,0.999999999992432
"Stab1",1.45735573641432e-08,1.47385439590024,0.00100875414584824,0.974662735994313,0.999999999992432
"Lrfn5",1.45656006489263e-08,1.4736625591446,0.00100765294890832,0.974676564716079,0.999999999992432
"Zfp866",1.45548857521796e-08,1.47340406515685,0.00100617097417868,0.974695187152287,0.999999999992432
"Gm37381",1.45510806643986e-08,1.47331222494428,0.00100564495583781,0.974701800378873,0.999999999992432
"Trrap",1.45287056600125e-08,1.47277171628128,0.001002554599756,0.974740688077713,0.999999999992432
"Uggt2",1.4469272493248e-08,1.47133215173637,0.000994368994963748,0.974843983056718,0.999999999992432
"Xpr1",1.44492575369421e-08,1.47084609352101,0.000991619929747103,0.974878769191348,0.999999999992432
"Capn5",1.43826981152559e-08,1.46922510188822,0.000982505325337318,0.974994450276987,0.999999999992432
"Csmd3",1.43365083870651e-08,1.46809600094911,0.000976204868711799,0.975074728896513,0.999999999992432
"Lrba",1.42964871018643e-08,1.46711488889454,0.000970762198762356,0.975144286849872,0.999999999992432
"Htt",1.42885038271733e-08,1.46691886877239,0.000969678338448374,0.975158161995349,0.999999999992432
"Rfx7",1.42847409311201e-08,1.46682643911153,0.000969167673597975,0.975164702012195,0.999999999992432
"Hspb1",1.42713070926838e-08,1.46649626907481,0.000967345656669753,0.975188050406536,0.999999999992432
"Rab43",1.42687588080577e-08,1.4664336053212,0.0009670002290271,0.975192479400294,0.999999999992432
"Rcor3",1.42566700339577e-08,1.46613619064475,0.000965362399760255,0.97521349005626,0.999999999992432
"Cyfip2",1.42561166301109e-08,1.4661225697648,0.000965287455906527,0.975214451889339,0.999999999992432
"Nedd4",1.42383078760198e-08,1.46568397610144,0.000962877286273505,0.975245404076466,0.999999999992432
"Nxf1",1.42172204268363e-08,1.46516396043049,0.000960027286108008,0.975282054789268,0.999999999992432
"Srrm1",1.41574380420739e-08,1.46368573630053,0.000951970569990629,0.975385958915959,0.999999999992432
"Tulp4",1.41109811761257e-08,1.46253290884976,0.000945733140998059,0.975466703057421,0.999999999992432
"Mdm4",1.41086167214247e-08,1.46247413851464,0.000945416230955073,0.975470812593733,0.999999999992432
"Tmem165",1.41078796470891e-08,1.46245581605375,0.000945317451060275,0.975472093664611,0.999999999992432
"Bach2",1.40823100374509e-08,1.46181963382158,0.000941893904181183,0.975516534923185,0.999999999992432
"Comt",1.40821471617674e-08,1.46181557789261,0.000941872116459448,0.975516818009501,0.999999999992432
"Jmjd1c",1.40767382059561e-08,1.46168085879874,0.000941148708843908,0.975526219054687,0.999999999992432
"Ankfy1",1.40486418945904e-08,1.46098028105531,0.000937395507262253,0.975575051952868,0.999999999992432
"Odf2",1.40235113480775e-08,1.46035252568672,0.000934044835834138,0.975618730270014,0.999999999992432
"Gap43",1.401100574345e-08,1.46003974019503,0.000932379691221037,0.975640465748372,0.999999999992432
"Ankrd24",1.39969682365125e-08,1.45968832325507,0.000930512340639326,0.975664863784836,0.999999999992432
"Nip7",1.39913844604992e-08,1.45954844513322,0.000929770074738368,0.975674568731751,0.999999999992432
"Atxn7",1.39465350659164e-08,1.4584230039538,0.000923818870841506,0.975752519874714,0.999999999992432
"Safb2",1.39437407045347e-08,1.45835276911384,0.000923448710776944,0.975757376662852,0.999999999992432
"Map2",1.39381091922363e-08,1.45821118330591,0.000922702947824737,0.975767164612951,0.999999999992432
"Mapk8ip2",1.39265934958257e-08,1.45792148983298,0.00092117889926916,0.975787179685247,0.999999999992432
"Calm3",1.38807509375744e-08,1.45676599555846,0.000915124339861534,0.975866857355101,0.999999999992432
"Smyd4",1.37843139584777e-08,1.45432335178793,0.000902452797669381,0.97603447255961,0.999999999992432
"Ppp2r1a",1.37338921517003e-08,1.45303975198435,0.00089586268702722,0.976122110125703,0.999999999992432
"Vdac1",1.36559276044248e-08,1.45104615057622,0.000885720292063507,0.976257619981317,0.999999999992432
"Mtfmt",1.36399929319922e-08,1.45063736077435,0.000883654459740003,0.976285316053716,0.999999999992432
"4933434E20Rik",1.36011344284469e-08,1.44963857533368,0.000878626806326319,0.976352856183026,0.999999999992432
"Dynll1",1.35995479897491e-08,1.44959774131392,0.000878421851911348,0.97635561358244,0.999999999992432
"Rgs4",1.35813796358458e-08,1.44912977540771,0.000876076359467221,0.976387192136607,0.999999999992432
"Uhrf2",1.35797297448708e-08,1.44908724938806,0.000875863517661623,0.976390059826499,0.999999999992432
"Uchl5",1.35167115006161e-08,1.44745926608326,0.000867753295738803,0.976499592614484,0.999999999992432
"Map7",1.35136046164603e-08,1.44737881794353,0.000867354426661821,0.976504992739653,0.999999999992432
"Tuba4a",1.34873856689089e-08,1.4466992167044,0.000863992028570447,0.97655056435567,0.999999999992432
"Poldip3",1.34045808467088e-08,1.44454462557576,0.000853415762355329,0.976694489382144,0.999999999992432
"Lin9",1.3375413567464e-08,1.44378267740497,0.000849705876182526,0.9767451859033,0.999999999992432
"Nrxn3",1.3363384263412e-08,1.44346797140544,0.000848178181514238,0.976766094424133,0.999999999992432
"Abhd18",1.33619481326162e-08,1.44343038192686,0.000847995887967949,0.976768590610393,0.999999999992432
"Aatf",1.32670113936129e-08,1.44093694312378,0.000835988661811438,0.976933603788315,0.999999999992432
"Agl",1.3264185331401e-08,1.44086245932315,0.000835632544782869,0.976938515890323,0.999999999992432
"Crtc3",1.32462541449038e-08,1.44038951273345,0.0008333747724961,0.976969682888133,0.999999999992432
"Vezt",1.3227545113385e-08,1.43989540121738,0.000831022315131235,0.97700220193067,0.999999999992432
"Iffo1",1.32191924058219e-08,1.43967458913763,0.000829973126527632,0.977016720174612,0.999999999992432
"Mical3",1.31911043941125e-08,1.43893108131979,0.000826449835949424,0.977065541358524,0.999999999992432
"Pja2",1.31191407217849e-08,1.43701927190248,0.000817457088547201,0.97719062542348,0.999999999992432
"Atp6v0d1",1.30987692849328e-08,1.43647626865482,0.000814920360483311,0.977226034253907,0.999999999992432
"Kif5a",1.30907800257715e-08,1.43626309490545,0.00081392658399574,0.977239920882258,0.999999999992432
"Rap2b",1.30857768142155e-08,1.43612953355792,0.000813304547923099,0.977248617279019,0.999999999992432
"Vwa5b2",1.30664776554735e-08,1.43561388528297,0.000810907362131795,0.977282162386281,0.999999999992432
"Tagln3",1.30547147705512e-08,1.43529924139807,0.000809448006864798,0.977302608231724,0.999999999992432
"Pcmtd2",1.30292128393161e-08,1.43461616764297,0.000806288638685361,0.977346934870141,0.999999999992432
"Kat6b",1.29622245860811e-08,1.43281580737004,0.000798019064742723,0.977463372034868,0.999999999992432
"Eif4a2",1.29379308097052e-08,1.43216070905831,0.000795030576288181,0.977505598936783,0.999999999992432
"Sltm",1.29320807420671e-08,1.43200278341253,0.00079431177028893,0.977515767403694,0.999999999992432
"Flna",1.28997730866575e-08,1.43112939709768,0.000790347938651107,0.977571923969751,0.999999999992432
"Topbp1",1.28686578860537e-08,1.43028628038659,0.000786539782362352,0.977626007938114,0.999999999992432
"Mapk1",1.28411618618938e-08,1.42953961778776,0.000783182227516418,0.977673801194652,0.999999999992432
"Tma16",1.275883548785e-08,1.42729490499911,0.000773172250245456,0.97781690038056,0.999999999992432
"Gt(ROSA)26Sor",1.2707768075205e-08,1.42589557503268,0.000766995371650181,0.977905665795301,0.999999999992432
"Mapkbp1",1.27063973134863e-08,1.42585794036541,0.000766829912037891,0.977908048458119,0.999999999992432
"Sel1l",1.26723545692103e-08,1.42492204736574,0.000762726463366083,0.977967221738547,0.999999999992432
"Arl8a",1.26259234958046e-08,1.42364172057018,0.000757147495386264,0.978047928674409,0.999999999992432
"Vcp",1.2610390172111e-08,1.42321239392579,0.000755285646230151,0.97807492889642,0.999999999992432
"Rpap1",1.25832576317886e-08,1.42246126913796,0.000752038994575785,0.978122091085442,0.999999999992432
"Abcd4",1.25674163700255e-08,1.42202201524145,0.000750146678924241,0.978149626639888,0.999999999992432
"Gdi1",1.25585607616218e-08,1.42177623354776,0.000749089872250979,0.978165019622516,0.999999999992432
"Cnn3",1.25447012298088e-08,1.42139124052879,0.000747437404847273,0.978189110533858,0.999999999992432
"Cdc42",1.24842979596514e-08,1.41970861388075,0.000740256848099791,0.978294104920476,0.999999999992432
"Letm2",1.24725893188917e-08,1.41938155692359,0.000738868970769869,0.978314457199138,0.999999999992432
"Syn2",1.24723847274851e-08,1.41937583948838,0.000738844731215707,0.978314812825626,0.999999999992432
"Nsmaf",1.2465349359281e-08,1.41917917748315,0.000738011437695962,0.978327041901431,0.999999999992432
"Wnk1",1.24565442400143e-08,1.41893289641918,0.000736969191152357,0.978342347215716,0.999999999992432
"Prkce",1.24446107681866e-08,1.41859885058907,0.000735557822435477,0.978363090336092,0.999999999992432
"Soat2",1.24270213452405e-08,1.4181059262178,0.000733479992206699,0.978393664827831,0.999999999992432
"Mtch2",1.2362864599267e-08,1.41630236845551,0.00072592609553029,0.978505184383191,0.999999999992432
"Atp6ap2",1.2351911224226e-08,1.41599356175979,0.000724640338769277,0.978524223974324,0.999999999992432
"Tsc22d1",1.23406857012038e-08,1.41567681241149,0.000723323818544779,0.978543736636572,0.999999999992432
"Glud1",1.23124010984415e-08,1.41487749360342,0.000720011931078076,0.978592902144333,0.999999999992432
"Ntrk1",1.22979389922824e-08,1.41446812236136,0.000718321477132152,0.978618040828006,0.999999999992432
"Zkscan3",1.22785052240574e-08,1.4139173001422,0.000716053021705236,0.978651821511826,0.999999999992432
"F730043M19Rik",1.22579934630511e-08,1.41333502467915,0.000713662626436436,0.978687476054587,0.999999999992432
"Zmynd8",1.22412022474159e-08,1.41285767642171,0.000711708790248674,0.978716663395736,0.999999999992432
"Rab1a",1.22277716471044e-08,1.41247541731196,0.000710147925165068,0.978740009165695,0.999999999992432
"Fam229b",1.22078564525269e-08,1.41190786012116,0.000707836593634982,0.978774626829138,0.999999999992432
"Mtif2",1.2169019532946e-08,1.41079852378859,0.000703340068692907,0.978842135368648,0.999999999992432
"Nop58",1.21369650533112e-08,1.40988038441913,0.000699639605129462,0.97889785439998,0.999999999992432
"R3hdm1",1.2118207402502e-08,1.40934203836249,0.000697478693549861,0.978930460128611,0.999999999992432
"Vwa5a",1.20445065257401e-08,1.40721912363501,0.000689020598728474,0.97905857196929,0.999999999992432
"Rfc2",1.20420937549438e-08,1.40714941664263,0.000688744575420551,0.979062766019561,0.999999999992432
"Suclg1",1.20259674153871e-08,1.40668317206036,0.000686901126579054,0.979090797987923,0.999999999992432
"Tmx2",1.1983453065568e-08,1.40545114483556,0.000682053028442526,0.97916469962563,0.999999999992432
"Arhgap32",1.19645107209118e-08,1.40490087521635,0.000679898478774426,0.979197626690208,0.999999999992432
"Mir99ahg",1.19620242412945e-08,1.40482858226621,0.000679615913430593,0.979201948886129,0.999999999992432
"Sox11",1.19607741037388e-08,1.40479222985019,0.000679473869080305,0.979204121974531,0.999999999992432
"4833420G17Rik",1.19477159430699e-08,1.40441229918217,0.000677991049405327,0.979226820715878,0.999999999992432
"Serinc3",1.19371830274792e-08,1.40410555367176,0.000676796164167876,0.979245129886115,0.999999999992432
"Magee1",1.19089472960687e-08,1.40328198654982,0.00067359821807777,0.979294211584016,0.999999999992432
"Fam13a",1.1904818700744e-08,1.40316141012536,0.000673131252808115,0.979301388258533,0.999999999992432
"Zfp101",1.18753255425142e-08,1.40229889949888,0.000669800135335223,0.979352655816019,0.999999999992432
"5031439G07Rik",1.1805867309649e-08,1.40025956660342,0.000661987789008808,0.979473394457994,0.999999999992432
"Upf3b",1.17908681624949e-08,1.39981768710555,0.000660306769812013,0.979499467406847,0.999999999992432
"Rnpep",1.17836335865203e-08,1.39960436334209,0.00065949672361488,0.979512043244985,0.999999999992432
"Tecr",1.17511909368062e-08,1.39864620417656,0.000655870275525989,0.979568438252196,0.999999999992432
"Ccdc174",1.16621576461168e-08,1.39600373214397,0.000645969478905788,0.979723205205837,0.999999999992432
"Atp6ap1",1.16539751143308e-08,1.3957599171986,0.000645063332434327,0.979737428974556,0.999999999992432
"Lingo2",1.16398809889188e-08,1.39533957292004,0.00064350401798597,0.979761928934835,0.999999999992432
"Rev1",1.16360876332695e-08,1.39522635701232,0.000643084659429732,0.97976852296646,0.999999999992432
"Kcnq2",1.16295068853329e-08,1.39502986582712,0.000642357476636186,0.979779962355872,0.999999999992432
"Prr11",1.16206645274145e-08,1.39476568001145,0.000641381030182731,0.979795333134331,0.999999999992432
"Sgip1",1.15545981400874e-08,1.39278572927496,0.00063410893746559,0.979910177377055,0.999999999992432
"Gabra2",1.15532279045387e-08,1.39274455080552,0.000633958551086402,0.979912559283529,0.999999999992432
"Kdm5b",1.1546385697246e-08,1.39253885858982,0.000633207870601408,0.979924453225072,0.999999999992432
"Chpt1",1.15257744573702e-08,1.39191853763706,0.000630949232976323,0.97996028216977,0.999999999992432
"Ssh2",1.14532848577149e-08,1.38972847072123,0.000623037672895103,0.9800862926612,0.999999999992432
"Capzb",1.14499538269844e-08,1.38962751696116,0.000622675321680442,0.980092083087533,0.999999999992432
"Eno2",1.14371980484311e-08,1.38924066861495,0.000621288716221335,0.98011425683323,0.999999999992432
"Usp36",1.14294745242504e-08,1.38900623570535,0.000620449888707921,0.980127682870349,0.999999999992432
"Scn4b",1.14042916743361e-08,1.38824081146312,0.000617718794946891,0.980171459023778,0.999999999992432
"Bcar1",1.13286409311884e-08,1.38593173804839,0.000609550661091439,0.980302965488724,0.999999999992432
"Usp53",1.13254344413865e-08,1.38583354369494,0.000609205652120927,0.98030853945955,0.999999999992432
"Clock",1.13234792090846e-08,1.38577365442408,0.000608995322750147,0.98031193831936,0.999999999992432
"B3galnt2",1.13225415307601e-08,1.3857449296093,0.000608894467163305,0.980313568323845,0.999999999992432
"Map1lc3a",1.13167739152034e-08,1.38556819490151,0.0006082742928443,0.980323594407067,0.999999999992432
"Adat1",1.13120445719667e-08,1.38542321169367,0.000607765996605105,0.980331815621152,0.999999999992432
"Scn1b",1.13051914136277e-08,1.38521301839619,0.000607029815818638,0.980343728755086,0.999999999992432
"Tfdp2",1.12861147270385e-08,1.38462727907503,0.000604982907133741,0.980376890586354,0.999999999992432
"D930016D06Rik",1.1218209375804e-08,1.38253462195842,0.000597724786922751,0.980494933676885,0.999999999992432
"Pgk1",1.12057750407193e-08,1.38215012676455,0.000596400477306115,0.980516548917247,0.999999999992432
"Celsr3",1.11985581030272e-08,1.38192677829477,0.000595632516314459,0.980529094495552,0.999999999992432
"Iws1",1.11967403783756e-08,1.38187050212784,0.000595439168558824,0.980532254341654,0.999999999992432
"Eif4g2",1.11899580209087e-08,1.38166044590236,0.000594718019722327,0.980544044472071,0.999999999992432
"Nlrx1",1.11445759105381e-08,1.38025179766457,0.000589903912432177,0.980622934702101,0.999999999992432
"Lrrc45",1.11271771086719e-08,1.37971029818212,0.000588063445887253,0.980653180051046,0.999999999992432
"Sox2ot",1.11262236391878e-08,1.3796806002976,0.000587962669828387,0.980654837523295,0.999999999992432
"Flot1",1.11240706010567e-08,1.37961353033959,0.000587735138258658,0.98065858027679,0.999999999992432
"Htr3a",1.11153788410567e-08,1.37934264519548,0.000586817046813336,0.980673689681483,0.999999999992432
"Atp6v1f",1.11078089986564e-08,1.37910656145903,0.000586018045711795,0.980686848795563,0.999999999992432
"Paxip1",1.10959125345371e-08,1.37873523261039,0.000584763467172748,0.980707529148017,0.999999999992432
"Uvssa",1.10944881931512e-08,1.378690748754,0.000584613348947436,0.980710005168784,0.999999999992432
"Tial1",1.10727081340609e-08,1.3780098553064,0.000582320243613823,0.980747866816353,0.999999999992432
"Fam175b",1.1042843220619e-08,1.37707413991598,0.00057918325303406,0.980799782945595,0.999999999992432
"Actr1a",1.10409235344314e-08,1.37701391088634,0.000578981900279742,0.980803120064236,0.999999999992432
"Entpd6",1.10143774482595e-08,1.37618002150093,0.000576201113617119,0.980849266932226,0.999999999992432
"Hsph1",1.09864246485455e-08,1.37529987700435,0.000573280204728686,0.980897859255355,0.999999999992432
"Cplx1",1.09820544931853e-08,1.37516208250074,0.000572824219208609,0.980905456211037,0.999999999992432
"Medag",1.09770999321072e-08,1.37500579819878,0.00057230747575606,0.980914069083345,0.999999999992432
"Hnrnpr",1.09604496798472e-08,1.37448009918841,0.000570572621017141,0.980943013438878,0.999999999992432
"Bfar",1.09465108983525e-08,1.37403942583709,0.000569122310087218,0.980967244265068,0.999999999992432
"Dmxl1",1.08617825763996e-08,1.37134922392728,0.00056034615132268,0.981114534219925,0.999999999992432
"Asxl2",1.08287165407456e-08,1.37029393567991,0.000556939671205471,0.98117201570437,0.999999999992432
"S100b",1.08285305786901e-08,1.37028799212959,0.000556920542667688,0.981172338978204,0.999999999992432
"Rpia",1.08232991635195e-08,1.37012075064588,0.000556382560384235,0.981181433198394,0.999999999992432
"Wdfy1",1.08202499795648e-08,1.37002323680669,0.000556069111818147,0.981186733858977,0.999999999992432
"Frmd4a",1.07961840277886e-08,1.36925268292301,0.000553598290859343,0.981228569816622,0.999999999992432
"5330434G04Rik",1.07754645022175e-08,1.36858796808895,0.000551475450549955,0.981264588429046,0.999999999992432
"Atp9a",1.07731962208756e-08,1.36851512434844,0.000551243299107258,0.981268531588571,0.999999999992432
"Nsd3",1.07636320291732e-08,1.36820781893173,0.000550264971745005,0.981285157896925,0.999999999992432
"Ankrd44",1.07372703446912e-08,1.36735945139018,0.000547572916127638,0.981330984863892,0.999999999992432
"Trpc1",1.07290353527977e-08,1.36709402857318,0.000546733311799184,0.98134530052854,0.999999999992432
"Nrn1",1.07214183567493e-08,1.36684835209638,0.000545957289151578,0.981358541877955,0.999999999992432
"Helz",1.06482043866939e-08,1.36447843625924,0.000538526327918417,0.981485816953919,0.999999999992432
"Syn1",1.06023467916167e-08,1.36298614191264,0.000533897877059108,0.981565535981331,0.999999999992432
"Pafah1b2",1.05775939724801e-08,1.36217808758901,0.000531407852716571,0.981608566458059,0.999999999992432
"Cntn1",1.05617802134565e-08,1.36166090744734,0.000529820105259381,0.981636057237169,0.999999999992432
"Snrpa1",1.05482110870057e-08,1.36121655003164,0.000528459619102593,0.981659645944469,0.999999999992432
"Arcn1",1.05193753191275e-08,1.36027043961817,0.000525574255907256,0.981709774389575,0.999999999992432
"Nptn",1.05059585143536e-08,1.35982938999894,0.000524234436748583,0.981733098348718,0.999999999992432
"Ccdc173",1.04970054079982e-08,1.35953477745154,0.000523341319425641,0.98174866256143,0.999999999992432
"Psmd9",1.04869725458593e-08,1.35920435050751,0.000522341395755571,0.981766103845843,0.999999999992432
"Dzip1",1.0479592474193e-08,1.35896110005015,0.000521606472402985,0.981778933483386,0.999999999992432
"Clmn",1.04719316290328e-08,1.35870842297698,0.000520844136298619,0.981792251227156,0.999999999992432
"Pwwp2a",1.04718568527422e-08,1.35870595577103,0.000520836698004558,0.981792381219559,0.999999999992432
"Nfkb1",1.04500910457538e-08,1.35798709157634,0.000518673824736502,0.981830219297144,0.999999999992432
"Trim39",1.04493863622361e-08,1.35796379407317,0.000518603875380019,0.981831444332564,0.999999999992432
"Rnf111",1.04353779772896e-08,1.35750035362721,0.000517214332895161,0.981855796788044,0.999999999992432
"Wdr91",1.04350394244698e-08,1.35748914594656,0.000517180773683268,0.98185638533522,0.999999999992432
"Fam60a",1.03901273206674e-08,1.3559992744787,0.000512738492244766,0.981934461546453,0.999999999992432
"Fxyd7",1.03779330294635e-08,1.35559369660712,0.000511535655512435,0.981955660406408,0.999999999992432
"Sf3b1",1.03631319370075e-08,1.35510080877583,0.000510077583390535,0.981981391011792,0.999999999992432
"Pet100",1.03401950209411e-08,1.35433566901257,0.00050782215340892,0.98202126518228,0.999999999992432
"Map4",1.03168454498801e-08,1.35355510585251,0.000505531279477304,0.982061856769781,0.999999999992432
"Tada1",1.02745529211753e-08,1.35213700777631,0.000501395059035859,0.982135379475372,0.999999999992432
"Tnrc6c",1.02739189946844e-08,1.35211570962544,0.000501333190104448,0.98213648151493,0.999999999992432
"Myo1c",1.02650322825531e-08,1.35181700955249,0.000500466281008047,0.982151930483737,0.999999999992432
"Tmem108",1.02559557970255e-08,1.35151167713604,0.000499581633678822,0.982167709368111,0.999999999992432
"Srsf5",1.01694280161052e-08,1.34858793087344,0.000491187420869668,0.982318132680892,0.999999999992432
"Eci1",1.01610137689837e-08,1.34830235656646,0.000490374934166919,0.982332760374132,0.999999999992432
"Pirt",1.01537922159269e-08,1.34805708235817,0.000489678151291811,0.982345314640862,0.999999999992432
"Enah",1.01058109114508e-08,1.34642321550826,0.000485061180068499,0.982428727570247,0.999999999992432
"Azin2",1.01045640895216e-08,1.34638066037336,0.000484941496925121,0.982430895105993,0.999999999992432
"Ireb2",1.01036397175069e-08,1.34634910751911,0.000484852775464066,0.982432502079244,0.999999999992432
"Prr14",1.00842410326511e-08,1.3456863122721,0.000482992757230893,0.982466225712546,0.999999999992432
"Dnmt3a",1.00802076454054e-08,1.34554835136727,0.000482606469907744,0.982473237556381,0.999999999992432
"Nat8l",1.00586356949823e-08,1.34480959729963,0.000480543095117409,0.982510739346073,0.999999999992432
"Wdr31",1.00385736192462e-08,1.34412119850469,0.000478628108230537,0.98254561632653,0.999999999992432
"Dpysl2",1.00045684727097e-08,1.34295137448824,0.000475390944699617,0.982604732759683,0.999999999992432
"Kansl3",1.00024679171727e-08,1.34287898866493,0.000475191339838584,0.982608384485091,0.999999999992432
"Paox",9.9933292937284e-09,1.34256390057799,0.000474323431842793,0.982624271592929,0.999999999992432
"Hk1",9.98396383379008e-09,1.34224070733673,0.000473434803961009,0.982640553053506,0.999999999992432
"Setdb1",9.97720111208434e-09,1.34200715303823,0.000472793651102996,0.982652309766969,0.999999999992432
"Cd151",9.89537675882606e-09,1.33916932429491,0.000465070563308063,0.982794558336638,0.999999999992432
"Chfr",9.8527947320888e-09,1.33768366544062,0.000461076569370438,0.982868585809967,0.999999999992432
"Snrnp48",9.83678345059517e-09,1.33712346400846,0.000459579242259184,0.982896420942088,0.999999999992432
"Zfp941",9.81589361679791e-09,1.33639126845324,0.000457629348785631,0.982932737322205,0.999999999992432
"Trmt1l",9.79186903655296e-09,1.33554736666957,0.000455391977640348,0.982974503413317,0.999999999992432
"Mga",9.78932012711231e-09,1.33545771677088,0.000455154923441688,0.982978934627045,0.999999999992432
"Ids",9.69626858109925e-09,1.33216964571404,0.000446543175544136,0.983140702713039,0.999999999992432
"Stxbp4",9.65909764983109e-09,1.33084778752612,0.000443126065081298,0.983205323761575,0.999999999992432
"Atp5d",9.65073508341176e-09,1.3305497354025,0.000442359105857074,0.983219861960027,0.999999999992432
"Slc9a5",9.6409111938192e-09,1.33019928637198,0.000441458972312889,0.983236940654394,0.999999999992432
"Snhg3",9.62272085770096e-09,1.32954948334919,0.000439794666686392,0.983268564319061,0.999999999992432
"mt-Nd4",9.59808285914525e-09,1.32866749107649,0.000437545450748565,0.983311397203605,0.999999999992432
"Vamp2",9.59160375478407e-09,1.32843519462901,0.000436954927444846,0.983322661061966,0.999999999992432
"Pkd1",9.58680088804596e-09,1.32826290039464,0.000436517438384882,0.983331010800069,0.999999999992432
"Nacc2",9.53303692224863e-09,1.32632859809071,0.000431635079685963,0.983424479067224,0.999999999992432
"Palld",9.48146236426388e-09,1.32446330226389,0.000426977346666822,0.98351414127851,0.999999999992432
"Clk3",9.4563447847933e-09,1.32355138257119,0.000424718110364928,0.983557808189059,0.999999999992432
"Tmem80",9.45551923719424e-09,1.32352137117169,0.000424643957038389,0.983559243404352,0.999999999992432
"Bbs5",9.44246581065527e-09,1.32304650459802,0.000423472316975248,0.983581936805984,0.999999999992432
"Fam214a",9.42900681448249e-09,1.32255623051249,0.000422265968876318,0.983605335304944,0.999999999992432
"Atp5a1",9.42131681133094e-09,1.32227580640396,0.000421577475904141,0.983618704401247,0.999999999992432
"Ppp1r2",9.37468332848887e-09,1.32057059540578,0.000417414369847693,0.983699776966169,0.999999999992432
"Rnf14",9.35474938986729e-09,1.31983922663141,0.000415641111865999,0.983734432278872,0.999999999992432
"Tpcn1",9.34394201728148e-09,1.31944208902158,0.00041468130131108,0.983753220995916,0.999999999992432
"Sorbs2",9.33713580310293e-09,1.31919175765053,0.000414077405907491,0.983765053666744,0.999999999992432
"Lhfp",9.30839072203631e-09,1.31813260299925,0.000411531792951598,0.98381502731453,0.999999999992432
"Hltf",9.29423036368278e-09,1.31760970102788,0.000410280662578821,0.98383964528067,0.999999999992432
"Top3b",9.28940001631564e-09,1.31743115684307,0.000409854315682731,0.983848042905562,0.999999999992432
"Ccdc92",9.25180983582989e-09,1.31603868919196,0.000406544020947007,0.983913394008994,0.999999999992432
"Anxa6",9.24012968403799e-09,1.31560492224086,0.000405518167943719,0.983933700153446,0.999999999992432
"Pde7a",9.21987880569899e-09,1.31485162747909,0.000403742630055781,0.98396890667783,0.999999999992432
"Gla",9.21872430781864e-09,1.31480863497683,0.000403641524425861,0.983970913794566,0.999999999992432
"Pcf11",9.20730241561255e-09,1.31438301776736,0.000402641929743768,0.983990770978981,0.999999999992432
"March7",9.17789942647546e-09,1.31328505407446,0.000400074408363759,0.984041888699929,0.999999999992432
"Serinc1",9.14898901363092e-09,1.31220222129665,0.000397557906752477,0.984092150130415,0.999999999992432
"Gpn1",9.11405215230718e-09,1.3108893234878,0.000394527428531997,0.9841528887671,0.999999999992432
"Alkbh1",9.09857844298719e-09,1.31030630622267,0.000393188919530315,0.984179790240189,0.999999999992432
"Sirt7",9.08750464217700e-09,1.30988848986099,0.00039223240832654,0.984199042361271,0.999999999992432
"Bnip3",9.04729899342872e-09,1.30836744733823,0.000388769395384106,0.984268941114807,0.999999999992432
"Zfp65",9.04100188786545e-09,1.3081286365807,0.000388228400783892,0.984279888836925,0.999999999992432
"Pou2f1",9.03796190741249e-09,1.30801329212967,0.000387967365923879,0.984285173942532,0.999999999992432
"Zdhhc20",9.01872339685322e-09,1.30728247921486,0.000386317442993791,0.984318620739371,0.999999999992432
"B230354K17Rik",9.01209464488975e-09,1.30703032987266,0.000385749765884163,0.984330145053711,0.999999999992432
"Gcnt2",8.9842507633199e-09,1.30596925589215,0.00038336981342942,0.984378552639628,0.999999999992432
"Pstk",8.97930255899601e-09,1.30578036299393,0.000382947636929528,0.984387155276192,0.999999999992432
"Pds5a",8.97726744087074e-09,1.30570264563521,0.000382774069917063,0.984390693404988,0.999999999992432
"Mdh1",8.97223085886672e-09,1.3055102359917,0.000382344689328704,0.984399449692047,0.999999999992432
"Ccdc141",8.9713406916392e-09,1.30547621877617,0.000382268825514296,0.984400997281415,0.999999999992432
"Golim4",8.95819112943825e-09,1.30497334214609,0.000381149041080133,0.984423858299108,0.999999999992432
"Zfp952",8.90858811893647e-09,1.30307004926121,0.000376939754545091,0.984510095148302,0.999999999992432
"Il15ra",8.88885931105699e-09,1.30231024521115,0.000375272074448674,0.984544394532774,0.999999999992432
"Tnik",8.86962782171109e-09,1.30156805061118,0.000373649991471371,0.984577829334998,0.999999999992432
"Rufy3",8.81919090760058e-09,1.29961426906629,0.00036941257137718,0.984665516288902,0.999999999992432
"Aebp2",8.78385353338887e-09,1.29823906670411,0.000366458124101539,0.98472695209099,0.999999999992432
"Baz2b",8.75102276320957e-09,1.29695669456042,0.000363723875740274,0.984784030117088,0.999999999992432
"Eif4h",8.74430985539053e-09,1.2966939252349,0.000363166064745415,0.984795700871103,0.999999999992432
"Usp16",8.73615541085045e-09,1.29637447065991,0.000362489044658471,0.984809877819201,0.999999999992432
"Taf6",8.72665320444918e-09,1.29600185927035,0.000361700923953541,0.984826397931104,0.999999999992432
"Cs",8.72473784867061e-09,1.29592670547603,0.000361542166658835,0.984829727883954,0.999999999992432
"Atp11b",8.69794120985048e-09,1.29487362535162,0.000359324739092009,0.98487631536281,0.999999999992432
"Ghr",8.69478002959842e-09,1.2947491910732,0.000359063600547178,0.984881811257663,0.999999999992432
"Mrpl27",8.65511040342058e-09,1.29318400208325,0.000355794644904444,0.984950779259956,0.999999999992432
"Fndc3a",8.65446848573139e-09,1.29315861884705,0.000355741870902455,0.984951895272928,0.999999999992432
"Ints10",8.60565944493966e-09,1.29122331438681,0.000351740595297358,0.985036752847094,0.999999999992432
"Rbm28",8.60062972222539e-09,1.2910232909465,0.000351329554013187,0.985045497344666,0.999999999992432
"Nebl",8.5953654361161e-09,1.29081382027243,0.000350899601014729,0.985054649647763,0.999999999992432
"mt-Co1",8.57928306467384e-09,1.29017313255861,0.000349587727002155,0.985082609906575,0.999999999992432
"Rph3a",8.5656928014326e-09,1.28963083514164,0.000348481054981046,0.985106237485918,0.999999999992432
"Lnx1",8.54896319835636e-09,1.28896214398787,0.000347121151784757,0.985135323034948,0.999999999992432
"Cux1",8.52179015294556e-09,1.28787336902925,0.000344917996111722,0.985182565258516,0.999999999992432
"Nav1",8.50734002745068e-09,1.28729303459192,0.000343749255144442,0.985207687824803,0.999999999992432
"Cpe",8.50336756327306e-09,1.28713333155217,0.000343428305756427,0.98521459423761,0.999999999992432
"Elavl2",8.49654712033357e-09,1.2868589672344,0.000342877607749318,0.985226452067568,0.999999999992432
"Dync1i1",8.46507155488804e-09,1.28559009043988,0.000340341924397846,0.985281174641208,0.999999999992432
"Atp6v1g1",8.46192564998456e-09,1.28546302307979,0.000340089006422861,0.985286644030884,0.999999999992432
"Slc35a3",8.41978693427527e-09,1.28375664315106,0.000336710288152197,0.985359905389107,0.999999999992432
"Nlgn1",8.40411938866673e-09,1.2831201264689,0.000335458352543511,0.98538714463881,0.999999999992432
"Hint1",8.37915931922585e-09,1.28210375545035,0.000333468702118543,0.985430539700947,0.999999999992432
"Gabbr1",8.36799532411478e-09,1.28164822771504,0.000332580698263127,0.985449949206642,0.999999999992432
"Scg3",8.36775621634069e-09,1.28163846501761,0.000332561692159218,0.985450364914882,0.999999999992432
"Alkbh8",8.35957504527962e-09,1.28130427054581,0.000331911717665868,0.985464588546054,0.999999999992432
"Mtmr6",8.35117251972051e-09,1.28096071034298,0.000331244818914891,0.98547919702483,0.999999999992432
"Nepro",8.34865113203659e-09,1.28085755246869,0.00033104483010531,0.985483580664748,0.999999999992432
"Med13l",8.33957043796351e-09,1.28048578741793,0.000330325077434708,0.985499368202074,0.999999999992432
"Chmp4b",8.32782723117864e-09,1.28000444806465,0.000329395450520176,0.985519784746271,0.999999999992432
"Terf1",8.32553351162489e-09,1.2799103561061,0.000329214025830125,0.985523772570084,0.999999999992432
"Zmiz1",8.30024789191572e-09,1.27887146531249,0.000327217339470199,0.985567733764536,0.999999999992432
"Ociad1",8.28832341179938e-09,1.27838048973681,0.000326277826844605,0.985588465499802,0.999999999992432
"Celf2",8.28211155119782e-09,1.27812445824722,0.000325788938376888,0.985599265358096,0.999999999992432
"Unc80",8.27009176068373e-09,1.27762852548469,0.000324843992588047,0.985620162813647,0.999999999992432
"Gm10125",8.26370299117105e-09,1.27736464811085,0.000324342292767659,0.985631270251421,0.999999999992432
"Ypel3",8.2542743387449e-09,1.27697485922249,0.00032360258415525,0.985647662798126,0.999999999992432
"Prcp",8.22312104054093e-09,1.27568393981389,0.00032116451074435,0.985701825607255,0.999999999992432
"2410018L13Rik",8.20312071751908e-09,1.2748527224733,0.000319604134235659,0.985736598001301,0.999999999992432
"Man2b1",8.19432775375035e-09,1.27448667576234,0.00031891933109796,0.985751885383022,0.999999999992432
"Atp5g1",8.18730804841816e-09,1.27419418097528,0.000318373157966507,0.985764089794506,0.999999999992432
"Pvr",8.18561587602541e-09,1.27412363645404,0.00031824156731643,0.985767031794306,0.999999999992432
"Map2k5",8.15282933532876e-09,1.27275406556496,0.000315697313082284,0.985824034296624,0.999999999992432
"Wdr7",8.11719684922555e-09,1.27125966712174,0.000312943791027328,0.985885984826287,0.999999999992432
"Flt3",8.11391903016567e-09,1.27112188513319,0.000312691101328567,0.985891683636603,0.999999999992432
"Kmt2e",8.10859143276625e-09,1.27089782857127,0.000312280610324204,0.985900946189387,0.999999999992432
"Mfap3",8.1021871572858e-09,1.27062830624633,0.000311787518204331,0.985912080655569,0.999999999992432
"Trpm7",8.09990132128124e-09,1.27053205840242,0.000311611616417268,0.985916054808152,0.999999999992432
"Ttc38",8.09196207773803e-09,1.27019756655238,0.000311001053900462,0.985929857973113,0.999999999992432
"Srek1",8.08636926090108e-09,1.26996174585001,0.000310571301307888,0.985939581644273,0.999999999992432
"Nom1",8.07434283753755e-09,1.26945412736883,0.000309648196177515,0.985960490790591,0.999999999992432
"Cdk4",8.07319882940588e-09,1.26940580298414,0.000309560457777902,0.985962479764265,0.999999999992432
"Jakmip2",8.06896230648091e-09,1.26922679010299,0.000309235650746551,0.985969845387988,0.999999999992432
"6820431F20Rik",8.06752322702402e-09,1.26916596195856,0.000309125357756748,0.985972347373491,0.999999999992432
"Kif1b",8.06476644512015e-09,1.2690494073378,0.000308914129213444,0.985977140318647,0.999999999992432
"Ccnl2",8.06217654214779e-09,1.26893987374437,0.000308715752939947,0.985981643128304,0.999999999992432
"Snapc3",8.03801846058885e-09,1.26791655385364,0.000306868408990911,0.986023644430956,0.999999999992432
"Gpatch2",7.98316710065393e-09,1.26558219727488,0.000302694564796873,0.986119009289878,0.999999999992432
"Bicc1",7.97644859362765e-09,1.26529522525732,0.000302185293278786,0.986130690134708,0.999999999992432
"Trappc3l",7.96176413673326e-09,1.26466719814238,0.000301073685208801,0.986156220647848,0.999999999992432
"Ankrd16",7.9534567884974e-09,1.26431142069608,0.000300445729127322,0.986170663875611,0.999999999992432
"Rft1",7.94504863785467e-09,1.26395096656006,0.000299810820882833,0.98618528236393,0.999999999992432
"Susd2",7.93433511335864e-09,1.26349115655608,0.000299002804447965,0.98620390900323,0.999999999992432
"Eif5a",7.9337507256188e-09,1.26346605846352,0.000298958761151136,0.986204925025731,0.999999999992432
"Psma1",7.93209342628106e-09,1.26339487176285,0.000298833873837511,0.986207806423433,0.999999999992432
"Cacnb4",7.9302387331291e-09,1.26331518956418,0.000298694142668849,0.986211031012266,0.999999999992432
"Rabggta",7.92117988873332e-09,1.26292574465907,0.000298012125797102,0.986226780816729,0.999999999992432
"Syt2",7.91480796158496e-09,1.26265155832053,0.000297532866943306,0.986237859121134,0.999999999992432
"Osbpl2",7.90718459426464e-09,1.26232324641527,0.000296959988863505,0.986251113197023,0.999999999992432
"Sel1l3",7.90422751079739e-09,1.26219581417464,0.000296737919614203,0.986256254418064,0.999999999992432
"Bptf",7.7684886153948e-09,1.25629699641141,0.000286633700365625,0.986492252312462,0.999999999992432
"Uba1",7.74678992847438e-09,1.25534496875756,0.000285034704968581,0.986529978119464,0.999999999992432
"Mrpl23",7.71113218257556e-09,1.25377497326485,0.000282416768014263,0.986591973514091,0.999999999992432
"Rbm6",7.70217181780105e-09,1.25337936798351,0.00028176081064214,0.986607552227512,0.999999999992432
"Smc5",7.66731544008496e-09,1.25183626904324,0.000279216349543748,0.986668154442679,0.999999999992432
"Mrfap1",7.66480174298051e-09,1.25172472969237,0.000279033299744102,0.986672524825564,0.999999999992432
"Mtcl1",7.66348417934412e-09,1.25166625204795,0.000278937377489939,0.98667481557808,0.999999999992432
"Selenot",7.65727040048972e-09,1.25139033607775,0.000278485219581027,0.986685619027041,0.999999999992432
"Tcf25",7.64908161648571e-09,1.25102639716519,0.000277889906677591,0.986699856278683,0.999999999992432
"E130311K13Rik",7.63431662940788e-09,1.25036925190253,0.000276818122888058,0.986725527113822,0.999999999992432
"Rc3h2",7.62291040258733e-09,1.24986076785628,0.000275991567815708,0.986745358320288,0.999999999992432
"Ncoa7",7.61839644108429e-09,1.24965933800831,0.000275664803787997,0.986753206430778,0.999999999992432
"Cyb5r3",7.61585890779365e-09,1.24954605399364,0.000275481197664054,0.986757618263746,0.999999999992432
"Ptprd",7.61322000876839e-09,1.24942820663242,0.00027529032198593,0.98676220633471,0.999999999992432
"Galnt14",7.61202194822011e-09,1.24937469110491,0.000275203686233133,0.986764289319751,0.999999999992432
"Cenpw",7.60748950800764e-09,1.24917216153194,0.000274876053730667,0.986772169560992,0.999999999992432
"Ncapd2",7.59414228186694e-09,1.24857508166764,0.000273912368039121,0.986795375470152,0.999999999992432
"Map2k1",7.53162006470135e-09,1.24576484985644,0.00026942071888115,0.986904078721122,0.999999999992432
"Tacc1",7.52454951553240e-09,1.24544565109584,0.000268915101694908,0.98691637183347,0.999999999992432
"Psma3",7.48288170628438e-09,1.24355875763379,0.000265945069123521,0.986988817055695,0.999999999992432
"Smg5",7.45679383943939e-09,1.24237230202286,0.000264093951915869,0.98703417445802,0.999999999992432
"Endov",7.44956381554193e-09,1.24204278839593,0.000263582075107828,0.987046744872395,0.999999999992432
"Bag3",7.4494624841509e-09,1.24203816798527,0.000263574904498292,0.987046921051306,0.999999999992432
"Gpr157",7.44740771591474e-09,1.24194446377049,0.000263429522022538,0.987050493555751,0.999999999992432
"Smarcad1",7.44429168824682e-09,1.24180231574973,0.000263209128031473,0.987055911209925,0.999999999992432
"Zfp263",7.44331636608473e-09,1.24175781155357,0.00026314016327572,0.98705760694537,0.999999999992432
"Ftsj1",7.43726153072275e-09,1.24148140388299,0.000262712229742578,0.987068134133834,0.999999999992432
"Vgll4",7.43014985275979e-09,1.24115647745149,0.000262210047185219,0.987080498795653,0.999999999992432
"Prkcb",7.42612895688026e-09,1.24097263542431,0.00026192632907946,0.98708748969538,0.999999999992432
"Sema4b",7.40433135563669e-09,1.23997436418691,0.000260390943286901,0.987125387944544,0.999999999992432
"Cklf",7.39659365769024e-09,1.23961932702378,0.000259846998506411,0.987138841046738,0.999999999992432
"Aspscr1",7.38098327587058e-09,1.2389019838091,0.000258751350790107,0.987165981954727,0.999999999992432
"Basp1",7.36524885385242e-09,1.23817748066434,0.000257649339500811,0.987193338539583,0.999999999992432
"Sos2",7.36356149493256e-09,1.23809969769793,0.000257531299467094,0.987196272259772,0.999999999992432
"Sec61a2",7.35963376790814e-09,1.23791857384633,0.000257256638116172,0.987203101188145,0.999999999992432
"Antxr1",7.35201215721674e-09,1.23756684751159,0.000256724085885134,0.987216352476658,0.999999999992432
"Rbm26",7.31448983089408e-09,1.23583018016596,0.000254110297133676,0.987281590598003,0.999999999992432
"Rpl23",7.30698208866044e-09,1.23548167918493,0.00025358891681758,0.987294643929993,0.999999999992432
"Hadhb",7.22001719480109e-09,1.23141988725776,0.000247588601552334,0.987445845642817,0.999999999992432
"Itm2c",7.21880281465352e-09,1.23136283991433,0.000247505321585301,0.98744795703086,0.999999999992432
"Ankrd46",7.17201875434386e-09,1.22915811794737,0.000244307621840149,0.987529298435232,0.999999999992432
"Grina",7.16874211233602e-09,1.22900319307317,0.000244084441789479,0.987534995394591,0.999999999992432
"Ubc",7.16063073887822e-09,1.22861938479847,0.00024353239515876,0.987549098300488,0.999999999992432
"Shprh",7.16032410563597e-09,1.22860486764182,0.000243511538468401,0.987549631430962,0.999999999992432
"Actr3",7.15951316474814e-09,1.22856647184163,0.000243456383903361,0.987551041380207,0.999999999992432
"Kif5c",7.15450008040154e-09,1.22832902446359,0.00024311556740534,0.987559757422642,0.999999999992432
"Ccnt1",7.14511894093095e-09,1.22788425692868,0.000242478428327349,0.987576068025865,0.999999999992432
"Col4a2",7.10711381664172e-09,1.22607670846806,0.000239905786972471,0.98764214603296,0.999999999992432
"Kctd18",7.10372263516847e-09,1.22591497573851,0.000239676898007476,0.987648042150246,0.999999999992432
"Pitpna",7.10081301409038e-09,1.22577615118734,0.000239480599201301,0.987653100997462,0.999999999992432
"Hibch",7.09140198922102e-09,1.22532675972674,0.000238846231174057,0.987669463590933,0.999999999992432
"Kat2b",7.08459202742006e-09,1.22500121973728,0.000238387717406889,0.987681303817527,0.999999999992432
"Pnpt1",7.07821344689608e-09,1.2246960315587,0.000237958648033809,0.987692394020046,0.999999999992432
"Sept5",7.07642572616692e-09,1.22461044978835,0.00023783846237126,0.987695502264518,0.999999999992432
"Frmd4b",7.07094755985588e-09,1.22434807104341,0.000237470362887234,0.98770502695255,0.999999999992432
"Krr1",7.06774195706527e-09,1.22419444797301,0.00023725509807328,0.987710600418059,0.999999999992432
"Abca8b",7.06539898361592e-09,1.22408212307494,0.000237097822875428,0.987714674061544,0.999999999992432
"Atp5b",7.06383934580352e-09,1.22400733258885,0.000236993159029346,0.98771738574777,0.999999999992432
"Etv3",7.04657114493454e-09,1.22317820759017,0.000235835872433175,0.98774740935764,0.999999999992432
"Mllt10",7.03935578930408e-09,1.22283119361778,0.000235353150140089,0.987759954446325,0.999999999992432
"Smpd4",7.03571781585018e-09,1.22265610144908,0.000235109949684891,0.987766279665792,0.999999999992432
"Ccnl1",7.03520744687721e-09,1.22263153100179,0.000235075841304033,0.987767167026854,0.999999999992432
"Tusc5",7.02749048598441e-09,1.22225981056993,0.000234560411970869,0.987780584244426,0.999999999992432
"Lrig2",7.02672216927419e-09,1.2222227800866,0.000234509125716445,0.987781920090761,0.999999999992432
"Fmnl2",7.02573653163127e-09,1.22217526977556,0.000234443341185541,0.987783633785718,0.999999999992432
"Xrn1",7.02023398075972e-09,1.22190991604029,0.000234076253342763,0.987793200886534,0.999999999992432
"Rab3a",6.99310062675471e-09,1.22059854738499,0.000232270330645863,0.987840376765578,0.999999999992432
"Atp2a2",6.96708478277890e-09,1.21933664166769,0.000230545353725373,0.987885609706251,0.999999999992432
"Tmem176b",6.96618283054136e-09,1.21929281198574,0.000230485665220292,0.987887177903319,0.999999999992432
"Luc7l",6.94405692240552e-09,1.21821592871173,0.000229023858670531,0.987925647565042,0.999999999992432
"Ablim2",6.92720731354993e-09,1.21739365805938,0.000227913763913401,0.987954943500178,0.999999999992432
"Map4k2",6.90438767225413e-09,1.21627701215617,0.000226414647842145,0.987994619386609,0.999999999992432
"Tfrc",6.90384298322978e-09,1.21625031577434,0.00022637892542478,0.987995566422887,0.999999999992432
"Il9r",6.90221054789335e-09,1.21617029461808,0.000226271882067138,0.987998404694765,0.999999999992432
"Rnf187",6.86704776096438e-09,1.21444225381011,0.000223972304732596,0.988059541333488,0.999999999992432
"Gria3",6.86547734822099e-09,1.21436488147156,0.000223869876802682,0.988062271771617,0.999999999992432
"Parva",6.86110985619623e-09,1.21414961198616,0.000223585136542735,0.98806986542364,0.999999999992432
"Prkacb",6.85424366386507e-09,1.21381092063428,0.000223137858937749,0.98808180350722,0.999999999992432
"Gria4",6.78867859419107e-09,1.21056043508307,0.000218889373690291,0.988195800052054,0.999999999992432
"Rac1",6.78063288170488e-09,1.21015950451634,0.000218370840567226,0.988209788972072,0.999999999992432
"Usp5",6.77437430205275e-09,1.20984731698195,0.000217967910460378,0.988220670642341,0.999999999992432
"Fam126a",6.76604706269475e-09,1.2094315164746,0.00021743237601384,0.988235149054255,0.999999999992432
"2900055J20Rik",6.76201216107579e-09,1.2092298685728,0.000217173123707293,0.988242164461975,0.999999999992432
"Abcd3",6.76133177982572e-09,1.20919585463547,0.000217129422783907,0.988243347428175,0.999999999992432
"Lrp8",6.76054347157859e-09,1.20915644109503,0.000217078795202794,0.988244718045066,0.999999999992432
"Cox8a",6.74711026722042e-09,1.20848414085734,0.000216216980847287,0.988268074113026,0.999999999992432
"Slc26a2",6.74162896957939e-09,1.20820944948453,0.0002158658177042,0.988277604348375,0.999999999992432
"Kifap3",6.73994633573703e-09,1.20812508291246,0.000215758075850195,0.988280529914438,0.999999999992432
"Sike1",6.72391399536952e-09,1.20732022288383,0.000214732847268108,0.988308405072426,0.999999999992432
"Eif2s3y",6.71005858994585e-09,1.20662318005926,0.000213848795129655,0.988332495242086,0.999999999992432
"Lrp6",6.70438609804491e-09,1.20633741170904,0.000213487384629022,0.98834235791522,0.999999999992432
"Pcbp1",6.69654693127183e-09,1.20594211251752,0.000212988432220017,0.988355987755069,0.999999999992432
"Gabpb2",6.6837465308927e-09,1.20529569138194,0.000212174958783723,0.988378243623514,0.999999999992432
"Churc1",6.68013669073285e-09,1.2051131816006,0.000211945832544281,0.988384520001304,0.999999999992432
"Taf1",6.66430541526635e-09,1.20431166067853,0.000210942440829359,0.988412045623478,0.999999999992432
"Gcn1l1",6.6393705920776e-09,1.20304556131544,0.000209366891026122,0.988455399487552,0.999999999992432
"Taf1b",6.63141079324893e-09,1.20264044053651,0.000208865181011797,0.988469239097041,0.999999999992432
"Cr1l",6.59826876410577e-09,1.20094866765431,0.000206782692553934,0.988526862794247,0.999999999992432
"Arl13b",6.57922944446582e-09,1.19997312944725,0.000205591070385676,0.988559966285977,0.999999999992432
"Ccdc86",6.55779896205801e-09,1.19887185933974,0.000204253910715722,0.988597227294201,0.999999999992432
"Selenok",6.53325815360923e-09,1.19760654885189,0.000202728039900971,0.988639896231958,0.999999999992432
"Cdkl3",6.52711934044321e-09,1.19728932911254,0.000202347242190235,0.988650569749998,0.999999999992432
"Cnrip1",6.52328455134652e-09,1.19709102467823,0.000202109547423723,0.988657237276085,0.999999999992432
"Eef2",6.52127645108057e-09,1.19698713770871,0.000201985133483412,0.988660728748962,0.999999999992432
"N6amt1",6.507281225147e-09,1.1962622642563,0.000201119108468005,0.988685062177273,0.999999999992432
"Tatdn3",6.48160566980557e-09,1.19492855669328,0.000199535142071251,0.988729704162403,0.999999999992432
"Jarid2",6.47160704541552e-09,1.19440782353361,0.000198920004951967,0.988747088740096,0.999999999992432
"Ppip5k1",6.4553130626958e-09,1.19355758529808,0.000197919598464838,0.988775419049535,0.999999999992432
"Setd2",6.44242042142755e-09,1.19288338687315,0.000197129812375018,0.988797835464623,0.999999999992432
"Kdm2b",6.43003281726328e-09,1.19223439004597,0.000196372451570692,0.988819373780824,0.999999999992432
"Mre11a",6.42473705890834e-09,1.19195657839931,0.000196049121088796,0.988828581513592,0.999999999992432
"Orc2",6.41487927692545e-09,1.19143886646682,0.000195447967507492,0.988845721238836,0.999999999992432
"Gm17555",6.40937649988607e-09,1.19114954231831,0.00019511279509069,0.988855288919352,0.999999999992432
"Rsrc2",6.39521446819276e-09,1.19040384673038,0.000194251512924192,0.988879912456572,0.999999999992432
"Hspd1",6.38017662887191e-09,1.18961031672327,0.000193339052940499,0.988906058772895,0.999999999992432
"3632451O06Rik",6.34393541459854e-09,1.18769058362563,0.000191148849745324,0.988969071481536,0.999999999992432
"Ikzf2",6.33811454658363e-09,1.18738127583679,0.000190798234016527,0.988979192248746,0.999999999992432
"Gde1",6.33802757370372e-09,1.18737665224846,0.000190792997709131,0.988979343468864,0.999999999992432
"Nfib",6.31687644045054e-09,1.1862504377357,0.000189521701711083,0.989016119046445,0.999999999992432
"Vat1l",6.30613890792404e-09,1.18567733484883,0.000188877944975905,0.989034788455064,0.999999999992432
"Cmas",6.297304177207e-09,1.18520509615823,0.000188349089866722,0.989050149455903,0.999999999992432
"Isl1",6.2827021279911e-09,1.1844231982344,0.000187476623187181,0.989075538137916,0.999999999992432
"Arf1",6.28129750209446e-09,1.18434789354646,0.000187392804130449,0.989077980371074,0.999999999992432
"Tspan3",6.27591903274767e-09,1.18405939551363,0.000187072024883038,0.989087331955389,0.999999999992432
"Birc6",6.23686315068398e-09,1.18195738764574,0.000184750921319287,0.989155238750426,0.999999999992432
"Grip1",6.22985602228879e-09,1.18157893788015,0.000184336018453016,0.989167422112619,0.999999999992432
"Phyhipl",6.22171612136829e-09,1.18113879988548,0.00018385462798016,0.989181575040574,0.999999999992432
"Abl1",6.18898948190051e-09,1.17936367755585,0.000181925539849254,0.989238477213514,0.999999999992432
"Osbp2",6.17370553135658e-09,1.17853160568669,0.00018102810493366,0.989265051607508,0.999999999992432
"Chic1",6.17021378624004e-09,1.17834123740061,0.000180823389874156,0.989271122749635,0.999999999992432
"Bsg",6.16011067711689e-09,1.17778984369304,0.00018023171417616,0.98928868915886,0.999999999992432
"Arhgef6",6.15733995944949e-09,1.17763847714019,0.000180069620046253,0.989293506643158,0.999999999992432
"Ehmt1",6.15570003501371e-09,1.17754885625381,0.00017997371459119,0.989296358002147,0.999999999992432
"Onecut2",6.15070144338439e-09,1.17727554622764,0.000179681546408049,0.989305049122451,0.999999999992432
"Fbxo30",6.13594337186295e-09,1.17646738029378,0.000178820320477242,0.989330709192638,0.999999999992432
"Chmp3",6.12805010242316e-09,1.17603437919098,0.00017836054794536,0.989344433337721,0.999999999992432
"Arf3",6.12615288751647e-09,1.17593022469256,0.000178250125901488,0.989347732053993,0.999999999992432
"Serpinb6a",6.12539314818209e-09,1.17588850745205,0.000178205917003289,0.989349053024324,0.999999999992432
"Sgce",6.11080207281058e-09,1.17508635724668,0.000177357932567333,0.989374422754548,0.999999999992432
"Vps9d1",6.10468199190193e-09,1.17474936159433,0.000177002855987323,0.989385063837836,0.999999999992432
"Dido1",6.10420226356198e-09,1.17472293230812,0.000176975038010897,0.989385897949311,0.999999999992432
"Kif5b",6.09847085701423e-09,1.17440702385896,0.000176642860385365,0.989395863240076,0.999999999992432
"Tcea2",6.09122856187443e-09,1.17400743338896,0.000176223561798179,0.989408455540034,0.999999999992432
"Brwd1",6.08705197434673e-09,1.17377678676113,0.000175981981371222,0.989415717443978,0.999999999992432
"Gdi2",6.07915645035193e-09,1.17334035566716,0.000175525744486547,0.98942944552856,0.999999999992432
"Ythdc2",6.05271968770866e-09,1.17187511340007,0.000174002427017129,0.989475411609287,0.999999999992432
"S100a10",6.03194165404127e-09,1.17071922981584,0.000172809831663317,0.989511538779402,0.999999999992432
"Alg2",6.01457776035376e-09,1.16975037023907,0.000171816343067746,0.989541729734617,0.999999999992432
"Ankrd17",6.00191579966354e-09,1.16904218946741,0.000171093684922569,0.989563745352715,0.999999999992432
"Slc25a37",5.97467437748063e-09,1.16751375874052,0.000169544093696091,0.989611110614914,0.999999999992432
"Lin28b",5.96288198636804e-09,1.16685007054986,0.000168875485812571,0.989631614317066,0.999999999992432
"Ubqln1",5.94186975056554e-09,1.16566438358396,0.000167687402784466,0.989668148792588,0.999999999992432
"Ldha",5.93985352825e-09,1.16555040202173,0.000167573621185159,0.989671654447555,0.999999999992432
"mt-Nd1",5.93367829771978e-09,1.16520107360328,0.000167225374269363,0.989682391472888,0.999999999992432
"Fam178a",5.93347333406334e-09,1.16518947303373,0.000167213821727932,0.989682747848274,0.999999999992432
"Csnk1g1",5.93251869845949e-09,1.16513543738175,0.000167160020044699,0.989684407696874,0.999999999992432
"Gdap1",5.92312129451522e-09,1.16460307075214,0.000166630859954936,0.989700747198558,0.999999999992432
"Zfp445",5.91276509522646e-09,1.16401545786034,0.000166048682517608,0.989718753786731,0.999999999992432
"Canx",5.90549382116698e-09,1.16360229976299,0.000165640534024645,0.989731396539757,0.999999999992432
"Aplf",5.90429557786831e-09,1.16353416849388,0.000165573322871769,0.989733479956744,0.999999999992432
"Zfp282",5.88396327005125e-09,1.16237608100788,0.000164434934311981,0.989768832283193,0.999999999992432
"Pcdhb22",5.88328322528542e-09,1.16233728135592,0.000164396927054208,0.989770014695531,0.999999999992432
"1700019D03Rik",5.86036763285152e-09,1.1610273455379,0.000163118757690876,0.989809858672743,0.999999999992432
"Zfp942",5.85885527202986e-09,1.16094072260322,0.000163034577788809,0.989812488257416,0.999999999992432
"Arhgdig",5.85134349442903e-09,1.16051015826818,0.00016261678477723,0.98982554919991,0.999999999992432
"Col4a1",5.84272044338186e-09,1.16001524951041,0.00016213784533488,0.98984054234868,0.999999999992432
"Clu",5.81547554409195e-09,1.15844699195741,0.000160629257011166,0.989887913868242,0.999999999992432
"Ntng1",5.81234930788883e-09,1.15826659491343,0.00016045660388251,0.989893349550719,0.999999999992432
"Zmym6",5.78136776068457e-09,1.15647382890318,0.000158750600125564,0.989947218139482,0.999999999992432
"Pfn2",5.77851947778418e-09,1.15630855348605,0.00015859421663469,0.989952170540685,0.999999999992432
"Ttc39a",5.77564370961771e-09,1.15614160466892,0.000158436402262441,0.989957170731797,0.999999999992432
"Slc3a2",5.76094017755128e-09,1.15528677511398,0.000157630739883327,0.989982736244667,0.999999999992432
"Xpo6",5.75338561671224e-09,1.15484676398995,0.000157217595436513,0.989995871611076,0.999999999992432
"Phc3",5.75296188577058e-09,1.15482206776827,0.000157194438460421,0.98999660836625,0.999999999992432
"Pcca",5.69582654929426e-09,1.1514761334279,0.000154087601218483,0.990095951566415,0.999999999992432
"Fbxw11",5.66579122665112e-09,1.14970441074436,0.000152466811550876,0.990148175090019,0.999999999992432
"Ahsa1",5.65142317870226e-09,1.14885371158012,0.00015169450184029,0.990173157360023,0.999999999992432
"Mettl17",5.64445220016051e-09,1.14844023544702,0.000151320505096191,0.990185278068322,0.999999999992432
"Ergic2",5.63923185298971e-09,1.14813027836287,0.000151040732942297,0.99019435488806,0.999999999992432
"Hip1",5.63515171017555e-09,1.14788783085619,0.000150822247576313,0.990201449191222,0.999999999992432
"Slitrk5",5.62102238622401e-09,1.14704695709155,0.000150066866036431,0.990226016402853,0.999999999992432
"Mccc1",5.61770040959824e-09,1.14684896588183,0.000149889541956614,0.990231792455699,0.999999999992432
"Nfe2l1",5.60796151748332e-09,1.14626788216442,0.00014937029292318,0.990248725857602,0.999999999992432
"Brip1os",5.6025940649751e-09,1.14594721621657,0.000149084501277135,0.990258058464199,0.999999999992432
"Prkdc",5.59967718977971e-09,1.1457728318926,0.000148929306137858,0.990263130153544,0.999999999992432
"Gm26782",5.57261058524059e-09,1.14415053676313,0.000147493056029511,0.990310191976658,0.999999999992432
"Ptk2",5.57022018394696e-09,1.14400690340522,0.000147366547288712,0.990314348267729,0.999999999992432
"Nin",5.54005351435618e-09,1.14218921255161,0.000145774682019806,0.990366800345005,0.999999999992432
"Tmtc3",5.53926079045799e-09,1.14214132034591,0.000145732967330141,0.990368178688478,0.999999999992432
"Ran",5.53807834587794e-09,1.14206987116749,0.000145670755864927,0.990370234656281,0.999999999992432
"Uty",5.53435773223069e-09,1.14184495862252,0.00014547509140902,0.990376703849416,0.999999999992432
"Ythdc1",5.5277389807217e-09,1.14144449724378,0.000145127340951031,0.990388212162748,0.999999999992432
"Ptms",5.52347082148763e-09,1.14118601460914,0.000144903311754949,0.990395633399332,0.999999999992432
"Nedd8",5.49317853216965e-09,1.13934602206864,0.000143318287889306,0.990448303961775,0.999999999992432
"Fam189b",5.49290777133677e-09,1.13932953228613,0.000143304159813033,0.99044877474597,0.999999999992432
"Tsen2",5.49237066336784e-09,1.13929681923733,0.000143276136024437,0.990449708640075,0.999999999992432
"Slc4a3",5.48102718804981e-09,1.13860522379593,0.00014268492647712,0.990469432060654,0.999999999992432
"Git2",5.47810871861321e-09,1.13842706898649,0.000142533016728382,0.990474506538203,0.999999999992432
"Ap2m1",5.44474334465325e-09,1.13638388340255,0.000140802059918806,0.990532520481657,0.999999999992432
"Armc9",5.42498874495304e-09,1.13516856383741,0.000139782198279219,0.990566868755983,0.999999999992432
"Scd2",5.40414152047751e-09,1.13388145737683,0.000138709948405418,0.990603116848611,0.999999999992432
"Mtus2",5.39961380396968e-09,1.13360129305653,0.0001384776168768,0.990610989414144,0.999999999992432
"Etfdh",5.38907485601555e-09,1.13294830278862,0.00013793758412045,0.990629314009842,0.999999999992432
"Actr1b",5.383595809508e-09,1.13260834317764,0.000137657245744509,0.990638840703881,0.999999999992432
"Rassf1",5.3827855680273e-09,1.13255804205179,0.000137615813504272,0.990640249511654,0.999999999992432
"Camk2g",5.37931296395854e-09,1.13234237556551,0.000137438310210308,0.990646287504014,0.999999999992432
"Kif1a",5.37148656452583e-09,1.1318558307754,0.000137038681247624,0.990659895662579,0.999999999992432
"Vav3",5.37071680834942e-09,1.13180794087479,0.000136999407645534,0.990661234076922,0.999999999992432
"Kcnn2",5.36276431119757e-09,1.13131279921771,0.000136593994056186,0.990675061491056,0.999999999992432
"Mycbp2",5.36188107683842e-09,1.13125776388691,0.00013654900435801,0.990676597216049,0.999999999992432
"Ccdc85a",5.35578757505189e-09,1.13087783607979,0.000136238818886717,0.990687192301856,0.999999999992432
"Pea15a",5.34967913238124e-09,1.13049656435336,0.000135928226868639,0.990697813367796,0.999999999992432
"Mllt3",5.34043321417675e-09,1.12991867280867,0.000135458779942667,0.990713889728233,0.999999999992432
"Mthfr",5.33414012956189e-09,1.12952479643059,0.000135139722940835,0.990724831844984,0.999999999992432
"D630045J12Rik",5.32845432297492e-09,1.12916854906093,0.000134851778196072,0.990734718057033,0.999999999992432
"Zfp26",5.32641835454127e-09,1.1290408965179,0.000134748745874002,0.990738258103167,0.999999999992432
"Pnn",5.32436892498242e-09,1.12891235315901,0.000134645072104429,0.990741821555056,0.999999999992432
"Syngr3",5.32292729959559e-09,1.12882190404535,0.000134572169013528,0.9907443281857,0.999999999992432
"Pkn2",5.32105210818117e-09,1.12870421770974,0.000134477370000748,0.990747588680766,0.999999999992432
"Tm6sf1",5.28946689394682e-09,1.12671599786017,0.000132885620810829,0.990802507596149,0.999999999992432
"Selenof",5.27573540052696e-09,1.12584811089294,0.000132196572340028,0.990826383297905,0.999999999992432
"Zfyve27",5.27529361089838e-09,1.12582015235194,0.000132174433007849,0.990827151461932,0.999999999992432
"Myl12b",5.24757112294309e-09,1.12406127785567,0.000130788888840841,0.990875354099832,0.999999999992432
"Brd8",5.23695435591439e-09,1.12338535051887,0.00013026020595743,0.99089381407436,0.999999999992432
"Ctsl",5.23110360432047e-09,1.12301229988579,0.000129969313834388,0.990903987109826,0.999999999992432
"Fam133b",5.2092478803532e-09,1.12161523925106,0.000128885550385273,0.990941988916593,0.999999999992432
"Gtf2ird1",5.20404297094803e-09,1.12128171041496,0.0001286281226378,0.990951038995557,0.999999999992432
"Atrnl1",5.15796862190186e-09,1.11831538590645,0.000126360569542262,0.991031151198907,0.999999999992432
"A730020E08Rik",5.15045781957207e-09,1.11782944640413,0.000125992836299349,0.991044210684976,0.999999999992432
"Fryl",5.14286590835845e-09,1.11733757466572,0.000125621676496637,0.991057411202402,0.999999999992432
"Rbfox3",5.13363058546864e-09,1.11673829732219,0.000125170910294715,0.991073469222889,0.999999999992432
"Pvt1",5.11594449295338e-09,1.1155877879581,0.000124309932528227,0.991104221123227,0.999999999992432
"Gmfb",5.09497080129317e-09,1.1142185076679,0.000123292762076626,0.991140689392177,0.999999999992432
"Srsf2",5.09011763288264e-09,1.11390090281813,0.000123057991130915,0.991149127902149,0.999999999992432
"Ube2d2a",5.08715592797694e-09,1.11370693923411,0.00012291482924326,0.99115427760573,0.999999999992432
"Klc2",5.07547386390361e-09,1.11294082733107,0.000122350958096646,0.991174589952753,0.999999999992432
"Socs2",5.0641247924878e-09,1.11219494731844,0.000121804401327852,0.991194323309765,0.999999999992432
"Desi2",5.04926350129688e-09,1.11121583361513,0.000121090550596545,0.991220163596286,0.999999999992432
"Proser1",5.02073960785522e-09,1.10932888616079,0.000119726304898094,0.991269759957253,0.999999999992432
"Nsg2",5.01178724727038e-09,1.10873455865835,0.000119299723335754,0.991285326019671,0.999999999992432
"Zfp780b",5.00523237852289e-09,1.10829875547914,0.000118987865466194,0.991296723406308,0.999999999992432
"Cand1",5.00038881325708e-09,1.10797638056154,0.000118757687686837,0.991305145236805,0.999999999992432
"Mthfsd",4.99979211705663e-09,1.10793664551676,0.0001187293466775,0.991306182752417,0.999999999992432
"Phf12",4.99697016217098e-09,1.10774866554858,0.000118595359384078,0.991311089474411,0.999999999992432
"Slco3a1",4.99432183471188e-09,1.10757215973947,0.000118469684782206,0.991315694299066,0.999999999992432
"Cmpk1",4.99012810350864e-09,1.10729247385886,0.000118270810365977,0.991322986221498,0.999999999992432
"Speg",4.97719362475418e-09,1.10642844662457,0.000117658485929228,0.991345476273995,0.999999999992432
"Plppr4",4.96827576218055e-09,1.10583148743517,0.000117237235609496,0.991360982368447,0.999999999992432
"mt-Cytb",4.96538639454406e-09,1.10563785564859,0.000117100913476531,0.991366006309257,0.999999999992432
"Pign",4.95747797694835e-09,1.10510732288884,0.000116728195077359,0.991379757216707,0.999999999992432
"Clasp2",4.94308041741833e-09,1.1041394013765,0.00011605117311759,0.991404791246357,0.999999999992432
"Pcsk1n",4.93689610248789e-09,1.10372281873548,0.000115760970254307,0.991415544343813,0.999999999992432
"Pdha1",4.92074303780239e-09,1.10263238668311,0.000115004691271923,0.991443630805481,0.999999999992432
"Lmnb2",4.90849761003697e-09,1.10180347602623,0.000114433017704859,0.991464922793002,0.999999999992432
"Snrpc",4.90143296652532e-09,1.10132436610383,0.000114103855192167,0.991477206588901,0.999999999992432
"Srrt",4.88828479363401e-09,1.10043093427215,0.000113492505411893,0.991500068253463,0.999999999992432
"Srp54a",4.87880096318974e-09,1.09978507999148,0.000113052555773677,0.991516558469188,0.999999999992432
"Lamp1",4.87701043213101e-09,1.09966300997641,0.000112969589910198,0.991519671794279,0.999999999992432
"Arhgap31",4.86809795718997e-09,1.09905476514005,0.000112557075448164,0.991535168557185,0.999999999992432
"Slc9a8",4.86701080157168e-09,1.09898049824564,0.000112506808015433,0.991537058873278,0.999999999992432
"Chic2",4.8620867138083e-09,1.09864392143412,0.000112279270755256,0.991545620741359,0.999999999992432
"Rnf149",4.83831993750489e-09,1.09701482093487,0.000111184270041212,0.99158694577059,0.999999999992432
"Ocrl",4.83722938160666e-09,1.09693988618456,0.000111134153886062,0.991588842000297,0.999999999992432
"Ptpn1",4.83497309564104e-09,1.09678480032101,0.000111030502836383,0.991592765170715,0.999999999992432
"Gigyf1",4.83219301973437e-09,1.09659361717439,0.000110902856010947,0.991597599093522,0.999999999992432
"Abcb9",4.82622118433987e-09,1.0961825862597,0.00011062890819782,0.991607982764754,0.999999999992432
"Atrn",4.81672345341278e-09,1.09552787786421,0.000110193913745493,0.991624497173869,0.999999999992432
"Ebf1",4.80813105444657e-09,1.09493451939783,0.0001098011216038,0.991639437418256,0.999999999992432
"Slc11a2",4.77974197420781e-09,1.09296688991744,0.000108508332212879,0.991688799648434,0.999999999992432
"Faah",4.77317114570899e-09,1.09250988795719,0.000108210199149071,0.991700224846961,0.999999999992432
"Rab11a",4.7677936329797e-09,1.09213543635901,0.000107966514639622,0.991709575138001,0.999999999992432
"Cxx1a",4.76601829916995e-09,1.09201172669211,0.000107886124869342,0.99171266204639,0.999999999992432
"9330151L19Rik",4.76491507597372e-09,1.09193482930584,0.000107836184356084,0.991714580304823,0.999999999992432
"Gm10912",4.75990267416143e-09,1.09158523937549,0.000107609429427172,0.99172329575129,0.999999999992432
"Ccdc93",4.75737576381842e-09,1.09140886742052,0.000107495205577938,0.99172768948398,0.999999999992432
"Cyb5r4",4.75632123192964e-09,1.09133523744028,0.00010744755554385,0.991729523079474,0.999999999992432
"Scamp1",4.73389842098192e-09,1.08976594055222,0.00010643685964659,0.991768511351382,0.999999999992432
"Mdh2",4.72443389271966e-09,1.08910142988922,0.000106011684642867,0.991784968063015,0.999999999992432
"Fnbp4",4.66850360540272e-09,1.08514851939835,0.00010351650013148,0.991882218476086,0.999999999992432
"March8",4.66757024169568e-09,1.08508217240424,0.000103475112614579,0.991883841390393,0.999999999992432
"Rab5a",4.65585070005991e-09,1.0842480290661,0.00010295614518551,0.991904219099874,0.999999999992432
"Cisd1",4.64748162814624e-09,1.08365113518254,0.000102586342536669,0.991918771081451,0.999999999992432
"BC005537",4.63776577400414e-09,1.08295690480437,0.000102157864417132,0.991935664825483,0.999999999992432
"Mfn1",4.63516481326825e-09,1.08277082300125,0.000102043311807297,0.991940187327595,0.999999999992432
"Ube2v2",4.62564592536974e-09,1.08208896172869,0.000101624624877116,0.991956738594889,0.999999999992432
"Sec14l1",4.61580614720788e-09,1.08138271176563,0.000101192728355864,0.991973847823913,0.999999999992432
"Nmb",4.59224614778864e-09,1.07968586404363,0.000100162348794061,0.992014813541499,0.999999999992432
"Rcor2",4.58518173154431e-09,1.07917545605739,9.98544191897712e-05,0.992027097029813,0.999999999992432
"Ppp2r3d",4.57177453469027e-09,1.07820472108892,9.92713188303223e-05,0.992050409243714,0.999999999992432
"Hprt",4.5639445998175e-09,1.07763655072194,9.89315722671768e-05,0.992064023809135,0.999999999992432
"Brd9",4.53061221390002e-09,1.07520741615359,9.74917724144177e-05,0.99212198165402,0.999999999992432
"Rbm4b",4.51812319949726e-09,1.07429289100591,9.69550246563696e-05,0.992143697372742,0.999999999992432
"Nat10",4.51672595579983e-09,1.07419042660767,9.68950666410939e-05,0.992146126880361,0.999999999992432
"D930015E06Rik",4.50660506425167e-09,1.07344732866499,9.64613162853908e-05,0.9921637249459,0.999999999992432
"Ttc13",4.50299375993542e-09,1.07318179501878,9.63067824002406e-05,0.99217000423257,0.999999999992432
"Gon4l",4.50179438566346e-09,1.07309356212446,9.62554865289171e-05,0.992172089688296,0.999999999992432
"Map3k1",4.49862786084495e-09,1.07286050693291,9.6120123531127e-05,0.992177595598985,0.999999999992432
"Ctnnb1",4.49615649150546e-09,1.07267850665881,9.60145433036928e-05,0.992181892782951,0.999999999992432
"Orc5",4.49265071183362e-09,1.07242016570565,9.58648711985367e-05,0.992187988586164,0.999999999992432
"Syne4",4.48621313661742e-09,1.07194528160944,9.55903360937141e-05,0.992199182157785,0.999999999992432
"Hnrnph3",4.47805991270303e-09,1.07134290835691,9.52432009134414e-05,0.992213358879135,0.999999999992432
"Tmed5",4.4681877290582e-09,1.07061213955723,9.48237237481933e-05,0.992230524508946,0.999999999992432
"Osbpl3",4.46686143234585e-09,1.07051384622742,9.47674388580778e-05,0.992232830657404,0.999999999992432
"Ska2",4.45869864035692e-09,1.06990828150682,9.44213971954556e-05,0.992247024021436,0.999999999992432
"Taok2",4.45761524711047e-09,1.0698278297653,9.43755169581047e-05,0.992248907812701,0.999999999992432
"Sugp2",4.44584311849504e-09,1.06895244333381,9.38777020324972e-05,0.992269377052415,0.999999999992432
"Ift81",4.4443294203268e-09,1.06883972360113,9.38137869051984e-05,0.992272009053476,0.999999999992432
"Dpysl4",4.44138574095513e-09,1.06862041377965,9.36895538759415e-05,0.992277127489739,0.999999999992432
"Lpl",4.4264898671178e-09,1.06750852067408,9.30621607428684e-05,0.992303028270876,0.999999999992432
"Fabp5",4.40265246561596e-09,1.06572177603327,9.20625483938959e-05,0.992344476498563,0.999999999992432
"Clcn3",4.39716725306405e-09,1.06530932865605,9.18332920199238e-05,0.992354014132459,0.999999999992432
"Cdc40",4.39702785830858e-09,1.06529884083551,9.18274696912999e-05,0.99235425651071,0.999999999992432
"Aip",4.39680082900123e-09,1.06528175886657,9.18179873822006e-05,0.992354651267072,0.999999999992432
"Zfp846",4.39270305533596e-09,1.0649732931196,9.16469202745266e-05,0.99236177643658,0.999999999992432
"Cnot3",4.35801551837351e-09,1.06235113403568,9.02052320097868e-05,0.992422090817173,0.999999999992432
"Hopx",4.35207097861234e-09,1.06189977530177,8.99593114225465e-05,0.992432427134367,0.999999999992432
"Pcmt1",4.33305129660467e-09,1.06045169852618,8.9174738398229e-05,0.992465498410652,0.999999999992432
"D1Ertd622e",4.32922443461947e-09,1.06015960818292,8.90172933571204e-05,0.992472152530303,0.999999999992432
"Pofut1",4.32894273565741e-09,1.06013809744322,8.90057091744644e-05,0.99247264234642,0.999999999992432
"Psmd2",4.32363552806284e-09,1.05973258646234,8.87876040874827e-05,0.992481870481117,0.999999999992432
"Cdk8",4.32280358449178e-09,1.05966897678611,8.8753438779447e-05,0.992483317058754,0.999999999992432
"Ttl",4.31962754328108e-09,1.0594260324699,8.86230692075602e-05,0.992488839537125,0.999999999992432
"Nol9",4.30804109709894e-09,1.05853831166942,8.81482832246818e-05,0.992508985972222,0.999999999992432
"Arl8b",4.29958351868617e-09,1.05788888271333,8.78025162302051e-05,0.992523691955994,0.999999999992432
"Morf4l1",4.27047899918809e-09,1.05564473348039,8.66178429128657e-05,0.99257429872952,0.999999999992432
"Phrf1",4.26536408326076e-09,1.05524883949536,8.64104761703379e-05,0.992583192519433,0.999999999992432
"Agbl2",4.26184751587765e-09,1.05497639583057,8.62680531581564e-05,0.992589307109526,0.999999999992432
"Ndufa4",4.25933166785266e-09,1.05478135114493,8.61662319410601e-05,0.992593681653982,0.999999999992432
"Chd9",4.25366052742351e-09,1.05434128623872,8.59369304811596e-05,0.992603542606523,0.999999999992432
"Hspa9",4.25302166973144e-09,1.05429167771379,8.59111186675988e-05,0.99260465344937,0.999999999992432
"Zc3h7a",4.2526334498571e-09,1.05426152823808,8.58954352857287e-05,0.992605328484328,0.999999999992432
"Osgin2",4.24113805338559e-09,1.05336759928247,8.54316908506222e-05,0.992625316630003,0.999999999992432
"Ehbp1",4.22823881733885e-09,1.05236175742932,8.49128076242379e-05,0.992647745771371,0.999999999992432
"Ahcyl2",4.22521343812135e-09,1.05212542588997,8.47913378829619e-05,0.992653006289806,0.999999999992432
"Maged1",4.22446381955145e-09,1.05206684358448,8.47612539480293e-05,0.992654309723912,0.999999999992432
"Thoc1",4.22113773220379e-09,1.05180679239885,8.46278347205608e-05,0.992660093113011,0.999999999992432
"Stradb",4.22072451364077e-09,1.05177447118283,8.46112666373428e-05,0.992660811616036,0.999999999992432
"Rps6kb1",4.21593974198912e-09,1.05139999583354,8.44195383619557e-05,0.992669131361069,0.999999999992432
"Nek7",4.2132443520627e-09,1.05118886603348,8.43116284537774e-05,0.992673818096459,0.999999999992432
"Sh3bgrl2",4.21120033009619e-09,1.05102867230139,8.42298420664895e-05,0.99267737223549,0.999999999992432
"Fam92a",4.20698111776137e-09,1.05069777120747,8.40611464306122e-05,0.992684708589221,0.999999999992432
"Dcun1d1",4.20527593646257e-09,1.05056394912054,8.39930166047231e-05,0.992687673553516,0.999999999992432
"Cep170",4.19559687069236e-09,1.04980336099524,8.36068168146342e-05,0.992704503486904,0.999999999992432
"2010111I01Rik",4.19292767006759e-09,1.04959332002794,8.35004708584814e-05,0.992709144686304,0.999999999992432
"Txndc11",4.18575705767632e-09,1.04902843073646,8.32151153375459e-05,0.992721612930496,0.999999999992432
"Dock9",4.18156704211648e-09,1.04869792239002,8.30485991687402e-05,0.992728898520655,0.999999999992432
"Ddx5",4.17988068961909e-09,1.04856481414157,8.29816285945462e-05,0.992731830746968,0.999999999992432
"Kmt2b",4.15921263342401e-09,1.04692927284181,8.21630268782578e-05,0.992767768329255,0.999999999992432
"Slc38a9",4.15387083772201e-09,1.04650530083986,8.1952113757046e-05,0.992777056637268,0.999999999992432
"Dad1",4.13423688565474e-09,1.04494251424256,8.11792244539877e-05,0.992811196138173,0.999999999992432
"Crlf3",4.13340241008083e-09,1.04487593713111,8.11464564994242e-05,0.992812647123957,0.999999999992432
"Vdac2",4.12600086320985e-09,1.04428485870945,8.08561041475053e-05,0.992825516931651,0.999999999992432
"Rangap1",4.10567357984674e-09,1.0426563501313,8.00613702990074e-05,0.992860862016048,0.999999999992432
"Phf3",4.09835869957455e-09,1.04206844813952,7.97763414850369e-05,0.992873581134767,0.999999999992432
"Slc44a2",4.08462436322859e-09,1.04096191219432,7.92425476985391e-05,0.992897462412898,0.999999999992432
"Stag1",4.04789832766745e-09,1.03798554732198,7.78239687287979e-05,0.992961321712415,0.999999999992432
"Gnaq",4.04632696679934e-09,1.03785762901078,7.77635592059948e-05,0.992964053998649,0.999999999992432
"Gapvd1",4.04618467283969e-09,1.03784604308889,7.77580900037852e-05,0.992964301419748,0.999999999992432
"Syp",4.04331349497462e-09,1.03761218203533,7.76477746756142e-05,0.992969293831276,0.999999999992432
"Fgf12",4.0303122642063e-09,1.036551237017,7.71492263470971e-05,0.992991900408537,0.999999999992432
"Nufip2",4.02746767558442e-09,1.03631867538995,7.70403611522594e-05,0.992996846588123,0.999999999992432
"Atp6v0e2",4.02311004833864e-09,1.03596211129648,7.68737395493829e-05,0.993004423644518,0.999999999992432
"Itfg1",4.01918882964128e-09,1.03564094270967,7.67239589870513e-05,0.993011241872853,0.999999999992432
"Nckap1",4.01683463583111e-09,1.03544797873591,7.66341049503061e-05,0.993015335353259,0.999999999992432
"Got2",4.01098608811718e-09,1.03496813100023,7.6411107506009e-05,0.993025504829212,0.999999999992432
"Tnfrsf21",4.00817127495375e-09,1.03473695093038,7.6303898198127e-05,0.993030399236942,0.999999999992432
"Mtpn",4.00336632175147e-09,1.03434196447047,7.61210632468294e-05,0.993038754108272,0.999999999992432
"Rraga",3.97868584004066e-09,1.03230600522926,7.51853939546201e-05,0.993081668637947,0.999999999992432
"Ifrd1",3.97396322839825e-09,1.03191505725063,7.50070131021693e-05,0.993089880338037,0.999999999992432
"Cxxc1",3.97098114376929e-09,1.03166796645768,7.48944839600305e-05,0.993095065601668,0.999999999992432
"Zfc3h1",3.97012235794358e-09,1.03159677613803,7.4862093291827e-05,0.993096558862801,0.999999999992432
"Sntb2",3.96520787633446e-09,1.03118910132341,7.46768694438866e-05,0.993105104188717,0.999999999992432
"Zfp710",3.96038692426908e-09,1.03078871850177,7.44953935845849e-05,0.99311348688575,0.999999999992432
"Capn15",3.94558886442507e-09,1.02955683302857,7.39397267934169e-05,0.993139217835474,0.999999999992432
"Endod1",3.93996571892613e-09,1.02908757523554,7.37291232148766e-05,0.993148995394381,0.999999999992432
"Fbxl18",3.92504897945156e-09,1.02783966742386,7.31719020210569e-05,0.993174932714862,0.999999999992432
"Dclk1",3.9218774725599e-09,1.02757376413663,7.30537014908607e-05,0.993180447351937,0.999999999992432
"Nicn1",3.92149898223193e-09,1.02754201737017,7.30396017208352e-05,0.993181105473434,0.999999999992432
"Lpp",3.91723943615828e-09,1.02718453708023,7.28810161479536e-05,0.993188512000771,0.999999999992432
"Agk",3.90633466900153e-09,1.02626767443336,7.24758102291423e-05,0.993207473285854,0.999999999992432
"Ywhaq",3.90291487459869e-09,1.02597964046337,7.23489681123371e-05,0.993213419648971,0.999999999992432
"Tada3",3.89785462208755e-09,1.02555299790766,7.21614842821287e-05,0.993222218453144,0.999999999992432
"Ptprr",3.88195984257534e-09,1.02420943894356,7.15741600346503e-05,0.993249856417669,0.999999999992432
"Kri1",3.87518991711542e-09,1.02363560094956,7.13247348823666e-05,0.993261628018445,0.999999999992432
"Acly",3.87410755266718e-09,1.02354376839585,7.12848975696983e-05,0.993263510042579,0.999999999992432
"Hars",3.86703026861143e-09,1.02294269914346,7.10246865949265e-05,0.993275816082762,0.999999999992432
"Ank1",3.86155910961952e-09,1.02247732046893,7.08238542068684e-05,0.993285329380468,0.999999999992432
"Polg",3.85266686571418e-09,1.021719605158,7.04980490859172e-05,0.993300791291701,0.999999999992432
"Slc25a27",3.85130457482386e-09,1.02160337651856,7.04482021233406e-05,0.993303160055201,0.999999999992432
"Olfm1",3.83686439657093e-09,1.0203689551324,6.992091197513e-05,0.993328268769033,0.999999999992432
"Irf2",3.82575075497003e-09,1.01941589431001,6.95164407929087e-05,0.993347593275052,0.999999999992432
"Nrf1",3.81851492981595e-09,1.01879396466425,6.92537299365036e-05,0.993360174998945,0.999999999992432
"Qars",3.81461690051669e-09,1.01845845924717,6.91124104517649e-05,0.993366952931286,0.999999999992432
"Ccnc",3.81245422243088e-09,1.01827217591656,6.9034066791367e-05,0.993370713417783,0.999999999992432
"Setd5",3.81134084848974e-09,1.01817623576441,6.89937518113135e-05,0.993372649363693,0.999999999992432
"Rab11b",3.80691556092647e-09,1.0177946424817,6.88336297154511e-05,0.993380344099014,0.999999999992432
"Ociad2",3.80484116908349e-09,1.01761562224887,6.87586351351489e-05,0.993383951073001,0.999999999992432
"Mblac2",3.80378022836605e-09,1.01752402711495,6.87202952087583e-05,0.993385795847743,0.999999999992432
"Noct",3.79985074124659e-09,1.01718456769147,6.85783858350005e-05,0.993392628481079,0.999999999992432
"Taok3",3.79507717350813e-09,1.01677174117234,6.84061906794605e-05,0.993400928811283,0.999999999992432
"Cadm1",3.7888139670711e-09,1.01622933925169,6.81805886511099e-05,0.993411819342136,0.999999999992432
"Tagln2",3.78230745741791e-09,1.01566496417478,6.79466174131588e-05,0.993423132932544,0.999999999992432
"Psme4",3.7790130431271e-09,1.01537885466305,6.78283050733948e-05,0.99342886129678,0.999999999992432
"Aifm3",3.76313280937473e-09,1.01399637398012,6.72594442827137e-05,0.993456474028725,0.999999999992432
"Arhgdia",3.76183978082255e-09,1.01388356331496,6.72132309573216e-05,0.993458722361895,0.999999999992432
"Eif4a1",3.75869356155807e-09,1.01360891653925,6.71008502373518e-05,0.993464193044968,0.999999999992432
"Cisd2",3.75289694224139e-09,1.01310233281885,6.68940453171487e-05,0.993474272275639,0.999999999992432
"Qrich1",3.74839264236228e-09,1.01270817526086,6.67335666121348e-05,0.993482104406607,0.999999999992432
"Ccdc12",3.74677025062604e-09,1.01256609447819,6.66758114264461e-05,0.993484925441084,0.999999999992432
"Lmln",3.73561669067879e-09,1.01158773773545,6.62794349686308e-05,0.993504319388933,0.999999999992432
"Glcci1",3.73276302364906e-09,1.01133697684736,6.61782108809258e-05,0.993509281381041,0.999999999992432
"Xrn2",3.72119300907876e-09,1.01031841300631,6.57685967640367e-05,0.993529399470407,0.999999999992432
"Nup133",3.72101337601019e-09,1.01030257534171,6.5762247225236e-05,0.993529711818718,0.999999999992432
"Dubr",3.71439875643228e-09,1.00971887944317,6.55286519250257e-05,0.993541213405755,0.999999999992432
"Snx21",3.71151237530201e-09,1.00946386612281,6.542684962097e-05,0.993546232283437,0.999999999992432
"Baz1b",3.70989184589169e-09,1.00932060889027,6.53697284387541e-05,0.99354905008152,0.999999999992432
"4933427D14Rik",3.70957788763599e-09,1.00929284763536,6.53586647752568e-05,0.993549595996318,0.999999999992432
"Tbc1d2b",3.70802048739995e-09,1.00915510401359,6.53037969516093e-05,0.993552304024643,0.999999999992432
"Ccdc58",3.70352854341364e-09,1.00875750780741,6.51456730574959e-05,0.993560114677242,0.999999999992432
"Cdipt",3.69509488575893e-09,1.00800977899795,6.4849312041931e-05,0.99357477923623,0.999999999992432
"Eif1",3.69497812058185e-09,1.00799941521345,6.48452136238941e-05,0.993574982269129,0.999999999992432
"Dtx3",3.68420499797532e-09,1.00704187878121,6.44676378916403e-05,0.993593714724887,0.999999999992432
"Zfp276",3.68179400486931e-09,1.00682722073945,6.43832885286008e-05,0.993597906993791,0.999999999992432
"Wwox",3.67672247910707e-09,1.00637525118906,6.42060398173678e-05,0.993606725435075,0.999999999992432
"Oaz1",3.66868341534136e-09,1.00565760262997,6.39255768945114e-05,0.993620703875338,0.999999999992432
"Hnrnpu",3.66578267968724e-09,1.00539828666578,6.38245281687252e-05,0.993625747716898,0.999999999992432
"Erdr1",3.65240548862201e-09,1.0041998830898,6.33595605752155e-05,0.993649008175571,0.999999999992432
"Dctn3",3.63827272167902e-09,1.00292925281991,6.287017708889e-05,0.993673582446675,0.999999999992432
"Mlf2",3.62100573677105e-09,1.00137045632375,6.22748383429148e-05,0.99370360655201,0.999999999992432
"Lhfpl4",3.61031955774312e-09,1.0004022083714,6.19078142895931e-05,0.993722187852893,0.999999999992432
"Nfic",3.6056517546813e-09,0.999978415811028,6.17478358318824e-05,0.993730304305402,0.999999999992432
"Pdcd6ip",3.60026279735267e-09,0.999488500578593,6.15633988377095e-05,0.993739674713582,0.999999999992432
"Atxn10",3.59881293620855e-09,0.999356573402576,6.15138244525687e-05,0.99374219575628,0.999999999992432
"Npdc1",3.58892697902457e-09,0.998455672621995,6.11763310696048e-05,0.993759385624896,0.999999999992432
"Tubb2b",3.56490396112505e-09,0.996256608182762,6.03600862826211e-05,0.993801157264501,0.999999999992432
"Zfp930",3.5567290533157e-09,0.995505066713541,6.00835725930962e-05,0.99381537193967,0.999999999992432
"Cenpc1",3.55363583168729e-09,0.995220270470933,5.9979110888238e-05,0.993820750488993,0.999999999992432
"Dhrs7b",3.54445696285087e-09,0.994373773814568,5.96696647838775e-05,0.993836710872633,0.999999999992432
"Cpsf6",3.5442481863639e-09,0.994354495749673,5.96626356359818e-05,0.993837073897005,0.999999999992432
"Tmem209",3.54277721100023e-09,0.994218637808419,5.96131221423004e-05,0.99383963165589,0.999999999992432
"Idh3a",3.53879850919474e-09,0.993850899882335,5.94793007705566e-05,0.993846549895726,0.999999999992432
"Ube2n",3.53645155053192e-09,0.993633794230744,5.94004326635182e-05,0.993850630830808,0.999999999992432
"Itpr1",3.52925460085108e-09,0.992967185249917,5.91589098154191e-05,0.993863145020876,0.999999999992432
"Mfsd14a",3.52818800459466e-09,0.992868283177059,5.91231577123984e-05,0.993864999638429,0.999999999992432
"Wiz",3.52518353829682e-09,0.992589535826429,5.90225066690484e-05,0.993870223860893,0.999999999992432
"Cnot4",3.52237194221581e-09,0.992328478031768,5.8928394536206e-05,0.993875112717237,0.999999999992432
"Ddx3y",3.51711222752347e-09,0.99183957949818,5.87525385296632e-05,0.993884258409056,0.999999999992432
"Ubash3b",3.51639194080937e-09,0.991772573683324,5.87284765510511e-05,0.993885510857339,0.999999999992432
"Jph3",3.5132226536847e-09,0.991477590735431,5.86226615393125e-05,0.993891021674449,0.999999999992432
"Ankib1",3.5093797625964e-09,0.991119572494533,5.8494484468981e-05,0.993897703767413,0.999999999992432
"Luc7l3",3.50753197272466e-09,0.990947292806581,5.84329026122481e-05,0.993900916740148,0.999999999992432
"Dnajc11",3.50069457001978e-09,0.990309053227559,5.82053124556696e-05,0.993912805748952,0.999999999992432
"Hspa12a",3.49704465195597e-09,0.989967865482404,5.80840028887457e-05,0.993919152298022,0.999999999992432
"Jam3",3.49491074951165e-09,0.989768235404263,5.8013138606377e-05,0.993922862769596,0.999999999992432
"Fgf13",3.49398336364592e-09,0.989681440835812,5.79823547434694e-05,0.993924475326435,0.999999999992432
"Atp6v1b2",3.49252981723347e-09,0.989545358562977,5.7934121821839e-05,0.993927002781663,0.999999999992432
"Cdh10",3.48337671317217e-09,0.988687198931947,5.76308561620609e-05,0.993942918381295,0.999999999992432
"Thumpd3",3.47880192698383e-09,0.988257481489381,5.74795801222194e-05,0.993950873111532,0.999999999992432
"Pan3",3.47776410585427e-09,0.988159922485964,5.74452897970514e-05,0.99395267769587,0.999999999992432
"Sympk",3.47421851025019e-09,0.987826414692288,5.73282180603842e-05,0.993958842849338,0.999999999992432
"Sptlc1",3.47416338830969e-09,0.987821227229596,5.73263989361426e-05,0.993958938696488,0.999999999992432
"Tmbim1",3.4677835699115e-09,0.987220300990243,5.71160483188703e-05,0.99397003205489,0.999999999992432
"Btaf1",3.45158243690488e-09,0.985689555362707,5.65836142042564e-05,0.993998202920755,0.999999999992432
"Reep3",3.4468434491427e-09,0.985240507146551,5.64283434105367e-05,0.994006443172315,0.999999999992432
"Ints3",3.44049867891887e-09,0.984638382047169,5.62207938878835e-05,0.994017475593182,0.999999999992432
"Lbr",3.43958986027543e-09,0.984552047885968,5.61910960085851e-05,0.994019055866384,0.999999999992432
"Fmn2",3.43697134915053e-09,0.984303178512736,5.61055736007801e-05,0.994023608989398,0.999999999992432
"Phka2",3.43469082828644e-09,0.984086285731819,5.60311432555005e-05,0.994027574407892,0.999999999992432
"Mbtps1",3.43382135430017e-09,0.984003556919594,5.60027788654513e-05,0.99402908626791,0.999999999992432
"Sirt3",3.42939706966394e-09,0.983582286076333,5.58585590075635e-05,0.994036779309271,0.999999999992432
"Fam19a1",3.42800916125749e-09,0.983450026043573,5.58133552156497e-05,0.994039192634398,0.999999999992432
"Spin1",3.42160679262338e-09,0.982839256242338,5.56050687352569e-05,0.994050325212026,0.999999999992432
"Pomt1",3.42101928751197e-09,0.982783155367513,5.55859750991736e-05,0.994051346778731,0.999999999992432
"Homer2",3.41305242404117e-09,0.982021494530358,5.53273795239956e-05,0.994065199735708,0.999999999992432
"Uqcrh",3.41299230779065e-09,0.982015740782707,5.53254305089189e-05,0.99406530426717,0.999999999992432
"Usp9x",3.41100697962723e-09,0.98182567021036,5.52610839303863e-05,0.994068756399616,0.999999999992432
"Prr13",3.40962072595105e-09,0.981692891278714,5.52161761863321e-05,0.994071166848182,0.999999999992432
"Rab7",3.40856150850331e-09,0.98159140214908,5.51818750969003e-05,0.994073008638954,0.999999999992432
"Tmem68",3.40125267521619e-09,0.980890287149717,5.49454805246887e-05,0.99408571740111,0.999999999992432
"Acat2",3.39460301969472e-09,0.980251160631812,5.47308470387434e-05,0.994097279971584,0.999999999992432
"Tecpr1",3.38685003517547e-09,0.979504485089105,5.44811313320737e-05,0.994110761036883,0.999999999992432
"Nars",3.38395434994634e-09,0.9792251904861,5.43880107245447e-05,0.994115796120457,0.999999999992432
"Tmem229b",3.38273003629057e-09,0.979107034703234,5.43486627123679e-05,0.994117924985058,0.999999999992432
"Dnajb14",3.37682953463755e-09,0.978537020149402,5.4159227146661e-05,0.994128184912946,0.999999999992432
"E130308A19Rik",3.37611159174248e-09,0.97846759913546,5.4136200163226e-05,0.994129433288618,0.999999999992432
"Sf3b3",3.37386379627466e-09,0.978250159314871,5.40641370262221e-05,0.99413334180734,0.999999999992432
"Aes",3.37050644772691e-09,0.977925130797367,5.39565915821467e-05,0.994139179642869,0.999999999992432
"Cystm1",3.36874032726013e-09,0.977754027309974,5.39000606865352e-05,0.994142250614228,0.999999999992432
"Got1",3.35890525973039e-09,0.976799634923726,5.35857966864841e-05,0.994159352060061,0.999999999992432
"Map7d1",3.34651659844668e-09,0.975593657307347,5.3191244305948e-05,0.994180893758355,0.999999999992432
"Glrb",3.34476069756809e-09,0.975422385613168,5.31354405787102e-05,0.994183946960824,0.999999999992432
"Adgrl2",3.33705383374448e-09,0.974669641614012,5.28908575689163e-05,0.994197347841084,0.999999999992432
"Ccdc50",3.3293104905196e-09,0.973911669580138,5.26456850790372e-05,0.994210812154253,0.999999999992432
"Dnm1l",3.32037585971406e-09,0.973035002336131,5.23635013582347e-05,0.994226347909234,0.999999999992432
"Ppme1",3.31148907531071e-09,0.972160804017498,5.20835809905002e-05,0.99424180046989,0.999999999992432
"Hist1h2bc",3.30800284838665e-09,0.971817253033727,5.19739749492121e-05,0.994247862408135,0.999999999992432
"Eftud2",3.30749481546544e-09,0.971767160110076,5.19580121680597e-05,0.994248745788465,0.999999999992432
"Rnasek",3.30431927418919e-09,0.971453880523932,5.18582898009352e-05,0.994254267499097,0.999999999992432
"Rnps1",3.30356806560081e-09,0.971379729024038,5.18347134081931e-05,0.994255573719428,0.999999999992432
"Recql",3.30331242483011e-09,0.971354491172639,5.18266914433864e-05,0.994256018234014,0.999999999992432
"Zfp160",3.30225228919544e-09,0.971249810653701,5.17934311889198e-05,0.994257861624473,0.999999999992432
"Pttg1ip",3.29908210201757e-09,0.97093658764213,5.16940347510216e-05,0.994263374025718,0.999999999992432
"Tubgcp4",3.29775259692599e-09,0.970805143860706,5.1652378537594e-05,0.994265685802711,0.999999999992432
"2810474O19Rik",3.29357344388408e-09,0.970391636721296,5.15215461541811e-05,0.994272952619761,0.999999999992432
"Knop1",3.27869826687989e-09,0.968915753927372,5.10572107109975e-05,0.994298817957758,0.999999999992432
"Tprgl",3.27705217446423e-09,0.968752041499071,5.10059563515976e-05,0.994301680225695,0.999999999992432
"Adarb1",3.27292913491524e-09,0.968341640700531,5.08776902945728e-05,0.994308849473496,0.999999999992432
"Zfp398",3.26892288807052e-09,0.967942394539542,5.07532122939422e-05,0.994315815639563,0.999999999992432
"1810026B05Rik",3.26537780638746e-09,0.967588718389319,5.0643190291424e-05,0.99432197992003,0.999999999992432
"Gtf3c2",3.2628305969428e-09,0.967334369997661,5.05642110697322e-05,0.99432640907444,0.999999999992432
"Trim36",3.26001962619208e-09,0.967053465025676,5.04771251553604e-05,0.99433129686411,0.999999999992432
"Washc3",3.25926181467179e-09,0.966977696286543,5.04536604493975e-05,0.994332614566695,0.999999999992432
"Ndn",3.25755862173071e-09,0.966807343798309,5.04009430732666e-05,0.994335576123392,0.999999999992432
"Ddx3x",3.25663755010106e-09,0.966715183430594,5.03724454643824e-05,0.994337177707008,0.999999999992432
"Clstn1",3.2504195440521e-09,0.966092375069479,5.0180273539337e-05,0.994347989740339,0.999999999992432
"Atxn1l",3.24489049088431e-09,0.965537622285031,5.00097026809722e-05,0.994357603805055,0.999999999992432
"Tchp",3.24342077727613e-09,0.965390008768943,4.99644109858886e-05,0.994360159382308,0.999999999992432
"Fam76b",3.24241418315327e-09,0.965288872883272,4.99334029350914e-05,0.994361909675071,0.999999999992432
"Prkab2",3.23119408911958e-09,0.964159528879567,4.95884204106667e-05,0.994381419476281,0.999999999992432
"Trim12c",3.22402166962212e-09,0.963435644829276,4.93685176769892e-05,0.994393891073928,0.999999999992432
"Slc38a6",3.22350049227922e-09,0.963382984849838,4.93525576892235e-05,0.994394797311288,0.999999999992432
"Tbl2",3.22034850841595e-09,0.963064334590553,4.92560896339535e-05,0.994400278066836,0.999999999992432
"Tns1",3.21287496213373e-09,0.962307609709894,4.90277351471682e-05,0.994413273274094,0.999999999992432
"Napg",3.19362160078026e-09,0.960350404222034,4.84418920157979e-05,0.994446751553711,0.999999999992432
"Eml1",3.18704543495276e-09,0.959679333560996,4.82425985676077e-05,0.994458186375794,0.999999999992432
"Wdr12",3.18189057273279e-09,0.959152380780496,4.80866655331737e-05,0.994467149795988,0.999999999992432
"Snx3",3.17069901963096e-09,0.958005533595465,4.77489933065953e-05,0.994486609987392,0.999999999992432
"Ppp2ca",3.15934181760444e-09,0.956837773702354,4.74075394312208e-05,0.994506358217219,0.999999999992432
"Angel2",3.15482026879259e-09,0.956371752950194,4.72719402294953e-05,0.994514220417393,0.999999999992432
"Cramp1l",3.15462525820912e-09,0.956351639599121,4.72660963189423e-05,0.994514559507462,0.999999999992432
"Trappc4",3.14823532986639e-09,0.955691929435789,4.70748082547405e-05,0.994525670501078,0.999999999992432
"Rpl7",3.14797970884687e-09,0.955665512111327,4.70671640854224e-05,0.994526114982378,0.999999999992432
"mt-Co2",3.12943931644362e-09,0.953743988147334,4.65143816638712e-05,0.994558353563113,0.999999999992432
"Vamp1",3.12313431175833e-09,0.953088073442892,4.63271417592314e-05,0.994569316893108,0.999999999992432
"Esyt1",3.10715405145111e-09,0.951419982961431,4.58542669484366e-05,0.994597103850428,0.999999999992432
"Slc17a6",3.0937197969272e-09,0.950011338277331,4.54586083107584e-05,0.994620463741377,0.999999999992432
"Sfr1",3.08826522460059e-09,0.949437741500459,4.52984524498336e-05,0.994629948319192,0.999999999992432
"Arpc1a",3.08195235107238e-09,0.948772684028246,4.5113448180642e-05,0.994640925338433,0.999999999992432
"Usp49",3.07844186353828e-09,0.948402296147684,4.50107340670502e-05,0.994647029482894,0.999999999992432
"Zfyve28",3.06042416873464e-09,0.946494930637995,4.4485392741846e-05,0.994678359213637,0.999999999992432
"Asph",3.0602464145614e-09,0.946476060373938,4.44802253309688e-05,0.994678668298188,0.999999999992432
"Strap",3.05992321233752e-09,0.946441746774261,4.44708304348426e-05,0.994679230292391,0.999999999992432
"Pls1",3.05819340779235e-09,0.946258039057458,4.44205650550858e-05,0.994682238131042,0.999999999992432
"St7l",3.05431084810802e-09,0.945845345986322,4.43078475160568e-05,0.994688989248438,0.999999999992432
"A230050P20Rik",3.05284581566612e-09,0.945689492213024,4.42653522565354e-05,0.994691536693215,0.999999999992432
"Nmt2",3.05232858118933e-09,0.945634450559993,4.42503540364267e-05,0.994692436076906,0.999999999992432
"Rgs6",3.04821040271009e-09,0.94519589705597,4.41310301048078e-05,0.994699596896325,0.999999999992432
"Zmynd11",3.04811218460397e-09,0.945185430732473,4.41281862090171e-05,0.99469976768109,0.999999999992432
"Adgrg2",3.03493038524839e-09,0.943777836084232,4.37473399134521e-05,0.994722688615,0.999999999992432
"6430548M08Rik",3.03295226860698e-09,0.943566105480778,4.36903309357649e-05,0.994726128227798,0.999999999992432
"Cox4i1",3.03135703476265e-09,0.943395261723523,4.36443836478284e-05,0.994728902071753,0.999999999992432
"Tmem19",3.02925553021568e-09,0.943170067800062,4.35838912166604e-05,0.994732556235599,0.999999999992432
"Lgmn",3.0227829301159e-09,0.942475540508573,4.339783909026e-05,0.994743811001982,0.999999999992432
"Epha7",3.01914745580093e-09,0.942084824555477,4.32935134687044e-05,0.994750132482754,0.999999999992432
"Ndfip2",3.01880557488706e-09,0.942048058541788,4.32837091195373e-05,0.994750726956404,0.999999999992432
"Ube2f",3.01667290717034e-09,0.941818621246774,4.32225742367536e-05,0.994754435308443,0.999999999992432
"Arl16",3.00723224972661e-09,0.940801119342621,4.29524680398665e-05,0.994770851032236,0.999999999992432
"Fkbp1b",3.00200944110102e-09,0.940236907296745,4.28034022562635e-05,0.994779932623567,0.999999999992432
"Ikbkb",2.99991734072275e-09,0.940010639276224,4.27437636625458e-05,0.99478357043667,0.999999999992432
"Lrpprc",2.98721242600607e-09,0.938633330330703,4.23824830899968e-05,0.994805662163516,0.999999999992432
"Atat1",2.98558685639273e-09,0.938456704891857,4.23363685717529e-05,0.994808488758131,0.999999999992432
"Saraf",2.97808307764106e-09,0.93764019965154,4.2123825084219e-05,0.994821536579528,0.999999999992432
"Jmjd4",2.97127844746312e-09,0.936898079080209,4.19315473169288e-05,0.994833368699206,0.999999999992432
"Tardbp",2.96487177186281e-09,0.936197882776141,4.17509165192101e-05,0.994844508843126,0.999999999992432
"Sp1",2.96128853930382e-09,0.935805638292661,4.16500603254077e-05,0.994850739489362,0.999999999992432
"Rap1gds1",2.9539801714412e-09,0.935004216153911,4.14447319077847e-05,0.994863447528109,0.999999999992432
"Far1",2.95246590648158e-09,0.934837929113643,4.14022521238237e-05,0.994866080583715,0.999999999992432
"Sdccag3",2.94452846821859e-09,0.933964962079457,4.11799389202498e-05,0.994879882473251,0.999999999992432
"Dennd6b",2.93191613064458e-09,0.932573236426329,4.08279212895693e-05,0.99490181324099,0.999999999992432
"Cit",2.91747140713223e-09,0.930972309838358,4.04266169907316e-05,0.994926930229352,0.999999999992432
"Gm10053",2.91380291588118e-09,0.930564527495759,4.03250143154664e-05,0.994933309130517,0.999999999992432
"Ppp1r1c",2.91052057294183e-09,0.9301992550338,4.02342147802588e-05,0.994939016583738,0.999999999992432
"Zmym4",2.90809953082153e-09,0.929929580775545,4.01673070139401e-05,0.994943226377001,0.999999999992432
"Mycbp",2.8714775820353e-09,0.925824123319481,3.91620162404238e-05,0.995006905927794,0.999999999992432
"Ptpa",2.86845903323521e-09,0.925483517292735,3.90797238872868e-05,0.995012154689538,0.999999999992432
"Snx6",2.86616516596818e-09,0.925224454882278,3.90172458424732e-05,0.995016143348987,0.999999999992432
"Slc9a6",2.85471407158845e-09,0.92392825001098,3.87061000320851e-05,0.995036054928321,0.999999999992432
"Rnf112",2.85270394025514e-09,0.923700204010171,3.86516098451438e-05,0.995039550218102,0.999999999992432
"Kcnd1",2.85111502694013e-09,0.923519836436662,3.86085651020083e-05,0.995042313078676,0.999999999992432
"Pitpnc1",2.85087871547035e-09,0.923493003074674,3.86021653120471e-05,0.995042723985706,0.999999999992432
"Ddx19b",2.84284745838448e-09,0.922579788776409,3.83849780811125e-05,0.995056689030159,0.999999999992432
"Rbbp6",2.84156752746608e-09,0.922434024644599,3.8350421840528e-05,0.995058914621135,0.999999999992432
"March11",2.83732225653829e-09,0.921950107713122,3.82359172139808e-05,0.995066296454704,0.999999999992432
"Gprc5c",2.83360215607801e-09,0.921525489001142,3.81357183702804e-05,0.995072765102853,0.999999999992432
"Snhg6",2.82003097452849e-09,0.91997194809544,3.77713006669495e-05,0.995096363177572,0.999999999992432
"Exoc5",2.81823667999202e-09,0.919766017541679,3.77232506432433e-05,0.995099483163901,0.999999999992432
"Eif1b",2.81418568282327e-09,0.919300627617886,3.76148800784245e-05,0.995106527189296,0.999999999992432
"Sfxn1",2.81338395966115e-09,0.91920844797932,3.75934511974774e-05,0.995107921255562,0.999999999992432
"Nol11",2.81295114654591e-09,0.919158674099519,3.7581885277296e-05,0.995108673847225,0.999999999992432
"Impdh1",2.80858926630195e-09,0.918656647617696,3.74654235416941e-05,0.99511625844829,0.999999999992432
"Vapa",2.80730011945363e-09,0.918508132680105,3.74310380594656e-05,0.995118500065294,0.999999999992432
"Snu13",2.80523651215834e-09,0.918270261850537,3.73760282138416e-05,0.99512208834332,0.999999999992432
"Gaa",2.80293873966001e-09,0.918005203263444,3.73148237938286e-05,0.995126083796729,0.999999999992432
"Chchd4",2.7996848023779e-09,0.917629493346438,3.72282363731455e-05,0.995131741865704,0.999999999992432
"Gmeb1",2.79888213024387e-09,0.917536750494385,3.72068926959554e-05,0.995133137582348,0.999999999992432
"Ssbp2",2.79450640316932e-09,0.917030722738088,3.70906463268116e-05,0.995140746262227,0.999999999992432
"Strip1",2.7904756548456e-09,0.916563923331391,3.69837256627493e-05,0.995147755080387,0.999999999992432
"Rab18",2.78236354668447e-09,0.915622518290364,3.67690096529386e-05,0.995161860723061,0.999999999992432
"Tcf4",2.76977383619746e-09,0.914156314467902,3.64370157330753e-05,0.995183752194212,0.999999999992432
"Hdlbp",2.76884709846245e-09,0.914048136119778,3.64126369135112e-05,0.99518536364145,0.999999999992432
"Atp5g3",2.76435243696953e-09,0.913522984636284,3.62945158076771e-05,0.995193179132106,0.999999999992432
"Tcf12",2.76416741567246e-09,0.913501349566152,3.62896575026569e-05,0.995193500854279,0.999999999992432
"Ndor1",2.76077543186139e-09,0.913104471203122,3.62006481292503e-05,0.995199398966797,0.999999999992432
"Tgoln1",2.76032945342471e-09,0.913052255136881,3.61889532957937e-05,0.995200174451355,0.999999999992432
"Tyw1",2.755430656355e-09,0.912478165880433,3.60606171471058e-05,0.995208692669504,0.999999999992432
"Dyrk2",2.75260251144565e-09,0.912146294417933,3.59866306632917e-05,0.995213610357698,0.999999999992432
"Slc25a36",2.75016514505977e-09,0.91186001927456,3.59229282073025e-05,0.995217848545166,0.999999999992432
"Rps3a1",2.74352099007371e-09,0.911078419946172,3.57495646613672e-05,0.995229401660951,0.999999999992432
"Ppm1a",2.74119005959698e-09,0.9108037898542,3.5688843893354e-05,0.995233454773997,0.999999999992432
"Rab37",2.7374526232709e-09,0.910362981967814,3.55915913512684e-05,0.995239953574663,0.999999999992432
"Ttc4",2.73330307630023e-09,0.909872897888808,3.54837706407263e-05,0.995247168969828,0.999999999992432
"Dmxl2",2.72997991078462e-09,0.90947990402616,3.53975403496034e-05,0.995252947420759,0.999999999992432
"Gas8",2.72947968391188e-09,0.909420708404042,3.53845694272955e-05,0.995253817234946,0.999999999992432
"Mbtps2",2.72014807641453e-09,0.90831453538002,3.51430358659033e-05,0.995270043402602,0.999999999992432
"Zbtb20",2.71797931396666e-09,0.9080569330686,3.50870194207343e-05,0.995273814532679,0.999999999992432
"Adam23",2.71739377743085e-09,0.907987350452167,3.50719033978023e-05,0.995274832686826,0.999999999992432
"Xpnpep1",2.70751870020219e-09,0.906811688535021,3.48174622068113e-05,0.995292003863854,0.999999999992432
"Mtch1",2.70546821450477e-09,0.906567060519665,3.47647455446194e-05,0.995295569330209,0.999999999992432
"Rps27a",2.70376504259313e-09,0.906363733957767,3.47209884599981e-05,0.995298530873565,0.999999999992432
"Nhs",2.70248880238234e-09,0.906211295218236,3.46882179620384e-05,0.995300750051067,0.999999999992432
"Gtpbp2",2.70216266042102e-09,0.906172328673752,3.46798459748718e-05,0.995301317159754,0.999999999992432
"Nipal3",2.69801511081361e-09,0.90567640079896,3.45734674829858e-05,0.995308529085111,0.999999999992432
"Arhgap33",2.69562333297024e-09,0.90539008348935,3.451219621723e-05,0.995312688004384,0.999999999992432
"Sucla2",2.69202983367363e-09,0.904959455325442,3.44202420581201e-05,0.995318936525373,0.999999999992432
"Zfand5",2.69183656921601e-09,0.90493627994506,3.44153000841911e-05,0.995319272581387,0.999999999992432
"Txndc17",2.69117925958285e-09,0.904857446580728,3.43984946461486e-05,0.995320415537826,0.999999999992432
"Btbd2",2.68857372327293e-09,0.904544775751246,3.43319192670891e-05,0.995324946149299,0.999999999992432
"Adgrl3",2.68145367307912e-09,0.903688881719049,3.4150320147069e-05,0.995337326780104,0.999999999992432
"Mau2",2.67668956164072e-09,0.903114986310901,3.40290788947082e-05,0.995345610810088,0.999999999992432
"Amer2",2.65828236323089e-09,0.900888459139049,3.35626622773232e-05,0.995377617997146,0.999999999992432
"Cnot10",2.65819049010761e-09,0.900877309514948,3.35603423933508e-05,0.995377777749897,0.999999999992432
"Tmem233",2.65107488911631e-09,0.900012653729076,3.33809102669871e-05,0.995390150649015,0.999999999992432
"Lactb2",2.64200319013981e-09,0.898907099095839,3.31528492197561e-05,0.99540592489322,0.999999999992432
"Rrp1",2.64147817485796e-09,0.898843005917944,3.31396743506882e-05,0.995406837811493,0.999999999992432
"Srsf1",2.63047942819396e-09,0.897497503594945,3.28642709547804e-05,0.995425962888202,0.999999999992432
"Emc7",2.62719296292955e-09,0.897094425518475,3.27822024065383e-05,0.995431677530772,0.999999999992432
"Plod2",2.61616966833279e-09,0.89573893503929,3.25076814574176e-05,0.995450845295866,0.999999999992432
"Klhl9",2.61231286244738e-09,0.895263397529926,3.2411905252224e-05,0.995457551671661,0.999999999992432
"Slc2a3",2.61167059275028e-09,0.895184142010771,3.23959694691976e-05,0.995458668477173,0.999999999992432
"Prkca",2.61130850128636e-09,0.895139452078727,3.23869871029857e-05,0.995459298097015,0.999999999992432
"Crebzf",2.60532675928176e-09,0.894400322370014,3.22387788686364e-05,0.9954696994016,0.999999999992432
"Nap1l5",2.60368682492115e-09,0.894197403476691,3.21982059604137e-05,0.995472550988575,0.999999999992432
"Lmtk2",2.59667946101037e-09,0.893328970385021,3.20251275932736e-05,0.995484735688893,0.999999999992432
"Ddx27",2.59238575496882e-09,0.892795744325424,3.19193056773615e-05,0.99549220176682,0.999999999992432
"Trnt1",2.59202561807675e-09,0.892750981576411,3.19104377679073e-05,0.99549282798812,0.999999999992432
"Utp6",2.58899967840646e-09,0.892374642782832,3.18359765456299e-05,0.995498089620444,0.999999999992432
"Fads6",2.57934028652288e-09,0.891170493625291,3.15988637221383e-05,0.995514885782318,0.999999999992432
"Hnrnph1",2.57927975634061e-09,0.891162934376693,3.15973806587769e-05,0.995514991034783,0.999999999992432
"Calr",2.57612145532106e-09,0.890768279274383,3.15200467124092e-05,0.995520482823502,0.999999999992432
"Ralgps1",2.57228052925882e-09,0.890287704841033,3.14261257402507e-05,0.99552716159009,0.999999999992432
"Asap1",2.56861797455064e-09,0.889828812778169,3.13366969546349e-05,0.995533530197227,0.999999999992432
"Idh1",2.5672382306411e-09,0.88965577947567,3.13030407201684e-05,0.995535929355158,0.999999999992432
"Dcaf10",2.56356441037534e-09,0.889194615554636,3.12135130261938e-05,0.995542317551723,0.999999999992432
"Lypla1",2.55840561679643e-09,0.888545986406599,3.10880142859391e-05,0.995551287884185,0.999999999992432
"Uimc1",2.55453970271485e-09,0.88805909960624,3.09941333243975e-05,0.995558010102462,0.999999999992432
"Dctn2",2.55224001968803e-09,0.887769137310861,3.09383545088078e-05,0.995562008890724,0.999999999992432
"Rmnd1",2.54617533589312e-09,0.887003261850384,3.07914965259249e-05,0.995572554425618,0.999999999992432
"Fam57b",2.54019700554021e-09,0.886246593519932,3.06470715706054e-05,0.995582949806162,0.999999999992432
"Rsbn1l",2.5393821030641e-09,0.886143321547031,3.06274113879279e-05,0.995584366794049,0.999999999992432
"Pfkm",2.53712810192084e-09,0.88585750963862,3.05730646378316e-05,0.995588286149395,0.999999999992432
"Ldlrad3",2.53488085541907e-09,0.885572314006019,3.05189287943305e-05,0.995592193759581,0.999999999992432
"Aqp11",2.53444089847782e-09,0.885516451432182,3.05083359103853e-05,0.995592958775903,0.999999999992432
"Mafg",2.53056658692048e-09,0.88502412104013,3.04151331410566e-05,0.995599695598025,0.999999999992432
"Ppargc1b",2.52878323228862e-09,0.884797259516031,3.03722796106647e-05,0.995602796573041,0.999999999992432
"Fam126b",2.51928426731442e-09,0.883586324312407,3.01445310595461e-05,0.995619313789825,0.999999999992432
"Taf15",2.51832801117838e-09,0.883464179864055,3.01216512103919e-05,0.995620976570025,0.999999999992432
"Unc5c",2.51690702721985e-09,0.883282593425931,3.00876681015878e-05,0.995623447439426,0.999999999992432
"Fnip1",2.51468575054709e-09,0.882998543003377,3.00345842625088e-05,0.995627309893079,0.999999999992432
"Gm17167",2.51071821011351e-09,0.882490591841615,2.99398850162821e-05,0.995634208827278,0.999999999992432
"Apbb2",2.5091118496836e-09,0.882284717906997,2.99015861255541e-05,0.995637002037697,0.999999999992432
"Tmem50a",2.50840691577841e-09,0.882194332825384,2.98847868100005e-05,0.995638227807903,0.999999999992432
"Strada",2.50573745266382e-09,0.881851841273784,2.98212134827826e-05,0.995642869588351,0.999999999992432
"Scd1",2.49590554164987e-09,0.880587412876217,2.958765007031e-05,0.995659965751043,0.999999999992432
"Ctbp1",2.49477773733349e-09,0.880442069735208,2.95609170551391e-05,0.995661926827308,0.999999999992432
"Ndufa10",2.49116318710329e-09,0.879975832093663,2.9475320640084e-05,0.995668211968056,0.999999999992432
"Gpr107",2.48905645328792e-09,0.87970378984008,2.94254881778857e-05,0.995671875250664,0.999999999992432
"Cfl2",2.47826952125338e-09,0.878307438404391,2.91709957960164e-05,0.995690632050049,0.999999999992432
"Cops8",2.478117813022e-09,0.878287758870401,2.91674244776524e-05,0.995690895847117,0.999999999992432
"Coro2b",2.47230806713388e-09,0.877533258421248,2.90308234763473e-05,0.995700998093854,0.999999999992432
"Gprc5b",2.4708404546227e-09,0.877342395958289,2.89963671281157e-05,0.995703550044425,0.999999999992432
"Cnot6l",2.46749502541264e-09,0.876906921279372,2.89179002060176e-05,0.995709367227202,0.999999999992432
"Mid1ip1",2.45151696857473e-09,0.874819289662048,2.85446018938481e-05,0.995737150594213,0.999999999992432
"Lrrk2",2.44872690757988e-09,0.874453425959702,2.84796658875024e-05,0.995742002078838,0.999999999992432
"Tbc1d17",2.43317155378159e-09,0.8724063485697,2.81189852582097e-05,0.995769050436551,0.999999999992432
"Cntnap5a",2.42922784442258e-09,0.87188538288622,2.80279080492752e-05,0.99577590793879,0.999999999992432
"Kif1bp",2.42661678626058e-09,0.871540018749849,2.79676887758132e-05,0.995780448166337,0.999999999992432
"Aph1a",2.42612714893687e-09,0.871475215215604,2.79564033987522e-05,0.995781299570161,0.999999999992432
"Acer3",2.42350662221643e-09,0.871128176998635,2.78960430530024e-05,0.995785856262234,0.999999999992432
"Slc20a1",2.41972583886066e-09,0.870626856498081,2.78090726885704e-05,0.995792430462011,0.999999999992432
"Rps23",2.41024902451629e-09,0.869366981836805,2.75916717441882e-05,0.995808909183385,0.999999999992432
"Slc6a8",2.40177114791021e-09,0.868235914557698,2.73979096973472e-05,0.995823650907314,0.999999999992432
"Tmsb10",2.39658025142068e-09,0.86754150288031,2.72796086467386e-05,0.995832677078904,0.999999999992432
"Hmbs",2.39576789163495e-09,0.867432700251706,2.72611180486199e-05,0.995834089647828,0.999999999992432
"Mob1b",2.39032716094844e-09,0.866703096547786,2.71374399694382e-05,0.995843550243367,0.999999999992432
"AI314180",2.38704928797934e-09,0.86626277084941,2.70630634645179e-05,0.995849249961606,0.999999999992432
"Dmtf1",2.38238905964382e-09,0.865635759715934,2.69574963579173e-05,0.995857353384126,0.999999999992432
"Fbxo32",2.38187284789628e-09,0.865566234264025,2.69458154205613e-05,0.99585825099723,0.999999999992432
"Mum1",2.37864377953137e-09,0.865131005405426,2.68728048891719e-05,0.995863865852285,0.999999999992432
"Tsc1",2.37614733138732e-09,0.864794137640595,2.68164270826871e-05,0.995868206793185,0.999999999992432
"Dnajb6",2.37557533266359e-09,0.86471690546736,2.68035178530059e-05,0.99586920141136,0.999999999992432
"Rasa2",2.37309666355609e-09,0.864382027374912,2.67476135921407e-05,0.995873511437388,0.999999999992432
"St13",2.37289815315263e-09,0.86435519345779,2.67431388839932e-05,0.995873856616588,0.999999999992432
"Actl6a",2.36117600507679e-09,0.86276684288126,2.64795686009109e-05,0.995894239638794,0.999999999992432
"Ppm1j",2.35786932627505e-09,0.862317433421346,2.64054545854866e-05,0.995899989447848,0.999999999992432
"Cars2",2.35764728972296e-09,0.862287235071099,2.64004817059686e-05,0.995900375535484,0.999999999992432
"Map2k3",2.35537397706719e-09,0.861977894902235,2.6349594014172e-05,0.99590432847888,0.999999999992432
"Eef2kmt",2.35344493038835e-09,0.861715178070787,2.63064511564803e-05,0.995907682796417,0.999999999992432
"Rab5c",2.34961165881178e-09,0.86119251720368,2.62208254877375e-05,0.995914348270419,0.999999999992432
"Ppm1k",2.34545467121696e-09,0.860624801834094,2.61281265742677e-05,0.995921576637473,0.999999999992432
"Fbxl3",2.34156817082163e-09,0.86009316138221,2.60416078774353e-05,0.995928334668869,0.999999999992432
"5530601H04Rik",2.33854810276211e-09,0.859679462478659,2.59744761911781e-05,0.995933586106787,0.999999999992432
"Med12",2.33001819593112e-09,0.858508260703713,2.57853367936673e-05,0.995948418315253,0.999999999992432
"Hsf2",2.31467578681493e-09,0.856391376991555,2.54468787435892e-05,0.995975096430845,0.999999999992432
"Stx4a",2.30506742727913e-09,0.855058856201856,2.52360541533539e-05,0.995991803908764,0.999999999992432
"Dst",2.30202745980088e-09,0.8546361639866,2.51695344540084e-05,0.995997089950865,0.999999999992432
"Ndufs5",2.3004359577509e-09,0.854414662104225,2.51347446701416e-05,0.995999857331475,0.999999999992432
"Slc38a2",2.29957800009584e-09,0.854295192978502,2.5115999940275e-05,0.996001349189692,0.999999999992432
"Pbrm1",2.28902505159704e-09,0.852822239508016,2.48860101848597e-05,0.996019699167478,0.999999999992432
"Cd24a",2.28215248179821e-09,0.851859511379834,2.47367989821654e-05,0.996031649525721,0.999999999992432
"Cox5a",2.27705852853276e-09,0.851144157822641,2.46264930593994e-05,0.996040507139704,0.999999999992432
"Prrt2",2.27187130307767e-09,0.850414141956116,2.45144206921938e-05,0.996049526940413,0.999999999992432
"Synm",2.26566664801405e-09,0.849538857212749,2.4380702007453e-05,0.99606031589803,0.999999999992432
"Ralgps2",2.26436203494104e-09,0.849354527002259,2.43526323662688e-05,0.996062584423126,0.999999999992432
"Tbc1d9",2.26239164301099e-09,0.849075936827415,2.43102686874897e-05,0.99606601063716,0.999999999992432
"Sfrp1",2.24193805229123e-09,0.846170347539528,2.38726922625064e-05,0.99610157634717,0.999999999992432
"Mgat4a",2.23608647535149e-09,0.845334453094432,2.37482369123989e-05,0.996111751358522,0.999999999992432
"Mrpl13",2.22862822438221e-09,0.844266028907083,2.35900811978909e-05,0.996124720135045,0.999999999992432
"Gle1",2.22130893701701e-09,0.84321420442489,2.34353859902169e-05,0.996137447275759,0.999999999992432
"Caprin2",2.22104514749905e-09,0.843176234889509,2.34298202249143e-05,0.996137905966104,0.999999999992432
"Zfhx3",2.21967840399612e-09,0.842979438904833,2.34009935242096e-05,0.996140282527764,0.999999999992432
"Nans",2.21816972460054e-09,0.842762072010782,2.3369193783561e-05,0.996142905894661,0.999999999992432
"Rai1",2.21768200878305e-09,0.842691773050596,2.33589183999242e-05,0.996143753959232,0.999999999992432
"Tmem30a",2.21429338341593e-09,0.842202933458479,2.32875879306654e-05,0.996149646270028,0.999999999992432
"Gm12258",2.21416006765366e-09,0.842183686938555,2.32847838676624e-05,0.996149878086129,0.999999999992432
"Akap10",2.20992300188373e-09,0.841571416360091,2.31957525785992e-05,0.996157245707719,0.999999999992432
"Atxn2",2.20758026261344e-09,0.841232403557499,2.31465990138284e-05,0.996161319379916,0.999999999992432
"Scg2",2.20727517933937e-09,0.841188230459175,2.31402018264846e-05,0.996161849873977,0.999999999992432
"Abhd13",2.20304355146509e-09,0.840574932924879,2.30515614424244e-05,0.996169208040414,0.999999999992432
"Hsbp1",2.2002335209238e-09,0.840167051478467,2.299279339829e-05,0.996174094262405,0.999999999992432
"Ick",2.19167000001924e-09,0.838920980637444,2.28141613671075e-05,0.996188984942785,0.999999999992432
"Aplp2",2.18017236664388e-09,0.83724067599486,2.25754202983495e-05,0.996208977607425,0.999999999992432
"Cdk12",2.17910639712406e-09,0.837084465310192,2.25533497251917e-05,0.996210831169095,0.999999999992432
"Pin1",2.17890035921432e-09,0.837054263465083,2.25490850180088e-05,0.996211189438227,0.999999999992432
"Copg1",2.17657264917059e-09,0.836712870010425,2.25009325678609e-05,0.996215236978161,0.999999999992432
"Pip5k1a",2.17571145604266e-09,0.836586475270224,2.24831304375434e-05,0.996216734464346,0.999999999992432
"Bach1",2.17487367668383e-09,0.836463471285494,2.24658190646826e-05,0.996218191237498,0.999999999992432
"Cox6b1",2.17231354001219e-09,0.836087309164316,2.24129592449633e-05,0.996222642932796,0.999999999992432
"Map4k5",2.17099034305364e-09,0.835892726084913,2.23856632522675e-05,0.996224943774725,0.999999999992432
"Boc",2.16795197797071e-09,0.835445491800724,2.23230483053802e-05,0.996230227038029,0.999999999992432
"Usp50",2.16496990881231e-09,0.83500596468109,2.22616787814982e-05,0.996235412411285,0.999999999992432
"Serpini1",2.15795286686779e-09,0.833969449920343,2.21176047419667e-05,0.996247614000709,0.999999999992432
"Caprin1",2.15522685416419e-09,0.833565916162393,2.20617603440312e-05,0.996252354130482,0.999999999992432
"Lman2l",2.14872784535886e-09,0.832601903591168,2.19289080677212e-05,0.996263654938634,0.999999999992432
"Tango2",2.14417024245936e-09,0.831924210432269,2.18359812116085e-05,0.996271579931575,0.999999999992432
"Hmg20a",2.13330872951774e-09,0.830303624224017,2.16153167523302e-05,0.996290466487084,0.999999999992432
"Zfp322a",2.13204300278997e-09,0.830114262485272,2.15896749242443e-05,0.996292667397739,0.999999999992432
"Dhrs1",2.12671851202854e-09,0.829316509429428,2.1481974954389e-05,0.996301925896109,0.999999999992432
"Eps15l1",2.12631576411505e-09,0.829256089713884,2.14738394147572e-05,0.996302626214914,0.999999999992432
"Stox2",2.12576367042778e-09,0.829173247672409,2.14626895825032e-05,0.996303586223843,0.999999999992432
"Zfp1",2.12495562166495e-09,0.829051962538375,2.14463758183726e-05,0.996304991300647,0.999999999992432
"Lats1",2.1245092392153e-09,0.828984943394033,2.14373664252708e-05,0.996305767493443,0.999999999992432
"Mars2",2.11702038670725e-09,0.827858579886772,2.12865002205285e-05,0.996318789496461,0.999999999992432
"Armcx1",2.11574490726462e-09,0.827666363810357,2.12608582241796e-05,0.996321007366003,0.999999999992432
"Carmil3",2.11301810949713e-09,0.827255063066026,2.12060910339532e-05,0.996325748862915,0.999999999992432
"Bcl2",2.11295357558715e-09,0.827245322887859,2.12047957387869e-05,0.996325861077815,0.999999999992432
"Pde2a",2.11203121282503e-09,0.827106078709727,2.11862868181204e-05,0.996327464929895,0.999999999992432
"Jund",2.10499273571698e-09,0.826041611122775,2.10453128407348e-05,0.996339703798443,0.999999999992432
"Scoc",2.10074168089807e-09,0.82539706179223,2.09603962141612e-05,0.996347095753159,0.999999999992432
"Ank3",2.09373504999577e-09,0.8243320001904,2.08208104229065e-05,0.996359279247247,0.999999999992432
"Phf14",2.08669851101058e-09,0.823258979345012,2.06810981342705e-05,0.996371514747919,0.999999999992432
"Mef2d",2.08037555280748e-09,0.822291838262152,2.0555955378723e-05,0.996382509437869,0.999999999992432
"Fhl1",2.07576139410615e-09,0.82158430615951,2.04648725394427e-05,0.996390532778434,0.999999999992432
"Cyfip1",2.07389609686093e-09,0.821297858540734,2.04281092398136e-05,0.996393776254981,0.999999999992432
"Glul",2.06836680309355e-09,0.820447302627934,2.0319326120844e-05,0.996403390880937,0.999999999992432
"Pcbp3",2.06786747149178e-09,0.82037038552978,2.0309516587116e-05,0.996404259144936,0.999999999992432
"Creg2",2.06691550612205e-09,0.820223695777507,2.02908214759113e-05,0.996405914472302,0.999999999992432
"Hist1h1c",2.06444177485914e-09,0.819842214584067,2.02422815113069e-05,0.996410215926174,0.999999999992432
"Kcnip3",2.06220454338746e-09,0.819496830570277,2.01984322429284e-05,0.996414106141874,0.999999999992432
"Iqcb1",2.0537887587204e-09,0.818194405187468,2.00339104411011e-05,0.996428739951456,0.999999999992432
"Enpp5",2.02659410574242e-09,0.813950828827063,1.95068764578876e-05,0.996476027454404,0.999999999992432
"Micu1",2.02494510428329e-09,0.813691774841832,1.94751446168999e-05,0.996478894825879,0.999999999992432
"Igsf8",2.02119092948651e-09,0.813101255156251,1.94029991326452e-05,0.996485422784933,0.999999999992432
"Rsbn1",2.01238885078569e-09,0.811712620722693,1.92343709802068e-05,0.996500728309028,0.999999999992432
"Hivep3",2.00845033910799e-09,0.81108940343574,1.9159156228741e-05,0.996507576803697,0.999999999992432
"Capza2",2.00740081178607e-09,0.810923133741352,1.91391380049943e-05,0.996509401777958,0.999999999992432
"Pom121",2.00387127629502e-09,0.810363366235831,1.90718939556877e-05,0.996515539123248,0.999999999992432
"Clta",2.00325337342844e-09,0.81026527346019,1.90601339577563e-05,0.996516613565858,0.999999999992432
"Rimbp2",2.00116967513665e-09,0.809934271990169,1.9020503510725e-05,0.996520236812131,0.999999999992432
"Lypla2",1.98686801421768e-09,0.807653536995453,1.8749609181289e-05,0.996545105308619,0.999999999992432
"Myo1e",1.98513805811656e-09,0.807376598372595,1.87169730125728e-05,0.996548113449473,0.999999999992432
"Zfp236",1.983597453695e-09,0.8071297788991,1.86879329545161e-05,0.996550792335468,0.999999999992432
"mt-Atp6",1.98086240158877e-09,0.806691148595441,1.86364333596958e-05,0.996555548191565,0.999999999992432
"Cep70",1.97911024371846e-09,0.806409846189865,1.86034784896971e-05,0.996558594938224,0.999999999992432
"Napb",1.97441288248789e-09,0.805654533456611,1.85152736478334e-05,0.996566762963668,0.999999999992432
"Bmpr2",1.97369651847202e-09,0.805539195634931,1.85018405207362e-05,0.996568008616146,0.999999999992432
"Celf1",1.97115219481395e-09,0.805129226410214,1.84541692321056e-05,0.996572432823739,0.999999999992432
"Mbd1",1.97068511509132e-09,0.805053910814173,1.84454245526919e-05,0.996573245007235,0.999999999992432
"Lamtor1",1.97039114948919e-09,0.80500650080083,1.84399219831824e-05,0.996573756170533,0.999999999992432
"Hspa4l",1.9687923005891e-09,0.804748524864998,1.84100084430943e-05,0.996576536335552,0.999999999992432
"Ube3c",1.96816182811218e-09,0.804646742758504,1.83982193425921e-05,0.996577632635236,0.999999999992432
"Dnaja2",1.96811675201441e-09,0.804639464584927,1.83973766167295e-05,0.996577711015996,0.999999999992432
"Mpst",1.96793503169774e-09,0.804610121663349,1.83939794374108e-05,0.996578027001125,0.999999999992432
"Vegfa",1.96694797370012e-09,0.804450693489421,1.8375532312905e-05,0.996579743351039,0.999999999992432
"Opcml",1.96675671227542e-09,0.804419792432121,1.83719588990026e-05,0.996580075926766,0.999999999992432
"Spag9",1.96261564998759e-09,0.803750042807078,1.8294674980787e-05,0.996587276630373,0.999999999992432
"Zcchc9",1.95900502986021e-09,0.80316498718272,1.82274235441937e-05,0.996593554972621,0.999999999992432
"Eps15",1.95503975342911e-09,0.80252128258,1.81537089562593e-05,0.996600450010743,0.999999999992432
"Rhebl1",1.95501505884693e-09,0.802517269891325,1.81532503513377e-05,0.996600492951025,0.999999999992432
"Usp14",1.95358831217397e-09,0.802285352219218,1.81267639683948e-05,0.996602973855728,0.999999999992432
"Bms1",1.95358461635525e-09,0.802284751254978,1.81266953836578e-05,0.996602980282219,0.999999999992432
"Vps72",1.9496715844417e-09,0.801647860025428,1.80541525307277e-05,0.996609784475075,0.999999999992432
"Ppfia4",1.94830413234552e-09,0.801425005024246,1.80288359275897e-05,0.996612162275261,0.999999999992432
"Cacybp",1.94541897662935e-09,0.800954320503749,1.79754792836285e-05,0.996617179141265,0.999999999992432
"Srp14",1.93997572974046e-09,0.800064500307561,1.78750298805583e-05,0.996626644155984,0.999999999992432
"Sh3gl2",1.93650440097085e-09,0.799495794752392,1.78111171322465e-05,0.99663268029212,0.999999999992432
"Nap1l2",1.93406468671418e-09,0.799095518153442,1.77662665618207e-05,0.99663692260069,0.999999999992432
"Mbd5",1.93352762293764e-09,0.799007339297472,1.7756401024757e-05,0.996637856476568,0.999999999992432
"Ap1s2",1.92477322935945e-09,0.79756669199362,1.75959744394453e-05,0.996653079095729,0.999999999992432
"Fam199x",1.91882719914525e-09,0.796584642840502,1.74874270138204e-05,0.996663418379512,0.999999999992432
"Pmp22",1.91819886290914e-09,0.796480697703661,1.74759760764773e-05,0.996664510965089,0.999999999992432
"Ubap2l",1.91422999454603e-09,0.795823382779328,1.7403733208375e-05,0.996671412251647,0.999999999992432
"Rab10",1.91339227750676e-09,0.795684476537949,1.73885038851139e-05,0.996672868920133,0.999999999992432
"Gabarapl2",1.9101316919544e-09,0.795143271199736,1.73292913575289e-05,0.996678538605821,0.999999999992432
"Laptm4a",1.90795591186886e-09,0.79478163789828,1.72898351745166e-05,0.996682321972127,0.999999999992432
"Kifc3",1.89885756117771e-09,0.793265157413495,1.71253304204496e-05,0.996698142686467,0.999999999992432
"Zzef1",1.89575089826208e-09,0.792745768785408,1.7069339799117e-05,0.996703544723705,0.999999999992432
"Rbfox2",1.89154614249379e-09,0.792041505847989,1.6993704535198e-05,0.996710856185748,0.999999999992432
"Nudt3",1.89020084066133e-09,0.791815864509754,1.69695406710189e-05,0.996713195471089,0.999999999992432
"Trnp1",1.88714793467974e-09,0.79130324807995,1.69147691628767e-05,0.99671850403321,0.999999999992432
"Emc4",1.88315459190516e-09,0.790631531532316,1.68432591308876e-05,0.996725447879169,0.999999999992432
"Prdx2",1.88150724638236e-09,0.790354038734461,1.68138037356415e-05,0.996728312375027,0.999999999992432
"Dopey1",1.87687805776209e-09,0.789573021763216,1.67311694339839e-05,0.996736361865446,0.999999999992432
"Cpeb1",1.87527718406014e-09,0.789302503290343,1.67026400724824e-05,0.996739145553677,0.999999999992432
"Exoc4",1.87364600012367e-09,0.789026637200691,1.66735955887794e-05,0.996741981947071,0.999999999992432
"Rpl38",1.86801177767483e-09,0.788072018443095,1.65734683508609e-05,0.996751779046891,0.999999999992432
"BC031181",1.86607345300922e-09,0.787742971372131,1.65390915916715e-05,0.996755149513897,0.999999999992432
"Rsad1",1.86482282738678e-09,0.787530494684347,1.65169303198342e-05,0.996757324171493,0.999999999992432
"Braf",1.85537729749992e-09,0.785921348098791,1.63500339799043e-05,0.996773748586537,0.999999999992432
"Leprotl1",1.85199620281741e-09,0.785343450686324,1.62904982260472e-05,0.996779627823189,0.999999999992432
"Ptpn12",1.85175321752091e-09,0.785301880996211,1.62862238200154e-05,0.996780050339627,0.999999999992432
"Dennd6a",1.85110244830476e-09,0.785190522498396,1.62747787628026e-05,0.996781181933582,0.999999999992432
"Mark3",1.84507329803656e-09,0.784157052801553,1.616893557678e-05,0.996791665757997,0.999999999992432
"Gpatch8",1.84047457785568e-09,0.783366617294518,1.60884360689697e-05,0.996799662270775,0.999999999992432
"Ttc19",1.83696406211335e-09,0.782761960360543,1.60271205310009e-05,0.99680576655281,0.999999999992432
"Jak1",1.83602981759864e-09,0.782600859634265,1.60108225073233e-05,0.9968073910697,0.999999999992432
"Atp6v0e",1.83541869513117e-09,0.782495435801203,1.60001658776045e-05,0.996808453723815,0.999999999992432
"Trim26",1.83341527465699e-09,0.78214959470828,1.59652555158291e-05,0.996811937384042,0.999999999992432
"Mrps14",1.83280637548447e-09,0.782044412158857,1.59546527716081e-05,0.99681299617219,0.999999999992432
"Exoc6b",1.83205943896949e-09,0.781915339397368,1.5941651197011e-05,0.996814294987445,0.999999999992432
"Sdf4",1.83054309304098e-09,0.781653156670183,1.59152731727177e-05,0.996816931695122,0.999999999992432
"Ube2v1",1.82947333932005e-09,0.78146806751026,1.5896677109063e-05,0.996818791843144,0.999999999992432
"Selenoo",1.82924345059799e-09,0.781428278663137,1.58926822575395e-05,0.996819191586605,0.999999999992432
"Atxn1",1.82756980359967e-09,0.781138462715739,1.58636138775722e-05,0.996822101818312,0.999999999992432
"Tm9sf2",1.82511339942179e-09,0.780712644252959,1.58209985316624e-05,0.996826373152386,0.999999999992432
"Efhd2",1.81854456397012e-09,0.779571254288318,1.57073195516249e-05,0.996837795414261,0.999999999992432
"Slc44a1",1.81832036708544e-09,0.779532229130041,1.57034468777227e-05,0.996838185260471,0.999999999992432
"Eny2",1.81380626985421e-09,0.7787455021074,1.5625574026792e-05,0.996846034627936,0.999999999992432
"Sema5a",1.81375413738773e-09,0.778736405484131,1.56246758183989e-05,0.996846125278817,0.999999999992432
"Pip4k2b",1.81276733093499e-09,0.778564170209768,1.56076786562879e-05,0.996847841193707,0.999999999992432
"Znrf1",1.80447276664696e-09,0.777112922297588,1.54651752987089e-05,0.996862264251937,0.999999999992432
"Rbm7",1.80387994520916e-09,0.777008957547975,1.54550154540883e-05,0.996863295083473,0.999999999992432
"Zfp592",1.80286636842404e-09,0.7768311285503,1.54376523873469e-05,0.99686505754828,0.999999999992432
"Gars",1.80283074043771e-09,0.776824875999586,1.54370422400356e-05,0.996865119500244,0.999999999992432
"Acbd6",1.80218602989991e-09,0.776711711926735,1.54260033287972e-05,0.996866240559506,0.999999999992432
"Pink1",1.80077043295543e-09,0.776463101532243,1.54017789407986e-05,0.99686870207981,0.999999999992432
"Tollip",1.79178070062293e-09,0.774879957470655,1.5248386519707e-05,0.996884333937266,0.999999999992432
"Lgi1",1.79002824631446e-09,0.774570461484874,1.5218573682851e-05,0.996887381204547,0.999999999992432
"Gucd1",1.78665925960807e-09,0.773974664887719,1.5161342268586e-05,0.996893239390483,0.999999999992432
"Ago1",1.78242012605059e-09,0.773223466936347,1.50894822226311e-05,0.996900610637554,0.999999999992432
"Tcaf1",1.77621847804278e-09,0.77212143731316,1.49846619749074e-05,0.996911394417095,0.999999999992432
"Ttc17",1.77405846872074e-09,0.771736746386519,1.49482392829374e-05,0.996915150364729,0.999999999992432
"Nadk",1.76898495866124e-09,0.770831417258716,1.48628626183007e-05,0.996923972474192,0.999999999992432
"Pdcd2",1.76877356639758e-09,0.770793642419454,1.48593106305564e-05,0.996924340055159,0.999999999992432
"Tgfbr3",1.76875259354435e-09,0.770789894431804,1.48589582504675e-05,0.996924376523956,0.999999999992432
"Arhgef40",1.76871727998064e-09,0.770783583568911,1.48583649311613e-05,0.996924437929202,0.999999999992432
"Wars",1.76816918653481e-09,0.770685618814208,1.48491576816785e-05,0.996925390985458,0.999999999992432
"Dnm3",1.76660601586515e-09,0.770406063335516,1.48229141438809e-05,0.996928109116116,0.999999999992432
"Thoc2",1.76187658036724e-09,0.76955882378349,1.47436546181093e-05,0.996936332929556,0.999999999992432
"Usp37",1.76147672908753e-09,0.769487094691985,1.47369633432746e-05,0.996937028213887,0.999999999992432
"Ly6h",1.76030665105995e-09,0.769277106175773,1.47173915037269e-05,0.996939062812664,0.999999999992432
"Rps16",1.75667740781648e-09,0.768624938117917,1.46567680520445e-05,0.996945373549075,0.999999999992432
"Zfp292",1.7543940107002e-09,0.768213959741547,1.4618689949871e-05,0.996949344051108,0.999999999992432
"Kdm4c",1.7543671773862e-09,0.76820912711399,1.46182427699383e-05,0.996949390710416,0.999999999992432
"Ttc3",1.75122387149022e-09,0.767642537408143,1.45659065825758e-05,0.996954856471341,0.999999999992432
"Ece2",1.7489612352858e-09,0.767234092575498,1.45282916811844e-05,0.996958790873287,0.999999999992432
"1110008P14Rik",1.74706058636456e-09,0.766890604575584,1.44967321733854e-05,0.996962095830985,0.999999999992432
"Cltb",1.74490951903753e-09,0.766501432122143,1.44610559640202e-05,0.996965836230679,0.999999999992432
"Eif3h",1.74402322566108e-09,0.766340950777535,1.44463692619656e-05,0.99696737736864,0.999999999992432
"Abca1",1.74005082461048e-09,0.76562071409956,1.43806345675913e-05,0.996974284808482,0.999999999992432
"Supt7l",1.73543552799175e-09,0.764781949732625,1.43044495822467e-05,0.996982310152467,0.999999999992432
"Tbc1d23",1.73180425268189e-09,0.764120526393785,1.4244650125771e-05,0.996988624423654,0.999999999992432
"Sap30l",1.73171357500572e-09,0.76410399293653,1.42431584583921e-05,0.996988782099235,0.999999999992432
"Ptov1",1.7157996177625e-09,0.761189552698824,1.39825801221929e-05,0.997016454209236,0.999999999992432
"Rfk",1.71342992891647e-09,0.76075337918094,1.39439841429239e-05,0.997020574761674,0.999999999992432
"Gramd4",1.71326503667178e-09,0.760723007196061,1.39413004682992e-05,0.997020861485877,0.999999999992432
"Prkci",1.70777487661661e-09,0.759710169866008,1.38520937978848e-05,0.997030408094999,0.999999999992432
"Vapb",1.70507136151293e-09,0.759210282075999,1.38082710400052e-05,0.997035109124213,0.999999999992432
"Scn10a",1.70101952047982e-09,0.758459673269465,1.374272253167e-05,0.997042154701121,0.999999999992432
"Rubcn",1.70028707761836e-09,0.758323806039415,1.37308901078983e-05,0.997043428315404,0.999999999992432
"Gas5",1.69718913023611e-09,0.757748525108808,1.36808999343682e-05,0.997048815206726,0.999999999992432
"Ggnbp2",1.69625543720564e-09,0.757574945057411,1.36658512317715e-05,0.997050438766569,0.999999999992432
"Syngr1",1.69270278853594e-09,0.75691365212411,1.36086674781375e-05,0.997056616319182,0.999999999992432
"Abca5",1.69240374585895e-09,0.756857927929271,1.36038595308673e-05,0.99705713631203,0.999999999992432
"Rpl31",1.68764086528963e-09,0.755969140368125,1.35273974158288e-05,0.997065418286718,0.999999999992432
"Ypel4",1.68736164467582e-09,0.755916961894377,1.35229215633841e-05,0.997065903811826,0.999999999992432
"Aplp1",1.68563566687914e-09,0.755594243054396,1.34952709109824e-05,0.99706890504283,0.999999999992432
"Tnpo3",1.67535913210651e-09,0.753666240082085,1.333122374971e-05,0.997086774482578,0.999999999992432
"Spcs2",1.66958843271429e-09,0.752578655365304,1.32395443103397e-05,0.997096808912857,0.999999999992432
"Impa1",1.66540102302075e-09,0.751787230023167,1.31732167379445e-05,0.997104090226511,0.999999999992432
"Grsf1",1.66484625988899e-09,0.751682237364185,1.31644419171267e-05,0.997105054881211,0.999999999992432
"Ckb",1.66274402516094e-09,0.751284073460955,1.31312168982031e-05,0.997108710370403,0.999999999992432
"Cox7a2l",1.66055924763566e-09,0.750869768862339,1.30967318070777e-05,0.997112509389922,0.999999999992432
"Dpp10",1.6572368579811e-09,0.750238742637374,1.30443772557714e-05,0.997118286556373,0.999999999992432
"Serpina3n",1.64368113753151e-09,0.747651568431876,1.28318515228797e-05,0.99714185804158,0.999999999992432
"Usp25",1.63520411463269e-09,0.746023367476138,1.26998363776616e-05,0.997156598389598,0.999999999992432
"Ube2j1",1.62808743751074e-09,0.744650247851325,1.25895333781721e-05,0.997168973288795,0.999999999992432
"Pfn1",1.62729020130118e-09,0.74449607098284,1.25772067988511e-05,0.997170359570323,0.999999999992432
"Fbxo21",1.62618717618537e-09,0.744282639487907,1.2560162176792e-05,0.997172277575721,0.999999999992432
"Fgfr1op",1.62613645927337e-09,0.744272822636467,1.25593787458122e-05,0.997172365765292,0.999999999992432
"2300009A05Rik",1.62588608949781e-09,0.744224356376053,1.25555116081589e-05,0.997172801123088,0.999999999992432
"Grk3",1.62586403090977e-09,0.744220085963009,1.25551709262609e-05,0.997172839479868,0.999999999992432
"Tmem59",1.62432192035172e-09,0.743921405915569,1.25313653936576e-05,0.997175520993072,0.999999999992432
"Dhx30",1.62340193233979e-09,0.743743091895389,1.25171743137239e-05,0.997177120722749,0.999999999992432
"Rnf157",1.62097775424511e-09,0.743272772446968,1.24798191727938e-05,0.997181336027341,0.999999999992432
"Zfp281",1.62091713824429e-09,0.743261003659768,1.24788858316876e-05,0.997181441430038,0.999999999992432
"Sept8",1.62038042098224e-09,0.743156780071865,1.24706231951586e-05,0.997182374705844,0.999999999992432
"Agtrap",1.61801519572763e-09,0.742697092712638,1.24342437062344e-05,0.997186487499837,0.999999999992432
"Ptk2b",1.61719304698181e-09,0.742537156558856,1.24216106967518e-05,0.997187917100869,0.999999999992432
"Sgpl1",1.61441700815685e-09,0.741996550416187,1.23790019589178e-05,0.997192744241996,0.999999999992432
"Sgms1",1.61368214832096e-09,0.741853295901939,1.23677350298314e-05,0.997194022059926,0.999999999992432
"Ssfa2",1.61145669822312e-09,0.741419085493453,1.2333645543298e-05,0.997197891804781,0.999999999992432
"N4bp2l1",1.60688662373313e-09,0.740525623564285,1.22637885590084e-05,0.997205838522041,0.999999999992432
"Ephx1",1.60376300069875e-09,0.739913556967716,1.22161558026158e-05,0.997211270063663,0.999999999992432
"1110038B12Rik",1.60298655156888e-09,0.73976123785487,1.22043299562265e-05,0.997212620199638,0.999999999992432
"Cul9",1.60244465404934e-09,0.739654890131505,1.21960798829345e-05,0.997213562483312,0.999999999992432
"Zfp644",1.6019392982206e-09,0.739555682947458,1.21883886491869e-05,0.997214441226122,0.999999999992432
"Ing4",1.60125822917525e-09,0.739421934186877,1.21780269961511e-05,0.997215625509543,0.999999999992432
"Pde12",1.59810945391249e-09,0.738802872430654,1.21301794134617e-05,0.997221100787592,0.999999999992432
"Cct3",1.59469406588497e-09,0.7381300821587,1.20783869666958e-05,0.997227039667951,0.999999999992432
"Nme1",1.58828032913297e-09,0.73686294623863,1.19814256602019e-05,0.997238192256275,0.999999999992432
"Ndufb4",1.5860095429288e-09,0.736413150830987,1.19471901335093e-05,0.997242140835008,0.999999999992432
"Dennd1a",1.583775138295e-09,0.735969964312817,1.19135509250097e-05,0.997246026151359,0.999999999992432
"Usp22",1.58368586411549e-09,0.735952244747515,1.1912207877651e-05,0.99724618138664,0.999999999992432
"Cep164",1.58045945161092e-09,0.735311213325735,1.1863720299134e-05,0.997251791665698,0.999999999992432
"Xpnpep3",1.57870665476931e-09,0.734962442108727,1.18374201490737e-05,0.99725483953375,0.999999999992432
"Trappc2",1.57530223689468e-09,0.734283979267247,1.1786421348929e-05,0.997260759339418,0.999999999992432
"Snx14",1.57512803408373e-09,0.734249225125155,1.17838147199849e-05,0.997261062253702,0.999999999992432
"Gtf2i",1.57170969419246e-09,0.733566513124038,1.17327237939245e-05,0.997267006267966,0.999999999992432
"Prelid1",1.57076675635656e-09,0.733377941048624,1.17186500619049e-05,0.997268645904812,0.999999999992432
"Adh5",1.55182707846217e-09,0.729567367073716,1.14377561866574e-05,0.997301579354757,0.999999999992432
"Rpl5",1.5462792125971e-09,0.728442794955242,1.13561211769016e-05,0.99731122631815,0.999999999992432
"Cdc26",1.54402002603574e-09,0.727983751254387,1.13229617654222e-05,0.997315154727958,0.999999999992432
"Klhl7",1.5422412142794e-09,0.727621865631631,1.12968872132113e-05,0.997318247833137,0.999999999992432
"Upf3a",1.53410857335607e-09,0.725962275359565,1.11780584724804e-05,0.997332389360245,0.999999999992432
"Slbp",1.53352316940594e-09,0.725842492464821,1.11695291790659e-05,0.997333407296014,0.999999999992432
"Agtpbp1",1.5307073105388e-09,0.725265715604144,1.11285478069466e-05,0.997338303681658,0.999999999992432
"Ep400",1.5266586556945e-09,0.724434654276648,1.10697566016596e-05,0.997345343727657,0.999999999992432
"Cox7c",1.51980759220149e-09,0.723023566011037,1.0970625816407e-05,0.997357256771839,0.999999999992432
"Tonsl",1.51837905234796e-09,0.722728573720703,1.0950011877041e-05,0.99735974080354,0.999999999992432
"Banf1",1.51545615388835e-09,0.722124175137982,1.09078946375489e-05,0.997364823316658,0.999999999992432
"Ints7",1.50797897854914e-09,0.720572986340301,1.08005223011605e-05,0.997377825083121,0.999999999992432
"Tmem57",1.50564241822051e-09,0.720086753094833,1.07670781734987e-05,0.99738188803623,0.999999999992432
"Ublcp1",1.50038651845371e-09,0.718990386594871,1.06920378989448e-05,0.997391027314431,0.999999999992432
"Paip2",1.49850899069165e-09,0.718597854770359,1.06652954063408e-05,0.997394292073986,0.999999999992432
"Taf13",1.49752137544415e-09,0.718391188025125,1.06512417871876e-05,0.997396009399511,0.999999999992432
"Ufc1",1.49719252217955e-09,0.718322343996291,1.06465643099935e-05,0.997396581229593,0.999999999992432
"Ptma",1.49399594010686e-09,0.717652403719013,1.06011509307213e-05,0.997402139641224,0.999999999992432
"Mrps9",1.49145998536687e-09,0.71711994850194,1.05651920350738e-05,0.997406549313896,0.999999999992432
"Lrp11",1.48632067808696e-09,0.71603824438975,1.04925059172846e-05,0.997415485854886,0.999999999992432
"Tm7sf3",1.48411519445411e-09,0.715572951673621,1.04613903156067e-05,0.997419320884459,0.999999999992432
"Lix1",1.48002341454155e-09,0.714707963030667,1.04037846820655e-05,0.997426435921307,0.999999999992432
"Tax1bp1",1.47778748240625e-09,0.714234334091543,1.03723735777228e-05,0.997430323896766,0.999999999992432
"Zfp120",1.47769824552133e-09,0.714215417260641,1.03711209343326e-05,0.997430479067317,0.999999999992432
"Abca3",1.47667955330052e-09,0.713999393425913,1.03568266240862e-05,0.997432250431636,0.999999999992432
"Abhd12",1.47557596773248e-09,0.713765207298886,1.03413522126782e-05,0.997434169413712,0.999999999992432
"Sorl1",1.47476246016088e-09,0.713592470554236,1.03299526650226e-05,0.997435583990437,0.999999999992432
"Gng3",1.47247594987074e-09,0.713106477482281,1.02979458388061e-05,0.997439559914431,0.999999999992432
"Sec24d",1.47001883693184e-09,0.71258342339177,1.02636062568325e-05,0.99744383249282,0.999999999992432
"Snhg8",1.46822747827335e-09,0.712201566983839,1.02386071247869e-05,0.997446947416958,0.999999999992432
"Wdyhv1",1.46699891869613e-09,0.711939424159192,1.02214797023539e-05,0.997449083711611,0.999999999992432
"Stk32c",1.46563951097367e-09,0.711649118567686,1.02025448275852e-05,0.997451447533056,0.999999999992432
"Rbms3",1.46037926948285e-09,0.710523363145597,1.01294415288072e-05,0.997460594363488,0.999999999992432
"Mtf2",1.45914642710501e-09,0.710258962793939,1.01123463345704e-05,0.997462738105454,0.999999999992432
"Cst3",1.45602779759213e-09,0.709589180360528,1.00691663499855e-05,0.997468160969871,0.999999999992432
"Ncoa6",1.4532676477574e-09,0.708995250166784,1.00310268786782e-05,0.997472960487918,0.999999999992432
"Pogz",1.45139142254832e-09,0.708590911158021,1.00051427044117e-05,0.997476222983593,0.999999999992432
"Mapkapk5",1.45138690424964e-09,0.708589936835435,1.00050804108745e-05,0.997476230840288,0.999999999992432
"Prpf40a",1.44945900741955e-09,0.708173943456173,9.97851829709167e-06,0.997479583185796,0.999999999992432
"Dvl1",1.44919249926016e-09,0.708116396111766,9.97484918737999e-06,0.997480046606568,0.999999999992432
"Med6",1.44756642433234e-09,0.707765058352722,9.95247706995518e-06,0.99748287412564,0.999999999992432
"Nop56",1.44747409266871e-09,0.70774509747193,9.95120749165719e-06,0.997483034677615,0.999999999992432
"Fbxl5",1.44736211696151e-09,0.707720888186536,9.94966791260494e-06,0.997483229387862,0.999999999992432
"Rims1",1.44630738873939e-09,0.707492767301831,9.93517206289803e-06,0.997485063414169,0.999999999992432
"Tmem176a",1.44570208856164e-09,0.707361779150667,9.92685778193646e-06,0.997486115947355,0.999999999992432
"Pef1",1.44408248386036e-09,0.707011037137335,9.90462833385654e-06,0.997488932215667,0.999999999992432
"Arhgap17",1.44306827266315e-09,0.706791208977961,9.89072073851601e-06,0.997490695788519,0.999999999992432
"Gstm5",1.44088124337338e-09,0.706316675042138,9.86076386841852e-06,0.997494498729696,0.999999999992432
"Phlpp2",1.44074864196201e-09,0.706287881658059,9.85894901928157e-06,0.997494729305196,0.999999999992432
"Psme3",1.44061290231297e-09,0.706258404222033,9.85709139165743e-06,0.997494965337657,0.999999999992432
"Fkbp8",1.43887427545994e-09,0.705880607768063,9.83331337017543e-06,0.997497988569116,0.999999999992432
"Zfp523",1.43886055096157e-09,0.705877623766339,9.83312578373792e-06,0.99749801243412,0.999999999992432
"Ep300",1.4376031281664e-09,0.705604118168775,9.81594692110817e-06,0.997500198918347,0.999999999992432
"Rexo4",1.43721688984673e-09,0.705520060752666,9.81067316304482e-06,0.997500870533338,0.999999999992432
"Ppp4c",1.43574326184469e-09,0.705199156430801,9.79056503459333e-06,0.99750343296853,0.999999999992432
"Ermp1",1.43564654072292e-09,0.70517808303352,9.78924596514479e-06,0.997503601153179,0.999999999992432
"Chid1",1.43087321659227e-09,0.704136401790667,9.72425843251089e-06,0.997511901303548,0.999999999992432
"Dlat",1.43064867173553e-09,0.704087318169564,9.72120664446694e-06,0.997512291756,0.999999999992432
"BC004004",1.42835011463236e-09,0.703584451566951,9.68999451127499e-06,0.997516288628945,0.999999999992432
"Elavl3",1.42488821943965e-09,0.702825623120293,9.64308011315122e-06,0.997522308386073,0.999999999992432
"Polr3f",1.41940676141994e-09,0.701620528197315,9.56903013914748e-06,0.997531839884038,0.999999999992432
"Grb2",1.41863838561355e-09,0.701451248108311,9.55867282462266e-06,0.997533175983405,0.999999999992432
"3110002H16Rik",1.41721309878308e-09,0.701137013870411,9.53947553406218e-06,0.9975356543603,0.999999999992432
"Syt1",1.41688239528396e-09,0.701064060471946,9.53502402304233e-06,0.997536229408002,0.999999999992432
"Banp",1.41563637035394e-09,0.700789041229771,9.51826094717816e-06,0.997538396073242,0.999999999992432
"Ackr1",1.41514911097242e-09,0.700681432112659,9.51170973972452e-06,0.997539243350007,0.999999999992432
"B930095G15Rik",1.41232980116579e-09,0.700058107938658,9.47384836667823e-06,0.997544145740413,0.999999999992432
"Tarbp2",1.41109801046388e-09,0.699785398918662,9.45732997373658e-06,0.997546287654362,0.999999999992432
"Kalrn",1.41022491623345e-09,0.699591965562818,9.44563045224666e-06,0.997547805844685,0.999999999992432
"Zfp532",1.40947811000875e-09,0.699426420925175,9.43562894433804e-06,0.997549104437609,0.999999999992432
"P4hb",1.40904838351297e-09,0.699331125623008,9.42987628791658e-06,0.997549851672663,0.999999999992432
"Zmym5",1.40849921824074e-09,0.699209303619932,9.42252728345627e-06,0.997550806595263,0.999999999992432
"Lrpap1",1.4068180271669e-09,0.698836082255077,9.4000471648008e-06,0.997553729954486,0.999999999992432
"Pomp",1.40642568581305e-09,0.698748922213073,9.39480481946436e-06,0.997554412181951,0.999999999992432
"Dock3",1.40624277543258e-09,0.698708280120193,9.39236132657456e-06,0.997554730237858,0.999999999992432
"Ap5z1",1.40610688617317e-09,0.698678082716414,9.39054619282987e-06,0.997554966530526,0.999999999992432
"Actr10",1.40297090530961e-09,0.697980431602721,9.34870622391534e-06,0.997560419568503,0.999999999992432
"Eif3c",1.40250985907897e-09,0.697877739317173,9.34256286407796e-06,0.997561221264286,0.999999999992432
"Macf1",1.40111181943735e-09,0.697566147289769,9.32394657652433e-06,0.997563652262347,0.999999999992432
"Crbn",1.40034373082724e-09,0.697394831644793,9.31372661539003e-06,0.997564987862483,0.999999999992432
"Faap100",1.39894293564061e-09,0.69708216619709,9.29510247660097e-06,0.997567423652091,0.999999999992432
"Usp20",1.3955426480769e-09,0.696321963770859,9.24997181463889e-06,0.997573336283235,0.999999999992432
"Abl2",1.39470491497658e-09,0.696134401604771,9.23886977953709e-06,0.997574792985586,0.999999999992432
"Cops2",1.39270717170254e-09,0.695686689582391,9.21242164538158e-06,0.997578266785714,0.999999999992432
"Kif3c",1.39043247157658e-09,0.695176165667648,9.18235303676081e-06,0.99758222217568,0.999999999992432
"Guk1",1.38269286501113e-09,0.693433159500604,9.08041352100555e-06,0.997595680285087,0.999999999992432
"Fdft1",1.37924476952145e-09,0.692653641317715,9.03518136017332e-06,0.997601676048264,0.999999999992432
"Dennd2a",1.37396501270985e-09,0.69145644069066,8.96614030722521e-06,0.997610856818482,0.999999999992432
"Tm9sf3",1.36877951782602e-09,0.690276352732002,8.8985896232319e-06,0.997619873680493,0.999999999992432
"Sgsm2",1.36560670039931e-09,0.689552203437101,8.85738375003032e-06,0.997625390773526,0.999999999992432
"Hacd3",1.36490772454838e-09,0.689392457577351,8.84831889569442e-06,0.997626606196391,0.999999999992432
"Dstn",1.36428323569528e-09,0.689249669435642,8.8402239712787e-06,0.997627692096616,0.999999999992432
"Papola",1.36352866322018e-09,0.689077055071951,8.83044778289323e-06,0.997629004194375,0.999999999992432
"Psmb1",1.36177945917908e-09,0.688676561695472,8.80780601856287e-06,0.997632045819661,0.999999999992432
"Zbtb1",1.36165275231979e-09,0.688647532231888,8.80616704903557e-06,0.997632266145467,0.999999999992432
"Slc25a39",1.35583888822044e-09,0.687312765843549,8.73112800793544e-06,0.997642375655899,0.999999999992432
"Atg7",1.34915295380892e-09,0.685771048537591,8.64523016566014e-06,0.997654001577188,0.999999999992432
"Ubxn2b",1.34099205871227e-09,0.683879351947815,8.54095817380814e-06,0.997668192253122,0.999999999992432
"Ttc9c",1.33638988243689e-09,0.682807738667148,8.48243501461742e-06,0.997676194806028,0.999999999992432
"Cnot2",1.33218227845648e-09,0.681824929111096,8.42910545573183e-06,0.997683511252071,0.999999999992432
"Zfp862-ps",1.33091483046252e-09,0.681528301438247,8.41307406000507e-06,0.997685715170279,0.999999999992432
"Dpysl3",1.32994790449169e-09,0.68130182604851,8.4008540973241e-06,0.997687396521922,0.999999999992432
"Prkar2a",1.32809426874342e-09,0.680867225985214,8.37745277239607e-06,0.997690619740279,0.999999999992432
"Elob",1.32601342973059e-09,0.680378669238776,8.35122199230605e-06,0.997694238033999,0.999999999992432
"Trip11",1.32273434570479e-09,0.679607298433638,8.30996977150943e-06,0.99769993991159,0.999999999992432
"4932438A13Rik",1.32271879834762e-09,0.679603636752693,8.30977442267125e-06,0.997699966946313,0.999999999992432
"Rnf11",1.3222679375823e-09,0.679497433182922,8.30411046335138e-06,0.997700750931385,0.999999999992432
"Mpp1",1.32168285206796e-09,0.679359560687805,8.29676317817845e-06,0.9977017683149,0.999999999992432
"Adprh",1.32107192826282e-09,0.679215537637845,8.28909489577862e-06,0.997702830627666,0.999999999992432
"Hspa4",1.31847879150711e-09,0.678603510069257,8.2565854462633e-06,0.997707339737121,0.999999999992432
"Pitrm1",1.31836501028209e-09,0.678576629445333,8.25516046487294e-06,0.997707537587081,0.999999999992432
"Tubgcp3",1.31292639661651e-09,0.677289188965968,8.18719139291742e-06,0.997716994591183,0.999999999992432
"Ptprn",1.31138387352546e-09,0.676923117297047,8.16796485728663e-06,0.997719676827579,0.999999999992432
"Srsf6",1.31129138568026e-09,0.676901155080245,8.16681277535967e-06,0.997719837651276,0.999999999992432
"Dtna",1.30791518920465e-09,0.676098432558706,8.12481254740339e-06,0.997725708394647,0.999999999992432
"Fam19a3",1.30741232881913e-09,0.675978704374766,8.11856617762407e-06,0.997726582800012,0.999999999992432
"Sf3b2",1.30550781149423e-09,0.675524852749858,8.09493065296371e-06,0.99772989449492,0.999999999992432
"Tubgcp5",1.30390635026401e-09,0.675142733152308,8.07508279572739e-06,0.997732679216797,0.999999999992432
"Fam234b",1.30183298478648e-09,0.674647351185594,8.0494225379382e-06,0.997736284515608,0.999999999992432
"Psmd8",1.30128958650047e-09,0.674517394978724,8.042704119252e-06,0.997737229410868,0.999999999992432
"Phkg2",1.29843481902933e-09,0.673833816201632,8.00745467827753e-06,0.997742193460898,0.999999999992432
"Ppp4r1l-ps",1.29661625031337e-09,0.67339761210058,7.98504013944514e-06,0.997745355703117,0.999999999992432
"Slc12a9",1.29467749086149e-09,0.672931938375645,7.96117880338747e-06,0.997748726940622,0.999999999992432
"Yipf5",1.29404516873292e-09,0.672779916648358,7.95340420276421e-06,0.997749826462323,0.999999999992432
"Ap1b1",1.29403715401748e-09,0.672777989312316,7.95330568367761e-06,0.997749840398817,0.999999999992432
"Gas2",1.29223293173811e-09,0.672343830694016,7.93114321672411e-06,0.99775297769463,0.999999999992432
"Dnajc1",1.29114676521432e-09,0.672082183497695,7.91781601907202e-06,0.997754866389695,0.999999999992432
"Atg12",1.29078947737615e-09,0.671996070548353,7.91343456836366e-06,0.997755487664394,0.999999999992432
"Chchd7",1.28922640421368e-09,0.671619074719442,7.89428072776392e-06,0.997758205634922,0.999999999992432
"Fam214b",1.28658375246846e-09,0.670980707861972,7.8619505591967e-06,0.997762800845066,0.999999999992432
"Stx5a",1.28650775885612e-09,0.670962332199281,7.86102183554837e-06,0.99776293298757,0.999999999992432
"Dync1i2",1.28503997672867e-09,0.670607212179431,7.84309472201891e-06,0.997765485260083,0.999999999992432
"Smchd1",1.28289964741335e-09,0.670088682675145,7.81698996881945e-06,0.997769207000276,0.999999999992432
"Atp6v1c1",1.28276522212675e-09,0.670056088546986,7.81535188891773e-06,0.997769440747481,0.999999999992432
"Dhcr24",1.27814830313256e-09,0.668934649145787,7.75919521830467e-06,0.997777468938859,0.999999999992432
"Kcnb1",1.27698943980953e-09,0.668652559670089,7.74513148188582e-06,0.997779484043892,0.999999999992432
"mt-Nd2",1.27479170746167e-09,0.668116921081043,7.71849527324175e-06,0.997783305600302,0.999999999992432
"Car10",1.27142057439935e-09,0.667293590181114,7.6777267775599e-06,0.997789167540403,0.999999999992432
"Ktn1",1.2708499787576e-09,0.667154028591412,7.67083701269692e-06,0.997790159728327,0.999999999992432
"Cox14",1.26997829252512e-09,0.666940708494503,7.66031764385939e-06,0.99779167547169,0.999999999992432
"Tgfbr2",1.26727701151617e-09,0.666278763285298,7.62776486128435e-06,0.997796372630658,0.999999999992432
"Tns2",1.26661370611444e-09,0.666116016239302,7.61978205486798e-06,0.997797526028227,0.999999999992432
"Plbd2",1.2654882077094e-09,0.66583968128054,7.60624636957231e-06,0.997799483116361,0.999999999992432
"Sdhd",1.26367678301605e-09,0.665394445491897,7.58448673345625e-06,0.997802632936732,0.999999999992432
"Edf1",1.26355216745162e-09,0.665363793554404,7.58299094195973e-06,0.997802849626196,0.999999999992432
"Kctd10",1.26230012170439e-09,0.66505566590778,7.56797051319061e-06,0.99780502676293,0.999999999992432
"Edrf1",1.26129408278013e-09,0.664807869943229,7.55591214644015e-06,0.997806776127373,0.999999999992432
"Parvb",1.26125554147287e-09,0.664798373156855,7.55545038215168e-06,0.997806843145449,0.999999999992432
"Fcho1",1.26081409657423e-09,0.664689579082242,7.55016242704484e-06,0.997807610757909,0.999999999992432
"Ubp1",1.2603510926383e-09,0.664575432897818,7.54461821071069e-06,0.997808415858595,0.999999999992432
"mt-Nd5",1.25954127610367e-09,0.664375689837607,7.53492600073585e-06,0.997809824019088,0.999999999992432
"Plekhb2",1.2579262861917e-09,0.663976984457278,7.51561575145168e-06,0.997812632266277,0.999999999992432
"Psmd11",1.25677296972319e-09,0.663691958335513,7.50184084272541e-06,0.997814637726331,0.999999999992432
"Abcb8",1.25583213964155e-09,0.663459261187001,7.49061317331917e-06,0.997816273701548,0.999999999992432
"Zfp746",1.25170048796984e-09,0.662435408129279,7.44140644663256e-06,0.997823458080502,0.999999999992432
"Tacc2",1.2515560708441e-09,0.662399562484524,7.43968941521005e-06,0.997823709202198,0.999999999992432
"Prdx5",1.25031333644181e-09,0.662090942012905,7.42492224976085e-06,0.997825870147927,0.999999999992432
"Ubxn2a",1.2483326850057e-09,0.661598464513833,7.40141688629771e-06,0.997829314230827,0.999999999992432
"Aff4",1.24374335153838e-09,0.660454494761498,7.34709622011241e-06,0.997837294456391,0.999999999992432
"Tbca",1.24254442346669e-09,0.66015498086246,7.33293832447932e-06,0.997839379228979,0.999999999992432
"Cpsf7",1.24175999084699e-09,0.659958866809046,7.32368251004312e-06,0.997840743250451,0.999999999992432
"Rasal2",1.24040561745286e-09,0.659619986100187,7.30771550910653e-06,0.997843098321307,0.999999999992432
"Maf",1.23988504453108e-09,0.659489638895026,7.30158299811451e-06,0.997844003526717,0.999999999992432
"Limch1",1.23938221401362e-09,0.6593636848732,7.29566194228672e-06,0.997844877880505,0.999999999992432
"Tspan15",1.23865426474682e-09,0.659181254818941,7.28709426714108e-06,0.997846143685143,0.999999999992432
"Prosc",1.23651843919428e-09,0.658645411038336,7.26198549542941e-06,0.99784985759494,0.999999999992432
"Slc1a3",1.23488298521098e-09,0.658234507600691,7.242788387585e-06,0.997852701426746,0.999999999992432
"Atmin",1.23476905551038e-09,0.658205863811002,7.24145201700159e-06,0.997852899534984,0.999999999992432
"Tomm70a",1.23356012872463e-09,0.657901765088216,7.22727916469554e-06,0.997855001694085,0.999999999992432
"Hspb8",1.23001351235093e-09,0.657007997363898,7.1857805168226e-06,0.99786116877722,0.999999999992432
"Tspan13",1.22544522091512e-09,0.655853147220051,7.13250341095906e-06,0.997869112414412,0.999999999992432
"Tom1l2",1.21627556644117e-09,0.653522691186604,7.02616181967497e-06,0.997885057196451,0.999999999992432
"Uhmk1",1.21259173894584e-09,0.652581748585495,6.98366491907364e-06,0.997891462871695,0.999999999992432
"Acbd5",1.19723967936016e-09,0.648630978775297,6.80795046292691e-06,0.997918158017855,0.999999999992432
"Emc3",1.19553540474174e-09,0.648189428995482,6.78858197857834e-06,0.997921121520048,0.999999999992432
"Slc48a1",1.19386332934061e-09,0.647755640023285,6.76960624080767e-06,0.997924029032201,0.999999999992432
"Arhgef12",1.19241489486671e-09,0.647379403778448,6.75318998488097e-06,0.997926547663161,0.999999999992432
"Zfp9",1.19214334331992e-09,0.647308818930561,6.75011449432519e-06,0.997927019854447,0.999999999992432
"Uso1",1.19106901478791e-09,0.647029417093554,6.73795392143566e-06,0.997928887965966,0.999999999992432
"Atpaf1",1.18315413474143e-09,0.644963575524939,6.64870149009877e-06,0.997942650868584,0.999999999992432
"Birc2",1.18193661967999e-09,0.644644630731193,6.63502494707971e-06,0.997944767962154,0.999999999992432
"Klhl29",1.17594543404969e-09,0.643070596541779,6.56793012029988e-06,0.997955185821641,0.999999999992432
"Son",1.17428217562936e-09,0.642632265939256,6.54936388553163e-06,0.99795807800258,0.999999999992432
"Cers4",1.17230725478085e-09,0.64211103411581,6.52735282400333e-06,0.997961512122271,0.999999999992432
"Grb14",1.17227632262335e-09,0.642102863700173,6.52700837088993e-06,0.997961565909101,0.999999999992432
"Cct2",1.17146972055234e-09,0.641889735613289,6.51802945160089e-06,0.997962968480793,0.999999999992432
"Hipk1",1.17053154817906e-09,0.641641667331941,6.50759369481208e-06,0.997964599835419,0.999999999992432
"Rpn1",1.16883178739784e-09,0.641191741009574,6.48870770867374e-06,0.997967555489105,0.999999999992432
"Kcna2",1.1675308012611e-09,0.640846950127306,6.47427103648007e-06,0.997969817727737,0.999999999992432
"Tbc1d14",1.16656943570436e-09,0.640591931839147,6.46361336708297e-06,0.997971489412202,0.999999999992432
"Cnot1",1.16544319690784e-09,0.640292924110178,6.45113908485743e-06,0.997973447788908,0.999999999992432
"Piezo2",1.16534287119402e-09,0.640266275092341,6.45002845625198e-06,0.997973622241734,0.999999999992432
"Tmem47",1.16067580639874e-09,0.639024170894343,6.39846865776831e-06,0.997981737635341,0.999999999992432
"Brdt",1.1591080461995e-09,0.638605858541234,6.38119511820619e-06,0.997984463758049,0.999999999992432
"Yes1",1.1575226070579e-09,0.638182282107649,6.3637505366055e-06,0.997987220622067,0.999999999992432
"Npr2",1.15738121112749e-09,0.638144479069906,6.36219591734361e-06,0.997987466490448,0.999999999992432
"Abcc5",1.15728278143469e-09,0.638118160719626,6.3611138151723e-06,0.997987637646359,0.999999999992432
"Pias2",1.15506252017853e-09,0.637523936676591,6.33672947820531e-06,0.997991498380133,0.999999999992432
"Ehbp1l1",1.1439727426505e-09,0.634539560625714,6.21563547140296e-06,0.998010782002766,0.999999999992432
"Park7",1.14315229296603e-09,0.634317678464314,6.20672304322046e-06,0.998012208653803,0.999999999992432
"Rev3l",1.14240975077636e-09,0.634116735132035,6.19866242535842e-06,0.99801349983425,0.999999999992432
"Necab1",1.14031433633495e-09,0.633549013968652,6.1759440360592e-06,0.998017143476608,0.999999999992432
"Emc10",1.13863343576093e-09,0.633092882329707,6.1577499359112e-06,0.998020066335434,0.999999999992432
"Zfp74",1.13855491277297e-09,0.633071558581395,6.15690065775663e-06,0.998020202876293,0.999999999992432
"Bcl7a",1.13689952964073e-09,0.632621696303019,6.13901022469118e-06,0.998023081363765,0.999999999992432
"Eif2d",1.13678032958485e-09,0.632589278818442,6.13772298341616e-06,0.998023288636549,0.999999999992432
"Atp6v1g2",1.13603239836558e-09,0.632385798738319,6.12964915534005e-06,0.998024589187834,0.999999999992432
"Cnot6",1.1346209600597e-09,0.632001459851478,6.1144273234204e-06,0.998027043488264,0.999999999992432
"Atp5l",1.13440288534471e-09,0.631942036948329,6.11207715732525e-06,0.998027422690718,0.999999999992432
"Emb",1.13299558769431e-09,0.631558303020306,6.09692173665902e-06,0.998029869791129,0.999999999992432
"Mknk1",1.13181462030411e-09,0.631235933972414,6.08421822172071e-06,0.998031923333822,0.999999999992432
"Chn1",1.13145557528518e-09,0.631137861995888,6.08035864664163e-06,0.99803254766459,0.999999999992432
"Rnf168",1.12953033409955e-09,0.6306114838394,6.05968404346187e-06,0.998035895398865,0.999999999992432
"Mgat5",1.12673438354612e-09,0.629845526330015,6.02972184185857e-06,0.998040757179137,0.999999999992432
"Gfm2",1.12635187104127e-09,0.629740595714885,6.02562850356297e-06,0.99804142231671,0.999999999992432
"Ambra1",1.12593520369037e-09,0.629626257234545,6.02117124940171e-06,0.998042146844948,0.999999999992432
"Jup",1.12530533257406e-09,0.629453336773083,6.01443640173788e-06,0.998043242105737,0.999999999992432
"Otub1",1.12527574799424e-09,0.629445212566546,6.014120163594e-06,0.998043293549325,0.999999999992432
"Rps20",1.12423427932836e-09,0.62915908600867,6.00299290132196e-06,0.998045104522663,0.999999999992432
"Msh3",1.11778971159092e-09,0.627382926129891,5.93436697314538e-06,0.998056310755707,0.999999999992432
"Zfp12",1.11755160102508e-09,0.627317115302781,5.93183897532709e-06,0.998056724797834,0.999999999992432
"Glb1l2",1.11676290009714e-09,0.627099032910586,5.92346925706755e-06,0.998058096242273,0.999999999992432
"Pi4k2a",1.1162973301933e-09,0.62697023026026,5.91853138858781e-06,0.998058905805486,0.999999999992432
"Dmd",1.11537145512964e-09,0.6267139297589,5.9087176087783e-06,0.998060515777239,0.999999999992432
"Mrpl41",1.11520036962085e-09,0.626666547789126,5.90690508538317e-06,0.998060813271845,0.999999999992432
"H2afz",1.11189229803397e-09,0.62574902032281,5.87191319781145e-06,0.998066565561852,0.999999999992432
"Clstn2",1.10779568435251e-09,0.624609181844448,5.82872439904852e-06,0.998073689020274,0.999999999992432
"Kdm5a",1.10714670322095e-09,0.624428242545718,5.82189710374774e-06,0.998074817510907,0.999999999992432
"Txnip",1.10580569695763e-09,0.624054043650741,5.80780236397956e-06,0.998077149339893,0.999999999992432
"Kcnc3",1.10562927674966e-09,0.624004782680127,5.80594935857312e-06,0.998077456110836,0.999999999992432
"Zfp287",1.10538881054545e-09,0.623937626425965,5.80342413097838e-06,0.998077874249128,0.999999999992432
"Dnttip1",1.10520395687112e-09,0.623885991938354,5.80148328525344e-06,0.998078195684733,0.999999999992432
"Esco1",1.10458518547277e-09,0.623713093117745,5.79498894184682e-06,0.998079271644729,0.999999999992432
"Nipbl",1.10345735062106e-09,0.62339771355418,5.78316105586597e-06,0.998081232797414,0.999999999992432
"Arpc5",1.10278653020832e-09,0.623209984934169,5.77613172524224e-06,0.998082399263637,0.999999999992432
"Tmem100",1.10039956469971e-09,0.622541113427187,5.75115407910565e-06,0.998086549874754,0.999999999992432
"Mir22hg",1.09941534589061e-09,0.622264915867207,5.74087079144024e-06,0.998088261298548,0.999999999992432
"Csmd1",1.09936439183809e-09,0.62225061043232,5.74033866524379e-06,0.998088349900775,0.999999999992432
"Gigyf2",1.09876259771973e-09,0.622081608069306,5.73405584114772e-06,0.998089396339604,0.999999999992432
"Slitrk3",1.09751358363978e-09,0.621730565549709,5.72102691960377e-06,0.998091568206688,0.999999999992432
"Trmt2a",1.09707477330644e-09,0.621607145315264,5.71645304662202e-06,0.998092331238698,0.999999999992432
"Akap9",1.0944967382609e-09,0.620881096131844,5.68961822910839e-06,0.998096814094109,0.999999999992432
"Zc3h15",1.09313423720371e-09,0.620496720007969,5.6754614291578e-06,0.998099183299799,0.999999999992432
"B4galnt4",1.09235876434552e-09,0.620277747540412,5.66741190505419e-06,0.998100531742583,0.999999999992432
"Rab3c",1.09146316324443e-09,0.620024670290717,5.65812254012437e-06,0.998102089072197,0.999999999992432
"Irgq",1.09146231744611e-09,0.620024431193415,5.65811377092557e-06,0.998102090542926,0.999999999992432
"Ano8",1.08804100300785e-09,0.619055822315565,5.62269734693063e-06,0.998108039747709,0.999999999992432
"Gnl3l",1.08406446664806e-09,0.617926382086798,5.58167315360384e-06,0.998114954408728,0.999999999992432
"Pdap1",1.08354995739313e-09,0.617779960559639,5.57637616051134e-06,0.998115849071019,0.999999999992432
"Sugp1",1.08124981542385e-09,0.617124566376447,5.55272641024305e-06,0.998119848708109,0.999999999992432
"Nptx1",1.08124085424867e-09,0.61712201042235,5.5526343709248e-06,0.998119864290386,0.999999999992432
"Psmb4",1.07618118399735e-09,0.615675641246537,5.50078881832429e-06,0.998128662375657,0.999999999992432
"Chmp5",1.07544306749811e-09,0.61546410181981,5.49324579367235e-06,0.998129945860879,0.999999999992432
"Ubr1",1.07073532388922e-09,0.614111638894781,5.44525777673663e-06,0.998138131993342,0.999999999992432
"Cep97",1.06865680290706e-09,0.613512713062313,5.4241375299148e-06,0.998141746261619,0.999999999992432
"Scg5",1.06849015958615e-09,0.613464646883188,5.42244601246399e-06,0.99814203603193,0.999999999992432
"Cep85",1.06502142169629e-09,0.612462512637034,5.38729638940769e-06,0.998148067700415,0.999999999992432
"Entpd7",1.0550497964961e-09,0.60956430052559,5.2868878661707e-06,0.998165407015582,0.999999999992432
"Plec",1.05331187588133e-09,0.609056519778201,5.26948466139081e-06,0.998168429025892,0.999999999992432
"Cab39",1.05319586544982e-09,0.609022595846624,5.26832397662377e-06,0.998168630752437,0.999999999992432
"Smc1a",1.05316999702817e-09,0.609015030882807,5.26806518040779e-06,0.998168675734145,0.999999999992432
"Rps29",1.05267826099524e-09,0.60887119396902,5.26314689994933e-06,0.998169530797004,0.999999999992432
"Hnrnpab",1.04982256954662e-09,0.608034616502956,5.23463004410888e-06,0.998174496460598,0.999999999992432
"Rnf139",1.04933633511169e-09,0.60789195833707,5.22978223834363e-06,0.998175341956932,0.999999999992432
"Cox17",1.04859444041216e-09,0.607674169988038,5.22238980180007e-06,0.998176632012111,0.999999999992432
"Add2",1.04570352725584e-09,0.606824123515515,5.19363385311517e-06,0.998181658921623,0.999999999992432
"Pip5k1c",1.04458630562873e-09,0.606495016557545,5.18254210431325e-06,0.998183601619925,0.999999999992432
"Tpp2",1.04454495792528e-09,0.606482830090638,5.18213183285579e-06,0.998183673518026,0.999999999992432
"Ubr3",1.04349591669852e-09,0.606173491291782,5.17172818280955e-06,0.998185497659783,0.999999999992432
"Snx7",1.04237918313314e-09,0.605843866740145,5.1606646952295e-06,0.998187439509433,0.999999999992432
"Arhgap21",1.04070252266774e-09,0.60534833894406,5.14407625271934e-06,0.998190354996762,0.999999999992432
"Smim13",1.03826040199102e-09,0.604625225135387,5.11996231981628e-06,0.99819460151662,0.999999999992432
"2410004P03Rik",1.03315947032816e-09,0.603109608845795,5.06977756267713e-06,0.998203471351845,0.999999999992432
"Hs3st1",1.02740575347336e-09,0.601391478742962,5.01346710785925e-06,0.998213476293132,0.999999999992432
"Dnajc16",1.02594531813425e-09,0.600953920530585,4.99922416520837e-06,0.998216015794196,0.999999999992432
"Tbc1d15",1.02437881784822e-09,0.600483926205885,4.98396934175788e-06,0.99821873972799,0.999999999992432
"Naa35",1.02389844947941e-09,0.600339665339822,4.97929610988046e-06,0.998219575024128,0.999999999992432
"Tapbp",1.02284902012166e-09,0.600024284276868,4.96909443086899e-06,0.998221399840977,0.999999999992432
"Tjp1",1.0172843283623e-09,0.598346794702523,4.91517393829837e-06,0.998231076093477,0.999999999992432
"Sh3glb2",1.01483613870653e-09,0.597606019327928,4.89154475606524e-06,0.998235333166961,0.999999999992432
"Mef2a",1.01478995756786e-09,0.59759202949155,4.89109957687174e-06,0.998235413469769,0.999999999992432
"Ifitm10",1.01381205888626e-09,0.597295648664933,4.8816775378934e-06,0.998237113904444,0.999999999992432
"Srebf2",1.01311436900678e-09,0.597084027276906,4.87496085891878e-06,0.998238327093593,0.999999999992432
"Qtrtd1",1.01268665480812e-09,0.596954225714521,4.87084552919504e-06,0.998239070831235,0.999999999992432
"Tfe3",1.01107915087201e-09,0.59646591859071,4.85539417736049e-06,0.998241866065053,0.999999999992432
"Arpc4",1.00870686064201e-09,0.595743945448491,4.83263653000667e-06,0.998245991159737,0.999999999992432
"Tpd52",1.0085732238137e-09,0.595703226985982,4.83135612741725e-06,0.998246223536267,0.999999999992432
"Hip1r",1.00631008063836e-09,0.595012879302787,4.80969823902526e-06,0.998250158838902,0.999999999992432
"Mfn2",1.00481230245516e-09,0.594555186550411,4.79539151555207e-06,0.998252763274426,0.999999999992432
"Mdm2",1.00346565048173e-09,0.594143121475291,4.78254653723439e-06,0.998255104921742,0.999999999992432
"Rnf215",1.00320673425478e-09,0.59406383490925,4.7800788510661e-06,0.998255555142365,0.999999999992432
"Pcsk2",1.00085620909721e-09,0.593343155262013,4.75770553053693e-06,0.998259642390659,0.999999999992432
"Gpx4",1.00032864062719e-09,0.593181179913495,4.75269111614131e-06,0.998260559761544,0.999999999992432
"Akirin1",9.98381730364330e-10,0.592582731679496,4.73420907283618e-06,0.998263945177661,0.999999999992432
"Vsnl1",9.96991096422832e-10,0.592154594539454,4.72102981174286e-06,0.9982663633038,0.999999999992432
"Anxa7",9.94957203648537e-10,0.591527393367715,4.70178736475015e-06,0.998269899970908,0.999999999992432
"Pcsk7",9.93717031989201e-10,0.591144357731415,4.69007351543927e-06,0.998272056463328,0.999999999992432
"Pde4a",9.9170318324762e-10,0.590521398072209,4.67108314350992e-06,0.998275558276602,0.999999999992432
"Stat3",9.86318992757995e-10,0.588849943851924,4.62050000690952e-06,0.998284920662994,0.999999999992432
"Tex9",9.86062759905738e-10,0.588770183695233,4.61809962707238e-06,0.998285366217624,0.999999999992432
"Erlin2",9.84992115040967e-10,0.588436700237298,4.60807661307712e-06,0.99828722792573,0.999999999992432
"Rps21",9.80934658010889e-10,0.587169754334921,4.57019090143118e-06,0.998294283300467,0.999999999992432
"St7",9.80682445408743e-10,0.587090836392954,4.5678410781329e-06,0.998294721864431,0.999999999992432
"Snap91",9.77788971715117e-10,0.586184079399431,4.54092629040272e-06,0.998299753228018,0.999999999992432
"Praf2",9.77464459422209e-10,0.586082224792811,4.53791267107311e-06,0.998300317511477,0.999999999992432
"Unkl",9.76922916015973e-10,0.585912179122014,4.53288579586543e-06,0.998301259183007,0.999999999992432
"Tcaim",9.74674621227469e-10,0.585205251313924,4.51204579664947e-06,0.99830516866687,0.999999999992432
"Samd14",9.74338534289045e-10,0.58509944295955,4.50893464924556e-06,0.998305753077098,0.999999999992432
"Hnrnpa0",9.72230566210311e-10,0.584435011511944,4.48944571733554e-06,0.998309418551627,0.999999999992432
"Rps25",9.71068517152379e-10,0.584068148322891,4.47872019894556e-06,0.99831143919952,0.999999999992432
"Fbxo22",9.7068169264195e-10,0.583945933869576,4.47515271909873e-06,0.99831211183561,0.999999999992432
"Srf",9.70184101064375e-10,0.583788655296184,4.47056578279045e-06,0.998312977080818,0.999999999992432
"Ppp1cc",9.69355267495599e-10,0.5835265076667,4.46293058811834e-06,0.998314418311553,0.999999999992432
"9330159F19Rik",9.68223233213555e-10,0.58316811797572,4.45251285880029e-06,0.998316386767791,0.999999999992432
"Txn1",9.6720271884826e-10,0.58284469294438,4.44313184303665e-06,0.998318161305815,0.999999999992432
"Ssr4",9.65116784468809e-10,0.582182601502554,4.42398779556913e-06,0.998321788466808,0.999999999992432
"Cpne2",9.64965128482449e-10,0.582134411744457,4.42259755652258e-06,0.998322052176293,0.999999999992432
"Rplp0",9.62803225946718e-10,0.581446668567792,4.4028030289642e-06,0.998325811435791,0.999999999992432
"Dpp6",9.61410559100437e-10,0.581002856888673,4.39007518795537e-06,0.99832823309728,0.999999999992432
"Ldhb",9.58484299447671e-10,0.580068330382859,4.36339158388617e-06,0.998333321471715,0.999999999992432
"Bicd2",9.56660885948959e-10,0.579484635828391,4.34680560715872e-06,0.99833649214412,0.999999999992432
"Dkk3",9.56464024751975e-10,0.579421555214383,4.34501682427253e-06,0.998336834459436,0.999999999992432
"Acad11",9.5366765249001e-10,0.578524173849265,4.31964729111282e-06,0.998341696977165,0.999999999992432
"Riok3",9.52310620272146e-10,0.578087788615871,4.30736265526599e-06,0.998344056674896,0.999999999992432
"Arl1",9.5154072705721e-10,0.577839948859172,4.3004009166876e-06,0.998345395416348,0.999999999992432
"Tomm20",9.50882760525842e-10,0.577627988909675,4.29445573426246e-06,0.998346539532252,0.999999999992432
"Auh",9.5001308490978e-10,0.577347614271453,4.28660392396933e-06,0.99834805178198,0.999999999992432
"Ewsr1",9.48398571362488e-10,0.576826464322081,4.2720464417477e-06,0.998350859205391,0.999999999992432
"Hnrnpa2b1",9.47740590114009e-10,0.576613832338192,4.26612076566179e-06,0.998352003346903,0.999999999992432
"Uckl1",9.47098392421955e-10,0.5764061656671,4.26034119956994e-06,0.998353120042922,0.999999999992432
"Hgsnat",9.46850959119902e-10,0.576326117767483,4.25811542746687e-06,0.99835355029639,0.999999999992432
"Gpx1",9.4560519477628e-10,0.575922794633778,4.24691806065049e-06,0.998355716514218,0.999999999992432
"Atxn7l3b",9.44197049353658e-10,0.575466291542583,4.23427890531847e-06,0.998358165091073,0.999999999992432
"Slc30a7",9.44051347632322e-10,0.575419019955883,4.23297219900218e-06,0.998358418446911,0.999999999992432
"Hnrnpk",9.42068213707035e-10,0.574774920289218,4.21520678034837e-06,0.99836186685202,0.999999999992432
"Stx7",9.41843350212891e-10,0.574701805861437,4.21319475406393e-06,0.998362257859614,0.999999999992432
"Mroh1",9.32438277581766e-10,0.571628796185497,4.12947051964796e-06,0.99837861202559,0.999999999992432
"Swi5",9.29437514685328e-10,0.570642130058823,4.10293445175221e-06,0.998383829951887,0.999999999992432
"Mlxip",9.29345343032955e-10,0.570611775671535,4.1021207219632e-06,0.998383990226094,0.999999999992432
"Rab11fip5",9.26625969596294e-10,0.569714929966183,4.07814927259839e-06,0.998388718853727,0.999999999992432
"Myg1",9.26096900129363e-10,0.569540153070031,4.07349365453824e-06,0.998389638834957,0.999999999992432
"Pddc1",9.21275698340523e-10,0.567943095253298,4.03119135367675e-06,0.998398022261863,0.999999999992432
"Exosc9",9.20873234146845e-10,0.567809417271398,4.02767002818998e-06,0.998398722093427,0.999999999992432
"Rpl18a",9.18457141216492e-10,0.567005746443256,4.00656297713365e-06,0.998402923356872,0.999999999992432
"Eri3",9.1545395555209e-10,0.566003985241221,3.98040436829764e-06,0.99840814549636,0.999999999992432
"5730409E04Rik",9.13253643090335e-10,0.565268051923514,3.96129339476524e-06,0.99841197154643,0.999999999992432
"Rcan2",9.11024028979819e-10,0.564520598002035,3.94197483125483e-06,0.998415848548199,0.999999999992432
"Neo1",9.05848837094222e-10,0.5627789513057,3.89731622353846e-06,0.998424847517269,0.999999999992432
"Zmym3",9.00827625858914e-10,0.561080066761682,3.85422954051846e-06,0.998433578734697,0.999999999992432
"Cbx1",8.99876215749652e-10,0.560757151734597,3.84609254201882e-06,0.998435233110154,0.999999999992432
"Med28",8.98952272897787e-10,0.560443248720002,3.8381986887404e-06,0.998436839723716,0.999999999992432
"Twf1",8.90512607985147e-10,0.557561662208449,3.76646840207597e-06,0.998451515177233,0.999999999992432
"Map3k7",8.9011914555613e-10,0.557426688787117,3.76314079862836e-06,0.998452199356019,0.999999999992432
"Usp19",8.88811207782192e-10,0.556977605879764,3.75208983343287e-06,0.998454473685703,0.999999999992432
"Surf4",8.87330725684936e-10,0.556468521462992,3.73960062220186e-06,0.998457048047013,0.999999999992432
"5730455P16Rik",8.87099977590113e-10,0.556389102840783,3.7376559278601e-06,0.998457449287238,0.999999999992432
"Olfml2b",8.86297895770509e-10,0.556112890469239,3.73090009278503e-06,0.99845884400077,0.999999999992432
"Acadsb",8.84368280927235e-10,0.555447416302698,3.7146722233146e-06,0.998462199344182,0.999999999992432
"Ndufc2",8.84344760571021e-10,0.555439296235391,3.71447463763914e-06,0.998462240242951,0.999999999992432
"Mkrn2",8.84022737398878e-10,0.555328101693608,3.71176997045966e-06,0.998462800198394,0.999999999992432
"Arhgap39",8.80182345152571e-10,0.553999041067599,3.67959050421905e-06,0.998469478129507,0.999999999992432
"Pdcd11",8.78121697141744e-10,0.553283631345571,3.66238164935622e-06,0.998473061322252,0.999999999992432
"Ensa",8.762377450222e-10,0.552628169476142,3.6466837108757e-06,0.998476337264376,0.999999999992432
"Ralbp1",8.7269990334881e-10,0.55139366311903,3.61729592254781e-06,0.998482489100496,0.999999999992432
"Pclo",8.71516483888552e-10,0.550979655470741,3.60749214942962e-06,0.998484546909557,0.999999999992432
"Lrrc8b",8.70896878678912e-10,0.550762679638903,3.60236447507132e-06,0.99848562432062,0.999999999992432
"Stip1",8.70015182984672e-10,0.550453670971712,3.59507410226591e-06,0.998487157472188,0.999999999992432
"Pdhx",8.68986208920436e-10,0.550092669130183,3.58657528403139e-06,0.998488946721264,0.999999999992432
"Lsamp",8.68773407066269e-10,0.550017959763648,3.58481890076347e-06,0.998489316755394,0.999999999992432
"Ints9",8.67926500600824e-10,0.549720459890743,3.57783312867453e-06,0.998490789413132,0.999999999992432
"Sccpdh",8.663067492446e-10,0.549150707506015,3.56449146329745e-06,0.998493605945391,0.999999999992432
"Pmm2",8.64661272183032e-10,0.54857086888902,3.55096341764446e-06,0.998496467211251,0.999999999992432
"Rpl3",8.64112556000759e-10,0.548377277400768,3.54645794735153e-06,0.99849742135575,0.999999999992432
"Anapc1",8.63453258582128e-10,0.548144517450794,3.54104828498902e-06,0.998498567786322,0.999999999992432
"Gabarap",8.63310011769881e-10,0.54809392292537,3.5398734633112e-06,0.998498816873487,0.999999999992432
"Zfp654",8.62616173737558e-10,0.547848747618463,3.53418579184285e-06,0.998500023365599,0.999999999992432
"Slc4a2",8.62061089202813e-10,0.547652467464103,3.52963883168657e-06,0.998500988583824,0.999999999992432
"Prdx1",8.57376814214171e-10,0.545991290747509,3.49138428486818e-06,0.998509133915493,0.999999999992432
"Sfxn5",8.56471545991438e-10,0.545669263145493,3.48401536469013e-06,0.99851070805664,0.999999999992432
"Rpl19",8.55161650489662e-10,0.545202726143897,3.47336654349765e-06,0.99851298579087,0.999999999992432
"Arhgap24",8.54969737275502e-10,0.545134316648364,3.47180775016242e-06,0.998513319502451,0.999999999992432
"Atp8a1",8.52418514107665e-10,0.544223517634705,3.45111896823479e-06,0.998517755740593,0.999999999992432
"Glyr1",8.51604912283165e-10,0.543932513208326,3.44453418234679e-06,0.998519170486083,0.999999999992432
"Mllt6",8.51410305272294e-10,0.543862868150679,3.44296008642478e-06,0.998519508881823,0.999999999992432
"Tmem35a",8.51208846361192e-10,0.543790755034766,3.44133094727806e-06,0.998519859192108,0.999999999992432
"Scap",8.49180843158712e-10,0.543063917788105,3.42495255447904e-06,0.998523385620293,0.999999999992432
"Fxr2",8.43445586678042e-10,0.540999438123877,3.37884541858011e-06,0.998533358469643,0.999999999992432
"Tkt",8.41814294998337e-10,0.540409797494111,3.36578813950223e-06,0.998536195069273,0.999999999992432
"Sema6d",8.40938272899488e-10,0.540092705695106,3.35878666507272e-06,0.998537718355393,0.999999999992432
"Zfp788",8.40605938687152e-10,0.539972329301911,3.35613244135432e-06,0.998538296240466,0.999999999992432
"Mxd4",8.39989592647175e-10,0.539748959881957,3.3512127031003e-06,0.998539367984401,0.999999999992432
"Fbxw9",8.39894012015991e-10,0.539714306646771,3.35045009174311e-06,0.99853953418643,0.999999999992432
"Hdgf",8.37559916832376e-10,0.538866903947752,3.33185392863774e-06,0.998543592868098,0.999999999992432
"Prpf40b",8.36677374778397e-10,0.538545908897185,3.324836037885e-06,0.998545127491581,0.999999999992432
"Ap3s2",8.36327486630405e-10,0.538418559782875,3.32205580857427e-06,0.998545735900627,0.999999999992432
"Coq10b",8.35402598336269e-10,0.538081683457483,3.31471219824298e-06,0.998547344158608,0.999999999992432
"Qsox1",8.35281087625219e-10,0.538037398722829,3.31374800745657e-06,0.998547555449607,0.999999999992432
"Isca2",8.34891283069318e-10,0.537895292634458,3.31065584438858e-06,0.998548233267992,0.999999999992432
"Wdr1",8.34778943745735e-10,0.537854326816743,3.30976496955502e-06,0.998548428611165,0.999999999992432
"Tbc1d8",8.34561957966496e-10,0.537775185644608,3.30804456537268e-06,0.998548805920636,0.999999999992432
"Sp3",8.3418091297841e-10,0.5376361598816,3.3050244755477e-06,0.998549468507297,0.999999999992432
"Fam184a",8.33514564946088e-10,0.537392895125984,3.29974644312365e-06,0.998550627198089,0.999999999992432
"Pdpk1",8.3151414784699e-10,0.536661488245986,3.28392680778088e-06,0.998554105657951,0.999999999992432
"2410002F23Rik",8.30315908850134e-10,0.536222578596654,3.27446913590969e-06,0.998556189236562,0.999999999992432
"Mapre3",8.27992710373878e-10,0.535369884356021,3.25617104186741e-06,0.998560228970456,0.999999999992432
"Actn1",8.27139779213173e-10,0.535056258621217,3.24946600873917e-06,0.998561712104582,0.999999999992432
"Cwf19l2",8.26043547577596e-10,0.534652718983855,3.24085849884404e-06,0.998563618305961,0.999999999992432
"Oscp1",8.24621452505147e-10,0.534128465316188,3.22970934886887e-06,0.998566091140637,0.999999999992432
"Eogt",8.232728688148e-10,0.533630517526377,3.21915427095888e-06,0.998568436148784,0.999999999992432
"Ppp2r2a",8.22383210167837e-10,0.533301597743519,3.21220055950306e-06,0.998569983147164,0.999999999992432
"Spata7",8.20137000879065e-10,0.53246963492414,3.19467729065258e-06,0.998573889007198,0.999999999992432
"1700025G04Rik",8.17571629564461e-10,0.531516807325117,3.17472278123822e-06,0.998578349847704,0.999999999992432
"Laptm4b",8.16797874814097e-10,0.531228862586755,3.1687164709861e-06,0.998579695304612,0.999999999992432
"Mgll",8.14266080686273e-10,0.530284867459129,3.14910304044469e-06,0.9985840977589,0.999999999992432
"Vstm5",8.13706965043962e-10,0.530076021897522,3.14477986325637e-06,0.998585069986873,0.999999999992432
"Prdx3",8.1204375579522e-10,0.529453959162302,3.13193720193731e-06,0.998587962087256,0.999999999992432
"Fam196b",8.11598837896225e-10,0.529287348666415,3.12850617208577e-06,0.9985887357405,0.999999999992432
"Zfp148",8.11591353049408e-10,0.529284545038635,3.12844846800737e-06,0.998588748755656,0.999999999992432
"Zfp266",8.10666660544321e-10,0.528937990321954,3.12132368816934e-06,0.998590356673342,0.999999999992432
"Klhl12",8.10031220678344e-10,0.528699623469844,3.11643231603156e-06,0.998591461619035,0.999999999992432
"Iqsec2",8.09914920490606e-10,0.528655977594968,3.11553749707792e-06,0.998591663849646,0.999999999992432
"Kcna1",8.05963924163317e-10,0.527169674605733,3.08521467593989e-06,0.998598534108583,0.999999999992432
"Pak1",8.05735905442815e-10,0.527083686421595,3.08346922017303e-06,0.998598930602919,0.999999999992432
"Ppp5c",8.05105571810751e-10,0.526845860850557,3.07864666209346e-06,0.99860002666957,0.999999999992432
"Akt1",8.00042678066701e-10,0.52492918403814,3.04004836491453e-06,0.998608830370922,0.999999999992432
"Tnpo1",7.99694620820188e-10,0.524796995892553,3.03740380424928e-06,0.99860943559636,0.999999999992432
"Magi2",7.98306432947784e-10,0.524269233820615,3.02686771379601e-06,0.998611849471158,0.999999999992432
"Sacm1l",7.95925517614505e-10,0.523362022828698,3.00883962685745e-06,0.998615989567521,0.999999999992432
"Sumo3",7.95913966713212e-10,0.52335761525567,3.00875229567739e-06,0.998616009653008,0.999999999992432
"Msrb1",7.95169812137894e-10,0.523073533899326,3.00312874792245e-06,0.998617303639244,0.999999999992432
"Herc1",7.93587026470539e-10,0.522468463939541,2.99118518986589e-06,0.998620055893874,0.999999999992432
"Cdh1",7.9258146594647e-10,0.522083460781118,2.98360968262654e-06,0.998621804430445,0.999999999992432
"Tnfrsf11a",7.91987576415396e-10,0.521855857806472,2.97914005832435e-06,0.998622837125685,0.999999999992432
"Cltc",7.91111879108961e-10,0.521519958506385,2.97255565544005e-06,0.998624359847329,0.999999999992432
"Ddt",7.91039857743994e-10,0.521492316889514,2.97201444811822e-06,0.998624485082944,0.999999999992432
"Spock1",7.90529847737386e-10,0.521296507910466,2.96818336814497e-06,0.998625371922806,0.999999999992432
"Dzip3",7.87903099264026e-10,0.520286111490763,2.94849096087495e-06,0.998629939490569,0.999999999992432
"Sem1",7.8679955035306e-10,0.519860669120072,2.94023734357469e-06,0.998631858416008,0.999999999992432
"Morf4l2",7.85908773913033e-10,0.51951684156489,2.9335835229246e-06,0.998633407358297,0.999999999992432
"Cds2",7.84469120984045e-10,0.518960371750183,2.92284570188374e-06,0.998635910724141,0.999999999992432
"Ube2z",7.82625193545246e-10,0.518246218779567,2.90912130890369e-06,0.998639117069854,0.999999999992432
"Vps54",7.82346293522453e-10,0.518138061680739,2.90704826183832e-06,0.998639602040074,0.999999999992432
"Zmat2",7.81515420098755e-10,0.517815632719971,2.90087680922945e-06,0.998641046818973,0.999999999992432
"Mapk10",7.80398407286468e-10,0.517381650889101,2.89259034218824e-06,0.9986429891564,0.999999999992432
"Sgpp1",7.78890529610844e-10,0.516794873360959,2.881423075387e-06,0.998645611156099,0.999999999992432
"Dpf2",7.78690147950757e-10,0.516716815359196,2.87994068460993e-06,0.998645959593285,0.999999999992432
"Magi3",7.78371891765579e-10,0.516592800504058,2.87758706132044e-06,0.99864651299867,0.999999999992432
"Iscu",7.76393446920468e-10,0.515820777932243,2.86297730471626e-06,0.998649953252423,0.999999999992432
"Pla2r1",7.75865516184482e-10,0.51561445457246,2.85908510329782e-06,0.99865087125411,0.999999999992432
"Trmt2b",7.7503993891483e-10,0.515291538921496,2.8530037920194e-06,0.998652306823733,0.999999999992432
"Psmc3",7.73557199484862e-10,0.51471076008214,2.84209799344312e-06,0.998654885111401,0.999999999992432
"Sh3pxd2b",7.71812764587836e-10,0.51402612144835,2.82929411872203e-06,0.998657918452877,0.999999999992432
"Steap2",7.69838266930313e-10,0.513249414257868,2.8148364961224e-06,0.998661351843076,0.999999999992432
"Cox7b",7.68516134072694e-10,0.51272826895302,2.80517630586656e-06,0.99866365085721,0.999999999992432
"Txnrd1",7.68457233417692e-10,0.512705032261617,2.80474633339668e-06,0.998663753277657,0.999999999992432
"Srp9",7.68229487011776e-10,0.512615168902117,2.80308410363704e-06,0.99866414929853,0.999999999992432
"Cpne6",7.67935807648526e-10,0.512499252588177,2.80094138295183e-06,0.998664659968093,0.999999999992432
"Letm1",7.62151699422955e-10,0.510207620135235,2.75890678840535e-06,0.998674717767268,0.999999999992432
"Rpl14",7.61921714028984e-10,0.510116160034917,2.75724199508098e-06,0.998675117681454,0.999999999992432
"Chga",7.61215460711508e-10,0.509835134711113,2.75213278568857e-06,0.998676345762577,0.999999999992432
"Sec23a",7.59595498304098e-10,0.509189598545987,2.74043147924943e-06,0.998679162662988,0.999999999992432
"Cog3",7.59396018417292e-10,0.509110017715056,2.73899232069127e-06,0.998679509532134,0.999999999992432
"Bag1",7.57230369240703e-10,0.508244769720022,2.72339245369107e-06,0.998683275309706,0.999999999992432
"Dbndd2",7.54848153711881e-10,0.507290277061479,2.70628404645668e-06,0.998687417667564,0.999999999992432
"Clip1",7.54729398521662e-10,0.507242620056807,2.70543259045337e-06,0.998687624167141,0.999999999992432
"Selenow",7.47901632010143e-10,0.504490556916509,2.65670384870262e-06,0.998699496750623,0.999999999992432
"1810041L15Rik",7.47471990928219e-10,0.504316584587699,2.65365237451609e-06,0.998700243839685,0.999999999992432
"Slc25a46",7.47284358190739e-10,0.504240577635894,2.65232028563068e-06,0.998700570108219,0.999999999992432
"Llgl1",7.46979452014997e-10,0.504117026457954,2.65015633333592e-06,0.998701100299765,0.999999999992432
"Fam102b",7.45959370822504e-10,0.503703330334935,2.64292312564764e-06,0.998702874086157,0.999999999992432
"Rabac1",7.45169700859242e-10,0.503382708781735,2.63733050914838e-06,0.998704247217874,0.999999999992432
"Ap2s1",7.44264662148703e-10,0.503014848065649,2.63092811056549e-06,0.998705820960602,0.999999999992432
"Cd99l2",7.4365059195192e-10,0.502765011936744,2.62658850358445e-06,0.998706888747536,0.999999999992432
"Pi4ka",7.41713549345255e-10,0.501975634767423,2.61292297950366e-06,0.998710257008697,0.999999999992432
"Dysf",7.39372424801791e-10,0.501018969552528,2.59645429270325e-06,0.998714327914988,0.999999999992432
"Smyd5",7.38014747592477e-10,0.500462856146374,2.58692753686624e-06,0.998716688736306,0.999999999992432
"Camk4",7.37765118886923e-10,0.500360500846691,2.58517780988448e-06,0.99871712280765,0.999999999992432
"Hs3st2",7.3754817155694e-10,0.50027151917281,2.58365763781999e-06,0.998717500050399,0.999999999992432
"Josd2",7.37031259579582e-10,0.50005940575652,2.5800373845869e-06,0.998718398892048,0.999999999992432
"Fkbp15",7.3672606705931e-10,0.499934104481286,2.5779011248959e-06,0.998718929581528,0.999999999992432
"Ugp2",7.35024795616504e-10,0.499234717642435,2.56600892791389e-06,0.998721887867858,0.999999999992432
"Akap8",7.33521754518065e-10,0.498615541996708,2.55552527204999e-06,0.998724501457816,0.999999999992432
"Arid4b",7.32935566090222e-10,0.498373735772563,2.55144244623922e-06,0.998725520762076,0.999999999992432
"Prkar2b",7.32576418544234e-10,0.498225494490721,2.54894258178829e-06,0.998726145272228,0.999999999992432
"Armcx2",7.32236809176016e-10,0.498085254241718,2.54657984089417e-06,0.99872673580807,0.999999999992432
"Rpn2",7.31469404862232e-10,0.497768130190134,2.54124486654266e-06,0.998728070222829,0.999999999992432
"Pcgf2",7.31287223068139e-10,0.497692798515696,2.53997916522467e-06,0.99872838701291,0.999999999992432
"Gpr158",7.28630191122756e-10,0.496592092301456,2.52155536363354e-06,0.998733007240609,0.999999999992432
"Slc30a4",7.28259248817087e-10,0.496438121936975,2.51898859250534e-06,0.9987336522603,0.999999999992432
"Pitpnb",7.27953429984171e-10,0.496311126919406,2.51687343254043e-06,0.998734184038871,0.999999999992432
"Fuk",7.26409277075756e-10,0.495669123484665,2.50620704849106e-06,0.998736869116904,0.999999999992432
"Aarsd1",7.25245483194983e-10,0.495184402379686,2.49818299906765e-06,0.998738892800815,0.999999999992432
"Txlng",7.25127356551272e-10,0.495135161237253,2.49736926648452e-06,0.998739098207454,0.999999999992432
"Tmco3",7.22390805202165e-10,0.493992290407769,2.47855523760741e-06,0.998743856708997,0.999999999992432
"Sod1",7.19816780695472e-10,0.492913536144125,2.46092351940748e-06,0.998748332597858,0.999999999992432
"Ubl4a",7.19487540631236e-10,0.492775289865167,2.45867280966855e-06,0.998748905102874,0.999999999992432
"Mettl3",7.17374193223196e-10,0.491886472190093,2.44425032594388e-06,0.9987525799351,0.999999999992432
"Zcchc6",7.16964668764928e-10,0.491713949442162,2.44146044421324e-06,0.998753292044088,0.999999999992432
"Tenm1",7.16350121776547e-10,0.491454879940835,2.43727683741293e-06,0.9987543606602,0.999999999992432
"Tmem128",7.16335908474539e-10,0.491448885658802,2.43718012099718e-06,0.998754385375257,0.999999999992432
"Zyg11b",7.16193158449162e-10,0.491388676357715,2.43620886476156e-06,0.998754633598713,0.999999999992432
"H1f0",7.15000097192122e-10,0.490885019084429,2.42809897021796e-06,0.998756708174801,0.999999999992432
"Lta4h",7.13843083055006e-10,0.490395816187048,2.42024702221669e-06,0.998758720069711,0.999999999992432
"Osbpl6",7.1282735614666e-10,0.489965730372729,2.41336438618737e-06,0.998760486284782,0.999999999992432
"Gtpbp6",7.12183530991172e-10,0.489692816104073,2.4090068569787e-06,0.998761605811778,0.999999999992432
"Prpf38a",7.11515990382519e-10,0.489409601382367,2.40449297486686e-06,0.998762766576822,0.999999999992432
"Tfdp1",7.09690422024833e-10,0.48863378399425,2.39217017370061e-06,0.998765940999344,0.999999999992432
"Dcaf8",7.09679170052741e-10,0.488628996333325,2.39209431972874e-06,0.99876596056504,0.999999999992432
"Peli1",7.09650707894522e-10,0.488616885497672,2.39190245048811e-06,0.998766010056978,0.999999999992432
"Adck2",7.09495776968497e-10,0.488550953275881,2.39085816432022e-06,0.998766279461419,0.999999999992432
"Morc3",7.09044957739178e-10,0.488359025348793,2.38782078923087e-06,0.998767063376584,0.999999999992432
"Eef2k",7.08311828475746e-10,0.488046661480406,2.38288548504329e-06,0.998768338191658,0.999999999992432
"Farsa",7.07911047418946e-10,0.487875771112694,2.38018965211092e-06,0.998769035097046,0.999999999992432
"Zeb1",7.06486906206602e-10,0.48726778237257,2.3706225841989e-06,0.998771511490752,0.999999999992432
"Rad17",7.04152828127746e-10,0.486268804735507,2.3549844233564e-06,0.998775570144663,0.999999999992432
"Ide",7.01369846495122e-10,0.48507357841117,2.33640627702e-06,0.998780409382685,0.999999999992432
"Pkia",7.01276978369525e-10,0.485033616065941,2.33578759257642e-06,0.998780570868108,0.999999999992432
"Parm1",6.99401729452376e-10,0.484225594902927,2.32331227433079e-06,0.998783831678681,0.999999999992432
"Snx25",6.97878336310798e-10,0.483567667485402,2.31320230955676e-06,0.998786480658476,0.999999999992432
"Ube2l3",6.97389767488336e-10,0.483356374017443,2.30996460214985e-06,0.998787330215237,0.999999999992432
"Pdhb",6.96064674498852e-10,0.482782596665324,2.30119472895768e-06,0.99878963437723,0.999999999992432
"Ppp1r9b",6.95825107161378e-10,0.482678751079284,2.2996109789287e-06,0.998790050953243,0.999999999992432
"Jph4",6.94161033223613e-10,0.481956483916553,2.28862503768714e-06,0.998792944558427,0.999999999992432
"Ptgr2",6.92930304621187e-10,0.481421245159798,2.28051689212942e-06,0.998795084633216,0.999999999992432
"Dalrd3",6.92273768193231e-10,0.481135350714661,2.27619745884176e-06,0.998796226263514,0.999999999992432
"Tmem181a",6.91291284457771e-10,0.480707038225763,2.26974122671847e-06,0.998797934673216,0.999999999992432
"Strn3",6.90394811833858e-10,0.480315717323751,2.26385820296009e-06,0.998799493520937,0.999999999992432
"Usp48",6.90159238175118e-10,0.480212806549597,2.2623135378946e-06,0.998799903152478,0.999999999992432
"Rps6kb2",6.89925329514179e-10,0.480110590111662,2.26078031185893e-06,0.998800309888807,0.999999999992432
"Sez6l2",6.88915444750676e-10,0.47966889935486,2.25416667841742e-06,0.998802065945298,0.999999999992432
"Sh3pxd2a",6.86348073859778e-10,0.478543239370151,2.23739684615742e-06,0.998806530264899,0.999999999992432
"Lpin1",6.86184933976152e-10,0.478471575835731,2.2363333470523e-06,0.998806813943656,0.999999999992432
"Ppp1r9a",6.85739951821768e-10,0.478276023272578,2.23343382035795e-06,0.998807587708978,0.999999999992432
"Myo5a",6.85603513028622e-10,0.478216039516952,2.23254515491245e-06,0.998807824958058,0.999999999992432
"Ryk",6.83282588539394e-10,0.477193930731067,2.21745538880646e-06,0.99881186073989,0.999999999992432
"Ppip5k2",6.82713385534494e-10,0.47694275661277,2.21376246126414e-06,0.99881285050891,0.999999999992432
"Agfg2",6.81786686971538e-10,0.476533403337017,2.2077567252896e-06,0.9988144619156,0.999999999992432
"Syt4",6.81487072738867e-10,0.476400940787779,2.20581673436384e-06,0.998814982905272,0.999999999992432
"Sypl",6.81334064369342e-10,0.476333272864525,2.20482633983817e-06,0.998815248966666,0.999999999992432
"Zfp639",6.76210692022681e-10,0.47405908743195,2.17179210441398e-06,0.998824157836174,0.999999999992432
"Otud4",6.74731927677164e-10,0.473399642613677,2.16230376838254e-06,0.998826729212571,0.999999999992432
"Cd59a",6.71072665447329e-10,0.471761898971708,2.13891379528665e-06,0.998833092187602,0.999999999992432
"Plxna1",6.68164055377454e-10,0.470454055250313,2.12041271723743e-06,0.998838149877454,0.999999999992432
"Hmgb1",6.68106506082218e-10,0.470428123939052,2.12004746860926e-06,0.998838249948099,0.999999999992432
"Tln1",6.68012069894395e-10,0.470385567052976,2.11944817777933e-06,0.998838414160194,0.999999999992432
"Caml",6.67038010195133e-10,0.469946281321969,2.11327175074129e-06,0.99884010792174,0.999999999992432
"Hspbp1",6.6646953714203e-10,0.469689627162284,2.10967127786046e-06,0.998841096421521,0.999999999992432
"Atp5c1",6.63824610712723e-10,0.468492754681469,2.09295977683399e-06,0.998845695600313,0.999999999992432
"Gclm",6.6252777676591e-10,0.46790426004571,2.08479023921506e-06,0.998847950623801,0.999999999992432
"Trim32",6.62162738978359e-10,0.467738410957531,2.08249352777521e-06,0.998848585376454,0.999999999992432
"Mapre2",6.61514777976033e-10,0.467443806196306,2.07841986341066e-06,0.998849712095329,0.999999999992432
"Nrbp2",6.59009802651498e-10,0.466302298980942,2.06270885268999e-06,0.998854067917645,0.999999999992432
"Rab24",6.58165827485658e-10,0.465916774415439,2.0574289303144e-06,0.998855535479359,0.999999999992432
"Crmp1",6.57211849513097e-10,0.465480435166051,2.05146897508628e-06,0.998857194321478,0.999999999992432
"Zw10",6.54831433546986e-10,0.464389029276005,2.03663508011063e-06,0.998861333551522,0.999999999992432
"Rit2",6.53367862177474e-10,0.463716118403737,2.02754135128802e-06,0.998863878509508,0.999999999992432
"Gmpr",6.52165741540711e-10,0.463162343643509,2.02008733580282e-06,0.998865968839088,0.999999999992432
"Rps13",6.51967500865486e-10,0.463070927999226,2.01885941907262e-06,0.998866313553533,0.999999999992432
"Rtfdc1",6.4631701401044e-10,0.46045412789887,1.98401686929444e-06,0.998876139006643,0.999999999992432
"Chpf2",6.46303381548505e-10,0.460447788322075,1.98393317430075e-06,0.9988761627117,0.999999999992432
"Acin1",6.45528054978326e-10,0.460087024837319,1.97917604781084e-06,0.998877510902596,0.999999999992432
"Psma6",6.44339278767316e-10,0.459533080906471,1.97189323188812e-06,0.998879578028026,0.999999999992432
"Dhdh",6.42987180196437e-10,0.458901850982223,1.96362616916967e-06,0.998881929149562,0.999999999992432
"Fbxo31",6.41278917542686e-10,0.458102539774159,1.9532062620542e-06,0.998884899593595,0.999999999992432
"Ube2a",6.39417447420299e-10,0.457229235247942,1.9418833944327e-06,0.998888136445279,0.999999999992432
"Slc6a17",6.3696105226077e-10,0.456073119342866,1.92699211901813e-06,0.998892407793375,0.999999999992432
"Ypel5",6.36820838427259e-10,0.456006999219323,1.92614383728187e-06,0.99889265160679,0.999999999992432
"Mvp",6.36037982672946e-10,0.455637576444127,1.92141105890739e-06,0.998894012889986,0.999999999992432
"Uqcr10",6.35248721670423e-10,0.45526469357438,1.9166454507238e-06,0.998895385311069,0.999999999992432
"2410006H16Rik",6.34770922171563e-10,0.455038745400187,1.91376334232244e-06,0.998896216141561,0.999999999992432
"Socs5",6.34737609360438e-10,0.455022985971292,1.91356247879307e-06,0.998896274068159,0.999999999992432
"Ppp4r3b",6.34091428663708e-10,0.454717139069994,1.90966834137919e-06,0.998897397691412,0.999999999992432
"Zbtb43",6.33921394637672e-10,0.454636610240465,1.90864430905236e-06,0.998897693358222,0.999999999992432
"Rpl27a",6.30861356350099e-10,0.453183844926995,1.8902621306097e-06,0.998903014362414,0.999999999992432
"Il6st",6.28703796104267e-10,0.452155505270498,1.87735476085695e-06,0.998906766075994,0.999999999992432
"Esyt2",6.28494215860492e-10,0.452055436245828,1.87610332610838e-06,0.998907130508483,0.999999999992432
"Cse1l",6.27712795935222e-10,0.451682049251611,1.87144102973546e-06,0.998908489294995,0.999999999992432
"Ophn1",6.26680490215946e-10,0.451188103602626,1.86529073062632e-06,0.998910284338922,0.999999999992432
"Ulk3",6.26199233619238e-10,0.450957563993713,1.86242694661894e-06,0.998911121180874,0.999999999992432
"Nlgn2",6.26075127588466e-10,0.450898085342605,1.86168879333177e-06,0.998911336984946,0.999999999992432
"Stx16",6.25415786696972e-10,0.450581903841732,1.85776964324805e-06,0.998912483492077,0.999999999992432
"Yod1",6.239083319641e-10,0.449857825106043,1.84882478243669e-06,0.99891510475769,0.999999999992432
"Dus3l",6.23092911661819e-10,0.449465459725279,1.84399527777086e-06,0.998916522666406,0.999999999992432
"Pcdha6",6.2216378019758e-10,0.4490177836166,1.83849999259769e-06,0.99891813830389,0.999999999992432
"Fam206a",6.22080016342223e-10,0.448977393133558,1.83800497991577e-06,0.998918283958224,0.999999999992432
"Uri1",6.19623098345795e-10,0.447790376353926,1.82351517244143e-06,0.998922556215686,0.999999999992432
"Kcna6",6.19098182988591e-10,0.447536193128945,1.82042688965416e-06,0.998923468974501,0.999999999992432
"Dhx33",6.17651821292985e-10,0.446834751175662,1.8119309187705e-06,0.9989259840074,0.999999999992432
"Fbrs",6.17423167580184e-10,0.446723718184644,1.81058961925462e-06,0.998926381606157,0.999999999992432
"Cux2",6.16284696943345e-10,0.446170300994702,1.80391865904502e-06,0.998928361256978,0.999999999992432
"Arih2",6.15889409108248e-10,0.445977922122098,1.80160531775097e-06,0.998929048610577,0.999999999992432
"Homer1",6.14821584228657e-10,0.445457645609066,1.79536351128941e-06,0.998930905417719,0.999999999992432
"Rala",6.14247660983208e-10,0.44517765810958,1.79201320625581e-06,0.998931903394826,0.999999999992432
"Cul3",6.13847130911169e-10,0.444982112908588,1.78967694610451e-06,0.99893259986399,0.999999999992432
"Tbk1",6.13173023313911e-10,0.444652728949005,1.78574837063055e-06,0.998933772048523,0.999999999992432
"Pank4",6.12653659596774e-10,0.444398721596696,1.78272455811622e-06,0.998934675153783,0.999999999992432
"Abi2",6.10674793868502e-10,0.44342903144618,1.77122678889769e-06,0.998938116141277,0.999999999992432
"Spats2l",6.10587118575664e-10,0.443385999494217,1.77071823121307e-06,0.998938268597092,0.999999999992432
"Cdk9",6.10310568568513e-10,0.443250227386526,1.76911459029839e-06,0.99893874948122,0.999999999992432
"Pptc7",6.10273847261767e-10,0.443232194681496,1.76890170771533e-06,0.998938813334748,0.999999999992432
"Ythdf3",6.08580253384216e-10,0.442399400758718,1.7590974395642e-06,0.998941758271995,0.999999999992432
"Rnf38",6.08390652784705e-10,0.442306031128258,1.75800153159482e-06,0.998942087962529,0.999999999992432
"Vps37a",6.06587911351009e-10,0.441416879902333,1.747598588104e-06,0.998945222693054,0.999999999992432
"Radil",6.05517843177981e-10,0.440887911057772,1.74143822738126e-06,0.998947083401038,0.999999999992432
"Pfkp",6.05466512626966e-10,0.440862514413862,1.74114299183712e-06,0.998947172658124,0.999999999992432
"Psmb5",6.0514441828612e-10,0.440703106181861,1.73929098805848e-06,0.998947732737872,0.999999999992432
"Nedd4l",6.04208641349840e-10,0.440239521641101,1.73391597371033e-06,0.998949359931044,0.999999999992432
"Fbxo33",6.0314177081778e-10,0.439710160448157,1.72779811789355e-06,0.998951215078763,0.999999999992432
"Dctn4",6.01826447249471e-10,0.439056295810975,1.72027041660403e-06,0.998953502253686,0.999999999992432
"Gm16286",6.01202105332902e-10,0.438745451976886,1.7167030100054e-06,0.998954587902277,0.999999999992432
"Gm12116",5.9905231147944e-10,0.437672773873043,1.70444769968165e-06,0.998958326111447,0.999999999992432
"Pik3ip1",5.98263503745654e-10,0.437278266887628,1.69996196004829e-06,0.998959697744504,0.999999999992432
"Patj",5.98102138699424e-10,0.437197502393218,1.69904504820531e-06,0.998959978337128,0.999999999992432
"Nckipsd",5.9721175278108e-10,0.436751484568706,1.69399012650614e-06,0.998961526601313,0.999999999992432
"P2rx4",5.96966504574368e-10,0.436628522304967,1.69259911993001e-06,0.998961953055738,0.999999999992432
"Stoml1",5.96939938789009e-10,0.436615199901601,1.6924484775604e-06,0.998961999250151,0.999999999992432
"Igsf3",5.96540637179441e-10,0.436414887341653,1.6901850291561e-06,0.998962693583214,0.999999999992432
"Cox10",5.96402320329209e-10,0.43634546998349,1.68940133077192e-06,0.998962934098054,0.999999999992432
"Aptx",5.96348026527423e-10,0.436318217263195,1.68909375367911e-06,0.998963028507845,0.999999999992432
"Srpr",5.96013891544772e-10,0.436150446632261,1.68720147878633e-06,0.998963609524703,0.999999999992432
"Pard3",5.94761814245812e-10,0.435520977459698,1.6801201413406e-06,0.998965786722715,0.999999999992432
"Phf21a",5.94603366589841e-10,0.435441229793998,1.6792250750073e-06,0.998966062242383,0.999999999992432
"Fam174a",5.94392467610103e-10,0.435335051736057,1.67803408259435e-06,0.998966428968016,0.999999999992432
"Lrfn2",5.92873185852032e-10,0.434569103159945,1.6694668529038e-06,0.998969070799509,0.999999999992432
"Phka1",5.92635178219873e-10,0.43444894229523,1.6681267143875e-06,0.998969484663531,0.999999999992432
"Zfp871",5.92467080795843e-10,0.434364048770438,1.66718054026234e-06,0.998969776962881,0.999999999992432
"Nr3c2",5.89531788170828e-10,0.432877950581264,1.65070185164043e-06,0.998974881051383,0.999999999992432
"Inpp5f",5.8772555360979e-10,0.4319599815676,1.64060235477872e-06,0.998978021856166,0.999999999992432
"Paip2b",5.87513477016399e-10,0.431852023723035,1.63941856897348e-06,0.998978390629522,0.999999999992432
"Lmbr1",5.8579643862744e-10,0.430976597582538,1.62985000138087e-06,0.998981376333887,0.999999999992432
"Rab12",5.83214564520057e-10,0.429655638729876,1.61551466645244e-06,0.998985865874069,0.999999999992432
"Rps8",5.83086940625855e-10,0.429590198790015,1.61480770292105e-06,0.99898608779527,0.999999999992432
"Ube4b",5.82734967707332e-10,0.429409651970291,1.61285877559554e-06,0.998986699829979,0.999999999992432
"Degs1",5.82438342260986e-10,0.429257415543131,1.61121722937428e-06,0.998987215622698,0.999999999992432
"Ahi1",5.81910390675667e-10,0.428986273814604,1.60829757558382e-06,0.998988133661213,0.999999999992432
"Rheb",5.80929512645651e-10,0.42848190026869,1.60288019787203e-06,0.998989839279374,0.999999999992432
"Vgf",5.80712668104117e-10,0.428370288279232,1.6016838016003e-06,0.998990216343573,0.999999999992432
"Cep83",5.80123303933985e-10,0.428066736669974,1.59843435974329e-06,0.998991241170518,0.999999999992432
"Cox6c",5.78993973789329e-10,0.427484256566402,1.59221705030063e-06,0.998993204927433,0.999999999992432
"Tssc4",5.78462856501565e-10,0.42720994638289,1.58929727504949e-06,0.998994128470697,0.999999999992432
"Fasn",5.77963975126005e-10,0.426952067327055,1.58655715472659e-06,0.998994995959943,0.999999999992432
"Man1a2",5.7576116801137e-10,0.425810870182746,1.57448643931154e-06,0.99899882635246,0.999999999992432
"Acvr1",5.75481760443275e-10,0.425665822613201,1.57295866457582e-06,0.998999312205558,0.999999999992432
"Map2k4",5.74510137647166e-10,0.425160907191465,1.56765169424829e-06,0.999001001730112,0.999999999992432
"Pcgf3",5.73637331108893e-10,0.424706650712349,1.56289210092401e-06,0.999002519426163,0.999999999992432
"Plekha6",5.73351517434746e-10,0.424557754858515,1.5613350730712e-06,0.999003016418642,0.999999999992432
"Camk2n2",5.71291283283443e-10,0.423482376434109,1.5501344870413e-06,0.999006598895529,0.999999999992432
"Smad4",5.70386593344685e-10,0.423008991789122,1.54522882609245e-06,0.999008172032644,0.999999999992432
"Eif4g1",5.70128367949771e-10,0.422873742894033,1.54383003093509e-06,0.999008621052729,0.999999999992432
"Tomm34",5.69632757800853e-10,0.422613997556923,1.54114710789877e-06,0.999009482853759,0.999999999992432
"Trove2",5.69481515381221e-10,0.422534689854287,1.540328840792e-06,0.999009745844486,0.999999999992432
"Ahcyl1",5.68813660534193e-10,0.422184244230076,1.53671814283136e-06,0.999010907156453,0.999999999992432
"Rpl24",5.6742854335953e-10,0.421456179542586,1.52924313565711e-06,0.99901331569352,0.999999999992432
"Zscan21",5.67266564785049e-10,0.421370927862459,1.52837018250354e-06,0.999013597353013,0.999999999992432
"Lig3",5.66966644386455e-10,0.421213014326189,1.52675447572689e-06,0.999014118875244,0.999999999992432
"Pex16",5.65169668737434e-10,0.420265208681002,1.51709185138435e-06,0.999017243580188,0.999999999992432
"Ctnna1",5.64627659617433e-10,0.419978766738894,1.51418340326912e-06,0.999018186062955,0.999999999992432
"Disp2",5.6350594319405e-10,0.419385129452341,1.50817308047593e-06,0.99902013658069,0.999999999992432
"Slc7a1",5.62350314678952e-10,0.418772370003494,1.50199355141856e-06,0.999022146067111,0.999999999992432
"Tsta3",5.60961279073367e-10,0.418034264013493,1.49458270517801e-06,0.999024561417857,0.999999999992432
"Cacng7",5.59079288836206e-10,0.417031437075212,1.48457106338886e-06,0.999027833952071,0.999999999992432
"Osbpl8",5.58898893947102e-10,0.416935144490829,1.48361318198815e-06,0.999028147635127,0.999999999992432
"Acox1",5.58134301018573e-10,0.416526686103394,1.47955669077649e-06,0.999029477161965,0.999999999992432
"Vmp1",5.57694081219288e-10,0.416291272102113,1.47722365629011e-06,0.999030242646468,0.999999999992432
"Hspa5",5.5376237225154e-10,0.414180869290884,1.45646840489778e-06,0.999037079372828,0.999999999992432
"Atp5k",5.53653798706586e-10,0.414122389101931,1.45589733527127e-06,0.999037268167988,0.999999999992432
"St6gal1",5.51876793247427e-10,0.413163701941878,1.4465666463655e-06,0.9990403581475,0.999999999992432
"Errfi1",5.51673659766064e-10,0.413053925557561,1.44550194481106e-06,0.999040711369992,0.999999999992432
"Dhx9",5.51606067615578e-10,0.413017389229945,1.44514775498245e-06,0.99904082890388,0.999999999992432
"Eif1ax",5.50352302630247e-10,0.412338905652186,1.43858576583157e-06,0.99904300903682,0.999999999992432
"2900011O08Rik",5.50307270540614e-10,0.412314508919443,1.43835035345133e-06,0.999043087341721,0.999999999992432
"Frs2",5.48966781816762e-10,0.411587411518956,1.43135155761127e-06,0.999045418275881,0.999999999992432
"Lgals9",5.47160042778161e-10,0.410604741128222,1.42194543972008e-06,0.999048559958228,0.999999999992432
"Phactr1",5.46938761124464e-10,0.410484176058751,1.42079555015015e-06,0.999048944738017,0.999999999992432
"Tbcel",5.46825286928507e-10,0.41042233179124,1.42020606218741e-06,0.99904914205477,0.999999999992432
"Tbc1d4",5.45777792656174e-10,0.409850863347092,1.4147702022211e-06,0.999050963510004,0.999999999992432
"Fam149b",5.4514419982962e-10,0.409504696060098,1.4114872986096e-06,0.999052065244881,0.999999999992432
"Pten",5.4458552486554e-10,0.409199143375732,1.40859573873051e-06,0.999053036707416,0.999999999992432
"Dpp8",5.44044762993317e-10,0.408903104055925,1.40579971624821e-06,0.999053977021434,0.999999999992432
"Myh10",5.41736641703762e-10,0.407636375414722,1.39389674979758e-06,0.999057990541845,0.999999999992432
"Vldlr",5.40909411756287e-10,0.407181131940885,1.38964304909834e-06,0.999059428986309,0.999999999992432
"Stard10",5.40838209103168e-10,0.40714191659211,1.38927722163284e-06,0.999059552798391,0.999999999992432
"Slc38a10",5.40272265232109e-10,0.406830044603223,1.38637120818854e-06,0.999060536900614,0.999999999992432
"Pbx1",5.39327896072086e-10,0.406308943949655,1.38152882760093e-06,0.999062179034824,0.999999999992432
"Aqp1",5.38975687708359e-10,0.406114374267369,1.37972500054607e-06,0.999062791479012,0.999999999992432
"Tmem179",5.3870062943155e-10,0.405962340422478,1.37831711535776e-06,0.99906326976931,0.999999999992432
"Tspan2",5.3856199481916e-10,0.405885684515234,1.37760778679543e-06,0.999063510836734,0.999999999992432
"Ss18l1",5.37838707734962e-10,0.405485449625265,1.37391002555779e-06,0.999064768538191,0.999999999992432
"Pcdh19",5.37104974565856e-10,0.405078911567775,1.37016393693968e-06,0.999066044404024,0.999999999992432
"Prpf19",5.36013239950998e-10,0.404473038827191,1.36459953068779e-06,0.999067942787463,0.999999999992432
"Decr2",5.35079683937569e-10,0.403954018901723,1.35985031696475e-06,0.999069566119045,0.999999999992432
"Rab23",5.34758370082077e-10,0.403775182204194,1.35821763468919e-06,0.999070124841738,0.999999999992432
"Lrch3",5.34175389406257e-10,0.40345044634937,1.35525785670254e-06,0.999071138568748,0.999999999992432
"Fech",5.33392446333722e-10,0.403013795991231,1.3512879541214e-06,0.999072500004167,0.999999999992432
"Dcaf7",5.31177186414154e-10,0.40177503047066,1.34008705343289e-06,0.99907635205093,0.999999999992432
"S100a13",5.3107185682537e-10,0.40171600838941,1.33955564196735e-06,0.999076535205285,0.999999999992432
"Dnm1",5.30501318557241e-10,0.401396110388547,1.33667897955643e-06,0.999077527296587,0.999999999992432
"Polr1a",5.30395744584647e-10,0.401336879750176,1.33614701304412e-06,0.999077710875894,0.999999999992432
"Cnnm4",5.29084752423779e-10,0.400600433447867,1.32955000149308e-06,0.999079990519514,0.999999999992432
"Pigs",5.290133481732e-10,0.400560272541678,1.32919115873727e-06,0.999080114682152,0.999999999992432
"Thap4",5.28058362957471e-10,0.400022651096164,1.32439652671135e-06,0.999081775276338,0.999999999992432
"4632428C04Rik",5.27002411032321e-10,0.399427112804326,1.31910506319439e-06,0.99908361143841,0.999999999992432
"Skap2",5.26898163231304e-10,0.399368257415346,1.31858324318644e-06,0.999083792711681,0.999999999992432
"Kcnip1",5.26644654690577e-10,0.399225087422344,1.31731471836585e-06,0.999084233529825,0.999999999992432
"Top1",5.26582528700475e-10,0.399189991525697,1.31700394086796e-06,0.999084341558784,0.999999999992432
"Spr",5.24409315678549e-10,0.397959829199709,1.30615578721972e-06,0.999088120491565,0.999999999992432
"Slc17a5",5.24019009697223e-10,0.397738380929105,1.30421222639956e-06,0.999088799182544,0.999999999992432
"1810022K09Rik",5.23926890021999e-10,0.397686092048366,1.30375371995532e-06,0.999088959366593,0.999999999992432
"Wnk2",5.23195746348048e-10,0.397270770972449,1.300117463896e-06,0.999090230729678,0.999999999992432
"Lrrfip2",5.22987797381964e-10,0.397152546302543,1.29908418196993e-06,0.999090592325693,0.999999999992432
"Zfr",5.22967642074702e-10,0.39714108508583,1.29898405368227e-06,0.999090627373133,0.999999999992432
"Fam8a1",5.20763678154172e-10,0.395885273235356,1.28805840127067e-06,0.999094459777733,0.999999999992432
"Zfp369",5.18473633419312e-10,0.394575052984196,1.27675490279724e-06,0.999098441865618,0.999999999992432
"St6galnac5",5.18471762909161e-10,0.394573980550101,1.27674569045338e-06,0.999098445118191,0.999999999992432
"Card19",5.18412350009889e-10,0.394539914979128,1.27645309663316e-06,0.999098548429442,0.999999999992432
"Faf2",5.1799722884394e-10,0.394301793442084,1.27440966327479e-06,0.999099270270787,0.999999999992432
"Ccp110",5.15491880442448e-10,0.392860817030458,1.26211184089031e-06,0.999103626743582,0.999999999992432
"Dnajc5",5.12689686541475e-10,0.391241203826633,1.24842755369503e-06,0.999108499391861,0.999999999992432
"Rpl15",5.12579913663907e-10,0.391177586229062,1.24789300495222e-06,0.999108690272522,0.999999999992432
"Tmem143",5.12242748106769e-10,0.390982104885835,1.24625186315396e-06,0.999109276559281,0.999999999992432
"Lztr1",5.11607066502255e-10,0.390613217662913,1.24316064195541e-06,0.999110381926362,0.999999999992432
"Glrx3",5.10488311656068e-10,0.389962943407871,1.23772963277225e-06,0.999112327294566,0.999999999992432
"Akt1s1",5.09691374497694e-10,0.389498898936164,1.23386814262003e-06,0.999113713063948,0.999999999992432
"Nipal2",5.09371058931707e-10,0.389312189802667,1.23231778096214e-06,0.999114270050782,0.999999999992432
"Appl1",5.08744442310481e-10,0.388946617737285,1.2292877076004e-06,0.999115359655051,0.999999999992432
"Zfp740",5.08392411221289e-10,0.388741052898386,1.22758705897385e-06,0.999115971791029,0.999999999992432
"Dync1li2",5.08289388840478e-10,0.388680868490177,1.22708958448515e-06,0.999116150933462,0.999999999992432
"Kcnip4",5.08237980292764e-10,0.388650831914609,1.22684138058899e-06,0.999116240326197,0.999999999992432
"Zfp612",5.07392980422978e-10,0.38815670810034,1.22276526250737e-06,0.99911770967035,0.999999999992432
"Necap1",5.07169405739414e-10,0.388025839344302,1.22168791561042e-06,0.999118098437456,0.999999999992432
"Ndufc1",5.06517829948738e-10,0.387644128621776,1.21855085362011e-06,0.99911923144246,0.999999999992432
"Pex5l",5.0576962233299e-10,0.387205232593925,1.21495352460069e-06,0.999120532477559,0.999999999992432
"Clptm1",5.03761475637313e-10,0.386024204296874,1.20532478770716e-06,0.999124024381798,0.999999999992432
"Cacnb3",5.03510564412796e-10,0.38587632456178,1.204124401347e-06,0.999124460683575,0.999999999992432
"Tti1",5.03281447862006e-10,0.385741228810226,1.20302880542516e-06,0.999124859087267,0.999999999992432
"Dpy19l4",5.0299593426041e-10,0.385572797443876,1.20166422638329e-06,0.999125355558048,0.999999999992432
"Lias",5.02335257457243e-10,0.385182699751823,1.19850956754561e-06,0.999126504388533,0.999999999992432
"Kcnb2",5.02072813392106e-10,0.385027603956207,1.19725757675861e-06,0.999126960744411,0.999999999992432
"Ap1ar",5.01607789833614e-10,0.384752601129847,1.19504078616742e-06,0.999127769359514,0.999999999992432
"Pitpnm2",5.00866697554084e-10,0.384313837519135,1.19151220752731e-06,0.99912905802199,0.999999999992432
"Crebrf",5.00292001801524e-10,0.383973164196904,1.18877948777514e-06,0.999130057342687,0.999999999992432
"Cpd",5.00041853019624e-10,0.383824762612571,1.18759099227258e-06,0.999130492318679,0.999999999992432
"Zfp672",5.00027931042534e-10,0.383816501282504,1.1875248642702e-06,0.999130516527175,0.999999999992432
"Ppef1",4.99554730091106e-10,0.383535572847507,1.18527830176416e-06,0.999131339361698,0.999999999992432
"3110043O21Rik",4.99550585415432e-10,0.383533111133058,1.18525863395414e-06,0.999131346568746,0.999999999992432
"Agfg1",4.98248262046471e-10,0.382758638610171,1.17908677468536e-06,0.999133611138644,0.999999999992432
"Abcb7",4.97558509320737e-10,0.382347673526316,1.17582448379359e-06,0.999134810528365,0.999999999992432
"Gnpda1",4.97207577954426e-10,0.382138375556661,1.17416643486768e-06,0.999135420752085,0.999999999992432
"Prkd1",4.9569676059197e-10,0.381235707793154,1.16704162041742e-06,0.999138047865766,0.999999999992432
"Nfatc3",4.94718696507349e-10,0.38064994937062,1.1624407616255e-06,0.99913974859122,0.999999999992432
"Arhgef17",4.9445236655612e-10,0.380490254929882,1.16118950728854e-06,0.999140211704153,0.999999999992432
"Ift20",4.93281364521171e-10,0.379787138045202,1.15569597453708e-06,0.999142247923462,0.999999999992432
"Mapk7",4.92986424129243e-10,0.379609793961095,1.15431437148013e-06,0.99914276078621,0.999999999992432
"Mcam",4.90710833283932e-10,0.378238110194954,1.14368249746743e-06,0.999146717740938,0.999999999992432
"Senp7",4.89663292392107e-10,0.377604639823669,1.13880477586824e-06,0.999148539277489,0.999999999992432
"Hnrnpd",4.88831203976673e-10,0.377100540075643,1.13493770575693e-06,0.999149986170377,0.999999999992432
"Ndufb8",4.87350956293245e-10,0.376201751177741,1.12807461977493e-06,0.999152560127436,0.999999999992432
"Tnpo2",4.86590950345403e-10,0.375739276512552,1.1245589811504e-06,0.999153881678351,0.999999999992432
"Cend1",4.86480770028306e-10,0.375672173245391,1.12404976396486e-06,0.999154073267508,0.999999999992432
"Trp53",4.85409449796364e-10,0.375018951931618,1.11910448606739e-06,0.999155936153239,0.999999999992432
"Ctdp1",4.84272627933056e-10,0.374324292590213,1.11386877141702e-06,0.999157912937742,0.999999999992432
"Arhgap44",4.83857479461355e-10,0.374070228332227,1.11195983548486e-06,0.999158634826627,0.999999999992432
"Rprd1b",4.83819477895016e-10,0.374046961634257,1.11178517845103e-06,0.99915870090638,0.999999999992432
"2010300C02Rik",4.83553538356545e-10,0.373884089878769,1.11056329139857e-06,0.999159163340449,0.999999999992432
"Lman1",4.83273978650529e-10,0.373712784835502,1.10927954936772e-06,0.999159649458208,0.999999999992432
"Smpdl3a",4.80785204663381e-10,0.372183582707042,1.0978837882222e-06,0.999163977110624,0.999999999992432
"Shc1",4.80214147848735e-10,0.371831642075506,1.09527729501972e-06,0.99916497010373,0.999999999992432
"Tob1",4.77782929929863e-10,0.370328826485093,1.08421507593285e-06,0.999169197673701,0.999999999992432
"Foxp1",4.77712564903072e-10,0.370285223471609,1.08389574595994e-06,0.999169320029279,0.999999999992432
"4833439L19Rik",4.77621191068969e-10,0.370228592848863,1.08348114418679e-06,0.999169478916426,0.999999999992432
"C1qbp",4.7606951505256e-10,0.36926533834774,1.07645264205395e-06,0.999172177078081,0.999999999992432
"Polk",4.75748065494675e-10,0.369065414967175,1.07499945761713e-06,0.999172736036822,0.999999999992432
"Ankle2",4.75608409242789e-10,0.368978516716272,1.07436841623004e-06,0.99917297888078,0.999999999992432
"Rab3d",4.74986872032901e-10,0.368591483653597,1.07156222688614e-06,0.999174059652703,0.999999999992432
"Hace1",4.74519650631284e-10,0.368300226616317,1.0694551767793e-06,0.999174872089618,0.999999999992432
"Gramd1b",4.73862943182697e-10,0.367890386650252,1.06649709824556e-06,0.99917601401799,0.999999999992432
"Ubl5",4.73527267979248e-10,0.367680689029647,1.06498666221469e-06,0.999176597713271,0.999999999992432
"Jkamp",4.72670728595782e-10,0.367144964947424,1.06113734640179e-06,0.999178087123249,0.999999999992432
"Arf6",4.72146710052154e-10,0.3668167617514,1.05878582606297e-06,0.999178998322971,0.999999999992432
"Cpox",4.71640804053201e-10,0.366499574340271,1.05651806006244e-06,0.999179878027347,0.999999999992432
"Dnaja4",4.71588351457943e-10,0.366466669695725,1.05628307601459e-06,0.999179969235551,0.999999999992432
"Igf1r",4.71532448656744e-10,0.366431596835133,1.05603266404942e-06,0.999180066443213,0.999999999992432
"Arhgef25",4.70352945806535e-10,0.365690666130889,1.05075609968331e-06,0.999182117444434,0.999999999992432
"Kcnd3",4.69660802350637e-10,0.365255058781724,1.04766591450198e-06,0.9991833209914,0.999999999992432
"Asb3",4.69647277446977e-10,0.365246540676271,1.04760557573635e-06,0.999183344509438,0.999999999992432
"Atpif1",4.67204951942976e-10,0.363704508818101,1.03673809641955e-06,0.999187591394148,0.999999999992432
"Ranbp3",4.65422053808016e-10,0.362573982270639,1.02884061340024e-06,0.9991906916209,0.999999999992432
"Phc2",4.65045820239155e-10,0.362334888901433,1.02717791641904e-06,0.999191345841887,0.999999999992432
"Atl1",4.6425549981739e-10,0.361832047730282,1.02368961550834e-06,0.999192720105775,0.999999999992432
"Vps41",4.61533707471416e-10,0.360094063579782,1.01172162364978e-06,0.999197452946839,0.999999999992432
"Pgs1",4.60375089270996e-10,0.359351278660033,1.0066484177538e-06,0.99919946763243,0.999999999992432
"Slx4ip",4.60135896582257e-10,0.359197712179757,1.00560266008089e-06,0.999199883557248,0.999999999992432
"Pdzd8",4.58821369409049e-10,0.358352403548829,9.99865208055757e-07,0.999202169348169,0.999999999992432
"Tgfbrap1",4.58324121264243e-10,0.358032047553718,9.97699172458418e-07,0.999203033997695,0.999999999992432
"Uqcrfs1",4.58257834026662e-10,0.35798931654564,9.97410599649391e-07,0.999203149262536,0.999999999992432
"Abcg4",4.58023436637617e-10,0.357838168910248,9.96390516056774e-07,0.999203556848957,0.999999999992432
"Cacna2d2",4.57533089401744e-10,0.357521738076174,9.94258241733495e-07,0.999204409498705,0.999999999992432
"Tob2",4.56658309893779e-10,0.356956424588577,9.904599360338e-07,0.999205930625927,0.999999999992432
"Slc35c2",4.55543906901771e-10,0.35623476605229,9.85631710195574e-07,0.999207868427071,0.999999999992432
"Rgs7bp",4.54230696617558e-10,0.355382209437101,9.79957279873531e-07,0.999210151928117,0.999999999992432
"Smdt1",4.51554519242233e-10,0.353637521348645,9.68444126086339e-07,0.999214805450812,0.999999999992432
"Cdk5r2",4.51552486297175e-10,0.353636192275068,9.6843540603512e-07,0.999214808985838,0.999999999992432
"Brk1",4.5001816659192e-10,0.352631479166041,9.61865338824751e-07,0.999217476967291,0.999999999992432
"Dync1li1",4.49896434089465e-10,0.352551626232544,9.61345028994548e-07,0.999217688644204,0.999999999992432
"Cct8",4.49293673608532e-10,0.352155930446745,9.58770780459607e-07,0.999218736765911,0.999999999992432
"Ubb",4.48921649972292e-10,0.351911455345688,9.57183677226717e-07,0.999219383666398,0.999999999992432
"Hid1",4.48052709215441e-10,0.351339680886987,9.53481779812981e-07,0.999220894640823,0.999999999992432
"Hlcs",4.47608292988206e-10,0.351046841888868,9.51591231603755e-07,0.999221667422568,0.999999999992432
"Nipsnap3b",4.47475446997103e-10,0.350959252113878,9.5102646851578e-07,0.999221898424387,0.999999999992432
"Scaf1",4.46177124277904e-10,0.350101922016758,9.45515783991915e-07,0.999224156037942,0.999999999992432
"Otud7b",4.44564719102369e-10,0.349033886501104,9.38694278694229e-07,0.999226959799855,0.999999999992432
"Tanc1",4.41449057169959e-10,0.346959647706054,9.25583001905431e-07,0.999232377528871,0.999999999992432
"Sept6",4.41258918755917e-10,0.346832614045888,9.24785849977136e-07,0.999232708154731,0.999999999992432
"Phf24",4.40811262638328e-10,0.34653332439811,9.22910415706284e-07,0.999233486570233,0.999999999992432
"Slc19a1",4.40177515937032e-10,0.346109126006745,9.202586187267e-07,0.999234588572949,0.999999999992432
"Pak1ip1",4.40161689636461e-10,0.346098525248112,9.20192445298247e-07,0.999234616092818,0.999999999992432
"Supt6",4.39295809066852e-10,0.345517989367647,9.16575624149158e-07,0.999236121746005,0.999999999992432
"Ccndbp1",4.38437869069651e-10,0.344941704212467,9.12998995421276e-07,0.999237613591577,0.999999999992432
"Prpf18",4.37802878943217e-10,0.344514486012158,9.10356315281431e-07,0.999238717756452,0.999999999992432
"Hibadh",4.37394343533918e-10,0.344239314132754,9.08658111442727e-07,0.999239428146158,0.999999999992432
"Nucks1",4.37040034728157e-10,0.344000469196942,9.07186600985508e-07,0.999240044242886,0.999999999992432
"Prps1",4.3696536862194e-10,0.343950112177839,9.06876650868634e-07,0.99924017407749,0.999999999992432
"Clcc1",4.35068226170084e-10,0.342667873440161,8.99019097460192e-07,0.999243472960386,0.999999999992432
"Drg1",4.35018606647937e-10,0.342634265419568,8.98814042935352e-07,0.999243559242254,0.999999999992432
"Ak1",4.34745841486444e-10,0.342449452571774,8.97687248392968e-07,0.999244033545239,0.999999999992432
"Nub1",4.34077249399176e-10,0.341995979694486,8.94928279713556e-07,0.999245196139543,0.999999999992432
"Sod2",4.32626346481422e-10,0.341009617541465,8.88955683761536e-07,0.999247719070196,0.999999999992432
"Rexo2",4.31414038533616e-10,0.340183045810172,8.83980591062158e-07,0.999249827115368,0.999999999992432
"Pfdn1",4.30359044024721e-10,0.339461935448227,8.79662445211351e-07,0.999251661613022,0.999999999992432
"Gtpbp10",4.3014393716191e-10,0.339314699418837,8.78783299566966e-07,0.999252035655761,0.999999999992432
"Trim33",4.29786262996588e-10,0.339069724218034,8.77322451814292e-07,0.999252657604419,0.999999999992432
"Pmm1",4.2657573158301e-10,0.336862081596786,8.64264096190255e-07,0.999258240299238,0.999999999992432
"Eloc",4.2656453096896e-10,0.336854352178469,8.64218710760314e-07,0.999258259775644,0.999999999992432
"Nup107",4.252952937281e-10,0.335977214560053,8.59083418964226e-07,0.999260466813448,0.999999999992432
"Eef1g",4.24707246345343e-10,0.335569986693688,8.56709386092805e-07,0.999261489351052,0.999999999992432
"Tmem208",4.24110467022738e-10,0.335156163901693,8.54303459434812e-07,0.99926252707236,0.999999999992432
"Dnajc8",4.238859450428e-10,0.335000331120013,8.5339917082378e-07,0.999262917486762,0.999999999992432
"Epn1",4.22762661778814e-10,0.334219520492446,8.48882206405716e-07,0.999264870729672,0.999999999992432
"Arpc2",4.22278194453437e-10,0.333882151703143,8.46937758190045e-07,0.999265713155087,0.999999999992432
"Thra",4.22243705211165e-10,0.33385812039246,8.46799417877647e-07,0.999265773127376,0.999999999992432
"Mrpl51",4.20587107119383e-10,0.332701639605142,8.40167918333816e-07,0.999268653735138,0.999999999992432
"Dctn6",4.19902095304041e-10,0.332222163806845,8.37433377681659e-07,0.999269844881239,0.999999999992432
"Fgfr1",4.1987870045839e-10,0.332205775405349,8.37340065078272e-07,0.999269885561821,0.999999999992432
"Foxn3",4.19525786079777e-10,0.331958448879113,8.3593306273021e-07,0.999270499233843,0.999999999992432
"Lasp1",4.1879046044564e-10,0.33144248852121,8.33005260265258e-07,0.999271777869108,0.999999999992432
"Set",4.18475800068149e-10,0.331221435907367,8.31753964908111e-07,0.999272325022419,0.999999999992432
"Zfp131",4.18202823217272e-10,0.331029538518052,8.30669192386456e-07,0.99927279969352,0.999999999992432
"Gnai2",4.17814668709964e-10,0.330756468498423,8.29127938513382e-07,0.999273474643527,0.999999999992432
"Gpr155",4.16876968084918e-10,0.330095792489998,8.25410494378861e-07,0.999275105182482,0.999999999992432
"Metap2",4.14814719586376e-10,0.328637812982563,8.17264248015381e-07,0.999278691163371,0.999999999992432
"Tsc22d2",4.14470252434328e-10,0.328393608848734,8.15907479387811e-07,0.999279290146776,0.999999999992432
"Apba3",4.13477974266865e-10,0.32768907096353,8.12005447633348e-07,0.999281015588963,0.999999999992432
"Apc",4.12806119088091e-10,0.327211127489978,8.09368756586288e-07,0.999282183857407,0.999999999992432
"Med16",4.12683799681617e-10,0.327124032562376,8.0888917630063e-07,0.999282396554886,0.999999999992432
"Snx10",4.12315433357601e-10,0.326861596963407,8.07445773152697e-07,0.999283037095833,0.999999999992432
"Zxdc",4.12212432241067e-10,0.326788175925739,8.07042405142133e-07,0.999283216201328,0.999999999992432
"Rnf181",4.11518673520572e-10,0.32629319781838,8.04328166029581e-07,0.999284422557174,0.999999999992432
"Rhou",4.11048638402769e-10,0.325957389787404,8.02491814010612e-07,0.999285239886883,0.999999999992432
"Fbxo18",4.1095428502355e-10,0.325889936774307,8.02123443374519e-07,0.999285403955092,0.999999999992432
"Lin7c",4.10876683738668e-10,0.325834448768246,8.01820538963444e-07,0.999285538893596,0.999999999992432
"Prkx",4.10469431360595e-10,0.325543083799154,8.00231831194221e-07,0.999286247052318,0.999999999992432
"2010107E04Rik",4.09977020721089e-10,0.325190426161809,7.98313021727072e-07,0.999287103290139,0.999999999992432
"Mgrn1",4.09533373113181e-10,0.324872347187495,7.96586202826948e-07,0.999287874735416,0.999999999992432
"Mtor",4.093427729764e-10,0.32473559338506,7.95844900076747e-07,0.999288206164173,0.999999999992432
"2700060E02Rik",4.09075228577578e-10,0.324543530717959,7.9480491952052e-07,0.999288671388957,0.999999999992432
"Copz1",4.08974850719278e-10,0.324471441466926,7.94414912882101e-07,0.99928884593295,0.999999999992432
"Ndufs6",4.07430331865201e-10,0.32336007658916,7.88425928918257e-07,0.999291531649623,0.999999999992432
"Mmp16",4.06751132031238e-10,0.32287008808168,7.85799455771326e-07,0.999292712689478,0.999999999992432
"Ndufa9",4.06740940108879e-10,0.322862729505177,7.85760076868237e-07,0.9992927304119,0.999999999992432
"Pigu",4.06168246352836e-10,0.322448962428912,7.83548924539495e-07,0.999293726251589,0.999999999992432
"Pdk1",4.06082659905311e-10,0.322387079247081,7.83218745585035e-07,0.999293875075249,0.999999999992432
"Pias1",4.06031341904888e-10,0.322349967884292,7.83020802238957e-07,0.999293964310554,0.999999999992432
"Tpp1",4.05846939713625e-10,0.322216577960338,7.8230973415743e-07,0.999294284961895,0.999999999992432
"Tmem62",4.05422313411759e-10,0.32190919947643,7.80673572951523e-07,0.999295023331609,0.999999999992432
"Arrdc4",4.04934428633996e-10,0.321555651661966,7.7879578001556e-07,0.999295871699556,0.999999999992432
"Slc10a7",4.04417836330956e-10,0.321180859474803,7.76809960837226e-07,0.999296769986144,0.999999999992432
"mt-Co3",4.04295111444612e-10,0.321091754654565,7.76338569911569e-07,0.999296983388703,0.999999999992432
"Ppp4r4",4.04146786749766e-10,0.320984028707319,7.75769040102713e-07,0.999297241305987,0.999999999992432
"Fktn",4.04058659316041e-10,0.320920005318079,7.7543075172347e-07,0.999297394548092,0.999999999992432
"Fbxw8",4.04042118272339e-10,0.32090798699492,7.75367265043418e-07,0.999297423310808,0.999999999992432
"Cdk13",4.03457908672195e-10,0.320483214348775,7.73126659439085e-07,0.999298439175052,0.999999999992432
"Stt3b",4.03410521622852e-10,0.320448734110048,7.72945059133972e-07,0.999298521574945,0.999999999992432
"Mea1",4.03119843484427e-10,0.320237143751017,7.71831566685392e-07,0.999299027026289,0.999999999992432
"Ube2q1",4.01249110484332e-10,0.318871922267362,7.6468460769117e-07,0.999302279986818,0.999999999992432
"Gpr153",4.01151652500174e-10,0.318800633891129,7.64313189697092e-07,0.999302449453533,0.999999999992432
"Chst2",4.00861665551084e-10,0.318588417452657,7.63208566355244e-07,0.999302953702991,0.999999999992432
"Cpt1c",3.99848322346707e-10,0.317845691999013,7.59354794609503e-07,0.999304715774573,0.999999999992432
"Usp38",3.99689704306376e-10,0.317729271782452,7.58752448808654e-07,0.999304991590644,0.999999999992432
"Smg6",3.99636549232138e-10,0.317690247957437,7.58550647959411e-07,0.999305084020381,0.999999999992432
"Tstd2",3.98151824870151e-10,0.316598239709329,7.52924803498261e-07,0.999307665762284,0.999999999992432
"Mcur1",3.97279716167585e-10,0.315955002754602,7.49630014468596e-07,0.999309182245507,0.999999999992432
"Kmt5a",3.9691397246466e-10,0.315684843645429,7.48250400852184e-07,0.999309818226078,0.999999999992432
"Tmpo",3.96821339650088e-10,0.315616382246068,7.47901184360589e-07,0.999309979302454,0.999999999992432
"Scp2",3.9660035110946e-10,0.315452996668771,7.47068408733503e-07,0.999310363572688,0.999999999992432
"Tmem248",3.964704348796e-10,0.315356904085964,7.46579047520162e-07,0.999310589480058,0.999999999992432
"Smc3",3.96140595712077e-10,0.315112803996485,7.45337347978535e-07,0.999311163027328,0.999999999992432
"Coa3",3.95812947734493e-10,0.314870134286199,7.44104920476957e-07,0.999311732764404,0.999999999992432
"Dapk1",3.94168896259111e-10,0.313649593037307,7.37936319129442e-07,0.999314591555385,0.999999999992432
"Ptcd3",3.9291999289472e-10,0.312719172635991,7.33267502679287e-07,0.999316763235371,0.999999999992432
"Pex7",3.92847818714979e-10,0.31266531777081,7.32998144433998e-07,0.999316888736852,0.999999999992432
"Sema3f",3.92282377298209e-10,0.312243071639699,7.30889596493542e-07,0.999317871965695,0.999999999992432
"Psmd13",3.9184969405417e-10,0.311919572653389,7.29278158951372e-07,0.999318624345399,0.999999999992432
"Ror2",3.91650291355459e-10,0.311770373437003,7.28536124263747e-07,0.999318971080674,0.999999999992432
"Pcp4",3.91646215964851e-10,0.311767323352309,7.285209625039e-07,0.999318978167246,0.999999999992432
"Setd7",3.90620995443573e-10,0.310999073190084,7.24711825432514e-07,0.999320760891963,0.999999999992432
"Vbp1",3.90368990105879e-10,0.310809939438627,7.23777045484478e-07,0.999321199096365,0.999999999992432
"Cstf2",3.90350009504594e-10,0.310795689518737,7.23706663922986e-07,0.999321232101154,0.999999999992432
"Eif5a2",3.90303845333903e-10,0.310761028452267,7.23535497833076e-07,0.999321312374623,0.999999999992432
"Gps1",3.90147597239628e-10,0.310643685070222,7.22956316175037e-07,0.999321584069673,0.999999999992432
"Gng2",3.89970258935843e-10,0.310510448697672,7.22299238136727e-07,0.999321892437845,0.999999999992432
"Hcfc1r1",3.89751300283868e-10,0.310345863036853,7.21488359541778e-07,0.999322273178372,0.999999999992432
"Rasgrf1",3.89620095362893e-10,0.310247197537424,7.21002681163804e-07,0.99932250132661,0.999999999992432
"Arhgef11",3.89554713955674e-10,0.310198019235265,7.20760721289487e-07,0.999322615016347,0.999999999992432
"Depdc5",3.8925202409629e-10,0.309970241069787,7.19641072654458e-07,0.99932314135452,0.999999999992432
"Med13",3.88985629658081e-10,0.309769636445611,7.18656400682746e-07,0.999323604579691,0.999999999992432
"Glrx5",3.88929987178762e-10,0.309727719174896,7.18450814867571e-07,0.999323701334702,0.999999999992432
"Tspan7",3.88437290935693e-10,0.309356306487127,7.16631701816788e-07,0.999324558069187,0.999999999992432
"Pdcd5",3.88028941311831e-10,0.309048138088911,7.15125757491111e-07,0.999325268135905,0.999999999992432
"Tmem59l",3.87568380181749e-10,0.308700197440659,7.13429164120171e-07,0.999326068991622,0.999999999992432
"Fam53b",3.86429712580879e-10,0.307838278077343,7.09243243028649e-07,0.999328048986023,0.999999999992432
"Ankrd13d",3.86092036243584e-10,0.307582208660191,7.08004259517851e-07,0.999328636161119,0.999999999992432
"Scaf8",3.84738420859227e-10,0.306553583927003,7.03048521598754e-07,0.999330989921679,0.999999999992432
"Gm11613",3.84571153423111e-10,0.30642623729208,7.02437344995346e-07,0.999331280777929,0.999999999992432
"Kdm7a",3.84487180020663e-10,0.306362285521341,7.02130615728929e-07,0.999331426796721,0.999999999992432
"Mctp1",3.83108316724395e-10,0.305310280177848,6.97103628144336e-07,0.999333824460113,0.999999999992432
"Hmgxb4",3.83032112017508e-10,0.305252034876747,6.96826331661937e-07,0.999333956970157,0.999999999992432
"Mrps25",3.82667161053073e-10,0.304972940383008,6.9549909938862e-07,0.999334591572276,0.999999999992432
"Zdhhc5",3.82582118160195e-10,0.304907867915317,6.95190002141384e-07,0.999334739450773,0.999999999992432
"Med15",3.81829180968214e-10,0.304331141098616,6.92456370258627e-07,0.999336048710329,0.999999999992432
"Clec2l",3.81649140678743e-10,0.304193075710681,6.91803509454275e-07,0.999336361776906,0.999999999992432
"Strn4",3.81504724152287e-10,0.304082283973974,6.91280049833658e-07,0.999336612898406,0.999999999992432
"Ppp1r10",3.81183682342991e-10,0.30383584817873,6.90117094801659e-07,0.999337171148234,0.999999999992432
"Dennd4a",3.80848566994596e-10,0.303578398945673,6.88904203578542e-07,0.99933775387011,0.999999999992432
"Cdc23",3.79239286741831e-10,0.30233907863937,6.83094557745611e-07,0.999340552198549,0.999999999992432
"Rpsa",3.79008343814867e-10,0.302160817777427,6.82262851599735e-07,0.999340953778175,0.999999999992432
"D230025D16Rik",3.7873570910476e-10,0.301950242892257,6.81281650861598e-07,0.999341427854373,0.999999999992432
"Rsf1",3.78533879754869e-10,0.301794263169189,6.80555730428921e-07,0.999341778809286,0.999999999992432
"Dld",3.77621705628805e-10,0.301088321023204,6.77279736435512e-07,0.99934336496111,0.999999999992432
"Auts2",3.76876250535168e-10,0.300510200778079,6.74608368324497e-07,0.999344661210285,0.999999999992432
"Lrrc14",3.7642032324794e-10,0.300156081449274,6.72977136218283e-07,0.999345454008369,0.999999999992432
"Nsrp1",3.76039847747561e-10,0.299860253599923,6.71617369532142e-07,0.999346115605638,0.999999999992432
"Psmb6",3.75895109415614e-10,0.2997476417851,6.7110045585691e-07,0.999346367286719,0.999999999992432
"Lrrtm3",3.75694280961144e-10,0.299591321518232,6.70383553397963e-07,0.999346716501207,0.999999999992432
"Rbm25",3.7553781700497e-10,0.299469478537586,6.6982528553771e-07,0.99934698857162,0.999999999992432
"Nwd2",3.75494562214732e-10,0.299435786280371,6.69670992242424e-07,0.999347063786058,0.999999999992432
"Gm13889",3.74545381059842e-10,0.298695515265021,6.66289661270549e-07,0.999348714288287,0.999999999992432
"S100a16",3.74528679770267e-10,0.298682473899909,6.66230241776758e-07,0.999348743329651,0.999999999992432
"Smarca4",3.73910280381371e-10,0.298199201352367,6.6403197892155e-07,0.999349818645534,0.999999999992432
"Nfix",3.73388409572233e-10,0.29779077375713,6.62179678569475e-07,0.999350726110806,0.999999999992432
"Dnpep",3.71609932971238e-10,0.296394814226658,6.55886679822341e-07,0.999353818649666,0.999999999992432
"Higd2a",3.71560710457924e-10,0.296356088367357,6.55712937143196e-07,0.999353904241198,0.999999999992432
"Arhgap26",3.71173900974357e-10,0.296051595899773,6.54348401265887e-07,0.999354576852443,0.999999999992432
"Fchsd2",3.70525645544851e-10,0.295540619307544,6.52064757490239e-07,0.999355704084093,0.999999999992432
"Ahdc1",3.7035659787563e-10,0.295407230682359,6.5146990051757e-07,0.999355998035944,0.999999999992432
"B2m",3.69863414896438e-10,0.295017749331646,6.49736004354906e-07,0.999356855616827,0.999999999992432
"Akr1b3",3.69509355051285e-10,0.294737833339581,6.48492651745151e-07,0.999357471280724,0.999999999992432
"Fkbp5",3.69281824952537e-10,0.294557815925522,6.47694262385405e-07,0.999357866925894,0.999999999992432
"Fam192a",3.69242486152904e-10,0.294526681145063,6.47556274778376e-07,0.999357935330936,0.999999999992432
"Cndp2",3.69158322555139e-10,0.294460059094677,6.47261105849788e-07,0.999358081680457,0.999999999992432
"Dazap1",3.69019565777466e-10,0.294350190775709,6.46774620886938e-07,0.999358322960398,0.999999999992432
"Zdhhc21",3.67959664201967e-10,0.293509658212266,6.43064611834657e-07,0.999360165991018,0.999999999992432
"Lancl2",3.67941381478201e-10,0.293495139315039,6.43000709827331e-07,0.999360197782291,0.999999999992432
"Abhd5",3.67696765173006e-10,0.293300815708501,6.42146029265639e-07,0.999360623138146,0.999999999992432
"Zfp706",3.66830569398643e-10,0.292611719556145,6.39124142365397e-07,0.999362129339642,0.999999999992432
"Rpl10a",3.66454708261211e-10,0.292312224783518,6.37815097376755e-07,0.999362782913147,0.999999999992432
"Ddb1",3.66062198717833e-10,0.291999152535997,6.36449501940939e-07,0.999363465436059,0.999999999992432
"Tstd3",3.65336915320492e-10,0.291419814278795,6.33929990417326e-07,0.999364726609311,0.999999999992432
"Itgb1",3.63457172270587e-10,0.289913221947257,6.27423339437451e-07,0.999367995237365,0.999999999992432
"Rin2",3.63401528297406e-10,0.289868511238595,6.27231241673749e-07,0.999368091994979,0.999999999992432
"Tmem189",3.63329825229044e-10,0.289810887232286,6.26983747020428e-07,0.999368216677265,0.999999999992432
"Vps26b",3.63085862986008e-10,0.289614746596334,6.26142037933518e-07,0.999368640895795,0.999999999992432
"Klhdc2",3.62804481604115e-10,0.28938836621123,6.25171928872615e-07,0.999369130181328,0.999999999992432
"Mettl7a1",3.62019338849493e-10,0.288755810468522,6.2246899595166e-07,0.999370495442204,0.999999999992432
"Khdrbs3",3.58856111081124e-10,0.286194061579834,6.11638586319082e-07,0.999375995882861,0.999999999992432
"Cry2",3.57876878069525e-10,0.285396677830707,6.08305108089241e-07,0.999377698641398,0.999999999992432
"Pja1",3.57827735688877e-10,0.285356606880247,6.08138058969472e-07,0.999377784093591,0.999999999992432
"Gclc",3.57515564276578e-10,0.285101938554467,6.070774340514e-07,0.999378326918978,0.999999999992432
"Fam103a1",3.56115107520633e-10,0.283956845180805,6.02330672741942e-07,0.999380762130694,0.999999999992432
"Tle1",3.5535927005496e-10,0.283337050686138,5.99776549418701e-07,0.999382076433509,0.999999999992432
"Sirt2",3.55303454875577e-10,0.28329123202552,5.99588154127062e-07,0.99938217348883,0.999999999992432
"Atf2",3.54871270746634e-10,0.28293622060737,5.9813038680881e-07,0.999382925000687,0.999999999992432
"B630019K06Rik",3.54401717318929e-10,0.282550046896123,5.96548582993182e-07,0.999383741492884,0.999999999992432
"Btf3l4",3.54069366036503e-10,0.282276418148527,5.95430243476638e-07,0.999384319408437,0.999999999992432
"Ddx18",3.53902453767116e-10,0.282138905249426,5.94868990811367e-07,0.999384609647114,0.999999999992432
"Rela",3.52879808578686e-10,0.281295037858033,5.91436061947561e-07,0.999386387893782,0.999999999992432
"Rps4x",3.51789733667465e-10,0.280392966944927,5.8778771587382e-07,0.99938828339195,0.999999999992432
"Mtfr1l",3.49856271409475e-10,0.278786415232546,5.81344422012399e-07,0.99939164543078,0.999999999992432
"Tmub2",3.49299117142408e-10,0.278321899324694,5.79494287292332e-07,0.999392614249424,0.999999999992432
"Tmeff2",3.48882593372993e-10,0.277974171189125,5.78113068619557e-07,0.999393338529965,0.999999999992432
"Sept11",3.48838318648044e-10,0.277937185965916,5.77966347782921e-07,0.999393415517941,0.999999999992432
"Arrb1",3.48296156180019e-10,0.27748392449397,5.76171200058866e-07,0.999394358267802,0.999999999992432
"Trappc3",3.47511375342324e-10,0.276826639289444,5.73577667535102e-07,0.999395722899385,0.999999999992432
"Pttg1",3.4745978701038e-10,0.276783382629726,5.73407384080314e-07,0.99939581260477,0.999999999992432
"Uqcrc1",3.47029758143745e-10,0.276422567152958,5.71988922736282e-07,0.999396560368917,0.999999999992432
"Naca",3.46770052208454e-10,0.276204455269596,5.71133126770381e-07,0.999397011963688,0.999999999992432
"Tbcb",3.45375782364495e-10,0.275030829871661,5.66549612086547e-07,0.999399436417215,0.999999999992432
"Psmc1",3.44604895742803e-10,0.274380003150688,5.64023331288745e-07,0.999400776888574,0.999999999992432
"Gskip",3.44021257868772e-10,0.273886341984195,5.6211444014595e-07,0.999401791758767,0.999999999992432
"Ola1",3.43910866890253e-10,0.273792880000854,5.61753750764945e-07,0.999401983714291,0.999999999992432
"Arhgap35",3.43769983933573e-10,0.273673560730781,5.61293600610918e-07,0.999402228691391,0.999999999992432
"Tor1a",3.43764614308238e-10,0.273669012066768,5.61276066137636e-07,0.999402238028469,0.999999999992432
"Nsmce4a",3.43367408490406e-10,0.273332347695116,5.5997975285e-07,0.999402928717617,0.999999999992432
"Zfp326",3.43348214097324e-10,0.273316069510029,5.59917148358101e-07,0.999402962094165,0.999999999992432
"Rhobtb2",3.4259967408234e-10,0.272680580172012,5.57478437409632e-07,0.999404263707692,0.999999999992432
"Slc9a9",3.42262917767418e-10,0.272394253287258,5.56383035795291e-07,0.999404849283033,0.999999999992432
"Svop",3.41839781820825e-10,0.272034102532122,5.55008185507954e-07,0.999405585061297,0.999999999992432
"Pigp",3.41312436678711e-10,0.271584661223426,5.53297120082735e-07,0.999406502045771,0.999999999992432
"Dlst",3.41043048109976e-10,0.271354814365207,5.52424060200048e-07,0.999406970477383,0.999999999992432
"Nudt4",3.40206203714754e-10,0.270639702995844,5.49716332840488e-07,0.999408425640724,0.999999999992432
"Cct7",3.39611059551325e-10,0.270130115032115,5.47794708236083e-07,0.999409460518862,0.999999999992432
"Gtf3c1",3.3947747852454e-10,0.270015620660378,5.47363858966699e-07,0.999409692798859,0.999999999992432
"Tomm7",3.3926877592546e-10,0.269836652727602,5.4669105353848e-07,0.99941005570548,0.999999999992432
"Atp5o",3.38853214387801e-10,0.269479986191951,5.45352618320253e-07,0.999410778312837,0.999999999992432
"Mrpl43",3.38587512483753e-10,0.269251722764887,5.44497708802679e-07,0.999411240333822,0.999999999992432
"Trappc12",3.38515866205647e-10,0.269190142610042,5.44267298020358e-07,0.999411364917362,0.999999999992432
"Crtac1",3.37969976701291e-10,0.268720542264812,5.42513346279405e-07,0.999412314148071,0.999999999992432
"Zzz3",3.37820469364542e-10,0.268591803186133,5.42033470604393e-07,0.999412574121846,0.999999999992432
"U2surp",3.37308236231998e-10,0.268150314267621,5.40390959087425e-07,0.99941346482851,0.999999999992432
"Atox1",3.37184382003457e-10,0.268043469861228,5.3999418598557e-07,0.999413680194873,0.999999999992432
"Ak3",3.36787295483391e-10,0.267700666636705,5.3872308231216e-07,0.999414370676585,0.999999999992432
"Tnks1bp1",3.36756556880832e-10,0.267674114113618,5.386247482049e-07,0.999414424127009,0.999999999992432
"Golga1",3.36469058972401e-10,0.267425657042741,5.37705464620765e-07,0.999414924048407,0.999999999992432
"Adgra3",3.36230704245376e-10,0.267219516789323,5.36943913209728e-07,0.999415338516216,0.999999999992432
"Calb1",3.35674603256114e-10,0.266738034522696,5.35169250096757e-07,0.999416305503369,0.999999999992432
"Spryd7",3.35610428894139e-10,0.266682422443807,5.34964642051472e-07,0.999416417094222,0.999999999992432
"Gmcl1",3.35392605090648e-10,0.266493585802521,5.34270443018928e-07,0.999416795861431,0.999999999992432
"Creb5",3.33584860172181e-10,0.264921897849673,5.28526596572204e-07,0.999419939294278,0.999999999992432
"Mfsd7b",3.33040803652631e-10,0.26444730060343,5.26804013277583e-07,0.999420885337672,0.999999999992432
"Ipo11",3.32964825081868e-10,0.264380963557171,5.26563674857189e-07,0.999421017454506,0.999999999992432
"Sbno1",3.32832810026353e-10,0.264265666734677,5.26146210026732e-07,0.999421247011486,0.999999999992432
"Ssu72",3.32148512451344e-10,0.263667330715384,5.23984941986507e-07,0.999422436915802,0.999999999992432
"Scarb2",3.31756099227429e-10,0.263323683978422,5.22747560816757e-07,0.999423119271266,0.999999999992432
"Rps3",3.31668907067585e-10,0.263247275047807,5.22472819828515e-07,0.999423270887071,0.999999999992432
"Eef1e1",3.31639635382148e-10,0.263221619172046,5.22380601445488e-07,0.999423321786718,0.999999999992432
"Slc27a4",3.31277498022076e-10,0.262904037082374,5.21240386424226e-07,0.9994239514964,0.999999999992432
"Efr3a",3.30741218602236e-10,0.262433132033324,5.19554161198598e-07,0.999424884016434,0.999999999992432
"Slc24a2",3.30262441541857e-10,0.262012106356638,5.18051049062533e-07,0.999425716547359,0.999999999992432
"Hps3",3.30125638616598e-10,0.261891698464301,5.17621958667823e-07,0.999425954429821,0.999999999992432
"Crtc2",3.28932421858919e-10,0.260839467502676,5.13886901932926e-07,0.999428029278291,0.999999999992432
"Wdr26",3.28873580715491e-10,0.260787485033103,5.13703064850566e-07,0.999428131595373,0.999999999992432
"Nmt1",3.28758450868089e-10,0.260685749454162,5.13343460389642e-07,0.999428331791177,0.999999999992432
"Supv3l1",3.28572218032349e-10,0.260521111373478,5.12762034541763e-07,0.999428655625814,0.999999999992432
"Ppp2r2c",3.28448633085426e-10,0.260411807864771,5.12376379590932e-07,0.999428870523934,0.999999999992432
"Fbxo27",3.27756167481385e-10,0.259798639679051,5.1021817907301e-07,0.999430074631397,0.999999999992432
"Clpb",3.27487820803859e-10,0.259560691705068,5.09383050292575e-07,0.999430541251306,0.999999999992432
"Phb2",3.27381508675091e-10,0.259466371541263,5.09052382688623e-07,0.999430726114247,0.999999999992432
"Crat",3.26530834918447e-10,0.258710603856794,5.06410358718463e-07,0.999432205325077,0.999999999992432
"Nckap5l",3.26139555013521e-10,0.25836234918485,5.05197428998208e-07,0.999432885709853,0.999999999992432
"Mkl2",3.25783051493803e-10,0.258044701150948,5.04093568871355e-07,0.999433505623026,0.999999999992432
"Pfdn2",3.24350045136848e-10,0.256764538667293,4.99668657509426e-07,0.999435997434384,0.999999999992432
"Gmeb2",3.23010711409133e-10,0.255563190956037,4.95550628920728e-07,0.999438326361248,0.999999999992432
"Sumo2",3.22355522027175e-10,0.254973778389451,4.93542335005617e-07,0.999439465650227,0.999999999992432
"Phf6",3.22337775027703e-10,0.254957797249833,4.93487993424019e-07,0.999439496509948,0.999999999992432
"Pou4f3",3.22095530716885e-10,0.254739573093066,4.92746536804096e-07,0.999439917741246,0.999999999992432
"Bcap31",3.21861897145053e-10,0.254528958117244,4.92031963826672e-07,0.99944032399959,0.999999999992432
"Gprasp1",3.21507806807144e-10,0.254209477288335,4.90949959828236e-07,0.999440939716559,0.999999999992432
"Smarca2",3.21217953821844e-10,0.253947706233372,4.90065134251818e-07,0.99944144373314,0.999999999992432
"Ctr9",3.21105780469798e-10,0.253846340385583,4.89722920190149e-07,0.999441638787986,0.999999999992432
"Spock3",3.20348862990122e-10,0.253161468619909,4.87416870447362e-07,0.999442954968878,0.999999999992432
"Bdh1",3.20341374318522e-10,0.253154685066389,4.87394082401994e-07,0.999442967990703,0.999999999992432
"Ndst1",3.19341682639633e-10,0.252247767245425,4.8435680045934e-07,0.999444706324303,0.999999999992432
"Sytl2",3.19295610925125e-10,0.252205906118638,4.84217053350018e-07,0.999444786437013,0.999999999992432
"Zfp62",3.18672795460109e-10,0.251639447249972,4.82329875880286e-07,0.999445869431974,0.999999999992432
"Nsd2",3.18111319848388e-10,0.251127875647129,4.80631720985056e-07,0.999446845764922,0.999999999992432
"Gm42488",3.17396369581938e-10,0.250475227323018,4.78473724041771e-07,0.999448088970303,0.999999999992432
"Plxna4",3.16841582003888e-10,0.249967821826545,4.76802505915677e-07,0.999449053673633,0.999999999992432
"C330006A16Rik",3.16773681077928e-10,0.249905662073701,4.76598164917634e-07,0.999449171744499,0.999999999992432
"Asic3",3.16729085061866e-10,0.249864829862432,4.76463981526962e-07,0.999449249291161,0.999999999992432
"Fbxo8",3.16048393916697e-10,0.249240908732556,4.74418218628438e-07,0.999450432924396,0.999999999992432
"Tpm1",3.15841616115305e-10,0.249051123514574,4.73797636041076e-07,0.999450792484057,0.999999999992432
"Twf2",3.14871977297925e-10,0.248159590237328,4.70892968928845e-07,0.999452478559658,0.999999999992432
"Mitf",3.14547652035548e-10,0.247860807618109,4.69923407691921e-07,0.999453042519044,0.999999999992432
"Sarm1",3.14389055804212e-10,0.247714595272539,4.69449652492603e-07,0.999453318297232,0.999999999992432
"Zbtb18",3.13770900035666e-10,0.247144038239946,4.6760539160133e-07,0.999454393189596,0.999999999992432
"Itfg2",3.137575566701e-10,0.247131710559993,4.67565621839304e-07,0.999454416391971,0.999999999992432
"Kantr",3.13344099346892e-10,0.246749478244276,4.66334154723218e-07,0.999455135340402,0.999999999992432
"Wdr17",3.13003590882519e-10,0.246434325622581,4.65321182409717e-07,0.999455727440269,0.999999999992432
"Fastk",3.12733283466638e-10,0.24618391457662,4.64517834085095e-07,0.999456197469658,0.999999999992432
"Epc2",3.12493782114052e-10,0.245961870215582,4.63806620696635e-07,0.999456613931315,0.999999999992432
"Ldhd",3.12186523784837e-10,0.245676770755828,4.6289499688163e-07,0.999457148213529,0.999999999992432
"Trim24",3.12134220785169e-10,0.245628213198785,4.62739905185391e-07,0.999457239161633,0.999999999992432
"Gtpbp3",3.1170029643268e-10,0.245225064047861,4.6145421121228e-07,0.999457993699564,0.999999999992432
"Lmna",3.10811912829206e-10,0.244398021461917,4.58827558889877e-07,0.999459538482941,0.999999999992432
"Aars",3.10620097170805e-10,0.244219155526501,4.582614084358e-07,0.999459872025387,0.999999999992432
"Patl1",3.10470878716324e-10,0.244079938426587,4.57821226779906e-07,0.999460131496845,0.999999999992432
"Etv1",3.09906555106206e-10,0.243552863193167,4.56158432982881e-07,0.999461112782103,0.999999999992432
"Abcc1",3.09708258621329e-10,0.243367438840891,4.5557486562543e-07,0.999461457593863,0.999999999992432
"2510002D24Rik",3.0861240511528e-10,0.242340682842904,4.52356610682038e-07,0.999463363140384,0.999999999992432
"Kazn",3.08494181134935e-10,0.242229706409009,4.52010097355577e-07,0.999463568716488,0.999999999992432
"Ccdc124",3.08391567533914e-10,0.242133350627137,4.51709445527445e-07,0.999463747148176,0.999999999992432
"Afg3l1",3.08181298765939e-10,0.241935809769808,4.5109368285015e-07,0.999464112778178,0.999999999992432
"Stx12",3.08102606127644e-10,0.241861847598808,4.50863342981558e-07,0.999464249614428,0.999999999992432
"1700021F05Rik",3.07326534523257e-10,0.241131465450827,4.48594867797028e-07,0.999465599101874,0.999999999992432
"Zfp715",3.07033826856076e-10,0.240855535171972,4.47740762394855e-07,0.999466108082386,0.999999999992432
"Nfkbib",3.06451378546583e-10,0.240305727433083,4.46043630223758e-07,0.99946712088414,0.999999999992432
"Edem3",3.06271009043507e-10,0.240135264577386,4.45518724823651e-07,0.999467434523216,0.999999999992432
"Acp1",3.06238871191803e-10,0.240104881861512,4.45425230741137e-07,0.999467490406754,0.999999999992432
"Sertad4",3.06211169406764e-10,0.240078690515872,4.45344649749832e-07,0.999467538576551,0.999999999992432
"Slc16a6",3.06018197613364e-10,0.239896178030263,4.4478352144812e-07,0.999467874129368,0.999999999992432
"6330403K07Rik",3.05658844699614e-10,0.239556010929289,4.43739528573872e-07,0.999468498997285,0.999999999992432
"Ddhd2",3.04974219302071e-10,0.238906884935387,4.41753948043958e-07,0.999469689471691,0.999999999992432
"Rabgap1l",3.04964362817363e-10,0.238897529427835,4.41725394347302e-07,0.999469706610835,0.999999999992432
"Mien1",3.0475730746484e-10,0.23870093168736,4.41125779641498e-07,0.999470066653128,0.999999999992432
"Cc2d1b",3.03717379917459e-10,0.237711604068399,4.38120396942207e-07,0.999471874951704,0.999999999992432
"Ppdpf",3.03492277292151e-10,0.237497030686488,4.37471204562709e-07,0.999472266375855,0.999999999992432
"Rnf41",3.03166828214234e-10,0.237186537135559,4.36533465626405e-07,0.999472832289419,0.999999999992432
"Zc3h11a",3.03065944873379e-10,0.237090225448859,4.36242987757483e-07,0.999473007712411,0.999999999992432
"Hdac3",3.01508303659449e-10,0.235599292656395,4.31770272431767e-07,0.999475716247639,0.999999999992432
"Dtx3l",3.01443595086575e-10,0.235537197154626,4.31584962510331e-07,0.999475828767421,0.999999999992432
"Arl5b",3.01329273920419e-10,0.23542746156941,4.31257671161916e-07,0.999476027557041,0.999999999992432
"Kcnmb4",3.01325428660368e-10,0.235423769860632,4.31246664681914e-07,0.999476034243448,0.999999999992432
"Isl2",3.01323493284157e-10,0.235421911752115,4.31241125011006e-07,0.999476037608815,0.999999999992432
"Pank3",3.01295583611765e-10,0.235395115080986,4.3116124248349e-07,0.999476086140101,0.999999999992432
"Ero1l",3.01025045492918e-10,0.235135243391054,4.30387296970508e-07,0.99947655657066,0.999999999992432
"Gnl1",3.00708660331954e-10,0.23483105066245,4.29483075889048e-07,0.999477106723255,0.999999999992432
"Atp2b2",3.00617899406862e-10,0.234743731242435,4.29223858887087e-07,0.999477264544684,0.999999999992432
"Tsen34",3.00474240637432e-10,0.234605468573128,4.28813723375608e-07,0.999477514348577,0.999999999992432
"Pear1",2.9951497544697e-10,0.233680622408736,4.26080114896074e-07,0.999479182385829,0.999999999992432
"Nrp1",2.9905855110073e-10,0.233239586507739,4.24782515931242e-07,0.999479976048333,0.999999999992432
"Tmem130",2.97814310266442e-10,0.23203404012937,4.21255231624797e-07,0.999482139621125,0.999999999992432
"Lrp10",2.9754633831289e-10,0.231773775694458,4.20497485627003e-07,0.999482605589459,0.999999999992432
"Cycs",2.96614798400971e-10,0.230867293456004,4.17868671427747e-07,0.999484225416069,0.999999999992432
"Asphd2",2.96567991408975e-10,0.230821674208789,4.17736799165091e-07,0.999484306807333,0.999999999992432
"Prrc2c",2.9569108799627e-10,0.229965755783137,4.15270091572519e-07,0.999485831628187,0.999999999992432
"Arxes2",2.95664139003386e-10,0.22993941352803,4.15194400412224e-07,0.999485878488976,0.999999999992432
"Smc4",2.94329751541174e-10,0.228632207990661,4.11455157748021e-07,0.999488198815027,0.999999999992432
"Chmp7",2.94247931667625e-10,0.228551871745047,4.11226431093275e-07,0.999488341089134,0.999999999992432
"Dicer1",2.93949496616715e-10,0.228258668203814,4.10392697820554e-07,0.99948886002883,0.999999999992432
"Anapc5",2.93473356716841e-10,0.22779028894828,4.09064264996852e-07,0.999489687974121,0.999999999992432
"Pls3",2.93003668688787e-10,0.227327548596856,4.07755942897148e-07,0.999490504700447,0.999999999992432
"Zfp617",2.92879244691129e-10,0.227204847034364,4.07409709333023e-07,0.999490721057579,0.999999999992432
"Smu1",2.92332372575452e-10,0.22666495762646,4.05889676734856e-07,0.999491671996985,0.999999999992432
"Puf60",2.91928045076821e-10,0.226265175504779,4.04767673970396e-07,0.999492375069862,0.999999999992432
"Dctn5",2.91823799638669e-10,0.226162016686492,4.04478646242958e-07,0.999492556339106,0.999999999992432
"Rps14",2.91753791745283e-10,0.226092718881917,4.04284602430074e-07,0.999492678073718,0.999999999992432
"Ykt6",2.91686766673269e-10,0.22602635884149,4.04098869851331e-07,0.999492794621592,0.999999999992432
"Scn9a",2.91625160605495e-10,0.225965351260046,4.03928191464623e-07,0.999492901746523,0.999999999992432
"Gfod2",2.9096605079401e-10,0.225311877248641,4.02104397019842e-07,0.99949404785267,0.999999999992432
"Psmb7",2.90932332604993e-10,0.225278409574871,4.02011207821732e-07,0.999494106484211,0.999999999992432
"C1galt1",2.90756967016917e-10,0.225104287458181,4.01526712448641e-07,0.999494411422137,0.999999999992432
"Rpl21",2.89997506136508e-10,0.22434905831864,3.99431866192023e-07,0.999495732025729,0.999999999992432
"Panx1",2.89801896169584e-10,0.224154234020675,3.98893196022243e-07,0.999496072165995,0.999999999992432
"Crot",2.88427991553478e-10,0.222782317228463,3.95119983199542e-07,0.99949846120725,0.999999999992432
"BC017643",2.87998319340369e-10,0.222351992195629,3.93943636745268e-07,0.99949920835129,0.999999999992432
"Clcn7",2.87759291747925e-10,0.222112337355194,3.93289991798624e-07,0.999499623989154,0.999999999992432
"Snrpe",2.87660005918664e-10,0.222012735390446,3.93018644268296e-07,0.999499796634286,0.999999999992432
"Adam11",2.87651986436897e-10,0.22200468894854,3.92996731163564e-07,0.99949981057912,0.999999999992432
"Ssh1",2.87627693970089e-10,0.221980313514055,3.92930356117486e-07,0.999499852820557,0.999999999992432
"Zfp760",2.87335929840062e-10,0.221687400006092,3.92133598085688e-07,0.999500360160395,0.999999999992432
"9230114K14Rik",2.86874231951047e-10,0.221223305491812,3.90874432208789e-07,0.999501162992917,0.999999999992432
"Lrrc8c",2.8619939954177e-10,0.220543692050757,3.89037637833637e-07,0.999502336438623,0.999999999992432
"Rbfox1",2.86025495959573e-10,0.220368309717445,3.88564998937168e-07,0.999502638834313,0.999999999992432
"Fam171a2",2.8589847999307e-10,0.220240149676135,3.88219973747273e-07,0.999502859698543,0.999999999992432
"Ddx39b",2.85780491400751e-10,0.220121049854106,3.87899607746168e-07,0.999503064865345,0.999999999992432
"Txnl1",2.8525447715045e-10,0.219589512581173,3.86472967744945e-07,0.999503979535647,0.999999999992432
"Hs6st2",2.84830174277739e-10,0.21916007574134,3.85324101409513e-07,0.999504717343106,0.999999999992432
"Gcsh",2.8474212697995e-10,0.219070886959887,3.8508591384926e-07,0.999504870445895,0.999999999992432
"Hmbox1",2.84340067660811e-10,0.218663281918672,3.83999189711116e-07,0.99950556957471,0.999999999992432
"Snrnp200",2.84084183412631e-10,0.218403582976516,3.83308361071782e-07,0.999506014524107,0.999999999992432
"Bace1",2.82419215128394e-10,0.216708346745787,3.78828519373881e-07,0.99950890968721,0.999999999992432
"Samd8",2.82221407326923e-10,0.216506312336094,3.78298038513969e-07,0.999509253649227,0.999999999992432
"3830406C13Rik",2.8163046804085e-10,0.215901944106035,3.76715471623324e-07,0.99951028121572,0.999999999992432
"Adk",2.80670260907708e-10,0.21491734272908,3.74151059876911e-07,0.999511950890931,0.999999999992432
"Ube2m",2.78032930338392e-10,0.212196454783845,3.67152641466844e-07,0.999516536865491,0.999999999992432
"Srxn1",2.77381396796736e-10,0.211520502865532,3.65433909953107e-07,0.999517669797513,0.999999999992432
"Trp53bp1",2.77191699043447e-10,0.211323412053238,3.64934249281832e-07,0.999517999657214,0.999999999992432
"Grik4",2.76589568319707e-10,0.21069696466838,3.63350511666982e-07,0.999519046684167,0.999999999992432
"Htr3b",2.76170156323678e-10,0.210259849059324,3.62249399851356e-07,0.999519775987036,0.999999999992432
"Rictor",2.75890802433301e-10,0.209968353455561,3.61516919562454e-07,0.999520261747091,0.999999999992432
"Brsk2",2.75579534720164e-10,0.209643226498347,3.60701632754077e-07,0.999520803001129,0.999999999992432
"Stk39",2.74457682340755e-10,0.208468521940867,3.5777086116677e-07,0.999522753756397,0.999999999992432
"Atp6v1d",2.74289782592409e-10,0.208292319889211,3.57333261729112e-07,0.999523045712206,0.999999999992432
"Cops7a",2.74121473409185e-10,0.208115585292382,3.56894863939758e-07,0.999523338379969,0.999999999992432
"Limk2",2.74003980955519e-10,0.207992150160152,3.56588988837646e-07,0.999523542684053,0.999999999992432
"Abce1",2.73897301840181e-10,0.207880031737438,3.56311378326415e-07,0.99952372818515,0.999999999992432
"Smim7",2.738638656759e-10,0.207844882206243,3.56224389820022e-07,0.999523786326287,0.999999999992432
"Zfp451",2.737323025135e-10,0.207706537772686,3.55882214338004e-07,0.999524015097503,0.999999999992432
"Dpm1",2.70697007879116e-10,0.20449712755849,3.48033535914396e-07,0.999529293079819,0.999999999992432
"Popdc3",2.69919700233062e-10,0.203669732913747,3.46037645986568e-07,0.99953064471665,0.999999999992432
"Scrn1",2.69699578119893e-10,0.203435015640713,3.45473482060028e-07,0.999531027480356,0.999999999992432
"Ahsa2",2.69439909800241e-10,0.203157895983092,3.44808554563629e-07,0.999531479009769,0.999999999992432
"Dock5",2.6912554522595e-10,0.202822064449015,3.44004424543239e-07,0.99953202564885,0.999999999992432
"Gatad1",2.68444723478616e-10,0.202093472258058,3.42266132091837e-07,0.999533209509263,0.999999999992432
"9030624J02Rik",2.67926335740295e-10,0.201537533332188,3.40945523129665e-07,0.999534110918075,0.999999999992432
"Drosha",2.67819150537247e-10,0.201422456333071,3.40672783944392e-07,0.999534297299194,0.999999999992432
"Ccng2",2.67810380696409e-10,0.201413038853173,3.40650473387649e-07,0.999534312548806,0.999999999992432
"Sigmar1",2.67195382836014e-10,0.200751892667194,3.39087735114669e-07,0.999535381950048,0.999999999992432
"Rps17",2.66118371703687e-10,0.199590574346503,3.36359654748411e-07,0.999537254732244,0.999999999992432
"Rpl36a",2.65672506243985e-10,0.199108499794596,3.35233497863637e-07,0.999538030034253,0.999999999992432
"Gpt2",2.6516532383265e-10,0.198559193447646,3.33954763805379e-07,0.999538911958463,0.999999999992432
"Eepd1",2.6504233114135e-10,0.198425835263089,3.33645036509053e-07,0.999539125826747,0.999999999992432
"Tmem65",2.64883250389388e-10,0.198253260394413,3.33244643299603e-07,0.999539402447473,0.999999999992432
"Shisa4",2.64510457619061e-10,0.197848459247204,3.32307296200328e-07,0.999540050685586,0.999999999992432
"Fundc1",2.64268208550768e-10,0.197585119804103,3.31698894774042e-07,0.999540471925191,0.999999999992432
"Dffa",2.63279406756907e-10,0.196507848520911,3.29221329570169e-07,0.999542191322833,0.999999999992432
"Vps26a",2.62233609304133e-10,0.195364291905306,3.26611060724215e-07,0.999544009828512,0.999999999992432
"Clic1",2.62004392422092e-10,0.195113069504096,3.26040332587977e-07,0.999544408406841,0.999999999992432
"Cdip1",2.61150078382924e-10,0.194174895872627,3.23917568814408e-07,0.999545893947784,0.999999999992432
"Pdcl",2.60576089771215e-10,0.193542925592366,3.22495239768458e-07,0.999546892039288,0.999999999992432
"Slc1a4",2.60073591318097e-10,0.192988580523106,3.212526306993e-07,0.999547765818709,0.999999999992432
"Gsn",2.5993543345665e-10,0.192835989526585,3.2091140583782e-07,0.999548006057252,0.999999999992432
"Sar1a",2.59626535135949e-10,0.192494542193828,3.20149138898699e-07,0.999548543191236,0.999999999992432
"N4bp1",2.59192837927921e-10,0.192014493901167,3.19080435983641e-07,0.999549297334246,0.999999999992432
"Gipc2",2.59029759239599e-10,0.191833788866197,3.18679044883085e-07,0.999549580906865,0.999999999992432
"Gfra1",2.59010527066344e-10,0.191812470861331,3.18631724736579e-07,0.999549614349111,0.999999999992432
"Tmco1",2.58977926664446e-10,0.191776331337232,3.18551520517176e-07,0.999549671036968,0.999999999992432
"F2rl2",2.58538591349366e-10,0.191288879472671,3.17471642964203e-07,0.999550434983913,0.999999999992432
"Serpinb1a",2.58384832828378e-10,0.191118095226163,3.17094140675989e-07,0.999550702349974,0.999999999992432
"Fip1l1",2.5801745722307e-10,0.190709648787057,3.16193082861898e-07,0.999551341168348,0.999999999992432
"Rab11fip2",2.57884693940394e-10,0.190561907294776,3.15867771296119e-07,0.999551572026421,0.999999999992432
"Ostf1",2.57275202502175e-10,0.189882725114237,3.14376475342061e-07,0.999552631852724,0.999999999992432
"Tmem214",2.56979446008577e-10,0.189552600116754,3.13654093704578e-07,0.999553146134783,0.999999999992432
"Sec24b",2.5640988482597e-10,0.188915834790006,3.12265288276699e-07,0.999554136527568,0.999999999992432
"Cox5b",2.56231244310935e-10,0.188715839149763,3.11830330007429e-07,0.99955444716018,0.999999999992432
"Nelfa",2.55955679679859e-10,0.188407072947472,3.11159973013598e-07,0.999554926331217,0.999999999992432
"Ppm1b",2.55768999291247e-10,0.188197720782964,3.10706251636446e-07,0.999555250944123,0.999999999992432
"Vps13c",2.55621109558385e-10,0.188031767213006,3.1034704485149e-07,0.999555508105125,0.999999999992432
"Cdk5r1",2.55441134374846e-10,0.187829686069185,3.099101865371e-07,0.999555821058551,0.999999999992432
"Cct4",2.54301337447591e-10,0.186546740965192,3.07150673275583e-07,0.999557803017103,0.999999999992432
"Cd164",2.54049850694571e-10,0.186262934269469,3.06543471350584e-07,0.999558240319844,0.999999999992432
"Tdg",2.53844075362235e-10,0.18603051502358,3.06047084219338e-07,0.999558598136373,0.999999999992432
"Spata6",2.53521979037311e-10,0.18566635389497,3.05270906164071e-07,0.999559158219973,0.999999999992432
"Smarcc2",2.52995986795679e-10,0.185070722700349,3.04005504574849e-07,0.999560072852044,0.999999999992432
"Rapgef4",2.52891885458769e-10,0.184952699389377,3.0375537516518e-07,0.999560253870724,0.999999999992432
"Cox11",2.52288478722017e-10,0.184267685759345,3.02307567741003e-07,0.99956130311653,0.999999999992432
"6030458C11Rik",2.52204027258037e-10,0.184171688644886,3.02105211741497e-07,0.999561449966637,0.999999999992432
"Brat1",2.51070502152211e-10,0.182880231369151,2.9939570473717e-07,0.999563421019315,0.999999999992432
"Ifnar1",2.51047781913976e-10,0.182854288976967,2.99341520482977e-07,0.999563460526853,0.999999999992432
"Vkorc1",2.5092785765402e-10,0.182717320252151,2.99055600919589e-07,0.999563669059538,0.999999999992432
"Ccar1",2.50549220477186e-10,0.18228446006483,2.98153762935532e-07,0.999564327460326,0.999999999992432
"Apbb1",2.4983659030683e-10,0.181468089121898,2.96460114075409e-07,0.999565566631475,0.999999999992432
"Ica1",2.49525542414398e-10,0.18111106690442,2.95722384741702e-07,0.999566107503291,0.999999999992432
"Clic4",2.49160473821783e-10,0.180691499793712,2.94857703883538e-07,0.999566742310077,0.999999999992432
"Tmem184b",2.48743267387389e-10,0.180211295916685,2.93871082394428e-07,0.999567467777786,0.999999999992432
"Amacr",2.48490062748412e-10,0.179919484597895,2.9327310320044e-07,0.999567908067711,0.999999999992432
"Pld3",2.48467622212593e-10,0.179893608878592,2.93220136024706e-07,0.999567947088883,0.999999999992432
"Sptb",2.4831453289274e-10,0.179717025484637,2.92858921617658e-07,0.999568213291293,0.999999999992432
"Scn1a",2.47896903162311e-10,0.179234777203413,2.91874655896938e-07,0.99956893949506,0.999999999992432
"Wbscr17",2.47543599223105e-10,0.178826204641005,2.91043286239151e-07,0.999569553844646,0.999999999992432
"Tpra1",2.46661069851091e-10,0.177803192890448,2.88971761159656e-07,0.999571088448407,0.999999999992432
"Slc12a6",2.46527996960265e-10,0.177648635663786,2.886600465088e-07,0.999571319844852,0.999999999992432
"Eif2s3x",2.4639334802959e-10,0.177492167261893,2.88344811301032e-07,0.999571553981825,0.999999999992432
"Camk2b",2.46035780593524e-10,0.177076262461545,2.87508523275572e-07,0.999572175745077,0.999999999992432
"Sbds",2.45783015610274e-10,0.176781912149233,2.86918082673459e-07,0.999572615270499,0.999999999992432
"Tcea1",2.44357711898841e-10,0.175116713127706,2.83600036768378e-07,0.999575093688228,0.999999999992432
"Mrpl20",2.44302071691557e-10,0.175051521060044,2.83470900116974e-07,0.99957519043931,0.999999999992432
"Gsr",2.44034720194286e-10,0.174738075981053,2.82850807944022e-07,0.999575655328784,0.999999999992432
"Eno1",2.43607837300323e-10,0.174236918090891,2.81862107940913e-07,0.999576397622602,0.999999999992432
"Ndufaf4",2.43497861849517e-10,0.174107672445034,2.81607675113064e-07,0.999576588855604,0.999999999992432
"Wdr47",2.43232107979592e-10,0.173795123418536,2.80993316616683e-07,0.999577050967011,0.999999999992432
"Zfp719",2.43189747954549e-10,0.173745274474157,2.80895452501985e-07,0.999577124625584,0.999999999992432
"Ttc33",2.42944090083331e-10,0.173456023500581,2.80328246628983e-07,0.999577551792664,0.999999999992432
"Sdhaf4",2.42829183300678e-10,0.173320630600618,2.80063132139215e-07,0.999577751600611,0.999999999992432
"Cep170b",2.42737076902511e-10,0.173212059092027,2.79850713567404e-07,0.999577911761655,0.999999999992432
"Dtd1",2.41954600486167e-10,0.172288124073966,2.78049393021909e-07,0.999579272386351,0.999999999992432
"Gpr137",2.41761666723057e-10,0.172059874928513,2.77606138565055e-07,0.999579607873067,0.999999999992432
"Mthfd1",2.41708703190214e-10,0.171997186464495,2.77484519687099e-07,0.99957969996976,0.999999999992432
"Large1",2.41482010347182e-10,0.171728721741109,2.76964271505154e-07,0.999580094159125,0.999999999992432
"Fam219a",2.41317110639361e-10,0.171533286096643,2.76586142022979e-07,0.999580380898265,0.999999999992432
"Hsf1",2.41211396662817e-10,0.17140792938327,2.76343866483773e-07,0.999580564721118,0.999999999992432
"Ube2h",2.38927335549851e-10,0.168686642989254,2.71135174881945e-07,0.999584536406271,0.999999999992432
"Pcnt",2.38782532852897e-10,0.168513289554479,2.70806629742386e-07,0.999584788199325,0.999999999992432
"Hnrnpll",2.38610684174127e-10,0.168307427852568,2.70416977998122e-07,0.999585087021823,0.999999999992432
"Alg5",2.38546584980323e-10,0.16823060580689,2.70271710554241e-07,0.999585198481983,0.999999999992432
"Ostc",2.38240687994841e-10,0.167863721970036,2.69578996443501e-07,0.999585730397049,0.999999999992432
"Ncor1",2.38231705898084e-10,0.167852942346179,2.69558669613481e-07,0.999585746015747,0.999999999992432
"Cobl",2.37570132443433e-10,0.167057909221554,2.68063610482374e-07,0.999586896405926,0.999999999992432
"Rrp7a",2.37477414343761e-10,0.166946319043609,2.67854413322256e-07,0.999587057630641,0.999999999992432
"Rpl37",2.36935577758838e-10,0.166293366835648,2.66633516165367e-07,0.99958799981398,0.999999999992432
"Pigc",2.36741749445197e-10,0.166059445207445,2.66197448386354e-07,0.999588336856205,0.999999999992432
"Ndp",2.366494093335e-10,0.165947940588451,2.65989830521099e-07,0.999588497423648,0.999999999992432
"Tnfaip1",2.36600966098097e-10,0.165889426787507,2.65880942954807e-07,0.999588581660133,0.999999999992432
"Kcna4",2.36443847891635e-10,0.165699567899309,2.65527936227686e-07,0.999588854868256,0.999999999992432
"Pikfyve",2.36335694583391e-10,0.165568807680694,2.65285078086015e-07,0.999589042932791,0.999999999992432
"Vps35",2.35573772305083e-10,0.16464600936873,2.63577331030552e-07,0.999590367816524,0.999999999992432
"Sec22c",2.35555197837931e-10,0.164623477613057,2.63535767698459e-07,0.999590400115106,0.999999999992432
"Elk1",2.35164978372893e-10,0.16414973132699,2.62663347070078e-07,0.999591078655998,0.999999999992432
"Etv5",2.34888612930652e-10,0.163813757678633,2.62046346884679e-07,0.999591559219554,0.999999999992432
"Rpl30",2.34753922735159e-10,0.163649880544135,2.61745906997265e-07,0.999591793428284,0.999999999992432
"Hnrnpc",2.34629959520479e-10,0.163498975942391,2.61469546996099e-07,0.99959200898419,0.999999999992432
"Adam15",2.34368290403096e-10,0.16318018847425,2.60886668712875e-07,0.999592463992748,0.999999999992432
"Lrrc49",2.34210712225658e-10,0.162988050248222,2.60535970881902e-07,0.999592738000702,0.999999999992432
"Cops9",2.3397887148173e-10,0.162705138822433,2.60020426935036e-07,0.9995931411416,0.999999999992432
"Stbd1",2.33335195452596e-10,0.16191827334624,2.58591762040246e-07,0.99959426041049,0.999999999992432
"Pde11a",2.32923167851287e-10,0.161413504695764,2.57679316132168e-07,0.999594976872895,0.999999999992432
"Polr1c",2.32832910854755e-10,0.161302818995532,2.57479654971109e-07,0.999595133818072,0.999999999992432
"Pnpla8",2.32634280469743e-10,0.161059087129422,2.57040529182786e-07,0.999595479210476,0.999999999992432
"Phospho2",2.3247790372806e-10,0.160867063995364,2.56695080087654e-07,0.99959575112929,0.999999999992432
"Gan",2.32258675766539e-10,0.160597655892935,2.56211178568057e-07,0.9995961323382,0.999999999992432
"Tmem110",2.32235885835826e-10,0.160569635605642,2.56160900587988e-07,0.999596171966925,0.999999999992432
"2610044O15Rik8",2.31750374144815e-10,0.159972076138058,2.55090961644573e-07,0.999597016208606,0.999999999992432
"Raf1",2.31629008355331e-10,0.159822515416533,2.54823853472746e-07,0.999597227247928,0.999999999992432
"Mbnl1",2.31326396599853e-10,0.159449278356589,2.54158459079888e-07,0.99959775345041,0.999999999992432
"Cgrrf1",2.30975848484746e-10,0.15901633698502,2.53388747851739e-07,0.999598363007987,0.999999999992432
"Purb",2.30626806234802e-10,0.158584634808759,2.52623502887457e-07,0.999598969947061,0.999999999992432
"Gnptg",2.303635591778e-10,0.158258635013051,2.52047122019623e-07,0.999599427699454,0.999999999992432
"Ak2",2.30072284984565e-10,0.157897514314064,2.51410142723636e-07,0.999599934187391,0.999999999992432
"Flot2",2.29902561148258e-10,0.157686890997409,2.51039350083229e-07,0.999600229315067,0.999999999992432
"Zfand3",2.29038139043979e-10,0.156611866122916,2.49155108340444e-07,0.999601732432676,0.999999999992432
"Prrt3",2.2858141219459e-10,0.156042307815611,2.48162414568874e-07,0.999602526621263,0.999999999992432
"Lrrfip1",2.28151448089416e-10,0.155505135047444,2.47229700253279e-07,0.99960327427292,0.999999999992432
"G3bp2",2.27978006349511e-10,0.15528817452661,2.46853952906826e-07,0.999603575865548,0.999999999992432
"Kctd8",2.27899810688804e-10,0.155190307274608,2.46684641859327e-07,0.999603711837631,0.999999999992432
"Ddx58",2.27517680385902e-10,0.154711585586336,2.45858079987344e-07,0.999604376312528,0.999999999992432
"Trpm2",2.27477561755407e-10,0.154661281841247,2.45771382374883e-07,0.999604446073608,0.999999999992432
"Ehd1",2.27091928145447e-10,0.154177315212508,2.44938795914458e-07,0.9996051166403,0.999999999992432
"Clgn",2.26903591993344e-10,0.153940671259853,2.44532689879288e-07,0.999605444132374,0.999999999992432
"Faim2",2.26652682891856e-10,0.153625114492731,2.43992182312703e-07,0.999605880430668,0.999999999992432
"Rps24",2.265333089912e-10,0.153474866947271,2.43735237387001e-07,0.999606088006356,0.999999999992432
"Bcas3",2.26288724365875e-10,0.153166790393792,2.43209206933762e-07,0.999606513307209,0.999999999992432
"Nudc",2.2624174946667e-10,0.153107585032884,2.43108242626387e-07,0.999606594990449,0.999999999992432
"Brox",2.26090219874383e-10,0.152916523325518,2.42782699206775e-07,0.999606858480703,0.999999999992432
"Gpbp1",2.26089646663393e-10,0.152915800340256,2.42781468144813e-07,0.999606859477442,0.999999999992432
"Usp21",2.25832997240512e-10,0.152591915946658,2.4223058615048e-07,0.999607305757409,0.999999999992432
"Noc2l",2.25715429983249e-10,0.152443432566816,2.41978444318671e-07,0.999607510191579,0.999999999992432
"Elf2",2.25602396208166e-10,0.152300605527912,2.41736149067075e-07,0.999607706742613,0.999999999992432
"Tdrd7",2.25506142252091e-10,0.152178927505062,2.41529918128306e-07,0.999607874115724,0.999999999992432
"Eif2s2",2.2485174696907e-10,0.151350373032856,2.40130162835677e-07,0.999609012024013,0.999999999992432
"Jmjd6",2.24569970741883e-10,0.15099289981183,2.39528694750039e-07,0.999609501996225,0.999999999992432
"Tmem14a",2.24106549827489e-10,0.150404056801716,2.38541135511347e-07,0.999610307824925,0.999999999992432
"Galnt2",2.2385446257957e-10,0.15008325772802,2.38004789225381e-07,0.999610746171864,0.999999999992432
"Hn1",2.23743623727016e-10,0.149942098721057,2.37769157140841e-07,0.999610938906214,0.999999999992432
"A330102I10Rik",2.23594046697187e-10,0.14975149929681,2.37451356652665e-07,0.999611199001216,0.999999999992432
"Cdk7",2.23582846978444e-10,0.149737223114541,2.37427569598895e-07,0.99961121847607,0.999999999992432
"Gnb2",2.23129353570176e-10,0.149158587679765,2.36465397019589e-07,0.999612007042129,0.999999999992432
"Kctd5",2.22982309420557e-10,0.148970726662842,2.36153834282384e-07,0.999612262732781,0.999999999992432
"Ppp4r3a",2.21632664000497e-10,0.147240925159272,2.333037483611e-07,0.999614609590644,0.999999999992432
"Usp45",2.21404999955295e-10,0.146948148790439,2.32824689056407e-07,0.999615005468811,0.999999999992432
"Serp2",2.21216986937512e-10,0.146706148023452,2.32429436136665e-07,0.999615332398998,0.999999999992432
"Camk2d",2.21188317702187e-10,0.146669229279076,2.32369195352258e-07,0.99961538225107,0.999999999992432
"Ncald",2.20919352448031e-10,0.14632264832784,2.31804416518e-07,0.999615849946668,0.999999999992432
"Ppp1ca",2.20899474587733e-10,0.146297018380167,2.31762703843598e-07,0.999615884511682,0.999999999992432
"Srp72",2.20550612858716e-10,0.145846848991016,2.31031246306764e-07,0.99961649113686,0.999999999992432
"Mrm3",2.20483399580669e-10,0.145760039610979,2.30890453215849e-07,0.99961660801201,0.999999999992432
"Dph5",2.20095108331178e-10,0.145258048997306,2.30077931280478e-07,0.999617283199996,0.999999999992432
"Sgta",2.20033826047989e-10,0.145178745192353,2.29949825407351e-07,0.999617389761917,0.999999999992432
"Zfp239",2.19805706154985e-10,0.144883356652022,2.29473271973867e-07,0.999617786432745,0.999999999992432
"Rab1b",2.18996752997026e-10,0.143833504424622,2.27787314520488e-07,0.999619193097085,0.999999999992432
"Slc25a20",2.17860737377996e-10,0.142352957218383,2.25430213086098e-07,0.999621168480515,0.999999999992432
"Parp4",2.17812811687801e-10,0.14229033549262,2.25331042300714e-07,0.999621251817058,0.999999999992432
"Fam76a",2.17270544268126e-10,0.141580872685692,2.24210469272547e-07,0.999622194749582,0.999999999992432
"Plxnc1",2.17013256052961e-10,0.141243667137296,2.23679770959751e-07,0.99962264214033,0.999999999992432
"Exosc7",2.1680689482901e-10,0.140972932647289,2.23254572190071e-07,0.999623000975663,0.999999999992432
"Usp6nl",2.16416760187694e-10,0.14046042808621,2.2245182118199e-07,0.999623679369071,0.999999999992432
"Snx27",2.16183334280347e-10,0.140153365820923,2.21972209394076e-07,0.999624085266369,0.999999999992432
"Fam134c",2.16093885828252e-10,0.140035616551597,2.21788560058039e-07,0.999624240805596,0.999999999992432
"Fmr1",2.15586848568489e-10,0.139367280152715,2.20748982909049e-07,0.999625122477455,0.999999999992432
"Sec23b",2.1453978754881e-10,0.137982388571146,2.1860992514534e-07,0.999626943180411,0.999999999992432
"2210016L21Rik",2.13889466624336e-10,0.1371190079459,2.17286616868536e-07,0.999628074003933,0.999999999992432
"Diablo",2.13576573741083e-10,0.136702715438407,2.16651356903072e-07,0.99962861808397,0.999999999992432
"Pcbp2",2.13431533059098e-10,0.136509547570686,2.16357199260417e-07,0.999628870290855,0.999999999992432
"Rnf7",2.13306127536264e-10,0.136342429624768,2.16103024853824e-07,0.999629088354753,0.999999999992432
"Tprkb",2.13257031388631e-10,0.136276977677761,2.16003556497093e-07,0.999629173726569,0.999999999992432
"Hes6",2.13102758567053e-10,0.136071217497818,2.15691150152476e-07,0.999629441986945,0.999999999992432
"Rhoq",2.13004246051154e-10,0.135939753152337,2.15491778105809e-07,0.9996296132874,0.999999999992432
"Psmd1",2.12438429152464e-10,0.135183553585173,2.14348449293761e-07,0.999630597169411,0.999999999992432
"Atl3",2.1237404921161e-10,0.135097390267284,2.14218551426208e-07,0.999630709117757,0.999999999992432
"Zfp207",2.12318255833874e-10,0.135022698761056,2.1410601030705e-07,0.999630806135186,0.999999999992432
"Terf2ip",2.12268722044319e-10,0.134956371441351,2.14006120216229e-07,0.999630892268005,0.999999999992432
"G6pc3",2.11715778679061e-10,0.134214962883345,2.12892634077284e-07,0.999631853764616,0.999999999992432
"Alkbh3",2.11566314419348e-10,0.134014239424605,2.12592150020048e-07,0.999632113663529,0.999999999992432
"C1qtnf1",2.11412121711835e-10,0.133807024667166,2.12282382239091e-07,0.999632381784597,0.999999999992432
"Pcbp4",2.10155951756857e-10,0.132113528034008,2.09767195133147e-07,0.999634566100808,0.999999999992432
"Ppp2r5e",2.09968327509453e-10,0.131859758725216,2.09392807989514e-07,0.999634892354978,0.999999999992432
"Fam168a",2.09746698266711e-10,0.1315597186362,2.08950997764346e-07,0.999635277739413,0.999999999992432
"2310036O22Rik",2.08249092051617e-10,0.129524341320047,2.05977800498222e-07,0.999637881881891,0.999999999992432
"Nrbf2",2.07838234687713e-10,0.128963519721911,2.05165849637316e-07,0.999638596309425,0.999999999992432
"Kcnh1",2.07448119237961e-10,0.12843003530627,2.04396373787761e-07,0.999639274669467,0.999999999992432
"Evi5",2.07143427822047e-10,0.128012705330192,2.03796396451813e-07,0.999639804488222,0.999999999992432
"Evl",2.07111655900852e-10,0.127969154371918,2.03733884147717e-07,0.999639859735462,0.999999999992432
"Rpl35a",2.06903357884327e-10,0.127683475210628,2.03324288429338e-07,0.999640221938629,0.999999999992432
"Eif2s1",2.06218068872979e-10,0.126741674670296,2.01979649528127e-07,0.999641413567116,0.999999999992432
"Fxr1",2.0608787818589e-10,0.126562416110379,2.0172470030016e-07,0.999641639951793,0.999999999992432
"Ubxn6",2.05602527152819e-10,0.125893190590491,2.00775668233189e-07,0.999642483914133,0.999999999992432
"Slc22a17",2.0516804260038e-10,0.125292827969817,1.99927996221853e-07,0.999643239426278,0.999999999992432
"Trappc2l",2.04601884458125e-10,0.124508706417594,1.98826121999658e-07,0.999644223901675,0.999999999992432
"Rragd",2.0433036114562e-10,0.124131918642045,1.98298755347621e-07,0.999644696045412,0.999999999992432
"AI837181",2.03430429646757e-10,0.122879691060444,1.96555868875886e-07,0.999646260909281,0.999999999992432
"Cd81",2.03017865280163e-10,0.122303859994411,1.9575943228611e-07,0.999646978305074,0.999999999992432
"Uba3",2.02524967135182e-10,0.121614445009934,1.94810034757529e-07,0.999647835390863,0.999999999992432
"Drap1",2.02332316144715e-10,0.121344551394264,1.9443958664547e-07,0.999648170385887,0.999999999992432
"B3gat3",2.02297147328411e-10,0.121295255436863,1.94371998670042e-07,0.999648231539886,0.999999999992432
"Rpl29",2.01368572082346e-10,0.119990722149628,1.92591698823259e-07,0.99964984621151,0.999999999992432
"Gna14",2.0095427025781e-10,0.119406834769263,1.91800026030639e-07,0.999650566628518,0.999999999992432
"Csnk1a1",2.00759215598112e-10,0.119131542640255,1.91427868403157e-07,0.999650905803212,0.999999999992432
"Rbx1",2.00641111051254e-10,0.118964731211942,1.91202704627598e-07,0.999651111171663,0.999999999992432
"Ube4a",2.00528832090068e-10,0.118806061357429,1.90988770063832e-07,0.999651306410179,0.999999999992432
"Cops4",2.00472356947523e-10,0.118726220177475,1.908812084823e-07,0.999651404613109,0.999999999992432
"Cpt1a",2.00332167548482e-10,0.118527936401502,1.90614337120012e-07,0.999651648384248,0.999999999992432
"Rad23b",2.0019854386149e-10,0.118338816429507,1.90360138343513e-07,0.999651880738467,0.999999999992432
"Picalm",1.99813646264261e-10,0.117793393124132,1.89628877011078e-07,0.999652550025347,0.999999999992432
"Coq9",1.98912403433291e-10,0.116512362563646,1.87922124241538e-07,0.999654117169459,0.999999999992432
"Tmem43",1.98150908174959e-10,0.115425664995246,1.86486035931795e-07,0.999655441310711,0.999999999992432
"Dolpp1",1.97936943119667e-10,0.11511961057158,1.86083514920228e-07,0.999655813368124,0.999999999992432
"Nkrf",1.97799673992093e-10,0.114923096043457,1.85825506848167e-07,0.999656052061291,0.999999999992432
"Uqcc3",1.97687276805387e-10,0.114762091702334,1.85614380817598e-07,0.999656247505386,0.999999999992432
"Anapc4",1.97577075406867e-10,0.114604148287709,1.85407495849181e-07,0.999656439131291,0.999999999992432
"Fam160a2",1.96683381382055e-10,0.113320183538212,1.83733993762863e-07,0.999657993149013,0.999999999992432
"Slc1a5",1.96542221385014e-10,0.113116873173066,1.83470356004375e-07,0.999658238607896,0.999999999992432
"Fxyd2",1.96214725875974e-10,0.112644652175666,1.82859437320116e-07,0.99965880808001,0.999999999992432
"March5",1.96096477177414e-10,0.112473963497012,1.8263910344992e-07,0.999659013699124,0.999999999992432
"Psmc6",1.95850989761166e-10,0.112119296883759,1.82182108627058e-07,0.999659440569826,0.999999999992432
"Bet1l",1.95777476133534e-10,0.11201300630017,1.82045368402544e-07,0.999659568400467,0.999999999992432
"Mmgt1",1.95455361444855e-10,0.111546825336486,1.81446818985615e-07,0.999660128516034,0.999999999992432
"Acsl3",1.95155082601408e-10,0.111111588575104,1.80889732313086e-07,0.999660650661906,0.999999999992432
"Rundc3a",1.94677880832720e-10,0.110418601737494,1.80006174875357e-07,0.999661480453743,0.999999999992432
"Trafd1",1.94538262697243e-10,0.110215544774946,1.79748075554214e-07,0.99966172323153,0.999999999992432
"Nek9",1.94498375430819e-10,0.110157508353714,1.79674373607238e-07,0.999661792590301,0.999999999992432
"Chgb",1.93677837446017e-10,0.108961100939037,1.7816157264454e-07,0.999663219399184,0.999999999992432
"Hsdl1",1.93305756716715e-10,0.108416991089412,1.77477686327332e-07,0.999663866399201,0.999999999992432
"Rpl4",1.92939985195377e-10,0.107881136863373,1.76806678206194e-07,0.999664502428326,0.999999999992432
"Ttc9",1.92904978956358e-10,0.107829802236653,1.76742525870458e-07,0.999664563299625,0.999999999992432
"Itga11",1.92480677691354e-10,0.107206884292371,1.75965878177275e-07,0.999665301104366,0.999999999992432
"Btf3",1.92416125972378e-10,0.107112001420585,1.75847871576799e-07,0.999665413351413,0.999999999992432
"Cd2ap",1.92395986923281e-10,0.107082393374127,1.75811063605821e-07,0.999665448370601,0.999999999992432
"Alg1",1.91913848432707e-10,0.106372682185133,1.74931013324322e-07,0.999666286746759,0.999999999992432
"Sppl3",1.91577597337113e-10,0.10587671501562,1.74318559187974e-07,0.999666871443702,0.999999999992432
"Copg2",1.91303829339181e-10,0.105472298722144,1.73820706148859e-07,0.999667347490661,0.999999999992432
"Cntnap2",1.90321618017687e-10,0.104016815267487,1.72040392812189e-07,0.999669055428464,0.999999999992432
"Mbp",1.9031583485506e-10,0.104008224413941,1.72029937641996e-07,0.999669065484632,0.999999999992432
"Sdha",1.89330200820561e-10,0.102540435965385,1.70252686737709e-07,0.99967077937409,0.999999999992432
"Ndufa6",1.89307727643645e-10,0.102506884746694,1.70212271720391e-07,0.999670818452023,0.999999999992432
"Ptpre",1.8885890898479e-10,0.101836029604168,1.69406135754395e-07,0.999671598889326,0.999999999992432
"Ppp1r7",1.88784496384179e-10,0.101724657773314,1.69272666089201e-07,0.999671728283166,0.999999999992432
"Eif5",1.88325868798779e-10,0.101037317208128,1.68451212889507e-07,0.999672525776918,0.999999999992432
"Gnb5",1.87894591249155e-10,0.100389513638337,1.67680569522842e-07,0.999673275712514,0.999999999992432
"Ptgir",1.87368765517573e-10,0.0995977796474385,1.66743369745191e-07,0.999674190055107,0.999999999992432
"Abtb2",1.87118665294109e-10,0.0992204636187204,1.66298528027942e-07,0.999674624946885,0.999999999992432
"Pfkfb2",1.86476284305179e-10,0.0982491296516296,1.65158677618986e-07,0.999675741963921,0.999999999992432
"Utrn",1.86014119843068e-10,0.0975483301219508,1.64341030671192e-07,0.999676545607844,0.999999999992432
"Bbs4",1.86012053661413e-10,0.0975451933710168,1.64337379802784e-07,0.999676549200665,0.999999999992432
"Gas2l1",1.85438675743873e-10,0.0966734443879018,1.63325808823284e-07,0.99967754623033,0.999999999992432
"A2ml1",1.85422403290803e-10,0.09664866682311,1.63297146032849e-07,0.999677574526011,0.999999999992432
"0610010F05Rik",1.85421630109607e-10,0.0966474894724324,1.63295784190729e-07,0.999677575870473,0.999999999992432
"Cnbp",1.83839128657033e-10,0.0942279301576509,1.60520346650682e-07,0.999680327634793,0.999999999992432
"Sema4f",1.83355608832703e-10,0.0934847074629735,1.5967708001729e-07,0.999681168412916,0.999999999992432
"Cd44",1.83326327136235e-10,0.0934396385341279,1.59626083568649e-07,0.99968121932998,0.999999999992432
"Slc25a53",1.83266687816042e-10,0.0933478235111651,1.59522242044669e-07,0.999681323035006,0.999999999992432
"Srp19",1.83057511145234e-10,0.0930255705017465,1.59158299323175e-07,0.999681686766046,0.999999999992432
"Mical2",1.82812119656307e-10,0.0926470795473947,1.587318768929e-07,0.999682113469948,0.999999999992432
"Washc1",1.82635121843723e-10,0.0923737790358797,1.58424658813113e-07,0.999682421246137,0.999999999992432
"Emg1",1.82086315024673e-10,0.0915247696309379,1.57473977467541e-07,0.999683375549859,0.999999999992432
"Atg2b",1.81912102333419e-10,0.0912547525853284,1.57172792377723e-07,0.999683678483085,0.999999999992432
"Taf2",1.81756753008389e-10,0.0910137651207585,1.56904462110382e-07,0.999683948615368,0.999999999992432
"Rab39b",1.81538328850787e-10,0.0906746009131689,1.56527572321571e-07,0.999684328426587,0.999999999992432
"Lmbrd1",1.8152391193047e-10,0.0906522010021077,1.56502711941443e-07,0.999684353495737,0.999999999992432
"Tomm22",1.81452638686938e-10,0.0905414372375526,1.56379838145373e-07,0.999684477430643,0.999999999992432
"Ndufb9",1.81105899951484e-10,0.0900019899075934,1.55782755179005e-07,0.999685080364234,0.999999999992432
"Psmd14",1.80860630002145e-10,0.0896198123604182,1.55361090776469e-07,0.999685506856795,0.999999999992432
"Bag5",1.80688776771555e-10,0.0893517386689498,1.550659837589e-07,0.999685805687225,0.999999999992432
"Mast4",1.80295135920809e-10,0.0887367847605388,1.54391079462611e-07,0.999686490177499,0.999999999992432
"Traf7",1.79722856409852e-10,0.0878404790097495,1.53412521430227e-07,0.999687485297183,0.999999999992432
"Cpsf2",1.79479151946711e-10,0.087457965023802,1.5299674829717e-07,0.999687909067567,0.999999999992432
"Arfip2",1.79268468939646e-10,0.0871268830452971,1.52637766257249e-07,0.999688275417932,0.999999999992432
"Ttyh3",1.79232282196791e-10,0.0870699794797902,1.52576150222339e-07,0.999688338341975,0.999999999992432
"Galt",1.79225441132204e-10,0.0870592206956656,1.52564503175664e-07,0.999688350237697,0.999999999992432
"Fbxo25",1.79190843314008e-10,0.0870048035307076,1.52505606520842e-07,0.999688410398805,0.999999999992432
"Rps15",1.78858018142249e-10,0.0864808091599536,1.51939611455259e-07,0.999688989138519,0.999999999992432
"Ank2",1.78423118897931e-10,0.0857947133855831,1.51201617297164e-07,0.999689745371777,0.999999999992432
"Vma21",1.77858729944327e-10,0.0849019625929636,1.50246566689081e-07,0.999690726770809,0.999999999992432
"Rnf4",1.77594231476855e-10,0.0844826522558389,1.49800027602168e-07,0.999691186699265,0.999999999992432
"Scamp2",1.77551873421293e-10,0.0844154467799756,1.4972857842122e-07,0.999691260354418,0.999999999992432
"Tceal3",1.7721572071772e-10,0.0838815647463843,1.49162163436297e-07,0.999691844880278,0.999999999992432
"Snrk",1.77016802251722e-10,0.0835651866395116,1.48827492717209e-07,0.999692190773635,0.999999999992432
"Chmp2b",1.7658285056948e-10,0.0828738165435368,1.48098694352802e-07,0.999692945359207,0.999999999992432
"Hs2st1",1.76440328968506e-10,0.082646399573614,1.47859727261459e-07,0.999693193185747,0.999999999992432
"Ttbk2",1.75970944233189e-10,0.081896182273297,1.47074070346015e-07,0.999694009384793,0.999999999992432
"Tmem106b",1.75126295574984e-10,0.0805413799747038,1.45665567610441e-07,0.999695478119027,0.999999999992432
"Gm5177",1.75111114405438e-10,0.0805169728922492,1.45640314088999e-07,0.999695504517108,0.999999999992432
"Bzw1",1.75076329198163e-10,0.0804610404096908,1.45582457963235e-07,0.999695565004062,0.999999999992432
"Scamp5",1.7477948330692e-10,0.0799833005040901,1.45089199757465e-07,0.999696081180485,0.999999999992432
"Ppp1cb",1.7444867667494e-10,0.0794499956755716,1.445404963635e-07,0.999696656410222,0.999999999992432
"Lysmd2",1.74156131111648e-10,0.0789775717885064,1.44056122086579e-07,0.999697165108934,0.999999999992432
"Kctd13",1.73714264498894e-10,0.0782625822249747,1.43326054878649e-07,0.999697933457543,0.999999999992432
"Itga6",1.73714228601983e-10,0.0782625240696103,1.43325995643882e-07,0.999697933519963,0.999999999992432
"Rab9b",1.73247057762947e-10,0.0775047079480288,1.42556137109567e-07,0.999698745869333,0.999999999992432
"Tom1l1",1.7307706940227e-10,0.0772284814062325,1.42276524909198e-07,0.999699041456999,0.999999999992432
"Eif3f",1.72598242065933e-10,0.0764490121194609,1.41490382034813e-07,0.999699874075503,0.999999999992432
"Rnf208",1.72113902180104e-10,0.0756584764999785,1.40697404284137e-07,0.999700716279615,0.999999999992432
"Ap2a1",1.72025820633655e-10,0.0755144834479004,1.40553433649652e-07,0.999700869441977,0.999999999992432
"Atl2",1.72025228283206e-10,0.0755135148542082,1.40552465693261e-07,0.999700870471997,0.999999999992432
"Lxn",1.7148028370016e-10,0.0746210928413856,1.39663386937097e-07,0.999701818059801,0.999999999992432
"Dscam",1.71192225056397e-10,0.0741482680122306,1.39194558054586e-07,0.999702318956344,0.999999999992432
"Arhgap23",1.71161129371847e-10,0.0740971817870303,1.3914399551342e-07,0.999702373027698,0.999999999992432
"Tomm5",1.71139792566124e-10,0.0740621230486738,1.39109306523448e-07,0.99970241012963,0.999999999992432
"Fam120a",1.7108847172586e-10,0.0739777802085558,1.39025887746887e-07,0.999702499369901,0.999999999992432
"Chchd10",1.70978512185842e-10,0.0737969871057594,1.38847239706836e-07,0.99970269057525,0.999999999992432
"Bag6",1.70656835876279e-10,0.0732674589709749,1.38325281103513e-07,0.999703249928545,0.999999999992432
"Zfp346",1.70614152184462e-10,0.0731971238795858,1.38256095532684e-07,0.999703324149938,0.999999999992432
"Smim14",1.70606270075503e-10,0.0731841337451571,1.38243321393812e-07,0.999703337855901,0.999999999992432
"Bex2",1.70353826419896e-10,0.0727677913690281,1.37834510745944e-07,0.999703776822609,0.999999999992432
"Taz",1.70138853925592e-10,0.0724127859455057,1.37486858644521e-07,0.999704150631837,0.999999999992432
"Rab28",1.69699957560972e-10,0.0716866678361298,1.36778441369779e-07,0.999704913815573,0.999999999992432
"Atp2c1",1.69568449203713e-10,0.0714687506529898,1.36566531611935e-07,0.999705142491515,0.999999999992432
"Lyrm4",1.69537847238625e-10,0.0714180183477422,1.36517243821165e-07,0.999705195704355,0.999999999992432
"Eif2ak3",1.69307551304024e-10,0.0710359516846252,1.3614661256041e-07,0.999705596159055,0.999999999992432
"Calcoco1",1.69047757619273e-10,0.070604354486454,1.35729113244757e-07,0.999706047906508,0.999999999992432
"Rpl13a",1.69042997493967e-10,0.0705964405778401,1.35721469505504e-07,0.999706056183748,0.999999999992432
"Satb1",1.68991108132764e-10,0.0705101585972278,1.35638160293325e-07,0.999706146412603,0.999999999992432
"1110059G10Rik",1.68838145899371e-10,0.0702556654388699,1.35392725768893e-07,0.999706412394047,0.999999999992432
"Rad21",1.6870352483409e-10,0.0700315063982292,1.35176904321055e-07,0.999706646482584,0.999999999992432
"Cbx6",1.68584233798449e-10,0.0698327315182422,1.34985803491864e-07,0.999706853914191,0.999999999992432
"Echdc1",1.68325700729676e-10,0.0694014783943573,1.34572104843798e-07,0.999707303469597,0.999999999992432
"Mlh3",1.6828674505473e-10,0.0693364427787894,1.34509823914252e-07,0.999707371208453,0.999999999992432
"Zfp397",1.68078443460296e-10,0.0689884451218172,1.34177043452281e-07,0.999707733417854,0.999999999992432
"Uqcrq",1.67529290274626e-10,0.0680690385150807,1.33301697655799e-07,0.999708688323874,0.999999999992432
"Prdx6",1.6740399273429e-10,0.0678588610036218,1.33102375748095e-07,0.999708906200013,0.999999999992432
"Fam168b",1.67382297971905e-10,0.0678224544407883,1.33067879112065e-07,0.999708943924385,0.999999999992432
"Klhdc10",1.6721937702743e-10,0.0675489091160439,1.32808962918965e-07,0.999709227222734,0.999999999992432
"Pias4",1.67086274103107e-10,0.0673252404653145,1.32597621072098e-07,0.999709458671421,0.999999999992432
"Nelfcd",1.66697854067009e-10,0.0666715631619027,1.3198184687164e-07,0.999710134083384,0.999999999992432
"Cap1",1.66192023961852e-10,0.0658181224392891,1.31182087299915e-07,0.999711013656198,0.999999999992432
"Myef2",1.6617455387315e-10,0.065788602698657,1.3115450905408e-07,0.999711044034412,0.999999999992432
"Strip2",1.6609993461258e-10,0.0656624830655211,1.31036747881244e-07,0.999711173787609,0.999999999992432
"4930430F08Rik",1.65929125605815e-10,0.0653735831635682,1.30767382954626e-07,0.999711470802273,0.999999999992432
"Cmtr1",1.65920870084312e-10,0.0653596129302684,1.30754371060756e-07,0.999711485157552,0.999999999992432
"Cyb5d2",1.65849320413413e-10,0.0652385068302475,1.30641625568852e-07,0.999711609573131,0.999999999992432
"Gsk3b",1.65562745593941e-10,0.0647529477612586,1.30190538345046e-07,0.999712107889499,0.999999999992432
"Apba1",1.65528809623946e-10,0.06469539536754,1.30137172602818e-07,0.99971216689974,0.999999999992432
"Clmp",1.65472825839173e-10,0.0646004273346514,1.30049159652737e-07,0.999712264248266,0.999999999992432
"Cops5",1.65302629286911e-10,0.0643115270414755,1.29781773928233e-07,0.999712560197952,0.999999999992432
"Armcx3",1.65291533588266e-10,0.0642926828278099,1.29764351687223e-07,0.99971257949193,0.999999999992432
"Pabpc4",1.64394153558898e-10,0.0627646382146353,1.28359175838835e-07,0.999714139919178,0.999999999992432
"Trappc6b",1.64337915474433e-10,0.0626686132357851,1.28271369316673e-07,0.999714237709898,0.999999999992432
"Ndufs2",1.64015991617505e-10,0.0621183356118748,1.27769316354594e-07,0.999714797493649,0.999999999992432
"Tnfrsf12a",1.64014284142122e-10,0.0621154142198585,1.27766656103912e-07,0.999714800462727,0.999999999992432
"Kcnab1",1.63896888338382e-10,0.061914487451563,1.27583819573771e-07,0.999715004598773,0.999999999992432
"Gatsl2",1.63429437639517e-10,0.061113071890717,1.26857093181904e-07,0.999715817434789,0.999999999992432
"Lats2",1.63366349532485e-10,0.0610047444675764,1.26759171665817e-07,0.999715927136809,0.999999999992432
"Rab40c",1.63203268834651e-10,0.0607245373727128,1.26506222924328e-07,0.999716210712949,0.999999999992432
"Dnajc30",1.62778872224854e-10,0.0599940856809918,1.25849140430195e-07,0.9997169486835,0.999999999992432
"Zcchc4",1.62592981804984e-10,0.0596735698302045,1.25561869835489e-07,0.999717271922783,0.999999999992432
"Gfpt1",1.62336571703318e-10,0.0592308908768242,1.25166158466675e-07,0.999717717786627,0.999999999992432
"Kcnq3",1.62214246761231e-10,0.0590194690347287,1.24977597450227e-07,0.999717930493805,0.999999999992432
"Nrxn1",1.61642097400286e-10,0.0580285723203871,1.24097529897309e-07,0.99971892538719,0.999999999992432
"Slitrk4",1.61430221593086e-10,0.0576607822882364,1.23772416173666e-07,0.999719293811684,0.999999999992432
"Tpgs2",1.60638373294528e-10,0.0562821607483667,1.22561136165029e-07,0.999720670732971,0.999999999992432
"Zfp827",1.60619240499508e-10,0.0562487704094231,1.22531942674072e-07,0.999720704002415,0.999999999992432
"Vat1",1.60602228058321e-10,0.0562190773145567,1.22505987414101e-07,0.99972073358484,0.999999999992432
"Rer1",1.60468538439797e-10,0.0559856347023936,1.2230211773844e-07,0.999720966053713,0.999999999992432
"Safb",1.60455112023661e-10,0.0559621799090987,1.2228165253764e-07,0.999720989400506,0.999999999992432
"Dnmt1",1.60354467544159e-10,0.0557863032750187,1.22128299822596e-07,0.999721164408176,0.999999999992432
"Arl2bp",1.60034381224981e-10,0.0552262532368775,1.21641221628277e-07,0.999721720996689,0.999999999992432
"Syt9",1.59667645122177e-10,0.0545832712843428,1.21084352377593e-07,0.999722358703114,0.999999999992432
"Zfp317",1.59604339271713e-10,0.0544721380092298,1.2098835511652e-07,0.999722468783761,0.999999999992432
"Cacna2d3",1.59145726360177e-10,0.0536657913664129,1.20294049396148e-07,0.999723266252016,0.999999999992432
"Dok5",1.59142604273808e-10,0.0536602944618481,1.20289329637263e-07,0.999723271680919,0.999999999992432
"Extl2",1.59071123435268e-10,0.0535344136199074,1.20181295070967e-07,0.999723395976808,0.999999999992432
"Zeb2",1.59056660801261e-10,0.0535089377613463,1.20159442467775e-07,0.999723421125449,0.999999999992432
"Rpl28",1.5905389968805e-10,0.0535040738238704,1.20155270734977e-07,0.999723425926666,0.999999999992432
"Chmp2a",1.58915192534766e-10,0.0532596260058203,1.19945792961678e-07,0.999723667120381,0.999999999992432
"Snrpd1",1.58812730001441e-10,0.0530789229839201,1.19791169762169e-07,0.999723845289411,0.999999999992432
"Cfap74",1.58563821488099e-10,0.0526394859645603,1.19415964629335e-07,0.99972427810897,0.999999999992432
"Tpst1",1.58353350773485e-10,0.052267397572518,1.19099159918436e-07,0.999724644090192,0.999999999992432
"Cygb",1.58305462761048e-10,0.05218267138455,1.1902713669151e-07,0.999724727361222,0.999999999992432
"Rnf121",1.58272615098446e-10,0.0521245413576646,1.18977746638515e-07,0.999724784479039,0.999999999992432
"Bbs7",1.5780052559041e-10,0.0512878230956281,1.18269040615767e-07,0.999725605381345,0.999999999992432
"Eef1d",1.57691492353455e-10,0.0510942376346783,1.18105659647882e-07,0.999725794975975,0.999999999992432
"Dcaf13",1.57655826625711e-10,0.0510308865334781,1.18052240812409e-07,0.999725856994041,0.999999999992432
"Ssx2ip",1.57361173728767e-10,0.0505069890887512,1.17611382645854e-07,0.999726369357139,0.999999999992432
"Gab1",1.5726102131091e-10,0.0503287043062174,1.17461722908683e-07,0.999726543509179,0.999999999992432
"Ppp1r13b",1.57227682466962e-10,0.050269332748569,1.17411925153037e-07,0.999726601481096,0.999999999992432
"Me1",1.57087393155003e-10,0.0500193670873093,1.1720249269973e-07,0.999726845425979,0.999999999992432
"Ubqln2",1.5699325174853e-10,0.0498515082331529,1.17062057479559e-07,0.999727009125652,0.999999999992432
"Sv2b",1.56929537429014e-10,0.04973784813766,1.16967059563899e-07,0.999727119916574,0.999999999992432
"Pip4k2a",1.56498274407538e-10,0.0489673626717655,1.16325061179594e-07,0.999727869826926,0.999999999992432
"Tmem169",1.56431969292274e-10,0.0488487244921454,1.16226512966074e-07,0.999727985122905,0.999999999992432
"Arfgap1",1.56280723417487e-10,0.048577924956088,1.16001874962659e-07,0.999728248119827,0.999999999992432
"Ndufs4",1.56193935674635e-10,0.0484224226246652,1.15873071547128e-07,0.999728399032434,0.999999999992432
"Atrx",1.56080535468994e-10,0.0482191135554691,1.15704879867845e-07,0.999728596220656,0.999999999992432
"Wdr37",1.55932173184941e-10,0.0479529108880054,1.1548501796744e-07,0.999728854203388,0.999999999992432
"Dusp3",1.55809040532811e-10,0.0477317943345544,1.15302703287744e-07,0.99972906831507,0.999999999992432
"Ndrg3",1.55706672808355e-10,0.0475478401800544,1.15151243553469e-07,0.99972924631924,0.999999999992432
"Chchd3",1.55668598493064e-10,0.0474793915630053,1.15094935514307e-07,0.999729312525527,0.999999999992432
"Ago2",1.55552327153815e-10,0.0472702647017723,1.1492306726704e-07,0.999729514706276,0.999999999992432
"Bbs1",1.55460382664334e-10,0.0471047872026315,1.1478724904965e-07,0.999729674585796,0.999999999992432
"Plagl1",1.55414977314893e-10,0.0470230344298872,1.1472020696553e-07,0.999729753539798,0.999999999992432
"Pla2g7",1.55065065947229e-10,0.04639225337549,1.14204211452535e-07,0.999730361990197,0.999999999992432
"Mtpap",1.55016627928384e-10,0.0463048282125837,1.14132874150115e-07,0.999730446217617,0.999999999992432
"Prkcd",1.54636534580988e-10,0.0456179004119674,1.13573863642451e-07,0.999731107150557,0.999999999992432
"Ppig",1.53782651056487e-10,0.0440688426058232,1.12323045409592e-07,0.999732591943048,0.999999999992432
"Fam134a",1.53573928366342e-10,0.0436889493868774,1.12018349684588e-07,0.999732954884684,0.999999999992432
"Nacad",1.52864941918164e-10,0.0423948604293154,1.10986453587821e-07,0.999734187719988,0.999999999992432
"Tmem18",1.52864231803988e-10,0.0423935614260792,1.10985422443989e-07,0.999734188954785,0.999999999992432
"Rragc",1.52771133911516e-10,0.0422232089230966,1.10850278173378e-07,0.999734350839922,0.999999999992432
"Ddx10",1.52613057764631e-10,0.0419337318200418,1.10620997696464e-07,0.999734625713801,0.999999999992432
"Cntn2",1.52267467875307e-10,0.0412998766617277,1.10120565900407e-07,0.999735226649711,0.999999999992432
"Creb1",1.52249252156299e-10,0.0412664288480337,1.10094220084991e-07,0.99973525832448,0.999999999992432
"Tomm6",1.51797534333532e-10,0.0404357634983593,1.094418983834e-07,0.999736043803076,0.999999999992432
"Agps",1.51710789889608e-10,0.0402759801445738,1.09316853347018e-07,0.999736194640392,0.999999999992432
"2610001J05Rik",1.51650278062045e-10,0.0401644659009939,1.09229665832507e-07,0.999736299862597,0.999999999992432
"Adgrb1",1.51608873845717e-10,0.0400881397672237,1.09170029260974e-07,0.999736371859149,0.999999999992432
"Rgs10",1.51335832526198e-10,0.0395843084328701,1.08777161921989e-07,0.999736846642524,0.999999999992432
"Lmo4",1.51007438455634e-10,0.0389771919548726,1.0830558798184e-07,0.999737417677141,0.999999999992432
"Glo1",1.50143904292755e-10,0.0373747333345585,1.0707044137203e-07,0.999738919250842,0.999999999992432
"Abhd17a",1.5009844999771e-10,0.0372901415345468,1.07005622560094e-07,0.999738998289955,0.999999999992432
"Minos1",1.50008991572687e-10,0.0371235856353831,1.06878110226025e-07,0.999739153846532,0.999999999992432
"Tmem230",1.49995580235118e-10,0.0370986079441155,1.06859000513663e-07,0.999739177167105,0.999999999992432
"Eif5b",1.49816263264268e-10,0.0367644384812083,1.06603657275418e-07,0.999739488976017,0.999999999992432
"Wfs1",1.49735575313212e-10,0.0366139469875657,1.06488859133175e-07,0.999739629281879,0.999999999992432
"Rap1gap2",1.49684624126646e-10,0.0365188779928044,1.06416400592867e-07,0.999739717879372,0.999999999992432
"Fabp7",1.49638733842347e-10,0.0364332257376481,1.06351160354364e-07,0.999739797676614,0.999999999992432
"Serf2",1.49419555806513e-10,0.0360237947966803,1.06039840327698e-07,0.999740178798738,0.999999999992432
"Pick1",1.49173299485028e-10,0.0355630996747878,1.05690602737663e-07,0.999740607006483,0.999999999992432
"Hagh",1.49165785815477e-10,0.0355490317835407,1.05679956003069e-07,0.999740620071778,0.999999999992432
"Ubxn4",1.48893636236919e-10,0.0350390301083082,1.052946864366e-07,0.999741093304532,0.999999999992432
"Megf8",1.48758632532754e-10,0.0347857077734931,1.05103829009507e-07,0.999741328058432,0.999999999992432
"Tyro3",1.48707114318253e-10,0.0346889808922877,1.0503104232287e-07,0.999741417641912,0.999999999992432
"Fam179b",1.48587192856389e-10,0.034463701662037,1.04861710848355e-07,0.999741626169752,0.999999999992432
"Pcdh10",1.48280480283162e-10,0.0338867380690215,1.04429248132674e-07,0.999742159503063,0.999999999992432
"Nme2",1.48054351866071e-10,0.0334606365681782,1.04110980826243e-07,0.999742552710998,0.999999999992432
"Lamtor5",1.47914677142085e-10,0.0331971337396779,1.03914636537695e-07,0.999742795587194,0.999999999992432
"Igsf21",1.47702461192173e-10,0.0327963257953563,1.03616673897692e-07,0.999743164603156,0.999999999992432
"Fam32a",1.47701932529036e-10,0.0327953266371314,1.0361593216032e-07,0.999743165522433,0.999999999992432
"Qdpr",1.4734111454424e-10,0.0321125972801478,1.03110308085494e-07,0.999743792938025,0.999999999992432
"Matr3",1.47262904956305e-10,0.0319644019371838,1.03000873940594e-07,0.999743928934336,0.999999999992432
"Mecp2",1.47175282235573e-10,0.0317982812997601,1.02878337558828e-07,0.999744081298862,0.999999999992432
"Mff",1.47108354227371e-10,0.031671331693273,1.02784790917887e-07,0.999744197677972,0.999999999992432
"Vti1b",1.47031324017308e-10,0.031525152214742,1.02677176892133e-07,0.999744331623498,0.999999999992432
"Atp6v0b",1.46896221815488e-10,0.0312685943013381,1.02488570286738e-07,0.999744566548672,0.999999999992432
"Exoc3",1.4688355216922e-10,0.0312445232579979,1.02470891984069e-07,0.999744588579541,0.999999999992432
"Ndufa8",1.46226912567906e-10,0.0299942666483333,1.01556752267269e-07,0.999745730390487,0.999999999992432
"Adgrg1",1.4592925636455e-10,0.0294257648125596,1.01143719809121e-07,0.999746247975948,0.999999999992432
"Med19",1.45885059168836e-10,0.02934125745332,1.01082462841986e-07,0.999746324829129,0.999999999992432
"Hexim1",1.4586686856312e-10,0.0293064689947962,1.01057256195073e-07,0.999746356460228,0.999999999992432
"Stx2",1.45594701218876e-10,0.0287854723238526,1.00680490373899e-07,0.999746829723876,0.999999999992432
"Hnrnpa1",1.45167813767965e-10,0.0279664359686344,1.00090960268596e-07,0.999747572025686,0.999999999992432
"Add1",1.4514277338028e-10,0.0279183218778267,1.00056433327353e-07,0.999747615567666,0.999999999992432
"Elp2",1.44972576894787e-10,0.0275910871320489,9.98219157067459e-08,0.99974791151724,0.999999999992432
"Plekhm3",1.44640489420733e-10,0.0269515344286185,9.93651170378354e-08,0.999748488974208,0.999999999992432
"Usmg5",1.44309965121431e-10,0.0263136056156468,9.89115087736223e-08,0.999749063713019,0.999999999992432
"Eif4ebp2",1.44239568904468e-10,0.0261775580413361,9.8815031753379e-08,0.999749186122893,0.999999999992432
"Marveld1",1.44074404896327e-10,0.0258581146817535,9.85888616019999e-08,0.999749473321643,0.999999999992432
"Anp32b",1.43782698163332e-10,0.0252930745843599,9.81900409980098e-08,0.99974998056175,0.999999999992432
"Carnmt1",1.43652795467746e-10,0.0250411006814704,9.80126985326194e-08,0.999750206445659,0.999999999992432
"Vps4a",1.43306533367885e-10,0.0243683927701524,9.75407664640004e-08,0.99975080855046,0.999999999992432
"Elovl5",1.43217905443639e-10,0.0241959608427464,9.74201555991816e-08,0.999750962662905,0.999999999992432
"Zfp638",1.43100950968022e-10,0.023968262390432,9.72611102478142e-08,0.999751166031541,0.999999999992432
"Rpl26",1.42875839085822e-10,0.0235294944452807,9.69553483330356e-08,0.999751557471856,0.999999999992432
"Dhx15",1.42849769355543e-10,0.0234786392355687,9.69199697946056e-08,0.999751602803729,0.999999999992432
"Sms",1.42567288803718e-10,0.0229270276870217,9.65370369115324e-08,0.999752094000706,0.999999999992432
"C2cd2l",1.42505167835115e-10,0.0228055822230671,9.64529269062721e-08,0.999752202020999,0.999999999992432
"Prpf8",1.42492815786917e-10,0.0227814281796355,9.64362069572841e-08,0.999752223499606,0.999999999992432
"Arap2",1.4238832008718e-10,0.0225770104865049,9.6294817738829e-08,0.99975240520405,0.999999999992432
"Coa5",1.42203736967082e-10,0.0222155748794224,9.60453186633462e-08,0.999752726170113,0.999999999992432
"Dip2a",1.42147783890257e-10,0.0221059241022261,9.59697513970389e-08,0.999752823465244,0.999999999992432
"Gpm6a",1.41134330645979e-10,0.0201127388399533,9.46061825958305e-08,0.999754585728758,0.999999999992432
"Ly86",1.41029702306325e-10,0.0199061898258226,9.44659641430315e-08,0.999754767663846,0.999999999992432
"Mia3",1.40747580934514e-10,0.019348521782169,9.40883953013531e-08,0.999755258236256,0.999999999992432
"Asb8",1.40645714659345e-10,0.0191469022180898,9.39522513487827e-08,0.999755435368473,0.999999999992432
"Map3k2",1.40593568910735e-10,0.0190436386798201,9.3882596865852e-08,0.999755526043155,0.999999999992432
"Lpcat3",1.40445570627363e-10,0.0187503613406337,9.36850465773548e-08,0.99975578339294,0.999999999992432
"Arf5",1.40413160474371e-10,0.018686097334569,9.36418127988128e-08,0.999755839749985,0.999999999992432
"Tesk1",1.40309969463287e-10,0.0184813926257677,9.35042267976792e-08,0.999756019185746,0.999999999992432
"Gabra1",1.40182864517295e-10,0.0182290520946999,9.33348950448684e-08,0.999756240204733,0.999999999992432
"Zdhhc2",1.40141816536402e-10,0.0181475134035151,9.32802428863558e-08,0.999756311581838,0.999999999992432
"Med1",1.39539274712892e-10,0.0169479919404848,9.24798476669496e-08,0.999757359323782,0.999999999992432
"Dcun1d2",1.39246876307504e-10,0.0163641200126754,9.20926788433558e-08,0.999757867766619,0.999999999992432
"Pou6f1",1.38993162161879e-10,0.0158565497253398,9.17573904734154e-08,0.999758308942554,0.999999999992432
"Dguok",1.3896541630055e-10,0.0158009890962744,9.17207608480879e-08,0.999758357189002,0.999999999992432
"Cdkn1a",1.38870343445114e-10,0.0156105273209769,9.15953027027124e-08,0.999758522508345,0.999999999992432
"Sae1",1.38070219749306e-10,0.0140026942822031,9.05428613927863e-08,0.999759913819494,0.999999999992432
"Mif",1.37658181789434e-10,0.0131712561400123,9.000326018336e-08,0.999760630299972,0.999999999992432
"Fstl5",1.37628071903689e-10,0.0131104057145433,8.99638917786832e-08,0.999760682657152,0.999999999992432
"Slc35a5",1.37529356766419e-10,0.0129108191099192,8.98348830251347e-08,0.99976085430995,0.999999999992432
"Itsn1",1.37417365198225e-10,0.0126842247937613,8.96886356583299e-08,0.999761049048737,0.999999999992432
"Trak1",1.37204634415974e-10,0.0122533197122778,8.94111632234301e-08,0.999761418959928,0.999999999992432
"Atp11a",1.37193723180201e-10,0.0122312009282864,8.93969428948684e-08,0.999761437933149,0.999999999992432
"Atxn7l3",1.36853023325947e-10,0.0115397068770399,8.8953486643637e-08,0.99976203036593,0.999999999992432
"Slc25a11",1.36709914010572e-10,0.0112487603226545,8.87675438526338e-08,0.999762279214436,0.999999999992432
"Ccdc32",1.36661795129194e-10,0.0111508678507927,8.87050664057669e-08,0.999762362886919,0.999999999992432
"Rps11",1.36643023292553e-10,0.0111126697742083,8.86806990593348e-08,0.999762395528704,0.999999999992432
"Adcy5",1.363020712339e-10,0.0104180108470953,8.82386985258422e-08,0.999762988400037,0.999999999992432
"Gpsm1",1.36254628847066e-10,0.010321220486506,8.81772830846716e-08,0.999763070896183,0.999999999992432
"D930028M14Rik",1.36233492818453e-10,0.0102780891635003,8.81499288135885e-08,0.999763107648991,0.999999999992432
"Polr3g",1.36079832284684e-10,0.00996432993750669,8.79511887548964e-08,0.999763374844695,0.999999999992432
"Zdhhc8",1.36030529919211e-10,0.00986358818724906,8.78874700382313e-08,0.999763460575103,0.999999999992432
"Irf2bpl",1.35887090802456e-10,0.00957029518751146,8.77022196456734e-08,0.999763709997091,0.999999999992432
"Tmem41b",1.35819474062201e-10,0.00943193579773176,8.76149609845755e-08,0.999763827573817,0.999999999992432
"Tmed9",1.35463948650583e-10,0.00870337084514417,8.71568738579629e-08,0.999764445786317,0.999999999992432
"Pcyox1",1.3524400121055e-10,0.00825173075484315,8.68740773095295e-08,0.999764828246339,0.999999999992432
"Mrps12",1.35182411818972e-10,0.00812513804666993,8.67949713496624e-08,0.999764935342289,0.999999999992432
"Phkb",1.35104476989466e-10,0.00796486987539091,8.66949228104391e-08,0.999765070860832,0.999999999992432
"Ncs1",1.34835217251334e-10,0.00741047715183955,8.63497056676196e-08,0.999765539068534,0.999999999992432
"Cox6a1",1.34787648904451e-10,0.00731242694016105,8.62887900063548e-08,0.999765621783709,0.999999999992432
"Scamp3",1.344501513018e-10,0.0066158148662127,8.58572104056622e-08,0.999766208648192,0.999999999992432
"Asna1",1.34304168987247e-10,0.00631398522295059,8.56708687788906e-08,0.999766462492471,0.999999999992432
"Abca7",1.34273109851931e-10,0.00624972787018204,8.56312489301409e-08,0.999766516500272,0.999999999992432
"Ubald1",1.33850796587977e-10,0.00537461206101313,8.50934444159841e-08,0.99976725084817,0.999999999992432
"Tex261",1.33688342564888e-10,0.00503727679175782,8.48870148120462e-08,0.99976753333461,0.999999999992432
"Cnp",1.3365783614415e-10,0.00497388687977874,8.48482783975118e-08,0.999767586381312,0.999999999992432
"Ptn",1.33644670453927e-10,0.00494652537851019,8.48315636105091e-08,0.999767609274737,0.999999999992432
"Hnrnph2",1.33561320545285e-10,0.00477324458767397,8.47257831380499e-08,0.999767754209399,0.999999999992432
"Spryd3",1.33238246594687e-10,0.00410061587371682,8.43163893523822e-08,0.999768315993026,0.999999999992432
"Gtf2h5",1.32948161055382e-10,0.00349534644851831,8.39496427170405e-08,0.99976882041409,0.999999999992432
"Map9",1.31275212887351e-10,-1.99674108775131e-05,8.18501812763698e-08,0.999771729453607,0.999999999992432
"Rnf144a",1.31216154210216e-10,-0.000144841755813407,8.1776551594717e-08,0.999771832148973,0.999999999992432
"Ret",1.30994302865139e-10,-0.000614404256205849,8.15002609010069e-08,0.99977221791964,0.999999999992432
"Socs7",1.30893840644323e-10,-0.000827287497414991,8.13753003894177e-08,0.99977239261039,0.999999999992432
"Mfsd1",1.30651626704624e-10,-0.00134118689308637,8.10744154051099e-08,0.999772813788963,0.999999999992432
"Nipsnap1",1.30646683232506e-10,-0.00135168475834419,8.1068280287778e-08,0.999772822385019,0.999999999992432
"Ralyl",1.30031897546025e-10,-0.00266018267988019,8.03071074563043e-08,0.999773891417457,0.999999999992432
"Ago3",1.29766048103616e-10,-0.00322783251740686,7.99790683278083e-08,0.999774353695099,0.999999999992432
"Plcd4",1.29725026392023e-10,-0.00331552169603474,7.99285102697359e-08,0.999774425026526,0.999999999992432
"Imp3",1.29502743185343e-10,-0.00379113917636314,7.96548307118577e-08,0.999774811548144,0.999999999992432
"Kitl",1.29284916505433e-10,-0.00425797400343116,7.93870934495525e-08,0.999775190320441,0.999999999992432
"Tmx3",1.2907189286739e-10,-0.00471523841435148,7.91256956707211e-08,0.999775560740872,0.999999999992432
"Nudt9",1.29030866478183e-10,-0.00480338564903212,7.90754023714641e-08,0.999775632080433,0.999999999992432
"Kif2a",1.2900307419162e-10,-0.00486311388522837,7.90413415359429e-08,0.999775680407609,0.999999999992432
"Wdr44",1.28853503336742e-10,-0.00518476577347749,7.88581609798664e-08,0.999775940491894,0.999999999992432
"Anp32e",1.28775302949097e-10,-0.0053530768068795,7.87624729726287e-08,0.999776076472209,0.999999999992432
"Fam110b",1.28589402113891e-10,-0.0057535820618829,7.85352331133536e-08,0.99977639972961,0.999999999992432
"Idnk",1.28531024766686e-10,-0.00587946385969607,7.84639420456005e-08,0.999776501240232,0.999999999992432
"Slc38a7",1.28271876093245e-10,-0.00643893475189434,7.81478576192812e-08,0.999776951866108,0.999999999992432
"Ptgfr",1.2808617563122e-10,-0.00684050053617269,7.79217505557926e-08,0.999777274775086,0.999999999992432
"Cyb5r1",1.27890497708048e-10,-0.00726424083263167,7.76838494809888e-08,0.999777615033573,0.999999999992432
"Ints8",1.27579682852763e-10,-0.00793857776719689,7.73067150657088e-08,0.999778155500227,0.999999999992432
"Hnrnpf",1.27080425616317e-10,-0.00902502872348395,7.67028506043467e-08,0.999779023643701,0.999999999992432
"Nfyc",1.26976078756284e-10,-0.00925261374215065,7.65769395425559e-08,0.999779205089334,0.999999999992432
"Snx12",1.26871580149111e-10,-0.00948070785032148,7.6450949028613e-08,0.999779386798837,0.999999999992432
"Ttll7",1.26863895362978e-10,-0.00949748884467613,7.64416878308074e-08,0.999779400161681,0.999999999992432
"Rps26",1.26726147932718e-10,-0.00979844690709981,7.62757788533782e-08,0.999779639686567,0.999999999992432
"Itga7",1.26412400792796e-10,-0.0104851003407585,7.58985609954612e-08,0.999780185252084,0.999999999992432
"Rpl34",1.26243156881474e-10,-0.0108561727341047,7.5695467463434e-08,0.999780479545259,0.999999999992432
"Gtf2a1",1.25800858402637e-10,-0.0118281613545611,7.51659917813131e-08,0.999781248644853,0.999999999992432
"Idh3b",1.24582491278107e-10,-0.0145225108049447,7.37170938240359e-08,0.999783367227002,0.999999999992432
"Surf1",1.2447761274469e-10,-0.0147556124324534,7.35930300598176e-08,0.999783549597147,0.999999999992432
"Trim37",1.24155832717378e-10,-0.0154719625455763,7.3213039492903e-08,0.999784109130812,0.999999999992432
"Map3k12",1.23898503835383e-10,-0.0160461011376299,7.29098671778048e-08,0.999784556592308,0.999999999992432
"Dgkq",1.23847631486279e-10,-0.0161597389257879,7.28500063299401e-08,0.999784645052714,0.999999999992432
"Fundc2",1.23806952103131e-10,-0.0162506397499349,7.2802157104483e-08,0.999784715788877,0.999999999992432
"Ifnar2",1.23665728688663e-10,-0.0165664333655396,7.26361647238398e-08,0.999784961358048,0.999999999992432
"Skiv2l",1.23599644886283e-10,-0.0167143228760133,7.25585556483461e-08,0.999785076269195,0.999999999992432
"Uba5",1.23376686074224e-10,-0.0172138391406624,7.22970180331276e-08,0.999785463965605,0.999999999992432
"Kcnh7",1.23279094480091e-10,-0.0174327529319523,7.21826886413313e-08,0.999785633664709,0.999999999992432
"Tsga10",1.2310049332093e-10,-0.0178338109964317,7.19736901358096e-08,0.999785944228923,0.999999999992432
"Tmem129",1.23012500440261e-10,-0.0180316068171833,7.18708325653135e-08,0.999786097237111,0.999999999992432
"Slc30a6",1.22959342158036e-10,-0.018151164415421,7.18087298604507e-08,0.999786189672458,0.999999999992432
"Use1",1.22897256641616e-10,-0.0182908623169479,7.17362318063024e-08,0.999786297631106,0.999999999992432
"Deptor",1.22481485190128e-10,-0.0192281162499466,7.12516737885345e-08,0.999787020603647,0.999999999992432
"Pcnx2",1.22165408204534e-10,-0.0199426580227788,7.08844026821509e-08,0.999787570220464,0.999999999992432
"Mettl16",1.22064378339885e-10,-0.0201714223501402,7.07672094359616e-08,0.999787745898274,0.999999999992432
"Rps5",1.21907725129201e-10,-0.0205264918579412,7.05856856026785e-08,0.999788018297857,0.999999999992432
"Hps5",1.21902076751142e-10,-0.0205393025420988,7.05791448293032e-08,0.999788028119653,0.999999999992432
"Pum2",1.2188177282037e-10,-0.0205853570990293,7.05556355542172e-08,0.99978806342555,0.999999999992432
"Agpat3",1.21875828827224e-10,-0.0205988409891776,7.054875393479e-08,0.999788073761382,0.999999999992432
"Rab11fip4",1.21866348202827e-10,-0.0206203489855117,7.05377784980741e-08,0.999788090246957,0.999999999992432
"Nit1",1.21828937999148e-10,-0.0207052342807379,7.04944781502961e-08,0.999788155298441,0.999999999992432
"Ccng1",1.21774928619539e-10,-0.0208278274799041,7.04319885784354e-08,0.999788249213736,0.999999999992432
"Mtdh",1.21610452004529e-10,-0.0212014831606404,7.02418576230116e-08,0.999788535217202,0.999999999992432
"Phf23",1.21446931121237e-10,-0.0215734438218619,7.00530862106113e-08,0.999788819558776,0.999999999992432
"Plekhg3",1.21247778814749e-10,-0.0220270983046693,6.98235242983945e-08,0.999789165858765,0.999999999992432
"Nap1l3",1.2122722443773e-10,-0.022073959972885,6.97998528149453e-08,0.999789201600157,0.999999999992432
"B230219D22Rik",1.21128834246012e-10,-0.0222983831373773,6.96865971664714e-08,0.999789372687919,0.999999999992432
"Txndc5",1.20874968648078e-10,-0.0228782388328437,6.93948005672367e-08,0.999789814127214,0.999999999992432
"Gusb",1.20533295919413e-10,-0.0236604842224943,6.90030436864258e-08,0.999790408251704,0.999999999992432
"Slc23a2",1.20391354693059e-10,-0.0239860721813084,6.88406220154683e-08,0.999790655069057,0.999999999992432
"Polrmt",1.20353648662113e-10,-0.0240726244189022,6.87975076216013e-08,0.999790720634947,0.999999999992432
"Gltscr1l",1.20334778203796e-10,-0.0241159502488787,6.87759355506646e-08,0.999790753448222,0.999999999992432
"Syt5",1.20041959423751e-10,-0.024789079049648,6.84416284918682e-08,0.999791262622042,0.999999999992432
"Capn7",1.19544413155784e-10,-0.0259364182573334,6.78754546918413e-08,0.999792127790367,0.999999999992432
"Mynn",1.19520126564358e-10,-0.0259925390642499,6.78478783971083e-08,0.999792170021595,0.999999999992432
"Rrn3",1.19441611570377e-10,-0.026174043565383,6.77587666100063e-08,0.99979230654897,0.999999999992432
"1110008F13Rik",1.19389523035596e-10,-0.0262945201020518,6.76996802459401e-08,0.999792397124165,0.999999999992432
"Carmil2",1.19187844468626e-10,-0.0267614576098377,6.74711502709537e-08,0.999792747816994,0.999999999992432
"Hivep2",1.19058206197662e-10,-0.027061999845941,6.732445601005e-08,0.999792973241106,0.999999999992432
"Bcl10",1.19031910001184e-10,-0.027123000612574,6.72947196034738e-08,0.999793018966776,0.999999999992432
"Vezf1",1.18756941015308e-10,-0.0277616295653675,6.69841711409756e-08,0.999793497102122,0.999999999992432
"Ankrd12",1.18711154237633e-10,-0.0278681080047524,6.69325295596721e-08,0.999793576719381,0.999999999992432
"Rab5b",1.18658503312328e-10,-0.027990597447739,6.6873170721167e-08,0.9997936682725,0.999999999992432
"Smpd1",1.18440966103187e-10,-0.0284972335989492,6.66281976664393e-08,0.999794046541448,0.999999999992432
"Syndig1l",1.18242177370251e-10,-0.0289609787943134,6.64047307289019e-08,0.999794392209231,0.999999999992432
"Uqcrb",1.18173641443177e-10,-0.0291210348455162,6.63277735733587e-08,0.999794511384305,0.999999999992432
"Ppp2r2b",1.18149931620802e-10,-0.0291764263424426,6.63011608372335e-08,0.999794552612606,0.999999999992432
"Polr2e",1.17869235157656e-10,-0.0298330003487197,6.59865031136725e-08,0.999795040707292,0.999999999992432
"Nol10",1.17771045295362e-10,-0.0300630258835043,6.58766100287722e-08,0.999795211446707,0.999999999992432
"G0s2",1.1761829362436e-10,-0.0304212336374926,6.57058339874598e-08,0.99979547706202,0.999999999992432
"Ppp1r14b",1.17608864249171e-10,-0.0304433603156824,6.56952992295295e-08,0.999795493458478,0.999999999992432
"Timm17b",1.17597206202117e-10,-0.0304707190557574,6.56822757055729e-08,0.999795513730308,0.999999999992432
"Zbtb7a",1.17454016723842e-10,-0.0308069619706797,6.5522420123992e-08,0.999795762718209,0.999999999992432
"Ube2o",1.17281892395861e-10,-0.0312116665517009,6.533051968317e-08,0.999796062020056,0.999999999992432
"Naa50",1.17112776941094e-10,-0.0316098464556834,6.5142247910585e-08,0.999796356089863,0.999999999992432
"Prpsap2",1.1709946850055e-10,-0.0316412041663295,6.51274435058542e-08,0.999796379231512,0.999999999992432
"Ammecr1l",1.169887966266e-10,-0.0319021034690492,6.50043964888163e-08,0.999796571675524,0.999999999992432
"Lhfpl5",1.16828847177408e-10,-0.0322795849552569,6.48267673493893e-08,0.999796849806839,0.999999999992432
"Adsl",1.16781992193297e-10,-0.032390255921375,6.47747793664323e-08,0.999796931281569,0.999999999992432
"Tbcd",1.16753781167191e-10,-0.0324569104058691,6.47434878592505e-08,0.999796980336879,0.999999999992432
"Fbxw4",1.16725008521229e-10,-0.0325249075967175,6.47115811938255e-08,0.999797030368773,0.999999999992432
"Efcab14",1.16545472402238e-10,-0.032949557790222,6.45126669877645e-08,0.999797342558761,0.999999999992432
"B4galt1",1.16491578740271e-10,-0.0330771517635363,6.44530161080071e-08,0.999797436272839,0.999999999992432
"Tmem94",1.16441832424993e-10,-0.0331949766160509,6.43979801047386e-08,0.999797522775219,0.999999999992432
"Mfap3l",1.16233245074614e-10,-0.0336895398815474,6.41674689120759e-08,0.999797885481525,0.999999999992432
"Tcf20",1.16052542196431e-10,-0.0341186707572067,6.39681071375211e-08,0.999798199700356,0.999999999992432
"Uhrf1bp1l",1.15912632633064e-10,-0.0344513623975176,6.38139639366766e-08,0.999798442984912,0.999999999992432
"Cadps",1.15547863277488e-10,-0.035320546318722,6.34129592870193e-08,0.999799077271437,0.999999999992432
"Tmem132e",1.15436527779509e-10,-0.035586359296775,6.32908157556031e-08,0.999799270869405,0.999999999992432
"Rabep1",1.15178279357997e-10,-0.036203865003037,6.30079508639509e-08,0.999799719929863,0.999999999992432
"Nrsn2",1.15024699453932e-10,-0.0365717185782168,6.28400319896554e-08,0.999799986985366,0.999999999992432
"Dnajc7",1.14933665009485e-10,-0.0367899839880874,6.27406038896541e-08,0.99980014528244,0.999999999992432
"Pigk",1.14583106545579e-10,-0.0376320243744415,6.23584581108788e-08,0.99980075485807,0.999999999992432
"Sdr39u1",1.14393887132237e-10,-0.038087546348985,6.21526740544483e-08,0.99980108388605,0.999999999992432
"Rps10",1.14344084995471e-10,-0.0382075577243082,6.2098568677601e-08,0.999801170485497,0.999999999992432
"Maneal",1.14175363367287e-10,-0.0386145063483628,6.19154434793521e-08,0.999801463870491,0.999999999992432
"Hnrnpa3",1.13971941033814e-10,-0.0391059117097514,6.1695014770501e-08,0.999801817595504,0.999999999992432
"Cdk5",1.13828499833145e-10,-0.0394529223778904,6.15398180087906e-08,0.999802067021119,0.999999999992432
"Mcm2",1.13768305885051e-10,-0.0395986663691661,6.14747491522295e-08,0.999802171690576,0.999999999992432
"Ptpdc1",1.13662073617874e-10,-0.039856058986194,6.13599974572108e-08,0.999802356414689,0.999999999992432
"5730480H06Rik",1.13453414715994e-10,-0.0403622894124309,6.11349169667266e-08,0.999802719245414,0.999999999992432
"Pcolce2",1.13413177071965e-10,-0.0404600122645135,6.10915601614414e-08,0.99980278921345,0.999999999992432
"Pknox2",1.1326816376595e-10,-0.0408124711885178,6.09354332351732e-08,0.999803041372752,0.999999999992432
"Osgep",1.12939787227818e-10,-0.0416121866106536,6.05826286919946e-08,0.999803612376896,0.999999999992432
"Pfdn6",1.12826254649529e-10,-0.0418891933564019,6.04608886904954e-08,0.999803809795302,0.999999999992432
"Atp1b3",1.1281231878763e-10,-0.0419232135392027,6.04459538233951e-08,0.999803834027955,0.999999999992432
"Rabepk",1.12779358828323e-10,-0.0420036911790583,6.04106384401321e-08,0.999803891341043,0.999999999992432
"Rnf19a",1.12571932773049e-10,-0.0425106723517451,6.01886258810267e-08,0.999804252028009,0.999999999992432
"Usp7",1.12453077302838e-10,-0.0428015734687717,6.0061596510086e-08,0.999804458702232,0.999999999992432
"Etnk1",1.12445516974163e-10,-0.0428200874017675,6.00535207836241e-08,0.999804471848662,0.999999999992432
"Rgs17",1.12100689414894e-10,-0.0436657696789074,5.96857629998827e-08,0.999805071458994,0.999999999992432
"Psmg3",1.11843850487788e-10,-0.0442972690055936,5.94125788435091e-08,0.999805518068525,0.999999999992432
"Arfgef3",1.11566935481865e-10,-0.0449796753216591,5.91187429741822e-08,0.99980599958775,0.999999999992432
"Cacna1c",1.11448867441676e-10,-0.0452711217705068,5.89936818938937e-08,0.999806204892735,0.999999999992432
"Adpgk",1.11364930427635e-10,-0.0454784955152071,5.89048539151426e-08,0.999806350848299,0.999999999992432
"Naa15",1.11218048739701e-10,-0.0458417370899768,5.87495745349953e-08,0.999806606256475,0.999999999992432
"Yipf4",1.11185909942212e-10,-0.0459212777903959,5.87156255871228e-08,0.999806662141669,0.999999999992432
"Tubg2",1.11126215346609e-10,-0.0460690746460958,5.86525948555177e-08,0.999806765942816,0.999999999992432
"Msn",1.110190100835e-10,-0.0463346918198508,5.8539483222222e-08,0.999806952358843,0.999999999992432
"Ankrd55",1.10844978297398e-10,-0.0467664010205852,5.83560957871224e-08,0.999807254977513,0.999999999992432
"Ncbp1",1.10808396403312e-10,-0.0468572292107033,5.83175839071861e-08,0.999807318588675,0.999999999992432
"Rbbp7",1.10792160185885e-10,-0.046897550800647,5.8300495173233e-08,0.999807346821348,0.999999999992432
"Ap5m1",1.10759658557797e-10,-0.0469782833478013,5.82662945028394e-08,0.999807403337457,0.999999999992432
"Mpdz",1.10700937381776e-10,-0.0471242011209698,5.82045290838197e-08,0.999807505445954,0.999999999992432
"Scn11a",1.10633625540149e-10,-0.0472915565392816,5.81337679320479e-08,0.999807622492503,0.999999999992432
"Pla2g15",1.10593676510969e-10,-0.0473909263596254,5.80917921171701e-08,0.999807691958676,0.999999999992432
"Ap3b2",1.10496994935658e-10,-0.0476315547632842,5.7990268210817e-08,0.999807860075377,0.999999999992432
"Aagab",1.10479712798381e-10,-0.0476745889212919,5.79721298460051e-08,0.999807890126768,0.999999999992432
"Bbx",1.10099854762885e-10,-0.0486220899543874,5.75741686000148e-08,0.99980855065055,0.999999999992432
"March6",1.09978943371847e-10,-0.0489243375862747,5.74477824145475e-08,0.999808760899753,0.999999999992432
"Rnf170",1.09917450801339e-10,-0.049078174437439,5.73835587712374e-08,0.999808867827345,0.999999999992432
"Adcy9",1.09847967019906e-10,-0.0492521014296842,5.73110322274813e-08,0.999808988650615,0.999999999992432
"Grpel2",1.09672286894667e-10,-0.0496923183595515,5.71278634647589e-08,0.999809294135533,0.999999999992432
"Mtus1",1.09291995663948e-10,-0.0506475461185944,5.67323659374505e-08,0.999809955412584,0.999999999992432
"Rasa1",1.09240502686021e-10,-0.0507771304754619,5.66789195663989e-08,0.999810044952184,0.999999999992432
"Prss12",1.08943307279771e-10,-0.0515261716684566,5.63709422030678e-08,0.999810561736391,0.999999999992432
"Arid1a",1.08940807397307e-10,-0.0515324805159143,5.63683551857174e-08,0.999810566083362,0.999999999992432
"Gk",1.08934975695401e-10,-0.0515471982695555,5.63623204471505e-08,0.999810576223934,0.999999999992432
"Mfap1a",1.08755062605229e-10,-0.0520016219278171,5.61763022196187e-08,0.999810889069428,0.999999999992432
"Ctsf",1.08698804264714e-10,-0.0521438655593827,5.61181979247151e-08,0.999810986895374,0.999999999992432
"Pex5",1.08634922630847e-10,-0.0523054687485675,5.60522566518794e-08,0.999811097977238,0.999999999992432
"Ddx50",1.08420755771804e-10,-0.0528479121706721,5.58314675654859e-08,0.999811470385586,0.999999999992432
"Phf20",1.08343841266399e-10,-0.0530429702519151,5.57522811311796e-08,0.99981160412992,0.999999999992432
"Noc3l",1.08185187161327e-10,-0.0534457388983795,5.55891181529364e-08,0.999811880008801,0.999999999992432
"Secisbp2l",1.08174516075973e-10,-0.0534728492786586,5.55781523823995e-08,0.999811898564432,0.999999999992432
"Stac2",1.07941941078496e-10,-0.0540643486426602,5.53394234546286e-08,0.999812302982142,0.999999999992432
"Pam",1.07931763037884e-10,-0.0540902617174343,5.53289878382417e-08,0.999812320680433,0.999999999992432
"Apoe",1.07874374716432e-10,-0.054236414620782,5.52701656065158e-08,0.999812420471269,0.999999999992432
"B4gat1",1.07846049455253e-10,-0.054308578809317,5.52411441388471e-08,0.999812469725219,0.999999999992432
"Nptx2",1.07821945423571e-10,-0.0543700027647567,5.52164536565623e-08,0.999812511638999,0.999999999992432
"Nfe2l2",1.07821125992413e-10,-0.0543720911385836,5.52156143856617e-08,0.999812513063884,0.999999999992432
"Plekhm2",1.07710408429291e-10,-0.0546544008151491,5.51022748256574e-08,0.999812705587344,0.999999999992432
"Fam63b",1.07468802440055e-10,-0.0552714105622775,5.48553514591043e-08,0.999813125708776,0.999999999992432
"Bap1",1.07369145211309e-10,-0.0555262976353339,5.47536624573106e-08,0.999813298999752,0.999999999992432
"Clns1a",1.07284208841096e-10,-0.0557437115445553,5.46670689043347e-08,0.999813446693067,0.999999999992432
"Ube2k",1.0677014482143e-10,-0.0570630750282797,5.41444375555111e-08,0.999814340583623,0.999999999992432
"Gnal",1.06511116353936e-10,-0.0577301688077635,5.38820432659356e-08,0.999814791000482,0.999999999992432
"Ercc6l2",1.06383476653986e-10,-0.0580594550951544,5.37529794238925e-08,0.99981501294934,0.999999999992432
"Dazap2",1.06207622782387e-10,-0.058513740091541,5.35754169467266e-08,0.999815318736381,0.999999999992432
"Pdk3",1.05924542616131e-10,-0.0592465268730668,5.32902033993406e-08,0.99981581097602,0.999999999992432
"Sh3kbp1",1.05915833890021e-10,-0.0592690999335159,5.32814411107081e-08,0.999815826119363,0.999999999992432
"Slc6a15",1.05893164493014e-10,-0.0593278673901243,5.32586356653451e-08,0.9998158655385,0.999999999992432
"Prpf38b",1.0577306624724e-10,-0.0596394059490851,5.3137898097497e-08,0.999816074373749,0.999999999992432
"Nuak1",1.05743605711274e-10,-0.0597158788127504,5.31083016604925e-08,0.999816125601795,0.999999999992432
"Mboat7",1.05514290856824e-10,-0.0603118209544724,5.28782108241979e-08,0.99981652435054,0.999999999992432
"Ddx6",1.05513301268861e-10,-0.0603143953552254,5.28772189700123e-08,0.999816526071305,0.999999999992432
"Cers5",1.05433096918405e-10,-0.0605231222728191,5.27968618758694e-08,0.999816665536252,0.999999999992432
"Tiparp",1.05343027396687e-10,-0.060757702575661,5.27066936646195e-08,0.999816822155451,0.999999999992432
"Csgalnact1",1.05245062704381e-10,-0.0610130617575132,5.26087091224607e-08,0.999816992503326,0.999999999992432
"Cstf2t",1.0523288084815e-10,-0.0610448313162328,5.2596531170832e-08,0.999817013685992,0.999999999992432
"Tmem9b",1.04931151932781e-10,-0.0618328394066921,5.22953488274024e-08,0.999817538353383,0.999999999992432
"Tac1",1.04780452204761e-10,-0.0622272195985285,5.21452459167002e-08,0.999817800400636,0.999999999992432
"Ncam1",1.04768876263864e-10,-0.0622575360398097,5.21337247421267e-08,0.999817820529693,0.999999999992432
"Cyth3",1.04716158159203e-10,-0.0623956406943801,5.20812721477884e-08,0.99981791219963,0.999999999992432
"9330182L06Rik",1.0420455535383e-10,-0.0637393183930162,5.15736172263993e-08,0.999818801810455,0.999999999992432
"Zdhhc18",1.04158757151394e-10,-0.0638599085897266,5.15282936816498e-08,0.99981888144758,0.999999999992432
"Sf3a1",1.04102088684797e-10,-0.064009190769886,5.14722401123558e-08,0.999818979986683,0.999999999992432
"Wapl",1.0402720804233e-10,-0.0642065678655147,5.1398218769124e-08,0.999819110194394,0.999999999992432
"Trmt10c",1.03936506085569e-10,-0.0644458290280012,5.1308629002634e-08,0.999819267913315,0.999999999992432
"Hras",1.03892953230543e-10,-0.0645607868646948,5.12656379656831e-08,0.999819343646073,0.999999999992432
"Ppil4",1.03818109314018e-10,-0.0647584444857948,5.1191801599294e-08,0.999819473789922,0.999999999992432
"Asic2",1.0378821386153e-10,-0.0648374341489648,5.11623234719152e-08,0.999819525774231,0.999999999992432
"Abhd10",1.03774525535462e-10,-0.0648736086117124,5.11488290613651e-08,0.999819549576452,0.999999999992432
"Bmyc",1.03768068990578e-10,-0.0648906730487136,5.11424646008109e-08,0.999819560803545,0.999999999992432
"Tsc22d3",1.03693030741598e-10,-0.0650890707005276,5.10685256046514e-08,0.999819691285313,0.999999999992432
"Slc35b2",1.0368469017106e-10,-0.0651111312039852,5.10603105200557e-08,0.999819705788482,0.999999999992432
"Atp8a2",1.03625736171392e-10,-0.065267110459448,5.10022623407512e-08,0.999819808301829,0.999999999992432
"Prune1",1.03620659862277e-10,-0.0652805451930961,5.09972655722396e-08,0.999819817128872,0.999999999992432
"Chordc1",1.0332633677381e-10,-0.0660605585482277,5.07079727600875e-08,0.999820328918492,0.999999999992432
"Pbdc1",1.02999323079548e-10,-0.0669296875411895,5.03875131014915e-08,0.999820897552831,0.999999999992432
"Mrpl35",1.02953091042633e-10,-0.067052773353035,5.03422896090396e-08,0.999820977944338,0.999999999992432
"Zfp180",1.02858892806066e-10,-0.0673037244868306,5.02502091205276e-08,0.999821141742836,0.999999999992432
"Rpl6",1.02747389513199e-10,-0.0676010598993735,5.01413215629226e-08,0.999821335632579,0.999999999992432
"Hax1",1.02522929096062e-10,-0.0682005382551535,4.99224848890913e-08,0.999821725940089,0.999999999992432
"Rtn4rl1",1.02458037889489e-10,-0.0683740789777979,4.98593086788805e-08,0.999821838777468,0.999999999992432
"Trpc4ap",1.02169736309351e-10,-0.0691463581092196,4.95791101917293e-08,0.999822340096469,0.999999999992432
"Zfp518b",1.02155700611534e-10,-0.06918400863327,4.95654891404211e-08,0.999822364502724,0.999999999992432
"Atp6v0a2",1.02145377131271e-10,-0.0692117043325221,4.95554718336805e-08,0.999822382453915,0.999999999992432
"Rab21",1.02143108817332e-10,-0.0692177900921139,4.95532709289975e-08,0.999822386398219,0.999999999992432
"Agap3",1.02109834844274e-10,-0.0693070770606783,4.95209914015755e-08,0.999822444257336,0.999999999992432
"Arhgef28",1.02022563490515e-10,-0.069541391312854,4.94363782572968e-08,0.999822596010884,0.999999999992432
"Ebf3",1.01948859834457e-10,-0.0697394260977505,4.93649759014624e-08,0.999822724171969,0.999999999992432
"Fastkd1",1.01848825447602e-10,-0.0700084267516741,4.92681475039015e-08,0.999822898118774,0.999999999992432
"Ipo13",1.01533395608872e-10,-0.0708582898830007,4.89634492659126e-08,0.999823446610292,0.999999999992432
"Cyhr1",1.01372215771173e-10,-0.071293525694442,4.88081179738094e-08,0.999823726881095,0.999999999992432
"Dusp1",1.01321982880816e-10,-0.0714293045296419,4.87597582658242e-08,0.999823814229566,0.999999999992432
"Fzr1",1.01270546726236e-10,-0.0715684020507265,4.87102650009916e-08,0.999823903670358,0.999999999992432
"Dbi",1.01269554554695e-10,-0.0715710858154059,4.87093105536527e-08,0.999823905395615,0.999999999992432
"Cherp",1.01252406319092e-10,-0.07161747471411,4.86928158032377e-08,0.99982393521417,0.999999999992432
"Bsn",1.01169299473561e-10,-0.0718423986739779,4.86129155673273e-08,0.999824079726179,0.999999999992432
"Mdga2",1.01111679994536e-10,-0.07199844557698,4.85575578009906e-08,0.999824179918969,0.999999999992432
"Fam160b1",1.01090262033851e-10,-0.0720564719151825,4.85369885904964e-08,0.999824217162021,0.999999999992432
"Nsmf",1.00976190013842e-10,-0.0723657169659513,4.84275104199819e-08,0.999824415518447,0.999999999992432
"Ccdc136",1.00925765946137e-10,-0.0725025205439173,4.83791563998894e-08,0.999824503199351,0.999999999992432
"Ttc7b",1.00924624018709e-10,-0.0725056194146195,4.83780616314214e-08,0.999824505185015,0.999999999992432
"Fto",1.00708812059516e-10,-0.0730918713358235,4.81713845873473e-08,0.99982488045398,0.999999999992432
"Lsm7",1.00606011341121e-10,-0.0733715486401259,4.80730907959233e-08,0.999825059211077,0.999999999992432
"Commd7",1.00540275203589e-10,-0.0735505312215516,4.80102892426989e-08,0.999825173517682,0.999999999992432
"Fkbp3",1.0046264214591e-10,-0.0737620492756344,4.79361747337247e-08,0.999825308511485,0.999999999992432
"Ilk",1.00450176713745e-10,-0.0737960269022293,4.79242796043543e-08,0.999825330187253,0.999999999992432
"Bcl7c",1.00217978254346e-10,-0.0744296746797277,4.77029742229565e-08,0.999825733950213,0.999999999992432
"Ttf2",9.99800487721686e-11,-0.0750804102273441,4.7476737950991e-08,0.999826147678679,0.999999999992432
"Rassf5",9.98846607854564e-11,-0.0753417089291796,4.73861888834417e-08,0.999826313545998,0.999999999992432
"Etfrf1",9.98561345787376e-11,-0.0754198975275896,4.73591265660608e-08,0.999826363149366,0.999999999992432
"Afdn",9.97826522441694e-11,-0.0756214059083437,4.72894507521239e-08,0.999826490925601,0.999999999992432
"Fam3c",9.97544595354041e-11,-0.0756987553395515,4.72627320923511e-08,0.99982653994906,0.999999999992432
"Ccdc91",9.97137544723686e-11,-0.0758104702726735,4.72241686038491e-08,0.999826610729878,0.999999999992432
"Dbn1",9.92323466514786e-11,-0.07713498873306,4.67692824087991e-08,0.999827447835549,0.999999999992432
"Synpr",9.91527676560912e-11,-0.0773545256365836,4.66942995978099e-08,0.999827586213086,0.999999999992432
"Vdac3",9.90067674788433e-11,-0.0777577361927425,4.6556888268528e-08,0.99982784008843,0.999999999992432
"Ankrd45",9.89502683369295e-11,-0.0779139221952069,4.65037671786034e-08,0.9998279383331,0.999999999992432
"Wdr6",9.87954770824076e-11,-0.0783422609103942,4.63583861452729e-08,0.999828207494986,0.999999999992432
"Asb6",9.87228599221589e-11,-0.0785434270229704,4.62902620315916e-08,0.999828333766795,0.999999999992432
"Gripap1",9.87020802181623e-11,-0.0786010174139636,4.62707772494238e-08,0.999828369900002,0.999999999992432
"Cdc123",9.84630392603297e-11,-0.0792643426035999,4.60469275117789e-08,0.999828785561179,0.999999999992432
"Zc2hc1a",9.83978665579218e-11,-0.0794454585793353,4.59859907472029e-08,0.999828898888043,0.999999999992432
"Slc41a2",9.83618900190479e-11,-0.0795454867740999,4.59523698081503e-08,0.999828961446571,0.999999999992432
"Rab14",9.8257751713021e-11,-0.0798352261266371,4.58551193642293e-08,0.999829142529559,0.999999999992432
"Sdhb",9.80941562827417e-11,-0.0802909799875679,4.57025524096791e-08,0.999829427000764,0.999999999992432
"Stx1a",9.79968348267108e-11,-0.0805624465271514,4.56119122999737e-08,0.999829596230135,0.999999999992432
"Phtf2",9.78311241682371e-11,-0.081025266383143,4.54577850875748e-08,0.999829884379447,0.999999999992432
"Api5",9.7516046750827e-11,-0.0819073163930172,4.5165451587643e-08,0.999830432258151,0.999999999992432
"Rnf5",9.7500513699925e-11,-0.0819508707057038,4.51510641835721e-08,0.999830459268109,0.999999999992432
"Klhl5",9.74766098015586e-11,-0.0820179095581363,4.5128927804885e-08,0.999830500833884,0.999999999992432
"Atp5f1",9.74494443686447e-11,-0.0820941143957829,4.51037776476171e-08,0.999830548071043,0.999999999992432
"Hp1bp3",9.74173869625855e-11,-0.0821840682247707,4.50741074468748e-08,0.999830603814708,0.999999999992432
"Megf9",9.72676587113337e-11,-0.082604581922627,4.49356582219628e-08,0.99983086417269,0.999999999992432
"Orc4",9.72638382751545e-11,-0.0826153197094796,4.49321283653749e-08,0.999830870815932,0.999999999992432
"Ndufs3",9.71524602181388e-11,-0.0829285371192967,4.48292825819437e-08,0.999831064487907,0.999999999992432
"Hmgn3",9.71077386645485e-11,-0.0830543990772365,4.47880201430388e-08,0.99983114225288,0.999999999992432
"Rpf2",9.71005970641308e-11,-0.0830745031154028,4.47814326890194e-08,0.999831154671195,0.999999999992432
"Sri",9.70217155988247e-11,-0.0832966527095548,4.47087041925861e-08,0.999831291835818,0.999999999992432
"Hsd17b7",9.70068645865251e-11,-0.0833384960014435,4.46950182111498e-08,0.999831317659799,0.999999999992432
"Gipc1",9.67776259587543e-11,-0.0839851576445296,4.44840286354671e-08,0.999831716275998,0.999999999992432
"H3f3b",9.66504272160277e-11,-0.0843446018835449,4.43671711700459e-08,0.99983193745809,0.999999999992432
"Calcb",9.65795148361880e-11,-0.0845451845925402,4.43020907020359e-08,0.999832060765508,0.999999999992432
"Ap2a2",9.64530327518883e-11,-0.084903299293798,4.41861292247932e-08,0.999832280701425,0.999999999992432
"Dgkz",9.63359197381257e-11,-0.0852352848863669,4.4078893008034e-08,0.999832484345744,0.999999999992432
"Tlx3",9.62777248048631e-11,-0.0854003953272446,4.40256544350066e-08,0.999832585539175,0.999999999992432
"Gtf2e1",9.61071626864142e-11,-0.0858848602097815,4.38698041078508e-08,0.999832882124545,0.999999999992432
"Rbm11",9.58801410886908e-11,-0.0865309612721921,4.36627928956728e-08,0.999833276885617,0.999999999992432
"Elp3",9.58124158493351e-11,-0.0867239880317573,4.36011319782546e-08,0.999833394651012,0.999999999992432
"Bub3",9.56957735141469e-11,-0.0870567396638744,4.34950362888987e-08,0.999833597476882,0.999999999992432
"Ssbp3",9.55816539210192e-11,-0.0873826676263575,4.33913603159165e-08,0.999833795916032,0.999999999992432
"Aamdc",9.53775964335628e-11,-0.0879663826632816,4.32062854603569e-08,0.999834150745499,0.999999999992432
"Ttll1",9.51987059171578e-11,-0.0884790832329393,4.30443617685074e-08,0.999834461812872,0.999999999992432
"Timm9",9.49828073115579e-11,-0.0890990692532971,4.28493448368151e-08,0.999834837232505,0.999999999992432
"Dnlz",9.49566727807337e-11,-0.0891742093882305,4.28257680760931e-08,0.99983488267706,0.999999999992432
"Ptprs",9.49311613524827e-11,-0.0892475769740288,4.28027596931395e-08,0.99983492703812,0.999999999992432
"Kpna6",9.49299823892689e-11,-0.0892509679733288,4.28016965529638e-08,0.999834929088184,0.999999999992432
"Trappc1",9.49037536764656e-11,-0.0893264187970943,4.2778048000864e-08,0.999834974696509,0.999999999992432
"Rpa1",9.48173934281792e-11,-0.0895749870576073,4.27002293302887e-08,0.999835124865764,0.999999999992432
"Ilvbl",9.46133773348335e-11,-0.0901630560317858,4.25166730972188e-08,0.999835479623252,0.999999999992432
"Stard4",9.45464380541401e-11,-0.0903562685558687,4.24565330027644e-08,0.999835596021967,0.999999999992432
"Psma2",9.45081097498394e-11,-0.0904669573051382,4.24221169611667e-08,0.999835662669909,0.999999999992432
"Senp5",9.45042247398082e-11,-0.0904781792503036,4.2418629282429e-08,0.999835669425437,0.999999999992432
"Kpnb1",9.44814541235248e-11,-0.0905439615375728,4.23981903662299e-08,0.999835709020581,0.999999999992432
"Celf4",9.44040432788873e-11,-0.0907677072733216,4.23287431881397e-08,0.999835843627986,0.999999999992432
"Specc1l",9.40905872321125e-11,-0.091675495540915,4.20481159522989e-08,0.999836388687338,0.999999999992432
"Diras2",9.40692617742139e-11,-0.091737359726061,4.20290578565709e-08,0.99983642576954,0.999999999992432
"Gabrg2",9.39570681251171e-11,-0.0920630479895135,4.1928863992508e-08,0.999836620859724,0.999999999992432
"Slc25a5",9.37962503452578e-11,-0.0925305326996995,4.17854551709441e-08,0.999836900500955,0.999999999992432
"Gapdh",9.3795600111893e-11,-0.0925324244223052,4.17848758257606e-08,0.999836901631627,0.999999999992432
"Clvs2",9.36015668759998e-11,-0.0930974821909048,4.16121754308587e-08,0.999837239030222,0.999999999992432
"Rlim",9.35401831421027e-11,-0.0932764737640938,4.15576149521693e-08,0.999837345768563,0.999999999992432
"Gm1976",9.34091056791436e-11,-0.0936590622222751,4.1441227535857e-08,0.999837573695246,0.999999999992432
"Mrps6",9.32995061020056e-11,-0.0939793527995868,4.13440362312981e-08,0.999837764274676,0.999999999992432
"Mrpl45",9.32685500893682e-11,-0.094069882472263,4.13166055568986e-08,0.999837818103161,0.999999999992432
"Oat",9.32288049271389e-11,-0.0941861575349693,4.12814000068622e-08,0.999837887214836,0.999999999992432
"Pik3c3",9.32098813735959e-11,-0.094241535220501,4.12646431364713e-08,0.999837920120437,0.999999999992432
"Kras",9.31960543631183e-11,-0.0942820051899637,4.12524014229345e-08,0.999837944163813,0.999999999992432
"Eif3e",9.31374620188566e-11,-0.094453561139131,4.12005469723356e-08,0.999838046048289,0.999999999992432
"Camkk2",9.28927616004861e-11,-0.0951711437434125,4.09843386518939e-08,0.999838471550534,0.999999999992432
"Senp6",9.28550921219415e-11,-0.0952817687367542,4.09511058012518e-08,0.999838537052865,0.999999999992432
"Tcp1",9.28232887694571e-11,-0.0953751997121553,4.0923058671336e-08,0.999838592354764,0.999999999992432
"Wasl",9.26777606481627e-11,-0.0958031163591431,4.07948411205357e-08,0.999838845409266,0.999999999992432
"Slc35f5",9.25963976563563e-11,-0.0960426375991272,4.0723243936469e-08,0.999838986888941,0.999999999992432
"Ndc1",9.24803215919776e-11,-0.0963846955610516,4.06212090583176e-08,0.999839188730141,0.999999999992432
"Ttc9b",9.23357265259963e-11,-0.0968113654636565,4.0494284010277e-08,0.99983944016218,0.999999999992432
"Ndufv2",9.22374888795601e-11,-0.0971016065312822,4.04081646469867e-08,0.999839610984688,0.999999999992432
"Sept3",9.22224170882163e-11,-0.097146161803019,4.03949601750152e-08,0.999839637192575,0.999999999992432
"Osbpl9",9.21342225673987e-11,-0.0974070214400811,4.03177357698953e-08,0.999839790551392,0.999999999992432
"Rcan1",9.20742754919867e-11,-0.0975844669085544,4.02652874180845e-08,0.99983989479157,0.999999999992432
"1500011B03Rik",9.19860644239876e-11,-0.097845774460752,4.01881726630948e-08,0.99984004817916,0.999999999992432
"Atad3a",9.1873581239771e-11,-0.0981793287963235,4.00899462684124e-08,0.999840243772808,0.999999999992432
"Tigar",9.18136555332117e-11,-0.0983571891538076,4.0037664974492e-08,0.999840347975829,0.999999999992432
"Mzt1",9.17282898481332e-11,-0.0986107462637886,3.99632478570395e-08,0.999840496415668,0.999999999992432
"Dnajc6",9.16378515551489e-11,-0.0988796149205484,3.98844842338638e-08,0.999840653676113,0.999999999992432
"Hdac4",9.08083089981884e-11,-0.101357632133644,3.91656519355006e-08,0.999842096142877,0.999999999992432
"Polr1d",9.0660370091613e-11,-0.101801814844874,3.90381436912783e-08,0.999842353389421,0.999999999992432
"Pacsin2",9.06532908078825e-11,-0.101823087468246,3.90320472832171e-08,0.999842365699376,0.999999999992432
"Vars",9.05203669842952e-11,-0.102222805107145,3.89176667646843e-08,0.999842596836641,0.999999999992432
"Gnpda2",9.04914480425649e-11,-0.102309841627307,3.88928043387473e-08,0.999842647122925,0.999999999992432
"Rtn2",9.04665264419031e-11,-0.10238486866251,3.88713849120648e-08,0.999842690458352,0.999999999992432
"Zdhhc9",9.02085999527311e-11,-0.103162517320707,3.86500507264437e-08,0.999843138959016,0.999999999992432
"Sdhc",9.01607537211386e-11,-0.10330700597791,3.86090619768183e-08,0.999843222157399,0.999999999992432
"Golga2",9.01494569935812e-11,-0.103341131080263,3.85993875073352e-08,0.999843241800941,0.999999999992432
"Odc1",9.00816247661073e-11,-0.103546123827226,3.85413217692076e-08,0.999843359752374,0.999999999992432
"Pik3r1",8.97693835100591e-11,-0.104491629225846,3.82746006865828e-08,0.999843902699365,0.999999999992432
"Tm2d1",8.97679567776794e-11,-0.104495956715003,3.82733840762857e-08,0.999843905180267,0.999999999992432
"Tenm3",8.97465441002455e-11,-0.104560912365049,3.82551272747824e-08,0.999843942414132,0.999999999992432
"Pde6d",8.97151674190579e-11,-0.104656120553862,3.82283828665169e-08,0.999843996974105,0.999999999992432
"Ipo8",8.9606846977478e-11,-0.104985047183341,3.81361261032609e-08,0.999844185329284,0.999999999992432
"Tm9sf4",8.93846437656051e-11,-0.10566097485362,3.79472239534612e-08,0.99984457171181,0.999999999992432
"D10Jhu81e",8.93673014994984e-11,-0.105713796025557,3.79325004621047e-08,0.999844601867758,0.999999999992432
"Slc29a2",8.9340227352835e-11,-0.105796278084073,3.79095203676314e-08,0.999844648946183,0.999999999992432
"Arih1",8.92668118168565e-11,-0.106020059882397,3.78472414970733e-08,0.999844776606265,0.999999999992432
"Hypk",8.92281975280444e-11,-0.106137832320225,3.78145052943456e-08,0.999844843751498,0.999999999992432
"Acsl1",8.88619722994344e-11,-0.107257221791673,3.7504733130147e-08,0.999845480569605,0.999999999992432
"Smim20",8.88343505457169e-11,-0.107341826986066,3.74814208972819e-08,0.999845528600247,0.999999999992432
"Ercc3",8.8771322366349e-11,-0.107534975366457,3.74282534537046e-08,0.999845638198065,0.999999999992432
"Selenom",8.82882665479952e-11,-0.109019628683728,3.70220244270955e-08,0.999846478169394,0.999999999992432
"Fem1b",8.82316001320156e-11,-0.109194296141039,3.69745156863529e-08,0.999846576704932,0.999999999992432
"Med25",8.81998939944516e-11,-0.109292073021421,3.69479467826544e-08,0.999846631837787,0.999999999992432
"Pdia3",8.79598956502911e-11,-0.11003327600038,3.674714423827e-08,0.999847049163737,0.999999999992432
"Plekho1",8.78281712933897e-11,-0.110440906152687,3.66371652651091e-08,0.999847278215285,0.999999999992432
"Adss",8.76342529837832e-11,-0.111042057854422,3.64755593974326e-08,0.99984761541404,0.999999999992432
"Ptbp2",8.75805778881379e-11,-0.111208675313755,3.64308912568954e-08,0.99984770874806,0.999999999992432
"Katnal1",8.74613458914465e-11,-0.11157914090121,3.63317649154188e-08,0.999847916077017,0.999999999992432
"Vps4b",8.72009550164273e-11,-0.11238987186676,3.61157522970788e-08,0.999848368862929,0.999999999992432
"Ndufs1",8.68043201245542e-11,-0.113629230959677,3.5787953380396e-08,0.999849058559492,0.999999999992432
"Armc1",8.66889816756275e-11,-0.113990636963983,3.5692912379327e-08,0.999849259118074,0.999999999992432
"Ecd",8.6623735496802e-11,-0.114195284228142,3.56392042907738e-08,0.999849372572705,0.999999999992432
"Chd3",8.66096900426062e-11,-0.114239357513131,3.56276479147611e-08,0.999849396995926,0.999999999992432
"Sptan1",8.65601459543998e-11,-0.114394876332812,3.55868987915148e-08,0.999849483146661,0.999999999992432
"Fam96b",8.64549853786016e-11,-0.11472525563896,3.55004833754604e-08,0.999849666007244,0.999999999992432
"Mapk9",8.64249450149871e-11,-0.114819702501686,3.54758170789801e-08,0.999849718243535,0.999999999992432
"Ogdh",8.62330354769764e-11,-0.115423802828837,3.53184414786149e-08,0.999850051949297,0.999999999992432
"Sphk2",8.61116154343464e-11,-0.115806673552515,3.52190515513455e-08,0.999850263082981,0.999999999992432
"Slc25a44",8.60965599504956e-11,-0.115854183358187,3.52067374516398e-08,0.999850289262512,0.999999999992432
"Rassf4",8.60355476455033e-11,-0.116046797540094,3.51568566410957e-08,0.999850395354986,0.999999999992432
"Rusc1",8.5884131808882e-11,-0.116525374368892,3.50332188958455e-08,0.999850658647461,0.999999999992432
"Dlgap1",8.53216611599379e-11,-0.118310210155161,3.45758438105812e-08,0.999851636710867,0.999999999992432
"Mat2b",8.5170368637627e-11,-0.118792200220389,3.44533326292064e-08,0.999851899788914,0.999999999992432
"Gnl2",8.51594715607356e-11,-0.118826947690348,3.44445169670681e-08,0.999851918737515,0.999999999992432
"Wdr48",8.51524540833741e-11,-0.118849326531112,3.4438840472028e-08,0.999851930939997,0.999999999992432
"Snn",8.51437010977728e-11,-0.118877242389308,3.4431760765751e-08,0.999851946160302,0.999999999992432
"Paics",8.49350564229376e-11,-0.119543480202482,3.4263217438772e-08,0.999852308966293,0.999999999992432
"Cfap36",8.47633767634981e-11,-0.120092849434872,3.41248445974549e-08,0.999852607494924,0.999999999992432
"Spg21",8.47198800092409e-11,-0.120232205432596,3.40898309112844e-08,0.99985268313013,0.999999999992432
"Rpl22",8.45400138772261e-11,-0.120809187642775,3.39452344572825e-08,0.999852995893973,0.999999999992432
"Wtap",8.45221025195609e-11,-0.120866708285919,3.39308521358476e-08,0.999853027039498,0.999999999992432
"Oxct1",8.44219704318965e-11,-0.121188486548656,3.38505049973929e-08,0.999853201156194,0.999999999992432
"Camta1",8.39328096157867e-11,-0.122765653740847,3.34593658401463e-08,0.999854051743323,0.999999999992432
"Arl5a",8.36427538642924e-11,-0.123704989269581,3.32285070831463e-08,0.999854556112603,0.999999999992432
"Camk1",8.3402138310466e-11,-0.12448656557765,3.30376048181898e-08,0.999854974511801,0.999999999992432
"Ift122",8.31576504450135e-11,-0.12528291713222,3.28441936031153e-08,0.999855399644446,0.999999999992432
"Ppt2",8.29317857312228e-11,-0.126020587862409,3.26660194999312e-08,0.999855792393849,0.999999999992432
"Cdk14",8.29219407299315e-11,-0.126052784876758,3.26582642607884e-08,0.999855809513028,0.999999999992432
"Arid4a",8.2824254147484e-11,-0.126372455225969,3.25813631405913e-08,0.999855979377308,0.999999999992432
"Ampd3",8.2763631559726e-11,-0.126571017215868,3.2533685229997e-08,0.999856084792114,0.999999999992432
"Csk",8.27407365004132e-11,-0.126646043171822,3.25156880103761e-08,0.999856124603649,0.999999999992432
"Hsdl2",8.25182739888371e-11,-0.127376070143103,3.23410751739251e-08,0.999856511437064,0.999999999992432
"Jade1",8.24881779958079e-11,-0.127474975880765,3.2317488658389e-08,0.999856563770087,0.999999999992432
"Snrpd3",8.24843629100137e-11,-0.127487516006999,3.23144993538923e-08,0.999856570404026,0.999999999992432
"Srcin1",8.24493625201215e-11,-0.127602587452207,3.22870813057881e-08,0.999856631265158,0.999999999992432
"Metap1",8.24175789998971e-11,-0.127707122943525,3.2262193319387e-08,0.999856686532572,0.999999999992432
"Klf7",8.24095728828891e-11,-0.127733460972861,3.22559256674543e-08,0.99985670045417,0.999999999992432
"Slc25a25",8.1796330310699e-11,-0.12975812710087,3.17776533487853e-08,0.999857766803358,0.999999999992432
"Ccpg1",8.17444271784006e-11,-0.129930150437333,3.17373376904576e-08,0.999857857056164,0.999999999992432
"Gid8",8.1616420694473e-11,-0.130354848164902,3.16380182805732e-08,0.999858079642815,0.999999999992432
"Prmt3",8.14319035018548e-11,-0.130968150914938,3.14951264628522e-08,0.999858400494249,0.999999999992432
"Snx29",8.11207868052482e-11,-0.132005243943467,3.125492720368e-08,0.999858941485778,0.999999999992432
"Pigq",8.11107866611773e-11,-0.132038641597492,3.12472217924709e-08,0.99985895887473,0.999999999992432
"Adgrl1",8.10817649357371e-11,-0.132135588108245,3.12248650605935e-08,0.999859009339741,0.999999999992432
"Zdhhc17",8.07194676435400e-11,-0.133348617387406,3.09464446324861e-08,0.999859639327679,0.999999999992432
"Ciao1",8.06900755404787e-11,-0.133447253539875,3.09239118900079e-08,0.999859690436729,0.999999999992432
"Sptbn1",8.04299197085608e-11,-0.134321794415638,3.07248275088805e-08,0.999860142813934,0.999999999992432
"Rnf128",8.0405749989013e-11,-0.134403179813058,3.07063642582127e-08,0.999860184841937,0.999999999992432
"Stk16",8.0210535178274e-11,-0.135061369331286,3.05574430592051e-08,0.99986052429514,0.999999999992432
"Akirin2",8.01766516159224e-11,-0.135175766677577,3.05316315786438e-08,0.999860583214254,0.999999999992432
"Hebp2",8.01368067776867e-11,-0.135310349195462,3.05012929298711e-08,0.999860652499253,0.999999999992432
"Uggt1",8.00571093044543e-11,-0.135579731403938,3.04406549459052e-08,0.999860791082808,0.999999999992432
"Fyttd1",7.99169548487414e-11,-0.136054080332092,3.03341644938844e-08,0.999861034793204,0.999999999992432
"Rnf115",7.97251479831008e-11,-0.136704527818807,3.01887305534038e-08,0.999861368320433,0.999999999992432
"Cdc27",7.97192106687664e-11,-0.136724685904213,3.01842342730461e-08,0.999861378644652,0.999999999992432
"Grk2",7.95410544838572e-11,-0.13733021765858,3.00494738016284e-08,0.999861688435119,0.999999999992432
"Heca",7.95088738291786e-11,-0.137439733252221,3.00251639372558e-08,0.999861744393098,0.999999999992432
"Siah1a",7.91631406975272e-11,-0.138618978543826,2.97646112727486e-08,0.999862345578113,0.999999999992432
"Kctd1",7.9055558679991e-11,-0.138986923283088,2.96837665496709e-08,0.999862532649269,0.999999999992432
"Evi5l",7.8978500711351e-11,-0.139250764215189,2.96259273286586e-08,0.999862666643069,0.999999999992432
"Palm",7.88119710116822e-11,-0.139821786193668,2.95011238598317e-08,0.999862956216589,0.999999999992432
"Nt5dc3",7.87128461431531e-11,-0.140162224810917,2.94269611155939e-08,0.999863128581862,0.999999999992432
"Mrps36",7.85764346044144e-11,-0.140631388812119,2.93250540215731e-08,0.999863365783812,0.999999999992432
"Plod3",7.83256011708394e-11,-0.141496110209259,2.91381286792249e-08,0.999863801950576,0.999999999992432
"Ccdc74a",7.77232636974498e-11,-0.143583395286536,2.869169733421e-08,0.999864849337216,0.999999999992432
"Sh2d3c",7.76854227468570e-11,-0.143715038326262,2.86637660109918e-08,0.999864915137714,0.999999999992432
"Rufy2",7.76169594320191e-11,-0.143953366894506,2.86132661452666e-08,0.999865034186527,0.999999999992432
"Timp3",7.75221884308621e-11,-0.144283605263526,2.85434346963406e-08,0.99986519898099,0.999999999992432
"Emc6",7.74943551768962e-11,-0.144380665683573,2.85229421363709e-08,0.999865247379404,0.999999999992432
"Zfp385b",7.74177352945302e-11,-0.14464802651107,2.84665678602178e-08,0.999865380611429,0.999999999992432
"Zfyve19",7.73611392915182e-11,-0.144845676580781,2.84249622756181e-08,0.999865479024528,0.999999999992432
"Kcnk1",7.69994850489864e-11,-0.146111933508318,2.81598167677036e-08,0.999866107894287,0.999999999992432
"Fam20c",7.67355491324593e-11,-0.147039621272016,2.79670973276766e-08,0.999866566844568,0.999999999992432
"Ergic1",7.65590727588518e-11,-0.147661596746013,2.78386078177778e-08,0.999866873714062,0.999999999992432
"C330007P06Rik",7.62593066394747e-11,-0.148721224360014,2.76210311512547e-08,0.999867394968413,0.999999999992432
"Aurkaip1",7.62237509695406e-11,-0.148847170635602,2.75952807120436e-08,0.999867456795105,0.999999999992432
"Pdzd11",7.61933147232893e-11,-0.148955027089367,2.75732474464934e-08,0.999867509719785,0.999999999992432
"Serbp1",7.59229395069297e-11,-0.149914952256528,2.73779049716026e-08,0.999867979867172,0.999999999992432
"Maea",7.58614161030587e-11,-0.150133835031172,2.73335521197629e-08,0.999868086848381,0.999999999992432
"Ubxn1",7.55857445656692e-11,-0.151116671162791,2.71352591820247e-08,0.999868566205383,0.999999999992432
"Smad5",7.53602094792171e-11,-0.151923294456082,2.69735667198307e-08,0.999868958381608,0.999999999992432
"Pcdh9",7.52812376967663e-11,-0.152206278159778,2.69170638374875e-08,0.999869095703282,0.999999999992432
"Tmem151a",7.5217244493094e-11,-0.152435795259072,2.68713213102069e-08,0.999869206979152,0.999999999992432
"6330408A02Rik",7.51828205916634e-11,-0.152559336267763,2.68467310968558e-08,0.999869266837846,0.999999999992432
"Dnajc10",7.50441213833617e-11,-0.153057647074027,2.6747767381372e-08,0.999869508017757,0.999999999992432
"Slc35a1",7.48387747455797e-11,-0.153797013916171,2.6601585396094e-08,0.999869865088891,0.999999999992432
"Usp15",7.47633068861103e-11,-0.154069226291505,2.65479620572528e-08,0.999869996317698,0.999999999992432
"Hsd17b12",7.46788749463608e-11,-0.154374081627228,2.64880334548548e-08,0.999870143133876,0.999999999992432
"Top2b",7.45587300442434e-11,-0.154808449382382,2.64028730334606e-08,0.999870352050257,0.999999999992432
"Gfod1",7.4360020781712e-11,-0.15552831741672,2.62623260013318e-08,0.999870697579858,0.999999999992432
"Ppargc1a",7.43098267497032e-11,-0.155710445436313,2.62268831084306e-08,0.999870784860762,0.999999999992432
"Ddx21",7.43003560205033e-11,-0.155744822888654,2.62201983430333e-08,0.99987080132913,0.999999999992432
"Fmnl1",7.40846749041345e-11,-0.156528844791062,2.60681938597422e-08,0.99987117637058,0.999999999992432
"Trim11",7.40553550626317e-11,-0.156635592646065,2.60475643821873e-08,0.999871227353977,0.999999999992432
"Ptpra",7.40036389611786e-11,-0.156823978838706,2.60111967726047e-08,0.999871317281561,0.999999999992432
"Nomo1",7.3919719869034e-11,-0.157129937115985,2.59522375539335e-08,0.999871463205964,0.999999999992432
"Pnkd",7.35589870103355e-11,-0.158448891858348,2.56995585201531e-08,0.999872090473557,0.999999999992432
"Cbll1",7.34304977445811e-11,-0.158920174198746,2.56098554519242e-08,0.999872313899703,0.999999999992432
"Eea1",7.33352511293405e-11,-0.159270032566955,2.55434615107706e-08,0.999872479521198,0.999999999992432
"Rps9",7.32922183125897e-11,-0.159428241619775,2.55134927146896e-08,0.999872554349677,0.999999999992432
"Acpp",7.3171464562193e-11,-0.159872661378458,2.54294916556293e-08,0.999872764324767,0.999999999992432
"Timm13",7.31529427061941e-11,-0.159940890478506,2.54166193761631e-08,0.999872796531869,0.999999999992432
"Mtx2",7.31384975453993e-11,-0.159994113616832,2.54065825713326e-08,0.999872821650128,0.999999999992432
"Adcy7",7.31093038889327e-11,-0.160101708019968,2.53863042489901e-08,0.999872872414105,0.999999999992432
"Slc7a5",7.29734515142718e-11,-0.160602934933043,2.52920457826507e-08,0.999873108643742,0.999999999992432
"Mrpl34",7.27193063594982e-11,-0.161542987532074,2.51161829833454e-08,0.99987355056916,0.999999999992432
"Rhoa",7.26862962990567e-11,-0.161665316744036,2.50933857763084e-08,0.999873607969368,0.999999999992432
"Wdr20",7.26637734722429e-11,-0.161748812489262,2.50778371392914e-08,0.999873647133639,0.999999999992432
"Gm3550",7.26622754820604e-11,-0.161754366651961,2.50768031724379e-08,0.999873649738449,0.999999999992432
"Ralgapa1",7.26554834617121e-11,-0.161779551082997,2.50721153424475e-08,0.999873661548891,0.999999999992432
"Pex11b",7.2621471514568e-11,-0.161905699128748,2.50486470005281e-08,0.99987372069125,0.999999999992432
"Memo1",7.24841145577345e-11,-0.162415718587363,2.49539821016942e-08,0.999873959537159,0.999999999992432
"Os9",7.23196989394185e-11,-0.163027418035424,2.4840904327172e-08,0.999874245434567,0.999999999992432
"Cnnm1",7.19586866009002e-11,-0.164375193172876,2.45935169692747e-08,0.99987487318814,0.999999999992432
"Sec13",7.16477870703728e-11,-0.16554103878431,2.43814620911988e-08,0.999875413802047,0.999999999992432
"Yeats4",7.15223317104463e-11,-0.166012846627552,2.42961529069524e-08,0.999875631952626,0.999999999992432
"Rasgrf2",7.15167853722694e-11,-0.166033723231172,2.42923848682911e-08,0.999875641596987,0.999999999992432
"Camk1d",7.15157161439583e-11,-0.16603774801936,2.42916584958362e-08,0.999875643456236,0.999999999992432
"Dok4",7.13127928784444e-11,-0.166802628366467,2.4154000662954e-08,0.999875996313442,0.999999999992432
"Commd4",7.11458864968471e-11,-0.167433301234943,2.40410689178619e-08,0.999876286541964,0.999999999992432
"Hspa1b",7.10674472745542e-11,-0.167730177495655,2.39880869872571e-08,0.999876422937584,0.999999999992432
"Ndufa11",7.10266972296488e-11,-0.167884530883004,2.39605853558949e-08,0.99987649379662,0.999999999992432
"Snw1",7.10192666153003e-11,-0.167912685699191,2.39555722393298e-08,0.999876506717494,0.999999999992432
"Rpusd1",7.09858164828321e-11,-0.168039463897211,2.39330113655714e-08,0.99987656488293,0.999999999992432
"Sh3d21",7.08532617852822e-11,-0.168542413570521,2.38437126511661e-08,0.999876795378335,0.999999999992432
"Ctns",7.08135514835823e-11,-0.168693259587655,2.38169933254301e-08,0.999876864429392,0.999999999992432
"Trak2",7.06552089413817e-11,-0.1692955495137,2.37106004994753e-08,0.999877139766509,0.999999999992432
"Taf6l",7.06084591891275e-11,-0.16947361743147,2.36792341500676e-08,0.999877221058257,0.999999999992432
"Fbxo45",7.04270036140456e-11,-0.170165837041685,2.35576847478832e-08,0.999877536585937,0.999999999992432
"Rflnb",7.0338501596308e-11,-0.170504070856886,2.34985144713933e-08,0.999877690479453,0.999999999992432
"Tmem9",7.03249398022041e-11,-0.17055593654999,2.34894539629768e-08,0.999877714061651,0.999999999992432
"Dok7",7.0298960760088e-11,-0.170655317275756,2.3472102485649e-08,0.999877759235832,0.999999999992432
"Actl6b",7.00976315089922e-11,-0.171426671014311,2.33378514552097e-08,0.999878109321253,0.999999999992432
"Cry1",6.99861238184721e-11,-0.171854797054453,2.32636612145526e-08,0.999878303218646,0.999999999992432
"Mad2l1",6.99854147148193e-11,-0.171857521681606,2.3263189799287e-08,0.999878304451685,0.999999999992432
"Cdh2",6.99539050205063e-11,-0.171978619558381,2.32422468359977e-08,0.999878359242951,0.999999999992432
"Gabbr2",6.96536983726152e-11,-0.173134977687674,2.30431870375358e-08,0.999878881263325,0.999999999992432
"Dirc2",6.95833230092515e-11,-0.173406739662412,2.29966466969226e-08,0.999879003636942,0.999999999992432
"Atp8b2",6.95141924375302e-11,-0.173673949072892,2.29509753621414e-08,0.999879123846029,0.999999999992432
"Asb7",6.95015690058972e-11,-0.173722769497376,2.29426405530218e-08,0.999879145796537,0.999999999992432
"Slc25a19",6.9499202383328e-11,-0.173731923217046,2.29410781236473e-08,0.999879149911786,0.999999999992432
"Grin1",6.92780191176864e-11,-0.174588734642116,2.27952891639187e-08,0.999879534520761,0.999999999992432
"Tshz2",6.92750535363467e-11,-0.174600240244809,2.2793337611662e-08,0.999879539677522,0.999999999992432
"Ftl1",6.914913530289e-11,-0.175089198982162,2.27105520132228e-08,0.999879758632977,0.999999999992432
"Podxl2",6.91136513598667e-11,-0.175227141034109,2.2687250111724e-08,0.999879820334946,0.999999999992432
"Ufl1",6.90466370594087e-11,-0.175487839379461,2.26432752074486e-08,0.999879936864111,0.999999999992432
"Polr3gl",6.90140436195806e-11,-0.175614720937695,2.26219027534712e-08,0.99987999353987,0.999999999992432
"Sfxn3",6.88919406925004e-11,-0.176090556621698,2.25419260736733e-08,0.999880205861003,0.999999999992432
"Rnf123",6.88814795177487e-11,-0.176131361121009,2.25350806539802e-08,0.999880224051628,0.999999999992432
"Msmo1",6.85684714410434e-11,-0.177355000913859,2.2330740217681e-08,0.999880768332024,0.999999999992432
"Zfp280b",6.85210658962672e-11,-0.177540785516455,2.22998737000085e-08,0.99988085076411,0.999999999992432
"Haghl",6.85033948615606e-11,-0.177610070390279,2.2288373265091e-08,0.999880881491744,0.999999999992432
"Gm10419",6.83267982842458e-11,-0.178303407229813,2.21736059015136e-08,0.999881188570258,0.999999999992432
"Syvn1",6.82827672873625e-11,-0.178476542702255,2.21450369822611e-08,0.999881265134444,0.999999999992432
"Bhmt2",6.82249915243322e-11,-0.178703885294122,2.21075778934182e-08,0.999881365598993,0.999999999992432
"Inpp5k",6.79366785891469e-11,-0.179841112157599,2.19211232599275e-08,0.999881866937745,0.999999999992432
"Qk",6.79107888836515e-11,-0.179943456208587,2.19044187845831e-08,0.99988191195658,0.999999999992432
"Tbc1d12",6.78991025152593e-11,-0.179989665487668,2.18968806279447e-08,0.999881932277657,0.999999999992432
"Fis1",6.78337161482102e-11,-0.180248350372769,2.18547278443386e-08,0.999882045976058,0.999999999992432
"Purg",6.78125937609886e-11,-0.180331966460507,2.18411195038552e-08,0.999882082705146,0.999999999992432
"Mcoln1",6.77876503823729e-11,-0.18043074037222,2.18250549032202e-08,0.999882126078443,0.999999999992432
"Atp5e",6.77671085829848e-11,-0.180512110287997,2.18118295452539e-08,0.999882161797964,0.999999999992432
"B3glct",6.75691505209461e-11,-0.181297462364598,2.16845843054898e-08,0.999882506021326,0.999999999992432
"Upf2",6.74218909826999e-11,-0.18188309896798,2.15901689645945e-08,0.999882762086539,0.999999999992432
"Rtca",6.73854147521913e-11,-0.182028349086066,2.15668140887134e-08,0.999882825513967,0.999999999992432
"Plcb1",6.73735828874606e-11,-0.182075480188249,2.15592411376405e-08,0.999882846088043,0.999999999992432
"Snx19",6.72677952353024e-11,-0.182497224956659,2.14915911518277e-08,0.999883030039032,0.999999999992432
"Tceal1",6.72320093830045e-11,-0.182640035425345,2.14687305740969e-08,0.999883092265982,0.999999999992432
"Ciapin1",6.72301553041383e-11,-0.182647436458411,2.14675464901716e-08,0.999883095489984,0.999999999992432
"Edc4",6.70910480754354e-11,-0.18320327250645,2.13788005579523e-08,0.99988333737939,0.999999999992432
"Eif4b",6.70774682947467e-11,-0.183257592393486,2.13701469432073e-08,0.999883360992865,0.999999999992432
"Flrt2",6.69095619872394e-11,-0.183930091568362,2.12632946233495e-08,0.999883652960128,0.999999999992432
"Tmed8",6.68153999337903e-11,-0.18430793183901,2.12034889221266e-08,0.999883816695711,0.999999999992432
"Cdk11b",6.67192675936679e-11,-0.1846942003807,2.11425187070678e-08,0.999883983857366,0.999999999992432
"Ints4",6.66981811207641e-11,-0.184778998459037,2.11291567289307e-08,0.999884020524004,0.999999999992432
"Pim1",6.66955753190046e-11,-0.184789479313892,2.11275057898098e-08,0.999884025055155,0.999999999992432
"Lsm4",6.6612759105482e-11,-0.185122779097606,2.10750701157221e-08,0.999884169061795,0.999999999992432
"Arfgap2",6.65291830327294e-11,-0.185459536297199,2.10222193808326e-08,0.999884314389732,0.999999999992432
"Rwdd4a",6.65280457263355e-11,-0.185464121673022,2.10215006436088e-08,0.99988431636736,0.999999999992432
"Aldoc",6.64325801748868e-11,-0.185849284039905,2.09612136093962e-08,0.999884482369556,0.999999999992432
"Idi1",6.63928502051038e-11,-0.186009732312175,2.0936149420807e-08,0.999884551454814,0.999999999992432
"Coro1c",6.62717311505465e-11,-0.18649943138817,2.085983235824e-08,0.999884762065121,0.999999999992432
"Pon2",6.62344436501365e-11,-0.186650360454955,2.0836365574496e-08,0.999884826903242,0.999999999992432
"Crtc1",6.58944784424182e-11,-0.188030176585147,2.06230185705299e-08,0.999885418058588,0.999999999992432
"Tmtc4",6.58070151398225e-11,-0.188386257379244,2.05683080615049e-08,0.999885570145913,0.999999999992432
"Yipf1",6.57887444821789e-11,-0.188460697684961,2.05568884781661e-08,0.999885601916214,0.999999999992432
"Lipa",6.56857964620116e-11,-0.188880507170675,2.04926028569286e-08,0.999885780929452,0.999999999992432
"Carm1",6.54579437497204e-11,-0.189811889751994,2.03506788214846e-08,0.999886177135728,0.999999999992432
"Haus2",6.53817238379168e-11,-0.190124137753818,2.03033133290195e-08,0.999886309672257,0.999999999992432
"Pgm2l1",6.53483571235066e-11,-0.190260939084555,2.02825955518633e-08,0.99988636769264,0.999999999992432
"Sdhaf2",6.53131138635958e-11,-0.190405506204052,2.02607240906429e-08,0.999886428976092,0.999999999992432
"Tmem147",6.52719560874548e-11,-0.190574428378364,2.02351971005502e-08,0.99988650054412,0.999999999992432
"Ubtd1",6.50713310018003e-11,-0.191399297175281,2.01109952440716e-08,0.99988684940509,0.999999999992432
"Fbxl20",6.49801159790617e-11,-0.191775126373183,2.00546527921927e-08,0.999887008016169,0.999999999992432
"Spag7",6.49457886571483e-11,-0.191916693513334,2.00334696756671e-08,0.999887067706924,0.999999999992432
"Tmem242",6.49103461538197e-11,-0.192062934304334,2.00116101344017e-08,0.999887129336834,0.999999999992432
"Bod1",6.48940770982182e-11,-0.192130088135818,2.00015800169553e-08,0.999887157626609,0.999999999992432
"Sumo1",6.48604952519722e-11,-0.192268754618814,1.99808842548954e-08,0.999887216021079,0.999999999992432
"Cmtm4",6.48313460779311e-11,-0.192389172972663,1.99629289372462e-08,0.999887266707707,0.999999999992432
"Dph6",6.48005372323568e-11,-0.192516503528011,1.99439600681706e-08,0.999887320280288,0.999999999992432
"Timm17a",6.47515340719061e-11,-0.192719148294876,1.9913807616173e-08,0.999887405490421,0.999999999992432
"Fam102a",6.47368097947845e-11,-0.19278006666245,1.99047519825765e-08,0.999887431094026,0.999999999992432
"Arpc5l",6.47345572126799e-11,-0.192789387372439,1.99033667951328e-08,0.999887435010974,0.999999999992432
"Uck1",6.45114287070925e-11,-0.193714176297807,1.97663965277259e-08,0.999887823002469,0.999999999992432
"Mark2",6.44033391677431e-11,-0.1941632623239,1.97002144312978e-08,0.999888010956141,0.999999999992432
"Pde1c",6.43431892706173e-11,-0.194413480847664,1.96634333409505e-08,0.999888115549001,0.999999999992432
"Nup50",6.41932852414253e-11,-0.195038037270163,1.95719180060779e-08,0.99988837621264,0.999999999992432
"Flcn",6.41146527606571e-11,-0.19536620388309,1.95239987920524e-08,0.999888512944313,0.999999999992432
"Jade2",6.40594892898343e-11,-0.195596652658096,1.94904168207709e-08,0.999888608866425,0.999999999992432
"Fam13c",6.40001786747209e-11,-0.195844636782138,1.9454342431887e-08,0.999888711999882,0.999999999992432
"Hmgcr",6.39883209274432e-11,-0.19589424149645,1.9447134223706e-08,0.999888732618965,0.999999999992432
"Frrs1l",6.38521382204496e-11,-0.196464563787124,1.93644458467376e-08,0.999888969423007,0.999999999992432
"Usp8",6.38510383271984e-11,-0.196469174754352,1.93637787229592e-08,0.999888971335578,0.999999999992432
"Emc1",6.38168655127318e-11,-0.196612471465998,1.9343057439125e-08,0.999889030757665,0.999999999992432
"Axin1",6.37970676634339e-11,-0.196695523051178,1.93310577418099e-08,0.999889065183554,0.999999999992432
"Ahnak2",6.37510640016018e-11,-0.196888602082171,1.93031887866472e-08,0.999889145177948,0.999999999992432
"Socs4",6.37335539063473e-11,-0.196962127362694,1.92925864771352e-08,0.999889175625729,0.999999999992432
"Snip1",6.36655851480873e-11,-0.197247711622422,1.92514591948568e-08,0.999889293814573,0.999999999992432
"Zfp426",6.3635699293275e-11,-0.197373374670101,1.9233389423763e-08,0.999889345782194,0.999999999992432
"Anapc16",6.36240359711703e-11,-0.197422431428135,1.92263397751839e-08,0.999889366063196,0.999999999992432
"Utp15",6.35351695617494e-11,-0.197796490596391,1.91726687832178e-08,0.999889520590342,0.999999999992432
"Ccdc34",6.34988185923483e-11,-0.197949643442273,1.91507361834866e-08,0.999889583799957,0.999999999992432
"Tfam",6.33960838999403e-11,-0.198382932998162,1.90888183881366e-08,0.999889762442245,0.999999999992432
"AI593442",6.33446960947924e-11,-0.198599914386194,1.90578847766014e-08,0.999889851798965,0.999999999992432
"Zfp384",6.33313412198035e-11,-0.198656331780081,1.90498497285283e-08,0.999889875021358,0.999999999992432
"Ubfd1",6.3270320811272e-11,-0.198914255112004,1.90131579552613e-08,0.999889981127924,0.999999999992432
"Akap2",6.32631594640713e-11,-0.198944540452669,1.90088541326151e-08,0.999889993580577,0.999999999992432
"Msl1",6.32214111152609e-11,-0.199121159098238,1.89837739302074e-08,0.999890066175534,0.999999999992432
"Txndc16",6.31893622637452e-11,-0.199256818684473,1.89645319066306e-08,0.999890121904325,0.999999999992432
"Ppp6r3",6.31890456098732e-11,-0.199258159374732,1.89643418373785e-08,0.999890122454945,0.999999999992432
"Alyref",6.31711461851015e-11,-0.199333954661116,1.89535993826053e-08,0.99989015357972,0.999999999992432
"Acox3",6.31704470012003e-11,-0.199336915776079,1.89531798246577e-08,0.99989015479551,0.999999999992432
"Car11",6.30847529797806e-11,-0.199700074633245,1.89017927398351e-08,0.999890303806285,0.999999999992432
"Fam69b",6.29816394706362e-11,-0.200137676464673,1.88400523915336e-08,0.999890483107287,0.999999999992432
"Tmem101",6.2972159737701e-11,-0.200177941511515,1.88343813665907e-08,0.999890499591311,0.999999999992432
"BC003965",6.29710490027461e-11,-0.200182659721172,1.88337169516706e-08,0.999890501522735,0.999999999992432
"Oprl1",6.2965346935389e-11,-0.200206882360172,1.88303062967052e-08,0.99989051143789,0.999999999992432
"Mia2",6.28283791547668e-11,-0.200789354733185,1.87484727106115e-08,0.999890749607073,0.999999999992432
"Pgm2",6.281006753725e-11,-0.200867318540595,1.87375456475366e-08,0.999890781448598,0.999999999992432
"Uqcr11",6.27649603527191e-11,-0.201059459682262,1.87106424942061e-08,0.999890859884134,0.999999999992432
"Dnajb1",6.27240194001281e-11,-0.20123396769865,1.86862409272914e-08,0.999890931075134,0.999999999992432
"Nudt16",6.27130374909276e-11,-0.20128079574193,1.86796982140316e-08,0.999890950171248,0.999999999992432
"Slain2",6.26899519356192e-11,-0.201379260440012,1.86659482235236e-08,0.999890990314031,0.999999999992432
"Abhd2",6.24777976226232e-11,-0.202285758974383,1.85398240038657e-08,0.99989135922283,0.999999999992432
"Ssna1",6.24501790170567e-11,-0.202403983524333,1.85234363932212e-08,0.999891407247998,0.999999999992432
"Tbc1d9b",6.23312938285984e-11,-0.20291345266191,1.84529781125732e-08,0.999891613973902,0.999999999992432
"Clip4",6.22842668573489e-11,-0.203115236299868,1.84251442506769e-08,0.999891695747698,0.999999999992432
"Zmat4",6.22812683927026e-11,-0.203128107039413,1.84233702613026e-08,0.999891700961639,0.999999999992432
"Cox7a2",6.22348399893892e-11,-0.203327473486491,1.83959126046322e-08,0.999891781694603,0.999999999992432
"Spop",6.2225164179341e-11,-0.203369039805696,1.83901929299498e-08,0.99989179851958,0.999999999992432
"Med17",6.21487449588013e-11,-0.203697545100002,1.83450503816477e-08,0.99989193140268,0.999999999992432
"Tm7sf2",6.21189151419484e-11,-0.203825879445656,1.83274442927304e-08,0.999891983272858,0.999999999992432
"Ctps2",6.21011813197696e-11,-0.203902201947049,1.83169814813853e-08,0.999892014109672,0.999999999992432
"Fam91a1",6.20641503436237e-11,-0.204061641966914,1.82951431377081e-08,0.99989207850173,0.999999999992432
"Tusc3",6.19322512560689e-11,-0.20463027984857,1.82174638818815e-08,0.999892307857115,0.999999999992432
"Nob1",6.17977620638725e-11,-0.205211269856419,1.8138429396866e-08,0.999892541716355,0.999999999992432
"Bhlhe41",6.1603148031137e-11,-0.206054127849307,1.80243658957607e-08,0.999892880124885,0.999999999992432
"Slc43a2",6.14240816275073e-11,-0.206831887691604,1.7919732688175e-08,0.999893191498107,0.999999999992432
"2900026A02Rik",6.1368060834953e-11,-0.207075651647762,1.78870608169422e-08,0.99989328891099,0.999999999992432
"Fam173a",6.12368435869515e-11,-0.207647447309097,1.78106503328139e-08,0.999893517080744,0.999999999992432
"Cd34",6.12358193784705e-11,-0.207651915002577,1.78100545585871e-08,0.99989351886171,0.999999999992432
"Rras",6.12033279655049e-11,-0.207793682451484,1.77911597247207e-08,0.999893575360057,0.999999999992432
"Rchy1",6.1158177426449e-11,-0.207990803305452,1.77649198393041e-08,0.999893653870981,0.999999999992432
"Sdc3",6.11491881913871e-11,-0.208030065532622,1.77596979275042e-08,0.999893669502094,0.999999999992432
"Amigo1",6.11431942283595e-11,-0.208056248375353,1.77562164174911e-08,0.999893679924817,0.999999999992432
"Daam1",6.09972107583586e-11,-0.208694687703097,1.76715293252833e-08,0.999893933771114,0.999999999992432
"Mri1",6.096946595717e-11,-0.208816190033447,1.76554570637504e-08,0.99989398201572,0.999999999992432
"Dlx6",6.09657201133066e-11,-0.208832598167171,1.76532876974005e-08,0.999893988529256,0.999999999992432
"Rbm3",6.08503372678151e-11,-0.209338485890919,1.7586530212312e-08,0.99989418916504,0.999999999992432
"Myt1l",6.08396829570937e-11,-0.209385244890354,1.7580372285758e-08,0.999894207691503,0.999999999992432
"Bre",6.07303478798287e-11,-0.209865538123411,1.75172416408088e-08,0.999894397811004,0.999999999992432
"Anapc11",6.07218695119288e-11,-0.20990281668146,1.75123509310608e-08,0.999894412553785,0.999999999992432
"Tm9sf1",6.07145524971031e-11,-0.209934992858341,1.75081306917278e-08,0.999894425277123,0.999999999992432
"Trim23",6.06949465020396e-11,-0.210021227323431,1.74968250364543e-08,0.999894459369403,0.999999999992432
"Socs3",6.05886250477357e-11,-0.210489330000873,1.74355791296658e-08,0.999894644248604,0.999999999992432
"Aak1",6.0574955646247e-11,-0.210549569031942,1.74277127340887e-08,0.999894668017919,0.999999999992432
"Il1f9",6.05517224725672e-11,-0.210651983824966,1.7414346701089e-08,0.99989470841739,0.999999999992432
"Mettl8",6.0458032012609e-11,-0.211065362466667,1.73604986568981e-08,0.999894871332933,0.999999999992432
"Foxj3",6.04142916617606e-11,-0.211258560931346,1.73353876968827e-08,0.999894947391723,0.999999999992432
"Rtkn",6.03334397421796e-11,-0.21161602900554,1.72890191486687e-08,0.999895087982712,0.999999999992432
"Pqbp1",6.02301907928443e-11,-0.212073182559897,1.72298961924091e-08,0.999895267519227,0.999999999992432
"Bcap29",6.02219115570401e-11,-0.212109872620604,1.72251596784705e-08,0.999895281915743,0.999999999992432
"Eprs",6.01958780033859e-11,-0.212225273516191,1.72102702410579e-08,0.999895327184712,0.999999999992432
"Acsl6",6.01084517942802e-11,-0.212613161511775,1.7160315456713e-08,0.999895479207536,0.999999999992432
"Lemd2",6.00962842942145e-11,-0.212667188114154,1.71533687794937e-08,0.999895500365238,0.999999999992432
"Slc25a3",5.99967502347447e-11,-0.213109533660738,1.70965955343761e-08,0.999895673442042,0.999999999992432
"Uqcrc2",5.99963080019511e-11,-0.213111500570285,1.70963434991472e-08,0.999895674211028,0.999999999992432
"Cetn2",5.99961792620424e-11,-0.213112073166672,1.70962701286545e-08,0.99989567443489,0.999999999992432
"Ldah",5.99919771490974e-11,-0.213130763541838,1.70938753780866e-08,0.999895681741818,0.999999999992432
"Plrg1",5.9961252976339e-11,-0.213267457906262,1.70763710143711e-08,0.999895735167165,0.999999999992432
"Ddx54",5.98339484420392e-11,-0.213834556143057,1.70039378468076e-08,0.999895956533218,0.999999999992432
"Opa1",5.970991691229e-11,-0.214388177701151,1.69335149999535e-08,0.999896172207941,0.999999999992432
"Coro7",5.95898674939835e-11,-0.21492506626577,1.68654922943549e-08,0.99989638095829,0.999999999992432
"Sirpa",5.95415222994539e-11,-0.215141567331986,1.68381374843004e-08,0.999896465024305,0.999999999992432
"Sharpin",5.94406111652968e-11,-0.215594009521452,1.67811112068946e-08,0.999896640495663,0.999999999992432
"Gpr137b",5.94167824356795e-11,-0.215700953800143,1.67676593798445e-08,0.999896681930729,0.999999999992432
"Lgr4",5.93540465603201e-11,-0.215982709842558,1.67322694311538e-08,0.999896791020269,0.999999999992432
"Aldh6a1",5.92655088345323e-11,-0.216380827526961,1.66823880078154e-08,0.999896944975877,0.999999999992432
"Ap3d1",5.91744885464285e-11,-0.216790697678271,1.66311855535836e-08,0.999897103248338,0.999999999992432
"Slc45a4",5.91719937419765e-11,-0.21680194037211,1.6629783237074e-08,0.999897107586479,0.999999999992432
"Edem1",5.91097583777163e-11,-0.217082546311297,1.6594820198605e-08,0.999897215805695,0.999999999992432
"Dda1",5.91064983679342e-11,-0.21709725273234,1.65929897805547e-08,0.999897221474429,0.999999999992432
"Trmt112",5.90514203283141e-11,-0.217345835052557,1.65620800307548e-08,0.999897317247987,0.999999999992432
"Dopey2",5.90015374909556e-11,-0.217571160140233,1.65341106916595e-08,0.999897403987764,0.999999999992432
"Clcn4",5.89671714922032e-11,-0.217726499634219,1.6514855405388e-08,0.999897463745773,0.999999999992432
"Rxrb",5.89502010440983e-11,-0.217803240340078,1.65053509926721e-08,0.999897493255178,0.999999999992432
"1190002N15Rik",5.89278683212573e-11,-0.217904261346485,1.64928475711231e-08,0.999897532088883,0.999999999992432
"Tma7",5.88686781115021e-11,-0.218172181473923,1.64597316667326e-08,0.999897635012971,0.999999999992432
"Nbl1",5.88439648569152e-11,-0.218284119936175,1.64459148741781e-08,0.999897677986112,0.999999999992432
"Tro",5.88182118622652e-11,-0.218400815418406,1.64315229520924e-08,0.999897722767225,0.999999999992432
"Cenpv",5.87217168006918e-11,-0.218838499082188,1.63776532351606e-08,0.999897890559606,0.999999999992432
"St3gal6",5.87171334584954e-11,-0.218859305263292,1.6375096720679e-08,0.999897898529443,0.999999999992432
"Trub1",5.86830071339292e-11,-0.219014270979267,1.63560678805671e-08,0.99989795787069,0.999999999992432
"Nectin3",5.86679414563492e-11,-0.219082710612381,1.63476707780282e-08,0.999897984067946,0.999999999992432
"Ubap2",5.86303247635781e-11,-0.21925366682065,1.63267139096365e-08,0.99989804947849,0.999999999992432
"March2",5.85634843633838e-11,-0.219557692939322,1.62895092021063e-08,0.999898165705266,0.999999999992432
"Lsm14b",5.85627776379271e-11,-0.219560909267831,1.6289116051272e-08,0.99989816693417,0.999999999992432
"Gba2",5.85466655317647e-11,-0.21963424594496,1.62801541859338e-08,0.99989819495103,0.999999999992432
"Bicdl1",5.83392471767492e-11,-0.220580057757417,1.61650042922959e-08,0.999898555624614,0.999999999992432
"Stim1",5.82183003510831e-11,-0.22113304150379,1.60980483604686e-08,0.999898765935438,0.999999999992432
"Taf12",5.81973462339651e-11,-0.221228957200646,1.60864623236394e-08,0.999898802371926,0.999999999992432
"Sparc",5.81513785835078e-11,-0.221439485203343,1.60610603116239e-08,0.999898882303701,0.999999999992432
"Nap1l1",5.8059849015632e-11,-0.221859154188347,1.60105402718284e-08,0.999899041461733,0.999999999992432
"Cyb5b",5.79937154529825e-11,-0.222162772133794,1.59740871618357e-08,0.999899156459411,0.999999999992432
"Dusp22",5.79290340411828e-11,-0.222460041599481,1.59384746712783e-08,0.999899268931986,0.999999999992432
"Lpar1",5.78041047202297e-11,-0.223035098295463,1.58698032091813e-08,0.999899486167852,0.999999999992432
"Pak3",5.77785849337904e-11,-0.223152712515132,1.58557936646754e-08,0.999899530543446,0.999999999992432
"Npc2",5.77234613346422e-11,-0.223406931706369,1.58255536897021e-08,0.999899626396227,0.999999999992432
"Pik3ca",5.77174018738887e-11,-0.223434890814214,1.58222313217753e-08,0.999899636932842,0.999999999992432
"Ppm1h",5.76114477368769e-11,-0.223924227603188,1.57641936393635e-08,0.999899821173327,0.999999999992432
"G6pdx",5.7548831888276e-11,-0.224213813629449,1.57299451701705e-08,0.999899930054157,0.999999999992432
"Palm3",5.75462574003631e-11,-0.224225726536597,1.57285378210876e-08,0.999899934530857,0.999999999992432
"Ranbp10",5.75357720152837e-11,-0.224274250704982,1.57228066142848e-08,0.99989995276358,0.999999999992432
"Gpaa1",5.74976192202213e-11,-0.224450884780587,1.57019614910968e-08,0.999900019106336,0.999999999992432
"Zfand6",5.74562500324562e-11,-0.22464253548713,1.56793746877293e-08,0.999900091041981,0.999999999992432
"Ift140",5.74543651383338e-11,-0.22465127074313,1.56783459579948e-08,0.999900094319567,0.999999999992432
"Kxd1",5.73926935940605e-11,-0.224937228436877,1.56447057336222e-08,0.999900201558374,0.999999999992432
"Paqr9",5.73685781431566e-11,-0.225049125992302,1.56315612078573e-08,0.999900243492012,0.999999999992432
"D6Wsu163e",5.73544579963736e-11,-0.225114665307096,1.56238673523388e-08,0.999900268045113,0.999999999992432
"Actr6",5.72937009928503e-11,-0.225396846732454,1.55907833825868e-08,0.999900373693652,0.999999999992432
"Psip1",5.72893130963872e-11,-0.225417236998796,1.55883954019738e-08,0.999900381323634,0.999999999992432
"Klhl22",5.72455359271426e-11,-0.225620747900095,1.55645810095294e-08,0.999900457446447,0.999999999992432
"Insr",5.7241531557961e-11,-0.225639370754143,1.55624035769097e-08,0.999900464409525,0.999999999992432
"Fam65a",5.71992481792694e-11,-0.225836090821003,1.55394206850286e-08,0.999900537934829,0.999999999992432
"Gtf2a2",5.70710825309651e-11,-0.226433216426915,1.54698607278397e-08,0.999900760798248,0.999999999992432
"Pdxdc1",5.70277814824718e-11,-0.226635244556171,1.5446395006116e-08,0.999900836093148,0.999999999992432
"Cyth2",5.69147296964886e-11,-0.227163393842914,1.53852138897256e-08,0.999901032675523,0.999999999992432
"Nprl3",5.68282508235687e-11,-0.227568074383419,1.53384953985598e-08,0.999901183051053,0.999999999992432
"Rnf214",5.67340983602797e-11,-0.228009329436834,1.52877121781843e-08,0.99990134676996,0.999999999992432
"Ankrd49",5.67025098181288e-11,-0.228157528193925,1.5270693062175e-08,0.999901401698333,0.999999999992432
"Wasf1",5.66956823420638e-11,-0.228189569845503,1.52670158346664e-08,0.999901413570427,0.999999999992432
"AW549877",5.65942201819164e-11,-0.228666168793361,1.52124212595406e-08,0.999901589999948,0.999999999992432
"Armc10",5.65121654680656e-11,-0.229052199020779,1.51683409289454e-08,0.999901732682439,0.999999999992432
"Rb1",5.64215885197269e-11,-0.22947894126464,1.51197566644647e-08,0.99990189018399,0.999999999992432
"6030419C18Rik",5.63031593970457e-11,-0.230037888423027,1.5056350429179e-08,0.999902096116855,0.999999999992432
"Slc25a12",5.62522128952232e-11,-0.230278683081181,1.50291149650285e-08,0.999902184706206,0.999999999992432
"Adat3",5.62028767479467e-11,-0.230512064054643,1.50027638782591e-08,0.999902270495359,0.999999999992432
"Larp1b",5.61518387684837e-11,-0.230753700307028,1.49755281520108e-08,0.999902359243778,0.999999999992432
"Rabgef1",5.61225913093894e-11,-0.230892264701994,1.49599317944033e-08,0.999902410101311,0.999999999992432
"Cct5",5.60191330555455e-11,-0.231382965403604,1.49048273589901e-08,0.99990259000178,0.999999999992432
"Mta1",5.59705091702481e-11,-0.231613885100439,1.48789641923199e-08,0.999902674552402,0.999999999992432
"Inpp1",5.58389043323691e-11,-0.232239846876089,1.48090759035195e-08,0.999902903396125,0.999999999992432
"Usp11",5.58243858988754e-11,-0.232308987780857,1.48013760163183e-08,0.999902928641795,0.999999999992432
"Stk11",5.55535903388504e-11,-0.233601733523197,1.46581258796904e-08,0.999903399520109,0.999999999992432
"Trappc9",5.55403278408995e-11,-0.233665200768179,1.46511279464166e-08,0.99990342258187,0.999999999992432
"Serf1",5.5455781220689e-11,-0.234070134566759,1.46065563500217e-08,0.999903569597464,0.999999999992432
"Pomgnt1",5.54347110031667e-11,-0.234171141101849,1.45954590452499e-08,0.999903606235836,0.999999999992432
"Tmem56",5.54263392602309e-11,-0.234211283737647,1.45910509694277e-08,0.999903620793209,0.999999999992432
"Aldh4a1",5.53539016858588e-11,-0.234558863746438,1.45529373329258e-08,0.999903746752745,0.999999999992432
"Csnk1e",5.52192606090044e-11,-0.235206066735475,1.4482227226686e-08,0.999903980876093,0.999999999992432
"Sgtb",5.51256237082954e-11,-0.235657052124044,1.44331530053514e-08,0.999904143698503,0.999999999992432
"Dennd5a",5.50460988848532e-11,-0.236040641044237,1.43915401960151e-08,0.999904281981844,0.999999999992432
"Mrps17",5.50316793288572e-11,-0.236110250318016,1.43840013351834e-08,0.99990430705558,0.999999999992432
"Dtymk",5.49726862261221e-11,-0.23639521544977,1.43531790139684e-08,0.999904409636925,0.999999999992432
"Flrt1",5.49331171661154e-11,-0.236586515906989,1.4332523759883e-08,0.999904478442381,0.999999999992432
"Aprt",5.48898438413992e-11,-0.236795874903427,1.43099518870153e-08,0.999904553689074,0.999999999992432
"Med24",5.48478502297584e-11,-0.236999192527755,1.42880645340945e-08,0.999904626710511,0.999999999992432
"Cnep1r1",5.47658367405482e-11,-0.237396698456827,1.42453668560563e-08,0.999904769321319,0.999999999992432
"Sart3",5.46760601445229e-11,-0.237832479719527,1.41987008181453e-08,0.999904925431161,0.999999999992432
"Tmem70",5.4661257767328e-11,-0.237904396661502,1.41910138679701e-08,0.999904951170572,0.999999999992432
"Ccdc28a",5.45099234001176e-11,-0.238640713817476,1.41125445717735e-08,0.999905214321385,0.999999999992432
"Arhgap28",5.44714750438557e-11,-0.238828093588677,1.40926431393079e-08,0.999905281178083,0.999999999992432
"Lamp2",5.44163664453545e-11,-0.239096887006975,1.40641426091803e-08,0.99990537700478,0.999999999992432
"Abhd6",5.42797108186251e-11,-0.2397645451701,1.39935928440185e-08,0.999905614631169,0.999999999992432
"Slc25a22",5.4153765880104e-11,-0.240381289611626,1.39287296568632e-08,0.999905833633062,0.999999999992432
"Eaf1",5.4131579426149e-11,-0.240490076417955,1.39173189706246e-08,0.999905872212424,0.999999999992432
"Cnpy3",5.40668454584024e-11,-0.240807728637608,1.3884052452397e-08,0.999905984776388,0.999999999992432
"Ngrn",5.40474901764923e-11,-0.240902775958479,1.38741135833551e-08,0.99990601843271,0.999999999992432
"Ap1s1",5.40308896147854e-11,-0.240984321531527,1.38655920883853e-08,0.999906047298931,0.999999999992432
"Herpud2",5.39056416354003e-11,-0.241600335177374,1.3801383463603e-08,0.999906265088902,0.999999999992432
"Eif3d",5.38424929210964e-11,-0.241911438541333,1.37690666557629e-08,0.999906374896316,0.999999999992432
"Gpatch11",5.38358509439989e-11,-0.241944180513235,1.37656697779597e-08,0.999906386445852,0.999999999992432
"Nrp2",5.37760445343215e-11,-0.242239172282415,1.37351021178487e-08,0.999906490441432,0.999999999992432
"Sertad2",5.37734284061124e-11,-0.24225208330176,1.37337657639246e-08,0.999906494990539,0.999999999992432
"Eid2",5.37279455220762e-11,-0.242476644168307,1.37105428777726e-08,0.999906574079368,0.999999999992432
"Csnk2b",5.36997028475957e-11,-0.24261617652185,1.36961324765607e-08,0.999906623189711,0.999999999992432
"Abtb1",5.36012810704804e-11,-0.243102972661956,1.36459734511147e-08,0.999906794332401,0.999999999992432
"Med27",5.35924924302727e-11,-0.243146482745085,1.36414989416802e-08,0.999906809614704,0.999999999992432
"Marcks",5.358842595992e-11,-0.243166616988546,1.36394288514893e-08,0.999906816685768,0.999999999992432
"Cept1",5.3572211954911e-11,-0.243246911540963,1.363117646088e-08,0.999906844879818,0.999999999992432
"Ust",5.35534140105563e-11,-0.243340031109296,1.36216120568137e-08,0.999906877567002,0.999999999992432
"Dmwd",5.3512609908822e-11,-0.243542269701004,1.36008624591802e-08,0.999906948520036,0.999999999992432
"Plcxd2",5.34942208109413e-11,-0.243633460027814,1.35915164520277e-08,0.999906980496289,0.999999999992432
"2510009E07Rik",5.34856415192257e-11,-0.243676014358851,1.35871572434159e-08,0.999906995414563,0.999999999992432
"Serpina3g",5.34305205512944e-11,-0.243949575829618,1.35591665034939e-08,0.999907091262769,0.999999999992432
"BC029722",5.34142932558923e-11,-0.244030161831239,1.35509316899182e-08,0.999907119479928,0.999999999992432
"Arhgap27",5.34103901278476e-11,-0.244049548536092,1.35489513552234e-08,0.999907126266961,0.999999999992432
"Coro2a",5.33911265866967e-11,-0.244145249609407,1.35391797091544e-08,0.999907159763757,0.999999999992432
"Rassf3",5.32695352841391e-11,-0.244750071949673,1.34775825095424e-08,0.999907371195243,0.999999999992432
"Sytl3",5.32394685522184e-11,-0.244899832834803,1.34623725964945e-08,0.999907423477385,0.999999999992432
"Eif1a",5.31646178383512e-11,-0.245273009748519,1.34245450270808e-08,0.999907553633057,0.999999999992432
"Alcam",5.31603940041727e-11,-0.24529408303755,1.34224119994416e-08,0.999907560977756,0.999999999992432
"Dpp3",5.3132911032282e-11,-0.245431238216752,1.34085372934915e-08,0.999907608767075,0.999999999992432
"Tmem87b",5.30595595798086e-11,-0.245797632633705,1.33715411354484e-08,0.999907736315725,0.999999999992432
"E2f1",5.29016981867006e-11,-0.246587793534555,1.32920941873122e-08,0.999908010816188,0.999999999992432
"Samd10",5.28993558683856e-11,-0.246599534652301,1.32909171503753e-08,0.999908014889176,0.999999999992432
"1110046J04Rik",5.28772526913797e-11,-0.246710353484626,1.32798126627841e-08,0.99990805332373,0.999999999992432
"Tmem175",5.28532379517625e-11,-0.246830806218977,1.32677530791769e-08,0.999908095082244,0.999999999992432
"Samd4b",5.28484179288393e-11,-0.246854988674967,1.32653332479455e-08,0.999908103463638,0.999999999992432
"Tvp23a",5.27218034635626e-11,-0.247490975521589,1.32018471052946e-08,0.999908323629751,0.999999999992432
"Snx1",5.2666992113527e-11,-0.247766744084037,1.31744112108387e-08,0.999908418939571,0.999999999992432
"A730017C20Rik",5.26354434048913e-11,-0.247925596573481,1.31586324030304e-08,0.999908473798679,0.999999999992432
"Mfap1b",5.25365147843051e-11,-0.248424304193732,1.31092154348985e-08,0.999908645822703,0.999999999992432
"Papss1",5.25057440500331e-11,-0.248579603991091,1.30938637483218e-08,0.999908699329014,0.999999999992432
"Elovl4",5.24649313904723e-11,-0.248785718791092,1.30735159665441e-08,0.999908770296929,0.999999999992432
"Ndufa5",5.24142860246262e-11,-0.249041703256941,1.30482879368283e-08,0.999908858362644,0.999999999992432
"Cpne4",5.24044975925553e-11,-0.249091205490371,1.30434148244137e-08,0.999908875383456,0.999999999992432
"Sos1",5.23500293286473e-11,-0.249366823896654,1.30163147479649e-08,0.999908970096694,0.999999999992432
"Spsb1",5.22681133374279e-11,-0.249781845684736,1.29756114237337e-08,0.999909112537965,0.999999999992432
"Sec61a1",5.22314990636244e-11,-0.249967549253778,1.29574387308302e-08,0.999909176205432,0.999999999992432
"0610007P14Rik",5.21888959967113e-11,-0.250183783043346,1.29363096609565e-08,0.999909250286633,0.999999999992432
"Tnip1",5.21832363553924e-11,-0.250212521425045,1.2933504048714e-08,0.999909260128015,0.999999999992432
"Ctnnbip1",5.21687986547838e-11,-0.250285846224134,1.29263483320234e-08,0.999909285233301,0.999999999992432
"Gltscr2",5.2086790257596e-11,-0.250702708631591,1.28857403084196e-08,0.999909427835254,0.999999999992432
"Vim",5.20348801951167e-11,-0.250966898519334,1.28600690675475e-08,0.999909518100112,0.999999999992432
"Ppp2r5c",5.20234346907988e-11,-0.251025182693697,1.28544123316172e-08,0.999909538002358,0.999999999992432
"Grn",5.19967411876469e-11,-0.251161161909352,1.28412243801724e-08,0.999909584418893,0.999999999992432
"Ppid",5.19955888528726e-11,-0.251167033504101,1.28406552204484e-08,0.999909586422654,0.999999999992432
"Map3k5",5.19728596802879e-11,-0.251282872768668,1.2829431434575e-08,0.999909625945734,0.999999999992432
"Snx4",5.18573180275064e-11,-0.251872476114526,1.27724522334295e-08,0.999909826857664,0.999999999992432
"H2afy",5.17991052921745e-11,-0.25217000574251,1.27437927466432e-08,0.999909928082051,0.999999999992432
"Rab8b",5.17575953025516e-11,-0.252382360458074,1.27233760717694e-08,0.999910000262533,0.999999999992432
"Ppp2r5b",5.17320483027826e-11,-0.252513132952921,1.27108189247648e-08,0.999910044685448,0.999999999992432
"Letmd1",5.16967201084156e-11,-0.252694075501067,1.2693464230087e-08,0.99991010611659,0.999999999992432
"Hnrnpul2",5.16351768365430e-11,-0.253009566125266,1.26632599028717e-08,0.999910213132348,0.999999999992432
"Camsap2",5.15936342154475e-11,-0.253222728979119,1.26428918739526e-08,0.999910285369571,0.999999999992432
"Coq8a",5.15262342609455e-11,-0.253568917683707,1.26098810672997e-08,0.99991040256934,0.999999999992432
"Aatk",5.15139353008385e-11,-0.253632135662638,1.26038620008125e-08,0.999910423955634,0.999999999992432
"Gsto1",5.1477725468145e-11,-0.253818341381586,1.25861493825639e-08,0.999910486919831,0.999999999992432
"Dgcr6",5.1477530167377e-11,-0.253819346035052,1.25860538818418e-08,0.999910487259434,0.999999999992432
"Tspyl2",5.13970273067013e-11,-0.25423377225876,1.25467193961088e-08,0.999910627243455,0.999999999992432
"Ipo5",5.139059852987e-11,-0.254266893984216,1.2543580887184e-08,0.999910638422263,0.999999999992432
"Gnaz",5.12059792999803e-11,-0.255219754855848,1.2453617874017e-08,0.999910959451129,0.999999999992432
"Ube2d1",5.10618406550249e-11,-0.255965957766254,1.23836056915104e-08,0.999911210089515,0.999999999992432
"Tmem50b",5.09936230122141e-11,-0.256319817023724,1.23505392734683e-08,0.999911328711138,0.999999999992432
"Ebp",5.09679746609941e-11,-0.256452976745979,1.23381184534947e-08,0.99991137331029,0.999999999992432
"Gpr173",5.09631033656644e-11,-0.256478274466352,1.23357601197752e-08,0.99991138178084,0.999999999992432
"Cops3",5.09596234157751e-11,-0.256496348026975,1.23340755143021e-08,0.999911387832021,0.999999999992432
"Ntmt1",5.08148653288037e-11,-0.257249208166538,1.22641016356321e-08,0.999911639547536,0.999999999992432
"Kdm4a",5.07753945134042e-11,-0.257454842104267,1.22450565753122e-08,0.999911708182158,0.999999999992432
"Cptp",5.0761468304557e-11,-0.257527430714604,1.22383405731411e-08,0.999911732398027,0.999999999992432
"Dusp26",5.06463592809146e-11,-0.258128147462019,1.21828990654029e-08,0.999911932557671,0.999999999992432
"Rprm",5.0612884281295e-11,-0.258303086091864,1.21667996746055e-08,0.999911990766349,0.999999999992432
"Fndc10",5.05861823248547e-11,-0.258442707967571,1.21539653277236e-08,0.999912037197584,0.999999999992432
"Lgals1",5.05109703031241e-11,-0.258836360812636,1.21178509305517e-08,0.999912167981522,0.999999999992432
"Fam220a",5.0383582933738e-11,-0.259504366621768,1.20568061869438e-08,0.999912389491616,0.999999999992432
"Asb13",5.03463189095419e-11,-0.259700078523739,1.20389781983714e-08,0.999912454288915,0.999999999992432
"1810058I24Rik",5.03228223972349e-11,-0.259823553743336,1.20277436931603e-08,0.999912495146298,0.999999999992432
"Oraov1",5.0147509814497e-11,-0.260746561710764,1.19440861493967e-08,0.999912799992114,0.999999999992432
"Idh3g",5.00521667624333e-11,-0.261249823560276,1.18987118896342e-08,0.999912965781301,0.999999999992432
"Atp6v1h",5.00018019506339e-11,-0.26151603851921,1.18747778658397e-08,0.999913053359168,0.999999999992432
"Plp1",4.99977610670467e-11,-0.261537408588992,1.18728586287652e-08,0.99991306038574,0.999999999992432
"Dnajb2",4.99561860773685e-11,-0.261757371779258,1.18531213951266e-08,0.999913132679248,0.999999999992432
"Ift80",4.97764549636033e-11,-0.262710290780986,1.17679850957988e-08,0.999913445208316,0.999999999992432
"AU040320",4.9722572290434e-11,-0.262996608989782,1.17425213581372e-08,0.999913538903287,0.999999999992432
"Spcs1",4.9603272147315e-11,-0.263631588419566,1.16862409272519e-08,0.999913746350744,0.999999999992432
"Mllt11",4.95989811446854e-11,-0.263654454458831,1.16842191444373e-08,0.99991375381224,0.999999999992432
"B4galt6",4.9571996869178e-11,-0.263798292255886,1.16715090276343e-08,0.999913800734391,0.999999999992432
"Parl",4.95240841397169e-11,-0.264053871092333,1.16489582472832e-08,0.999913884048406,0.999999999992432
"Pgrmc1",4.94662650683846e-11,-0.264362605847279,1.16217739474709e-08,0.999913984588263,0.999999999992432
"Becn1",4.93184559288683e-11,-0.265153418906585,1.15524241416479e-08,0.999914241609163,0.999999999992432
"Pgd",4.91899309276406e-11,-0.265842889534397,1.14922908458999e-08,0.99991446509745,0.999999999992432
"Paqr8",4.90631812618274e-11,-0.266524514456843,1.14331418574706e-08,0.999914685498659,0.999999999992432
"Tm2d2",4.90601216432505e-11,-0.266540988914447,1.14317159424933e-08,0.999914690818939,0.999999999992432
"Xiap",4.90373954137952e-11,-0.266663388419223,1.14211273170658e-08,0.999914730336901,0.999999999992432
"Gm42372",4.90039794329569e-11,-0.26684345896207,1.14055670233986e-08,0.999914788442952,0.999999999992432
"Ncl",4.8783335739267e-11,-0.268035389968019,1.13030895935487e-08,0.999915172113683,0.999999999992432
"Mrpl11",4.87248297290936e-11,-0.268352302084513,1.12759941882866e-08,0.999915273848037,0.999999999992432
"Sgcb",4.87007431800045e-11,-0.268482877826395,1.12648486323979e-08,0.999915315731418,0.999999999992432
"Yipf3",4.86993466115894e-11,-0.268490450653681,1.12642025680793e-08,0.99991531815987,0.999999999992432
"Nop16",4.86694525356658e-11,-0.268652599379834,1.125037775939e-08,0.999915370141786,0.999999999992432
"Cpped1",4.85531434286762e-11,-0.269284374103684,1.11966702370878e-08,0.999915572388219,0.999999999992432
"Filip1",4.84735271990749e-11,-0.269717667695693,1.11599803040496e-08,0.999915710830504,0.999999999992432
"Egfl7",4.84462092518705e-11,-0.269866495329422,1.11474051165576e-08,0.999915758332867,0.999999999992432
"Ptrhd1",4.83859582238625e-11,-0.270195023746465,1.11196950035126e-08,0.99991586310158,0.999999999992432
"Rab30",4.83235402708818e-11,-0.270535777755274,1.10910246639916e-08,0.999915971638295,0.999999999992432
"Keap1",4.83056647695186e-11,-0.270633441259414,1.10828207552398e-08,0.999916002721471,0.999999999992432
"Rhox8",4.82810641658657e-11,-0.270767903774583,1.1071535343585e-08,0.999916045498726,0.999999999992432
"Btbd6",4.81193817720435e-11,-0.271653253828909,1.09975073537606e-08,0.999916326643413,0.999999999992432
"Larp4b",4.80809581981774e-11,-0.271864071474177,1.09799512335024e-08,0.999916393457019,0.999999999992432
"Strbp",4.80288219109629e-11,-0.272150382366924,1.09561520604348e-08,0.999916484115252,0.999999999992432
"Pip4k2c",4.78003297776449e-11,-0.273408658981985,1.08521545173746e-08,0.999916881433401,0.999999999992432
"Mgat2",4.77898635314254e-11,-0.273466432005131,1.0847402713905e-08,0.999916899632844,0.999999999992432
"Mbnl2",4.76701472069964e-11,-0.274128114992598,1.07931240640299e-08,0.999917107803986,0.999999999992432
"Copa",4.76374891338945e-11,-0.2743088931735,1.07783407283302e-08,0.999917164592134,0.999999999992432
"Ndel1",4.73053272782958e-11,-0.276154287002999,1.0628556511941e-08,0.999917742178468,0.999999999992432
"Ythdf2",4.72327403127193e-11,-0.276559197385655,1.05959638715059e-08,0.999917868397775,0.999999999992432
"Adar",4.71489581073897e-11,-0.277027293499676,1.0558406623745e-08,0.99991801408415,0.999999999992432
"C77080",4.7053423674225e-11,-0.27756201516362,1.05156625414097e-08,0.999918180206124,0.999999999992432
"Mcfd2",4.69507876771763e-11,-0.278137635825896,1.04698376759099e-08,0.999918358676795,0.999999999992432
"Psmd4",4.69169335787541e-11,-0.27832776432998,1.04547444625766e-08,0.999918417544676,0.999999999992432
"Copb2",4.68869905382541e-11,-0.278496036526131,1.04414039938987e-08,0.999918469611735,0.999999999992432
"Nrxn2",4.68577439508023e-11,-0.278660493413783,1.04283820366408e-08,0.999918520467753,0.999999999992432
"Gstm1",4.68336625946714e-11,-0.278795978833173,1.04176659829145e-08,0.999918562342104,0.999999999992432
"Blmh",4.6746565137317e-11,-0.279286555689602,1.03789541479511e-08,0.999918713793272,0.999999999992432
"Ddit4",4.67326749572968e-11,-0.279364872464549,1.03727871013421e-08,0.999918737946491,0.999999999992432
"Nsdhl",4.67316052985478e-11,-0.279370904420953,1.03723122637469e-08,0.999918739806489,0.999999999992432
"Plekhn1",4.66868143578965e-11,-0.279623604653687,1.03524386482838e-08,0.999918817692118,0.999999999992432
"Maf1",4.65955611061649e-11,-0.280139147953372,1.03120087983618e-08,0.999918976369673,0.999999999992432
"Rhoc",4.65270258588384e-11,-0.280526974939866,1.02816961975892e-08,0.999919095543569,0.999999999992432
"Herc3",4.64460810446142e-11,-0.280985724720707,1.02459524110482e-08,0.99991923629609,0.999999999992432
"Srd5a3",4.63719735442451e-11,-0.281406390893104,1.02132824354893e-08,0.999919365159409,0.999999999992432
"Fam111a",4.63096861266469e-11,-0.281760455422072,1.01858636438725e-08,0.99991947346914,0.999999999992432
"Zfp365",4.62083842070358e-11,-0.282337260009624,1.01413494590977e-08,0.999919649620024,0.999999999992432
"Nfx1",4.61991420265239e-11,-0.28238994398677,1.01372931039312e-08,0.999919665690975,0.999999999992432
"Rab39",4.61687876897359e-11,-0.282563045827516,1.01239764184906e-08,0.999919718473225,0.999999999992432
"Crebbp",4.60262308407929e-11,-0.283377454437424,1.00615526869401e-08,0.999919966361074,0.999999999992432
"Tomm40",4.59744666339417e-11,-0.283673769704653,1.00389336105705e-08,0.999920056372308,0.999999999992432
"Zrsr2",4.59710171776019e-11,-0.28369352678396,1.00374272281533e-08,0.999920062370464,0.999999999992432
"Csnk2a1",4.57157905696412e-11,-0.285159281801618,9.9262829821659e-09,0.999920506176393,0.999999999992432
"Ivd",4.56816721078887e-11,-0.285355811357082,9.91147220782798e-09,0.999920565503968,0.999999999992432
"Cby1",4.56545546866341e-11,-0.285512112917841,9.89970846186937e-09,0.999920612657642,0.999999999992432
"Tmem33",4.56331754792617e-11,-0.285635402288513,9.89043892168323e-09,0.999920649833307,0.999999999992432
"Svip",4.56227907474406e-11,-0.285695308643017,9.88593790381974e-09,0.999920667891007,0.999999999992432
"Ddi2",4.56098428900500e-11,-0.285770019034544,9.88032739431532e-09,0.99992069040565,0.999999999992432
"Manf",4.55430763086385e-11,-0.286155588775845,9.85142166677852e-09,0.999920806504065,0.999999999992432
"Camkk1",4.54637071812018e-11,-0.286614636016013,9.81711491865425e-09,0.999920944516671,0.999999999992432
"Mrps18a",4.54373483992098e-11,-0.286767255715398,9.80573475656797e-09,0.99992099035117,0.999999999992432
"Gbf1",4.53990199831789e-11,-0.286989330796822,9.78919859077682e-09,0.999921056999308,0.999999999992432
"Icmt",4.52578966841005e-11,-0.287808538098386,9.72843354242604e-09,0.9999213023944,0.999999999992432
"Ssbp1",4.5254003736678e-11,-0.287831170663074,9.72675999353273e-09,0.99992130916373,0.999999999992432
"Mapkap1",4.52418079670799e-11,-0.287902085610474,9.72151805560448e-09,0.99992133037059,0.999999999992432
"Aktip",4.5129211212836e-11,-0.288557662983893,9.67318889693902e-09,0.999921526161724,0.999999999992432
"Miga1",4.51213650662931e-11,-0.288603403862255,9.66982563585605e-09,0.999921539805154,0.999999999992432
"Gm6498",4.50643652506144e-11,-0.288935924130697,9.64541014494326e-09,0.999921638920432,0.999999999992432
"Smarce1",4.49913629895936e-11,-0.289362382012438,9.61418518881295e-09,0.999921765861884,0.999999999992432
"Ube2b",4.48980052276996e-11,-0.289908709618238,9.57432742376667e-09,0.999921928198909,0.999999999992432
"Tmem135",4.48228697041703e-11,-0.290349185391111,9.54230951225845e-09,0.999922058849827,0.999999999992432
"Rps28",4.45674768048492e-11,-0.291851667064476,9.43387847250373e-09,0.999922502944915,0.999999999992432
"Eif3k",4.45340123385406e-11,-0.292049144963344,9.41971652276341e-09,0.999922561135277,0.999999999992432
"Nubp2",4.4422767429749e-11,-0.292706629446932,9.37271484286192e-09,0.999922754575727,0.999999999992432
"Hcn1",4.44080379802003e-11,-0.292793801309369,9.366500369939e-09,0.999922780188327,0.999999999992432
"Psmb3",4.4407050674913e-11,-0.292799645363995,9.36608389161841e-09,0.999922781905123,0.999999999992432
"Sprn",4.43677133727842e-11,-0.293032591095782,9.34949763879039e-09,0.999922850307583,0.999999999992432
"Chpf",4.42728397696001e-11,-0.293595217216398,9.30955543386758e-09,0.999923015280459,0.999999999992432
"Slc24a3",4.42717955804955e-11,-0.29360141591,9.3091163013535e-09,0.999923017096169,0.999999999992432
"Slc35e3",4.41240059525354e-11,-0.294480153877749,9.24706801708106e-09,0.99992327408314,0.999999999992432
"Gnai1",4.4108089357688e-11,-0.294574958602019,9.24039793869828e-09,0.999923301760032,0.999999999992432
"Atcay",4.40615651627111e-11,-0.294852259185683,9.22091510204741e-09,0.999923382659566,0.999999999992432
"Tbl1xr1",4.4011388179875e-11,-0.295151643603506,9.19992564104488e-09,0.999923469910823,0.999999999992432
"Asns",4.38270738451398e-11,-0.296254157814426,9.12303065557588e-09,0.999923790409517,0.999999999992432
"Thoc3",4.37903954978776e-11,-0.296474082275425,9.10776713746345e-09,0.9999238541884,0.999999999992432
"Dhx36",4.36715657012145e-11,-0.297187793022995,9.05840445539711e-09,0.999924060817986,0.999999999992432
"Rimkla",4.3570813315315e-11,-0.29779437461259,9.016656325859e-09,0.999924236013302,0.999999999992432
"Hadh",4.35404383264851e-11,-0.297977509211181,9.00408895115996e-09,0.999924288831463,0.999999999992432
"Dnal1",4.3496573307342e-11,-0.298242191185086,8.98595566656548e-09,0.999924365107035,0.999999999992432
"Smarca5",4.34751869827523e-11,-0.298371328448513,8.97712143869444e-09,0.999924402295076,0.999999999992432
"Jmy",4.34055269509007e-11,-0.298792376133795,8.94837651018737e-09,0.999924523424826,0.999999999992432
"Tmem63b",4.3272909837704e-11,-0.299595734013011,8.89378000754244e-09,0.999924754028765,0.999999999992432
"Nmnat2",4.32633883566447e-11,-0.299653502469895,8.8898665826408e-09,0.999924770585384,0.999999999992432
"Prkag2",4.31546648315679e-11,-0.300314004425445,8.8452411760289e-09,0.999924959641476,0.999999999992432
"Ptbp3",4.31478398114097e-11,-0.300355519546202,8.84244360242637e-09,0.9999249715093,0.999999999992432
"Pin4",4.31012621762332e-11,-0.300639007888105,8.82336325844293e-09,0.999925052501759,0.999999999992432
"Golga4",4.30643789388671e-11,-0.300863699159761,8.80826880680201e-09,0.999925116636919,0.999999999992432
"Me2",4.30530896944228e-11,-0.300932509346403,8.80365127053153e-09,0.999925136267449,0.999999999992432
"Casd1",4.29468808676937e-11,-0.301580713706705,8.76026891821993e-09,0.999925320950808,0.999999999992432
"Pianp",4.29184362756407e-11,-0.301754572764055,8.74866855277416e-09,0.999925370412259,0.999999999992432
"Gamt",4.28739057038792e-11,-0.302026972496994,8.73052338542524e-09,0.999925447845141,0.999999999992432
"Spg20",4.2769918000607e-11,-0.302664127895409,8.68822417914492e-09,0.999925628666254,0.999999999992432
"Nhp2",4.27536544305541e-11,-0.302763911398499,8.68161791550397e-09,0.99992565694649,0.999999999992432
"Lims1",4.26020658672567e-11,-0.303695706055997,8.62016347747803e-09,0.999925920539317,0.999999999992432
"Fkbp14",4.25566500309443e-11,-0.303975484345868,8.60179426223146e-09,0.999925999511559,0.999999999992432
"Pgrmc2",4.25546093478232e-11,-0.303988062363538,8.6009693328498e-09,0.999926003060042,0.999999999992432
"Pop5",4.25422393685194e-11,-0.304064318616672,8.59596971702738e-09,0.99992602456983,0.999999999992432
"Abcf2",4.24941122653445e-11,-0.304361204570859,8.57653185370746e-09,0.999926108256613,0.999999999992432
"Dcaf15",4.23907808564891e-11,-0.304999714859481,8.53487207679113e-09,0.999926287936515,0.999999999992432
"Man2a2",4.23560834988334e-11,-0.305214450024175,8.52090600648154e-09,0.999926348270714,0.999999999992432
"Gramd1a",4.23138704448941e-11,-0.305475923794735,8.50393020533344e-09,0.999926421673733,0.999999999992432
"Camta2",4.22859533463022e-11,-0.305648982508811,8.49271276102943e-09,0.999926470217943,0.999999999992432
"B3gnt8",4.22831258212266e-11,-0.305666516452142,8.49157703847651e-09,0.999926475134642,0.999999999992432
"Elavl4",4.22621334507526e-11,-0.305796728401948,8.4831474781003e-09,0.999926511637648,0.999999999992432
"Kdelr2",4.22503548573317e-11,-0.305869815838454,8.47841957569852e-09,0.999926532119092,0.999999999992432
"Fitm2",4.22470855506852e-11,-0.305890105668927,8.47710751660966e-09,0.999926537803992,0.999999999992432
"Def8",4.22204760024201e-11,-0.306055304201406,8.46643217842629e-09,0.999926584074541,0.999999999992432
"Cab39l",4.21839144682224e-11,-0.306282448459626,8.45177522754674e-09,0.999926647650301,0.999999999992432
"Ube2r2",4.21461723978202e-11,-0.306517123240228,8.43665833760595e-09,0.999926713278861,0.999999999992432
"Mrpl33",4.20630619893048e-11,-0.307034596457547,8.40341770203968e-09,0.999926857797069,0.999999999992432
"St3gal2",4.20281293449745e-11,-0.307252388765484,8.38946571222839e-09,0.999926918540401,0.999999999992432
"Mxra7",4.19454656624773e-11,-0.307768452416729,8.3564962640973e-09,0.999927062281811,0.999999999992432
"Abr",4.18405490865686e-11,-0.308424832378555,8.31474498113498e-09,0.999927244718113,0.999999999992432
"Trp53inp2",4.18387850199698e-11,-0.308435882106807,8.31404386917493e-09,0.999927247785595,0.999999999992432
"Fam89a",4.17871389289982e-11,-0.308759578258027,8.29353070914403e-09,0.999927337591441,0.999999999992432
"0610012G03Rik",4.17210746484073e-11,-0.309174196056265,8.26732776527847e-09,0.999927452468646,0.999999999992432
"Zyx",4.15255791265091e-11,-0.31040478474684,8.19003162964358e-09,0.999927792409973,0.999999999992432
"Trim8",4.14654377811998e-11,-0.31078446448632,8.16632562266645e-09,0.999927896987963,0.999999999992432
"Greb1",4.14090570612612e-11,-0.311140878313958,8.14413314995787e-09,0.999927995026714,0.999999999992432
"Gpkow",4.13507802775427e-11,-0.311509763045389,8.12122608820201e-09,0.999928096362473,0.999999999992432
"Rpl39",4.12274455179126e-11,-0.312292087953355,8.07285284312804e-09,0.999928310825604,0.999999999992432
"Aco2",4.12061498263527e-11,-0.312427393726171,8.06451506809216e-09,0.999928347856047,0.999999999992432
"BC037034",4.12027700675718e-11,-0.312448873701934,8.06319220740527e-09,0.999928353733008,0.999999999992432
"Denr",4.11836916240986e-11,-0.312570157691609,8.05572680926817e-09,0.999928386907944,0.999999999992432
"Palmd",4.115414696358e-11,-0.312758082062919,8.04417280165019e-09,0.999928438282272,0.999999999992432
"Rab27a",4.11510996703577e-11,-0.312777472235145,8.04298157075248e-09,0.99992844358112,0.999999999992432
"Tmem246",4.11346922444573e-11,-0.312881897456986,8.03656918725479e-09,0.999928472111503,0.999999999992432
"Gdf11",4.11276813874790e-11,-0.312926530190687,8.0338299696932e-09,0.999928484302472,0.999999999992432
"2310011J03Rik",4.10356224669993e-11,-0.313513270025681,7.9979048722116e-09,0.999928644380981,0.999999999992432
"Fam188a",4.10085515030636e-11,-0.313686045411558,7.9873560092571e-09,0.999928691453872,0.999999999992432
"Rabl2",4.06499468453482e-11,-0.315985053958609,7.84827382633268e-09,0.999929315020806,0.999999999992432
"Hipk3",4.06250952039031e-11,-0.31614509045698,7.83868056081066e-09,0.999929358234583,0.999999999992432
"Wdr45b",4.05919593853103e-11,-0.316358619094359,7.82589855171096e-09,0.999929415853469,0.999999999992432
"Pfkfb3",4.05712100044e-11,-0.316492413318623,7.81789987167919e-09,0.999929451933948,0.999999999992432
"Tmbim6",4.05664486853195e-11,-0.316523123981738,7.81606500741941e-09,0.999929460213263,0.999999999992432
"Armc8",4.05370964051728e-11,-0.316712522798239,7.80475830753361e-09,0.999929511253067,0.999999999992432
"Taldo1",4.04742090363264e-11,-0.317118749416261,7.78056121204803e-09,0.999929620606035,0.999999999992432
"Actn4",4.04473657892818e-11,-0.317292328403484,7.77024420903306e-09,0.999929667282956,0.999999999992432
"Taf5l",4.03757383702419e-11,-0.317756035591512,7.74274824114979e-09,0.999929791833737,0.999999999992432
"Sars",4.03757339165307e-11,-0.317756064448584,7.7427465329971e-09,0.999929791841481,0.999999999992432
"Gnpat",4.03672530824602e-11,-0.317811020072824,7.73949418086188e-09,0.99992980658855,0.999999999992432
"Kpna4",4.03340058312768e-11,-0.318026567384472,7.72675063643765e-09,0.999929864401203,0.999999999992432
"Stam2",4.01480955013214e-11,-0.319234973665071,7.65568543167078e-09,0.999930187675125,0.999999999992432
"Sec22b",4.0055850352591e-11,-0.319836536181713,7.62054610352519e-09,0.999930348077461,0.999999999992432
"Rhov",3.99619120506033e-11,-0.320450494319993,7.58484486427283e-09,0.99993051142397,0.999999999992432
"Rptor",3.99511844391515e-11,-0.320520694609087,7.580773169847e-09,0.999930530077893,0.999999999992432
"Colgalt2",3.99069848128407e-11,-0.320810121024324,7.56400861096765e-09,0.999930606935304,0.999999999992432
"Atg4b",3.98923674450334e-11,-0.320905904959335,7.55846844564993e-09,0.999930632353008,0.999999999992432
"Supt4a",3.98816327466959e-11,-0.320976267972962,7.55440115322808e-09,0.999930651019254,0.999999999992432
"Exoc8",3.98751414899872e-11,-0.321018825116028,7.55194219841418e-09,0.999930662306707,0.999999999992432
"Scml4",3.9683573648779e-11,-0.322277729765178,7.47955453656189e-09,0.999930995418307,0.999999999992432
"Ppp1r11",3.96642918939254e-11,-0.322404761096159,7.47228785734744e-09,0.999931028946775,0.999999999992432
"Htr1d",3.9635765256932e-11,-0.322592806847052,7.46154355405762e-09,0.999931078550892,0.999999999992432
"Rbm15b",3.96134731125287e-11,-0.322739844736006,7.4531527973682e-09,0.999931117314037,0.999999999992432
"Tmem167",3.95410300341643e-11,-0.323218219080437,7.42591783954669e-09,0.999931243283143,0.999999999992432
"Arfrp1",3.94918486420257e-11,-0.323543460720445,7.40745651735523e-09,0.999931328803198,0.999999999992432
"Tpgs1",3.94718264912826e-11,-0.323675979495962,7.39994734170914e-09,0.999931363619118,0.999999999992432
"Scx",3.94169345120969e-11,-0.324039615787569,7.37937999787957e-09,0.999931459069142,0.999999999992432
"Ddx1",3.93902307138141e-11,-0.324216691197101,7.36938476476107e-09,0.999931505503579,0.999999999992432
"Nus1",3.93761785022752e-11,-0.324309918538224,7.36412774136955e-09,0.999931529938551,0.999999999992432
"Six4",3.93737284924074e-11,-0.324326176005633,7.3632113688305e-09,0.9999315341988,0.999999999992432
"Ubap1",3.93728978392378e-11,-0.324331688167624,7.36290069414564e-09,0.999931535643198,0.999999999992432
"Ech1",3.92937868123384e-11,-0.324857170882244,7.33334221719635e-09,0.999931673207,0.999999999992432
"Nrg1",3.92290352103321e-11,-0.325288021824642,7.3091931366502e-09,0.999931785801628,0.999999999992432
"0610009B22Rik",3.9216146991054e-11,-0.32537385940738,7.3043912337306e-09,0.999931808212568,0.999999999992432
"Paip1",3.92057123765765e-11,-0.325443375226856,7.30050465270360e-09,0.999931826357008,0.999999999992432
"Stat1",3.91877514248419e-11,-0.325563072979994,7.29381715904816e-09,0.99993185758877,0.999999999992432
"Trim46",3.91532400902835e-11,-0.32579321433273,7.28097597706415e-09,0.9999319175995,0.999999999992432
"Arf4",3.91228056954323e-11,-0.32599632827271,7.26966115490059e-09,0.99993197052096,0.999999999992432
"Gabrb3",3.90566666033226e-11,-0.326438247273059,7.2451024677441e-09,0.999932085528253,0.999999999992432
"Ccni",3.90328885392836e-11,-0.326597297988087,7.236283380799e-09,0.999932126875219,0.999999999992432
"Ube2ql1",3.89363384920233e-11,-0.327244065233925,7.20052894720387e-09,0.999932294763214,0.999999999992432
"Bpnt1",3.89234805551786e-11,-0.327330312617635,7.1957740748635e-09,0.999932317121496,0.999999999992432
"Enc1",3.87201154722602e-11,-0.328698039070492,7.12077840086509e-09,0.999932670746968,0.999999999992432
"Hapln4",3.86703664676729e-11,-0.329033663453153,7.1024920886806e-09,0.999932757254027,0.999999999992432
"Zfp804a",3.85986472679116e-11,-0.329518229123654,7.07617153704657e-09,0.999932881964402,0.999999999992432
"Lars2",3.85492447329932e-11,-0.329852511581591,7.05806949869219e-09,0.999932967868995,0.999999999992432
"Lamtor4",3.85481331046149e-11,-0.329860038100249,7.05766244339034e-09,0.999932969801973,0.999999999992432
"Hpca",3.85357522009479e-11,-0.32994387960647,7.05312960616161e-09,0.999932991330756,0.999999999992432
"Coprs",3.84823340602215e-11,-0.330305912363392,7.03358910607681e-09,0.999933084217967,0.999999999992432
"Wbp4",3.84234290576641e-11,-0.330705685314908,7.01207292214544e-09,0.999933186646117,0.999999999992432
"Hbp1",3.83113648126859e-11,-0.331467846246626,6.97123030311807e-09,0.999933381511287,0.999999999992432
"Crcp",3.81905517695787e-11,-0.332291884616365,6.92733274905512e-09,0.999933591589481,0.999999999992432
"Dpagt1",3.80519046853773e-11,-0.333240622078794,6.87712603434578e-09,0.999933832678757,0.999999999992432
"Dnm2",3.8041185240337e-11,-0.333314110041068,6.87325192651145e-09,0.99993385131848,0.999999999992432
"Arrb2",3.80129961667473e-11,-0.333507456280137,6.86306934060515e-09,0.999933900335618,0.999999999992432
"Npat",3.79666590201488e-11,-0.333825574622883,6.84634762672105e-09,0.999933980909899,0.999999999992432
"Dusp8",3.7875981980561e-11,-0.334449168061702,6.81368395789722e-09,0.999934138585497,0.999999999992432
"Pigm",3.77977001237898e-11,-0.334988660520098,6.78554809963571e-09,0.99993427470748,0.999999999992432
"Pofut2",3.77619509773337e-11,-0.335235384843648,6.77271859747990e-09,0.999934336870604,0.999999999992432
"Apoa1bp",3.77554855883014e-11,-0.335280029705154,6.77039962238374e-09,0.999934348113076,0.999999999992432
"Cyc1",3.77531875360195e-11,-0.335295899985556,6.76957546353345e-09,0.99993435210909,0.999999999992432
"Cib2",3.76868647096755e-11,-0.335754319312969,6.74581148294406e-09,0.999934467435873,0.999999999992432
"Arhgap22",3.76569244403614e-11,-0.33596151575011,6.73509734229247e-09,0.999934519498114,0.999999999992432
"Bri3",3.76369327907887e-11,-0.336099951641373,6.7279480614131e-09,0.999934554260996,0.999999999992432
"Herc2",3.75930994336053e-11,-0.336403728513461,6.71228595518095e-09,0.999934630481513,0.999999999992432
"Wdr82",3.75803916170683e-11,-0.336491859991147,6.70774873517137e-09,0.999934652578755,0.999999999992432
"Trim35",3.75505297341155e-11,-0.336699070135789,6.69709283638632e-09,0.999934704504692,0.999999999992432
"Bcl7b",3.75373016539226e-11,-0.336790909170436,6.69237524237102e-09,0.999934727506606,0.999999999992432
"Runx1t1",3.73460718253135e-11,-0.338122012869428,6.62436172740637e-09,0.999935060030446,0.999999999992432
"Slc25a38",3.73374749023273e-11,-0.33818200590031,6.62131227293449e-09,0.999935074979379,0.999999999992432
"Ephb6",3.73149278788894e-11,-0.338339411098826,6.61331784871754e-09,0.999935114185725,0.999999999992432
"2610507B11Rik",3.72568825329013e-11,-0.33874505313449,6.59275911913659e-09,0.999935215119044,0.999999999992432
"Ext1",3.72167452655009e-11,-0.33902589823265,6.57856186047614e-09,0.99993528491254,0.999999999992432
"Bcl11b",3.70615623672416e-11,-0.340114444463845,6.52381489627471e-09,0.999935554755449,0.999999999992432
"Rfng",3.70565527339571e-11,-0.340149657143542,6.52205135964316e-09,0.999935563466551,0.999999999992432
"Sh3bgrl",3.70097598240503e-11,-0.340478782765077,6.50559040720395e-09,0.999935644833345,0.999999999992432
"Ache",3.69680246391285e-11,-0.340772667735817,6.4909262250772e-09,0.999935717405412,0.999999999992432
"Pqlc1",3.69547074848261e-11,-0.340866508936842,6.48625055752406e-09,0.999935740562214,0.999999999992432
"Slc35c1",3.69484331021752e-11,-0.340910733390558,6.48404819869982e-09,0.999935751472551,0.999999999992432
"Nudt18",3.68562828993304e-11,-0.341561069386156,6.45174581347369e-09,0.999935911709788,0.999999999992432
"Wdfy3",3.68411972507435e-11,-0.341667681155173,6.44646536500549e-09,0.999935937941772,0.999999999992432
"Mfsd6",3.68101441524283e-11,-0.341887267072788,6.43560261506077e-09,0.999935991939078,0.999999999992432
"Trpv1",3.67401965585299e-11,-0.342382533132965,6.41116765396406e-09,0.99993611356886,0.999999999992432
"Lrrc58",3.66375905509849e-11,-0.343110661148333,6.37540814202042e-09,0.999936291987384,0.999999999992432
"Hscb",3.64593750668919e-11,-0.34437995692883,6.31353545647116e-09,0.999936601880969,0.999999999992432
"Mrps34",3.64140809152092e-11,-0.344703492624837,6.29785835824652e-09,0.999936680641617,0.999999999992432
"Shisa5",3.6375587452141e-11,-0.344978751710365,6.28455041598297e-09,0.999936747576751,0.999999999992432
"Cdc16",3.63419784313077e-11,-0.345219309483768,6.27294263043273e-09,0.999936806018474,0.999999999992432
"Htra1",3.63373106688051e-11,-0.345252735873771,6.27133134083016e-09,0.999936814135107,0.999999999992432
"Lap3",3.62913787082254e-11,-0.34558187770937,6.25548688333908e-09,0.999936894004822,0.999999999992432
"Prokr1",3.62376784523271e-11,-0.345967188183791,6.23698812537135e-09,0.999936987382594,0.999999999992432
"Rap1b",3.61908973270337e-11,-0.346303294797787,6.22089520757781e-09,0.999937068728896,0.999999999992432
"Ppm1e",3.61724225538291e-11,-0.346436143504977,6.21454552841161e-09,0.999937100854128,0.999999999992432
"Tsc2",3.6159635748553e-11,-0.346528128826538,6.21015267148868e-09,0.999937123088722,0.999999999992432
"Paqr7",3.61452727640918e-11,-0.3466314896721,6.20522017647757e-09,0.999937148064087,0.999999999992432
"Zdhhc14",3.60850900118984e-11,-0.347065009592472,6.18457369629775e-09,0.999937252714078,0.999999999992432
"Hhatl",3.60794135239365e-11,-0.347105934997147,6.18262807849058e-09,0.999937262584753,0.999999999992432
"Opa3",3.6073247646744e-11,-0.347150395650379,6.18051506919702e-09,0.999937273306413,0.999999999992432
"Zfp687",3.6068135568607e-11,-0.347187263087006,6.17876346437747e-09,0.999937282195653,0.999999999992432
"Epn2",3.60233209769711e-11,-0.347510670946686,6.16341879884325e-09,0.999937360122409,0.999999999992432
"Mrpl55",3.60182763249517e-11,-0.347547099985966,6.16169268780257e-09,0.999937368894403,0.999999999992432
"Camk2n1",3.59892733066524e-11,-0.347756634103545,6.15177351600664e-09,0.999937419326886,0.999999999992432
"Nagk",3.59466784889973e-11,-0.348064653988414,6.13722036818358e-09,0.999937493393743,0.999999999992432
"Smyd3",3.58907218156071e-11,-0.348469826058829,6.11812813726734e-09,0.999937590695132,0.999999999992432
"Plekha2",3.58750056522887e-11,-0.348583731872178,6.11277118461492e-09,0.999937618023499,0.999999999992432
"Papd7",3.57936399505006e-11,-0.349174203952522,6.08507469328091e-09,0.999937759507889,0.999999999992432
"Pdp1",3.57783027410709e-11,-0.349285649113743,6.07986102571127e-09,0.999937786177305,0.999999999992432
"Arfgef2",3.57756261364219e-11,-0.34930510284625,6.07895138079651e-09,0.999937790831573,0.999999999992432
"Nt5m",3.57581407221788e-11,-0.349432221975625,6.07301063179663e-09,0.999937821236437,0.999999999992432
"Atp7a",3.5756400406541e-11,-0.349444877317875,6.07241951056006e-09,0.99993782426262,0.999999999992432
"Mrpl22",3.56821490831849e-11,-0.349985368775145,6.04722586533527e-09,0.99993795337603,0.999999999992432
"Clpx",3.56582233126081e-11,-0.350159757259521,6.03911895276968e-09,0.999937994979838,0.999999999992432
"Rpl41",3.56555973380001e-11,-0.350178904048582,6.03822950917908e-09,0.999937999546067,0.999999999992432
"Col4a3bp",3.55962628357216e-11,-0.350611887632232,6.01814978727376e-09,0.999938102721062,0.999999999992432
"Unc50",3.5569579201611e-11,-0.350806830516512,6.00913053047758e-09,0.999938149120437,0.999999999992432
"Smc6",3.55505075173957e-11,-0.350946247853657,6.00268831113019e-09,0.999938182283619,0.999999999992432
"Gas6",3.55024531727173e-11,-0.351297848787635,5.98647136696754e-09,0.999938265843884,0.999999999992432
"Tmcc2",3.54798021696437e-11,-0.351463736988225,5.97883491865955e-09,0.999938305231037,0.999999999992432
"Cpeb3",3.53783570872468e-11,-0.3522079225012,5.9446940121415e-09,0.999938481630863,0.999999999992432
"Anks1",3.52824087405509e-11,-0.352913652485055,5.91249296320712e-09,0.999938648472579,0.999999999992432
"Erlec1",3.52579311670555e-11,-0.353093984535645,5.9042920900565e-09,0.9999386910359,0.999999999992432
"Hyou1",3.52510547609573e-11,-0.353144666037464,5.90198926912397e-09,0.999938702993078,0.999999999992432
"Zhx3",3.52275444169173e-11,-0.35331801641523,5.89411934706891e-09,0.999938743874513,0.999999999992432
"Pdcd10",3.51215050140345e-11,-0.354101251998405,5.85868865054119e-09,0.999938928263265,0.999999999992432
"Med22",3.50557252441267e-11,-0.354588248852403,5.83676349128091e-09,0.999939042645744,0.999999999992432
"Cyb561",3.50480485946915e-11,-0.354645139052298,5.83420745338081e-09,0.99993905599444,0.999999999992432
"Sat1",3.50418356982262e-11,-0.354691190322623,5.83213920047812e-09,0.99993906679786,0.999999999992432
"Cat",3.50338954226816e-11,-0.354750056575053,5.82949644248939e-09,0.999939080604968,0.999999999992432
"Fntb",3.5033225829633e-11,-0.354755021268547,5.82927360954745e-09,0.999939081769304,0.999999999992432
"Osgepl1",3.49016671559615e-11,-0.355732215212954,5.78557500343373e-09,0.999939310532754,0.999999999992432
"Fabp3",3.47698012120542e-11,-0.356715209187375,5.74193931877525e-09,0.999939539830508,0.999999999992432
"Mms19",3.4749080909797e-11,-0.35686999043846,5.73509779170917e-09,0.999939575860422,0.999999999992432
"Tesc",3.47230905878862e-11,-0.35706426289329,5.72652195080446e-09,0.999939621054217,0.999999999992432
"Mfhas1",3.4687173326398e-11,-0.357332964710063,5.71468114945083e-09,0.999939683509671,0.999999999992432
"Ptpn11",3.46144778137174e-11,-0.357877619309818,5.69075320626699e-09,0.999939809917728,0.999999999992432
"Cwc25",3.46003545637751e-11,-0.357983560595163,5.68611032048834e-09,0.999939834476226,0.999999999992432
"Pelp1",3.43886423815586e-11,-0.359576598102815,5.61673901581687e-09,0.999940202616219,0.999999999992432
"Csde1",3.43208446266665e-11,-0.360088715126881,5.59461386693902e-09,0.999940320507712,0.999999999992432
"Fam98a",3.42694355467076e-11,-0.360477679712879,5.57786611222868e-09,0.999940409901426,0.999999999992432
"Dusp14",3.42399262844383e-11,-0.360701199270176,5.56826409551817e-09,0.999940461214201,0.999999999992432
"Raly",3.42119986009839e-11,-0.360912907681394,5.55918432731588e-09,0.999940509776816,0.999999999992432
"Ahr",3.41261040317219e-11,-0.361565069952078,5.53130496692433e-09,0.999940659136319,0.999999999992432
"Pdzd4",3.41234611531529e-11,-0.361585160963932,5.53044826196448e-09,0.999940663731941,0.999999999992432
"Wdr61",3.4079786403944e-11,-0.361917388138804,5.51630043767544e-09,0.999940739676659,0.999999999992432
"Cables2",3.40590960727176e-11,-0.362074917553323,5.50960441936002e-09,0.999940775654458,0.999999999992432
"Sparcl1",3.40373520924103e-11,-0.362240567106425,5.50257179064915e-09,0.999940813464417,0.999999999992432
"Bean1",3.40323032028827e-11,-0.362279044835518,5.5009394770357e-09,0.99994082224378,0.999999999992432
"Stub1",3.40187815617364e-11,-0.36238212035753,5.49656910265706e-09,0.999940845756158,0.999999999992432
"Tpd52l2",3.3983106544468e-11,-0.362654258065053,5.48504679820394e-09,0.999940907790381,0.999999999992432
"Lrrc57",3.39767324351772e-11,-0.362702909895554,5.4829893636474e-09,0.999940918874129,0.999999999992432
"Mkl1",3.38542701620625e-11,-0.363639318272249,5.44353593637086e-09,0.99994113182012,0.999999999992432
"Lingo1",3.38060641013062e-11,-0.364008809035515,5.42804456141181e-09,0.9999412156442,0.999999999992432
"Itgb1bp1",3.37722949460441e-11,-0.36426794175363,5.41720574096603e-09,0.999941274364376,0.999999999992432
"Kctd2",3.36936629564742e-11,-0.364872291346609,5.39200936160511e-09,0.999941411095195,0.999999999992432
"Fam135a",3.36195263206648e-11,-0.365443318910445,5.36830723980761e-09,0.999941540009178,0.999999999992432
"Slc39a3",3.35898355506766e-11,-0.365672343632286,5.35882948616919e-09,0.999941591637572,0.999999999992432
"Aars2",3.35685134057977e-11,-0.365836934235812,5.35202829340963e-09,0.999941628714013,0.999999999992432
"Pogk",3.35053311326045e-11,-0.366325236730633,5.3319002004237e-09,0.999941738579782,0.999999999992432
"Tceal9",3.33082392631762e-11,-0.367854095828164,5.26935592404518e-09,0.99994208129695,0.999999999992432
"Tor1b",3.32679215990312e-11,-0.36816790205481,5.25660715382340e-09,0.999942151404133,0.999999999992432
"Mpc1",3.32228738166901e-11,-0.368518952035012,5.24238094670089e-09,0.999942229736377,0.999999999992432
"Ikbkap",3.31764470382342e-11,-0.36888122177267,5.22773941980701e-09,0.999942310466516,0.999999999992432
"Ube2e2",3.31520613532656e-11,-0.369071697057623,5.22005715323452e-09,0.999942352870055,0.999999999992432
"Cyp20a1",3.31388349489375e-11,-0.369175063475347,5.21589277786654e-09,0.999942375869055,0.999999999992432
"Clec16a",3.30731782181977e-11,-0.369688761941232,5.19524514688298e-09,0.999942490037584,0.999999999992432
"Lman2",3.29884295647871e-11,-0.370353269815105,5.16865405757641e-09,0.999942637404488,0.999999999992432
"Pex3",3.29808895298474e-11,-0.370412469202807,5.16629156994783e-09,0.999942650515629,0.999999999992432
"Slitrk1",3.28758528077702e-11,-0.371238488110089,5.13343701509249e-09,0.99994283316085,0.999999999992432
"B3gnt2",3.28733499965221e-11,-0.371258201023531,5.13265543628916e-09,0.999942837512914,0.999999999992432
"Limk1",3.28433035160359e-11,-0.371494967734374,5.1232771555156e-09,0.999942889759842,0.999999999992432
"Mospd3",3.28428660594565e-11,-0.37149841641816,5.12314067738254e-09,0.999942890520522,0.999999999992432
"Robo2",3.28224259959991e-11,-0.371659604089952,5.11676579314084e-09,0.999942926063138,0.999999999992432
"Nfs1",3.27110292795833e-11,-0.37253974351551,5.08209293525542e-09,0.999943119767563,0.999999999992432
"Fermt2",3.26942121832187e-11,-0.372672861785689,5.0768687598629e-09,0.99994314901031,0.999999999992432
"Itpr3",3.26353900066587e-11,-0.37313898982754,5.05861697726414e-09,0.999943251294437,0.999999999992432
"Tmem2",3.26148646084414e-11,-0.37330182830114,5.0522559393302e-09,0.999943286985439,0.999999999992432
"Amfr",3.25312294629255e-11,-0.373966356719439,5.02637789919842e-09,0.999943432416097,0.999999999992432
"Ubl3",3.25102313536711e-11,-0.374133453422414,5.01989118653158e-09,0.999943468929082,0.999999999992432
"Fuca2",3.24663655986296e-11,-0.374482855097542,5.00635374000115e-09,0.999943545205934,0.999999999992432
"Gosr2",3.24615299029563e-11,-0.374521400058704,5.00486251055456e-09,0.999943553614581,0.999999999992432
"2410004B18Rik",3.24057939045061e-11,-0.374966061624178,4.987690705501e-09,0.999943650532245,0.999999999992432
"Capn1",3.24042878156017e-11,-0.37497808727361,4.98722710130165e-09,0.999943653151138,0.999999999992432
"Ssr2",3.22818454473994e-11,-0.375957531924845,4.94960898064388e-09,0.999943866062517,0.999999999992432
"Pdcd7",3.21469579714103e-11,-0.377040621550897,4.90833219433958e-09,0.999944100614322,0.999999999992432
"Atxn3",3.2067682987086e-11,-0.377679182246693,4.88415396979638e-09,0.999944238463226,0.999999999992432
"Zfyve1",3.20248254708339e-11,-0.378025024682541,4.87110763705089e-09,0.999944312986882,0.999999999992432
"Ppp1r26",3.19286635165732e-11,-0.378802614625909,4.84189829958728e-09,0.999944480200033,0.999999999992432
"Pip5k1b",3.18120388394915e-11,-0.379748662055082,4.80659124557196e-09,0.999944682995203,0.999999999992432
"Cox18",3.18089945104309e-11,-0.379773401438942,4.8056713331248e-09,0.999944688288896,0.999999999992432
"Cldnd1",3.17964093436653e-11,-0.379875697197999,4.80186937637345e-09,0.999944710172867,0.999999999992432
"Sept4",3.1795474962202e-11,-0.379883293645895,4.80158716137483e-09,0.999944711797635,0.999999999992432
"Cbx3",3.17899042579925e-11,-0.379928587435023,4.79990479124876e-09,0.999944721484366,0.999999999992432
"Avil",3.17473313241496e-11,-0.380274984880147,4.7870573666254e-09,0.99994479551317,0.999999999992432
"Reps1",3.17146393709477e-11,-0.380541284742268,4.7772034562966e-09,0.999944852360231,0.999999999992432
"Trim41",3.1669800599643e-11,-0.380906953733047,4.76370479986134e-09,0.999944930329032,0.999999999992432
"Srsf10",3.16375943676416e-11,-0.381169905498944,4.75402093894439e-09,0.999944986331488,0.999999999992432
"Srgap3",3.16356747156802e-11,-0.381185586763674,4.75344404370731e-09,0.999944989669513,0.999999999992432
"Nup62",3.16207332569819e-11,-0.381307671550468,4.74895502196853e-09,0.99994501565077,0.999999999992432
"Cenpb",3.15825063874986e-11,-0.381620268139768,4.73747976930708e-09,0.999945082122332,0.999999999992432
"Dtnbp1",3.15743436874712e-11,-0.381687064409489,4.73503122209973e-09,0.999945096316207,0.999999999992432
"Slc36a4",3.15707541389247e-11,-0.381716443272111,4.73395467346434e-09,0.999945102557966,0.999999999992432
"Mettl26",3.15325320033499e-11,-0.382029471434214,4.7224989872912e-09,0.999945169021297,0.999999999992432
"Rps19",3.15297326777414e-11,-0.382052411259671,4.72166053730244e-09,0.99994517388896,0.999999999992432
"Tyw5",3.15287195694499e-11,-0.382060713924448,4.72135711090575e-09,0.999945175650624,0.999999999992432
"Ncln",3.14200206223885e-11,-0.38295300342693,4.68885836792692e-09,0.999945364663979,0.999999999992432
"Dgkg",3.14142743348748e-11,-0.38300025520352,4.68714346997588e-09,0.999945374656026,0.999999999992432
"Gng5",3.14026000358267e-11,-0.38309627836564,4.68366040705371e-09,0.999945394956116,0.999999999992432
"Serpinb8",3.13855431580676e-11,-0.383236635169714,4.67857376286007e-09,0.999945424615812,0.999999999992432
"Kcnmb1",3.12993271414259e-11,-0.383947195991978,4.65290500410174e-09,0.99994557453427,0.999999999992432
"Racgap1",3.12504301950609e-11,-0.384351013432233,4.63837848530591e-09,0.99994565955971,0.999999999992432
"Rabgap1",3.12381308836829e-11,-0.384452682275306,4.63472812692743e-09,0.999945680946616,0.999999999992432
"Pnpla6",3.11589697182264e-11,-0.385107957506091,4.61126797758277e-09,0.999945818597603,0.999999999992432
"Elfn1",3.11390444661571e-11,-0.385273142600695,4.60537232056092e-09,0.999945853245029,0.999999999992432
"Zhx1",3.10256563367923e-11,-0.386215073071445,4.57189384907411e-09,0.999946050412262,0.999999999992432
"Rnf103",3.09843977173412e-11,-0.38655862560671,4.55974231846961e-09,0.999946122155644,0.999999999992432
"Mmadhc",3.0904370893509e-11,-0.387226234208141,4.53621883657893e-09,0.999946261311899,0.999999999992432
"Cyth1",3.08297587756797e-11,-0.387850152637196,4.51434178048688e-09,0.999946391052684,0.999999999992432
"Gatm",3.07228641248097e-11,-0.388746526927527,4.48309129848455e-09,0.999946576928601,0.999999999992432
"Zfp410",3.06928385767938e-11,-0.388998841725573,4.4743329030141e-09,0.99994662913913,0.999999999992432
"Uqcc1",3.06725118235559e-11,-0.389169787415698,4.46840848878324e-09,0.999946664484715,0.999999999992432
"Rnf6",3.0653804059797e-11,-0.38932721271492,4.46295941189758e-09,0.999946697015087,0.999999999992432
"Macrod2",3.06329501444055e-11,-0.389502805427619,4.45688913626278e-09,0.999946733277338,0.999999999992432
"Ythdf1",3.06190378654046e-11,-0.389620011806779,4.45284176866525e-09,0.999946757468984,0.999999999992432
"Tmed10",3.0514099870679e-11,-0.390505713356475,4.42237238768545e-09,0.999946939942531,0.999999999992432
"Cdk17",3.0407944896641e-11,-0.391404635406949,4.39165608044565e-09,0.999947124532247,0.999999999992432
"Cast",3.03878117016337e-11,-0.391575459880717,4.38584254732898e-09,0.999947159541258,0.999999999992432
"Pnma2",3.03711500172483e-11,-0.391716910891392,4.38103433729442e-09,0.999947188513764,0.999999999992432
"Atg5",3.0357287287279e-11,-0.39183465609557,4.37703585614767e-09,0.999947212619251,0.999999999992432
"Ifi27",3.03392575320392e-11,-0.391987871001009,4.37183819475484e-09,0.999947243970654,0.999999999992432
"Ccdc30",3.03279538990019e-11,-0.392083972167292,4.36858113095086e-09,0.999947263626204,0.999999999992432
"Gpr108",3.03102154019562e-11,-0.392234849840833,4.36347235232358e-09,0.999947294471147,0.999999999992432
"Rps7",3.02466388631891e-11,-0.392776300369407,4.34518653527327e-09,0.999947405022493,0.999999999992432
"Mnat1",3.01752305821829e-11,-0.393385740660053,4.32469394203219e-09,0.999947529192221,0.999999999992432
"St8sia1",2.9967086414951e-11,-0.3951700142598,4.26523754559133e-09,0.9999478911279,0.999999999992432
"Ddx31",2.9942596021018e-11,-0.395380726754304,4.25826892256662e-09,0.999947933713515,0.999999999992432
"H13",2.99075695833758e-11,-0.395682374835628,4.24831222056255e-09,0.999947994619942,0.999999999992432
"Alg6",2.98599824798606e-11,-0.396092733654858,4.23480366470189e-09,0.999948077367736,0.999999999992432
"Tshz3",2.98246975089228e-11,-0.396397408546124,4.22480120485131e-09,0.999948138723719,0.999999999992432
"Pex13",2.97708152449065e-11,-0.396863326675874,4.20954966901952e-09,0.999948232417979,0.999999999992432
"Ndufb10",2.97590569072384e-11,-0.396965107099533,4.20622510224115e-09,0.999948252864201,0.999999999992432
"Cacul1",2.96647928042309e-11,-0.397782442702272,4.17962022214100e-09,0.999948416777236,0.999999999992432
"Exog",2.96552518367438e-11,-0.397865307003132,4.1769321057552e-09,0.99994843336774,0.999999999992432
"Ing1",2.96078677251907e-11,-0.398277218553886,4.16359469784477e-09,0.999948515762557,0.999999999992432
"Rab11fip3",2.95930738175542e-11,-0.398405950736094,4.1594349625043e-09,0.999948541487241,0.999999999992432
"Rfwd3",2.95124291413188e-11,-0.399108773466675,4.13679593312336e-09,0.999948681717862,0.999999999992432
"Cdk16",2.94652729579497e-11,-0.399520587933851,4.12358660651858e-09,0.999948763716341,0.999999999992432
"Thoc7",2.94558042998871e-11,-0.39960335310023,4.12093680530335e-09,0.999948780181108,0.999999999992432
"Max",2.94101911498079e-11,-0.400002410307065,4.10818391154727e-09,0.999948859496453,0.999999999992432
"Hmgxb3",2.93487420277141e-11,-0.40054094273851,4.09103471539241e-09,0.999948966348497,0.999999999992432
"Pxmp4",2.93259271130729e-11,-0.400741162509698,4.08467666917247e-09,0.999949006020671,0.999999999992432
"Atn1",2.93016549220883e-11,-0.400954333602411,4.07791793840417e-09,0.99994904822686,0.999999999992432
"Ddhd1",2.92979119179377e-11,-0.400987221552523,4.07687617547871e-09,0.999949054735458,0.999999999992432
"Nsun4",2.91114039105553e-11,-0.402631051720849,4.02513529861888e-09,0.999949379048664,0.999999999992432
"1110004F10Rik",2.90881190166575e-11,-0.402836980414127,4.01869882681496e-09,0.999949419538071,0.999999999992432
"Dck",2.90517472526455e-11,-0.403158961306777,4.00865515354624e-09,0.999949482783846,0.999999999992432
"Mrps23",2.89990285633145e-11,-0.40362633370977,3.99411975929748e-09,0.999949574454801,0.999999999992432
"Tenm4",2.89836657332696e-11,-0.403762683261458,3.98988894657991e-09,0.999949601168768,0.999999999992432
"Phyh",2.89372117986005e-11,-0.404175393404675,3.97710950664864e-09,0.999949681946128,0.999999999992432
"Ap1m1",2.89347663117534e-11,-0.404197137249019,3.97643732315811e-09,0.999949686198512,0.999999999992432
"Stam",2.88082219554184e-11,-0.405324685131261,3.94173198985831e-09,0.999949906242716,0.999999999992432
"Tbc1d30",2.86634892678442e-11,-0.406620078930247,3.90222490927193e-09,0.999950157914066,0.999999999992432
"Vkorc1l1",2.86504390691902e-11,-0.406737186686782,3.89867243057644e-09,0.999950180606667,0.999999999992432
"Elovl7",2.85922950320014e-11,-0.407259566809747,3.88286432836077e-09,0.999950281711598,0.999999999992432
"Tmem8",2.85438490650899e-11,-0.407695588379774,3.86971744713213e-09,0.999950365952843,0.999999999992432
"Sptbn2",2.85367189055554e-11,-0.407759820312202,3.86778440323672e-09,0.999950378351265,0.999999999992432
"Mrpl37",2.85050206447978e-11,-0.408045558277202,3.85919659421055e-09,0.999950433470424,0.999999999992432
"Tmem14c",2.84243075772193e-11,-0.408774495989537,3.83737260714518e-09,0.999950573819968,0.999999999992432
"Araf",2.84221942774583e-11,-0.408793608074508,3.83680202387754e-09,0.999950577494722,0.999999999992432
"Ebf4",2.84175371968981e-11,-0.408835730158841,3.83554477877877e-09,0.99995058559278,0.999999999992432
"Mrpl18",2.83017239458897e-11,-0.40988534568834,3.80434561162758e-09,0.999950786976986,0.999999999992432
"Zfx",2.82876380372773e-11,-0.410013284478513,3.80055967058071e-09,0.999950811470552,0.999999999992432
"Grin3a",2.82832994738429e-11,-0.410052702757652,3.79939395255838e-09,0.99995081901475,0.999999999992432
"Taf11",2.82582011890794e-11,-0.410280847523038,3.79265386471928e-09,0.999950862657408,0.999999999992432
"Shoc2",2.82365611239054e-11,-0.410477711472534,3.78684727777463e-09,0.999950900286672,0.999999999992432
"Ccm2",2.80790410451041e-11,-0.411915036509906,3.74471462194027e-09,0.999951174193635,0.999999999992432
"Dync2h1",2.80462763648805e-11,-0.412214966817759,3.73598050651731e-09,0.999951231167159,0.999999999992432
"E2f6",2.8030537902505e-11,-0.412359156229094,3.73178871362832e-09,0.999951258534301,0.999999999992432
"Rcc2",2.80122632734186e-11,-0.412526677498056,3.72692438857493e-09,0.999951290311508,0.999999999992432
"Tbx3",2.79953662199416e-11,-0.41268166310078,3.72242956807075e-09,0.99995131969329,0.999999999992432
"Adprm",2.79296622315752e-11,-0.413285168529085,3.7049772897726e-09,0.999951433943994,0.999999999992432
"Srd5a1",2.79266995174603e-11,-0.413312413470231,3.70419130058127e-09,0.99995143909577,0.999999999992432
"Llph",2.79203991363328e-11,-0.413370360525915,3.7025201267719e-09,0.999951450051314,0.999999999992432
"Dhx57",2.79194960353232e-11,-0.413378667715002,3.70228061045478e-09,0.99995145162169,0.999999999992432
"Golga5",2.78566613265806e-11,-0.413957281429448,3.68563489830757e-09,0.999951560883089,0.999999999992432
"Eloa",2.78197385239432e-11,-0.414297863827394,3.67587107330111e-09,0.999951625087048,0.999999999992432
"Hs3st5",2.76884757978627e-11,-0.415512140854869,3.64126495731276e-09,0.999951853335885,0.999999999992432
"Dars",2.76673212430196e-11,-0.415708347585372,3.63570308284816e-09,0.999951890120909,0.999999999992432
"Nudt21",2.76169884874149e-11,-0.416175753213261,3.62248687736897e-09,0.999951977643035,0.999999999992432
"Hapln1",2.75756741228619e-11,-0.416560016376211,3.61165667413852e-09,0.99995204948335,0.999999999992432
"Mtmr1",2.75267368781169e-11,-0.417015887823632,3.59884917607092e-09,0.999952134578864,0.999999999992432
"Txndc15",2.7459536176418e-11,-0.417643147306747,3.58129896777057e-09,0.999952251432158,0.999999999992432
"Elac2",2.74158204164449e-11,-0.418051978838605,3.56990514207553e-09,0.999952327448189,0.999999999992432
"Hspe1",2.74065504205694e-11,-0.41813875178721,3.56749139624257e-09,0.999952343567508,0.999999999992432
"Kbtbd11",2.7393997384455e-11,-0.418256300493763,3.56422410490585e-09,0.999952365395608,0.999999999992432
"L1cam",2.73562956970988e-11,-0.41860965320643,3.55442014742429e-09,0.999952430953946,0.999999999992432
"Sec31a",2.73550678027551e-11,-0.418621169216246,3.55410107246673e-09,0.999952433089095,0.999999999992432
"Lztfl1",2.73537492347674e-11,-0.418633536170597,3.55375845142203e-09,0.999952435381914,0.999999999992432
"Acap2",2.73094797574637e-11,-0.419049072150481,3.54226491015452e-09,0.999952512360786,0.999999999992432
"Srm",2.72930660783889e-11,-0.419203301969143,3.53800821045368e-09,0.999952540902043,0.999999999992432
"Slc16a9",2.72918766840218e-11,-0.419214481441328,3.53769985408706e-09,0.999952542970245,0.999999999992432
"Rcor1",2.72839081348388e-11,-0.41928939214991,3.53563431494e-09,0.999952556826517,0.999999999992432
"Lancl1",2.727356708864e-11,-0.419386637212444,3.53295469669872e-09,0.999952574808254,0.999999999992432
"Lage3",2.72616062535991e-11,-0.419499158129497,3.52985661845584e-09,0.999952595606593,0.999999999992432
"Pwp1",2.72093781541499e-11,-0.419991041314024,3.5163444942258e-09,0.999952686424476,0.999999999992432
"Acot13",2.71533895475763e-11,-0.420519337979973,3.50188825250321e-09,0.999952783781393,0.999999999992432
"Srpk2",2.70852540508897e-11,-0.421163647812327,3.484335855658e-09,0.999952902260174,0.999999999992432
"Ccne1",2.7073185649378e-11,-0.421277930748198,3.48123150996353e-09,0.999952923245557,0.999999999992432
"Usp47",2.70147840863975e-11,-0.421831654841055,3.46622846768331e-09,0.999953024798292,0.999999999992432
"Cpeb4",2.7007176751962e-11,-0.421903866130256,3.46427657005628e-09,0.999953038026459,0.999999999992432
"Fzd7",2.7000468708179e-11,-0.421967557093387,3.4625558694344e-09,0.999953049690876,0.999999999992432
"Tug1",2.69915562505783e-11,-0.422052201593899,3.46027036917044e-09,0.999953065188482,0.999999999992432
"Acbd4",2.69843080455641e-11,-0.422121059726537,3.45841220424913e-09,0.99995307779217,0.999999999992432
"Rc3h1",2.69702968812488e-11,-0.422254215968741,3.4548216877544e-09,0.999953102155765,0.999999999992432
"Ifi35",2.69664826375512e-11,-0.422290476324077,3.45384456836278e-09,0.999953108788239,0.999999999992432
"Mbd2",2.69604949045501e-11,-0.422347408925327,3.45231093096758e-09,0.99995311920013,0.999999999992432
"Pithd1",2.69426966708514e-11,-0.422516709147775,3.44775428204869e-09,0.999953150148947,0.999999999992432
"Cep104",2.69246257664198e-11,-0.422688711796911,3.44313090342181e-09,0.999953181571903,0.999999999992432
"Mrps33",2.6918441939252e-11,-0.422747595942777,3.44154950492417e-09,0.999953192324776,0.999999999992432
"Tmx1",2.68848851886846e-11,-0.423067357021928,3.43297432550587e-09,0.999953250675608,0.999999999992432
"Rdx",2.68768663738261e-11,-0.423143824146333,3.43092676012012e-09,0.999953264619285,0.999999999992432
"Ap4s1",2.68753282391208e-11,-0.423158494219688,3.43053407471976e-09,0.999953267293902,0.999999999992432
"Id3",2.68669219505165e-11,-0.423238683911748,3.42838834841359e-09,0.999953281911346,0.999999999992432
"Prmt6",2.68580203428075e-11,-0.423323624563388,3.42611692241738e-09,0.999953297390086,0.999999999992432
"Cpsf1",2.68523865169878e-11,-0.423377397305637,3.42467972628065e-09,0.999953307186578,0.999999999992432
"Vamp4",2.67922768895788e-11,-0.42395178915262,3.40936445324242e-09,0.999953411709415,0.999999999992432
"Mcl1",2.67752426564863e-11,-0.424114786437047,3.40503055903679e-09,0.999953441329734,0.999999999992432
"Lin7b",2.67721740097783e-11,-0.424144160195256,3.40425011889724e-09,0.999953446665712,0.999999999992432
"Negr1",2.6768507335267e-11,-0.42417926260085,3.40331770135357e-09,0.999953453041583,0.999999999992432
"Tfb2m",2.67639411734529e-11,-0.42422298251109,3.40215672709958e-09,0.999953460981545,0.999999999992432
"Faf1",2.67496498924925e-11,-0.424359863925402,3.39852436248693e-09,0.999953485832227,0.999999999992432
"Tm2d3",2.6703481182876e-11,-0.424802541505903,3.38680308171564e-09,0.999953566113618,0.999999999992432
"Fam117b",2.66687752502122e-11,-0.425135789958128,3.37800529423594e-09,0.999953626462729,0.999999999992432
"Baiap2l1",2.66021131405698e-11,-0.425777040772896,3.36113886392689e-09,0.999953742379481,0.999999999992432
"Lemd3",2.6598134549158e-11,-0.425815360768457,3.36013356046475e-09,0.999953749297735,0.999999999992432
"Dlg4",2.65693281122164e-11,-0.426092973904358,3.35285928636233e-09,0.999953799388389,0.999999999992432
"Nr2f2",2.65387947264369e-11,-0.426387542299138,3.34515752427001e-09,0.999953852481982,0.999999999992432
"Gzf1",2.64407294269511e-11,-0.427335801701237,3.32048136325813e-09,0.999954023004804,0.999999999992432
"Efna1",2.64347927215166e-11,-0.427393314898813,3.31899044321584e-09,0.999954033327964,0.999999999992432
"Rab4a",2.64220558233135e-11,-0.427516747937993,3.31579288009176e-09,0.999954055475776,0.999999999992432
"Ube3a",2.63808310377363e-11,-0.427916644454047,3.3054540771999e-09,0.999954127160325,0.999999999992432
"Cope",2.63379809950437e-11,-0.428332936291567,3.29472478538577e-09,0.999954201670985,0.999999999992432
"Rae1",2.63355708712085e-11,-0.428356369958208,3.29412182865796e-09,0.999954205861877,0.999999999992432
"Klhl26",2.63202191423789e-11,-0.42850568285871,3.29028247952557e-09,0.99995423255654,0.999999999992432
"Sgsm1",2.63102978064441e-11,-0.428602223071526,3.28780242074721e-09,0.999954249808455,0.999999999992432
"Erp44",2.63097017463513e-11,-0.428608024174703,3.28765345203303e-09,0.999954250844926,0.999999999992432
"Vstm2a",2.62665750381195e-11,-0.429028082781712,3.27688408144569e-09,0.999954325836672,0.999999999992432
"Pck2",2.62196845651111e-11,-0.429485544928966,3.26519489136149e-09,0.999954407373116,0.999999999992432
"Zxdb",2.61975778699714e-11,-0.429701486862174,3.25969122193006e-09,0.999954445813788,0.999999999992432
"Sugt1",2.61961091061755e-11,-0.429715840126871,3.25932572384737e-09,0.999954448367777,0.999999999992432
"Elmo2",2.61909290427058e-11,-0.429766467591023,3.2580368419938e-09,0.999954457375235,0.999999999992432
"Snx18",2.61648453575312e-11,-0.430021541687512,3.25155068105475e-09,0.999954502731377,0.999999999992432
"Rgs3",2.61532830712596e-11,-0.430134687334843,3.24867758529874e-09,0.999954522836691,0.999999999992432
"Kdm4b",2.61485893657355e-11,-0.430180632326272,3.2475116156127e-09,0.999954530998436,0.999999999992432
"Cmpk2",2.60831696019898e-11,-0.430821819673333,3.23128238969084e-09,0.99995464475491,0.999999999992432
"Golt1b",2.6054203015904e-11,-0.431106212941268,3.22410939286804e-09,0.999954695124042,0.999999999992432
"Mettl13",2.60414981279545e-11,-0.431231044006943,3.22096579554901e-09,0.999954717216192,0.999999999992432
"Cbfb",2.59886253040739e-11,-0.431751164694498,3.2078998288943e-09,0.999954809155168,0.999999999992432
"Capn2",2.59411088466139e-11,-0.43221945204584,3.1961801871186e-09,0.999954891780117,0.999999999992432
"Nr2c2",2.58605217651395e-11,-0.433015525228506,3.17635291160216e-09,0.999955031910588,0.999999999992432
"Pgap2",2.58497595202127e-11,-0.433122017547584,3.17370968768867e-09,0.999955050624734,0.999999999992432
"Atf7ip",2.58201947469574e-11,-0.433414777635456,3.16645419660374e-09,0.999955102034036,0.999999999992432
"Gopc",2.57963199399269e-11,-0.433651426311719,3.1606011399288e-09,0.999955143549225,0.999999999992432
"Emd",2.5689391564858e-11,-0.434713866599017,3.13445341731884e-09,0.999955329483785,0.999999999992432
"Mrpl17",2.56244736945816e-11,-0.435360941836929,3.11863171619513e-09,0.999955442367532,0.999999999992432
"Omg",2.55543742645359e-11,-0.436061415798619,3.10159212482591e-09,0.999955564261338,0.999999999992432
"Hist1h2be",2.55268482785136e-11,-0.436336970548665,3.09491394128436e-09,0.999955612125453,0.999999999992432
"Mrpl44",2.55094643315821e-11,-0.436511141713386,3.09070006423737e-09,0.99995564235388,0.999999999992432
"Tpst2",2.54991359639263e-11,-0.436614675863791,3.08819782241561e-09,0.99995566031357,0.999999999992432
"Armc6",2.54787786052217e-11,-0.436818859832642,3.0832688353626e-09,0.999955695712373,0.999999999992432
"Aig1",2.5443964061485e-11,-0.437168408541654,3.0748485525694e-09,0.999955756250344,0.999999999992432
"Fam107b",2.53903599895039e-11,-0.437707499219161,3.06190632541981e-09,0.999955849460865,0.999999999992432
"Elmo1",2.53572941111817e-11,-0.438040578794207,3.05393647413991e-09,0.999955906958134,0.999999999992432
"Ctdnep1",2.53493172513626e-11,-0.438120993159986,3.0520153707802e-09,0.999955920828857,0.999999999992432
"Ppp1r37",2.53390880870033e-11,-0.438224148091239,3.04955271921783e-09,0.999955938616046,0.999999999992432
"Smim8",2.53347985936507e-11,-0.438267416808221,3.04852032777030e-09,0.999955946074918,0.999999999992432
"Eml2",2.53291556592962e-11,-0.438324348473758,3.0471624575494e-09,0.999955955887248,0.999999999992432
"Cdh4",2.53051766113800e-11,-0.438566407977369,3.04139570646708e-09,0.999955997583699,0.999999999992432
"Arpp19",2.52513285126249e-11,-0.439110779384684,3.02846561486905e-09,0.99995609121855,0.999999999992432
"Sun2",2.52342673161639e-11,-0.439283487732284,3.02437459910312e-09,0.999956120885755,0.999999999992432
"Ptger4",2.52208316489838e-11,-0.439419573392941,3.02115487630541e-09,0.999956144248636,0.999999999992432
"Nosip",2.517605371208e-11,-0.439873612830727,3.01043667375344e-09,0.999956222111654,0.999999999992432
"Rpl18",2.51643949556413e-11,-0.439991956188663,3.00764911843475e-09,0.999956242384717,0.999999999992432
"Dhps",2.51502090728194e-11,-0.440136021655377,3.0042590800907e-09,0.999956267052126,0.999999999992432
"Sox4",2.51403738745479e-11,-0.44023594883865,3.00190985856085e-09,0.999956284154258,0.999999999992432
"Nop10",2.51222640074255e-11,-0.440420045161094,2.99758656501694e-09,0.999956315644966,0.999999999992432
"Nptxr",2.50790977784863e-11,-0.440859361448243,2.98729423291691e-09,0.999956390705433,0.999999999992432
"Ablim3",2.5057122691608e-11,-0.441083284809858,2.98206140593712e-09,0.999956428917255,0.999999999992432
"Cldn12",2.50167363756791e-11,-0.44149530317982,2.97245635916372e-09,0.999956499143815,0.999999999992432
"Creld1",2.50013636657846e-11,-0.4416523005408,2.96880435044714e-09,0.999956525874961,0.999999999992432
"Sec62",2.49084814508063e-11,-0.44260283706499,2.94678659879664e-09,0.999956687385072,0.999999999992432
"Rpl22l1",2.48597849101727e-11,-0.443102533190694,2.93527581740235e-09,0.999956772062033,0.999999999992432
"Cyp2u1",2.48409930754636e-11,-0.4432956129623,2.93083986830621e-09,0.999956804738593,0.999999999992432
"Stard13",2.48157460859984e-11,-0.443555235821278,2.92488541383381e-09,0.99995684863983,0.999999999992432
"Gna13",2.47397577999987e-11,-0.444338164496627,2.90700025801426e-09,0.999956980773592,0.999999999992432
"Aamp",2.47291827823312e-11,-0.444447302908031,2.90451559271663e-09,0.999956999162175,0.999999999992432
"Dpysl5",2.47199055672467e-11,-0.444543083991644,2.90233672884459e-09,0.999957015294047,0.999999999992432
"Ndufb3",2.47197425425195e-11,-0.444544767418946,2.90229844786555e-09,0.999957015577526,0.999999999992432
"Glce",2.46999267696924e-11,-0.444749467809292,2.897647247668e-09,0.999957050034582,0.999999999992432
"Arl3",2.46767500405329e-11,-0.444989085495174,2.89221188926838e-09,0.999957090335904,0.999999999992432
"Ankra2",2.46446833372799e-11,-0.445320966884116,2.88470008634419e-09,0.999957146095737,0.999999999992432
"Cd2bp2",2.46325670290931e-11,-0.445446474069827,2.88186431662319e-09,0.999957167164424,0.999999999992432
"Zkscan1",2.46316097695872e-11,-0.445456392374123,2.88164033360065e-09,0.999957168828974,0.999999999992432
"Cdhr1",2.46303760927721e-11,-0.445469175218212,2.88135168629942e-09,0.999957170974178,0.999999999992432
"Zswim4",2.46189256419604e-11,-0.445587849038163,2.87867327760589e-09,0.999957190885025,0.999999999992432
"Inafm1",2.45991556015419e-11,-0.445792871537219,2.87405174076797e-09,0.999957225262558,0.999999999992432
"Parp1",2.45985195960032e-11,-0.445799469744061,2.87390312678908e-09,0.999957226368489,0.999999999992432
"Rpap2",2.45639046368301e-11,-0.446158825519393,2.86582052287348e-09,0.999957286559408,0.999999999992432
"Rce1",2.45138657259804e-11,-0.44667915655617,2.85415654047666e-09,0.999957373570577,0.999999999992432
"Pcbd2",2.45065754115287e-11,-0.446755049292396,2.85245916603164e-09,0.999957386247487,0.999999999992432
"Il4ra",2.44706238855165e-11,-0.447129621399752,2.84409610128065e-09,0.999957448762522,0.999999999992432
"Stat5b",2.44619251045953e-11,-0.447220330887079,2.84207443058516e-09,0.999957463888573,0.999999999992432
"Prrc2b",2.44573385224735e-11,-0.447268171365723,2.84100875928949e-09,0.999957471864044,0.999999999992432
"Bcl2l2",2.43993296436072e-11,-0.447873971319134,2.82754790876957e-09,0.999957572733952,0.999999999992432
"Ube2e3",2.43735984405067e-11,-0.448143126307847,2.82158726585669e-09,0.999957617477172,0.999999999992432
"Suds3",2.43400650694482e-11,-0.448494299366982,2.81382868680329e-09,0.999957675787351,0.999999999992432
"Zcchc18",2.42815976105254e-11,-0.449107691527704,2.8003266835493e-09,0.99995777745467,0.999999999992432
"Fam13b",2.42702941681763e-11,-0.449226439711224,2.79772010352216e-09,0.999957797109888,0.999999999992432
"Aldh2",2.41703769874771e-11,-0.45027840919206,2.77473192790897e-09,0.999957970852891,0.999999999992432
"Ddost",2.41218058822772e-11,-0.450791278963772,2.76359131703337e-09,0.999958055311736,0.999999999992432
"Skiv2l2",2.39218256017321e-11,-0.452913288467566,2.71795851011436e-09,0.999958403051477,0.999999999992432
"Atad1",2.38978829456536e-11,-0.453168474878988,2.71252058233909e-09,0.999958444684647,0.999999999992432
"Etv6",2.38650338605526e-11,-0.453518983560934,2.70506866031268e-09,0.99995850180494,0.999999999992432
"Pdlim2",2.38376057896177e-11,-0.453811999824727,2.6988543654157e-09,0.999958549498794,0.999999999992432
"Rnf146",2.38120485189557e-11,-0.454085318576957,2.69307036374565e-09,0.999958593939569,0.999999999992432
"Rpl37a",2.38113052763158e-11,-0.454093271253381,2.69290224939909e-09,0.999958595231972,0.999999999992432
"Tlk1",2.37963506706838e-11,-0.454253335260507,2.68952077622425e-09,0.999958621236089,0.999999999992432
"Dner",2.37927571447016e-11,-0.454291812177168,2.68870853966165e-09,0.999958627484764,0.999999999992432
"Tlx2",2.378737549815e-11,-0.454349445340876,2.68749236765472e-09,0.999958636842749,0.999999999992432
"Sord",2.3744930248951e-11,-0.454804434855269,2.67791001493674e-09,0.999958710649525,0.999999999992432
"H2-K1",2.36294142781996e-11,-0.4560466257311,2.65191803103781e-09,0.999958911516799,0.999999999992432
"Srsf3",2.35247516155691e-11,-0.457177097792654,2.62847757648404e-09,0.999959093511579,0.999999999992432
"Snrnp27",2.35109270861882e-11,-0.457326775018833,2.62538918778948e-09,0.99995911755064,0.999999999992432
"Rpl36al",2.34610393158161e-11,-0.457867602579093,2.61425939652998e-09,0.999959204298995,0.999999999992432
"Arfgap3",2.34517966034074e-11,-0.457967921693256,2.61219997470809e-09,0.999959220370872,0.999999999992432
"Txn2",2.33715845196214e-11,-0.458840113222787,2.59436153960066e-09,0.99995935984927,0.999999999992432
"S1pr3",2.33685931428782e-11,-0.458872695132706,2.59369746685781e-09,0.999959365050886,0.999999999992432
"Epm2aip1",2.33529323179324e-11,-0.459043336665782,2.590222218616e-09,0.999959392283027,0.999999999992432
"Ikzf5",2.33346098041645e-11,-0.459243118206705,2.58615928009496e-09,0.999959424143499,0.999999999992432
"Sobp",2.33325807741943e-11,-0.459265251121929,2.58570954756539e-09,0.999959427671719,0.999999999992432
"Rusc2",2.3258483425254e-11,-0.460074769489147,2.56931273306188e-09,0.999959556517387,0.999999999992432
"Ptprz1",2.32018699484846e-11,-0.460694928099955,2.55682002708986e-09,0.999959654960872,0.999999999992432
"Mturn",2.31195474273803e-11,-0.461599279901948,2.53870851604801e-09,0.999959798109047,0.999999999992432
"Fscn1",2.30913847934907e-11,-0.461909362107625,2.53252732478246e-09,0.99995984708021,0.999999999992432
"D030056L22Rik",2.30572246834457e-11,-0.462285961517476,2.52503990704684e-09,0.999959906480206,0.999999999992432
"Igfbp3",2.30032029711617e-11,-0.462882609133997,2.51322172992479e-09,0.999960000416949,0.999999999992432
"Ranbp6",2.29389689418326e-11,-0.46359378231908,2.49920551103007e-09,0.999960112111585,0.999999999992432
"Tmem127",2.2917439070214e-11,-0.463832575702832,2.4945163445031e-09,0.999960149549236,0.999999999992432
"Tspan17",2.28882494729339e-11,-0.464156665634914,2.48816593542992e-09,0.999960200306156,0.999999999992432
"Oxr1",2.2882475270431e-11,-0.464220822690394,2.48691067458284e-09,0.999960210346744,0.999999999992432
"Cfdp1",2.28427555422311e-11,-0.464662565050325,2.4782845374606e-09,0.999960279414194,0.999999999992432
"Ssb",2.28422605284565e-11,-0.464668074940735,2.47817712732887e-09,0.999960280274958,0.999999999992432
"Tmem167b",2.2784731802421e-11,-0.465309188500608,2.4657101611453e-09,0.999960380309943,0.999999999992432
"Eif3a",2.2780811017729e-11,-0.465352938594238,2.46486163793707e-09,0.999960387127678,0.999999999992432
"Mapk12",2.27070769482579e-11,-0.46617703543228,2.44893155049877e-09,0.999960515341651,0.999999999992432
"Gm21967",2.268145813532e-11,-0.466463962034716,2.44340875004588e-09,0.99996055988944,0.999999999992432
"Map3k9",2.26802057720729e-11,-0.466477996194014,2.44313893045865e-09,0.999960562067137,0.999999999992432
"Pcyt2",2.26697316299054e-11,-0.466595399742618,2.44088287724381e-09,0.99996058028031,0.999999999992432
"Grb10",2.26686264864611e-11,-0.466607790183417,2.4406448982503e-09,0.999960582202011,0.999999999992432
"Slmap",2.2550330437615e-11,-0.467937409116331,2.41523839113128e-09,0.99996078790348,0.999999999992432
"Zfp467",2.25011529489029e-11,-0.468492102943363,2.40471563208701e-09,0.999960873416747,0.999999999992432
"Rpl17",2.24771500940352e-11,-0.468763259715499,2.39958796113253e-09,0.999960915154595,0.999999999992432
"Ctxn1",2.24568097885221e-11,-0.468993256598399,2.39524699549439e-09,0.999960950523745,0.999999999992432
"Igip",2.245167308651e-11,-0.469051370871067,2.39415135786595e-09,0.999960959455803,0.999999999992432
"Rabif",2.24325672082693e-11,-0.469267636862538,2.39007835169971e-09,0.999960992678444,0.999999999992432
"Mink1",2.24171213157559e-11,-0.469442602165523,2.3867881189363e-09,0.999961019536845,0.999999999992432
"Sh3bp1",2.23631987949185e-11,-0.470054315407987,2.37531948835421e-09,0.999961113301107,0.999999999992432
"Cmc2",2.23624333270522e-11,-0.47006300918726,2.37515688195437e-09,0.999961114632156,0.999999999992432
"Anapc2",2.23058306996759e-11,-0.470706656507972,2.36314835192828e-09,0.999961213056776,0.999999999992432
"Ylpm1",2.22681466125107e-11,-0.4711360357172,2.35517036040658e-09,0.99996127858451,0.999999999992432
"Esd",2.22310125203451e-11,-0.471559823944685,2.34732200252237e-09,0.999961343155874,0.999999999992432
"Smad2",2.21762017272435e-11,-0.472186575745272,2.3357615775557e-09,0.999961438464726,0.999999999992432
"Sfrp5",2.21643999103937e-11,-0.472321719972157,2.33327612981938e-09,0.999961458986554,0.999999999992432
"Ar",2.21630089762004e-11,-0.472337652253585,2.33298328798919e-09,0.999961461405207,0.999999999992432
"Ap3s1",2.21450373974941e-11,-0.472543590914429,2.32920127501908e-09,0.999961492655449,0.999999999992432
"Ltn1",2.2114799524507e-11,-0.472890449191892,2.32284481629868e-09,0.999961545235184,0.999999999992432
"Ccdc47",2.21066215951753e-11,-0.472984335521172,2.32112718386737e-09,0.999961559455541,0.999999999992432
"Heatr6",2.20968612018606e-11,-0.473096432449994,2.31907801386009e-09,0.999961576427598,0.999999999992432
"Golph3",2.20859018598364e-11,-0.473222355230201,2.31677820609604e-09,0.999961595484471,0.999999999992432
"Rps27l",2.20260273301913e-11,-0.473911363002373,2.30423373516467e-09,0.999961699598503,0.999999999992432
"Lrrc41",2.19830171625382e-11,-0.474407402636407,2.29524357854058e-09,0.9999617743876,0.999999999992432
"Coq2",2.19566273456968e-11,-0.474712215039905,2.28973617248119e-09,0.999961820276065,0.999999999992432
"Bet1",2.19445569509299e-11,-0.474851748692821,2.28721935400605e-09,0.999961841264914,0.999999999992432
"Mical1",2.18410971218426e-11,-0.476050742948579,2.26570354000097e-09,0.999962021168122,0.999999999992432
"Mrpl46",2.17957426623077e-11,-0.476578056930699,2.25630354829849e-09,0.999962100033638,0.999999999992432
"Arpc3",2.17915389777955e-11,-0.476626983872234,2.25543329819735e-09,0.9999621073433,0.999999999992432
"Numbl",2.17794222175733e-11,-0.476768061770255,2.25292581611934e-09,0.999962128412772,0.999999999992432
"Car2",2.17029659217765e-11,-0.477659981240444,2.23713586357738e-09,0.999962261360343,0.999999999992432
"Nectin4",2.16855218805926e-11,-0.477863897091046,2.23354105474088e-09,0.999962291693266,0.999999999992432
"Preb",2.16642104829635e-11,-0.478113232807685,2.22915319702986e-09,0.999962328751019,0.999999999992432
"Psma7",2.15910488344081e-11,-0.47897097440909,2.21412258773298e-09,0.999962455969626,0.999999999992432
"Immt",2.15339200289849e-11,-0.479642670065261,2.20242117978276e-09,0.9999625553092,0.999999999992432
"Hcfc1",2.15321753375837e-11,-0.479663210015379,2.20206431121202e-09,0.999962558342992,0.999999999992432
"Uxs1",2.15125299093321e-11,-0.479894601436199,2.19804792542231e-09,0.999962592503841,0.999999999992432
"Tmod2",2.1503962132644e-11,-0.479995578877951,2.19629744477912e-09,0.999962607402092,0.999999999992432
"Mrpl49",2.14995304382264e-11,-0.480047824598198,2.19539227985105e-09,0.999962615108233,0.999999999992432
"Scn7a",2.1372101712175e-11,-0.481554488549176,2.16944501755044e-09,0.999962836690241,0.999999999992432
"Nol6",2.13521058989267e-11,-0.481791684952142,2.16538743586263e-09,0.999962871460364,0.999999999992432
"Chodl",2.13389538973789e-11,-0.481947813050889,2.16272068176792e-09,0.999962894329987,0.999999999992432
"Ankrd27",2.13225907625983e-11,-0.482142188344122,2.15940511890333e-09,0.999962922783353,0.999999999992432
"Rnf167",2.13021438562269e-11,-0.482385273421032,2.1552656609127e-09,0.999962958337869,0.999999999992432
"Polr3h",2.12352454810736e-11,-0.483182153240468,2.14174989737695e-09,0.999963074665456,0.999999999992432
"Eef1b2",2.1204555667619e-11,-0.483548522320161,2.13556372849457e-09,0.999963128031057,0.999999999992432
"Abcc4",2.11614505248262e-11,-0.484063954712315,2.12689010040193e-09,0.999963202985303,0.999999999992432
"M6pr",2.11494391042391e-11,-0.484207759696314,2.12447630356237e-09,0.999963223871604,0.999999999992432
"Mark1",2.11385951028731e-11,-0.484337654578539,2.12229828666976e-09,0.999963242727914,0.999999999992432
"Adcy3",2.10869590189121e-11,-0.484957047114204,2.11194250611543e-09,0.999963332516359,0.999999999992432
"Hdac11",2.10700296857101e-11,-0.485160433928978,2.10855278774226e-09,0.999963361954271,0.999999999992432
"1110051M20Rik",2.10082406662515e-11,-0.485904078803632,2.09620402728846e-09,0.999963469397353,0.999999999992432
"Arpc1b",2.10013313068572e-11,-0.485987363630999,2.09482542110194e-09,0.999963481411832,0.999999999992432
"2810006K23Rik",2.09906494932141e-11,-0.486116172539476,2.09269499957793e-09,0.999963499986119,0.999999999992432
"Ogfod1",2.09642363177764e-11,-0.486434948946456,2.08743170905945e-09,0.999963545915201,0.999999999992432
"Yme1l1",2.0922934684263e-11,-0.486934177324193,2.0792149142563e-09,0.999963617733379,0.999999999992432
"Gpat4",2.08741513034995e-11,-0.487525047689769,2.06953052846059e-09,0.999963702561343,0.999999999992432
"Hmox2",2.0860218639032e-11,-0.487694042679388,2.06676879206794e-09,0.999963726788438,0.999999999992432
"Cnppd1",2.08506838011324e-11,-0.487809756439401,2.0648798567651e-09,0.999963743368283,0.999999999992432
"P2rx6",2.07426780616437e-11,-0.48912402356816,2.04354326527385e-09,0.999963931176239,0.999999999992432
"Huwe1",2.07118079962056e-11,-0.489500860382312,2.03746522926864e-09,0.999963984855275,0.999999999992432
"Rpl13",2.06446937328491e-11,-0.490321981423954,2.02428227315482e-09,0.999964101558264,0.999999999992432
"Nploc4",2.06227213306287e-11,-0.490591357631883,2.01997562899111e-09,0.999964139765418,0.999999999992432
"Tmem160",2.05826959580001e-11,-0.491082760216172,2.01214234479078e-09,0.999964209364344,0.999999999992432
"Rhof",2.0539936363645e-11,-0.491608735507692,2.00379076439097e-09,0.999964283717726,0.999999999992432
"Sub1",2.0527042267479e-11,-0.491767546755078,2.00127576525469e-09,0.999964306138885,0.999999999992432
"Snapin",2.05057092165101e-11,-0.492030505328267,1.99711821225739e-09,0.999964343234291,0.999999999992432
"Rhot1",2.04107701661261e-11,-0.493203917620996,1.97866817171845e-09,0.999964508320972,0.999999999992432
"Usp12",2.03829963452001e-11,-0.493548172327115,1.97328691612839e-09,0.99996455661604,0.999999999992432
"Rnf44",2.03808048258259e-11,-0.493575355031756,1.97286261501429e-09,0.999964560426808,0.999999999992432
"Gna11",2.03575037203542e-11,-0.493864544188464,1.96835409811444e-09,0.999964600944404,0.999999999992432
"Slc7a14",2.035103747056e-11,-0.49394485231254,1.96710386153827e-09,0.999964612188373,0.999999999992432
"Kif26b",2.03395531876858e-11,-0.494087542086791,1.96488437733488e-09,0.99996463215805,0.999999999992432
"Timm8b",2.03367128367998e-11,-0.49412284464808,1.9643356365293e-09,0.999964637097051,0.999999999992432
"Vopp1",2.0330363096274e-11,-0.494201782158172,1.96310917732038e-09,0.999964648138426,0.999999999992432
"Tmx4",2.03245223777602e-11,-0.494274412386347,1.96198137443452e-09,0.999964658294677,0.999999999992432
"Ifngr2",2.03197601876147e-11,-0.494333645624262,1.96106206783661e-09,0.999964666575507,0.999999999992432
"Orai2",2.02910803220969e-11,-0.494690651619175,1.9555301811995e-09,0.999964716446069,0.999999999992432
"Trim28",2.02584341323459e-11,-0.495097614116709,1.94924276308553e-09,0.999964773213554,0.999999999992432
"Ap3m1",2.01702697674773e-11,-0.496199778838991,1.93231353778157e-09,0.999964926519936,0.999999999992432
"Snx2",2.01643408586925e-11,-0.496274061740436,1.93117772481914e-09,0.999964936829539,0.999999999992432
"Sec23ip",2.01565079328852e-11,-0.496372231762894,1.92967766747386e-09,0.99996495044998,0.999999999992432
"Vps29",2.01104044030698e-11,-0.496950782519994,1.92086034570364e-09,0.999965030618032,0.999999999992432
"Dexi",2.0053628010955e-11,-0.497665000182837,1.91002957694431e-09,0.999965129344805,0.999999999992432
"Etfa",2.00256737069911e-11,-0.498017356882545,1.90470821238664e-09,0.99996517795371,0.999999999992432
"Urod",2.00241846370155e-11,-0.498036139325578,1.90442496215456e-09,0.999965180543009,0.999999999992432
"Zrsr1",2.00161985157901e-11,-0.498136895227118,1.90290620510763e-09,0.999965194429837,0.999999999992432
"Mfsd5",2.0015845696532e-11,-0.498141347408014,1.90283912183626e-09,0.999965195043344,0.999999999992432
"Susd6",2.00148471946827e-11,-0.498153947778637,1.90264927814743e-09,0.999965196779609,0.999999999992432
"Pnpo",1.9987200659524e-11,-0.498503064413727,1.89739664441208e-09,0.999965244853344,0.999999999992432
"Mgea5",1.99752384954534e-11,-0.498654263177033,1.89512617358574e-09,0.999965265653994,0.999999999992432
"Faap20",1.99657235976448e-11,-0.49877459053727,1.89332117513594e-09,0.999965282199166,0.999999999992432
"Tgfb1i1",1.9961959429927e-11,-0.498822208016951,1.89260734108923e-09,0.999965288744565,0.999999999992432
"Ppm1f",1.9919742615334e-11,-0.499356844298902,1.88461059459103e-09,0.999965362154123,0.999999999992432
"9530068E07Rik",1.99114311920161e-11,-0.499462227466322,1.88303823204408e-09,0.999965376606609,0.999999999992432
"Tada2b",1.99018879900264e-11,-0.499583280293555,1.88123364977934e-09,0.999965393200998,0.999999999992432
"Mrpl10",1.9850741970877e-11,-0.500232994304675,1.87157687981627e-09,0.999965482137284,0.999999999992432
"Adam9",1.97701414364816e-11,-0.501260107251354,1.85640930105081e-09,0.999965622291148,0.999999999992432
"Lsm14a",1.97589956759196e-11,-0.501402453450765,1.8543167251166e-09,0.999965641672178,0.999999999992432
"Tbc1d22a",1.97458439170945e-11,-0.501570517055366,1.85184904806667e-09,0.999965664541379,0.999999999992432
"Diras1",1.96914375514388e-11,-0.502266896467163,1.84165818727373e-09,0.999965759146984,0.999999999992432
"Slc29a1",1.96474698406089e-11,-0.502831002003831,1.83344313499741e-09,0.999965835601124,0.999999999992432
"Mcub",1.96471451995452e-11,-0.50283517160543,1.83338254643135e-09,0.999965836165633,0.999999999992432
"Acyp2",1.95954304670281e-11,-0.503500218625968,1.82374367982225e-09,0.999965926090838,0.999999999992432
"Plpp1",1.95563519128424e-11,-0.504003872379852,1.81647686307147e-09,0.999965994043369,0.999999999992432
"Tmtc1",1.95562729208769e-11,-0.504004891415084,1.81646218888392e-09,0.999965994180726,0.999999999992432
"Arl6ip5",1.95419608000485e-11,-0.504189589382506,1.81380443160922e-09,0.999966019067646,0.999999999992432
"Rasl10b",1.95125549704581e-11,-0.504569475286372,1.80834988224315e-09,0.999966070200565,0.999999999992432
"Snapc1",1.94947421492039e-11,-0.504799858858288,1.8050497393002e-09,0.999966101174748,0.999999999992432
"Zc4h2",1.94431822434561e-11,-0.505467841979167,1.7955143353609e-09,0.999966190830729,0.999999999992432
"Adap1",1.94207626467184e-11,-0.505758823599995,1.79137596970358e-09,0.999966229815497,0.999999999992432
"Ndufaf8",1.94087302703853e-11,-0.505915122176325,1.7891569185746e-09,0.999966250738237,0.999999999992432
"Phb",1.93977718418886e-11,-0.506057550459046,1.78713712512232e-09,0.999966269793521,0.999999999992432
"Eif2b2",1.93710798070385e-11,-0.506404790787307,1.78222217852413e-09,0.999966316207504,0.999999999992432
"Tecpr2",1.93706008183394e-11,-0.506411026167223,1.7821340415966e-09,0.999966317040403,0.999999999992432
"Impad1",1.93660284552285e-11,-0.506470555657221,1.78129280777978e-09,0.999966324991149,0.999999999992432
"Snrpb",1.93591468872202e-11,-0.506560174816283,1.78002709553325e-09,0.999966336957302,0.999999999992432
"Mrpl40",1.93149238339637e-11,-0.507136817989687,1.77190397693382e-09,0.999966413855449,0.999999999992432
"Cdkn2aipnl",1.93052085563034e-11,-0.507263667639744,1.77012191350223e-09,0.999966430749056,0.999999999992432
"Kifc2",1.92992540173039e-11,-0.507341444359223,1.76903012167753e-09,0.999966441103226,0.999999999992432
"Dip2c",1.92687092916743e-11,-0.507740770766827,1.76343490232855e-09,0.999966494216537,0.999999999992432
"Rnf13",1.92598220830557e-11,-0.507857070606595,1.76180859726955e-09,0.999966509670239,0.999999999992432
"Tppp",1.92514931817727e-11,-0.507966110606925,1.76028514009993e-09,0.999966524153117,0.999999999992432
"Exoc2",1.92461898137476e-11,-0.508035564397802,1.75931543307683e-09,0.999966533374985,0.999999999992432
"Etf1",1.92456275748248e-11,-0.508042928638208,1.75921264481844e-09,0.999966534352646,0.999999999992432
"Usf2",1.92324596000584e-11,-0.508215462061295,1.75680614051323e-09,0.999966557250044,0.999999999992432
"Nceh1",1.92291324003544e-11,-0.508259074463107,1.75619834105534e-09,0.999966563035612,0.999999999992432
"Stard7",1.92082044132426e-11,-0.508533559635583,1.75237771149419e-09,0.999966599426664,0.999999999992432
"Ube2g2",1.91934481465637e-11,-0.50872726921207,1.74968629696589e-09,0.999966625085896,0.999999999992432
"Hadha",1.91706820918768e-11,-0.509026403162704,1.74553802411201e-09,0.999966664673109,0.999999999992432
"Ninj1",1.91211808460467e-11,-0.509677989718552,1.73653524057547e-09,0.999966750749348,0.999999999992432
"Txnl4b",1.90998205720198e-11,-0.50995965076953,1.73265764005801e-09,0.999966787892091,0.999999999992432
"Ptp4a1",1.90857421680339e-11,-0.510145455205492,1.7301043109185e-09,0.999966812372607,0.999999999992432
"Nop14",1.90838856732965e-11,-0.510169966630288,1.72976774833626e-09,0.999966815600811,0.999999999992432
"Rell2",1.90815156286392e-11,-0.510201261781105,1.72933813223896e-09,0.999966819722011,0.999999999992432
"Insig2",1.90609883430397e-11,-0.510472468016997,1.72561940000731e-09,0.999966855416295,0.999999999992432
"Vamp7",1.90589496165956e-11,-0.510499418789333,1.72525028192201e-09,0.999966858961375,0.999999999992432
"Cdk2ap1",1.90576123149995e-11,-0.510517098622442,1.72500818054091e-09,0.999966861286769,0.999999999992432
"Cul2",1.89620136042331e-11,-0.511784027435534,1.70774526848682e-09,0.999967027520514,0.999999999992432
"Rap2c",1.8943698157536e-11,-0.51202744663828,1.7044478326457e-09,0.999967059368697,0.999999999992432
"Olfr920",1.89279686757526e-11,-0.512236675904353,1.70161850646748e-09,0.999967086720224,0.999999999992432
"Lhfpl3",1.88853507057937e-11,-0.512804399605947,1.69396444853698e-09,0.99996716082734,0.999999999992432
"Rhot2",1.88539165363576e-11,-0.513223921768842,1.6883300230957e-09,0.999967215487279,0.999999999992432
"Sh3bp5l",1.88258312249264e-11,-0.513599312299599,1.68330380402135e-09,0.999967264323988,0.999999999992432
"Klf9",1.88128504667549e-11,-0.513772993955159,1.6809832662277e-09,0.999967286895841,0.999999999992432
"Ptpmt1",1.88096937910048e-11,-0.513815247268522,1.68041919711558e-09,0.99996729238489,0.999999999992432
"Ube2s",1.87967298121715e-11,-0.513988845756092,1.67810364515969e-09,0.999967314927566,0.999999999992432
"Akt3",1.87786857501508e-11,-0.514230660212872,1.67488337515643e-09,0.999967346303847,0.999999999992432
"Deaf1",1.87594915020544e-11,-0.514488131093181,1.67146122967843e-09,0.999967379680152,0.999999999992432
"Mcts1",1.8678024810524e-11,-0.515583714582955,1.65697546948074e-09,0.99996752134015,0.999999999992432
"Gga3",1.86617737557098e-11,-0.515802805611218,1.65409337834937e-09,0.999967549598625,0.999999999992432
"Slc25a17",1.86451195885655e-11,-0.516027519378467,1.6511423988825e-09,0.999967578558059,0.999999999992432
"AI413582",1.85905286069637e-11,-0.516765451718381,1.6414878051132e-09,0.999967673484687,0.999999999992432
"Cmip",1.85668896608362e-11,-0.517085629498662,1.63731596337124e-09,0.999967714589745,0.999999999992432
"Mbd3",1.85577159269938e-11,-0.517209987475421,1.63569839678469e-09,0.999967730541677,0.999999999992432
"Nacc1",1.85016267556735e-11,-0.517971597629848,1.62582581093916e-09,0.999967828073463,0.999999999992432
"Pnrc1",1.84514277700674e-11,-0.518655089765658,1.61701533301838e-09,0.999967915362981,0.999999999992432
"Pex19",1.84227977451458e-11,-0.519045697786931,1.61200116576141e-09,0.999967965146876,0.999999999992432
"Lrsam1",1.84166312259526e-11,-0.519129904930963,1.6109222012498e-09,0.999967975869652,0.999999999992432
"Tmem60",1.84091053361054e-11,-0.519232711313328,1.60960587517986e-09,0.999967988956198,0.999999999992432
"Ogfrl1",1.84036444238014e-11,-0.519307334353065,1.60865106367337e-09,0.999967998452015,0.999999999992432
"Mast2",1.83910263555584e-11,-0.519479839984816,1.60644594495196e-09,0.999968020393197,0.999999999992432
"Ncoa1",1.83213367955982e-11,-0.520434618194343,1.59429432310471e-09,0.999968141574293,0.999999999992432
"Ggt7",1.83139805025187e-11,-0.520535603931672,1.59301431369024e-09,0.999968154365932,0.999999999992432
"Tsc22d4",1.83063347872399e-11,-0.52064060364521,1.59168448902651e-09,0.999968167660838,0.999999999992432
"Tspan31",1.82984333380904e-11,-0.520749159170147,1.59031076785126e-09,0.999968181400432,0.999999999992432
"Plppr5",1.82639892245659e-11,-0.521222896757033,1.58432934977757e-09,0.999968241294273,0.999999999992432
"Tifa",1.82407570982328e-11,-0.521542906381811,1.58030132179831e-09,0.999968281691924,0.999999999992432
"Smap1",1.82028840577979e-11,-0.522065417456742,1.57374581735155e-09,0.999968347548223,0.999999999992432
"Prkcz",1.81693510854794e-11,-0.52252891398815,1.56795291478959e-09,0.999968405857708,0.999999999992432
"Capza1",1.81334662537594e-11,-0.523025819145343,1.56176555418874e-09,0.999968468256771,0.999999999992432
"Hs6st1",1.81256133551405e-11,-0.523134684528858,1.56041316730608e-09,0.999968481911942,0.999999999992432
"Elk4",1.81241401461318e-11,-0.523155112738336,1.56015952388238e-09,0.999968484473661,0.999999999992432
"Mapk8ip1",1.80703997023205e-11,-0.523901383361064,1.55092108709661e-09,0.999968577921315,0.999999999992432
"Dync1h1",1.80511950115697e-11,-0.524168582128659,1.54762629195581e-09,0.999968611315778,0.999999999992432
"Bnip3l",1.80362080842621e-11,-0.52437728595842,1.54505753855251e-09,0.999968637376099,0.999999999992432
"Stk19",1.79861869642661e-11,-0.525075060819863,1.53649938293227e-09,0.999968724356331,0.999999999992432
"Sdf2",1.79735986836641e-11,-0.525250952686848,1.5343493867315e-09,0.999968746245717,0.999999999992432
"Itpkb",1.79547905692704e-11,-0.525513970390762,1.53113988815095e-09,0.999968778950585,0.999999999992432
"Lamtor2",1.79253722475288e-11,-0.525925889383911,1.52612655597066e-09,0.999968830105227,0.999999999992432
"Rtcb",1.7893029023854e-11,-0.526379505010355,1.52062426332865e-09,0.999968886345893,0.999999999992432
"Tcta",1.78821324881429e-11,-0.526532504996272,1.5187727611274e-09,0.999968905293554,0.999999999992432
"Zfp35",1.7859686319365e-11,-0.526847954533943,1.51496233930181e-09,0.999968944324527,0.999999999992432
"Dcaf12",1.77888850862174e-11,-0.527845440294347,1.50297460425953e-09,0.999969067438678,0.999999999992432
"Blzf1",1.77574256151159e-11,-0.528289868927446,1.49766331281826e-09,0.999969122142613,0.999999999992432
"Ldoc1l",1.7746969277066e-11,-0.528437751469457,1.49590005461184e-09,0.999969140324827,0.999999999992432
"Psmb2",1.77164760315788e-11,-0.528869486347281,1.49076389207673e-09,0.999969193348622,0.999999999992432
"Babam1",1.77148713378239e-11,-0.528892225753667,1.49049384839942e-09,0.999969196138976,0.999999999992432
"Galnt18",1.76790606940506e-11,-0.529400192305046,1.48447386735006e-09,0.999969258409035,0.999999999992432
"Syt7",1.76786732967682e-11,-0.529405692797417,1.48440881017863e-09,0.999969259082669,0.999999999992432
"Nfu1",1.76706333587952e-11,-0.529519874376499,1.48305895312191e-09,0.999969273063077,0.999999999992432
"Plxna2",1.76407668418962e-11,-0.529944465247508,1.47804992235566e-09,0.999969324997072,0.999999999992432
"Zpr1",1.76393007619734e-11,-0.529965325034066,1.47780425851451e-09,0.999969327546394,0.999999999992432
"Sf1",1.76381001264958e-11,-0.529982409231088,1.47760308910754e-09,0.999969329634143,0.999999999992432
"Rpl12",1.75661937133881e-11,-0.53100760648606,1.4655799617958e-09,0.999969454670059,0.999999999992432
"Parg",1.75034979131542e-11,-0.531904743036502,1.45513697857622e-09,0.999969563689915,0.999999999992432
"Rabggtb",1.74264644799515e-11,-0.533011230834229,1.44235695794397e-09,0.999969697641052,0.999999999992432
"Sestd1",1.74114594807063e-11,-0.53322729921984,1.43987415399245e-09,0.999969723732798,0.999999999992432
"Rims3",1.74082378376435e-11,-0.533273713171686,1.43934136334046e-09,0.999969729334817,0.999999999992432
"Them6",1.73955621495454e-11,-0.533456410033535,1.43724603353127e-09,0.999969751376192,0.999999999992432
"Ccdc137",1.73693181235823e-11,-0.533835071982775,1.43291266744749e-09,0.999969797011146,0.999999999992432
"Acadl",1.73561777114341e-11,-0.534024872670177,1.43074540440213e-09,0.999969819860616,0.999999999992432
"Snrnp25",1.73353806184216e-11,-0.5343255459607,1.42731866857006e-09,0.99996985602406,0.999999999992432
"Prrxl1",1.73315038732783e-11,-0.534381631764871,1.42668035180954e-09,0.999969862765217,0.999999999992432
"Pcdh17",1.7282748589884e-11,-0.535088005397945,1.41866484799401e-09,0.999969947544324,0.999999999992432
"Apex1",1.72471947457742e-11,-0.535604309194346,1.41283393430874e-09,0.999970009367842,0.999999999992432
"Utp3",1.72089974469578e-11,-0.5361601283858,1.40658286784568e-09,0.999970075787985,0.999999999992432
"Mtss1",1.71934802559056e-11,-0.536386258031915,1.40404740639163e-09,0.999970102770365,0.999999999992432
"Kcmf1",1.71594741147622e-11,-0.536882503061204,1.39849890590231e-09,0.999970161902629,0.999999999992432
"Cog4",1.7152298896004e-11,-0.536987328984695,1.39732958829387e-09,0.999970174379403,0.999999999992432
"Emc2",1.71215371116881e-11,-0.537437214048815,1.39232200225089e-09,0.999970227870151,0.999999999992432
"Thumpd1",1.71175505117641e-11,-0.537495573484351,1.39167369777398e-09,0.999970234802331,0.999999999992432
"Vps51",1.71001625908694e-11,-0.537750264570849,1.3888478236058e-09,0.999970265037668,0.999999999992432
"Fndc4",1.70972915324218e-11,-0.537792342312454,1.38838149721686e-09,0.999970270030065,0.999999999992432
"Eif1ad",1.7067027130113e-11,-0.538236300974878,1.38347062030903e-09,0.999970322655931,0.999999999992432
"Gmps",1.70565312293445e-11,-0.538390443532001,1.38176952670486e-09,0.99997034090694,0.999999999992432
"Csnk2a2",1.70512719270268e-11,-0.538467715415087,1.3809175336259e-09,0.999970350052184,0.999999999992432
"Slc25a1",1.70108598850713e-11,-0.539062222641917,1.37437965575613e-09,0.999970420323477,0.999999999992432
"Ccdc184",1.70090767745923e-11,-0.539088485125163,1.37409154071188e-09,0.999970423424075,0.999999999992432
"Ndufv3",1.69904716628132e-11,-0.539362666014326,1.37108712782787e-09,0.999970455775948,0.999999999992432
"Gm4631",1.69635872393514e-11,-0.539759362193832,1.36675155377746e-09,0.99997050252447,0.999999999992432
"Tusc2",1.69406115740543e-11,-0.540098855826262,1.36305177493001e-09,0.999970542476168,0.999999999992432
"Tmem109",1.69382034440251e-11,-0.540134464221685,1.36266428329819e-09,0.999970546663594,0.999999999992432
"Cyb5a",1.69303072435535e-11,-0.540251257041168,1.36139409400213e-09,0.999970560394061,0.999999999992432
"Rad23a",1.69099662213736e-11,-0.540552359912743,1.35812474848905e-09,0.999970595764457,0.999999999992432
"Trib2",1.68862009137052e-11,-0.540904587727647,1.35431000734578e-09,0.999970637089242,0.999999999992432
"Esam",1.68675993893747e-11,-0.54118061133232,1.35132788543033e-09,0.999970669434877,0.999999999992432
"Fam162a",1.684624785311e-11,-0.54149779838258,1.34790894427383e-09,0.999970706562426,0.999999999992432
"Fam58b",1.68061728875428e-11,-0.542094163151143,1.34150358268619e-09,0.999970776247588,0.999999999992432
"H3f3a",1.67949832797341e-11,-0.542260919532354,1.33971782195286e-09,0.999970795704863,0.999999999992432
"Derl1",1.67344416984816e-11,-0.543164992414134,1.33007655632331e-09,0.999970900978811,0.999999999992432
"Lcmt1",1.67086125466795e-11,-0.543551647367024,1.32597385160289e-09,0.999970945892352,0.999999999992432
"Fam131b",1.67045642419886e-11,-0.543612300785595,1.32533139300824e-09,0.999970952931828,0.999999999992432
"Tmem25",1.66962985604443e-11,-0.543736184106295,1.32402012780181e-09,0.999970967304776,0.999999999992432
"Stac",1.66837714723128e-11,-0.54392404709144,1.32203407148412e-09,0.999970989087755,0.999999999992432
"Vta1",1.66242262571827e-11,-0.544818855586995,1.31261410021639e-09,0.999971092629152,0.999999999992432
"Htatip2",1.65464577924307e-11,-0.54599210776219,1.30036195497937e-09,0.999971227858415,0.999999999992432
"Elof1",1.65199804890755e-11,-0.546392752583726,1.29620365944183e-09,0.999971273899007,0.999999999992432
"Bcan",1.65110093622629e-11,-0.546528638740767,1.29479624252323e-09,0.999971289498632,0.999999999992432
"Sowahc",1.64610210894579e-11,-0.547287100541978,1.28696793267996e-09,0.999971376421747,0.999999999992432
"Rit1",1.64577879555408e-11,-0.547336231522557,1.28646243171224e-09,0.999971382043747,0.999999999992432
"Tagap1",1.63977317861923e-11,-0.548250521070991,1.27709069342098e-09,0.999971486473627,0.999999999992432
"Cdkn1b",1.63787368226007e-11,-0.548540360863647,1.27413366969801e-09,0.999971519503403,0.999999999992432
"Bdnf",1.63676044449928e-11,-0.548710375704098,1.27240223986715e-09,0.999971538861162,0.999999999992432
"Pccb",1.62542330878905e-11,-0.550448078158335,1.25483652014385e-09,0.999971735999231,0.999999999992432
"Cript",1.62268011811545e-11,-0.550870271217427,1.2506045750116e-09,0.999971783699755,0.999999999992432
"Ahnak",1.6221193995219e-11,-0.550956652534072,1.24974042923944e-09,0.999971793449923,0.999999999992432
"Spire1",1.62144934501235e-11,-0.551059914767351,1.24870817321939e-09,0.999971805101301,0.999999999992432
"Ip6k1",1.61356053331999e-11,-0.552278718634633,1.23658709137402e-09,0.999971942277493,0.999999999992432
"Krt222",1.61229160263305e-11,-0.55247529391007,1.23464291106617e-09,0.99997196434255,0.999999999992432
"Ndrg2",1.61034953619658e-11,-0.552776432190404,1.23167035391946e-09,0.999971998112563,0.999999999992432
"Cdc42ep4",1.60957103640778e-11,-0.552897243828152,1.2304797759528e-09,0.999972011649664,0.999999999992432
"Rprd2",1.60918684784311e-11,-0.552956884660951,1.22989243953885e-09,0.999972018330204,0.999999999992432
"Fbxo11",1.60631868969127e-11,-0.55340256095972,1.22551211246646e-09,0.99997206820375,0.999999999992432
"Pim2",1.6046275979195e-11,-0.553665690089814,1.22293309430581e-09,0.99997209760964,0.999999999992432
"Asic1",1.59991367439585e-11,-0.554400556350407,1.21575841349308e-09,0.999972179578649,0.999999999992432
"Cttn",1.59941201336567e-11,-0.554478882696065,1.21499611861489e-09,0.999972188301883,0.999999999992432
"Bhlhe40",1.59844112905746e-11,-0.55463053706315,1.21352149840926e-09,0.9999722051843,0.999999999992432
"Ndufb6",1.58797253338113e-11,-0.556271337505343,1.19767823053535e-09,0.999972387219586,0.999999999992432
"Epm2a",1.58745994583778e-11,-0.556351941798962,1.19690514933267e-09,0.999972396132818,0.999999999992432
"Mtss1l",1.58502918860166e-11,-0.556734514848693,1.19324249516723e-09,0.99997243840053,0.999999999992432
"Ndufa12",1.58350017247408e-11,-0.556975449943569,1.19094145613724e-09,0.999972464988135,0.999999999992432
"Nrip1",1.58139111407651e-11,-0.557308148256649,1.18777114720125e-09,0.999972501661922,0.999999999992432
"Msrb2",1.57564016359149e-11,-0.55821749155385,1.17914786306901e-09,0.999972601663483,0.999999999992432
"Dusp7",1.57402860424989e-11,-0.558472877728798,1.17673703983082e-09,0.999972629686408,0.999999999992432
"Rgs7",1.57272563104001e-11,-0.558679543470666,1.17478965180678e-09,0.99997265234342,0.999999999992432
"Pitpnm1",1.56531010426816e-11,-0.559858832805778,1.16373731591289e-09,0.999972781289801,0.999999999992432
"Tmem259",1.56351457206882e-11,-0.560145173858374,1.16106905306671e-09,0.999972812511775,0.999999999992432
"Smpd3",1.56308229441809e-11,-0.560214157643084,1.16042712132038e-09,0.999972820028522,0.999999999992432
"Otud6b",1.55978688511358e-11,-0.560740642532975,1.15553927730164e-09,0.999972877331411,0.999999999992432
"Fam171b",1.55748844413015e-11,-0.561108474514779,1.15213627139818e-09,0.999972917298315,0.999999999992432
"Ift46",1.55553196004184e-11,-0.56142198779078,1.14924351095189e-09,0.999972951319033,0.999999999992432
"Cluh",1.55322751646095e-11,-0.561791740010266,1.14584093847186e-09,0.999972991390314,0.999999999992432
"Nol3",1.55041910604646e-11,-0.562243059820817,1.14170106540742e-09,0.999973040224925,0.999999999992432
"Pced1a",1.54453605170914e-11,-0.563191006711776,1.13305315057795e-09,0.999973142523601,0.999999999992432
"D130043K22Rik",1.54385933518427e-11,-0.56330026711453,1.13206050580527e-09,0.999973154290823,0.999999999992432
"Mrps27",1.54000229606574e-11,-0.563923881810556,1.12641109559836e-09,0.999973221359725,0.999999999992432
"Uba2",1.53784444478273e-11,-0.564273415563381,1.12325665260009e-09,0.999973258881956,0.999999999992432
"Hbb-bs",1.52710914073632e-11,-0.566019299545901,1.10762904728577e-09,0.999973445554954,0.999999999992432
"Fbxo9",1.52699820381836e-11,-0.566037402023986,1.10746812559881e-09,0.999973447484003,0.999999999992432
"Nudt11",1.52495300785223e-11,-0.566371357278784,1.10450352155069e-09,0.999973483047305,0.999999999992432
"Mtmr3",1.52399191748926e-11,-0.56652843844432,1.10311174990268e-09,0.999973499759419,0.999999999992432
"Slc39a6",1.52041687734901e-11,-0.567113572311072,1.09794237448375e-09,0.999973561924725,0.999999999992432
"Pacsin1",1.51764072252591e-11,-0.567568853276122,1.09393653198949e-09,0.999973610198452,0.999999999992432
"Rcn2",1.51680730147788e-11,-0.567705686208076,1.09273537893377e-09,0.999973624690562,0.999999999992432
"Ncor2",1.50874514699256e-11,-0.569033048355228,1.08115000689518e-09,0.99997376488096,0.999999999992432
"Cul1",1.50407668851526e-11,-0.56980475238007,1.07446962740884e-09,0.999973846059391,0.999999999992432
"Pdgfa",1.50261837037273e-11,-0.570046281262629,1.07238707544973e-09,0.99997387141765,0.999999999992432
"Atp5j2",1.50011368300186e-11,-0.570461631550785,1.06881496985089e-09,0.999973914970911,0.999999999992432
"Fnta",1.49922906727327e-11,-0.570608484103116,1.0675547830177e-09,0.99997393035323,0.999999999992432
"Ulk1",1.49793386004165e-11,-0.570823646343935,1.06571102553555e-09,0.999973952875202,0.999999999992432
"Irs2",1.49358639446192e-11,-0.571547149869348,1.05953395894793e-09,0.999974028471983,0.999999999992432
"Mapre1",1.49087071458515e-11,-0.572000108068683,1.05568451412348e-09,0.99997407569413,0.999999999992432
"Pdss2",1.49049415389221e-11,-0.572062977872639,1.05515129674285e-09,0.999974082242032,0.999999999992432
"Ctps",1.48657643059426e-11,-0.572717969543965,1.04961171374075e-09,0.999974150366153,0.999999999992432
"Ckmt1",1.48148460850438e-11,-0.57357170992603,1.042433766993e-09,0.999974238906327,0.999999999992432
"P2ry1",1.48109922376721e-11,-0.573636440394822,1.04189149229353e-09,0.999974245607667,0.999999999992432
"Dpm2",1.4792241534162e-11,-0.573951611766723,1.03925509471218e-09,0.999974278212706,0.999999999992432
"Shroom3",1.47687953674291e-11,-0.574346241278896,1.03596320182349e-09,0.999974318982546,0.999999999992432
"Twistnb",1.47632541353188e-11,-0.574439594374731,1.03518596366696e-09,0.999974328618029,0.999999999992432
"Usp10",1.47575307430782e-11,-0.57453605127212,1.03438348112422e-09,0.999974338570264,0.999999999992432
"Smyd2",1.47541631272113e-11,-0.57459282264409,1.03391144974802e-09,0.999974344426111,0.999999999992432
"Prmt5",1.4741685031977e-11,-0.574803286118228,1.03216336144066e-09,0.999974366123899,0.999999999992432
"Spire2",1.46858413908625e-11,-0.57574725863238,1.02435820398182e-09,0.999974463228739,0.999999999992432
"Usp33",1.46542288715883e-11,-0.576283144513917,1.01995291462586e-09,0.999974518198806,0.999999999992432
"Tmem218",1.45686233274451e-11,-0.577739836157282,1.00807121205208e-09,0.999974667055731,0.999999999992432
"Dym",1.45658591942271e-11,-0.577787006933169,1.00768872172033e-09,0.9999746718622,0.999999999992432
"U2af1",1.45283786990501e-11,-0.578427463772574,1.00250947632436e-09,0.999974737035914,0.999999999992432
"Bahd1",1.45115257096926e-11,-0.578715954918891,1.00018499365757e-09,0.999974766341074,0.999999999992432
"Kcnc1",1.44912353900829e-11,-0.579063709186918,9.97389989769429e-10,0.999974801623306,0.999999999992432
"Gorasp2",1.44758282639302e-11,-0.579328079869845,9.95270260994404e-10,0.999974828414297,0.999999999992432
"Sys1",1.44700349619355e-11,-0.57942755622028,9.94473795699116e-10,0.999974838488097,0.999999999992432
"Asrgl1",1.44658976056337e-11,-0.579498621612854,9.93905185572512e-10,0.999974845682423,0.999999999992432
"Stk38l",1.44507076309065e-11,-0.579759698229532,9.91818973085584e-10,0.999974872095816,0.999999999992432
"1700020I14Rik",1.44273420130221e-11,-0.580161802505724,9.8861418504103e-10,0.999974912725592,0.999999999992432
"Mrpl3",1.44160086082464e-11,-0.580357064522325,9.87061582500772e-10,0.999974932432911,0.999999999992432
"Pcx",1.43920461533673e-11,-0.580770391650382,9.83782899528944e-10,0.999974974100509,0.999999999992432
"Atg101",1.43700847737856e-11,-0.581149776865976,9.80782805543023e-10,0.999975012288496,0.999999999992432
"Folh1",1.43407099854383e-11,-0.581658091491702,9.7677714498832e-10,0.999975063367439,0.999999999992432
"Aacs",1.43323817767011e-11,-0.581802386550476,9.75642969363429e-10,0.999975077849112,0.999999999992432
"Polr3c",1.43282314363777e-11,-0.581874325342935,9.75078001986278e-10,0.999975085066015,0.999999999992432
"Nr1h2",1.43174458463226e-11,-0.582061367030444,9.73610572682767e-10,0.999975103820756,0.999999999992432
"Fam19a5",1.4293068042784e-11,-0.582484615982735,9.70297931365767e-10,0.999975146210591,0.999999999992432
"Snrpd2",1.42748430446858e-11,-0.582801487752767,9.67825067774896e-10,0.999975177901496,0.999999999992432
"Kctd9",1.42684405118377e-11,-0.582912897613866,9.6695708735111e-10,0.999975189034669,0.999999999992432
"Ufm1",1.4245388989729e-11,-0.58331440861367,9.6383525670992e-10,0.999975229118273,0.999999999992432
"Snrpf",1.42347417554889e-11,-0.583500070366193,9.62395023004134e-10,0.999975247632431,0.999999999992432
"Rsl24d1",1.41887819556287e-11,-0.584303013729424,9.56190473856736e-10,0.999975327550555,0.999999999992432
"Elavl1",1.41665307445015e-11,-0.584692642861027,9.53193780682725e-10,0.999975366242522,0.999999999992432
"Tmem199",1.41579813327269e-11,-0.584842501681689,9.5204363499502e-10,0.999975381108839,0.999999999992432
"Cdc42bpa",1.4145064002348e-11,-0.585069086938895,9.50307193651633e-10,0.999975403570399,0.999999999992432
"Nenf",1.40672602634476e-11,-0.586438028334867,9.39881774667728e-10,0.999975538860998,0.999999999992432
"Fbxl2",1.40191981674778e-11,-0.587287269745652,9.3347035995355e-10,0.999975622434743,0.999999999992432
"Ndufb11",1.39972429189753e-11,-0.587676132423525,9.30548862538208e-10,0.999975660612069,0.999999999992432
"Angel1",1.39196930004602e-11,-0.589054319210887,9.20266254563651e-10,0.999975795461308,0.999999999992432
"Slc30a9",1.39069890944893e-11,-0.589280783087249,9.18587246120009e-10,0.99997581755175,0.999999999992432
"Hgs",1.38967104187885e-11,-0.58946415790736,9.1722988960015e-10,0.999975835425033,0.999999999992432
"Atf4",1.3849841137625e-11,-0.59030195730103,9.11053260958573e-10,0.999975916924627,0.999999999992432
"Ppcdc",1.38197046938353e-11,-0.590842077106879,9.07092777384195e-10,0.999975969327989,0.999999999992432
"Sgpp2",1.37876699432788e-11,-0.59141744747968,9.02892280774825e-10,0.999976025032261,0.999999999992432
"Kat7",1.37812371269573e-11,-0.591533139226213,9.02049965098186e-10,0.999976036218093,0.999999999992432
"Epb41l1",1.37605823463209e-11,-0.591904954679734,8.99348076756825e-10,0.999976072134075,0.999999999992432
"Gm16551",1.37319903104521e-11,-0.592420527890675,8.95614589747376e-10,0.999976121851913,0.999999999992432
"Pomk",1.37209566827671e-11,-0.592619759628594,8.94175918779168e-10,0.999976141037958,0.999999999992432
"Dsel",1.37179902055466e-11,-0.592673350601399,8.93789318075740e-10,0.999976146196277,0.999999999992432
"Plpp6",1.3664880578153e-11,-0.593634671479778,8.86882048361055e-10,0.999976238547023,0.999999999992432
"Gsk3a",1.36083155812343e-11,-0.594662447940879,8.79554849356475e-10,0.999976336906208,0.999999999992432
"Dpp7",1.36025271746672e-11,-0.594767851104826,8.78806757024282e-10,0.999976346971495,0.999999999992432
"Usp39",1.35687573343056e-11,-0.595383628906105,8.74448695463498e-10,0.999976405692863,0.999999999992432
"Dock11",1.35251818312783e-11,-0.596180363410378,8.68841202417659e-10,0.999976481465004,0.999999999992432
"Adam22",1.35186184008242e-11,-0.596300580424096,8.67998153470911e-10,0.999976492877958,0.999999999992432
"Prep",1.35129661240824e-11,-0.596404153019157,8.67272466870467e-10,0.999976502706533,0.999999999992432
"Dnajb12",1.34738346405848e-11,-0.597122331005641,8.62256762874797e-10,0.999976570751102,0.999999999992432
"Commd3",1.34679382340125e-11,-0.597230719168913,8.615022480534e-10,0.999976581004187,0.999999999992432
"Mocs2",1.34346557521776e-11,-0.597843366743767,8.57249554938515e-10,0.999976638878101,0.999999999992432
"Ebna1bp2",1.3432209859276e-11,-0.597888446391673,8.56937444263664e-10,0.999976643131191,0.999999999992432
"Siae",1.33958887709756e-11,-0.598558790656558,8.52309342173842e-10,0.999976706288848,0.999999999992432
"Cryab",1.33565906307686e-11,-0.599286027023165,8.47316012743062e-10,0.999976774623211,0.999999999992432
"Pdcl3",1.33513745345318e-11,-0.599382706867179,8.46654344060211e-10,0.999976783693325,0.999999999992432
"P4ha1",1.33422633866791e-11,-0.59955166722581,8.45499202943398e-10,0.999976799536428,0.999999999992432
"Mageh1",1.33200796490811e-11,-0.59996350908,8.42689973482215e-10,0.999976838111067,0.999999999992432
"Arel1",1.3259657061217e-11,-0.601088569563199,8.35062087730791e-10,0.999976943178102,0.999999999992432
"Ddx25",1.32252367471997e-11,-0.601731650520427,8.30732293602453e-10,0.999977003030558,0.999999999992432
"Rfc1",1.32058273923681e-11,-0.602094980413237,8.28295717775318e-10,0.999977036780906,0.999999999992432
"Scrn3",1.31907627253234e-11,-0.602377330542124,8.26407023998381e-10,0.999977062976406,0.999999999992432
"Cyb561d2",1.31605992420631e-11,-0.602943592731628,8.22631834625164e-10,0.999977115426787,0.999999999992432
"Psmc4",1.31247920943297e-11,-0.603617406695477,8.18161517240759e-10,0.999977177690767,0.999999999992432
"Grm8",1.31083871920127e-11,-0.603926695380226,8.16117527276224e-10,0.999977206216762,0.999999999992432
"Gng8",1.30988731482824e-11,-0.60410623624358,8.14933283940787e-10,0.999977222760449,0.999999999992432
"Prpf31",1.30986832764641e-11,-0.60410982060213,8.14909658741693e-10,0.999977223090611,0.999999999992432
"Pmpca",1.30785962986289e-11,-0.604489297252802,8.12412228911606e-10,0.999977258019257,0.999999999992432
"Rhbdd2",1.30713795869384e-11,-0.604625768223346,8.11515905311948e-10,0.999977270568182,0.999999999992432
"Pisd",1.30556146231406e-11,-0.60492413926704,8.09559600109276e-10,0.999977297981407,0.999999999992432
"Borcs6",1.29997979999379e-11,-0.605983294656945,8.02652182756692e-10,0.999977395039267,0.999999999992432
"Flii",1.29864064680972e-11,-0.606238049876672,8.00999356160332e-10,0.999977418325402,0.999999999992432
"Pcsk1",1.29839715691492e-11,-0.606284397244868,8.0069901600806e-10,0.999977422559375,0.999999999992432
"Hdac2",1.29560954217392e-11,-0.606815598186177,7.97264559438765e-10,0.999977471032376,0.999999999992432
"Ogfod2",1.29460826886512e-11,-0.60700666339958,7.96032751190881e-10,0.999977488443219,0.999999999992432
"Seh1l",1.29320581668922e-11,-0.607274518608595,7.94308997075267e-10,0.999977512830041,0.999999999992432
"Snd1",1.29000484556385e-11,-0.6078869091945,7.90381681822862e-10,0.999977568490772,0.999999999992432
"Nudt19",1.28998979357498e-11,-0.607889792259108,7.90363237323352e-10,0.999977568752507,0.999999999992432
"Erp29",1.28896230879992e-11,-0.608086672732533,7.89104680424151e-10,0.999977586619133,0.999999999992432
"Efnb2",1.2848854980048e-11,-0.60886931891351,7.84120914886758e-10,0.999977657509579,0.999999999992432
"Wbscr22",1.2845494291748e-11,-0.608933940967025,7.83710786301003e-10,0.99997766335338,0.999999999992432
"Dnajc2",1.2825178537278e-11,-0.60932493118378,7.81233795519903e-10,0.999977698679839,0.999999999992432
"Trim9",1.28164016923906e-11,-0.609494029431699,7.80164894743634e-10,0.999977713941632,0.999999999992432
"Ugcg",1.27564625658922e-11,-0.610651790386318,7.72884683750464e-10,0.99997781816799,0.999999999992432
"Tmbim4",1.26915890557324e-11,-0.611910699882406,7.65043599551167e-10,0.999977930974601,0.999999999992432
"Vps13d",1.26863976293096e-11,-0.612011706631388,7.64417853595292e-10,0.999977940001817,0.999999999992432
"Rsl1d1",1.26746204746641e-11,-0.612240993948937,7.62999249383347e-10,0.99997796048076,0.999999999992432
"Mib1",1.26671952553355e-11,-0.612385658264275,7.62105529956599e-10,0.999977973392252,0.999999999992432
"Gspt1",1.26525356274674e-11,-0.612671506029378,7.60342595304049e-10,0.999977998883442,0.999999999992432
"Tfip11",1.26485414771211e-11,-0.612749442417912,7.59862621426544e-10,0.99997800582875,0.999999999992432
"Dennd4b",1.26184625156665e-11,-0.613337114231954,7.56252924254260e-10,0.999978058132159,0.999999999992432
"Phactr2",1.26121670913262e-11,-0.61346028033429,7.5549851452609e-10,0.999978069079084,0.999999999992432
"Sesn3",1.25932891740298e-11,-0.613829965617437,7.53238543737906e-10,0.999978101905331,0.999999999992432
"Arhgef18",1.25883424399331e-11,-0.613926924303336,7.52646904981402e-10,0.999978110507059,0.999999999992432
"Csnk1d",1.25818068574948e-11,-0.614055080796966,7.51865593382224e-10,0.999978121871589,0.999999999992432
"Atp1a2",1.25576355055833e-11,-0.614529607867811,7.48979497438346e-10,0.999978163902431,0.999999999992432
"Gtf2b",1.25358054347122e-11,-0.614958917651657,7.46377723573641e-10,0.99997820186209,0.999999999992432
"Habp4",1.25145337781773e-11,-0.615377929387301,7.43846857837345e-10,0.999978238850738,0.999999999992432
"Slc25a51",1.24960885719462e-11,-0.615741813411392,7.41655757846587e-10,0.999978270924557,0.999999999992432
"Slc45a1",1.24900098150161e-11,-0.61586184592895,7.40934372350105e-10,0.999978281494726,0.999999999992432
"Lamc1",1.24867887337691e-11,-0.615925472628191,7.40552258628364e-10,0.999978287095768,0.999999999992432
"Dcaf11",1.24712361900296e-11,-0.616232904867588,7.38708662325225e-10,0.999978314139622,0.999999999992432
"Trim44",1.2456630346618e-11,-0.616521955173438,7.36979379874395e-10,0.999978339537287,0.999999999992432
"Nup153",1.24402422303159e-11,-0.616846660276354,7.3504149480337e-10,0.999978368034093,0.999999999992432
"Dnajc3",1.24064231627581e-11,-0.617518019102888,7.31050474622649e-10,0.999978426841061,0.999999999992432
"Eif4a3",1.23643302493853e-11,-0.618356058782732,7.26098226629275e-10,0.999978500035171,0.999999999992432
"Tceal8",1.23532891949906e-11,-0.618576326922915,7.24802028548523e-10,0.999978519234131,0.999999999992432
"Sorcs3",1.2320590849775e-11,-0.619229755032199,7.20970099962359e-10,0.999978576092308,0.999999999992432
"Vps16",1.22965225590426e-11,-0.619711777671648,7.18156019192522e-10,0.99997861794394,0.999999999992432
"Foxj1",1.22581525540404e-11,-0.620482081355581,7.13681151169765e-10,0.999978684664396,0.999999999992432
"Washc2",1.21985951208647e-11,-0.621682285679292,7.06763018948754e-10,0.999978788227039,0.999999999992432
"Mmp24",1.2115814254156e-11,-0.623359768362258,6.97203239415516e-10,0.999978932172218,0.999999999992432
"Zfp943",1.21105475027851e-11,-0.623466862578526,6.96597221870089e-10,0.999978941330414,0.999999999992432
"Lsm11",1.20930576467624e-11,-0.623822819309182,6.94586645950209e-10,0.999978971743003,0.999999999992432
"Eml4",1.20893350668457e-11,-0.623898645051249,6.94159085542254e-10,0.999978978216086,0.999999999992432
"Cabp1",1.20859376235274e-11,-0.623967867402368,6.93768983894751e-10,0.999978984123799,0.999999999992432
"Rps6ka2",1.20724913622627e-11,-0.62424201424805,6.92226131363325e-10,0.999979007505101,0.999999999992432
"Adora1",1.20716296107737e-11,-0.62425959381295,6.92127310732015e-10,0.999979009003575,0.999999999992432
"Ecsit",1.20619128441321e-11,-0.624457896533236,6.91013536846991e-10,0.999979025899771,0.999999999992432
"Slc4a8",1.20442179307253e-11,-0.62481940981253,6.88987580268607e-10,0.999979056668928,0.999999999992432
"Cwc15",1.20192160310836e-11,-0.625331068396162,6.86130089777261e-10,0.999979100143984,0.999999999992432
"Rngtt",1.20104431690953e-11,-0.62551084281303,6.85128838479927e-10,0.999979115398852,0.999999999992432
"Zfp777",1.19751401038431e-11,-0.62623554020892,6.81107071700162e-10,0.999979176786299,0.999999999992432
"Get4",1.19523528847847e-11,-0.626704392263037,6.78517411942555e-10,0.999979216410314,0.999999999992432
"Pard6a",1.19454111921833e-11,-0.626847387861012,6.77729501547225e-10,0.999979228481016,0.999999999992432
"Qrsl1",1.19373219185178e-11,-0.627014122713854,6.76811913523285e-10,0.999979242547212,0.999999999992432
"Ddx52",1.19067877166199e-11,-0.627644457643907,6.73353938388714e-10,0.999979295642225,0.999999999992432
"Timm29",1.19009993879546e-11,-0.627764122525303,6.72699413152495e-10,0.999979305707377,0.999999999992432
"Mtap",1.18577796800081e-11,-0.628659375796378,6.67822330339203e-10,0.999979380860837,0.999999999992432
"Stambp",1.18457619694247e-11,-0.628908861523029,6.66469357230766e-10,0.999979401758075,0.999999999992432
"Abhd3",1.18354400809293e-11,-0.629123334272616,6.65308397677605e-10,0.999979419706499,0.999999999992432
"Wdr4",1.18220509333513e-11,-0.629401804767758,6.63803954478629e-10,0.999979442988488,0.999999999992432
"Bsdc1",1.18138302550559e-11,-0.62957292876108,6.62881099128433e-10,0.99997945728318,0.999999999992432
"Frg1",1.17753221892436e-11,-0.63037603267948,6.58566720802934e-10,0.999979524243706,0.999999999992432
"3000002C10Rik",1.17593621427e-11,-0.630709618520353,6.56782713145435e-10,0.999979551996155,0.999999999992432
"Ankrd39",1.1752811482117e-11,-0.630846660397252,6.56051183281204e-10,0.999979563386903,0.999999999992432
"Kcnt1",1.17248920085536e-11,-0.631431559400717,6.52937911596775e-10,0.999979611935242,0.999999999992432
"Trappc10",1.17078397449903e-11,-0.631789446950507,6.51040073586017e-10,0.999979641586915,0.999999999992432
"Mapk11",1.16871934959948e-11,-0.632223427239368,6.4874593837644e-10,0.999979677488061,0.999999999992432
"Arhgef7",1.16532252309437e-11,-0.632939021107766,6.44980320979587e-10,0.999979736554463,0.999999999992432
"Maged2",1.16468885538391e-11,-0.633072732244833,6.44279069480762e-10,0.999979747573122,0.999999999992432
"Vps45",1.1641831070713e-11,-0.633179500523429,6.43719654312401e-10,0.999979756367428,0.999999999992432
"Dnajb5",1.16292079280149e-11,-0.633446179422228,6.42324451160219e-10,0.999979778317434,0.999999999992432
"Gdpd1",1.15983186393577e-11,-0.634099913905194,6.38916722116489e-10,0.999979832029896,0.999999999992432
"Cog6",1.15330962638406e-11,-0.635485717125945,6.31751114972845e-10,0.999979945443138,0.999999999992432
"Spty2d1",1.15189281253895e-11,-0.635787736725627,6.30199885507063e-10,0.999979970079691,0.999999999992432
"Uspl1",1.14892939217585e-11,-0.636420586218715,6.2696148540954e-10,0.999980021609724,0.999999999992432
"Ankrd13a",1.14734498480553e-11,-0.636759578761308,6.25233481117563e-10,0.99998004916051,0.999999999992432
"Smap2",1.14606625493243e-11,-0.63703349438425,6.23840597178212e-10,0.999980071395962,0.999999999992432
"Gpi1",1.14550706290295e-11,-0.637153369677964,6.2323197340457e-10,0.999980081119586,0.999999999992432
"Pcmtd1",1.14487852814246e-11,-0.637288176509048,6.22548231673999e-10,0.999980092048989,0.999999999992432
"Ddr1",1.14400944658333e-11,-0.63747469117675,6.21603433042851e-10,0.999980107161189,0.999999999992432
"Cnot11",1.14287578505572e-11,-0.637718190084981,6.20372081776162e-10,0.999980126874091,0.999999999992432
"Ptch1",1.13889027365564e-11,-0.63857606226523,6.16052821705394e-10,0.999980196176959,0.999999999992432
"Larp6",1.13770223453787e-11,-0.638832336750625,6.14768214877461e-10,0.999980216835417,0.999999999992432
"Mrps2",1.13699173260911e-11,-0.638985722163394,6.14000601702577e-10,0.999980229190123,0.999999999992432
"Msh2",1.13611454083636e-11,-0.639175218759442,6.13053561373806e-10,0.999980244443348,0.999999999992432
"Chchd1",1.13528440074741e-11,-0.639354678996705,6.12157992503148e-10,0.999980258878407,0.999999999992432
"Ptp4a3",1.13198489780079e-11,-0.640069202293971,6.08604905755042e-10,0.999980316252479,0.999999999992432
"Mrpl47",1.12817035097804e-11,-0.640897730783889,6.0451008020121e-10,0.999980382582495,0.999999999992432
"Wrap73",1.12740102246504e-11,-0.641065153170078,6.03685899225091e-10,0.999980395960119,0.999999999992432
"Ppp2r2d",1.12702644341567e-11,-0.641146708894721,6.0328481652212e-10,0.999980402473562,0.999999999992432
"Pura",1.12702222544591e-11,-0.641147627404429,6.0328030086525e-10,0.999980402546907,0.999999999992432
"Bola3",1.12173338995648e-11,-0.64230190699049,5.97631496913281e-10,0.999980494512889,0.999999999992432
"Caln1",1.12130165918013e-11,-0.6423963596225,5.97171554720083e-10,0.999980502020126,0.999999999992432
"Hmgb3",1.12035313948865e-11,-0.642603995009416,5.96161675887945e-10,0.999980518513652,0.999999999992432
"Mier2",1.11732578354864e-11,-0.643267816188171,5.92944198967951e-10,0.999980571155441,0.999999999992432
"Kcnn1",1.11486379594498e-11,-0.643808927614173,5.90334014978849e-10,0.999980613966209,0.999999999992432
"Aldh7a1",1.11462990161556e-11,-0.643860393438535,5.90086341146095e-10,0.999980618033327,0.999999999992432
"Dpy19l1",1.11393204312797e-11,-0.64401401036448,5.89347678294698e-10,0.99998063016818,0.999999999992432
"Atp5h",1.1137096872847e-11,-0.644062975913478,5.89112418304403e-10,0.99998063403466,0.999999999992432
"Gga2",1.11343127312002e-11,-0.644124299304432,5.88817912936379e-10,0.99998063887592,0.999999999992432
"Chn2",1.11219706716013e-11,-0.644396320539367,5.87513261594845e-10,0.999980660337159,0.999999999992432
"Smim12",1.11138519277938e-11,-0.644575415527543,5.86655836439548e-10,0.999980674454601,0.999999999992432
"Dag1",1.10747910747114e-11,-0.645438817439,5.82539350372217e-10,0.999980742376352,0.999999999992432
"Aggf1",1.10622470092913e-11,-0.645716705467768,5.81220449955123e-10,0.999980764188853,0.999999999992432
"Ppt1",1.10454678879886e-11,-0.646088880831087,5.79458606765233e-10,0.999980793365566,0.999999999992432
"Lpin2",1.1039345269872e-11,-0.646224819530211,5.78816384904241e-10,0.999980804012004,0.999999999992432
"Wipi1",1.10136365802239e-11,-0.646796404905578,5.76123601359694e-10,0.999980848716078,0.999999999992432
"Mrpl42",1.09973056345723e-11,-0.647160152058298,5.74416323728411e-10,0.999980877113471,0.999999999992432
"Trap1",1.09879373849598e-11,-0.647369047345835,5.73438087128745e-10,0.999980893403641,0.999999999992432
"Trip4",1.09862628906904e-11,-0.647406403409143,5.7326332355094e-10,0.999980896315369,0.999999999992432
"Mfsd14b",1.09838050411141e-11,-0.647461245035888,5.73006851005081e-10,0.99998090058925,0.999999999992432
"Lrrn3",1.09784298257058e-11,-0.647581222043264,5.72446156128451e-10,0.999980909936052,0.999999999992432
"Ganab",1.09646098002964e-11,-0.647889947027197,5.71005833406453e-10,0.999980933967282,0.999999999992432
"Hdhd2",1.09342402173888e-11,-0.648569672628759,5.67847090208782e-10,0.999980986776043,0.999999999992432
"Cntfr",1.08949265105409e-11,-0.649452252150985,5.6377107931581e-10,0.999981055137474,0.999999999992432
"Fh1",1.08547105359239e-11,-0.650358223118961,5.59616712934408e-10,0.999981125067832,0.999999999992432
"mt-Nd3",1.08439817745254e-11,-0.650600455569575,5.58511012878487e-10,0.999981143723755,0.999999999992432
"Smim11",1.07940892810514e-11,-0.651729920712199,5.5338348612663e-10,0.999981230480323,0.999999999992432
"Lpcat1",1.07835064243455e-11,-0.651970132609753,5.52298909725935e-10,0.999981248882537,0.999999999992432
"Tsn",1.07791344232112e-11,-0.652069434580949,5.51851158897256e-10,0.999981256484879,0.999999999992432
"Znfx1",1.07527936233766e-11,-0.652668528351537,5.49157354477881e-10,0.99998130228811,0.999999999992432
"Eif4enif1",1.07237067243584e-11,-0.653331701134648,5.46190371056397e-10,0.99998135286645,0.999999999992432
"Lrrtm2",1.07110424852306e-11,-0.653620976188752,5.44901077856765e-10,0.999981374887917,0.999999999992432
"Wdr41",1.07067849989118e-11,-0.653718298166165,5.44467983165575e-10,0.999981382291133,0.999999999992432
"Dlgap4",1.06964940025342e-11,-0.65395369219815,5.43421838075311e-10,0.99998140018584,0.999999999992432
"Cib1",1.06670771748574e-11,-0.654627754717946,5.4043697872544e-10,0.999981451337883,0.999999999992432
"Acaa2",1.06408721564134e-11,-0.655229710085675,5.37784937271638e-10,0.999981496905008,0.999999999992432
"Amigo2",1.06317360581109e-11,-0.655439906469173,5.36861865035613e-10,0.999981512791496,0.999999999992432
"Prelid3b",1.06303839769777e-11,-0.655471028695791,5.36725323902864e-10,0.99998151514259,0.999999999992432
"Lzts3",1.062855141908e-11,-0.655513216547482,5.36540289109331e-10,0.99998151832917,0.999999999992432
"Slk",1.06242312022664e-11,-0.655612700876102,5.36104199713728e-10,0.999981525841466,0.999999999992432
"Emc8",1.06218824810308e-11,-0.655666802472297,5.35867190538777e-10,0.999981529925588,0.999999999992432
"Pcyt1a",1.0597317570611e-11,-0.656233324640201,5.33391488495352e-10,0.999981572640777,0.999999999992432
"Ppif",1.0592977984039e-11,-0.656333534918937,5.32954731817488e-10,0.999981580186755,0.999999999992432
"Pnmal2",1.05050286693986e-11,-0.65837292081783,5.24141644610854e-10,0.999981733119193,0.999999999992432
"Edc3",1.04933864851041e-11,-0.658644096781813,5.22980529784222e-10,0.99998175336344,0.999999999992432
"R3hdm4",1.04786922910483e-11,-0.658986770089525,5.21516865638356e-10,0.999981778914735,0.999999999992432
"Ntrk2",1.04761537946856e-11,-0.659046014874052,5.21264218022789e-10,0.999981783328851,0.999999999992432
"Acvr2a",1.04724628295895e-11,-0.659132180923715,5.20896978452718e-10,0.99998178974696,0.999999999992432
"Zfp354c",1.04643702257826e-11,-0.659321204801369,5.20092242411621e-10,0.999981803818947,0.999999999992432
"Hccs",1.0422132771239e-11,-0.660310030163634,5.1590220738824e-10,0.999981877264396,0.999999999992432
"Strn",1.04192746290595e-11,-0.6603770798655,5.15619286472334e-10,0.999981882234334,0.999999999992432
"Casp3",1.03952084330651e-11,-0.660942347295694,5.13240106683813e-10,0.999981924082324,0.999999999992432
"Mid2",1.0388032250617e-11,-0.661111142278489,5.12531735441454e-10,0.999981936560773,0.999999999992432
"Rnd2",1.03744698973495e-11,-0.661430452654958,5.11194312015172e-10,0.999981960143945,0.999999999992432
"Atp5sl",1.03674249826232e-11,-0.661596473780943,5.10500281840844e-10,0.999981972394137,0.999999999992432
"Krcc1",1.03653470239604e-11,-0.661645463618416,5.10295661662533e-10,0.999981976007437,0.999999999992432
"Gns",1.03327912862713e-11,-0.662414216421414,5.07095197206243e-10,0.999982032617637,0.999999999992432
"Wasf2",1.03232759684176e-11,-0.662639340313175,5.06161673991773e-10,0.99998204916354,0.999999999992432
"Pelo",1.03224925017854e-11,-0.662657885213789,5.06084848430747e-10,0.999982050525887,0.999999999992432
"Ipo9",1.0319007852874e-11,-0.662740384147351,5.05743219632958e-10,0.999982056585239,0.999999999992432
"Cdc73",1.03098062887302e-11,-0.66295835811137,5.04841669038549e-10,0.999982072585564,0.999999999992432
"Pgm3",1.03000821673827e-11,-0.663188911764463,5.03889793439073e-10,0.999982089494548,0.999999999992432
"Selenos",1.02882575954864e-11,-0.663469544710204,5.02733518971014e-10,0.999982110055943,0.999999999992432
"Porcn",1.02836161812002e-11,-0.663579783290246,5.02280017846046e-10,0.99998211812676,0.999999999992432
"Med10",1.0258620714056e-11,-0.66417426638042,4.9984129091582e-10,0.999982161590632,0.999999999992432
"Lsm6",1.02566260791829e-11,-0.664221765314968,4.99646936533936e-10,0.999982165059043,0.999999999992432
"Ttll12",1.0252537066397e-11,-0.664319165838704,4.99248627101208e-10,0.999982172169305,0.999999999992432
"Ubr2",1.0234256929983e-11,-0.664755051493078,4.97469906988505e-10,0.999982203956089,0.999999999992432
"Nipa2",1.02178558775749e-11,-0.665146760747865,4.95876729801813e-10,0.999982232475389,0.999999999992432
"Vegfb",1.02024265440796e-11,-0.6655158078949,4.94380276759506e-10,0.999982259304997,0.999999999992432
"Sec24c",1.01637913153338e-11,-0.666442237262357,4.90643061993229e-10,0.999982326486643,0.999999999992432
"Gyg",1.01477002075966e-11,-0.666829071096447,4.89090739531622e-10,0.99998235446699,0.999999999992432
"Pds5b",1.01405345096265e-11,-0.667001523635814,4.8840025024805e-10,0.999982366927208,0.999999999992432
"Rpl7a",1.01347107098726e-11,-0.667141766814534,4.8783942606506e-10,0.999982377054039,0.999999999992432
"Coa7",1.00811990146934e-11,-0.668433979712282,4.82701401436169e-10,0.999982470103929,0.999999999992432
"Gm561",1.00766995807912e-11,-0.668542929872996,4.82270619666977e-10,0.999982477927861,0.999999999992432
"Tmem123",1.00757667611844e-11,-0.668565523130472,4.82181334348214e-10,0.999982479549913,0.999999999992432
"Alkbh6",1.00602074401704e-11,-0.668942669272284,4.80693284532872e-10,0.999982506605552,0.999999999992432
"Ttyh1",1.00580559107061e-11,-0.668994864317469,4.80487699274591e-10,0.999982510346782,0.999999999992432
"Eif2b1",1.00468228044176e-11,-0.669267546306846,4.79415055519021e-10,0.999982529879695,0.999999999992432
"Fam122b",1.00467601250629e-11,-0.669269068651262,4.79409073661238e-10,0.999982529988686,0.999999999992432
"Ndufa13",1.00398863532094e-11,-0.669436072305227,4.78753295827708e-10,0.999982541941283,0.999999999992432
"Poglut1",1.00237218445736e-11,-0.669829230101293,4.77212923425689e-10,0.999982570049265,0.999999999992432
"Stat2",9.99425853207801e-12,-0.670547397109819,4.74411646691366e-10,0.99998262128214,0.999999999992432
"Daxx",9.9909786578616e-12,-0.670627468275196,4.74100316901282e-10,0.999982626985415,0.999999999992432
"Fbxo38",9.9721728311998e-12,-0.671087055211098,4.72317216842687e-10,0.999982659686306,0.999999999992432
"Ciz1",9.96007996669743e-12,-0.67138302229239,4.71172390124654e-10,0.999982680714227,0.999999999992432
"Abca2",9.93229142533568e-12,-0.672064429117105,4.68546923553286e-10,0.999982729034892,0.999999999992432
"2310061I04Rik",9.91026501180253e-12,-0.672605829867839,4.66471075333651e-10,0.999982767335965,0.999999999992432
"Atg4c",9.8952997383411e-12,-0.672974323058347,4.65063323599703e-10,0.999982793358632,0.999999999992432
"Chst12",9.82074752410191e-12,-0.674817963005427,4.5808205125644e-10,0.999982922995252,0.999999999992432
"Epha5",9.82026668066749e-12,-0.674829897125338,4.58037195128348e-10,0.999982923831377,0.999999999992432
"Psmf1",9.82001965514318e-12,-0.674836028301938,4.58014151873237e-10,0.999982924260922,0.999999999992432
"Tab3",9.81440726129956e-12,-0.674975367480497,4.57490767740185e-10,0.999982934020146,0.999999999992432
"Grik5",9.80733955020519e-12,-0.675150945611402,4.5683209356053e-10,0.999982946309978,0.999999999992432
"Coasy",9.79118455472798e-12,-0.675552724494089,4.55328313260011e-10,0.999982974401417,0.999999999992432
"Fam63a",9.78112876176041e-12,-0.67580313275503,4.54393526256188e-10,0.999982991887136,0.999999999992432
"Tmem183a",9.7794999571908e-12,-0.675843716081573,4.54242202897542e-10,0.999982994719415,0.999999999992432
"Ppfia2",9.75993579886347e-12,-0.67633167942012,4.52426572813153e-10,0.999983028738946,0.999999999992432
"Tmem168",9.7547788477462e-12,-0.676460457281922,4.51948593167393e-10,0.999983037706215,0.999999999992432
"Slc22a23",9.74894847768653e-12,-0.676606129477319,4.51408500948487e-10,0.999983047844471,0.999999999992432
"Bbip1",9.73578191378722e-12,-0.676935401687547,4.5019001356951e-10,0.999983070739416,0.999999999992432
"Tmem178b",9.72406592859391e-12,-0.677228753390767,4.4910715325558e-10,0.999983091111993,0.999999999992432
"Ddrgk1",9.71722032831826e-12,-0.677400312983533,4.48475046088573e-10,0.999983103015603,0.999999999992432
"Cacnb1",9.6603095769239e-12,-0.67883103120569,4.43237270122236e-10,0.99998320197601,0.999999999992432
"Ppp1r8",9.64698446001566e-12,-0.679167177091536,4.42015339294177e-10,0.999983225146658,0.999999999992432
"Svil",9.64331366834587e-12,-0.679259855758597,4.41679019165723e-10,0.999983231529688,0.999999999992432
"Wdr43",9.64246229795291e-12,-0.679281355602464,4.41601034387082e-10,0.999983233010111,0.999999999992432
"Amph",9.63407290970563e-12,-0.679493311158557,4.40832942014812e-10,0.999983247598167,0.999999999992432
"Ndrg1",9.62742518770494e-12,-0.679661388551577,4.40224783075597e-10,0.999983259157693,0.999999999992432
"Cisd3",9.59892424932455e-12,-0.680383242641072,4.3762216660671e-10,0.999983308717124,0.999999999992432
"Lamtor3",9.5735523043638e-12,-0.681027562603569,4.35311772016198e-10,0.999983352835642,0.999999999992432
"Nf2",9.56806943639633e-12,-0.681167013036395,4.34813300093729e-10,0.999983362369637,0.999999999992432
"Rapgef2",9.55393492865859e-12,-0.681526858355457,4.33529586074717e-10,0.999983386947711,0.999999999992432
"Ube2d-ps",9.54029638329495e-12,-0.681874556888018,4.32292715051921e-10,0.99998341066337,0.999999999992432
"Slc16a7",9.53769781234751e-12,-0.681940857920746,4.32057252701957e-10,0.999983415181948,0.999999999992432
"Calu",9.52203103979774e-12,-0.682340950517026,4.30639010385265e-10,0.999983442424431,0.999999999992432
"Mpped2",9.51978618095518e-12,-0.682398330156407,4.30435984406506e-10,0.999983446327949,0.999999999992432
"Micall1",9.51222436831375e-12,-0.682591708231931,4.29752443097884e-10,0.999983459476959,0.999999999992432
"St6galnac6",9.4971524831766e-12,-0.682977577226993,4.28391657703521e-10,0.99998348568501,0.999999999992432
"Gm2a",9.49544431142623e-12,-0.68302134637537,4.28237569260531e-10,0.999983488655299,0.999999999992432
"Pold3",9.48993165460576e-12,-0.683162650360325,4.27740480043834e-10,0.999983498241094,0.999999999992432
"Slc35f6",9.47235160027021e-12,-0.683613795088266,4.26157173430334e-10,0.999983528810525,0.999999999992432
"Rnf34",9.46792923801508e-12,-0.683727408305921,4.25759345828298e-10,0.999983536500439,0.999999999992432
"Kat5",9.46778190993008e-12,-0.683731194123041,4.25746095661449e-10,0.999983536756624,0.999999999992432
"Pabpc1",9.45440354300904e-12,-0.684075204901967,4.2454375210398e-10,0.999983560019867,0.999999999992432
"Ptcd2",9.44627856791419e-12,-0.684284355949977,4.23814372357942e-10,0.999983574148143,0.999999999992432
"Mrpl53",9.38687602459893e-12,-0.685818693676902,4.18500852669894e-10,0.999983677441453,0.999999999992432
"Tmem150c",9.37724984217860e-12,-0.686068201191638,4.1764295278798e-10,0.999983694180134,0.999999999992432
"Nfia",9.35790165753124e-12,-0.686570436697405,4.15921276033535e-10,0.999983727824115,0.999999999992432
"Arsa",9.35447929235847e-12,-0.686659376287293,4.15617110793705e-10,0.999983733775164,0.999999999992432
"Mad2l1bp",9.35002244580045e-12,-0.686775246075301,4.15221172042411e-10,0.999983741525041,0.999999999992432
"Gpalpp1",9.33616090796326e-12,-0.687135956131887,4.13990942352787e-10,0.999983765628455,0.999999999992432
"Zfp946",9.3205214934028e-12,-0.687543542069628,4.12605115113574e-10,0.999983792823367,0.999999999992432
"Insig1",9.31037902364605e-12,-0.687808217044123,4.11707620705533e-10,0.999983810459805,0.999999999992432
"Sec16a",9.29323135037321e-12,-0.688256321416784,4.10192467258008e-10,0.999983840277382,0.999999999992432
"Enpp2",9.27514690550919e-12,-0.688729757367598,4.08597567693528e-10,0.999983871723883,0.999999999992432
"Tmem261",9.2671324406788e-12,-0.688939849968964,4.07891751155481e-10,0.999983885659997,0.999999999992432
"Atg4d",9.26578105073434e-12,-0.688975292549007,4.07772797288517e-10,0.999983888009888,0.999999999992432
"Man1c1",9.26488717553781e-12,-0.688998738697781,4.07694124933612e-10,0.999983889564221,0.999999999992432
"Tmem131",9.23181169724494e-12,-0.689867815510613,4.04788399716084e-10,0.999983947078183,0.999999999992432
"Vasp",9.22671955321029e-12,-0.69000187713485,4.04341971121994e-10,0.999983955932761,0.999999999992432
"Meis2",9.22087520653506e-12,-0.690155828760428,4.03829900450658e-10,0.999983966095321,0.999999999992432
"Tfg",9.21836679007457e-12,-0.690221933832366,4.0361021722887e-10,0.999983970457131,0.999999999992432
"Cdc42se1",9.21217221421186e-12,-0.690385254630936,4.03067961941382e-10,0.999983981228694,0.999999999992432
"Creb3",9.1577254041399e-12,-0.691825256931196,3.98317527167703e-10,0.999984075904627,0.999999999992432
"Lars",9.15569524116291e-12,-0.691879107563551,3.98140941863626e-10,0.999984079434817,0.999999999992432
"Dlg2",9.153829361099e-12,-0.691928610550686,3.97978680554412e-10,0.99998408267934,0.999999999992432
"Cstf1",9.15000091203775e-12,-0.692030211762106,3.97645853182153e-10,0.999984089336516,0.999999999992432
"Srebf1",9.1386531187355e-12,-0.692331602347031,3.9666014730933e-10,0.999984109068855,0.999999999992432
"Dse",9.13767614134746e-12,-0.692357566899614,3.96575341096625e-10,0.999984110767692,0.999999999992432
"Atp5j",9.12055928049687e-12,-0.692812899986572,3.95090988399946e-10,0.99998414053169,0.999999999992432
"Ugdh",9.11793176655381e-12,-0.692882867490938,3.94863380088584e-10,0.999984145100596,0.999999999992432
"Ankrd29",9.11598067913699e-12,-0.692934834971567,3.94694409632537e-10,0.999984148493284,0.999999999992432
"Cdkl2",9.07437324740916e-12,-0.694045577171603,3.91099679919225e-10,0.999984220843205,0.999999999992432
"Ndufa2",9.07347359481301e-12,-0.694069647481962,3.91022134861063e-10,0.999984222407584,0.999999999992432
"St8sia3",9.06193107563265e-12,-0.694378670235751,3.90027915906078e-10,0.999984242478526,0.999999999992432
"Galnt13",9.05181116603506e-12,-0.694649913874538,3.89157275137682e-10,0.999984260075735,0.999999999992432
"Pole4",9.02032536959947e-12,-0.69549567297121,3.86454696339301e-10,0.999984314825446,0.999999999992432
"Rap1gap",9.00534152617846e-12,-0.695899148407567,3.85171867394519e-10,0.999984340880404,0.999999999992432
"Nudt16l1",9.00008697544873e-12,-0.696040790666196,3.84722508612486e-10,0.999984350017386,0.999999999992432
"Rbbp5",8.99979587163542e-12,-0.696048639989623,3.84697621657855e-10,0.999984350523577,0.999999999992432
"Parn",8.99006195128565e-12,-0.696311244387603,3.83865915911e-10,0.999984367449601,0.999999999992432
"Serinc5",8.96033706458764e-12,-0.697114845702208,3.8133167149717e-10,0.999984419137319,0.999999999992432
"Eid1",8.96019157237292e-12,-0.697118785254842,3.81319287958783e-10,0.999984419390311,0.999999999992432
"Wbp11",8.95948011496648e-12,-0.697138050555284,3.8125873531125e-10,0.999984420627443,0.999999999992432
"Rab27b",8.94670813819821e-12,-0.697484145782512,3.80172521178641e-10,0.999984442836253,0.999999999992432
"Nsmce3",8.94050348194994e-12,-0.697652449076821,3.79645395037992e-10,0.999984453625344,0.999999999992432
"Vcpip1",8.93535043297924e-12,-0.697792311548158,3.79207887792559e-10,0.999984462585827,0.999999999992432
"Ptpro",8.9256008862307e-12,-0.698057140501711,3.78380816025635e-10,0.999984479539023,0.999999999992432
"Hira",8.91446567726769e-12,-0.69835994484988,3.77437300556409e-10,0.999984498901706,0.999999999992432
"Wdtc1",8.89375013545247e-12,-0.698924228387308,3.75685152142024e-10,0.999984534923343,0.999999999992432
"Panx2",8.8891567188719e-12,-0.699049520429305,3.75297186943064e-10,0.999984542910698,0.999999999992432
"Hnrnpl",8.87362937298082e-12,-0.699473506935148,3.73987213484421e-10,0.999984569910736,0.999999999992432
"Ubtf",8.86610744201227e-12,-0.699679152696092,3.73353444912722e-10,0.999984582990397,0.999999999992432
"Iqsec3",8.85495848504612e-12,-0.69998426458319,3.72415065948665e-10,0.999984602376986,0.999999999992432
"Kars",8.85139457337896e-12,-0.7000818746118,3.72115349737341e-10,0.999984608574166,0.999999999992432
"Fdx1",8.84536053607741e-12,-0.700247222709314,3.71608177099929e-10,0.999984619066573,0.999999999992432
"Lsm1",8.84221702803041e-12,-0.700333405347634,3.71344096123641e-10,0.999984624532725,0.999999999992432
"Fam98c",8.83975116776191e-12,-0.70040102991938,3.71137008925975e-10,0.999984628820536,0.999999999992432
"Pou4f1",8.83352943172122e-12,-0.700571736558029,3.70614753527406e-10,0.999984639639327,0.999999999992432
"Ddx42",8.83227324169336e-12,-0.700606216676785,3.70509352971938e-10,0.999984641823679,0.999999999992432
"Atp5g2",8.81478245753836e-12,-0.70108679133144,3.6904334706582e-10,0.999984672237881,0.999999999992432
"Ttpal",8.7936199327293e-12,-0.701669462814861,3.67273476048148e-10,0.999984709036764,0.999999999992432
"Gltp",8.78615688089443e-12,-0.701875262072547,3.66650338389356e-10,0.999984722014042,0.999999999992432
"Syncrip",8.77203686326408e-12,-0.702265086872723,3.65472815768353e-10,0.999984746566919,0.999999999992432
"Usp13",8.73781605237185e-12,-0.703212331956012,3.62626867658066e-10,0.999984806072466,0.999999999992432
"Lgals3bp",8.71028854325243e-12,-0.703976864986654,3.60345636187088e-10,0.99998485393923,0.999999999992432
"Mphosph6",8.70507348775185e-12,-0.704121963469622,3.59914270471629e-10,0.999984863007534,0.999999999992432
"Pafah2",8.69300105258259e-12,-0.704458171903585,3.58916684686455e-10,0.999984883999931,0.999999999992432
"Sac3d1",8.692796745835e-12,-0.704463865511898,3.58899814048029e-10,0.999984884355194,0.999999999992432
"Rps6kl1",8.6872247748014e-12,-0.704619193898785,3.58439861167535e-10,0.999984894044128,0.999999999992432
"Fbxo3",8.68184869119306e-12,-0.704769151317622,3.57996357873919e-10,0.99998490339244,0.999999999992432
"Dhx8",8.67654357673052e-12,-0.704917215660389,3.57558978357449e-10,0.999984912617345,0.999999999992432
"Cdk2ap2",8.66900144562153e-12,-0.705127862656082,3.56937628488076e-10,0.999984925732131,0.999999999992432
"Sqle",8.65660420510693e-12,-0.705474488377181,3.55917470028773e-10,0.999984947289323,0.999999999992432
"Slc25a33",8.64944107756627e-12,-0.705674983786338,3.55328687787055e-10,0.999984959745072,0.999999999992432
"Zfp947",8.63978491066399e-12,-0.705945508957717,3.54535758428948e-10,0.999984976535892,0.999999999992432
"Fut8",8.63450211733449e-12,-0.706093632175634,3.54102329459343e-10,0.999984985721984,0.999999999992432
"Fam171a1",8.62825944062222e-12,-0.706268780392212,3.53590488189961e-10,0.999984996577188,0.999999999992432
"P2ry2",8.61414864798338e-12,-0.706665125101989,3.52434898888133e-10,0.999985021114024,0.999999999992432
"Itga3",8.5926952845906e-12,-0.707268891562239,3.50681620853376e-10,0.999985058418637,0.999999999992432
"Men1",8.57644346208367e-12,-0.707727224008833,3.49356349642187e-10,0.999985086678447,0.999999999992432
"Pik3r3",8.56837035161439e-12,-0.7079552079499,3.48698952439851e-10,0.999985100716537,0.999999999992432
"Plaa",8.55079043566093e-12,-0.708452370059669,3.47269553523561e-10,0.999985131285729,0.999999999992432
"Arnt2",8.55054346052491e-12,-0.708459361459785,3.47249493224516e-10,0.999985131715186,0.999999999992432
"Ufd1l",8.5449547422905e-12,-0.708617618835192,3.46795710290104e-10,0.999985141433241,0.999999999992432
"Btbd3",8.51915726653248e-12,-0.709349410358996,3.4470489778339e-10,0.999985186291702,0.999999999992432
"Borcs7",8.50833810135962e-12,-0.709656942059813,3.43829916617244e-10,0.999985205104825,0.999999999992432
"Aftph",8.5070327142507e-12,-0.709694072429638,3.43724420877741e-10,0.999985207374724,0.999999999992432
"Rhbdl3",8.50607993532713e-12,-0.709721176645786,3.43647431625373e-10,0.999985209031483,0.999999999992432
"Nt5c2",8.49653148332087e-12,-0.709992966004675,3.42876345689213e-10,0.999985225635001,0.999999999992432
"Mdp1",8.45709574095465e-12,-0.711118556638578,3.39700884321906e-10,0.999985294208637,0.999999999992432
"Srsf7",8.43982082817106e-12,-0.711613195309667,3.38314519575676e-10,0.999985324247467,0.999999999992432
"Pla2g6",8.42934121796734e-12,-0.711913730588927,3.3747488015121e-10,0.999985342470148,0.999999999992432
"Slc25a26",8.42088111969227e-12,-0.712156609147908,3.36797807570203e-10,0.999985357181161,0.999999999992432
"Celsr2",8.40861930249704e-12,-0.712509041938137,3.35817685328713e-10,0.999985378502868,0.999999999992432
"Prkaa2",8.37168475809607e-12,-0.713573583349396,3.32874031368801e-10,0.999985442727245,0.999999999992432
"Arhgap15",8.36427094651117e-12,-0.713787804585475,3.32284718064958e-10,0.999985455618901,0.999999999992432
"Sema7a",8.3622927052773e-12,-0.713844996125375,3.32127558737886e-10,0.999985459058806,0.999999999992432
"Prrg1",8.34998886383084e-12,-0.714200992645548,3.31150927405854e-10,0.999985480453588,0.999999999992432
"Actr2",8.33399592617069e-12,-0.714664474190325,3.29883619299848e-10,0.99998550826323,0.999999999992432
"Enpp4",8.30508386928456e-12,-0.715504505301713,3.27598744134439e-10,0.999985558537543,0.999999999992432
"Dact3",8.28578107257456e-12,-0.716066890127832,3.26077694283304e-10,0.9999855921026,0.999999999992432
"Cds1",8.28359547297936e-12,-0.716130645747188,3.25905693291081e-10,0.999985595903074,0.999999999992432
"Uvrag",8.27504355711492e-12,-0.716380265390723,3.25233115935279e-10,0.999985610773745,0.999999999992432
"Srsf4",8.25648005454038e-12,-0.716922955027878,3.2377555410268e-10,0.999985643053266,0.999999999992432
"Usp32",8.23675866797862e-12,-0.717500765773295,3.22230664060314e-10,0.999985677346196,0.999999999992432
"Lsm3",8.23475312889085e-12,-0.717559599036833,3.22073765566137e-10,0.999985680833568,0.999999999992432
"Mapk14",8.23012764887792e-12,-0.7176953411936,3.21712048014882e-10,0.999985688876677,0.999999999992432
"Mlx",8.22272897111646e-12,-0.717912618047092,3.21133885928679e-10,0.999985701742017,0.999999999992432
"Tor1aip2",8.21432185331906e-12,-0.718159735269954,3.2047755145837e-10,0.999985716360904,0.999999999992432
"Slc37a1",8.20812823421234e-12,-0.71834194308089,3.1999445191451e-10,0.999985727130803,0.999999999992432
"Nucb1",8.18220258732973e-12,-0.719106060485111,3.17976217980479e-10,0.999985772212137,0.999999999992432
"Gpr149",8.1786861098635e-12,-0.719209880180055,3.17702962480494e-10,0.999985778326834,0.999999999992432
"Tmem219",8.15107656018361e-12,-0.720026494958082,3.15561584269847e-10,0.999985826336256,0.999999999992432
"Fam104a",8.14910618442932e-12,-0.720084873679005,3.15409040065751e-10,0.999985829762484,0.999999999992432
"Glg1",8.14722020032565e-12,-0.720140764586903,3.15263063909075e-10,0.999985833041965,0.999999999992432
"Magoh",8.14143919598703e-12,-0.720312160550564,3.14815821662341e-10,0.999985843094381,0.999999999992432
"Nup85",8.14031155635918e-12,-0.720345606430542,3.14728619829183e-10,0.9999858450552,0.999999999992432
"Fyn",8.1258984175636e-12,-0.720773489341416,3.13615096997991e-10,0.999985870117777,0.999999999992432
"Gmpr2",8.12126575753278e-12,-0.720911172255209,3.13257608409909e-10,0.999985878173371,0.999999999992432
"Phlpp1",8.10961950153738e-12,-0.721257629445964,3.12359801956508e-10,0.999985898424698,0.999999999992432
"Cnot8",8.07965595269173e-12,-0.722151173330298,3.10055842433433e-10,0.999985950527419,0.999999999992432
"Zcrb1",8.07506650673563e-12,-0.722288313258668,3.09703703581182e-10,0.999985958507869,0.999999999992432
"Tsfm",8.06577624213153e-12,-0.722566147895356,3.08991492915359e-10,0.999985974662433,0.999999999992432
"Ssr1",8.06117296235809e-12,-0.722703926223537,3.08638899845615e-10,0.999985982666939,0.999999999992432
"Ivns1abp",8.05206872130783e-12,-0.722976640662975,3.07942143629212e-10,0.999985998498032,0.999999999992432
"Rack1",8.04881492533505e-12,-0.723074178068145,3.07693318515066e-10,0.999986004155961,0.999999999992432
"Zfp507",8.04869215423886e-12,-0.723077859048811,3.07683931901446e-10,0.999986004369444,0.999999999992432
"Ier3ip1",8.02930751035361e-12,-0.723659728661533,3.06203651376803e-10,0.999986038076822,0.999999999992432
"Slc9a1",8.01752981054719e-12,-0.724013912388342,3.05306007415418e-10,0.999986058556713,0.999999999992432
"Acsl4",7.98960654199986e-12,-0.724855611120351,3.0318308520581e-10,0.999986107111651,0.999999999992432
"Gale",7.97826669386518e-12,-0.725198229379627,3.02323065311225e-10,0.999986126830175,0.999999999992432
"Slc35a4",7.95073209731599e-12,-0.726032079374195,3.00239911297695e-10,0.999986174709263,0.999999999992432
"Fam217b",7.94544355063117e-12,-0.726192550226683,2.99840626129255e-10,0.999986183905359,0.999999999992432
"Cdk5rap2",7.93754319492507e-12,-0.726432460540347,2.99244644323105e-10,0.999986197643052,0.999999999992432
"Ggct",7.93700822544511e-12,-0.726448714171901,2.99204309082562e-10,0.999986198573294,0.999999999992432
"Mrps18b",7.93634793142678e-12,-0.726468776892821,2.99154528461923e-10,0.99998619972146,0.999999999992432
"Dnajb4",7.92900284948263e-12,-0.726692060716031,2.98601050278176e-10,0.999986212493603,0.999999999992432
"Cep19",7.9154073353821e-12,-0.727105870935744,2.9757793187919e-10,0.999986236134437,0.999999999992432
"Zfr2",7.90371826769343e-12,-0.727462194310793,2.96699685170362e-10,0.999986256460208,0.999999999992432
"Hsp90b1",7.88596819626323e-12,-0.728004236536915,2.95368532724445e-10,0.999986287325277,0.999999999992432
"C2cd2",7.88107524881114e-12,-0.728153858538059,2.95002116243824e-10,0.999986295833478,0.999999999992432
"Luzp2",7.87333116401495e-12,-0.728390846244438,2.9442265242056e-10,0.999986309299436,0.999999999992432
"Tmem87a",7.86682187577565e-12,-0.728590217540111,2.93936024932971e-10,0.999986320618243,0.999999999992432
"Tmem55b",7.84326483354456e-12,-0.72931305221173,2.92178289426293e-10,0.99998636158088,0.999999999992432
"Acap3",7.82199151979602e-12,-0.729967586295037,2.90595486535869e-10,0.999986398572411,0.999999999992432
"Adcy1",7.78290135054133e-12,-0.731174727462537,2.87698259524944e-10,0.999986466545139,0.999999999992432
"Fbxl4",7.76929234398042e-12,-0.731596338332843,2.86693013734631e-10,0.999986490209434,0.999999999992432
"Serpine2",7.7684183953447e-12,-0.731623437475782,2.86628518574718e-10,0.999986491729118,0.999999999992432
"Eif4g3",7.74879853042443e-12,-0.732232568031893,2.85182532776408e-10,0.999986525845515,0.999999999992432
"Gnl3",7.74234756217801e-12,-0.732433168904108,2.84707894632574e-10,0.999986537062911,0.999999999992432
"Timm44",7.73817860134962e-12,-0.732562892398623,2.84401368352095e-10,0.999986544312193,0.999999999992432
"Rps6ka3",7.72442912550484e-12,-0.732991199099152,2.83391596956939e-10,0.999986568220746,0.999999999992432
"Bcl6",7.71475654404379e-12,-0.733292941587055,2.82682311640731e-10,0.999986585040109,0.999999999992432
"Cd47",7.70846093340544e-12,-0.733489530407025,2.82221135292438e-10,0.999986595987359,0.999999999992432
"Trub2",7.70062062149609e-12,-0.733734567936656,2.81647330359771e-10,0.999986609620643,0.999999999992432
"Ppil2",7.69087747679117e-12,-0.734039406200559,2.80935077455429e-10,0.999986626562707,0.999999999992432
"Smim10l1",7.68414024181484e-12,-0.73425041179737,2.8044309286237e-10,0.999986638277883,0.999999999992432
"Sv2a",7.66392224812377e-12,-0.734884682232834,2.78969268271255e-10,0.999986673434349,0.999999999992432
"Dscr3",7.66104025700766e-12,-0.734975224261342,2.78759496888258e-10,0.999986678445758,0.999999999992432
"Dcun1d5",7.66033681268297e-12,-0.734997328921467,2.78708307290817e-10,0.999986679668956,0.999999999992432
"Suco",7.65000816026878e-12,-0.735322113202953,2.77957233128687e-10,0.999986697629141,0.999999999992432
"Cdkn2d",7.64517845787957e-12,-0.73547412606196,2.77606376784974e-10,0.999986706027367,0.999999999992432
"Fdps",7.62583375275251e-12,-0.736083908407871,2.76203291332993e-10,0.999986739665297,0.999999999992432
"Zfp622",7.6249316908189e-12,-0.7361123789816,2.76137950873977e-10,0.999986741233865,0.999999999992432
"Ube2w",7.62235218992246e-12,-0.736193809976685,2.7595114851663e-10,0.999986745719283,0.999999999992432
"Fbxw17",7.61719284650382e-12,-0.73635676132418,2.75577708699794e-10,0.999986754690711,0.999999999992432
"Nab1",7.60676515561751e-12,-0.736686427125439,2.74823711194476e-10,0.999986772823111,0.999999999992432
"Fra10ac1",7.58429047990097e-12,-0.737398414032832,2.73202141678299e-10,0.999986811903654,0.999999999992432
"Mxi1",7.56133339374704e-12,-0.738127755715338,2.71550719493478e-10,0.999986851823046,0.999999999992432
"Prmt2",7.56030007219782e-12,-0.738160633568569,2.71476505060018e-10,0.999986853619858,0.999999999992432
"Lgals8",7.51656041082334e-12,-0.739556255698423,2.68344369749807e-10,0.99998692967745,0.999999999992432
"Phf5a",7.50327128763561e-12,-0.739981806300614,2.67396353947298e-10,0.999986952785509,0.999999999992432
"Nkiras1",7.50250670083235e-12,-0.740006312038112,2.67341861100385e-10,0.999986954115027,0.999999999992432
"Ppa1",7.49665240195755e-12,-0.740194026574299,2.66924803552586e-10,0.999986964294892,0.999999999992432
"Bace2",7.48264820305021e-12,-0.740643628289889,2.65928471757081e-10,0.999986988646375,0.999999999992432
"Mef2c",7.48145048543616e-12,-0.740682117846766,2.65843346353623e-10,0.999986990729051,0.999999999992432
"Cnot7",7.47457338534858e-12,-0.740903231993238,2.65354833857144e-10,0.999987002687435,0.999999999992432
"Tnk2",7.47420872370468e-12,-0.74091496207533,2.65328942782292e-10,0.999987003321534,0.999999999992432
"Ndufab1",7.47197302293411e-12,-0.740986889815657,2.65170235038173e-10,0.999987007209128,0.999999999992432
"Rab15",7.46728905572446e-12,-0.741137650341551,2.64837883896219e-10,0.999987015353939,0.999999999992432
"1600012H06Rik",7.45550158184386e-12,-0.741517445769791,2.6400242522194e-10,0.999987035850825,0.999999999992432
"Jhy",7.45261866156057e-12,-0.741610421013203,2.63798293873806e-10,0.999987040863849,0.999999999992432
"B230217C12Rik",7.42278492772938e-12,-0.742574581236414,2.61690488286529e-10,0.999987092740838,0.999999999992432
"Rexo1",7.42192536765169e-12,-0.742602414839642,2.61629884167008e-10,0.999987094235502,0.999999999992432
"Slc30a5",7.41831696094165e-12,-0.742719292867616,2.61375546515089e-10,0.999987100510052,0.999999999992432
"Mknk2",7.40850961298301e-12,-0.743037230660046,2.60684902941755e-10,0.999987117563757,0.999999999992432
"Mapt",7.37811401877663e-12,-0.744025150907954,2.58550217738473e-10,0.999987170417749,0.999999999992432
"Kcnk2",7.37408323967161e-12,-0.744156449882004,2.58267794848619e-10,0.99998717742675,0.999999999992432
"Gbas",7.35682079286894e-12,-0.744719530754795,2.57060020124652e-10,0.999987207443903,0.999999999992432
"Mvb12b",7.35645686289714e-12,-0.74473141522994,2.57034588070621e-10,0.99998720807673,0.999999999992432
"Trim67",7.35117275754447e-12,-0.744904035609974,2.56665467426087e-10,0.999987217265104,0.999999999992432
"Dbnl",7.33682930066482e-12,-0.745373200469622,2.5566484382995e-10,0.999987242206513,0.999999999992432
"Xrcc5",7.31214720290633e-12,-0.746182578808206,2.53947554254533e-10,0.999987285125476,0.999999999992432
"Hbb-bt",7.31047671631476e-12,-0.746237451334902,2.5383153702574e-10,0.999987288030235,0.999999999992432
"Zfp664",7.29371753604764e-12,-0.746788620874512,2.52669059524027e-10,0.999987317172273,0.999999999992432
"F2r",7.28152919549737e-12,-0.747190222527319,2.51825307789615e-10,0.999987338366215,0.999999999992432
"Scnm1",7.26717251749702e-12,-0.747664090066907,2.50833260482041e-10,0.999987363330614,0.999999999992432
"Man1b1",7.23732679026919e-12,-0.748652053703164,2.48777184829998e-10,0.999987415228458,0.999999999992432
"Pla2g3",7.23496444557365e-12,-0.748730418069207,2.48614804005017e-10,0.999987419336269,0.999999999992432
"Zfp385a",7.21974054382997e-12,-0.749236013460785,2.47569628103122e-10,0.999987445808657,0.999999999992432
"Rad51d",7.21580445930882e-12,-0.749366898084144,2.4729975985877e-10,0.999987452652997,0.999999999992432
"4933431E20Rik",7.21359774144985e-12,-0.749440306627988,2.47148525896086e-10,0.999987456490193,0.999999999992432
"Zfp771",7.19689815763548e-12,-0.749996526547637,2.46005545564557e-10,0.999987485528601,0.999999999992432
"Cdc42se2",7.17572172805873e-12,-0.750703624401714,2.44559963133728e-10,0.999987522351662,0.999999999992432
"Alg14",7.15385597230134e-12,-0.751435822590607,2.43071794771167e-10,0.999987560373372,0.999999999992432
"Ppp3cb",7.15250365448056e-12,-0.7514811761758,2.42979906074371e-10,0.999987562724877,0.999999999992432
"Ezh1",7.14512441849695e-12,-0.751728802127742,2.42478800103415e-10,0.99998757555641,0.999999999992432
"Fbxo34",7.12475669168144e-12,-0.752413547292532,2.410983614887e-10,0.999987610973243,0.999999999992432
"Ttc39b",7.12001474023017e-12,-0.752573234396926,2.40777537546179e-10,0.99998761921888,0.999999999992432
"Slc39a13",7.09674079005063e-12,-0.753358461686926,2.39205999936803e-10,0.999987659689258,0.999999999992432
"Elp5",7.09463771338749e-12,-0.753429536726447,2.39064246410684e-10,0.999987663346235,0.999999999992432
"Stard3nl",7.08280991352092e-12,-0.753829639210049,2.38267800655188e-10,0.999987683913243,0.999999999992432
"Fam204a",7.0614802793063e-12,-0.754552770072565,2.36834891198638e-10,0.999987721002707,0.999999999992432
"Mrpl52",7.05349367897748e-12,-0.754824070924194,2.36299469193658e-10,0.999987734890368,0.999999999992432
"Slc8a3",7.02110497659391e-12,-0.755927298776491,2.34134340320974e-10,0.999987791210116,0.999999999992432
"Csrnp3",7.00680685839671e-12,-0.756415861975839,2.33181706285801e-10,0.999987816072687,0.999999999992432
"Nabp2",6.99981953092873e-12,-0.756654961843391,2.3271687128161e-10,0.999987828222742,0.999999999992432
"Lrrc59",6.99512555174734e-12,-0.756815712808668,2.32404862698853e-10,0.999987836384963,0.999999999992432
"Spry2",6.97253106521686e-12,-0.75759092477217,2.30905936642789e-10,0.999987875673841,0.999999999992432
"Mprip",6.96628910430888e-12,-0.75780550580117,2.3049269769918e-10,0.9999878865278,0.999999999992432
"Gm20604",6.9658643063281e-12,-0.757820115796075,2.30464588085644e-10,0.999987887266469,0.999999999992432
"Rhbdd3",6.95932040225882e-12,-0.758045286031961,2.30031783282538e-10,0.999987898645468,0.999999999992432
"Isg20l2",6.9532755081916e-12,-0.758253464535713,2.29632343746205e-10,0.999987909156754,0.999999999992432
"Micu2",6.9441344425923e-12,-0.758568598062811,2.29028972128441e-10,0.99998792505188,0.999999999992432
"Rab22a",6.93152704065817e-12,-0.759003878917876,2.28198101364001e-10,0.999987946974515,0.999999999992432
"Med7",6.92124939862828e-12,-0.759359279724156,2.27521886838053e-10,0.999987964846,0.999999999992432
"Kbtbd2",6.91787743127604e-12,-0.759475991566497,2.27300247811702e-10,0.999987970709414,0.999999999992432
"Ube2e1",6.89556548606118e-12,-0.760249625862825,2.25836407996809e-10,0.999988009506989,0.999999999992432
"Rbm48",6.88990317058641e-12,-0.760446336729895,2.25465667710847e-10,0.999988019353021,0.999999999992432
"Madd",6.87635898481694e-12,-0.760917490307873,2.24580097252259e-10,0.999988042904601,0.999999999992432
"Ppfia1",6.86159898688893e-12,-0.761431942507115,2.2361701658933e-10,0.999988068570321,0.999999999992432
"Sipa1l1",6.84684682919842e-12,-0.761947172927506,2.22656515307153e-10,0.999988094222408,0.999999999992432
"Mob2",6.83934224695377e-12,-0.762209681035652,2.22168691220462e-10,0.999988107271902,0.999999999992432
"Kcnj3",6.83344805148997e-12,-0.762416050202647,2.21785923002727e-10,0.999988117521142,0.999999999992432
"Sar1b",6.83108366022185e-12,-0.7624988804332,2.21632472511601e-10,0.999988121632512,0.999999999992432
"Adnp2",6.82918917248046e-12,-0.762565268485132,2.21509557378433e-10,0.99998812492678,0.999999999992432
"Cda",6.82267989690332e-12,-0.762793504772632,2.21087492751339e-10,0.999988136245565,0.999999999992432
"Npm1",6.80025879655487e-12,-0.763581247662355,2.19636778398863e-10,0.999988175232947,0.999999999992432
"Pgbd5",6.7960221192236e-12,-0.763730376181469,2.19363188725323e-10,0.999988182599979,0.999999999992432
"Bscl2",6.78383657987751e-12,-0.764159792728353,2.18577240042453e-10,0.999988203789049,0.999999999992432
"Stmn4",6.78356007181784e-12,-0.764169545329839,2.18559422061111e-10,0.999988204269861,0.999999999992432
"Supt16",6.77951191122572e-12,-0.764312369580443,2.18298644642154e-10,0.999988211309087,0.999999999992432
"Patz1",6.77524202569409e-12,-0.764463104387314,2.18023752672116e-10,0.999988218733863,0.999999999992432
"Rnf20",6.76645736340498e-12,-0.76477350313109,2.17458747501492e-10,0.99998823400925,0.999999999992432
"Pxk",6.76040151553272e-12,-0.764987704472847,2.17069678975967e-10,0.999988244539583,0.999999999992432
"Stx6",6.74580946916115e-12,-0.76550458930215,2.16133618487427e-10,0.999988269913257,0.999999999992432
"Cbx5",6.74312334180668e-12,-0.765599854033369,2.15961527401892e-10,0.999988274584084,0.999999999992432
"Cpne8",6.72416131620582e-12,-0.766273378187339,2.14748644282799e-10,0.999988307556584,0.999999999992432
"Pias3",6.67473270493101e-12,-0.768037582327564,2.11603058421887e-10,0.999988393506521,0.999999999992432
"Phf8",6.64682345575639e-12,-0.769039208148355,2.09837194245657e-10,0.999988442037081,0.999999999992432
"Zkscan8",6.64102505404861e-12,-0.76924780623342,2.09471248122242e-10,0.999988452119749,0.999999999992432
"Ndufb7",6.63301000488927e-12,-0.769536433483308,2.08965931791609e-10,0.999988466056879,0.999999999992432
"Ttll5",6.62696567707842e-12,-0.769754312962265,2.08585265062238e-10,0.99998847656718,0.999999999992432
"Ncbp2",6.6204666922926e-12,-0.769988792142904,2.08176351594545e-10,0.999988487868071,0.999999999992432
"Fbxo44",6.60189278502165e-12,-0.770660134184613,2.07009900818713e-10,0.999988520165684,0.999999999992432
"Mrpl48",6.59809915455896e-12,-0.770797473170165,2.06772061926641e-10,0.999988526762315,0.999999999992432
"Usp46",6.59775291638159e-12,-0.770810011600248,2.06750361584845e-10,0.999988527364378,0.999999999992432
"Amer1",6.56435945713333e-12,-0.772022246209543,2.04662790909205e-10,0.999988585431267,0.999999999992432
"Klhl18",6.53826499178718e-12,-0.77297360027398,2.03038884935625e-10,0.999988630806154,0.999999999992432
"1110032F04Rik",6.51167622121634e-12,-0.773946692986105,2.01390870562841e-10,0.999988677040574,0.999999999992432
"Hey1",6.50575264887441e-12,-0.774163997251928,2.01024632824803e-10,0.999988687340897,0.999999999992432
"Azin1",6.49996987905185e-12,-0.774376317607559,2.00667422031082e-10,0.999988697396383,0.999999999992432
"Naa60",6.49330623693899e-12,-0.774621202732136,2.00256192291345e-10,0.999988708983591,0.999999999992432
"Scyl2",6.48271335310172e-12,-0.775010977114518,1.99603347587304e-10,0.999988727403241,0.999999999992432
"Coq7",6.48223092605412e-12,-0.775028742838869,1.99573640745294e-10,0.999988728242119,0.999999999992432
"2510039O18Rik",6.47816149865878e-12,-0.77517865244331,1.99323141951402e-10,0.999988735318325,0.999999999992432
"Ip6k2",6.4640089176584e-12,-0.775700702810009,1.98453186635181e-10,0.999988759927825,0.999999999992432
"Tmem41a",6.44897151516669e-12,-0.776256582930165,1.97530926364831e-10,0.999988786075916,0.999999999992432
"Mtmr4",6.44895314881666e-12,-0.776257262622375,1.97529801249932e-10,0.999988786107852,0.999999999992432
"Cnnm3",6.44594005232918e-12,-0.776368794614374,1.9734526360586e-10,0.999988791347236,0.999999999992432
"Ppp1r18",6.43169811089008e-12,-0.776896641784859,1.96474180488109e-10,0.999988816112123,0.999999999992432
"Dnajb9",6.40357041228259e-12,-0.777942404868099,1.94759459980849e-10,0.999988865022538,0.999999999992432
"Sf3b6",6.39000644742578e-12,-0.778448261590979,1.93935259579717e-10,0.999988888608512,0.999999999992432
"Hsd17b10",6.37933213801305e-12,-0.77884706876342,1.9328787496634e-10,0.99998890716975,0.999999999992432
"Atp2b4",6.37762819622453e-12,-0.778910789084013,1.93184633029784e-10,0.999988910132684,0.999999999992432
"Kcns1",6.36681212111839e-12,-0.779315642754329,1.9252992955601e-10,0.999988928940434,0.999999999992432
"Bloc1s6",6.35962538991202e-12,-0.779585008846904,1.92095526937514e-10,0.999988941437226,0.999999999992432
"Rcan3",6.33311548164036e-12,-0.780581134438587,1.90497375896895e-10,0.999988987534514,0.999999999992432
"Zdhhc4",6.32700504336729e-12,-0.780811299457666,1.90129954550259e-10,0.999988998159773,0.999999999992432
"Zc3h7b",6.3219928441731e-12,-0.781000254238786,1.89828835227154e-10,0.999989006875337,0.999999999992432
"Ppat",6.31204480486457e-12,-0.781375707038922,1.89231890881974e-10,0.999989024173685,0.999999999992432
"Abcf1",6.30730248916543e-12,-0.781554886504858,1.88947653275339e-10,0.999989032419957,0.999999999992432
"Gpd2",6.30371598539226e-12,-0.781690480806831,1.88732832817879e-10,0.999989038656421,0.999999999992432
"Naa10",6.29463299252054e-12,-0.782034207974352,1.88189336269013e-10,0.999989054450566,0.999999999992432
"Jakmip1",6.26805882316341e-12,-0.78304256524699,1.86603725497464e-10,0.999989100659596,0.999999999992432
"Spp1",6.24025044227125e-12,-0.784102112424447,1.84951655299297e-10,0.99998914901476,0.999999999992432
"Sh3bp5",6.2267367499777e-12,-0.784618627838772,1.84151471559091e-10,0.999989172513316,0.999999999992432
"Ybx1",6.22617047707941e-12,-0.784640294953279,1.84117978816428e-10,0.999989173497991,0.999999999992432
"Bag4",6.22262967233404e-12,-0.784775818069261,1.83908623662611e-10,0.99998917965499,0.999999999992432
"Ctsa",6.20653269267873e-12,-0.785392849556402,1.82958368058341e-10,0.999989207645548,0.999999999992432
"Rmnd5b",6.20291415703844e-12,-0.785531764991713,1.82745093298844e-10,0.999989213937712,0.999999999992432
"Ehmt2",6.20278216507671e-12,-0.785536833612833,1.8273731610699e-10,0.999989214167228,0.999999999992432
"Rnf24",6.19991187727159e-12,-0.785647080834262,1.82568234775449e-10,0.999989219158286,0.999999999992432
"Dhdds",6.1990066584532e-12,-0.785681860177786,1.82514926876782e-10,0.999989220732344,0.999999999992432
"Emc9",6.1841319122851e-12,-0.786254053723804,1.81640075097731e-10,0.999989246597596,0.999999999992432
"Pdlim7",6.17595806934186e-12,-0.786569037474629,1.81160228848757e-10,0.999989260810848,0.999999999992432
"Mpdu1",6.16930027797457e-12,-0.786825892090502,1.80769851556317e-10,0.999989272387883,0.999999999992432
"Cog7",6.14389666218925e-12,-0.787808377462676,1.79284187745617e-10,0.999989316561472,0.999999999992432
"Rnf220",6.1398147603076e-12,-0.787966604854787,1.7904604006869e-10,0.999989323659369,0.999999999992432
"Plekhd1",6.13401553943684e-12,-0.788191572867823,1.78707972159898e-10,0.999989333743461,0.999999999992432
"Gfra4",6.12755623951428e-12,-0.788442385167323,1.78331800755592e-10,0.999989344975345,0.999999999992432
"Wipf2",6.1237531996214e-12,-0.788590173337436,1.78110507808076e-10,0.999989351588338,0.999999999992432
"Pigz",6.11927117511687e-12,-0.788764459181109,1.77849882177039e-10,0.999989359381996,0.999999999992432
"Slc39a7",6.11864949392199e-12,-0.788788643152306,1.77813747053205e-10,0.999989360463019,0.999999999992432
"2810428I15Rik",6.09609080781431e-12,-0.789667779688398,1.76505010530862e-10,0.999989399689645,0.999999999992432
"Mgat1",6.08059586799723e-12,-0.790273426541644,1.75608876009016e-10,0.999989426633334,0.999999999992432
"Ccser2",6.0734627696791e-12,-0.790552729145003,1.7519710693999e-10,0.999989439036865,0.999999999992432
"Rps12-ps3",6.06753717976632e-12,-0.790784987772262,1.74855410674139e-10,0.999989449340697,0.999999999992432
"Sra1",6.05927395828343e-12,-0.791109231894485,1.74379472883134e-10,0.999989463709366,0.999999999992432
"Fem1a",6.05853888362292e-12,-0.791138096149138,1.74337166112528e-10,0.999989464987565,0.999999999992432
"Ctnnbl1",6.05252055151354e-12,-0.791374543833704,1.73990977747034e-10,0.999989475452663,0.999999999992432
"Rbsn",6.03137373026527e-12,-0.792207133077905,1.72777292160268e-10,0.99998951222424,0.999999999992432
"Slc5a5",6.02340987299405e-12,-0.792521403774965,1.72321321320272e-10,0.999989526072353,0.999999999992432
"Mgst3",6.02062734494858e-12,-0.792631301287816,1.72162149632139e-10,0.999989530910808,0.999999999992432
"Nlgn3",6.01389822440939e-12,-0.792897271254017,1.71777521128784e-10,0.999989542611875,0.999999999992432
"Timm8a1",5.96524417640027e-12,-0.794828787757465,1.69009312041324e-10,0.999989627214947,0.999999999992432
"Wdr11",5.94983621526146e-12,-0.795443589128485,1.68137352499673e-10,0.999989654007391,0.999999999992432
"Snrpb2",5.94895958348218e-12,-0.795478613542451,1.68087810400425e-10,0.99998965553174,0.999999999992432
"Adal",5.945661111615e-12,-0.795610442630081,1.67901465477398e-10,0.999989661267354,0.999999999992432
"Trim13",5.93246648040169e-12,-0.796138484456094,1.67157077371067e-10,0.999989684211104,0.999999999992432
"Kank4",5.91447723912926e-12,-0.796860204187479,1.66144861004882e-10,0.999989715492059,0.999999999992432
"Irf2bp2",5.89601024932325e-12,-0.797603263308777,1.65108960329003e-10,0.999989747603756,0.999999999992432
"Rell1",5.89306071393308e-12,-0.797722148933061,1.64943806983178e-10,0.999989752732616,0.999999999992432
"Msl2",5.8880770037293e-12,-0.797923153647934,1.64664941863308e-10,0.99998976139864,0.999999999992432
"Ppp2r5d",5.87362308171983e-12,-0.798507029600249,1.63857502363628e-10,0.999989786532134,0.999999999992432
"Kcns3",5.86930276173789e-12,-0.798681816818218,1.63616541553203e-10,0.999989794044609,0.999999999992432
"Cox19",5.84431577093442e-12,-0.799695119589343,1.62226399387e-10,0.999989837493742,0.999999999992432
"Cuta",5.84394087303192e-12,-0.799710354218871,1.622055872377e-10,0.999989838145641,0.999999999992432
"Amotl1",5.83615738700661e-12,-0.800026859646382,1.61773795001336e-10,0.999989851680112,0.999999999992432
"Pced1b",5.83475375517742e-12,-0.800083979198322,1.61695989168913e-10,0.999989854120846,0.999999999992432
"Rapgef1",5.8244094514459e-12,-0.800505334479503,1.61123163028155e-10,0.999989872108247,0.999999999992432
"Gfm1",5.81826492285374e-12,-0.800755956684843,1.60783384834103e-10,0.999989882792784,0.999999999992432
"Pfdn5",5.81597021747386e-12,-0.800849617305648,1.60656584921549e-10,0.999989886782979,0.999999999992432
"Abat",5.80995808114514e-12,-0.801095175041493,1.60324605898021e-10,0.999989897237303,0.999999999992432
"Snapc5",5.78539295733646e-12,-0.802101019479149,1.58971732860522e-10,0.999989939952864,0.999999999992432
"Hspa13",5.77633419473675e-12,-0.802472964100429,1.58474287049975e-10,0.999989955704876,0.999999999992432
"Rplp1",5.77038662309096e-12,-0.802717467476377,1.58148110653215e-10,0.999989966046931,0.999999999992432
"Mrpl30",5.76991061111965e-12,-0.802737046570415,1.5812201975366e-10,0.999989966874654,0.999999999992432
"Tlk2",5.76593722411898e-12,-0.802900537887797,1.57904316676088e-10,0.999989973783858,0.999999999992432
"Gphn",5.75498683864822e-12,-0.803351663418064,1.57305117918113e-10,0.999989992825156,0.999999999992432
"Ei24",5.75001489767852e-12,-0.803556762837075,1.57033432183588e-10,0.999990001470716,0.999999999992432
"Oser1",5.7425241466421e-12,-0.80386608497515,1.56624552497973e-10,0.999990014496159,0.999999999992432
"Rpl32",5.70571102038486e-12,-0.805391834206163,1.54622868923459e-10,0.999990078509406,0.999999999992432
"Mrps5",5.70389534145123e-12,-0.805467328224867,1.54524475992181e-10,0.999990081666636,0.999999999992432
"Fam114a2",5.6935619020642e-12,-0.805897416917557,1.53965095842095e-10,0.999990099635145,0.999999999992432
"Slc2a8",5.68107953533967e-12,-0.80641793619404,1.53290740447374e-10,0.99999012134036,0.999999999992432
"Eif3b",5.66010899521757e-12,-0.807294866172619,1.52161146466604e-10,0.999990157805406,0.999999999992432
"Eif2b5",5.6568738658135e-12,-0.80743042505511,1.51987255709543e-10,0.999990163430876,0.999999999992432
"Elovl6",5.61426725558272e-12,-0.809222638599679,1.49706393478389e-10,0.999990237518239,0.999999999992432
"Rida",5.58344289576805e-12,-0.810527314162437,1.48067021639807e-10,0.999990291117798,0.999999999992432
"Aven",5.57203854713749e-12,-0.811011750651587,1.47462776749718e-10,0.99999031094848,0.999999999992432
"Mex3c",5.5658625310818e-12,-0.811274490145852,1.47136064095541e-10,0.99999032168777,0.999999999992432
"Enox2",5.56353137545644e-12,-0.811373733951423,1.47012839623971e-10,0.999990325741347,0.999999999992432
"Mrps26",5.56243527723396e-12,-0.811420411568383,1.46954917909224e-10,0.999990327647319,0.999999999992432
"Mest",5.54995630163823e-12,-0.811952448751455,1.46296289203402e-10,0.999990349346637,0.999999999992432
"Clptm1l",5.54471120601702e-12,-0.81217641102579,1.46019899484185e-10,0.999990358467178,0.999999999992432
"Them4",5.51810275375685e-12,-0.813315684548285,1.44621795717631e-10,0.999990404735821,0.999999999992432
"Wac",5.50595350975166e-12,-0.813837605744328,1.43985667209872e-10,0.999990425861779,0.999999999992432
"Cdh11",5.48078197760514e-12,-0.81492244380369,1.42672159873188e-10,0.999990469631805,0.999999999992432
"Mlec",5.46650008150478e-12,-0.815540068737463,1.41929574551813e-10,0.999990494466168,0.999999999992432
"Pank2",5.46176360654561e-12,-0.815745237548211,1.41683729996615e-10,0.999990502702283,0.999999999992432
"Timeless",5.45286882033498e-12,-0.816130988134507,1.4122262607936e-10,0.999990518169161,0.999999999992432
"4931428F04Rik",5.4449500462921e-12,-0.81647491415344,1.40812750806196e-10,0.999990531938881,0.999999999992432
"Sbf1",5.44437942701639e-12,-0.816499715482652,1.40783238594362e-10,0.999990532931113,0.999999999992432
"Tnks",5.43484274314123e-12,-0.81691458269778,1.4029046274447e-10,0.999990549514168,0.999999999992432
"Scpep1",5.42130869606085e-12,-0.817504532862416,1.3959261969231e-10,0.999990573048119,0.999999999992432
"Mrps7",5.41348017369795e-12,-0.817846417768157,1.39189759428728e-10,0.999990586660903,0.999999999992432
"Morn4",5.39765675483442e-12,-0.818538889828824,1.38377254740584e-10,0.999990614175774,0.999999999992432
"Rbbp4",5.39458852774058e-12,-0.818673386241192,1.38219981986863e-10,0.999990619511022,0.999999999992432
"Rprd1a",5.38898169470926e-12,-0.818919350840335,1.37932815088736e-10,0.999990629260577,0.999999999992432
"Ralgds",5.37234020461496e-12,-0.819650825916887,1.37082241258832e-10,0.999990658197967,0.999999999992432
"0610037L13Rik",5.34552945704128e-12,-0.820833829254639,1.35717433200115e-10,0.999990704818376,0.999999999992432
"Fxyd1",5.34256949444478e-12,-0.820964780606259,1.3556717406936e-10,0.999990709965366,0.999999999992432
"U2af2",5.33782708878737e-12,-0.821174732547802,1.35326604737337e-10,0.999990718211794,0.999999999992432
"Slc12a2",5.32680003029786e-12,-0.821663599384246,1.34768057977852e-10,0.999990737386417,0.999999999992432
"Psmd7",5.32224441511982e-12,-0.82186584590682,1.34537642391196e-10,0.99999074530804,0.999999999992432
"Ntrk3",5.3165384781185e-12,-0.822119393070097,1.34249323498262e-10,0.999990755229924,0.999999999992432
"Ypel2",5.31325165926387e-12,-0.822265562449209,1.34083382139029e-10,0.999990760945275,0.999999999992432
"Zfhx2",5.28873861547434e-12,-0.823358408394017,1.32849030705824e-10,0.999990803570275,0.999999999992432
"Inpp5j",5.28680138319790e-12,-0.823444979554773,1.32751724972151e-10,0.999990806938871,0.999999999992432
"Mrpl19",5.27525702972534e-12,-0.823961500070425,1.32172599904557e-10,0.999990827013002,0.999999999992432
"Abhd16a",5.26569005762463e-12,-0.824390362359658,1.31693629892011e-10,0.999990843648724,0.999999999992432
"Nsa2",5.25230527381005e-12,-0.824991610988496,1.31024980401779e-10,0.999990866923126,0.999999999992432
"Nrep",5.2434403001312e-12,-0.825390630117372,1.30583059108311e-10,0.999990882338164,0.999999999992432
"Otub2",5.22414238567667e-12,-0.826261464351891,1.29623634264392e-10,0.999990915894731,0.999999999992432
"Tmem163",5.2240573473479e-12,-0.826265308534634,1.29619414284652e-10,0.999990916042602,0.999999999992432
"Gar1",5.21889292256208e-12,-0.826498879378812,1.29363261341772e-10,0.999990925022866,0.999999999992432
"Brd2",5.21113188465746e-12,-0.826850300182567,1.28978794111514e-10,0.999990938518303,0.999999999992432
"Chl1",5.21110521564467e-12,-0.826851508615869,1.28977473965187e-10,0.999990938564677,0.999999999992432
"Klf13",5.2048078239863e-12,-0.827137022287677,1.28665935100406e-10,0.999990949515023,0.999999999992432
"Ttc39c",5.20443641137911e-12,-0.827153871787861,1.2864757267591e-10,0.999990950160862,0.999999999992432
"Chm",5.20090510156077e-12,-0.827314130233931,1.28473052218031e-10,0.999990956301351,0.999999999992432
"Dzank1",5.19283909411571e-12,-0.827680571068828,1.28074867282264e-10,0.999990970327091,0.999999999992432
"Tmem234",5.18585714405295e-12,-0.82799819973712,1.27730696718953e-10,0.999990982467795,0.999999999992432
"Tspan8",5.16646291514046e-12,-0.828882634252378,1.26777100784355e-10,0.999991016191841,0.999999999992432
"Btrc",5.16395039345876e-12,-0.828997443393525,1.26653823886063e-10,0.99999102056079,0.999999999992432
"B3galt1",5.15391186973779e-12,-0.829456681761612,1.2616188204889e-10,0.999991038016479,0.999999999992432
"Naa25",5.14706116371345e-12,-0.829770573182379,1.25826710022592e-10,0.999991049928967,0.999999999992432
"Rbm18",5.14609166709487e-12,-0.829815026448546,1.25779313235502e-10,0.999991051614796,0.999999999992432
"Herpud1",5.14024927266794e-12,-0.830083079903488,1.25493879059576e-10,0.999991061773961,0.999999999992432
"Jun",5.11617446628144e-12,-0.831190712384611,1.24321108807204e-10,0.999991103636924,0.999999999992432
"Stau1",5.10515733941483e-12,-0.831699240088821,1.23786261245507e-10,0.999991122794277,0.999999999992432
"Atp13a2",5.09767919288927e-12,-0.832045010116642,1.23423877189105e-10,0.999991135797803,0.999999999992432
"Lgi2",5.09342846967784e-12,-0.832241767341845,1.23218127873496e-10,0.999991143189258,0.999999999992432
"Tsnax",5.08909542318159e-12,-0.832442495753881,1.23008570488579e-10,0.999991150723863,0.999999999992432
"Slc16a1",5.08286542669203e-12,-0.832731385099362,1.22707584232399e-10,0.999991161557019,0.999999999992432
"Mrpl38",5.07917640655689e-12,-0.832902606171176,1.2252953250674e-10,0.999991167971745,0.999999999992432
"Slc9a3r2",5.07881264115576e-12,-0.83291949626746,1.22511982256512e-10,0.999991168604286,0.999999999992432
"Cdc42ep2",5.06857820405761e-12,-0.833395165974929,1.2201872607954e-10,0.999991186400643,0.999999999992432
"Ralgapb",5.06467597694182e-12,-0.833576771521429,1.21830917398765e-10,0.99999119318611,0.999999999992432
"Limd2",5.0568675474982e-12,-0.833940567062067,1.21455543025162e-10,0.999991206763955,0.999999999992432
"Poldip2",5.05285047503e-12,-0.83412793081746,1.21262656054637e-10,0.999991213749122,0.999999999992432
"Dnajc18",5.04415827357885e-12,-0.83453383613833,1.2084580903699e-10,0.999991228863732,0.999999999992432
"Prickle2",5.03793300106177e-12,-0.834824950245226,1.20547708213485e-10,0.999991239688672,0.999999999992432
"Snx13",5.02655126753278e-12,-0.835358081966519,1.20003639037178e-10,0.999991259480029,0.999999999992432
"Btbd1",5.02623378783436e-12,-0.835372969465502,1.19988480526328e-10,0.999991260032085,0.999999999992432
"Txnl4a",5.02206457335320e-12,-0.835568558371525,1.19789504413351e-10,0.999991267281808,0.999999999992432
"Acot9",5.00574096447267e-12,-0.836335829286856,1.19012047612601e-10,0.999991295666444,0.999999999992432
"Psd3",5.00155769081796e-12,-0.836532841452482,1.18813215137123e-10,0.999991302940613,0.999999999992432
"Rwdd1",5.00034747256598e-12,-0.836589866132496,1.187557240377e-10,0.999991305045026,0.999999999992432
"Pbx2",4.99706823176159e-12,-0.836744447698571,1.1860001448991e-10,0.9999913107472,0.999999999992432
"Nbr1",4.99682823274325e-12,-0.836755764901325,1.18588622528784e-10,0.999991311164527,0.999999999992432
"Zfp580",4.98778404107968e-12,-0.837182622421777,1.1815972341859e-10,0.999991326891202,0.999999999992432
"Uck2",4.98543929910047e-12,-0.837293406918378,1.1804865648372e-10,0.999991330968404,0.999999999992432
"Eci2",4.96625903331129e-12,-0.838201500109598,1.17142076748846e-10,0.999991364320396,0.999999999992432
"Mthfd1l",4.95133620500247e-12,-0.838910331518777,1.16439147353593e-10,0.999991390269256,0.999999999992432
"Platr4",4.91491005484043e-12,-0.840649125799176,1.14732202825029e-10,0.999991453609602,0.999999999992432
"Slc39a11",4.88576445273242e-12,-0.842049223557228,1.13375504837604e-10,0.999991504290019,0.999999999992432
"Frmpd1",4.85848484466431e-12,-0.843366889724675,1.12112977775404e-10,0.999991551725715,0.999999999992432
"Arl14ep",4.85607239016711e-12,-0.843483754706724,1.12001667226336e-10,0.999991555920661,0.999999999992432
"Tmem134",4.84732617932319e-12,-0.843907904703654,1.11598580964842e-10,0.999991571129186,0.999999999992432
"Stambpl1",4.82026459490867e-12,-0.845224883972093,1.10355997237208e-10,0.999991618185767,0.999999999992432
"Vps33a",4.81320027548676e-12,-0.845569832220931,1.10032770685321e-10,0.999991630469701,0.999999999992432
"Commd9",4.80884985011309e-12,-0.845782501337509,1.09833953683018e-10,0.999991638034526,0.999999999992432
"Pgam5",4.80041240283208e-12,-0.846195484659628,1.09448869836222e-10,0.999991652706151,0.999999999992432
"Cyp2j6",4.76518583746176e-12,-0.847927183525752,1.0784844006887e-10,0.999991713960574,0.999999999992432
"Nxpe3",4.75809383237964e-12,-0.848277288746781,1.07527658239578e-10,0.99999172629265,0.999999999992432
"Cep83os",4.75304315174689e-12,-0.848526923927297,1.07299499805445e-10,0.999991735075128,0.999999999992432
"Ube3b",4.71609275270344e-12,-0.850360939017357,1.05637681013319e-10,0.999991799327074,0.999999999992432
"Xpo1",4.71415515996046e-12,-0.850457486737574,1.05550896987564e-10,0.999991802696296,0.999999999992432
"Foxo3",4.71317488824022e-12,-0.850506346760374,1.05507004583469e-10,0.999991804400861,0.999999999992432
"Msantd4",4.70855835191486e-12,-0.850736580240976,1.05300418413502e-10,0.999991812428419,0.999999999992432
"Ccny",4.6903498554911e-12,-0.851646760582585,1.04487577273169e-10,0.99999184409063,0.999999999992432
"Acsl5",4.62654689640441e-12,-0.854862757327542,1.0166421708192e-10,0.999991955035691,0.999999999992432
"Cbr1",4.61545906155481e-12,-0.855425934501697,1.01177510548804e-10,0.999991974315996,0.999999999992432
"Ext2",4.60905430626838e-12,-0.855751832961225,1.0089690245829e-10,0.999991985453034,0.999999999992432
"Egln2",4.60276670194628e-12,-0.856072189072801,1.00621806076949e-10,0.999991996386361,0.999999999992432
"Ankrd50",4.58921176560845e-12,-0.856764235358466,1.00030025558965e-10,0.999992019956635,0.999999999992432
"Wipi2",4.58705778479154e-12,-0.856874385450376,9.99361479160737e-11,0.999992023702128,0.999999999992432
"Ost4",4.58164929668856e-12,-0.857151180993919,9.97006222936949e-11,0.999992033106787,0.999999999992432
"Srgn",4.56164039130722e-12,-0.858177901930398,9.88317018937745e-11,0.999992067899675,0.999999999992432
"Actr3b",4.56138158801997e-12,-0.858191209959941,9.88204878384954e-11,0.999992068349701,0.999999999992432
"Pcyox1l",4.55032433034116e-12,-0.858760460753033,9.83419665009335e-11,0.999992087576836,0.999999999992432
"Pcnp",4.54201820675263e-12,-0.859188942357237,9.79832689921184e-11,0.999992102020106,0.999999999992432
"Aard",4.54168052536832e-12,-0.859206377808525,9.79687001839558e-11,0.999992102607291,0.999999999992432
"Ncaph2",4.51952169990778e-12,-0.860353201383103,9.70150551693605e-11,0.999992141138611,0.999999999992432
"Tex2",4.51252391011454e-12,-0.860716479880281,9.67148617292752e-11,0.999992153306859,0.999999999992432
"Tbc1d22b",4.50162874828371e-12,-0.861283150517945,9.62484034807367e-11,0.99999217225213,0.999999999992432
"Tgs1",4.46532515902821e-12,-0.863180793243888,9.47022639454558e-11,0.999992235379358,0.999999999992432
"Adam19",4.46036431392061e-12,-0.863441241408636,9.44919579644862e-11,0.999992244005623,0.999999999992432
"Reep2",4.44128903086957e-12,-0.864445278326866,9.3685473786234e-11,0.999992277175064,0.999999999992432
"Pvalb",4.43007437436293e-12,-0.865037481164297,9.32129425426123e-11,0.999992296675895,0.999999999992432
"Ppp6r1",4.40402488726622e-12,-0.866418568792719,9.2119953936879e-11,0.999992341972571,0.999999999992432
"Mfsd12",4.3921294284132e-12,-0.867051823178636,9.16229861694168e-11,0.999992362657229,0.999999999992432
"Nt5c3",4.38847474663783e-12,-0.867246707244808,9.14705710149772e-11,0.999992369012246,0.999999999992432
"2610301B20Rik",4.37979081269785e-12,-0.867710392753809,9.11089244131021e-11,0.99999238411248,0.999999999992432
"Btg1",4.37887913182429e-12,-0.867759123320214,9.10709985749124e-11,0.999992385697775,0.999999999992432
"Bloc1s1",4.36279538058586e-12,-0.868620409990375,9.04032143393197e-11,0.99999241366533,0.999999999992432
"Asb1",4.35242301391106e-12,-0.869177452641686,8.99738654746557e-11,0.999992431701528,0.999999999992432
"Zbtb14",4.35081632549147e-12,-0.869263851800995,8.99074503834537e-11,0.999992434495351,0.999999999992432
"Arhgap1",4.35001000945817e-12,-0.869307222612129,8.98741292336427e-11,0.99999243589743,0.999999999992432
"Pik3cd",4.34518605135414e-12,-0.869566857391263,8.96749073282707e-11,0.999992444285667,0.999999999992432
"Mesdc2",4.33578709649655e-12,-0.870073514805233,8.92873801557234e-11,0.999992460629229,0.999999999992432
"Pnpla2",4.33274131963736e-12,-0.870237923443855,8.91619801249711e-11,0.999992465925439,0.999999999992432
"Myh14",4.32731788085032e-12,-0.870530948392492,8.89389056976531e-11,0.999992475356095,0.999999999992432
"Clip2",4.32576098712805e-12,-0.870615130820247,8.88749198669412e-11,0.999992478063331,0.999999999992432
"Pdcd6",4.32121466552792e-12,-0.870861118725775,8.86882051403407e-11,0.999992485968794,0.999999999992432
"Ubn1",4.32030901142163e-12,-0.870910150332897,8.86510339158444e-11,0.999992487543609,0.999999999992432
"Pgp",4.31598466647287e-12,-0.871144402648576,8.84736550330763e-11,0.999992495063083,0.999999999992432
"Gpc1",4.30985920084296e-12,-0.871476604613318,8.82227005933351e-11,0.999992505714473,0.999999999992432
"Snx16",4.30899314953354e-12,-0.87152360930112,8.81872480622383e-11,0.999992507220423,0.999999999992432
"Med9",4.29996419302381e-12,-0.87201418854879,8.78180645474825e-11,0.999992522920606,0.999999999992432
"Borcs5",4.2918777823191e-12,-0.872454386884592,8.74880779821093e-11,0.999992536981824,0.999999999992432
"Mthfd2",4.29001233655668e-12,-0.872556047621776,8.74120418950617e-11,0.999992540225592,0.999999999992432
"Jagn1",4.28732010742573e-12,-0.872702839427846,8.73023641670903e-11,0.999992544907029,0.999999999992432
"Nqo2",4.28335053859967e-12,-0.872919437054974,8.71407749689772e-11,0.999992551809594,0.999999999992432
"Ank",4.27849598732865e-12,-0.873184582665412,8.69433642573747e-11,0.999992560251028,0.999999999992432
"Rps2",4.27743793810361e-12,-0.873242409068957,8.69003683143684e-11,0.999992562090839,0.999999999992432
"Slc35b1",4.24155466082033e-12,-0.875211654810713,8.54484756028279e-11,0.999992624487199,0.999999999992432
"Prokr2",4.24040428205726e-12,-0.875275048155941,8.54021318494144e-11,0.999992626487558,0.999999999992432
"Pa2g4",4.23870824388807e-12,-0.875368540685494,8.5333828782646e-11,0.999992629436748,0.999999999992432
"Mal2",4.2353716981988e-12,-0.875552568435925,8.51995387386626e-11,0.999992635238568,0.999999999992432
"Pde8b",4.22015078141613e-12,-0.876393831693543,8.45882654152916e-11,0.999992661705766,0.999999999992432
"Gm17018",4.20532727201278e-12,-0.87721590519259,8.3995067292528e-11,0.999992687481924,0.999999999992432
"Rpl8",4.19820131095285e-12,-0.877612072752993,8.37106478312547e-11,0.999992699873045,0.999999999992432
"Trmt6",4.19219902438116e-12,-0.877946265622666,8.34714520076362e-11,0.999992710310242,0.999999999992432
"Csrp1",4.17271907967427e-12,-0.879034002131593,8.2697518595586e-11,0.999992744183336,0.999999999992432
"Tbc1d7",4.17060980769782e-12,-0.879152070621075,8.26139340223742e-11,0.999992747851086,0.999999999992432
"Rab3gap1",4.14334210162259e-12,-0.880683534112149,8.15371953906178e-11,0.999992795266086,0.999999999992432
"Abhd8",4.14269708998409e-12,-0.880719876342706,8.1511810884553e-11,0.999992796387678,0.999999999992432
"Zfp938",4.14240646068557e-12,-0.880736253179047,8.1500374427128e-11,0.999992796893044,0.999999999992432
"Epn3",4.13176114688506e-12,-0.881336865478874,8.10820271321997e-11,0.999992815403863,0.999999999992432
"Triqk",4.13080804687829e-12,-0.881390711388769,8.10446240178346e-11,0.99999281706118,0.999999999992432
"Rdh11",4.12882114917177e-12,-0.881503000226075,8.09666786623091e-11,0.999992820516137,0.999999999992432
"Cic",4.12205206213313e-12,-0.88188593855672,8.07014110703403e-11,0.999992832286701,0.999999999992432
"Ssrp1",4.1188367865198e-12,-0.882068041269647,8.05755630332139e-11,0.999992837877647,0.999999999992432
"Spata13",4.11111091795404e-12,-0.882506161921946,8.02735688526048e-11,0.99999285131193,0.999999999992432
"Smarcb1",4.10988030769155e-12,-0.882576019906222,8.02255182431698e-11,0.999992853451801,0.999999999992432
"Inf2",4.10676769819688e-12,-0.882752801964961,8.01040469923492e-11,0.999992858864225,0.999999999992432
"Calml4",4.10529285027494e-12,-0.882836611064716,8.00465223977727e-11,0.999992861428794,0.999999999992432
"Trim3",4.10053990556649e-12,-0.883106894685857,7.98612803358219e-11,0.999992869693548,0.999999999992432
"1600014C10Rik",4.07818065074082e-12,-0.884382395100986,7.89927262282275e-11,0.999992908573388,0.999999999992432
"Add3",4.04541342311996e-12,-0.886263678863263,7.77284496416191e-11,0.999992965551342,0.999999999992432
"Mrgpre",4.02626226079396e-12,-0.8873699293254,7.69942519337574e-11,0.999992998852727,0.999999999992432
"Bola2",4.01936321274324e-12,-0.887769671957847,7.67306168738933e-11,0.999993010849276,0.999999999992432
"1810037I17Rik",4.00088658508021e-12,-0.888843458288611,7.60267917180333e-11,0.999993042977732,0.999999999992432
"Fbxo28",3.99998497755196e-12,-0.88889597650851,7.5992530009894e-11,0.999993044545511,0.999999999992432
"Gab2",3.9912984459344e-12,-0.889402539817401,7.56628313956769e-11,0.999993059650261,0.999999999992432
"Fam155a",3.98791491230991e-12,-0.889600137245678,7.55346028378708e-11,0.999993065533787,0.999999999992432
"Clybl",3.98145065703461e-12,-0.8899780911529,7.5289923987787e-11,0.999993076774287,0.999999999992432
"Cdc37l1",3.97267293829528e-12,-0.890492243566152,7.49583135599678e-11,0.9999930920376,0.999999999992432
"Adam10",3.96424362213246e-12,-0.890987005178794,7.4640554207937e-11,0.999993106695087,0.999999999992432
"Pmepa1",3.95804140165395e-12,-0.891351685247812,7.44071805427923e-11,0.999993117479943,0.999999999992432
"Manea",3.94958891391632e-12,-0.891849552210056,7.40897234094799e-11,0.999993132177721,0.999999999992432
"Hjurp",3.9406092796575e-12,-0.892379579098919,7.37532112638895e-11,0.999993147792139,0.999999999992432
"Romo1",3.9390693788301e-12,-0.89247058765924,7.3695580358522e-11,0.999993150469827,0.999999999992432
"Soat1",3.93130144779725e-12,-0.892930190388149,7.34052083560667e-11,0.99999316397725,0.999999999992432
"Gse1",3.92955762619095e-12,-0.893033485094966,7.3340101571408e-11,0.99999316700953,0.999999999992432
"Aimp1",3.92484554751167e-12,-0.893312821506307,7.31643173431077e-11,0.999993175203223,0.999999999992432
"Egln1",3.92004495570403e-12,-0.89359773286258,7.29854480259892e-11,0.999993183550829,0.999999999992432
"Fads1",3.91422903844563e-12,-0.893943347332841,7.27690410986216e-11,0.999993193663953,0.999999999992432
"Nsg1",3.90390311537439e-12,-0.894558175364706,7.2385611110991e-11,0.999993211619393,0.999999999992432
"Slc7a7",3.90214466937832e-12,-0.894663030996411,7.23204160908621e-11,0.999993214677102,0.999999999992432
"Cog8",3.90161103751082e-12,-0.894694860189818,7.23006373060457e-11,0.999993215605019,0.999999999992432
"Bloc1s5",3.87988303672872e-12,-0.895994381087679,7.1497597742322e-11,0.999993253387191,0.999999999992432
"Rgl1",3.87753771775442e-12,-0.896135064429938,7.14111858634885e-11,0.999993257465396,0.999999999992432
"Smarcd1",3.85399848643502e-12,-0.897551553315335,7.05467908483357e-11,0.999993298397063,0.999999999992432
"Lrp12",3.81978531029224e-12,-0.899625076855475,6.92998176029512e-11,0.999993357889334,0.999999999992432
"Fopnl",3.81009744829463e-12,-0.900215424801547,6.89487425327136e-11,0.999993374735268,0.999999999992432
"Enho",3.79364610368196e-12,-0.901221192613992,6.83546103960021e-11,0.99999340334202,0.999999999992432
"Rsu1",3.76914387897655e-12,-0.902726865617316,6.74744906965936e-11,0.999993445948207,0.999999999992432
"Spata2",3.76522943705891e-12,-0.902968270864469,6.73344122969248e-11,0.999993452754913,0.999999999992432
"Slc41a3",3.75706008843308e-12,-0.903472846882038,6.70425408184861e-11,0.99999346696035,0.999999999992432
"Yars2",3.74598669788125e-12,-0.904158456089584,6.6647926849208e-11,0.999993486215538,0.999999999992432
"Fbxl17",3.74434934868836e-12,-0.904259995946273,6.65896767330831e-11,0.999993489062675,0.999999999992432
"Gpr37l1",3.73951158771349e-12,-0.904560255259866,6.64177179754098e-11,0.999993497474914,0.999999999992432
"Ube2i",3.73544632258071e-12,-0.904812854490217,6.62733895711928e-11,0.999993504543882,0.999999999992432
"Anxa11",3.73278779698953e-12,-0.904978185849743,6.617908929768e-11,0.999993509166713,0.999999999992432
"Mras",3.72511306928889e-12,-0.90545609870676,6.59072365261498e-11,0.999993522512068,0.999999999992432
"Fnbp1",3.71269444821201e-12,-0.906231403332638,6.54685316171649e-11,0.999993544106437,0.999999999992432
"Zmpste24",3.65598026236047e-12,-0.90980372732119,6.34836469806785e-11,0.999993642725042,0.999999999992432
"Gak",3.65442813216244e-12,-0.909902231472941,6.34297550216328e-11,0.999993645423995,0.999999999992432
"Senp2",3.64785184755615e-12,-0.910320029194001,6.32016718393817e-11,0.9999936568593,0.999999999992432
"Ctnnd1",3.6404460971698e-12,-0.910791381101028,6.2945312365734e-11,0.999993669736938,0.999999999992432
"Med31",3.63243791687636e-12,-0.911302101850497,6.26686852893127e-11,0.999993683662124,0.999999999992432
"Gprasp2",3.63160276947684e-12,-0.911355424851124,6.2639871817929e-11,0.999993685114337,0.999999999992432
"Tbc1d1",3.63053945014481e-12,-0.911423333172416,6.26031957606235e-11,0.999993686963311,0.999999999992432
"Kctd20",3.62204024755506e-12,-0.911966810269225,6.23104269055383e-11,0.999993701742321,0.999999999992432
"Ap1g1",3.62052334353902e-12,-0.91206393529375,6.22582468422733e-11,0.99999370438002,0.999999999992432
"AF529169",3.60247660333364e-12,-0.913222415316931,6.16391329329658e-11,0.999993735760958,0.999999999992432
"Slc37a3",3.59669076245838e-12,-0.913594994872519,6.14412980189544e-11,0.999993745821784,0.999999999992432
"Ndufaf1",3.58243112214369e-12,-0.914515681603396,6.09550766062792e-11,0.999993770617447,0.999999999992432
"Ube2g1",3.57410656396966e-12,-0.915054775028983,6.06721209770978e-11,0.999993785092773,0.999999999992432
"Ntpcr",3.56880662003547e-12,-0.915398618023694,6.04923163638699e-11,0.999993794308687,0.999999999992432
"Lrp3",3.55375563615648e-12,-0.916377727875658,5.99831551330681e-11,0.999993820480394,0.999999999992432
"Nup88",3.5481515870682e-12,-0.916743294113133,5.97941249702383e-11,0.999993830225107,0.999999999992432
"Slc19a2",3.54759309764726e-12,-0.916779755833901,5.97753029119222e-11,0.999993831196248,0.999999999992432
"Klf6",3.53946142953096e-12,-0.917311261134554,5.95015872789077e-11,0.999993845336163,0.999999999992432
"Tsr3",3.53885034971082e-12,-0.917351249621915,5.94810434299505e-11,0.999993846398751,0.999999999992432
"G3bp1",3.53606557450347e-12,-0.917533565784899,5.9387467185778e-11,0.999993851241114,0.999999999992432
"Ndufb5",3.52860518597835e-12,-0.918022662177313,5.9137140266015e-11,0.999993864213761,0.999999999992432
"Naaa",3.51668086223976e-12,-0.91880645373014,5.87381277007594e-11,0.999993884948611,0.999999999992432
"Znhit3",3.50796093794896e-12,-0.919381218338231,5.84471959764231e-11,0.999993900111428,0.999999999992432
"Sfpq",3.50628931379711e-12,-0.919491556689624,5.83915063792101e-11,0.999993903018165,0.999999999992432
"Ppp1r12c",3.5037903092584e-12,-0.91965660089654,5.83083023842809e-11,0.999993907363609,0.999999999992432
"Srprb",3.4835062116219e-12,-0.921000396026528,5.76351412255889e-11,0.999993942635021,0.999999999992432
"Iqsec1",3.48143727747533e-12,-0.921137877712119,5.7566699894462e-11,0.999993946232629,0.999999999992432
"Phactr3",3.47313669878673e-12,-0.921690236682184,5.72925215907589e-11,0.999993960666258,0.999999999992432
"Grpel1",3.47108192885531e-12,-0.921827164226247,5.72247510781861e-11,0.999993964239236,0.999999999992432
"Dnajc21",3.4688188206644e-12,-0.921978064331272,5.71501555559e-11,0.999993968174487,0.999999999992432
"Tpd52l1",3.46454023880664e-12,-0.922263608421742,5.70092598620507e-11,0.999993975614385,0.999999999992432
"Taf10",3.45511085090729e-12,-0.922894091606639,5.66993596442773e-11,0.999993992010866,0.999999999992432
"Eef1akmt1",3.44498122644327e-12,-0.9235732188848,5.63673869109287e-11,0.999994009624968,0.999999999992432
"Fgfr1op2",3.42668026329675e-12,-0.924805006465602,5.57700905252341e-11,0.999994041447967,0.999999999992432
"Rnaseh2c",3.41710381639468e-12,-0.92545206368628,5.54588078951381e-11,0.999994058100164,0.999999999992432
"Pik3r4",3.40779574671742e-12,-0.926082640312019,5.51570837445853e-11,0.999994074285689,0.999999999992432
"4930452B06Rik",3.40457382224151e-12,-0.926301291328377,5.5052835742752e-11,0.999994079888197,0.999999999992432
"Tmem55a",3.40293807209611e-12,-0.92641237427106,5.49999474486125e-11,0.999994082732554,0.999999999992432
"Dut",3.4016373314083e-12,-0.926500743106277,5.49579090717225e-11,0.999994084994373,0.999999999992432
"Slu7",3.38965133321776e-12,-0.927316553777173,5.4571292396696e-11,0.999994105836468,0.999999999992432
"Eif4e2",3.3615600561578e-12,-0.929239337300419,5.36705359629824e-11,0.999994154683551,0.999999999992432
"Clint1",3.35958320552757e-12,-0.929375222445939,5.3607429884807e-11,0.999994158121038,0.999999999992432
"Plppr2",3.35328915734964e-12,-0.929808370427953,5.34067551786679e-11,0.99999416906557,0.999999999992432
"Mkrn1",3.34526198317632e-12,-0.930361911797388,5.31513687900555e-11,0.999994183023784,0.999999999992432
"Ano10",3.33643664035753e-12,-0.93097195172827,5.28712948825598e-11,0.999994198369909,0.999999999992432
"Fbxl14",3.32942784733852e-12,-0.93145751816358,5.26493966217364e-11,0.99999421055729,0.999999999992432
"Nrip3",3.32796589170349e-12,-0.931558924261947,5.26031699506359e-11,0.999994213099441,0.999999999992432
"Wdr13",3.32252376303217e-12,-0.9319367807088,5.24312696599225e-11,0.999994222562596,0.999999999992432
"Fam131a",3.31751995369889e-12,-0.932284723052865,5.22734628013078e-11,0.999994231263571,0.999999999992432
"Tnfrsf1a",3.30774243582292e-12,-0.932966048768665,5.19657922819376e-11,0.999994248265405,0.999999999992432
"Frmd3",3.30209472639021e-12,-0.933360469713198,5.17884887902738e-11,0.999994258086038,0.999999999992432
"Ptpn9",3.29680371687824e-12,-0.933730561518316,5.16226583819772e-11,0.999994267286417,0.999999999992432
"Ptprg",3.2884962875735e-12,-0.93431278370199,5.13628241289364e-11,0.999994281731958,0.999999999992432
"Sez6",3.27543228982168e-12,-0.935231199976162,5.09555431509310e-11,0.999994304448553,0.999999999992432
"Arhgef4",3.27048299281359e-12,-0.935580051214825,5.08016681459032e-11,0.999994313054738,0.999999999992432
"Adra2c",3.26674560739955e-12,-0.935843813350252,5.06856260026392e-11,0.999994319553566,0.999999999992432
"Lonp2",3.26280956770634e-12,-0.936121905407514,5.05635592900627e-11,0.999994326397828,0.999999999992432
"Mrpl50",3.26215165289732e-12,-0.936168419986344,5.05431700152222e-11,0.999994327541856,0.999999999992432
"Prepl",3.24949936499934e-12,-0.937064674660811,5.01518659445615e-11,0.999994349542542,0.999999999992432
"Psat1",3.24875857994151e-12,-0.937117252592147,5.01290024114334e-11,0.999994350830671,0.999999999992432
"Rhbdd1",3.24090870112747e-12,-0.937675106125556,4.98870446449927e-11,0.999994364480591,0.999999999992432
"Aup1",3.23835619254049e-12,-0.937856777331309,4.98084944747593e-11,0.999994368919072,0.999999999992432
"Psmd5",3.22594881930168e-12,-0.938741796867389,4.94275550953199e-11,0.999994390493883,0.999999999992432
"Gls",3.22442929589632e-12,-0.93885040684009,4.93810021942534e-11,0.999994393136137,0.999999999992432
"Nolc1",3.21788277398588e-12,-0.939318884929887,4.91806903786567e-11,0.999994404519689,0.999999999992432
"Slc35f1",3.21772552022859e-12,-0.939330149356147,4.91758837030132e-11,0.999994404793133,0.999999999992432
"Nr2c2ap",3.20294349023889e-12,-0.940391360101829,4.87250996495042e-11,0.999994430497163,0.999999999992432
"Ppp6c",3.20150343099797e-12,-0.940494991385684,4.86812954072458e-11,0.999994433001239,0.999999999992432
"Ppp1r12a",3.20040844983106e-12,-0.940573819384247,4.86480010584686e-11,0.999994434905269,0.999999999992432
"Sc5d",3.19580520034233e-12,-0.94090548908869,4.85081577601588e-11,0.999994442909723,0.999999999992432
"Chrnb2",3.1800995198512e-12,-0.942040528154991,4.80325458082763e-11,0.999994470219862,0.999999999992432
"Ckap5",3.17741478649733e-12,-0.942235084816763,4.79514790722335e-11,0.999994474888264,0.999999999992432
"Dcaf12l1",3.17706250501984e-12,-0.942260625461801,4.79408468554188e-11,0.999994475500836,0.999999999992432
"1700037H04Rik",3.17531272534303e-12,-0.94238752555082,4.78880541771922e-11,0.999994478543476,0.999999999992432
"Enox1",3.17413550479878e-12,-0.942472939052117,4.78525525709978e-11,0.999994480590509,0.999999999992432
"Ass1",3.17227393998336e-12,-0.942608066742827,4.77964399657946e-11,0.999994483827529,0.999999999992432
"Ctnnd2",3.16816117638495e-12,-0.942906872209051,4.76725868340187e-11,0.999994490979091,0.999999999992432
"Dcun1d4",3.16638322189547e-12,-0.943036160400206,4.76190946650694e-11,0.999994494070723,0.999999999992432
"Msi2",3.14912975813279e-12,-0.94429438118407,4.71015603973502e-11,0.999994524072256,0.999999999992432
"Clasp1",3.1425105152361e-12,-0.94477883284935,4.6903760352891e-11,0.99999453558226,0.999999999992432
"Myadm",3.13915401468853e-12,-0.945024860205696,4.68036184949124e-11,0.999994541418779,0.999999999992432
"Mapk1ip1l",3.10769822047709e-12,-0.947342753313229,4.58703296581607e-11,0.99999459611632,0.999999999992432
"B4galt5",3.09201607178287e-12,-0.94850666677013,4.54085535848351e-11,0.99999462338554,0.999999999992432
"Atp5s",3.08839565263006e-12,-0.948776167317067,4.53022787485631e-11,0.999994629680979,0.999999999992432
"Ganc",3.06643474474521e-12,-0.950417376393527,4.46603001307451e-11,0.999994667868147,0.999999999992432
"Pir",3.06161002314796e-12,-0.950779438948608,4.45198738574153e-11,0.999994676257711,0.999999999992432
"1810030O07Rik",3.05222464907921e-12,-0.951485302813605,4.42473406292869e-11,0.999994692577658,0.999999999992432
"Dnal4",3.04905126667027e-12,-0.951724435984446,4.4155380990132e-11,0.999994698095758,0.999999999992432
"Arrdc3",3.0369720758902e-12,-0.95263684252469,4.38062200634528e-11,0.999994719099902,0.999999999992432
"Pygo2",3.02645389393005e-12,-0.9534341498986,4.35033105298685e-11,0.999994737389655,0.999999999992432
"Pcnx",3.00735149411836e-12,-0.954888919801375,4.29558744561635e-11,0.999994770606248,0.999999999992432
"Rbck1",3.00609264534062e-12,-0.954985097226218,4.29199201405267e-11,0.999994772795222,0.999999999992432
"Oxsr1",3.00001636624673e-12,-0.955449870308423,4.2746585602601e-11,0.999994783361082,0.999999999992432
"Bin1",2.99651254200862e-12,-0.955718283623072,4.26467934416046e-11,0.999994789453778,0.999999999992432
"Gtf2h1",2.98694511531491e-12,-0.956452725547174,4.23748982367411e-11,0.999994806090291,0.999999999992432
"Rpl11",2.98576218056184e-12,-0.956543688525455,4.23413409989106e-11,0.999994808147261,0.999999999992432
"Slc35a2",2.9678005504806e-12,-0.957929089078227,4.18334425751717e-11,0.999994839380203,0.999999999992432
"Brd3",2.95522016953895e-12,-0.958904179008306,4.14795338848301e-11,0.999994861255852,0.999999999992432
"Rdh14",2.95095269871519e-12,-0.9592358412914,4.13598237560825e-11,0.99999486867643,0.999999999992432
"Scrt1",2.92877014074293e-12,-0.960967214632113,4.07403503557008e-11,0.999994907249018,0.999999999992432
"Lcp1",2.92205498873634e-12,-0.961493796450322,4.05537436916555e-11,0.999994918925795,0.999999999992432
"Slc35b4",2.9185020221562e-12,-0.961772874498554,4.04551839462264e-11,0.999994925103943,0.999999999992432
"Rps6ka5",2.91688084417793e-12,-0.961900321862692,4.04102521030175e-11,0.99999492792296,0.999999999992432
"Gpr89",2.91218881761568e-12,-0.962269560621152,4.02803506853747e-11,0.999994936081785,0.999999999992432
"Afg3l2",2.88848214663798e-12,-0.964143840323766,3.96272156410856e-11,0.999994977304608,0.999999999992432
"Dgat2",2.88474555454565e-12,-0.964440592423895,3.95247570073701e-11,0.999994983802057,0.999999999992432
"Wsb2",2.88254476842658e-12,-0.964615545031131,3.9464472761084e-11,0.999994987628938,0.999999999992432
"Sulf2",2.87757921333416e-12,-0.965010750933626,3.932862458273e-11,0.999994996263393,0.999999999992432
"Ccdc82",2.86449872042423e-12,-0.966054929721681,3.89718882236954e-11,0.999995019008672,0.999999999992432
"Cep120",2.85377983001772e-12,-0.966913970656487,3.86807700482513e-11,0.999995037647431,0.999999999992432
"Ilkap",2.8535391500931e-12,-0.966933294561144,3.86742458643286e-11,0.999995038065942,0.999999999992432
"Pfdn4",2.84556016501749e-12,-0.967574795841821,3.84582685874666e-11,0.999995051940361,0.999999999992432
"Manbal",2.84353212268376e-12,-0.967738120474963,3.84034693925243e-11,0.999995055466863,0.999999999992432
"Brinp1",2.83647892002222e-12,-0.968306999998211,3.82131908895807e-11,0.999995067731467,0.999999999992432
"Golga7b",2.83486321001981e-12,-0.968437505039833,3.81696694307846e-11,0.999995070540976,0.999999999992432
"Rap2a",2.83355098992742e-12,-0.968543548429346,3.81343411548602e-11,0.999995072822757,0.999999999992432
"Usp30",2.82405891755977e-12,-0.969312015806852,3.78792777086383e-11,0.999995089328238,0.999999999992432
"Cpne3",2.81759556952896e-12,-0.969836686568676,3.77060895438888e-11,0.999995100567161,0.999999999992432
"Tbl1x",2.81656832301317e-12,-0.969920179932056,3.76786005821978e-11,0.999995102353409,0.999999999992432
"Ifngr1",2.78932872755027e-12,-0.972144801405657,3.6953330180009e-11,0.999995149719529,0.999999999992432
"Tpx2",2.78824629098825e-12,-0.972233628277206,3.6924655270464e-11,0.999995151601746,0.999999999992432
"Bend6",2.78376965617617e-12,-0.972601337952221,3.68061825935776e-11,0.999995159386032,0.999999999992432
"Syap1",2.78019809078187e-12,-0.972895108526684,3.67117988077685e-11,0.999995165596521,0.999999999992432
"Cyp1b1",2.74559725374759e-12,-0.975759825100512,3.58036948169035e-11,0.999995225762884,0.999999999992432
"Ccdc115",2.73989500024437e-12,-0.976235222208636,3.56551298844209e-11,0.999995235678362,0.999999999992432
"Tmem126b",2.7317757650374e-12,-0.976913747592062,3.54441265766776e-11,0.999995249796658,0.999999999992432
"Tmem151b",2.70634616986212e-12,-0.979051367037489,3.4787312320149e-11,0.999995294015422,0.999999999992432
"Psma5",2.69801795588796e-12,-0.979755588396097,3.45735403989135e-11,0.999995308497104,0.999999999992432
"Wdr75",2.69279218203553e-12,-0.980198527191528,3.44397395616524e-11,0.999995317584047,0.999999999992432
"Nlk",2.6866748136205e-12,-0.980718076530237,3.42834398895672e-11,0.999995328221356,0.999999999992432
"Bcr",2.68260000325318e-12,-0.981064774947098,3.41795251344102e-11,0.999995335306922,0.999999999992432
"Zfp2",2.6804263477498e-12,-0.981249921447626,3.41241576452843e-11,0.999995339086627,0.999999999992432
"Lrrn2",2.67382672720352e-12,-0.981812935700202,3.39563266987955e-11,0.99999535056251,0.999999999992432
"Lpgat1",2.65490203642056e-12,-0.983434753694558,3.347735859834e-11,0.99999538347009,0.999999999992432
"Gorasp1",2.63978241667592e-12,-0.984738394092091,3.30971384433152e-11,0.999995409761145,0.999999999992432
"Pla2g12a",2.62453585142558e-12,-0.986060182417613,3.27159248856997e-11,0.999995436272943,0.999999999992432
"Ckap4",2.61431630932935e-12,-0.986950246564177,3.2461639288125e-11,0.999995454043399,0.999999999992432
"Tmem178",2.60879790270087e-12,-0.987432243672106,3.23247411932774e-11,0.999995463639192,0.999999999992432
"Snx15",2.60377223521055e-12,-0.987872046630458,3.22003184289093e-11,0.999995472378175,0.999999999992432
"Nudt7",2.59930558267853e-12,-0.988263606801721,3.20899368317591e-11,0.999995480145104,0.999999999992432
"Ctsz",2.59800464203503e-12,-0.988377771361082,3.20578231347532e-11,0.999995482407271,0.999999999992432
"Nelfb",2.59785744736564e-12,-0.988390691907027,3.20541906493243e-11,0.999995482663223,0.999999999992432
"Mrps16",2.59575635862576e-12,-0.988575198442715,3.20023621981133e-11,0.999995486316744,0.999999999992432
"Fam195b",2.58336401990872e-12,-0.989666322884724,3.169752815666e-11,0.999995507865412,0.999999999992432
"Rbpj",2.58255697746615e-12,-0.989737553943079,3.16777266462567e-11,0.999995509268754,0.999999999992432
"Fam219b",2.58126281342031e-12,-0.989851823408877,3.1645986085804e-11,0.999995511519137,0.999999999992432
"Rnf114",2.57984869495227e-12,-0.989976746607247,3.16113217231564e-11,0.999995513978105,0.999999999992432
"Blcap",2.57958074471682e-12,-0.990000424656173,3.16047555851942e-11,0.999995514444036,0.999999999992432
"Rogdi",2.57407404549377e-12,-0.990487555119964,3.14699645950331e-11,0.999995524019471,0.999999999992432
"Tbc1d13",2.5728082476441e-12,-0.990599669326614,3.14390215696983e-11,0.999995526220529,0.999999999992432
"Sin3b",2.56786613527898e-12,-0.991037904198354,3.13183550201029e-11,0.999995534814221,0.999999999992432
"Rcbtb1",2.56553426550382e-12,-0.991244957753414,3.12615006808588e-11,0.999995538869039,0.999999999992432
"Erc2",2.56333850853708e-12,-0.991440088945955,3.12080121858277e-11,0.999995542687176,0.999999999992432
"Tram1l1",2.5562217012461e-12,-0.992073634194533,3.10349620102626e-11,0.99999555506238,0.999999999992432
"Cdv3",2.55265022969414e-12,-0.992392201825047,3.094830047188e-11,0.999995561272705,0.999999999992432
"Prkcdbp",2.55234764271974e-12,-0.992419211389152,3.09409637851185e-11,0.999995561798864,0.999999999992432
"Arhgef10l",2.54853143904056e-12,-0.992760115281201,3.08485087096281e-11,0.999995568434747,0.999999999992432
"Fam234a",2.5475098005552e-12,-0.992851461180932,3.0823780973283e-11,0.999995570211244,0.999999999992432
"Bysl",2.5375078839218e-12,-0.993747586922596,3.05822182699924e-11,0.999995587603278,0.999999999992432
"Eif3m",2.53510883651375e-12,-0.993963029436833,3.05244186394735e-11,0.99999559177491,0.999999999992432
"Islr2",2.53016931472396e-12,-0.994407225661021,3.04055841820572e-11,0.999995600364097,0.999999999992432
"Wipf1",2.51328062181427e-12,-0.995932222991636,3.00010288438237e-11,0.999995629731341,0.999999999992432
"2610002M06Rik",2.50638119640125e-12,-0.996558022486137,2.98365380614691e-11,0.999995641728546,0.999999999992432
"Tpr",2.50340502631466e-12,-0.996828475785695,2.97657221051342e-11,0.999995646903719,0.999999999992432
"Mapkapk2",2.49957490703789e-12,-0.99717697977116,2.96747108208317e-11,0.999995653563799,0.999999999992432
"Gtpbp4",2.4971626124176e-12,-0.997396735819665,2.96174614039113e-11,0.999995657758466,0.999999999992432
"Brms1l",2.49175806945483e-12,-0.997889813671171,2.94893995584949e-11,0.999995667156265,0.999999999992432
"Mmd",2.49078535530974e-12,-0.997978666100038,2.94663803436197e-11,0.999995668847688,0.999999999992432
"Nipa1",2.49043790827386e-12,-0.998010411587785,2.94581602114257e-11,0.999995669451854,0.999999999992432
"Daglb",2.48441845769998e-12,-0.998561064704904,2.93159300895462e-11,0.999995679918897,0.999999999992432
"Polr3b",2.47207328254214e-12,-0.999694364765808,2.90253098702674e-11,0.999995701385553,0.999999999992432
"Entpd3",2.47193774476181e-12,-0.999706837088728,2.90221271828816e-11,0.999995701621236,0.999999999992432
"Wdr19",2.47031319093397e-12,-0.999856380745641,2.89839931197512e-11,0.999995704446124,0.999999999992432
"Tmem158",2.46959986664354e-12,-0.999922073291728,2.89672567793055e-11,0.999995705686502,0.999999999992432
"Tbpl1",2.46517075021951e-12,-1.00033037009416,2.88634470043468e-11,0.999995713388161,0.999999999992432
"Id4",2.46445350967598e-12,-1.000396554257,2.88466538286277e-11,0.999995714635349,0.999999999992432
"Prdm8",2.45800949403147e-12,-1.00099200497048,2.86959954705809e-11,0.999995725840655,0.999999999992432
"Wdr83os",2.44294748407725e-12,-1.00238959436895,2.83453905527196e-11,0.999995752031535,0.999999999992432
"Gnai3",2.4390342984383e-12,-1.00275403463307,2.82546543106415e-11,0.999995758836057,0.999999999992432
"Psmc2",2.43600243900633e-12,-1.00303677788392,2.81844536599123e-11,0.999995764108066,0.999999999992432
"Arl6",2.43212396833063e-12,-1.00339896161921,2.8094777595135e-11,0.999995770852223,0.999999999992432
"Ski",2.4272257171322e-12,-1.00385716048093,2.79817268604316e-11,0.999995779369646,0.999999999992432
"2310057M21Rik",2.4228388823024e-12,-1.00426826596041,2.7880672981336e-11,0.999995786997782,0.999999999992432
"Eif2ak1",2.41660248614523e-12,-1.00485391902341,2.77373277958466e-11,0.999995797842065,0.999999999992432
"Nifk",2.41638127145529e-12,-1.0048747194067,2.77322499035871e-11,0.999995798226729,0.999999999992432
"Lrfn1",2.41307241163048e-12,-1.00518606107938,2.7656351864125e-11,0.999995803980407,0.999999999992432
"Cebpz",2.40566345207833e-12,-1.00588466811389,2.74867836179702e-11,0.999995816863625,0.999999999992432
"Zfp81",2.38607355354914e-12,-1.00774173633858,2.70409432963366e-11,0.999995850927915,0.999999999992432
"Tmem38a",2.3792332050352e-12,-1.00839359557345,2.68861246465945e-11,0.999995862822393,0.999999999992432
"Ankrd6",2.37032631067221e-12,-1.00924506227822,2.66851997198109e-11,0.999995878310326,0.999999999992432
"Minpp1",2.36819851871803e-12,-1.00944892118964,2.66373117411379e-11,0.99999588201028,0.999999999992432
"Abhd14a",2.36381463769202e-12,-1.00986947997748,2.65387839184057e-11,0.999995889633279,0.999999999992432
"Pex14",2.36160114640176e-12,-1.01008210837906,2.64891050118728e-11,0.999995893482253,0.999999999992432
"Nap1l4",2.35014550641733e-12,-1.01118557374289,2.62327419378972e-11,0.999995913402124,0.999999999992432
"Sf3b5",2.34362583467122e-12,-1.01181586526305,2.60873963535181e-11,0.999995924738986,0.999999999992432
"Ydjc",2.34347142034411e-12,-1.01183081350447,2.60839588294991e-11,0.999995925007493,0.999999999992432
"Mpz",2.33856281711464e-12,-1.01230648428405,2.59748030596325e-11,0.999995933542917,0.999999999992432
"Mkks",2.33305618102062e-12,-1.01284123789168,2.58526208496807e-11,0.999995943118242,0.999999999992432
"Kcnq5",2.33249242553593e-12,-1.01289605225528,2.58401283979075e-11,0.999995944098539,0.999999999992432
"Prpf6",2.33235747781669e-12,-1.01290917518889,2.58371384927906e-11,0.999995944333196,0.999999999992432
"Igf2r",2.32457785771532e-12,-1.01366692302234,2.5665065472995e-11,0.999995957860945,0.999999999992432
"Fam43b",2.32293491680749e-12,-1.01382725623321,2.56287997183858e-11,0.999995960717806,0.999999999992432
"Dcp2",2.31792289553976e-12,-1.01431704156361,2.5518324377351e-11,0.99999596943306,0.999999999992432
"Lmo1",2.31551969124673e-12,-1.01455224472618,2.54654374105015e-11,0.99999597361192,0.999999999992432
"1110065P20Rik",2.31285114177952e-12,-1.01481368925892,2.54067753127883e-11,0.999995978252182,0.999999999992432
"Kcnk18",2.30148243253052e-12,-1.01593073092501,2.51576176033585e-11,0.999995998020891,0.999999999992432
"Aimp2",2.30080315292732e-12,-1.01599763992989,2.51427693174406e-11,0.99999599920207,0.999999999992432
"Dnajc9",2.2996165353945e-12,-1.01611456672879,2.51168417126944e-11,0.999996001265443,0.999999999992432
"Slc35e1",2.29308721477275e-12,-1.01675897942742,2.497441527547e-11,0.999996012619084,0.999999999992432
"Hpf1",2.2902670060817e-12,-1.01703785972692,2.49130222759725e-11,0.999996017523061,0.999999999992432
"Slirp",2.28010897130852e-12,-1.01804506213222,2.46925186138531e-11,0.999996035186564,0.999999999992432
"Atg3",2.27141346309962e-12,-1.01891064219431,2.45045411264918e-11,0.999996050306924,0.999999999992432
"Rai2",2.26761738288751e-12,-1.01928950421916,2.44227035616946e-11,0.999996056907815,0.999999999992432
"Iars",2.26500402219591e-12,-1.0195506770367,2.43664431400155e-11,0.99999606145211,0.999999999992432
"Naa30",2.26229120090913e-12,-1.01982209268354,2.43081101573447e-11,0.999996066169354,0.999999999992432
"Cipc",2.25475542072103e-12,-1.02057766706501,2.41464373505529e-11,0.999996079273097,0.999999999992432
"Cnst",2.25396733798367e-12,-1.02065682261982,2.41295609614856e-11,0.99999608064347,0.999999999992432
"Etl4",2.25097424038704e-12,-1.02095769106901,2.40655190590585e-11,0.999996085848078,0.999999999992432
"Snap29",2.23263908216492e-12,-1.02280909197907,2.36750676485329e-11,0.999996117730538,0.999999999992432
"Zmiz2",2.23200372412687e-12,-1.02287350614212,2.36615947998966e-11,0.999996118835343,0.999999999992432
"Acp2",2.22208767679179e-12,-1.02388108316622,2.34518206841314e-11,0.999996136078062,0.999999999992432
"Jtb",2.2209348872443e-12,-1.02399849599745,2.34274940103159e-11,0.999996138082613,0.999999999992432
"Col1a2",2.21518793779997e-12,-1.02458469395137,2.33064076787667e-11,0.999996148075812,0.999999999992432
"Mospd1",2.21278650139381e-12,-1.02483007234579,2.32559031435617e-11,0.999996152251598,0.999999999992432
"Cntnap1",2.20706433340611e-12,-1.02541578363768,2.31357811865334e-11,0.999996162201705,0.999999999992432
"Lgi3",2.20511469490479e-12,-1.02561567480863,2.30949246637625e-11,0.999996165591873,0.999999999992432
"Atp6v0a1",2.20188391334639e-12,-1.02594728802964,2.30273000665014e-11,0.999996171209783,0.999999999992432
"Ppib",2.19907649706805e-12,-1.02623582182416,2.29686175866025e-11,0.999996176091515,0.999999999992432
"Gpm6b",2.19148296931636e-12,-1.02701800770309,2.28102677457397e-11,0.999996189295674,0.999999999992432
"Csdc2",2.18547098225515e-12,-1.02763911223804,2.26852866874115e-11,0.999996199749739,0.999999999992432
"Swsap1",2.18336090897218e-12,-1.02785749092539,2.26415025240522e-11,0.999996203418882,0.999999999992432
"Lynx1",2.18069356238929e-12,-1.02813383080857,2.25862154259421e-11,0.999996208057052,0.999999999992432
"Tspan12",2.1731527571887e-12,-1.02891680664091,2.24302799247634e-11,0.999996221169533,0.999999999992432
"Ctnna2",2.16564407339039e-12,-1.02969901592688,2.22755453686951e-11,0.999996234226159,0.999999999992432
"Apmap",2.16217311224935e-12,-1.03006147078016,2.22041988409713e-11,0.99999624026171,0.999999999992432
"Sap30bp",2.14389496717787e-12,-1.03197933175619,2.18303748283968e-11,0.999996272045031,0.999999999992432
"Fam49b",2.14368399805647e-12,-1.03200155854432,2.18260786212925e-11,0.999996272411878,0.999999999992432
"Tbc1d16",2.14272887577845e-12,-1.03210221207545,2.18066336566079e-11,0.999996274072712,0.999999999992432
"Chrm2",2.14254908454787e-12,-1.03212116375858,2.18029743256878e-11,0.999996274385346,0.999999999992432
"Tank",2.13724087796303e-12,-1.03268138038041,2.16950735776907e-11,0.999996283615628,0.999999999992432
"Nup93",2.12879543344568e-12,-1.03357542449597,2.15239533915481e-11,0.999996298301159,0.999999999992432
"Pde3b",2.12730175514716e-12,-1.0337338975064,2.14937592427528e-11,0.999996300898472,0.999999999992432
"Sdhaf3",2.12061842328207e-12,-1.03444426808656,2.13589177482432e-11,0.999996312519918,0.999999999992432
"9130401M01Rik",2.11512810254464e-12,-1.03502942663261,2.12484636428473e-11,0.999996322066873,0.999999999992432
"Polr2k",2.11479543981252e-12,-1.03506492818184,2.12417803444735e-11,0.99999632264533,0.999999999992432
"Supt5",2.11350139416792e-12,-1.03520307836054,2.12157925605932e-11,0.999996324895507,0.999999999992432
"Naa20",2.11216472943456e-12,-1.03534586287415,2.11889655764447e-11,0.999996327219794,0.999999999992432
"Prmt7",2.10702646662113e-12,-1.03589554011763,2.10859981867302e-11,0.999996336154566,0.999999999992432
"Gpr161",2.1035224003815e-12,-1.03627112626844,2.10159228485219e-11,0.999996342247682,0.999999999992432
"2210013O21Rik",2.09626276782035e-12,-1.03705115070665,2.08711137338198e-11,0.99999635487124,0.999999999992432
"Ptgfrn",2.09401877794934e-12,-1.03729277952385,2.08264537789751e-11,0.999996358773247,0.999999999992432
"Gabra5",2.06722309806761e-12,-1.04019725168599,2.02968611593345e-11,0.999996405367455,0.999999999992432
"Pskh1",2.06709244629073e-12,-1.04021150088429,2.0294295652807e-11,0.999996405594642,0.999999999992432
"Agpat4",2.06180574686878e-12,-1.04078880000181,2.01906209075996e-11,0.999996414787526,0.999999999992432
"Rfxap",2.05575697070834e-12,-1.04145104403157,2.00723271249191e-11,0.999996425305562,0.999999999992432
"Znhit1",2.05041902794941e-12,-1.04203700253,1.99682235470918e-11,0.999996434587551,0.999999999992432
"Stat6",2.0396352141235e-12,-1.04322520107002,1.97587372441858e-11,0.999996453339203,0.999999999992432
"Cant1",2.03288810765458e-12,-1.04397165971493,1.962822978744e-11,0.999996465071545,0.999999999992432
"Tsr2",2.02443319070629e-12,-1.04491038958652,1.94652990850407e-11,0.999996479773548,0.999999999992432
"Cyp51",2.02222090668151e-12,-1.04515662909048,1.94227792912738e-11,0.999996483620423,0.999999999992432
"Umps",2.01287145596743e-12,-1.04620010885449,1.92435975470929e-11,0.999996499877904,0.999999999992432
"Cers2",2.0120452241081e-12,-1.04629254479392,1.92278027876896e-11,0.999996501314613,0.999999999992432
"Ubr7",2.00800988951138e-12,-1.0467445227137,1.9150754012188e-11,0.999996508331536,0.999999999992432
"Lrrn1",2.00568955830876e-12,-1.04700480242974,1.9106520745679e-11,0.999996512366291,0.999999999992432
"Vwa7",2.00320211411811e-12,-1.04728414567332,1.90591585476215e-11,0.999996516691633,0.999999999992432
"Xpo7",2.00189342338491e-12,-1.04743124567042,1.90342640084997e-11,0.999996518967277,0.999999999992432
"Map1s",1.99407753364503e-12,-1.04831167710361,1.88859251508294e-11,0.999996532558094,0.999999999992432
"Sgsm3",1.9772173012062e-12,-1.05022213787519,1.85679084911321e-11,0.999996561875849,0.999999999992432
"Eya3",1.97002291999076e-12,-1.05104205990411,1.84330304695348e-11,0.999996574385944,0.999999999992432
"Nol4l",1.95318499430226e-12,-1.0529722016756,1.8119280208221e-11,0.99999660366491,0.999999999992432
"Rtf1",1.95138326274969e-12,-1.05317967059773,1.8085867068519e-11,0.999996606797888,0.999999999992432
"S100pbp",1.94746959889102e-12,-1.05363095562824,1.80133943503133e-11,0.999996613603241,0.999999999992432
"Ulk2",1.94071043539468e-12,-1.05441238822621,1.78885716709609e-11,0.999996625356548,0.999999999992432
"Zdhhc15",1.93720498842767e-12,-1.05481867459509,1.7824006855022e-11,0.999996631452066,0.999999999992432
"Inpp5b",1.9344171051104e-12,-1.05514229319389,1.77727417636634e-11,0.999996636299833,0.999999999992432
"Ist1",1.93291239759821e-12,-1.05531714438294,1.77451030740632e-11,0.999996638916324,0.999999999992432
"Rsrc1",1.9064607308364e-12,-1.05841220416883,1.72627472275348e-11,0.999996684912337,0.999999999992432
"Rspo2",1.90272155600104e-12,-1.05885300509851,1.71950981760793e-11,0.999996691414277,0.999999999992432
"Psmd10",1.90265064780558e-12,-1.05886137221654,1.71938165900696e-11,0.999996691537577,0.999999999992432
"Tspyl5",1.89987087610501e-12,-1.05918961700128,1.7143612974724e-11,0.999996696371239,0.999999999992432
"Arl6ip4",1.89901853233824e-12,-1.05929035601345,1.71282340623175e-11,0.999996697853354,0.999999999992432
"Dpp9",1.88891786940082e-12,-1.06048744086331,1.69465123833877e-11,0.999996715417096,0.999999999992432
"Slc39a9",1.88337058592466e-12,-1.06114746916301,1.6847123127922e-11,0.999996725063101,0.999999999992432
"Tk1",1.88301106311634e-12,-1.06119030969575,1.68406917362978e-11,0.999996725688265,0.999999999992432
"Mrpl28",1.8807714303459e-12,-1.06145735815526,1.68006552906762e-11,0.999996729582695,0.999999999992432
"Gbe1",1.87999271888313e-12,-1.06155028063069,1.67867459402442e-11,0.999996730936773,0.999999999992432
"Psmd3",1.86998678863844e-12,-1.06274753768326,1.66085324612079e-11,0.999996748335787,0.999999999992432
"Vcl",1.86478015090872e-12,-1.06337294596959,1.65161743484483e-11,0.999996757389454,0.999999999992432
"Spred1",1.85072183699876e-12,-1.06506991829713,1.62680868285084e-11,0.999996781835036,0.999999999992432
"Nsfl1c",1.84523946822139e-12,-1.06573501318288,1.61718481071436e-11,0.999996791368164,0.999999999992432
"Elac1",1.83619832254381e-12,-1.06683595333243,1.60137614863588e-11,0.999996807089542,0.999999999992432
"Pcdh7",1.82530522822086e-12,-1.06816926559527,1.58243244429645e-11,0.999996826031219,0.999999999992432
"Trappc11",1.82144307237491e-12,-1.06864380826204,1.57574300423379e-11,0.999996832747006,0.999999999992432
"Zbtb4",1.81052188831472e-12,-1.06999088428012,1.5569036696295e-11,0.999996851737527,0.999999999992432
"Papd5",1.79317964800274e-12,-1.07214591018092,1.5272206418879e-11,0.999996881893431,0.999999999992432
"Zmym2",1.79273916488022e-12,-1.07220090405317,1.52647043005741e-11,0.999996882659374,0.999999999992432
"Rb1cc1",1.79174775380583e-12,-1.07232472769509,1.52478257577983e-11,0.999996884383309,0.999999999992432
"Mydgf",1.79130600475745e-12,-1.07237992150901,1.52403080900115e-11,0.999996885151454,0.999999999992432
"Tspan4",1.79088537783467e-12,-1.07243248826255,1.52331516005723e-11,0.999996885882869,0.999999999992432
"Sybu",1.77899934663875e-12,-1.07392278320518,1.50316190314167e-11,0.999996906551134,0.999999999992432
"Map6",1.77501875341422e-12,-1.0744239930302,1.4964426404885e-11,0.999996913472869,0.999999999992432
"A830018L16Rik",1.76216366746203e-12,-1.07604994356407,1.47484597876262e-11,0.999996935826194,0.999999999992432
"H2-D1",1.75659512349912e-12,-1.07675777037869,1.46553950123471e-11,0.999996945509169,0.999999999992432
"Thap12",1.75018052502739e-12,-1.07757578734766,1.45485555628366e-11,0.999996956663323,0.999999999992432
"Xk",1.74877606956351e-12,-1.07775526950812,1.45252155704469e-11,0.999996959105488,0.999999999992432
"Nras",1.74625666941984e-12,-1.07807757924929,1.44833937838962e-11,0.999996963486398,0.999999999992432
"Mgat3",1.74461134688394e-12,-1.07828830576687,1.44561141424036e-11,0.999996966347401,0.999999999992432
"Nisch",1.73942096361226e-12,-1.07895430923403,1.43702254906251e-11,0.999996975372803,0.999999999992432
"Yaf2",1.73699749696144e-12,-1.07926592286697,1.43302104485063e-11,0.999996979586897,0.999999999992432
"Rps6",1.73336549119077e-12,-1.07973370675884,1.42703450861099e-11,0.999996985902483,0.999999999992432
"Nrd1",1.72713689769449e-12,-1.08053808980518,1.41679725825101e-11,0.999996996733199,0.999999999992432
"Atf6",1.72292892559889e-12,-1.08108308372238,1.40990193841842e-11,0.999997004050316,0.999999999992432
"Ipo7",1.72223764835992e-12,-1.08117273513451,1.40877079762377e-11,0.999997005252357,0.999999999992432
"Ncoa5",1.72144912974331e-12,-1.08127503947816,1.40748109442332e-11,0.999997006623489,0.999999999992432
"Rnmt",1.71687661346174e-12,-1.08186916795933,1.40001391713636e-11,0.999997014574501,0.999999999992432
"Trappc13",1.70823218617402e-12,-1.08299649749412,1.38595134444972e-11,0.999997029606037,0.999999999992432
"Scfd1",1.69262050747333e-12,-1.08504623526518,1.36073444952564e-11,0.999997056752719,0.999999999992432
"Zswim8",1.68033332295374e-12,-1.08667215239945,1.34105028619992e-11,0.999997078118538,0.999999999992432
"Kctd3",1.66878862894552e-12,-1.08821014262972,1.32268627405235e-11,0.999997098193262,0.999999999992432
"Epb41l2",1.66813197859167e-12,-1.0882979254438,1.32164555323993e-11,0.999997099335091,0.999999999992432
"Dcbld1",1.66796457029014e-12,-1.0883203102942,1.32138029444991e-11,0.999997099626193,0.999999999992432
"Sertad3",1.66674709709262e-12,-1.08848316785636,1.31945200652717e-11,0.99999710174322,0.999999999992432
"Rp9",1.66365723131992e-12,-1.08889699737307,1.31456446163977e-11,0.999997107116096,0.999999999992432
"Aldh3a2",1.65203276440004e-12,-1.09046044459006,1.29625813749795e-11,0.999997127329534,0.999999999992432
"Akap6",1.63735617754789e-12,-1.09244938536443,1.2733286430132e-11,0.999997152850213,0.999999999992432
"Gda",1.63176774196658e-12,-1.09321117361872,1.2646515187788e-11,0.999997162567777,0.999999999992432
"Ndufa1",1.63156952959819e-12,-1.09323823844819,1.26434430061073e-11,0.999997162912443,0.999999999992432
"Nono",1.62844697560037e-12,-1.09366501903486,1.25950944020713e-11,0.999997168342159,0.999999999992432
"Nyap1",1.62136962093222e-12,-1.09463521396944,1.24858538225664e-11,0.999997180648759,0.999999999992432
"Frs3",1.62110895836151e-12,-1.09467102350451,1.24818395212039e-11,0.999997181102018,0.999999999992432
"Appbp2",1.61898046850549e-12,-1.09496363793977,1.24490841319502e-11,0.999997184803185,0.999999999992432
"Bri3bp",1.61863994394053e-12,-1.09501048550775,1.24438477832513e-11,0.999997185395313,0.999999999992432
"D8Ertd738e",1.61838000428808e-12,-1.09504625293139,1.24398513543338e-11,0.999997185847314,0.999999999992432
"Il10rb",1.6090864954973e-12,-1.09632862879834,1.22973904685717e-11,0.99999720200752,0.999999999992432
"Ppm1l",1.60425565884161e-12,-1.09699799935373,1.22236622895705e-11,0.999997210407717,0.999999999992432
"Nfasc",1.59665012866188e-12,-1.09805572732871,1.21080360054862e-11,0.999997223632747,0.999999999992432
"Nrcam",1.5945185655274e-12,-1.09835303006501,1.20757285952449e-11,0.999997227339258,0.999999999992432
"Igfbp4",1.59177176986546e-12,-1.09873670043509,1.20341599489029e-11,0.999997232115579,0.999999999992432
"Zdhhc3",1.58868090393855e-12,-1.0991691830464,1.19874700119372e-11,0.999997237490194,0.999999999992432
"Ptdss2",1.58622375403713e-12,-1.09951356500236,1.1950417596647e-11,0.999997241762858,0.999999999992432
"Hnrnpul1",1.58525562332388e-12,-1.09964939259378,1.1935834489294e-11,0.999997243446312,0.999999999992432
"Fndc3b",1.57175479525083e-12,-1.10155179913807,1.17333971572751e-11,0.999997266922499,0.999999999992432
"Arl4c",1.55741849987299e-12,-1.10358900123507,1.15203279261286e-11,0.999997291851455,0.999999999992432
"Fsd1",1.54026034518315e-12,-1.10605074244948,1.12678861937568e-11,0.999997321687258,0.999999999992432
"Rab9",1.52995839949378e-12,-1.10754134545834,1.11176610051393e-11,0.999997339601004,0.999999999992432
"Lrrc40",1.5255625400662e-12,-1.10818029277255,1.10538665043446e-11,0.999997347244833,0.999999999992432
"Urm1",1.5246900168672e-12,-1.10830732383287,1.10412259253816e-11,0.999997348762037,0.999999999992432
"Fam19a2",1.52258617658045e-12,-1.10861390715161,1.10107765232952e-11,0.999997352420342,0.999999999992432
"Synj2bp",1.5190720591909e-12,-1.10912690250085,1.0960009597803e-11,0.999997358530936,0.999999999992432
"Abcb10",1.51692461331162e-12,-1.10944094462414,1.09290441259836e-11,0.999997362265066,0.999999999992432
"Cdc42bpb",1.50780526228364e-12,-1.11077927902777,1.07980340458763e-11,0.999997378122433,0.999999999992432
"Mapk8ip3",1.49970369297664e-12,-1.11197471184546,1.06823082266313e-11,0.99999739221001,0.999999999992432
"Hectd3",1.49506582419355e-12,-1.11266181997204,1.06163398124423e-11,0.999997400274662,0.999999999992432
"Zfp319",1.49214755312446e-12,-1.11309520540495,1.05749354541351e-11,0.999997405349156,0.999999999992432
"Uap1",1.49090319114394e-12,-1.11328024752797,1.05573050788173e-11,0.99999740751294,0.999999999992432
"Fam120b",1.48819390305487e-12,-1.11368363861628,1.05189702058285e-11,0.99999741222404,0.999999999992432
"Psma4",1.48523107254047e-12,-1.11412557951118,1.04771276719017e-11,0.999997417376018,0.999999999992432
"Lnpk",1.48471238249609e-12,-1.11420303434094,1.04698110556689e-11,0.999997418277952,0.999999999992432
"Acat1",1.48438142412806e-12,-1.11425246905174,1.04651439087917e-11,0.999997418853446,0.999999999992432
"Nrsn1",1.44225561915158e-12,-1.12063182172344,9.87958409876339e-12,0.999997492104751,0.999999999992432
"Eif2ak2",1.43743775084167e-12,-1.12137266621211,9.81368865992603e-12,0.999997500482398,0.999999999992432
"Tmem184c",1.42348811990874e-12,-1.12353108233653,9.62413878349013e-12,0.999997524738995,0.999999999992432
"Ptk7",1.41988210794462e-12,-1.12409230609803,9.57544037613993e-12,0.999997531009382,0.999999999992432
"Cinp",1.41900646640632e-12,-1.12422879137851,9.56363366643436e-12,0.999997532532009,0.999999999992432
"Taok1",1.41493109367577e-12,-1.12486506979155,9.50877922520852e-12,0.999997539618553,0.999999999992432
"Cstf3",1.39509344314762e-12,-1.12798735424765,9.24401790960832e-12,0.999997574113651,0.999999999992432
"Tmem256",1.39333615086176e-12,-1.12826596786889,9.22074461489993e-12,0.999997577169354,0.999999999992432
"1110037F02Rik",1.39330322538858e-12,-1.12827119129274,9.22030883521786e-12,0.999997577226608,0.999999999992432
"Neu1",1.39106105921758e-12,-1.12862717333288,9.19065724201707e-12,0.999997581125443,0.999999999992432
"Ficd",1.37801082334054e-12,-1.13071000253505,9.0190218784542e-12,0.999997603818109,0.999999999992432
"Tsen15",1.37503775857216e-12,-1.13118712630796,8.98014669703104e-12,0.999997608987882,0.999999999992432
"Smurf1",1.36525012470105e-12,-1.13276481987446,8.85275882331237e-12,0.999997626007307,0.999999999992432
"Fam81a",1.34188715481533e-12,-1.13657462371442,8.55236395327372e-12,0.999997666632478,0.999999999992432
"Tars",1.34119253977421e-12,-1.13668885667944,8.5435121462194e-12,0.999997667840323,0.999999999992432
"Rps6ka4",1.33588955418069e-12,-1.13756281650866,8.47608476081295e-12,0.999997677061527,0.999999999992432
"Srgap1",1.33270191912683e-12,-1.13808974275263,8.435682574116e-12,0.99999768260441,0.999999999992432
"Rap1a",1.33096327773564e-12,-1.13837765053903,8.41368656789195e-12,0.999997685627682,0.999999999992432
"Ube2j2",1.32418382808074e-12,-1.13950370677343,8.32819225805011e-12,0.999997697416264,0.999999999992432
"Timm22",1.31823288949998e-12,-1.14049667127853,8.25350595554191e-12,0.999997707764174,0.999999999992432
"Tmem115",1.31550704776071e-12,-1.14095292380658,8.2194080494965e-12,0.999997712504059,0.999999999992432
"Trmt10a",1.31184411106305e-12,-1.14156744399159,8.1736990496399e-12,0.99999771887343,0.999999999992432
"Kpna3",1.30842234487275e-12,-1.14214297802672,8.13111470469689e-12,0.999997724823437,0.999999999992432
"St3gal5",1.30250659860566e-12,-1.14314137552772,8.05775479735962e-12,0.999997735110152,0.999999999992432
"Med30",1.30132357396517e-12,-1.14334155073877,8.04312424816857e-12,0.999997737167278,0.999999999992432
"Otud5",1.28463470342028e-12,-1.14618398508409,7.83814842342306e-12,0.999997766187057,0.999999999992432
"Bmpr1a",1.26415132910818e-12,-1.14972103742538,7.59018417822489e-12,0.999997801804985,0.999999999992432
"Cdh13",1.26400071844194e-12,-1.14974724582839,7.58837570075608e-12,0.999997802066877,0.999999999992432
"Casp9",1.26257402420252e-12,-1.14999565821792,7.5712551693325e-12,0.999997804547713,0.999999999992432
"Ryr2",1.25551164623883e-12,-1.15122928220717,7.48679039208044e-12,0.999997816828272,0.999999999992432
"Usp35",1.24925764567499e-12,-1.1523272183064,7.4123892110661e-12,0.999997827703167,0.999999999992432
"Lyrm9",1.23744641270549e-12,-1.1544150854585,7.27288943128174e-12,0.999997848241367,0.999999999992432
"Pdia4",1.23547924141908e-12,-1.1547646594656,7.2497843543077e-12,0.999997851662023,0.999999999992432
"Zbtb38",1.22562086083625e-12,-1.156524535961,7.13454812432854e-12,0.999997868804466,0.999999999992432
"Brd4",1.22256766040493e-12,-1.15707230826351,7.09904599877929e-12,0.999997874113585,0.999999999992432
"Cerk",1.22204973644606e-12,-1.15716535749328,7.09303244661155e-12,0.999997875014188,0.999999999992432
"Bop1",1.22120653743124e-12,-1.15731692518995,7.08324761635286e-12,0.999997876480402,0.999999999992432
"Dclk2",1.22057075120351e-12,-1.15743127553527,7.07587415600393e-12,0.999997877585951,0.999999999992432
"Fgf9",1.21457232772719e-12,-1.15851292545025,7.00649711233053e-12,0.999997888016431,0.999999999992432
"Spats2",1.21364403165354e-12,-1.15868077125982,6.99579109166471e-12,0.999997889630617,0.999999999992432
"Ubac1",1.20652206725895e-12,-1.15997257029022,6.91392592423154e-12,0.999997902014788,0.999999999992432
"Fkrp",1.19651721463954e-12,-1.1617995635623,6.79973653534333e-12,0.999997919411928,0.999999999992432
"Tigd2",1.19178637930201e-12,-1.16266852383975,6.7460727198881e-12,0.999997927638236,0.999999999992432
"Sec61g",1.18867625671141e-12,-1.1632415784172,6.7109091418392e-12,0.999997933046336,0.999999999992432
"Phax",1.18438756958013e-12,-1.16403412963318,6.66257122090261e-12,0.999997940503806,0.999999999992432
"Gnptab",1.18434723628399e-12,-1.16404159617562,6.66211745240751e-12,0.99999794057394,0.999999999992432
"Cebpb",1.17634340211269e-12,-1.1655280754834,6.57237636183947e-12,0.999997954491568,0.999999999992432
"Zfp422",1.17581695930702e-12,-1.1656261833679,6.5664950757589e-12,0.999997955406984,0.999999999992432
"Tiprl",1.17166904472513e-12,-1.16640065160091,6.52024771014326e-12,0.999997962619669,0.999999999992432
"Cpsf3",1.16384861583371e-12,-1.16786793570484,6.43349802439391e-12,0.999997976218379,0.999999999992432
"Sphkap",1.16289185294762e-12,-1.16804808802108,6.42292482440474e-12,0.999997977882066,0.999999999992432
"Pcif1",1.15600998178725e-12,-1.16934806437584,6.34712938326384e-12,0.999997989848746,0.999999999992432
"Tecta",1.14477035430601e-12,-1.17148710743979,6.22430594304669e-12,0.999998009392999,0.999999999992432
"Psmd12",1.14155785995388e-12,-1.17210215211579,6.1894212318687e-12,0.999998014979109,0.999999999992432
"Sptbn4",1.13363383411255e-12,-1.17362629605133,6.10379278637896e-12,0.999998028757962,0.999999999992432
"Kit",1.13273874152815e-12,-1.17379909803412,6.09415774800742e-12,0.999998030314411,0.999999999992432
"Lclat1",1.12919161536806e-12,-1.17448516599268,6.05605028405105e-12,0.999998036482403,0.999999999992432
"Tmcc3",1.12894180116771e-12,-1.17453356098316,6.05337098677625e-12,0.999998036916798,0.999999999992432
"Mpi",1.12742142192726e-12,-1.17482831437829,6.03707745895205e-12,0.99999803956054,0.999999999992432
"Dram2",1.12739755195939e-12,-1.17483294501925,6.03682182549206e-12,0.999998039602046,0.999999999992432
"Farsb",1.12423477390842e-12,-1.17544733159806,6.00299818307025e-12,0.999998045101707,0.999999999992432
"Cebpg",1.12138070678059e-12,-1.17600316041448,5.97255754439165e-12,0.999998050064559,0.999999999992432
"Mob4",1.11303887262095e-12,-1.17763546838852,5.88402958310622e-12,0.999998064569925,0.999999999992432
"Acbd3",1.11255213340214e-12,-1.17773107068951,5.87888445868555e-12,0.999998065416302,0.999999999992432
"Phactr4",1.11160165861702e-12,-1.17791787165866,5.86884386027852e-12,0.999998067069054,0.999999999992432
"Pik3r2",1.10077775417478e-12,-1.18005590999923,5.75510791509865e-12,0.999998085890418,0.999999999992432
"Tmem106c",1.09599304866762e-12,-1.18100740200262,5.70518566594068e-12,0.9999980942104,0.999999999992432
"Npepps",1.08564277036893e-12,-1.18307924363925,5.59793784775567e-12,0.99999811220819,0.999999999992432
"Kif3a",1.06641641804077e-12,-1.18697812890128,5.40141851027768e-12,0.99999814564032,0.999999999992432
"Bloc1s4",1.06517439424887e-12,-1.18723228788349,5.38884409098083e-12,0.999998147800038,0.999999999992432
"Rnf8",1.06254647134187e-12,-1.18777097676938,5.36228694161487e-12,0.999998152369655,0.999999999992432
"Ppp1r15b",1.04937915765123e-12,-1.19048930348096,5.23020909314484e-12,0.999998175265904,0.999999999992432
"Dph3",1.04797588617845e-12,-1.19078090997886,5.21623035935181e-12,0.999998177706011,0.999999999992432
"Snph",1.04788845544924e-12,-1.19079909077398,5.2153600343644e-12,0.999998177858041,0.999999999992432
"Zfand1",1.03990084117252e-12,-1.19246618601606,5.13615406117728e-12,0.999998191747465,0.999999999992432
"Sptlc2",1.03380345884392e-12,-1.19374697814905,5.07609971555471e-12,0.999998202350021,0.999999999992432
"Ipmk",1.03283054848072e-12,-1.19395200745572,5.06654999674295e-12,0.999998204041786,0.999999999992432
"Aldh5a1",1.01957934436462e-12,-1.19676295903991,4.93737643753519e-12,0.99999822708391,0.999999999992432
"Rora",1.00327739630305e-12,-1.20026905948649,4.78075225575254e-12,0.999998255430881,0.999999999992432
"Fam53c",1.0015263706995e-12,-1.20064887013728,4.76407907151279e-12,0.999998258475687,0.999999999992432
"Mmp15",1.00061210158268e-12,-1.2008474327416,4.75538501729952e-12,0.999998260065482,0.999999999992432
"Umad1",9.90147463090095e-13,-1.20313251968235,4.65643924923736e-12,0.99999827826213,0.999999999992432
"Ppa2",9.88960066563493e-13,-1.20339325054241,4.6452778318688e-12,0.999998280326858,0.999999999992432
"Rnf150",9.86527555496926e-13,-1.20392831601527,4.62245427531532e-12,0.999998284556679,0.999999999992432
"BC030336",9.85963184181282e-13,-1.20405263663966,4.6171669736631e-12,0.999998285538047,0.999999999992432
"Pum1",9.83262253861597e-13,-1.20464853939632,4.59190524881421e-12,0.999998290234614,0.999999999992432
"Mphosph8",9.80131741883997e-13,-1.20534116890158,4.56271236415324e-12,0.999998295678168,0.999999999992432
"Rps6kc1",9.73497641412203e-13,-1.20681594393111,4.50115522808065e-12,0.999998307214007,0.999999999992432
"Rpgrip1l",9.7053039552615e-13,-1.20747866167462,4.47375777173893e-12,0.999998312373663,0.999999999992432
"Bcat1",9.5635287800226e-13,-1.21067193997654,4.34400704988466e-12,0.999998337026525,0.999999999992432
"Lrrc3b",9.55723541256977e-13,-1.21081472902793,4.33829170399955e-12,0.99999833812086,0.999999999992432
"Scn8a",9.47309333234005e-13,-1.21273244185938,4.26223916480328e-12,0.999998352752075,0.999999999992432
"Dstyk",9.45962388789347e-13,-1.21304093039073,4.25012713823454e-12,0.999998355094236,0.999999999992432
"Sephs1",9.40786496985282e-13,-1.21423025196984,4.20374471071113e-12,0.99999836409444,0.999999999992432
"Pqlc3",9.40683101466785e-13,-1.21425407356323,4.20282075085256e-12,0.999998364274231,0.999999999992432
"Dhrs4",9.36098609128625e-13,-1.21531281609347,4.16195502691141e-12,0.999998372246068,0.999999999992432
"Lrrc28",9.34680763858272e-13,-1.21564125060382,4.1493569111494e-12,0.999998374711517,0.999999999992432
"C530008M17Rik",9.32284718981522e-13,-1.21619735581266,4.12811050791675e-12,0.999998378877928,0.999999999992432
"Senp3",9.2485176684867e-13,-1.21793117181215,4.06254742882984e-12,0.999998391802867,0.999999999992432
"A830010M20Rik",9.20660938368346e-13,-1.21891457227379,4.02581318459610e-12,0.999998399090173,0.999999999992432
"Akr1e1",9.15758153641003e-13,-1.22007044889778,3.98305012141156e-12,0.999998407615479,0.999999999992432
"Ccdc25",9.14520596914633e-13,-1.22036314344891,3.97229199766026e-12,0.99999840976743,0.999999999992432
"Pdcd4",9.08931832406386e-13,-1.22168964606153,3.9238898724043e-12,0.999998419485566,0.999999999992432
"Ier3",9.06104791291839e-13,-1.2223636027414,3.89951896495915e-12,0.999998424401423,0.999999999992432
"Kat2a",9.05273680435867e-13,-1.22256211661004,3.89236869662837e-12,0.999998425846617,0.999999999992432
"Pfkl",9.01432453552578e-13,-1.22348186275861,3.85940684032092e-12,0.999998432526012,0.999999999992432
"Wnt5a",8.9945123701264e-13,-1.22395770304764,3.84246066118194e-12,0.99999843597109,0.999999999992432
"Abcg2",8.96690932608646e-13,-1.22462232403141,3.81891277810518e-12,0.999998440770901,0.999999999992432
"Rab35",8.95023174690893e-13,-1.22502482619941,3.8047203759948e-12,0.999998443670915,0.999999999992432
"Rps18",8.88000281511832e-13,-1.22672760881461,3.74524635493995e-12,0.999998455882815,0.999999999992432
"Klhl25",8.87609842970239e-13,-1.22682265017285,3.74195363739574e-12,0.999998456561737,0.999999999992432
"Luzp1",8.8530374473287e-13,-1.22738481670318,3.72253496408679e-12,0.999998460571742,0.999999999992432
"Wbscr27",8.85285479248074e-13,-1.22738927490161,3.72238135984696e-12,0.999998460603503,0.999999999992432
"Wdr5",8.8465157398242e-13,-1.22754405123521,3.71705247465565e-12,0.999998461705782,0.999999999992432
"Olfml3",8.83607846776864e-13,-1.22779912069169,3.70828676326513e-12,0.999998463520688,0.999999999992432
"Ddah2",8.83081425561843e-13,-1.2279278778254,3.70386955640213e-12,0.999998464436067,0.999999999992432
"Ppp2r3c",8.83078419689257e-13,-1.22792861323979,3.70384434164686e-12,0.999998464441293,0.999999999992432
"Fam207a",8.8066756855431e-13,-1.2285192173161,3.68364856232903e-12,0.99999846863345,0.999999999992432
"Cbl",8.78000148628974e-13,-1.22917446737237,3.66136783490411e-12,0.999998473271747,0.999999999992432
"Edil3",8.77109558093311e-13,-1.22939366153328,3.65394385945917e-12,0.999998474820369,0.999999999992432
"Wrb",8.74373164504655e-13,-1.23006847417085,3.63118038214768e-12,0.999998479578602,0.999999999992432
"Gm10031",8.74075899911687e-13,-1.23014190233914,3.62871178426698e-12,0.999998480095506,0.999999999992432
"Astn1",8.72308009477321e-13,-1.23057908463383,3.61404789236992e-12,0.999998483169638,0.999999999992432
"Urgcp",8.65588783565843e-13,-1.23224839917238,3.55858565209785e-12,0.9999984948535,0.999999999992432
"Atic",8.65430323774358e-13,-1.23228791507783,3.55728285997219e-12,0.999998495129041,0.999999999992432
"Prkaa1",8.61107034231176e-13,-1.23336869570394,3.52183055428024e-12,0.99999850264668,0.999999999992432
"Cir1",8.56937502560437e-13,-1.23441593235031,3.48780729788906e-12,0.999998509896954,0.999999999992432
"Pim3",8.56658184868201e-13,-1.23448625980691,3.48553397571132e-12,0.999998510382651,0.999999999992432
"Nampt",8.56514614223359e-13,-1.23452241693601,3.4843657654831e-12,0.999998510632302,0.999999999992432
"Gtf2e2",8.53457425327839e-13,-1.23529371546395,3.45953640889522e-12,0.999998515948356,0.999999999992432
"Tom1",8.47295339448776e-13,-1.23685635792849,3.40976005111512e-12,0.999998526663423,0.999999999992432
"Fam20b",8.45907909361291e-13,-1.23720968482992,3.39860235871395e-12,0.999998529075984,0.999999999992432
"Fam98b",8.39943335783669e-13,-1.23873493766357,3.35084362157432e-12,0.999998539447603,0.999999999992432
"Scn2b",8.37354479639292e-13,-1.23940016104496,3.33021965087574e-12,0.999998543949288,0.999999999992432
"Susd4",8.33766280902166e-13,-1.24032540983095,3.30173974782016e-12,0.9999985501887,0.999999999992432
"Thap11",8.3200975646194e-13,-1.24077972512395,3.28784262197185e-12,0.999998553243068,0.999999999992432
"Tspyl3",8.19818706560999e-13,-1.24395821125981,3.19219806996183e-12,0.99999857444172,0.999999999992432
"Timm10b",8.17585857643286e-13,-1.24454522708208,3.17483328066699e-12,0.999998578324355,0.999999999992432
"Ncan",8.1329282400051e-13,-1.2456781568228,3.14157956869762e-12,0.999998585789383,0.999999999992432
"Peak1",8.12893362530554e-13,-1.24578386325547,3.13849425486283e-12,0.999998586483994,0.999999999992432
"Gtf3c6",8.08859723795354e-13,-1.24685402775401,3.10742463675934e-12,0.999998593497968,0.999999999992432
"Gpx3",8.08614204555342e-13,-1.24691933002125,3.10553848339192e-12,0.999998593924894,0.999999999992432
"Josd1",8.0653710249752e-13,-1.24747254461,3.08960446800231e-12,0.999998597536705,0.999999999992432
"Cadm2",8.0309864923677e-13,-1.2483913225364,3.06331723237201e-12,0.999998603515729,0.999999999992432
"Selenoh",7.96124112726279e-13,-1.2502664996401,3.0103413135766e-12,0.999998615643542,0.999999999992432
"Asnsd1",7.92688273773888e-13,-1.25119600564895,2.98441387589586e-12,0.99999862161802,0.999999999992432
"Gna12",7.89693490885141e-13,-1.25200931879264,2.96190619259893e-12,0.999998626825559,0.999999999992432
"Tmed3",7.88132595415991e-13,-1.25243438383199,2.95020885201728e-12,0.999998629539753,0.999999999992432
"Trim62",7.86857014096634e-13,-1.25278234597896,2.94066683851925e-12,0.999998631757824,0.999999999992432
"Gspt2",7.86215402904145e-13,-1.25295757184645,2.93587309459977e-12,0.999998632873502,0.999999999992432
"Hif1a",7.81215200177801e-13,-1.25432781467722,2.89864848793155e-12,0.999998641568205,0.999999999992432
"Aar2",7.80015271976741e-13,-1.25465787935651,2.88975081448364e-12,0.999998643654725,0.999999999992432
"Tmem255a",7.77421635632744e-13,-1.25537296299968,2.87056528768764e-12,0.999998648164722,0.999999999992432
"Wdr45",7.74488839045349e-13,-1.25618429076898,2.84894792098037e-12,0.999998653264474,0.999999999992432
"Kbtbd3",7.68065347488945e-13,-1.2579715279662,2.80188642054112e-12,0.999998664434092,0.999999999992432
"Spred2",7.67561622116245e-13,-1.25811228153612,2.79821246631755e-12,0.999998665310005,0.999999999992432
"Pphln1",7.62129389070646e-13,-1.25963578516317,2.75874526864078e-12,0.999998674755953,0.999999999992432
"Ascc1",7.61932039570312e-13,-1.25969132703889,2.75731672771705e-12,0.999998675099118,0.999999999992432
"Ano4",7.5711074094668e-13,-1.26105249169392,2.7225320310993e-12,0.99999868348273,0.999999999992432
"Chmp1a",7.56795561255764e-13,-1.26114176074042,2.72026576237525e-12,0.999998684030787,0.999999999992432
"Med14",7.51770825125917e-13,-1.26256971789728,2.68426332780719e-12,0.99999869276815,0.999999999992432
"Mut",7.44684281266847e-13,-1.26459909818791,2.63389560050815e-12,0.99999870509073,0.999999999992432
"Stk4",7.43775549427463e-13,-1.2648606585172,2.62747128226407e-12,0.999998706670897,0.999999999992432
"Lgalsl",7.42134772289255e-13,-1.2653336933221,2.61589160704352e-12,0.999998709523995,0.999999999992432
"Smad1",7.41090976205728e-13,-1.2656351362525,2.60853839479051e-12,0.999998711339021,0.999999999992432
"Ap2b1",7.39732520116713e-13,-1.26602805596481,2.59898400215286e-12,0.9999987137012,0.999999999992432
"Gdap1l1",7.38184050733084e-13,-1.26647677194502,2.5881145732891e-12,0.999998716393787,0.999999999992432
"Plpp3",7.36598364310649e-13,-1.26693720029051,2.57700750502213e-12,0.99999871915109,0.999999999992432
"Mesdc1",7.35735342065281e-13,-1.26718818785323,2.57097243340778e-12,0.999998720651773,0.999999999992432
"Mtmr7",7.34800327128141e-13,-1.26746042845639,2.56444190541781e-12,0.999998722277643,0.999999999992432
"Sav1",7.29080630456861e-13,-1.26913298401459,2.52467397938959e-12,0.999998732223453,0.999999999992432
"Dlc1",7.27106002003844e-13,-1.26971330104545,2.5110169383747e-12,0.999998735657075,0.999999999992432
"Pid1",7.2434458044123e-13,-1.27052736186344,2.49198034870734e-12,0.999998740458829,0.999999999992432
"Mon1b",7.17815718622348e-13,-1.27246384189323,2.44725999849832e-12,0.999998751811672,0.999999999992432
"Uba6",7.17075063537704e-13,-1.27268457815725,2.44221235077925e-12,0.999998753099575,0.999999999992432
"Sec22a",7.14182824974477e-13,-1.27354862672165,2.42255132426537e-12,0.999998758128802,0.999999999992432
"Parp6",7.13012911771414e-13,-1.27389907973575,2.41462099234194e-12,0.999998760163129,0.999999999992432
"Gosr1",7.12919396441464e-13,-1.27392711626555,2.41398765382201e-12,0.99999876032574,0.999999999992432
"Rpusd4",7.10411562393976e-13,-1.27468028794338,2.39703417324141e-12,0.999998764686538,0.999999999992432
"Pdrg1",7.09977396832181e-13,-1.27481093625063,2.39410519029551e-12,0.999998765441495,0.999999999992432
"Ece1",7.08965326545771e-13,-1.2751157814952,2.38728447812777e-12,0.999998767201354,0.999999999992432
"Map2k2",7.08077765993595e-13,-1.27538346364682,2.38131089059126e-12,0.999998768744707,0.999999999992432
"Ssr3",7.07053545104693e-13,-1.27569275803582,2.37442683209018e-12,0.999998770525694,0.999999999992432
"Fam129b",7.04201575293152e-13,-1.27655624424015,2.35531049685715e-12,0.999998775484899,0.999999999992432
"Msra",7.01636690590627e-13,-1.27733565214033,2.33818443963514e-12,0.9999987799449,0.999999999992432
"Rhob",7.01501428773659e-13,-1.27737683010498,2.33728301416836e-12,0.999998780180103,0.999999999992432
"Mrpl4",7.00379322019099e-13,-1.2777187259198,2.32981165813791e-12,0.999998782131301,0.999999999992432
"Gtpbp8",6.9907335593498e-13,-1.27811729785182,2.32113116697891e-12,0.999998784402207,0.999999999992432
"Stk24",6.97997777674466e-13,-1.27844608850885,2.31399418306108e-12,0.999998786272498,0.999999999992432
"Psmg2",6.95368079133321e-13,-1.27925198533499,2.29659113526817e-12,0.999998790845202,0.999999999992432
"Ttc30b",6.93127085728272e-13,-1.27994104782144,2.28181233658167e-12,0.999998794741998,0.999999999992432
"Chst8",6.90344982382779e-13,-1.28079944183218,2.26353142547362e-12,0.999998799579715,0.999999999992432
"Arhgef3",6.89203310464485e-13,-1.28115264617909,2.25605089476608e-12,0.999998801564934,0.999999999992432
"Mars",6.88750381775165e-13,-1.28129292484277,2.25308661877507e-12,0.999998802352518,0.999999999992432
"Tdrp",6.83361779406267e-13,-1.28296861086548,2.21796941446256e-12,0.999998811722598,0.999999999992432
"Agap1",6.82271407402782e-13,-1.28330920870582,2.21089707761805e-12,0.999998813618613,0.999999999992432
"Nsun2",6.80299739397672e-13,-1.28392641061906,2.19813718086107e-12,0.999998817047088,0.999999999992432
"Acss2",6.79325582843002e-13,-1.2842319835778,2.19184643436154e-12,0.99999881874102,0.999999999992432
"Ube2d3",6.79106733096003e-13,-1.28430068952078,2.19043442285278e-12,0.999998819121571,0.999999999992432
"Dcn",6.78852217672558e-13,-1.28438061884648,2.18879286977202e-12,0.99999881956414,0.999999999992432
"Ebpl",6.73895632001909e-13,-1.28594291251565,2.15694696058183e-12,0.999998828182999,0.999999999992432
"Impdh2",6.70673401476762e-13,-1.28696441061181,2.13636939968952e-12,0.99999883378604,0.999999999992432
"Pdlim5",6.68277304784818e-13,-1.28772703809535,2.12113157013696e-12,0.999998837952541,0.999999999992432
"Amigo3",6.61646564168964e-13,-1.28985108364702,2.07924806660112e-12,0.999998849482538,0.999999999992432
"Cacng2",6.6106637523838e-13,-1.29003789829242,2.07560313633613e-12,0.999998850491411,0.999999999992432
"Rabl6",6.59144619335661e-13,-1.29065779747844,2.06355289480173e-12,0.999998853833095,0.999999999992432
"Mvd",6.58717163483926e-13,-1.2907959149463,2.06087733098678e-12,0.999998854576385,0.999999999992432
"Psen2",6.57510521533193e-13,-1.29118625914846,2.0533339920024e-12,0.999998856674579,0.999999999992432
"Sncb",6.56025454579702e-13,-1.29166760802001,2.04406906100408e-12,0.999998859256917,0.999999999992432
"Hmgn1",6.55082846769661e-13,-1.29197366906036,2.03819925451439e-12,0.99999886089599,0.999999999992432
"Higd1a",6.52890353513084e-13,-1.29268718433296,2.02457880957284e-12,0.999998864708451,0.999999999992432
"Bcl2l1",6.48204717456392e-13,-1.29421971837799,1.99562326296753e-12,0.999998872856164,0.999999999992432
"Coro1a",6.47959338517317e-13,-1.29430026431734,1.9941126561467e-12,0.999998873282846,0.999999999992432
"Slc15a4",6.46754737502123e-13,-1.29469609684269,1.98670516267203e-12,0.999998875377491,0.999999999992432
"Dhrs7",6.44967413710922e-13,-1.29528470476515,1.97573971096382e-12,0.999998878485415,0.999999999992432
"Iars2",6.44218628268107e-13,-1.29553175816918,1.97115483943957e-12,0.999998879787455,0.999999999992432
"Pde4dip",6.42623754530953e-13,-1.29605887951568,1.96140705659121e-12,0.999998882560734,0.999999999992432
"Polr2m",6.40839646337239e-13,-1.29665001939016,1.95053131551109e-12,0.999998885663066,0.999999999992432
"Plxnd1",6.40385865907204e-13,-1.29680062271675,1.94776993965467e-12,0.999998886452131,0.999999999992432
"Upf1",6.37391565031631e-13,-1.29779693789668,1.92959785156389e-12,0.999998891658832,0.999999999992432
"Fibp",6.32407322042375e-13,-1.29946528329364,1.89953789616562e-12,0.999998900325783,0.999999999992432
"Slc38a1",6.31584765276181e-13,-1.2997418128703,1.89459974457763e-12,0.999998901756103,0.999999999992432
"Yars",6.30204897143508e-13,-1.3002064702949,1.88633025445008e-12,0.999998904155514,0.999999999992432
"Arhgef9",6.28553663229283e-13,-1.30076377949895,1.8764582527827e-12,0.999998907026796,0.999999999992432
"Hnmt",6.27023891178664e-13,-1.30128133651463,1.86733553061973e-12,0.99999890968687,0.999999999992432
"Nrbp1",6.23757668634857e-13,-1.30239040113653,1.84793197030367e-12,0.999998915366407,0.999999999992432
"Ado",6.20754176440455e-13,-1.30341513398614,1.83017864441639e-12,0.99999892058909,0.999999999992432
"Hdac6",6.20092754113524e-13,-1.30364143108034,1.82628055995719e-12,0.999998921739218,0.999999999992432
"Acaca",6.18852455603926e-13,-1.30406640200289,1.81898207855367e-12,0.999998923895936,0.999999999992432
"Plekha1",6.17631502426227e-13,-1.30448553551869,1.81181170669641e-12,0.999998926019015,0.999999999992432
"Pmvk",6.1712697087754e-13,-1.30465896292054,1.80885284594992e-12,0.99999892689633,0.999999999992432
"Map2k7",6.17042420854456e-13,-1.30468803927601,1.808357232955e-12,0.999998927043351,0.999999999992432
"Tef",6.13931329041114e-13,-1.305760569519,1.79016794061756e-12,0.999998932453136,0.999999999992432
"Mrps21",6.13366095992469e-13,-1.30595598429234,1.78687312168503e-12,0.999998933436003,0.999999999992432
"Yrdc",6.12601150026207e-13,-1.30622071725105,1.78241898224009e-12,0.999998934766145,0.999999999992432
"Uevld",6.12585416088251e-13,-1.30622616575702,1.7823274247576e-12,0.999998934793504,0.999999999992432
"Mrpl16",6.08179533911036e-13,-1.30775713409973,1.75678164793859e-12,0.999998942454761,0.999999999992432
"Kpna1",6.07200356461597e-13,-1.30809881207434,1.75112931633665e-12,0.999998944157423,0.999999999992432
"Nsmce1",6.07152112536034e-13,-1.30811566002323,1.75085106223045e-12,0.999998944241313,0.999999999992432
"Dab2ip",6.07035306507821e-13,-1.30815645678875,1.7501774574379e-12,0.999998944444424,0.999999999992432
"Plekhh1",6.04398570473579e-13,-1.30907937757673,1.7350062358449e-12,0.999998949029365,0.999999999992432
"Galk2",6.04191673675512e-13,-1.30915195816094,1.73381858977227e-12,0.999998949389132,0.999999999992432
"Rplp2",6.04133847748009e-13,-1.3091722480498,1.73348672531726e-12,0.999998949489684,0.999999999992432
"Zc3h14",6.02998964703564e-13,-1.30957082824319,1.7269800318749e-12,0.999998951463098,0.999999999992432
"Tmem229a",6.00015638068266e-13,-1.31062200558624,1.70993389828446e-12,0.999998956650716,0.999999999992432
"Acadm",5.99152323949949e-13,-1.31092712127734,1.70501686618608e-12,0.999998958151907,0.999999999992432
"Eif3i",5.95148873691586e-13,-1.31234751690469,1.68230763205887e-12,0.999998965113387,0.999999999992432
"Arhgap5",5.94837053610295e-13,-1.31245852913661,1.68054524989458e-12,0.999998965655602,0.999999999992432
"Ngly1",5.93601643464934e-13,-1.31289889618438,1.67357188917382e-12,0.999998967803819,0.999999999992432
"Gpr180",5.93150604354261e-13,-1.31305988791965,1.67102957951001e-12,0.999998968588118,0.999999999992432
"U2af1l4",5.91922568558292e-13,-1.31349880719208,1.66411747372315e-12,0.999998970723513,0.999999999992432
"Cask",5.90110801457906e-13,-1.31414794329935,1.65394594360251e-12,0.99999897387394,0.999999999992432
"Esrra",5.88414229636674e-13,-1.31475752500572,1.64444940706285e-12,0.999998976824059,0.999999999992432
"Fez2",5.87435009212689e-13,-1.31511012127676,1.63898067949904e-12,0.999998978526796,0.999999999992432
"Rem2",5.87231531594056e-13,-1.31518345926272,1.63784544539914e-12,0.999998978880617,0.999999999992432
"Sox10",5.87065848854081e-13,-1.31524319294308,1.63692136545784e-12,0.999998979168718,0.999999999992432
"Pik3cb",5.83055106651374e-13,-1.31669409540229,1.61463138498161e-12,0.999998986142878,0.999999999992432
"Ccdc127",5.82986351286579e-13,-1.31671905050352,1.61425060442398e-12,0.999998986262434,0.999999999992432
"Alkbh5",5.81481504485477e-13,-1.3172659435375,1.60592771782757e-12,0.999998988879167,0.999999999992432
"Znrd1",5.8070039573837e-13,-1.317550345196,1.60161610463826e-12,0.999998990237414,0.999999999992432
"Numb",5.77647752567442e-13,-1.31866530885642,1.58482151743812e-12,0.999998995545564,0.999999999992432
"Ric8a",5.76599868912544e-13,-1.31904933425972,1.57907683220398e-12,0.999998997367698,0.999999999992432
"Pld5",5.76084453459273e-13,-1.31923846554848,1.57625505965006e-12,0.999998998263938,0.999999999992432
"Dcaf5",5.75536073330394e-13,-1.31943986977443,1.57325558435231e-12,0.9999989992175,0.999999999992432
"Aida",5.75124356397121e-13,-1.31959120139241,1.57100549331047e-12,0.999998999933422,0.999999999992432
"Clstn3",5.72750720681854e-13,-1.32046567245354,1.55806464109417e-12,0.999999004060867,0.999999999992432
"Tmem222",5.71476467230054e-13,-1.32093654130459,1.5511396014399e-12,0.999999006276628,0.999999999992432
"Vti1a",5.7141325604546e-13,-1.32095992539166,1.55079647637818e-12,0.999999006386544,0.999999999992432
"Hist3h2a",5.69465170511688e-13,-1.32168179968364,1.54024042312799e-12,0.999999009774012,0.999999999992432
"Creg1",5.68975427397986e-13,-1.32186364579702,1.53759233218524e-12,0.999999010625612,0.999999999992432
"Plekhj1",5.68806885463096e-13,-1.32192626135612,1.53668153571943e-12,0.999999010918684,0.999999999992432
"Flrt3",5.67198530763965e-13,-1.32252467458944,1.52800360022888e-12,0.999999013715404,0.999999999992432
"Pkp4",5.62832388995063e-13,-1.32415732942724,1.50456982051795e-12,0.999999021307558,0.999999999992432
"6330409D20Rik",5.62253327917629e-13,-1.3243747638695,1.50147550804113e-12,0.99999902231447,0.999999999992432
"Sh3bp4",5.61755257396457e-13,-1.32456195702132,1.49881653061788e-12,0.99999902318055,0.999999999992432
"Srp68",5.61037063242024e-13,-1.32483215847078,1.49498655964339e-12,0.999999024429396,0.999999999992432
"Myh9",5.60334643234057e-13,-1.32509674333709,1.49124544815365e-12,0.999999025650813,0.999999999992432
"Azi2",5.60276313482256e-13,-1.32511872892993,1.49093499278387e-12,0.999999025752241,0.999999999992432
"Gtf3c3",5.59861036014614e-13,-1.32527531778025,1.48872564630486e-12,0.999999026474355,0.999999999992432
"Sec63",5.59292219137515e-13,-1.32548998096542,1.48570210282042e-12,0.999999027463453,0.999999999992432
"Glmp",5.59049683414579e-13,-1.32558157348003,1.48441383993434e-12,0.999999027885191,0.999999999992432
"Vav2",5.58133153544355e-13,-1.32592803800884,1.47955060711021e-12,0.999999029478918,0.999999999992432
"Dnaja3",5.57426969790303e-13,-1.32619535681845,1.47580894223506e-12,0.99999903070688,0.999999999992432
"Nrn1l",5.57020641353607e-13,-1.32634931423458,1.47365818665666e-12,0.999999031413432,0.999999999992432
"Rars",5.56606719328527e-13,-1.3265062585876,1.4714688496816e-12,0.999999032133189,0.999999999992432
"Ctcf",5.56110920559803e-13,-1.3266943936604,1.4688485883974e-12,0.999999032995319,0.999999999992432
"Tdrkh",5.55618761422042e-13,-1.32688130529629,1.46624987169912e-12,0.999999033851119,0.999999999992432
"Thnsl1",5.54870618889695e-13,-1.32716573548733,1.46230390934006e-12,0.999999035152042,0.999999999992432
"Rnf126",5.51841379753492e-13,-1.32832113339832,1.44638100226466e-12,0.999999040419496,0.999999999992432
"Rab3b",5.5013168699459e-13,-1.32897589887506,1.43743264663909e-12,0.999999043392429,0.999999999992432
"Cnr1",5.48718613752399e-13,-1.3295185279205,1.43005772538998e-12,0.99999904584958,0.999999999992432
"Gemin5",5.48570929122035e-13,-1.32957531634767,1.42928804446447e-12,0.999999046106385,0.999999999992432
"Apod",5.46055912754106e-13,-1.33054463908062,1.41621246054381e-12,0.999999050479672,0.999999999992432
"Mrpl21",5.44700165157254e-13,-1.33106892401376,1.40918884602305e-12,0.999999052837141,0.999999999992432
"Ednrb",5.44019948776448e-13,-1.33133243956509,1.40567148039017e-12,0.999999054019948,0.999999999992432
"Ergic3",5.43801315349426e-13,-1.33141720453823,1.40454187101201e-12,0.999999054400124,0.999999999992432
"Tle4",5.42060044642466e-13,-1.33209345950393,1.39556148806917e-12,0.999999057427967,0.999999999992432
"Stau2",5.41406828873337e-13,-1.33234768042861,1.39220003942143e-12,0.999999058563825,0.999999999992432
"Dek",5.40295726233795e-13,-1.33278077352708,1.38649161549259e-12,0.999999060495888,0.999999999992432
"Kif3b",5.37311530570022e-13,-1.33394817480374,1.37121799535034e-12,0.999999065685017,0.999999999992432
"Trim2",5.35528514420202e-13,-1.33464862400855,1.36213258733744e-12,0.99999906878545,0.999999999992432
"Fam212b",5.34189556505158e-13,-1.33517608510599,1.35532974442735e-12,0.999999071113724,0.999999999992432
"Mtmr2",5.32360904615405e-13,-1.33589848586624,1.34606642521468e-12,0.999999074293512,0.999999999992432
"Hdac5",5.32017409803752e-13,-1.33603444488857,1.34432994282877e-12,0.999999074890805,0.999999999992432
"Fam78b",5.31817978625263e-13,-1.33611342020816,1.34332226507301e-12,0.99999907523759,0.999999999992432
"Ndufa7",5.29092747093595e-13,-1.33719544789865,1.32959018179887e-12,0.999999079976414,0.999999999992432
"Sgms2",5.27889585860596e-13,-1.33767483745057,1.32355005937068e-12,0.999999082068555,0.999999999992432
"Tmc7",5.26979278507638e-13,-1.33803823204229,1.31898926273469e-12,0.999999083651461,0.999999999992432
"mt-Nd4l",5.22995794264474e-13,-1.33963548518854,1.29912391025059e-12,0.999999090578223,0.999999999992432
"Cfap97",5.20497224634691e-13,-1.34064324208393,1.28674064465275e-12,0.999999094922911,0.999999999992432
"Adamts5",5.20424800697036e-13,-1.34067252156773,1.2863825857185e-12,0.999999095048847,0.999999999992432
"Nudcd1",5.201817535031e-13,-1.3407708087654,1.28518134138674e-12,0.999999095471475,0.999999999992432
"H2afv",5.19595205666355e-13,-1.34100818587967,1.28228467946718e-12,0.999999096491405,0.999999999992432
"Tbc1d10b",5.18922160283202e-13,-1.34128088255953,1.27896487659955e-12,0.999999097661744,0.999999999992432
"Mmab",5.05272375503658e-13,-1.34688509391964,1.21256573859896e-12,0.999999121396947,0.999999999992432
"B3galnt1",5.05214099463602e-13,-1.34690932729887,1.21228605002718e-12,0.999999121498282,0.999999999992432
"Inpp5e",5.04164971386092e-13,-1.34734604920326,1.20725640901411e-12,0.999999123322579,0.999999999992432
"Lrrc20",5.03038522818373e-13,-1.34781591953759,1.20186772430306e-12,0.999999125281327,0.999999999992432
"Lsm12",5.0142976877673e-13,-1.34848870774359,1.19419269458334e-12,0.999999128078741,0.999999999992432
"Taf9b",4.99230472442142e-13,-1.3494117887145,1.18374008864144e-12,0.999999131903032,0.999999999992432
"B230118H07Rik",4.98832902183969e-13,-1.34957906768696,1.18185545825225e-12,0.999999132594355,0.999999999992432
"Dennd1b",4.96599855368478e-13,-1.35052098931565,1.17129788898378e-12,0.999999136477334,0.999999999992432
"Itgb8",4.95579902305227e-13,-1.35095255510602,1.16649143562764e-12,0.999999138250899,0.999999999992432
"Fam210a",4.94910733055944e-13,-1.35123615474375,1.16334339352341e-12,0.999999139414498,0.999999999992432
"Cdr2l",4.94803812853479e-13,-1.35128150218553,1.16284079187489e-12,0.999999139600418,0.999999999992432
"Slc7a4",4.93035808328864e-13,-1.35203270830044,1.15454564659745e-12,0.999999142674749,0.999999999992432
"Cxxc5",4.91194571922751e-13,-1.3528177549189,1.14593847417873e-12,0.99999914587642,0.999999999992432
"Lin7a",4.87728498272018e-13,-1.35430319646772,1.12982309481303e-12,0.999999151903472,0.999999999992432
"Arl4a",4.87557571170029e-13,-1.35437670921743,1.12903132829325e-12,0.999999152200692,0.999999999992432
"Mrpl12",4.83402471954677e-13,-1.35617131730601,1.10986950020093e-12,0.99999915942587,0.999999999992432
"Cnih4",4.80849451169183e-13,-1.35728126166742,1.09817722449784e-12,0.999999163865241,0.999999999992432
"Inip",4.79101776556017e-13,-1.35804430837314,1.09020895655821e-12,0.999999166904221,0.999999999992432
"Triap1",4.77999431938928e-13,-1.35852696062545,1.08519789851275e-12,0.999999168821055,0.999999999992432
"Nrarp",4.76688957292599e-13,-1.3591021184165,1.07925573707025e-12,0.9999991710998,0.999999999992432
"Nudt12",4.76364072004871e-13,-1.35924494054482,1.07778511427246e-12,0.999999171664733,0.999999999992432
"Dohh",4.76306063253819e-13,-1.35927045138349,1.07752263787954e-12,0.999999171765603,0.999999999992432
"Pyurf",4.74612544130547e-13,-1.36001652375245,1.06987393776268e-12,0.999999174710413,0.999999999992432
"Gnb4",4.73114594334082e-13,-1.36067854964144,1.06313122346158e-12,0.999999177315153,0.999999999992432
"Tsg101",4.72381650558796e-13,-1.36100320337619,1.0598397932414e-12,0.999999178589647,0.999999999992432
"Antxr2",4.71961214111679e-13,-1.36118964961179,1.05795404268845e-12,0.999999179320731,0.999999999992432
"Entpd5",4.71863399423353e-13,-1.36123304901767,1.0575155629223e-12,0.999999179490819,0.999999999992432
"Rxrg",4.7168539406006e-13,-1.361312050162,1.05671784080274e-12,0.999999179800347,0.999999999992432
"Ccdc181",4.71239203535598e-13,-1.3615101999796,1.05471958312021e-12,0.999999180576214,0.999999999992432
"P4htm",4.70297960597423e-13,-1.36192878401424,1.0505104430235e-12,0.999999182212913,0.999999999992432
"Mark4",4.69813725065402e-13,-1.36214444052117,1.04834827077999e-12,0.999999183054936,0.999999999992432
"Junb",4.69400819342779e-13,-1.36232849682396,1.04650635446641e-12,0.999999183772926,0.999999999992432
"Eif6",4.68190875981366e-13,-1.36286872657466,1.04111828760764e-12,0.99999918587686,0.999999999992432
"Cryzl1",4.61659315807491e-13,-1.36580811736627,1.01227238716035e-12,0.999999197234395,0.999999999992432
"Klhl21",4.61438165024184e-13,-1.36590833156557,1.01130279246496e-12,0.999999197618947,0.999999999992432
"Gng10",4.59968848586835e-13,-1.36657531133129,1.00487264350397e-12,0.999999200173898,0.999999999992432
"Igtp",4.59658743614348e-13,-1.3667163386434,1.00351815630028e-12,0.99999920071313,0.999999999992432
"Kndc1",4.58786825729585e-13,-1.36711334805597,9.99714658297735e-13,0.999999202229282,0.999999999992432
"Tmem260",4.58384264375026e-13,-1.36729688778496,9.97961033731273e-13,0.999999202929284,0.999999999992432
"Sh2b1",4.57075621219221e-13,-1.36789459698054,9.9227100132251e-13,0.999999205204845,0.999999999992432
"Sec14l2",4.56210989531605e-13,-1.36829040105285,9.88520473240147e-13,0.999999206708327,0.999999999992432
"Npepl1",4.55854907631901e-13,-1.36845361253529,9.86977955033578e-13,0.999999207327507,0.999999999992432
"Mex3d",4.5462487654521e-13,-1.36901833517604,9.81658825359585e-13,0.999999209466371,0.999999999992432
"Cfap20",4.5326070408844e-13,-1.36964634380965,9.75776425016154e-13,0.99999921183849,0.999999999992432
"Zfp334",4.53034015586411e-13,-1.36975087576714,9.74800642290697e-13,0.999999212232672,0.999999999992432
"Trappc5",4.52677906445558e-13,-1.3699151873228,9.7326875296795e-13,0.9999992128519,0.999999999992432
"Sulf1",4.52584126042645e-13,-1.36995847876356,9.72865534343775e-13,0.999999213014972,0.999999999992432
"Rdh13",4.52360255007379e-13,-1.37006185784033,9.71903315232457e-13,0.999999213404254,0.999999999992432
"Paqr4",4.51323157886953e-13,-1.3705414031044,9.67451983895605e-13,0.999999215207631,0.999999999992432
"Kpna2",4.50706441511139e-13,-1.37082706430071,9.64809815749539e-13,0.999999216280021,0.999999999992432
"Arfip1",4.50475605488037e-13,-1.37093408237306,9.63821785370765e-13,0.999999216681415,0.999999999992432
"Abcg1",4.49873395281577e-13,-1.37121351894543,9.61246572218e-13,0.99999921772858,0.999999999992432
"Dap3",4.48944323496627e-13,-1.37164532303353,9.57280367931948e-13,0.999999219344116,0.999999999992432
"Ino80c",4.48426388606163e-13,-1.37188641195849,9.55072865237596e-13,0.999999220244737,0.999999999992432
"Gpbp1l1",4.47920440926656e-13,-1.37212217660831,9.52918913945926e-13,0.999999221124514,0.999999999992432
"Champ1",4.46784515123374e-13,-1.37265242530505,9.48091839563771e-13,0.999999223099742,0.999999999992432
"Mfsd10",4.43950974714845e-13,-1.37398072059174,9.36104236615067e-13,0.999999228026901,0.999999999992432
"R3hdm2",4.41302913350031e-13,-1.37522936806526,9.2497026599507e-13,0.999999232631536,0.999999999992432
"Shc2",4.41273942630815e-13,-1.37524306802693,9.24848824810524e-13,0.999999232681912,0.999999999992432
"Stt3a",4.38982430680714e-13,-1.37632941670815,9.15268384097211e-13,0.999999236666554,0.999999999992432
"Neto1",4.38177493258885e-13,-1.37671229631755,9.11914909022733e-13,0.999999238066235,0.999999999992432
"Rps15a",4.3727014346294e-13,-1.37714469168323,9.08142149676386e-13,0.999999239643999,0.999999999992432
"Commd5",4.36647994604518e-13,-1.37744166807728,9.05559775055801e-13,0.999999240725835,0.999999999992432
"Zdhhc24",4.34690011651115e-13,-1.3783789213446,8.97456702136162e-13,0.999999244130513,0.999999999992432
"Dbt",4.34314156800007e-13,-1.3785592953978,8.95905400670618e-13,0.999999244784076,0.999999999992432
"Pde4b",4.33967154213416e-13,-1.37872595484264,8.94474375250356e-13,0.999999245387468,0.999999999992432
"Carhsp1",4.28729086611848e-13,-1.38125720763369,8.73011732942445e-13,0.999999254495788,0.999999999992432
"Cdc34",4.26205771672108e-13,-1.38248708141881,8.62765631128915e-13,0.999999258883505,0.999999999992432
"Fam216a",4.25018905110623e-13,-1.38306795865413,8.57967188765751e-13,0.999999260947312,0.999999999992432
"Sept7",4.23054120307814e-13,-1.38403296071024,8.50053072553002e-13,0.999999264363817,0.999999999992432
"Wdr59",4.22861061482384e-13,-1.38412801095705,8.49277413863575e-13,0.999999264699521,0.999999999992432
"Cul5",4.22799884423926e-13,-1.38415813936514,8.4903169468836e-13,0.9999992648059,0.999999999992432
"Polr2h",4.2241780649528e-13,-1.38434639841882,8.47497873572608e-13,0.999999265470284,0.999999999992432
"Rras2",4.19104129080986e-13,-1.3859859462281,8.34253547886084e-13,0.999999271232339,0.999999999992432
"Lrrc8d",4.16888492821953e-13,-1.38708908687592,8.25456132642007e-13,0.999999275085043,0.999999999992432
"Khdrbs1",4.16867029477662e-13,-1.38709980044936,8.25371138244707e-13,0.999999275122365,0.999999999992432
"Fam45a",4.15276678573766e-13,-1.38789509633673,8.19085556527386e-13,0.999999277887778,0.999999999992432
"Slc4a1ap",4.14993826556166e-13,-1.38803684674611,8.17970150276069e-13,0.999999278379621,0.999999999992432
"Aco1",4.14519746007087e-13,-1.38827463669553,8.1610235266066e-13,0.999999279203986,0.999999999992432
"Tpbgl",4.13499891183555e-13,-1.38878705371841,8.12091532641608e-13,0.999999280977381,0.999999999992432
"Khsrp",4.13241843469247e-13,-1.38891689781928,8.11078265262157e-13,0.999999281426092,0.999999999992432
"Rab2b",4.13131269874827e-13,-1.38897255966623,8.10644273197014e-13,0.999999281618366,0.999999999992432
"Git1",4.12186215859648e-13,-1.38944887036669,8.0693975390189e-13,0.999999283261692,0.999999999992432
"Cers6",4.10512063717223e-13,-1.39029520161132,8.00398067887525e-13,0.999999286172825,0.999999999992432
"Osbpl5",4.1050951849583e-13,-1.39029649078708,8.00388142800544e-13,0.999999286177251,0.999999999992432
"Senp8",4.09029212635876e-13,-1.39104756743461,7.9462611798359e-13,0.99999928875131,0.999999999992432
"Coq3",4.07200730413085e-13,-1.39197887429658,7.87537567314513e-13,0.999999291930804,0.999999999992432
"Rpe",4.04775059663375e-13,-1.3932204988492,7.78182883462287e-13,0.99999929614873,0.999999999992432
"Vps11",4.04333601740641e-13,-1.39344722725863,7.76486397193868e-13,0.999999296916368,0.999999999992432
"Necab3",4.01209056548886e-13,-1.39505871760711,7.64531948914412e-13,0.999999302349546,0.999999999992432
"Mgat4b",3.98874295370004e-13,-1.39627067676071,7.55659737534204e-13,0.999999306409393,0.999999999992432
"Prkcsh",3.97422491476568e-13,-1.39702770125912,7.50168918845972e-13,0.999999308933891,0.999999999992432
"Arl15",3.97188193968592e-13,-1.39715011881403,7.49284666433443e-13,0.999999309341304,0.999999999992432
"Ndufs8",3.97121260826295e-13,-1.39718510315219,7.49032152626541e-13,0.999999309457692,0.999999999992432
"Vwa1",3.96816382345303e-13,-1.39734452667442,7.47882498112692e-13,0.999999309987837,0.999999999992432
"Sptssa",3.96764165550599e-13,-1.39737184294584,7.47685684376218e-13,0.999999310078635,0.999999999992432
"Lonp1",3.94858308359638e-13,-1.39837120197738,7.40519917859038e-13,0.999999313392673,0.999999999992432
"Ldb1",3.94848229703498e-13,-1.39837649901123,7.40482115182951e-13,0.999999313410198,0.999999999992432
"Ccnh",3.94652364784014e-13,-1.39847946514094,7.39747663377401e-13,0.999999313750782,0.999999999992432
"Slc5a3",3.9404302473777e-13,-1.3988001057336,7.37465098100448e-13,0.999999314810345,0.999999999992432
"Acvr1b",3.9398083248919e-13,-1.39883285837892,7.37232326598912e-13,0.99999931491849,0.999999999992432
"Setd3",3.92172608923765e-13,-1.39978728676723,7.30480618967263e-13,0.999999318062756,0.999999999992432
"Mast1",3.92110420772405e-13,-1.39982018563011,7.30248967717342e-13,0.999999318170893,0.999999999992432
"Wdr36",3.91886267246213e-13,-1.3999388087871,7.29414299289255e-13,0.999999318560667,0.999999999992432
"Chst11",3.90251104010074e-13,-1.40080610044983,7.23339969953067e-13,0.999999321404003,0.999999999992432
"Ndufs7",3.88638901313921e-13,-1.40166460017303,7.17375800731136e-13,0.999999324207414,0.999999999992432
"Med11",3.88608717318486e-13,-1.40168070542475,7.17264373764042e-13,0.9999993242599,0.999999999992432
"Lbh",3.88601455967348e-13,-1.40168458003573,7.1723756911667e-13,0.999999324272527,0.999999999992432
"Zc3h18",3.88285315843005e-13,-1.40185333711956,7.16071050888384e-13,0.999999324822254,0.999999999992432
"Pdk2",3.8806094007686e-13,-1.40197318916923,7.15243707892083e-13,0.999999325212414,0.999999999992432
"Eif3g",3.87984489426106e-13,-1.4020140409118,7.14961919878811e-13,0.999999325345352,0.999999999992432
"Fam136a",3.87289725867144e-13,-1.40238564178946,7.12403648840012e-13,0.999999326553455,0.999999999992432
"Itpk1",3.84867731772127e-13,-1.40368603861316,7.03521191438756e-13,0.999999330764988,0.999999999992432
"Mpp5",3.8296117985143e-13,-1.40471516847737,6.96568270664415e-13,0.999999334080235,0.999999999992432
"Bex3",3.82853766976658e-13,-1.40477329316,6.96177578805512e-13,0.999999334267012,0.999999999992432
"Dgcr2",3.81388446546279e-13,-1.40556777775374,6.90858727974468e-13,0.999999336815014,0.999999999992432
"Tex264",3.80524564395704e-13,-1.40603752726841,6.87732547301605e-13,0.999999338317193,0.999999999992432
"Zfp330",3.77804310013922e-13,-1.40752335416489,6.7793491144377e-13,0.999999343047362,0.999999999992432
"Spg7",3.77024140251006e-13,-1.40795136522745,6.75137917292481e-13,0.999999344403976,0.999999999992432
"Nudcd3",3.7629907487226e-13,-1.4083499003027,6.72543662051395e-13,0.99999934566477,0.999999999992432
"Cabp7",3.74440048668779e-13,-1.40937506396328,6.65914956264537e-13,0.999999348897375,0.999999999992432
"Prkg2",3.74020818720432e-13,-1.40960691716534,6.64424649813893e-13,0.999999349626362,0.999999999992432
"Ets2",3.73988994490563e-13,-1.40962452748987,6.64311587106384e-13,0.9999993496817,0.999999999992432
"Ubac2",3.73801399084025e-13,-1.40972836462598,6.63645307892194e-13,0.999999350007904,0.999999999992432
"Ubr4",3.73067258061654e-13,-1.4101352002301,6.61041086454007e-13,0.99999935128448,0.999999999992432
"Sesn1",3.72291377422115e-13,-1.41056599393382,6.58294366480401e-13,0.999999352633636,0.999999999992432
"1110059E24Rik",3.72287049122792e-13,-1.41056839953511,6.5827905976813e-13,0.999999352641162,0.999999999992432
"Ibtk",3.72020589139499e-13,-1.41071654502713,6.57337086333061e-13,0.999999353104501,0.999999999992432
"Fam149a",3.71864537571473e-13,-1.41080335284273,6.56785735296441e-13,0.999999353375855,0.999999999992432
"Gart",3.70196846299699e-13,-1.41173321742511,6.50908004776535e-13,0.999999356275753,0.999999999992432
"Kcnc4",3.70059905010287e-13,-1.41180974929419,6.50426532846358e-13,0.999999356513876,0.999999999992432
"Tbc1d20",3.68890357089119e-13,-1.41246446842671,6.46321776226427e-13,0.999999358547568,0.999999999992432
"Commd10",3.67568729376061e-13,-1.41320669999853,6.41698903416965e-13,0.999999360845707,0.999999999992432
"Pno1",3.67538401450552e-13,-1.41322376202495,6.41593015227294e-13,0.999999360898444,0.999999999992432
"Chst1",3.67284051031013e-13,-1.41336690834176,6.40705309423884e-13,0.999999361340726,0.999999999992432
"Larp4",3.67220728369041e-13,-1.41340256045365,6.40484403189463e-13,0.999999361450836,0.999999999992432
"Ispd",3.66160178095478e-13,-1.41400054419972,6.3679024879623e-13,0.999999363294995,0.999999999992432
"Twsg1",3.6609452982654e-13,-1.41403761356418,6.36561931068039e-13,0.999999363409149,0.999999999992432
"Scn3b",3.65524442553549e-13,-1.41435978840408,6.34580949257591e-13,0.999999364400457,0.999999999992432
"Phtf1",3.6548457555701e-13,-1.41438233639277,6.34442531937618e-13,0.99999936446978,0.999999999992432
"1500011K16Rik",3.64078155726067e-13,-1.41517927857651,6.29569134786331e-13,0.999999366915362,0.999999999992432
"Plin2",3.63178214788866e-13,-1.41569076231531,6.26460600047637e-13,0.999999368480242,0.999999999992432
"Unc119",3.61991038662192e-13,-1.41636734178297,6.2237167904764e-13,0.999999370544587,0.999999999992432
"Kcnh2",3.61887885110226e-13,-1.41642622916247,6.22017025505234e-13,0.999999370723958,0.999999999992432
"Polr3k",3.60820174517433e-13,-1.41703669270148,6.18352053746117e-13,0.999999372580568,0.999999999992432
"Sec11a",3.59875378719117e-13,-1.41757831247574,6.15118024233965e-13,0.999999374223445,0.999999999992432
"Rbm27",3.5986390814323e-13,-1.41758489646818,6.15078812629354e-13,0.999999374243391,0.999999999992432
"Nek6",3.59221505171283e-13,-1.41795394775429,6.1288478443738e-13,0.999999375360446,0.999999999992432
"Hif1an",3.59079868115209e-13,-1.41803540055855,6.12401572370322e-13,0.999999375606735,0.999999999992432
"Rnf185",3.58075494251243e-13,-1.41861387416659,6.08980495473599e-13,0.999999377353211,0.999999999992432
"Lpcat4",3.57752661135314e-13,-1.41880013871286,6.07882903209871e-13,0.999999377914575,0.999999999992432
"Abhd4",3.57452306372533e-13,-1.41897357739417,6.06862623550869e-13,0.999999378436853,0.999999999992432
"Rnf141",3.56571125388753e-13,-1.41948321193629,6.03874271471865e-13,0.999999379969113,0.999999999992432
"AI846148",3.56321248293697e-13,-1.41962794709325,6.0302820477551e-13,0.999999380403616,0.999999999992432
"Pspc1",3.56202094820436e-13,-1.41969699776352,6.02624968136397e-13,0.999999380610809,0.999999999992432
"Tmem79",3.55440748594387e-13,-1.42013872448766,6.00051620445699e-13,0.999999381934691,0.999999999992432
"Polr2g",3.5511834526952e-13,-1.42032605115993,5.98963557809416e-13,0.999999382495309,0.999999999992432
"Cish",3.55091603780644e-13,-1.42034159607772,5.98873353659388e-13,0.999999382541809,0.999999999992432
"Rad1",3.54910230868699e-13,-1.42044705812324,5.98261727461007e-13,0.999999382857193,0.999999999992432
"Zbtb11",3.52951989580687e-13,-1.42158897928115,5.91678041299533e-13,0.99999938626232,0.999999999992432
"Pcid2",3.52861341684404e-13,-1.42164198497119,5.91374161543057e-13,0.999999386419945,0.999999999992432
"Zfp24",3.52658061901789e-13,-1.42176089837217,5.90692988687524e-13,0.999999386773422,0.999999999992432
"Ptdss1",3.51838855458743e-13,-1.42224077376734,5.87951877579349e-13,0.999999388197916,0.999999999992432
"Med8",3.50296268593513e-13,-1.42314727964347,5.82807598618391e-13,0.999999390880274,0.999999999992432
"Tmem42",3.50125454897607e-13,-1.42324789193234,5.82239352497195e-13,0.999999391177297,0.999999999992432
"Lrrc61",3.48292605242531e-13,-1.42433041702869,5.76159451795507e-13,0.999999394364384,0.999999999992432
"Mrps10",3.4827058332639e-13,-1.42434345657405,5.76086595043363e-13,0.999999394402677,0.999999999992432
"Brcc3",3.47191037161181e-13,-1.42498363618196,5.72520699884615e-13,0.999999396279868,0.999999999992432
"Hcn3",3.46835487626925e-13,-1.42519489392838,5.71348692451383e-13,0.999999396898123,0.999999999992432
"Kdm1a",3.45953465625247e-13,-1.42571985663185,5.68446444216343e-13,0.999999398431844,0.999999999992432
"Ltv1",3.45107652020314e-13,-1.42622446436042,5.65670279004272e-13,0.999999399902604,0.999999999992432
"Golga7",3.45090838504607e-13,-1.42623450711542,5.6561516185818e-13,0.999999399931841,0.999999999992432
"Por",3.44581924750982e-13,-1.42653870273915,5.63948139417316e-13,0.999999400816776,0.999999999992432
"Naa38",3.44445899327175e-13,-1.42662008219337,5.63502984648127e-13,0.999999401053306,0.999999999992432
"Kiz",3.43961874781333e-13,-1.42690990566666,5.61920398590429e-13,0.999999401894962,0.999999999992432
"Kdelr1",3.43739282942548e-13,-1.42704331894107,5.61193350437137e-13,0.999999402282021,0.999999999992432
"Serpinf1",3.4279365094315e-13,-1.42761101206021,5.58109894698124e-13,0.999999403926352,0.999999999992432
"Mcrs1",3.4258911032064e-13,-1.4277340000077,5.57444059218298e-13,0.999999404282021,0.999999999992432
"Igbp1",3.4102085141627e-13,-1.42867930060931,5.52352153801758e-13,0.99999940700902,0.999999999992432
"Wwp2",3.40360867274467e-13,-1.42907835494328,5.50216267350562e-13,0.999999408156647,0.999999999992432
"Nup214",3.40040034726194e-13,-1.42927260946726,5.49179461391754e-13,0.999999408714533,0.999999999992432
"Gm9774",3.39125908262873e-13,-1.42982704200297,5.46230722182112e-13,0.99999941030408,0.999999999992432
"Ric3",3.38843642252621e-13,-1.42999852780877,5.45321807839313e-13,0.999999410794904,0.999999999992432
"Cyld",3.37936284877438e-13,-1.43055069771141,5.42405186654045e-13,0.999999412372681,0.999999999992432
"Vps39",3.37713218197764e-13,-1.43068666001197,5.41689355908659e-13,0.999999412760565,0.999999999992432
"Slc25a14",3.36926133839076e-13,-1.43116708160707,5.39167343986416e-13,0.999999414129202,0.999999999992432
"Mnt",3.3644524994429e-13,-1.43146112909904,5.37629369709635e-13,0.999999414965397,0.999999999992432
"Zfp260",3.36344420174495e-13,-1.43152283440542,5.37307172130102e-13,0.999999415140727,0.999999999992432
"AI506816",3.34717670089936e-13,-1.43252080118195,5.32122303866645e-13,0.999999417969434,0.999999999992432
"Ddx24",3.34490464974966e-13,-1.43266055186393,5.3140014375092e-13,0.999999418364514,0.999999999992432
"Tra2b",3.33597599292158e-13,-1.43321061592944,5.28566964664941e-13,0.999999419917092,0.999999999992432
"Svbp",3.33488409199893e-13,-1.43327798016637,5.28221009954777e-13,0.999999420106959,0.999999999992432
"Krtcap2",3.33047119704622e-13,-1.43355044495787,5.2682399493179e-13,0.999999420874304,0.999999999992432
"Ddah1",3.32778092745488e-13,-1.43371671823531,5.25973228742304e-13,0.999999421342107,0.999999999992432
"Esf1",3.32115306389024e-13,-1.43412690165311,5.23880177965338e-13,0.999999422494606,0.999999999992432
"Crtap",3.32082707714692e-13,-1.43414709629004,5.23777340421577e-13,0.999999422551291,0.999999999992432
"Oasl2",3.32010867962111e-13,-1.43419160713258,5.23550746482078e-13,0.999999422676211,0.999999999992432
"Rab3ip",3.30192687758672e-13,-1.43532118127254,5.17832240019072e-13,0.999999425837791,0.999999999992432
"Gm14296",3.299327894176e-13,-1.43548312980945,5.17017377795032e-13,0.99999942628972,0.999999999992432
"Pdxk",3.29730814502943e-13,-1.43560906865387,5.16384566620602e-13,0.999999426640928,0.999999999992432
"Galnt1",3.29327716207346e-13,-1.43586063460538,5.1512277066581e-13,0.999999427341864,0.999999999992432
"Plekha3",3.28864694860183e-13,-1.43614995860495,5.13675305676788e-13,0.999999428146998,0.999999999992432
"Pih1d1",3.28761969993063e-13,-1.4362141998184,5.13354450400426e-13,0.999999428325623,0.999999999992432
"Pigh",3.28697303061741e-13,-1.43625465046087,5.13152518333371e-13,0.99999942843807,0.999999999992432
"Ccdc43",3.28649714391278e-13,-1.4362844230901,5.1300394103695e-13,0.999999428520821,0.999999999992432
"Vipas39",3.28474801861226e-13,-1.4363938878215,5.12458028868146e-13,0.999999428824971,0.999999999992432
"Serping1",3.28315821067036e-13,-1.43649343011291,5.11962092692198e-13,0.999999429101418,0.999999999992432
"Bmi1",3.27811562070942e-13,-1.43680946390138,5.10390659214247e-13,0.999999429978259,0.999999999992432
"Arvcf",3.27693847981452e-13,-1.43688330523018,5.10024171929673e-13,0.999999430182948,0.999999999992432
"Fyb",3.27068411880675e-13,-1.43727606057499,5.08079166725936e-13,0.999999431270501,0.999999999992432
"Tbc1d19",3.26797523062421e-13,-1.43744639219946,5.07237899492649e-13,0.999999431741541,0.999999999992432
"Prrc2a",3.25914131449614e-13,-1.43800279158675,5.04499298116615e-13,0.999999433277644,0.999999999992432
"Scyl1",3.25910176531467e-13,-1.43800528579017,5.04487054147236e-13,0.999999433284521,0.999999999992432
"Vps18",3.25860496147275e-13,-1.43803661960451,5.04333262076802e-13,0.999999433370909,0.999999999992432
"Fbxw7",3.25545486112185e-13,-1.43823540462103,5.03358653307349e-13,0.999999433918671,0.999999999992432
"Dnajc27",3.2259319819863e-13,-1.44010735881036,4.9427039138491e-13,0.999999439052316,0.999999999992432
"Suz12",3.22317020296348e-13,-1.44028330619645,4.93424445917113e-13,0.999999439532554,0.999999999992432
"Fbxo42",3.213311883494e-13,-1.44091253006224,4.90410706933884e-13,0.999999441246787,0.999999999992432
"Mob3b",3.19912338456745e-13,-1.44182136142001,4.86089414782701e-13,0.999999443713983,0.999999999992432
"Ddx28",3.19365742093076e-13,-1.44217250075796,4.84429786852976e-13,0.999999444664443,0.999999999992432
"Tspan9",3.1931108934625e-13,-1.44220764165501,4.84264001049113e-13,0.999999444759477,0.999999999992432
"Serp1",3.19100689483838e-13,-1.44234297897206,4.83626030654035e-13,0.999999445125335,0.999999999992432
"Adipor1",3.18798694225007e-13,-1.44253738221587,4.82711061421317e-13,0.999999445650466,0.999999999992432
"Arhgap12",3.18515249009841e-13,-1.44272000346682,4.81853082272818e-13,0.99999944614334,0.999999999992432
"Sh3gl1",3.18381066629996e-13,-1.44280650983676,4.81447182872329e-13,0.999999446376666,0.999999999992432
"Atp2b3",3.17907252565058e-13,-1.44311225151175,4.8001527168513e-13,0.999999447200567,0.999999999992432
"Eif3l",3.17376752429723e-13,-1.44345508552626,4.78414580316714e-13,0.999999448123038,0.999999999992432
"Osbpl1a",3.15945372535316e-13,-1.44438283334011,4.74108979566834e-13,0.999999450612022,0.999999999992432
"Syt6",3.15659460262348e-13,-1.44456862549152,4.73251285460885e-13,0.999999451109186,0.999999999992432
"Camk2a",3.15549006863723e-13,-1.44464044337618,4.7292014970166e-13,0.99999945130125,0.999999999992432
"Fam174b",3.14612797086225e-13,-1.44525013700544,4.70118076792859e-13,0.999999452929197,0.999999999992432
"Nfkbia",3.13428086332203e-13,-1.44602413863511,4.66584175379749e-13,0.999999454989256,0.999999999992432
"Thrap3",3.12423430267027e-13,-1.44668268676959,4.63597810273306e-13,0.999999456736222,0.999999999992432
"Ppp4r2",3.09318687114772e-13,-1.44873062388088,4.5442948212714e-13,0.999999462134967,0.999999999992432
"Mlst8",3.09141687962963e-13,-1.44884796282175,4.53909561260599e-13,0.999999462442746,0.999999999992432
"Zfp825",3.08819003618339e-13,-1.44906204590939,4.52962467600805e-13,0.999999463003852,0.999999999992432
"Myl12a",3.08171128397889e-13,-1.4494925174174,4.51063910030732e-13,0.999999464130423,0.999999999992432
"Fndc5",3.0816076446093e-13,-1.4494994105722,4.51033571566875e-13,0.999999464148444,0.999999999992432
"Zer1",3.07503097840973e-13,-1.44993728202082,4.49110463696267e-13,0.999999465292041,0.999999999992432
"Ppm1g",3.06744128833407e-13,-1.45044370721941,4.46896240330951e-13,0.99999946661179,0.999999999992432
"Zmat3",3.06651352972107e-13,-1.45050569392112,4.46625950472598e-13,0.999999466773115,0.999999999992432
"H2-Eb1",3.06640273377927e-13,-1.45051309776481,4.46593677046519e-13,0.999999466792381,0.999999999992432
"Snca",3.05581677735769e-13,-1.45122166992233,4.43515502929849e-13,0.999999468633141,0.999999999992432
"Adcy2",3.05529296373012e-13,-1.45125679196035,4.43363465311203e-13,0.999999468724226,0.999999999992432
"Slc39a10",3.05491393041577e-13,-1.45128220995322,4.43253466629062e-13,0.999999468790135,0.999999999992432
"Midn",3.05281983176962e-13,-1.45142269433357,4.42645987422696e-13,0.999999469154271,0.999999999992432
"Ubxn7",3.05135043382367e-13,-1.45152132480245,4.42219976974556e-13,0.99999946940978,0.999999999992432
"Cirbp",3.05116800622e-13,-1.45153357304762,4.4216710155373e-13,0.999999469441502,0.999999999992432
"Hbs1l",3.04979376929848e-13,-1.45162586210022,4.41768889777091e-13,0.999999469680464,0.999999999992432
"Csnk1g2",3.04935258304611e-13,-1.45165549903747,4.41641085552773e-13,0.999999469757181,0.999999999992432
"Smndc1",3.04656244794188e-13,-1.45184302233914,4.40833258633284e-13,0.999999470242349,0.999999999992432
"Pts",3.04410163727786e-13,-1.45200854738891,4.40121394632558e-13,0.999999470670252,0.999999999992432
"1110032A03Rik",3.04007709434567e-13,-1.45227953014478,4.38958413386857e-13,0.999999471370068,0.999999999992432
"Cgnl1",3.03371807896447e-13,-1.45270839429853,4.37123970476387e-13,0.999999472475818,0.999999999992432
"Myo1b",3.02690684449792e-13,-1.45316870521631,4.35163332451988e-13,0.999999473660203,0.999999999992432
"Kctd6",3.02604272720664e-13,-1.45322717355861,4.34914908232253e-13,0.999999473810462,0.999999999992432
"Dagla",3.02413811034899e-13,-1.45335610073602,4.34367602290834e-13,0.99999947414165,0.999999999992432
"Hexa",3.0180745360481e-13,-1.45376707003565,4.32627483518244e-13,0.999999475196027,0.999999999992432
"Efna5",3.01432583662433e-13,-1.45402153718963,4.31553432377641e-13,0.999999475847877,0.999999999992432
"Fam222b",3.00683284350574e-13,-1.4545310746796,4.29410593143288e-13,0.999999477150811,0.999999999992432
"Rpp14",2.96662077497714e-13,-1.45728634850886,4.1800189490813e-13,0.999999484143168,0.999999999992432
"Uqcc2",2.96656272950025e-13,-1.45729035128537,4.17985537656024e-13,0.999999484153261,0.999999999992432
"Hdgfrp3",2.96173564420462e-13,-1.45762348442968,4.16626381959147e-13,0.999999484992629,0.999999999992432
"Nrg3",2.95716778306943e-13,-1.45793920296538,4.15342253917256e-13,0.99999948578692,0.999999999992432
"Gcc1",2.9563445927293e-13,-1.457996148977,4.15111047460269e-13,0.999999485930063,0.999999999992432
"Cox15",2.95303675431906e-13,-1.4582251279881,4.14182636014488e-13,0.999999486505253,0.999999999992432
"Ppfia3",2.95258651453863e-13,-1.45825631384362,4.14056347519964e-13,0.999999486583544,0.999999999992432
"Traf3",2.94426343832083e-13,-1.45883362677172,4.11725262401198e-13,0.999999488030819,0.999999999992432
"Snf8",2.94289753836173e-13,-1.4589285176498,4.11343336610598e-13,0.999999488268331,0.999999999992432
"Txndc9",2.93827954430096e-13,-1.45924964594149,4.10053389781264e-13,0.99999948907134,0.999999999992432
"Lrrc47",2.93030745819358e-13,-1.45980514262625,4.07831309674033e-13,0.999999490457582,0.999999999992432
"Mettl14",2.91682899007384e-13,-1.46074759891029,4.04088153499202e-13,0.999999492801313,0.999999999992432
"Fig4",2.91086764166971e-13,-1.46116575508744,4.02438109126144e-13,0.999999493837914,0.999999999992432
"Sumf1",2.90620260388847e-13,-1.46149354990282,4.01149225647678e-13,0.999999494649103,0.999999999992432
"Ipo4",2.89228044101057e-13,-1.46247478859094,3.97315021037528e-13,0.999999497069987,0.999999999992432
"Tmem263",2.89214914060917e-13,-1.46248406402711,3.97278948160998e-13,0.999999497092818,0.999999999992432
"Mis12",2.88770735313929e-13,-1.4627980805013,3.96059596390152e-13,0.999999497865187,0.999999999992432
"Lpar3",2.88707240919221e-13,-1.46284300595765,3.95885445781622e-13,0.999999497975596,0.999999999992432
"Ik",2.88084983679244e-13,-1.46328378143456,3.94180763140579e-13,0.99999949905762,0.999999999992432
"Lrrc42",2.80900697665585e-13,-1.46843932144035,3.74765685384175e-13,0.999999511550161,0.999999999992432
"Btbd10",2.8063978859403e-13,-1.46862890136346,3.74069821276805e-13,0.999999512003848,0.999999999992432
"Sec11c",2.80358988974198e-13,-1.46883312117142,3.73321630046413e-13,0.999999512492122,0.999999999992432
"Ift172",2.79837943114897e-13,-1.4692125824604,3.71935286522135e-13,0.999999513398153,0.999999999992432
"Dhx40",2.78737575334564e-13,-1.4700161559909,3.69016018662798e-13,0.99999951531155,0.999999999992432
"Rhog",2.78412985891676e-13,-1.47025377187901,3.68157081989332e-13,0.999999515875969,0.999999999992432
"Plk3",2.77981976056953e-13,-1.47056969992793,3.67018079818183e-13,0.999999516625439,0.999999999992432
"Akap1",2.77560859720259e-13,-1.47087882584235,3.6590692691806e-13,0.999999517357705,0.999999999992432
"Dlg5",2.76843285563447e-13,-1.47140659832762,3.64017424546765e-13,0.999999518605474,0.999999999992432
"Vrk3",2.76607294022915e-13,-1.47158045301106,3.63397085004863e-13,0.999999519015832,0.999999999992432
"Tmeff1",2.76288320496722e-13,-1.47181566449044,3.62559455497825e-13,0.999999519570486,0.999999999992432
"Prkra",2.75135051668531e-13,-1.47266824419097,3.59539017629783e-13,0.999999521575871,0.999999999992432
"Rnf10",2.74941847190379e-13,-1.4728114068232,3.59034246185607e-13,0.999999521911828,0.999999999992432
"Six1",2.74496256983433e-13,-1.47314194952331,3.57871436620586e-13,0.999999522686652,0.999999999992432
"Tmem64",2.74178353660453e-13,-1.47337808467514,3.57042990793443e-13,0.999999523239444,0.999999999992432
"Pcyt1b",2.74013870666239e-13,-1.47350036298276,3.56614730256262e-13,0.999999523525459,0.999999999992432
"BC005624",2.73246601064712e-13,-1.47407168172833,3.5462040377593e-13,0.999999524859641,0.999999999992432
"Cd63",2.72671885053611e-13,-1.47450062175599,3.53130235613951e-13,0.999999525858998,0.999999999992432
"Yipf2",2.72027182842775e-13,-1.47498281935048,3.51462335744436e-13,0.999999526980051,0.999999999992432
"Amd1",2.71677207488006e-13,-1.47524503419421,3.50558572894151e-13,0.999999527588613,0.999999999992432
"Zcchc17",2.71636354012996e-13,-1.47527566408325,3.50453150291875e-13,0.999999527659652,0.999999999992432
"Prkag1",2.71578480224432e-13,-1.47531906244224,3.50303833820684e-13,0.999999527760287,0.999999999992432
"Dcun1d3",2.71019902731229e-13,-1.47573838035276,3.48864319098296e-13,0.99999952873158,0.999999999992432
"Fbxw5",2.71002681894219e-13,-1.47575132088468,3.48819986230865e-13,0.999999528761525,0.999999999992432
"Irf2bp1",2.69138411054977e-13,-1.47715686038659,3.44037316314248e-13,0.99999953200325,0.999999999992432
"Cops7b",2.68977621080944e-13,-1.47727851849812,3.43626366224738e-13,0.999999532282843,0.999999999992432
"Isy1",2.67855675745986e-13,-1.47812934103781,3.4076571227322e-13,0.99999953423376,0.999999999992432
"Hsf4",2.67260121113806e-13,-1.47858235386218,3.39252068907477e-13,0.999999535269352,0.999999999992432
"Washc5",2.6574701366779e-13,-1.47973763717038,3.35421555612522e-13,0.99999953790045,0.999999999992432
"Clcn5",2.64673318560152e-13,-1.48056121810383,3.32716630035157e-13,0.999999539767466,0.999999999992432
"Psph",2.64672881636036e-13,-1.48056155389331,3.32715531535315e-13,0.999999539768226,0.999999999992432
"Cln8",2.64138687383213e-13,-1.48097249283386,3.31373834864273e-13,0.99999954069712,0.999999999992432
"Atxn7l1",2.6293751650669e-13,-1.48189940702005,3.2836684207765e-13,0.9999995427858,0.999999999992432
"Resp18",2.62743739066725e-13,-1.48204931701362,3.27883026454119e-13,0.999999543122754,0.999999999992432
"Adipor2",2.62246407873092e-13,-1.48243454330247,3.26642942649668e-13,0.999999543987549,0.999999999992432
"Mrrf",2.62244070857015e-13,-1.48243635516249,3.26637120900473e-13,0.999999543991612,0.999999999992432
"Rybp",2.62021756389923e-13,-1.48260878302244,3.26083549737075e-13,0.999999544378188,0.999999999992432
"Exoc7",2.60998388611415e-13,-1.48340430716841,3.23541381204524e-13,0.999999546157692,0.999999999992432
"Ormdl3",2.60557269046516e-13,-1.48374812970291,3.22448655487188e-13,0.999999546924742,0.999999999992432
"Rnf145",2.59049459068172e-13,-1.48492755430324,3.18727519323226e-13,0.999999549546628,0.999999999992432
"Glrx",2.58592357974032e-13,-1.48528639183869,3.17603701806832e-13,0.999999550341467,0.999999999992432
"Smg7",2.58307628521202e-13,-1.48551021735421,3.16904676180281e-13,0.999999550836575,0.999999999992432
"Stx1b",2.56354480912504e-13,-1.48705193261396,3.12130357052105e-13,0.999999554232845,0.999999999992432
"Leprot",2.55799355859511e-13,-1.48749215662819,3.10780009873704e-13,0.999999555198135,0.999999999992432
"Dnajc14",2.55371369339387e-13,-1.48783217753505,3.09740926854624e-13,0.999999555942348,0.999999999992432
"Atg10",2.54810245339243e-13,-1.48827879274836,3.08381243341252e-13,0.99999955691807,0.999999999992432
"Agpat1",2.52500015830576e-13,-1.49012746911773,3.02814733815101e-13,0.999999560935259,0.999999999992432
"Tsr1",2.52492554518148e-13,-1.49013346574884,3.0279683787995e-13,0.999999560948233,0.999999999992432
"Tspan5",2.52327392510863e-13,-1.4902662490083,3.0240083272219e-13,0.999999561235428,0.999999999992432
"Terf2",2.52126474622602e-13,-1.49042788983669,3.01919445848767e-13,0.999999561584799,0.999999999992432
"Polr2a",2.50065507005521e-13,-1.49209306478022,2.97003635435184e-13,0.999999565168554,0.999999999992432
"Brsk1",2.49835252447968e-13,-1.49227990969568,2.96456939034246e-13,0.999999565568936,0.999999999992432
"Ikbkg",2.49510639658587e-13,-1.49254360164991,2.95687062130319e-13,0.999999566133396,0.999999999992432
"Tmed2",2.48701328011157e-13,-1.49320244967772,2.93771994439137e-13,0.999999567540684,0.999999999992432
"Gatad2a",2.47938977596107e-13,-1.49382493279554,2.9197374146746e-13,0.999999568866312,0.999999999992432
"Pak2",2.47552411252878e-13,-1.49414127144017,2.91064007661642e-13,0.999999569538501,0.999999999992432
"Prmt1",2.43429982148697e-13,-1.49754427388564,2.81450689912523e-13,0.99999957670687,0.999999999992432
"Smim19",2.43164888869996e-13,-1.49776497353672,2.80838028642889e-13,0.999999577167832,0.999999999992432
"Apba2",2.42884541874328e-13,-1.49799862125835,2.8019084053533e-13,0.99999957765532,0.999999999992432
"Wrnip1",2.42692919153568e-13,-1.49815847154683,2.79748904204875e-13,0.999999577988527,0.999999999992432
"Cdc5l",2.42086679978272e-13,-1.49866498274089,2.78353042105291e-13,0.999999579042698,0.999999999992432
"Tmf1",2.41886883976672e-13,-1.49883217577572,2.77893777881485e-13,0.999999579390117,0.999999999992432
"Nr1d2",2.41297409027027e-13,-1.49932622505915,2.76540981773123e-13,0.999999580415137,0.999999999992432
"Gpatch4",2.41269380416558e-13,-1.49934974487243,2.76476740641694e-13,0.999999580463876,0.999999999992432
"Plscr3",2.40521489251112e-13,-1.4999782877566,2.74765342123199e-13,0.999999581764361,0.999999999992432
"Caly",2.40200139870124e-13,-1.5002489267221,2.74031630644462e-13,0.999999582323146,0.999999999992432
"Acyp1",2.40033656161349e-13,-1.50038927381753,2.73651897377976e-13,0.99999958261264,0.999999999992432
"Ehd4",2.39817710710137e-13,-1.50057145538124,2.73159738889911e-13,0.999999582988141,0.999999999992432
"Cstb",2.39111950709913e-13,-1.50116795597344,2.71554339999085e-13,0.999999584215366,0.999999999992432
"2310022B05Rik",2.3841399946026e-13,-1.50175950382158,2.69971357003554e-13,0.999999585429012,0.999999999992432
"Cdr2",2.37659221781412e-13,-1.50240106914907,2.68264697101952e-13,0.999999586741473,0.999999999992432
"Cblb",2.36659425778178e-13,-1.50325388799356,2.66012347617709e-13,0.999999588479988,0.999999999992432
"Klhdc3",2.36017286986871e-13,-1.50380343464688,2.64570739245274e-13,0.999999589596584,0.999999999992432
"Gm6410",2.35373422540294e-13,-1.50435588604554,2.63129189457359e-13,0.999999590716181,0.999999999992432
"Srr",2.32730226280694e-13,-1.50663895989494,2.57252596361025e-13,0.999999595312356,0.999999999992432
"Map3k10",2.3199512386102e-13,-1.50727828636189,2.55630045203147e-13,0.999999596590603,0.999999999992432
"Dnajb11",2.31454044890005e-13,-1.507750099269,2.54439030984931e-13,0.99999959753147,0.999999999992432
"2810004N23Rik",2.30997053685175e-13,-1.50814940577157,2.53435275710533e-13,0.999999598326118,0.999999999992432
"Itpa",2.29356165204482e-13,-1.50958938086519,2.49847507037344e-13,0.99999960117941,0.999999999992432
"Ric8b",2.23400686378638e-13,-1.51489918595579,2.37040846462785e-13,0.999999611535214,0.999999999992432
"Mpg",2.23067197284759e-13,-1.5152004804309,2.36333672857644e-13,0.999999612115109,0.999999999992432
"Mrps30",2.22611293399476e-13,-1.5156130649935,2.35368624332982e-13,0.999999612907866,0.999999999992432
"Lrrc75b",2.20762493160264e-13,-1.5172944641553,2.31475357368634e-13,0.99999961612269,0.999999999992432
"Ccdc97",2.20118624311262e-13,-1.51788317518483,2.30127099089183e-13,0.999999617242294,0.999999999992432
"Dip2b",2.18756151624301e-13,-1.5191343422521,2.2728707117472e-13,0.999999619611457,0.999999999992432
"Uros",2.1848221264173e-13,-1.51938679567248,2.2671818381725e-13,0.999999620087802,0.999999999992432
"Cd55",2.18125276492659e-13,-1.5197161881571,2.2597800628561e-13,0.999999620708467,0.999999999992432
"Ell2",2.15948718636488e-13,-1.52173593791588,2.21490674647019e-13,0.999999624493219,0.999999999992432
"Galnt5",2.15592797185848e-13,-1.5220680557762,2.20761165186003e-13,0.99999962511212,0.999999999992432
"Ctxn3",2.13622044630184e-13,-1.52391648677859,2.1674361775673e-13,0.999999628539003,0.999999999992432
"Cdk10",2.12768697166707e-13,-1.52472189902871,2.15015442227379e-13,0.999999630022863,0.999999999992432
"Smarcc1",2.0953731271932e-13,-1.52779983472628,2.08534023562482e-13,0.999999635641821,0.999999999992432
"Colgalt1",2.0626630373077e-13,-1.53096178335211,2.02074147542936e-13,0.999999641329681,0.999999999992432
"Cln5",2.05634644255123e-13,-1.53157786546135,2.00838399332968e-13,0.999999642428055,0.999999999992432
"1810043G02Rik",2.05585252285572e-13,-1.53162611512778,2.0074193102815e-13,0.999999642513941,0.999999999992432
"Bad",2.0474663421721e-13,-1.53244702335293,1.99107548672194e-13,0.999999643972189,0.999999999992432
"Gbp7",2.04655767208316e-13,-1.53253616315362,1.9893085914797e-13,0.999999644130195,0.999999999992432
"Zfp667",2.0442115187262e-13,-1.53276649287477,1.98475015868836e-13,0.99999964453816,0.999999999992432
"Ubqln4",2.03894377558875e-13,-1.5332845610788,1.9745343048473e-13,0.999999645454153,0.999999999992432
"Spast",2.03639905788117e-13,-1.53353528277036,1.96960871841723e-13,0.999999645896646,0.999999999992432
"Dhx29",2.0333108094376e-13,-1.53383995662585,1.96363932965779e-13,0.999999646433652,0.999999999992432
"Slc33a1",2.03180539808136e-13,-1.53398863370535,1.96073274928861e-13,0.999999646695424,0.999999999992432
"Csf1",2.01575169648972e-13,-1.5355806664604,1.92987087110631e-13,0.999999649486954,0.999999999992432
"Cav2",2.01462818156668e-13,-1.53569253503861,1.92772017519087e-13,0.999999649682319,0.999999999992432
"Gm5113",2.01274714232777e-13,-1.53587996318674,1.9241220676208e-13,0.999999650009407,0.999999999992432
"Psmb10",2.01127886042233e-13,-1.53602637955704,1.92131583022157e-13,0.999999650264722,0.999999999992432
"C1d",1.9946112875809e-13,-1.53769561813119,1.88960368800125e-13,0.999999653162997,0.999999999992432
"Ncstn",1.99349944740441e-13,-1.53780743858282,1.88749766187301e-13,0.999999653356331,0.999999999992432
"Drp2",1.99222379836994e-13,-1.53793580669051,1.88508279870652e-13,0.99999965357815,0.999999999992432
"Mvk",1.94376748741974e-13,-1.54287068762492,1.79449730431726e-13,0.999999662004073,0.999999999992432
"Tcof1",1.91892949077074e-13,-1.54544572194744,1.7489291553802e-13,0.999999666323078,0.999999999992432
"Tram1",1.91811198918234e-13,-1.54553101208579,1.74743931657358e-13,0.999999666465231,0.999999999992432
"Rad50",1.90104626213749e-13,-1.547319413383,1.71648318866672e-13,0.99999966943274,0.999999999992432
"Slc25a16",1.88394815206495e-13,-1.54912656855115,1.68574575994638e-13,0.999999672405879,0.999999999992432
"Katnb1",1.86570293061247e-13,-1.55107223045533,1.65325243309273e-13,0.999999675578486,0.999999999992432
"Id2",1.85824264441272e-13,-1.55187300285263,1.64005732364144e-13,0.999999676875733,0.999999999992432
"Slc45a3",1.85662601230663e-13,-1.55204693149556,1.63720493402983e-13,0.999999677156844,0.999999999992432
"Stim2",1.84536162279868e-13,-1.55326284248402,1.61739893258758e-13,0.999999679115575,0.999999999992432
"Zfp503",1.84436962892146e-13,-1.5533702587446,1.61566049977989e-13,0.99999967928807,0.999999999992432
"Cnksr2",1.82816934417112e-13,-1.55513228789579,1.58740238111892e-13,0.999999682105089,0.999999999992432
"Morn2",1.81930076546274e-13,-1.55610317434257,1.57203853497426e-13,0.99999968364722,0.999999999992432
"Ufsp2",1.79465090716966e-13,-1.5588255184277,1.52972776285574e-13,0.99999968793351,0.999999999992432
"Grk6",1.74527622995593e-13,-1.5643870047587,1.44671348859344e-13,0.999999696519125,0.999999999992432
"Coq5",1.71696819651796e-13,-1.56764337267856,1.400163282527e-13,0.999999701441525,0.999999999992432
"Hikeshi",1.71013399070668e-13,-1.56843717489324,1.38903906966176e-13,0.999999702629905,0.999999999992432
"Mrpl15",1.70654057629923e-13,-1.56885576443523,1.38320777345101e-13,0.999999703254753,0.999999999992432
"Hdgfrp2",1.67977406654107e-13,-1.57200034944336,1.34015776546694e-13,0.999999707909101,0.999999999992432
"Pole3",1.67970450994638e-13,-1.57200858293441,1.34004678044533e-13,0.999999707921196,0.999999999992432
"Txlna",1.67431247646356e-13,-1.57264783168013,1.33145719861916e-13,0.999999708858801,0.999999999992432
"Prpf4",1.67302158791385e-13,-1.57280116218773,1.32940489321446e-13,0.99999970908327,0.999999999992432
"Chtop",1.62745304666636e-13,-1.57828704732218,1.25797241646076e-13,0.999999717007047,0.999999999992432
"Fign",1.61840911941931e-13,-1.57939315592716,1.24402989515132e-13,0.999999718579669,0.999999999992432
"Rundc3b",1.60811407542218e-13,-1.58065945016381,1.22825315830672e-13,0.999999720369843,0.999999999992432
"Lyplal1",1.59215970052506e-13,-1.58263714045589,1.20400263533276e-13,0.999999723144102,0.999999999992432
"Rtn4ip1",1.5916404053504e-13,-1.58270182769386,1.20321737390911e-13,0.9999997232344,0.999999999992432
"Slc31a1",1.58750345423404e-13,-1.58321787407069,1.1969707587199e-13,0.999999723953763,0.999999999992432
"Nif3l1",1.5648416616571e-13,-1.58606759101255,1.16304088831803e-13,0.999999727894354,0.999999999992432
"Gstz1",1.56174418871318e-13,-1.58646013943755,1.15844116125149e-13,0.999999728432964,0.999999999992432
"Cggbp1",1.55620467116495e-13,-1.58716402035843,1.15023773811484e-13,0.999999729396215,0.999999999992432
"Efr3b",1.50592678459011e-13,-1.59366370818715,1.0771145651979e-13,0.999999738138886,0.999999999992432
"Htatsf1",1.49979155088504e-13,-1.59447091045242,1.06835598775448e-13,0.999999739205724,0.999999999992432
"Ruvbl1",1.49359716957427e-13,-1.59528908323498,1.05954924649831e-13,0.999999740282846,0.999999999992432
"Gtf3c4",1.48721657667109e-13,-1.59613522852431,1.05051587107025e-13,0.999999741392348,0.999999999992432
"D430019H16Rik",1.48518608588065e-13,-1.59640522006308,1.04764929910779e-13,0.999999741745424,0.999999999992432
"Cntnap4",1.47594252603263e-13,-1.59763877189122,1.03464907882712e-13,0.999999743352759,0.999999999992432
"Tmem8b",1.47324461803507e-13,-1.5980001910651,1.03087002001517e-13,0.999999743821891,0.999999999992432
"Pop4",1.46948490855896e-13,-1.59850490208271,1.02561518824467e-13,0.999999744475655,0.999999999992432
"Cacfd1",1.46707886281543e-13,-1.59882853863688,1.02225937719658e-13,0.999999744894035,0.999999999992432
"Aen",1.46044347583529e-13,-1.59972368228569,1.01303322409714e-13,0.999999746047843,0.999999999992432
"Gpr85",1.45729682635052e-13,-1.60014953080856,1.00867259462705e-13,0.999999746595004,0.999999999992432
"Atg9a",1.44848939518721e-13,-1.60134613590037,9.96517254916849e-14,0.999999748126502,0.999999999992432
"Mettl21a",1.43698947045122e-13,-1.60291899857644,9.80756860610161e-14,0.99999975012619,0.999999999992432
"Chmp1b",1.43272064853881e-13,-1.60350589676492,9.74938505158371e-14,0.999999750868483,0.999999999992432
"Rrbp1",1.43228950103561e-13,-1.60356526532955,9.74351818484934e-14,0.999999750943454,0.999999999992432
"Nf1",1.42226973870919e-13,-1.60494977952348,9.60767099365355e-14,0.99999975268576,0.999999999992432
"Mlycd",1.41852254107194e-13,-1.60546994277917,9.5571117857114e-14,0.999999753337349,0.999999999992432
"Map3k20",1.41798637737559e-13,-1.60554447649504,9.54988848423806e-14,0.999999753430581,0.999999999992432
"Sde2",1.41628350828349e-13,-1.60578137507732,9.52696521008665e-14,0.999999753726688,0.999999999992432
"Chchd6",1.39839718668275e-13,-1.6082861511953,9.2878515689709e-14,0.999999756836887,0.999999999992432
"Enoph1",1.39421209703382e-13,-1.60887661783912,9.23234183755386e-14,0.99999975756462,0.999999999992432
"Ndufaf5",1.39041101439776e-13,-1.60941436653715,9.18206963447421e-14,0.999999758225579,0.999999999992432
"Fbxo41",1.38581099325131e-13,-1.61006701385286,9.12141441145692e-14,0.999999759025463,0.999999999992432
"Rabl3",1.38247413640861e-13,-1.61054173357157,9.07754088151267e-14,0.999999759605699,0.999999999992432
"Tbccd1",1.35712831373606e-13,-1.61418351816446,8.74774280291004e-14,0.999999764013008,0.999999999992432
"1810013L24Rik",1.35096537443204e-13,-1.61507879508124,8.66847336865721e-14,0.999999765084663,0.999999999992432
"Nxt2",1.34412768166429e-13,-1.61607664348639,8.58094727797756e-14,0.999999766273649,0.999999999992432
"Ttc1",1.34007068867733e-13,-1.61667097641881,8.52922554731182e-14,0.999999766979108,0.999999999992432
"Eapp",1.33647711897073e-13,-1.61719884900507,8.48354247942398e-14,0.999999767603983,0.999999999992432
"C87436",1.33430840215286e-13,-1.61751807251946,8.45603213399342e-14,0.999999767981094,0.999999999992432
"Nfyb",1.33041086683078e-13,-1.6180930097189,8.40670388435724e-14,0.999999768658825,0.999999999992432
"Spry3",1.30645335863243e-13,-1.62166259742679,8.10666081696173e-14,0.999999772824725,0.999999999992432
"Gpr45",1.3060560850537e-13,-1.62172231239864,8.10173132985867e-14,0.999999772893806,0.999999999992432
"Ankrd40",1.30077902126398e-13,-1.62251715929897,8.03639419468458e-14,0.999999773811418,0.999999999992432
"Rac3",1.28567232795863e-13,-1.62480962682299,7.85081558823095e-14,0.999999776438276,0.999999999992432
"Cacna2d1",1.27628335869351e-13,-1.62624734837228,7.73656887515111e-14,0.999999778070896,0.999999999992432
"Cd200",1.27051746954538e-13,-1.62713525993299,7.66682349365361e-14,0.999999779073509,0.999999999992432
"Crk",1.26631246314124e-13,-1.62778522217338,7.61615800938631e-14,0.999999779804705,0.999999999992432
"Ino80e",1.25510144668657e-13,-1.62952816625442,7.48189903741066e-14,0.999999781754155,0.999999999992432
"Smcr8",1.25210317067799e-13,-1.6299968060219,7.44619514446102e-14,0.999999782275517,0.999999999992432
"Fem1c",1.2502342423234e-13,-1.63028946492282,7.42398288666295e-14,0.999999782600499,0.999999999992432
"Snx17",1.24925848208431e-13,-1.63044242616967,7.41239913663026e-14,0.999999782770171,0.999999999992432
"Arl2",1.24713498084778e-13,-1.63077570119025,7.38722122308333e-14,0.999999783139421,0.999999999992432
"Atf5",1.23722547114441e-13,-1.63233812141536,7.27029256716484e-14,0.999999784862556,0.999999999992432
"Atf6b",1.22409230462659e-13,-1.63442723084967,7.11676324867804e-14,0.999999787146243,0.999999999992432
"Camsap3",1.2155146838764e-13,-1.63580320937507,7.01737366021357e-14,0.99999978863778,0.999999999992432
"Drg2",1.21510567907775e-13,-1.63586905002132,7.0126519457714e-14,0.9999997887089,0.999999999992432
"Abcf3",1.21129619513076e-13,-1.63648330515889,6.96875007129689e-14,0.99999978937132,0.999999999992432
"Tmem237",1.20851161272071e-13,-1.63693346347663,6.93674674406191e-14,0.999999789855523,0.999999999992432
"Fam105a",1.20036121089777e-13,-1.63825675074689,6.84349712301955e-14,0.999999791272772,0.999999999992432
"Ampd2",1.19290375882538e-13,-1.63947503083029,6.75872843957974e-14,0.999999792569526,0.999999999992432
"Lrrcc1",1.19261999555991e-13,-1.63952153031744,6.7555133424195e-14,0.999999792618869,0.999999999992432
"Cachd1",1.19101317079836e-13,-1.63978503458718,6.73732211017572e-14,0.999999792898275,0.999999999992432
"AI464131",1.1893561950579e-13,-1.64005711706824,6.71858879302883e-14,0.999999793186401,0.999999999992432
"Selenoi",1.17969213503361e-13,-1.64165120774091,6.60984919518016e-14,0.999999794866856,0.999999999992432
"Bid",1.17129835920141e-13,-1.64304586334189,6.5161226901706e-14,0.999999796326424,0.999999999992432
"Yif1a",1.1597265848837e-13,-1.64498420231593,6.38800737211919e-14,0.999999798338606,0.999999999992432
"Lurap1l",1.15779071568035e-13,-1.64531026431453,6.36669885739719e-14,0.999999798675228,0.999999999992432
"Unc45a",1.15000259030757e-13,-1.64662728690182,6.28133303540184e-14,0.999999800029482,0.999999999992432
"Hoxd1",1.14832449294526e-13,-1.64691217330353,6.2630148195321e-14,0.999999800321281,0.999999999992432
"Tssc1",1.14366662955397e-13,-1.64770500443137,6.21230946059486e-14,0.999999801131223,0.999999999992432
"Mpc2",1.13224311784988e-13,-1.64966250207738,6.08882598352101e-14,0.999999803117624,0.999999999992432
"Rab8a",1.12561625063418e-13,-1.65080667780452,6.01776039777962e-14,0.99999980426995,0.999999999992432
"Klhl2",1.11774387042312e-13,-1.65217424563713,5.93388023985166e-14,0.999999805638854,0.999999999992432
"Zfp46",1.112219369353e-13,-1.65313942081993,5.87536823903778e-14,0.999999806599494,0.999999999992432
"Acad8",1.10549535790294e-13,-1.65432032386083,5.8045429577662e-14,0.999999807768712,0.999999999992432
"Rgmb",1.10403894656564e-13,-1.65457700459823,5.78925888900872e-14,0.999999808021963,0.999999999992432
"Marc2",1.10351174039493e-13,-1.65466999972769,5.78373117771782e-14,0.999999808113637,0.999999999992432
"Zbtb41",1.08433995316915e-13,-1.65808075513771,5.58451038542203e-14,0.999999811447362,0.999999999992432
"Dpy30",1.08203396310129e-13,-1.65849485519317,5.56078326505005e-14,0.999999811848344,0.999999999992432
"Rmnd5a",1.08075596465989e-13,-1.65872471400899,5.54765525665875e-14,0.999999812070571,0.999999999992432
"Sh3rf1",1.07753190014925e-13,-1.65930573857102,5.51460557542584e-14,0.999999812631194,0.999999999992432
"Ano6",1.06431521588274e-13,-1.66170497352616,5.38015422573952e-14,0.999999814929404,0.999999999992432
"Zdhhc7",1.06346408504054e-13,-1.66186044838086,5.37155266835463e-14,0.999999815077404,0.999999999992432
"Spry4",1.04679968966359e-13,-1.66492856523802,5.20452805004431e-14,0.999999817975126,0.999999999992432
"Fahd1",1.04289986680129e-13,-1.66565326706819,5.16582163808382e-14,0.999999818653255,0.999999999992432
"Fubp3",1.03798568240402e-13,-1.66657014176641,5.11725323479875e-14,0.999999819507768,0.999999999992432
"Zbtb22",1.0339247258141e-13,-1.66733094074528,5.07729065631023e-14,0.999999820213915,0.999999999992432
"Kbtbd7",1.02943079501816e-13,-1.66817617102621,5.03324991427886e-14,0.999999820995352,0.999999999992432
"Lcorl",1.02832634639151e-13,-1.66838443515781,5.0224556307783e-14,0.999999821187401,0.999999999992432
"Reps2",1.02483735885108e-13,-1.66904374671859,4.98843227237514e-14,0.999999821794091,0.999999999992432
"Cops6",1.01507168363496e-13,-1.67090055998553,4.89381568873442e-14,0.999999823492215,0.999999999992432
"Fkbp2",1.00808917376052e-13,-1.67223862503535,4.82671976202045e-14,0.999999824706382,0.999999999992432
"Ftsj3",1.00403271499626e-13,-1.67302001689961,4.78795335652393e-14,0.999999825411748,0.999999999992432
"Tmem161a",9.99035080670005e-14,-1.67398684038667,4.74040732131468e-14,0.999999826280772,0.999999999992432
"Mrpl24",9.89766919258497e-14,-1.67579204785856,4.65286071414687e-14,0.999999827892385,0.999999999992432
"Hcn2",9.88897446441152e-14,-1.6759622225573,4.6446895802971e-14,0.999999828043575,0.999999999992432
"Gm10600",9.85403632889929e-14,-1.67664747385157,4.61192781528181e-14,0.999999828651103,0.999999999992432
"Polr2f",9.82089055715615e-14,-1.67729970780526,4.58095394711581e-14,0.999999829227465,0.999999999992432
"Fbxo10",9.76992555678543e-14,-1.67830667495436,4.53353206975928e-14,0.999999830113681,0.999999999992432
"4933427I04Rik",9.74666237369407e-14,-1.67876796896305,4.51196817446046e-14,0.999999830518197,0.999999999992432
"Runx1",9.6364470782508e-14,-1.68096778296526,4.41050241733231e-14,0.999999832434698,0.999999999992432
"Ppp1r21",9.62362713597051e-14,-1.68122520929569,4.39877511263212e-14,0.99999983265762,0.999999999992432
"Zdhhc6",9.54831831206952e-14,-1.68274403120802,4.3302000468402e-14,0.999999833967143,0.999999999992432
"Oxa1l",9.41068567685564e-14,-1.68554943449801,4.20626585865916e-14,0.999999836360396,0.999999999992432
"Gys1",9.25934097679429e-14,-1.68867968832741,4.07206158742836e-14,0.999999838992083,0.999999999992432
"Foxk2",9.23549686116086e-14,-1.68917728154789,4.05111631901622e-14,0.999999839406702,0.999999999992432
"Wdr55",9.21401453876165e-14,-1.68962663361785,4.03229195630467e-14,0.999999839780251,0.999999999992432
"Elmod2",9.10551988483852e-14,-1.69191136495161,3.93789087820296e-14,0.999999841666832,0.999999999992432
"Tmem51",9.00964839960017e-14,-1.69395189746777,3.85540378274693e-14,0.999999843333913,0.999999999992432
"Bcl2l13",9.00403942556858e-14,-1.69407191684879,3.85060489883032e-14,0.999999843431446,0.999999999992432
"Derl2",8.94143954565905e-14,-1.69541625396219,3.79724896350405e-14,0.999999844519976,0.999999999992432
"Vwc2l",8.83136587669658e-14,-1.69780192493807,3.70433229885634e-14,0.999999846434015,0.999999999992432
"Med20",8.8010007526571e-14,-1.69846501169729,3.67890268004562e-14,0.999999846962025,0.999999999992432
"Tmem192",8.7805814584297e-14,-1.69891213341297,3.66185156180927e-14,0.99999984731709,0.999999999992432
"Wasf3",8.75755330195234e-14,-1.69941756808403,3.64266943499791e-14,0.999999847717519,0.999999999992432
"Ndufaf3",8.75321276964998e-14,-1.69951297787344,3.63905947556129e-14,0.999999847792996,0.999999999992432
"Ten1",8.56694152693042e-14,-1.70365037052838,3.48582667053306e-14,0.999999851032011,0.999999999992432
"Bckdha",8.49797024452325e-14,-1.70520404815274,3.42992477537209e-14,0.999999852231332,0.999999999992432
"Zmynd19",8.45964653942222e-14,-1.70607252996185,3.3990583391649e-14,0.999999852897731,0.999999999992432
"Sdhaf1",8.4549866751007e-14,-1.70617838533294,3.39531473398396e-14,0.99999985297876,0.999999999992432
"Ptges2",8.35472049641505e-14,-1.70846960131815,3.31526335922433e-14,0.999999854722259,0.999999999992432
"Tada2a",8.34637422230426e-14,-1.70866150079093,3.30864284434394e-14,0.99999985486739,0.999999999992432
"Pdia6",8.13263271086545e-14,-1.71363904877136,3.14135125943155e-14,0.999999858584077,0.999999999992432
"Eral1",8.12347357136018e-14,-1.71385511018952,3.13427953405324e-14,0.999999858743343,0.999999999992432
"Acadvl",8.10911005214953e-14,-1.71419440785853,3.12320558065592e-14,0.999999858993106,0.999999999992432
"Cuedc1",8.04801772215793e-14,-1.71564394961671,3.076323699293e-14,0.999999860055422,0.999999999992432
"Stx18",7.88431116611226e-14,-1.71958038113828,2.95244417807608e-14,0.999999862902066,0.999999999992432
"Srek1ip1",7.83173178748785e-14,-1.72086117246603,2.9131966020336e-14,0.999999863816354,0.999999999992432
"Rrp8",7.74172030941996e-14,-1.72307286118326,2.84661764805243e-14,0.999999865381536,0.999999999992432
"Zadh2",7.69736787607666e-14,-1.72417165215262,2.81409444708078e-14,0.999999866152767,0.999999999992432
"Nat14",7.64466242748506e-14,-1.72548522860174,2.77568902579683e-14,0.999999867069247,0.999999999992432
"Ate1",7.62462850427928e-14,-1.72598679121578,2.76115991426026e-14,0.999999867417611,0.999999999992432
"Abi1",7.51315374548116e-14,-1.72880070852745,2.68101186097719e-14,0.999999869356012,0.999999999992432
"1700073E17Rik",7.4981835912836e-14,-1.72918161159439,2.67033853333165e-14,0.999999869616323,0.999999999992432
"Pcbd1",7.47101087070551e-14,-1.72987484817686,2.65101948467747e-14,0.999999870088822,0.999999999992432
"Smarca1",7.46356404502446e-14,-1.73006525143032,2.64573724337576e-14,0.999999870218312,0.999999999992432
"Vps36",7.46275048072244e-14,-1.73008606388377,2.64516047869723e-14,0.999999870232459,0.999999999992432
"Myo18a",7.45479495658287e-14,-1.73028969431298,2.63952383802184e-14,0.999999870370796,0.999999999992432
"Wdr77",7.3492452536061e-14,-1.73301107164926,2.56530887854513e-14,0.999999872206168,0.999999999992432
"Pbx3",7.34860789636188e-14,-1.73302761706701,2.56486394923792e-14,0.999999872217251,0.999999999992432
"Tmed4",7.33740161787431e-14,-1.73331874835085,2.55704732204333e-14,0.999999872412113,0.999999999992432
"Zfp770",7.21620687659784e-14,-1.73649457453655,2.47327343886163e-14,0.999999874519532,0.999999999992432
"Rrs1",7.08071744778435e-14,-1.74010553209813,2.38127039129878e-14,0.999999876875518,0.999999999992432
"Tmem201",7.04044137968377e-14,-1.74119159876658,2.35425746787937e-14,0.999999877575866,0.999999999992432
"Sf3b4",7.00644830004037e-14,-1.74211284381868,2.33157841746144e-14,0.999999878166962,0.999999999992432
"Abhd17c",6.99534602933054e-14,-1.7424146459845,2.32419513149251e-14,0.999999878360016,0.999999999992432
"Polr2b",6.98712572772115e-14,-1.74263839852756,2.31873597069698e-14,0.999999878502956,0.999999999992432
"Zfp68",6.95136942545737e-14,-1.74361458605452,2.29506464007196e-14,0.999999879124712,0.999999999992432
"Eif4e3",6.47702517053429e-14,-1.75703673952522,1.99253221920128e-14,0.999999887372943,0.999999999992432
"Ntan1",6.36017750476995e-14,-1.76048632848169,1.92128882172089e-14,0.999999889404772,0.999999999992432
"Orai3",6.35220611697233e-14,-1.76072384904478,1.91647583004339e-14,0.999999889543384,0.999999999992432
"Fam134b",6.24672336357145e-14,-1.7638938293435,1.85335549640593e-14,0.999999891377592,0.999999999992432
"Lig4",6.10483715898163e-14,-1.76823897525472,1.77011854118707e-14,0.999999893844809,0.999999999992432
"Zfand2a",5.98843462294951e-14,-1.77187594779087,1.7032594546705e-14,0.999999895868898,0.999999999992432
"Rcl1",5.93279327420412e-14,-1.7736382366535,1.67175493792517e-14,0.999999896836429,0.999999999992432
"Tcerg1",5.88816703240914e-14,-1.77506303495349,1.64669977354744e-14,0.999999897612421,0.999999999992432
"Btbd9",5.7825196656518e-14,-1.77847739314944,1.58813866753766e-14,0.999999899449491,0.999999999992432
"Ptgds",5.7548611610048e-14,-1.77938106001127,1.57298247521636e-14,0.999999899930437,0.999999999992432
"Smad9",5.75393481547012e-14,-1.77941139719901,1.57247611790334e-14,0.999999899946545,0.999999999992432
"Kdm3a",5.71973132560169e-14,-1.78053479908798,1.5538369374782e-14,0.999999900541299,0.999999999992432
"Rbfa",5.62717734186813e-14,-1.78360700804283,1.50395688992975e-14,0.999999902150693,0.999999999992432
"Nudt2",5.62035441733797e-14,-1.78383538193493,1.5003120204704e-14,0.999999902269335,0.999999999992432
"Znrf2",5.61348034788568e-14,-1.78406573421361,1.49664430083327e-14,0.999999902388866,0.999999999992432
"Coro1b",5.44911154991639e-14,-1.78965512889668,1.41028075722356e-14,0.999999905247026,0.999999999992432
"Amz2",5.43808004487147e-14,-1.79003597045078,1.40457642492547e-14,0.999999905438849,0.999999999992432
"Gcc2",5.37480288691417e-14,-1.79223477424359,1.37207947141894e-14,0.999999906539157,0.999999999992432
"Las1l",5.2134720292794e-14,-1.79795408263705,1.29094660226099e-14,0.999999909344491,0.999999999992432
"2010107G23Rik",5.19244767164844e-14,-1.79871176180881,1.28055560120901e-14,0.999999909710077,0.999999999992432
"Fbln5",5.18193574243465e-14,-1.79909168589932,1.27537596920849e-14,0.999999909892866,0.999999999992432
"Cdk15",5.15683074836771e-14,-1.80000200571306,1.26304824151458e-14,0.999999910329409,0.999999999992432
"Cnot9",5.13453361673988e-14,-1.80081404790042,1.25214950544951e-14,0.999999910717127,0.999999999992432
"Psenen",5.12707271880279e-14,-1.80108651545681,1.24851319769604e-14,0.999999910846863,0.999999999992432
"Tmem104",5.03626392171536e-14,-1.80443333373161,1.20467845952371e-14,0.99999991242591,0.999999999992432
"Ift57",5.01318756092018e-14,-1.80529296171128,1.19366398300578e-14,0.999999912827178,0.999999999992432
"Ubald2",4.95464504857154e-14,-1.80749073484266,1.16594825596263e-14,0.999999913845156,0.999999999992432
"Spsb3",4.91062792215658e-14,-1.80915951089197,1.14532368245211e-14,0.999999914610557,0.999999999992432
"Mrpl2",4.89454914455589e-14,-1.80977263436098,1.13783573734453e-14,0.999999914890146,0.999999999992432
"Dr1",4.88438098494762e-14,-1.8101613597311,1.13311306429026e-14,0.999999915066957,0.999999999992432
"Snx11",4.79676403138718e-14,-1.81354314233177,1.09282568128107e-14,0.999999916590502,0.999999999992432
"Snx32",4.79248978216043e-14,-1.81370961426826,1.09087898213301e-14,0.999999916664826,0.999999999992432
"Slc29a4",4.75834837537954e-14,-1.81504442706907,1.07539163327867e-14,0.9999999172585,0.999999999992432
"Spcs3",4.7023860119717e-14,-1.81725217036469,1.05024527608766e-14,0.999999918231613,0.999999999992432
"E2f3",4.55991151775071e-14,-1.8229875483187,9.87568011468158e-15,0.99999992070906,0.999999999992432
"Furin",4.55548413147788e-14,-1.82316848904657,9.85651210054398e-15,0.999999920786046,0.999999999992432
"Tmem29",4.55093069747024e-14,-1.8233547554955,9.83681779552134e-15,0.999999920865224,0.999999999992432
"D17Wsu92e",4.53861077677421e-14,-1.82385961304476,9.78363096988685e-15,0.999999921079452,0.999999999992432
"Mpnd",4.46845063188588e-14,-1.82675976010132,9.48348827057059e-15,0.999999922299446,0.999999999992432
"Smim15",4.44621265964774e-14,-1.82768802402356,9.38933090231597e-15,0.999999922686135,0.999999999992432
"Defb42",4.36248830716268e-14,-1.83122288654366,9.03904888066647e-15,0.999999924141993,0.999999999992432
"Ndufaf7",4.33249847142306e-14,-1.83250475898487,8.91519854268137e-15,0.999999924663477,0.999999999992432
"Atg13",4.31988209520418e-14,-1.83304654848637,8.86335144772822e-15,0.99999992488286,0.999999999992432
"Tmem185a",4.29259191697234e-14,-1.83422364098264,8.75171950582924e-15,0.9999999253574,0.999999999992432
"Sbk1",4.17941535377904e-14,-1.83918233683226,8.29631533416389e-15,0.999999927325394,0.999999999992432
"Cgref1",4.15664277636827e-14,-1.84019548784289,8.20615259346579e-15,0.999999927721379,0.999999999992432
"Miga2",4.09478843836518e-14,-1.84297423063008,7.96374086401474e-15,0.999999928796946,0.999999999992432
"Samm50",4.01550810922162e-14,-1.84659471314794,7.65834977419434e-15,0.999999930175528,0.999999999992432
"Copb1",3.99802676362973e-14,-1.84740216271558,7.5918143128037e-15,0.999999930479506,0.999999999992432
"Synpo",3.9228662705491e-14,-1.85091241906698,7.309054326359e-15,0.999999931786449,0.999999999992432
"Ogfr",3.88853214888633e-14,-1.85253725105743,7.18167207676615e-15,0.999999932383475,0.999999999992432
"Chst10",3.83024477387708e-14,-1.85532711547231,6.96798553531116e-15,0.999999933397017,0.999999999992432
"Cnih2",3.78249839240699e-14,-1.85764266107094,6.79534776244218e-15,0.999999934227264,0.999999999992432
"Agpat5",3.77357101460767e-14,-1.85807868920904,6.76330912515546e-15,0.9999999343825,0.999999999992432
"Aifm1",3.62400559230674e-14,-1.86553325096505,6.23780654111061e-15,0.999999936983248,0.999999999992432
"Gemin7",3.57862100870163e-14,-1.86785314334579,6.08254873716352e-15,0.999999937772427,0.999999999992432
"Psmc5",3.5764284472216e-14,-1.86796592544035,6.07509766785739e-15,0.999999937810553,0.999999999992432
"Bpgm",3.56848576409036e-14,-1.86837503589278,6.04814396485411e-15,0.999999937948666,0.999999999992432
"Clrn1",3.38932630724212e-14,-1.87784066240319,5.45608274636248e-15,0.999999941064016,0.999999999992432
"Tubg1",3.37288344609979e-14,-1.87873306971511,5.40327225477656e-15,0.999999941349936,0.999999999992432
"Wbp1l",3.36993075658297e-14,-1.87889375931007,5.39381613078543e-15,0.99999994140128,0.999999999992432
"AI987944",3.36085039871902e-14,-1.8793887648447,5.3647877629283e-15,0.999999941559175,0.999999999992432
"Xbp1",3.35342374106878e-14,-1.87979456615223,5.34110422076951e-15,0.999999941688316,0.999999999992432
"Nectin2",3.34906332284343e-14,-1.88003322248824,5.32722329877196e-15,0.999999941764137,0.999999999992432
"Smarcd2",3.30142812994688e-14,-1.8826598139985,5.17675817353288e-15,0.999999942592452,0.999999999992432
"Vps52",3.28360730274793e-14,-1.88365171241623,5.12102161388222e-15,0.999999942902333,0.999999999992432
"Hmg20b",3.22784562866355e-14,-1.88678875164069,4.94856975009524e-15,0.999999943871956,0.999999999992432
"Ube2q2",3.22178005658377e-14,-1.88713308747162,4.92998911897235e-15,0.999999943977428,0.999999999992432
"Pcm1",3.17185840917496e-14,-1.88999070655351,4.77839192359076e-15,0.999999944845501,0.999999999992432
"Neurl1a",3.13740744084737e-14,-1.89198777606656,4.67515514511854e-15,0.999999945444558,0.999999999992432
"Aldh9a1",3.08355509246238e-14,-1.89515163650812,4.5160382061011e-15,0.999999946380981,0.999999999992432
"Cbx4",3.06666168680823e-14,-1.8961549563514,4.4666910853972e-15,0.999999946674735,0.999999999992432
"Btbd11",3.05147442560798e-14,-1.89706143813027,4.42255916968492e-15,0.999999946938822,0.999999999992432
"Dcbld2",2.97313576731781e-14,-1.90180640221481,4.19839857792869e-15,0.99999994830103,0.999999999992432
"Eif3j1",2.94671959986393e-14,-1.90343323602409,4.12412487294571e-15,0.999999948760372,0.999999999992432
"Ilf3",2.85273795786395e-14,-1.90933560075016,3.86525316675343e-15,0.999999950394591,0.999999999992432
"Akt2",2.70128876110152e-14,-1.91924743430807,3.46574181665555e-15,0.999999953028096,0.999999999992432
"Zfp91",2.64600240999435e-14,-1.92299776151484,3.32532926114844e-15,0.999999953989454,0.999999999992432
"Bud31",2.63076262718724e-14,-1.92404463519176,3.28713477099566e-15,0.999999954254454,0.999999999992432
"Neto2",2.62406096991409e-14,-1.92450682020561,3.27040867678867e-15,0.999999954370987,0.999999999992432
"Mt1",2.57430082304439e-14,-1.92797406248294,3.14755098868437e-15,0.999999955236251,0.999999999992432
"Plcb4",2.54002829259845e-14,-1.9303993656079,3.06430007163507e-15,0.999999955832206,0.999999999992432
"Mrpl39",2.34203094094209e-14,-1.94505043206653,2.60519022340353e-15,0.999999959275123,0.999999999992432
"Brd7",2.15158610865917e-14,-1.96029812750867,2.19872870580487e-15,0.999999962586711,0.999999999992432
"Haus6",1.75297994873102e-14,-1.99686692544232,1.45951337788597e-15,0.999999969517955,0.999999999992432
"Thoc5",1.62224851850432e-14,-2.01060251517973,1.24993939318109e-15,0.999999971791205,0.999999999992432
"Avl9",1.59798413846925e-14,-2.0132671453582,1.2128277116711e-15,0.999999972213131,0.999999999992432
"Fmc1",1.57164443130116e-14,-2.01620354336705,1.17317494465842e-15,0.999999972671144,0.999999999992432
"Hexb",1.57080766752665e-14,-2.01629759149019,1.17192605025413e-15,0.999999972685694,0.999999999992432
"Klhl20",1.56977521445495e-14,-2.01641369973562,1.17038600046011e-15,0.999999972703647,0.999999999992432
"Aasdhppt",1.56949501527552e-14,-2.01644522306341,1.16996821844166e-15,0.99999997270852,0.999999999992432
"Crls1",1.56247713097843e-14,-2.01723650689914,1.15952875259159e-15,0.999999972830552,0.999999999992432
"Commd8",1.55200095904278e-14,-2.01842402547103,1.14403195071921e-15,0.999999973012719,0.999999999992432
"Prpsap1",1.48668098212827e-14,-2.02600471593683,1.04975935818272e-15,0.999999974148548,0.999999999992432
"Msl3",1.40462382044734e-14,-2.03598943879428,9.37074762299992e-16,0.999999975575416,0.999999999992432
"Lrrc4c",1.32011162906787e-14,-2.0468697085884,8.27704843883282e-16,0.999999977044973,0.999999999992432
"Nt5c",1.20038312732484e-14,-2.06347462000719,6.84374702508811e-16,0.999999979126896,0.999999999992432
"Gkap1",1.12030102512592e-14,-2.07548359302041,5.96106215047725e-16,0.99999998051942,0.999999999992432
"Psmd6",1.07857259486638e-14,-2.08206827508963,5.52526287902897e-16,0.999999981245023,0.999999999992432
"Chsy1",1.07194019048713e-14,-2.08313708774368,5.45751944478369e-16,0.999999981360352,0.999999999992432
"Nr3c1",1.07000463991116e-14,-2.08345018619662,5.43782848035509e-16,0.999999981394009,0.999999999992432
"Bax",1.05726853858994e-14,-2.08552392099691,5.30914762089993e-16,0.999999981615473,0.999999999992432
"Anp32a",1.0559486407493e-14,-2.085740186528,5.29589997735335e-16,0.999999981638424,0.999999999992432
"Fam172a",5.37102210635962e-15,-2.20081281414487,1.3701498353115e-16,0.99999999066049,0.999999999992432
"Slc29a3",5.33066613048303e-15,-2.20207481355605,1.34963753662731e-16,0.999999990730664,0.999999999992432
"Prkg1",2.90815997803843e-15,-2.30192787313955,4.01689768516659e-17,0.999999994943087,0.999999999992432
"Map3k4",7.08406982395527e-16,-2.52322392714175,2.38352575706827e-18,0.999999998768172,0.999999999992432
"Kcnc2",5.25454198476457e-16,-2.56806687104312,1.31136598974971e-18,0.999999999086303,0.999999999992432
"Snrpa",1.60018425689891e-16,-2.74003235606658,1.21616967414737e-19,0.999999999721749,0.999999999992432
"Gpr37",1.531052167896e-16,-2.74622487425767,1.11335627354959e-19,0.99999999973377,0.999999999992432
"Siah2",1.48120130471213e-16,-2.75085735835092,1.04203511661192e-19,0.999999999742438,0.999999999992432
"Tmed7",1.43387876998232e-16,-2.75539401723733,9.76515300377636e-20,0.999999999750667,0.999999999992432
"Rbm17",1.40616219989561e-16,-2.7581176218924,9.39128502184408e-20,0.999999999755487,0.999999999992432
"Gdpd5",1.39940373940236e-16,-2.75878948225874,9.30122699177832e-20,0.999999999756662,0.999999999992432
"Tgfb2",1.391956270889e-16,-2.75953341621358,9.20249026831085e-20,0.999999999757957,0.999999999992432
"Tomm40l",1.37837225743609e-16,-2.76090012586912,9.02375364029397e-20,0.999999999760319,0.999999999992432
"Shroom2",1.18207890347354e-16,-2.78222285870619,6.63662251725014e-20,0.999999999794452,0.999999999992432
"Prmt8",1.1751368721072e-16,-2.78303710257856,6.55890121054505e-20,0.999999999795659,0.999999999992432
"Tdrd3",1.08668782060128e-16,-2.7938317284031,5.60872029314611e-20,0.999999999811039,0.999999999992432
"Tatdn2",1.07981623889942e-16,-2.79470496279972,5.53801199169644e-20,0.999999999812234,0.999999999992432
"Yipf6",1.06001254638362e-16,-2.79725145070696,5.3367418357456e-20,0.999999999815678,0.999999999992432
"Wwp1",9.94552734742454e-17,-2.80600270119762,4.69796541091908e-20,0.99999999982706,0.999999999992432
"Wwc2",9.94017271034558e-17,-2.80607651858162,4.69290803648687e-20,0.999999999827153,0.999999999992432
"Snapc2",9.8426213690646e-17,-2.80742798601077,4.60124904834189e-20,0.99999999982885,0.999999999992432
"Rnf2",9.37685311649551e-17,-2.81406138182099,4.17607614883246e-20,0.999999999836949,0.999999999992432
"Lyrm2",9.29484332119743e-17,-2.81526166797388,4.10334780649527e-20,0.999999999838375,0.999999999992432
"Stk25",8.11932903569982e-17,-2.83367031699697,3.13108217778692e-20,0.999999999858815,0.999999999992432
"Alg11",7.66933550156801e-17,-2.84139578008442,2.7936349582954e-20,0.99999999986664,0.999999999992432
"Arhgap42",7.57297314316784e-17,-2.84310599710771,2.72387401328396e-20,0.999999999868316,0.999999999992432
"Pomgnt2",7.28193340961854e-17,-2.84839974714517,2.5185326734813e-20,0.999999999873377,0.999999999992432
"Med21",7.1917400963463e-17,-2.8500811247149,2.45653044546674e-20,0.999999999874945,0.999999999992432
"Tbc1d5",7.12472641115341e-17,-2.85134341048626,2.4109631213586e-20,0.99999999987611,0.999999999992432
"Gadd45a",6.74379303191127e-17,-2.85874042090732,2.1600442576585e-20,0.999999999882734,0.999999999992432
"Asah1",6.600450773804e-17,-2.86162707145724,2.06919478872177e-20,0.999999999885227,0.999999999992432
"Ccdc126",6.59314660108951e-17,-2.86177575384661,2.06461770934864e-20,0.999999999885354,0.999999999992432
"Ccdc92b",6.59035929490106e-17,-2.86183253298769,2.06287241058963e-20,0.999999999885402,0.999999999992432
"Gpd1l",6.55119126235481e-17,-2.86263283167487,2.03842501779957e-20,0.999999999886083,0.999999999992432
"Ddx47",6.27721322173285e-17,-2.86836139638426,1.87149186973812e-20,0.999999999890847,0.999999999992432
"Clvs1",6.11536624599726e-17,-2.87185807721555,1.77622969666074e-20,0.999999999893662,0.999999999992432
"Hilpda",6.07118726374908e-17,-2.87282783307035,1.75065851546228e-20,0.99999999989443,0.999999999992432
"Dgcr14",5.88522134810429e-17,-2.8769847989735,1.64505259053539e-20,0.999999999897664,0.999999999992432
"Grm7",5.87985644056327e-17,-2.8771065655898,1.64205473136112e-20,0.999999999897757,0.999999999992432
"Actr8",5.44143871651822e-17,-2.88743223431439,1.40631195209379e-20,0.99999999990538,0.999999999992432
"Sf3a3",5.26537393176506e-17,-2.89180303044225,1.3167781790467e-20,0.999999999908442,0.999999999992432
"Ranbp1",5.00181503279474e-17,-2.89861252933684,1.1882544189372e-20,0.999999999913025,0.999999999992432
"Dusp12",4.9644257713449e-17,-2.89960603738704,1.17055608251992e-20,0.999999999913675,0.999999999992432
"Ing2",4.88169276659549e-17,-2.90182992900554,1.13186614390686e-20,0.999999999915114,0.999999999992432
"Fam150b",4.74699184616115e-17,-2.90552850773218,1.07026458423543e-20,0.999999999917456,0.999999999992432
"Ndufa3",4.71881367150317e-17,-2.90631481203265,1.05759610111485e-20,0.999999999917946,0.999999999992432
"Akr7a5",4.35950059552011e-17,-2.91675248397106,9.0266720801191e-21,0.999999999924194,0.999999999992432
"Efcab2",4.28412621352564e-17,-2.91904544715796,8.71723385936619e-21,0.999999999925505,0.999999999992432
"Esr1",4.01555320143982e-17,-2.92753955998718,7.65852177430423e-21,0.999999999930175,0.999999999992432
"Sdf2l1",3.82150627202649e-17,-2.93401942128533,6.93622761919836e-21,0.999999999933549,0.999999999992432
"Tceanc2",3.61878875506059e-17,-2.94113157710314,6.21986054269914e-21,0.999999999937074,0.999999999992432
"Crebl2",3.60299057313411e-17,-2.94170163133255,6.16567224505685e-21,0.999999999937349,0.999999999992432
"Hacd2",3.51630398515888e-17,-2.94487248928842,5.87255386323878e-21,0.999999999938856,0.999999999992432
"Zfp367",3.23433050584181e-17,-2.95572634289463,4.96847349189795e-21,0.999999999943759,0.999999999992432
"4930453N24Rik",3.20067920884035e-17,-2.95708122542607,4.86562327838603e-21,0.999999999944344,0.999999999992432
"C1galt1c1",3.15014143161779e-17,-2.95914163662416,4.71318284761785e-21,0.999999999945223,0.999999999992432
"Robo1",3.03956582454071e-17,-2.96376153683046,4.38810780742146e-21,0.999999999947146,0.999999999992432
"Ndufv1",3.0026452255932e-17,-2.96533970832382,4.28215345250987e-21,0.999999999947788,0.999999999992432
"Tufm",2.9648834701082e-17,-2.96697301986436,4.17512459860254e-21,0.999999999948445,0.999999999992432
"Capn10",2.80834022521464e-17,-2.97396179445814,3.74587796252932e-21,0.999999999951167,0.999999999992432
"Yy1",2.80444062875248e-17,-2.9741405730429,3.73548230564893e-21,0.999999999951234,0.999999999992432
"Bhlhb9",2.78388559785621e-17,-2.97508684753628,3.68092485509226e-21,0.999999999951592,0.999999999992432
"Tmem243",2.74587655473364e-17,-2.97685425531558,3.58109795822764e-21,0.999999999952253,0.999999999992432
"Zfp655",2.66615960588957e-17,-2.98063782082094,3.37618683187039e-21,0.999999999953639,0.999999999992432
"Tmem11",2.16508430499601e-17,-3.00721492255037,2.22640314408742e-21,0.999999999962352,0.999999999992432
"Snx5",1.98887032027606e-17,-3.01797341886063,1.8787418812194e-21,0.999999999965416,0.999999999992432
"Bccip",1.86176582923671e-17,-3.02631134312987,1.64628224026434e-21,0.999999999967626,0.999999999992432
"Bbs2",1.82125270400842e-17,-3.02908290161785,1.57541364346432e-21,0.999999999968331,0.999999999992432
"Mief1",1.41357255747106e-17,-3.06078649242836,9.49052841522346e-22,0.99999999997542,0.999999999992432
"Tk2",1.36176173219778e-17,-3.06542434931618,8.80757670860341e-22,0.999999999976321,0.999999999992432
"Casc3",1.23530062843261e-17,-3.07748901068113,7.24768830608723e-22,0.99999999997852,0.999999999992432
"Meaf6",1.20483077139944e-17,-3.08057110275714,6.89455570520545e-22,0.99999999997905,0.999999999992432
"BC029214",1.15007492524267e-17,-3.08630070166733,6.2821232494603e-22,0.999999999980002,0.999999999992432
"Zfp874a",1.11745222520258e-17,-3.0898387847694,5.93078407071704e-22,0.999999999980569,0.999999999992432
"Cul7",1.10194113099843e-17,-3.09155559065647,5.76727912258563e-22,0.999999999980839,0.999999999992432
"Edem2",1.06192404745245e-17,-3.09609309269964,5.35600648608349e-22,0.999999999981535,0.999999999992432
"Optn",9.81294750002866e-18,-3.10575128068429,4.57354686646016e-22,0.999999999982937,0.999999999992432
"Mab21l2",4.35226700783784e-18,-3.203001651691,8.99674156338004e-23,0.999999999992432,0.999999999992432
