source,gene
GeneCards,A2ML1
GeneCards,A3GALT2
GeneCards,AADAC
GeneCards,AAGAB
GeneCards,AAMP
GeneCards,AANAT
GeneCards,AARS1
GeneCards,AATF
GeneCards,AAVS1
GeneCards,AB372574
GeneCards,AB372671-001
GeneCards,AB932952
GeneCards,AB933314
GeneCards,AB971680
GeneCards,ABAT
GeneCards,ABCA1
GeneCards,ABCA3
GeneCards,ABCA4
GeneCards,ABCB1
GeneCards,ABCB11
GeneCards,ABCB4
GeneCards,ABCB5
GeneCards,ABCB8
GeneCards,ABCB9
GeneCards,ABCC1
GeneCards,ABCC10
GeneCards,ABCC11
GeneCards,ABCC2
GeneCards,ABCC3
GeneCards,ABCC4
GeneCards,ABCC5
GeneCards,ABCC6
GeneCards,ABCD1
GeneCards,ABCD3
GeneCards,ABCF1
GeneCards,ABCF2
GeneCards,ABCG2
GeneCards,ABHD14B
GeneCards,ABHD16A
GeneCards,ABHD17AP4
GeneCards,ABHD17C
GeneCards,ABI1
GeneCards,ABI3
GeneCards,ABL1
GeneCards,ABO
GeneCards,ABR
GeneCards,ACACA
GeneCards,ACAD8
GeneCards,ACAD9
GeneCards,ACADM
GeneCards,ACADS
GeneCards,ACADSB
GeneCards,ACADVL
GeneCards,ACAP1
GeneCards,ACAP2
GeneCards,ACAT1
GeneCards,ACAT2
GeneCards,ACD
GeneCards,ACE
GeneCards,ACE2
GeneCards,ACHE
GeneCards,ACKR1
GeneCards,ACKR2
GeneCards,ACKR3
GeneCards,ACLY
GeneCards,ACMSD
GeneCards,ACO1
GeneCards,ACO2
GeneCards,ACOD1
GeneCards,ACOT13
GeneCards,ACOX1
GeneCards,ACP1
GeneCards,ACRBP
GeneCards,ACSF2
GeneCards,ACSL4
GeneCards,ACSL6
GeneCards,ACSM3
GeneCards,ACTA1
GeneCards,ACTA2
GeneCards,ACTA2-AS1
GeneCards,ACTB
GeneCards,ACTC1
GeneCards,ACTG1
GeneCards,ACTL6A
GeneCards,ACTL8
GeneCards,ACTN1
GeneCards,ACTN3
GeneCards,ACTN3-AS1
GeneCards,ACTN4
GeneCards,ACTR1A
GeneCards,ACTR1B
GeneCards,ACTR2
GeneCards,ACTR3
GeneCards,ACTR3B
GeneCards,ACVR1
GeneCards,ACVR1B
GeneCards,ACVR2A
GeneCards,ACY1
GeneCards,ACYP1
GeneCards,ADA
GeneCards,ADA2
GeneCards,ADAD1
GeneCards,ADAM10
GeneCards,ADAM15
GeneCards,ADAM17
GeneCards,ADAM19
GeneCards,ADAM1A
GeneCards,ADAM1B
GeneCards,ADAM30
GeneCards,ADAM33
GeneCards,ADAM8
GeneCards,ADAM9
GeneCards,ADAMDEC1
GeneCards,ADAMTS13
GeneCards,ADAMTS15
GeneCards,ADAMTS2
GeneCards,ADAMTS4
GeneCards,ADAMTS8
GeneCards,ADAMTS9-AS1
GeneCards,ADAMTS9-AS2
GeneCards,ADAMTSL1
GeneCards,ADAMTSL3
GeneCards,ADAP1
GeneCards,ADAR
GeneCards,ADARB2
GeneCards,ADCY1
GeneCards,ADCY3
GeneCards,ADCY7
GeneCards,ADCY8
GeneCards,ADCYAP1
GeneCards,ADD3
GeneCards,ADGRA3
GeneCards,ADGRE3
GeneCards,ADGRG3
GeneCards,ADGRL2
GeneCards,ADH1C
GeneCards,ADH4
GeneCards,ADH5
GeneCards,ADIPOQ
GeneCards,ADIPOR1
GeneCards,ADIPOR2
GeneCards,ADK
GeneCards,ADM
GeneCards,ADO
GeneCards,ADORA2A
GeneCards,ADORA2B
GeneCards,ADORA3
GeneCards,ADPGK-AS1
GeneCards,ADRA1B
GeneCards,ADRA2A
GeneCards,ADRB2
GeneCards,ADRB3
GeneCards,ADSL
GeneCards,AFAP1-AS1
GeneCards,AFF2
GeneCards,AFF4
GeneCards,AFG3L2
GeneCards,AFP
GeneCards,AFTPH-DT
GeneCards,AGAP2-AS1
GeneCards,AGBL4
GeneCards,AGER
GeneCards,AGFG1
GeneCards,AGMAT
GeneCards,AGMO
GeneCards,AGO2
GeneCards,AGPAT1
GeneCards,AGPAT3
GeneCards,AGR2
GeneCards,AGR3
GeneCards,AGT
GeneCards,AGTR1
GeneCards,AHCY
GeneCards,AHNAK
GeneCards,AHR
GeneCards,AHRR
GeneCards,AHSA2P
GeneCards,AHSG
GeneCards,AHSP
GeneCards,AICDA
GeneCards,AIF1
GeneCards,AIFM1
GeneCards,AIG1
GeneCards,AIM2
GeneCards,AIMP1P2
GeneCards,AIRE
GeneCards,AK1
GeneCards,AK4
GeneCards,AKAP12
GeneCards,AKIRIN2
GeneCards,AKR1A1
GeneCards,AKR1B1
GeneCards,AKR1B10
GeneCards,AKR1C1
GeneCards,AKR1C2
GeneCards,AKR1C3
GeneCards,AKR1C4
GeneCards,AKR1D1
GeneCards,AKT1
GeneCards,AKT2
GeneCards,AKT3
GeneCards,ALB
GeneCards,ALCAM
GeneCards,ALDH18A1
GeneCards,ALDH1A1
GeneCards,ALDH1L2
GeneCards,ALDH2
GeneCards,ALDH3A2
GeneCards,ALDH3B2
GeneCards,ALDH4A1
GeneCards,ALDH6A1
GeneCards,ALDH7A1
GeneCards,ALDH7A1P2
GeneCards,ALDH7A1P4
GeneCards,ALDOA
GeneCards,ALDOB
GeneCards,ALDOC
GeneCards,ALG1L2
GeneCards,ALK
GeneCards,ALKBH5
GeneCards,ALMS1-IT1
GeneCards,ALOX12
GeneCards,ALOX15
GeneCards,ALOX15B
GeneCards,ALOX5
GeneCards,ALOX5AP
GeneCards,ALPI
GeneCards,ALPL
GeneCards,ALPP
GeneCards,AMACR
GeneCards,AMBP
GeneCards,AMBRA1
GeneCards,AMER1
GeneCards,AMIGO3
GeneCards,AMT
GeneCards,AMY1A
GeneCards,AMY1B
GeneCards,AMY1C
GeneCards,AMY2A
GeneCards,AMZ1
GeneCards,ANAPC1
GeneCards,ANAPC2
GeneCards,ANG
GeneCards,ANGPT1
GeneCards,ANGPT2
GeneCards,ANGPT4
GeneCards,ANGPTL2
GeneCards,ANGPTL3
GeneCards,ANGPTL4
GeneCards,ANK3
GeneCards,ANKEF1
GeneCards,ANKFY1
GeneCards,ANKH
GeneCards,ANKMY2
GeneCards,ANKRD12
GeneCards,ANKRD26
GeneCards,ANKRD33B
GeneCards,ANKRD33B-AS1
GeneCards,ANKRD34C-AS1
GeneCards,ANKRD40CL
GeneCards,ANKRD55
GeneCards,ANKRD61
GeneCards,ANKZF1
GeneCards,ANO1
GeneCards,ANO2
GeneCards,ANP32E
GeneCards,ANPEP
GeneCards,ANTXR1
GeneCards,ANTXR2
GeneCards,ANXA1
GeneCards,ANXA10
GeneCards,ANXA11
GeneCards,ANXA2
GeneCards,ANXA4
GeneCards,ANXA5
GeneCards,ANXA7
GeneCards,AOC1
GeneCards,AOC3
GeneCards,AOX1
GeneCards,AP1G1
GeneCards,AP1S1
GeneCards,AP1S3
GeneCards,AP2A1
GeneCards,AP2M1
GeneCards,AP2S1
GeneCards,AP3B1
GeneCards,AP3M1
GeneCards,AP3S1
GeneCards,AP3S2
GeneCards,AP4B1-AS1
GeneCards,AP5M1
GeneCards,APAF1
GeneCards,APBA1
GeneCards,APBA2
GeneCards,APC
GeneCards,APCS
GeneCards,APEH
GeneCards,APELA
GeneCards,APEX1
GeneCards,APLN
GeneCards,APMAP
GeneCards,APOA1
GeneCards,APOA2
GeneCards,APOA4
GeneCards,APOA5
GeneCards,APOB
GeneCards,APOBEC3A
GeneCards,APOBEC3B
GeneCards,APOBEC3G
GeneCards,APOC1
GeneCards,APOC2
GeneCards,APOC3
GeneCards,APOE
GeneCards,APOH
GeneCards,APOLTP
GeneCards,APOM
GeneCards,APOOP2
GeneCards,APP
GeneCards,APRT
GeneCards,AQP1
GeneCards,AQP10
GeneCards,AQP11
GeneCards,AQP12A
GeneCards,AQP12B
GeneCards,AQP3
GeneCards,AQP4
GeneCards,AQP5
GeneCards,AQP5-AS1
GeneCards,AQP7
GeneCards,AQP8
GeneCards,AQP9
GeneCards,AR
GeneCards,ARAP1-AS1
GeneCards,ARAP2
GeneCards,AREG
GeneCards,ARF3
GeneCards,ARF4
GeneCards,ARF6
GeneCards,ARFGAP1
GeneCards,ARFRP1
GeneCards,ARG1
GeneCards,ARG2
GeneCards,ARHGAP1
GeneCards,ARHGAP10
GeneCards,ARHGAP11A-SCG5
GeneCards,ARHGAP24
GeneCards,ARHGAP26
GeneCards,ARHGAP26-AS1
GeneCards,ARHGAP30
GeneCards,ARHGAP45
GeneCards,ARHGDIA
GeneCards,ARHGDIB
GeneCards,ARHGEF16
GeneCards,ARHGEF2
GeneCards,ARHGEF6
GeneCards,ARID1A
GeneCards,ARID1B
GeneCards,ARID2
GeneCards,ARID4B
GeneCards,ARID5B
GeneCards,ARIH1
GeneCards,ARL3
GeneCards,ARL5B
GeneCards,ARL6IP5
GeneCards,ARL9
GeneCards,ARLNC1
GeneCards,ARMC3
GeneCards,ARNT
GeneCards,ARPC1B
GeneCards,ARPC2
GeneCards,ARPC3
GeneCards,ARPC4
GeneCards,ARRB1
GeneCards,ARRB2
GeneCards,ARSB
GeneCards,ASAH1
GeneCards,ASAH2
GeneCards,ASAP2
GeneCards,ASB16-AS1
GeneCards,ASB5
GeneCards,ASB6
GeneCards,ASB6-AS1
GeneCards,ASB8
GeneCards,ASCC2
GeneCards,ASCL2
GeneCards,ASGR1
GeneCards,ASGR2
GeneCards,ASH1L
GeneCards,ASH1L-AS1
GeneCards,ASH2L
GeneCards,ASIC2
GeneCards,ASIP
GeneCards,ASL
GeneCards,ASMT
GeneCards,ASS1
GeneCards,ATAD3B
GeneCards,ATAT1
GeneCards,ATF1
GeneCards,ATF2
GeneCards,ATF3
GeneCards,ATF4
GeneCards,ATF5
GeneCards,ATF6
GeneCards,ATF6B
GeneCards,ATG10
GeneCards,ATG12
GeneCards,ATG13
GeneCards,ATG16L1
GeneCards,ATG16L2
GeneCards,ATG2A
GeneCards,ATG3
GeneCards,ATG5
GeneCards,ATG7
GeneCards,ATG9A
GeneCards,ATIC
GeneCards,ATM
GeneCards,ATMIN
GeneCards,ATOH1
GeneCards,ATOX1
GeneCards,ATP12A
GeneCards,ATP13A1
GeneCards,ATP1A1
GeneCards,ATP1A2
GeneCards,ATP1A3
GeneCards,ATP1A4
GeneCards,ATP1B1
GeneCards,ATP1B2
GeneCards,ATP1B3
GeneCards,ATP2A1-AS1
GeneCards,ATP2A2
GeneCards,ATP2B1
GeneCards,ATP2B4
GeneCards,ATP4A
GeneCards,ATP4B
GeneCards,ATP5F1A
GeneCards,ATP5F1B
GeneCards,ATP5F1C
GeneCards,ATP5F1E
GeneCards,ATP5MC2P2
GeneCards,ATP5PF
GeneCards,ATP6AP1
GeneCards,ATP6V0D2
GeneCards,ATP6V0E1
GeneCards,ATP6V1F
GeneCards,ATP6V1G2
GeneCards,ATP6V1G3
GeneCards,ATP7A
GeneCards,ATP7B
GeneCards,ATP8B1
GeneCards,ATP8B2
GeneCards,ATP8B3
GeneCards,ATR
GeneCards,ATXN10
GeneCards,ATXN2
GeneCards,ATXN2L
GeneCards,ATXN3
GeneCards,AUH
GeneCards,AURKA
GeneCards,AURKAIP1
GeneCards,AURKB
GeneCards,AUTS2
GeneCards,AVIL
GeneCards,AVPR2
GeneCards,AXIN1
GeneCards,AXIN2
GeneCards,AXL
GeneCards,AY077737
GeneCards,AZU1
GeneCards,B2M
GeneCards,B3GALNT2
GeneCards,B3GALT4
GeneCards,B3GALT5-AS1
GeneCards,B3GALT6
GeneCards,B3GAT1
GeneCards,B3GNT6
GeneCards,B3GNT7
GeneCards,B4GALT1
GeneCards,B4GALT5
GeneCards,B4GALT7
GeneCards,BABAM2
GeneCards,BABAM2-AS1
GeneCards,BACH2
GeneCards,BAD
GeneCards,BAG6
GeneCards,BAHD1
GeneCards,BAIAP2
GeneCards,BAK1
GeneCards,BANCR
GeneCards,BANF1
GeneCards,BANK1
GeneCards,BAP1
GeneCards,BARD1
GeneCards,BATF
GeneCards,BATF2
GeneCards,BAX
GeneCards,BAZ1A
GeneCards,BAZ2B
GeneCards,BBC3
GeneCards,BBOX1
GeneCards,BBOX1-AS1
GeneCards,BBS1
GeneCards,BBS4
GeneCards,BCAM
GeneCards,BCAP29
GeneCards,BCAR1
GeneCards,BCAT1
GeneCards,BCHE
GeneCards,BCL10
GeneCards,BCL2
GeneCards,BCL2L1
GeneCards,BCL2L11
GeneCards,BCL2L12
GeneCards,BCL2L15
GeneCards,BCL3
GeneCards,BCL6
GeneCards,BCL7C
GeneCards,BCYRN1
GeneCards,BDH2
GeneCards,BDKRB1
GeneCards,BDKRB2
GeneCards,BDNF
GeneCards,BDNF-AS
GeneCards,BECN1
GeneCards,BEND4
GeneCards,BEND7
GeneCards,BEST2
GeneCards,BEST4
GeneCards,BGLAP
GeneCards,BHLHA15
GeneCards,BHLHA9
GeneCards,BICC1
GeneCards,BICD2
GeneCards,BICDL3P
GeneCards,BID
GeneCards,BIN1
GeneCards,BIN2
GeneCards,BIRC2
GeneCards,BIRC3
GeneCards,BIRC5
GeneCards,BIRC6
GeneCards,BIRC7
GeneCards,BLACAT1
GeneCards,BLM
GeneCards,BLOC1S1
GeneCards,BLOC1S2
GeneCards,BLOC1S3
GeneCards,BLOC1S6
GeneCards,BLTP1
GeneCards,BMAL1
GeneCards,BMI1
GeneCards,BMP2
GeneCards,BMP3
GeneCards,BMP4
GeneCards,BMP6
GeneCards,BMP7
GeneCards,BMP8B
GeneCards,BMPR1A
GeneCards,BMS1P20
GeneCards,BNIP1
GeneCards,BNIP3
GeneCards,BOD1
GeneCards,BORCS5
GeneCards,BORCS8-MEF2B
GeneCards,BPI
GeneCards,BPIFA1
GeneCards,BPIFA2
GeneCards,BPIFA3
GeneCards,BPIFB3
GeneCards,BPIFB4
GeneCards,BRAF
GeneCards,BRAP
GeneCards,BRCA1
GeneCards,BRCA2
GeneCards,BRD2
GeneCards,BRD4
GeneCards,BRD7
GeneCards,BRINP3
GeneCards,BRIP1
GeneCards,BRWD1
GeneCards,BSDC1
GeneCards,BSG
GeneCards,BSN
GeneCards,BSN-DT
GeneCards,BSPRY
GeneCards,BTBD3
GeneCards,BTF3L4
GeneCards,BTF3L4P3
GeneCards,BTF3P2
GeneCards,BTK
GeneCards,BTLA
GeneCards,BTN1A1
GeneCards,BTN2A1
GeneCards,BTN2A2
GeneCards,BTN3A1
GeneCards,BTN3A2
GeneCards,BTN3A3
GeneCards,BTNL2
GeneCards,BTNL3
GeneCards,BTNL8
GeneCards,BTNL9
GeneCards,BTRC
GeneCards,BUB1
GeneCards,BUB1B
GeneCards,BZW2
GeneCards,C10orf55
GeneCards,C10orf67
GeneCards,C10orf95-AS1
GeneCards,C11orf21
GeneCards,C11orf87
GeneCards,C12orf42
GeneCards,C13orf42
GeneCards,C14orf132
GeneCards,C15orf32
GeneCards,C17orf67
GeneCards,C18orf32
GeneCards,C19orf33
GeneCards,C1GALT1
GeneCards,C1GALT1C1
GeneCards,C1QA
GeneCards,C1QB
GeneCards,C1QBP
GeneCards,C1QC
GeneCards,C1QTNF3
GeneCards,C1QTNF6
GeneCards,C1R
GeneCards,C1RL
GeneCards,C1RL-AS1
GeneCards,C1S
GeneCards,C1orf141
GeneCards,C1orf53
GeneCards,C2
GeneCards,C20orf181
GeneCards,C20orf203
GeneCards,C2CD4D
GeneCards,C2CD4D-AS1
GeneCards,C2orf74
GeneCards,C3
GeneCards,C3orf36
GeneCards,C4A
GeneCards,C4B
GeneCards,C4BPA
GeneCards,C4BPB
GeneCards,C4orf50
GeneCards,C5
GeneCards,C5AR1
GeneCards,C6
GeneCards,C6orf47
GeneCards,C6orf47-AS1
GeneCards,C7orf33
GeneCards,C8orf34
GeneCards,C9orf72
GeneCards,C9orf78
GeneCards,CA1
GeneCards,CA2
GeneCards,CA3
GeneCards,CA3-AS1
GeneCards,CA4
GeneCards,CA5A
GeneCards,CA9
GeneCards,CABP5
GeneCards,CACNA1C
GeneCards,CACNA1C-AS4
GeneCards,CACNA1D
GeneCards,CACNA1E
GeneCards,CACNA1G
GeneCards,CACNA1G-AS1
GeneCards,CACNA1I
GeneCards,CACNA1S
GeneCards,CACNA2D1
GeneCards,CACNB1
GeneCards,CACNG3
GeneCards,CAD
GeneCards,CADM1
GeneCards,CADM2
GeneCards,CADPS
GeneCards,CALB2
GeneCards,CALCA
GeneCards,CALCOCO2
GeneCards,CALD1
GeneCards,CALHM4
GeneCards,CALHM6
GeneCards,CALM1
GeneCards,CALM2
GeneCards,CALM3
GeneCards,CALML3
GeneCards,CALML4
GeneCards,CALML5
GeneCards,CALML6
GeneCards,CALR
GeneCards,CALU
GeneCards,CAMK2A
GeneCards,CAMK2D
GeneCards,CAMK2G
GeneCards,CAMK4
GeneCards,CAMLG
GeneCards,CAMP
GeneCards,CAMTA1
GeneCards,CANX
GeneCards,CAP1
GeneCards,CAPN1
GeneCards,CAPN10
GeneCards,CAPN13
GeneCards,CAPN2
GeneCards,CAPZA1
GeneCards,CAPZA2
GeneCards,CAPZB
GeneCards,CARD11
GeneCards,CARD11-AS1
GeneCards,CARD14
GeneCards,CARD6
GeneCards,CARD8
GeneCards,CARD9
GeneCards,CARF
GeneCards,CARINH
GeneCards,CARMIL1
GeneCards,CARMIL2
GeneCards,CARMN
GeneCards,CARS1
GeneCards,CARTPT
GeneCards,CASC11
GeneCards,CASC15
GeneCards,CASC19
GeneCards,CASC2
GeneCards,CASC21
GeneCards,CASC3
GeneCards,CASC9
GeneCards,CASP1
GeneCards,CASP10
GeneCards,CASP12
GeneCards,CASP2
GeneCards,CASP3
GeneCards,CASP3P1
GeneCards,CASP4
GeneCards,CASP5
GeneCards,CASP6
GeneCards,CASP7
GeneCards,CASP8
GeneCards,CASP9
GeneCards,CASR
GeneCards,CAT
GeneCards,CATIP-AS1
GeneCards,CAV1
GeneCards,CAV2
GeneCards,CAV3
GeneCards,CAVIN1
GeneCards,CAVIN2
GeneCards,CAVIN3
GeneCards,CBARP
GeneCards,CBFA2T2
GeneCards,CBFA2T3
GeneCards,CBL
GeneCards,CBLIF
GeneCards,CBLL1
GeneCards,CBR1
GeneCards,CBR3-AS1
GeneCards,CBS
GeneCards,CBX1
GeneCards,CBX3
GeneCards,CBX3P9
GeneCards,CBX4
GeneCards,CBX8
GeneCards,CCAT1
GeneCards,CCAT2
GeneCards,CCDC116
GeneCards,CCDC12
GeneCards,CCDC124
GeneCards,CCDC13
GeneCards,CCDC144NL-AS1
GeneCards,CCDC158
GeneCards,CCDC184
GeneCards,CCDC188
GeneCards,CCDC22
GeneCards,CCDC25
GeneCards,CCDC26
GeneCards,CCDC40
GeneCards,CCDC6
GeneCards,CCDC61
GeneCards,CCDC66
GeneCards,CCDC8
GeneCards,CCDC80
GeneCards,CCDC85B
GeneCards,CCDC88A
GeneCards,CCDC88B
GeneCards,CCDC88C
GeneCards,CCDC88C-DT
GeneCards,CCDC9
GeneCards,CCDC92
GeneCards,CCDC93
GeneCards,CCDST
GeneCards,CCEPR
GeneCards,CCHCR1
GeneCards,CCK
GeneCards,CCKBR
GeneCards,CCL1
GeneCards,CCL11
GeneCards,CCL13
GeneCards,CCL17
GeneCards,CCL19
GeneCards,CCL2
GeneCards,CCL20
GeneCards,CCL21
GeneCards,CCL22
GeneCards,CCL24
GeneCards,CCL25
GeneCards,CCL26
GeneCards,CCL27
GeneCards,CCL28
GeneCards,CCL3
GeneCards,CCL4
GeneCards,CCL5
GeneCards,CCL7
GeneCards,CCL8
GeneCards,CCM2
GeneCards,CCN1
GeneCards,CCN2
GeneCards,CCN4
GeneCards,CCNA2
GeneCards,CCNB1
GeneCards,CCND1
GeneCards,CCND2
GeneCards,CCND3
GeneCards,CCND3P1
GeneCards,CCNDBP1
GeneCards,CCNE1
GeneCards,CCNL2
GeneCards,CCNT1
GeneCards,CCNY
GeneCards,CCNY-AS1
GeneCards,CCR1
GeneCards,CCR10
GeneCards,CCR12P
GeneCards,CCR2
GeneCards,CCR3
GeneCards,CCR5
GeneCards,CCR5AS
GeneCards,CCR6
GeneCards,CCR7
GeneCards,CCR9
GeneCards,CCRL2
GeneCards,CCSAP
GeneCards,CCT5
GeneCards,CCT5P2
GeneCards,CD101
GeneCards,CD14
GeneCards,CD160
GeneCards,CD163
GeneCards,CD177
GeneCards,CD180
GeneCards,CD19
GeneCards,CD1A
GeneCards,CD1B
GeneCards,CD1C
GeneCards,CD1D
GeneCards,CD1E
GeneCards,CD2
GeneCards,CD200
GeneCards,CD200R1
GeneCards,CD207
GeneCards,CD209
GeneCards,CD22
GeneCards,CD226
GeneCards,CD24
GeneCards,CD244
GeneCards,CD247
GeneCards,CD248
GeneCards,CD27
GeneCards,CD27-AS1
GeneCards,CD274
GeneCards,CD276
GeneCards,CD28
GeneCards,CD300A
GeneCards,CD300LF
GeneCards,CD33
GeneCards,CD34
GeneCards,CD36
GeneCards,CD38
GeneCards,CD3D
GeneCards,CD3E
GeneCards,CD3G
GeneCards,CD4
GeneCards,CD40
GeneCards,CD40LG
GeneCards,CD44
GeneCards,CD46
GeneCards,CD47
GeneCards,CD48
GeneCards,CD5
GeneCards,CD52
GeneCards,CD55
GeneCards,CD59
GeneCards,CD5L
GeneCards,CD6
GeneCards,CD63
GeneCards,CD68
GeneCards,CD69
GeneCards,CD70
GeneCards,CD72
GeneCards,CD74
GeneCards,CD79A
GeneCards,CD79B
GeneCards,CD80
GeneCards,CD81
GeneCards,CD82
GeneCards,CD83
GeneCards,CD84
GeneCards,CD86
GeneCards,CD8A
GeneCards,CD9
GeneCards,CD99
GeneCards,CDA
GeneCards,CDC20
GeneCards,CDC25C
GeneCards,CDC27
GeneCards,CDC37
GeneCards,CDC37P1
GeneCards,CDC42
GeneCards,CDC7
GeneCards,CDCA7L
GeneCards,CDH1
GeneCards,CDH13
GeneCards,CDH17
GeneCards,CDH2
GeneCards,CDH22
GeneCards,CDH23
GeneCards,CDH3
GeneCards,CDH3-AS1
GeneCards,CDH4
GeneCards,CDH5
GeneCards,CDHR2
GeneCards,CDHR4
GeneCards,CDHR5
GeneCards,CDK1
GeneCards,CDK11A
GeneCards,CDK11B
GeneCards,CDK12
GeneCards,CDK18
GeneCards,CDK2
GeneCards,CDK20
GeneCards,CDK4
GeneCards,CDK5
GeneCards,CDK5RAP1
GeneCards,CDK6
GeneCards,CDK8
GeneCards,CDKAL1
GeneCards,CDKN1A
GeneCards,CDKN1B
GeneCards,CDKN2A
GeneCards,CDKN2B
GeneCards,CDKN2B-AS1
GeneCards,CDR1-AS
GeneCards,CDSN
GeneCards,CDX1
GeneCards,CDX2
GeneCards,CDYL2
GeneCards,CEACAM1
GeneCards,CEACAM3
GeneCards,CEACAM4
GeneCards,CEACAM5
GeneCards,CEACAM6
GeneCards,CEACAM7
GeneCards,CEACAM8
GeneCards,CEBPA
GeneCards,CEBPB
GeneCards,CEBPD
GeneCards,CEBPE
GeneCards,CEBPG
GeneCards,CEBPZ
GeneCards,CELA1
GeneCards,CELF3
GeneCards,CELF4
GeneCards,CELF6-AS1
GeneCards,CELSR3
GeneCards,CEMIP
GeneCards,CENPI
GeneCards,CENPN
GeneCards,CENPO
GeneCards,CENPP
GeneCards,CEP128
GeneCards,CEP131
GeneCards,CEP170B
GeneCards,CEP192
GeneCards,CEP250
GeneCards,CEP43
GeneCards,CEP72
GeneCards,CEP72-DT
GeneCards,CEP76
GeneCards,CEP89
GeneCards,CERKL
GeneCards,CERNA3
GeneCards,CERS6
GeneCards,CERS6-AS1
GeneCards,CES1
GeneCards,CES2
GeneCards,CETP
GeneCards,CFAP126
GeneCards,CFAP141
GeneCards,CFAP184
GeneCards,CFAP299
GeneCards,CFAP45
GeneCards,CFAP58
GeneCards,CFAP70
GeneCards,CFAP92
GeneCards,CFB
GeneCards,CFD
GeneCards,CFDP1
GeneCards,CFH
GeneCards,CFHR1
GeneCards,CFHR3
GeneCards,CFHR5
GeneCards,CFI
GeneCards,CFL1
GeneCards,CFLAR
GeneCards,CFP
GeneCards,CFTR
GeneCards,CGAS
GeneCards,CGGBP1
GeneCards,CGN
GeneCards,CGREF1
GeneCards,CH25H
GeneCards,CHAF1A
GeneCards,CHASERR
GeneCards,CHAT
GeneCards,CHCHD2P3
GeneCards,CHD2
GeneCards,CHD4
GeneCards,CHD4-AS1
GeneCards,CHEK1
GeneCards,CHEK2
GeneCards,CHERP
GeneCards,CHFR
GeneCards,CHGA
GeneCards,CHGB
GeneCards,CHI3L1
GeneCards,CHI3L2
GeneCards,CHIA
GeneCards,CHKA
GeneCards,CHKB-CPT1B
GeneCards,CHMP2A
GeneCards,CHMP4B
GeneCards,CHMP5
GeneCards,CHN1
GeneCards,CHORDC1P5
GeneCards,CHP1
GeneCards,CHP2
GeneCards,CHRM1
GeneCards,CHRM2
GeneCards,CHRM3
GeneCards,CHRM4
GeneCards,CHRM5
GeneCards,CHRNA1
GeneCards,CHRNA2
GeneCards,CHRNA4
GeneCards,CHRNA5
GeneCards,CHRNA7
GeneCards,CHRNB2
GeneCards,CHRNB4
GeneCards,CHRND
GeneCards,CHRNE
GeneCards,CHST15
GeneCards,CHSY3
GeneCards,CHUK
GeneCards,CIAPIN1
GeneCards,CIBAR2
GeneCards,CICP4
GeneCards,CIDEB
GeneCards,CIITA
GeneCards,CIRBP
GeneCards,CISD1
GeneCards,CISH
GeneCards,CIT
GeneCards,CITED2
GeneCards,CKAP4
GeneCards,CKB
GeneCards,CKM
GeneCards,CKMT2-AS1
GeneCards,CLC
GeneCards,CLCA1
GeneCards,CLCN6
GeneCards,CLCNKA
GeneCards,CLCNKB
GeneCards,CLDN1
GeneCards,CLDN14
GeneCards,CLDN15
GeneCards,CLDN18
GeneCards,CLDN2
GeneCards,CLDN3
GeneCards,CLDN4
GeneCards,CLDN5
GeneCards,CLDN7
GeneCards,CLDN8
GeneCards,CLDND1
GeneCards,CLEC10A
GeneCards,CLEC16A
GeneCards,CLEC2D
GeneCards,CLEC4A
GeneCards,CLEC4D
GeneCards,CLEC4E
GeneCards,CLEC5A
GeneCards,CLEC6A
GeneCards,CLEC7A
GeneCards,CLIC1
GeneCards,CLK2
GeneCards,CLMP
GeneCards,CLN3
GeneCards,CLOCK
GeneCards,CLPP
GeneCards,CLRN1-AS1
GeneCards,CLSPN
GeneCards,CLSTN2
GeneCards,CLTC
GeneCards,CLTCL1
GeneCards,CLU
GeneCards,CLUH
GeneCards,CM034951-027
GeneCards,CM034951-028
GeneCards,CM034951-034
GeneCards,CM034951-058
GeneCards,CM034951-180
GeneCards,CM034951-623
GeneCards,CM034952-115
GeneCards,CM034952-358
GeneCards,CM034952-363
GeneCards,CM034952-450
GeneCards,CM034953-071
GeneCards,CM034953-072
GeneCards,CM034953-099
GeneCards,CM034955-148
GeneCards,CM034955-149
GeneCards,CM034955-299
GeneCards,CM034955-301
GeneCards,CM034955-379
GeneCards,CM034955-380
GeneCards,CM034955-419
GeneCards,CM034955-459
GeneCards,CM034956-078
GeneCards,CM034956-088
GeneCards,CM034956-115
GeneCards,CM034956-124
GeneCards,CM034956-126
GeneCards,CM034956-129
GeneCards,CM034956-131
GeneCards,CM034956-163
GeneCards,CM034956-256
GeneCards,CM034956-257
GeneCards,CM034956-338
GeneCards,CM034957-068
GeneCards,CM034958-018
GeneCards,CM034958-278
GeneCards,CM034958-389
GeneCards,CM034958-390
GeneCards,CM034959-032
GeneCards,CM034959-049
GeneCards,CM034959-077
GeneCards,CM034959-203
GeneCards,CM034960-045
GeneCards,CM034960-204
GeneCards,CM034960-232
GeneCards,CM034960-246
GeneCards,CM034960-281
GeneCards,CM034960-301
GeneCards,CM034960-302
GeneCards,CM034961-025
GeneCards,CM034961-179
GeneCards,CM034961-346
GeneCards,CM034961-353
GeneCards,CM034961-360
GeneCards,CM034962-223
GeneCards,CM034963-080
GeneCards,CM034964-142
GeneCards,CM034964-143
GeneCards,CM034965-080
GeneCards,CM034965-273
GeneCards,CM034966-077
GeneCards,CM034966-079
GeneCards,CM034966-215
GeneCards,CM034966-310
GeneCards,CM034966-356
GeneCards,CM034968-264
GeneCards,CM034971-028
GeneCards,CM034971-109
GeneCards,CM034971-138
GeneCards,CM034972-125
GeneCards,CMA1
GeneCards,CMC1
GeneCards,CMC1P1
GeneCards,CMC2
GeneCards,CMPK1
GeneCards,CMTM4
GeneCards,CNBD1
GeneCards,CNEP1R1
GeneCards,CNGA1
GeneCards,CNN1
GeneCards,CNN2
GeneCards,CNN3
GeneCards,CNNM2
GeneCards,CNOT11
GeneCards,CNOT9
GeneCards,CNPY4
GeneCards,CNR1
GeneCards,CNR2
GeneCards,CNTF
GeneCards,CNTN1
GeneCards,CNTN3
GeneCards,CNTNAP2
GeneCards,CNTNAP5
GeneCards,COA3
GeneCards,COG1
GeneCards,COG2
GeneCards,COG5
GeneCards,COL11A2
GeneCards,COL13A1
GeneCards,COL14A1
GeneCards,COL16A1
GeneCards,COL17A1
GeneCards,COL18A1
GeneCards,COL19A1
GeneCards,COL1A1
GeneCards,COL1A2
GeneCards,COL22A1
GeneCards,COL23A1
GeneCards,COL2A1
GeneCards,COL3A1
GeneCards,COL4A1
GeneCards,COL4A2
GeneCards,COL4A2-AS1
GeneCards,COL5A1
GeneCards,COL5A2
GeneCards,COL6A1
GeneCards,COL6A2
GeneCards,COL6A3
GeneCards,COL7A1
GeneCards,COLCA1
GeneCards,COMETT
GeneCards,COMMD1
GeneCards,COMMD7
GeneCards,COMP
GeneCards,COMT
GeneCards,COPA
GeneCards,COPB2
GeneCards,COPS5
GeneCards,COQ8B
GeneCards,CORO1A
GeneCards,CORO1C
GeneCards,COTL1
GeneCards,COX5A
GeneCards,COX5B
GeneCards,COXFA4P3
GeneCards,CP
GeneCards,CPA5
GeneCards,CPA6
GeneCards,CPB2
GeneCards,CPEB4
GeneCards,CPN1
GeneCards,CPNE8
GeneCards,CPOX
GeneCards,CPQ
GeneCards,CPS1
GeneCards,CPS1-IT1
GeneCards,CPSF3
GeneCards,CPSF6
GeneCards,CPT1A
GeneCards,CPTP
GeneCards,CPVL
GeneCards,CPXM2
GeneCards,CR1
GeneCards,CR2
GeneCards,CRABP1
GeneCards,CRACD
GeneCards,CRAT
GeneCards,CRB1
GeneCards,CRBN
GeneCards,CREB1
GeneCards,CREB5
GeneCards,CREBBP
GeneCards,CREBL2
GeneCards,CREBRF
GeneCards,CREG1
GeneCards,CREM
GeneCards,CRH
GeneCards,CRHR1
GeneCards,CRHR2
GeneCards,CRIP2
GeneCards,CRIPTO
GeneCards,CRISP1
GeneCards,CRISPLD1
GeneCards,CRISPLD2
GeneCards,CRLF1
GeneCards,CRLF2
GeneCards,CRNDE
GeneCards,CRP
GeneCards,CRTC1
GeneCards,CRTC2
GeneCards,CRTC3
GeneCards,CRTC3-AS1
GeneCards,CRY1
GeneCards,CRY2
GeneCards,CRYAB
GeneCards,CS
GeneCards,CSE1L
GeneCards,CSF1
GeneCards,CSF1R
GeneCards,CSF2
GeneCards,CSF2RA
GeneCards,CSF2RB
GeneCards,CSF3
GeneCards,CSF3R
GeneCards,CSGALNACT2
GeneCards,CSK
GeneCards,CSMD1
GeneCards,CSNK1A1
GeneCards,CSNK1E
GeneCards,CSNK1G1
GeneCards,CSNK2A1
GeneCards,CSNK2A2
GeneCards,CSNK2B
GeneCards,CSPG4
GeneCards,CST3
GeneCards,CSTPP1
GeneCards,CTAGE1
GeneCards,CTBP1
GeneCards,CTC1
GeneCards,CTCF
GeneCards,CTDP1
GeneCards,CTDSP1
GeneCards,CTH
GeneCards,CTIF
GeneCards,CTLA4
GeneCards,CTNNA1
GeneCards,CTNNA3
GeneCards,CTNNB1
GeneCards,CTNNBIP1
GeneCards,CTNND1
GeneCards,CTPS1
GeneCards,CTRB1
GeneCards,CTRB2
GeneCards,CTRC
GeneCards,CTSB
GeneCards,CTSC
GeneCards,CTSD
GeneCards,CTSE
GeneCards,CTSG
GeneCards,CTSK
GeneCards,CTSL
GeneCards,CTSO
GeneCards,CTSS
GeneCards,CTSW
GeneCards,CTSZ
GeneCards,CTTN
GeneCards,CUL1
GeneCards,CUL2
GeneCards,CUL3
GeneCards,CUL4A
GeneCards,CUX1
GeneCards,CUZD1
GeneCards,CWC25
GeneCards,CX3CL1
GeneCards,CX3CR1
GeneCards,CXADR
GeneCards,CXCL1
GeneCards,CXCL10
GeneCards,CXCL11
GeneCards,CXCL12
GeneCards,CXCL13
GeneCards,CXCL14
GeneCards,CXCL16
GeneCards,CXCL2
GeneCards,CXCL3
GeneCards,CXCL5
GeneCards,CXCL6
GeneCards,CXCL8
GeneCards,CXCL9
GeneCards,CXCR1
GeneCards,CXCR2
GeneCards,CXCR3
GeneCards,CXCR4
GeneCards,CXCR5
GeneCards,CXCR6
GeneCards,CYB5R3
GeneCards,CYBA
GeneCards,CYBB
GeneCards,CYBC1
GeneCards,CYC1
GeneCards,CYCS
GeneCards,CYCSP42
GeneCards,CYFIP2
GeneCards,CYGB
GeneCards,CYLD
GeneCards,CYLD-AS1
GeneCards,CYLD-AS2
GeneCards,CYP11A1
GeneCards,CYP11B1
GeneCards,CYP11B2
GeneCards,CYP17A1
GeneCards,CYP19A1
GeneCards,CYP1A1
GeneCards,CYP1A2
GeneCards,CYP1B1
GeneCards,CYP20A1
GeneCards,CYP21A1P
GeneCards,CYP21A2
GeneCards,CYP24A1
GeneCards,CYP26A1
GeneCards,CYP26B1
GeneCards,CYP27A1
GeneCards,CYP27B1
GeneCards,CYP2A6
GeneCards,CYP2A7
GeneCards,CYP2B6
GeneCards,CYP2C19
GeneCards,CYP2C8
GeneCards,CYP2C9
GeneCards,CYP2D6
GeneCards,CYP2E1
GeneCards,CYP2J2
GeneCards,CYP2R1
GeneCards,CYP39A1
GeneCards,CYP3A4
GeneCards,CYP3A43
GeneCards,CYP3A5
GeneCards,CYP3A7
GeneCards,CYP4A11
GeneCards,CYP4F3
GeneCards,CYP51A1
GeneCards,CYP7A1
GeneCards,CYP7B1
GeneCards,CYP8B1
GeneCards,CYSLTR1
GeneCards,CYSLTR2
GeneCards,CYTH1
GeneCards,CYTH2
GeneCards,CYTL1
GeneCards,CYTOR
GeneCards,CYYR1-AS1
GeneCards,D2HGDH
GeneCards,DAAM2
GeneCards,DAB2
GeneCards,DAG1
GeneCards,DANCR
GeneCards,DAP
GeneCards,DAP3
GeneCards,DAPK1
GeneCards,DAPK2
GeneCards,DAPK3
GeneCards,DAPP1
GeneCards,DARS1
GeneCards,DAXX
GeneCards,DAZAP1
GeneCards,DBH
GeneCards,DBN1
GeneCards,DBP
GeneCards,DBT
GeneCards,DCAF13
GeneCards,DCAF5
GeneCards,DCC
GeneCards,DCD
GeneCards,DCLK1
GeneCards,DCLRE1B
GeneCards,DCLRE1C
GeneCards,DCN
GeneCards,DCP1A
GeneCards,DCP1B
GeneCards,DCP2
GeneCards,DCST1-AS1
GeneCards,DCT
GeneCards,DCTD
GeneCards,DCTN1
GeneCards,DDAH1
GeneCards,DDAH2
GeneCards,DDB1
GeneCards,DDB2
GeneCards,DDC
GeneCards,DDIT3
GeneCards,DDIT4
GeneCards,DDO
GeneCards,DDOST
GeneCards,DDR1
GeneCards,DDR1-DT
GeneCards,DDR2
GeneCards,DDRGK1
GeneCards,DDX11-AS1
GeneCards,DDX17
GeneCards,DDX21
GeneCards,DDX24
GeneCards,DDX27
GeneCards,DDX39B
GeneCards,DDX3ILA1
GeneCards,DDX3X
GeneCards,DDX41
GeneCards,DDX5
GeneCards,DDX53
GeneCards,DDX56
GeneCards,DECR1
GeneCards,DEF6
GeneCards,DEFA1
GeneCards,DEFA1A3
GeneCards,DEFA3
GeneCards,DEFA5
GeneCards,DEFA6
GeneCards,DEFB1
GeneCards,DEFB103A
GeneCards,DEFB104A
GeneCards,DEFB104B
GeneCards,DEFB4A
GeneCards,DEFB4B
GeneCards,DEK
GeneCards,DELEC1
GeneCards,DENND1B
GeneCards,DEPP1
GeneCards,DERL3
GeneCards,DEXI
GeneCards,DGAT1
GeneCards,DGCR5
GeneCards,DGCR8
GeneCards,DGKB
GeneCards,DGKE
GeneCards,DGLUCY
GeneCards,DHCR24
GeneCards,DHFR
GeneCards,DHRSX
GeneCards,DHX16
GeneCards,DHX9
GeneCards,DIABLO
GeneCards,DICER1
GeneCards,DICER1-AS1
GeneCards,DIDO1
GeneCards,DIP2C-AS1
GeneCards,DIS3L
GeneCards,DKC1
GeneCards,DKK1
GeneCards,DKK2
GeneCards,DKK4
GeneCards,DLAT
GeneCards,DLC1
GeneCards,DLD
GeneCards,DLEU1
GeneCards,DLEU2
GeneCards,DLG1
GeneCards,DLG2
GeneCards,DLG5
GeneCards,DLGAP1-AS1
GeneCards,DLGAP1-AS2
GeneCards,DLGAP3
GeneCards,DLK1
GeneCards,DLL4
GeneCards,DLST
GeneCards,DLX6-AS1
GeneCards,DM1-AS
GeneCards,DMBT1
GeneCards,DMD
GeneCards,DMKN
GeneCards,DMRTA1
GeneCards,DMWD
GeneCards,DNA2
GeneCards,DNAH10
GeneCards,DNAH11
GeneCards,DNAH12
GeneCards,DNAH17
GeneCards,DNAH8
GeneCards,DNAJB1
GeneCards,DNAJB14
GeneCards,DNAJB4
GeneCards,DNAJB5
GeneCards,DNAJB6P4
GeneCards,DNAJC10
GeneCards,DNAJC15
GeneCards,DNAJC17P1
GeneCards,DNAJC27
GeneCards,DNAJC28
GeneCards,DNAJC3
GeneCards,DNAJC3-DT
GeneCards,DNAJC9
GeneCards,DNAL1
GeneCards,DNAL4
GeneCards,DNASE1
GeneCards,DNASE2
GeneCards,DNASE2B
GeneCards,DNER
GeneCards,DNLZ
GeneCards,DNM1L
GeneCards,DNM2
GeneCards,DNMBP
GeneCards,DNMT1
GeneCards,DNMT3A
GeneCards,DNMT3B
GeneCards,DNMT3L
GeneCards,DNPH1
GeneCards,DNTT
GeneCards,DOCK11
GeneCards,DOCK2
GeneCards,DOCK5
GeneCards,DOCK8
GeneCards,DOCK8-AS1
GeneCards,DOK3
GeneCards,DOK5
GeneCards,DOK6
GeneCards,DOT1L
GeneCards,DPEP1
GeneCards,DPEP2
GeneCards,DPH5
GeneCards,DPH6-DT
GeneCards,DPM1
GeneCards,DPM3
GeneCards,DPP10-AS1
GeneCards,DPP4
GeneCards,DPP6
GeneCards,DPP7
GeneCards,DPT
GeneCards,DPYD
GeneCards,DPYSL2
GeneCards,DPYSL5
GeneCards,DRAIC
GeneCards,DRAM1
GeneCards,DRAP1
GeneCards,DRC10
GeneCards,DRC4
GeneCards,DRD2
GeneCards,DROSHA
GeneCards,DSC1
GeneCards,DSC2
GeneCards,DSC3
GeneCards,DSCAM-AS1
GeneCards,DSE
GeneCards,DSG1
GeneCards,DSG2
GeneCards,DSG3
GeneCards,DSG4
GeneCards,DSP
GeneCards,DST
GeneCards,DTL
GeneCards,DTNBP1-AS1
GeneCards,DTX3
GeneCards,DUOX1
GeneCards,DUOX2
GeneCards,DUOXA2
GeneCards,DUSP1
GeneCards,DUSP12
GeneCards,DUSP16
GeneCards,DUSP2
GeneCards,DUSP28
GeneCards,DUSP29
GeneCards,DUSP6
GeneCards,DUSP7
GeneCards,DUSP8
GeneCards,DUX4L52
GeneCards,DUXAP8
GeneCards,DUXAP9
GeneCards,DVL1
GeneCards,DVL2
GeneCards,DVL3
GeneCards,DXO
GeneCards,DYDC1
GeneCards,DYDC2
GeneCards,DYM
GeneCards,DYM-AS1
GeneCards,DYNC1H1
GeneCards,DYNC1LI2
GeneCards,DYRK1A
GeneCards,DYRK2
GeneCards,E2F1
GeneCards,E2F3
GeneCards,E2F4
GeneCards,EAPP
GeneCards,EBAG9P1
GeneCards,EBF1
GeneCards,EBI3
GeneCards,EBLN3P
GeneCards,EBP
GeneCards,ECD
GeneCards,ECE1
GeneCards,ECH1
GeneCards,ECM1
GeneCards,ECPAS
GeneCards,EDC4
GeneCards,EDEM1
GeneCards,EDEM2
GeneCards,EDF1
GeneCards,EDN1
GeneCards,EDN2
GeneCards,EDN3
GeneCards,EDNRA
GeneCards,EDNRB
GeneCards,EEA1
GeneCards,EED
GeneCards,EEF1A1
GeneCards,EEF1A1P27
GeneCards,EEF1AKMT2
GeneCards,EEF1G
GeneCards,EFCAB6
GeneCards,EFHD2
GeneCards,EFNA1
GeneCards,EFNB1
GeneCards,EFTUD2
GeneCards,EGF
GeneCards,EGFL8
GeneCards,EGFR
GeneCards,EGFR-AS1
GeneCards,EGLN1
GeneCards,EGLN2
GeneCards,EGLN3
GeneCards,EGOT
GeneCards,EGR1
GeneCards,EGR2
GeneCards,EHD1
GeneCards,EHD4
GeneCards,EHF
GeneCards,EHMT2
GeneCards,EHMT2-AS1
GeneCards,EI24P4
GeneCards,EID2
GeneCards,EIF2AK1
GeneCards,EIF2AK2
GeneCards,EIF2AK3
GeneCards,EIF2B4
GeneCards,EIF2S1
GeneCards,EIF2S2P3
GeneCards,EIF2S3P1
GeneCards,EIF3A
GeneCards,EIF3C
GeneCards,EIF3D
GeneCards,EIF3E
GeneCards,EIF3J-DT
GeneCards,EIF4A1
GeneCards,EIF4E
GeneCards,EIF4EBP1
GeneCards,EIF5A
GeneCards,EIF5A2
GeneCards,EIF5B
GeneCards,EIF6
GeneCards,ELAC1
GeneCards,ELANE
GeneCards,ELAVL1
GeneCards,ELAVL2
GeneCards,ELAVL3
GeneCards,ELF1
GeneCards,ELF2
GeneCards,ELF3
GeneCards,ELF4
GeneCards,ELFN1-AS1
GeneCards,ELK1
GeneCards,ELK2AP
GeneCards,ELK4
GeneCards,ELL2
GeneCards,ELMO1
GeneCards,ELN
GeneCards,ELOVL5
GeneCards,ELP5
GeneCards,EMB
GeneCards,EMC1
GeneCards,EMC2
GeneCards,EMC9
GeneCards,EMG1
GeneCards,EMILIN1
GeneCards,EML4
GeneCards,EMP2
GeneCards,EMSLR
GeneCards,EMSY
GeneCards,EMSY-DT
GeneCards,ENDOU
GeneCards,ENG
GeneCards,ENGASE
GeneCards,ENHO
GeneCards,ENO1
GeneCards,ENO3
GeneCards,ENPEP
GeneCards,ENPP2
GeneCards,ENPP5
GeneCards,ENPP7
GeneCards,ENSG00000167807
GeneCards,ENSG00000184441
GeneCards,ENSG00000199332
GeneCards,ENSG00000199473
GeneCards,ENSG00000199550
GeneCards,ENSG00000200651
GeneCards,ENSG00000201134
GeneCards,ENSG00000202533
GeneCards,ENSG00000205537
GeneCards,ENSG00000213386
GeneCards,ENSG00000219159
GeneCards,ENSG00000219410
GeneCards,ENSG00000222701
GeneCards,ENSG00000223837
GeneCards,ENSG00000224000
GeneCards,ENSG00000224431
GeneCards,ENSG00000224645
GeneCards,ENSG00000224876
GeneCards,ENSG00000224988
GeneCards,ENSG00000225172
GeneCards,ENSG00000225313
GeneCards,ENSG00000225421
GeneCards,ENSG00000227549
GeneCards,ENSG00000227598
GeneCards,ENSG00000227698
GeneCards,ENSG00000227766
GeneCards,ENSG00000227836
GeneCards,ENSG00000227938
GeneCards,ENSG00000228037
GeneCards,ENSG00000228165
GeneCards,ENSG00000228707
GeneCards,ENSG00000228778
GeneCards,ENSG00000228830
GeneCards,ENSG00000229990
GeneCards,ENSG00000230074
GeneCards,ENSG00000230147
GeneCards,ENSG00000230163
GeneCards,ENSG00000230521
GeneCards,ENSG00000230534
GeneCards,ENSG00000230684
GeneCards,ENSG00000231355
GeneCards,ENSG00000231691
GeneCards,ENSG00000231881
GeneCards,ENSG00000232937
GeneCards,ENSG00000233754
GeneCards,ENSG00000234117
GeneCards,ENSG00000234261
GeneCards,ENSG00000234389
GeneCards,ENSG00000234630
GeneCards,ENSG00000235023
GeneCards,ENSG00000235620
GeneCards,ENSG00000236308
GeneCards,ENSG00000236710
GeneCards,ENSG00000237371
GeneCards,ENSG00000237604
GeneCards,ENSG00000237669
GeneCards,ENSG00000238280
GeneCards,ENSG00000242162
GeneCards,ENSG00000242798
GeneCards,ENSG00000243762
GeneCards,ENSG00000244255
GeneCards,ENSG00000247121
GeneCards,ENSG00000248676
GeneCards,ENSG00000248734
GeneCards,ENSG00000250264
GeneCards,ENSG00000251675
GeneCards,ENSG00000251987
GeneCards,ENSG00000253238
GeneCards,ENSG00000253269
GeneCards,ENSG00000253445
GeneCards,ENSG00000253508
GeneCards,ENSG00000253683
GeneCards,ENSG00000253852
GeneCards,ENSG00000253853
GeneCards,ENSG00000254295
GeneCards,ENSG00000254755
GeneCards,ENSG00000254810
GeneCards,ENSG00000254926
GeneCards,ENSG00000255389
GeneCards,ENSG00000255455
GeneCards,ENSG00000256433
GeneCards,ENSG00000256967
GeneCards,ENSG00000258446
GeneCards,ENSG00000258559
GeneCards,ENSG00000258667
GeneCards,ENSG00000258820
GeneCards,ENSG00000258860
GeneCards,ENSG00000258875
GeneCards,ENSG00000258989
GeneCards,ENSG00000259212
GeneCards,ENSG00000259314
GeneCards,ENSG00000259605
GeneCards,ENSG00000259970
GeneCards,ENSG00000260249
GeneCards,ENSG00000260349
GeneCards,ENSG00000260482
GeneCards,ENSG00000260634
GeneCards,ENSG00000260651
GeneCards,ENSG00000260672
GeneCards,ENSG00000260751
GeneCards,ENSG00000260773
GeneCards,ENSG00000261187
GeneCards,ENSG00000261266
GeneCards,ENSG00000261338
GeneCards,ENSG00000261367
GeneCards,ENSG00000261476
GeneCards,ENSG00000261584
GeneCards,ENSG00000261669
GeneCards,ENSG00000261717
GeneCards,ENSG00000261783
GeneCards,ENSG00000262020
GeneCards,ENSG00000262151
GeneCards,ENSG00000262488
GeneCards,ENSG00000263033
GeneCards,ENSG00000263756
GeneCards,ENSG00000266202
GeneCards,ENSG00000266469
GeneCards,ENSG00000266728
GeneCards,ENSG00000266998
GeneCards,ENSG00000267199
GeneCards,ENSG00000267303
GeneCards,ENSG00000267317
GeneCards,ENSG00000268069
GeneCards,ENSG00000269514
GeneCards,ENSG00000269621
GeneCards,ENSG00000269667
GeneCards,ENSG00000270115
GeneCards,ENSG00000270120
GeneCards,ENSG00000270210
GeneCards,ENSG00000270640
GeneCards,ENSG00000271267
GeneCards,ENSG00000271547
GeneCards,ENSG00000271581
GeneCards,ENSG00000271855
GeneCards,ENSG00000271936
GeneCards,ENSG00000272072
GeneCards,ENSG00000272356
GeneCards,ENSG00000272501
GeneCards,ENSG00000272540
GeneCards,ENSG00000272630
GeneCards,ENSG00000272719
GeneCards,ENSG00000272791
GeneCards,ENSG00000273025
GeneCards,ENSG00000273055
GeneCards,ENSG00000273112
GeneCards,ENSG00000273300
GeneCards,ENSG00000273961
GeneCards,ENSG00000274737
GeneCards,ENSG00000275693
GeneCards,ENSG00000276496
GeneCards,ENSG00000277966
GeneCards,ENSG00000278020
GeneCards,ENSG00000278100
GeneCards,ENSG00000278255
GeneCards,ENSG00000278334
GeneCards,ENSG00000278592
GeneCards,ENSG00000279460
GeneCards,ENSG00000279625
GeneCards,ENSG00000280335
GeneCards,ENSG00000283286
GeneCards,ENSG00000283321
GeneCards,ENSG00000283782
GeneCards,ENSG00000284633
GeneCards,ENSG00000284779
GeneCards,ENSG00000284829
GeneCards,ENSG00000285016
GeneCards,ENSG00000285040
GeneCards,ENSG00000285163
GeneCards,ENSG00000285413
GeneCards,ENSG00000285446
GeneCards,ENSG00000285552
GeneCards,ENSG00000285560
GeneCards,ENSG00000285616
GeneCards,ENSG00000285837
GeneCards,ENSG00000285980
GeneCards,ENSG00000286116
GeneCards,ENSG00000286176
GeneCards,ENSG00000286186
GeneCards,ENSG00000286518
GeneCards,ENSG00000286629
GeneCards,ENSG00000286974
GeneCards,ENSG00000287090
GeneCards,ENSG00000287092
GeneCards,ENSG00000287771
GeneCards,ENSG00000287967
GeneCards,ENSG00000288064
GeneCards,ENSG00000288635
GeneCards,ENSG00000288674
GeneCards,ENSG00000288924
GeneCards,ENSG00000288956
GeneCards,ENSG00000289057
GeneCards,ENSG00000289306
GeneCards,ENSG00000289610
GeneCards,ENSG00000289701
GeneCards,ENSG00000289874
GeneCards,ENSG00000289936
GeneCards,ENSG00000289938
GeneCards,ENSG00000289939
GeneCards,ENSG00000290166
GeneCards,ENSG00000291336
GeneCards,ENSG00000291338
GeneCards,ENSG00000293281
GeneCards,ENSG00000293444
GeneCards,ENSG00000293630
GeneCards,ENSG00000294270
GeneCards,ENSG00000294275
GeneCards,ENSG00000294365
GeneCards,ENSG00000294410
GeneCards,ENSG00000294781
GeneCards,ENSG00000295324
GeneCards,ENSG00000295369
GeneCards,ENSG00000295463
GeneCards,ENSG00000295550
GeneCards,ENSG00000296884
GeneCards,ENSG00000297105
GeneCards,ENSG00000298060
GeneCards,ENSG00000298116
GeneCards,ENSG00000298170
GeneCards,ENSG00000298619
GeneCards,ENSG00000298826
GeneCards,ENSG00000299004
GeneCards,ENSG00000299313
GeneCards,ENSG00000299326
GeneCards,ENSG00000299510
GeneCards,ENSG00000300558
GeneCards,ENSG00000300566
GeneCards,ENSG00000300747
GeneCards,ENSG00000300857
GeneCards,ENSG00000300914
GeneCards,ENSG00000300953
GeneCards,ENSG00000301010
GeneCards,ENSG00000301061
GeneCards,ENSG00000301086
GeneCards,ENSG00000301139
GeneCards,ENSG00000301254
GeneCards,ENSG00000301552
GeneCards,ENSG00000301622
GeneCards,ENSG00000302169
GeneCards,ENSG00000302265
GeneCards,ENSG00000302279
GeneCards,ENSG00000302425
GeneCards,ENSG00000302712
GeneCards,ENSG00000302870
GeneCards,ENSG00000302945
GeneCards,ENSG00000302966
GeneCards,ENSG00000303098
GeneCards,ENSG00000303402
GeneCards,ENSG00000303697
GeneCards,ENSG00000303708
GeneCards,ENSG00000303726
GeneCards,ENSG00000303740
GeneCards,ENSG00000304179
GeneCards,ENSG00000304227
GeneCards,ENSG00000304597
GeneCards,ENSG00000304647
GeneCards,ENSG00000304901
GeneCards,ENSG00000305176
GeneCards,ENSG00000305258
GeneCards,ENSG00000305359
GeneCards,ENSG00000305582
GeneCards,ENSG00000305788
GeneCards,ENSG00000306296
GeneCards,ENSG00000306466
GeneCards,ENSG00000306553
GeneCards,ENSG00000306629
GeneCards,ENSG00000306886
GeneCards,ENSG00000307027
GeneCards,ENSG00000307544
GeneCards,ENSG00000307562
GeneCards,ENSG00000307615
GeneCards,ENSG00000307650
GeneCards,ENSG00000307654
GeneCards,ENSG00000307781
GeneCards,ENSG00000307907
GeneCards,ENSG00000307951
GeneCards,ENSG00000307979
GeneCards,ENSG00000308001
GeneCards,ENSG00000308252
GeneCards,ENSG00000308515
GeneCards,ENSG00000308818
GeneCards,ENSG00000309250
GeneCards,ENSG00000309293
GeneCards,ENSG00000309433
GeneCards,ENSG00000309517
GeneCards,ENSG00000309733
GeneCards,ENSG00000309868
GeneCards,ENSG00000309991
GeneCards,ENSG00000310040
GeneCards,ENSG00000310104
GeneCards,ENSG00000310191
GeneCards,ENSG00000310474
GeneCards,ENTPD1
GeneCards,ENTPD1-AS1
GeneCards,ENTPD5
GeneCards,ENTR1
GeneCards,EOLA1-DT
GeneCards,EOMES
GeneCards,EP300
GeneCards,EPAS1
GeneCards,EPB41L2
GeneCards,EPB41L3
GeneCards,EPB41L4A-AS1
GeneCards,EPCAM
GeneCards,EPCAM-DT
GeneCards,EPHA2
GeneCards,EPHB1
GeneCards,EPHB2
GeneCards,EPHB3
GeneCards,EPHB4
GeneCards,EPHB6
GeneCards,EPHX1
GeneCards,EPHX2
GeneCards,EPIC1
GeneCards,EPN3
GeneCards,EPO
GeneCards,EPOR
GeneCards,EPPIN-WFDC6
GeneCards,EPRS1
GeneCards,EPS15P1
GeneCards,EPS8L2
GeneCards,EPX
GeneCards,ERAP1
GeneCards,ERAP2
GeneCards,ERBB2
GeneCards,ERBB3
GeneCards,ERBB4
GeneCards,ERBIN
GeneCards,ERCC1
GeneCards,ERCC2
GeneCards,ERCC6
GeneCards,EREG
GeneCards,ERFE
GeneCards,ERG
GeneCards,ERGIC1
GeneCards,ERGIC2
GeneCards,ERH
GeneCards,ERLNC1
GeneCards,ERN1
GeneCards,ERN2
GeneCards,ERRFI1
GeneCards,ERRFI1-DT
GeneCards,ERV3-1
GeneCards,ERVFRD-1
GeneCards,ERVW-1
GeneCards,ESCO2
GeneCards,ESD
GeneCards,ESF1
GeneCards,ESM1
GeneCards,ESPL1
GeneCards,ESR1
GeneCards,ESR2
GeneCards,ESRG
GeneCards,ESRP1
GeneCards,ESRRA
GeneCards,ESRRB
GeneCards,ESRRG
GeneCards,ESS2
GeneCards,ETF1
GeneCards,ETF1P1
GeneCards,ETFB
GeneCards,ETNK1
GeneCards,ETNK2
GeneCards,ETS1
GeneCards,ETS1-AS1
GeneCards,ETS2
GeneCards,ETS2-AS1
GeneCards,ETV1
GeneCards,ETV4
GeneCards,ETV5
GeneCards,ETV6
GeneCards,ETV7
GeneCards,EVPL
GeneCards,EVX1
GeneCards,EWSAT1
GeneCards,EWSR1
GeneCards,EXO1
GeneCards,EXOC3
GeneCards,EXOC3-AS1
GeneCards,EXOSC1
GeneCards,EXOSC2
GeneCards,EXOSC3
GeneCards,EXOSC4
GeneCards,EXT1
GeneCards,EXTL2
GeneCards,EYA4
GeneCards,EYS
GeneCards,EZH2
GeneCards,EZR
GeneCards,EZR-AS1
GeneCards,F11
GeneCards,F11R
GeneCards,F12
GeneCards,F13A1
GeneCards,F2
GeneCards,F2R
GeneCards,F2RL1
GeneCards,F2RL2
GeneCards,F2RL3
GeneCards,F3
GeneCards,F5
GeneCards,F9
GeneCards,FAAH
GeneCards,FAAP24
GeneCards,FABP1
GeneCards,FABP2
GeneCards,FABP4
GeneCards,FABP5
GeneCards,FABP6
GeneCards,FABP7
GeneCards,FADD
GeneCards,FADS1
GeneCards,FADS2
GeneCards,FADS3
GeneCards,FAF1
GeneCards,FAH
GeneCards,FALEC
GeneCards,FAM167A
GeneCards,FAM177A1
GeneCards,FAM201A
GeneCards,FAM216B
GeneCards,FAM222A-AS1
GeneCards,FAM229A
GeneCards,FAM230B
GeneCards,FAM238C
GeneCards,FAM30A
GeneCards,FAM3D-AS1
GeneCards,FAM43A
GeneCards,FAM50B
GeneCards,FAM66D
GeneCards,FAM78B
GeneCards,FAM98B
GeneCards,FAM99B
GeneCards,FAN1
GeneCards,FANCC
GeneCards,FANCE
GeneCards,FANCG
GeneCards,FANCI
GeneCards,FANCM
GeneCards,FAP
GeneCards,FARP1
GeneCards,FARSA
GeneCards,FAS
GeneCards,FAS-AS1
GeneCards,FASLG
GeneCards,FASN
GeneCards,FAT4
GeneCards,FAU
GeneCards,FBLN2
GeneCards,FBLN5
GeneCards,FBN1
GeneCards,FBP1
GeneCards,FBXL17
GeneCards,FBXL18
GeneCards,FBXL20
GeneCards,FBXO11
GeneCards,FBXO2
GeneCards,FBXO24
GeneCards,FBXW11
GeneCards,FBXW7
GeneCards,FCAMR
GeneCards,FCAR
GeneCards,FCER1A
GeneCards,FCER1G
GeneCards,FCER2
GeneCards,FCGBP
GeneCards,FCGR1A
GeneCards,FCGR2A
GeneCards,FCGR2B
GeneCards,FCGR2C
GeneCards,FCGR3A
GeneCards,FCGR3B
GeneCards,FCGRT
GeneCards,FCHO1
GeneCards,FCHSD2
GeneCards,FCN1
GeneCards,FCN3
GeneCards,FCRL3
GeneCards,FCRLA
GeneCards,FDX1
GeneCards,FDX2
GeneCards,FDX2-ZGLP1
GeneCards,FDXR
GeneCards,FEM1A
GeneCards,FEN1
GeneCards,FENDRR
GeneCards,FER1L4
GeneCards,FERMT1
GeneCards,FERMT2
GeneCards,FERMT3
GeneCards,FES
GeneCards,FEZF1-AS1
GeneCards,FFAR1
GeneCards,FFAR2
GeneCards,FFAR3
GeneCards,FFAR4
GeneCards,FGA
GeneCards,FGD5-AS1
GeneCards,FGF10
GeneCards,FGF12
GeneCards,FGF14-AS2
GeneCards,FGF16
GeneCards,FGF17
GeneCards,FGF18
GeneCards,FGF19
GeneCards,FGF2
GeneCards,FGF20
GeneCards,FGF22
GeneCards,FGF23
GeneCards,FGF3
GeneCards,FGF4
GeneCards,FGF5
GeneCards,FGF6
GeneCards,FGF7
GeneCards,FGF8
GeneCards,FGF9
GeneCards,FGFR1
GeneCards,FGFR1OP2P1
GeneCards,FGFR2
GeneCards,FGFR3
GeneCards,FGFR4
GeneCards,FGL1
GeneCards,FGL2
GeneCards,FH
GeneCards,FHIP1B
GeneCards,FHIT
GeneCards,FHL1
GeneCards,FHL2
GeneCards,FHL3
GeneCards,FIBP
GeneCards,FIGN
GeneCards,FILNC1
GeneCards,FIP1L1
GeneCards,FIS1
GeneCards,FITM2
GeneCards,FKBP15
GeneCards,FKBP1A
GeneCards,FKBP4
GeneCards,FKBP5
GeneCards,FKBP8
GeneCards,FKBPL
GeneCards,FKRP
GeneCards,FLAD1
GeneCards,FLCN
GeneCards,FLG
GeneCards,FLI1
GeneCards,FLII
GeneCards,FLNA
GeneCards,FLNB
GeneCards,FLNC
GeneCards,FLNC-AS1
GeneCards,FLOT1
GeneCards,FLOT2
GeneCards,FLRT1
GeneCards,FLT1
GeneCards,FLT3
GeneCards,FLT3LG
GeneCards,FLT4
GeneCards,FLVCR1
GeneCards,FLVCR1-DT
GeneCards,FLVCR2
GeneCards,FMN2
GeneCards,FMNL2
GeneCards,FMR1
GeneCards,FN1
GeneCards,FN3K
GeneCards,FNBP1
GeneCards,FNDC3A
GeneCards,FNDC4
GeneCards,FNDC5
GeneCards,FNIP1
GeneCards,FOLH1
GeneCards,FOLR1
GeneCards,FOLR2
GeneCards,FOS
GeneCards,FOS-AS1
GeneCards,FOSL1
GeneCards,FOSL2
GeneCards,FOSL2-AS1
GeneCards,FOXA1
GeneCards,FOXA2
GeneCards,FOXC2
GeneCards,FOXC2-AS1
GeneCards,FOXCUT
GeneCards,FOXD2-AS1
GeneCards,FOXD3-AS1
GeneCards,FOXE1
GeneCards,FOXF1
GeneCards,FOXM1
GeneCards,FOXN4
GeneCards,FOXO1
GeneCards,FOXO3
GeneCards,FOXO4
GeneCards,FOXP1
GeneCards,FOXP2
GeneCards,FOXP3
GeneCards,FOXP4-AS1
GeneCards,FOXQ1
GeneCards,FPGS
GeneCards,FPR1
GeneCards,FPR2
GeneCards,FRA7F
GeneCards,FRAT2
GeneCards,FRGCA
GeneCards,FRMD4A
GeneCards,FRMD4A-AS2
GeneCards,FRMD6
GeneCards,FRMPD2
GeneCards,FRY
GeneCards,FSCN1
GeneCards,FSHB
GeneCards,FSTL1
GeneCards,FTCD
GeneCards,FTL
GeneCards,FTO
GeneCards,FTSJ3
GeneCards,FTX
GeneCards,FUBP3
GeneCards,FURIN
GeneCards,FUS
GeneCards,FUT1
GeneCards,FUT2
GeneCards,FUT3
GeneCards,FUT4
GeneCards,FUT7
GeneCards,FUT8
GeneCards,FXYD1
GeneCards,FXYD2
GeneCards,FYN
GeneCards,FZD1
GeneCards,FZD10
GeneCards,FZD2
GeneCards,FZD3
GeneCards,FZD4
GeneCards,FZD7
GeneCards,FZD8
GeneCards,G0S2
GeneCards,G6PC1
GeneCards,G6PC2
GeneCards,G6PC3
GeneCards,G6PD
GeneCards,GABARAP
GeneCards,GABARAPL2
GeneCards,GABARAPL3
GeneCards,GABPA
GeneCards,GABRB3
GeneCards,GACAT3
GeneCards,GAD1
GeneCards,GAD2
GeneCards,GADD45A
GeneCards,GADD45B
GeneCards,GAGE2E
GeneCards,GAL
GeneCards,GAL3ST2
GeneCards,GALC
GeneCards,GALK1
GeneCards,GALM
GeneCards,GALNT12
GeneCards,GALNT13-AS1
GeneCards,GALNT14
GeneCards,GALNT17
GeneCards,GALNT2
GeneCards,GALT
GeneCards,GANAB
GeneCards,GAPDH
GeneCards,GAPDH-DT
GeneCards,GAPDHP57
GeneCards,GAPVD1
GeneCards,GAR1
GeneCards,GARS1
GeneCards,GART
GeneCards,GAS5
GeneCards,GAS6
GeneCards,GAS6-AS1
GeneCards,GAS7
GeneCards,GAST
GeneCards,GATA2
GeneCards,GATA2-AS1
GeneCards,GATA3
GeneCards,GATA4
GeneCards,GATA5
GeneCards,GATA6
GeneCards,GATA6-AS1
GeneCards,GATD3
GeneCards,GATM
GeneCards,GAU1
GeneCards,GBA1
GeneCards,GBA1LP
GeneCards,GBGT1
GeneCards,GBP1
GeneCards,GBP5
GeneCards,GC
GeneCards,GCG
GeneCards,GCH1
GeneCards,GCKR
GeneCards,GCLC
GeneCards,GCLM
GeneCards,GCNT2
GeneCards,GCNT3
GeneCards,GCSH
GeneCards,GDE1
GeneCards,GDF11
GeneCards,GDF15
GeneCards,GDI1
GeneCards,GDI2
GeneCards,GDNF
GeneCards,GET1
GeneCards,GFAP
GeneCards,GFI1B
GeneCards,GFOD1
GeneCards,GFOD3P
GeneCards,GFPT1
GeneCards,GFRA1
GeneCards,GFY
GeneCards,GGA2
GeneCards,GGH
GeneCards,GGNBP1
GeneCards,GGT1
GeneCards,GHRL
GeneCards,GHSR
GeneCards,GID8
GeneCards,GIGYF1
GeneCards,GIHCG
GeneCards,GIMAP5
GeneCards,GIT2
GeneCards,GJA1
GeneCards,GJA10
GeneCards,GJA4
GeneCards,GJB4
GeneCards,GJB6
GeneCards,GKN1
GeneCards,GLB1
GeneCards,GLB1L2
GeneCards,GLCCI1
GeneCards,GLI1
GeneCards,GLI3
GeneCards,GLIS1
GeneCards,GLIS2
GeneCards,GLO1
GeneCards,GLP1R
GeneCards,GLP2R
GeneCards,GLRA1
GeneCards,GLS
GeneCards,GLUD1P5
GeneCards,GLUL
GeneCards,GLYAT
GeneCards,GLYATL1
GeneCards,GLYATL1-AS1
GeneCards,GM2AP1
GeneCards,GMEB2
GeneCards,GMPPB
GeneCards,GNA11
GeneCards,GNA12
GeneCards,GNAI2
GeneCards,GNAS
GeneCards,GNAS-AS1
GeneCards,GNB1
GeneCards,GNE
GeneCards,GNG12-AS1
GeneCards,GNG2
GeneCards,GNG5
GeneCards,GNL1
GeneCards,GNMT
GeneCards,GNPDA1
GeneCards,GOLGA8B
GeneCards,GOLGB1
GeneCards,GOLM1
GeneCards,GOLPH3
GeneCards,GOLT1A
GeneCards,GON4L
GeneCards,GON7
GeneCards,GOT1
GeneCards,GOT1-DT
GeneCards,GOT2
GeneCards,GP1BA
GeneCards,GP1BB
GeneCards,GP2
GeneCards,GP6
GeneCards,GP9
GeneCards,GPA33
GeneCards,GPANK1
GeneCards,GPATCH1
GeneCards,GPATCH2L
GeneCards,GPBAR1
GeneCards,GPC3
GeneCards,GPC5
GeneCards,GPC6
GeneCards,GPD2
GeneCards,GPER1
GeneCards,GPI
GeneCards,GPIHBP1
GeneCards,GPM6A
GeneCards,GPN1
GeneCards,GPNMB
GeneCards,GPR107
GeneCards,GPR119
GeneCards,GPR12
GeneCards,GPR15
GeneCards,GPR158
GeneCards,GPR17
GeneCards,GPR18
GeneCards,GPR183
GeneCards,GPR25
GeneCards,GPR33
GeneCards,GPR35
GeneCards,GPR55
GeneCards,GPR62
GeneCards,GPR65
GeneCards,GPR68
GeneCards,GPR84
GeneCards,GPR84-AS1
GeneCards,GPRIN3
GeneCards,GPSM1
GeneCards,GPSM3
GeneCards,GPT
GeneCards,GPT2
GeneCards,GPX1
GeneCards,GPX2
GeneCards,GPX3
GeneCards,GPX4
GeneCards,GPX5
GeneCards,GPX6
GeneCards,GPX7
GeneCards,GPX8
GeneCards,GRAMD1B
GeneCards,GRAMD2A
GeneCards,GRASLND
GeneCards,GRB14
GeneCards,GRB2
GeneCards,GRB7
GeneCards,GREM1
GeneCards,GRHL2-DT
GeneCards,GRHL3
GeneCards,GRIA2
GeneCards,GRID2IP
GeneCards,GRIN3B
GeneCards,GRK5
GeneCards,GRK6
GeneCards,GRM1
GeneCards,GRM3
GeneCards,GRM5
GeneCards,GRM8
GeneCards,GRN
GeneCards,GRP
GeneCards,GRPR
GeneCards,GRWD1
GeneCards,GSDMA
GeneCards,GSDMB
GeneCards,GSDMD
GeneCards,GSDME
GeneCards,GSE1-AS1
GeneCards,GSK3B
GeneCards,GSN
GeneCards,GSR
GeneCards,GSS
GeneCards,GSTA1
GeneCards,GSTA2
GeneCards,GSTK1
GeneCards,GSTM1
GeneCards,GSTM2
GeneCards,GSTM3
GeneCards,GSTO1
GeneCards,GSTP1
GeneCards,GSTT1
GeneCards,GTF2E2
GeneCards,GTF2F1
GeneCards,GTF2H1
GeneCards,GTF2H4
GeneCards,GTF2H5
GeneCards,GTF2I
GeneCards,GTF3AP5
GeneCards,GTF3AP6
GeneCards,GTF3C2
GeneCards,GTF3C2-AS1
GeneCards,GUCA2A
GeneCards,GUCA2B
GeneCards,GUCY2C
GeneCards,GUCY2D
GeneCards,GUK1
GeneCards,GUSB
GeneCards,GUSBP18
GeneCards,GVQW3
GeneCards,GYG2P2
GeneCards,GZMA
GeneCards,GZMB
GeneCards,GZMK
GeneCards,GZMM
GeneCards,H1-5
GeneCards,H19
GeneCards,H2AC13
GeneCards,H2AC14
GeneCards,H2AX
GeneCards,H2AZ1
GeneCards,H2AZ1-DT
GeneCards,H2BC13
GeneCards,H2BC14
GeneCards,H2BC15
GeneCards,H2BC17
GeneCards,H2BC3
GeneCards,H2BC4
GeneCards,H2BC5
GeneCards,H2BC6
GeneCards,H2BC6-AS1
GeneCards,H3-3B
GeneCards,H3-4
GeneCards,H3-5
GeneCards,H3-7
GeneCards,H3C1
GeneCards,H3C10
GeneCards,H3C12
GeneCards,H3C13
GeneCards,H3C2
GeneCards,H4C1
GeneCards,H4C10P
GeneCards,H4C3
GeneCards,HAAO
GeneCards,HACD3
GeneCards,HADH
GeneCards,HADHA
GeneCards,HAGLR
GeneCards,HAMP
GeneCards,HAND2-AS1
GeneCards,HAPSTR1
GeneCards,HAR1B
GeneCards,HAS3
GeneCards,HAVCR1
GeneCards,HAVCR2
GeneCards,HAX1
GeneCards,HBB
GeneCards,HBEGF
GeneCards,HCAR2
GeneCards,HCAR3
GeneCards,HCCAT5
GeneCards,HCG11
GeneCards,HCG17
GeneCards,HCG18
GeneCards,HCG21
GeneCards,HCG22
GeneCards,HCG23
GeneCards,HCG25
GeneCards,HCG26
GeneCards,HCG27
GeneCards,HCG4
GeneCards,HCG4B
GeneCards,HCG9
GeneCards,HCG9P5
GeneCards,HCK
GeneCards,HCN1
GeneCards,HCN3
GeneCards,HCP5
GeneCards,HCRT
GeneCards,HCRTR1
GeneCards,HDAC1
GeneCards,HDAC11
GeneCards,HDAC2
GeneCards,HDAC3
GeneCards,HDAC4
GeneCards,HDAC6
GeneCards,HDAC7
GeneCards,HDAC9
GeneCards,HDC
GeneCards,HDGFL2
GeneCards,HDGFL3
GeneCards,HEATR1
GeneCards,HEATR3
GeneCards,HECTD4
GeneCards,HERC2
GeneCards,HES1
GeneCards,HEXA
GeneCards,HEXB
GeneCards,HEY2
GeneCards,HFE
GeneCards,HG983680
GeneCards,HGF
GeneCards,HGFAC
GeneCards,HHEX
GeneCards,HIBCH
GeneCards,HIC1
GeneCards,HIF1A
GeneCards,HIF3A
GeneCards,HINT1
GeneCards,HIPK1
GeneCards,HIPK2
GeneCards,HIRIP3
GeneCards,HISLA
GeneCards,HK1
GeneCards,HK2
GeneCards,HLA-A
GeneCards,HLA-B
GeneCards,HLA-C
GeneCards,HLA-DMA
GeneCards,HLA-DMB
GeneCards,HLA-DOA
GeneCards,HLA-DOB
GeneCards,HLA-DPA1
GeneCards,HLA-DPB1
GeneCards,HLA-DQA1
GeneCards,HLA-DQA1-AS1
GeneCards,HLA-DQA2
GeneCards,HLA-DQB1
GeneCards,HLA-DQB1-AS1
GeneCards,HLA-DQB2
GeneCards,HLA-DQB3
GeneCards,HLA-DRA
GeneCards,HLA-DRB1
GeneCards,HLA-DRB3
GeneCards,HLA-DRB4
GeneCards,HLA-DRB5
GeneCards,HLA-DRB6
GeneCards,HLA-DRB9
GeneCards,HLA-E
GeneCards,HLA-F
GeneCards,HLA-F-AS1
GeneCards,HLA-G
GeneCards,HLA-H
GeneCards,HLA-J
GeneCards,HLA-K
GeneCards,HLA-L
GeneCards,HLA-T
GeneCards,HLA-U
GeneCards,HLA-W
GeneCards,HLF
GeneCards,HLTF
GeneCards,HMBS
GeneCards,HMGA2
GeneCards,HMGB1
GeneCards,HMGB2
GeneCards,HMGCR
GeneCards,HMGCS2
GeneCards,HMGN1
GeneCards,HMGN2P18
GeneCards,HMGXB3
GeneCards,HMGXB4
GeneCards,HMOX1
GeneCards,HMOX2
GeneCards,HNF1A
GeneCards,HNF1A-AS1
GeneCards,HNF1B
GeneCards,HNF4A
GeneCards,HNF4A-AS1
GeneCards,HNF4G
GeneCards,HNMT
GeneCards,HNRNPA0
GeneCards,HNRNPA1
GeneCards,HNRNPA1P41
GeneCards,HNRNPA2B1
GeneCards,HNRNPCP4
GeneCards,HNRNPD
GeneCards,HNRNPH3
GeneCards,HNRNPK
GeneCards,HNRNPM
GeneCards,HNRNPMP2
GeneCards,HNRNPU
GeneCards,HNRNPUL1
GeneCards,HOOK2
GeneCards,HOPX
GeneCards,HORMAD1
GeneCards,HORMAD2
GeneCards,HORMAD2-AS1
GeneCards,HOTAIR
GeneCards,HOTAIRM1
GeneCards,HOTTIP
GeneCards,HOXA-AS3
GeneCards,HOXA10
GeneCards,HOXA11
GeneCards,HOXA11-AS
GeneCards,HOXA13
GeneCards,HOXA2
GeneCards,HOXA5
GeneCards,HOXB13
GeneCards,HOXB6
GeneCards,HOXB8
GeneCards,HOXD3
GeneCards,HP
GeneCards,HPGD
GeneCards,HPN
GeneCards,HPRT1
GeneCards,HPS1
GeneCards,HPS3
GeneCards,HPS4
GeneCards,HPS6
GeneCards,HPSE
GeneCards,HQ292134
GeneCards,HR
GeneCards,HRAS
GeneCards,HRH1
GeneCards,HRH2
GeneCards,HRH4
GeneCards,HSALNG0000115
GeneCards,HSALNG0000278
GeneCards,HSALNG0000283
GeneCards,HSALNG0001400
GeneCards,HSALNG0001404
GeneCards,HSALNG0001405
GeneCards,HSALNG0001583
GeneCards,HSALNG0002455
GeneCards,HSALNG0002831
GeneCards,HSALNG0004128
GeneCards,HSALNG0004304
GeneCards,HSALNG0005171
GeneCards,HSALNG0005172
GeneCards,HSALNG0006204
GeneCards,HSALNG0007401
GeneCards,HSALNG0007447
GeneCards,HSALNG0007483
GeneCards,HSALNG0007924
GeneCards,HSALNG0009945
GeneCards,HSALNG0011617
GeneCards,HSALNG0011621
GeneCards,HSALNG0012736
GeneCards,HSALNG0015265
GeneCards,HSALNG0015266
GeneCards,HSALNG0015371
GeneCards,HSALNG0015546
GeneCards,HSALNG0019374
GeneCards,HSALNG0020109
GeneCards,HSALNG0020788
GeneCards,HSALNG0021688
GeneCards,HSALNG0021690
GeneCards,HSALNG0022244
GeneCards,HSALNG0023605
GeneCards,HSALNG0023723
GeneCards,HSALNG0027252
GeneCards,HSALNG0027636
GeneCards,HSALNG0029579
GeneCards,HSALNG0032579
GeneCards,HSALNG0034263
GeneCards,HSALNG0034265
GeneCards,HSALNG0036012
GeneCards,HSALNG0036088
GeneCards,HSALNG0037392
GeneCards,HSALNG0041374
GeneCards,HSALNG0043662
GeneCards,HSALNG0044839
GeneCards,HSALNG0044846
GeneCards,HSALNG0046477
GeneCards,HSALNG0046479
GeneCards,HSALNG0046620
GeneCards,HSALNG0046923
GeneCards,HSALNG0048249
GeneCards,HSALNG0048736
GeneCards,HSALNG0048911
GeneCards,HSALNG0049103
GeneCards,HSALNG0049105
GeneCards,HSALNG0049109-001
GeneCards,HSALNG0049125
GeneCards,HSALNG0049239
GeneCards,HSALNG0049303
GeneCards,HSALNG0049404-002
GeneCards,HSALNG0049423
GeneCards,HSALNG0049424
GeneCards,HSALNG0049427
GeneCards,HSALNG0049428
GeneCards,HSALNG0050236
GeneCards,HSALNG0050238
GeneCards,HSALNG0052445
GeneCards,HSALNG0052447
GeneCards,HSALNG0052454
GeneCards,HSALNG0053005
GeneCards,HSALNG0054540
GeneCards,HSALNG0055751
GeneCards,HSALNG0055975
GeneCards,HSALNG0056318
GeneCards,HSALNG0056404
GeneCards,HSALNG0056407
GeneCards,HSALNG0056490
GeneCards,HSALNG0056499
GeneCards,HSALNG0056565
GeneCards,HSALNG0060048
GeneCards,HSALNG0060454
GeneCards,HSALNG0060782
GeneCards,HSALNG0061260
GeneCards,HSALNG0063030
GeneCards,HSALNG0064168
GeneCards,HSALNG0066497
GeneCards,HSALNG0066832
GeneCards,HSALNG0068535
GeneCards,HSALNG0069758
GeneCards,HSALNG0073924
GeneCards,HSALNG0074773
GeneCards,HSALNG0074775
GeneCards,HSALNG0075240
GeneCards,HSALNG0075242
GeneCards,HSALNG0075913
GeneCards,HSALNG0076302
GeneCards,HSALNG0077026
GeneCards,HSALNG0077608
GeneCards,HSALNG0078328
GeneCards,HSALNG0078329
GeneCards,HSALNG0079213
GeneCards,HSALNG0079551
GeneCards,HSALNG0079553
GeneCards,HSALNG0079716
GeneCards,HSALNG0079717
GeneCards,HSALNG0080051
GeneCards,HSALNG0082195
GeneCards,HSALNG0082198
GeneCards,HSALNG0084356
GeneCards,HSALNG0084357
GeneCards,HSALNG0084557
GeneCards,HSALNG0085865
GeneCards,HSALNG0088101
GeneCards,HSALNG0088251
GeneCards,HSALNG0092143
GeneCards,HSALNG0094037
GeneCards,HSALNG0094038
GeneCards,HSALNG0098906
GeneCards,HSALNG0098908
GeneCards,HSALNG0100581
GeneCards,HSALNG0100582
GeneCards,HSALNG0101534
GeneCards,HSALNG0102510
GeneCards,HSALNG0103019
GeneCards,HSALNG0103191
GeneCards,HSALNG0103466
GeneCards,HSALNG0106744
GeneCards,HSALNG0107051
GeneCards,HSALNG0109453
GeneCards,HSALNG0109456
GeneCards,HSALNG0109573
GeneCards,HSALNG0109575
GeneCards,HSALNG0109607
GeneCards,HSALNG0111330
GeneCards,HSALNG0112951
GeneCards,HSALNG0113256
GeneCards,HSALNG0115400
GeneCards,HSALNG0115422
GeneCards,HSALNG0115423
GeneCards,HSALNG0115857
GeneCards,HSALNG0120134
GeneCards,HSALNG0120135
GeneCards,HSALNG0121467
GeneCards,HSALNG0122987
GeneCards,HSALNG0122988
GeneCards,HSALNG0123926
GeneCards,HSALNG0127574-001
GeneCards,HSALNG0129763
GeneCards,HSALNG0130311
GeneCards,HSALNG0130312
GeneCards,HSALNG0130314
GeneCards,HSALNG0130695
GeneCards,HSALNG0130758
GeneCards,HSALNG0132765
GeneCards,HSALNG0133099
GeneCards,HSALNG0133101
GeneCards,HSALNG0133108
GeneCards,HSALNG0133110
GeneCards,HSALNG0133334
GeneCards,HSALNG0136252
GeneCards,HSALNG0141932
GeneCards,HSALNG0142038
GeneCards,HSALNG0142137
GeneCards,HSALNG0142406
GeneCards,HSALNG0142580
GeneCards,HSALNG0143068
GeneCards,HSALNG0143222
GeneCards,HSALNG0143317
GeneCards,HSALNG0143342
GeneCards,HSALNG0143727
GeneCards,HSALNG0144446
GeneCards,HSALNG0145163
GeneCards,HSALNG0146177
GeneCards,HSALNG0146398
GeneCards,HSALNG0147184
GeneCards,HSALNG0147411
GeneCards,HSALNG0147437
GeneCards,HSALNG0148914
GeneCards,HSALNG0148999
GeneCards,HSALNG0149029
GeneCards,HSALNG0149108
GeneCards,HSALNG0149134
GeneCards,HSALNG0149394
GeneCards,HSALNG0149401
GeneCards,HSALNG0149752
GeneCards,HSALNG0149895
GeneCards,HSALNG0150771
GeneCards,HSD11B1
GeneCards,HSD11B2
GeneCards,HSD17B10
GeneCards,HSD17B11
GeneCards,HSD17B12
GeneCards,HSD17B2
GeneCards,HSD17B3
GeneCards,HSD17B4
GeneCards,HSD17B8
GeneCards,HSD3B1
GeneCards,HSF1
GeneCards,HSF2
GeneCards,HSH2D
GeneCards,HSP90AA1
GeneCards,HSP90AB1
GeneCards,HSP90B1
GeneCards,HSP90B2P
GeneCards,HSPA1A
GeneCards,HSPA1B
GeneCards,HSPA1L
GeneCards,HSPA2
GeneCards,HSPA4
GeneCards,HSPA5
GeneCards,HSPA6
GeneCards,HSPA7
GeneCards,HSPA8
GeneCards,HSPA8P9
GeneCards,HSPA9
GeneCards,HSPB1
GeneCards,HSPB2
GeneCards,HSPB3
GeneCards,HSPD1
GeneCards,HSPE1
GeneCards,HSPG2
GeneCards,HTR1F
GeneCards,HTR2A
GeneCards,HTR3A
GeneCards,HTR4
GeneCards,HTR7
GeneCards,HTRA1
GeneCards,HULC
GeneCards,HUNK
GeneCards,HYAL2
GeneCards,Hsa-Mir-574_5p-020
GeneCards,IATPR
GeneCards,IBD11
GeneCards,IBD12
GeneCards,IBD15
GeneCards,IBD16
GeneCards,IBD18
GeneCards,IBD2
GeneCards,IBD20
GeneCards,IBD21
GeneCards,IBD22
GeneCards,IBD23
GeneCards,IBD24
GeneCards,IBD26
GeneCards,IBD27
GeneCards,IBD3
GeneCards,IBD4
GeneCards,IBD5
GeneCards,IBD6
GeneCards,IBD7
GeneCards,IBD8
GeneCards,IBD9
GeneCards,IBSP
GeneCards,ICA1
GeneCards,ICAM1
GeneCards,ICAM2
GeneCards,ICAM3
GeneCards,ICMT
GeneCards,ICMT-DT
GeneCards,ICOS
GeneCards,ICOSLG
GeneCards,ID1
GeneCards,ID2
GeneCards,IDDM15
GeneCards,IDH1
GeneCards,IDH2
GeneCards,IDH3A
GeneCards,IDI1P2
GeneCards,IDO1
GeneCards,IDO2
GeneCards,IER3
GeneCards,IFFO1
GeneCards,IFFO2
GeneCards,IFI16
GeneCards,IFI27
GeneCards,IFI44L
GeneCards,IFIH1
GeneCards,IFIT2
GeneCards,IFITM1
GeneCards,IFITM3
GeneCards,IFITM4P
GeneCards,IFNA1
GeneCards,IFNA10
GeneCards,IFNA13
GeneCards,IFNA14
GeneCards,IFNA16
GeneCards,IFNA17
GeneCards,IFNA2
GeneCards,IFNA21
GeneCards,IFNA4
GeneCards,IFNA5
GeneCards,IFNA6
GeneCards,IFNA7
GeneCards,IFNA8
GeneCards,IFNAR1
GeneCards,IFNAR2
GeneCards,IFNAR2-IL10RB
GeneCards,IFNB1
GeneCards,IFNG
GeneCards,IFNG-AS1
GeneCards,IFNGR1
GeneCards,IFNGR2
GeneCards,IFNLR1
GeneCards,IFT172
GeneCards,IFT54
GeneCards,IGF1
GeneCards,IGF1R
GeneCards,IGF2
GeneCards,IGF2-AS
GeneCards,IGF2BP1
GeneCards,IGF2BP2
GeneCards,IGF2BP3
GeneCards,IGF2R
GeneCards,IGFBP1
GeneCards,IGFBP2
GeneCards,IGFBP3
GeneCards,IGFBP4
GeneCards,IGFBP5
GeneCards,IGFBP6
GeneCards,IGFBP7
GeneCards,IGFL2-AS1
GeneCards,IGHA1
GeneCards,IGHD
GeneCards,IGHG1
GeneCards,IGHG2
GeneCards,IGHG3
GeneCards,IGHJ3P
GeneCards,IGHM
GeneCards,IGHMBP2
GeneCards,IGKC
GeneCards,IGKV2-29
GeneCards,IGLL5
GeneCards,IGLV5-52
GeneCards,IGSF6
GeneCards,IKBKB
GeneCards,IKBKE
GeneCards,IKBKG
GeneCards,IKZF1
GeneCards,IKZF2
GeneCards,IKZF3
GeneCards,IKZF4
GeneCards,IL10
GeneCards,IL10RA
GeneCards,IL10RB
GeneCards,IL11
GeneCards,IL11RA
GeneCards,IL12A
GeneCards,IL12B
GeneCards,IL12B-AS1
GeneCards,IL12RB1
GeneCards,IL12RB2
GeneCards,IL13
GeneCards,IL13RA1
GeneCards,IL13RA2
GeneCards,IL15
GeneCards,IL15RA
GeneCards,IL16
GeneCards,IL17A
GeneCards,IL17B
GeneCards,IL17C
GeneCards,IL17D
GeneCards,IL17F
GeneCards,IL17RA
GeneCards,IL17RB
GeneCards,IL17RC
GeneCards,IL17RD
GeneCards,IL17RE
GeneCards,IL17REL
GeneCards,IL18
GeneCards,IL18BP
GeneCards,IL18R1
GeneCards,IL18RAP
GeneCards,IL19
GeneCards,IL1A
GeneCards,IL1B
GeneCards,IL1F10
GeneCards,IL1R1
GeneCards,IL1R1-AS1
GeneCards,IL1R2
GeneCards,IL1RAP
GeneCards,IL1RAPL2
GeneCards,IL1RL1
GeneCards,IL1RL2
GeneCards,IL1RN
GeneCards,IL2
GeneCards,IL20
GeneCards,IL20RB
GeneCards,IL21
GeneCards,IL21-AS1
GeneCards,IL21R
GeneCards,IL22
GeneCards,IL22RA1
GeneCards,IL22RA2
GeneCards,IL23A
GeneCards,IL23R
GeneCards,IL24
GeneCards,IL25
GeneCards,IL26
GeneCards,IL27
GeneCards,IL27RA
GeneCards,IL2RA
GeneCards,IL2RB
GeneCards,IL2RG
GeneCards,IL3
GeneCards,IL31
GeneCards,IL31RA
GeneCards,IL32
GeneCards,IL33
GeneCards,IL34
GeneCards,IL36A
GeneCards,IL36RN
GeneCards,IL37
GeneCards,IL3RA
GeneCards,IL4
GeneCards,IL4R
GeneCards,IL5
GeneCards,IL6
GeneCards,IL6-AS1
GeneCards,IL6R
GeneCards,IL6R-AS1
GeneCards,IL6ST
GeneCards,IL6ST-DT
GeneCards,IL6STP1
GeneCards,IL7
GeneCards,IL7R
GeneCards,IL9
GeneCards,IL9R
GeneCards,ILF2
GeneCards,ILF3
GeneCards,ILF3-DT
GeneCards,ILK
GeneCards,IMPA1
GeneCards,IMPDH1
GeneCards,IMPDH2
GeneCards,INAFM1
GeneCards,INAVA
GeneCards,ING4
GeneCards,INHBA
GeneCards,INHBA-AS1
GeneCards,INKA1
GeneCards,INO80B
GeneCards,INO80D
GeneCards,INPP5D
GeneCards,INPP5E
GeneCards,INS
GeneCards,INS-IGF2
GeneCards,INSL4
GeneCards,INSL5
GeneCards,INSL6
GeneCards,INSR
GeneCards,INSYN2B
GeneCards,INTS11
GeneCards,IP6K1
GeneCards,IP6K2
GeneCards,IPMK
GeneCards,IPO13
GeneCards,IPPK
GeneCards,IPW
GeneCards,IQANK1
GeneCards,IQCH
GeneCards,IQGAP1
GeneCards,IQGAP2
GeneCards,IRAG1
GeneCards,IRAK1
GeneCards,IRAK3
GeneCards,IRAK4
GeneCards,IRF1
GeneCards,IRF2
GeneCards,IRF2BP2
GeneCards,IRF2BPL
GeneCards,IRF3
GeneCards,IRF4
GeneCards,IRF5
GeneCards,IRF7
GeneCards,IRF8
GeneCards,IRGM
GeneCards,IRS1
GeneCards,IRS2
GeneCards,IRS3P
GeneCards,ISCA2P1
GeneCards,ISG15
GeneCards,ISG20L2
GeneCards,ITCH
GeneCards,ITGA1
GeneCards,ITGA11
GeneCards,ITGA2
GeneCards,ITGA2B
GeneCards,ITGA4
GeneCards,ITGA5
GeneCards,ITGA6
GeneCards,ITGA8
GeneCards,ITGAD
GeneCards,ITGAE
GeneCards,ITGAL
GeneCards,ITGAM
GeneCards,ITGAV
GeneCards,ITGAX
GeneCards,ITGB1
GeneCards,ITGB1BP1
GeneCards,ITGB1BP2
GeneCards,ITGB2
GeneCards,ITGB3
GeneCards,ITGB3BP
GeneCards,ITGB4
GeneCards,ITGB5
GeneCards,ITGB6
GeneCards,ITGB7
GeneCards,ITGB8
GeneCards,ITGB8-AS1
GeneCards,ITIH1
GeneCards,ITIH3
GeneCards,ITIH4
GeneCards,ITIH4-AS1
GeneCards,ITIH5
GeneCards,ITK
GeneCards,ITLN1
GeneCards,ITLN2
GeneCards,ITPA
GeneCards,ITPKA
GeneCards,ITPKB
GeneCards,ITPR1
GeneCards,ITPR3
GeneCards,ITSN1
GeneCards,ITSN2
GeneCards,IVL
GeneCards,IZUMO1
GeneCards,JAG1
GeneCards,JAK1
GeneCards,JAK2
GeneCards,JAK3
GeneCards,JAKMIP1
GeneCards,JAZF1
GeneCards,JAZF1-AS1
GeneCards,JCHAIN
GeneCards,JDP2
GeneCards,JKAMPP1
GeneCards,JMJD1C-AS1
GeneCards,JMY
GeneCards,JOSD2
GeneCards,JPH2
GeneCards,JPH3
GeneCards,JPX
GeneCards,JRKL
GeneCards,JUN
GeneCards,JUNB
GeneCards,JUP
GeneCards,KAAG1
GeneCards,KALRN
GeneCards,KANSL2
GeneCards,KARS1
GeneCards,KASH5
GeneCards,KAT2A
GeneCards,KAT2B
GeneCards,KAT5
GeneCards,KAT6B
GeneCards,KAT7
GeneCards,KCNA1
GeneCards,KCNA3
GeneCards,KCNA4
GeneCards,KCNA5
GeneCards,KCNB2
GeneCards,KCND3
GeneCards,KCNE3
GeneCards,KCNH1
GeneCards,KCNIP4
GeneCards,KCNJ11
GeneCards,KCNJ6
GeneCards,KCNK10
GeneCards,KCNMA1
GeneCards,KCNN1
GeneCards,KCNN4
GeneCards,KCNQ1
GeneCards,KCNQ1OT1
GeneCards,KCNQ2
GeneCards,KCP
GeneCards,KDM1A
GeneCards,KDM4A
GeneCards,KDM4B
GeneCards,KDM4E
GeneCards,KDM6B
GeneCards,KDR
GeneCards,KEAP1
GeneCards,KHDC3L
GeneCards,KHDC4
GeneCards,KHDRBS1
GeneCards,KIAA0319
GeneCards,KIF14
GeneCards,KIF15
GeneCards,KIF21A
GeneCards,KIF21B
GeneCards,KIF26B
GeneCards,KIF2A
GeneCards,KIF3A
GeneCards,KIF3B
GeneCards,KIFC1
GeneCards,KIR2DL1
GeneCards,KIR2DL2
GeneCards,KIR2DL3
GeneCards,KIR2DS1
GeneCards,KIR2DS2
GeneCards,KIR2DS3
GeneCards,KIR2DS4
GeneCards,KIR2DS5
GeneCards,KIR3DL2
GeneCards,KIR3DS1
GeneCards,KIRREL1
GeneCards,KISS1
GeneCards,KIT
GeneCards,KITLG
GeneCards,KL
GeneCards,KLC3
GeneCards,KLF1
GeneCards,KLF11
GeneCards,KLF2
GeneCards,KLF4
GeneCards,KLF5
GeneCards,KLF6
GeneCards,KLF9
GeneCards,KLHL12P1
GeneCards,KLK2
GeneCards,KLK3
GeneCards,KLK6
GeneCards,KLK8
GeneCards,KLKB1
GeneCards,KLRB1
GeneCards,KLRC1
GeneCards,KLRD1
GeneCards,KLRG1
GeneCards,KLRK1
GeneCards,KMT2A
GeneCards,KMT2C
GeneCards,KMT2D
GeneCards,KMT5B
GeneCards,KNG1
GeneCards,KPNA1
GeneCards,KPNA4
GeneCards,KPNA7
GeneCards,KPNB1
GeneCards,KPNB1-DT
GeneCards,KRAS
GeneCards,KRIT1
GeneCards,KRT1
GeneCards,KRT14
GeneCards,KRT15
GeneCards,KRT16
GeneCards,KRT18
GeneCards,KRT18P39
GeneCards,KRT18P56
GeneCards,KRT19
GeneCards,KRT20
GeneCards,KRT38
GeneCards,KRT4
GeneCards,KRT5
GeneCards,KRT7
GeneCards,KRT74
GeneCards,KRT8
GeneCards,KRT8P25
GeneCards,KRTAP5-5
GeneCards,KRTAP5-6
GeneCards,KRTAP9-2
GeneCards,KRTCAP2
GeneCards,KRTCAP3
GeneCards,KRTDAP
GeneCards,KSR1
GeneCards,L13712-003
GeneCards,L13712-006
GeneCards,L13712-018
GeneCards,L1CAM
GeneCards,L1CAM-AS1
GeneCards,L3MBTL3
GeneCards,LACC1
GeneCards,LACTB
GeneCards,LACTB2-AS1
GeneCards,LAD1
GeneCards,LAG3
GeneCards,LAMA5
GeneCards,LAMB1
GeneCards,LAMB3
GeneCards,LAMC2
GeneCards,LAMC3
GeneCards,LAMP1
GeneCards,LAMP2
GeneCards,LAMP3
GeneCards,LAMTOR2
GeneCards,LAMTOR3
GeneCards,LANCL2
GeneCards,LAP3
GeneCards,LAPTM4BP1
GeneCards,LARP1
GeneCards,LARP7P3
GeneCards,LARP7P4
GeneCards,LASP1
GeneCards,LATS1
GeneCards,LATS2
GeneCards,LAYN
GeneCards,LBH
GeneCards,LBP
GeneCards,LBR
GeneCards,LBX2-AS1
GeneCards,LCA5L
GeneCards,LCAT
GeneCards,LCE3A
GeneCards,LCE3B
GeneCards,LCK
GeneCards,LCN1P1
GeneCards,LCN2
GeneCards,LCOR
GeneCards,LCP2
GeneCards,LCT
GeneCards,LDHA
GeneCards,LDHB
GeneCards,LDHC
GeneCards,LDLR
GeneCards,LDLRAD4-AS1
GeneCards,LEF1
GeneCards,LEF1-AS1
GeneCards,LEFTY1
GeneCards,LEMD2
GeneCards,LENG1
GeneCards,LEP
GeneCards,LEPR
GeneCards,LGALS1
GeneCards,LGALS2
GeneCards,LGALS3
GeneCards,LGALS3BP
GeneCards,LGALS4
GeneCards,LGALS9
GeneCards,LGI1
GeneCards,LGI2
GeneCards,LGR5
GeneCards,LHB
GeneCards,LHCGR
GeneCards,LIAT1
GeneCards,LIF
GeneCards,LIFR
GeneCards,LIFR-AS1
GeneCards,LIG1
GeneCards,LIG3
GeneCards,LIG4
GeneCards,LILRA5
GeneCards,LILRB1
GeneCards,LILRB2
GeneCards,LILRB4
GeneCards,LIMD1
GeneCards,LIME1
GeneCards,LIMK2
GeneCards,LIMS1
GeneCards,LIMS2
GeneCards,LINC-PINT
GeneCards,LINC-ROR
GeneCards,LINC00092
GeneCards,LINC00114
GeneCards,LINC00115
GeneCards,LINC00174
GeneCards,LINC00184
GeneCards,LINC00205
GeneCards,LINC00243
GeneCards,LINC00251
GeneCards,LINC00261
GeneCards,LINC00265
GeneCards,LINC00311
GeneCards,LINC00312
GeneCards,LINC00324
GeneCards,LINC00331
GeneCards,LINC00339
GeneCards,LINC00342
GeneCards,LINC00355
GeneCards,LINC00460
GeneCards,LINC00467
GeneCards,LINC00469
GeneCards,LINC00473
GeneCards,LINC00474
GeneCards,LINC00484
GeneCards,LINC00485
GeneCards,LINC00504
GeneCards,LINC00511
GeneCards,LINC00518
GeneCards,LINC00520
GeneCards,LINC00525
GeneCards,LINC00548
GeneCards,LINC00581
GeneCards,LINC00595
GeneCards,LINC00598
GeneCards,LINC00604
GeneCards,LINC00613
GeneCards,LINC00630
GeneCards,LINC00632
GeneCards,LINC00649
GeneCards,LINC00654
GeneCards,LINC00659
GeneCards,LINC00662
GeneCards,LINC00668
GeneCards,LINC00707
GeneCards,LINC00824
GeneCards,LINC00836
GeneCards,LINC00856
GeneCards,LINC00857
GeneCards,LINC00858
GeneCards,LINC00892
GeneCards,LINC00896
GeneCards,LINC00908
GeneCards,LINC00920
GeneCards,LINC00922
GeneCards,LINC00930
GeneCards,LINC00941
GeneCards,LINC00957
GeneCards,LINC00958
GeneCards,LINC00963
GeneCards,LINC00993
GeneCards,LINC00997
GeneCards,LINC01023
GeneCards,LINC01050
GeneCards,LINC01082
GeneCards,LINC01088
GeneCards,LINC01116
GeneCards,LINC01117
GeneCards,LINC01123
GeneCards,LINC01133
GeneCards,LINC01147
GeneCards,LINC01193
GeneCards,LINC01194
GeneCards,LINC01224
GeneCards,LINC01234
GeneCards,LINC01249
GeneCards,LINC01250
GeneCards,LINC01254
GeneCards,LINC01266
GeneCards,LINC01271
GeneCards,LINC01273
GeneCards,LINC01278
GeneCards,LINC01287
GeneCards,LINC01303
GeneCards,LINC01311
GeneCards,LINC01315
GeneCards,LINC01317
GeneCards,LINC01320
GeneCards,LINC01342
GeneCards,LINC01354
GeneCards,LINC01355
GeneCards,LINC01399
GeneCards,LINC01410
GeneCards,LINC01413
GeneCards,LINC01430
GeneCards,LINC01436
GeneCards,LINC01445
GeneCards,LINC01475
GeneCards,LINC01484
GeneCards,LINC01485
GeneCards,LINC01491
GeneCards,LINC01512
GeneCards,LINC01535
GeneCards,LINC01554
GeneCards,LINC01555
GeneCards,LINC01564
GeneCards,LINC01569
GeneCards,LINC01579
GeneCards,LINC01589
GeneCards,LINC01605
GeneCards,LINC01606
GeneCards,LINC01614
GeneCards,LINC01615
GeneCards,LINC01620
GeneCards,LINC01671
GeneCards,LINC01672
GeneCards,LINC01684
GeneCards,LINC01692
GeneCards,LINC01700
GeneCards,LINC01705
GeneCards,LINC01748
GeneCards,LINC01767
GeneCards,LINC01805
GeneCards,LINC01863
GeneCards,LINC01882
GeneCards,LINC01909
GeneCards,LINC01934
GeneCards,LINC01942
GeneCards,LINC01951
GeneCards,LINC01953
GeneCards,LINC01958
GeneCards,LINC01985
GeneCards,LINC01989
GeneCards,LINC02006
GeneCards,LINC02009
GeneCards,LINC02023
GeneCards,LINC02098
GeneCards,LINC02132
GeneCards,LINC02178
GeneCards,LINC02200
GeneCards,LINC02213
GeneCards,LINC02214
GeneCards,LINC02230
GeneCards,LINC02236
GeneCards,LINC02253
GeneCards,LINC02257
GeneCards,LINC02295
GeneCards,LINC02300
GeneCards,LINC02324
GeneCards,LINC02354
GeneCards,LINC02367
GeneCards,LINC02380
GeneCards,LINC02381
GeneCards,LINC02388
GeneCards,LINC02418
GeneCards,LINC02424
GeneCards,LINC02437
GeneCards,LINC02474
GeneCards,LINC02476
GeneCards,LINC02498
GeneCards,LINC02513
GeneCards,LINC02537
GeneCards,LINC02551
GeneCards,LINC02555
GeneCards,LINC02560
GeneCards,LINC02570
GeneCards,LINC02571
GeneCards,LINC02582
GeneCards,LINC02605
GeneCards,LINC02625
GeneCards,LINC02631
GeneCards,LINC02634
GeneCards,LINC02635
GeneCards,LINC02648
GeneCards,LINC02667
GeneCards,LINC02694
GeneCards,LINC02708
GeneCards,LINC02711
GeneCards,LINC02715
GeneCards,LINC02723
GeneCards,LINC02724
GeneCards,LINC02757
GeneCards,LINC02800
GeneCards,LINC02811
GeneCards,LINC02854
GeneCards,LINC02863
GeneCards,LINC02881
GeneCards,LINC02888
GeneCards,LINC02889
GeneCards,LINC02914
GeneCards,LINC02920
GeneCards,LINC02929
GeneCards,LINC02934
GeneCards,LINC02937
GeneCards,LINC02940
GeneCards,LINC02943
GeneCards,LINC02964
GeneCards,LINC02979
GeneCards,LINC02980
GeneCards,LINC02985
GeneCards,LINC02995
GeneCards,LINC03004
GeneCards,LINC03007
GeneCards,LINC03021
GeneCards,LINC03033
GeneCards,LINC03046
GeneCards,LINC03052
GeneCards,LINC03066
GeneCards,LINC03083
GeneCards,LINC03089
GeneCards,LINC03131
GeneCards,LINC03138
GeneCards,LINC03142
GeneCards,LINGO2
GeneCards,LINGO4
GeneCards,LIPA
GeneCards,LIPG
GeneCards,LIRIL2R
GeneCards,LITAF
GeneCards,LIX1
GeneCards,LMAN1
GeneCards,LMBR1L
GeneCards,LMLN
GeneCards,LMNA
GeneCards,LMNB1
GeneCards,LMNB2
GeneCards,LMO2
GeneCards,LMO3
GeneCards,LNC-LBCS
GeneCards,LNCARSR
GeneCards,LNCNEF
GeneCards,LNMICC
GeneCards,LNPEP
GeneCards,LNX1
GeneCards,LOC100134868
GeneCards,LOC100288123
GeneCards,LOC100505498
GeneCards,LOC100533842
GeneCards,LOC100996583
GeneCards,LOC101927178
GeneCards,LOC101927272
GeneCards,LOC101927325
GeneCards,LOC101927484
GeneCards,LOC101927609
GeneCards,LOC101927745
GeneCards,LOC101927897
GeneCards,LOC101928255
GeneCards,LOC101928354
GeneCards,LOC101928525
GeneCards,LOC101928923
GeneCards,LOC101928961
GeneCards,LOC101929305
GeneCards,LOC101929536
GeneCards,LOC101929710
GeneCards,LOC102467216
GeneCards,LOC102723407
GeneCards,LOC102723996
GeneCards,LOC102724553
GeneCards,LOC105369302
GeneCards,LOC105369341
GeneCards,LOC105369736
GeneCards,LOC105370273
GeneCards,LOC105370624
GeneCards,LOC105370656
GeneCards,LOC105371082
GeneCards,LOC105371083
GeneCards,LOC105371887
GeneCards,LOC105372714
GeneCards,LOC105373017
GeneCards,LOC105373693
GeneCards,LOC105373724
GeneCards,LOC105373831
GeneCards,LOC105374041
GeneCards,LOC105374140
GeneCards,LOC105374555
GeneCards,LOC105374588
GeneCards,LOC105374607
GeneCards,LOC105374641
GeneCards,LOC105374780
GeneCards,LOC105375070
GeneCards,LOC105375444
GeneCards,LOC105375541
GeneCards,LOC105375974
GeneCards,LOC105376823
GeneCards,LOC105377139
GeneCards,LOC105377198
GeneCards,LOC105377565
GeneCards,LOC105377567
GeneCards,LOC105377730
GeneCards,LOC105377785
GeneCards,LOC105377936
GeneCards,LOC105378120
GeneCards,LOC105379137
GeneCards,LOC105447645
GeneCards,LOC106029312
GeneCards,LOC106780800
GeneCards,LOC107648851
GeneCards,LOC107984361
GeneCards,LOC107984611
GeneCards,LOC107984859
GeneCards,LOC107985152
GeneCards,LOC107985244
GeneCards,LOC107985926
GeneCards,LOC107985948
GeneCards,LOC107986059
GeneCards,LOC107986306
GeneCards,LOC107986522
GeneCards,LOC107986772
GeneCards,LOC107987083
GeneCards,LOC107987087
GeneCards,LOC107987095
GeneCards,LOC107987282
GeneCards,LOC110594336
GeneCards,LOC110806262
GeneCards,LOC111674472
GeneCards,LOC112267902
GeneCards,LOC112267968
GeneCards,LOC119746555
GeneCards,LOC122889014
GeneCards,LOC124900354
GeneCards,LOC124900380
GeneCards,LOC124900437
GeneCards,LOC124900868
GeneCards,LOC124900940
GeneCards,LOC124901002
GeneCards,LOC124901031
GeneCards,LOC124901113
GeneCards,LOC124901197
GeneCards,LOC124901201
GeneCards,LOC124901302
GeneCards,LOC124901377
GeneCards,LOC124901442
GeneCards,LOC124901483
GeneCards,LOC124901606
GeneCards,LOC124901618
GeneCards,LOC124902309
GeneCards,LOC124902409
GeneCards,LOC124902436
GeneCards,LOC124902493
GeneCards,LOC124902680
GeneCards,LOC124902689
GeneCards,LOC124902787
GeneCards,LOC124902825
GeneCards,LOC124902926
GeneCards,LOC124902934
GeneCards,LOC124903019
GeneCards,LOC124903146
GeneCards,LOC124903162
GeneCards,LOC124903198
GeneCards,LOC124903329
GeneCards,LOC124903355
GeneCards,LOC124903377
GeneCards,LOC124903470
GeneCards,LOC124903554
GeneCards,LOC124903590
GeneCards,LOC124903723
GeneCards,LOC124903741
GeneCards,LOC124903749
GeneCards,LOC124903828
GeneCards,LOC124903960
GeneCards,LOC124904103
GeneCards,LOC124904185
GeneCards,LOC124904333
GeneCards,LOC124904334
GeneCards,LOC124904482
GeneCards,LOC124904530
GeneCards,LOC124904554
GeneCards,LOC124904659
GeneCards,LOC124907784
GeneCards,LOC124907867
GeneCards,LOC124909474
GeneCards,LOC124909476
GeneCards,LOC126807125
GeneCards,LOC126807127
GeneCards,LOC126859807
GeneCards,LOC126859963
GeneCards,LOC126862264
GeneCards,LOC127893450
GeneCards,LOC128031834
GeneCards,LOC128966704
GeneCards,LOC129994569
GeneCards,LOC130006833
GeneCards,LOC130009573
GeneCards,LOC130009574
GeneCards,LOC130009575
GeneCards,LOC130058443
GeneCards,LOC130058478
GeneCards,LOC130058479
GeneCards,LOC130064510
GeneCards,LOC130066558
GeneCards,LOC130068093
GeneCards,LOC130932201
GeneCards,LOC442427
GeneCards,LONP1
GeneCards,LOX
GeneCards,LOXL1-AS1
GeneCards,LOXL2
GeneCards,LPAR5
GeneCards,LPCAT1
GeneCards,LPCAT3
GeneCards,LPIN2
GeneCards,LPL
GeneCards,LPO
GeneCards,LPP
GeneCards,LPXN
GeneCards,LRBA
GeneCards,LRCH1
GeneCards,LRCH4
GeneCards,LRG1
GeneCards,LRIG1
GeneCards,LRP1B
GeneCards,LRP4
GeneCards,LRP5
GeneCards,LRP6
GeneCards,LRPAP1
GeneCards,LRPPRC
GeneCards,LRRC19
GeneCards,LRRC2
GeneCards,LRRC32
GeneCards,LRRC32-AS1
GeneCards,LRRC3B
GeneCards,LRRC3C
GeneCards,LRRC4C
GeneCards,LRRC61
GeneCards,LRRFIP2
GeneCards,LRRK2
GeneCards,LRRTM3
GeneCards,LRRTM4
GeneCards,LRRTM4-AS1
GeneCards,LSAMP
GeneCards,LSM14A
GeneCards,LSM2
GeneCards,LSM4
GeneCards,LSM8
GeneCards,LSP1
GeneCards,LSR
GeneCards,LSS
GeneCards,LST1
GeneCards,LTA
GeneCards,LTA4H
GeneCards,LTB
GeneCards,LTB4R
GeneCards,LTBP3
GeneCards,LTBP4
GeneCards,LTBR
GeneCards,LTC4S
GeneCards,LTF
GeneCards,LUC7L
GeneCards,LUCAT1
GeneCards,LUNAR1
GeneCards,LURAP1L
GeneCards,LURAP1L-AS1
GeneCards,LXN
GeneCards,LY6D
GeneCards,LY6E
GeneCards,LY6G5B
GeneCards,LY6G5C
GeneCards,LY6G6C
GeneCards,LY6G6F
GeneCards,LY6G6F-LY6G6D
GeneCards,LY75
GeneCards,LY75-CD302
GeneCards,LY9
GeneCards,LY96
GeneCards,LYN
GeneCards,LYRM4
GeneCards,LYRM9
GeneCards,LYRM9-AS1
GeneCards,LYST
GeneCards,LYZ
GeneCards,LYZL2
GeneCards,LZTR1
GeneCards,MACC1
GeneCards,MACF1
GeneCards,MAD1L1
GeneCards,MAD2L1
GeneCards,MADCAM1
GeneCards,MADD
GeneCards,MAF
GeneCards,MAFF
GeneCards,MAFK
GeneCards,MAGI1
GeneCards,MAGI2
GeneCards,MAGI3
GeneCards,MAGOH3P
GeneCards,MAGT1
GeneCards,MALAT1
GeneCards,MALT1
GeneCards,MAML2
GeneCards,MAML3
GeneCards,MAN1B1
GeneCards,MAN2A1
GeneCards,MAN2A2
GeneCards,MANBA
GeneCards,MANF
GeneCards,MAOA
GeneCards,MAOB
GeneCards,MAP1LC3A
GeneCards,MAP1LC3B
GeneCards,MAP1LC3C
GeneCards,MAP2K1
GeneCards,MAP2K2
GeneCards,MAP2K3
GeneCards,MAP2K4
GeneCards,MAP2K5
GeneCards,MAP2K6
GeneCards,MAP2K7
GeneCards,MAP3K1
GeneCards,MAP3K13
GeneCards,MAP3K14
GeneCards,MAP3K2
GeneCards,MAP3K20-AS1
GeneCards,MAP3K4
GeneCards,MAP3K5
GeneCards,MAP3K7
GeneCards,MAP3K8
GeneCards,MAP7
GeneCards,MAPK1
GeneCards,MAPK12
GeneCards,MAPK13
GeneCards,MAPK14
GeneCards,MAPK3
GeneCards,MAPK7
GeneCards,MAPK8
GeneCards,MAPK9
GeneCards,MAPKAPK2
GeneCards,MAPKAPK5
GeneCards,MAPKAPK5-AS1
GeneCards,MAPRE1
GeneCards,MAPT
GeneCards,MARCKS
GeneCards,MARK2
GeneCards,MARVELD2
GeneCards,MASP1
GeneCards,MASP2
GeneCards,MAST3
GeneCards,MATK
GeneCards,MAVS
GeneCards,MAZ
GeneCards,MBD2
GeneCards,MBD3
GeneCards,MBD4
GeneCards,MBL2
GeneCards,MBNL1-AS1
GeneCards,MBP
GeneCards,MC1R
GeneCards,MC2R
GeneCards,MCC
GeneCards,MCCC1
GeneCards,MCCC2
GeneCards,MCEMP1
GeneCards,MCF2L-AS1
GeneCards,MCHR1
GeneCards,MCL1
GeneCards,MCM2
GeneCards,MCM3
GeneCards,MCM3AP-AS1
GeneCards,MCM4
GeneCards,MCOLN1
GeneCards,MCTP2
GeneCards,MDC1
GeneCards,MDGA2
GeneCards,MDH1
GeneCards,MDH2
GeneCards,MDK
GeneCards,MDM2
GeneCards,MDM4
GeneCards,MDS2
GeneCards,ME1
GeneCards,MECOM
GeneCards,MECP2
GeneCards,MED1
GeneCards,MED15
GeneCards,MED16
GeneCards,MED24
GeneCards,MED28
GeneCards,MED4
GeneCards,MEF2B
GeneCards,MEF2C-AS1
GeneCards,MEFV
GeneCards,MEG3
GeneCards,MEG8
GeneCards,MEGF10
GeneCards,MEGF11
GeneCards,MEIKIN
GeneCards,MELK
GeneCards,MELTF-AS1
GeneCards,MEN1
GeneCards,MEP1A
GeneCards,MEPE
GeneCards,MERTK
GeneCards,MESP1
GeneCards,MET
GeneCards,METRNL
GeneCards,METTL14
GeneCards,METTL3
GeneCards,MFAP4
GeneCards,MFGE8
GeneCards,MFN2
GeneCards,MFSD2A
GeneCards,MG828730-051
GeneCards,MGAT3
GeneCards,MGAT5
GeneCards,MGLL
GeneCards,MGMT
GeneCards,MGP
GeneCards,MHENCR
GeneCards,MIAT
GeneCards,MICA
GeneCards,MICA-AS1
GeneCards,MICB
GeneCards,MICB-DT
GeneCards,MICD
GeneCards,MICE
GeneCards,MIEN1
GeneCards,MIER2
GeneCards,MIER3
GeneCards,MIF
GeneCards,MILIP
GeneCards,MINCR
GeneCards,MINPP1
GeneCards,MIR1-1
GeneCards,MIR1-1HG
GeneCards,MIR1-2
GeneCards,MIR100
GeneCards,MIR100HG
GeneCards,MIR101-1
GeneCards,MIR101-2
GeneCards,MIR103A1
GeneCards,MIR103A2
GeneCards,MIR106A
GeneCards,MIR106B
GeneCards,MIR107
GeneCards,MIR10A
GeneCards,MIR10B
GeneCards,MIR1202
GeneCards,MIR122
GeneCards,MIR1226
GeneCards,MIR1229
GeneCards,MIR1236
GeneCards,MIR124-1
GeneCards,MIR124-1HG
GeneCards,MIR124-2
GeneCards,MIR124-3
GeneCards,MIR1246
GeneCards,MIR1247
GeneCards,MIR125A
GeneCards,MIR125B1
GeneCards,MIR125B2
GeneCards,MIR126
GeneCards,MIR1260B
GeneCards,MIR1263
GeneCards,MIR1265
GeneCards,MIR127
GeneCards,MIR1271
GeneCards,MIR128-2
GeneCards,MIR129-1
GeneCards,MIR129-2
GeneCards,MIR1296
GeneCards,MIR1301
GeneCards,MIR130A
GeneCards,MIR130B
GeneCards,MIR132
GeneCards,MIR133A1
GeneCards,MIR133A1HG
GeneCards,MIR133B
GeneCards,MIR134
GeneCards,MIR135A1
GeneCards,MIR135B
GeneCards,MIR137
GeneCards,MIR138-1
GeneCards,MIR138-2
GeneCards,MIR139
GeneCards,MIR140
GeneCards,MIR141
GeneCards,MIR142
GeneCards,MIR143
GeneCards,MIR144
GeneCards,MIR145
GeneCards,MIR1468
GeneCards,MIR146A
GeneCards,MIR146B
GeneCards,MIR147B
GeneCards,MIR148A
GeneCards,MIR148B
GeneCards,MIR149
GeneCards,MIR150
GeneCards,MIR151A
GeneCards,MIR152
GeneCards,MIR153-2
GeneCards,MIR155
GeneCards,MIR155HG
GeneCards,MIR15A
GeneCards,MIR15B
GeneCards,MIR16-1
GeneCards,MIR16-2
GeneCards,MIR17
GeneCards,MIR17HG
GeneCards,MIR181A1
GeneCards,MIR181A2
GeneCards,MIR181B1
GeneCards,MIR182
GeneCards,MIR183
GeneCards,MIR185
GeneCards,MIR186
GeneCards,MIR188
GeneCards,MIR18A
GeneCards,MIR1908
GeneCards,MIR190A
GeneCards,MIR191
GeneCards,MIR192
GeneCards,MIR193A
GeneCards,MIR193B
GeneCards,MIR194-1
GeneCards,MIR194-2
GeneCards,MIR195
GeneCards,MIR196A1
GeneCards,MIR196A2
GeneCards,MIR196B
GeneCards,MIR199A1
GeneCards,MIR199A2
GeneCards,MIR19A
GeneCards,MIR19B1
GeneCards,MIR19B2
GeneCards,MIR200A
GeneCards,MIR200B
GeneCards,MIR200C
GeneCards,MIR202
GeneCards,MIR203A
GeneCards,MIR204
GeneCards,MIR205
GeneCards,MIR2053
GeneCards,MIR206
GeneCards,MIR20A
GeneCards,MIR21
GeneCards,MIR210
GeneCards,MIR211
GeneCards,MIR212
GeneCards,MIR214
GeneCards,MIR215
GeneCards,MIR216A
GeneCards,MIR219A1
GeneCards,MIR22
GeneCards,MIR221
GeneCards,MIR222
GeneCards,MIR223
GeneCards,MIR224
GeneCards,MIR22HG
GeneCards,MIR23A
GeneCards,MIR23B
GeneCards,MIR24-1
GeneCards,MIR24-2
GeneCards,MIR25
GeneCards,MIR26B
GeneCards,MIR27A
GeneCards,MIR27B
GeneCards,MIR28
GeneCards,MIR296
GeneCards,MIR29A
GeneCards,MIR29B1
GeneCards,MIR29B2
GeneCards,MIR29C
GeneCards,MIR301A
GeneCards,MIR301B
GeneCards,MIR30A
GeneCards,MIR30B
GeneCards,MIR30C1
GeneCards,MIR30E
GeneCards,MIR31
GeneCards,MIR3117
GeneCards,MIR3194
GeneCards,MIR31HG
GeneCards,MIR32
GeneCards,MIR3201
GeneCards,MIR320A
GeneCards,MIR323A
GeneCards,MIR324
GeneCards,MIR328
GeneCards,MIR330
GeneCards,MIR335
GeneCards,MIR338
GeneCards,MIR339
GeneCards,MIR340
GeneCards,MIR342
GeneCards,MIR345
GeneCards,MIR346
GeneCards,MIR34A
GeneCards,MIR34B
GeneCards,MIR34C
GeneCards,MIR361
GeneCards,MIR3615
GeneCards,MIR362
GeneCards,MIR369
GeneCards,MIR370
GeneCards,MIR372
GeneCards,MIR373
GeneCards,MIR374A
GeneCards,MIR374B
GeneCards,MIR375
GeneCards,MIR377
GeneCards,MIR378A
GeneCards,MIR381
GeneCards,MIR3909
GeneCards,MIR3924
GeneCards,MIR3936
GeneCards,MIR3936HG
GeneCards,MIR3939
GeneCards,MIR3940
GeneCards,MIR410
GeneCards,MIR422A
GeneCards,MIR423
GeneCards,MIR424
GeneCards,MIR425
GeneCards,MIR4268
GeneCards,MIR4284
GeneCards,MIR429
GeneCards,MIR4300HG
GeneCards,MIR433
GeneCards,MIR4425
GeneCards,MIR4435-2HG
GeneCards,MIR4455
GeneCards,MIR449A
GeneCards,MIR4516
GeneCards,MIR451A
GeneCards,MIR452
GeneCards,MIR4521
GeneCards,MIR4537
GeneCards,MIR454
GeneCards,MIR455
GeneCards,MIR4659A
GeneCards,MIR4679-2
GeneCards,MIR4686
GeneCards,MIR4713
GeneCards,MIR4728
GeneCards,MIR483
GeneCards,MIR484
GeneCards,MIR485
GeneCards,MIR486-1
GeneCards,MIR490
GeneCards,MIR491
GeneCards,MIR493
GeneCards,MIR494
GeneCards,MIR495
GeneCards,MIR497
GeneCards,MIR497HG
GeneCards,MIR499A
GeneCards,MIR499B
GeneCards,MIR500A
GeneCards,MIR501
GeneCards,MIR503HG
GeneCards,MIR505
GeneCards,MIR506
GeneCards,MIR511
GeneCards,MIR518A1
GeneCards,MIR523
GeneCards,MIR526B
GeneCards,MIR532
GeneCards,MIR542
GeneCards,MIR551B
GeneCards,MIR552
GeneCards,MIR554
GeneCards,MIR570
GeneCards,MIR572
GeneCards,MIR574
GeneCards,MIR576
GeneCards,MIR582
GeneCards,MIR588
GeneCards,MIR590
GeneCards,MIR595
GeneCards,MIR596
GeneCards,MIR598
GeneCards,MIR600HG
GeneCards,MIR603
GeneCards,MIR6090
GeneCards,MIR611
GeneCards,MIR615
GeneCards,MIR622
GeneCards,MIR623
GeneCards,MIR628
GeneCards,MIR636
GeneCards,MIR642A
GeneCards,MIR647
GeneCards,MIR650
GeneCards,MIR655
GeneCards,MIR656
GeneCards,MIR659
GeneCards,MIR663A
GeneCards,MIR665
GeneCards,MIR6727
GeneCards,MIR675
GeneCards,MIR6771
GeneCards,MIR7-1
GeneCards,MIR7-2
GeneCards,MIR7-3
GeneCards,MIR7-3HG
GeneCards,MIR718
GeneCards,MIR744
GeneCards,MIR758
GeneCards,MIR762
GeneCards,MIR769
GeneCards,MIR874
GeneCards,MIR885
GeneCards,MIR9-1
GeneCards,MIR9-2HG
GeneCards,MIR92A1
GeneCards,MIR93
GeneCards,MIR938
GeneCards,MIR941-1
GeneCards,MIR941-2
GeneCards,MIR941-3
GeneCards,MIR941-4
GeneCards,MIR941-5
GeneCards,MIR95
GeneCards,MIR96
GeneCards,MIR98
GeneCards,MIR99A
GeneCards,MIR99B
GeneCards,MIRLET7A1
GeneCards,MIRLET7B
GeneCards,MIRLET7BHG
GeneCards,MIRLET7C
GeneCards,MIRLET7D
GeneCards,MIRLET7E
GeneCards,MIRLET7F1
GeneCards,MIRLET7G
GeneCards,MIRLET7I
GeneCards,MISP
GeneCards,MITF
GeneCards,MK280144-291
GeneCards,MK280194
GeneCards,MK280269-014
GeneCards,MK280466
GeneCards,MKI67
GeneCards,MLANA
GeneCards,MLH1
GeneCards,MLH3
GeneCards,MLKL
GeneCards,MLN
GeneCards,MLNR
GeneCards,MLPH
GeneCards,MLXIP
GeneCards,MMACHC
GeneCards,MME
GeneCards,MMEL1
GeneCards,MMP1
GeneCards,MMP10
GeneCards,MMP11
GeneCards,MMP12
GeneCards,MMP13
GeneCards,MMP14
GeneCards,MMP19
GeneCards,MMP2
GeneCards,MMP24-AS1-EDEM2
GeneCards,MMP24OS
GeneCards,MMP26
GeneCards,MMP28
GeneCards,MMP3
GeneCards,MMP7
GeneCards,MMP8
GeneCards,MMP9
GeneCards,MMRN1
GeneCards,MN296940
GeneCards,MN298065
GeneCards,MN298114-178
GeneCards,MN298114-200
GeneCards,MN298214
GeneCards,MN309174-057
GeneCards,MN309174-586
GeneCards,MN309183
GeneCards,MN309188
GeneCards,MN309431
GeneCards,MN830915
GeneCards,MNDA
GeneCards,MNS1
GeneCards,MNX1-AS1
GeneCards,MOCOS
GeneCards,MOG
GeneCards,MOK
GeneCards,MON1A
GeneCards,MON2
GeneCards,MORC3
GeneCards,MORC4
GeneCards,MORN2
GeneCards,MOV10
GeneCards,MPDZ
GeneCards,MPEG1
GeneCards,MPG
GeneCards,MPIG6B
GeneCards,MPO
GeneCards,MPPE1
GeneCards,MPPE1P2
GeneCards,MPRIP
GeneCards,MPST
GeneCards,MRC1
GeneCards,MRE11
GeneCards,MRGPRE
GeneCards,MRGPRG
GeneCards,MRGPRG-AS1
GeneCards,MRGPRX2
GeneCards,MRM2
GeneCards,MROCKI
GeneCards,MROH3P
GeneCards,MRPL20
GeneCards,MRPL23
GeneCards,MRPL33
GeneCards,MRPL36
GeneCards,MRPL42P4
GeneCards,MRPL9
GeneCards,MRPS11P1
GeneCards,MRPS2
GeneCards,MRPS28
GeneCards,MRPS35P3
GeneCards,MRTFA
GeneCards,MS4A1
GeneCards,MS4A10
GeneCards,MS4A12
GeneCards,MSC-AS1
GeneCards,MSH2
GeneCards,MSH3
GeneCards,MSH5
GeneCards,MSH6
GeneCards,MSI1
GeneCards,MSL1
GeneCards,MSLN
GeneCards,MSMB
GeneCards,MSMO1
GeneCards,MSN
GeneCards,MSR1
GeneCards,MST1
GeneCards,MST1R
GeneCards,MSTO1
GeneCards,MSTO2P
GeneCards,MSX1
GeneCards,MT-CO1
GeneCards,MT-CO2
GeneCards,MT-CYB
GeneCards,MT-ND4
GeneCards,MT-ND4L
GeneCards,MT-ND6
GeneCards,MT-TP
GeneCards,MT1F
GeneCards,MT2A
GeneCards,MTA1
GeneCards,MTA3
GeneCards,MTCH2
GeneCards,MTCH2P1
GeneCards,MTCL1P1
GeneCards,MTCO1P11
GeneCards,MTCO2P7
GeneCards,MTCO3P1
GeneCards,MTCO3P40
GeneCards,MTDH
GeneCards,MTERF4
GeneCards,MTHFD1
GeneCards,MTHFR
GeneCards,MTM1
GeneCards,MTMR12
GeneCards,MTMR2
GeneCards,MTMR3
GeneCards,MTND2P12
GeneCards,MTND2P37
GeneCards,MTND2P8
GeneCards,MTND4P6
GeneCards,MTND6P25
GeneCards,MTND6P5
GeneCards,MTNR1A
GeneCards,MTNR1B
GeneCards,MTOR
GeneCards,MTPN
GeneCards,MTR
GeneCards,MTREX
GeneCards,MTRNR2L8
GeneCards,MTRR
GeneCards,MTSS1
GeneCards,MUC1
GeneCards,MUC12
GeneCards,MUC13
GeneCards,MUC15
GeneCards,MUC16
GeneCards,MUC17
GeneCards,MUC19
GeneCards,MUC2
GeneCards,MUC20
GeneCards,MUC21
GeneCards,MUC3A
GeneCards,MUC3B
GeneCards,MUC4
GeneCards,MUC5AC
GeneCards,MUC5B
GeneCards,MUC6
GeneCards,MUCL3
GeneCards,MUS81
GeneCards,MUSK
GeneCards,MUTYH
GeneCards,MVK
GeneCards,MX1
GeneCards,MX2
GeneCards,MXD3
GeneCards,MXI1
GeneCards,MYB
GeneCards,MYC
GeneCards,MYCBP
GeneCards,MYCN
GeneCards,MYD88
GeneCards,MYDGF
GeneCards,MYH11
GeneCards,MYH14
GeneCards,MYH16
GeneCards,MYH9
GeneCards,MYL2
GeneCards,MYL4
GeneCards,MYL6
GeneCards,MYL9
GeneCards,MYLK
GeneCards,MYO1B
GeneCards,MYO1C
GeneCards,MYO5A
GeneCards,MYO5B
GeneCards,MYO6
GeneCards,MYO9A
GeneCards,MYO9B
GeneCards,MYOD1
GeneCards,MYOM2
GeneCards,MYOSLID
GeneCards,MYOZ1
GeneCards,MYOZ3
GeneCards,MYRF
GeneCards,MYRF-AS1
GeneCards,MYSM1
GeneCards,MYT1L
GeneCards,MZB1
GeneCards,N4BP3
GeneCards,NAA10
GeneCards,NAAA
GeneCards,NAB1
GeneCards,NACA
GeneCards,NAGLU
GeneCards,NAIP
GeneCards,NALF1
GeneCards,NALT1
GeneCards,NAMPT
GeneCards,NANOG
GeneCards,NAPEPLD
GeneCards,NAPGP2
GeneCards,NARS1
GeneCards,NAT1
GeneCards,NAT2
GeneCards,NAV1
GeneCards,NAV3
GeneCards,NBAS
GeneCards,NBAT1
GeneCards,NBN
GeneCards,NBPF4
GeneCards,NBR2
GeneCards,NCAM1
GeneCards,NCAN
GeneCards,NCAPD2
GeneCards,NCAPD3
GeneCards,NCEH1
GeneCards,NCF1
GeneCards,NCF2
GeneCards,NCF4
GeneCards,NCF4-AS1
GeneCards,NCK1
GeneCards,NCKAP1L
GeneCards,NCKIPSD
GeneCards,NCOA2
GeneCards,NCOA3
GeneCards,NCOA4
GeneCards,NCOA4P1
GeneCards,NCOR1
GeneCards,NCOR2
GeneCards,NCR1
GeneCards,NCR2
GeneCards,NCR3
GeneCards,NCSTN
GeneCards,NDC1
GeneCards,NDFIP1
GeneCards,NDRG1
GeneCards,NDRG2
GeneCards,NDRG4
GeneCards,NDST2
GeneCards,NDUFA10
GeneCards,NDUFA13
GeneCards,NDUFA5
GeneCards,NDUFAF1
GeneCards,NDUFAF3
GeneCards,NDUFAF7
GeneCards,NDUFB5P1
GeneCards,NDUFV3
GeneCards,NEAT1
GeneCards,NECTIN3
GeneCards,NEDD4
GeneCards,NEDD4L
GeneCards,NEGR1
GeneCards,NEIL2
GeneCards,NEK6
GeneCards,NEK7
GeneCards,NEK9
GeneCards,NELFCD
GeneCards,NELFE
GeneCards,NELL1
GeneCards,NEU1
GeneCards,NEU3
GeneCards,NEU4
GeneCards,NEUROD1
GeneCards,NEUROG1
GeneCards,NEUROG3
GeneCards,NF1
GeneCards,NF2
GeneCards,NFAM1
GeneCards,NFAT5
GeneCards,NFATC1
GeneCards,NFATC2
GeneCards,NFATC3
GeneCards,NFE2
GeneCards,NFE2L2
GeneCards,NFE2L3
GeneCards,NFIB
GeneCards,NFIL3
GeneCards,NFIX
GeneCards,NFKB1
GeneCards,NFKB2
GeneCards,NFKBIA
GeneCards,NFKBIB
GeneCards,NFKBIL1
GeneCards,NFKBIZ
GeneCards,NFXL1
GeneCards,NFYB
GeneCards,NGF
GeneCards,NGLY1
GeneCards,NGRN
GeneCards,NIBAN1
GeneCards,NIFKP1
GeneCards,NINJ2
GeneCards,NIP7P1
GeneCards,NIPA2P5
GeneCards,NIPAL1
GeneCards,NIPAL2
GeneCards,NIPAL3
GeneCards,NIPAL4-DT
GeneCards,NKD1
GeneCards,NKD1-AS1
GeneCards,NKD2
GeneCards,NKILA
GeneCards,NKRF
GeneCards,NKX2-1
GeneCards,NKX2-3
GeneCards,NKX3-1
GeneCards,NLK
GeneCards,NLN
GeneCards,NLRC4
GeneCards,NLRC5
GeneCards,NLRP1
GeneCards,NLRP12
GeneCards,NLRP2
GeneCards,NLRP3
GeneCards,NLRP6
GeneCards,NLRP7
GeneCards,NLRP9
GeneCards,NLRX1
GeneCards,NME1
GeneCards,NME2
GeneCards,NNMT
GeneCards,NNT
GeneCards,NOD1
GeneCards,NOD2
GeneCards,NOG
GeneCards,NOL4L
GeneCards,NONHSAG001750.2
GeneCards,NONHSAG003874.2
GeneCards,NONHSAG004056.2
GeneCards,NONHSAG008489.2
GeneCards,NONHSAG015175.2
GeneCards,NONHSAG017238.2
GeneCards,NONHSAG019426.2
GeneCards,NONHSAG026080.2
GeneCards,NONHSAG031883.2-001
GeneCards,NONHSAG031883.2-002
GeneCards,NONHSAG035732.2
GeneCards,NONHSAG041785.2
GeneCards,NONHSAG043523.2
GeneCards,NONHSAG043568.2
GeneCards,NONHSAG045960.2
GeneCards,NONHSAG045982.2
GeneCards,NONHSAG046097.2
GeneCards,NONHSAG046846.2
GeneCards,NOP10
GeneCards,NOP2
GeneCards,NOP58
GeneCards,NORAD
GeneCards,NOS1
GeneCards,NOS2
GeneCards,NOS3
GeneCards,NOTCH1
GeneCards,NOTCH2
GeneCards,NOTCH3
GeneCards,NOTCH4
GeneCards,NOX1
GeneCards,NOX3
GeneCards,NOX4
GeneCards,NOXA1
GeneCards,NOXO1
GeneCards,NPAS4
GeneCards,NPC1L1
GeneCards,NPDC1
GeneCards,NPEPPS
GeneCards,NPIPB6
GeneCards,NPL
GeneCards,NPM1
GeneCards,NPM1P12
GeneCards,NPM1P17
GeneCards,NPPC
GeneCards,NPSR1
GeneCards,NPSR1-AS1
GeneCards,NPY
GeneCards,NPY6RP
GeneCards,NQO1
GeneCards,NR0B1
GeneCards,NR0B2
GeneCards,NR1D1
GeneCards,NR1H2
GeneCards,NR1H3
GeneCards,NR1H4
GeneCards,NR1I2
GeneCards,NR1I3
GeneCards,NR2C2
GeneCards,NR2C2AP
GeneCards,NR2F1-AS1
GeneCards,NR2F2-AS1
GeneCards,NR3C1
GeneCards,NR3C2
GeneCards,NR4A1
GeneCards,NR4A1AS
GeneCards,NR5A1
GeneCards,NR5A2
GeneCards,NRAD1
GeneCards,NRAS
GeneCards,NRBF2
GeneCards,NRBP1
GeneCards,NRF1
GeneCards,NRG1
GeneCards,NRG3
GeneCards,NRIP1
GeneCards,NRIR
GeneCards,NRK
GeneCards,NRM
GeneCards,NRON
GeneCards,NRP1
GeneCards,NRP2
GeneCards,NSD1
GeneCards,NSMAF
GeneCards,NSMCE2
GeneCards,NT5C2
GeneCards,NT5E
GeneCards,NTF3
GeneCards,NTHL1
GeneCards,NTM
GeneCards,NTN1
GeneCards,NTN4
GeneCards,NTRK1
GeneCards,NTRK2
GeneCards,NTRK3
GeneCards,NTS
GeneCards,NTSR1
GeneCards,NUCB1
GeneCards,NUCB2
GeneCards,NUCKS1
GeneCards,NUDC
GeneCards,NUDT10
GeneCards,NUDT13
GeneCards,NUDT15
GeneCards,NUDT16
GeneCards,NUDT21
GeneCards,NUDT5
GeneCards,NUMB
GeneCards,NUP133
GeneCards,NUP155
GeneCards,NUP160
GeneCards,NUP188
GeneCards,NUP205
GeneCards,NUP210
GeneCards,NUP35
GeneCards,NUP62
GeneCards,NUP93
GeneCards,NUPR1
GeneCards,NUS1P4
GeneCards,NUSAP1
GeneCards,NXPE1
GeneCards,NXPE2
GeneCards,NXPE2P1
GeneCards,NXPE4
GeneCards,NXPH2
GeneCards,NXT2
GeneCards,OA985550
GeneCards,OAS2
GeneCards,OAZ3
GeneCards,OBP2A
GeneCards,OCA2
GeneCards,OCLN
GeneCards,ODC1
GeneCards,OFCC1
GeneCards,OGA
GeneCards,OGG1
GeneCards,OGT
GeneCards,OIP5
GeneCards,OIP5-AS1
GeneCards,OLA1
GeneCards,OLFM1
GeneCards,OLFM4
GeneCards,OLFML2B
GeneCards,OLFML3
GeneCards,OLIG1
GeneCards,OLIG2
GeneCards,OLIG3
GeneCards,OPLAH
GeneCards,OPRD1
GeneCards,OPRL1
GeneCards,OPRM1
GeneCards,OPTN
GeneCards,OR10AD1
GeneCards,OR2H2
GeneCards,OR4F28P
GeneCards,OR5B21
GeneCards,OR5V1
GeneCards,OR9Q1
GeneCards,ORM1
GeneCards,ORM2
GeneCards,ORMDL3
GeneCards,OS9
GeneCards,OS9-AS1
GeneCards,OSCAR
GeneCards,OSGIN2
GeneCards,OSM
GeneCards,OSMR
GeneCards,OTC
GeneCards,OTOP2
GeneCards,OTUB1
GeneCards,OTUD1
GeneCards,OTUD3
GeneCards,OTUD5
GeneCards,OTUD6B-AS1
GeneCards,OTULIN
GeneCards,OVGP1
GeneCards,OXA1L
GeneCards,OXTR
GeneCards,P2RX1
GeneCards,P2RX2
GeneCards,P2RX3
GeneCards,P2RX7
GeneCards,P2RY12
GeneCards,P2RY13
GeneCards,P2RY2
GeneCards,P2RY6
GeneCards,P4HA2
GeneCards,P4HB
GeneCards,PA2G4
GeneCards,PA2G4P2
GeneCards,PABPN1
GeneCards,PACSIN2
GeneCards,PADI1
GeneCards,PADI2
GeneCards,PADI4
GeneCards,PAG1
GeneCards,PAH
GeneCards,PAIP1P1
GeneCards,PAK1
GeneCards,PAK2
GeneCards,PAK6
GeneCards,PALB2
GeneCards,PAM
GeneCards,PAN3
GeneCards,PANK1
GeneCards,PANK2
GeneCards,PANX1
GeneCards,PANX2
GeneCards,PAOX
GeneCards,PAPPA
GeneCards,PAPPA-AS1
GeneCards,PARAIL
GeneCards,PARAL1
GeneCards,PARD3
GeneCards,PARG
GeneCards,PARK7
GeneCards,PARN
GeneCards,PARP1
GeneCards,PARP10
GeneCards,PARP14
GeneCards,PARP6
GeneCards,PARP8
GeneCards,PART1
GeneCards,PARVB
GeneCards,PASD1
GeneCards,PASK
GeneCards,PATZ1
GeneCards,PAWR
GeneCards,PAX1
GeneCards,PAX3
GeneCards,PAX4
GeneCards,PAX5
GeneCards,PBK
GeneCards,PBLD
GeneCards,PBRM1
GeneCards,PBX2
GeneCards,PBXIP1
GeneCards,PC
GeneCards,PCAT1
GeneCards,PCAT2
GeneCards,PCBD1
GeneCards,PCBP1
GeneCards,PCCA
GeneCards,PCCB
GeneCards,PCDH15
GeneCards,PCDH20
GeneCards,PCDHGB1
GeneCards,PCGEM1
GeneCards,PCK1
GeneCards,PCK2
GeneCards,PCNA
GeneCards,PCNP
GeneCards,PCNPP1
GeneCards,PCOLCE
GeneCards,PCP4L1
GeneCards,PCSK1
GeneCards,PCSK5
GeneCards,PCSK9
GeneCards,PCYOX1
GeneCards,PDAP1
GeneCards,PDCD1
GeneCards,PDCD10
GeneCards,PDCD11
GeneCards,PDCD1LG2
GeneCards,PDCD4
GeneCards,PDCL3P4
GeneCards,PDE10A
GeneCards,PDE2A
GeneCards,PDE4A
GeneCards,PDE4D
GeneCards,PDE5A
GeneCards,PDE9A
GeneCards,PDF
GeneCards,PDGFA
GeneCards,PDGFB
GeneCards,PDGFRA
GeneCards,PDGFRB
GeneCards,PDGFRL
GeneCards,PDHA1
GeneCards,PDHB
GeneCards,PDIA3
GeneCards,PDIA6
GeneCards,PDK4
GeneCards,PDLIM1
GeneCards,PDLIM4
GeneCards,PDPN
GeneCards,PDSS2
GeneCards,PDXK
GeneCards,PDZK1
GeneCards,PDZK1IP1
GeneCards,PDZRN4
GeneCards,PEBP1
GeneCards,PEBP1P3
GeneCards,PECAM1
GeneCards,PELATON
GeneCards,PEPD
GeneCards,PER1
GeneCards,PER2
GeneCards,PER3
GeneCards,PEX13
GeneCards,PEX5
GeneCards,PF4
GeneCards,PF4V1
GeneCards,PFKFB3
GeneCards,PFKFB4
GeneCards,PFKM
GeneCards,PFN1
GeneCards,PFN3
GeneCards,PGA5
GeneCards,PGAM1
GeneCards,PGAM2
GeneCards,PGD
GeneCards,PGF
GeneCards,PGK1
GeneCards,PGK2
GeneCards,PGLS
GeneCards,PGLYRP1
GeneCards,PGLYRP2
GeneCards,PGLYRP3
GeneCards,PGLYRP4
GeneCards,PGM1
GeneCards,PGM2
GeneCards,PGM3
GeneCards,PGM5-AS1
GeneCards,PGP
GeneCards,PGR
GeneCards,PGR-AS1
GeneCards,PGRMC2
GeneCards,PGS1
GeneCards,PHACTR2
GeneCards,PHB1
GeneCards,PHB1P9
GeneCards,PHB2
GeneCards,PHC2
GeneCards,PHC2-AS1
GeneCards,PHETA1
GeneCards,PHEX
GeneCards,PHF1
GeneCards,PHF2
GeneCards,PHF24
GeneCards,PHF5A
GeneCards,PHKA2
GeneCards,PHLDA1
GeneCards,PHLPP2
GeneCards,PHOX2B
GeneCards,PHTF1
GeneCards,PHYKPL
GeneCards,PI15
GeneCards,PI3
GeneCards,PI4KA
GeneCards,PI4KAP2
GeneCards,PI4KB
GeneCards,PICALM
GeneCards,PIEZO1
GeneCards,PIGA
GeneCards,PIGCP2
GeneCards,PIGN
GeneCards,PIGR
GeneCards,PIGW
GeneCards,PIH1D1
GeneCards,PIK3AP1
GeneCards,PIK3C2A
GeneCards,PIK3C2B
GeneCards,PIK3C3
GeneCards,PIK3CA
GeneCards,PIK3CB
GeneCards,PIK3CD
GeneCards,PIK3CG
GeneCards,PIK3R1
GeneCards,PIK3R2
GeneCards,PIK3R3
GeneCards,PIKFYVE
GeneCards,PILRB
GeneCards,PIM3
GeneCards,PIP
GeneCards,PIP5K1A
GeneCards,PIR
GeneCards,PITPNA-AS1
GeneCards,PITX1-AS1
GeneCards,PIWIL1
GeneCards,PIWIL2
GeneCards,PKD1
GeneCards,PKD1-AS1
GeneCards,PKDCC
GeneCards,PKIG
GeneCards,PKM
GeneCards,PKN1
GeneCards,PKN2
GeneCards,PKP1
GeneCards,PKP2
GeneCards,PLA2G1B
GeneCards,PLA2G2A
GeneCards,PLA2G2C
GeneCards,PLA2G2E
GeneCards,PLA2G3
GeneCards,PLA2G4A
GeneCards,PLA2G4C
GeneCards,PLA2G4F
GeneCards,PLA2G6
GeneCards,PLA2G7
GeneCards,PLAA
GeneCards,PLAU
GeneCards,PLAUR
GeneCards,PLB1
GeneCards,PLCE1
GeneCards,PLCG1
GeneCards,PLCG2
GeneCards,PLCH1
GeneCards,PLCH2
GeneCards,PLCL1
GeneCards,PLD1
GeneCards,PLD3
GeneCards,PLD5
GeneCards,PLEK
GeneCards,PLEK2
GeneCards,PLEKHA6
GeneCards,PLEKHD1
GeneCards,PLEKHG6
GeneCards,PLEKHN1
GeneCards,PLEKHO1
GeneCards,PLG
GeneCards,PLIN2
GeneCards,PLIN3
GeneCards,PLK1
GeneCards,PLK4
GeneCards,PLOD1
GeneCards,PLOD2
GeneCards,PLPBP
GeneCards,PLPP3
GeneCards,PLPPR1
GeneCards,PLS1
GeneCards,PLTP
GeneCards,PLVAP
GeneCards,PLXDC2
GeneCards,PLXNA1
GeneCards,PLXNB1
GeneCards,PLXNC1
GeneCards,PLXND1
GeneCards,PMAIP1
GeneCards,PMCH
GeneCards,PMEL
GeneCards,PMF1
GeneCards,PMP2
GeneCards,PMPCA
GeneCards,PMS1
GeneCards,PMS2
GeneCards,PMVK
GeneCards,PNKD
GeneCards,PNLIP
GeneCards,PNMT
GeneCards,PNN
GeneCards,PNOC
GeneCards,PNP
GeneCards,PNPLA3
GeneCards,PNPO
GeneCards,PNPT1
GeneCards,PNRC2
GeneCards,PODXL
GeneCards,POF1B
GeneCards,POFUT1
GeneCards,POFUT4
GeneCards,POLA1
GeneCards,POLB
GeneCards,POLD1
GeneCards,POLDIP3
GeneCards,POLE
GeneCards,POLE2
GeneCards,POLG
GeneCards,POLK
GeneCards,POLL
GeneCards,POLR1A
GeneCards,POLR1C
GeneCards,POLR1D
GeneCards,POLR1G
GeneCards,POLR1H
GeneCards,POLR1HASP
GeneCards,POLR2B
GeneCards,POLR2E
GeneCards,POLR2LP1
GeneCards,POLR3C
GeneCards,POMC
GeneCards,PON1
GeneCards,PON2
GeneCards,PON3
GeneCards,POPDC1
GeneCards,POR
GeneCards,POSTN
GeneCards,POT1
GeneCards,POTEF
GeneCards,POU2AF1
GeneCards,POU2AF3
GeneCards,POU2F1
GeneCards,POU5F1
GeneCards,POU6F2
GeneCards,PPAN-P2RY11
GeneCards,PPARA
GeneCards,PPARD
GeneCards,PPARG
GeneCards,PPARGC1A
GeneCards,PPAT
GeneCards,PPBP
GeneCards,PPFIBP2
GeneCards,PPHLN1
GeneCards,PPIA
GeneCards,PPIAP24
GeneCards,PPIAP33
GeneCards,PPIAP34
GeneCards,PPIAP68
GeneCards,PPIAP9
GeneCards,PPIB
GeneCards,PPIC
GeneCards,PPID
GeneCards,PPIF
GeneCards,PPIG
GeneCards,PPIH
GeneCards,PPIL2
GeneCards,PPL
GeneCards,PPM1D
GeneCards,PPM1L
GeneCards,PPOX
GeneCards,PPP1CA
GeneCards,PPP1CB
GeneCards,PPP1CC
GeneCards,PPP1R10
GeneCards,PPP1R11
GeneCards,PPP1R12C
GeneCards,PPP1R14A
GeneCards,PPP1R17
GeneCards,PPP1R18
GeneCards,PPP1R1B
GeneCards,PPP1R2
GeneCards,PPP1R2P1
GeneCards,PPP1R35
GeneCards,PPP1R9B
GeneCards,PPP2CA
GeneCards,PPP2CB
GeneCards,PPP2R1A
GeneCards,PPP2R1B
GeneCards,PPP2R2A
GeneCards,PPP2R2B
GeneCards,PPP2R2C
GeneCards,PPP2R2D
GeneCards,PPP2R3A
GeneCards,PPP2R3B
GeneCards,PPP2R3C
GeneCards,PPP2R5E
GeneCards,PPP3CA
GeneCards,PPP3R1
GeneCards,PPP3R2
GeneCards,PPP4C
GeneCards,PPP4R3A
GeneCards,PPP5C
GeneCards,PPT2
GeneCards,PQBP1
GeneCards,PRAC1
GeneCards,PRAC2
GeneCards,PRAMEF18
GeneCards,PRDM1
GeneCards,PRDM15
GeneCards,PRDM16
GeneCards,PRDX1
GeneCards,PRDX3
GeneCards,PRDX5
GeneCards,PRDX6
GeneCards,PRELID1
GeneCards,PREP
GeneCards,PRF1
GeneCards,PRG2
GeneCards,PRG4
GeneCards,PRICKLE2
GeneCards,PRICKLE2-AS3
GeneCards,PRKAA1
GeneCards,PRKACA
GeneCards,PRKACB
GeneCards,PRKACG
GeneCards,PRKCA
GeneCards,PRKCB
GeneCards,PRKCD
GeneCards,PRKCE
GeneCards,PRKCI
GeneCards,PRKCQ
GeneCards,PRKCQ-AS1
GeneCards,PRKCSH
GeneCards,PRKCZ
GeneCards,PRKD1
GeneCards,PRKD2
GeneCards,PRKD3
GeneCards,PRKDC
GeneCards,PRKG1
GeneCards,PRKG2
GeneCards,PRKN
GeneCards,PRL
GeneCards,PRLR
GeneCards,PRM2
GeneCards,PRM3
GeneCards,PRMT1
GeneCards,PRMT2
GeneCards,PRMT5
GeneCards,PRNCR1
GeneCards,PROC
GeneCards,PROCR
GeneCards,PROK2
GeneCards,PROM1
GeneCards,PROS1
GeneCards,PROSER1
GeneCards,PROX1
GeneCards,PROX1-AS1
GeneCards,PROX2
GeneCards,PRPF18
GeneCards,PRPF31
GeneCards,PRPF38B
GeneCards,PRPF6
GeneCards,PRPS1
GeneCards,PRR13
GeneCards,PRR3
GeneCards,PRR33
GeneCards,PRR3P1
GeneCards,PRR5L
GeneCards,PRRC1
GeneCards,PRRC2A
GeneCards,PRRT1
GeneCards,PRRT2
GeneCards,PRRX1
GeneCards,PRSS1
GeneCards,PRSS16
GeneCards,PRSS2
GeneCards,PRSS22
GeneCards,PRSS8
GeneCards,PRTN3
GeneCards,PRXL2A
GeneCards,PRXL2B
GeneCards,PSAT1
GeneCards,PSC
GeneCards,PSD
GeneCards,PSEN1
GeneCards,PSEN2
GeneCards,PSG2
GeneCards,PSMA3
GeneCards,PSMA3-AS1
GeneCards,PSMA6
GeneCards,PSMA7
GeneCards,PSMB1
GeneCards,PSMB10
GeneCards,PSMB11
GeneCards,PSMB5
GeneCards,PSMB8
GeneCards,PSMB8-AS1
GeneCards,PSMB9
GeneCards,PSMD1
GeneCards,PSMD10
GeneCards,PSMD11
GeneCards,PSMD13
GeneCards,PSMD14P1
GeneCards,PSMD3
GeneCards,PSMD4
GeneCards,PSMD5
GeneCards,PSME2
GeneCards,PSMG1
GeneCards,PSMG2
GeneCards,PSORS1C1
GeneCards,PSORS1C2
GeneCards,PSORS1C3
GeneCards,PSTPIP1
GeneCards,PSTPIP2
GeneCards,PTAFR
GeneCards,PTBP1
GeneCards,PTCD2
GeneCards,PTCH1
GeneCards,PTEN
GeneCards,PTER
GeneCards,PTGDR
GeneCards,PTGDR2
GeneCards,PTGDS
GeneCards,PTGER1
GeneCards,PTGER2
GeneCards,PTGER3
GeneCards,PTGER4
GeneCards,PTGES
GeneCards,PTGES2
GeneCards,PTGES3
GeneCards,PTGFR
GeneCards,PTGIR
GeneCards,PTGIS
GeneCards,PTGS1
GeneCards,PTGS2
GeneCards,PTH
GeneCards,PTH1R
GeneCards,PTK2
GeneCards,PTK2B
GeneCards,PTMA
GeneCards,PTN
GeneCards,PTPN1
GeneCards,PTPN11
GeneCards,PTPN11P3
GeneCards,PTPN12
GeneCards,PTPN13
GeneCards,PTPN2
GeneCards,PTPN22
GeneCards,PTPN6
GeneCards,PTPRC
GeneCards,PTPRC-AS1
GeneCards,PTPRJ
GeneCards,PTPRK
GeneCards,PTPRM
GeneCards,PTPRN
GeneCards,PTPRN2
GeneCards,PTPRO
GeneCards,PTPRR
GeneCards,PTPRS
GeneCards,PTPRT
GeneCards,PTRHD1
GeneCards,PTS
GeneCards,PTTG1
GeneCards,PTTG3P
GeneCards,PTX3
GeneCards,PUF60
GeneCards,PURA
GeneCards,PURPL
GeneCards,PUS10
GeneCards,PUSL1
GeneCards,PVALEF
GeneCards,PVT1
GeneCards,PWAR1
GeneCards,PWAR4
GeneCards,PWP2
GeneCards,PWWP2A
GeneCards,PXDN
GeneCards,PXDNL
GeneCards,PXN
GeneCards,PYCARD
GeneCards,PYCR1
GeneCards,PYGB
GeneCards,PYGL
GeneCards,PYGO2
GeneCards,PYGO2-AS1
GeneCards,PYHIN1
GeneCards,PYY
GeneCards,PZP
GeneCards,QARS1
GeneCards,QDPR
GeneCards,QPCTL
GeneCards,QPRT
GeneCards,QRICH1
GeneCards,QSOX2
GeneCards,R3HCC1
GeneCards,R3HDML-AS1
GeneCards,RAB11A
GeneCards,RAB11B
GeneCards,RAB13
GeneCards,RAB18
GeneCards,RAB1A
GeneCards,RAB1B
GeneCards,RAB21
GeneCards,RAB24
GeneCards,RAB25
GeneCards,RAB27A
GeneCards,RAB27B
GeneCards,RAB29
GeneCards,RAB32
GeneCards,RAB39B
GeneCards,RAB3C
GeneCards,RAB3GAP2
GeneCards,RAB3IL1
GeneCards,RAB4A
GeneCards,RAB5A
GeneCards,RAB5B
GeneCards,RAB7A
GeneCards,RAB8A
GeneCards,RAB9A
GeneCards,RABEP1
GeneCards,RABEP2
GeneCards,RABL3
GeneCards,RABL6
GeneCards,RAC1
GeneCards,RAC2
GeneCards,RACGAP1
GeneCards,RACK1
GeneCards,RAD21
GeneCards,RAD23A
GeneCards,RAD50
GeneCards,RAD51
GeneCards,RAD51-AS1
GeneCards,RAD51C
GeneCards,RAD51D
GeneCards,RAD52P1
GeneCards,RAD54B
GeneCards,RADIL
GeneCards,RAF1
GeneCards,RAG1
GeneCards,RAG2
GeneCards,RAI14-DT
GeneCards,RALGAPA1
GeneCards,RALGAPA2
GeneCards,RAMP1
GeneCards,RAMP2
GeneCards,RAMP3
GeneCards,RAN
GeneCards,RANBP1
GeneCards,RANGAP1
GeneCards,RAP1B
GeneCards,RAP2A
GeneCards,RAP2B
GeneCards,RAPGEF3
GeneCards,RAPGEF6
GeneCards,RAPH1
GeneCards,RARA
GeneCards,RARB
GeneCards,RARRES1
GeneCards,RARRES2
GeneCards,RASA1
GeneCards,RASA3
GeneCards,RASGRP1
GeneCards,RASL11A
GeneCards,RASSF1
GeneCards,RASSF5
GeneCards,RASSF8-AS1
GeneCards,RAVER1
GeneCards,RAVER2
GeneCards,RB1
GeneCards,RBBP4
GeneCards,RBBP5
GeneCards,RBBP6
GeneCards,RBCK1
GeneCards,RBFADN
GeneCards,RBFOX1
GeneCards,RBKS
GeneCards,RBM17
GeneCards,RBM26
GeneCards,RBM3
GeneCards,RBM5
GeneCards,RBM6
GeneCards,RBMS1
GeneCards,RBMS3
GeneCards,RBP4
GeneCards,RBPJ
GeneCards,RBX1
GeneCards,RC3H1
GeneCards,RCBTB2
GeneCards,RCC2
GeneCards,RCL1
GeneCards,RDX
GeneCards,REC114
GeneCards,RECK
GeneCards,RECQL
GeneCards,RECQL4
GeneCards,REEP1
GeneCards,REEP6
GeneCards,REG1A
GeneCards,REG1B
GeneCards,REG3A
GeneCards,REG3G
GeneCards,REG4
GeneCards,REL
GeneCards,REL-DT
GeneCards,RELA
GeneCards,RELB
GeneCards,RELL1
GeneCards,REN
GeneCards,RET
GeneCards,RETN
GeneCards,RETNLB
GeneCards,REV3L
GeneCards,RF00004-004
GeneCards,RF00005-134
GeneCards,RF00017-10004
GeneCards,RF00017-10148
GeneCards,RF00017-10517
GeneCards,RF00017-10538
GeneCards,RF00017-10555
GeneCards,RF00017-10560
GeneCards,RF00017-10571
GeneCards,RF00017-10901
GeneCards,RF00017-10924
GeneCards,RF00017-10925
GeneCards,RF00017-10926
GeneCards,RF00017-11080
GeneCards,RF00017-11399
GeneCards,RF00017-11409
GeneCards,RF00017-11412
GeneCards,RF00017-11473
GeneCards,RF00017-11492
GeneCards,RF00017-11523
GeneCards,RF00017-12062
GeneCards,RF00017-12095
GeneCards,RF00017-12194
GeneCards,RF00017-12225
GeneCards,RF00017-12558
GeneCards,RF00017-12697
GeneCards,RF00017-13022
GeneCards,RF00017-13026
GeneCards,RF00017-13028
GeneCards,RF00017-13367
GeneCards,RF00017-13527
GeneCards,RF00017-13808
GeneCards,RF00017-14209
GeneCards,RF00017-172
GeneCards,RF00017-2130
GeneCards,RF00017-2679
GeneCards,RF00017-2952
GeneCards,RF00017-3206
GeneCards,RF00017-3396
GeneCards,RF00017-3467
GeneCards,RF00017-3631
GeneCards,RF00017-3943
GeneCards,RF00017-4078
GeneCards,RF00017-4079
GeneCards,RF00017-4415
GeneCards,RF00017-4555
GeneCards,RF00017-4561
GeneCards,RF00017-5568
GeneCards,RF00017-5619
GeneCards,RF00017-620
GeneCards,RF00017-6479
GeneCards,RF00017-6485
GeneCards,RF00017-6637
GeneCards,RF00017-6812
GeneCards,RF00017-6832
GeneCards,RF00017-6875
GeneCards,RF00017-7086
GeneCards,RF00017-713
GeneCards,RF00017-7214
GeneCards,RF00017-7397
GeneCards,RF00017-7498
GeneCards,RF00017-7834
GeneCards,RF00017-7835
GeneCards,RF00017-7860
GeneCards,RF00017-7899
GeneCards,RF00017-8287
GeneCards,RF00017-8310
GeneCards,RF00017-8325
GeneCards,RF00017-9055
GeneCards,RF00017-936
GeneCards,RF00017-9468
GeneCards,RF00017-9474
GeneCards,RF00017-959
GeneCards,RF00017-9717
GeneCards,RF00017-9948
GeneCards,RF00017-9954
GeneCards,RF00026-098
GeneCards,RF00026-1106
GeneCards,RF00026-337
GeneCards,RF00100-002
GeneCards,RF00483
GeneCards,RFC1
GeneCards,RFTN2
GeneCards,RFWD3
GeneCards,RFX1
GeneCards,RFX5
GeneCards,RFX5-AS1
GeneCards,RFXANK
GeneCards,RFXAP
GeneCards,RGL2
GeneCards,RGN
GeneCards,RGS1
GeneCards,RGS10
GeneCards,RGS13
GeneCards,RGS14
GeneCards,RGS16
GeneCards,RGS17
GeneCards,RGS2
GeneCards,RGS6
GeneCards,RHBDF2
GeneCards,RHBG
GeneCards,RHOA
GeneCards,RHOB
GeneCards,RHOG
GeneCards,RHOH
GeneCards,RIC8B
GeneCards,RIDA
GeneCards,RIGI
GeneCards,RIMBP3
GeneCards,RIMBP3C
GeneCards,RIMS1
GeneCards,RING1
GeneCards,RIPK1
GeneCards,RIPK2
GeneCards,RIPK3
GeneCards,RIPPLY2
GeneCards,RIT1
GeneCards,RIT2
GeneCards,RLN2
GeneCards,RMI2
GeneCards,RN7SKP102
GeneCards,RN7SKP113
GeneCards,RN7SKP16
GeneCards,RN7SKP174
GeneCards,RN7SKP178
GeneCards,RN7SKP181
GeneCards,RN7SKP211
GeneCards,RN7SKP226
GeneCards,RN7SKP23
GeneCards,RN7SL1
GeneCards,RN7SL120P
GeneCards,RN7SL130P
GeneCards,RN7SL18P
GeneCards,RN7SL268P
GeneCards,RN7SL36P
GeneCards,RN7SL401P
GeneCards,RN7SL423P
GeneCards,RN7SL51P
GeneCards,RN7SL636P
GeneCards,RN7SL714P
GeneCards,RN7SL72P
GeneCards,RNA5SP107
GeneCards,RNA5SP144
GeneCards,RNA5SP173
GeneCards,RNA5SP184
GeneCards,RNA5SP384
GeneCards,RNA5SP428
GeneCards,RNASE2
GeneCards,RNASE3
GeneCards,RNASE4
GeneCards,RNASEH2A
GeneCards,RNASEH2B
GeneCards,RNASEH2C
GeneCards,RNASET2
GeneCards,RNF114
GeneCards,RNF123
GeneCards,RNF126
GeneCards,RNF128
GeneCards,RNF144A
GeneCards,RNF145
GeneCards,RNF183
GeneCards,RNF186
GeneCards,RNF186-AS1
GeneCards,RNF19B
GeneCards,RNF20
GeneCards,RNF213
GeneCards,RNF215
GeneCards,RNF216
GeneCards,RNF217-AS1
GeneCards,RNF31
GeneCards,RNF43
GeneCards,RNF5
GeneCards,RNF8
GeneCards,RNPEPL1
GeneCards,RNU1-134P
GeneCards,RNU1-150P
GeneCards,RNU1-55P
GeneCards,RNU2-14P
GeneCards,RNU4ATAC4P
GeneCards,RNU6-1
GeneCards,RNU6-119P
GeneCards,RNU6-1213P
GeneCards,RNU6-1276P
GeneCards,RNU6-144P
GeneCards,RNU6-222P
GeneCards,RNU6-299P
GeneCards,RNU6-301P
GeneCards,RNU6-320P
GeneCards,RNU6-344P
GeneCards,RNU6-380P
GeneCards,RNU6-474P
GeneCards,RNU6-481P
GeneCards,RNU6-543P
GeneCards,RNU6-54P
GeneCards,RNU6-570P
GeneCards,RNU6-638P
GeneCards,RNU6-649P
GeneCards,RNU6-704P
GeneCards,RNU6-70P
GeneCards,RNU6-788P
GeneCards,RNU6-793P
GeneCards,RNU6-838P
GeneCards,RNU6-850P
GeneCards,RNU6-919P
GeneCards,RNU6-959P
GeneCards,RNU7-147P
GeneCards,RNU7-167P
GeneCards,RNU7-57P
GeneCards,RNY4P10
GeneCards,RO60
GeneCards,ROBO2
GeneCards,ROCK1
GeneCards,ROCK2
GeneCards,ROCR
GeneCards,ROPN1L
GeneCards,ROR1
GeneCards,ROR1-AS1
GeneCards,RORA
GeneCards,RORC
GeneCards,ROS1
GeneCards,RP9P
GeneCards,RPA1
GeneCards,RPAP3
GeneCards,RPL10
GeneCards,RPL10A
GeneCards,RPL13
GeneCards,RPL13AP18
GeneCards,RPL13AP20
GeneCards,RPL17
GeneCards,RPL18
GeneCards,RPL19P17
GeneCards,RPL21P103
GeneCards,RPL21P119
GeneCards,RPL21P39
GeneCards,RPL21P44
GeneCards,RPL21P86
GeneCards,RPL22P23
GeneCards,RPL23AP1
GeneCards,RPL23AP12
GeneCards,RPL24
GeneCards,RPL26L1
GeneCards,RPL26L1-AS1
GeneCards,RPL29
GeneCards,RPL29P30
GeneCards,RPL3
GeneCards,RPL31P10
GeneCards,RPL32P17
GeneCards,RPL32P19
GeneCards,RPL34-DT
GeneCards,RPL35AP15
GeneCards,RPL35P9
GeneCards,RPL36AP1
GeneCards,RPL37
GeneCards,RPL37P19
GeneCards,RPL39L
GeneCards,RPL3P2
GeneCards,RPL41
GeneCards,RPL5
GeneCards,RPL5P26
GeneCards,RPL6
GeneCards,RPL6P17
GeneCards,RPL7A
GeneCards,RPL7AP47
GeneCards,RPL7AP70
GeneCards,RPL7P1
GeneCards,RPL7P32
GeneCards,RPL8P5
GeneCards,RPL9
GeneCards,RPLP0P2
GeneCards,RPLP0P3
GeneCards,RPLP0P7
GeneCards,RPLP2
GeneCards,RPN2
GeneCards,RPP21
GeneCards,RPP25L
GeneCards,RPPH1
GeneCards,RPS10P6
GeneCards,RPS11
GeneCards,RPS14
GeneCards,RPS15
GeneCards,RPS15A
GeneCards,RPS18
GeneCards,RPS19
GeneCards,RPS19P3
GeneCards,RPS20
GeneCards,RPS21P1
GeneCards,RPS21P8
GeneCards,RPS23P10
GeneCards,RPS26
GeneCards,RPS27P5
GeneCards,RPS29
GeneCards,RPS29P21
GeneCards,RPS3
GeneCards,RPS5P3
GeneCards,RPS6
GeneCards,RPS6KA1
GeneCards,RPS6KA2
GeneCards,RPS6KA3
GeneCards,RPS6KA4
GeneCards,RPS6KA5
GeneCards,RPS6KA6
GeneCards,RPS6KB1
GeneCards,RPS6KB2
GeneCards,RPS6P12
GeneCards,RPS7
GeneCards,RPS8
GeneCards,RPSA
GeneCards,RPSAP64
GeneCards,RRAS2
GeneCards,RRBP1
GeneCards,RRM2
GeneCards,RRM2B
GeneCards,RRP1
GeneCards,RRP15
GeneCards,RRP1B
GeneCards,RSBN1
GeneCards,RSPH1
GeneCards,RSPO1
GeneCards,RSPO2
GeneCards,RSPO3
GeneCards,RSPO4
GeneCards,RSRP1
GeneCards,RSU1
GeneCards,RTCB
GeneCards,RTEL1
GeneCards,RTEL1-TNFRSF6B
GeneCards,RTF1
GeneCards,RTL10
GeneCards,RTL4
GeneCards,RUBCNL
GeneCards,RUNX1
GeneCards,RUNX1-IT1
GeneCards,RUNX2
GeneCards,RUNX3
GeneCards,RUSC1-AS1
GeneCards,RUVBL1
GeneCards,RUVBL2
GeneCards,RXRA
GeneCards,RXRB
GeneCards,RYR1
GeneCards,RYR2
GeneCards,S100A1
GeneCards,S100A10
GeneCards,S100A11
GeneCards,S100A12
GeneCards,S100A4
GeneCards,S100A8
GeneCards,S100A9
GeneCards,S100B
GeneCards,S100G
GeneCards,S100P
GeneCards,S100PBP
GeneCards,S100Z
GeneCards,S1PR1
GeneCards,S1PR2
GeneCards,S1PR3
GeneCards,S1PR4
GeneCards,S1PR5
GeneCards,SAA1
GeneCards,SAA2
GeneCards,SACK1C-AS1
GeneCards,SAFB
GeneCards,SAFB2
GeneCards,SAG
GeneCards,SAMD14
GeneCards,SAMHD1
GeneCards,SAMMSON
GeneCards,SANBR
GeneCards,SAP25
GeneCards,SAP30
GeneCards,SAPCD1
GeneCards,SAPCD2
GeneCards,SAR1A
GeneCards,SARDH
GeneCards,SARM1
GeneCards,SARNP
GeneCards,SART1
GeneCards,SAT1
GeneCards,SATB1
GeneCards,SATB1-AS1
GeneCards,SATB2
GeneCards,SATB2-AS1
GeneCards,SBF1
GeneCards,SBF2-AS1
GeneCards,SBK1
GeneCards,SBNO2
GeneCards,SC5D
GeneCards,SCAMP1
GeneCards,SCARB1
GeneCards,SCARB2
GeneCards,SCARF2
GeneCards,SCARNA12
GeneCards,SCARNA17
GeneCards,SCARNA2
GeneCards,SCARNA5
GeneCards,SCARNA6
GeneCards,SCCPDH
GeneCards,SCD
GeneCards,SCG2
GeneCards,SCG3
GeneCards,SCG5
GeneCards,SCGB3A1
GeneCards,SCGN
GeneCards,SCN10A
GeneCards,SCN11A
GeneCards,SCN1A
GeneCards,SCN3A
GeneCards,SCN4A
GeneCards,SCN5A
GeneCards,SCN7A
GeneCards,SCN9A
GeneCards,SCNN1A
GeneCards,SCNN1B
GeneCards,SCNN1G
GeneCards,SCP2
GeneCards,SCRN1
GeneCards,SCT
GeneCards,SCTR
GeneCards,SCUBE1
GeneCards,SCYGR8
GeneCards,SDAD1
GeneCards,SDC1
GeneCards,SDC2
GeneCards,SDC4
GeneCards,SDF4
GeneCards,SDHA
GeneCards,SDHB
GeneCards,SDK1
GeneCards,SDR16C5
GeneCards,SDS
GeneCards,SEC13
GeneCards,SEC16A
GeneCards,SEC23A
GeneCards,SEC24A
GeneCards,SEC24C
GeneCards,SEC31B
GeneCards,SEC61GP1
GeneCards,SEC62
GeneCards,SEL1L
GeneCards,SELE
GeneCards,SELENBP1
GeneCards,SELENOP
GeneCards,SELENOS
GeneCards,SELENOW
GeneCards,SELL
GeneCards,SELP
GeneCards,SELPLG
GeneCards,SEMA3A
GeneCards,SEMA3B-AS1
GeneCards,SEMA3E
GeneCards,SEMA4A
GeneCards,SEMA4D
GeneCards,SEMA6D
GeneCards,SEMA7A
GeneCards,SENP1
GeneCards,SENP7
GeneCards,SEPHS1
GeneCards,SEPHS1P2
GeneCards,SEPHS2
GeneCards,SEPSECS
GeneCards,SEPTIN1
GeneCards,SEPTIN11
GeneCards,SEPTIN8
GeneCards,SEPTIN9
GeneCards,SERF1A
GeneCards,SERINC3
GeneCards,SERINC5
GeneCards,SERPINA1
GeneCards,SERPINA12
GeneCards,SERPINA3
GeneCards,SERPINA4
GeneCards,SERPINA6
GeneCards,SERPINA7
GeneCards,SERPINB1
GeneCards,SERPINB5
GeneCards,SERPINC1
GeneCards,SERPIND1
GeneCards,SERPINE1
GeneCards,SERPINF1
GeneCards,SERPING1
GeneCards,SERPINH1
GeneCards,SESN2
GeneCards,SETD1A
GeneCards,SETD1B
GeneCards,SETD2
GeneCards,SETDB1
GeneCards,SF3A1
GeneCards,SF3A2
GeneCards,SF3B1
GeneCards,SF3B3
GeneCards,SFMBT1
GeneCards,SFMBT2
GeneCards,SFRP1
GeneCards,SFRP2
GeneCards,SFRP4
GeneCards,SFRP5
GeneCards,SFTA3
GeneCards,SFTPA1
GeneCards,SFTPA2
GeneCards,SFTPB
GeneCards,SFTPC
GeneCards,SFTPD
GeneCards,SFXN3
GeneCards,SGCD
GeneCards,SGCZ
GeneCards,SGF29
GeneCards,SGK1
GeneCards,SGPL1
GeneCards,SGPP1
GeneCards,SGPP2
GeneCards,SH2B1
GeneCards,SH2B3
GeneCards,SH2D1A
GeneCards,SH2D4B
GeneCards,SH3BGRL
GeneCards,SH3BGRL3
GeneCards,SH3BP2
GeneCards,SH3PXD2A-AS1
GeneCards,SH3PXD2B
GeneCards,SHANK1
GeneCards,SHANK3
GeneCards,SHARPIN
GeneCards,SHBG
GeneCards,SHC1
GeneCards,SHH
GeneCards,SHISA3
GeneCards,SHISA6
GeneCards,SHLD1
GeneCards,SHLD2P2
GeneCards,SHMT1
GeneCards,SHMT2
GeneCards,SHTN1
GeneCards,SI
GeneCards,SIAE
GeneCards,SIDT2
GeneCards,SIGIRR
GeneCards,SIPA1
GeneCards,SIRAL2
GeneCards,SIRPA
GeneCards,SIRT1
GeneCards,SIRT2
GeneCards,SIRT3
GeneCards,SIRT6
GeneCards,SIX4
GeneCards,SIX5
GeneCards,SKAP1
GeneCards,SKAP2
GeneCards,SKI
GeneCards,SKIC2
GeneCards,SKIC3
GeneCards,SKOR1
GeneCards,SKP1
GeneCards,SKP1P2
GeneCards,SKP2
GeneCards,SLAIN2
GeneCards,SLAMF1
GeneCards,SLAMF6
GeneCards,SLAMF7
GeneCards,SLC10A1
GeneCards,SLC10A2
GeneCards,SLC10A4
GeneCards,SLC11A1
GeneCards,SLC11A2
GeneCards,SLC12A1
GeneCards,SLC12A2
GeneCards,SLC12A5-AS1
GeneCards,SLC12A9
GeneCards,SLC12A9-AS1
GeneCards,SLC13A2
GeneCards,SLC13A3
GeneCards,SLC15A1
GeneCards,SLC15A2
GeneCards,SLC15A4
GeneCards,SLC15A5
GeneCards,SLC16A1
GeneCards,SLC16A10
GeneCards,SLC16A3
GeneCards,SLC16A9
GeneCards,SLC18A3
GeneCards,SLC19A1
GeneCards,SLC19A2
GeneCards,SLC19A3
GeneCards,SLC1A1
GeneCards,SLC1A5
GeneCards,SLC20A1
GeneCards,SLC22A1
GeneCards,SLC22A10
GeneCards,SLC22A16
GeneCards,SLC22A2
GeneCards,SLC22A23
GeneCards,SLC22A4
GeneCards,SLC22A5
GeneCards,SLC22A6
GeneCards,SLC22A7
GeneCards,SLC22A8
GeneCards,SLC23A1
GeneCards,SLC23A2
GeneCards,SLC24A3
GeneCards,SLC24A5
GeneCards,SLC25A13
GeneCards,SLC25A28
GeneCards,SLC25A3
GeneCards,SLC25A38P1
GeneCards,SLC25A4
GeneCards,SLC25A5
GeneCards,SLC25A52
GeneCards,SLC25A6
GeneCards,SLC26A2
GeneCards,SLC26A3
GeneCards,SLC28A2
GeneCards,SLC28A3
GeneCards,SLC29A1
GeneCards,SLC29A2
GeneCards,SLC29A3
GeneCards,SLC29A4
GeneCards,SLC2A1
GeneCards,SLC2A11
GeneCards,SLC2A13
GeneCards,SLC2A14
GeneCards,SLC2A3
GeneCards,SLC2A4
GeneCards,SLC2A4RG
GeneCards,SLC2A5
GeneCards,SLC2A9
GeneCards,SLC30A10
GeneCards,SLC30A2
GeneCards,SLC30A8
GeneCards,SLC34A1
GeneCards,SLC35A1
GeneCards,SLC35C1
GeneCards,SLC35D1
GeneCards,SLC37A4
GeneCards,SLC38A1
GeneCards,SLC38A10
GeneCards,SLC38A2
GeneCards,SLC38A6
GeneCards,SLC39A11
GeneCards,SLC39A4
GeneCards,SLC39A7
GeneCards,SLC39A8
GeneCards,SLC3A2
GeneCards,SLC40A1
GeneCards,SLC44A4
GeneCards,SLC45A1
GeneCards,SLC46A1
GeneCards,SLC47A1
GeneCards,SLC47A2
GeneCards,SLC48A1
GeneCards,SLC4A1AP
GeneCards,SLC4A2
GeneCards,SLC4A4
GeneCards,SLC51A
GeneCards,SLC51B
GeneCards,SLC5A1
GeneCards,SLC5A2
GeneCards,SLC5A8
GeneCards,SLC60A1
GeneCards,SLC60A2
GeneCards,SLC60A2-DT
GeneCards,SLC67A1
GeneCards,SLC67A2
GeneCards,SLC68A1
GeneCards,SLC6A14
GeneCards,SLC6A19
GeneCards,SLC6A4
GeneCards,SLC6A8
GeneCards,SLC6A9
GeneCards,SLC7A10
GeneCards,SLC7A11
GeneCards,SLC7A2
GeneCards,SLC7A5
GeneCards,SLC7A7
GeneCards,SLC8A1
GeneCards,SLC8A3
GeneCards,SLC9A1
GeneCards,SLC9A2
GeneCards,SLC9A3
GeneCards,SLC9A3-OT1
GeneCards,SLC9A4
GeneCards,SLC9A8
GeneCards,SLC9A9
GeneCards,SLC9C1
GeneCards,SLCO1A2
GeneCards,SLCO1B1
GeneCards,SLCO1B3
GeneCards,SLCO1C1
GeneCards,SLCO2A1
GeneCards,SLCO2B1
GeneCards,SLCO4A1-AS1
GeneCards,SLFN11
GeneCards,SLIT1
GeneCards,SLIT2
GeneCards,SLPI
GeneCards,SLTM
GeneCards,SLX4
GeneCards,SMAD2
GeneCards,SMAD3
GeneCards,SMAD3-AS1
GeneCards,SMAD4
GeneCards,SMAD5-AS1
GeneCards,SMAD7
GeneCards,SMARCA4
GeneCards,SMARCA5
GeneCards,SMARCB1
GeneCards,SMARCD3
GeneCards,SMARCE1
GeneCards,SMC3
GeneCards,SMG1P5
GeneCards,SMIM12
GeneCards,SMIM15P2
GeneCards,SMIM3
GeneCards,SMO
GeneCards,SMOC1
GeneCards,SMOX
GeneCards,SMPD1
GeneCards,SMPD2
GeneCards,SMPD4
GeneCards,SMUG1
GeneCards,SMURF1
GeneCards,SMURF2
GeneCards,SMYD1
GeneCards,SMYD2
GeneCards,SNAI1
GeneCards,SNAI2
GeneCards,SNAP25
GeneCards,SNAPC4
GeneCards,SNCA
GeneCards,SNHG1
GeneCards,SNHG10
GeneCards,SNHG11
GeneCards,SNHG12
GeneCards,SNHG14
GeneCards,SNHG15
GeneCards,SNHG16
GeneCards,SNHG17
GeneCards,SNHG20
GeneCards,SNHG22
GeneCards,SNHG3
GeneCards,SNHG32
GeneCards,SNHG4
GeneCards,SNHG5
GeneCards,SNHG6
GeneCards,SNHG7
GeneCards,SNHG8
GeneCards,SNN
GeneCards,SNODBsnoDB1199
GeneCards,SNODBsnoDB1953
GeneCards,SNORA21
GeneCards,SNORA54
GeneCards,SNORA58B
GeneCards,SNORA66
GeneCards,SNORD117
GeneCards,SNORD118
GeneCards,SNORD124
GeneCards,SNORD15A
GeneCards,SNORD16
GeneCards,SNORD24
GeneCards,SNORD28B
GeneCards,SNORD44
GeneCards,SNORD48
GeneCards,SNORD65B
GeneCards,SNORD83A
GeneCards,SNRPD2
GeneCards,SNRPE
GeneCards,SNRPGP7
GeneCards,SNRPGP8
GeneCards,SNTG1
GeneCards,SNW1
GeneCards,SNX10
GeneCards,SNX13
GeneCards,SNX19
GeneCards,SNX2
GeneCards,SNX20
GeneCards,SNX27
GeneCards,SNX32
GeneCards,SNX9
GeneCards,SOAT1
GeneCards,SOAT2
GeneCards,SOCS1
GeneCards,SOCS2
GeneCards,SOCS2-AS1
GeneCards,SOCS3
GeneCards,SOD1
GeneCards,SOD1-DT
GeneCards,SOD2
GeneCards,SOD3
GeneCards,SON
GeneCards,SORBS1
GeneCards,SORD
GeneCards,SOST
GeneCards,SOX13
GeneCards,SOX2
GeneCards,SOX2-OT
GeneCards,SOX4
GeneCards,SOX5
GeneCards,SOX6
GeneCards,SOX9
GeneCards,SP1
GeneCards,SP100
GeneCards,SP140
GeneCards,SP2
GeneCards,SPACA1
GeneCards,SPARC
GeneCards,SPATA2
GeneCards,SPATA31F1
GeneCards,SPATA31F2P
GeneCards,SPATA4
GeneCards,SPCS3
GeneCards,SPDL1
GeneCards,SPHK1
GeneCards,SPHK2
GeneCards,SPHKAP
GeneCards,SPI1
GeneCards,SPIB
GeneCards,SPINK1
GeneCards,SPINK5
GeneCards,SPINT1
GeneCards,SPINT1-AS1
GeneCards,SPINT2
GeneCards,SPMIP7
GeneCards,SPN
GeneCards,SPNS2
GeneCards,SPOPL-DT
GeneCards,SPOUT1
GeneCards,SPP1
GeneCards,SPP2
GeneCards,SPR
GeneCards,SPRED1
GeneCards,SPRED2
GeneCards,SPRR1A
GeneCards,SPRY2
GeneCards,SPRY4
GeneCards,SPRY4-AS1
GeneCards,SPRY4-IT1
GeneCards,SPSB2
GeneCards,SPTA1
GeneCards,SPTBN1
GeneCards,SPTLC1P1
GeneCards,SPZ1
GeneCards,SQOR
GeneCards,SQSTM1
GeneCards,SRC
GeneCards,SRD5A2
GeneCards,SRD5A3
GeneCards,SREBF1
GeneCards,SREBF2
GeneCards,SRF
GeneCards,SRGAP3
GeneCards,SRIP1
GeneCards,SRP54
GeneCards,SRP9
GeneCards,SRRM2
GeneCards,SRRT
GeneCards,SRSF1
GeneCards,SRSF4
GeneCards,SRSF5
GeneCards,SRSF6
GeneCards,SRXN1
GeneCards,SRY
GeneCards,SSRP1
GeneCards,SST
GeneCards,SSTR2
GeneCards,SSTR5
GeneCards,ST14
GeneCards,ST18
GeneCards,ST3GAL6-AS1
GeneCards,ST6GAL1
GeneCards,ST6GALNAC1
GeneCards,ST7
GeneCards,ST7-OT3
GeneCards,ST8SIA1
GeneCards,ST8SIA2
GeneCards,ST8SIA5
GeneCards,ST8SIA6-AS1
GeneCards,STAB2
GeneCards,STAG3L5P
GeneCards,STAR
GeneCards,STARD13
GeneCards,STARD13-AS
GeneCards,STARD3
GeneCards,STAT1
GeneCards,STAT2
GeneCards,STAT3
GeneCards,STAT4
GeneCards,STAT5A
GeneCards,STAT5B
GeneCards,STAT6
GeneCards,STAU1
GeneCards,STEAP3-AS1
GeneCards,STIM1
GeneCards,STING1
GeneCards,STIP1
GeneCards,STK11
GeneCards,STK24
GeneCards,STK24-AS1
GeneCards,STK32B
GeneCards,STK38
GeneCards,STK39
GeneCards,STK4
GeneCards,STMN3
GeneCards,STOM
GeneCards,STOML2
GeneCards,STRA8
GeneCards,STUB1
GeneCards,STX11
GeneCards,STX19
GeneCards,STX1A
GeneCards,STX2
GeneCards,STX3
GeneCards,STX8
GeneCards,STXBP2
GeneCards,STXBP3
GeneCards,SUB1
GeneCards,SUCLG2
GeneCards,SUCNR1
GeneCards,SUGT1P3
GeneCards,SULT1A1
GeneCards,SULT1A2
GeneCards,SULT1B1
GeneCards,SULT1E1
GeneCards,SULT2A1
GeneCards,SUMF1
GeneCards,SUMO1P3
GeneCards,SUMO2P1
GeneCards,SUOX
GeneCards,SUPT7L
GeneCards,SURF4
GeneCards,SUSD6
GeneCards,SUV39H1
GeneCards,SUZ12
GeneCards,SVIL
GeneCards,SYK
GeneCards,SYMPK
GeneCards,SYNE1
GeneCards,SYNGAP1
GeneCards,SYNGR1
GeneCards,SYNPO
GeneCards,SYT2-AS1
GeneCards,SYT9
GeneCards,SYT9-AS1
GeneCards,TAAR1
GeneCards,TAB1
GeneCards,TAB2
GeneCards,TAB3
GeneCards,TAC1
GeneCards,TAC4
GeneCards,TACR1
GeneCards,TACR2
GeneCards,TAF15
GeneCards,TAF3
GeneCards,TAFA5
GeneCards,TAFAZZIN
GeneCards,TAGAP
GeneCards,TAGAP-AS1
GeneCards,TAGLN
GeneCards,TAGLN2
GeneCards,TALDO1
GeneCards,TANK
GeneCards,TANK-AS1
GeneCards,TAOK1
GeneCards,TAP1
GeneCards,TAP2
GeneCards,TAPBP
GeneCards,TAPBPL
GeneCards,TARBP1
GeneCards,TARP
GeneCards,TARS1
GeneCards,TARS2P1
GeneCards,TAS2R46
GeneCards,TASP1
GeneCards,TAT
GeneCards,TATDN1
GeneCards,TAX1BP1
GeneCards,TBC1D14
GeneCards,TBC1D15
GeneCards,TBCC
GeneCards,TBCE
GeneCards,TBK1
GeneCards,TBL1X
GeneCards,TBL2
GeneCards,TBP
GeneCards,TBX1
GeneCards,TBX20
GeneCards,TBX21
GeneCards,TBXA2R
GeneCards,TBXAS1
GeneCards,TC2N
GeneCards,TCAF1
GeneCards,TCAF2
GeneCards,TCEAL1
GeneCards,TCERG1
GeneCards,TCF19
GeneCards,TCF25
GeneCards,TCF3
GeneCards,TCF4
GeneCards,TCF7
GeneCards,TCF7L1
GeneCards,TCF7L2
GeneCards,TCFL5
GeneCards,TCHP
GeneCards,TCN1
GeneCards,TCN2
GeneCards,TCOF1
GeneCards,TCP1
GeneCards,TDO2
GeneCards,TDP1
GeneCards,TDRD10
GeneCards,TDRG1
GeneCards,TDRKH
GeneCards,TDRKH-AS1
GeneCards,TEAD1
GeneCards,TEC
GeneCards,TECTA
GeneCards,TEK
GeneCards,TENM3
GeneCards,TENT2
GeneCards,TEP1
GeneCards,TERC
GeneCards,TERF2
GeneCards,TERF2IP
GeneCards,TERT
GeneCards,TET1
GeneCards,TET2
GeneCards,TET2-AS1
GeneCards,TET3
GeneCards,TEX41
GeneCards,TEX48
GeneCards,TEX51
GeneCards,TF
GeneCards,TFAP2A
GeneCards,TFAP2B
GeneCards,TFDP1
GeneCards,TFE3
GeneCards,TFEB
GeneCards,TFF1
GeneCards,TFF2
GeneCards,TFF3
GeneCards,TFPI
GeneCards,TFPI2
GeneCards,TFRC
GeneCards,TG
GeneCards,TGFA
GeneCards,TGFB1
GeneCards,TGFB2
GeneCards,TGFB3
GeneCards,TGFBR1
GeneCards,TGFBR2
GeneCards,TGFBR3
GeneCards,TGM1
GeneCards,TGM2
GeneCards,TH
GeneCards,THADA
GeneCards,THAP7
GeneCards,THAP7-AS1
GeneCards,THBD
GeneCards,THBS1
GeneCards,THBS2
GeneCards,THBS3
GeneCards,THBS4
GeneCards,THBS4-AS1
GeneCards,THEM4
GeneCards,THEM5
GeneCards,THEM7P
GeneCards,THEMIS
GeneCards,THM
GeneCards,THORLNC
GeneCards,THRB-AS1
GeneCards,THRIL
GeneCards,THRSP
GeneCards,THSD7A
GeneCards,THUMPD3-AS1
GeneCards,THY1
GeneCards,TIA1
GeneCards,TIAL1
GeneCards,TIAM1
GeneCards,TIAM1-AS1
GeneCards,TICAM1
GeneCards,TIFAB
GeneCards,TIGAR
GeneCards,TIGD6
GeneCards,TIGIT
GeneCards,TIMD4
GeneCards,TIMM50
GeneCards,TIMP1
GeneCards,TIMP2
GeneCards,TIMP3
GeneCards,TIMP4
GeneCards,TINCR
GeneCards,TINF2
GeneCards,TIPIN
GeneCards,TIRAP
GeneCards,TJP1
GeneCards,TJP2
GeneCards,TJP3
GeneCards,TK1
GeneCards,TKT
GeneCards,TLE1
GeneCards,TLE3
GeneCards,TLN1
GeneCards,TLN2
GeneCards,TLR1
GeneCards,TLR10
GeneCards,TLR2
GeneCards,TLR3
GeneCards,TLR4
GeneCards,TLR5
GeneCards,TLR6
GeneCards,TLR7
GeneCards,TLR8
GeneCards,TLR9
GeneCards,TLX1NB
GeneCards,TM6SF2
GeneCards,TM9SF2
GeneCards,TM9SF3
GeneCards,TM9SF4
GeneCards,TM9SF5P
GeneCards,TMBIM1
GeneCards,TMCO4
GeneCards,TMED10
GeneCards,TMED4
GeneCards,TMED9
GeneCards,TMEFF2
GeneCards,TMEM106C
GeneCards,TMEM109
GeneCards,TMEM116
GeneCards,TMEM132D
GeneCards,TMEM164
GeneCards,TMEM170A
GeneCards,TMEM174
GeneCards,TMEM176B
GeneCards,TMEM182
GeneCards,TMEM191C
GeneCards,TMEM192
GeneCards,TMEM201
GeneCards,TMEM202-AS1
GeneCards,TMEM229B
GeneCards,TMEM238L
GeneCards,TMEM245
GeneCards,TMEM252
GeneCards,TMEM255B
GeneCards,TMEM258
GeneCards,TMEM259
GeneCards,TMEM260
GeneCards,TMEM33
GeneCards,TMEM39A
GeneCards,TMEM50B
GeneCards,TMEM63B
GeneCards,TMPO-AS1
GeneCards,TMPRSS13
GeneCards,TMPRSS2
GeneCards,TMPRSS6
GeneCards,TMSB4X
GeneCards,TMT1B
GeneCards,TNC
GeneCards,TNF
GeneCards,TNFAIP3
GeneCards,TNFAIP6
GeneCards,TNFRSF10A
GeneCards,TNFRSF10A-AS1
GeneCards,TNFRSF10B
GeneCards,TNFRSF10C
GeneCards,TNFRSF11A
GeneCards,TNFRSF11B
GeneCards,TNFRSF12A
GeneCards,TNFRSF13B
GeneCards,TNFRSF13C
GeneCards,TNFRSF14
GeneCards,TNFRSF14-AS1
GeneCards,TNFRSF17
GeneCards,TNFRSF18
GeneCards,TNFRSF19
GeneCards,TNFRSF1A
GeneCards,TNFRSF1B
GeneCards,TNFRSF25
GeneCards,TNFRSF4
GeneCards,TNFRSF6B
GeneCards,TNFRSF8
GeneCards,TNFRSF9
GeneCards,TNFSF10
GeneCards,TNFSF11
GeneCards,TNFSF12
GeneCards,TNFSF13
GeneCards,TNFSF13B
GeneCards,TNFSF14
GeneCards,TNFSF15
GeneCards,TNFSF18
GeneCards,TNFSF4
GeneCards,TNFSF8
GeneCards,TNFSF9
GeneCards,TNIK
GeneCards,TNIP1
GeneCards,TNIP3
GeneCards,TNK2
GeneCards,TNKS
GeneCards,TNNI2
GeneCards,TNNT3
GeneCards,TNP2
GeneCards,TNPO3
GeneCards,TNRC18
GeneCards,TNRC6A
GeneCards,TNRC6B
GeneCards,TNRC6C
GeneCards,TNRC6C-AS1
GeneCards,TNS1
GeneCards,TNS2
GeneCards,TNS4
GeneCards,TNXA
GeneCards,TNXB
GeneCards,TOLLIP
GeneCards,TOM1
GeneCards,TOMM20
GeneCards,TOMM5P1
GeneCards,TOMM7
GeneCards,TOP1
GeneCards,TOP2A
GeneCards,TOP3B
GeneCards,TOPAZ1
GeneCards,TOR1A
GeneCards,TOR1AIP1
GeneCards,TOR1B
GeneCards,TP53
GeneCards,TP63
GeneCards,TP73
GeneCards,TPBG
GeneCards,TPCN2
GeneCards,TPD52
GeneCards,TPD52L2
GeneCards,TPH1
GeneCards,TPI1
GeneCards,TPI1P2
GeneCards,TPM1
GeneCards,TPM2
GeneCards,TPM3
GeneCards,TPM4
GeneCards,TPMT
GeneCards,TPO
GeneCards,TPP1
GeneCards,TPP2
GeneCards,TPPP
GeneCards,TPRG1
GeneCards,TPT1
GeneCards,TPT1-AS1
GeneCards,TPTE
GeneCards,TPTE2P1
GeneCards,TPX2
GeneCards,TRA-TGC7-1
GeneCards,TRADD
GeneCards,TRAF1
GeneCards,TRAF2
GeneCards,TRAF3
GeneCards,TRAF3IP2
GeneCards,TRAF3IP2-AS1
GeneCards,TRAF4
GeneCards,TRAF5
GeneCards,TRAF6
GeneCards,TRAIP
GeneCards,TRAM1L1
GeneCards,TRANK1
GeneCards,TRAP1
GeneCards,TRAPPC10
GeneCards,TRAPPC8
GeneCards,TRB
GeneCards,TRBV30
GeneCards,TRC-GCA24-1
GeneCards,TRDC
GeneCards,TRE-TTC3-1
GeneCards,TREM1
GeneCards,TREM2
GeneCards,TRERNA1
GeneCards,TREX1
GeneCards,TRG
GeneCards,TRG-TCC2-6
GeneCards,TRH
GeneCards,TRIB1
GeneCards,TRIB1AL
GeneCards,TRIB2
GeneCards,TRIL
GeneCards,TRIM10
GeneCards,TRIM15
GeneCards,TRIM17
GeneCards,TRIM21
GeneCards,TRIM22
GeneCards,TRIM26
GeneCards,TRIM28
GeneCards,TRIM31
GeneCards,TRIM31-AS1
GeneCards,TRIM33
GeneCards,TRIM34
GeneCards,TRIM35
GeneCards,TRIM38
GeneCards,TRIM39
GeneCards,TRIM39-RPP21
GeneCards,TRIM4
GeneCards,TRIM40
GeneCards,TRIM41
GeneCards,TRIM5
GeneCards,TRIM58
GeneCards,TRIM59
GeneCards,TRIM6
GeneCards,TRIM6-TRIM34
GeneCards,TRIM60P14
GeneCards,TRIM62
GeneCards,TRIM8
GeneCards,TRIP10
GeneCards,TRIP11
GeneCards,TRIP4
GeneCards,TRIR
GeneCards,TRL-AAG6-1
GeneCards,TRL-CAG1-6
GeneCards,TRL-TAG1-1
GeneCards,TRMT2A
GeneCards,TRMT5
GeneCards,TRMT61B
GeneCards,TRNT1
GeneCards,TRPA1
GeneCards,TRPC5
GeneCards,TRPC6
GeneCards,TRPM2
GeneCards,TRPM2-AS
GeneCards,TRPM3
GeneCards,TRPM6
GeneCards,TRPM8
GeneCards,TRPS1
GeneCards,TRPT1
GeneCards,TRPV1
GeneCards,TRPV2
GeneCards,TRPV3
GeneCards,TRPV4
GeneCards,TRPV5
GeneCards,TRPV6
GeneCards,TSBP1
GeneCards,TSBP1-AS1
GeneCards,TSC2
GeneCards,TSC22D3
GeneCards,TSEN15P3
GeneCards,TSHB
GeneCards,TSKS
GeneCards,TSLP
GeneCards,TSNAX
GeneCards,TSPAN13
GeneCards,TSPAN14
GeneCards,TSPAN14-AS1
GeneCards,TSPAN32
GeneCards,TSPAN33
GeneCards,TSPO
GeneCards,TSPYL1
GeneCards,TSSC4
GeneCards,TSSK3
GeneCards,TST
GeneCards,TTBK2
GeneCards,TTC33
GeneCards,TTC4
GeneCards,TTC7A
GeneCards,TTF1
GeneCards,TTF2
GeneCards,TTL
GeneCards,TTLL2
GeneCards,TTN
GeneCards,TTN-AS1
GeneCards,TTPAL
GeneCards,TTR
GeneCards,TTTY14
GeneCards,TTTY15
GeneCards,TTYH3
GeneCards,TUBA1A
GeneCards,TUBA4A
GeneCards,TUBA4B
GeneCards,TUBB1
GeneCards,TUBB2A
GeneCards,TUBB2B
GeneCards,TUBB6
GeneCards,TUBD1
GeneCards,TUBE1
GeneCards,TUFM
GeneCards,TUFT1
GeneCards,TUG1
GeneCards,TUNAR
GeneCards,TUSC3
GeneCards,TUSC7
GeneCards,TWIST1
GeneCards,TWIST2
GeneCards,TXK
GeneCards,TXN
GeneCards,TXNDC5
GeneCards,TXNIP
GeneCards,TXNRD1
GeneCards,TYK2
GeneCards,TYMP
GeneCards,TYMS
GeneCards,TYMSOS
GeneCards,TYR
GeneCards,TYROBP
GeneCards,TYRP1
GeneCards,UACA
GeneCards,UAP1L1
GeneCards,UBA1
GeneCards,UBA2
GeneCards,UBA52
GeneCards,UBA6-DT
GeneCards,UBA7
GeneCards,UBAC2
GeneCards,UBAP2L
GeneCards,UBASH3A
GeneCards,UBB
GeneCards,UBC
GeneCards,UBD
GeneCards,UBE2A
GeneCards,UBE2D2
GeneCards,UBE2D3
GeneCards,UBE2E1-AS1
GeneCards,UBE2G2
GeneCards,UBE2H
GeneCards,UBE2K
GeneCards,UBE2L3
GeneCards,UBE2L6
GeneCards,UBE2N
GeneCards,UBE2Q1
GeneCards,UBE2Q1-AS1
GeneCards,UBE2U
GeneCards,UBE2V2
GeneCards,UBE4A
GeneCards,UBQLN1
GeneCards,UBQLN4
GeneCards,UBR1
GeneCards,UBR4
GeneCards,UBR5
GeneCards,UBTD2
GeneCards,UBTF
GeneCards,UCA1
GeneCards,UCHL1
GeneCards,UCKL1
GeneCards,UCN
GeneCards,UCN2
GeneCards,UCP2
GeneCards,UFC1
GeneCards,UFD1
GeneCards,UGCG
GeneCards,UGP2
GeneCards,UGT1A1
GeneCards,UGT1A4
GeneCards,UGT1A6
GeneCards,UGT1A7
GeneCards,UGT1A8
GeneCards,UGT1A9
GeneCards,UGT2A3
GeneCards,UGT2B17
GeneCards,UGT2B7
GeneCards,ULK1
GeneCards,UMOD
GeneCards,UMODL1
GeneCards,UMPS
GeneCards,UNC13D
GeneCards,UNC45A
GeneCards,UNC5B-AS1
GeneCards,UNG
GeneCards,UPF3A
GeneCards,UQCR10
GeneCards,UQCRC1
GeneCards,UQCRHP1
GeneCards,UQCRQ
GeneCards,USF1
GeneCards,USH2A
GeneCards,USP1
GeneCards,USP12
GeneCards,USP13
GeneCards,USP14
GeneCards,USP19
GeneCards,USP2-AS1
GeneCards,USP20
GeneCards,USP21
GeneCards,USP25
GeneCards,USP3
GeneCards,USP30-AS1
GeneCards,USP36
GeneCards,USP37
GeneCards,USP4
GeneCards,USP40
GeneCards,USP47
GeneCards,USP7
GeneCards,USP8
GeneCards,UTP6
GeneCards,UTS2
GeneCards,UTS2R
GeneCards,UVRAG
GeneCards,UXT
GeneCards,VAMP1
GeneCards,VAMP2
GeneCards,VAPA
GeneCards,VARS1
GeneCards,VARS2
GeneCards,VASP
GeneCards,VAT1
GeneCards,VAV1
GeneCards,VAV2
GeneCards,VBP1
GeneCards,VCAM1
GeneCards,VCAN
GeneCards,VCL
GeneCards,VCP
GeneCards,VDAC1
GeneCards,VDAC2
GeneCards,VDAC3
GeneCards,VDR
GeneCards,VEGFA
GeneCards,VEGFC
GeneCards,VEGFD
GeneCards,VHL
GeneCards,VIL1
GeneCards,VIM
GeneCards,VIP
GeneCards,VIPR1
GeneCards,VLDLR
GeneCards,VMP1
GeneCards,VNN1
GeneCards,VNN2
GeneCards,VPS13B
GeneCards,VPS13C
GeneCards,VPS26A
GeneCards,VPS35
GeneCards,VPS37C
GeneCards,VPS41
GeneCards,VPS45
GeneCards,VPS52
GeneCards,VPS9D1-AS1
GeneCards,VTCN1
GeneCards,VTI1A
GeneCards,VTN
GeneCards,VWA2
GeneCards,VWA7
GeneCards,VWF
GeneCards,WAKMAR2
GeneCards,WAS
GeneCards,WASF1
GeneCards,WASF2
GeneCards,WASF3
GeneCards,WASH3P
GeneCards,WASH5P
GeneCards,WASH6P
GeneCards,WASHC1
GeneCards,WASHC2C
GeneCards,WASHC4
GeneCards,WASHC5
GeneCards,WASHC5-AS1
GeneCards,WASL
GeneCards,WBP1LP5
GeneCards,WDFY4
GeneCards,WDR1
GeneCards,WDR4
GeneCards,WDR43
GeneCards,WDR46
GeneCards,WDR48
GeneCards,WDR75
GeneCards,WEE1
GeneCards,WFDC2
GeneCards,WFDC6
GeneCards,WFS1
GeneCards,WHAMM
GeneCards,WHR1
GeneCards,WHR1B
GeneCards,WHRN
GeneCards,WIF1
GeneCards,WIPF1
GeneCards,WIPF2
GeneCards,WIPI2
GeneCards,WLS
GeneCards,WNK1
GeneCards,WNT1
GeneCards,WNT10A
GeneCards,WNT2
GeneCards,WNT2B
GeneCards,WNT3
GeneCards,WNT3A
GeneCards,WNT4
GeneCards,WNT5A
GeneCards,WNT6
GeneCards,WSB2
GeneCards,WT1
GeneCards,WTAP
GeneCards,WWOX
GeneCards,WWTR1
GeneCards,XAF1
GeneCards,XBP1
GeneCards,XCR1
GeneCards,XDH
GeneCards,XIAP
GeneCards,XIRP2-AS1
GeneCards,XIST
GeneCards,XK
GeneCards,XPC
GeneCards,XPC-AS1
GeneCards,XPO1
GeneCards,XPO5
GeneCards,XRCC1
GeneCards,XRCC3
GeneCards,XRCC5
GeneCards,XRCC6
GeneCards,XRCC6P1
GeneCards,XXYLT1
GeneCards,XXYLT1-AS2
GeneCards,YAP1
GeneCards,YBX1
GeneCards,YBX1P5
GeneCards,YBX2
GeneCards,YBX3
GeneCards,YDJC
GeneCards,YES1
GeneCards,YIF1A
GeneCards,YIPF5
GeneCards,YRDC
GeneCards,YTHDF1
GeneCards,YTHDF2
GeneCards,YWHAB
GeneCards,YWHAE
GeneCards,YWHAH
GeneCards,YWHAQ
GeneCards,YWHAZ
GeneCards,YY1
GeneCards,YY1AP1
GeneCards,Z46261-004
GeneCards,ZAP70
GeneCards,ZBED6
GeneCards,ZBP1
GeneCards,ZBTB10
GeneCards,ZBTB11-AS1
GeneCards,ZBTB12
GeneCards,ZBTB24
GeneCards,ZBTB40
GeneCards,ZBTB46
GeneCards,ZBTB46-AS1
GeneCards,ZBTB46-AS2
GeneCards,ZBTB7B
GeneCards,ZBTB8A
GeneCards,ZBTB8OS
GeneCards,ZC3H11A
GeneCards,ZC3H12A
GeneCards,ZC3H12C
GeneCards,ZC3H18
GeneCards,ZC3H4
GeneCards,ZCCHC10
GeneCards,ZCCHC14-DT
GeneCards,ZCCHC8
GeneCards,ZDHHC8
GeneCards,ZDHHC8BP
GeneCards,ZEB1
GeneCards,ZEB1-AS1
GeneCards,ZEB2
GeneCards,ZEB2-AS1
GeneCards,ZFAS1
GeneCards,ZFP36
GeneCards,ZFP36L1
GeneCards,ZFP57
GeneCards,ZFP90
GeneCards,ZFP91
GeneCards,ZFPM2-AS1
GeneCards,ZFR
GeneCards,ZG16
GeneCards,ZGPAT
GeneCards,ZHX3
GeneCards,ZKSCAN3
GeneCards,ZKSCAN4
GeneCards,ZKSCAN8
GeneCards,ZKSCAN8P1
GeneCards,ZMAT5
GeneCards,ZMIZ1
GeneCards,ZMPSTE24
GeneCards,ZNF133
GeneCards,ZNF142
GeneCards,ZNF148
GeneCards,ZNF184
GeneCards,ZNF204P
GeneCards,ZNF212
GeneCards,ZNF281
GeneCards,ZNF3
GeneCards,ZNF300
GeneCards,ZNF300P1
GeneCards,ZNF32
GeneCards,ZNF341
GeneCards,ZNF354B
GeneCards,ZNF365
GeneCards,ZNF384
GeneCards,ZNF385B
GeneCards,ZNF385D
GeneCards,ZNF407-AS1
GeneCards,ZNF423
GeneCards,ZNF431
GeneCards,ZNF436
GeneCards,ZNF507
GeneCards,ZNF512
GeneCards,ZNF561-AS1
GeneCards,ZNF602P
GeneCards,ZNF603P
GeneCards,ZNF649
GeneCards,ZNF654
GeneCards,ZNF66
GeneCards,ZNF667-AS1
GeneCards,ZNF687
GeneCards,ZNF704
GeneCards,ZNF711
GeneCards,ZNF750
GeneCards,ZNF774
GeneCards,ZNF783
GeneCards,ZNF804B
GeneCards,ZNF815P
GeneCards,ZNF816
GeneCards,ZNF831
GeneCards,ZNF85
GeneCards,ZNRF4
GeneCards,ZPBP
GeneCards,ZPBP2
GeneCards,ZPLD1
GeneCards,ZSCAN12
GeneCards,ZSCAN20
GeneCards,ZSCAN26
GeneCards,ZSCAN9
GeneCards,ZSWIM8-AS1
GeneCards,ZUP1
GeneCards,ZWILCH
GeneCards,ZYXP1
GeneCards,lnc-A3GALT2-5
GeneCards,lnc-ACAP2-4
GeneCards,lnc-ACAP3-2-001
GeneCards,lnc-ACSL1-3
GeneCards,lnc-AHR-4
GeneCards,lnc-ANKRD33B-1
GeneCards,lnc-ANKRD33B-5
GeneCards,lnc-ANKRD33B-6
GeneCards,lnc-ANKRD33B-7
GeneCards,lnc-ARFRP1-1
GeneCards,lnc-ATP6V1G3-5
GeneCards,lnc-ATP6V1G3-6
GeneCards,lnc-AUH-8
GeneCards,lnc-C10orf142-5
GeneCards,lnc-C14orf177-6
GeneCards,lnc-C1QTNF1-9
GeneCards,lnc-C9orf78-2
GeneCards,lnc-CAB39L-9
GeneCards,lnc-CCDC187-4
GeneCards,lnc-CCDC8-6
GeneCards,lnc-CCHCR1-2
GeneCards,lnc-CDH3-5
GeneCards,lnc-CELF6-3
GeneCards,lnc-CEP76-2
GeneCards,lnc-CEP76-3
GeneCards,lnc-CHP2-1
GeneCards,lnc-CLEC16A-4
GeneCards,lnc-COBLL1-4
GeneCards,lnc-CTIF-9
GeneCards,lnc-CTNND2-10
GeneCards,lnc-CTNND2-6
GeneCards,lnc-CXCL12-6
GeneCards,lnc-CYP27C1-1
GeneCards,lnc-CYTL1-3
GeneCards,lnc-DDR1-4
GeneCards,lnc-DERL3-3
GeneCards,lnc-DGLUCY-6
GeneCards,lnc-DMRTA1-22
GeneCards,lnc-DNLZ-1
GeneCards,lnc-DUSP1-7
GeneCards,lnc-DYRK2-15
GeneCards,lnc-EFCAB7-2
GeneCards,lnc-EPHX2-4
GeneCards,lnc-ETNK2-1
GeneCards,lnc-FAM109A-1
GeneCards,lnc-FCGR2B-2
GeneCards,lnc-FCGR3A-2
GeneCards,lnc-FEN1-6
GeneCards,lnc-FGF1-5
GeneCards,lnc-FNBP1-2
GeneCards,lnc-GOT1-1
GeneCards,lnc-GRB7-1
GeneCards,lnc-HDAC11-4
GeneCards,lnc-HDGFL1-7
GeneCards,lnc-HIST1H2AI-4
GeneCards,lnc-HLA-DRB1-3
GeneCards,lnc-HLA-DRB1-7
GeneCards,lnc-HNF4A-1
GeneCards,lnc-ICAM3-1
GeneCards,lnc-ICAM3-2
GeneCards,lnc-IGF2-4
GeneCards,lnc-IKZF1-5
GeneCards,lnc-IKZF1-6
GeneCards,lnc-IL10-5
GeneCards,lnc-IL19-2
GeneCards,lnc-IL1RL1-1
GeneCards,lnc-IL1RL1-3
GeneCards,lnc-IL6ST-2
GeneCards,lnc-IMP4-6
GeneCards,lnc-IQCH-5
GeneCards,lnc-IRF1-1
GeneCards,lnc-IRF5-3
GeneCards,lnc-ITGB1BP1-3
GeneCards,lnc-ITGB3BP-7
GeneCards,lnc-KCNK10-4
GeneCards,lnc-LAMB4-2
GeneCards,lnc-LAMB4-3
GeneCards,lnc-LINGO4-1
GeneCards,lnc-LIPG-7
GeneCards,lnc-LMAN2-1
GeneCards,lnc-LRRC49-16
GeneCards,lnc-MANSC1-2
GeneCards,lnc-MAP3K7-3
GeneCards,lnc-MEGF6-3
GeneCards,lnc-MIEN1-1
GeneCards,lnc-MMEL1-2
GeneCards,lnc-MRPL23-2
GeneCards,lnc-MST1-1
GeneCards,lnc-MTHFR-2
GeneCards,lnc-NBN-9
GeneCards,lnc-NCOR2-4
GeneCards,lnc-NEK7-4
GeneCards,lnc-NFKBIZ-2
GeneCards,lnc-NFKBIZ-3
GeneCards,lnc-NID2-8
GeneCards,lnc-OLFM1-3
GeneCards,lnc-OR8D4-1
GeneCards,lnc-ORMDL3-2
GeneCards,lnc-PDGFB-3
GeneCards,lnc-POLE4-15-002
GeneCards,lnc-PPP4R3A-2
GeneCards,lnc-PRKCQ-3
GeneCards,lnc-PSMA6-6
GeneCards,lnc-PSORS1C2-1
GeneCards,lnc-PTGIR-2
GeneCards,lnc-PWP2-2
GeneCards,lnc-PYGO2-1
GeneCards,lnc-RAD51B-1
GeneCards,lnc-REV3L-3
GeneCards,lnc-RFLNA-4
GeneCards,lnc-RIPK2-3
GeneCards,lnc-RNF39-8
GeneCards,lnc-RTN4IP1-6
GeneCards,lnc-S100B-2
GeneCards,lnc-SBNO2-2
GeneCards,lnc-SCARB1-4
GeneCards,lnc-SCNN1A-1
GeneCards,lnc-SEH1L-5
GeneCards,lnc-SLC34A1-3
GeneCards,lnc-SLC7A5-1
GeneCards,lnc-SMARCE1-1
GeneCards,lnc-SMARCE1-3
GeneCards,lnc-SMIM12-3
GeneCards,lnc-SNX13-5
GeneCards,lnc-SOX13-4
GeneCards,lnc-SPATA4-1
GeneCards,lnc-STMN3-5
GeneCards,lnc-TH-1
GeneCards,lnc-TM9SF2-2
GeneCards,lnc-TM9SF2-7
GeneCards,lnc-TMED10-4
GeneCards,lnc-TMEM268-4
GeneCards,lnc-TMEM50B-3
GeneCards,lnc-TNNI2-2
GeneCards,lnc-TRAPPC3L-2
GeneCards,lnc-TRMT2A-3
GeneCards,lnc-TRRAP-5
GeneCards,lnc-TTC33-6
GeneCards,lnc-TTYH3-2
GeneCards,lnc-TUNAR-1
GeneCards,lnc-TWIST1-6
GeneCards,lnc-USP20-5
GeneCards,lnc-USP25-6
GeneCards,lnc-USP36-4
GeneCards,lnc-WDR17-5
GeneCards,lnc-WNT4-6
GeneCards,lnc-ZEB2-17
GeneCards,lnc-ZFP36L1-1
GeneCards,lnc-ZMAT5-2
GeneCards,lnc-ZNF365-3
GeneCards,piR-30396
GeneCards,piR-31462-009
GeneCards,piR-32214-005
GeneCards,piR-32214-580
GeneCards,piR-32214-584
GeneCards,piR-32285-103
GeneCards,piR-32461-022
GeneCards,piR-32785-007
GeneCards,piR-33294
GeneCards,piR-33432-055
GeneCards,piR-33458
GeneCards,piR-33614-275
GeneCards,piR-33804-078
GeneCards,piR-35674-143
GeneCards,piR-36455
GeneCards,piR-37097-055
GeneCards,piR-37170-040
GeneCards,piR-37824
GeneCards,piR-38259
GeneCards,piR-38319
GeneCards,piR-38351-206
GeneCards,piR-38354
GeneCards,piR-38429-012
GeneCards,piR-38580-236
GeneCards,piR-38736-009
GeneCards,piR-39701-054
GeneCards,piR-40110-155
GeneCards,piR-40398
GeneCards,piR-40610
GeneCards,piR-41306-095
GeneCards,piR-41829
GeneCards,piR-42593
GeneCards,piR-43083-018
GeneCards,piR-43099-059
GeneCards,piR-43104-029
GeneCards,piR-43105-423
GeneCards,piR-43105-568
GeneCards,piR-43106-190
GeneCards,piR-43106-249
GeneCards,piR-43107-269
GeneCards,piR-44610-011
GeneCards,piR-44878-042
GeneCards,piR-44878-048
GeneCards,piR-45035-151
GeneCards,piR-45268-004
GeneCards,piR-45268-005
GeneCards,piR-45932-058
GeneCards,piR-46002-152
GeneCards,piR-46391-002
GeneCards,piR-46729
GeneCards,piR-47234
GeneCards,piR-48007
GeneCards,piR-48209-375
GeneCards,piR-48325-110
GeneCards,piR-48325-111
GeneCards,piR-48759-381
GeneCards,piR-48759-427
GeneCards,piR-48772-016
GeneCards,piR-48820-008
GeneCards,piR-48852
GeneCards,piR-48950-118
GeneCards,piR-49097-061
GeneCards,piR-49732-033
GeneCards,piR-50308-096
GeneCards,piR-50346
GeneCards,piR-50437-360
GeneCards,piR-50437-624
GeneCards,piR-50443-275
GeneCards,piR-50443-406
GeneCards,piR-50444-374
GeneCards,piR-50893
GeneCards,piR-51327
GeneCards,piR-51449
GeneCards,piR-52079-043
GeneCards,piR-52324-061
GeneCards,piR-52471-001
GeneCards,piR-53114-006
GeneCards,piR-53431-298
GeneCards,piR-54008
GeneCards,piR-54191
GeneCards,piR-55186-001
GeneCards,piR-55194-351
GeneCards,piR-55281-150
GeneCards,piR-55650-032
GeneCards,piR-55985-058
GeneCards,piR-55985-185
GeneCards,piR-56133-186
GeneCards,piR-56341-125
GeneCards,piR-56480-015
GeneCards,piR-56480-084
GeneCards,piR-56759-041
GeneCards,piR-56759-337
GeneCards,piR-56902
GeneCards,piR-57133-396
GeneCards,piR-57462
GeneCards,piR-58538-001
GeneCards,piR-58538-002
GeneCards,piR-58538-003
GeneCards,piR-58538-004
GeneCards,piR-58538-005
GeneCards,piR-58538-006
GeneCards,piR-58538-007
GeneCards,piR-58538-008
GeneCards,piR-58538-009
GeneCards,piR-58538-010
GeneCards,piR-58538-011
GeneCards,piR-58538-012
GeneCards,piR-58538-013
GeneCards,piR-58538-014
GeneCards,piR-58538-015
GeneCards,piR-58538-016
GeneCards,piR-59185
GeneCards,piR-59241
GeneCards,piR-59907-003
GeneCards,piR-61101-324
GeneCards,piR-61101-576
GeneCards,piR-61240-151
GeneCards,piR-61945-308
GeneCards,piR-61945-398
TTD,AHR
TTD,ATIII
TTD,ATP4A
TTD,ATPase
TTD,CCKBR
TTD,CCL11
TTD,CCR9
TTD,CELA1
TTD,COX
TTD,COX1
TTD,CXCL10
TTD,CXCR1
TTD,CXCR2
TTD,ESRR
TTD,GUCY2C
TTD,H2R
TTD,ICAM1
TTD,IL12A
TTD,IL13
TTD,IL22
TTD,IL23
TTD,IP
TTD,ITGA4
TTD,ITGB7
TTD,JAK1
TTD,LANCL2
TTD,LTA4H
TTD,MADCAM1
TTD,MC1R
TTD,MCR
TTD,MMP9
TTD,NE
TTD,NFKB
TTD,NLRX1
TTD,OR
TTD,PD1
TTD,PTGER4
TTD,PTK
TTD,REN
TTD,RIPK1
TTD,S1PR1
TTD,S1PR2
TTD,S6K1
TTD,SMAD7
TTD,STAT3
TTD,TNF
TTD,TNFR1
TTD,TNFSF15
TTD,mTOR
DrugBank,ABCA10
DrugBank,ABCB1
DrugBank,ABCB11
DrugBank,ABCG2
DrugBank,AKR1C1
DrugBank,AKR1D1
DrugBank,ALB
DrugBank,ALOX5
DrugBank,ANXA1
DrugBank,AOX1
DrugBank,ATP1B1
DrugBank,BCHE
DrugBank,BGLAP
DrugBank,CYP11B1
DrugBank,CYP11B2
DrugBank,CYP17A1
DrugBank,CYP19A1
DrugBank,CYP1A1
DrugBank,CYP1B1
DrugBank,CYP2A6
DrugBank,CYP2B6
DrugBank,CYP2C19
DrugBank,CYP2C8
DrugBank,CYP2C9
DrugBank,CYP2D6
DrugBank,CYP2E1
DrugBank,CYP3A4
DrugBank,CYP3A43
DrugBank,CYP3A5
DrugBank,CYP3A7
DrugBank,CYP4A11
DrugBank,CYP4F2
DrugBank,ESRRA
DrugBank,ESRRB
DrugBank,ESRRG
DrugBank,F2
DrugBank,GGCX
DrugBank,HPRT1
DrugBank,HSD11B2
DrugBank,HSD3B1
DrugBank,IMPDH2
DrugBank,MC2R
DrugBank,NOS2
DrugBank,NR0B2
DrugBank,NR1I2
DrugBank,NR3C1
DrugBank,NR3C2
DrugBank,PPARG
DrugBank,PTGER1
DrugBank,PTGS1
DrugBank,PTGS2
DrugBank,SCN5A
DrugBank,SCNN1A
DrugBank,SERPINA6
DrugBank,SHBG
DrugBank,SLC17A1
DrugBank,SLC22A23
DrugBank,SLC25A48
DrugBank,SLC28A2
DrugBank,SLC29A1
DrugBank,SLC2A2
DrugBank,SLCO1A2
DrugBank,SLCO3A1
DrugBank,SRD5A1
DrugBank,TPMT
DrugBank,UBIAD1
DrugBank,VKORC1
DrugBank,XDH
OMIM,IBD2
OMIM,IL37
OMIM,ITGAV
CTD,ADCY7
CTD,ALB
CTD,APOA4
CTD,ARPC2
CTD,BCL6
CTD,C3
CTD,CARD9
CTD,CASP3
CTD,CCL20
CTD,CCNY
CTD,CCR6
CTD,CDH1
CTD,CDH3
CTD,CFB
CTD,CXCL8
CTD,CXCR1
CTD,CXCR2
CTD,DAP
CTD,DEFA5
CTD,DEFA6
CTD,DPEP1
CTD,ECM1
CTD,FCGR2A
CTD,GHRL
CTD,GNA12
CTD,GPR65
CTD,HERC2
CTD,HLA-DRB1
CTD,HNF4A
CTD,HP
CTD,ICAM1
CTD,ICOSLG
CTD,IKZF1
CTD,IL10
CTD,IL12B
CTD,IL17REL
CTD,IL18RAP
CTD,IL1B
CTD,IL1R2
CTD,IL23R
CTD,IL7R
CTD,IRF4
CTD,IRF5
CTD,IRGM
CTD,JAK2
CTD,KIF21B
CTD,LAMB1
CTD,LSP1
CTD,LTF
CTD,MASP2
CTD,MMP9
CTD,MPO
CTD,MST1
CTD,NKX2-3
CTD,NOD2
CTD,ORMDL3
CTD,PRDM1
CTD,PSMG1
CTD,PTPN2
CTD,RELA
CTD,RETNLG
CTD,RIPK2
CTD,SLC11A1
CTD,SLC26A3
CTD,SPHK1
CTD,STAT3
CTD,TNF
CTD,TNFSF15
CTD,VCAM1
CTD,YTHDC1
