"gene","distance","Z","FC","p.value","p.adj","subtype","gKO","elapsed_sec","n_genes_in","n_cells_in"
"Cplx2",0.000443597242746918,5.62558293091409,990.508005114559,2.07727148886582e-217,2.07727148886582e-214,"cLTMR","Cplx2",160.54,1000,426
"mt-Nd4",1.56808356621047e-05,2.68494018452834,1.23770948866238,0.265912948262548,0.999999999999356,"cLTMR","Cplx2",160.54,1000,426
"Tubb5",1.32511123097795e-05,2.56622624115568,0.88386305984339,0.347145797016123,0.999999999999356,"cLTMR","Cplx2",160.54,1000,426
"mt-Nd1",1.08339450713036e-05,2.42738454629524,0.590817801695584,0.442103054013382,0.999999999999356,"cLTMR","Cplx2",160.54,1000,426
"Tuba1b",1.04119768894662e-05,2.40039765467424,0.545690891350583,0.460083758734792,0.999999999999356,"cLTMR","Cplx2",160.54,1000,426
"mt-Cytb",1.02792710088759e-05,2.39171191099949,0.531869328091617,0.465822013745966,0.999999999999356,"cLTMR","Cplx2",160.54,1000,426
"Tppp3",1.01045276314761e-05,2.38012336348544,0.513939911442297,0.473438254522966,0.999999999999356,"cLTMR","Cplx2",160.54,1000,426
"Snrpn",7.62788746192157e-06,2.19350422726464,0.292879428063449,0.588381206337816,0.999999999999356,"cLTMR","Cplx2",160.54,1000,426
"mt-Co2",7.19837215678173e-06,2.15582794503575,0.260824813567376,0.609554062359661,0.999999999999356,"cLTMR","Cplx2",160.54,1000,426
"Syt11",7.11550829920171e-06,2.14833302059377,0.254854421566483,0.61367748276849,0.999999999999356,"cLTMR","Cplx2",160.54,1000,426
"Calm2",6.88738305212461e-06,2.12729631153583,0.238774964331409,0.625092303386884,0.999999999999356,"cLTMR","Cplx2",160.54,1000,426
"Eif4g2",6.38591205489805e-06,2.07881325451324,0.20527032984794,0.650500001682073,0.999999999999356,"cLTMR","Cplx2",160.54,1000,426
"mt-Co1",5.30192798037747e-06,1.96139795464857,0.141497237780923,0.706797069056322,0.999999999999356,"cLTMR","Cplx2",160.54,1000,426
"mt-Atp6",5.18105628660175e-06,1.94702681271914,0.135119159347709,0.713182267926012,0.999999999999356,"cLTMR","Cplx2",160.54,1000,426
"Map1lc3b",4.93203641151461e-06,1.9164668436957,0.122442689939996,0.726400148708095,0.999999999999356,"cLTMR","Cplx2",160.54,1000,426
"Rarres1",4.51428874084999e-06,1.86201685021445,0.102579122875153,0.748756267007431,0.999999999999356,"cLTMR","Cplx2",160.54,1000,426
"Tuba1a",4.45438631172476e-06,1.85384947284521,0.0998748342783603,0.751979889519312,0.999999999999356,"cLTMR","Cplx2",160.54,1000,426
"Dynlrb1",4.33191160570195e-06,1.83684609504644,0.0944581609566102,0.758584239088559,0.999999999999356,"cLTMR","Cplx2",160.54,1000,426
"mt-Co3",4.02180413275853e-06,1.79182760443671,0.0814183216781294,0.775384467720954,0.999999999999356,"cLTMR","Cplx2",160.54,1000,426
"Cox5b",3.98790293076778e-06,1.78672297599413,0.0800514994170645,0.777227632529068,0.999999999999356,"cLTMR","Cplx2",160.54,1000,426
"Pcbp2",3.92615466244595e-06,1.77732662541265,0.0775916738975382,0.780588023683938,0.999999999999356,"cLTMR","Cplx2",160.54,1000,426
"App",3.70895862537596e-06,1.7432107703195,0.0692443417274584,0.792440210996292,0.999999999999356,"cLTMR","Cplx2",160.54,1000,426
"Serinc1",3.69629788036901e-06,1.74116846089524,0.068772409449555,0.793132606967413,0.999999999999356,"cLTMR","Cplx2",160.54,1000,426
"Uba1",3.69154289505118e-06,1.74039984588723,0.0685955830839333,0.793392691702069,0.999999999999356,"cLTMR","Cplx2",160.54,1000,426
"Myl6",3.63055619016723e-06,1.73046386072549,0.0663478171534042,0.796730526163787,0.999999999999356,"cLTMR","Cplx2",160.54,1000,426
"Fkbp1a",3.50391117014218e-06,1.70935375324272,0.0617997173517591,0.803673697924261,0.999999999999356,"cLTMR","Cplx2",160.54,1000,426
"Pmp22",3.44097029028137e-06,1.69861198881938,0.0595994373034107,0.80713016978685,0.999999999999356,"cLTMR","Cplx2",160.54,1000,426
"Olfm1",3.31990280305728e-06,1.67745583731072,0.0554793100829168,0.813789276547707,0.999999999999356,"cLTMR","Cplx2",160.54,1000,426
"mt-Nd2",3.31642333015204e-06,1.67683785892937,0.0553630792116364,0.813980860496356,0.999999999999356,"cLTMR","Cplx2",160.54,1000,426
"Sncg",3.23448149831903e-06,1.66211732883774,0.0526610672192788,0.818495868976705,0.999999999999356,"cLTMR","Cplx2",160.54,1000,426
"Dpysl2",3.17145371449103e-06,1.650570185092,0.0506287341094598,0.821972819012048,0.999999999999356,"cLTMR","Cplx2",160.54,1000,426
"Atp11a",3.11792339206859e-06,1.64060373534763,0.0489340537025054,0.824928589579146,0.999999999999356,"cLTMR","Cplx2",160.54,1000,426
"Scn9a",3.0816826985193e-06,1.63377070073704,0.0478031101989203,0.826931095733847,0.999999999999356,"cLTMR","Cplx2",160.54,1000,426
"Hmgcs1",3.05958324356909e-06,1.62956923442881,0.0471199543659737,0.828152770859084,0.999999999999356,"cLTMR","Cplx2",160.54,1000,426
"Gng3",3.02431906826247e-06,1.62280944043273,0.0460400226957503,0.830103062080666,0.999999999999356,"cLTMR","Cplx2",160.54,1000,426
"Vamp2",2.96371073302022e-06,1.61102806089824,0.0442131990599809,0.833457456591891,0.999999999999356,"cLTMR","Cplx2",160.54,1000,426
"Ret",2.95155031937369e-06,1.60863880875965,0.0438511206933911,0.83413084731936,0.999999999999356,"cLTMR","Cplx2",160.54,1000,426
"Rab6a",2.92427640080017e-06,1.6032485027556,0.0430444489711407,0.835641599847739,0.999999999999356,"cLTMR","Cplx2",160.54,1000,426
"Syt7",2.91027478818847e-06,1.60046411509639,0.0426332369275568,0.836417410924346,0.999999999999356,"cLTMR","Cplx2",160.54,1000,426
"Dctn1",2.8914776596685e-06,1.59670753206653,0.0420842891658341,0.837459185384823,0.999999999999356,"cLTMR","Cplx2",160.54,1000,426
"Sdcbp",2.73073732948172e-06,1.56367763495136,0.0375353239239463,0.846379194234951,0.999999999999356,"cLTMR","Cplx2",160.54,1000,426
"Rps16",2.65334892403243e-06,1.5471623736935,0.0354379869132554,0.850680836108152,0.999999999999356,"cLTMR","Cplx2",160.54,1000,426
"Dynll2",2.62617528259136e-06,1.54126290394084,0.0347158443558086,0.852192347206278,0.999999999999356,"cLTMR","Cplx2",160.54,1000,426
"Rasgrp1",2.6104766761515e-06,1.5378302281847,0.034302039934916,0.853065816906524,0.999999999999356,"cLTMR","Cplx2",160.54,1000,426
"Ptges3",2.555890035313e-06,1.52575147493816,0.0328824859522006,0.856104410882307,0.999999999999356,"cLTMR","Cplx2",160.54,1000,426
"Akap12",2.48538548900994e-06,1.50981076305965,0.0310933725467402,0.860032236244133,0.999999999999356,"cLTMR","Cplx2",160.54,1000,426
"Ctsb",2.38678012577401e-06,1.48683735599171,0.0286751130979483,0.865531357201509,0.999999999999356,"cLTMR","Cplx2",160.54,1000,426
"Sqstm1",2.26312803176064e-06,1.45682063940667,0.0257809289257446,0.872436489874403,0.999999999999356,"cLTMR","Cplx2",160.54,1000,426
"Kif5b",2.24498806606737e-06,1.45229664016036,0.025369294330789,0.87345031529263,0.999999999999356,"cLTMR","Cplx2",160.54,1000,426
"Rgs7bp",2.2358598431099e-06,1.45000796595209,0.0251634083592709,0.87396056169868,0.999999999999356,"cLTMR","Cplx2",160.54,1000,426
"Hk1",2.21580198554671e-06,1.44495000285036,0.0247139525250095,0.87508193308412,0.999999999999356,"cLTMR","Cplx2",160.54,1000,426
"Prr13",2.1434745544063e-06,1.42637109964619,0.0231268763414773,0.879127598576913,0.999999999999356,"cLTMR","Cplx2",160.54,1000,426
"Dnajc7",2.12493008865612e-06,1.42151897086099,0.0227284388258162,0.880165403986899,0.999999999999356,"cLTMR","Cplx2",160.54,1000,426
"Rps29",2.09291075018366e-06,1.41305296941122,0.0220486361710958,0.881957788377401,0.999999999999356,"cLTMR","Cplx2",160.54,1000,426
"Ap1ar",2.09172285510915e-06,1.41273670470275,0.022023614527508,0.882024296274524,0.999999999999356,"cLTMR","Cplx2",160.54,1000,426
"Cltb",2.04072247175048e-06,1.39900738637637,0.0209627476971121,0.884880485344563,0.999999999999356,"cLTMR","Cplx2",160.54,1000,426
"Selenow",2.03302709744636e-06,1.39690969495199,0.0208049486450217,0.885311582451197,0.999999999999356,"cLTMR","Cplx2",160.54,1000,426
"Pgm2l1",2.02384398961163e-06,1.39439731891294,0.0206174227679312,0.88582606724257,0.999999999999356,"cLTMR","Cplx2",160.54,1000,426
"Chp1",2.01165447654532e-06,1.3910469266005,0.0203698152324659,0.886509060584553,0.999999999999356,"cLTMR","Cplx2",160.54,1000,426
"Fez1",2.00545002481142e-06,1.38933472983498,0.0202443576675626,0.886856736020616,0.999999999999356,"cLTMR","Cplx2",160.54,1000,426
"Prph",1.99760253354791e-06,1.38716244253034,0.020086231972766,0.88729651273713,0.999999999999356,"cLTMR","Cplx2",160.54,1000,426
"Fgf13",1.99368450746995e-06,1.38607507685468,0.0200075164112226,0.887516093565946,0.999999999999356,"cLTMR","Cplx2",160.54,1000,426
"Atl1",1.98202840667385e-06,1.38282904265411,0.0197742519246601,0.888169396016194,0.999999999999356,"cLTMR","Cplx2",160.54,1000,426
"Reep5",1.93881308618592e-06,1.37064617178645,0.0189213534508254,0.890592192741355,0.999999999999356,"cLTMR","Cplx2",160.54,1000,426
"Pafah1b1",1.9381872339025e-06,1.37046799286665,0.0189091397299234,0.890627287694415,0.999999999999356,"cLTMR","Cplx2",160.54,1000,426
"Fkbp4",1.9205505665483e-06,1.36542598357382,0.0185665754256248,0.891616359734836,0.999999999999356,"cLTMR","Cplx2",160.54,1000,426
"Pls3",1.91279832787792e-06,1.36319688612578,0.0184169912000771,0.89205116212685,0.999999999999356,"cLTMR","Cplx2",160.54,1000,426
"Rps27a",1.89418903134715e-06,1.35781338059584,0.0180603826885669,0.893095040157733,0.999999999999356,"cLTMR","Cplx2",160.54,1000,426
"Npdc1",1.88033891758102e-06,1.35377644383442,0.017797236975107,0.893872074838482,0.999999999999356,"cLTMR","Cplx2",160.54,1000,426
"Cox7c",1.87670143845729e-06,1.35271188881613,0.0177284467575114,0.894076165709019,0.999999999999356,"cLTMR","Cplx2",160.54,1000,426
"Camta1",1.80882362535848e-06,1.33250669536318,0.0164692096173341,0.897885911019607,0.999999999999356,"cLTMR","Cplx2",160.54,1000,426
"Nedd4",1.78044513223508e-06,1.32386137136762,0.0159564950895223,0.899479400207622,0.999999999999356,"cLTMR","Cplx2",160.54,1000,426
"Kcna2",1.77925693731177e-06,1.32349676368631,0.0159352047955949,0.899546127778265,0.999999999999356,"cLTMR","Cplx2",160.54,1000,426
"Sptan1",1.77030229321972e-06,1.32074205877279,0.0157752110261726,0.900049032424052,0.999999999999356,"cLTMR","Cplx2",160.54,1000,426
"Acpp",1.76427761774627e-06,1.31888180441645,0.0156680216418231,0.900387408755341,0.999999999999356,"cLTMR","Cplx2",160.54,1000,426
"Tonsl",1.75189951690167e-06,1.31504222175275,0.0154489404596809,0.901082682423449,0.999999999999356,"cLTMR","Cplx2",160.54,1000,426
"Rpl23",1.74216176222451e-06,1.31200487854457,0.0152776750490137,0.901629702120951,0.999999999999356,"cLTMR","Cplx2",160.54,1000,426
"Mff",1.7415398767354e-06,1.31181039779507,0.0152667698978563,0.901664638212797,0.999999999999356,"cLTMR","Cplx2",160.54,1000,426
"Actb",1.72342522602185e-06,1.30611852107194,0.0149508266029112,0.902682360790128,0.999999999999356,"cLTMR","Cplx2",160.54,1000,426
"Stmn3",1.71983868700298e-06,1.30498535572165,0.0148886644303416,0.902883879789995,0.999999999999356,"cLTMR","Cplx2",160.54,1000,426
"Klhdc2",1.71450021981352e-06,1.30329482147613,0.0147963775338352,0.903183847003586,0.999999999999356,"cLTMR","Cplx2",160.54,1000,426
"Aco2",1.70166350139749e-06,1.29921082035538,0.0145756416170384,0.903905195675927,0.999999999999356,"cLTMR","Cplx2",160.54,1000,426
"Ube2d3",1.67299026896098e-06,1.28998985319314,0.0140885774376118,0.905516749616429,0.999999999999356,"cLTMR","Cplx2",160.54,1000,426
"Parm1",1.66844783755742e-06,1.28851635030234,0.0140121758976452,0.905772088878661,0.999999999999356,"cLTMR","Cplx2",160.54,1000,426
"Degs1",1.66524686595483e-06,1.28747588195781,0.0139584618401076,0.905952027822946,0.999999999999356,"cLTMR","Cplx2",160.54,1000,426
"Tspan2",1.65542815124477e-06,1.28427334216421,0.0137943419075075,0.906504005678747,0.999999999999356,"cLTMR","Cplx2",160.54,1000,426
"Rtn4",1.65325119466298e-06,1.28356103317538,0.0137580855006731,0.90662639358911,0.999999999999356,"cLTMR","Cplx2",160.54,1000,426
"Gabarapl1",1.64772091111107e-06,1.28174779239645,0.0136661952222606,0.906937314599077,0.999999999999356,"cLTMR","Cplx2",160.54,1000,426
"Sh3bgrl2",1.61203987004122e-06,1.26991875597909,0.0130807266848902,0.908943698151595,0.999999999999356,"cLTMR","Cplx2",160.54,1000,426
"Adgrl1",1.60248661052615e-06,1.2667126506883,0.0129261482531275,0.909480987399958,0.999999999999356,"cLTMR","Cplx2",160.54,1000,426
"Tubb2a",1.60139285572646e-06,1.26634451322326,0.0129085091518195,0.909542504411292,0.999999999999356,"cLTMR","Cplx2",160.54,1000,426
"Slc25a3",1.57127497596451e-06,1.2561196493638,0.0124275266089738,0.911236662581841,0.999999999999356,"cLTMR","Cplx2",160.54,1000,426
"Mtmr6",1.5431926689956e-06,1.24642965121752,0.0119872790876254,0.912816681697866,0.999999999999356,"cLTMR","Cplx2",160.54,1000,426
"Ostf1",1.54033883797496e-06,1.24543627090776,0.0119429838579029,0.912977268658655,0.999999999999356,"cLTMR","Cplx2",160.54,1000,426
"Prnp",1.52738599594053e-06,1.24090715119061,0.0117429692178933,0.913706178222491,0.999999999999356,"cLTMR","Cplx2",160.54,1000,426
"Tecr",1.51757292204198e-06,1.23745338593388,0.0115925626432958,0.914258448514598,0.999999999999356,"cLTMR","Cplx2",160.54,1000,426
"Snap47",1.51628504200203e-06,1.23699865507698,0.0115728950612459,0.914330932234491,0.999999999999356,"cLTMR","Cplx2",160.54,1000,426
"Ppia",1.50695460293152e-06,1.23369405485255,0.0114309059735144,0.914856083854443,0.999999999999356,"cLTMR","Cplx2",160.54,1000,426
"Ppp3ca",1.49471103415268e-06,1.22933034215096,0.0112459149512193,0.915545253540886,0.999999999999356,"cLTMR","Cplx2",160.54,1000,426
"Piezo2",1.48872974217547e-06,1.22718713813552,0.0111560908794628,0.91588195342045,0.999999999999356,"cLTMR","Cplx2",160.54,1000,426
"Stac2",1.48455028602776e-06,1.2256850731907,0.0110935396428178,0.916117233019502,0.999999999999356,"cLTMR","Cplx2",160.54,1000,426
"Rtn1",1.46731630810906e-06,1.21945183049055,0.0108374673606338,0.917087485308646,0.999999999999356,"cLTMR","Cplx2",160.54,1000,426
"Nptn",1.4603868607793e-06,1.21692743468349,0.0107353485014311,0.917477639778174,0.999999999999356,"cLTMR","Cplx2",160.54,1000,426
"Napb",1.45148674157207e-06,1.21366965203376,0.0106048971277765,0.917978779778204,0.999999999999356,"cLTMR","Cplx2",160.54,1000,426
"Ppp3cb",1.44674336580813e-06,1.21192622576187,0.010535697986108,0.918245878888712,0.999999999999356,"cLTMR","Cplx2",160.54,1000,426
"Fabp5",1.43734551616598e-06,1.20845717779993,0.0103992656088869,0.918775098271674,0.999999999999356,"cLTMR","Cplx2",160.54,1000,426
"St13",1.43086605122814e-06,1.20605378379899,0.010305718441676,0.91913999616416,0.999999999999356,"cLTMR","Cplx2",160.54,1000,426
"Bag1",1.41396833429556e-06,1.19974075734899,0.0100637463197676,0.920091688812952,0.999999999999356,"cLTMR","Cplx2",160.54,1000,426
"Tmem132e",1.41057126611645e-06,1.19846361470011,0.010015447975268,0.92028302821519,0.999999999999356,"cLTMR","Cplx2",160.54,1000,426
"Ank3",1.40047530744793e-06,1.19465199350075,0.00987259281961771,0.92085170890867,0.999999999999356,"cLTMR","Cplx2",160.54,1000,426
"Arpc2",1.39660530542614e-06,1.19318451768859,0.00981810536897105,0.921069707417327,0.999999999999356,"cLTMR","Cplx2",160.54,1000,426
"Tusc5",1.36613257820406e-06,1.18150310273382,0.00939433428364841,0.922786452247558,0.999999999999356,"cLTMR","Cplx2",160.54,1000,426
"Mdh1",1.33766845197751e-06,1.17038317468442,0.0090069402751963,0.924390363485263,0.999999999999356,"cLTMR","Cplx2",160.54,1000,426
"Atp6v1f",1.33110254222295e-06,1.16778864694482,0.00891873663038085,0.924760386621508,0.999999999999356,"cLTMR","Cplx2",160.54,1000,426
"Hspb1",1.32956479937991e-06,1.16717938243524,0.00889814197130802,0.924847048777675,0.999999999999356,"cLTMR","Cplx2",160.54,1000,426
"Tpt1",1.3117807389446e-06,1.1600878962546,0.00866169352853546,0.925849364786343,0.999999999999356,"cLTMR","Cplx2",160.54,1000,426
"Tbc1d9",1.30897930497712e-06,1.15896312438447,0.00862473727288589,0.926007265378814,0.999999999999356,"cLTMR","Cplx2",160.54,1000,426
"Vps4b",1.29897260401827e-06,1.15492811599998,0.00849337495171071,0.926571308857898,0.999999999999356,"cLTMR","Cplx2",160.54,1000,426
"Rpl19",1.28303784655324e-06,1.14844605452724,0.00828627320247536,0.927469572652356,0.999999999999356,"cLTMR","Cplx2",160.54,1000,426
"Coro2a",1.26890382405731e-06,1.1426370920976,0.00810471459821242,0.928266403987383,0.999999999999356,"cLTMR","Cplx2",160.54,1000,426
"St6galnac5",1.26012723328278e-06,1.13900133638802,0.00799298703539378,0.928761236578355,0.999999999999356,"cLTMR","Cplx2",160.54,1000,426
"Rack1",1.25070609931553e-06,1.13507375189654,0.00787391730271095,0.929292439783452,0.999999999999356,"cLTMR","Cplx2",160.54,1000,426
"Rpl7",1.25051624832047e-06,1.13499433814078,0.00787152704079612,0.929303144706658,0.999999999999356,"cLTMR","Cplx2",160.54,1000,426
"Rcan2",1.24706143445715e-06,1.1335473542529,0.0078280936263153,0.929497949800812,0.999999999999356,"cLTMR","Cplx2",160.54,1000,426
"Spag9",1.24279925231028e-06,1.13175736262898,0.00777467565785813,0.929738285440733,0.999999999999356,"cLTMR","Cplx2",160.54,1000,426
"Fam189b",1.24043517083168e-06,1.1307621928365,0.00774512545448973,0.929871593872325,0.999999999999356,"cLTMR","Cplx2",160.54,1000,426
"Fto",1.23702263025269e-06,1.12932272945896,0.00770256910137535,0.930064027440446,0.999999999999356,"cLTMR","Cplx2",160.54,1000,426
"Atp1b3",1.23061079537629e-06,1.12660866230371,0.00762292689417518,0.930425602620149,0.999999999999356,"cLTMR","Cplx2",160.54,1000,426
"Stmn1",1.23006247353875e-06,1.12637598721436,0.00761613533001932,0.93045652416624,0.999999999999356,"cLTMR","Cplx2",160.54,1000,426
"Trnp1",1.21923511860184e-06,1.12176275108732,0.00748264671011366,0.931067133282824,0.999999999999356,"cLTMR","Cplx2",160.54,1000,426
"Dstn",1.21074161593871e-06,1.11811866463059,0.00737875778413195,0.931546153123882,0.999999999999356,"cLTMR","Cplx2",160.54,1000,426
"Cd24a",1.20759459461313e-06,1.11676275409959,0.00734044914907111,0.931723646352132,0.999999999999356,"cLTMR","Cplx2",160.54,1000,426
"Syt1",1.20374894341785e-06,1.11510161748319,0.00729377146588517,0.931940547185886,0.999999999999356,"cLTMR","Cplx2",160.54,1000,426
"Jund",1.2033193673628e-06,1.1149157720975,0.00728856660897602,0.931964776271611,0.999999999999356,"cLTMR","Cplx2",160.54,1000,426
"Chchd2",1.19029921079217e-06,1.10925510338311,0.00713169242944517,0.932699173106288,0.999999999999356,"cLTMR","Cplx2",160.54,1000,426
"Ppme1",1.18234398916433e-06,1.10576966566848,0.00703668336741389,0.933147912504692,0.999999999999356,"cLTMR","Cplx2",160.54,1000,426
"Osbpl6",1.1721025407112e-06,1.10125211932408,0.00691530800796015,0.933725645009399,0.999999999999356,"cLTMR","Cplx2",160.54,1000,426
"Sh3bgrl3",1.17102422171073e-06,1.1007744540182,0.00690258987514966,0.933786476326121,0.999999999999356,"cLTMR","Cplx2",160.54,1000,426
"Pkm",1.16216569344565e-06,1.0968356896126,0.00679855187882698,0.934286227963057,0.999999999999356,"cLTMR","Cplx2",160.54,1000,426
"Timm17a",1.160870299325e-06,1.09625751169323,0.00678340447603786,0.934359309470693,0.999999999999356,"cLTMR","Cplx2",160.54,1000,426
"Stxbp1",1.15013583676208e-06,1.09144444479909,0.00665853343914722,0.934964930720648,0.999999999999356,"cLTMR","Cplx2",160.54,1000,426
"Slc25a46",1.14158215037874e-06,1.08758086921695,0.00655986123942776,0.935447543020066,0.999999999999356,"cLTMR","Cplx2",160.54,1000,426
"Ube2v1",1.13645368264499e-06,1.08525221133479,0.00650105431152432,0.935736910538383,0.999999999999356,"cLTMR","Cplx2",160.54,1000,426
"Dynll1",1.12698885610559e-06,1.0809302345789,0.00639321864016954,0.936270974060912,0.999999999999356,"cLTMR","Cplx2",160.54,1000,426
"Ttc3",1.1259982239603e-06,1.08047603645777,0.00638198420011321,0.936326873259928,0.999999999999356,"cLTMR","Cplx2",160.54,1000,426
"Serf2",1.11915275067586e-06,1.07732781086739,0.00630462190528498,0.936713156865112,0.999999999999356,"cLTMR","Cplx2",160.54,1000,426
"Gsk3b",1.09799939700958e-06,1.06749141882536,0.0060685441642277,0.937906914414623,0.999999999999356,"cLTMR","Cplx2",160.54,1000,426
"Gabra1",1.0948423881777e-06,1.06600915593852,0.00603369732363073,0.938085087472182,0.999999999999356,"cLTMR","Cplx2",160.54,1000,426
"Rac1",1.08950566246114e-06,1.0634949293633,0.00597501908950245,0.938386284912198,0.999999999999356,"cLTMR","Cplx2",160.54,1000,426
"Selenof",1.08785995433916e-06,1.0627174258344,0.0059569820819645,0.938479168189512,0.999999999999356,"cLTMR","Cplx2",160.54,1000,426
"Nucks1",1.07541157556051e-06,1.05680259762079,0.00582143063967017,0.939181778010903,0.999999999999356,"cLTMR","Cplx2",160.54,1000,426
"Atp5g3",1.07479849297874e-06,1.05650974216306,0.00581479503991533,0.939216382768297,0.999999999999356,"cLTMR","Cplx2",160.54,1000,426
"C77080",1.07202184008107e-06,1.05518156000575,0.00578478976524325,0.939373109257045,0.999999999999356,"cLTMR","Cplx2",160.54,1000,426
"Dynlt3",1.06907210219522e-06,1.05376727212458,0.00575299911122233,0.939539607995259,0.999999999999356,"cLTMR","Cplx2",160.54,1000,426
"Dopey2",1.05871317155589e-06,1.04877326512011,0.00564205020179949,0.940124341475848,0.999999999999356,"cLTMR","Cplx2",160.54,1000,426
"Fkbp1b",1.03587994118499e-06,1.03761216009353,0.00540131070785639,0.941413328822989,0.999999999999356,"cLTMR","Cplx2",160.54,1000,426
"Ddx3x",1.0241545886376e-06,1.03179651025935,0.00527972550514195,0.942075311270444,0.999999999999356,"cLTMR","Cplx2",160.54,1000,426
"Ppp2r1a",1.0190355659593e-06,1.02923918165181,0.00522707819895787,0.942364330350905,0.999999999999356,"cLTMR","Cplx2",160.54,1000,426
"Eif1",1.01656771259232e-06,1.02800227592377,0.00520179146106746,0.942503667612432,0.999999999999356,"cLTMR","Cplx2",160.54,1000,426
"Hint1",1.01351648570159e-06,1.02646932961378,0.00517061198108727,0.942675945109629,0.999999999999356,"cLTMR","Cplx2",160.54,1000,426
"Hsp90ab1",1.00503558261954e-06,1.02218711596988,0.0050844407355545,0.943154805487028,0.999999999999356,"cLTMR","Cplx2",160.54,1000,426
"Gfra2",9.87793201392224e-07,1.01338230466577,0.00491147999178482,0.944128431620366,0.999999999999356,"cLTMR","Cplx2",160.54,1000,426
"Ehd3",9.86014222998216e-07,1.01246620823231,0.00489380514061917,0.944228890029677,0.999999999999356,"cLTMR","Cplx2",160.54,1000,426
"Mcam",9.84636018749033e-07,1.01175549501947,0.00488013404096143,0.944306717445656,0.999999999999356,"cLTMR","Cplx2",160.54,1000,426
"Cbx6",9.8422454570767e-07,1.01154313706137,0.00487605614012572,0.944329953497677,0.999999999999356,"cLTMR","Cplx2",160.54,1000,426
"Gnl3l",9.81357108124685e-07,1.0100611075702,0.004847685745502,0.944491880192419,0.999999999999356,"cLTMR","Cplx2",160.54,1000,426
"Snap25",9.78845047647547e-07,1.00875962672783,0.00482289947032838,0.944633740317922,0.999999999999356,"cLTMR","Cplx2",160.54,1000,426
"Luzp2",9.70858760300483e-07,1.00460241796676,0.00474452152295015,0.945084750547584,0.999999999999356,"cLTMR","Cplx2",160.54,1000,426
"Acly",9.70753698021981e-07,1.00454752872372,0.00474349471392128,0.945090683855474,0.999999999999356,"cLTMR","Cplx2",160.54,1000,426
"Tshz2",9.65329905698238e-07,1.001706787875,0.00469063710994098,0.94539699230567,0.999999999999356,"cLTMR","Cplx2",160.54,1000,426
"Ldha",9.64975255618311e-07,1.00152055030435,0.00468719118076126,0.945417021436143,0.999999999999356,"cLTMR","Cplx2",160.54,1000,426
"Actr2",9.52179186102259e-07,0.994760414112699,0.00456370623806675,0.946139712085491,0.999999999999356,"cLTMR","Cplx2",160.54,1000,426
"Selenok",9.44053585047726e-07,0.990426156599225,0.00448614808519323,0.94659864916827,0.999999999999356,"cLTMR","Cplx2",160.54,1000,426
"Kcnb1",9.42831340869771e-07,0.989771370906344,0.00447453938204291,0.946667683528041,0.999999999999356,"cLTMR","Cplx2",160.54,1000,426
"Naa60",9.41541358084128e-07,0.989079487244707,0.00446230361972892,0.94674054431003,0.999999999999356,"cLTMR","Cplx2",160.54,1000,426
"Sdha",9.30852590777162e-07,0.983314319290088,0.00436156287310641,0.947344284132467,0.999999999999356,"cLTMR","Cplx2",160.54,1000,426
"Hnrnpa0",9.20418360925704e-07,0.977630108695824,0.00426433054159268,0.947933675937542,0.999999999999356,"cLTMR","Cplx2",160.54,1000,426
"Csnk1a1",9.20006637033742e-07,0.977404657642225,0.00426051633241646,0.947956933313551,0.999999999999356,"cLTMR","Cplx2",160.54,1000,426
"Prkar2a",9.12759158549596e-07,0.973421523202209,0.00419365512431125,0.948366334656213,0.999999999999356,"cLTMR","Cplx2",160.54,1000,426
"Tnk2",9.09582795249584e-07,0.971667072031385,0.00416451842468795,0.94854576790171,0.999999999999356,"cLTMR","Cplx2",160.54,1000,426
"Fxyd2",9.09343517813039e-07,0.971534690387507,0.00416232765276373,0.948559284826266,0.999999999999356,"cLTMR","Cplx2",160.54,1000,426
"Pgam1",9.00043435296807e-07,0.966365521263466,0.0040776246961344,0.949084663445211,0.999999999999356,"cLTMR","Cplx2",160.54,1000,426
"Rpl29",8.75694660759699e-07,0.952606508638675,0.0038599858904937,0.950460274380902,0.999999999999356,"cLTMR","Cplx2",160.54,1000,426
"Cox8a",8.74670899128958e-07,0.952020676107985,0.00385096586173992,0.950518116189136,0.999999999999356,"cLTMR","Cplx2",160.54,1000,426
"Anxa5",8.49168956822229e-07,0.937229731251777,0.00362968161876346,0.951959041250589,0.999999999999356,"cLTMR","Cplx2",160.54,1000,426
"Plekhm3",8.47876527700547e-07,0.936469797154241,0.00361864132749119,0.952032071028037,0.999999999999356,"cLTMR","Cplx2",160.54,1000,426
"Scn7a",8.418091032605e-07,0.932888568097387,0.00356703646785297,0.952374921243386,0.999999999999356,"cLTMR","Cplx2",160.54,1000,426
"Osbpl1a",8.41239380426981e-07,0.932551132911736,0.00356220987610367,0.952407114862078,0.999999999999356,"cLTMR","Cplx2",160.54,1000,426
"Tsc22d1",8.4025284872445e-07,0.931966355603031,0.00355385988093325,0.952462861495743,0.999999999999356,"cLTMR","Cplx2",160.54,1000,426
"Rpl35a",8.27515562253319e-07,0.924361555978686,0.00344693150421188,0.953182637001223,0.999999999999356,"cLTMR","Cplx2",160.54,1000,426
"Ywhae",8.26282324326958e-07,0.923619805221516,0.00343666530662479,0.95325232848546,0.999999999999356,"cLTMR","Cplx2",160.54,1000,426
"Ociad1",8.24246202753502e-07,0.922393017578358,0.00341974894136046,0.953367392493768,0.999999999999356,"cLTMR","Cplx2",160.54,1000,426
"Spock2",8.08939701945579e-07,0.913084530640442,0.00329391672229968,0.954232414692693,0.999999999999356,"cLTMR","Cplx2",160.54,1000,426
"Uqcrh",8.03553534411764e-07,0.90977218746528,0.00325019894503274,0.954536818137645,0.999999999999356,"cLTMR","Cplx2",160.54,1000,426
"Rpl38",8.01580750512243e-07,0.908554101995564,0.00323425957328228,0.954648313214893,0.999999999999356,"cLTMR","Cplx2",160.54,1000,426
"Zwint",8.00950645977196e-07,0.908164492582521,0.00322917681489207,0.954683924780327,0.999999999999356,"cLTMR","Cplx2",160.54,1000,426
"Kcnd3",7.98743115647918e-07,0.906797395292849,0.00321140123228597,0.954808688300968,0.999999999999356,"cLTMR","Cplx2",160.54,1000,426
"Eif5a",7.96006725204712e-07,0.905098169666128,0.00318943523396125,0.954963343072123,0.999999999999356,"cLTMR","Cplx2",160.54,1000,426
"Atp6v0c",7.89923348879883e-07,0.901302106158365,0.00314087183989853,0.955307168192709,0.999999999999356,"cLTMR","Cplx2",160.54,1000,426
"Sept5",7.8920759027602e-07,0.900853782499763,0.00313518245869745,0.955347622557068,0.999999999999356,"cLTMR","Cplx2",160.54,1000,426
"Tprgl",7.75593540531953e-07,0.892257772096705,0.00302794986810149,0.956117104497825,0.999999999999356,"cLTMR","Cplx2",160.54,1000,426
"Pld5",7.71716028169507e-07,0.889785249584733,0.00299774960572631,0.956336273525124,0.999999999999356,"cLTMR","Cplx2",160.54,1000,426
"Cds2",7.66710435816089e-07,0.88657722149435,0.00295898703834087,0.956619210012145,0.999999999999356,"cLTMR","Cplx2",160.54,1000,426
"Zcchc18",7.60827219384953e-07,0.88278314477072,0.00291375073955382,0.956951760374733,0.999999999999356,"cLTMR","Cplx2",160.54,1000,426
"Serpinb6a",7.58839262885487e-07,0.88149529194123,0.00289854402214548,0.957064131837463,0.999999999999356,"cLTMR","Cplx2",160.54,1000,426
"Pitpna",7.50673943261346e-07,0.876174311508732,0.0028365013606265,0.957525694580124,0.999999999999356,"cLTMR","Cplx2",160.54,1000,426
"Zfhx3",7.49443995620775e-07,0.875368409828026,0.00282721399930588,0.95759522132745,0.999999999999356,"cLTMR","Cplx2",160.54,1000,426
"Ap1s2",7.48626061962755e-07,0.874831830050561,0.0028210461959747,0.957641457837527,0.999999999999356,"cLTMR","Cplx2",160.54,1000,426
"Aqp1",7.43332386934721e-07,0.871346583184584,0.00278129096153623,0.957940704444206,0.999999999999356,"cLTMR","Cplx2",160.54,1000,426
"Fam19a4",7.37087131961471e-07,0.86720670842889,0.00273475214983151,0.958293750612674,0.999999999999356,"cLTMR","Cplx2",160.54,1000,426
"Avil",7.32511583583719e-07,0.864154064382727,0.00270090499025531,0.95855241295422,0.999999999999356,"cLTMR","Cplx2",160.54,1000,426
"Vps35",7.32264794460953e-07,0.863988940082465,0.0026990853830179,0.958566364423145,0.999999999999356,"cLTMR","Cplx2",160.54,1000,426
"Pygb",7.3143818107776e-07,0.863435504682747,0.00269299512486577,0.95861309457724,0.999999999999356,"cLTMR","Cplx2",160.54,1000,426
"Ccdc92",7.3112130395313e-07,0.863223203054421,0.00269066228600659,0.958631008330323,0.999999999999356,"cLTMR","Cplx2",160.54,1000,426
"Cplx1",7.29336247597529e-07,0.862025737958129,0.00267753964693654,0.958731921838761,0.999999999999356,"cLTMR","Cplx2",160.54,1000,426
"Mbnl1",7.23416079850174e-07,0.858035823835812,0.00263424782074673,0.959066607816578,0.999999999999356,"cLTMR","Cplx2",160.54,1000,426
"Nudt3",7.07901309065728e-07,0.847441964664742,0.00252246845916045,0.959943741406265,0.999999999999356,"cLTMR","Cplx2",160.54,1000,426
"Mtpn",7.06121624188601e-07,0.846213754008183,0.00250980128105884,0.960044359702044,0.999999999999356,"cLTMR","Cplx2",160.54,1000,426
"Oxct1",7.00209594648964e-07,0.842114094253936,0.00246795040757748,0.960378613513008,0.999999999999356,"cLTMR","Cplx2",160.54,1000,426
"Calm3",6.95888139258013e-07,0.839098140088831,0.00243758170976378,0.960622943990999,0.999999999999356,"cLTMR","Cplx2",160.54,1000,426
"Arpc5",6.95752669177659e-07,0.839003329677934,0.00243663274331589,0.960630603384741,0.999999999999356,"cLTMR","Cplx2",160.54,1000,426
"Prkar1a",6.95022226628327e-07,0.83849184098544,0.00243151918491782,0.960671902212921,0.999999999999356,"cLTMR","Cplx2",160.54,1000,426
"Pdha1",6.94947280819771e-07,0.83843933387269,0.00243099482083535,0.960676139614528,0.999999999999356,"cLTMR","Cplx2",160.54,1000,426
"L1cam",6.91502637438445e-07,0.836020631608715,0.00240695513615522,0.960870899366801,0.999999999999356,"cLTMR","Cplx2",160.54,1000,426
"Nedd8",6.89038197529974e-07,0.834283693184976,0.00238982945698163,0.961010239957789,0.999999999999356,"cLTMR","Cplx2",160.54,1000,426
"G3bp2",6.86714650392317e-07,0.83264105387639,0.00237373885761716,0.961141615496189,0.999999999999356,"cLTMR","Cplx2",160.54,1000,426
"Calr",6.85019523169674e-07,0.831439597034415,0.00236203436558572,0.961237460248022,0.999999999999356,"cLTMR","Cplx2",160.54,1000,426
"Phkg1",6.83840315449865e-07,0.830602268632506,0.00235390924885344,0.961304134554219,0.999999999999356,"cLTMR","Cplx2",160.54,1000,426
"Ran",6.76665039568803e-07,0.825479775554185,0.00230477105683995,0.961709842040699,0.999999999999356,"cLTMR","Cplx2",160.54,1000,426
"Abtb2",6.75225998518594e-07,0.824446694350561,0.00229497852064281,0.961791210106042,0.999999999999356,"cLTMR","Cplx2",160.54,1000,426
"Cox6c",6.75092340288754e-07,0.824350643628143,0.00229407004730789,0.961798767597653,0.999999999999356,"cLTMR","Cplx2",160.54,1000,426
"Nipal3",6.70565428577434e-07,0.82108757298855,0.00226340688363215,0.962054736628896,0.999999999999356,"cLTMR","Cplx2",160.54,1000,426
"Fam188a",6.67412160432598e-07,0.81880320070806,0.00224217003574993,0.962233036872611,0.999999999999356,"cLTMR","Cplx2",160.54,1000,426
"Ngfr",6.61736070132402e-07,0.814667195694122,0.00220419457715857,0.962553993806305,0.999999999999356,"cLTMR","Cplx2",160.54,1000,426
"Tagln3",6.57101950461099e-07,0.811267287038299,0.00217343084529893,0.962816036570739,0.999999999999356,"cLTMR","Cplx2",160.54,1000,426
"Tpm1",6.55933590606312e-07,0.810406776154421,0.0021657087808598,0.962882103744453,0.999999999999356,"cLTMR","Cplx2",160.54,1000,426
"Tspan7",6.48387798778317e-07,0.804816578477666,0.00211616721265877,0.963308801294912,0.999999999999356,"cLTMR","Cplx2",160.54,1000,426
"Zfp521",6.44573656218266e-07,0.801969159316154,0.00209134372418734,0.963524486481158,0.999999999999356,"cLTMR","Cplx2",160.54,1000,426
"Rpl3",6.34066503139593e-07,0.794047921272034,0.00202371772206692,0.964118667139838,0.999999999999356,"cLTMR","Cplx2",160.54,1000,426
"Dgkk",6.19674401107299e-07,0.783008724941032,0.00193289127241703,0.964932574361635,0.999999999999356,"cLTMR","Cplx2",160.54,1000,426
"Swi5",6.17481651455717e-07,0.781307099502669,0.00191923620500405,0.965056582740598,0.999999999999356,"cLTMR","Cplx2",160.54,1000,426
"Syt4",6.03422579802817e-07,0.770269145906988,0.00183283524720632,0.965851696964586,0.999999999999356,"cLTMR","Cplx2",160.54,1000,426
"Caprin1",6.01854918422035e-07,0.769024402343407,0.00182332439086214,0.965940358554698,0.999999999999356,"cLTMR","Cplx2",160.54,1000,426
"Akr1a1",5.72338642666478e-07,0.745040160250439,0.00164887013555635,0.967609775999943,0.999999999999356,"cLTMR","Cplx2",160.54,1000,426
"Pla2g7",5.70375783743381e-07,0.743406961050616,0.00163757979321803,0.967720798878627,0.999999999999356,"cLTMR","Cplx2",160.54,1000,426
"Arfgef2",5.65428791610355e-07,0.739268816870405,0.00160929681446869,0.968000612541984,0.999999999999356,"cLTMR","Cplx2",160.54,1000,426
"Zc2hc1a",5.65125568136925e-07,0.739014138890414,0.00160757123652472,0.968017763712695,0.999999999999356,"cLTMR","Cplx2",160.54,1000,426
"Pomp",5.62016338023091e-07,0.736395745674897,0.00158993070056821,0.968193631346742,0.999999999999356,"cLTMR","Cplx2",160.54,1000,426
"Dst",5.60909121424081e-07,0.735460248044751,0.00158367229317786,0.968256259302619,0.999999999999356,"cLTMR","Cplx2",160.54,1000,426
"Rab3a",5.47867996896262e-07,0.724317925534057,0.00151088767459284,0.968993924516161,0.999999999999356,"cLTMR","Cplx2",160.54,1000,426
"Map4",5.47627101556967e-07,0.724109923668868,0.00150955930431414,0.96900755090178,0.999999999999356,"cLTMR","Cplx2",160.54,1000,426
"Rtn3",5.32029638647679e-07,0.710468175069244,0.00142479363890145,0.969889849584664,0.999999999999356,"cLTMR","Cplx2",160.54,1000,426
"Rab1a",5.31339648467785e-07,0.709856628517355,0.0014211004005556,0.969928880985572,0.999999999999356,"cLTMR","Cplx2",160.54,1000,426
"Pex5l",5.28487095575625e-07,0.707320954700437,0.00140588270490816,0.970090245111515,0.999999999999356,"cLTMR","Cplx2",160.54,1000,426
"Gabarap",5.23644326803727e-07,0.702988505709259,0.00138023526398586,0.970364195207494,0.999999999999356,"cLTMR","Cplx2",160.54,1000,426
"Ctsl",5.15533953752068e-07,0.695653368908983,0.00133781130388439,0.970822997894814,0.999999999999356,"cLTMR","Cplx2",160.54,1000,426
"Eif5",5.12601237950569e-07,0.692976024274379,0.00132263379423811,0.970988903609186,0.999999999999356,"cLTMR","Cplx2",160.54,1000,426
"Sbno1",5.09275814900552e-07,0.689923850501059,0.00130552868456041,0.971177026556402,0.999999999999356,"cLTMR","Cplx2",160.54,1000,426
"Uhmk1",4.94995139390533e-07,0.676614404777168,0.00123333819834168,0.971984918640085,0.999999999999356,"cLTMR","Cplx2",160.54,1000,426
"Plekhb2",4.91490105603823e-07,0.673296274709574,0.00121593363562773,0.97218321123812,0.999999999999356,"cLTMR","Cplx2",160.54,1000,426
"Cd59a",4.8902085338115e-07,0.670946198926112,0.00120374659611794,0.972322906912752,0.999999999999356,"cLTMR","Cplx2",160.54,1000,426
"Map1lc3a",4.88673385515139e-07,0.67061466564151,0.00120203658861161,0.972342564656108,0.999999999999356,"cLTMR","Cplx2",160.54,1000,426
"Tomm70a",4.85937564730468e-07,0.667997053446691,0.00118861514457262,0.972497342325419,0.999999999999356,"cLTMR","Cplx2",160.54,1000,426
"Grina",4.85400131097778e-07,0.667481321284647,0.00118598744688989,0.972527747481724,0.999999999999356,"cLTMR","Cplx2",160.54,1000,426
"Ctnna2",4.81812772947608e-07,0.664025922495531,0.00116852210332849,0.972730702278609,0.999999999999356,"cLTMR","Cplx2",160.54,1000,426
"Cct3",4.81583108674103e-07,0.663803937907611,0.00116740837686062,0.972743695595775,0.999999999999356,"cLTMR","Cplx2",160.54,1000,426
"Rpl27a",4.81035837217299e-07,0.663274591704676,0.00116475659670295,0.972774657652693,0.999999999999356,"cLTMR","Cplx2",160.54,1000,426
"Dnaja1",4.78500846362772e-07,0.660815714032549,0.00115251273844716,0.972918076101869,0.999999999999356,"cLTMR","Cplx2",160.54,1000,426
"Capza2",4.74905419175646e-07,0.65730855440705,0.00113525798280092,0.973121490798432,0.999999999999356,"cLTMR","Cplx2",160.54,1000,426
"Snx3",4.72634555793758e-07,0.655081411178968,0.00112442697516375,0.973249967945548,0.999999999999356,"cLTMR","Cplx2",160.54,1000,426
"Eif3h",4.70943526190185e-07,0.653416827928794,0.00111639524020823,0.97334564066862,0.999999999999356,"cLTMR","Cplx2",160.54,1000,426
"Syp",4.69294467921947e-07,0.651788498512338,0.0011085905779914,0.973438939165177,0.999999999999356,"cLTMR","Cplx2",160.54,1000,426
"Ndfip2",4.65876437876469e-07,0.648397375199209,0.00109250090651532,0.973632321640942,0.999999999999356,"cLTMR","Cplx2",160.54,1000,426
"Pou4f1",4.6455679753229e-07,0.647082276539384,0.00108632044205841,0.973706983575808,0.999999999999356,"cLTMR","Cplx2",160.54,1000,426
"Capns1",4.6141506830506e-07,0.643938112909414,0.00107167687577141,0.973884735647369,0.999999999999356,"cLTMR","Cplx2",160.54,1000,426
"Rpl12",4.61326964289657e-07,0.643849670027468,0.00107126765627198,0.97388972039589,0.999999999999356,"cLTMR","Cplx2",160.54,1000,426
"Rap1gds1",4.6104290630324e-07,0.643564418486944,0.00106994881531435,0.973905791834099,0.999999999999356,"cLTMR","Cplx2",160.54,1000,426
"Rnf141",4.60521700109238e-07,0.643040620786802,0.00106753104150483,0.9739352806757,0.999999999999356,"cLTMR","Cplx2",160.54,1000,426
"Runx1",4.55713149630195e-07,0.63818345637632,0.00104535411793683,0.974207340866608,0.999999999999356,"cLTMR","Cplx2",160.54,1000,426
"Ubc",4.53592413132003e-07,0.636026968480783,0.00103564730026055,0.974327329743414,0.999999999999356,"cLTMR","Cplx2",160.54,1000,426
"Prkce",4.4841103001801e-07,0.630720771951539,0.00101212205204179,0.974620488988655,0.999999999999356,"cLTMR","Cplx2",160.54,1000,426
"Scamp1",4.46563476270984e-07,0.628815688979032,0.00100379889556766,0.974725023194539,0.999999999999356,"cLTMR","Cplx2",160.54,1000,426
"Kcnab2",4.39297461082029e-07,0.621255669731771,0.000971399107707285,0.97513613701327,0.999999999999356,"cLTMR","Cplx2",160.54,1000,426
"Usp5",4.3922603881888e-07,0.621180814316687,0.000971083267581279,0.975140178144218,0.999999999999356,"cLTMR","Cplx2",160.54,1000,426
"Hnrnpa3",4.38679290960549e-07,0.620607430915499,0.000968667166554814,0.97517111361312,0.999999999999356,"cLTMR","Cplx2",160.54,1000,426
"Mapk1",4.33105010351974e-07,0.614725509177731,0.000944205942528341,0.975486513376867,0.999999999999356,"cLTMR","Cplx2",160.54,1000,426
"Prkacb",4.29790721536698e-07,0.611196727101374,0.00092981036854794,0.975674041800438,0.999999999999356,"cLTMR","Cplx2",160.54,1000,426
"Atp6v1a",4.28070072535286e-07,0.609355291135232,0.000922380358165812,0.975771399747279,0.999999999999356,"cLTMR","Cplx2",160.54,1000,426
"Stip1",4.27256192855453e-07,0.608482013674049,0.000918876291760926,0.975817450900687,0.999999999999356,"cLTMR","Cplx2",160.54,1000,426
"Ssbp3",4.2662966236834e-07,0.607808762983102,0.000916183378643401,0.975852901467875,0.999999999999356,"cLTMR","Cplx2",160.54,1000,426
"Mrfap1",4.25257296572614e-07,0.606331022138159,0.000910298572391556,0.975930553315962,0.999999999999356,"cLTMR","Cplx2",160.54,1000,426
"Ywhag",4.19350425356686e-07,0.599922421573257,0.000885185903898396,0.976264781280988,0.999999999999356,"cLTMR","Cplx2",160.54,1000,426
"AI593442",4.19047431171276e-07,0.599591558975342,0.000883907215375026,0.976281925686713,0.999999999999356,"cLTMR","Cplx2",160.54,1000,426
"Ube2l3",4.17320394035542e-07,0.597701654657583,0.000876636463782573,0.976379647326606,0.999999999999356,"cLTMR","Cplx2",160.54,1000,426
"Kif5a",4.17295925928765e-07,0.597674829810264,0.000876533669832912,0.976381031817926,0.999999999999356,"cLTMR","Cplx2",160.54,1000,426
"Rps20",4.16549015746516e-07,0.596855312936094,0.000873398695480093,0.976423294650558,0.999999999999356,"cLTMR","Cplx2",160.54,1000,426
"Rbms3",4.16035559734229e-07,0.59629119562833,0.000871246845858566,0.976452347854953,0.999999999999356,"cLTMR","Cplx2",160.54,1000,426
"Rragc",4.15325676241664e-07,0.595510262396638,0.000868276157039054,0.976492515690419,0.999999999999356,"cLTMR","Cplx2",160.54,1000,426
"Rpl34",4.13885011211633e-07,0.593921797501239,0.000862262921450952,0.976574034033223,0.999999999999356,"cLTMR","Cplx2",160.54,1000,426
"March6",4.11886429215841e-07,0.591710121453694,0.00085395557843781,0.976687121858825,0.999999999999356,"cLTMR","Cplx2",160.54,1000,426
"Ptpa",4.09192785943825e-07,0.588714321694998,0.00084282275164291,0.976839539794192,0.999999999999356,"cLTMR","Cplx2",160.54,1000,426
"Pafah1b2",4.08188716579247e-07,0.587593191172132,0.000838691621893351,0.976896354579095,0.999999999999356,"cLTMR","Cplx2",160.54,1000,426
"Mllt11",4.03063109822827e-07,0.581832000975068,0.000817761040852637,0.977186386406863,0.999999999999356,"cLTMR","Cplx2",160.54,1000,426
"Arfgef3",4.00959914878305e-07,0.579449379782895,0.000809249105263349,0.97730539630896,0.999999999999356,"cLTMR","Cplx2",160.54,1000,426
"Tspyl4",3.94087430228194e-07,0.571586576000481,0.000781745661011588,0.977694281374712,0.999999999999356,"cLTMR","Cplx2",160.54,1000,426
"Epdr1",3.82663091762119e-07,0.558245580826671,0.000737078029081463,0.978340748432454,0.999999999999356,"cLTMR","Cplx2",160.54,1000,426
"Tollip",3.81957712963232e-07,0.55741044995404,0.000734363160406321,0.978380664050752,0.999999999999356,"cLTMR","Cplx2",160.54,1000,426
"Hsp90aa1",3.70689558087361e-07,0.543882589657885,0.000691673312008609,0.979018307964966,0.999999999999356,"cLTMR","Cplx2",160.54,1000,426
"Lix1",3.69121058773943e-07,0.541971007410172,0.000685832338909357,0.97910706749436,0.999999999999356,"cLTMR","Cplx2",160.54,1000,426
"Armc1",3.67583442317722e-07,0.54009012888562,0.000680130411877163,0.979194079650316,0.999999999999356,"cLTMR","Cplx2",160.54,1000,426
"Rpn1",3.65817935608044e-07,0.53792194784977,0.000673612756284387,0.979293988189852,0.999999999999356,"cLTMR","Cplx2",160.54,1000,426
"Kif21a",3.64333971478562e-07,0.536092405953431,0.000668158733588836,0.979377964722914,0.999999999999356,"cLTMR","Cplx2",160.54,1000,426
"Snx10",3.62552839437851e-07,0.533887835268908,0.00066164180114949,0.979478758090105,0.999999999999356,"cLTMR","Cplx2",160.54,1000,426
"Atp2b2",3.61506731353158e-07,0.532588594012735,0.000657829113999721,0.979537956973787,0.999999999999356,"cLTMR","Cplx2",160.54,1000,426
"Pde11a",3.61316610652852e-07,0.532352114289687,0.000657137375595449,0.979548715848569,0.999999999999356,"cLTMR","Cplx2",160.54,1000,426
"Fbxo11",3.60022000859837e-07,0.530738916188386,0.000652436720558917,0.979621977536642,0.999999999999356,"cLTMR","Cplx2",160.54,1000,426
"Ackr1",3.54140690614038e-07,0.523345547285005,0.000631294453140676,0.979954801765793,0.999999999999356,"cLTMR","Cplx2",160.54,1000,426
"Tmbim6",3.53491271068177e-07,0.522522569456065,0.00062898125353388,0.979991552730297,0.999999999999356,"cLTMR","Cplx2",160.54,1000,426
"Ypel3",3.52990498335524e-07,0.521887057659275,0.000627200425653033,0.980019891729138,0.999999999999356,"cLTMR","Cplx2",160.54,1000,426
"Ahnak",3.5263809087997e-07,0.521439356000508,0.000625948721855588,0.980039834672103,0.999999999999356,"cLTMR","Cplx2",160.54,1000,426
"Clgn",3.50713970847474e-07,0.518987987185294,0.0006191365555843,0.980148721964002,0.999999999999356,"cLTMR","Cplx2",160.54,1000,426
"Disp2",3.50542545391788e-07,0.5187690152156,0.000618531448083906,0.980158423067832,0.999999999999356,"cLTMR","Cplx2",160.54,1000,426
"Pcbp3",3.50520150104235e-07,0.518740401435249,0.000618452417750318,0.980159690435308,0.999999999999356,"cLTMR","Cplx2",160.54,1000,426
"Arl6ip1",3.49462512347384e-07,0.517387258670486,0.000614725888423415,0.980219543070225,0.999999999999356,"cLTMR","Cplx2",160.54,1000,426
"Ywhaq",3.49024567997517e-07,0.51682589947475,0.000613186112165493,0.980244326752177,0.999999999999356,"cLTMR","Cplx2",160.54,1000,426
"Tubb3",3.4378981343571e-07,0.510067653520207,0.000594930620591431,0.980540567897252,0.999999999999356,"cLTMR","Cplx2",160.54,1000,426
"Dync1i2",3.4208812759536e-07,0.507851257538363,0.000589055638673732,0.980636868954327,0.999999999999356,"cLTMR","Cplx2",160.54,1000,426
"Usp19",3.40862214186921e-07,0.506248535327303,0.000584841301921445,0.980706245482017,0.999999999999356,"cLTMR","Cplx2",160.54,1000,426
"Stau2",3.40065304528987e-07,0.50520396364643,0.000582109870571103,0.980751344035106,0.999999999999356,"cLTMR","Cplx2",160.54,1000,426
"Hacd3",3.38527153478233e-07,0.503181697730292,0.000576855891618402,0.980838390947721,0.999999999999356,"cLTMR","Cplx2",160.54,1000,426
"Elavl3",3.36256347635687e-07,0.500181388254024,0.000569142866034811,0.98096690061435,0.999999999999356,"cLTMR","Cplx2",160.54,1000,426
"Cbfb",3.27481897138878e-07,0.488418397076044,0.000539827380986268,0.98146346978793,0.999999999999356,"cLTMR","Cplx2",160.54,1000,426
"Gabarapl2",3.26697247488748e-07,0.487353068183355,0.000537243617278572,0.981507875522879,0.999999999999356,"cLTMR","Cplx2",160.54,1000,426
"Hcfc1",3.23287250017599e-07,0.482697018416633,0.000526086875816253,0.981700858422593,0.999999999999356,"cLTMR","Cplx2",160.54,1000,426
"Wfdc2",3.21264572944259e-07,0.479914820618407,0.000519524445474116,0.981815328834376,0.999999999999356,"cLTMR","Cplx2",160.54,1000,426
"Uqcr10",3.13111436526427e-07,0.468541905717441,0.000493489793689733,0.982276747280994,0.999999999999356,"cLTMR","Cplx2",160.54,1000,426
"Rtn4rl1",3.12509751197188e-07,0.467692343558278,0.000491595003251744,0.982310799285836,0.999999999999356,"cLTMR","Cplx2",160.54,1000,426
"Prrc2b",3.12211669230875e-07,0.467270928475328,0.000490657651892791,0.982327669060206,0.999999999999356,"cLTMR","Cplx2",160.54,1000,426
"Snhg14",3.11470160911971e-07,0.466221082672996,0.000488329778088461,0.982369634323659,0.999999999999356,"cLTMR","Cplx2",160.54,1000,426
"Rpl28",3.10172212003754e-07,0.464378121426114,0.000484268352313159,0.982443091159575,0.999999999999356,"cLTMR","Cplx2",160.54,1000,426
"Mapk3",3.05454823624165e-07,0.457622365698623,0.000469649959407239,0.982710070886747,0.999999999999356,"cLTMR","Cplx2",160.54,1000,426
"Zdhhc17",3.00747156496951e-07,0.45078859635474,0.000455285032808947,0.982976502371931,0.999999999999356,"cLTMR","Cplx2",160.54,1000,426
"Tomm20",2.98398789079649e-07,0.447344470441164,0.000448202656727146,0.983109409468431,0.999999999999356,"cLTMR","Cplx2",160.54,1000,426
"Ube2n",2.97500791373999e-07,0.446021171296821,0.000445509084531588,0.983160232247821,0.999999999999356,"cLTMR","Cplx2",160.54,1000,426
"Gtf2i",2.95245111893906e-07,0.442681646009358,0.000438778910980662,0.983287894234218,0.999999999999356,"cLTMR","Cplx2",160.54,1000,426
"Eef1g",2.94572860673648e-07,0.441682048185445,0.000436783051713602,0.983325940913254,0.999999999999356,"cLTMR","Cplx2",160.54,1000,426
"Rbfox1",2.94452648679401e-07,0.441503089019837,0.000436426631587863,0.983332744426156,0.999999999999356,"cLTMR","Cplx2",160.54,1000,426
"Ywhaz",2.94399120594835e-07,0.44142338131272,0.000436267971386571,0.983335773899738,0.999999999999356,"cLTMR","Cplx2",160.54,1000,426
"Mapk9",2.94323886671022e-07,0.44131133032103,0.000436045022640039,0.983340031836637,0.999999999999356,"cLTMR","Cplx2",160.54,1000,426
"Atp6v1g1",2.89947500503728e-07,0.434749603454229,0.000423174073654219,0.983587718469902,0.999999999999356,"cLTMR","Cplx2",160.54,1000,426
"Vapa",2.89630652877822e-07,0.434271170401188,0.000422249710176503,0.983605650889198,0.999999999999356,"cLTMR","Cplx2",160.54,1000,426
"Tbca",2.88110631343343e-07,0.431969561673911,0.000417829290973793,0.983691678675784,0.999999999999356,"cLTMR","Cplx2",160.54,1000,426
"Rps19",2.83815100784355e-07,0.42540717732259,0.000405463076811663,0.983934791375926,0.999999999999356,"cLTMR","Cplx2",160.54,1000,426
"Ppp1cb",2.81215470150565e-07,0.421393183684616,0.000398069341391095,0.984081922523771,0.999999999999356,"cLTMR","Cplx2",160.54,1000,426
"Dock11",2.80531813314097e-07,0.420332165752608,0.000396136218535371,0.984120615501169,0.999999999999356,"cLTMR","Cplx2",160.54,1000,426
"Pou4f2",2.80302857284014e-07,0.419976324425249,0.000395489869278912,0.98413357375118,0.999999999999356,"cLTMR","Cplx2",160.54,1000,426
"Anxa6",2.79993613698397e-07,0.419495295644342,0.000394617703783891,0.984151076051584,0.999999999999356,"cLTMR","Cplx2",160.54,1000,426
"Tspan17",2.79509766214838e-07,0.418741733717894,0.000393255031211063,0.984178460447359,0.999999999999356,"cLTMR","Cplx2",160.54,1000,426
"Agtpbp1",2.78408523454614e-07,0.417022339150777,0.000390162358383307,0.984240787734813,0.999999999999356,"cLTMR","Cplx2",160.54,1000,426
"Dhcr24",2.76641949236394e-07,0.414251636544114,0.000385226704708812,0.984340771139168,0.999999999999356,"cLTMR","Cplx2",160.54,1000,426
"Med28",2.76294904992159e-07,0.413705506209361,0.000384260785735138,0.984360412949737,0.999999999999356,"cLTMR","Cplx2",160.54,1000,426
"Rgs10",2.75686159337669e-07,0.412746090055076,0.000382569408942863,0.984394866409126,0.999999999999356,"cLTMR","Cplx2",160.54,1000,426
"Sgpp2",2.73325162767221e-07,0.409007349474214,0.000376044762685558,0.984528493098889,0.999999999999356,"cLTMR","Cplx2",160.54,1000,426
"Anxa2",2.73297824549156e-07,0.408963892432898,0.000375969541805829,0.984530040378393,0.999999999999356,"cLTMR","Cplx2",160.54,1000,426
"Atp6v0d1",2.70810403629082e-07,0.404993807809567,0.000369156910439813,0.984670822855007,0.999999999999356,"cLTMR","Cplx2",160.54,1000,426
"Eef1a1",2.69714964729979e-07,0.403235254840534,0.000366176441819284,0.984732822405303,0.999999999999356,"cLTMR","Cplx2",160.54,1000,426
"Eif1b",2.6959379956521e-07,0.403040358500814,0.000365847517814783,0.984739680105851,0.999999999999356,"cLTMR","Cplx2",160.54,1000,426
"Son",2.67569096832848e-07,0.399772156556016,0.000360372978366942,0.984854274306524,0.999999999999356,"cLTMR","Cplx2",160.54,1000,426
"Samd14",2.64551289684966e-07,0.39486039671248,0.00035228980870745,0.985025076847184,0.999999999999356,"cLTMR","Cplx2",160.54,1000,426
"Rnf7",2.60818787570128e-07,0.388716904118587,0.000342419159681824,0.985236330806027,0.999999999999356,"cLTMR","Cplx2",160.54,1000,426
"Nap1l1",2.58684362584711e-07,0.385168985050291,0.000336837679395962,0.98535713648925,0.999999999999356,"cLTMR","Cplx2",160.54,1000,426
"Rnf14",2.58194560978414e-07,0.384351194896288,0.000335563327579558,0.985384858671761,0.999999999999356,"cLTMR","Cplx2",160.54,1000,426
"Etnk1",2.55391763864612e-07,0.379645180855817,0.000328317542858171,0.985543493959768,0.999999999999356,"cLTMR","Cplx2",160.54,1000,426
"Rab11b",2.53344218100646e-07,0.376178520576346,0.0003230742225803,0.98565938319914,0.999999999999356,"cLTMR","Cplx2",160.54,1000,426
"Prkar1b",2.52320510729899e-07,0.374436069105834,0.000320468556223115,0.985717324224567,0.999999999999356,"cLTMR","Cplx2",160.54,1000,426
"Slc12a2",2.52186338248907e-07,0.374207234426195,0.000320127825864374,0.985724918286189,0.999999999999356,"cLTMR","Cplx2",160.54,1000,426
"Rhoq",2.495595698115e-07,0.369705544007869,0.000313493665851807,0.985873591665952,0.999999999999356,"cLTMR","Cplx2",160.54,1000,426
"Canx",2.48663988584198e-07,0.368161207741678,0.000311247666873162,0.985924281091512,0.999999999999356,"cLTMR","Cplx2",160.54,1000,426
"Pcnp",2.47274820486754e-07,0.365756044105771,0.000307779793672515,0.98600290738619,0.999999999999356,"cLTMR","Cplx2",160.54,1000,426
"Psmc1",2.4600430943902e-07,0.363545911741455,0.000304625141359747,0.986074817863829,0.999999999999356,"cLTMR","Cplx2",160.54,1000,426
"Klc1",2.45573195122047e-07,0.362793684509839,0.000303558386180866,0.986099218808004,0.999999999999356,"cLTMR","Cplx2",160.54,1000,426
"Tgoln1",2.45310248863936e-07,0.362334314939963,0.000302908666991935,0.986114101495648,0.999999999999356,"cLTMR","Cplx2",160.54,1000,426
"Dner",2.4287304358565e-07,0.358055798448349,0.000296919652889124,0.986252046889625,0.999999999999356,"cLTMR","Cplx2",160.54,1000,426
"Csde1",2.40960740065451e-07,0.354672277401044,0.000292262362391434,0.986360283223553,0.999999999999356,"cLTMR","Cplx2",160.54,1000,426
"Hsph1",2.40373242218966e-07,0.353628058422295,0.00029083894221751,0.986393535638245,0.999999999999356,"cLTMR","Cplx2",160.54,1000,426
"Wbscr17",2.36512722386961e-07,0.346710094030162,0.000281571910653623,0.986612041886435,0.999999999999356,"cLTMR","Cplx2",160.54,1000,426
"Flot1",2.33172503378937e-07,0.340644038316688,0.000273674910323123,0.986801099807655,0.999999999999356,"cLTMR","Cplx2",160.54,1000,426
"Fgf12",2.32074483051033e-07,0.338633296812428,0.000271103482949519,0.986863248422032,0.999999999999356,"cLTMR","Cplx2",160.54,1000,426
"Tceal9",2.31088449033449e-07,0.336820499286186,0.000268804657447315,0.986919058611491,0.999999999999356,"cLTMR","Cplx2",160.54,1000,426
"Asap1",2.30319424220146e-07,0.335401948185957,0.000267018557870939,0.986962585978283,0.999999999999356,"cLTMR","Cplx2",160.54,1000,426
"Pclo",2.28204401306047e-07,0.331479001011819,0.000262137012865231,0.987082298021601,0.999999999999356,"cLTMR","Cplx2",160.54,1000,426
"Dok4",2.28098861694071e-07,0.331282411111516,0.000261894603507326,0.987088271658424,0.999999999999356,"cLTMR","Cplx2",160.54,1000,426
"Atp6ap1",2.27458380299872e-07,0.33008766316167,0.000260425914694497,0.987124523496067,0.999999999999356,"cLTMR","Cplx2",160.54,1000,426
"P2ry1",2.23778539299962e-07,0.323165537526352,0.000252067690937736,0.987332806403509,0.999999999999356,"cLTMR","Cplx2",160.54,1000,426
"Acbd5",2.23133939217349e-07,0.321942711974456,0.000250617606968106,0.987369291541813,0.999999999999356,"cLTMR","Cplx2",160.54,1000,426
"Gnao1",2.23104522844067e-07,0.321886834282315,0.000250551532079181,0.987370956544476,0.999999999999356,"cLTMR","Cplx2",160.54,1000,426
"Cmas",2.17661268381115e-07,0.311434078067576,0.000238474872300154,0.987679052335733,0.999999999999356,"cLTMR","Cplx2",160.54,1000,426
"Gdi1",2.16880180914266e-07,0.309915362644877,0.000236766387216484,0.987723263127125,0.999999999999356,"cLTMR","Cplx2",160.54,1000,426
"Gm13889",2.16715138559953e-07,0.309593846492969,0.000236406173447626,0.987732604791381,0.999999999999356,"cLTMR","Cplx2",160.54,1000,426
"Cyfip2",2.15821293675251e-07,0.307848819103591,0.000234460073385863,0.987783197887081,0.999999999999356,"cLTMR","Cplx2",160.54,1000,426
"Fam63b",2.15485393518169e-07,0.307191410541227,0.000233730822924882,0.987802210403062,0.999999999999356,"cLTMR","Cplx2",160.54,1000,426
"Rps6ka2",2.14514386014305e-07,0.305285926664341,0.000231629120948192,0.987857171106019,0.999999999999356,"cLTMR","Cplx2",160.54,1000,426
"Tmod2",2.14402214049804e-07,0.305065315226045,0.000231386941383459,0.9878635202368,0.999999999999356,"cLTMR","Cplx2",160.54,1000,426
"Slc9a6",2.11963921356841e-07,0.300244646715403,0.000226153964046156,0.988001532087508,0.999999999999356,"cLTMR","Cplx2",160.54,1000,426
"Magi1",2.11556429920012e-07,0.299434265505258,0.000225285257519135,0.988024596887381,0.999999999999356,"cLTMR","Cplx2",160.54,1000,426
"Dnajb14",2.10514718541041e-07,0.2973563603268,0.000223072094585971,0.988083559802504,0.999999999999356,"cLTMR","Cplx2",160.54,1000,426
"Add2",2.09998188923015e-07,0.296322687342584,0.000221978755500909,0.98811279642006,0.999999999999356,"cLTMR","Cplx2",160.54,1000,426
"Sptbn1",2.09610261407402e-07,0.295544902721378,0.000221159394810431,0.988134753909894,0.999999999999356,"cLTMR","Cplx2",160.54,1000,426
"Purb",2.09130997410049e-07,0.294582243944274,0.000220149209907705,0.988161881243582,0.999999999999356,"cLTMR","Cplx2",160.54,1000,426
"Cdc42",2.08602316998355e-07,0.293518077286013,0.000219037548203087,0.988191805664423,0.999999999999356,"cLTMR","Cplx2",160.54,1000,426
"Pfn2",2.08332465801516e-07,0.292973988044774,0.000218471214001565,0.988207079814906,0.999999999999356,"cLTMR","Cplx2",160.54,1000,426
"Mapre2",2.03428219860359e-07,0.282976385670203,0.000208306446875865,0.988484671291623,0.999999999999356,"cLTMR","Cplx2",160.54,1000,426
"Cox4i1",2.03053432377257e-07,0.282203684736273,0.000207539604085088,0.988505885173516,0.999999999999356,"cLTMR","Cplx2",160.54,1000,426
"Nefm",2.02823683714855e-07,0.2817293917186,0.000207070220528709,0.988518889509881,0.999999999999356,"cLTMR","Cplx2",160.54,1000,426
"Ppp2r2b",1.99546762917108e-07,0.274912665756331,0.000200433212645313,0.98870437157427,0.999999999999356,"cLTMR","Cplx2",160.54,1000,426
"Eef2",1.96903748397823e-07,0.269342632221802,0.000195158863869663,0.988853973373815,0.999999999999356,"cLTMR","Cplx2",160.54,1000,426
"Dusp26",1.95962767812385e-07,0.267343706639898,0.000193298036897402,0.988907235525287,0.999999999999356,"cLTMR","Cplx2",160.54,1000,426
"Ralbp1",1.95952217154612e-07,0.267321246143577,0.000193277223081014,0.988907832722514,0.999999999999356,"cLTMR","Cplx2",160.54,1000,426
"Tmem30a",1.95003244542598e-07,0.265296694920367,0.000191409720215359,0.988961547295826,0.999999999999356,"cLTMR","Cplx2",160.54,1000,426
"Cacybp",1.94994796327075e-07,0.265278632573057,0.000191393135511399,0.988962025489295,0.999999999999356,"cLTMR","Cplx2",160.54,1000,426
"Lpgat1",1.93875878983912e-07,0.262880286266107,0.00018920293682877,0.989025359486899,0.999999999999356,"cLTMR","Cplx2",160.54,1000,426
"Nrp1",1.90338226484726e-07,0.255216715954754,0.000182361161812827,0.989225601429028,0.999999999999356,"cLTMR","Cplx2",160.54,1000,426
"Arl5a",1.8917356723544e-07,0.252666360119922,0.000180136292682533,0.989291524850725,0.999999999999356,"cLTMR","Cplx2",160.54,1000,426
"Gm4631",1.88613038529396e-07,0.251434004722521,0.000179070372393881,0.989323252586257,0.999999999999356,"cLTMR","Cplx2",160.54,1000,426
"Arf1",1.85135324214245e-07,0.243715389939649,0.000172527724996233,0.989520102826547,0.999999999999356,"cLTMR","Cplx2",160.54,1000,426
"Arhgdia",1.83392307441702e-07,0.239798850208824,0.000169294380819077,0.989618763635537,0.999999999999356,"cLTMR","Cplx2",160.54,1000,426
"Ubl3",1.82177692715542e-07,0.237050258067014,0.000167059319693846,0.989687515145637,0.999999999999356,"cLTMR","Cplx2",160.54,1000,426
"Hnrnpk",1.81936726282267e-07,0.236503055511884,0.000166617673247313,0.989701154711246,0.999999999999356,"cLTMR","Cplx2",160.54,1000,426
"Pabpc1",1.81640365868677e-07,0.235829187521851,0.000166075301551033,0.989717929779228,0.999999999999356,"cLTMR","Cplx2",160.54,1000,426
"Apba1",1.81247076945027e-07,0.234933430370154,0.000165356905445408,0.989740191357387,0.999999999999356,"cLTMR","Cplx2",160.54,1000,426
"Id4",1.80092128168287e-07,0.23229301371595,0.000163256234050058,0.989805565689209,0.999999999999356,"cLTMR","Cplx2",160.54,1000,426
"Adprh",1.78558456964053e-07,0.228763698897752,0.000160487481644763,0.989892377203562,0.999999999999356,"cLTMR","Cplx2",160.54,1000,426
"Ptma",1.78325232090775e-07,0.228224667848528,0.000160068512655629,0.989905578612374,0.999999999999356,"cLTMR","Cplx2",160.54,1000,426
"Actg1",1.77804343867756e-07,0.227018548935584,0.000159134757753874,0.989935062863375,0.999999999999356,"cLTMR","Cplx2",160.54,1000,426
"Sh3gl2",1.7770693598864e-07,0.226792656375328,0.000158960445553162,0.989940576520673,0.999999999999356,"cLTMR","Cplx2",160.54,1000,426
"Itm2c",1.77235763805871e-07,0.22569845330515,0.00015811862755937,0.989967246669209,0.999999999999356,"cLTMR","Cplx2",160.54,1000,426
"Ctnnbip1",1.76856301106615e-07,0.224815369132604,0.000157442286739184,0.989988725718193,0.999999999999356,"cLTMR","Cplx2",160.54,1000,426
"BC005537",1.74467413287647e-07,0.2192174503524,0.000153217706771474,0.990123946127392,0.999999999999356,"cLTMR","Cplx2",160.54,1000,426
"Arf3",1.72550847158276e-07,0.214677470505011,0.000149869930314774,0.990232431483884,0.999999999999356,"cLTMR","Cplx2",160.54,1000,426
"Eif5a2",1.7219898150132e-07,0.213839161919471,0.000149259324053594,0.990252348515895,0.999999999999356,"cLTMR","Cplx2",160.54,1000,426
"Pea15a",1.71884739613641e-07,0.213089218597916,0.000148715061424889,0.990270135894173,0.999999999999356,"cLTMR","Cplx2",160.54,1000,426
"Kif5c",1.71330853968926e-07,0.211764426220046,0.000147758159486261,0.990301488102677,0.999999999999356,"cLTMR","Cplx2",160.54,1000,426
"Bean1",1.71201408503257e-07,0.211454274575932,0.000147534972617618,0.990308815251278,0.999999999999356,"cLTMR","Cplx2",160.54,1000,426
"Metap2",1.71051648122795e-07,0.211095191377863,0.000147276969719816,0.990317292309075,0.999999999999356,"cLTMR","Cplx2",160.54,1000,426
"Rpl26",1.70072306690973e-07,0.208740179530258,0.000145595354382334,0.990372727117162,0.999999999999356,"cLTMR","Cplx2",160.54,1000,426
"Rab7",1.69462802861933e-07,0.207268494981013,0.000144553657316129,0.990407227598494,0.999999999999356,"cLTMR","Cplx2",160.54,1000,426
"Tmem50a",1.67924304355202e-07,0.203532923246919,0.000141940859073212,0.990494313167149,0.999999999999356,"cLTMR","Cplx2",160.54,1000,426
"Tpi1",1.67577865123871e-07,0.202687604068689,0.000141355795966676,0.990513923118946,0.999999999999356,"cLTMR","Cplx2",160.54,1000,426
"Vamp1",1.65480826356438e-07,0.197537789451681,0.00013784013048936,0.990632624662127,0.999999999999356,"cLTMR","Cplx2",160.54,1000,426
"Oaz1",1.63044918159533e-07,0.191483370732471,0.000133811934073693,0.990770507953565,0.999999999999356,"cLTMR","Cplx2",160.54,1000,426
"Oxr1",1.6245125514855e-07,0.189995800348403,0.000132839262572903,0.990804111975346,0.999999999999356,"cLTMR","Cplx2",160.54,1000,426
"Ttl",1.61185281720166e-07,0.1868075823251,0.00013077691220124,0.990875771873598,0.999999999999356,"cLTMR","Cplx2",160.54,1000,426
"Rpl15",1.59988760153905e-07,0.183773999903639,0.000128842534479892,0.99094350054581,0.999999999999356,"cLTMR","Cplx2",160.54,1000,426
"Plec",1.59182980130912e-07,0.18171983554306,0.000127547977289178,0.990989111470534,0.999999999999356,"cLTMR","Cplx2",160.54,1000,426
"S100a6",1.58272106232078e-07,0.179386735897458,0.000126092448294909,0.991040671236492,0.999999999999356,"cLTMR","Cplx2",160.54,1000,426
"Nat8l",1.57018454740199e-07,0.176156299366147,0.000124102837609326,0.991111633894758,0.999999999999356,"cLTMR","Cplx2",160.54,1000,426
"Cdipt",1.54796166060345e-07,0.170373800218518,0.000120614831292117,0.99123742621372,0.999999999999356,"cLTMR","Cplx2",160.54,1000,426
"Eif4a2",1.54572372965943e-07,0.169787448210148,0.000120266331004054,0.991250094000543,0.999999999999356,"cLTMR","Cplx2",160.54,1000,426
"Rps11",1.54133667147246e-07,0.168635845627301,0.000119584622306077,0.991274926908081,0.999999999999356,"cLTMR","Cplx2",160.54,1000,426
"Cltc",1.51648030348132e-07,0.162056186717577,0.000115758758808769,0.991415626337832,0.999999999999356,"cLTMR","Cplx2",160.54,1000,426
"Gabbr2",1.506657819862e-07,0.159429979660406,0.000114264039595954,0.991471226563887,0.999999999999356,"cLTMR","Cplx2",160.54,1000,426
"Ncdn",1.50521198296826e-07,0.159042142463069,0.00011404484198802,0.991479410735596,0.999999999999356,"cLTMR","Cplx2",160.54,1000,426
"Msl1",1.49381674683378e-07,0.155973939084768,0.000112324620893354,0.991543913595397,0.999999999999356,"cLTMR","Cplx2",160.54,1000,426
"Slc12a6",1.48893435382493e-07,0.154653047695801,0.000111591576859583,0.991571550451802,0.999999999999356,"cLTMR","Cplx2",160.54,1000,426
"Mgll",1.48260421655614e-07,0.152934808514242,0.000110644740748059,0.991607382300629,0.999999999999356,"cLTMR","Cplx2",160.54,1000,426
"Fstl1",1.46353171718148e-07,0.147718589638856,0.000107816341558231,0.991715342607216,0.999999999999356,"cLTMR","Cplx2",160.54,1000,426
"Gprasp1",1.46107228476991e-07,0.147041611198552,0.000107454280117135,0.991729264290125,0.999999999999356,"cLTMR","Cplx2",160.54,1000,426
"Fdft1",1.43958607883046e-07,0.141084432936132,0.000104317120407442,0.99185088763982,0.999999999999356,"cLTMR","Cplx2",160.54,1000,426
"Ahnak2",1.42497167450891e-07,0.136987740921644,0.000102209856083213,0.991933613047041,0.999999999999356,"cLTMR","Cplx2",160.54,1000,426
"Serinc3",1.42239538373527e-07,0.136261737026702,0.000101840607661085,0.991948196250738,0.999999999999356,"cLTMR","Cplx2",160.54,1000,426
"Ago2",1.42206105181889e-07,0.136167437016272,0.000101792738321264,0.991950088750993,0.999999999999356,"cLTMR","Cplx2",160.54,1000,426
"Alcam",1.41323057237368e-07,0.133669682607871,0.000100532471994152,0.992000074077725,0.999999999999356,"cLTMR","Cplx2",160.54,1000,426
"Ap2b1",1.41309900259084e-07,0.13363236382482,0.000100513754001408,0.992000818834646,0.999999999999356,"cLTMR","Cplx2",160.54,1000,426
"Plxna4",1.41124418090607e-07,0.133105932674864,0.000100250060185697,0.992011318140451,0.999999999999356,"cLTMR","Cplx2",160.54,1000,426
"Lrrc58",1.40862132531949e-07,0.132360482250789,9.98777687137983e-05,0.992026164940816,0.999999999999356,"cLTMR","Cplx2",160.54,1000,426
"Rplp0",1.39659149866106e-07,0.128925756103874,9.81791124740526e-05,0.992094260389268,0.999999999999356,"cLTMR","Cplx2",160.54,1000,426
"Rpl5",1.3948699076992e-07,0.128432089068874,9.79372091057936e-05,0.992104005547592,0.999999999999356,"cLTMR","Cplx2",160.54,1000,426
"Rps5",1.39036841340309e-07,0.127138751117756,9.73061073626856e-05,0.992129486503964,0.999999999999356,"cLTMR","Cplx2",160.54,1000,426
"Kif1a",1.38631471079327e-07,0.125970920047809,9.67395309125783e-05,0.992152432717705,0.999999999999356,"cLTMR","Cplx2",160.54,1000,426
"Reep1",1.36281936009365e-07,0.11914250206692,9.34882225152405e-05,0.992285429611351,0.999999999999356,"cLTMR","Cplx2",160.54,1000,426
"Napg",1.35731370290638e-07,0.117527465317513,9.27343817320986e-05,0.992316594757354,0.999999999999356,"cLTMR","Cplx2",160.54,1000,426
"Pgk1",1.344328272303e-07,0.113695403986601,9.09684884086004e-05,0.992390099714542,0.999999999999356,"cLTMR","Cplx2",160.54,1000,426
"Lrrn1",1.34232915189229e-07,0.113102570299259,9.06981351802263e-05,0.992401415884131,0.999999999999356,"cLTMR","Cplx2",160.54,1000,426
"Itpkb",1.3383616040765e-07,0.111923705652489,9.01627711362023e-05,0.992423874487798,0.999999999999356,"cLTMR","Cplx2",160.54,1000,426
"Impact",1.33314562191484e-07,0.110369221057925,8.94613598263445e-05,0.992453399957373,0.999999999999356,"cLTMR","Cplx2",160.54,1000,426
"Iqsec2",1.31666910361304e-07,0.105423514358122,8.72636959581862e-05,0.992546666628506,0.999999999999356,"cLTMR","Cplx2",160.54,1000,426
"Crmp1",1.31598101561931e-07,0.105215793562204,8.71725122103459e-05,0.99255056160875,0.999999999999356,"cLTMR","Cplx2",160.54,1000,426
"Spop",1.3127726319377e-07,0.104245982425138,8.67479742776579e-05,0.992568722938086,0.999999999999356,"cLTMR","Cplx2",160.54,1000,426
"Ip6k1",1.31009210757983e-07,0.103434132751048,8.63940780230554e-05,0.992583896277673,0.999999999999356,"cLTMR","Cplx2",160.54,1000,426
"Bcl2l2",1.28935262702197e-07,0.0971030088635647,8.36803971283808e-05,0.992701293988439,0.999999999999356,"cLTMR","Cplx2",160.54,1000,426
"Paip2",1.28690263297832e-07,0.0963492075110831,8.33626846783063e-05,0.992715162412422,0.999999999999356,"cLTMR","Cplx2",160.54,1000,426
"Uhrf1bp1l",1.26632961816509e-07,0.0899692185032194,8.07186413114648e-05,0.992831618003223,0.999999999999356,"cLTMR","Cplx2",160.54,1000,426
"Hspb8",1.26567117111683e-07,0.0897635258793461,8.06347214022208e-05,0.99283534521058,0.999999999999356,"cLTMR","Cplx2",160.54,1000,426
"Gars",1.26463635672746e-07,0.0894400697515427,8.05029211988799e-05,0.992841202884365,0.999999999999356,"cLTMR","Cplx2",160.54,1000,426
"Wbp2",1.26037619744804e-07,0.0881060024365623,7.99614570679174e-05,0.992865317960257,0.999999999999356,"cLTMR","Cplx2",160.54,1000,426
"Pura",1.24714313128526e-07,0.0839366759036924,7.82911931975758e-05,0.992940225152813,0.999999999999356,"cLTMR","Cplx2",160.54,1000,426
"Camk2n1",1.2216650509863e-07,0.0757987584063338,7.51250222189835e-05,0.993084446737955,0.999999999999356,"cLTMR","Cplx2",160.54,1000,426
"Crk",1.21890218662391e-07,0.0749073433436385,7.47856075130493e-05,0.99310008626108,0.999999999999356,"cLTMR","Cplx2",160.54,1000,426
"Nap1l5",1.21338560619548e-07,0.0731221452850668,7.41102010250874e-05,0.993131313530233,0.999999999999356,"cLTMR","Cplx2",160.54,1000,426
"Atp6v0e2",1.19689259755654e-07,0.0677420869309748,7.21091997122758e-05,0.993224674258266,0.999999999999356,"cLTMR","Cplx2",160.54,1000,426
"Plekha6",1.18889295254244e-07,0.0651091064872714,7.11485115638001e-05,0.99326995727795,0.999999999999356,"cLTMR","Cplx2",160.54,1000,426
"Npepps",1.18494318060412e-07,0.0638033497159788,7.06765538705602e-05,0.993292315478113,0.999999999999356,"cLTMR","Cplx2",160.54,1000,426
"Ckap5",1.18492190085621e-07,0.0637963044931679,7.0674015410034e-05,0.99329243593492,0.999999999999356,"cLTMR","Cplx2",160.54,1000,426
"Usp22",1.15743464576918e-07,0.0546018187457306,6.74331224362513e-05,0.99344803127913,0.999999999999356,"cLTMR","Cplx2",160.54,1000,426
"Epb41l3",1.14956082106731e-07,0.0519327100462703,6.65187717472013e-05,0.993492602180443,0.999999999999356,"cLTMR","Cplx2",160.54,1000,426
"Dnajc5",1.12722717079056e-07,0.044273650847864,6.39592276447217e-05,0.993619025084999,0.999999999999356,"cLTMR","Cplx2",160.54,1000,426
"Atrnl1",1.12540767247096e-07,0.043643822622027,6.37529164614542e-05,0.993629324629325,0.999999999999356,"cLTMR","Cplx2",160.54,1000,426
"Tlx3",1.12385667336991e-07,0.0431062305340467,6.3577313288497e-05,0.993638104294215,0.999999999999356,"cLTMR","Cplx2",160.54,1000,426
"S100a10",1.11672260365904e-07,0.0406250702514036,6.27727170881462e-05,0.993678487784242,0.999999999999356,"cLTMR","Cplx2",160.54,1000,426
"Marcks",1.11515016481847e-07,0.0400763203293655,6.25960630743027e-05,0.993687388816385,0.999999999999356,"cLTMR","Cplx2",160.54,1000,426
"Rb1cc1",1.11368006425082e-07,0.0395626696814813,6.24311312934507e-05,0.993695710547688,0.999999999999356,"cLTMR","Cplx2",160.54,1000,426
"Mapt",1.11245780547443e-07,0.0391351611664783,6.22941707294596e-05,0.993702629332778,0.999999999999356,"cLTMR","Cplx2",160.54,1000,426
"Vdac2",1.10859622143731e-07,0.0377817832187167,6.18624479871323e-05,0.993724488430356,0.999999999999356,"cLTMR","Cplx2",160.54,1000,426
"Ppm1l",1.105710530277e-07,0.0367677241107061,6.15408095471456e-05,0.993740823337463,0.999999999999356,"cLTMR","Cplx2",160.54,1000,426
"Got1",1.09680296013458e-07,0.033622798323345,6.05532617110921e-05,0.993791246050918,0.999999999999356,"cLTMR","Cplx2",160.54,1000,426
"Cbl",1.09669927669899e-07,0.0335860598050994,6.05418137597581e-05,0.993791832967594,0.999999999999356,"cLTMR","Cplx2",160.54,1000,426
"Prrt2",1.09475839701892e-07,0.0328977776667865,6.03277160537824e-05,0.99380281962819,0.999999999999356,"cLTMR","Cplx2",160.54,1000,426
"Scd1",1.04376502672519e-07,0.0144190687537496,5.48385288549402e-05,0.994091476190834,0.999999999999356,"cLTMR","Cplx2",160.54,1000,426
"Usp9x",1.03322367378293e-07,0.0105005596849453,5.37364547399625e-05,0.994151147392613,0.999999999999356,"cLTMR","Cplx2",160.54,1000,426
"Als2",9.99026599966625e-08,-0.00245768590669542,5.02382401220921e-05,0.994344726230073,0.999999999999356,"cLTMR","Cplx2",160.54,1000,426
"Srgap3",9.871262484414e-08,-0.00705850522135243,4.90484981819785e-05,0.99441209044129,0.999999999999356,"cLTMR","Cplx2",160.54,1000,426
"Cyb5r3",9.86007153727096e-08,-0.00749366164410599,4.89373496818043e-05,0.994418425292577,0.999999999999356,"cLTMR","Cplx2",160.54,1000,426
"Hspa5",9.82534081127031e-08,-0.00884692119591564,4.85932068787025e-05,0.994438085291553,0.999999999999356,"cLTMR","Cplx2",160.54,1000,426
"Akap6",9.75372300800013e-08,-0.0116507710333481,4.78873880632207e-05,0.994478625944481,0.999999999999356,"cLTMR","Cplx2",160.54,1000,426
"Cacnb3",9.71111037629644e-08,-0.0133276510055998,4.74698756801977e-05,0.994502747661684,0.999999999999356,"cLTMR","Cplx2",160.54,1000,426
"Akirin1",9.52133271038098e-08,-0.0208750791401332,4.56326611541839e-05,0.994610175097929,0.999999999999356,"cLTMR","Cplx2",160.54,1000,426
"Rab14",9.51955317026326e-08,-0.020946473919221,4.56156052303889e-05,0.994611182442602,0.999999999999356,"cLTMR","Cplx2",160.54,1000,426
"Nsf",9.50204059544145e-08,-0.0216497004686718,4.54479267922972e-05,0.994621095790215,0.999999999999356,"cLTMR","Cplx2",160.54,1000,426
"Dpysl5",9.39183968546062e-08,-0.0261011641986075,4.43998655677683e-05,0.994683477265902,0.999999999999356,"cLTMR","Cplx2",160.54,1000,426
"Trim2",9.32875253784361e-08,-0.0286701916254995,4.38053807210013e-05,0.994719189048868,0.999999999999356,"cLTMR","Cplx2",160.54,1000,426
"Lpin1",9.29701393591582e-08,-0.029968418905145,4.35078154387096e-05,0.99473715534405,0.999999999999356,"cLTMR","Cplx2",160.54,1000,426
"Kif1b",9.27229621351823e-08,-0.0309821636910932,4.32767768441289e-05,0.994751147326323,0.999999999999356,"cLTMR","Cplx2",160.54,1000,426
"Scoc",9.23969428931185e-08,-0.0323228965675336,4.29729846112966e-05,0.994769602327928,0.999999999999356,"cLTMR","Cplx2",160.54,1000,426
"Synm",9.22376100501384e-08,-0.0329796539343932,4.28249038637435e-05,0.994778621698032,0.999999999999356,"cLTMR","Cplx2",160.54,1000,426
"Gnas",9.17194009421296e-08,-0.0351225800517397,4.2345058061503e-05,0.994807956017204,0.999999999999356,"cLTMR","Cplx2",160.54,1000,426
"Lhfpl4",9.14097022753089e-08,-0.0364083421743261,4.20595771871809e-05,0.994825487166573,0.999999999999356,"cLTMR","Cplx2",160.54,1000,426
"Ddx6",9.06688358373967e-08,-0.0394997501466048,4.13805627744458e-05,0.994867425491505,0.999999999999356,"cLTMR","Cplx2",160.54,1000,426
"Usp14",9.0422597982184e-08,-0.0405321359041109,4.11561058330072e-05,0.994881364313652,0.999999999999356,"cLTMR","Cplx2",160.54,1000,426
"Ghitm",9.04162048408531e-08,-0.040558972876109,4.11502863253725e-05,0.994881726211155,0.999999999999356,"cLTMR","Cplx2",160.54,1000,426
"Vcp",9.03678693935859e-08,-0.0407619281578644,4.11063011604244e-05,0.994884462343053,0.999999999999356,"cLTMR","Cplx2",160.54,1000,426
"Rpsa",9.02888099322548e-08,-0.0410940957366308,4.10344078986629e-05,0.994888937673942,0.999999999999356,"cLTMR","Cplx2",160.54,1000,426
"Rpl21",8.9623249394968e-08,-0.0439006100134894,4.0431670482558e-05,0.994926613166339,0.999999999999356,"cLTMR","Cplx2",160.54,1000,426
"Pja2",8.94218421515488e-08,-0.0447535038113118,4.02501532679526e-05,0.994938014260799,0.999999999999356,"cLTMR","Cplx2",160.54,1000,426
"Rps3",8.79674267370696e-08,-0.0509630307279479,3.89514912879956e-05,0.99502034463479,0.999999999999356,"cLTMR","Cplx2",160.54,1000,426
"Trappc4",8.65460668579997e-08,-0.0571191278016235,3.77029198990776e-05,0.995100803878944,0.999999999999356,"cLTMR","Cplx2",160.54,1000,426
"Kif3c",8.61932362102732e-08,-0.0586610277047045,3.7396132315496e-05,0.995120776651965,0.999999999999356,"cLTMR","Cplx2",160.54,1000,426
"Armcx2",8.4262647912751e-08,-0.0671972901711547,3.57396683961237e-05,0.995230062002023,0.999999999999356,"cLTMR","Cplx2",160.54,1000,426
"Nefh",8.28408392982556e-08,-0.0735944258645289,3.45437350705889e-05,0.995310546776038,0.999999999999356,"cLTMR","Cplx2",160.54,1000,426
"Vdac1",8.25092486889955e-08,-0.0751002009829792,3.42677491248244e-05,0.995329317238377,0.999999999999356,"cLTMR","Cplx2",160.54,1000,426
"Ppp2r2c",8.22907476098122e-08,-0.0760953353013136,3.40864936649118e-05,0.995341686004657,0.999999999999356,"cLTMR","Cplx2",160.54,1000,426
"Hpcal1",8.20537797370619e-08,-0.0771771996056999,3.38904625408107e-05,0.995355100128382,0.999999999999356,"cLTMR","Cplx2",160.54,1000,426
"Hmgcr",8.18018651465304e-08,-0.0783303143105262,3.36826867025225e-05,0.995369360347658,0.999999999999356,"cLTMR","Cplx2",160.54,1000,426
"Vapb",8.15792557067073e-08,-0.0793518850001784,3.34996130856952e-05,0.995381961681024,0.999999999999356,"cLTMR","Cplx2",160.54,1000,426
"Cdk5r2",8.13752323152553e-08,-0.0802903144859686,3.33322627444403e-05,0.995393510908214,0.999999999999356,"cLTMR","Cplx2",160.54,1000,426
"Rgs8",8.08343628790885e-08,-0.0827881397368747,3.28906421735093e-05,0.995424128108066,0.999999999999356,"cLTMR","Cplx2",160.54,1000,426
"Pacsin1",8.0827951371744e-08,-0.0828178370345916,3.28854248321891e-05,0.995424491046717,0.999999999999356,"cLTMR","Cplx2",160.54,1000,426
"Rpl30",8.04514372203977e-08,-0.0845654404691445,3.25797635110446e-05,0.995445804529104,0.999999999999356,"cLTMR","Cplx2",160.54,1000,426
"Clstn1",7.96271511169582e-08,-0.0884165984788441,3.19155747268227e-05,0.995492465223127,0.999999999999356,"cLTMR","Cplx2",160.54,1000,426
"Slc25a51",7.92453178434103e-08,-0.090212440519831,3.16102213485048e-05,0.995514079817605,0.999999999999356,"cLTMR","Cplx2",160.54,1000,426
"Lasp1",7.90924327911585e-08,-0.0909336213550555,3.14883701484528e-05,0.995522734246089,0.999999999999356,"cLTMR","Cplx2",160.54,1000,426
"Idi1",7.83049697586692e-08,-0.0946676976961826,3.08644801123209e-05,0.995567310505643,0.999999999999356,"cLTMR","Cplx2",160.54,1000,426
"Ywhab",7.76906612866268e-08,-0.0976036503802894,3.03821112632027e-05,0.995602084939917,0.999999999999356,"cLTMR","Cplx2",160.54,1000,426
"Plcxd2",7.74791941389115e-08,-0.0986190275742053,3.02169414883857e-05,0.99561405555721,0.999999999999356,"cLTMR","Cplx2",160.54,1000,426
"Arfgap3",7.52168127327156e-08,-0.109637048627882,2.84780446553826e-05,0.995742123274707,0.999999999999356,"cLTMR","Cplx2",160.54,1000,426
"Pank3",7.51433480276196e-08,-0.109999681900768,2.84224424734256e-05,0.995746281928625,0.999999999999356,"cLTMR","Cplx2",160.54,1000,426
"Cox7a2l",7.33717410947886e-08,-0.118840258494162,2.70980452396173e-05,0.995846568217862,0.999999999999356,"cLTMR","Cplx2",160.54,1000,426
"Gnai2",7.2486395079175e-08,-0.123328706159846,2.64480292939901e-05,0.995896685492009,0.999999999999356,"cLTMR","Cplx2",160.54,1000,426
"Cdk16",7.21495872900914e-08,-0.125048868929027,2.62028189481436e-05,0.995915751362049,0.999999999999356,"cLTMR","Cplx2",160.54,1000,426
"1700020I14Rik",7.1250211405057e-08,-0.129676995874123,2.55536315303203e-05,0.995966662855594,0.999999999999356,"cLTMR","Cplx2",160.54,1000,426
"Ncoa7",7.06554619881808e-08,-0.13276578832353,2.51288025868003e-05,0.996000330190605,0.999999999999356,"cLTMR","Cplx2",160.54,1000,426
"Pfkp",7.02140634213271e-08,-0.135072953695319,2.48158141566094e-05,0.996025316707182,0.999999999999356,"cLTMR","Cplx2",160.54,1000,426
"Gramd1b",6.99751164154841e-08,-0.136327233304144,2.46471990810317e-05,0.996038842926996,0.999999999999356,"cLTMR","Cplx2",160.54,1000,426
"Cckar",6.96224666252015e-08,-0.138185247896914,2.4399398772563e-05,0.996058805592194,0.999999999999356,"cLTMR","Cplx2",160.54,1000,426
"Ublcp1",6.95307118944711e-08,-0.138670032595377,2.43351297182397e-05,0.996063999609497,0.999999999999356,"cLTMR","Cplx2",160.54,1000,426
"Rbms1",6.8656464916522e-08,-0.143317487907181,2.37270196448203e-05,0.996113488662096,0.999999999999356,"cLTMR","Cplx2",160.54,1000,426
"Ccdc74a",6.80124684359699e-08,-0.146774289511013,2.32839891583698e-05,0.996149943788479,0.999999999999356,"cLTMR","Cplx2",160.54,1000,426
"Magee1",6.80118571678915e-08,-0.146777584261323,2.32835706264248e-05,0.996149978390931,0.999999999999356,"cLTMR","Cplx2",160.54,1000,426
"Capzb",6.72413705555635e-08,-0.150951341554772,2.27590131894172e-05,0.99619359383679,0.999999999999356,"cLTMR","Cplx2",160.54,1000,426
"Glud1",6.68189772336316e-08,-0.153257312897772,2.24739785125754e-05,0.996217504540097,0.999999999999356,"cLTMR","Cplx2",160.54,1000,426
"Cd9",6.62535487256e-08,-0.156364269774476,2.20952339422722e-05,0.996249512137848,0.999999999999356,"cLTMR","Cplx2",160.54,1000,426
"Tubb2b",6.62406014436405e-08,-0.156435685632073,2.20865990758516e-05,0.996250245053552,0.999999999999356,"cLTMR","Cplx2",160.54,1000,426
"Susd2",6.61598773250313e-08,-0.156881228035878,2.20328002024712e-05,0.996254814659383,0.999999999999356,"cLTMR","Cplx2",160.54,1000,426
"Hmgb1",6.41598000353128e-08,-0.168075606572721,2.07207903741965e-05,0.996368034452174,0.999999999999356,"cLTMR","Cplx2",160.54,1000,426
"Rufy3",6.34820958393644e-08,-0.171938246666781,2.028536499934e-05,0.996406397750652,0.999999999999356,"cLTMR","Cplx2",160.54,1000,426
"Ntrk3",6.29847176159891e-08,-0.174796202178874,1.99687411268254e-05,0.996434553209833,0.999999999999356,"cLTMR","Cplx2",160.54,1000,426
"Nek1",6.28927775491242e-08,-0.175326661996378,1.9910486124861e-05,0.996439757730096,0.999999999999356,"cLTMR","Cplx2",160.54,1000,426
"Slc38a2",6.27157214841356e-08,-0.176350129986832,1.97985397208307e-05,0.996449780475876,0.999999999999356,"cLTMR","Cplx2",160.54,1000,426
"Rab5a",6.23657448233066e-08,-0.178380645427632,1.95781900730716e-05,0.996469591869472,0.999999999999356,"cLTMR","Cplx2",160.54,1000,426
"Uchl1",6.22246209611457e-08,-0.179202257368369,1.94896855985449e-05,0.996477580575313,0.999999999999356,"cLTMR","Cplx2",160.54,1000,426
"Ogfrl1",6.17981351543199e-08,-0.181695204302239,1.92234376472579e-05,0.996501722984021,0.999999999999356,"cLTMR","Cplx2",160.54,1000,426
"Gnaq",6.16465497685063e-08,-0.182584908731593,1.91292465095493e-05,0.996510303894825,0.999999999999356,"cLTMR","Cplx2",160.54,1000,426
"Rbfox3",6.13072513557988e-08,-0.184583344008833,1.89192538561727e-05,0.996529510823129,0.999999999999356,"cLTMR","Cplx2",160.54,1000,426
"Epm2aip1",6.0868234925468e-08,-0.187183567936406,1.86492654195412e-05,0.99655436256955,0.999999999999356,"cLTMR","Cplx2",160.54,1000,426
"Rusc1",6.08412406249545e-08,-0.187343987570229,1.8632727655809e-05,0.99655589065714,0.999999999999356,"cLTMR","Cplx2",160.54,1000,426
"Syngr3",6.06620604236529e-08,-0.188410392415808,1.85231408140341e-05,0.996566033651975,0.999999999999356,"cLTMR","Cplx2",160.54,1000,426
"Osbpl3",6.01867282104979e-08,-0.191252825360338,1.82339930338849e-05,0.996592941159775,0.999999999999356,"cLTMR","Cplx2",160.54,1000,426
"Cntn1",5.9985225251375e-08,-0.192463741871895,1.81121039359847e-05,0.99660434779886,0.999999999999356,"cLTMR","Cplx2",160.54,1000,426
"Zfand5",5.97009409914244e-08,-0.194178213320737,1.79408355975959e-05,0.996620440506395,0.999999999999356,"cLTMR","Cplx2",160.54,1000,426
"Ralgapa1",5.87142483933404e-08,-0.200184931306393,1.7352710655765e-05,0.996676295017759,0.999999999999356,"cLTMR","Cplx2",160.54,1000,426
"Evi5",5.83424497642208e-08,-0.202471347290778,1.71336399196697e-05,0.996697341729753,0.999999999999356,"cLTMR","Cplx2",160.54,1000,426
"Gpx4",5.80536199035176e-08,-0.204256382836057,1.69644164013305e-05,0.996713691761753,0.999999999999356,"cLTMR","Cplx2",160.54,1000,426
"Rbx1",5.70451088261528e-08,-0.210550969273088,1.63801222846972e-05,0.996770781397359,0.999999999999356,"cLTMR","Cplx2",160.54,1000,426
"Ids",5.6678179715418e-08,-0.212865400504338,1.61700775052967e-05,0.996791552466559,0.999999999999356,"cLTMR","Cplx2",160.54,1000,426
"Nefl",5.64125645913195e-08,-0.214549008012985,1.60188745860312e-05,0.996806588369844,0.999999999999356,"cLTMR","Cplx2",160.54,1000,426
"Nfe2l1",5.59542780965193e-08,-0.217470298467231,1.57596623185898e-05,0.996832530989427,0.999999999999356,"cLTMR","Cplx2",160.54,1000,426
"Arpc1a",5.5546210661766e-08,-0.220089205829003,1.55306340854624e-05,0.996855630818107,0.999999999999356,"cLTMR","Cplx2",160.54,1000,426
"Nsg2",5.45004122970125e-08,-0.226878885489674,1.49513321335446e-05,0.99691483124895,0.999999999999356,"cLTMR","Cplx2",160.54,1000,426
"Ncald",5.42157578007051e-08,-0.228746756455543,1.47955590179258e-05,0.996930944940155,0.999999999999356,"cLTMR","Cplx2",160.54,1000,426
"Cacna2d1",5.41652806905149e-08,-0.229078879955114,1.47680212899634e-05,0.996933802343127,0.999999999999356,"cLTMR","Cplx2",160.54,1000,426
"Fbxw11",5.39542806524624e-08,-0.230470142222891,1.46531881811698e-05,0.996945746611629,0.999999999999356,"cLTMR","Cplx2",160.54,1000,426
"Rps24",5.38754082245124e-08,-0.230991426745539,1.46103783144412e-05,0.996950211414112,0.999999999999356,"cLTMR","Cplx2",160.54,1000,426
"Cadm1",5.38490989431496e-08,-0.231165459352471,1.45961122620346e-05,0.996951700727292,0.999999999999356,"cLTMR","Cplx2",160.54,1000,426
"Pde1c",5.35349037638148e-08,-0.233249610399036,1.44262803030242e-05,0.996969486657536,0.999999999999356,"cLTMR","Cplx2",160.54,1000,426
"Zdhhc2",5.3428395351996e-08,-0.233958550077396,1.43689348468155e-05,0.996975515875726,0.999999999999356,"cLTMR","Cplx2",160.54,1000,426
"Rps21",5.26306527171521e-08,-0.239308276873785,1.39430513201439e-05,0.997020674421472,0.999999999999356,"cLTMR","Cplx2",160.54,1000,426
"Sorl1",5.21541171316126e-08,-0.242538022569162,1.36917042571374e-05,0.997047650111048,0.999999999999356,"cLTMR","Cplx2",160.54,1000,426
"Prkaca",5.15351207206589e-08,-0.246772208879016,1.33686301692565e-05,0.997082690217046,0.999999999999356,"cLTMR","Cplx2",160.54,1000,426
"Grik1",5.14888200617755e-08,-0.247090715822478,1.33446194238341e-05,0.997085311201768,0.999999999999356,"cLTMR","Cplx2",160.54,1000,426
"Pcsk1n",5.04282028711607e-08,-0.2544565475997,1.28005106804224e-05,0.997145350560058,0.999999999999356,"cLTMR","Cplx2",160.54,1000,426
"Mycbp2",4.97812593876589e-08,-0.259016532373529,1.24741818924047e-05,0.997181972708355,0.999999999999356,"cLTMR","Cplx2",160.54,1000,426
"Zfr",4.97562490317627e-08,-0.259193860279314,1.24616508571766e-05,0.997183388493602,0.999999999999356,"cLTMR","Cplx2",160.54,1000,426
"Cd44",4.916529275879e-08,-0.263406782804972,1.21673940371364e-05,0.997216841325743,0.999999999999356,"cLTMR","Cplx2",160.54,1000,426
"Lrfn5",4.88657232081999e-08,-0.265559417834215,1.20195712164116e-05,0.997233799350313,0.999999999999356,"cLTMR","Cplx2",160.54,1000,426
"Rian",4.88115544802141e-08,-0.265949897591862,1.19929380686731e-05,0.997236865732254,0.999999999999356,"cLTMR","Cplx2",160.54,1000,426
"Gnb2",4.87769209057176e-08,-0.266199755993267,1.19759252542878e-05,0.997238826268758,0.999999999999356,"cLTMR","Cplx2",160.54,1000,426
"Tm9sf3",4.87423922832969e-08,-0.266449012319452,1.19589760154553e-05,0.997240780864154,0.999999999999356,"cLTMR","Cplx2",160.54,1000,426
"Tfrc",4.86255942065855e-08,-0.267293308580824,1.19017317226824e-05,0.997247392566886,0.999999999999356,"cLTMR","Cplx2",160.54,1000,426
"Rpl18a",4.80843545770721e-08,-0.271229151075851,1.16382557266012e-05,0.997278031049344,0.999999999999356,"cLTMR","Cplx2",160.54,1000,426
"Ankrd50",4.79210974930867e-08,-0.272423975941925,1.15593609509151e-05,0.997287272703981,0.999999999999356,"cLTMR","Cplx2",160.54,1000,426
"Aldoa",4.66213957901793e-08,-0.282065652203046,1.094084478798e-05,0.99736084621196,0.999999999999356,"cLTMR","Cplx2",160.54,1000,426
"Ptms",4.64057585676955e-08,-0.283688101076569,1.0839869807172e-05,0.997373053005039,0.999999999999356,"cLTMR","Cplx2",160.54,1000,426
"Elovl7",4.53146437539863e-08,-0.292000521156285,1.03361178844049e-05,0.997434818847795,0.999999999999356,"cLTMR","Cplx2",160.54,1000,426
"Bcas2",4.49469119948638e-08,-0.294841618056117,1.01690418080284e-05,0.997455635415881,0.999999999999356,"cLTMR","Cplx2",160.54,1000,426
"Isl1",4.45344272574587e-08,-0.298052861591777,9.98325251901706e-06,0.997478985363677,0.999999999999356,"cLTMR","Cplx2",160.54,1000,426
"Coro2b",4.39825184163444e-08,-0.302390627947431,9.7373437109485e-06,0.997510227838491,0.999999999999356,"cLTMR","Cplx2",160.54,1000,426
"Arl8a",4.39133055232422e-08,-0.302937978990572,9.70672156948745e-06,0.997514145844614,0.999999999999356,"cLTMR","Cplx2",160.54,1000,426
"Ldlr",4.37973986966066e-08,-0.303856294502327,9.6555484458674e-06,0.997520707102862,0.999999999999356,"cLTMR","Cplx2",160.54,1000,426
"Rps6",4.37101744367774e-08,-0.304548769494482,9.61712792519644e-06,0.997525644697339,0.999999999999356,"cLTMR","Cplx2",160.54,1000,426
"Actr1b",4.36875522799775e-08,-0.304728565311729,9.60717583144866e-06,0.997526925293334,0.999999999999356,"cLTMR","Cplx2",160.54,1000,426
"Vps13d",4.3549070448291e-08,-0.305830972673521,9.54636625801497e-06,0.997534764478775,0.999999999999356,"cLTMR","Cplx2",160.54,1000,426
"Sept3",4.34710568392547e-08,-0.30645336870434,9.51219425803616e-06,0.99753918067659,0.999999999999356,"cLTMR","Cplx2",160.54,1000,426
"Scg3",4.29248712722875e-08,-0.31083853401616,9.27466680727511e-06,0.99757009917532,0.999999999999356,"cLTMR","Cplx2",160.54,1000,426
"Araf",4.2743941357316e-08,-0.312301971473806,9.19664546091079e-06,0.997580341265418,0.999999999999356,"cLTMR","Cplx2",160.54,1000,426
"Eno2",4.19269541973999e-08,-0.318978593040927,8.84844471429669e-06,0.997626589322273,0.999999999999356,"cLTMR","Cplx2",160.54,1000,426
"Dnm1l",4.10610061313402e-08,-0.326181196939086,8.4867124466003e-06,0.997675608969664,0.999999999999356,"cLTMR","Cplx2",160.54,1000,426
"Elavl4",4.07482323389588e-08,-0.328815530834428,8.35791328987006e-06,0.997693314492077,0.999999999999356,"cLTMR","Cplx2",160.54,1000,426
"Tac1",4.07431466249835e-08,-0.328858511671072,8.35582714765299e-06,0.997693602384566,0.999999999999356,"cLTMR","Cplx2",160.54,1000,426
"Rheb",4.01215576183557e-08,-0.334147547860645,8.10281426126068e-06,0.997728789345301,0.999999999999356,"cLTMR","Cplx2",160.54,1000,426
"Dync1h1",4.00073571780325e-08,-0.335127080996413,8.05675283800565e-06,0.997735254013541,0.999999999999356,"cLTMR","Cplx2",160.54,1000,426
"Atxn7l3b",3.96445310300743e-08,-0.338255527012722,7.91128232606016e-06,0.997755792907972,0.999999999999356,"cLTMR","Cplx2",160.54,1000,426
"Ivns1abp",3.95229915527048e-08,-0.339309114911843,7.86284895110401e-06,0.997762673025708,0.999999999999356,"cLTMR","Cplx2",160.54,1000,426
"Dnaja2",3.9221400501315e-08,-0.341935851482701,7.74330753414737e-06,0.997779745519962,0.999999999999356,"cLTMR","Cplx2",160.54,1000,426
"Nyap1",3.91421880663644e-08,-0.342628699561376,7.71206199715527e-06,0.997784229585007,0.999999999999356,"cLTMR","Cplx2",160.54,1000,426
"Napa",3.88267764068117e-08,-0.345399779271871,7.58827363311654e-06,0.997802084438896,0.999999999999356,"cLTMR","Cplx2",160.54,1000,426
"Acot7",3.8721496280584e-08,-0.346329127839588,7.54717770061396e-06,0.997808044146763,0.999999999999356,"cLTMR","Cplx2",160.54,1000,426
"Pirt",3.81324088958254e-08,-0.351570535111898,7.31928732913539e-06,0.997841391266333,0.999999999999356,"cLTMR","Cplx2",160.54,1000,426
"Kcnip4",3.80497282303451e-08,-0.352311866588279,7.28758162308464e-06,0.997846071662295,0.999999999999356,"cLTMR","Cplx2",160.54,1000,426
"Nkain3",3.758156967244e-08,-0.356536340121763,7.1093540744922e-06,0.997872573233443,0.999999999999356,"cLTMR","Cplx2",160.54,1000,426
"Rpl37a",3.75065027825348e-08,-0.357218006508371,7.08098143808829e-06,0.997876822628424,0.999999999999356,"cLTMR","Cplx2",160.54,1000,426
"Fxyd6",3.64506814930909e-08,-0.366934818606882,6.68792845504262e-06,0.997936590685536,0.999999999999356,"cLTMR","Cplx2",160.54,1000,426
"Cpne3",3.62559966335244e-08,-0.368753445977164,6.61667813907145e-06,0.997947611430493,0.999999999999356,"cLTMR","Cplx2",160.54,1000,426
"Rps3a1",3.58462542385338e-08,-0.372609189814436,6.4679681855389e-06,0.997970806180674,0.999999999999356,"cLTMR","Cplx2",160.54,1000,426
"Bmpr2",3.5705770571801e-08,-0.373940074167375,6.41737080008004e-06,0.99797875869854,0.999999999999356,"cLTMR","Cplx2",160.54,1000,426
"1110032F04Rik",3.56896727913431e-08,-0.374092871324296,6.41158562097775e-06,0.997979669963824,0.999999999999356,"cLTMR","Cplx2",160.54,1000,426
"Lxn",3.56213125914682e-08,-0.374742408451604,6.38704756939107e-06,0.997983539707085,0.999999999999356,"cLTMR","Cplx2",160.54,1000,426
"Robo2",3.54149857722566e-08,-0.37670951851718,6.31327136307678e-06,0.997995219483318,0.999999999999356,"cLTMR","Cplx2",160.54,1000,426
"Rpl37",3.51318931342737e-08,-0.379424946642409,6.21274344376827e-06,0.998011244830007,0.999999999999356,"cLTMR","Cplx2",160.54,1000,426
"Ddx5",3.50474032285156e-08,-0.38023909685155,6.18289689299993e-06,0.99801602764628,0.999999999999356,"cLTMR","Cplx2",160.54,1000,426
"Magi3",3.48497349102069e-08,-0.382150593365566,6.11335015327856e-06,0.998027217282064,0.999999999999356,"cLTMR","Cplx2",160.54,1000,426
"Ensa",3.46448101220192e-08,-0.384142336524959,6.04166560967259e-06,0.998038817693519,0.999999999999356,"cLTMR","Cplx2",160.54,1000,426
"Stt3b",3.30534440315753e-08,-0.399971507658037,5.49938024679594e-06,0.99812890198464,0.999999999999356,"cLTMR","Cplx2",160.54,1000,426
"Srp54a",3.28279986356851e-08,-0.402267849102547,5.42461757990761e-06,0.998141664033492,0.999999999999356,"cLTMR","Cplx2",160.54,1000,426
"Ppp3r1",3.2749514693583e-08,-0.403070520138609,5.39871064304007e-06,0.998146106865089,0.999999999999356,"cLTMR","Cplx2",160.54,1000,426
"Eif4a1",3.2743501574487e-08,-0.403132087138109,5.39672831688344e-06,0.998146447256703,0.999999999999356,"cLTMR","Cplx2",160.54,1000,426
"Cab39",3.22423004283401e-08,-0.408299004291563,5.23277853162706e-06,0.998174819333045,0.999999999999356,"cLTMR","Cplx2",160.54,1000,426
"Slc30a9",3.18132805716176e-08,-0.412778116379948,5.09444907153127e-06,0.998199105361,0.999999999999356,"cLTMR","Cplx2",160.54,1000,426
"Gaa",3.13968428393329e-08,-0.417176874557215,4.96194872174304e-06,0.998222679139543,0.999999999999356,"cLTMR","Cplx2",160.54,1000,426
"Gnb1",3.11914227933782e-08,-0.41936558497616,4.89723206809346e-06,0.998234307593294,0.999999999999356,"cLTMR","Cplx2",160.54,1000,426
"Cs",3.10476484371279e-08,-0.42090501285102,4.85218932318255e-06,0.998242446397325,0.999999999999356,"cLTMR","Cplx2",160.54,1000,426
"Ttbk2",3.02398440085442e-08,-0.429672564641311,4.60298337955755e-06,0.998288174735789,0.999999999999356,"cLTMR","Cplx2",160.54,1000,426
"Ccser2",2.91543422172274e-08,-0.441783716012197,4.27845342087661e-06,0.998349623025363,0.999999999999356,"cLTMR","Cplx2",160.54,1000,426
"Cdc42bpa",2.90087337158555e-08,-0.443438297582616,4.23582351127654e-06,0.998357865659549,0.999999999999356,"cLTMR","Cplx2",160.54,1000,426
"Cend1",2.88697361161639e-08,-0.445024573959849,4.19532820805987e-06,0.998365734062698,0.999999999999356,"cLTMR","Cplx2",160.54,1000,426
"Rab21",2.88515866704136e-08,-0.445232194738239,4.1900549386986e-06,0.998366761470064,0.999999999999356,"cLTMR","Cplx2",160.54,1000,426
"Fnbp1",2.88465747578494e-08,-0.445289548768033,4.1885993262068e-06,0.998367045185389,0.999999999999356,"cLTMR","Cplx2",160.54,1000,426
"Dpp6",2.86419600593025e-08,-0.447638567512303,4.12938887345114e-06,0.998378628054356,0.999999999999356,"cLTMR","Cplx2",160.54,1000,426
"Hnrnpa2b1",2.83823642121093e-08,-0.450640075098252,4.05487481776557e-06,0.998393323307456,0.999999999999356,"cLTMR","Cplx2",160.54,1000,426
"Atxn10",2.82687363879417e-08,-0.451961455712194,4.02247270300537e-06,0.998399755573988,0.999999999999356,"cLTMR","Cplx2",160.54,1000,426
"Actr3",2.7864564885797e-08,-0.456699677743837,3.90827257609832e-06,0.99842263499583,0.999999999999356,"cLTMR","Cplx2",160.54,1000,426
"Myadm",2.77415421506956e-08,-0.458153887722872,3.87383851995317e-06,0.998429599091869,0.999999999999356,"cLTMR","Cplx2",160.54,1000,426
"Dusp3",2.77178421335886e-08,-0.458434687758399,3.86722239015443e-06,0.998430940707277,0.999999999999356,"cLTMR","Cplx2",160.54,1000,426
"Ube2d2a",2.76372825641651e-08,-0.459390743638658,3.84477554640793e-06,0.998435501039866,0.999999999999356,"cLTMR","Cplx2",160.54,1000,426
"Noct",2.73840683369103e-08,-0.462411824426393,3.77464622018711e-06,0.998449835042985,0.999999999999356,"cLTMR","Cplx2",160.54,1000,426
"Rap2a",2.73689757571037e-08,-0.462592666265505,3.77048661544895e-06,0.998450689406867,0.999999999999356,"cLTMR","Cplx2",160.54,1000,426
"Rps8",2.73196952125784e-08,-0.463183764317023,3.75692057270907e-06,0.998453479090143,0.999999999999356,"cLTMR","Cplx2",160.54,1000,426
"Ube2v2",2.72856409826271e-08,-0.463592776692045,3.74756034393979e-06,0.99845540683906,0.999999999999356,"cLTMR","Cplx2",160.54,1000,426
"Selenot",2.58394815623235e-08,-0.481389807617546,3.36084052524469e-06,0.998537271339851,0.999999999999356,"cLTMR","Cplx2",160.54,1000,426
"Gm10053",2.51473566756366e-08,-0.49021882487067,3.18320784830337e-06,0.998576451298502,0.999999999999356,"cLTMR","Cplx2",160.54,1000,426
"Socs7",2.46367816079146e-08,-0.49686970471515,3.05526061136494e-06,0.998605354047055,0.999999999999356,"cLTMR","Cplx2",160.54,1000,426
"Klf7",2.44209973628152e-08,-0.49971700047369,3.00197524838694e-06,0.998617569210808,0.999999999999356,"cLTMR","Cplx2",160.54,1000,426
"Kcnd1",2.40293676402225e-08,-0.504941491992293,2.90646433202398e-06,0.998639738676274,0.999999999999356,"cLTMR","Cplx2",160.54,1000,426
"Isl2",2.38207588820794e-08,-0.507755000227631,2.85621897438319e-06,0.998651547649293,0.999999999999356,"cLTMR","Cplx2",160.54,1000,426
"Tmx2",2.33612891197275e-08,-0.514028967155496,2.74709654211138e-06,0.998677557421327,0.999999999999356,"cLTMR","Cplx2",160.54,1000,426
"Cdkn1a",2.3085006285873e-08,-0.517853903704276,2.68250356591164e-06,0.998693197305442,0.999999999999356,"cLTMR","Cplx2",160.54,1000,426
"Clta",2.26896369629064e-08,-0.523398009840754,2.59140568997967e-06,0.998715578466617,0.999999999999356,"cLTMR","Cplx2",160.54,1000,426
"Tnks",2.25700100105815e-08,-0.525092204305044,2.56415230102827e-06,0.998722350337939,0.999999999999356,"cLTMR","Cplx2",160.54,1000,426
"Eml2",2.23981493810943e-08,-0.527539998479697,2.5252512062642e-06,0.998732079065996,0.999999999999356,"cLTMR","Cplx2",160.54,1000,426
"Gmfb",2.22773672212634e-08,-0.529270172024402,2.49808977268698e-06,0.998738916331809,0.999999999999356,"cLTMR","Cplx2",160.54,1000,426
"Pdzd8",2.22494132368136e-08,-0.529671778947307,2.49182442282718e-06,0.998740498757758,0.999999999999356,"cLTMR","Cplx2",160.54,1000,426
"Vamp4",2.17877947397578e-08,-0.536368602954388,2.38949906014911e-06,0.998766630170586,0.999999999999356,"cLTMR","Cplx2",160.54,1000,426
"Synpr",2.16297144589358e-08,-0.53869056478682,2.35495105963493e-06,0.998775578818107,0.999999999999356,"cLTMR","Cplx2",160.54,1000,426
"Ebf1",2.104738943923e-08,-0.54737459210965,2.229855842895e-06,0.998808543217749,0.999999999999356,"cLTMR","Cplx2",160.54,1000,426
"Ube3a",2.09770046173021e-08,-0.548438462990293,2.21496700539382e-06,0.998812527579405,0.999999999999356,"cLTMR","Cplx2",160.54,1000,426
"Mef2a",2.07637383635746e-08,-0.551681238729103,2.17015827601549e-06,0.998824600209174,0.999999999999356,"cLTMR","Cplx2",160.54,1000,426
"Cox6a1",2.06463450278826e-08,-0.553478736306894,2.14568850744677e-06,0.998831245640783,0.999999999999356,"cLTMR","Cplx2",160.54,1000,426
"Mfhas1",2.05026014538822e-08,-0.555691961854441,2.11591517319028e-06,0.998839382713451,0.999999999999356,"cLTMR","Cplx2",160.54,1000,426
"Rraga",1.96717945274896e-08,-0.56875743313786,1.94790724428618e-06,0.998886413244841,0.999999999999356,"cLTMR","Cplx2",160.54,1000,426
"Glyr1",1.95629471967557e-08,-0.570504928174859,1.92641068786036e-06,0.998892574902722,0.999999999999356,"cLTMR","Cplx2",160.54,1000,426
"Sult4a1",1.95622087251199e-08,-0.570516813127113,1.92626525243213e-06,0.998892616706316,0.999999999999356,"cLTMR","Cplx2",160.54,1000,426
"Wdr1",1.90505214049256e-08,-0.578848167094486,1.82681280424162e-06,0.998921582435506,0.999999999999356,"cLTMR","Cplx2",160.54,1000,426
"Morf4l1",1.90132625994386e-08,-0.579462463739743,1.81967407021702e-06,0.998923691591734,0.999999999999356,"cLTMR","Cplx2",160.54,1000,426
"Ctsd",1.88532220605204e-08,-0.582113175979944,1.78916947208078e-06,0.998932751208601,0.999999999999356,"cLTMR","Cplx2",160.54,1000,426
"Diablo",1.87068009220228e-08,-0.584555673848936,1.76148667671439e-06,0.998941039854991,0.999999999999356,"cLTMR","Cplx2",160.54,1000,426
"Brap",1.84520260503438e-08,-0.588845948503421,1.71383272713781e-06,0.998955462218334,0.999999999999356,"cLTMR","Cplx2",160.54,1000,426
"Arl2bp",1.82662875267481e-08,-0.592006586108419,1.6795034207146e-06,0.998965976554034,0.999999999999356,"cLTMR","Cplx2",160.54,1000,426
"Actr1a",1.82648178573186e-08,-0.592031707178417,1.6792331725284e-06,0.998966059749472,0.999999999999356,"cLTMR","Cplx2",160.54,1000,426
"Rps14",1.79738692669949e-08,-0.597040193942166,1.6261607359875e-06,0.998982529844949,0.999999999999356,"cLTMR","Cplx2",160.54,1000,426
"Cd47",1.78469749872528e-08,-0.599246916205912,1.6032806224029e-06,0.998989713110351,0.999999999999356,"cLTMR","Cplx2",160.54,1000,426
"Mtch1",1.73352225859496e-08,-0.608288572720246,1.51265246171547e-06,0.999018682528284,0.999999999999356,"cLTMR","Cplx2",160.54,1000,426
"Meg3",1.72496194100944e-08,-0.609823834360906,1.49775006959017e-06,0.999023528376074,0.999999999999356,"cLTMR","Cplx2",160.54,1000,426
"Clip3",1.7076511310146e-08,-0.612949013563704,1.46783964657132e-06,0.999033327726444,0.999999999999356,"cLTMR","Cplx2",160.54,1000,426
"Chmp3",1.70096076312387e-08,-0.614164304097129,1.45636054580512e-06,0.999037115028122,0.999999999999356,"cLTMR","Cplx2",160.54,1000,426
"Ppp2ca",1.66982566183832e-08,-0.619875730642731,1.40353283000629e-06,0.999054740071344,0.999999999999356,"cLTMR","Cplx2",160.54,1000,426
"Scn1b",1.65605522638702e-08,-0.622431649665517,1.38047944629163e-06,0.999062535277224,0.999999999999356,"cLTMR","Cplx2",160.54,1000,426
"H2afy",1.64480824072724e-08,-0.624533073112595,1.36179225565087e-06,0.999068902001789,0.999999999999356,"cLTMR","Cplx2",160.54,1000,426
"Ogdh",1.6223311694661e-08,-0.628770836067469,1.32482751167599e-06,0.999081625884265,0.999999999999356,"cLTMR","Cplx2",160.54,1000,426
"Pdpk1",1.61252258272146e-08,-0.630636292561585,1.30885616995554e-06,0.999087178356169,0.999999999999356,"cLTMR","Cplx2",160.54,1000,426
"Rps4x",1.60597315857543e-08,-0.631887455973671,1.2982456572662e-06,0.999090885872322,0.999999999999356,"cLTMR","Cplx2",160.54,1000,426
"Mtfr1l",1.54776475958762e-08,-0.643208489075549,1.20584148784973e-06,0.999123836644828,0.999999999999356,"cLTMR","Cplx2",160.54,1000,426
"Tm9sf2",1.54764486826498e-08,-0.643232189977378,1.20565468384e-06,0.999123904513243,0.999999999999356,"cLTMR","Cplx2",160.54,1000,426
"Atp5a1",1.54023729130146e-08,-0.644699703988918,1.19414092299359e-06,0.999128097815136,0.999999999999356,"cLTMR","Cplx2",160.54,1000,426
"Armcx1",1.52166122554769e-08,-0.648407239128295,1.16551069241217e-06,0.999138613406518,0.999999999999356,"cLTMR","Cplx2",160.54,1000,426
"Nckap1",1.50454112511015e-08,-0.651859536141908,1.13943207361279e-06,0.999148304801104,0.999999999999356,"cLTMR","Cplx2",160.54,1000,426
"Myl12b",1.47915628942977e-08,-0.657042449950949,1.10130710909767e-06,0.999162674720482,0.999999999999356,"cLTMR","Cplx2",160.54,1000,426
"Lats2",1.47010866688626e-08,-0.658908623206062,1.08787548347809e-06,0.999167796424235,0.999999999999356,"cLTMR","Cplx2",160.54,1000,426
"Hmbox1",1.46862131407473e-08,-0.659216370830607,1.0856753248391e-06,0.999168638389124,0.999999999999356,"cLTMR","Cplx2",160.54,1000,426
"Ncor1",1.46335647836194e-08,-0.660307918972847,1.07790523904854e-06,0.999171618722231,0.999999999999356,"cLTMR","Cplx2",160.54,1000,426
"Ppp1r2",1.38327965572533e-08,-0.677349937103505,9.63164113976421e-07,0.999216948838114,0.999999999999356,"cLTMR","Cplx2",160.54,1000,426
"Rpl4",1.36370098992313e-08,-0.681648222440568,9.36092197187593e-07,0.999228031985417,0.999999999999356,"cLTMR","Cplx2",160.54,1000,426
"Dgkz",1.35969745063584e-08,-0.682533822381604,9.3060392561968e-07,0.999230298320441,0.999999999999356,"cLTMR","Cplx2",160.54,1000,426
"Eml1",1.34533902980861e-08,-0.685728908162195,9.11053324374969e-07,0.99923842637661,0.999999999999356,"cLTMR","Cplx2",160.54,1000,426
"H2-Q4",1.34322991288807e-08,-0.68620075527191,9.08199007750108e-07,0.999239620311591,0.999999999999356,"cLTMR","Cplx2",160.54,1000,426
"Ndrg4",1.30758606480632e-08,-0.694274932967656,8.6063871958967e-07,0.999259797684025,0.999999999999356,"cLTMR","Cplx2",160.54,1000,426
"Rnf187",1.27533579651118e-08,-0.701748643624025,8.18708714637502e-07,0.999278054009424,0.999999999999356,"cLTMR","Cplx2",160.54,1000,426
"Cd34",1.24782455071496e-08,-0.708256435582147,7.83767707282482e-07,0.999293627655523,0.999999999999356,"cLTMR","Cplx2",160.54,1000,426
"Sucla2",1.23574665901325e-08,-0.711153329826952,7.68668711579236e-07,0.999300464743698,0.999999999999356,"cLTMR","Cplx2",160.54,1000,426
"Slc24a2",1.19973977791417e-08,-0.719939593877796,7.24526759635418e-07,0.999320847624316,0.999999999999356,"cLTMR","Cplx2",160.54,1000,426
"Tspyl1",1.1957840214809e-08,-0.720918926634806,7.19756847857231e-07,0.99932308691052,0.999999999999356,"cLTMR","Cplx2",160.54,1000,426
"Fam8a1",1.19177457579474e-08,-0.721914457870661,7.14938272141911e-07,0.9993253565893,0.999999999999356,"cLTMR","Cplx2",160.54,1000,426
"Cpe",1.15899039259823e-08,-0.730166832480333,6.76145225223033e-07,0.999343915156132,0.999999999999356,"cLTMR","Cplx2",160.54,1000,426
"Grk2",1.14185978319596e-08,-0.734560764864697,6.56305234436548e-07,0.999353612502019,0.999999999999356,"cLTMR","Cplx2",160.54,1000,426
"Hspa4l",1.12373605801974e-08,-0.739272881245811,6.35636674409615e-07,0.999363872033917,0.999999999999356,"cLTMR","Cplx2",160.54,1000,426
"Fam122b",1.11010407782662e-08,-0.742861323749522,6.2030846765339e-07,0.999371588865613,0.999999999999356,"cLTMR","Cplx2",160.54,1000,426
"Fbxo9",1.10451322052024e-08,-0.744344240595734,6.14076037650753e-07,0.999374753754682,0.999999999999356,"cLTMR","Cplx2",160.54,1000,426
"Map1b",1.08718052355371e-08,-0.748983815702378,5.94954345331433e-07,0.999384565499197,0.999999999999356,"cLTMR","Cplx2",160.54,1000,426
"6820431F20Rik",1.078883539792e-08,-0.751227755982998,5.85908027315816e-07,0.99938926228041,0.999999999999356,"cLTMR","Cplx2",160.54,1000,426
"Dcaf7",1.06192822461765e-08,-0.755860875730013,5.67636928625663e-07,0.999398860395654,0.999999999999356,"cLTMR","Cplx2",160.54,1000,426
"Hras",1.0452702469054e-08,-0.76047642718169,5.499680888316e-07,0.999408290193307,0.999999999999356,"cLTMR","Cplx2",160.54,1000,426
"Mbnl2",1.01314247111033e-08,-0.769563713974861,5.16679649801119e-07,0.999426477180582,0.999999999999356,"cLTMR","Cplx2",160.54,1000,426
"Nrxn2",1.0021678005316e-08,-0.772725902103712,5.05546610935764e-07,0.999432689754949,0.999999999999356,"cLTMR","Cplx2",160.54,1000,426
"Taok1",9.68275996165334e-09,-0.782686982420166,4.71931151101247e-07,0.999451875329214,0.999999999999356,"cLTMR","Cplx2",160.54,1000,426
"Atp1a1",9.67690610357177e-09,-0.782861704835142,4.71360697449057e-07,0.99945220670617,0.999999999999356,"cLTMR","Cplx2",160.54,1000,426
"Grb2",9.55604665027435e-09,-0.786489939583872,4.59660130556509e-07,0.99945904835443,0.999999999999356,"cLTMR","Cplx2",160.54,1000,426
"Map2k1",9.41560767402481e-09,-0.790756908687501,4.46248759712621e-07,0.99946699836626,0.999999999999356,"cLTMR","Cplx2",160.54,1000,426
"Rpl6",9.40861381012134e-09,-0.79097086096062,4.45586063460147e-07,0.999467394277014,0.999999999999356,"cLTMR","Cplx2",160.54,1000,426
"Zbtb7a",9.3580319478239e-09,-0.792522402094165,4.40807891395588e-07,0.999470257630311,0.999999999999356,"cLTMR","Cplx2",160.54,1000,426
"Sae1",9.34843132524015e-09,-0.792817721274615,4.39903885221701e-07,0.999470801105247,0.999999999999356,"cLTMR","Cplx2",160.54,1000,426
"Rab3c",9.17549580391232e-09,-0.798183408874425,4.23778964615405e-07,0.999480590691383,0.999999999999356,"cLTMR","Cplx2",160.54,1000,426
"Rab6b",9.06533668460982e-09,-0.801647802166595,4.13664441204544e-07,0.999486826612066,0.999999999999356,"cLTMR","Cplx2",160.54,1000,426
"Akt1",8.91947704607511e-09,-0.806292253346332,4.00459958537936e-07,0.999495083478567,0.999999999999356,"cLTMR","Cplx2",160.54,1000,426
"Ldb2",8.18499759143488e-09,-0.830744888908243,3.37223184751027e-07,0.999536661114322,0.999999999999356,"cLTMR","Cplx2",160.54,1000,426
"Lamp1",8.16023305224896e-09,-0.831602453714784,3.35185665982218e-07,0.999538062992891,0.999999999999356,"cLTMR","Cplx2",160.54,1000,426
"Atp5d",8.10439349173957e-09,-0.833544522415825,3.3061408517312e-07,0.999541223975726,0.999999999999356,"cLTMR","Cplx2",160.54,1000,426
"Tcf25",8.00667669207717e-09,-0.836971501191087,3.22689547431851e-07,0.999546755558076,0.999999999999356,"cLTMR","Cplx2",160.54,1000,426
"Prrxl1",7.93261028771144e-09,-0.839593597194933,3.16747029984286e-07,0.999550948331663,0.999999999999356,"cLTMR","Cplx2",160.54,1000,426
"Slc25a4",7.86663659566254e-09,-0.84194735672094,3.11500314814314e-07,0.999554682990535,0.999999999999356,"cLTMR","Cplx2",160.54,1000,426
"Stat3",7.86265251754832e-09,-0.842090051800929,3.1118487445873e-07,0.999554908522444,0.999999999999356,"cLTMR","Cplx2",160.54,1000,426
"Ube2b",7.74415139900637e-09,-0.846363623333658,3.01875580647352e-07,0.999561616669914,0.999999999999356,"cLTMR","Cplx2",160.54,1000,426
"Scn11a",7.18068090894273e-09,-0.867505220910745,2.59544344573102e-07,0.999593513779734,0.999999999999356,"cLTMR","Cplx2",160.54,1000,426
"Hspa8",7.05192758854688e-09,-0.872539888927091,2.50320260458098e-07,0.999600802287162,0.999999999999356,"cLTMR","Cplx2",160.54,1000,426
"Rab18",7.04744711131991e-09,-0.87271653856283,2.50002277064244e-07,0.999601055919391,0.999999999999356,"cLTMR","Cplx2",160.54,1000,426
"Klhl9",6.96514189696814e-09,-0.875979214414119,2.44196958609642e-07,0.999605715078213,0.999999999999356,"cLTMR","Cplx2",160.54,1000,426
"Sv2a",6.8710538112978e-09,-0.879750699736682,2.37644087249e-07,0.999611041245445,0.999999999999356,"cLTMR","Cplx2",160.54,1000,426
"Rangap1",6.73471973572358e-09,-0.885296847502697,2.28307074114787e-07,0.999618758886672,0.999999999999356,"cLTMR","Cplx2",160.54,1000,426
"Tmem65",6.71878719553679e-09,-0.885951409908351,2.27228125298062e-07,0.999619660800803,0.999999999999356,"cLTMR","Cplx2",160.54,1000,426
"Spcs2",6.71236207222061e-09,-0.886215761227294,2.26793740161229e-07,0.999620024516158,0.999999999999356,"cLTMR","Cplx2",160.54,1000,426
"Cask",6.63998826491769e-09,-0.889208909915852,2.21929450235833e-07,0.99962412147489,0.999999999999356,"cLTMR","Cplx2",160.54,1000,426
"Pak3",6.39502920317612e-09,-0.899556743214313,2.05856875973707e-07,0.999637988192831,0.999999999999356,"cLTMR","Cplx2",160.54,1000,426
"Adam22",6.30755893426265e-09,-0.90333619796925,2.00264028283939e-07,0.999642939736755,0.999999999999356,"cLTMR","Cplx2",160.54,1000,426
"Ppm1a",6.27770774117066e-09,-0.904636556356438,1.98372972109828e-07,0.999644629562291,0.999999999999356,"cLTMR","Cplx2",160.54,1000,426
"Dpp10",6.19683600466272e-09,-0.908186909551686,1.93294866220956e-07,0.999649207574476,0.999999999999356,"cLTMR","Cplx2",160.54,1000,426
"Syn1",5.99358868686604e-09,-0.917292574658672,1.80823214551815e-07,0.999660713061336,0.999999999999356,"cLTMR","Cplx2",160.54,1000,426
"Nacc2",5.87816028669119e-09,-0.922585269515601,1.73925460658062e-07,0.999667247267849,0.999999999999356,"cLTMR","Cplx2",160.54,1000,426
"Pitpnc1",5.78389757886058e-09,-0.926975577153591,1.68392017959203e-07,0.999672583320333,0.999999999999356,"cLTMR","Cplx2",160.54,1000,426
"Rsu1",5.66424396282207e-09,-0.932639853386919,1.61496909025252e-07,0.999679356709212,0.999999999999356,"cLTMR","Cplx2",160.54,1000,426
"Dync1li2",5.63752352535454e-09,-0.933919104842508,1.5997681572072e-07,0.999680869307998,0.999999999999356,"cLTMR","Cplx2",160.54,1000,426
"Calm1",5.53838712553737e-09,-0.938712284796324,1.54399870509284e-07,0.999686481251983,0.999999999999356,"cLTMR","Cplx2",160.54,1000,426
"Lrp11",5.40470136069248e-09,-0.945296600138084,1.47036012772656e-07,0.999694048977133,0.999999999999356,"cLTMR","Cplx2",160.54,1000,426
"Fam168a",5.37307397390874e-09,-0.946875212307975,1.45320188726769e-07,0.999695839350036,0.999999999999356,"cLTMR","Cplx2",160.54,1000,426
"Nisch",5.31473491266365e-09,-0.949808603400699,1.42181643223563e-07,0.999699141825682,0.999999999999356,"cLTMR","Cplx2",160.54,1000,426
"Scd2",5.28809986718516e-09,-0.951157269680675,1.40760114137245e-07,0.999700649590587,0.999999999999356,"cLTMR","Cplx2",160.54,1000,426
"Eps15",5.17955365522885e-09,-0.956715927208593,1.35040795078237e-07,0.999706794208186,0.999999999999356,"cLTMR","Cplx2",160.54,1000,426
"Snhg11",5.16685337765059e-09,-0.957372976082261,1.34379366300481e-07,0.999707513149436,0.999999999999356,"cLTMR","Cplx2",160.54,1000,426
"Rsrp1",5.04525141801413e-09,-0.963736872705015,1.28128558430982e-07,0.999714396830868,0.999999999999356,"cLTMR","Cplx2",160.54,1000,426
"Cmpk1",5.04247940217445e-09,-0.963883506207969,1.27987801591643e-07,0.99971455375,0.999999999999356,"cLTMR","Cplx2",160.54,1000,426
"Ccdc141",4.99619998619749e-09,-0.966342097161961,1.25649261781488e-07,0.999717173549534,0.999999999999356,"cLTMR","Cplx2",160.54,1000,426
"Tmem72",4.98914756264259e-09,-0.966718510671452,1.25294789821644e-07,0.999717572775314,0.999999999999356,"cLTMR","Cplx2",160.54,1000,426
"Wnk1",4.96354440487693e-09,-0.968088982036875,1.24012121381836e-07,0.999719022126812,0.999999999999356,"cLTMR","Cplx2",160.54,1000,426
"Ddx17",4.87805792837567e-09,-0.972710253705855,1.19777217639548e-07,0.9997238613718,0.999999999999356,"cLTMR","Cplx2",160.54,1000,426
"Tcaf1",4.85958016672532e-09,-0.973718470211635,1.1887151985771e-07,0.999724907366667,0.999999999999356,"cLTMR","Cplx2",160.54,1000,426
"Cfl1",4.82293991854578e-09,-0.97572769391495,1.17085743261755e-07,0.999726981509209,0.999999999999356,"cLTMR","Cplx2",160.54,1000,426
"Mbp",4.80437012289992e-09,-0.976751118652884,1.16185847106352e-07,0.999728032713966,0.999999999999356,"cLTMR","Cplx2",160.54,1000,426
"Pebp1",4.52725588383458e-09,-0.992451334388364,1.03169279441276e-07,0.999743719682897,0.999999999999356,"cLTMR","Cplx2",160.54,1000,426
"Slc7a14",4.51246845129619e-09,-0.993312627942058,1.02496413916834e-07,0.999744556774474,0.999999999999356,"cLTMR","Cplx2",160.54,1000,426
"Sri",4.50019720691859e-09,-0.994029249485253,1.01939712689105e-07,0.999745251428891,0.999999999999356,"cLTMR","Cplx2",160.54,1000,426
"Cd151",4.17628716779023e-09,-1.01359448773694,8.77932287372793e-08,0.999763587429145,0.999999999999356,"cLTMR","Cplx2",160.54,1000,426
"Fth1",3.91124766466253e-09,-1.03062127374603,7.70035854582449e-08,0.999778590867877,0.999999999999356,"cLTMR","Cplx2",160.54,1000,426
"Peg3",3.77904235689799e-09,-1.03949651638539,7.18859196340781e-08,0.99978607478714,0.999999999999356,"cLTMR","Cplx2",160.54,1000,426
"Rgs4",3.69144837265317e-09,-1.04552825332836,6.85920703326632e-08,0.999791033334709,0.999999999999356,"cLTMR","Cplx2",160.54,1000,426
"Psap",3.68982557372408e-09,-1.04564118012828,6.85317760198185e-08,0.999791125198616,0.999999999999356,"cLTMR","Cplx2",160.54,1000,426
"Rplp1",3.67427487205049e-09,-1.04672553367492,6.79553414648138e-08,0.999792005497586,0.999999999999356,"cLTMR","Cplx2",160.54,1000,426
"Nfic",3.67202012449352e-09,-1.04688309196775,6.78719643999498e-08,0.999792133135039,0.999999999999356,"cLTMR","Cplx2",160.54,1000,426
"Set",3.64997546022254e-09,-1.04842803005697,6.7059483303162e-08,0.999793381046268,0.999999999999356,"cLTMR","Cplx2",160.54,1000,426
"Rab2a",3.5962004985839e-09,-1.05223133995805,6.50980691772875e-08,0.999796425156068,0.999999999999356,"cLTMR","Cplx2",160.54,1000,426
"Brox",3.48421264202623e-09,-1.06031482678153,6.1106810778422e-08,0.999802764599589,0.999999999999356,"cLTMR","Cplx2",160.54,1000,426
"Tpd52",3.32605544156501e-09,-1.07212843324342,5.56851356503216e-08,0.999811717611753,0.999999999999356,"cLTMR","Cplx2",160.54,1000,426
"Rpl13",3.27845174291790e-09,-1.07578078601834,5.4102571119572e-08,0.999814412376788,0.999999999999356,"cLTMR","Cplx2",160.54,1000,426
"Sh3glb1",3.12850144221871e-09,-1.08759804502203,4.92666500331983e-08,0.999822900810238,0.999999999999356,"cLTMR","Cplx2",160.54,1000,426
"Rps25",3.08015811706068e-09,-1.09151396739709,4.77558232359619e-08,0.99982563744429,0.999999999999356,"cLTMR","Cplx2",160.54,1000,426
"Ppp2r2a",3.03386901179265e-09,-1.09531438935215,4.63312444873791e-08,0.999828257792423,0.999999999999356,"cLTMR","Cplx2",160.54,1000,426
"Itfg1",3.02573295170276e-09,-1.09598762884805,4.608308061416e-08,0.999828718361054,0.999999999999356,"cLTMR","Cplx2",160.54,1000,426
"Dpysl3",3.0048899542307e-09,-1.09771961533949,4.54503735804578e-08,0.999829898247968,0.999999999999356,"cLTMR","Cplx2",160.54,1000,426
"Zbtb4",2.99588736129719e-09,-1.09847096537512,4.5178444635522e-08,0.999830407869562,0.999999999999356,"cLTMR","Cplx2",160.54,1000,426
"Dazap2",2.95544596125469e-09,-1.10187082153892,4.39669520218468e-08,0.999832697188973,0.999999999999356,"cLTMR","Cplx2",160.54,1000,426
"Itm2b",2.89934690461568e-09,-1.10665525703619,4.23136682347405e-08,0.999835872861904,0.999999999999356,"cLTMR","Cplx2",160.54,1000,426
"Tubb4b",2.80605464637992e-09,-1.11479472771924,3.96344250462639e-08,0.99984115397922,0.999999999999356,"cLTMR","Cplx2",160.54,1000,426
"Nek7",2.79865737037554e-09,-1.11545023758741,3.94257332201174e-08,0.999841572726533,0.999999999999356,"cLTMR","Cplx2",160.54,1000,426
"Atp1b1",2.7236906613586e-09,-1.12218065472702,3.73418540519702e-08,0.999845816465437,0.999999999999356,"cLTMR","Cplx2",160.54,1000,426
"Nrn1",2.6827627910262e-09,-1.12592403485561,3.62280419591842e-08,0.999848133323119,0.999999999999356,"cLTMR","Cplx2",160.54,1000,426
"Atp6v1e1",2.66659430437332e-09,-1.12741667870503,3.57926792006043e-08,0.999849048593868,0.999999999999356,"cLTMR","Cplx2",160.54,1000,426
"Tmsb4x",2.60818696818488e-09,-1.13287576932491,3.42418921393048e-08,0.999852354934622,0.999999999999356,"cLTMR","Cplx2",160.54,1000,426
"Cntn2",2.47905705040358e-09,-1.14533651251366,3.09352304934562e-08,0.999859664761404,0.999999999999356,"cLTMR","Cplx2",160.54,1000,426
"Stmn2",2.22644238968666e-09,-1.17145709008211,2.49518779661898e-08,0.999873964851177,0.999999999999356,"cLTMR","Cplx2",160.54,1000,426
"Kcnip2",2.18860318883777e-09,-1.17559158032402,2.41109525850939e-08,0.999876106864504,0.999999999999356,"cLTMR","Cplx2",160.54,1000,426
"Tubb4a",2.17741404085081e-09,-1.17682618107492,2.38650501798346e-08,0.999876740263297,0.999999999999356,"cLTMR","Cplx2",160.54,1000,426
"Rab10",2.13428421936187e-09,-1.18163780230445,2.29289844731454e-08,0.999879181769735,0.999999999999356,"cLTMR","Cplx2",160.54,1000,426
"Mfn2",2.13297929961273e-09,-1.1817847068146,2.29009550873923e-08,0.999879255639041,0.999999999999356,"cLTMR","Cplx2",160.54,1000,426
"Atp6v1b2",2.04297191657185e-09,-1.19211307520542,2.10089867459057e-08,0.999884350805164,0.999999999999356,"cLTMR","Cplx2",160.54,1000,426
"Myt1l",2.04170888546006e-09,-1.19226082859419,2.09830179097464e-08,0.999884422303225,0.999999999999356,"cLTMR","Cplx2",160.54,1000,426
"Cnih1",1.99361448745281e-09,-1.19794765324934,2.00061110714752e-08,0.999887144845969,0.999999999999356,"cLTMR","Cplx2",160.54,1000,426
"Bnip3l",1.93661920661422e-09,-1.20484501240311,1.88785564582216e-08,0.999890371252678,0.999999999999356,"cLTMR","Cplx2",160.54,1000,426
"Ank2",1.89875657791594e-09,-1.20952619864478,1.81475873926237e-08,0.999892514592223,0.999999999999356,"cLTMR","Cplx2",160.54,1000,426
"Ndufa4",1.85309584855956e-09,-1.21528177034303,1.72852665054054e-08,0.999895099369093,0.999999999999356,"cLTMR","Cplx2",160.54,1000,426
"Rab15",1.84003497904512e-09,-1.21695099934568,1.70424673917963e-08,0.999895838722887,0.999999999999356,"cLTMR","Cplx2",160.54,1000,426
"Morf4l2",1.71991128479073e-09,-1.23281125551809,1.48899214167339e-08,0.999902638722606,0.999999999999356,"cLTMR","Cplx2",160.54,1000,426
"Rprm",1.68424385365061e-09,-1.23770781782678,1.42787521752846e-08,0.999904657795724,0.999999999999356,"cLTMR","Cplx2",160.54,1000,426
"Chmp4b",1.66152762879139e-09,-1.24087405592479,1.38961805572256e-08,0.999905943722899,0.999999999999356,"cLTMR","Cplx2",160.54,1000,426
"Ndst1",1.65044152857232e-09,-1.24243308236891,1.37113620756896e-08,0.999906571288334,0.999999999999356,"cLTMR","Cplx2",160.54,1000,426
"Tmem35a",1.58425124055571e-09,-1.25193735063117,1.26336379071936e-08,0.999910318208901,0.999999999999356,"cLTMR","Cplx2",160.54,1000,426
"Itgb1",1.57454080672609e-09,-1.25336088147456,1.24792405071625e-08,0.999910867900182,0.999999999999356,"cLTMR","Cplx2",160.54,1000,426
"Fxr2",1.53483493597868e-09,-1.25926306708085,1.18577875708745e-08,0.999913115582557,0.999999999999356,"cLTMR","Cplx2",160.54,1000,426
"Tmem50b",1.50180858098597e-09,-1.2642753721041,1.13529696430138e-08,0.999914985148812,0.999999999999356,"cLTMR","Cplx2",160.54,1000,426
"Spin1",1.40718858177893e-09,-1.2791911135545,9.96746957508661e-09,0.999920341427386,0.999999999999356,"cLTMR","Cplx2",160.54,1000,426
"Rgs5",1.40493781811277e-09,-1.27955652135107,9.93560962823633e-09,0.999920468839321,0.999999999999356,"cLTMR","Cplx2",160.54,1000,426
"Cdh1",1.40257472940301e-09,-1.27994071836893,9.90221458232791e-09,0.999920602609788,0.999999999999356,"cLTMR","Cplx2",160.54,1000,426
"Ncam1",1.34722795620743e-09,-1.28910573265504,9.1361345347657e-09,0.999923735697275,0.999999999999356,"cLTMR","Cplx2",160.54,1000,426
"Eef1a2",1.32684045552323e-09,-1.2925652157488,8.86171386744839e-09,0.999924889799305,0.999999999999356,"cLTMR","Cplx2",160.54,1000,426
"Pten",1.32398209244935e-09,-1.29305396556509,8.82357407173961e-09,0.999925051606418,0.999999999999356,"cLTMR","Cplx2",160.54,1000,426
"Gcnt2",1.31194399686584e-09,-1.29512257210908,8.66384964812669e-09,0.999925733062707,0.999999999999356,"cLTMR","Cplx2",160.54,1000,426
"Gbas",1.30296047050586e-09,-1.2966771719068,8.54560459324999e-09,0.999926241604984,0.999999999999356,"cLTMR","Cplx2",160.54,1000,426
"Phf24",1.26898803338506e-09,-1.30264248086554,8.10579035383931e-09,0.999928164727355,0.999999999999356,"cLTMR","Cplx2",160.54,1000,426
"Wdr31",1.18753658777881e-09,-1.31753682396703,7.09862626661343e-09,0.999932775556326,0.999999999999356,"cLTMR","Cplx2",160.54,1000,426
"Ctnnb1",1.18382438701786e-09,-1.31823678711879,7.05431548226721e-09,0.999932985697751,0.999999999999356,"cLTMR","Cplx2",160.54,1000,426
"Ppp1r1c",1.12144223581391e-09,-1.33029737444052,6.33044340736108e-09,0.999936517046127,0.999999999999356,"cLTMR","Cplx2",160.54,1000,426
"Add1",1.09068783699e-09,-1.33646153929189,5.98799258339975e-09,0.999938258000779,0.999999999999356,"cLTMR","Cplx2",160.54,1000,426
"Csnk1d",1.06158344203031e-09,-1.34243716055247,5.67268392310297e-09,0.999939905551496,0.999999999999356,"cLTMR","Cplx2",160.54,1000,426
"Selenoi",1.01414594397292e-09,-1.3524924025567,5.17703653403417e-09,0.999942590908262,0.999999999999356,"cLTMR","Cplx2",160.54,1000,426
"Nrxn1",9.90862662543875e-10,-1.35757967155873,4.9420512083288e-09,0.999943908935559,0.999999999999356,"cLTMR","Cplx2",160.54,1000,426
"Ppm1b",9.83565136745488e-10,-1.35919574656173,4.86952462648396e-09,0.999944322036188,0.999999999999356,"cLTMR","Cplx2",160.54,1000,426
"Armcx3",9.58698861754685e-10,-1.36478271780518,4.62641659540531e-09,0.999945729674081,0.999999999999356,"cLTMR","Cplx2",160.54,1000,426
"Dip2c",9.26897648699738e-10,-1.37211624388935,4.32457939371508e-09,0.999947529887124,0.999999999999356,"cLTMR","Cplx2",160.54,1000,426
"Rnf11",9.14393358670175e-10,-1.37506042831492,4.20868517178839e-09,0.999948237733896,0.999999999999356,"cLTMR","Cplx2",160.54,1000,426
"Srebf2",8.73779189055649e-10,-1.38487338962046,3.84311789370074e-09,0.999950536833547,0.999999999999356,"cLTMR","Cplx2",160.54,1000,426
"Got2",8.63292740243534e-10,-1.38747203868625,3.75142692581115e-09,0.999951130453731,0.999999999999356,"cLTMR","Cplx2",160.54,1000,426
"Zmiz1",8.49140038006298e-10,-1.39102351527315,3.6294344022197e-09,0.999951931614338,0.999999999999356,"cLTMR","Cplx2",160.54,1000,426
"Smim14",8.47356076557822e-10,-1.39147486356035,3.61420023746806e-09,0.999952032601387,0.999999999999356,"cLTMR","Cplx2",160.54,1000,426
"Mdh2",7.43952738570547e-10,-1.41918056187233,2.78593517828093e-09,0.999957886089978,0.999999999999356,"cLTMR","Cplx2",160.54,1000,426
"Clcn3",7.3762954006295e-10,-1.42098236856735,2.73877853271657e-09,0.999958244035582,0.999999999999356,"cLTMR","Cplx2",160.54,1000,426
"Msmo1",7.28556986706656e-10,-1.42359143924516,2.67182105753765e-09,0.999958757617528,0.999999999999356,"cLTMR","Cplx2",160.54,1000,426
"Jph4",7.21072351552335e-10,-1.42576541890868,2.61720656299154e-09,0.999959181310103,0.999999999999356,"cLTMR","Cplx2",160.54,1000,426
"Lsamp",6.99162372320142e-10,-1.43224523037921,2.46057387309454e-09,0.99996042159708,0.999999999999356,"cLTMR","Cplx2",160.54,1000,426
"Erc2",6.98211043597029e-10,-1.432530601252,2.4538823743634e-09,0.999960475450195,0.999999999999356,"cLTMR","Cplx2",160.54,1000,426
"Atp5b",6.81688438013529e-10,-1.437542153337,2.33911820942438e-09,0.999961410767035,0.999999999999356,"cLTMR","Cplx2",160.54,1000,426
"Ubash3b",6.62670688691878e-10,-1.44344427080229,2.21042526656991e-09,0.999962487329754,0.999999999999356,"cLTMR","Cplx2",160.54,1000,426
"Mlf2",6.60666866179517e-10,-1.44407478250473,2.19707745083571e-09,0.999962600762767,0.999999999999356,"cLTMR","Cplx2",160.54,1000,426
"Pcbp1",6.4555468609181e-10,-1.44888472693247,2.09771454605687e-09,0.999963456237798,0.999999999999356,"cLTMR","Cplx2",160.54,1000,426
"Mapk8ip2",6.25077387138809e-10,-1.45556251389299,1.9667442534021e-09,0.999964615423161,0.999999999999356,"cLTMR","Cplx2",160.54,1000,426
"Slc17a6",6.21047105635504e-10,-1.45689938934824,1.9414642500444e-09,0.999964843570601,0.999999999999356,"cLTMR","Cplx2",160.54,1000,426
"Tmx4",5.97553478558175e-10,-1.46484750557587,1.79735503041559e-09,0.999966173505212,0.999999999999356,"cLTMR","Cplx2",160.54,1000,426
"Rad21",5.92165532910908e-10,-1.46670890797667,1.76508882300049e-09,0.999966478507729,0.999999999999356,"cLTMR","Cplx2",160.54,1000,426
"Garnl3",5.5500690501176e-10,-1.47996708426872,1.55051897833816e-09,0.999968581994994,0.999999999999356,"cLTMR","Cplx2",160.54,1000,426
"Timp2",5.54410862486753e-10,-1.4801860291833,1.5471904467991e-09,0.999968615735957,0.999999999999356,"cLTMR","Cplx2",160.54,1000,426
"Fam174a",5.49836543815366e-10,-1.48187323095443,1.52176473510779e-09,0.999968874680423,0.999999999999356,"cLTMR","Cplx2",160.54,1000,426
"Dmxl2",5.45439020889449e-10,-1.48350688053628,1.49752031366771e-09,0.99996912361678,0.999999999999356,"cLTMR","Cplx2",160.54,1000,426
"Rps23",5.43224717199059e-10,-1.48433386062208,1.48538611070424e-09,0.999969248964778,0.999999999999356,"cLTMR","Cplx2",160.54,1000,426
"Rnf112",5.38176857513133e-10,-1.48623021294787,1.45790877715179e-09,0.999969534715603,0.999999999999356,"cLTMR","Cplx2",160.54,1000,426
"Syngr1",5.19546713951665e-10,-1.49336700450602,1.35871859268097e-09,0.999970589336614,0.999999999999356,"cLTMR","Cplx2",160.54,1000,426
"Prelid1",5.01503098192018e-10,-1.50049659075177,1.2659820686367e-09,0.999971610755276,0.999999999999356,"cLTMR","Cplx2",160.54,1000,426
"Atp8a1",4.97523734928244e-10,-1.50209921708693,1.2459709644437e-09,0.99997183602032,0.999999999999356,"cLTMR","Cplx2",160.54,1000,426
"Lin54",4.79684623817739e-10,-1.50942490829433,1.1582222631883e-09,0.999972845862318,0.999999999999356,"cLTMR","Cplx2",160.54,1000,426
"Rpl13a",4.79616465351858e-10,-1.5094533533479,1.15789314259447e-09,0.999972849720654,0.999999999999356,"cLTMR","Cplx2",160.54,1000,426
"Tmeff2",4.63939899522923e-10,-1.51609200999905,1.08343724686239e-09,0.99997373714461,0.999999999999356,"cLTMR","Cplx2",160.54,1000,426
"Txn1",4.59652349722148e-10,-1.51794196615374,1.06350437977684e-09,0.999973979855575,0.999999999999356,"cLTMR","Cplx2",160.54,1000,426
"Scarb2",4.58263336921763e-10,-1.51854453505657,1.05708653286541e-09,0.999974058485247,0.999999999999356,"cLTMR","Cplx2",160.54,1000,426
"Map2k4",4.48110005337821e-10,-1.52299851506435,1.01076360440894e-09,0.999974633248226,0.999999999999356,"cLTMR","Cplx2",160.54,1000,426
"Fam219a",4.34270868143575e-10,-1.52921423270386,9.49296123622078e-10,0.999975416658446,0.999999999999356,"cLTMR","Cplx2",160.54,1000,426
"Mapre1",4.1340649513837e-10,-1.53892219355495,8.60270251327279e-10,0.999976597755419,0.999999999999356,"cLTMR","Cplx2",160.54,1000,426
"Mprip",4.08555267749401e-10,-1.54124092931219,8.40198578921561e-10,0.999976872375221,0.999999999999356,"cLTMR","Cplx2",160.54,1000,426
"Msn",4.035733699332e-10,-1.54364741487277,8.1983285021461e-10,0.999977154392056,0.999999999999356,"cLTMR","Cplx2",160.54,1000,426
"Gabbr1",4.0035124505417e-10,-1.54521777493207,8.06794038672842e-10,0.999977336791112,0.999999999999356,"cLTMR","Cplx2",160.54,1000,426
"Srp14",3.87153040707008e-10,-1.55176822615985,7.54476405568341e-10,0.999978083919204,0.999999999999356,"cLTMR","Cplx2",160.54,1000,426
"Mapk8ip3",3.87138812789231e-10,-1.55177539279094,7.54420952401843e-10,0.999978084724623,0.999999999999356,"cLTMR","Cplx2",160.54,1000,426
"Syt9",3.80007283639165e-10,-1.55539700169238,7.26882403322432e-10,0.999978488428462,0.999999999999356,"cLTMR","Cplx2",160.54,1000,426
"Gdi2",3.74583537732774e-10,-1.55819151022845,7.0628126741103e-10,0.999978795457572,0.999999999999356,"cLTMR","Cplx2",160.54,1000,426
"Maoa",3.7005743504122e-10,-1.56055084385574,6.89316354054561e-10,0.999979051672613,0.999999999999356,"cLTMR","Cplx2",160.54,1000,426
"Skp1a",3.67925649865883e-10,-1.56167087257987,6.81397357408556e-10,0.999979172349377,0.999999999999356,"cLTMR","Cplx2",160.54,1000,426
"Cabp1",3.67887152969621e-10,-1.56169115096231,6.81254772562675e-10,0.999979174528622,0.999999999999356,"cLTMR","Cplx2",160.54,1000,426
"Wdfy3",3.4997667881117e-10,-1.57133397959628,6.1653611953005e-10,0.999980188410362,0.999999999999356,"cLTMR","Cplx2",160.54,1000,426
"Rph3a",3.41046697091574e-10,-1.57630472889514,5.85474533854251e-10,0.999980693921569,0.999999999999356,"cLTMR","Cplx2",160.54,1000,426
"Cadps",3.3183147563076e-10,-1.58155551756022,5.54262466823011e-10,0.999981215579716,0.999999999999356,"cLTMR","Cplx2",160.54,1000,426
"Epn1",3.16926833525742e-10,-1.59032549287043,5.05589838477336e-10,0.999982059306373,0.999999999999356,"cLTMR","Cplx2",160.54,1000,426
"Aes",3.14392891338541e-10,-1.59185235871843,4.97537419302762e-10,0.999982202748567,0.999999999999356,"cLTMR","Cplx2",160.54,1000,426
"Fem1b",3.04121006379628e-10,-1.59815464808771,4.6555731153136e-10,0.999982784222654,0.999999999999356,"cLTMR","Cplx2",160.54,1000,426
"Snu13",3.01573324510983e-10,-1.5997466651671,4.57789851650421e-10,0.999982928442628,0.999999999999356,"cLTMR","Cplx2",160.54,1000,426
"Pmm1",2.723332996163e-10,-1.61891751451223,3.73320475017622e-10,0.999984583671131,0.999999999999356,"cLTMR","Cplx2",160.54,1000,426
"Mafg",2.36760362561682e-10,-1.64484407727683,2.82161857959622e-10,0.999986597395113,0.999999999999356,"cLTMR","Cplx2",160.54,1000,426
"Vwa5a",2.06859621303638e-10,-1.66943369754831,2.15393088816262e-10,0.999988290025655,0.999999999999356,"cLTMR","Cplx2",160.54,1000,426
"Klc2",2.05135750629594e-10,-1.67094457714292,2.11818078224653e-10,0.999988387611067,0.999999999999356,"cLTMR","Cplx2",160.54,1000,426
"Aacs",2.02287713140058e-10,-1.67346532309287,2.05977282035322e-10,0.999988548833667,0.999999999999356,"cLTMR","Cplx2",160.54,1000,426
"Eif4b",1.87121712815083e-10,-1.68743771845156,1.76249819916414e-10,0.999989407355371,0.999999999999356,"cLTMR","Cplx2",160.54,1000,426
"Atp9a",1.75509309339882e-10,-1.69882515817786,1.55053162298408e-10,0.999990064713951,0.999999999999356,"cLTMR","Cplx2",160.54,1000,426
"Rpl31",1.70831074393828e-10,-1.7036005542883,1.46897382787712e-10,0.999990329540942,0.999999999999356,"cLTMR","Cplx2",160.54,1000,426
"Nbl1",1.69170914314728e-10,-1.70532282121976,1.44056117814835e-10,0.999990423519805,0.999999999999356,"cLTMR","Cplx2",160.54,1000,426
"Rpa1",1.60970457819397e-10,-1.71405414157485,1.30428551797623e-10,0.999990887733819,0.999999999999356,"cLTMR","Cplx2",160.54,1000,426
"Nedd4l",1.51819549067523e-10,-1.72427102221543,1.16020760527139e-10,0.999991405751333,0.999999999999356,"cLTMR","Cplx2",160.54,1000,426
"Trib2",1.28409799183226e-10,-1.75310424004565,8.29997238168584e-11,0.999992730937799,0.999999999999356,"cLTMR","Cplx2",160.54,1000,426
"1810041L15Rik",1.27105259188431e-10,-1.75484332998229,8.13218696466682e-11,0.999992804785608,0.999999999999356,"cLTMR","Cplx2",160.54,1000,426
"Pitpnm2",1.25405459868826e-10,-1.75713300565717,7.91613521718647e-11,0.999992901008382,0.999999999999356,"cLTMR","Cplx2",160.54,1000,426
"Stx7",1.15896253350304e-10,-1.77046858416946,6.7611272009111e-11,0.999993439308528,0.999999999999356,"cLTMR","Cplx2",160.54,1000,426
"Scn4b",9.8193364282816e-11,-1.79808474415841,4.85338332493072e-11,0.999994441439226,0.999999999999356,"cLTMR","Cplx2",160.54,1000,426
"Eif4h",9.73884836231832e-11,-1.79944151372441,4.77414407594632e-11,0.999994487002163,0.999999999999356,"cLTMR","Cplx2",160.54,1000,426
"Glg1",8.43407852053026e-11,-1.82293407998615,3.58059823749203e-11,0.999995225610369,0.999999999999356,"cLTMR","Cplx2",160.54,1000,426
"Azin1",8.41885794476308e-11,-1.8232264690763,3.56768643189721e-11,0.99999523422648,0.999999999999356,"cLTMR","Cplx2",160.54,1000,426
"Cadm3",8.14269646616956e-11,-1.82861382591108,3.33746565840358e-11,0.999995390556837,0.999999999999356,"cLTMR","Cplx2",160.54,1000,426
"Dlat",7.9852417759257e-11,-1.83175767404723,3.20964096276687e-11,0.999995479689282,0.999999999999356,"cLTMR","Cplx2",160.54,1000,426
"Rps9",6.9329439435623e-11,-1.85428738724759,2.41944464982209e-11,0.99999607537734,0.999999999999356,"cLTMR","Cplx2",160.54,1000,426
"Cisd1",6.15254138088605e-11,-1.87302611030739,1.90541421299923e-11,0.999996517150071,0.999999999999356,"cLTMR","Cplx2",160.54,1000,426
"Nptx2",5.38698585160537e-11,-1.89355818513916,1.46073684378912e-11,0.999996950518147,0.999999999999356,"cLTMR","Cplx2",160.54,1000,426
"Atp6ap2",5.38636899689652e-11,-1.89357573631244,1.4604023298937e-11,0.999996950867339,0.999999999999356,"cLTMR","Cplx2",160.54,1000,426
"Atp2a2",5.2789963944951e-11,-1.89665799976692,1.4027589374962e-11,0.999997011649158,0.999999999999356,"cLTMR","Cplx2",160.54,1000,426
"Thra",5.24004200333896e-11,-1.89778985072548,1.38213304380706e-11,0.999997033700582,0.999999999999356,"cLTMR","Cplx2",160.54,1000,426
"2010107E04Rik",4.70886089948581e-11,-1.91401018311652,1.11612294583302e-11,0.999997334393248,0.999999999999356,"cLTMR","Cplx2",160.54,1000,426
"Npm1",4.54306818551204e-11,-1.9194024471607,1.03891214627358e-11,0.999997428245708,0.999999999999356,"cLTMR","Cplx2",160.54,1000,426
"2510009E07Rik",4.45291089846765e-11,-1.92240766630158,9.98086827414345e-12,0.999997479282227,0.999999999999356,"cLTMR","Cplx2",160.54,1000,426
"Cdh11",3.76255514601021e-11,-1.94737568120185,7.12600399466832e-12,0.999997870080978,0.999999999999356,"cLTMR","Cplx2",160.54,1000,426
"Nrip3",3.6533584501101e-11,-1.95168827355777,6.71838494475285e-12,0.999997931895386,0.999999999999356,"cLTMR","Cplx2",160.54,1000,426
"Adgrg2",3.59302090907127e-11,-1.95412000700018,6.49830068302795e-12,0.999997966051451,0.999999999999356,"cLTMR","Cplx2",160.54,1000,426
"Ubr3",3.51230630489877e-11,-1.95742965675055,6.20962080189447e-12,0.999998011742627,0.999999999999356,"cLTMR","Cplx2",160.54,1000,426
"Hnrnpu",3.36457540957334e-11,-1.96366413667107,5.69824143883716e-12,0.999998095370596,0.999999999999356,"cLTMR","Cplx2",160.54,1000,426
"Tmem59",3.29546334443731e-11,-1.96666368619323,5.46654949122792e-12,0.99999813449377,0.999999999999356,"cLTMR","Cplx2",160.54,1000,426
"Cacnb4",3.23625721672326e-11,-1.96927755092294,5.27189045542307e-12,0.999998168009361,0.999999999999356,"cLTMR","Cplx2",160.54,1000,426
"Elavl2",3.1044776476604e-11,-1.97524955880498,4.85129169309637e-12,0.999998242607553,0.999999999999356,"cLTMR","Cplx2",160.54,1000,426
"Camk2d",3.08161364182802e-11,-1.97630829658804,4.78009678059754e-12,0.999998255550481,0.999999999999356,"cLTMR","Cplx2",160.54,1000,426
"Mat2a",2.80337537174747e-11,-1.98977751851489,3.95587737663481e-12,0.999998413056474,0.999999999999356,"cLTMR","Cplx2",160.54,1000,426
"Hnrnph1",2.48524771349361e-11,-2.00669862346585,3.10899253658193e-12,0.999998593143177,0.999999999999356,"cLTMR","Cplx2",160.54,1000,426
"Sec62",2.23239924284638e-11,-2.02156332533157,2.50855742253391e-12,0.999998736276432,0.999999999999356,"cLTMR","Cplx2",160.54,1000,426
"Amph",1.92264852246995e-11,-2.0419358176291,1.86071607999432e-12,0.999998911621092,0.999999999999356,"cLTMR","Cplx2",160.54,1000,426
"Pptc7",1.73595618422545e-11,-2.05565463530491,1.51690307711349e-12,0.999999017304477,0.999999999999356,"cLTMR","Cplx2",160.54,1000,426
"Atp6v0a1",1.63818823949894e-11,-2.06336428861172,1.35085247030001e-12,0.999999072649262,0.999999999999356,"cLTMR","Cplx2",160.54,1000,426
"Ywhah",1.59602838873306e-11,-2.06681418193055,1.28221702048752e-12,0.999999096515242,0.999999999999356,"cLTMR","Cplx2",160.54,1000,426
"Cox5a",1.58181315678192e-11,-2.06799544573716,1.25947827489621e-12,0.999999104562245,0.999999999999356,"cLTMR","Cplx2",160.54,1000,426
"Brd2",1.19723937843563e-11,-2.1041362293398,7.21509907873971e-13,0.999999322262976,0.999999999999356,"cLTMR","Cplx2",160.54,1000,426
"Cd81",6.8841611357447e-12,-2.17238783124637,2.38551618825389e-13,0.999999610299247,0.999999999999356,"cLTMR","Cplx2",160.54,1000,426
"Ubqln1",5.25334798112963e-12,-2.20409232246225,1.3891612245474e-13,0.999999702616829,0.999999999999356,"cLTMR","Cplx2",160.54,1000,426
"Tmem63b",5.24920024438795e-12,-2.20418342246988,1.38696848938047e-13,0.999999702851626,0.999999999999356,"cLTMR","Cplx2",160.54,1000,426
"Sacm1l",4.21988015762094e-12,-2.22902434419438,8.96356038346277e-14,0.9999997611197,0.999999999999356,"cLTMR","Cplx2",160.54,1000,426
"Bcam",1.58893200815781e-17,-2.94852210111224,1.2708401910116e-24,0.9999999999991,0.999999999999356,"cLTMR","Cplx2",160.54,1000,426
"Tln2",1.3196143490765e-17,-2.95300861836502,8.76545313761315e-25,0.999999999999253,0.999999999999356,"cLTMR","Cplx2",160.54,1000,426
"Ebf3",1.21155350599677e-17,-2.95503858115614,7.38865708654252e-25,0.999999999999314,0.999999999999356,"cLTMR","Cplx2",160.54,1000,426
"Fryl",1.13834946653046e-17,-2.95650609760452,6.5227619690796e-25,0.999999999999356,0.999999999999356,"cLTMR","Cplx2",160.54,1000,426
"Cplx2",0.00050842377933669,5.82193969688481,986.245570258548,1.75389587112946e-216,1.75389587112946e-213,"NF1","Cplx2",166.69,1000,1765
"Tuba1b",1.96528020438491e-05,2.83385200734191,1.47360917099575,0.224777110055409,0.999999999998669,"NF1","Cplx2",166.69,1000,1765
"mt-Cytb",1.83638844430439e-05,2.78331297543439,1.28665602751314,0.256665117923639,0.999999999998669,"NF1","Cplx2",166.69,1000,1765
"mt-Nd1",1.46034570743458e-05,2.61566628175205,0.81366327277659,0.367039414634366,0.999999999998669,"NF1","Cplx2",166.69,1000,1765
"mt-Nd4",1.41506001687862e-05,2.59298226898984,0.763981911853525,0.382085259112183,0.999999999998669,"NF1","Cplx2",166.69,1000,1765
"Tubb5",1.3300128746553e-05,2.5486021290975,0.674908730838346,0.411345416915336,0.999999999998669,"NF1","Cplx2",166.69,1000,1765
"Tuba1a",9.87566445164128e-06,2.34006785401935,0.37210542957054,0.541858859460325,0.999999999998669,"NF1","Cplx2",166.69,1000,1765
"Meg3",8.93259864948518e-06,2.27145447996415,0.304431087189054,0.581117769959266,0.999999999998669,"NF1","Cplx2",166.69,1000,1765
"H2-Q4",8.8343835329576e-06,2.26394754288862,0.297773369747751,0.585281696798048,0.999999999998669,"NF1","Cplx2",166.69,1000,1765
"mt-Atp6",8.44525788339444e-06,2.23346613574215,0.272119201369829,0.601913723905204,0.999999999998669,"NF1","Cplx2",166.69,1000,1765
"Snhg11",8.29571282705503e-06,2.2214229711619,0.262567383044627,0.608361789441138,0.999999999998669,"NF1","Cplx2",166.69,1000,1765
"Ttf1",7.91611075128001e-06,2.18997458458057,0.23908761490721,0.62486586526603,0.999999999998669,"NF1","Cplx2",166.69,1000,1765
"Phkg1",7.7667036736192e-06,2.17723266965305,0.230147799919298,0.63141425873839,0.999999999998669,"NF1","Cplx2",166.69,1000,1765
"BC051077",7.72222233199717e-06,2.1733975892733,0.227519151283045,0.633369473034254,0.999999999998669,"NF1","Cplx2",166.69,1000,1765
"Als2",7.7090602588385e-06,2.17225906701196,0.22674422626647,0.63394851500938,0.999999999998669,"NF1","Cplx2",166.69,1000,1765
"Rsrp1",7.48482102880743e-06,2.15259534447435,0.213745114473091,0.643847724574537,0.999999999998669,"NF1","Cplx2",166.69,1000,1765
"Snhg14",7.40373278569301e-06,2.14535716845072,0.209138904171015,0.647443160765031,0.999999999998669,"NF1","Cplx2",166.69,1000,1765
"Itch",7.36256106079483e-06,2.14165538177475,0.206819353174529,0.649271867087233,0.999999999998669,"NF1","Cplx2",166.69,1000,1765
"Rian",7.34779374470265e-06,2.14032321024819,0.20599053727234,0.649928296571273,0.999999999998669,"NF1","Cplx2",166.69,1000,1765
"mt-Co1",7.27260056223383e-06,2.13350329779695,0.201796127001598,0.653274953479142,0.999999999998669,"NF1","Cplx2",166.69,1000,1765
"Unc13d",7.07010206727799e-06,2.11482428964616,0.190714943410299,0.66232224134811,0.999999999998669,"NF1","Cplx2",166.69,1000,1765
"Samhd1",6.91136137072495e-06,2.09985030656505,0.18224707170817,0.669449212303072,0.999999999998669,"NF1","Cplx2",166.69,1000,1765
"Nkain3",6.8528014536674e-06,2.09425004462677,0.179171799164837,0.672085951367949,0.999999999998669,"NF1","Cplx2",166.69,1000,1765
"mt-Co2",6.79059471615929e-06,2.08825481881905,0.175933676686464,0.674891318207804,0.999999999998669,"NF1","Cplx2",166.69,1000,1765
"Bcas2",6.784155449658e-06,2.08763147854931,0.17560017226088,0.675181971899032,0.999999999998669,"NF1","Cplx2",166.69,1000,1765
"Fry",6.69313864781626e-06,2.07876476303872,0.170920045317326,0.679295425464808,0.999999999998669,"NF1","Cplx2",166.69,1000,1765
"Gm7609",6.66762967542788e-06,2.07626073103089,0.169619702828446,0.680450011146744,0.999999999998669,"NF1","Cplx2",166.69,1000,1765
"Mfsd11",6.49671812897365e-06,2.05926324937602,0.161035418219642,0.688205016227659,0.999999999998669,"NF1","Cplx2",166.69,1000,1765
"Golga3",6.41854435237623e-06,2.05135752807381,0.157183317032905,0.691763119783952,0.999999999998669,"NF1","Cplx2",166.69,1000,1765
"Ccdc62",6.20854487634936e-06,2.02969393715447,0.147066245588987,0.701354873668999,0.999999999998669,"NF1","Cplx2",166.69,1000,1765
"Syt11",6.18240791898023e-06,2.02695279151399,0.145830602375204,0.702552057931431,0.999999999998669,"NF1","Cplx2",166.69,1000,1765
"Wdr18",6.04422565694606e-06,2.01228941940789,0.139384568982007,0.708893602050107,0.999999999998669,"NF1","Cplx2",166.69,1000,1765
"Gm37214",5.95611662298504e-06,2.00278521774947,0.135350461831838,0.712947747706611,0.999999999998669,"NF1","Cplx2",166.69,1000,1765
"Rbms1",5.94610431870373e-06,2.0016974076714,0.13489579276957,0.713408958200092,0.999999999998669,"NF1","Cplx2",166.69,1000,1765
"Irak1",5.86716840021917e-06,1.99306446455134,0.131338019620056,0.717048748431591,0.999999999998669,"NF1","Cplx2",166.69,1000,1765
"AU022252",5.81447322934021e-06,1.98724444836601,0.128989425050825,0.719482147133434,0.999999999998669,"NF1","Cplx2",166.69,1000,1765
"Gm37065",5.43692496854906e-06,1.94413574538782,0.112782063312843,0.736998757863061,0.999999999998669,"NF1","Cplx2",166.69,1000,1765
"Hpgds",4.97578006982385e-06,1.88776366267498,0.0944616894785981,0.758579870236053,0.999999999998669,"NF1","Cplx2",166.69,1000,1765
"Map1lc3b",4.91897611074261e-06,1.88050548807617,0.0923172338757904,0.761251686246605,0.999999999998669,"NF1","Cplx2",166.69,1000,1765
"Rab33b",4.62309352537905e-06,1.84146487577347,0.0815452587271772,0.775214144182278,0.999999999998669,"NF1","Cplx2",166.69,1000,1765
"Lin54",4.55402245779629e-06,1.83203614095863,0.0791268163426978,0.778484227699767,0.999999999998669,"NF1","Cplx2",166.69,1000,1765
"Ldlr",4.53532416570206e-06,1.82946209196272,0.0784783790830178,0.779370152711425,0.999999999998669,"NF1","Cplx2",166.69,1000,1765
"Calm2",4.453960174763e-06,1.81815172168232,0.0756878232453967,0.783228502072332,0.999999999998669,"NF1","Cplx2",166.69,1000,1765
"Garnl3",3.95688361230796e-06,1.74482986301161,0.0597365185938813,0.806912869185831,0.999999999998669,"NF1","Cplx2",166.69,1000,1765
"Ttc3",3.74218395716491e-06,1.71062965615525,0.0534298089863377,0.817199135249976,0.999999999998669,"NF1","Cplx2",166.69,1000,1765
"Ank3",3.71955185189259e-06,1.70692482664041,0.0527854940795982,0.818285309710276,0.999999999998669,"NF1","Cplx2",166.69,1000,1765
"Ppp3ca",3.68819413989049e-06,1.70175879192886,0.0518992286572435,0.819790825264384,0.999999999998669,"NF1","Cplx2",166.69,1000,1765
"Luc7l2",3.6732949405054e-06,1.6992906937978,0.0514807609393275,0.820506384124209,0.999999999998669,"NF1","Cplx2",166.69,1000,1765
"Ubc",3.53171031983412e-06,1.67538766288313,0.047588663179095,0.827313596994334,0.999999999998669,"NF1","Cplx2",166.69,1000,1765
"Dynll2",3.48284769761596e-06,1.66694291693947,0.0462809562115215,0.829665893602573,0.999999999998669,"NF1","Cplx2",166.69,1000,1765
"Synrg",3.47259026644042e-06,1.66515696474492,0.0460087509914008,0.830159891543303,0.999999999998669,"NF1","Cplx2",166.69,1000,1765
"Slfn5",3.44406316603726e-06,1.66016556312384,0.045255938178204,0.831534109273499,0.999999999998669,"NF1","Cplx2",166.69,1000,1765
"Dctn1",3.41593628496508e-06,1.6552085261264,0.044519766654583,0.832889551948499,0.999999999998669,"NF1","Cplx2",166.69,1000,1765
"Zfas1",3.35923662860875e-06,1.64510597288547,0.0430541035119339,0.835623431696783,0.999999999998669,"NF1","Cplx2",166.69,1000,1765
"mt-Nd5",3.29705976532273e-06,1.63385395343409,0.0414750573828682,0.838623688689192,0.999999999998669,"NF1","Cplx2",166.69,1000,1765
"Brap",3.25555230875135e-06,1.62623829065078,0.0404373523184617,0.840627881858917,0.999999999998669,"NF1","Cplx2",166.69,1000,1765
"Nedd4",3.11329414323097e-06,1.59947382558217,0.0369805755162725,0.847504600369052,0.999999999998669,"NF1","Cplx2",166.69,1000,1765
"Tppp3",2.97732201549019e-06,1.57286892569418,0.0338208854826198,0.854088331101448,0.999999999998669,"NF1","Cplx2",166.69,1000,1765
"Kcna2",2.94564500673601e-06,1.56651793625606,0.0331050440434283,0.855623600716212,0.999999999998669,"NF1","Cplx2",166.69,1000,1765
"Kpnb1",2.87830449542915e-06,1.5528149965342,0.0316087141005899,0.858889160045711,0.999999999998669,"NF1","Cplx2",166.69,1000,1765
"Elavl3",2.87147908893761e-06,1.55141044903563,0.0314589825313575,0.859220281849491,0.999999999998669,"NF1","Cplx2",166.69,1000,1765
"Scn9a",2.8107086515438e-06,1.53877407527221,0.0301415108246299,0.862169530783065,0.999999999998669,"NF1","Cplx2",166.69,1000,1765
"Mdh1",2.76172720371209e-06,1.5284132737308,0.0291001288587229,0.864548049726947,0.999999999998669,"NF1","Cplx2",166.69,1000,1765
"Tubb4b",2.67454634592462e-06,1.50956654108853,0.0272918900072782,0.868784540414412,0.999999999998669,"NF1","Cplx2",166.69,1000,1765
"Eif4g2",2.66353268551825e-06,1.50714737338138,0.0270675792833156,0.869320012004155,0.999999999998669,"NF1","Cplx2",166.69,1000,1765
"Cox5b",2.61820056488668e-06,1.4970967188621,0.0261540639194847,0.871524636336964,0.999999999998669,"NF1","Cplx2",166.69,1000,1765
"Sptan1",2.53412372618511e-06,1.47804451195239,0.0245012920206004,0.87561615245647,0.999999999998669,"NF1","Cplx2",166.69,1000,1765
"Ctsb",2.50990637097203e-06,1.47245382106546,0.024035236413237,0.876795288043761,0.999999999998669,"NF1","Cplx2",166.69,1000,1765
"Aco2",2.36151016005615e-06,1.43712369167668,0.0212771273593507,0.884026530103965,0.999999999998669,"NF1","Cplx2",166.69,1000,1765
"Rapgef4",2.35384001949809e-06,1.43524511196589,0.0211391364014018,0.884400558679407,0.999999999998669,"NF1","Cplx2",166.69,1000,1765
"Snrpn",2.29289152470338e-06,1.42012348926876,0.0200585887502126,0.887373574746698,0.999999999998669,"NF1","Cplx2",166.69,1000,1765
"mt-Co3",2.2856295848712e-06,1.41829830852334,0.0199317326887726,0.887727912558874,0.999999999998669,"NF1","Cplx2",166.69,1000,1765
"Hsp90aa1",2.25028378982206e-06,1.4093413094621,0.0193200363752021,0.889452888181809,0.999999999998669,"NF1","Cplx2",166.69,1000,1765
"Rph3a",2.221066907434e-06,1.40184371098524,0.0188216043228124,0.890879150981565,0.999999999998669,"NF1","Cplx2",166.69,1000,1765
"Sh3glb1",2.15985005092362e-06,1.38584932494915,0.0177983834231072,0.893868676893082,0.999999999998669,"NF1","Cplx2",166.69,1000,1765
"Gdap1",2.14905272116392e-06,1.38298706144029,0.0176208760421401,0.894396122311166,0.999999999998669,"NF1","Cplx2",166.69,1000,1765
"Chchd2",2.1401328923493e-06,1.38061296618838,0.0174749056695176,0.894831887761594,0.999999999998669,"NF1","Cplx2",166.69,1000,1765
"Scn7a",2.03760828745255e-06,1.35268250291664,0.0158407140024888,0.899842826693177,0.999999999998669,"NF1","Cplx2",166.69,1000,1765
"Sqstm1",2.03364415112709e-06,1.35157798966509,0.0157791382157556,0.900036657249093,0.999999999998669,"NF1","Cplx2",166.69,1000,1765
"Akap12",2.02308061550365e-06,1.34862545339276,0.0156156380485825,0.900553201356848,0.999999999998669,"NF1","Cplx2",166.69,1000,1765
"Ppp1r2",2.00907408338188e-06,1.34468965042869,0.015400160927734,0.901238168738837,0.999999999998669,"NF1","Cplx2",166.69,1000,1765
"Ppia",1.98100685340063e-06,1.33672978179273,0.0149728789109873,0.902610973230917,0.999999999998669,"NF1","Cplx2",166.69,1000,1765
"Cacna1a",1.97661213024794e-06,1.33547448453328,0.0149065200598352,0.90282595129593,0.999999999998669,"NF1","Cplx2",166.69,1000,1765
"Ret",1.91938691118458e-06,1.31890110859394,0.0140558920846118,0.905625900193625,0.999999999998669,"NF1","Cplx2",166.69,1000,1765
"Cltb",1.91517546285547e-06,1.31766433725045,0.0139942779093632,0.905832007178582,0.999999999998669,"NF1","Cplx2",166.69,1000,1765
"Selenok",1.90933438574358e-06,1.31594503666036,0.0139090460270729,0.90611787819064,0.999999999998669,"NF1","Cplx2",166.69,1000,1765
"Map2",1.89221532681796e-06,1.31087936954025,0.0136607476292248,0.90695578036017,0.999999999998669,"NF1","Cplx2",166.69,1000,1765
"Mycbp2",1.88703976066898e-06,1.30933995728666,0.0135861203812588,0.907209121847535,0.999999999998669,"NF1","Cplx2",166.69,1000,1765
"Uchl1",1.83470598394133e-06,1.29356207331401,0.0128429949327794,0.909771361175036,0.999999999998669,"NF1","Cplx2",166.69,1000,1765
"Tulp4",1.82263205278557e-06,1.28986593004174,0.0126745153981291,0.910362629925828,0.999999999998669,"NF1","Cplx2",166.69,1000,1765
"Rgs7bp",1.81658716171864e-06,1.28800735075749,0.012590582918801,0.910658671088047,0.999999999998669,"NF1","Cplx2",166.69,1000,1765
"Gnl3l",1.8097620503756e-06,1.28590234569677,0.0124961523249692,0.910992937491969,0.999999999998669,"NF1","Cplx2",166.69,1000,1765
"Scd2",1.80285791231941e-06,1.28376586461018,0.0124009899875575,0.911331090332892,0.999999999998669,"NF1","Cplx2",166.69,1000,1765
"Rps27a",1.77624197653823e-06,1.27546178430106,0.012037536437175,0.912634842966685,0.999999999998669,"NF1","Cplx2",166.69,1000,1765
"Hsp90ab1",1.77370280345852e-06,1.27466387416053,0.0120031452427807,0.912759233938776,0.999999999998669,"NF1","Cplx2",166.69,1000,1765
"Magi1",1.73741500004549e-06,1.2631498281077,0.0115170297780618,0.914537160966774,0.999999999998669,"NF1","Cplx2",166.69,1000,1765
"Tmem176b",1.72822220015357e-06,1.26019947502254,0.0113954771761648,0.914987631994245,0.999999999998669,"NF1","Cplx2",166.69,1000,1765
"Dnajb14",1.714625111487e-06,1.25581024287112,0.0112168707632277,0.915653974611693,0.999999999998669,"NF1","Cplx2",166.69,1000,1765
"Zranb2",1.70095249689582e-06,1.25136571035216,0.0110386948120005,0.916324078241161,0.999999999998669,"NF1","Cplx2",166.69,1000,1765
"Nedd8",1.68891538922508e-06,1.2474267926288,0.0108830128578462,0.91691407385889,0.999999999998669,"NF1","Cplx2",166.69,1000,1765
"Slc38a2",1.66487818137291e-06,1.23948675758536,0.0105754359666386,0.918092387803354,0.999999999998669,"NF1","Cplx2",166.69,1000,1765
"Tomm70a",1.66222908122829e-06,1.23860555341802,0.010541808160505,0.918222258850228,0.999999999998669,"NF1","Cplx2",166.69,1000,1765
"Gpx4",1.60488071498203e-06,1.21922019460736,0.0098269528688852,0.92103426804296,0.999999999998669,"NF1","Cplx2",166.69,1000,1765
"Rgs4",1.58344775170832e-06,1.21181886523732,0.00956623029621031,0.922085463402561,0.999999999998669,"NF1","Cplx2",166.69,1000,1765
"Mat2a",1.57019030062066e-06,1.20719659595088,0.00940671393394759,0.922735753044262,0.999999999998669,"NF1","Cplx2",166.69,1000,1765
"Selenof",1.55964474934226e-06,1.20349531279699,0.00928078541549487,0.923253058517556,0.999999999998669,"NF1","Cplx2",166.69,1000,1765
"Npdc1",1.55303196119092e-06,1.20116312944162,0.009202252452685,0.923577461310915,0.999999999998669,"NF1","Cplx2",166.69,1000,1765
"Dpysl2",1.54574273710976e-06,1.19858225954257,0.00911607281599608,0.923935062670586,0.999999999998669,"NF1","Cplx2",166.69,1000,1765
"Tsc22d1",1.54236108350274e-06,1.19738129946769,0.00907622960158863,0.924100968122002,0.999999999998669,"NF1","Cplx2",166.69,1000,1765
"Ephx1",1.51832929021605e-06,1.18877943844844,0.00879559647577249,0.925280073419535,0.999999999998669,"NF1","Cplx2",166.69,1000,1765
"Fkbp1a",1.51551452114471e-06,1.18776412374394,0.00876301510550803,0.925418189138688,0.999999999998669,"NF1","Cplx2",166.69,1000,1765
"Serinc1",1.51194611958576e-06,1.18647458410798,0.00872179723196577,0.925593287496289,0.999999999998669,"NF1","Cplx2",166.69,1000,1765
"Pkm",1.50031820679119e-06,1.18225389958872,0.00858815977553391,0.926163884017784,0.999999999998669,"NF1","Cplx2",166.69,1000,1765
"Prkcb",1.49097621138913e-06,1.17884209954961,0.00848154137424418,0.926622335183869,0.999999999998669,"NF1","Cplx2",166.69,1000,1765
"Peg3",1.48242020259972e-06,1.17570084578943,0.00838447755145105,0.927042236046766,0.999999999998669,"NF1","Cplx2",166.69,1000,1765
"Tubb2a",1.47718758918309e-06,1.17377189137623,0.00832539133667319,0.927299045580843,0.999999999998669,"NF1","Cplx2",166.69,1000,1765
"Scn4b",1.47502336599509e-06,1.1729723165617,0.00830101419452984,0.927405264920488,0.999999999998669,"NF1","Cplx2",166.69,1000,1765
"Actg1",1.47448822358236e-06,1.17277444875668,0.00829499202696137,0.927431529728077,0.999999999998669,"NF1","Cplx2",166.69,1000,1765
"Nfasc",1.43799829310148e-06,1.15913132788572,0.00788951120724018,0.929222641755112,0.999999999998669,"NF1","Cplx2",166.69,1000,1765
"Usp14",1.43138326915979e-06,1.15662557166529,0.00781709211444291,0.929547379554484,0.999999999998669,"NF1","Cplx2",166.69,1000,1765
"Ywhah",1.41776533246827e-06,1.15143495811999,0.00766905869594177,0.930215933858053,0.999999999998669,"NF1","Cplx2",166.69,1000,1765
"Spcs2",1.40591670777865e-06,1.14688300457988,0.00754140979169311,0.930797666249882,0.999999999998669,"NF1","Cplx2",166.69,1000,1765
"Map1b",1.39606494376512e-06,1.1430724815942,0.00743608935680982,0.931281386860164,0.999999999998669,"NF1","Cplx2",166.69,1000,1765
"Dst",1.39168984897448e-06,1.14137268243692,0.00738955482011667,0.931496211719114,0.999999999998669,"NF1","Cplx2",166.69,1000,1765
"Aplp2",1.38091596064039e-06,1.13716675701271,0.0072755839260358,0.932025249853912,0.999999999998669,"NF1","Cplx2",166.69,1000,1765
"Lgmn",1.36544877695996e-06,1.13107801062871,0.0071135138583,0.932784798754395,0.999999999998669,"NF1","Cplx2",166.69,1000,1765
"Tbc1d9",1.3537390830963e-06,1.12642801904631,0.00699203013048199,0.933359868883728,0.999999999998669,"NF1","Cplx2",166.69,1000,1765
"Plxna4",1.35029177315535e-06,1.12505234340303,0.00695646492426434,0.933529174994904,0.999999999998669,"NF1","Cplx2",166.69,1000,1765
"Cd9",1.33422006056947e-06,1.11859782205424,0.00679185317261463,0.934318537017508,0.999999999998669,"NF1","Cplx2",166.69,1000,1765
"Chp1",1.32331512782741e-06,1.11417933850026,0.00668128366606758,0.934854169517348,0.999999999998669,"NF1","Cplx2",166.69,1000,1765
"Pygb",1.30418522148017e-06,1.10635043700798,0.00648950999465677,0.935793870397216,0.999999999998669,"NF1","Cplx2",166.69,1000,1765
"Prkar1b",1.30033524604238e-06,1.10476266189756,0.00645125227417397,0.935983000071704,0.999999999998669,"NF1","Cplx2",166.69,1000,1765
"Ndrg4",1.29617290554724e-06,1.10304141426575,0.00641001778194013,0.936187478713443,0.999999999998669,"NF1","Cplx2",166.69,1000,1765
"Dynlrb1",1.29162381495888e-06,1.10115467585999,0.0063651031236686,0.936410961607445,0.999999999998669,"NF1","Cplx2",166.69,1000,1765
"Tusc5",1.28412624046063e-06,1.09803228329745,0.00629142172455845,0.936779305414482,0.999999999998669,"NF1","Cplx2",166.69,1000,1765
"Hspa8",1.28040560022578e-06,1.09647686301692,0.00625501688427057,0.936962099528583,0.999999999998669,"NF1","Cplx2",166.69,1000,1765
"Enah",1.27063872531916e-06,1.09237484444428,0.00615995487566843,0.937441959407164,0.999999999998669,"NF1","Cplx2",166.69,1000,1765
"Cpne3",1.26949662440651e-06,1.09189336404737,0.00614888622468972,0.937498073869102,0.999999999998669,"NF1","Cplx2",166.69,1000,1765
"Sncg",1.24893497626239e-06,1.08315939656732,0.00595131602463233,0.938508375277875,0.999999999998669,"NF1","Cplx2",166.69,1000,1765
"Onecut2",1.24329511285678e-06,1.0807416975538,0.00589768821276995,0.938785508659108,0.999999999998669,"NF1","Cplx2",166.69,1000,1765
"Degs1",1.2284118912248e-06,1.07431501423132,0.00575733340502446,0.939516880594776,0.999999999998669,"NF1","Cplx2",166.69,1000,1765
"Nav1",1.21977616758588e-06,1.07055464075314,0.00567666994123512,0.939941269532019,0.999999999998669,"NF1","Cplx2",166.69,1000,1765
"Ngfr",1.16604865394813e-06,1.04662006548998,0.00518760261198023,0.942582001415338,0.999999999998669,"NF1","Cplx2",166.69,1000,1765
"Tecr",1.16393563556249e-06,1.04565911437451,0.00516881854513872,0.942685870327227,0.999999999998669,"NF1","Cplx2",166.69,1000,1765
"Cox7c",1.14780362117977e-06,1.03827174976198,0.00502653299253473,0.943478898160082,0.999999999998669,"NF1","Cplx2",166.69,1000,1765
"6820431F20Rik",1.14292588970074e-06,1.03602013352738,0.00498390203811918,0.943718691856474,0.999999999998669,"NF1","Cplx2",166.69,1000,1765
"Nrcam",1.14262588465335e-06,1.03588137258611,0.00498128594630665,0.943733440542985,0.999999999998669,"NF1","Cplx2",166.69,1000,1765
"Hspb8",1.13486197469991e-06,1.03227917038998,0.00491382228349985,0.944115132395776,0.999999999998669,"NF1","Cplx2",166.69,1000,1765
"Piezo2",1.1324739214219e-06,1.03116684047073,0.00489316404762423,0.944232537227989,0.999999999998669,"NF1","Cplx2",166.69,1000,1765
"Ebf1",1.12431840640235e-06,1.02735249975071,0.00482294153821805,0.944633499239435,0.999999999998669,"NF1","Cplx2",166.69,1000,1765
"Asap1",1.11010172344056e-06,1.02064488653862,0.0047017432544086,0.945332489165521,0.999999999998669,"NF1","Cplx2",166.69,1000,1765
"Tnfrsf21",1.09126470201772e-06,1.01164021380984,0.00454353179870125,0.946258711453768,0.999999999998669,"NF1","Cplx2",166.69,1000,1765
"Tubb3",1.07682022311859e-06,1.00464240259308,0.0044240473112557,0.946969000316137,0.999999999998669,"NF1","Cplx2",166.69,1000,1765
"Nsf",1.07034076172506e-06,1.00147653765596,0.0043709665833139,0.947287633310981,0.999999999998669,"NF1","Cplx2",166.69,1000,1765
"Zfand5",1.04447961503095e-06,0.988670811468048,0.00416229917580189,0.948559460550839,0.999999999998669,"NF1","Cplx2",166.69,1000,1765
"Ankrd17",1.02211246818449e-06,0.977368731555184,0.00398593973759372,0.949659561942567,0.999999999998669,"NF1","Cplx2",166.69,1000,1765
"Dynll1",1.01564880409448e-06,0.974062219432526,0.0039356863388817,0.949977487502125,0.999999999998669,"NF1","Cplx2",166.69,1000,1765
"Csnk1a1",1.01034891677904e-06,0.971337229598571,0.00389471888771682,0.950238176800961,0.999999999998669,"NF1","Cplx2",166.69,1000,1765
"Wdr31",1.00978020364175e-06,0.971044075024334,0.00389033554178813,0.950266150812439,0.999999999998669,"NF1","Cplx2",166.69,1000,1765
"Prnp",9.9174292733089e-07,0.961670358400039,0.00375259400374956,0.951153404723413,0.999999999998669,"NF1","Cplx2",166.69,1000,1765
"Tshz2",9.88991555344096e-07,0.960227375053205,0.00373180139747936,0.951288750105974,0.999999999998669,"NF1","Cplx2",166.69,1000,1765
"Calm1",9.77691070226538e-07,0.95426351852804,0.00364700747512553,0.951844657820588,0.999999999998669,"NF1","Cplx2",166.69,1000,1765
"Osbpl3",9.74262423378935e-07,0.952442076340384,0.00362147307983082,0.952013328786085,0.999999999998669,"NF1","Cplx2",166.69,1000,1765
"Scn10a",9.57331486186213e-07,0.943364289643457,0.00349669733173338,0.952846271114179,0.999999999998669,"NF1","Cplx2",166.69,1000,1765
"Prph",9.5139338331338e-07,0.940147078989406,0.00345345347641968,0.953138417056467,0.999999999998669,"NF1","Cplx2",166.69,1000,1765
"Pirt",9.51370826249065e-07,0.94013482420496,0.0034532897190296,0.953139526842941,0.999999999998669,"NF1","Cplx2",166.69,1000,1765
"Myl6",9.39065623744025e-07,0.933411329396201,0.00336453648152738,0.953744944788159,0.999999999998669,"NF1","Cplx2",166.69,1000,1765
"Cacnb4",9.36232606502973e-07,0.931852437272401,0.00334426652031445,0.95388433348546,0.999999999998669,"NF1","Cplx2",166.69,1000,1765
"Cmas",9.32833510776203e-07,0.929976581288949,0.00332002714537496,0.954051575954419,0.999999999998669,"NF1","Cplx2",166.69,1000,1765
"Cflar",9.23840485693277e-07,0.924984513150285,0.00325632195526872,0.954494060938734,0.999999999998669,"NF1","Cplx2",166.69,1000,1765
"Mtmr6",9.08482597637154e-07,0.916359789595929,0.00314895592228947,0.955249749460561,0.999999999998669,"NF1","Cplx2",166.69,1000,1765
"Apbb2",9.07854068866995e-07,0.916004099787863,0.00314460025329677,0.955280677229161,0.999999999998669,"NF1","Cplx2",166.69,1000,1765
"Gng3",9.0155236723831e-07,0.912425913074749,0.00310109644028171,0.955590766302867,0.999999999998669,"NF1","Cplx2",166.69,1000,1765
"Map1lc3a",8.97886613126392e-07,0.910334337433548,0.00307592930341785,0.955771150882998,0.999999999998669,"NF1","Cplx2",166.69,1000,1765
"Capn2",8.9349560671308e-07,0.907819062844097,0.00304591794267903,0.955987226689474,0.999999999998669,"NF1","Cplx2",166.69,1000,1765
"Ptges3",8.74071177985085e-07,0.896560424134884,0.00291492212101055,0.956943116554423,0.999999999998669,"NF1","Cplx2",166.69,1000,1765
"Rtn1",8.72792561565984e-07,0.895811641981844,0.00290640029499088,0.957006040359186,0.999999999998669,"NF1","Cplx2",166.69,1000,1765
"Bmpr2",8.72032497319633e-07,0.89536607738374,0.00290134046936888,0.957043445085031,0.999999999998669,"NF1","Cplx2",166.69,1000,1765
"Rps25",8.41853657489485e-07,0.87739306250351,0.00270399922294376,0.958528699368935,0.999999999998669,"NF1","Cplx2",166.69,1000,1765
"Tagln3",8.32313700279969e-07,0.871593820782051,0.00264306256201255,0.958998239405145,0.999999999998669,"NF1","Cplx2",166.69,1000,1765
"Dnajc5",8.29303846060111e-07,0.869752050367605,0.00262398117731776,0.959146382133993,0.999999999998669,"NF1","Cplx2",166.69,1000,1765
"mt-Nd2",8.28815789647606e-07,0.869452849317589,0.00262089359004589,0.959170404031404,0.999999999998669,"NF1","Cplx2",166.69,1000,1765
"Rpl7",8.25888358676331e-07,0.867654946297852,0.00260241195563002,0.959314491526328,0.999999999998669,"NF1","Cplx2",166.69,1000,1765
"Atp6v1g1",8.1935880142824e-07,0.863624528598644,0.00256142475665247,0.959635879649175,0.999999999998669,"NF1","Cplx2",166.69,1000,1765
"Ctsl",8.11149277998022e-07,0.858516935008492,0.0025103537688228,0.960039965863375,0.999999999998669,"NF1","Cplx2",166.69,1000,1765
"Atp5g1",8.02505657892363e-07,0.85308998662394,0.00245713807876267,0.960465430121657,0.999999999998669,"NF1","Cplx2",166.69,1000,1765
"Thy1",7.97074281646022e-07,0.849653553143238,0.0024239906997644,0.960732784112033,0.999999999998669,"NF1","Cplx2",166.69,1000,1765
"Ublcp1",7.92762140822157e-07,0.846910590168847,0.00239783425376494,0.960945048019471,0.999999999998669,"NF1","Cplx2",166.69,1000,1765
"Napb",7.91145878630002e-07,0.84587910636379,0.00238806694025206,0.961024608780996,0.999999999998669,"NF1","Cplx2",166.69,1000,1765
"Srp54a",7.84011163725114e-07,0.841303572139869,0.00234518900743632,0.961375820876136,0.999999999998669,"NF1","Cplx2",166.69,1000,1765
"Zfhx3",7.67003627135243e-07,0.830247337853902,0.00224454435377762,0.962213060684556,0.999999999998669,"NF1","Cplx2",166.69,1000,1765
"Isl1",7.66220160250331e-07,0.829732855293843,0.00223996125149545,0.962251629871642,0.999999999998669,"NF1","Cplx2",166.69,1000,1765
"Clcn3",7.4397679279948e-07,0.814929990109022,0.00211179682977437,0.963346682162797,0.999999999998669,"NF1","Cplx2",166.69,1000,1765
"Tcf25",7.24320814152441e-07,0.801522032003688,0.00200168293628767,0.964314413599599,0.999999999998669,"NF1","Cplx2",166.69,1000,1765
"Tmbim6",7.14750726109015e-07,0.794877977764947,0.00194913790269102,0.964785601067031,0.999999999998669,"NF1","Cplx2",166.69,1000,1765
"Reep1",7.13316283105852e-07,0.79387539082479,0.00194132225023374,0.964856227558962,0.999999999998669,"NF1","Cplx2",166.69,1000,1765
"Fkbp4",7.09230687872646e-07,0.79101008149507,0.00191914767498449,0.965057388164796,0.999999999998669,"NF1","Cplx2",166.69,1000,1765
"Ppp2r2b",7.02415613247618e-07,0.786198128977979,0.00188244228298083,0.965392943856257,0.999999999998669,"NF1","Cplx2",166.69,1000,1765
"Gnas",7.02388770093211e-07,0.78617909481235,0.00188229840883458,0.965394265552141,0.999999999998669,"NF1","Cplx2",166.69,1000,1765
"Jund",7.00161910246117e-07,0.784597826326495,0.00187038201620983,0.965503911398125,0.999999999998669,"NF1","Cplx2",166.69,1000,1765
"Cyb5r3",6.98940794984053e-07,0.783728850684726,0.001863863637153,0.965564036795347,0.999999999998669,"NF1","Cplx2",166.69,1000,1765
"Pbx1",6.94933093540497e-07,0.780867476006538,0.00184255026344729,0.965761369779765,0.999999999998669,"NF1","Cplx2",166.69,1000,1765
"Cdipt",6.92024967660512e-07,0.778782080377737,0.0018271612816223,0.965904562687538,0.999999999998669,"NF1","Cplx2",166.69,1000,1765
"Slc3a2",6.9133680913628e-07,0.778287481514247,0.00182352918308803,0.965938447014589,0.999999999998669,"NF1","Cplx2",166.69,1000,1765
"Rab3a",6.9053961632759e-07,0.777713976012179,0.00181932611973082,0.965977700171841,0.999999999998669,"NF1","Cplx2",166.69,1000,1765
"Ywhag",6.85853203269072e-07,0.774330741888714,0.00179471585308753,0.966208457189569,0.999999999998669,"NF1","Cplx2",166.69,1000,1765
"Paics",6.85000651169313e-07,0.773713083342738,0.00179025677125844,0.966250436802961,0.999999999998669,"NF1","Cplx2",166.69,1000,1765
"Cyb5r1",6.83058174300946e-07,0.772303269681249,0.00178011779784485,0.966346084594642,0.999999999998669,"NF1","Cplx2",166.69,1000,1765
"Prpf19",6.7955346660196e-07,0.769750690108722,0.00176189742524885,0.966518658041929,0.999999999998669,"NF1","Cplx2",166.69,1000,1765
"Dmxl2",6.65467097248776e-07,0.759373186996131,0.00168961023368097,0.967212293196958,0.999999999998669,"NF1","Cplx2",166.69,1000,1765
"Kif1b",6.6358561785583e-07,0.757972523786301,0.00168006964814867,0.967304942114118,0.999999999998669,"NF1","Cplx2",166.69,1000,1765
"Stmn2",6.62809261437522e-07,0.757393550659826,0.00167614078102788,0.96734317204313,0.999999999998669,"NF1","Cplx2",166.69,1000,1765
"Sucla2",6.56536246519047e-07,0.752693441952471,0.00164456397353407,0.967652075326531,0.999999999998669,"NF1","Cplx2",166.69,1000,1765
"Hspb1",6.53747299529258e-07,0.750591128847004,0.00163062152971019,0.967789413542501,0.999999999998669,"NF1","Cplx2",166.69,1000,1765
"Tpi1",6.50792169749159e-07,0.748354938257944,0.00161591307193026,0.967934936265086,0.999999999998669,"NF1","Cplx2",166.69,1000,1765
"Rpl15",6.41713471618527e-07,0.741428748755216,0.00157114283635463,0.968382015291765,0.999999999998669,"NF1","Cplx2",166.69,1000,1765
"Rpl23",6.37047911628171e-07,0.737835839881094,0.0015483799858013,0.968611773916383,0.999999999998669,"NF1","Cplx2",166.69,1000,1765
"Syngr3",6.36321835349683e-07,0.737274618748438,0.00154485246054282,0.968647530263485,0.999999999998669,"NF1","Cplx2",166.69,1000,1765
"Cadm1",6.35251322988461e-07,0.736446139197449,0.00153965888569816,0.968700248822352,0.999999999998669,"NF1","Cplx2",166.69,1000,1765
"Robo2",6.34320871314608e-07,0.735725057732687,0.00153515191660426,0.968746070049711,0.999999999998669,"NF1","Cplx2",166.69,1000,1765
"Acbd5",6.27975213518774e-07,0.730782389730262,0.00150459065773275,0.96905857244999,0.999999999998669,"NF1","Cplx2",166.69,1000,1765
"Fbxw11",6.27036149733402e-07,0.730047226885878,0.0015000941421077,0.969104818602041,0.999999999998669,"NF1","Cplx2",166.69,1000,1765
"Pcbp3",6.24969548295052e-07,0.728425940921381,0.00149022234117602,0.969206593060009,0.999999999998669,"NF1","Cplx2",166.69,1000,1765
"Mafg",6.15911980639244e-07,0.721264124954987,0.00144734031841573,0.969652659341568,0.999999999998669,"NF1","Cplx2",166.69,1000,1765
"Parm1",6.07995623760641e-07,0.714928539403692,0.00141037390178017,0.970042531157056,0.999999999998669,"NF1","Cplx2",166.69,1000,1765
"Pomp",6.04864520156357e-07,0.712402665657143,0.00139588479812773,0.970196736525545,0.999999999998669,"NF1","Cplx2",166.69,1000,1765
"Armcx2",5.99043176315033e-07,0.707675900240463,0.00136914551257658,0.970483437907881,0.999999999998669,"NF1","Cplx2",166.69,1000,1765
"Tbca",5.9795692781719e-07,0.706789436218964,0.00136418465529071,0.970536936106791,0.999999999998669,"NF1","Cplx2",166.69,1000,1765
"Timp2",5.94908106243734e-07,0.704293784599859,0.00135030889867262,0.970687092568979,0.999999999998669,"NF1","Cplx2",166.69,1000,1765
"Actr1a",5.88164879706282e-07,0.698733904839622,0.00131987114176561,0.971019204581838,0.999999999998669,"NF1","Cplx2",166.69,1000,1765
"Gpr158",5.87637221228576e-07,0.698296486422315,0.00131750402049258,0.971045192608911,0.999999999998669,"NF1","Cplx2",166.69,1000,1765
"Rtn4",5.84459216933029e-07,0.69565466809959,0.00130329215192586,0.971201715071325,0.999999999998669,"NF1","Cplx2",166.69,1000,1765
"Hpcal1",5.80590043428793e-07,0.692421216795523,0.00128609344286254,0.971392280364726,0.999999999998669,"NF1","Cplx2",166.69,1000,1765
"Nsg2",5.7245041942606e-07,0.68555674197011,0.00125028526285049,0.971793180043983,0.999999999998669,"NF1","Cplx2",166.69,1000,1765
"Hnrnpu",5.72401806401588e-07,0.685515487900098,0.00125007292108162,0.971795574395492,0.999999999998669,"NF1","Cplx2",166.69,1000,1765
"Msn",5.69086529417835e-07,0.682694788067555,0.00123563433544768,0.97195886330079,0.999999999998669,"NF1","Cplx2",166.69,1000,1765
"Eif4g1",5.622378204547e-07,0.676821800100902,0.00120607264927282,0.972296189717014,0.999999999998669,"NF1","Cplx2",166.69,1000,1765
"L1cam",5.6180275234203e-07,0.676446597469927,0.00120420681701252,0.972317618736549,0.999999999998669,"NF1","Cplx2",166.69,1000,1765
"Cbfb",5.6069879910225e-07,0.675493402443765,0.00119947888759271,0.972371993382395,0.999999999998669,"NF1","Cplx2",166.69,1000,1765
"Ubl3",5.5757532476534e-07,0.672787523254397,0.00118615228109893,0.972525839190175,0.999999999998669,"NF1","Cplx2",166.69,1000,1765
"Dnm1l",5.57569789529105e-07,0.672782716256073,0.00118612873055712,0.972526111827513,0.999999999998669,"NF1","Cplx2",166.69,1000,1765
"Pnkd",5.53435863928983e-07,0.669180912936611,0.00116860557640694,0.972729728687668,0.999999999998669,"NF1","Cplx2",166.69,1000,1765
"Klc1",5.52002372755801e-07,0.667926425687495,0.00116255964992296,0.972800335834105,0.999999999998669,"NF1","Cplx2",166.69,1000,1765
"Gna13",5.51218642241246e-07,0.667239352002048,0.00115926079938917,0.972838938865289,0.999999999998669,"NF1","Cplx2",166.69,1000,1765
"Selenow",5.4979827641854e-07,0.6659919702756,0.00115329419061354,0.972908899843152,0.999999999998669,"NF1","Cplx2",166.69,1000,1765
"Tbc1d9b",5.48699995351328e-07,0.665025506163771,0.00114869113490056,0.972962996484466,0.999999999998669,"NF1","Cplx2",166.69,1000,1765
"Nufip2",5.32322537556585e-07,0.650408444106164,0.00108114280873218,0.973769694826735,0.999999999998669,"NF1","Cplx2",166.69,1000,1765
"Emb",5.30612399750421e-07,0.648859446402031,0.00107420741460405,0.973853932009524,0.999999999998669,"NF1","Cplx2",166.69,1000,1765
"Cct3",5.25943076726077e-07,0.644607667128478,0.00105538481598236,0.974083932861449,0.999999999998669,"NF1","Cplx2",166.69,1000,1765
"Cox6c",5.23672525965935e-07,0.64252816798965,0.00104629207437617,0.974195776109012,0.999999999998669,"NF1","Cplx2",166.69,1000,1765
"Atp1a1",5.12786539883304e-07,0.63244685651495,0.00100324404397495,0.974732007217538,0.999999999998669,"NF1","Cplx2",166.69,1000,1765
"Cntnap2",5.10379210452643e-07,0.630192130350325,0.000993846488984234,0.974850591037003,0.999999999998669,"NF1","Cplx2",166.69,1000,1765
"Pcbp2",5.08619527943566e-07,0.62853808201459,0.000987005146693075,0.974937272451387,0.999999999998669,"NF1","Cplx2",166.69,1000,1765
"Hk1",5.02259841379451e-07,0.622517978192176,0.000962476792903788,0.975250551098759,0.999999999998669,"NF1","Cplx2",166.69,1000,1765
"Dclk1",4.95061443773539e-07,0.615622669951401,0.000935086020724106,0.975605149320164,0.999999999998669,"NF1","Cplx2",166.69,1000,1765
"Itm2b",4.94680091703533e-07,0.615254925246012,0.000933645958491257,0.975623935131342,0.999999999998669,"NF1","Cplx2",166.69,1000,1765
"Sv2b",4.9376282550057e-07,0.614369368561134,0.000930186721294831,0.975669120701721,0.999999999998669,"NF1","Cplx2",166.69,1000,1765
"Itm2c",4.91599702173641e-07,0.612275291134613,0.000922054472073842,0.975775678911731,0.999999999998669,"NF1","Cplx2",166.69,1000,1765
"Mapk8ip2",4.89841192104168e-07,0.61056694247156,0.000915469675452136,0.975862305676047,0.999999999998669,"NF1","Cplx2",166.69,1000,1765
"Tango2",4.87172538745109e-07,0.607964099169371,0.000905521895063722,0.975993767966411,0.999999999998669,"NF1","Cplx2",166.69,1000,1765
"Dpysl3",4.84798721318828e-07,0.605638280787632,0.000896718826313406,0.976110706697867,0.999999999998669,"NF1","Cplx2",166.69,1000,1765
"Etnk1",4.80358665681555e-07,0.601261035564587,0.00088036874535214,0.976329433603894,0.999999999998669,"NF1","Cplx2",166.69,1000,1765
"Utrn",4.80336191876102e-07,0.601238789487485,0.000880286370349907,0.97633054071752,0.999999999998669,"NF1","Cplx2",166.69,1000,1765
"Pcmt1",4.7777149984637e-07,0.598694063555836,0.000870911119318448,0.976456883904844,0.999999999998669,"NF1","Cplx2",166.69,1000,1765
"Tagln2",4.76644439215802e-07,0.597571982391361,0.000866807015676269,0.976512405936471,0.999999999998669,"NF1","Cplx2",166.69,1000,1765
"Camk2g",4.76339748883562e-07,0.597268238271532,0.000865699173932093,0.97652741581956,0.999999999998669,"NF1","Cplx2",166.69,1000,1765
"Kif5a",4.76273601294385e-07,0.597202273569877,0.000865458757559429,0.976530674432683,0.999999999998669,"NF1","Cplx2",166.69,1000,1765
"Tanc1",4.75847266661924e-07,0.59677692461295,0.000863910026338722,0.976551676864767,0.999999999998669,"NF1","Cplx2",166.69,1000,1765
"Dnaja1",4.75440500609706e-07,0.596370787009554,0.000862433674160987,0.97657171530921,0.999999999998669,"NF1","Cplx2",166.69,1000,1765
"Sod1",4.74967664862385e-07,0.595898298227508,0.000860719109698607,0.976595008551997,0.999999999998669,"NF1","Cplx2",166.69,1000,1765
"Elavl2",4.73167651816291e-07,0.594095819695625,0.000854207635367596,0.976683682531083,0.999999999998669,"NF1","Cplx2",166.69,1000,1765
"Rab14",4.72109051351595e-07,0.59303295625257,0.000850389736754161,0.976735832463003,0.999999999998669,"NF1","Cplx2",166.69,1000,1765
"Eif5a",4.69467615914379e-07,0.59037173220553,0.000840900548900376,0.97686595817269,0.999999999998669,"NF1","Cplx2",166.69,1000,1765
"Rps29",4.67136732969602e-07,0.588012447245733,0.000832571220402019,0.976980785566952,0.999999999998669,"NF1","Cplx2",166.69,1000,1765
"Asic3",4.6140500499226e-07,0.58216662619365,0.000812265408569616,0.977263152430164,0.999999999998669,"NF1","Cplx2",166.69,1000,1765
"Calm3",4.53555663415162e-07,0.574056736361683,0.000784864244680909,0.977649845661763,0.999999999998669,"NF1","Cplx2",166.69,1000,1765
"Opcml",4.50412806821585e-07,0.570774974549292,0.00077402469590085,0.977804678135217,0.999999999998669,"NF1","Cplx2",166.69,1000,1765
"Nptn",4.45639622996597e-07,0.565752173600836,0.000757706394946812,0.978039830092244,0.999999999998669,"NF1","Cplx2",166.69,1000,1765
"Scg2",4.43609817417528e-07,0.563601893163777,0.000750819691232771,0.978139829492642,0.999999999998669,"NF1","Cplx2",166.69,1000,1765
"Elavl4",4.42798132009898e-07,0.562739613602082,0.000748074612931296,0.978179817681793,0.999999999998669,"NF1","Cplx2",166.69,1000,1765
"Fam126b",4.42047548189138e-07,0.561941008487903,0.000745540650976263,0.97821679571186,0.999999999998669,"NF1","Cplx2",166.69,1000,1765
"Pafah1b2",4.4023291109958e-07,0.560005344437971,0.000739432218180696,0.978306195253979,0.999999999998669,"NF1","Cplx2",166.69,1000,1765
"Trnp1",4.28449134089188e-07,0.547262447428745,0.000700377031586394,0.978886738997559,0.999999999998669,"NF1","Cplx2",166.69,1000,1765
"Calca",4.25286199861624e-07,0.543789720939291,0.000690074433131785,0.979042567155066,0.999999999998669,"NF1","Cplx2",166.69,1000,1765
"Acot7",4.25145277554873e-07,0.543634469079162,0.000689617184487577,0.979049509987523,0.999999999998669,"NF1","Cplx2",166.69,1000,1765
"Snap47",4.24665616531477e-07,0.54310569537579,0.000688061970762754,0.979073141503881,0.999999999998669,"NF1","Cplx2",166.69,1000,1765
"Nacc2",4.24514685985443e-07,0.542939202543781,0.000687572969015,0.979080577420739,0.999999999998669,"NF1","Cplx2",166.69,1000,1765
"Pfn2",4.21580458795248e-07,0.539692060886201,0.000678100868533809,0.979225138772942,0.999999999998669,"NF1","Cplx2",166.69,1000,1765
"Gclm",4.17817243523838e-07,0.53549835996422,0.00066604883878783,0.979410543099647,0.999999999998669,"NF1","Cplx2",166.69,1000,1765
"Jak1",4.17615843866411e-07,0.5352729880791,0.00066540688501531,0.979420465595046,0.999999999998669,"NF1","Cplx2",166.69,1000,1765
"Rufy3",4.17345352784365e-07,0.534970150769584,0.000664545191944888,0.979433792070176,0.999999999998669,"NF1","Cplx2",166.69,1000,1765
"Actr3",4.15627548541724e-07,0.533042894060603,0.000659085880128797,0.979518424478543,0.999999999998669,"NF1","Cplx2",166.69,1000,1765
"Sptbn1",4.14059005970094e-07,0.531276981142907,0.000654120600416996,0.979595703296532,0.999999999998669,"NF1","Cplx2",166.69,1000,1765
"Paqr9",4.10897402351537e-07,0.527699630296723,0.000644169484691749,0.979751469487843,0.999999999998669,"NF1","Cplx2",166.69,1000,1765
"Fxyd7",4.01370522724539e-07,0.516771922745622,0.000614644931201244,0.980220845354314,0.999999999998669,"NF1","Cplx2",166.69,1000,1765
"Tspyl1",3.96315262476871e-07,0.510880544019146,0.000599259533477707,0.980469913658271,0.999999999998669,"NF1","Cplx2",166.69,1000,1765
"Adam11",3.94786857085673e-07,0.509086358331832,0.00059464631029966,0.980545217247076,0.999999999998669,"NF1","Cplx2",166.69,1000,1765
"Chmp3",3.90102923490946e-07,0.503549682414572,0.000580619699062409,0.980775992836648,0.999999999998669,"NF1","Cplx2",166.69,1000,1765
"Vamp2",3.88904505380379e-07,0.502123710856198,0.000577057785967868,0.98083503869089,0.999999999998669,"NF1","Cplx2",166.69,1000,1765
"Atp6v0e2",3.88120557637795e-07,0.501188820052039,0.000574733682292604,0.980873663718196,0.999999999998669,"NF1","Cplx2",166.69,1000,1765
"S100a6",3.88047563251388e-07,0.501101686821173,0.000574517520656003,0.980877260146637,0.999999999998669,"NF1","Cplx2",166.69,1000,1765
"Hspa4l",3.87984861676831e-07,0.501026828606955,0.000574331872059197,0.980880349449251,0.999999999998669,"NF1","Cplx2",166.69,1000,1765
"Pafah1b1",3.87062053530168e-07,0.499923875411262,0.000571603065387114,0.980925816181427,0.999999999998669,"NF1","Cplx2",166.69,1000,1765
"Ncdn",3.76506591581531e-07,0.48714083654039,0.000540852104758751,0.981445887874515,0.999999999998669,"NF1","Cplx2",166.69,1000,1765
"Clstn1",3.75332429669629e-07,0.485699502945863,0.000537483995222089,0.98150373977752,0.999999999998669,"NF1","Cplx2",166.69,1000,1765
"Arl6ip1",3.72346554198019e-07,0.482016303500167,0.000528966336778541,0.981650856704167,0.999999999998669,"NF1","Cplx2",166.69,1000,1765
"Ids",3.71913059325177e-07,0.481479416043721,0.000527735382918124,0.981672215461177,0.999999999998669,"NF1","Cplx2",166.69,1000,1765
"Tmem233",3.70357996233545e-07,0.479548924873634,0.000523331417541256,0.98174883519443,0.999999999998669,"NF1","Cplx2",166.69,1000,1765
"Capza2",3.6815953078761e-07,0.476807522250871,0.000517136809853748,0.981857156383061,0.999999999998669,"NF1","Cplx2",166.69,1000,1765
"Lrrc49",3.67058459427108e-07,0.475429122933388,0.000514048186519007,0.981911407695231,0.999999999998669,"NF1","Cplx2",166.69,1000,1765
"Ywhaq",3.64840511609616e-07,0.472641482498664,0.000507854691151954,0.982020689312302,0.999999999998669,"NF1","Cplx2",166.69,1000,1765
"Rbfox3",3.62348465008509e-07,0.469491534865929,0.000500940572907391,0.982143476590149,0.999999999998669,"NF1","Cplx2",166.69,1000,1765
"Gabarapl1",3.62215992233144e-07,0.469323557444953,0.000500574357157792,0.982150003755829,0.999999999998669,"NF1","Cplx2",166.69,1000,1765
"Cyfip2",3.61081013264016e-07,0.46788217283508,0.000497442241160613,0.982205926206591,0.999999999998669,"NF1","Cplx2",166.69,1000,1765
"Actb",3.59211006407276e-07,0.465498629593488,0.000492303163763371,0.982298064991122,0.999999999998669,"NF1","Cplx2",166.69,1000,1765
"Ehd3",3.58719782500704e-07,0.464870700713619,0.000490957627429315,0.982322268563878,0.999999999998669,"NF1","Cplx2",166.69,1000,1765
"Mbnl1",3.55814054298341e-07,0.461140810029894,0.000483036059612131,0.982465439867505,0.999999999998669,"NF1","Cplx2",166.69,1000,1765
"Sri",3.52953953493036e-07,0.457443282568529,0.000475301798982743,0.982606363565441,0.999999999998669,"NF1","Cplx2",166.69,1000,1765
"Rap1gds1",3.52606379180952e-07,0.456992148940526,0.000474366145185288,0.982623489382585,0.999999999998669,"NF1","Cplx2",166.69,1000,1765
"Slc25a4",3.499829242408e-07,0.453574388708149,0.000467333665291099,0.982752753535967,0.999999999998669,"NF1","Cplx2",166.69,1000,1765
"Atp1b1",3.46084954202796e-07,0.448454460028417,0.000456981684780783,0.982944817055093,0.999999999998669,"NF1","Cplx2",166.69,1000,1765
"Dctn6",3.45044599686935e-07,0.447079412180582,0.00045423837925965,0.982996078301528,0.999999999998669,"NF1","Cplx2",166.69,1000,1765
"Stmn3",3.43556416706112e-07,0.445106124134322,0.000450328553988961,0.983069405460944,0.999999999998669,"NF1","Cplx2",166.69,1000,1765
"Prkca",3.4217321088689e-07,0.443265292741944,0.000446709683194141,0.983137560214635,0.999999999998669,"NF1","Cplx2",166.69,1000,1765
"Kcnd1",3.41917982353055e-07,0.442924909632476,0.000446043526216099,0.983150136113493,0.999999999998669,"NF1","Cplx2",166.69,1000,1765
"Acly",3.4146176746519e-07,0.442315926906741,0.000444854024931153,0.983172615241759,0.999999999998669,"NF1","Cplx2",166.69,1000,1765
"Skp1a",3.40592525051411e-07,0.441153630860832,0.000442592021746807,0.983215445559439,0.999999999998669,"NF1","Cplx2",166.69,1000,1765
"Fez1",3.3924019857567e-07,0.439340197801172,0.000439084365928664,0.983282079049948,0.999999999998669,"NF1","Cplx2",166.69,1000,1765
"Mpp1",3.31811451472501e-07,0.429263776778717,0.000420064612658151,0.983648119465975,0.999999999998669,"NF1","Cplx2",166.69,1000,1765
"Slc9a9",3.2513929920781e-07,0.420043347285956,0.00040334092228442,0.983976882738234,0.999999999998669,"NF1","Cplx2",166.69,1000,1765
"Elovl7",3.22834381120205e-07,0.416819491452878,0.000397642610366852,0.984090455783477,0.999999999998669,"NF1","Cplx2",166.69,1000,1765
"Pclo",3.21463380190981e-07,0.414892295357308,0.000394272394430726,0.984158010940532,0.999999999998669,"NF1","Cplx2",166.69,1000,1765
"Ubash3b",3.20588460530582e-07,0.413658658488283,0.00039212915037707,0.984201122083097,0.999999999998669,"NF1","Cplx2",166.69,1000,1765
"Eif4g3",3.18296007470231e-07,0.410412225766496,0.000386541153710627,0.98431408155394,0.999999999998669,"NF1","Cplx2",166.69,1000,1765
"Pitpnm2",3.17232832489501e-07,0.408899649554762,0.000383963210371521,0.984366469072939,0.999999999998669,"NF1","Cplx2",166.69,1000,1765
"Srgap3",3.15859807013535e-07,0.406939651500356,0.000380646716369784,0.984434124450018,0.999999999998669,"NF1","Cplx2",166.69,1000,1765
"Ncoa7",3.15439843423751e-07,0.406338658420351,0.000379635182231076,0.984454818039649,0.999999999998669,"NF1","Cplx2",166.69,1000,1765
"Tonsl",3.14095496893402e-07,0.404410083315187,0.000376406207085215,0.984521060413048,0.999999999998669,"NF1","Cplx2",166.69,1000,1765
"Rbfox1",3.14057393737168e-07,0.404355315692515,0.000376314888395691,0.984522937939072,0.999999999998669,"NF1","Cplx2",166.69,1000,1765
"Gnb1",3.12625190059267e-07,0.402292493501572,0.000372890478318875,0.9845935095743,0.999999999998669,"NF1","Cplx2",166.69,1000,1765
"Tpt1",3.11723759604035e-07,0.400989893017778,0.000370743177109937,0.984637927495325,0.999999999998669,"NF1","Cplx2",166.69,1000,1765
"Atp6v1b2",3.10774255650958e-07,0.39961424361891,0.000368488065168845,0.984684714286003,0.999999999998669,"NF1","Cplx2",166.69,1000,1765
"Kif1a",3.0463299940079e-07,0.390626564301254,0.00035406846602786,0.98498732584533,0.999999999998669,"NF1","Cplx2",166.69,1000,1765
"Atp5g3",3.00516517379907e-07,0.384512659818303,0.000344564119328398,0.985190167484698,0.999999999998669,"NF1","Cplx2",166.69,1000,1765
"Gprasp1",3.00343268621203e-07,0.384253737613878,0.000344166949154738,0.985198704422029,0.999999999998669,"NF1","Cplx2",166.69,1000,1765
"Ttl",3.00153788802543e-07,0.38397040774892,0.000343732831747656,0.985208041156593,0.999999999998669,"NF1","Cplx2",166.69,1000,1765
"Rcan2",2.98933731677161e-07,0.382142282215967,0.000340944118916358,0.985268160270048,0.999999999998669,"NF1","Cplx2",166.69,1000,1765
"Tubb4a",2.97479609491814e-07,0.379954860028046,0.00033763523442773,0.985339813201784,0.999999999998669,"NF1","Cplx2",166.69,1000,1765
"Dok4",2.886579368541e-07,0.366479666033182,0.000317907199148665,0.985774510072042,0.999999999998669,"NF1","Cplx2",166.69,1000,1765
"Kifap3",2.86208504455499e-07,0.362674028156108,0.000312534830932299,0.985895209093474,0.999999999998669,"NF1","Cplx2",166.69,1000,1765
"Ndn",2.8546987670261e-07,0.361520824800883,0.000310923774522953,0.985931606016499,0.999999999998669,"NF1","Cplx2",166.69,1000,1765
"Gnaq",2.80266469558469e-07,0.353321812917552,0.000299692339562054,0.986188012058928,0.999999999998669,"NF1","Cplx2",166.69,1000,1765
"Gm765",2.79339485400642e-07,0.351847158847388,0.000297713147247904,0.986233690806666,0.999999999998669,"NF1","Cplx2",166.69,1000,1765
"Nefm",2.79174486316782e-07,0.351584226663509,0.000297361547195573,0.98624182142665,0.999999999998669,"NF1","Cplx2",166.69,1000,1765
"Lamtor1",2.77657962872329e-07,0.349161179845996,0.000294139684557454,0.986316550852773,0.999999999998669,"NF1","Cplx2",166.69,1000,1765
"Atp2a2",2.77596475309239e-07,0.349062692358931,0.000294009424076876,0.986319580765808,0.999999999998669,"NF1","Cplx2",166.69,1000,1765
"Tspan3",2.75261681670777e-07,0.34530870041588,0.000289084544911322,0.986434632172532,0.999999999998669,"NF1","Cplx2",166.69,1000,1765
"Gars",2.75143415541804e-07,0.345117803673517,0.000288836188036978,0.986440459968983,0.999999999998669,"NF1","Cplx2",166.69,1000,1765
"Usp22",2.73159702120942e-07,0.341905050058495,0.000284686332263847,0.986538211462674,0.999999999998669,"NF1","Cplx2",166.69,1000,1765
"Fam168a",2.71413711368782e-07,0.339060311434726,0.000281058629212115,0.986624248857998,0.999999999998669,"NF1","Cplx2",166.69,1000,1765
"Capns1",2.68526824156488e-07,0.334321277711059,0.00027511147628734,0.98676650668554,0.999999999998669,"NF1","Cplx2",166.69,1000,1765
"Ran",2.67957820295321e-07,0.333381943798797,0.000273946798304322,0.986794545673873,0.999999999998669,"NF1","Cplx2",166.69,1000,1765
"Anxa2",2.66286945308496e-07,0.330613441422405,0.000270541010470697,0.986876882018188,0.999999999998669,"NF1","Cplx2",166.69,1000,1765
"Deptor",2.65337292991089e-07,0.329033141571455,0.000268614804333759,0.986923678460162,0.999999999998669,"NF1","Cplx2",166.69,1000,1765
"Stxbp1",2.64388952576498e-07,0.327450062090539,0.000266698126562785,0.98697041029981,0.999999999998669,"NF1","Cplx2",166.69,1000,1765
"Ppp1cb",2.64113331424449e-07,0.326989028477274,0.000266142359546662,0.98698399222803,0.999999999998669,"NF1","Cplx2",166.69,1000,1765
"Ap1ar",2.63465909728302e-07,0.32590441773539,0.000264839167849226,0.9870158955817,0.999999999998669,"NF1","Cplx2",166.69,1000,1765
"Akap6",2.62436838659418e-07,0.324175613761778,0.000262774338495631,0.987066605723341,0.999999999998669,"NF1","Cplx2",166.69,1000,1765
"Bace1",2.61953698471651e-07,0.32336190112468,0.000261807706055048,0.987090413725194,0.999999999998669,"NF1","Cplx2",166.69,1000,1765
"Cnn3",2.61439329891829e-07,0.322494143834359,0.000260780551676671,0.98711576060073,0.999999999998669,"NF1","Cplx2",166.69,1000,1765
"Cpe",2.61050511216962e-07,0.321837198266728,0.000260005450630722,0.987134920680457,0.999999999998669,"NF1","Cplx2",166.69,1000,1765
"Son",2.60392123480543e-07,0.320722829234798,0.000258695600443062,0.987167364513309,0.999999999998669,"NF1","Cplx2",166.69,1000,1765
"Spin1",2.55631624368352e-07,0.312590919390381,0.000249323098620709,0.987401951584885,0.999999999998669,"NF1","Cplx2",166.69,1000,1765
"Gcnt2",2.5311910617937e-07,0.308245278456237,0.000244446156329039,0.987525763472453,0.999999999998669,"NF1","Cplx2",166.69,1000,1765
"Uba1",2.51676385995009e-07,0.305732811074018,0.000241667524973702,0.987596857983002,0.999999999998669,"NF1","Cplx2",166.69,1000,1765
"Etv5",2.49914634001132e-07,0.302647552600205,0.000238295988356788,0.987683673908702,0.999999999998669,"NF1","Cplx2",166.69,1000,1765
"Fgf13",2.4914180687273e-07,0.30128811473269,0.00023682447103066,0.987721757466418,0.999999999998669,"NF1","Cplx2",166.69,1000,1765
"Pgm2l1",2.46770920833849e-07,0.297094395202104,0.000232338574105558,0.987838590722655,0.999999999998669,"NF1","Cplx2",166.69,1000,1765
"Phf24",2.43837434068813e-07,0.291856288500054,0.000226847561643767,0.98798314835235,0.999999999998669,"NF1","Cplx2",166.69,1000,1765
"Kif21a",2.43208481358059e-07,0.290726017337119,0.000225678812636153,0.988014142207608,0.999999999998669,"NF1","Cplx2",166.69,1000,1765
"Mia3",2.4172672685443e-07,0.288053025278044,0.000222937280575914,0.988087160939779,0.999999999998669,"NF1","Cplx2",166.69,1000,1765
"Nckap1",2.39751840891848e-07,0.284468004459067,0.000219309405372559,0.988184480636474,0.999999999998669,"NF1","Cplx2",166.69,1000,1765
"Arf1",2.39186992410592e-07,0.28343786460917,0.000218277249296141,0.988212315634492,0.999999999998669,"NF1","Cplx2",166.69,1000,1765
"Pcp4l1",2.38840794253881e-07,0.282805431211488,0.00021764583959613,0.988229375836179,0.999999999998669,"NF1","Cplx2",166.69,1000,1765
"Kcnb1",2.38213652264725e-07,0.281657718584398,0.000216504362547516,0.988260280603744,0.999999999998669,"NF1","Cplx2",166.69,1000,1765
"Ptgir",2.37764698823853e-07,0.280834472901486,0.000215689054252404,0.988282404474835,0.999999999998669,"NF1","Cplx2",166.69,1000,1765
"Mapre1",2.34641395843365e-07,0.275069204332114,0.0002100596431677,0.988436317236764,0.999999999998669,"NF1","Cplx2",166.69,1000,1765
"Spag9",2.34142705215876e-07,0.274142447144318,0.000209167699479751,0.988460892174645,0.999999999998669,"NF1","Cplx2",166.69,1000,1765
"Ppp3r1",2.33575112795042e-07,0.273085533339161,0.000208154829127884,0.988488862532133,0.999999999998669,"NF1","Cplx2",166.69,1000,1765
"Fkbp8",2.33182131484028e-07,0.272352441136366,0.000207454993060979,0.98850822824608,0.999999999998669,"NF1","Cplx2",166.69,1000,1765
"Rpl38",2.32087070015017e-07,0.270303907095158,0.000205511083034613,0.988562191782241,0.999999999998669,"NF1","Cplx2",166.69,1000,1765
"Grina",2.28140815245105e-07,0.262850557535488,0.000198581750469656,0.988756659710639,0.999999999998669,"NF1","Cplx2",166.69,1000,1765
"Vdac1",2.25672628755479e-07,0.258131119758343,0.000194308201502137,0.988878290087889,0.999999999998669,"NF1","Cplx2",166.69,1000,1765
"Frmpd1",2.24566240831684e-07,0.256000863397475,0.000192407631945107,0.988932812138239,0.999999999998669,"NF1","Cplx2",166.69,1000,1765
"Impad1",2.24282712687278e-07,0.255453471035396,0.000191922086651444,0.988946784222215,0.999999999998669,"NF1","Cplx2",166.69,1000,1765
"Ywhaz",2.23604021416216e-07,0.254140687124974,0.00019076231144754,0.988980229703807,0.999999999998669,"NF1","Cplx2",166.69,1000,1765
"Cd164",2.21227253770362e-07,0.249515591976741,0.000186728501828187,0.989097355479959,0.999999999998669,"NF1","Cplx2",166.69,1000,1765
"Wbp2",2.21212207248045e-07,0.249486173364146,0.000186703102434795,0.989098096964889,0.999999999998669,"NF1","Cplx2",166.69,1000,1765
"App",2.20899042818472e-07,0.248873482407047,0.00018617485505701,0.989113529550053,0.999999999998669,"NF1","Cplx2",166.69,1000,1765
"Atp6v1a",2.19677101368562e-07,0.246475497693565,0.000184120834758927,0.989173746247398,0.999999999998669,"NF1","Cplx2",166.69,1000,1765
"Tmsb4x",2.1961767337603e-07,0.246358575589844,0.000184021229916222,0.989176674832368,0.999999999998669,"NF1","Cplx2",166.69,1000,1765
"Srp14",2.19526751855323e-07,0.246179637513987,0.0001838688922068,0.989181155404645,0.999999999998669,"NF1","Cplx2",166.69,1000,1765
"Htr3a",2.15195476312437e-07,0.23757916204176,0.000176684979995427,0.989394599138086,0.999999999998669,"NF1","Cplx2",166.69,1000,1765
"Calr",2.14700984349381e-07,0.236587622289741,0.000175873913496287,0.989418967576447,0.999999999998669,"NF1","Cplx2",166.69,1000,1765
"Adam22",2.1317322398322e-07,0.233511488788433,0.000173379866090366,0.989494255281568,0.999999999998669,"NF1","Cplx2",166.69,1000,1765
"Atp6v0d1",2.11303274642974e-07,0.229719909071611,0.000170351440916259,0.989586406113635,0.999999999998669,"NF1","Cplx2",166.69,1000,1765
"Sept5",2.09168448675688e-07,0.225355075553039,0.000166926661315808,0.989691610197197,0.999999999998669,"NF1","Cplx2",166.69,1000,1765
"Ank2",2.06511531866582e-07,0.219867825358179,0.000162712895245631,0.989822543133319,0.999999999998669,"NF1","Cplx2",166.69,1000,1765
"Bcam",2.05569086645584e-07,0.217906523920759,0.000161231156417028,0.989868986926725,0.999999999998669,"NF1","Cplx2",166.69,1000,1765
"Caprin1",2.05256054475536e-07,0.217253333225581,0.000160740497900587,0.989884413190529,0.999999999998669,"NF1","Cplx2",166.69,1000,1765
"Mapk9",2.05212722298348e-07,0.217162844948372,0.000160672636316392,0.989886548605843,0.999999999998669,"NF1","Cplx2",166.69,1000,1765
"Vdac2",2.03511526245391e-07,0.2135970031388,0.000158019753132735,0.989970383825175,0.999999999998669,"NF1","Cplx2",166.69,1000,1765
"Arl8b",2.00257004197677e-07,0.206701728775182,0.000153006114345578,0.990130767511009,0.999999999998669,"NF1","Cplx2",166.69,1000,1765
"Stmn1",1.99765175522721e-07,0.205651159722426,0.000152255475087559,0.990155004989798,0.999999999998669,"NF1","Cplx2",166.69,1000,1765
"Swi5",1.99261690373647e-07,0.204573337238364,0.000151488957439342,0.990179816912876,0.999999999998669,"NF1","Cplx2",166.69,1000,1765
"Prkce",1.98514894517806e-07,0.202970242520259,0.000150355580242779,0.990216619289602,0.999999999998669,"NF1","Cplx2",166.69,1000,1765
"Morf4l2",1.97781264266787e-07,0.20139024612334,0.000149246327655881,0.99025277288071,0.999999999998669,"NF1","Cplx2",166.69,1000,1765
"Sorl1",1.97634000297671e-07,0.201072468447721,0.000149024158743646,0.990260030110204,0.999999999998669,"NF1","Cplx2",166.69,1000,1765
"Basp1",1.97413191910794e-07,0.200595601164906,0.000148691347568393,0.990270911640627,0.999999999998669,"NF1","Cplx2",166.69,1000,1765
"Arl8a",1.91648374420901e-07,0.187976901981663,0.000140134037874582,0.990555004912035,0.999999999998669,"NF1","Cplx2",166.69,1000,1765
"Cdk14",1.90265884522637e-07,0.184901262486583,0.000138119566055846,0.990623134928761,0.999999999998669,"NF1","Cplx2",166.69,1000,1765
"Pitpna",1.90209789356015e-07,0.18477605330792,0.000138038135819814,0.990625899337126,0.999999999998669,"NF1","Cplx2",166.69,1000,1765
"Armc1",1.89051922770577e-07,0.182184329274836,0.000136362688108599,0.990682959823354,0.999999999998669,"NF1","Cplx2",166.69,1000,1765
"Klhdc2",1.87684926240788e-07,0.17910649846919,0.000134397795271318,0.990750326442828,0.999999999998669,"NF1","Cplx2",166.69,1000,1765
"Slc25a3",1.85239070636617e-07,0.173550143675636,0.000130917753149593,0.990870860214998,0.999999999998669,"NF1","Cplx2",166.69,1000,1765
"Ywhae",1.85068530508387e-07,0.173160322952271,0.00013067680556986,0.990879264580329,0.999999999998669,"NF1","Cplx2",166.69,1000,1765
"Rap1b",1.83743685265622e-07,0.170121203827198,0.000128812557061527,0.990944554136573,0.999999999998669,"NF1","Cplx2",166.69,1000,1765
"Rnf14",1.83729571250326e-07,0.170088723658428,0.0001287927687072,0.990945249688173,0.999999999998669,"NF1","Cplx2",166.69,1000,1765
"Clip3",1.83275844071575e-07,0.169043405800075,0.000128157436863069,0.990967609782764,0.999999999998669,"NF1","Cplx2",166.69,1000,1765
"Anxa6",1.78908836019355e-07,0.15886462277361,0.000122122851634405,0.991182820334631,0.999999999998669,"NF1","Cplx2",166.69,1000,1765
"Cpeb4",1.75204165063288e-07,0.150057175237034,0.000117117612069437,0.991365390751384,0.999999999998669,"NF1","Cplx2",166.69,1000,1765
"Nrp2",1.74879311327748e-07,0.1492770961919,0.000116683708887992,0.991381399936269,0.999999999998669,"NF1","Cplx2",166.69,1000,1765
"Morf4l1",1.74792019595792e-07,0.149067263635265,0.000116567251647971,0.99138570177896,0.999999999998669,"NF1","Cplx2",166.69,1000,1765
"Mllt11",1.73416693889242e-07,0.145749043011617,0.000114740083349803,0.991453479535052,0.999999999998669,"NF1","Cplx2",166.69,1000,1765
"Plekhm3",1.72204154068895e-07,0.142804354387702,0.000113141153914587,0.991513235052007,0.999999999998669,"NF1","Cplx2",166.69,1000,1765
"Il6st",1.69627695686148e-07,0.136486427894508,0.000109780923850027,0.991640206382036,0.999999999998669,"NF1","Cplx2",166.69,1000,1765
"Psmd11",1.69041176323007e-07,0.135036415958332,0.000109023060348718,0.991669110873816,0.999999999998669,"NF1","Cplx2",166.69,1000,1765
"Rab10",1.68569383659485e-07,0.133866826232253,0.000108415344500929,0.991692361481856,0.999999999998669,"NF1","Cplx2",166.69,1000,1765
"Rpl19",1.67645506215639e-07,0.131568155504263,0.000107230218125897,0.991737891486063,0.999999999998669,"NF1","Cplx2",166.69,1000,1765
"Ppp2r1a",1.66766295498953e-07,0.12937026806056,0.000106108437525801,0.991781220274944,0.999999999998669,"NF1","Cplx2",166.69,1000,1765
"Lhfpl4",1.66759716303995e-07,0.12935378280741,0.000106100065398515,0.991781544507377,0.999999999998669,"NF1","Cplx2",166.69,1000,1765
"Gfra1",1.6493695186991e-07,0.124764403909998,0.000103793291591159,0.99187137307968,0.999999999998669,"NF1","Cplx2",166.69,1000,1765
"Atp5a1",1.64712893094892e-07,0.124197196732473,0.000103511486918839,0.991882415040176,0.999999999998669,"NF1","Cplx2",166.69,1000,1765
"Hspa5",1.64695906709754e-07,0.124154167900619,0.000103490138312954,0.991883252155384,0.999999999998669,"NF1","Cplx2",166.69,1000,1765
"Aldoa",1.62778989100602e-07,0.119273143036999,0.000101095087035994,0.991977720863111,0.999999999998669,"NF1","Cplx2",166.69,1000,1765
"Trappc3l",1.62277427946544e-07,0.117987697188344,0.000100473050357982,0.992002438602429,0.999999999998669,"NF1","Cplx2",166.69,1000,1765
"Tspyl4",1.60902590997762e-07,0.114446173417573,9.8777818701515e-05,0.99207019281492,0.999999999998669,"NF1","Cplx2",166.69,1000,1765
"Atp8a1",1.60446362644167e-07,0.113265076377766,9.82184572691723e-05,0.992092676506712,0.999999999998669,"NF1","Cplx2",166.69,1000,1765
"Mfn2",1.60383415473352e-07,0.113101885547902,9.81414052112156e-05,0.992095778648439,0.999999999998669,"NF1","Cplx2",166.69,1000,1765
"S100b",1.6008204213322e-07,0.112319793889915,9.77729205516952e-05,0.992110630831722,0.999999999998669,"NF1","Cplx2",166.69,1000,1765
"Map4",1.58496564055431e-07,0.108183919562335,9.58457941305788e-05,0.992188765893451,0.999999999998669,"NF1","Cplx2",166.69,1000,1765
"Atp6ap2",1.58190627023546e-07,0.107381675362475,9.5476139710717e-05,0.992203843000421,0.999999999998669,"NF1","Cplx2",166.69,1000,1765
"Cisd1",1.57515270435221e-07,0.105605886535217,9.46626553801048e-05,0.992237125753006,0.999999999998669,"NF1","Cplx2",166.69,1000,1765
"Atg12",1.55944570284035e-07,0.101449881878935,9.27841668377792e-05,0.992314532652761,0.999999999998669,"NF1","Cplx2",166.69,1000,1765
"Tmem56",1.55328281356637e-07,0.0998091640084606,9.20522546724863e-05,0.992344904488078,0.999999999998669,"NF1","Cplx2",166.69,1000,1765
"Nrxn2",1.55286774736623e-07,0.0996984575418674,9.20030650795654e-05,0.992346950009939,0.999999999998669,"NF1","Cplx2",166.69,1000,1765
"Cfl1",1.53372759772122e-07,0.0945649596902042,8.97490418776181e-05,0.992441276209222,0.999999999998669,"NF1","Cplx2",166.69,1000,1765
"Samd14",1.51074042507692e-07,0.0883248065390356,8.70789246380485e-05,0.992554561389242,0.999999999998669,"NF1","Cplx2",166.69,1000,1765
"Atp6v1f",1.50958084380306e-07,0.0880078205672242,8.69452996465528e-05,0.992560276031371,0.999999999998669,"NF1","Cplx2",166.69,1000,1765
"Atp6ap1",1.50950093439242e-07,0.0879859684634751,8.6936095020259e-05,0.992560669840508,0.999999999998669,"NF1","Cplx2",166.69,1000,1765
"Dynlt3",1.50638837555359e-07,0.0871340139861184,8.65779438915381e-05,0.99257600913801,0.999999999998669,"NF1","Cplx2",166.69,1000,1765
"Eps15",1.4952942787479e-07,0.0840847679373803,8.53073987989282e-05,0.992630683034822,0.999999999998669,"NF1","Cplx2",166.69,1000,1765
"Klf7",1.49483364589433e-07,0.0839577326856465,8.5254848155851e-05,0.992632953125111,0.999999999998669,"NF1","Cplx2",166.69,1000,1765
"Vamp1",1.48674015883673e-07,0.0817200517826172,8.43341556734325e-05,0.992672839448255,0.999999999998669,"NF1","Cplx2",166.69,1000,1765
"Bcl2",1.45609749195801e-07,0.0731499339164084,8.08936187732775e-05,0.992823852805097,0.999999999998669,"NF1","Cplx2",166.69,1000,1765
"Ggnbp2",1.45449971774508e-07,0.0726987405775221,8.07161872125737e-05,0.992831726971724,0.999999999998669,"NF1","Cplx2",166.69,1000,1765
"Cend1",1.40867631066933e-07,0.0595698504746547,7.57104415177546e-05,0.993057554632326,0.999999999998669,"NF1","Cplx2",166.69,1000,1765
"Pgam1",1.40741169374105e-07,0.0592022370116224,7.55745668265752e-05,0.993063786946025,0.999999999998669,"NF1","Cplx2",166.69,1000,1765
"Pebp1",1.37788114580689e-07,0.0505344247729375,7.24364021884425e-05,0.993209320178634,0.999999999998669,"NF1","Cplx2",166.69,1000,1765
"Spock2",1.35210564906762e-07,0.042834457999088,6.97516701448966e-05,0.993336347852796,0.999999999998669,"NF1","Cplx2",166.69,1000,1765
"2010107E04Rik",1.34420938973345e-07,0.0404498045091512,6.89393534226691e-05,0.993375262498863,0.999999999998669,"NF1","Cplx2",166.69,1000,1765
"Cdc42",1.34175010293457e-07,0.0397045935705242,6.86873293684429e-05,0.993387382452977,0.999999999998669,"NF1","Cplx2",166.69,1000,1765
"Cnih1",1.32927903209466e-07,0.0359070611859724,6.74164166443941e-05,0.99344884289916,0.999999999998669,"NF1","Cplx2",166.69,1000,1765
"Cplx1",1.32459705371397e-07,0.0344732855291938,6.69423456312902e-05,0.993471916828368,0.999999999998669,"NF1","Cplx2",166.69,1000,1765
"Atp5b",1.30439610939881e-07,0.0282356254491598,6.49160888349842e-05,0.993571472061881,0.999999999998669,"NF1","Cplx2",166.69,1000,1765
"Fstl1",1.30295017986905e-07,0.0277859052606193,6.47722489925872e-05,0.993578597962911,0.999999999998669,"NF1","Cplx2",166.69,1000,1765
"Mapt",1.29760532487258e-07,0.0261197098840372,6.42419321609004e-05,0.993604938744643,0.999999999998669,"NF1","Cplx2",166.69,1000,1765
"Tnk2",1.29198108701834e-07,0.0243599019416462,6.36862487355819e-05,0.993632656402475,0.999999999998669,"NF1","Cplx2",166.69,1000,1765
"Myl12b",1.2862860627465e-07,0.0225710790292851,6.31260310036683e-05,0.993660722921395,0.999999999998669,"NF1","Cplx2",166.69,1000,1765
"Eef1a1",1.27408630194605e-07,0.018715579954031,6.19342737527783e-05,0.993720846452232,0.999999999998669,"NF1","Cplx2",166.69,1000,1765
"Ap1s2",1.27055788314182e-07,0.017594449380812,6.15917106778848e-05,0.993738235406124,0.999999999998669,"NF1","Cplx2",166.69,1000,1765
"Epn1",1.2657454150544e-07,0.0160609066661523,6.11260147875155e-05,0.993761952489396,0.999999999998669,"NF1","Cplx2",166.69,1000,1765
"Msmo1",1.2549565866045e-07,0.0126042480483291,6.00884167296946e-05,0.993815122637091,0.999999999998669,"NF1","Cplx2",166.69,1000,1765
"Canx",1.24490846963067e-07,0.00936136471764271,5.91300436535342e-05,0.993864642391029,0.999999999998669,"NF1","Cplx2",166.69,1000,1765
"Ap3b2",1.24481046811428e-07,0.00932962317308346,5.91207343653517e-05,0.993865125368303,0.999999999998669,"NF1","Cplx2",166.69,1000,1765
"Napa",1.21417829321551e-07,-0.000700971717692633,5.62468603001192e-05,0.994016088900268,0.999999999998669,"NF1","Cplx2",166.69,1000,1765
"Ndufa4",1.21352704826168e-07,-0.000916625073378505,5.6186538582204e-05,0.994019298411527,0.999999999998669,"NF1","Cplx2",166.69,1000,1765
"Irs2",1.20851467234809e-07,-0.00257983268955959,5.57233491839207e-05,0.994044000758841,0.999999999998669,"NF1","Cplx2",166.69,1000,1765
"Tuba4a",1.18375197142761e-07,-0.010886543831544,5.34631799780346e-05,0.994166038145251,0.999999999998669,"NF1","Cplx2",166.69,1000,1765
"Eno2",1.17971324323092e-07,-0.0122557890962945,5.30989906649104e-05,0.994185942119279,0.999999999998669,"NF1","Cplx2",166.69,1000,1765
"Slc25a51",1.17292377883421e-07,-0.0145669145620132,5.24895607077745e-05,0.994219402493273,0.999999999998669,"NF1","Cplx2",166.69,1000,1765
"Gnao1",1.16896557407348e-07,-0.0159197074765279,5.21358909008725e-05,0.994238909634893,0.999999999998669,"NF1","Cplx2",166.69,1000,1765
"Tomm20",1.1558922475471e-07,-0.0204165269579379,5.09762704569883e-05,0.99430333867382,0.999999999998669,"NF1","Cplx2",166.69,1000,1765
"Zbtb7a",1.15452380069281e-07,-0.0208898081735022,5.08556415245179e-05,0.994310082767883,0.999999999998669,"NF1","Cplx2",166.69,1000,1765
"Jph3",1.14774601716052e-07,-0.0232412089608993,5.02602847898855e-05,0.994343485612669,0.999999999998669,"NF1","Cplx2",166.69,1000,1765
"Coro2b",1.12382809618682e-07,-0.031637587475227,4.8187359290847e-05,0.99446136000809,0.999999999998669,"NF1","Cplx2",166.69,1000,1765
"Arfgef3",1.11723813698395e-07,-0.033978548597548,4.7623889322216e-05,0.994493837244235,0.999999999998669,"NF1","Cplx2",166.69,1000,1765
"Rpl13a",1.10065253515738e-07,-0.0399243661911748,4.62204141776002e-05,0.99457557595548,0.999999999998669,"NF1","Cplx2",166.69,1000,1765
"Scg3",1.09605618105773e-07,-0.0415860422881339,4.58351848801859e-05,0.994598228146951,0.999999999998669,"NF1","Cplx2",166.69,1000,1765
"Ndfip2",1.09590875421122e-07,-0.0416394412927447,4.58228554349811e-05,0.994598954710095,0.999999999998669,"NF1","Cplx2",166.69,1000,1765
"Anxa5",1.09054639379609e-07,-0.0435860239500036,4.53755234730982e-05,0.994625382012748,0.999999999998669,"NF1","Cplx2",166.69,1000,1765
"Sdcbp",1.08292099553739e-07,-0.0463686291443561,4.47431858598051e-05,0.994662962247281,0.999999999998669,"NF1","Cplx2",166.69,1000,1765
"Kif1bp",1.07816105598866e-07,-0.0481143242265718,4.43507162351692e-05,0.994686420653562,0.999999999998669,"NF1","Cplx2",166.69,1000,1765
"Pcyox1",1.06939139977576e-07,-0.0513483637367001,4.36321617484155e-05,0.994729640155293,0.999999999998669,"NF1","Cplx2",166.69,1000,1765
"Dync1i2",1.06387315925379e-07,-0.0533953136223164,4.31830248861248e-05,0.994756835711149,0.999999999998669,"NF1","Cplx2",166.69,1000,1765
"Bcl2l2",1.05426251148058e-07,-0.0569826687763269,4.24063490542919e-05,0.994804199900412,0.999999999998669,"NF1","Cplx2",166.69,1000,1765
"Ube3a",1.05400512813203e-07,-0.0570791360644033,4.23856457556979e-05,0.994805468363927,0.999999999998669,"NF1","Cplx2",166.69,1000,1765
"Ctnna2",1.05062477881617e-07,-0.0583480142273005,4.21142077378888e-05,0.994822127755898,0.999999999998669,"NF1","Cplx2",166.69,1000,1765
"Bag3",1.04406394586624e-07,-0.0608210096615475,4.15898691364385e-05,0.994854461547262,0.999999999998669,"NF1","Cplx2",166.69,1000,1765
"Tm9sf2",1.03786613183146e-07,-0.0631697341972072,4.10975598397976e-05,0.994885006278149,0.999999999998669,"NF1","Cplx2",166.69,1000,1765
"Fgf1",1.03501991482201e-07,-0.0642524651049461,4.08724591663822e-05,0.994899033312147,0.999999999998669,"NF1","Cplx2",166.69,1000,1765
"Pin1",1.02575657263407e-07,-0.0677945275321818,4.01441228687663e-05,0.99494468592626,0.999999999998669,"NF1","Cplx2",166.69,1000,1765
"Cacybp",1.0253140584278e-07,-0.0679644352892059,4.01094937699178e-05,0.994946866773489,0.999999999998669,"NF1","Cplx2",166.69,1000,1765
"Epb41l1",1.02354923388748e-07,-0.0686426982980171,3.99715354578475e-05,0.994955564376461,0.999999999998669,"NF1","Cplx2",166.69,1000,1765
"Dopey2",1.02175417709302e-07,-0.0693336342686045,3.98314576640966e-05,0.994964410973977,0.999999999998669,"NF1","Cplx2",166.69,1000,1765
"Ccser2",1.00727007684751e-07,-0.0749480400566239,3.87101827222321e-05,0.995035793142017,0.999999999998669,"NF1","Cplx2",166.69,1000,1765
"Ube2b",1.00005830607157e-07,-0.0777699834524837,3.81578590005169e-05,0.995071335014815,0.999999999998669,"NF1","Cplx2",166.69,1000,1765
"Mprip",9.96176393339619e-08,-0.0792963680015234,3.78622002585177e-05,0.995090466304765,0.999999999998669,"NF1","Cplx2",166.69,1000,1765
"Pitpnc1",9.93991144046979e-08,-0.0801579158373051,3.76962706140479e-05,0.995101235903553,0.999999999998669,"NF1","Cplx2",166.69,1000,1765
"Hspa12a",9.87218096879319e-08,-0.0828388353657522,3.71842967378354e-05,0.995134615625119,0.999999999998669,"NF1","Cplx2",166.69,1000,1765
"Pak3",9.79896159542831e-08,-0.0857552416967804,3.66347698461126e-05,0.995170700460855,0.999999999998669,"NF1","Cplx2",166.69,1000,1765
"Fam63b",9.77165979898694e-08,-0.0868475999149075,3.64309111716635e-05,0.995184155656932,0.999999999998669,"NF1","Cplx2",166.69,1000,1765
"Rtn3",9.70677724628528e-08,-0.0894543714662746,3.59487242902887e-05,0.995216131853821,0.999999999998669,"NF1","Cplx2",166.69,1000,1765
"Rab2a",9.67627679637662e-08,-0.0906850703565448,3.57231644343144e-05,0.995231163453586,0.999999999998669,"NF1","Cplx2",166.69,1000,1765
"Syt2",9.51730906668205e-08,-0.0971551187439286,3.45590425647711e-05,0.995309507875636,0.999999999998669,"NF1","Cplx2",166.69,1000,1765
"Gabarapl2",9.47963718872014e-08,-0.0987022753170932,3.42859974435537e-05,0.995328073798231,0.999999999998669,"NF1","Cplx2",166.69,1000,1765
"Fabp5",9.45062756492509e-08,-0.0998973623018607,3.40764742325915e-05,0.99534237068291,0.999999999998669,"NF1","Cplx2",166.69,1000,1765
"Magee1",9.42261872862618e-08,-0.101054280249461,3.38747885686821e-05,0.99535617434843,0.999999999998669,"NF1","Cplx2",166.69,1000,1765
"Arhgdig",9.42222888863145e-08,-0.101070404061813,3.38719856378625e-05,0.995356366474269,0.999999999998669,"NF1","Cplx2",166.69,1000,1765
"Ppp3cb",9.40116819776814e-08,-0.101942347526197,3.37207326460885e-05,0.995366745868659,0.999999999998669,"NF1","Cplx2",166.69,1000,1765
"Eif1b",9.3303671022328e-08,-0.104886243171837,3.32147370823879e-05,0.995401638960221,0.999999999998669,"NF1","Cplx2",166.69,1000,1765
"Kcnb2",9.32723914234905e-08,-0.105016754923754,3.31924706594345e-05,0.995403180521184,0.999999999998669,"NF1","Cplx2",166.69,1000,1765
"Kif5b",9.32150141066358e-08,-0.105256257338565,3.3151645950345e-05,0.995406008263115,0.999999999998669,"NF1","Cplx2",166.69,1000,1765
"March6",9.25612186359558e-08,-0.107994486218017,3.26882359349068e-05,0.995438229447401,0.999999999998669,"NF1","Cplx2",166.69,1000,1765
"Nfe2l1",9.25107509018229e-08,-0.108206560614834,3.2652600028503e-05,0.995440716663109,0.999999999998669,"NF1","Cplx2",166.69,1000,1765
"Endod1",9.21277088521637e-08,-0.10981949050699,3.23827627316221e-05,0.995459594234928,0.999999999998669,"NF1","Cplx2",166.69,1000,1765
"Rpl18a",9.1138611123847e-08,-0.114011817007184,3.16911623567889e-05,0.9955083402353,0.999999999998669,"NF1","Cplx2",166.69,1000,1765
"Tmx2",9.09229039717833e-08,-0.114931401878159,3.15413263970804e-05,0.995518970997886,0.999999999998669,"NF1","Cplx2",166.69,1000,1765
"Snap25",9.02907299068414e-08,-0.117637508719955,3.11042464311293e-05,0.99555012663329,0.999999999998669,"NF1","Cplx2",166.69,1000,1765
"Fam174a",9.01967481106131e-08,-0.11804122979681,3.10395285672714e-05,0.99555475836861,0.999999999998669,"NF1","Cplx2",166.69,1000,1765
"U2af2",8.92634634175193e-08,-0.12207054453297,3.04005067666423e-05,0.995600753748692,0.999999999998669,"NF1","Cplx2",166.69,1000,1765
"Clu",8.9178943364288e-08,-0.12243727083522,3.03429639401542e-05,0.995604919179324,0.999999999998669,"NF1","Cplx2",166.69,1000,1765
"Scamp1",8.81023039463648e-08,-0.127135627389593,2.96147375199649e-05,0.995657979577678,0.999999999998669,"NF1","Cplx2",166.69,1000,1765
"Crip2",8.65402704834298e-08,-0.134042612291157,2.8573921868275e-05,0.995734961855214,0.999999999998669,"NF1","Cplx2",166.69,1000,1765
"Iscu",8.62435106927263e-08,-0.135367178483758,2.83782891964525e-05,0.995749587183132,0.999999999998669,"NF1","Cplx2",166.69,1000,1765
"Fbxo11",8.5941479918968e-08,-0.136719386112127,2.8179871756071e-05,0.995764472284419,0.999999999998669,"NF1","Cplx2",166.69,1000,1765
"Flot1",8.541137795167e-08,-0.139102799523991,2.78333072159234e-05,0.995790597511505,0.999999999998669,"NF1","Cplx2",166.69,1000,1765
"Ankrd46",8.47301364404041e-08,-0.142184898848728,2.73910807256935e-05,0.995824171415755,0.999999999998669,"NF1","Cplx2",166.69,1000,1765
"Rpl27a",8.35556833361393e-08,-0.147549855747759,2.66370022245671e-05,0.995882052486156,0.999999999998669,"NF1","Cplx2",166.69,1000,1765
"Susd2",8.3024026149166e-08,-0.150000287606155,2.62991030384092e-05,0.995908254379911,0.999999999998669,"NF1","Cplx2",166.69,1000,1765
"Nrxn1",8.2933837966089e-08,-0.15041733489629,2.62419971580772e-05,0.995912699164035,0.999999999998669,"NF1","Cplx2",166.69,1000,1765
"Atp6v1e1",8.16679404307281e-08,-0.156313496754714,2.54469984300685e-05,0.9959750869656,0.999999999998669,"NF1","Cplx2",166.69,1000,1765
"Map2k1",8.09193071778991e-08,-0.159838263302003,2.49826019180898e-05,0.996011982208862,0.999999999998669,"NF1","Cplx2",166.69,1000,1765
"Gap43",7.99985735336126e-08,-0.164212793672635,2.44173114356176e-05,0.996057359168014,0.999999999998669,"NF1","Cplx2",166.69,1000,1765
"Atxn7l3b",7.9994379557389e-08,-0.164232820732859,2.44147513164869e-05,0.996057565861792,0.999999999998669,"NF1","Cplx2",166.69,1000,1765
"Rab1a",7.94367776809576e-08,-0.166903723151275,2.40755708904294e-05,0.996085046429572,0.999999999998669,"NF1","Cplx2",166.69,1000,1765
"Cd151",7.85852139595604e-08,-0.171014631142374,2.35621564983298e-05,0.996127014472624,0.999999999998669,"NF1","Cplx2",166.69,1000,1765
"Ppp2r2c",7.82931136830312e-08,-0.172433750284265,2.33873215395505e-05,0.996141410199896,0.999999999998669,"NF1","Cplx2",166.69,1000,1765
"Noct",7.78964004891371e-08,-0.174368574805329,2.31509136996021e-05,0.996160961621071,0.999999999998669,"NF1","Cplx2",166.69,1000,1765
"Snap91",7.74946562206089e-08,-0.176336772341008,2.29127316292162e-05,0.996180760993644,0.999999999998669,"NF1","Cplx2",166.69,1000,1765
"Actr1b",7.73955106745813e-08,-0.176823877119871,2.2854140696319e-05,0.996185647235724,0.999999999998669,"NF1","Cplx2",166.69,1000,1765
"Sh3bgrl2",7.73689374652686e-08,-0.176954525107018,2.2838449770537e-05,0.996186956857196,0.999999999998669,"NF1","Cplx2",166.69,1000,1765
"Clmp",7.70207005377178e-08,-0.178670293226352,2.26333211177634e-05,0.996204119202082,0.999999999998669,"NF1","Cplx2",166.69,1000,1765
"Oaz1",7.58111446005761e-08,-0.184683180018865,2.19280222765995e-05,0.996263730401364,0.999999999998669,"NF1","Cplx2",166.69,1000,1765
"Timm17a",7.51835426572159e-08,-0.187836345166049,2.15664631713432e-05,0.996294660855534,0.999999999998669,"NF1","Cplx2",166.69,1000,1765
"Nfia",7.50752140816152e-08,-0.188382940876206,2.15043596565392e-05,0.996299999673288,0.999999999998669,"NF1","Cplx2",166.69,1000,1765
"Ccdc92",7.41526513018736e-08,-0.193066201748147,2.09790937507513e-05,0.996345466857221,0.999999999998669,"NF1","Cplx2",166.69,1000,1765
"Rab6a",7.36768372723714e-08,-0.19550163287468,2.07107251672117e-05,0.996368916674144,0.999999999998669,"NF1","Cplx2",166.69,1000,1765
"Epb41l3",7.34880677753511e-08,-0.196471667500327,2.06047340598509e-05,0.996378219910883,0.999999999998669,"NF1","Cplx2",166.69,1000,1765
"Lynx1",7.30856532919671e-08,-0.198546888620958,2.03796923220281e-05,0.996398052339188,0.999999999998669,"NF1","Cplx2",166.69,1000,1765
"Parva",7.26180877523893e-08,-0.20097072486518,2.01197682186894e-05,0.996421095647888,0.999999999998669,"NF1","Cplx2",166.69,1000,1765
"Fgf12",7.19871321743717e-08,-0.204263377806096,1.97716585300653e-05,0.996452191409103,0.999999999998669,"NF1","Cplx2",166.69,1000,1765
"Cbx6",7.17786432944143e-08,-0.205356950673029,1.96572991575223e-05,0.996462466492487,0.999999999998669,"NF1","Cplx2",166.69,1000,1765
"Prrt2",7.10881481901594e-08,-0.208998779275465,1.92809202724296e-05,0.996496496583903,0.999999999998669,"NF1","Cplx2",166.69,1000,1765
"Fbxo31",7.08761997741946e-08,-0.21012287286683,1.91661200251395e-05,0.996506942168254,0.999999999998669,"NF1","Cplx2",166.69,1000,1765
"Nars",7.06793592910539e-08,-0.21116948581992,1.90598098807494e-05,0.996516643179581,0.999999999998669,"NF1","Cplx2",166.69,1000,1765
"Uhmk1",7.03074937626769e-08,-0.213153720376221,1.88597786096601e-05,0.996534970059914,0.999999999998669,"NF1","Cplx2",166.69,1000,1765
"Cacnb3",6.97255827597731e-08,-0.216277301997639,1.85488787287318e-05,0.996563648745794,0.999999999998669,"NF1","Cplx2",166.69,1000,1765
"Fnbp1",6.86130966092294e-08,-0.222313144571507,1.79616982686613e-05,0.996618476112642,0.999999999998669,"NF1","Cplx2",166.69,1000,1765
"Slc30a9",6.72154485343372e-08,-0.230019116635868,1.72373920131822e-05,0.996687357319685,0.999999999998669,"NF1","Cplx2",166.69,1000,1765
"Syn1",6.68138705324427e-08,-0.232259240074511,1.70320380532221e-05,0.996707148556408,0.999999999998669,"NF1","Cplx2",166.69,1000,1765
"Rpn1",6.66237959686965e-08,-0.233323657410912,1.69352691547789e-05,0.996716516128716,0.999999999998669,"NF1","Cplx2",166.69,1000,1765
"Cadm3",6.6298192585006e-08,-0.235153246524634,1.6770141772712e-05,0.996732563059879,0.999999999998669,"NF1","Cplx2",166.69,1000,1765
"Eea1",6.61284836637755e-08,-0.236109982619524,1.66843958440862e-05,0.99674092693963,0.999999999998669,"NF1","Cplx2",166.69,1000,1765
"Nat8l",6.56653718018585e-08,-0.23873179090663,1.64515253716753e-05,0.996763750797118,0.999999999998669,"NF1","Cplx2",166.69,1000,1765
"Ntrk3",6.56077154552736e-08,-0.239059335304238,1.64226480989108e-05,0.996766592314324,0.999999999998669,"NF1","Cplx2",166.69,1000,1765
"Tgoln1",6.55447675649064e-08,-0.239417229514682,1.63911495132762e-05,0.996769694618352,0.999999999998669,"NF1","Cplx2",166.69,1000,1765
"Bnip3",6.55208207641721e-08,-0.23955345979644,1.63791746782761e-05,0.996770874804959,0.999999999998669,"NF1","Cplx2",166.69,1000,1765
"Creg2",6.54042951509834e-08,-0.240216983561291,1.63209673426495e-05,0.996776617616789,0.999999999998669,"NF1","Cplx2",166.69,1000,1765
"Srgap1",6.46976522487513e-08,-0.24426314464484,1.59702016136662e-05,0.996811443587855,0.999999999998669,"NF1","Cplx2",166.69,1000,1765
"Vwa5a",6.45337760195018e-08,-0.245207021613112,1.58894004783603e-05,0.996819520014315,0.999999999998669,"NF1","Cplx2",166.69,1000,1765
"Cacna2d1",6.41741131677934e-08,-0.247285968660905,1.57127828260192e-05,0.996837245530532,0.999999999998669,"NF1","Cplx2",166.69,1000,1765
"Tmem179",6.39425301702767e-08,-0.248629999990397,1.55995830470349e-05,0.996848658798419,0.999999999998669,"NF1","Cplx2",166.69,1000,1765
"Eif4a2",6.36400956442583e-08,-0.250391679304266,1.54523666239603e-05,0.99686356389303,0.999999999998669,"NF1","Cplx2",166.69,1000,1765
"Copg1",6.34119393055677e-08,-0.251725558871129,1.53417685610046e-05,0.996874808283934,0.999999999998669,"NF1","Cplx2",166.69,1000,1765
"Capzb",6.19921888073944e-08,-0.260121867742656,1.46624754360998e-05,0.996944778870078,0.999999999998669,"NF1","Cplx2",166.69,1000,1765
"Kif3c",6.14602907017544e-08,-0.263310995064189,1.44119443524149e-05,0.99697099279351,0.999999999998669,"NF1","Cplx2",166.69,1000,1765
"Dnajb6",6.14125236537556e-08,-0.263598578595741,1.43895510799232e-05,0.996973346932039,0.999999999998669,"NF1","Cplx2",166.69,1000,1765
"Eef1a2",6.12715831634798e-08,-0.26444826273388,1.43235794157274e-05,0.996980293005948,0.999999999998669,"NF1","Cplx2",166.69,1000,1765
"Dpp6",6.09134206320619e-08,-0.266615252926051,1.41566121197356e-05,0.996997944594607,0.999999999998669,"NF1","Cplx2",166.69,1000,1765
"Scd1",6.05941425343724e-08,-0.268556431282936,1.40085970975077e-05,0.997013679814228,0.999999999998669,"NF1","Cplx2",166.69,1000,1765
"Mgll",6.03867854172399e-08,-0.269821956533678,1.39128844754475e-05,0.997023899149661,0.999999999998669,"NF1","Cplx2",166.69,1000,1765
"Npepps",5.99965531185053e-08,-0.27221397145946,1.37336494211237e-05,0.997043131260365,0.999999999998669,"NF1","Cplx2",166.69,1000,1765
"Bag1",5.99644341638153e-08,-0.272411459491007,1.37189488302712e-05,0.997044714202946,0.999999999998669,"NF1","Cplx2",166.69,1000,1765
"Zwint",5.85979166409834e-08,-0.280900950657609,1.31007967101752e-05,0.997112061323647,0.999999999998669,"NF1","Cplx2",166.69,1000,1765
"Abhd2",5.84899610508451e-08,-0.281579008886029,1.30525696902758e-05,0.997117381781852,0.999999999998669,"NF1","Cplx2",166.69,1000,1765
"Myh10",5.83778181980768e-08,-0.282284531298192,1.30025662658289e-05,0.99712290860427,0.999999999998669,"NF1","Cplx2",166.69,1000,1765
"Akt1",5.80851660124988e-08,-0.284131308414191,1.28725274391283e-05,0.997137331607547,0.999999999998669,"NF1","Cplx2",166.69,1000,1765
"Klc2",5.78514905497414e-08,-0.285611788145514,1.27691639312734e-05,0.997148848016197,0.999999999998669,"NF1","Cplx2",166.69,1000,1765
"Map7d2",5.69079113734604e-08,-0.29164385956443,1.23560213291732e-05,0.997195351164906,0.999999999998669,"NF1","Cplx2",166.69,1000,1765
"Rab11fip5",5.59397046078268e-08,-0.297925337740493,1.19391578411945e-05,0.997243068064217,0.999999999998669,"NF1","Cplx2",166.69,1000,1765
"Tprgl",5.5938960166238e-08,-0.297930204090458,1.19388400723913e-05,0.997243104753124,0.999999999998669,"NF1","Cplx2",166.69,1000,1765
"Add1",5.57197669843823e-08,-0.299365529745771,1.18454602442767e-05,0.997253907425335,0.999999999998669,"NF1","Cplx2",166.69,1000,1765
"Hmbox1",5.34698400025831e-08,-0.314392362115041,1.09081506055167e-05,0.997364792398023,0.999999999998669,"NF1","Cplx2",166.69,1000,1765
"Lamp2",5.31503694893714e-08,-0.316570869350148,1.0778192411557e-05,0.997380537126103,0.999999999998669,"NF1","Cplx2",166.69,1000,1765
"Rangap1",5.21008870539688e-08,-0.323809244001305,1.03567523466624e-05,0.997432259639355,0.999999999998669,"NF1","Cplx2",166.69,1000,1765
"Ywhab",5.20639702996353e-08,-0.324066184948727,1.03420807259456e-05,0.997434079038574,0.999999999998669,"NF1","Cplx2",166.69,1000,1765
"Hint1",5.18078722105527e-08,-0.325853046250296,1.02405873894841e-05,0.997446700534831,0.999999999998669,"NF1","Cplx2",166.69,1000,1765
"Dstn",5.14960363981924e-08,-0.328039302962435,1.0117680536195e-05,0.997462069000772,0.999999999998669,"NF1","Cplx2",166.69,1000,1765
"Atxn10",5.100928862834e-08,-0.331475194732299,9.92731700433399e-06,0.997486057801328,0.999999999998669,"NF1","Cplx2",166.69,1000,1765
"Bsg",5.08690520542362e-08,-0.332470447733396,9.87280696280508e-06,0.997492969199019,0.999999999998669,"NF1","Cplx2",166.69,1000,1765
"Nefl",5.05047180547644e-08,-0.335067413086705,9.7318914985089e-06,0.997510924980539,0.999999999998669,"NF1","Cplx2",166.69,1000,1765
"Tubb2b",5.03090209971451e-08,-0.336469134551433,9.65661881922704e-06,0.997520569685138,0.999999999998669,"NF1","Cplx2",166.69,1000,1765
"Pcsk2",4.90182092570047e-08,-0.345836631870884,9.16744344221929e-06,0.997584185867426,0.999999999998669,"NF1","Cplx2",166.69,1000,1765
"Syn2",4.84033395105677e-08,-0.350375151744907,8.93889855466387e-06,0.997614489026018,0.999999999998669,"NF1","Cplx2",166.69,1000,1765
"Mapk3",4.70723772406315e-08,-0.360375321079625,8.4540657157161e-06,0.997680084004778,0.999999999998669,"NF1","Cplx2",166.69,1000,1765
"Kcna1",4.6883581467727e-08,-0.361813883615857,8.38638733626624e-06,0.997689388593419,0.999999999998669,"NF1","Cplx2",166.69,1000,1765
"Prkar1a",4.65376645125199e-08,-0.364462904948914,8.26309080427095e-06,0.99770643672472,0.999999999998669,"NF1","Cplx2",166.69,1000,1765
"Tmx4",4.59985246412747e-08,-0.368626290761606,8.07274363735655e-06,0.997733007634003,0.999999999998669,"NF1","Cplx2",166.69,1000,1765
"Ctnnb1",4.50436485162474e-08,-0.376106384363403,7.74106079476421e-06,0.997780067648599,0.999999999998669,"NF1","Cplx2",166.69,1000,1765
"Fxr2",4.48518525903075e-08,-0.377625599256686,7.67527824668576e-06,0.997789520099793,0.999999999998669,"NF1","Cplx2",166.69,1000,1765
"Chl1",4.47671704865139e-08,-0.37829818152994,7.64632313792115e-06,0.99779369356421,0.999999999998669,"NF1","Cplx2",166.69,1000,1765
"Ntrk1",4.4449018243673e-08,-0.380835107418286,7.53802723864082e-06,0.997809373348374,0.999999999998669,"NF1","Cplx2",166.69,1000,1765
"Cadps",4.39433416354774e-08,-0.384900335889796,7.36748932347156e-06,0.997834295066844,0.999999999998669,"NF1","Cplx2",166.69,1000,1765
"Capn5",4.36181320818272e-08,-0.387536508797596,7.2588443310137e-06,0.997850322665063,0.999999999998669,"NF1","Cplx2",166.69,1000,1765
"Slc9a6",4.35939776801221e-08,-0.387732993832185,7.25080710032758e-06,0.997851513088446,0.999999999998669,"NF1","Cplx2",166.69,1000,1765
"Uhrf1bp1l",4.29707919119775e-08,-0.392835662509887,7.04498497404541e-06,0.997882226122002,0.999999999998669,"NF1","Cplx2",166.69,1000,1765
"Tmem59",4.26560885255342e-08,-0.395437199323468,6.94217271668263e-06,0.997897735937706,0.999999999998669,"NF1","Cplx2",166.69,1000,1765
"Rab6b",4.24589289646984e-08,-0.397075642417166,6.8781465661761e-06,0.997907452733622,0.999999999998669,"NF1","Cplx2",166.69,1000,1765
"Ypel3",4.22477025995493e-08,-0.398838411568676,6.80988144052398e-06,0.997917862797133,0.999999999998669,"NF1","Cplx2",166.69,1000,1765
"Eef2",4.22404661588431e-08,-0.39889893954249,6.80754876538186e-06,0.997918219437313,0.999999999998669,"NF1","Cplx2",166.69,1000,1765
"Rpl35a",4.19184129318892e-08,-0.401601960237481,6.70413914258697e-06,0.997934091483835,0.999999999998669,"NF1","Cplx2",166.69,1000,1765
"Rnf187",4.15164333589426e-08,-0.405001506338353,6.5761760253864e-06,0.997953902615407,0.999999999998669,"NF1","Cplx2",166.69,1000,1765
"Myt1l",4.15045818298571e-08,-0.405102172680008,6.57242201229594e-06,0.99795448670531,0.999999999998669,"NF1","Cplx2",166.69,1000,1765
"Ddx5",4.14713441709359e-08,-0.405384626506319,6.56189958603474e-06,0.997956124787696,0.999999999998669,"NF1","Cplx2",166.69,1000,1765
"Prr13",4.13688847066896e-08,-0.406256579936789,6.52951586668078e-06,0.997961174392599,0.999999999998669,"NF1","Cplx2",166.69,1000,1765
"Klf9",4.11582121414151e-08,-0.408055424566649,6.46318160379612e-06,0.997971557164486,0.999999999998669,"NF1","Cplx2",166.69,1000,1765
"Atl1",4.06914602502035e-08,-0.412069793941438,6.31742226547686e-06,0.997994560533079,0.999999999998669,"NF1","Cplx2",166.69,1000,1765
"Hprt",4.05913649944231e-08,-0.412935938956389,6.28638055524539e-06,0.997999493621104,0.999999999998669,"NF1","Cplx2",166.69,1000,1765
"Uqcrh",4.02487438797602e-08,-0.415914972832514,6.18070504103543e-06,0.998016379338236,0.999999999998669,"NF1","Cplx2",166.69,1000,1765
"Zfr",4.01632069236837e-08,-0.416662174346801,6.15446238754671e-06,0.998020594936255,0.999999999998669,"NF1","Cplx2",166.69,1000,1765
"Cystm1",4.00960989709204e-08,-0.417249369300063,6.13391281719966e-06,0.99802390228046,0.999999999998669,"NF1","Cplx2",166.69,1000,1765
"Ago2",4.00163437244393e-08,-0.417948351163251,6.10953512485241e-06,0.998027832933153,0.999999999998669,"NF1","Cplx2",166.69,1000,1765
"Cpne6",3.99707348012563e-08,-0.418348621552857,6.09561628589988e-06,0.998030080720558,0.999999999998669,"NF1","Cplx2",166.69,1000,1765
"S100a10",3.97950601866038e-08,-0.419894122949703,6.04215257941108e-06,0.998038738657758,0.999999999998669,"NF1","Cplx2",166.69,1000,1765
"Ppp2ca",3.93993969815811e-08,-0.423397034036214,5.92260141586588e-06,0.998058238500333,0.999999999998669,"NF1","Cplx2",166.69,1000,1765
"Slc24a2",3.9087594141612e-08,-0.426179331780435,5.82923061085433e-06,0.998073605374331,0.999999999998669,"NF1","Cplx2",166.69,1000,1765
"Map2k4",3.88557460932723e-08,-0.428260830629169,5.76028354098061e-06,0.998085031761245,0.999999999998669,"NF1","Cplx2",166.69,1000,1765
"Ackr1",3.86938949299074e-08,-0.429720379589586,5.7123952902276e-06,0.998093008425625,0.999999999998669,"NF1","Cplx2",166.69,1000,1765
"Rraga",3.85987771620502e-08,-0.430580639309564,5.68434526036059e-06,0.998097696204875,0.999999999998669,"NF1","Cplx2",166.69,1000,1765
"Tac1",3.85922147899983e-08,-0.430640059014367,5.68241257646771e-06,0.998098019624489,0.999999999998669,"NF1","Cplx2",166.69,1000,1765
"1110008P14Rik",3.85213396667268e-08,-0.431282371309192,5.66156008724159e-06,0.998101512630519,0.999999999998669,"NF1","Cplx2",166.69,1000,1765
"Nmb",3.81538267254246e-08,-0.434629722707329,5.55404715169602e-06,0.998119625120512,0.999999999998669,"NF1","Cplx2",166.69,1000,1765
"Cntn2",3.79812240347282e-08,-0.436211587146785,5.50390931867817e-06,0.998128131663493,0.999999999998669,"NF1","Cplx2",166.69,1000,1765
"Thra",3.78018926323544e-08,-0.437861817416355,5.45205771854519e-06,0.998136969824212,0.999999999998669,"NF1","Cplx2",166.69,1000,1765
"Isl2",3.75627795352438e-08,-0.440072890455808,5.38330267913137e-06,0.998148754263625,0.999999999998669,"NF1","Cplx2",166.69,1000,1765
"Fbxo2",3.66319620821641e-08,-0.448799523799851,5.11980851498683e-06,0.998194628634067,0.999999999998669,"NF1","Cplx2",166.69,1000,1765
"Atp6v0c",3.59789250405742e-08,-0.455038851957076,4.93889420705726e-06,0.998226812889297,0.999999999998669,"NF1","Cplx2",166.69,1000,1765
"Olfm1",3.5831544473065e-08,-0.456460713049498,4.89851466892485e-06,0.998234076388548,0.999999999998669,"NF1","Cplx2",166.69,1000,1765
"Got2",3.57959844188397e-08,-0.456804549091109,4.88879669477672e-06,0.998235828929163,0.999999999998669,"NF1","Cplx2",166.69,1000,1765
"Fam171b",3.57412745579439e-08,-0.457334133785034,4.87386423812799e-06,0.998238525248276,0.999999999998669,"NF1","Cplx2",166.69,1000,1765
"Abhd16a",3.5424000277922e-08,-0.460419414208177,4.78771799260432e-06,0.998254161784596,0.999999999998669,"NF1","Cplx2",166.69,1000,1765
"Eif1",3.51889467083195e-08,-0.462720835546712,4.72439162988481e-06,0.998265746158265,0.999999999998669,"NF1","Cplx2",166.69,1000,1765
"Prkaca",3.51624980546199e-08,-0.462980639699311,4.71729242112362e-06,0.99826704965301,0.999999999998669,"NF1","Cplx2",166.69,1000,1765
"Ube2v1",3.3778417161333e-08,-0.476821843746024,4.35323333522903e-06,0.998335262665316,0.999999999998669,"NF1","Cplx2",166.69,1000,1765
"Gde1",3.3571313494144e-08,-0.478935604986937,4.30001552400917e-06,0.998345469558954,0.999999999998669,"NF1","Cplx2",166.69,1000,1765
"Psmd12",3.34831182850507e-08,-0.479839228524791,4.27745205674807e-06,0.998349816170233,0.999999999998669,"NF1","Cplx2",166.69,1000,1765
"Mrfap1",3.31237780343707e-08,-0.483542664122906,4.18613363014068e-06,0.998367525889922,0.999999999998669,"NF1","Cplx2",166.69,1000,1765
"Scn8a",3.30750149871057e-08,-0.484047941118754,4.17381750012391e-06,0.998369929127296,0.999999999998669,"NF1","Cplx2",166.69,1000,1765
"Akr1a1",3.30740714611269e-08,-0.484057724272264,4.17357937179213e-06,0.998369975628018,0.999999999998669,"NF1","Cplx2",166.69,1000,1765
"Sfr1",3.28053123268292e-08,-0.486854437030697,4.10602614196802e-06,0.998383221149894,0.999999999998669,"NF1","Cplx2",166.69,1000,1765
"Prrc2b",3.25213027376065e-08,-0.489831790423307,4.03523865158957e-06,0.998397218275486,0.999999999998669,"NF1","Cplx2",166.69,1000,1765
"Dctn3",3.18852906970497e-08,-0.496582970244555,3.87894943181465e-06,0.998428563487952,0.999999999998669,"NF1","Cplx2",166.69,1000,1765
"Eif4h",3.16779557506427e-08,-0.498809362488851,3.82866750222684e-06,0.998438781782367,0.999999999998669,"NF1","Cplx2",166.69,1000,1765
"Tmem229b",3.1611122920268e-08,-0.499529749587411,3.81252941777797e-06,0.998442075571284,0.999999999998669,"NF1","Cplx2",166.69,1000,1765
"Plec",3.14333611027032e-08,-0.501452361721474,3.76977126515124e-06,0.998450836384046,0.999999999998669,"NF1","Cplx2",166.69,1000,1765
"Ociad1",3.13895950546751e-08,-0.501927184640478,3.75928093739423e-06,0.998452993349824,0.999999999998669,"NF1","Cplx2",166.69,1000,1765
"Tmem100",3.10437061646558e-08,-0.505700357005358,3.67688870534598e-06,0.998470040137229,0.999999999998669,"NF1","Cplx2",166.69,1000,1765
"G3bp2",3.09990855175522e-08,-0.506189791399098,3.6663263554107e-06,0.998472239221167,0.999999999998669,"NF1","Cplx2",166.69,1000,1765
"Usp32",3.08438351523221e-08,-0.507897532953623,3.6296947477725e-06,0.998479890580143,0.999999999998669,"NF1","Cplx2",166.69,1000,1765
"Dnajc7",3.0841031192356e-08,-0.50792844560203,3.62903483916506e-06,0.998480028770507,0.999999999998669,"NF1","Cplx2",166.69,1000,1765
"Usp9x",3.07111605820483e-08,-0.509362932965869,3.59853568748164e-06,0.998486429313754,0.999999999998669,"NF1","Cplx2",166.69,1000,1765
"Igsf8",3.04044364882753e-08,-0.512772114590753,3.52701473207442e-06,0.998501545904588,0.999999999998669,"NF1","Cplx2",166.69,1000,1765
"Nefh",3.01029025074261e-08,-0.516153167539848,3.45740376431975e-06,0.99851640670641,0.999999999998669,"NF1","Cplx2",166.69,1000,1765
"Gm10053",3.0071892069051e-08,-0.516502566678906,3.45028415966469e-06,0.998517935024999,0.999999999998669,"NF1","Cplx2",166.69,1000,1765
"Hmgcs1",3.00025780925816e-08,-0.517284682436621,3.43439707828846e-06,0.998521351095355,0.999999999998669,"NF1","Cplx2",166.69,1000,1765
"Hnrnpa3",2.99159972244687e-08,-0.518263863276876,3.41460384374441e-06,0.998525618147322,0.999999999998669,"NF1","Cplx2",166.69,1000,1765
"Cab39",2.97987302735655e-08,-0.519594060678783,3.38788667433865e-06,0.998531397532425,0.999999999998669,"NF1","Cplx2",166.69,1000,1765
"Ctsd",2.965184459013e-08,-0.521266731425463,3.35456944463289e-06,0.998538636647426,0.999999999998669,"NF1","Cplx2",166.69,1000,1765
"Eml1",2.94628582536368e-08,-0.523429559264718,3.31194494700223e-06,0.99854795065147,0.999999999998669,"NF1","Cplx2",166.69,1000,1765
"Mapk1",2.93328403703473e-08,-0.524924613591557,3.28277860239009e-06,0.998554358453933,0.999999999998669,"NF1","Cplx2",166.69,1000,1765
"Pak1ip1",2.93309350312806e-08,-0.524946565990259,3.28235214500674e-06,0.99855445235668,0.999999999998669,"NF1","Cplx2",166.69,1000,1765
"Tmtc1",2.91675802535848e-08,-0.526833331925638,3.24589270104728e-06,0.998562503135064,0.999999999998669,"NF1","Cplx2",166.69,1000,1765
"Elovl5",2.9122227123434e-08,-0.527358810794511,3.23580636942916e-06,0.998564738319178,0.999999999998669,"NF1","Cplx2",166.69,1000,1765
"St3gal5",2.86819963574002e-08,-0.532497171676289,3.13871663386849e-06,0.998586434657181,0.999999999998669,"NF1","Cplx2",166.69,1000,1765
"Kif5c",2.84962313004434e-08,-0.534686212981677,3.09819116288312e-06,0.998595589904643,0.999999999998669,"NF1","Cplx2",166.69,1000,1765
"Sbno1",2.84570840089698e-08,-0.5351491192837,3.08968460061009e-06,0.998597519240284,0.999999999998669,"NF1","Cplx2",166.69,1000,1765
"Ppm1a",2.83859705347296e-08,-0.535991449199366,3.07426182072904e-06,0.998601023997729,0.999999999998669,"NF1","Cplx2",166.69,1000,1765
"Ddx3x",2.83405106141758e-08,-0.536530887246302,3.0644228906769e-06,0.998603264445095,0.999999999998669,"NF1","Cplx2",166.69,1000,1765
"Rusc1",2.80568284013413e-08,-0.53991439012699,3.00338154833003e-06,0.99861724544352,0.999999999998669,"NF1","Cplx2",166.69,1000,1765
"Lpin1",2.75410983557769e-08,-0.546143227379239,2.89398228770383e-06,0.998642662691894,0.999999999998669,"NF1","Cplx2",166.69,1000,1765
"Dync1li2",2.74120888571021e-08,-0.547717368642924,2.86693349223655e-06,0.998649020798446,0.999999999998669,"NF1","Cplx2",166.69,1000,1765
"Nlgn2",2.71381635540406e-08,-0.551081417714938,2.80992201796944e-06,0.998662520938504,0.999999999998669,"NF1","Cplx2",166.69,1000,1765
"Wdr7",2.69105512988513e-08,-0.55389945304332,2.76298512149724e-06,0.998673738585685,0.999999999998669,"NF1","Cplx2",166.69,1000,1765
"Epdr1",2.68770220701906e-08,-0.554316340502242,2.75610432251457e-06,0.998675391040919,0.999999999998669,"NF1","Cplx2",166.69,1000,1765
"Cul1",2.67712208371654e-08,-0.555634825824444,2.73444825543957e-06,0.998680605351225,0.999999999998669,"NF1","Cplx2",166.69,1000,1765
"Cltc",2.6742911321113e-08,-0.555988392114786,2.72866816959637e-06,0.998682000558049,0.999999999998669,"NF1","Cplx2",166.69,1000,1765
"Sec62",2.66097495783049e-08,-0.557655910828042,2.70156195257636e-06,0.998688563304421,0.999999999998669,"NF1","Cplx2",166.69,1000,1765
"Ptms",2.6205260064261e-08,-0.56276644514392,2.62005437476653e-06,0.998708498175408,0.999999999998669,"NF1","Cplx2",166.69,1000,1765
"Pik3r1",2.61436056045885e-08,-0.563551493865539,2.60774020524635e-06,0.99871153675536,0.999999999998669,"NF1","Cplx2",166.69,1000,1765
"Cand1",2.61202538108492e-08,-0.563849257614602,2.60308375379511e-06,0.998712687625759,0.999999999998669,"NF1","Cplx2",166.69,1000,1765
"Lamp1",2.54520511635391e-08,-0.572470269530673,2.47160423967882e-06,0.998745619343216,0.999999999998669,"NF1","Cplx2",166.69,1000,1765
"Trappc2",2.53833369906349e-08,-0.573368036552317,2.45827682767597e-06,0.998749005854506,0.999999999998669,"NF1","Cplx2",166.69,1000,1765
"Lrpap1",2.52489193590652e-08,-0.57513042117774,2.43231012072359e-06,0.998755630497022,0.999999999998669,"NF1","Cplx2",166.69,1000,1765
"Rab11b",2.51418340749185e-08,-0.576540348736667,2.41172212821017e-06,0.998760908091385,0.999999999998669,"NF1","Cplx2",166.69,1000,1765
"Cdk16",2.50122555480718e-08,-0.578253497682912,2.38692663528893e-06,0.998767294243468,0.999999999998669,"NF1","Cplx2",166.69,1000,1765
"Serinc3",2.47214115100453e-08,-0.582127277587398,2.33173871800762e-06,0.998781628210229,0.999999999998669,"NF1","Cplx2",166.69,1000,1765
"Maged1",2.45853961534012e-08,-0.583952626826722,2.30615119852786e-06,0.998788331595499,0.999999999998669,"NF1","Cplx2",166.69,1000,1765
"Ralgapa1",2.43050120235321e-08,-0.587743575363522,2.25385014372179e-06,0.998802150056363,0.999999999998669,"NF1","Cplx2",166.69,1000,1765
"Tmem50a",2.39778790194462e-08,-0.59221542920393,2.19358711085328e-06,0.998818272490766,0.999999999998669,"NF1","Cplx2",166.69,1000,1765
"Prkar2a",2.35249288998913e-08,-0.598496433403755,2.11149469872494e-06,0.99884059570108,0.999999999998669,"NF1","Cplx2",166.69,1000,1765
"Ubqln1",2.3214161496813e-08,-0.602867505748065,2.05607692549509e-06,0.998855911573703,0.999999999998669,"NF1","Cplx2",166.69,1000,1765
"Snx27",2.29858799569097e-08,-0.606111227702923,2.01583798703982e-06,0.998867162210148,0.999999999998669,"NF1","Cplx2",166.69,1000,1765
"Vapb",2.29477386567499e-08,-0.606655944113341,2.00915363199591e-06,0.998869041967516,0.999999999998669,"NF1","Cplx2",166.69,1000,1765
"Rps20",2.25488556456452e-08,-0.612400736582904,1.93991351640476e-06,0.998888700534223,0.999999999998669,"NF1","Cplx2",166.69,1000,1765
"Cct8",2.24076354835047e-08,-0.614456014769121,1.91569082093711e-06,0.998895660434657,0.999999999998669,"NF1","Cplx2",166.69,1000,1765
"Atp1b3",2.2381267170179e-08,-0.614841030989408,1.91118487341822e-06,0.998896959971734,0.999999999998669,"NF1","Cplx2",166.69,1000,1765
"Rps4x",2.22958840518595e-08,-0.616090488622856,1.89663058954565e-06,0.998901167996994,0.999999999998669,"NF1","Cplx2",166.69,1000,1765
"Ptprs",2.21267391396053e-08,-0.618578131367109,1.86796264895213e-06,0.998909504142182,0.999999999998669,"NF1","Cplx2",166.69,1000,1765
"Ptpa",2.21194589230364e-08,-0.61868557701481,1.86673364405289e-06,0.998909862940694,0.999999999998669,"NF1","Cplx2",166.69,1000,1765
"Hdlbp",2.20982808859651e-08,-0.618998311341811,1.86316078733244e-06,0.99891090668,0.999999999998669,"NF1","Cplx2",166.69,1000,1765
"Cntn1",2.19521173959766e-08,-0.621163898373659,1.83859548576115e-06,0.99891811020789,0.999999999998669,"NF1","Cplx2",166.69,1000,1765
"Trim2",2.18260988406436e-08,-0.62304119958873,1.8175467549026e-06,0.998924320912003,0.999999999998669,"NF1","Cplx2",166.69,1000,1765
"Scarb2",2.13548082810021e-08,-0.630147427217471,1.73990168980112e-06,0.99894754801758,0.999999999998669,"NF1","Cplx2",166.69,1000,1765
"Rab5a",2.13383700158885e-08,-0.630397763022161,1.73722407670276e-06,0.998948358161809,0.999999999998669,"NF1","Cplx2",166.69,1000,1765
"Kcnab2",2.09405120267311e-08,-0.636508919837014,1.67304626057647e-06,0.998967966213932,0.999999999998669,"NF1","Cplx2",166.69,1000,1765
"Bend6",2.06538157327185e-08,-0.640976127486466,1.62754854985353e-06,0.998982095768155,0.999999999998669,"NF1","Cplx2",166.69,1000,1765
"Reep5",2.0615955235313e-08,-0.641570120576912,1.62158710226065e-06,0.998983961686791,0.999999999998669,"NF1","Cplx2",166.69,1000,1765
"Rps11",2.06146115927063e-08,-0.641591218567355,1.621375735628e-06,0.99898402790694,0.999999999998669,"NF1","Cplx2",166.69,1000,1765
"Ube2d2a",2.06094801246089e-08,-0.641671804426279,1.62056863797342e-06,0.998984280806469,0.999999999998669,"NF1","Cplx2",166.69,1000,1765
"Usp8",1.96326084997642e-08,-0.657343533829213,1.47058241647876e-06,0.999032424998098,0.999999999998669,"NF1","Cplx2",166.69,1000,1765
"Lrrn1",1.95501372155974e-08,-0.658697734941464,1.45825332771997e-06,0.999036489517291,0.999999999998669,"NF1","Cplx2",166.69,1000,1765
"Arl2bp",1.93383210940013e-08,-0.662198933386067,1.42682559185526e-06,0.999046928674506,0.999999999998669,"NF1","Cplx2",166.69,1000,1765
"Rab11a",1.90789225234643e-08,-0.666532796001719,1.38880427657155e-06,0.999059712887935,0.999999999998669,"NF1","Cplx2",166.69,1000,1765
"Ppme1",1.88065076446287e-08,-0.671140173205795,1.34942784072662e-06,0.999073138598079,0.999999999998669,"NF1","Cplx2",166.69,1000,1765
"Mdh2",1.86457235940406e-08,-0.673887096450624,1.32645292018659e-06,0.999081062688355,0.999999999998669,"NF1","Cplx2",166.69,1000,1765
"Tmem30a",1.85949197166178e-08,-0.674759381600111,1.31923441304593e-06,0.999083566509553,0.999999999998669,"NF1","Cplx2",166.69,1000,1765
"Fam57b",1.85045826101438e-08,-0.676315619475372,1.30644744393705e-06,0.999088018688692,0.999999999998669,"NF1","Cplx2",166.69,1000,1765
"Fam188a",1.83861125972441e-08,-0.678366643071959,1.28977272080099e-06,0.99909385737165,0.999999999998669,"NF1","Cplx2",166.69,1000,1765
"Pak1",1.8012362802198e-08,-0.684914146959833,1.23786911706551e-06,0.999112277278449,0.999999999998669,"NF1","Cplx2",166.69,1000,1765
"Kitl",1.78892243165935e-08,-0.687097469826091,1.22100200180692e-06,0.999118346042893,0.999999999998669,"NF1","Cplx2",166.69,1000,1765
"Cox4i1",1.75774470984234e-08,-0.692685042029808,1.17881310536277e-06,0.999133711690072,0.999999999998669,"NF1","Cplx2",166.69,1000,1765
"Slc22a17",1.74752287132412e-08,-0.694535912825572,1.16514263214426e-06,0.999138749427188,0.999999999998669,"NF1","Cplx2",166.69,1000,1765
"Itga7",1.73198153138785e-08,-0.697368279302572,1.14451073297926e-06,0.999146408830686,0.999999999998669,"NF1","Cplx2",166.69,1000,1765
"Ensa",1.69282554207809e-08,-0.704604525378902,1.09334635844329e-06,0.999165706492799,0.999999999998669,"NF1","Cplx2",166.69,1000,1765
"Snu13",1.68285646721508e-08,-0.706470319596034,1.08050681021735e-06,0.99917061965793,0.999999999998669,"NF1","Cplx2",166.69,1000,1765
"Zbtb4",1.65264100985568e-08,-0.712185271443718,1.04205443732626e-06,0.999185511063148,0.999999999998669,"NF1","Cplx2",166.69,1000,1765
"Huwe1",1.63381725831324e-08,-0.715792142792761,1.01845141266427e-06,0.999194788172971,0.999999999998669,"NF1","Cplx2",166.69,1000,1765
"Tollip",1.61782292169146e-08,-0.718885644942505,9.98608653109065e-07,0.999202670832209,0.999999999998669,"NF1","Cplx2",166.69,1000,1765
"Cds1",1.58317980157297e-08,-0.725679187176924,9.56299298595231e-07,0.999219744370272,0.999999999998669,"NF1","Cplx2",166.69,1000,1765
"Gdi1",1.57876552414706e-08,-0.726554182496479,9.50973958648961e-07,0.999221919905682,0.999999999998669,"NF1","Cplx2",166.69,1000,1765
"Rab3c",1.566701922181e-08,-0.728956424046675,9.36496392744582e-07,0.999227865339295,0.999999999998669,"NF1","Cplx2",166.69,1000,1765
"Ghitm",1.54975926126049e-08,-0.732357804281649,9.16350955516629e-07,0.999236215371639,0.999999999998669,"NF1","Cplx2",166.69,1000,1765
"Fth1",1.54807590958041e-08,-0.732697531552961,9.14361352094339e-07,0.999237044995812,0.999999999998669,"NF1","Cplx2",166.69,1000,1765
"Nap1l5",1.53387723152023e-08,-0.735576027540586,8.97665549551929e-07,0.999244042681879,0.999999999998669,"NF1","Cplx2",166.69,1000,1765
"Ube2v2",1.50564223733712e-08,-0.741370300834708,8.64921982562115e-07,0.999257958035617,0.999999999998669,"NF1","Cplx2",166.69,1000,1765
"Mtch1",1.4982163439828e-08,-0.742910049829335,8.56411355757399e-07,0.999261617817987,0.999999999998669,"NF1","Cplx2",166.69,1000,1765
"Gdi2",1.4942033282675e-08,-0.743744933937714,8.51829655030912e-07,0.999263595595408,0.999999999998669,"NF1","Cplx2",166.69,1000,1765
"Slc17a6",1.48790810585739e-08,-0.745058592033123,8.44667094543002e-07,0.999266698137154,0.999999999998669,"NF1","Cplx2",166.69,1000,1765
"Lrrc8c",1.46969788309337e-08,-0.748886279223041,8.24118177832876e-07,0.999275672875938,0.999999999998669,"NF1","Cplx2",166.69,1000,1765
"Mapk8ip3",1.46135288094458e-08,-0.750654281027252,8.14785996919624e-07,0.999279785632601,0.999999999998669,"NF1","Cplx2",166.69,1000,1765
"Gabbr1",1.45509175554387e-08,-0.751986614328034,8.07819098233236e-07,0.99928287137001,0.999999999998669,"NF1","Cplx2",166.69,1000,1765
"Psap",1.41595668900632e-08,-0.760430247388535,7.64950433783533e-07,0.999302158723738,0.999999999998669,"NF1","Cplx2",166.69,1000,1765
"Pja2",1.4079527346874e-08,-0.762182345379868,7.56326831469879e-07,0.999306103398267,0.999999999998669,"NF1","Cplx2",166.69,1000,1765
"Cox5a",1.39924594870097e-08,-0.764098253495805,7.47001497859959e-07,0.999310394456873,0.999999999998669,"NF1","Cplx2",166.69,1000,1765
"Pura",1.39470183940743e-08,-0.765102334300508,7.42157539393961e-07,0.999312633978941,0.999999999998669,"NF1","Cplx2",166.69,1000,1765
"Tlx2",1.39353115728407e-08,-0.765361477142873,7.40912160774829e-07,0.999313210938755,0.999999999998669,"NF1","Cplx2",166.69,1000,1765
"Nr2f2",1.38863767386128e-08,-0.766446774651443,7.35717765932275e-07,0.999315622646626,0.999999999998669,"NF1","Cplx2",166.69,1000,1765
"Usp5",1.35949539517426e-08,-0.772980488850058,7.05161898193598e-07,0.999329985148232,0.999999999998669,"NF1","Cplx2",166.69,1000,1765
"Fam219a",1.28960230984566e-08,-0.78916627090937,6.34519482018586e-07,0.999364431307593,0.999999999998669,"NF1","Cplx2",166.69,1000,1765
"Pea15a",1.2554110523442e-08,-0.797366670588802,6.01319450424417e-07,0.999381282152416,0.999999999998669,"NF1","Cplx2",166.69,1000,1765
"Zdhhc2",1.24020929171046e-08,-0.801075773012792,5.86844877337099e-07,0.999388774199543,0.999999999998669,"NF1","Cplx2",166.69,1000,1765
"Aes",1.2288797157608e-08,-0.803866141667006,5.7617194496813e-07,0.999394357876297,0.999999999998669,"NF1","Cplx2",166.69,1000,1765
"Akirin1",1.22751115223205e-08,-0.804204733301161,5.748893315096e-07,0.999395032360181,0.999999999998669,"NF1","Cplx2",166.69,1000,1765
"Sema5a",1.2044283287578e-08,-0.809966093532296,5.53471522082487e-07,0.999406408516406,0.999999999998669,"NF1","Cplx2",166.69,1000,1765
"Eml2",1.20392486358817e-08,-0.810092832591502,5.53008903615527e-07,0.999406656644564,0.999999999998669,"NF1","Cplx2",166.69,1000,1765
"Ccdc74a",1.1718113699884e-08,-0.818274638196306,5.23900450119858e-07,0.999422483483306,0.999999999998669,"NF1","Cplx2",166.69,1000,1765
"Fto",1.15942472456876e-08,-0.82148316722123,5.12883197170909e-07,0.999428588127168,0.999999999998669,"NF1","Cplx2",166.69,1000,1765
"Fam189b",1.11404884485163e-08,-0.833499920972035,4.73523810353629e-07,0.999450951210933,0.999999999998669,"NF1","Cplx2",166.69,1000,1765
"Taok1",1.10349843282714e-08,-0.836355424541821,4.64597424322028e-07,0.999456150884243,0.999999999998669,"NF1","Cplx2",166.69,1000,1765
"Mlf2",1.10250162418334e-08,-0.836626451741659,4.63758446132249e-07,0.999456642152196,0.999999999998669,"NF1","Cplx2",166.69,1000,1765
"Wsb2",1.09654851614314e-08,-0.838249564645003,4.58763713417912e-07,0.999459576086628,0.999999999998669,"NF1","Cplx2",166.69,1000,1765
"Metap2",1.084543629396e-08,-0.84154636008184,4.48773714585536e-07,0.999465492584442,0.999999999998669,"NF1","Cplx2",166.69,1000,1765
"Arpc1a",1.06452142866947e-08,-0.847116836887524,4.32356679351344e-07,0.999475360341642,0.999999999998669,"NF1","Cplx2",166.69,1000,1765
"Scoc",1.05126468744034e-08,-0.850855890958474,4.21655247300679e-07,0.999481893804491,0.999999999998669,"NF1","Cplx2",166.69,1000,1765
"Ttbk2",1.04388810467164e-08,-0.852954411788738,4.15758611890215e-07,0.999485529285401,0.999999999998669,"NF1","Cplx2",166.69,1000,1765
"Kctd10",1.00385682396266e-08,-0.86457498753035,3.84482792251097e-07,0.999505258333762,0.999999999998669,"NF1","Cplx2",166.69,1000,1765
"Tcaf1",9.87028514571448e-09,-0.869581873153561,3.71700165946051e-07,0.999513552011295,0.999999999998669,"NF1","Cplx2",166.69,1000,1765
"Vcp",9.73992216983745e-09,-0.873512308365587,3.61946456658921e-07,0.999519976830718,0.999999999998669,"NF1","Cplx2",166.69,1000,1765
"Hspd1",9.67982540843326e-09,-0.875339795344233,3.57493709804137e-07,0.999522938644367,0.999999999998669,"NF1","Cplx2",166.69,1000,1765
"Paip2",9.65369763571354e-09,-0.876137424933962,3.55566421231776e-07,0.999524226327633,0.999999999998669,"NF1","Cplx2",166.69,1000,1765
"Npm1",9.47959187572682e-09,-0.881501450868265,3.42856696678321e-07,0.999532806970034,0.999999999998669,"NF1","Cplx2",166.69,1000,1765
"Disp2",9.4773147239419e-09,-0.88157217877529,3.42691996978961e-07,0.999532919197367,0.999999999998669,"NF1","Cplx2",166.69,1000,1765
"Pgk1",9.46220395941082e-09,-0.882041894611056,3.41600082229678e-07,0.999533663917515,0.999999999998669,"NF1","Cplx2",166.69,1000,1765
"Zcchc18",9.35341376487056e-09,-0.885443193393759,3.33790252046805e-07,0.99953902554232,0.999999999998669,"NF1","Cplx2",166.69,1000,1765
"Itfg1",9.25544748396434e-09,-0.888535934932035,3.26834729298875e-07,0.999543853720502,0.999999999998669,"NF1","Cplx2",166.69,1000,1765
"Hopx",9.22839344577903e-09,-0.889395079219753,3.24926820207846e-07,0.99954518705393,0.999999999998669,"NF1","Cplx2",166.69,1000,1765
"Sh3bgrl3",9.22064193462878e-09,-0.889641648373299,3.24381196294447e-07,0.999545569080039,0.999999999998669,"NF1","Cplx2",166.69,1000,1765
"Ank1",9.11487558139399e-09,-0.893024297813302,3.16982178716762e-07,0.999550781677647,0.999999999998669,"NF1","Cplx2",166.69,1000,1765
"Napg",9.11168246377742e-09,-0.893126955814899,3.16760127613577e-07,0.999550939047518,0.999999999998669,"NF1","Cplx2",166.69,1000,1765
"Rpl5",9.100351138438e-09,-0.893491510413055,3.15972769135431e-07,0.999551497501484,0.999999999998669,"NF1","Cplx2",166.69,1000,1765
"Tsnax",9.04260763963499e-09,-0.895355463238048,3.11975673261223e-07,0.999554343336814,0.999999999998669,"NF1","Cplx2",166.69,1000,1765
"Hspa4",8.93977847306791e-09,-0.898700802266313,3.04920673706504e-07,0.999559411177905,0.999999999998669,"NF1","Cplx2",166.69,1000,1765
"Dusp3",8.93366890462584e-09,-0.898900626051246,3.04504042096746e-07,0.999559712282379,0.999999999998669,"NF1","Cplx2",166.69,1000,1765
"Hsph1",8.88627020034998e-09,-0.900454969690781,3.01281444776482e-07,0.99956204828402,0.999999999998669,"NF1","Cplx2",166.69,1000,1765
"Serpinb6a",8.7906733440242e-09,-0.903612143981939,2.94834051795281e-07,0.999566759687363,0.999999999998669,"NF1","Cplx2",166.69,1000,1765
"Hcn1",8.68464812542641e-09,-0.9071491729336,2.87764893502552e-07,0.99957198504299,0.999999999998669,"NF1","Cplx2",166.69,1000,1765
"Atp9a",8.66788653874524e-09,-0.907711810295957,2.86655178635724e-07,0.999572811122413,0.999999999998669,"NF1","Cplx2",166.69,1000,1765
"Pcbp1",8.65282531762612e-09,-0.908218186669898,2.85659866549332e-07,0.99957355340088,0.999999999998669,"NF1","Cplx2",166.69,1000,1765
"Gsk3b",8.61247755231479e-09,-0.909578549935052,2.83002037501573e-07,0.999575541903484,0.999999999998669,"NF1","Cplx2",166.69,1000,1765
"Rpl3",8.59834401676584e-09,-0.910056398876827,2.82073956731643e-07,0.99957623846182,0.999999999998669,"NF1","Cplx2",166.69,1000,1765
"Chmp4b",8.5254556036309e-09,-0.912531728317192,2.77311928248265e-07,0.999579830700411,0.999999999998669,"NF1","Cplx2",166.69,1000,1765
"Cds2",8.5145848020647e-09,-0.912902497323107,2.76605178691385e-07,0.999580366457897,0.999999999998669,"NF1","Cplx2",166.69,1000,1765
"Cmpk1",8.39594675097487e-09,-0.916976116337715,2.68950717610578e-07,0.999586213425455,0.999999999998669,"NF1","Cplx2",166.69,1000,1765
"Cs",8.38392251906776e-09,-0.917391802178995,2.68180915188758e-07,0.9995868060287,0.999999999998669,"NF1","Cplx2",166.69,1000,1765
"Nrn1",8.3724329000959e-09,-0.917789495361062,2.67446369952663e-07,0.999587372284037,0.999999999998669,"NF1","Cplx2",166.69,1000,1765
"Arrb1",8.05919782318893e-09,-0.928820554570905,2.47808950705092e-07,0.999602809787687,0.999999999998669,"NF1","Cplx2",166.69,1000,1765
"Eif3h",8.02404539584976e-09,-0.930081887656844,2.45651890309054e-07,0.999604542242857,0.999999999998669,"NF1","Cplx2",166.69,1000,1765
"Nudt3",7.9061100285246e-09,-0.934349361530341,2.38483899604422e-07,0.99961035457938,0.999999999998669,"NF1","Cplx2",166.69,1000,1765
"Copa",7.73491958858199e-09,-0.940644384261011,2.28267962681516e-07,0.999618791543399,0.999999999998669,"NF1","Cplx2",166.69,1000,1765
"Tpd52",7.53330136363366e-09,-0.948217097929795,2.16523001671017e-07,0.999628728112985,0.999999999998669,"NF1","Cplx2",166.69,1000,1765
"Clip4",7.46073508465518e-09,-0.950986253644109,2.12371676309766e-07,0.999632304475607,0.999999999998669,"NF1","Cplx2",166.69,1000,1765
"Ldha",7.36074511815368e-09,-0.954840901068695,2.06717343625743e-07,0.999637232389572,0.999999999998669,"NF1","Cplx2",166.69,1000,1765
"Atrnl1",7.27070133041896e-09,-0.958351659815553,2.01690743080789e-07,0.999641670115234,0.999999999998669,"NF1","Cplx2",166.69,1000,1765
"Prkacb",7.14465153634659e-09,-0.963330942803402,1.94758069143674e-07,0.999647882363981,0.999999999998669,"NF1","Cplx2",166.69,1000,1765
"Psd3",7.13061241546262e-09,-0.963890286526064,1.93993428432572e-07,0.999648574269207,0.999999999998669,"NF1","Cplx2",166.69,1000,1765
"Rps8",7.11018863540577e-09,-0.964705735222518,1.92883732739417e-07,0.999649580836519,0.999999999998669,"NF1","Cplx2",166.69,1000,1765
"Atp5d",7.10815843593955e-09,-0.964786906167298,1.9277359879927e-07,0.999649680893042,0.999999999998669,"NF1","Cplx2",166.69,1000,1765
"Synm",7.03622172164143e-09,-0.967676282654389,1.88891488466256e-07,0.999653226228186,0.999999999998669,"NF1","Cplx2",166.69,1000,1765
"Dnaja2",6.71668196185306e-09,-0.980832792479501,1.72124592788017e-07,0.999668974452961,0.999999999998669,"NF1","Cplx2",166.69,1000,1765
"Kcnip3",6.64052195853421e-09,-0.984049508118671,1.68243304811356e-07,0.999672727929079,0.999999999998669,"NF1","Cplx2",166.69,1000,1765
"Rpl4",6.60681666338929e-09,-0.985483443630255,1.66539734242708e-07,0.999674389063731,0.999999999998669,"NF1","Cplx2",166.69,1000,1765
"Sacm1l",6.46719055336893e-09,-0.991492860770625,1.59574933189862e-07,0.999681270408906,0.999999999998669,"NF1","Cplx2",166.69,1000,1765
"Rpl21",6.37429820212685e-09,-0.995554299508308,1.55023704192269e-07,0.99968584852352,0.999999999998669,"NF1","Cplx2",166.69,1000,1765
"Ube2n",6.29485971366518e-09,-0.999068936127811,1.51183873481668e-07,0.999689763576814,0.999999999998669,"NF1","Cplx2",166.69,1000,1765
"Cpd",6.22720485470134e-09,-1.00209306067199,1.47951598593063e-07,0.999693097884705,0.999999999998669,"NF1","Cplx2",166.69,1000,1765
"Hnrnpk",6.20266897966386e-09,-1.00319692707261,1.46788004178397e-07,0.999694307112883,0.999999999998669,"NF1","Cplx2",166.69,1000,1765
"Rpl12",6.12090171778657e-09,-1.00690351094034,1.42943420020061e-07,0.999698336937663,0.999999999998669,"NF1","Cplx2",166.69,1000,1765
"Ppp1r1c",6.03476996859524e-09,-1.01085525151312,1.38948798980284e-07,0.99970258186222,0.999999999998669,"NF1","Cplx2",166.69,1000,1765
"Fam8a1",6.00366521685414e-09,-1.01229451936163,1.37520134870769e-07,0.99970411483149,0.999999999998669,"NF1","Cplx2",166.69,1000,1765
"Ahnak2",5.96858126225567e-09,-1.01392578855474,1.35917562887468e-07,0.999705843912138,0.999999999998669,"NF1","Cplx2",166.69,1000,1765
"Jph4",5.93364978420372e-09,-1.0155583526992,1.34331287100492e-07,0.999707565478121,0.999999999998669,"NF1","Cplx2",166.69,1000,1765
"Glg1",5.90069653963115e-09,-1.01710621423785,1.32843380013256e-07,0.999709189548675,0.999999999998669,"NF1","Cplx2",166.69,1000,1765
"Grb2",5.89822575807424e-09,-1.01722257600196,1.32732153058158e-07,0.999709311318887,0.999999999998669,"NF1","Cplx2",166.69,1000,1765
"Vat1l",5.86214270556364e-09,-1.0189268058241,1.31113113144096e-07,0.999711089639168,0.999999999998669,"NF1","Cplx2",166.69,1000,1765
"Glud1",5.72557566213937e-09,-1.02546149382261,1.25075334386665e-07,0.99971782022116,0.999999999998669,"NF1","Cplx2",166.69,1000,1765
"Pde11a",5.55441187937388e-09,-1.03384766100659,1.1770895890216e-07,0.999726255871877,0.999999999998669,"NF1","Cplx2",166.69,1000,1765
"Glyr1",5.2635478729489e-09,-1.04863348581911,1.05703778251628e-07,0.99974059083887,0.999999999998669,"NF1","Cplx2",166.69,1000,1765
"Dnajc8",5.17472322423728e-09,-1.0532918482102,1.02166286573425e-07,0.999744968480601,0.999999999998669,"NF1","Cplx2",166.69,1000,1765
"Dlat",4.92249698711189e-09,-1.06691321818786,9.24494377680918e-08,0.999757399220501,0.999999999998669,"NF1","Cplx2",166.69,1000,1765
"Rac1",4.78854697541058e-09,-1.07439817278838,8.74864633976632e-08,0.9997640008246,0.999999999998669,"NF1","Cplx2",166.69,1000,1765
"Selenot",4.76320740022912e-09,-1.07583475166916,8.65630081958749e-08,0.999765249662443,0.999999999998669,"NF1","Cplx2",166.69,1000,1765
"Prelid1",4.67448874070284e-09,-1.08091792419135,8.33684241514191e-08,0.999769622080635,0.999999999998669,"NF1","Cplx2",166.69,1000,1765
"Pabpc1",4.40556859139308e-09,-1.09686077160731,7.40520849876098e-08,0.999782875564884,0.999999999998669,"NF1","Cplx2",166.69,1000,1765
"Cd47",4.37041104708349e-09,-1.09900783428507,7.28748924616713e-08,0.999784608272389,0.999999999998669,"NF1","Cplx2",166.69,1000,1765
"Plekhb2",4.34954373449881e-09,-1.10028937729647,7.21806453032095e-08,0.999785636698858,0.999999999998669,"NF1","Cplx2",166.69,1000,1765
"Mtpn",4.34474757444e-09,-1.1005846908704,7.20215485884358e-08,0.999785873073232,0.999999999998669,"NF1","Cplx2",166.69,1000,1765
"Ccdc47",4.27521723492008e-09,-1.10489834338553,6.97348274875783e-08,0.999789299812603,0.999999999998669,"NF1","Cplx2",166.69,1000,1765
"Sdha",4.14784304813785e-09,-1.11296292376405,6.56414227342503e-08,0.999795577333242,0.999999999998669,"NF1","Cplx2",166.69,1000,1765
"Pmp22",4.11908971193905e-09,-1.1148134529822,6.4734508947569e-08,0.999796994415197,0.999999999998669,"NF1","Cplx2",166.69,1000,1765
"Lasp1",4.11127571568299e-09,-1.11531831155346,6.4489136568671e-08,0.999797379520877,0.999999999998669,"NF1","Cplx2",166.69,1000,1765
"Syp",4.08136197134376e-09,-1.11725884211382,6.35541015356964e-08,0.99979885379249,0.999999999998669,"NF1","Cplx2",166.69,1000,1765
"Wdfy3",4.07495499930294e-09,-1.11767609084154,6.33547221378099e-08,0.999799169554265,0.999999999998669,"NF1","Cplx2",166.69,1000,1765
"Ube2l3",3.93586563837942e-09,-1.1268791974934,5.91035932138978e-08,0.9998060244466,0.999999999998669,"NF1","Cplx2",166.69,1000,1765
"Jkamp",3.92928547291792e-09,-1.12732162090014,5.89061340736696e-08,0.999806348744056,0.999999999998669,"NF1","Cplx2",166.69,1000,1765
"Cox7a2l",3.91677098313915e-09,-1.12816484182319,5.85315080583095e-08,0.999806965509275,0.999999999998669,"NF1","Cplx2",166.69,1000,1765
"Atp6v0a1",3.89767549565617e-09,-1.12945605659959,5.79621803415633e-08,0.999807906612966,0.999999999998669,"NF1","Cplx2",166.69,1000,1765
"Asb1",3.87089908982808e-09,-1.13127603131243,5.716853407479e-08,0.999809226263716,0.999999999998669,"NF1","Cplx2",166.69,1000,1765
"Rnf157",3.8669798169027e-09,-1.13154334834116,5.70528267659546e-08,0.999809419421509,0.999999999998669,"NF1","Cplx2",166.69,1000,1765
"Plxna2",3.84256793428722e-09,-1.13321375433296,5.63347621409069e-08,0.999810622538888,0.999999999998669,"NF1","Cplx2",166.69,1000,1765
"Ap2b1",3.83454749983946e-09,-1.13376459353497,5.60998370948172e-08,0.999811017818688,0.999999999998669,"NF1","Cplx2",166.69,1000,1765
"Srebf2",3.77425781770811e-09,-1.13793794414733,5.43496163679098e-08,0.999813989140711,0.999999999998669,"NF1","Cplx2",166.69,1000,1765
"Snx3",3.76387138007528e-09,-1.13866281256431,5.40508968837438e-08,0.999814501026821,0.999999999998669,"NF1","Cplx2",166.69,1000,1765
"Phyhipl",3.70797452658278e-09,-1.14259427040677,5.24574095170792e-08,0.999817255852291,0.999999999998669,"NF1","Cplx2",166.69,1000,1765
"Msl1",3.6769353075939e-09,-1.1447999096208,5.15828500638369e-08,0.999818785591906,0.999999999998669,"NF1","Cplx2",166.69,1000,1765
"Snx10",3.51812698967807e-09,-1.15634725963934,4.72233051061681e-08,0.999826612315103,0.999999999998669,"NF1","Cplx2",166.69,1000,1765
"Mapre2",3.42238333784791e-09,-1.16353208832351,4.46879736234459e-08,0.999831330953723,0.999999999998669,"NF1","Cplx2",166.69,1000,1765
"Psmd14",3.31073487479279e-09,-1.17213678307883,4.1819820425838e-08,0.999836833446476,0.999999999998669,"NF1","Cplx2",166.69,1000,1765
"Sh3gl2",3.30763895533118e-09,-1.17237899353999,4.17416442711422e-08,0.999836986026046,0.999999999998669,"NF1","Cplx2",166.69,1000,1765
"Mbnl2",3.30656788518235e-09,-1.17246283546742,4.17146153292895e-08,0.999837038812762,0.999999999998669,"NF1","Cplx2",166.69,1000,1765
"Rap1gap2",3.27363056124392e-09,-1.17505283694628,4.08877007314301e-08,0.999838662098757,0.999999999998669,"NF1","Cplx2",166.69,1000,1765
"Alg2",3.24654676418211e-09,-1.17719974729776,4.02139452453407e-08,0.999839996899015,0.999999999998669,"NF1","Cplx2",166.69,1000,1765
"Ciapin1",3.2162571630424e-09,-1.17961948418894,3.94670702996539e-08,0.999841489694406,0.999999999998669,"NF1","Cplx2",166.69,1000,1765
"Fhl1",3.18801082011561e-09,-1.18189408630595,3.87768859928877e-08,0.999842881789678,0.999999999998669,"NF1","Cplx2",166.69,1000,1765
"Rps23",3.13700208546231e-09,-1.18604688458431,3.75459390822886e-08,0.999845395708686,0.999999999998669,"NF1","Cplx2",166.69,1000,1765
"Cd24a",3.08501391831745e-09,-1.19034087319115,3.63117861292128e-08,0.999847957898133,0.999999999998669,"NF1","Cplx2",166.69,1000,1765
"Pdlim7",2.95958819649421e-09,-1.20096798332698,3.3419190776167e-08,0.999854139390555,0.999999999998669,"NF1","Cplx2",166.69,1000,1765
"Plbd2",2.87900360822373e-09,-1.20800635836632,3.16240708776001e-08,0.99985811092857,0.999999999998669,"NF1","Cplx2",166.69,1000,1765
"Rbx1",2.77406985274253e-09,-1.21743534290036,2.93608173727665e-08,0.999863282493113,0.999999999998669,"NF1","Cplx2",166.69,1000,1765
"Mff",2.64569046932962e-09,-1.22940660661405,2.67061584911807e-08,0.999869609554077,0.999999999998669,"NF1","Cplx2",166.69,1000,1765
"Arf3",2.59682280324759e-09,-1.23409783680232,2.5728708622421e-08,0.999872017952485,0.999999999998669,"NF1","Cplx2",166.69,1000,1765
"Clta",2.58270779433504e-09,-1.23546728282876,2.5449772399369e-08,0.999872713597842,0.999999999998669,"NF1","Cplx2",166.69,1000,1765
"Man1a2",2.53408267056096e-09,-1.24023577176704,2.45004981306435e-08,0.999875110042776,0.999999999998669,"NF1","Cplx2",166.69,1000,1765
"Txnrd1",2.52964027096643e-09,-1.24067541638515,2.44146717274193e-08,0.999875328982393,0.999999999998669,"NF1","Cplx2",166.69,1000,1765
"Tmem184b",2.4460940303188e-09,-1.24907248447564,2.28286196233347e-08,0.999879446482766,0.999999999998669,"NF1","Cplx2",166.69,1000,1765
"Pla2g7",2.38681539127518e-09,-1.25518453809126,2.17355691005472e-08,0.9998823679765,0.999999999998669,"NF1","Cplx2",166.69,1000,1765
"Nptx1",2.35158947113339e-09,-1.25888000255209,2.10987327163757e-08,0.99988410405389,0.999999999998669,"NF1","Cplx2",166.69,1000,1765
"Avil",2.33554127682898e-09,-1.26057971603658,2.08117428257937e-08,0.99988489497453,0.999999999998669,"NF1","Cplx2",166.69,1000,1765
"Gnal",2.26645051129475e-09,-1.26801648067283,1.95986355695927e-08,0.999888300049984,0.999999999998669,"NF1","Cplx2",166.69,1000,1765
"Cox8a",2.17749099703572e-09,-1.27789066790576,1.80903134733544e-08,0.999892684338627,0.999999999998669,"NF1","Cplx2",166.69,1000,1765
"Dync1h1",2.13963310795297e-09,-1.28220054576154,1.74667448067738e-08,0.999894550130213,0.999999999998669,"NF1","Cplx2",166.69,1000,1765
"Nedd4l",2.11435527845292e-09,-1.28511569137291,1.70564751137336e-08,0.999895795925019,0.999999999998669,"NF1","Cplx2",166.69,1000,1765
"Csnk1d",2.10990005091884e-09,-1.28563265551333,1.69846703254677e-08,0.999896015496851,0.999999999998669,"NF1","Cplx2",166.69,1000,1765
"Tm9sf3",1.96086490495334e-09,-1.30350371301123,1.46699523687535e-08,0.999903360558301,0.999999999998669,"NF1","Cplx2",166.69,1000,1765
"Syngr1",1.94341196225981e-09,-1.30567388050679,1.44099707601256e-08,0.999904220710688,0.999999999998669,"NF1","Cplx2",166.69,1000,1765
"Rps3a1",1.91788057307979e-09,-1.30887957861488,1.40338385659111e-08,0.999905479001955,0.999999999998669,"NF1","Cplx2",166.69,1000,1765
"Sult4a1",1.89867669993962e-09,-1.3113155808288,1.37542019944615e-08,0.999906425447355,0.999999999998669,"NF1","Cplx2",166.69,1000,1765
"Serpini1",1.85360617480814e-09,-1.31711882813143,1.31089616032785e-08,0.999908646707145,0.999999999998669,"NF1","Cplx2",166.69,1000,1765
"Nisch",1.79667174316551e-09,-1.32462940243284,1.23160326481136e-08,0.999911452668766,0.999999999998669,"NF1","Cplx2",166.69,1000,1765
"Nipal3",1.76534595770817e-09,-1.32885134227463,1.18903054476877e-08,0.999912996531578,0.999999999998669,"NF1","Cplx2",166.69,1000,1765
"Mid1ip1",1.66058570466393e-09,-1.3434650491668,1.05209739724439e-08,0.999918159545261,0.999999999998669,"NF1","Cplx2",166.69,1000,1765
"Csde1",1.60802671086343e-09,-1.35110432597084,9.86551754767287e-09,0.999920749867414,0.999999999998669,"NF1","Cplx2",166.69,1000,1765
"Rb1cc1",1.6055930007897e-09,-1.35146334071786,9.83567769471618e-09,0.999920869810599,0.999999999998669,"NF1","Cplx2",166.69,1000,1765
"Brd4",1.56707853073117e-09,-1.35720945315427,9.36946682534064e-09,0.999922767961189,0.999999999998669,"NF1","Cplx2",166.69,1000,1765
"Diablo",1.53044107587315e-09,-1.3627917667123,8.93648195944917e-09,0.999924573604793,0.999999999998669,"NF1","Cplx2",166.69,1000,1765
"Eif5",1.50708441940818e-09,-1.36641208517624,8.6657971020196e-09,0.999925724716342,0.999999999998669,"NF1","Cplx2",166.69,1000,1765
"Serf2",1.42490738449815e-09,-1.3795538899117,7.74651971878228e-09,0.999929774736688,0.999999999998669,"NF1","Cplx2",166.69,1000,1765
"Nfic",1.41498756418354e-09,-1.38118500213585,7.63903680356925e-09,0.999930263626,0.999999999998669,"NF1","Cplx2",166.69,1000,1765
"Lix1",1.41262604830401e-09,-1.3815747842316,7.61356003802876e-09,0.99993038001116,0.999999999998669,"NF1","Cplx2",166.69,1000,1765
"Scn1b",1.38156412902624e-09,-1.3867557105699,7.28241549343841e-09,0.999931910869572,0.999999999998669,"NF1","Cplx2",166.69,1000,1765
"Wdr1",1.36833375594377e-09,-1.38899356162672,7.14360509067524e-09,0.999932562916464,0.999999999998669,"NF1","Cplx2",166.69,1000,1765
"Gaa",1.33142695878325e-09,-1.3953381049025,6.76344634346754e-09,0.99993438183436,0.999999999998669,"NF1","Cplx2",166.69,1000,1765
"Magi3",1.32718386461289e-09,-1.39607738764438,6.72040648888428e-09,0.999934590951394,0.999999999998669,"NF1","Cplx2",166.69,1000,1765
"Mapk1ip1l",1.23219867324986e-09,-1.41319527265439,5.79288397332344e-09,0.999939272210074,0.999999999998669,"NF1","Cplx2",166.69,1000,1765
"Exoc4",1.14736469484509e-09,-1.42949294455436,5.02268938058645e-09,0.999943453175467,0.999999999998669,"NF1","Cplx2",166.69,1000,1765
"Stat3",1.06686765334515e-09,-1.44596684855025,4.34264623648223e-09,0.999947420398874,0.999999999998669,"NF1","Cplx2",166.69,1000,1765
"Lrp11",9.33927240326456e-10,-1.47573064658446,3.32781704682673e-09,0.999953972246106,0.999999999998669,"NF1","Cplx2",166.69,1000,1765
"G3bp1",9.11395612929385e-10,-1.48114010682779,3.16918231550947e-09,0.999955082696851,0.999999999998669,"NF1","Cplx2",166.69,1000,1765
"Trappc4",9.08428206693925e-10,-1.4818612573676,3.14857887696988e-09,0.999955228942766,0.999999999998669,"NF1","Cplx2",166.69,1000,1765
"Hdgf",8.91865255614504e-10,-1.48592485035177,3.03481238154967e-09,0.999956045232732,0.999999999998669,"NF1","Cplx2",166.69,1000,1765
"Purb",6.68133914409255e-10,-1.54852648938848,1.70317937962846e-09,0.999967071628216,0.999999999998669,"NF1","Cplx2",166.69,1000,1765
"Pcsk1n",6.48586645343033e-10,-1.55483801296667,1.60497902317334e-09,0.999968034997578,0.999999999998669,"NF1","Cplx2",166.69,1000,1765
"Cops8",6.4643101482859e-10,-1.55554422144721,1.59432819520607e-09,0.999968141235866,0.999999999998669,"NF1","Cplx2",166.69,1000,1765
"Gpr153",6.30507523594354e-10,-1.56082593909705,1.5167496477509e-09,0.999968926010636,0.999999999998669,"NF1","Cplx2",166.69,1000,1765
"Ptprn",5.98954811513098e-10,-1.57164722606468,1.3687416173195e-09,0.999970481057328,0.999999999998669,"NF1","Cplx2",166.69,1000,1765
"Rbms3",5.8697790794391e-10,-1.57588622847609,1.31454927027574e-09,0.999971071328118,0.999999999998669,"NF1","Cplx2",166.69,1000,1765
"Agtpbp1",5.75019264425243e-10,-1.58019521454238,1.26153163568488e-09,0.999971660698978,0.999999999998669,"NF1","Cplx2",166.69,1000,1765
"Nek7",5.67096662649118e-10,-1.58309345017816,1.22700840968955e-09,0.999972051157195,0.999999999998669,"NF1","Cplx2",166.69,1000,1765
"Ddi2",5.5716297682011e-10,-1.5867780275174,1.18439852128411e-09,0.999972540729858,0.999999999998669,"NF1","Cplx2",166.69,1000,1765
"Jun",5.451157135079e-10,-1.59132475142254,1.13373292356393e-09,0.999973134468264,0.999999999998669,"NF1","Cplx2",166.69,1000,1765
"Itgb1",5.33718111314421e-10,-1.59570823475978,1.08681903783114e-09,0.999973696188713,0.999999999998669,"NF1","Cplx2",166.69,1000,1765
"Ip6k1",4.3663607001297e-10,-1.63679808905146,7.27398791553949e-10,0.999978480788746,0.999999999998669,"NF1","Cplx2",166.69,1000,1765
"Eif4b",3.76637712060436e-10,-1.66641324813915,5.4122887975902e-10,0.999981437753203,0.999999999998669,"NF1","Cplx2",166.69,1000,1765
"Ube2d3",3.66762187647055e-10,-1.67168014442779,5.13218691905404e-10,0.999981924459434,0.999999999998669,"NF1","Cplx2",166.69,1000,1765
"Tspan17",3.41615408016138e-10,-1.6856761676309,4.45254438684513e-10,0.999983163795577,0.999999999998669,"NF1","Cplx2",166.69,1000,1765
"Rnf11",2.83076043650919e-10,-1.72213502439652,3.0573108013939e-10,0.999986048854863,0.999999999998669,"NF1","Cplx2",166.69,1000,1765
"Pdpk1",2.61397397857362e-10,-1.73733784872486,2.60696905638002e-10,0.999987117267188,0.999999999998669,"NF1","Cplx2",166.69,1000,1765
"Abhd12",2.48883714554913e-10,-1.74662509881416,2.36334060222477e-10,0.999987733992679,0.999999999998669,"NF1","Cplx2",166.69,1000,1765
"Rheb",2.38271656316557e-10,-1.75482802260831,2.16609811240942e-10,0.999988256998309,0.999999999998669,"NF1","Cplx2",166.69,1000,1765
"Hacd3",2.31686893399474e-10,-1.76008066522794,2.0480298819947e-10,0.999988581522355,0.999999999998669,"NF1","Cplx2",166.69,1000,1765
"Laptm4a",2.1778215788989e-10,-1.77161750246923,1.80958067530068e-10,0.999989266804588,0.999999999998669,"NF1","Cplx2",166.69,1000,1765
"Rps16",2.13039253405173e-10,-1.77570092001451,1.73162010380435e-10,0.999989500554318,0.999999999998669,"NF1","Cplx2",166.69,1000,1765
"Rpl37a",2.09697371915583e-10,-1.77862632573503,1.67771941969681e-10,0.999989665255905,0.999999999998669,"NF1","Cplx2",166.69,1000,1765
"Smim13",1.99732072159053e-10,-1.78759943814387,1.52205018337603e-10,0.999990156386633,0.999999999998669,"NF1","Cplx2",166.69,1000,1765
"Fgfr1",1.23738804166883e-10,-1.87305624198207,5.84177983917602e-11,0.999993901645672,0.999999999998669,"NF1","Cplx2",166.69,1000,1765
"Pfkp",1.00073760896852e-10,-1.90937176981855,3.82097150723244e-11,0.999995067955788,0.999999999998669,"NF1","Cplx2",166.69,1000,1765
"Epm2aip1",9.47960965556677e-11,-1.91849123525298,3.42857982797594e-11,0.999995328060671,0.999999999998669,"NF1","Cplx2",166.69,1000,1765
"Nme1",9.04093017500099e-11,-1.92641711665884,3.11859936819044e-11,0.99999554425986,0.999999999998669,"NF1","Cplx2",166.69,1000,1765
"Stau2",8.63385264400017e-11,-1.93408003611443,2.84408532005364e-11,0.999995744884315,0.999999999998669,"NF1","Cplx2",166.69,1000,1765
"Zdhhc17",8.37497101539983e-11,-1.93911997801646,2.67608548049219e-11,0.999995872471769,0.999999999998669,"NF1","Cplx2",166.69,1000,1765
"Adam23",7.45928630635677e-11,-1.95811866871251,2.12289204650163e-11,0.999996323758643,0.999999999998669,"NF1","Cplx2",166.69,1000,1765
"Camta1",6.3187721799353e-11,-1.98488143996044,1.52334668251746e-11,0.999996885850649,0.999999999998669,"NF1","Cplx2",166.69,1000,1765
"Celf4",5.13675342245925e-11,-2.0175321815151,1.00672486251202e-11,0.999997468397834,0.999999999998669,"NF1","Cplx2",166.69,1000,1765
"Bnip3l",4.75766828890157e-11,-2.02941061494201,8.63617978326788e-12,0.999997655226491,0.999999999998669,"NF1","Cplx2",166.69,1000,1765
"Camk1d",2.40421430127497e-11,-2.13040243089631,2.20536109427665e-12,0.999998815104866,0.999999999998669,"NF1","Cplx2",166.69,1000,1765
"Vgf",2.38481290615619e-11,-2.13155148171114,2.16991130800969e-12,0.999998824666667,0.999999999998669,"NF1","Cplx2",166.69,1000,1765
"Nap1l2",2.36703164184724e-11,-2.13261180990961,2.13767404083384e-12,0.999998833430002,0.999999999998669,"NF1","Cplx2",166.69,1000,1765
"AI593442",1.67675684010304e-11,-2.18042355647803,1.07268826530385e-12,0.999999173625654,0.999999999998669,"NF1","Cplx2",166.69,1000,1765
"Ubr3",6.00906057289617e-17,-3.0517975564677,1.37767418308303e-23,0.999999999997038,0.999999999998669,"NF1","Cplx2",166.69,1000,1765
"Alcam",5.22474417771975e-17,-3.05586934753041,1.041509936588e-23,0.999999999997425,0.999999999998669,"NF1","Cplx2",166.69,1000,1765
"Glul",4.39164438475179e-17,-3.0608304317439,7.35847278042247e-24,0.999999999997836,0.999999999998669,"NF1","Cplx2",166.69,1000,1765
"Prkar2b",4.27022263995879e-17,-3.06162139654626,6.95719848778088e-24,0.999999999997895,0.999999999998669,"NF1","Cplx2",166.69,1000,1765
"Syt4",4.26646301849352e-17,-3.06164620110591,6.94495326285666e-24,0.999999999997897,0.999999999998669,"NF1","Cplx2",166.69,1000,1765
"Saraf",4.24755667630085e-17,-3.06177122963241,6.88353811229265e-24,0.999999999997907,0.999999999998669,"NF1","Cplx2",166.69,1000,1765
"Erc2",4.06903372979827e-17,-3.06297652932213,6.31707358959099e-24,0.999999999997995,0.999999999998669,"NF1","Cplx2",166.69,1000,1765
"Set",4.06519784077635e-17,-3.0630029330324,6.30516895903381e-24,0.999999999997996,0.999999999998669,"NF1","Cplx2",166.69,1000,1765
"Ddx6",3.42901229053727e-17,-3.06771801752725,4.48612571676412e-24,0.99999999999831,0.999999999998669,"NF1","Cplx2",166.69,1000,1765
"Gmfb",3.25792171970726e-17,-3.06911696463464,4.04962348447179e-24,0.999999999998394,0.999999999998669,"NF1","Cplx2",166.69,1000,1765
"Pde1c",3.18988393491859e-17,-3.06969127183419,3.88224660747501e-24,0.999999999998428,0.999999999998669,"NF1","Cplx2",166.69,1000,1765
"Vps35",2.69975723522399e-17,-3.07417912704614,2.78088342665481e-24,0.999999999998669,0.999999999998669,"NF1","Cplx2",166.69,1000,1765
"Cplx2",0.000350643562519579,6.24722288151789,991.296067318886,1.40021709977971e-217,1.40021709977971e-214,"NP","Cplx2",168.42,1000,986
"Tuba1b",1.1134134327317e-05,2.76510556527514,0.999504045233613,0.317430544163354,0.99999999999964,"NP","Cplx2",168.42,1000,986
"Tubb5",1.00564903412842e-05,2.68423388571135,0.815388392494736,0.366531950978443,0.99999999999964,"NP","Cplx2",168.42,1000,986
"Snrpn",7.89874964880071e-06,2.4965981312369,0.50302357706169,0.478174592883403,0.99999999999964,"NP","Cplx2",168.42,1000,986
"mt-Cytb",5.84170075514355e-06,2.27035024113272,0.275137796920174,0.599905932227546,0.99999999999964,"NP","Cplx2",168.42,1000,986
"Map1lc3b",5.4925796938299e-06,2.22521756314662,0.243234053301872,0.62188000678598,0.99999999999964,"NP","Cplx2",168.42,1000,986
"S100a6",4.86859632681446e-06,2.13793735706627,0.191108136311548,0.661995921270653,0.99999999999964,"NP","Cplx2",168.42,1000,986
"Phkg1",4.621520276441e-06,2.10066385149198,0.172203259925837,0.678161078366526,0.99999999999964,"NP","Cplx2",168.42,1000,986
"Tppp3",4.55481226822319e-06,2.09030346034824,0.167267900795019,0.682551413289786,0.99999999999964,"NP","Cplx2",168.42,1000,986
"Reep5",4.54410110863518e-06,2.08862763253387,0.166482126778751,0.683257366569944,0.99999999999964,"NP","Cplx2",168.42,1000,986
"mt-Nd1",4.47018178371306e-06,2.07696789205223,0.161109819829249,0.688136781562415,0.99999999999964,"NP","Cplx2",168.42,1000,986
"Selenof",4.41853677846997e-06,2.0687216790844,0.157408649051563,0.69155360349189,0.99999999999964,"NP","Cplx2",168.42,1000,986
"Selenow",4.4088751674615e-06,2.06716969752413,0.156721019416552,0.692193514034272,0.99999999999964,"NP","Cplx2",168.42,1000,986
"mt-Nd4",4.30498512231858e-06,2.05029178839154,0.149422140305391,0.699088194397817,0.99999999999964,"NP","Cplx2",168.42,1000,986
"Tbca",4.2264901038956e-06,2.03730292768748,0.144022835157397,0.704314075506745,0.99999999999964,"NP","Cplx2",168.42,1000,986
"Syt11",4.05092515120511e-06,2.00747447971668,0.132306164838981,0.716052810054211,0.99999999999964,"NP","Cplx2",168.42,1000,986
"Eif4g2",4.00700647064234e-06,1.99983708853655,0.129452884097693,0.71899998311848,0.99999999999964,"NP","Cplx2",168.42,1000,986
"Tecr",3.92607700369694e-06,1.9855708245594,0.124276573269686,0.724441704092307,0.99999999999964,"NP","Cplx2",168.42,1000,986
"Cd55",3.84595509405991e-06,1.97119266033567,0.119255951320584,0.729842875427361,0.99999999999964,"NP","Cplx2",168.42,1000,986
"Rbms1",3.40287767703391e-06,1.88662822956917,0.093360747173916,0.759947363872918,0.99999999999964,"NP","Cplx2",168.42,1000,986
"mt-Atp6",3.39746696250735e-06,1.88553766855375,0.0930640884070768,0.7603173536235,0.99999999999964,"NP","Cplx2",168.42,1000,986
"Stxbp1",3.36195714237778e-06,1.8783427294663,0.0911288707778218,0.762746905876084,0.99999999999964,"NP","Cplx2",168.42,1000,986
"Ret",3.3534788869284e-06,1.87661510803212,0.0906698288474661,0.763327327868467,0.99999999999964,"NP","Cplx2",168.42,1000,986
"Pkm",3.28238580151995e-06,1.86197697042005,0.0868662140553582,0.768199572156671,0.99999999999964,"NP","Cplx2",168.42,1000,986
"Tuba1a",3.13421893874762e-06,1.83056087780462,0.0792009341836219,0.778383214274454,0.99999999999964,"NP","Cplx2",168.42,1000,986
"Ctsl",3.13067875577148e-06,1.82979457022161,0.079022116141367,0.778627008124983,0.99999999999964,"NP","Cplx2",168.42,1000,986
"Ctsb",3.02331739481707e-06,1.80618932066247,0.0736951875931983,0.786030665499328,0.99999999999964,"NP","Cplx2",168.42,1000,986
"Als2",2.99019310057055e-06,1.7987591462273,0.0720891846004465,0.788318868293703,0.99999999999964,"NP","Cplx2",168.42,1000,986
"Bcas2",2.75685521499554e-06,1.74429005620185,0.0612772913405131,0.804488401256287,0.99999999999964,"NP","Cplx2",168.42,1000,986
"Kif5b",2.75272407571969e-06,1.74329009731719,0.0610937812634744,0.804775452514387,0.99999999999964,"NP","Cplx2",168.42,1000,986
"Hpgds",2.73891423640088e-06,1.73993786745175,0.0604823295100174,0.80573521684915,0.99999999999964,"NP","Cplx2",168.42,1000,986
"Syt4",2.73324317813252e-06,1.738557002631,0.0602321254603667,0.806129432259012,0.99999999999964,"NP","Cplx2",168.42,1000,986
"Myl6",2.7304543334258e-06,1.73787702318119,0.0601092733497143,0.80632331284149,0.99999999999964,"NP","Cplx2",168.42,1000,986
"Aplp2",2.58886218807376e-06,1.70253337903917,0.0540367857226247,0.816182198073677,0.99999999999964,"NP","Cplx2",168.42,1000,986
"App",2.5694355572292e-06,1.69755371387646,0.0532288523689538,0.817537160539836,0.99999999999964,"NP","Cplx2",168.42,1000,986
"Vamp2",2.56208407469226e-06,1.69566074959292,0.0529246990444883,0.81805005186511,0.99999999999964,"NP","Cplx2",168.42,1000,986
"Prnp",2.49972540936353e-06,1.67941090808327,0.0503797783713768,0.822403744019497,0.99999999999964,"NP","Cplx2",168.42,1000,986
"Tgoln1",2.45934705217765e-06,1.66869972635489,0.048765342707707,0.825225766514463,0.99999999999964,"NP","Cplx2",168.42,1000,986
"Actb",2.38373310683585e-06,1.64822336651979,0.0458128067232974,0.830516438025001,0.99999999999964,"NP","Cplx2",168.42,1000,986
"Ttf1",2.32893032400364e-06,1.63302652983509,0.0437305192830281,0.834355784871156,0.99999999999964,"NP","Cplx2",168.42,1000,986
"Fam189b",2.30225663078965e-06,1.62551704385551,0.0427345473311805,0.836225913254487,0.99999999999964,"NP","Cplx2",168.42,1000,986
"Tmem255a",2.30134071882565e-06,1.62525784433934,0.0427005517315062,0.836290145575775,0.99999999999964,"NP","Cplx2",168.42,1000,986
"Syn1",2.23061902346924e-06,1.60496762599798,0.0401164455820206,0.841253077231117,0.99999999999964,"NP","Cplx2",168.42,1000,986
"Gnaq",2.20220126419308e-06,1.59665657488985,0.0391008013675179,0.843249097978105,0.99999999999964,"NP","Cplx2",168.42,1000,986
"Unc13d",2.19659122071752e-06,1.59500484566919,0.0389018388147892,0.843643258469064,0.99999999999964,"NP","Cplx2",168.42,1000,986
"Actg1",2.16941224919133e-06,1.58695038309164,0.0379451102554823,0.845553400099543,0.99999999999964,"NP","Cplx2",168.42,1000,986
"Cpe",2.11034181149085e-06,1.56913770341557,0.0359068452667556,0.8497079954879,0.99999999999964,"NP","Cplx2",168.42,1000,986
"Serinc1",2.09155316087707e-06,1.56338104321618,0.0352703247209535,0.851030336949629,0.99999999999964,"NP","Cplx2",168.42,1000,986
"Snhg11",2.0653192712692e-06,1.55526751578121,0.0343910976998765,0.85287737303888,0.99999999999964,"NP","Cplx2",168.42,1000,986
"Calm2",2.05073509292629e-06,1.55071812034759,0.0339071095684968,0.853904543517281,0.99999999999964,"NP","Cplx2",168.42,1000,986
"Golga3",2.02545842406387e-06,1.54276621966259,0.0330764056176078,0.85568537682069,0.99999999999964,"NP","Cplx2",168.42,1000,986
"Anxa5",2.00425157640465e-06,1.53602778873658,0.032387401919671,0.857180043973371,0.99999999999964,"NP","Cplx2",168.42,1000,986
"Kcnab1",1.99185361180658e-06,1.53205957969351,0.0319879551195284,0.858054095136195,0.99999999999964,"NP","Cplx2",168.42,1000,986
"Atp6v1b2",1.98921076140964e-06,1.53121090696856,0.0319031263000739,0.858240437490813,0.99999999999964,"NP","Cplx2",168.42,1000,986
"Hsp90ab1",1.94949170212018e-06,1.51833671508244,0.0306418106864073,0.861041898448744,0.99999999999964,"NP","Cplx2",168.42,1000,986
"Dynll2",1.93245247154308e-06,1.5127437145314,0.0301085115155412,0.862244246119807,0.99999999999964,"NP","Cplx2",168.42,1000,986
"H2-Q4",1.90573152864232e-06,1.50388577116961,0.0292816187109933,0.864130411077513,0.99999999999964,"NP","Cplx2",168.42,1000,986
"Cadm1",1.8668587353079e-06,1.49080462974523,0.0280992388277105,0.866875725124681,0.99999999999964,"NP","Cplx2",168.42,1000,986
"Synrg",1.84559672080903e-06,1.48354915303597,0.0274628283743581,0.868377994631329,0.99999999999964,"NP","Cplx2",168.42,1000,986
"Tmem158",1.81562735540551e-06,1.47319790463878,0.0265781701901504,0.870496288790417,0.99999999999964,"NP","Cplx2",168.42,1000,986
"Atp8a1",1.80529893094053e-06,1.46959607249636,0.0262766437471653,0.871226538434189,0.99999999999964,"NP","Cplx2",168.42,1000,986
"Ppia",1.79521736042666e-06,1.46606299636905,0.0259839829066916,0.871939440674833,0.99999999999964,"NP","Cplx2",168.42,1000,986
"Scn9a",1.79509971654895e-06,1.46602166642001,0.0259805774624104,0.871947760289916,0.99999999999964,"NP","Cplx2",168.42,1000,986
"L1cam",1.74081696628239e-06,1.446695173634,0.0244330601739308,0.875788058994748,0.99999999999964,"NP","Cplx2",168.42,1000,986
"Nkain3",1.73325280873669e-06,1.44396059248604,0.024221189549964,0.876323428829811,0.99999999999964,"NP","Cplx2",168.42,1000,986
"Tshz2",1.71601870565792e-06,1.43769116884926,0.0237419113107143,0.877543421241536,0.99999999999964,"NP","Cplx2",168.42,1000,986
"Acbd5",1.66685461519216e-06,1.41950036025611,0.022400983533625,0.881025308497148,0.99999999999964,"NP","Cplx2",168.42,1000,986
"Gfra2",1.64928276813668e-06,1.41288540331007,0.0219311742740446,0.882270339269883,0.99999999999964,"NP","Cplx2",168.42,1000,986
"Degs1",1.61196762514122e-06,1.39863221690853,0.0209500118719559,0.884915217233922,0.99999999999964,"NP","Cplx2",168.42,1000,986
"Lhfpl4",1.59309962995989e-06,1.39131566963986,0.0204624445987592,0.886253061138621,0.99999999999964,"NP","Cplx2",168.42,1000,986
"Tanc1",1.59263690984237e-06,1.3911352930672,0.0204505595797278,0.886285874611081,0.99999999999964,"NP","Cplx2",168.42,1000,986
"Ptges3",1.59029212677962e-06,1.39022055331543,0.0203903866346958,0.886452156252773,0.99999999999964,"NP","Cplx2",168.42,1000,986
"Tpt1",1.56917417128425e-06,1.38192878723451,0.0198524424209441,0.887949972630817,0.99999999999964,"NP","Cplx2",168.42,1000,986
"Tonsl",1.55945611082599e-06,1.37808042592675,0.0196073073302789,0.888639372536324,0.99999999999964,"NP","Cplx2",168.42,1000,986
"Cd151",1.55681917710661e-06,1.37703259982072,0.0195410541587746,0.888826451355261,0.99999999999964,"NP","Cplx2",168.42,1000,986
"Nipal3",1.54659922457953e-06,1.37295690263243,0.0192853364217481,0.889551570331119,0.99999999999964,"NP","Cplx2",168.42,1000,986
"March6",1.54419707587128e-06,1.37199553092071,0.0192254757044881,0.889722019353995,0.99999999999964,"NP","Cplx2",168.42,1000,986
"Dynlrb1",1.52329069934095e-06,1.36357314087825,0.0187084248602028,0.891205685402994,0.99999999999964,"NP","Cplx2",168.42,1000,986
"Tmem45b",1.51564554318452e-06,1.36046807385119,0.0185211068256713,0.891748335788328,0.99999999999964,"NP","Cplx2",168.42,1000,986
"Adk",1.5051259031034e-06,1.35617319338439,0.0182649001793473,0.892495098814181,0.99999999999964,"NP","Cplx2",168.42,1000,986
"Grina",1.49132854277509e-06,1.35050035146583,0.0179315694680191,0.893474683447342,0.99999999999964,"NP","Cplx2",168.42,1000,986
"Aco2",1.49046652614632e-06,1.35014441657893,0.017910845873846,0.893535890291275,0.99999999999964,"NP","Cplx2",168.42,1000,986
"Tspan7",1.48040061709682e-06,1.34597479810222,0.0176697399528555,0.894250659444735,0.99999999999964,"NP","Cplx2",168.42,1000,986
"Gnal",1.47713846059532e-06,1.34461821772917,0.0175919529699243,0.894482320051184,0.99999999999964,"NP","Cplx2",168.42,1000,986
"Fkbp1a",1.47697961657341e-06,1.34455209531501,0.0175881696735159,0.894493600519357,0.99999999999964,"NP","Cplx2",168.42,1000,986
"Rsrp1",1.47606061894724e-06,1.34416942031624,0.0175662892664711,0.894558864479985,0.99999999999964,"NP","Cplx2",168.42,1000,986
"Arpc1b",1.45081207420401e-06,1.33357387505583,0.0169704737246789,0.89635220450256,0.99999999999964,"NP","Cplx2",168.42,1000,986
"mt-Nd2",1.4470616503582e-06,1.33198635072343,0.0168828480345386,0.896618632990958,0.99999999999964,"NP","Cplx2",168.42,1000,986
"Parm1",1.44687189871414e-06,1.33190593529163,0.0168784206652814,0.896632113175799,0.99999999999964,"NP","Cplx2",168.42,1000,986
"Tubb2a",1.44605812291726e-06,1.33156095867874,0.0168594398728207,0.89668992512476,0.99999999999964,"NP","Cplx2",168.42,1000,986
"mt-Co2",1.43986361447743e-06,1.32892942719936,0.0167153070004952,0.897130010981341,0.99999999999964,"NP","Cplx2",168.42,1000,986
"Dopey2",1.43418982307966e-06,1.32651044976593,0.0165838330095378,0.897533130520459,0.99999999999964,"NP","Cplx2",168.42,1000,986
"Mrgprd",1.41620580718587e-06,1.31878770066395,0.0161705348566327,0.898811058549115,0.99999999999964,"NP","Cplx2",168.42,1000,986
"Rsu1",1.41204544736581e-06,1.31698900331926,0.0160756666862456,0.899106727482544,0.99999999999964,"NP","Cplx2",168.42,1000,986
"Kifap3",1.40153696471733e-06,1.31242513539168,0.0158372858740923,0.899853607812986,0.99999999999964,"NP","Cplx2",168.42,1000,986
"Ahnak2",1.38867829631901e-06,1.30679990233927,0.015548014572557,0.90076764594219,0.99999999999964,"NP","Cplx2",168.42,1000,986
"Rtn3",1.38735703366748e-06,1.30621933047219,0.0155184422257348,0.900861573286799,0.99999999999964,"NP","Cplx2",168.42,1000,986
"Cltb",1.36752975243257e-06,1.29744881522983,0.0150780510930838,0.902271242429772,0.99999999999964,"NP","Cplx2",168.42,1000,986
"Sdcbp",1.36596979542796e-06,1.29675409043233,0.0150436712984581,0.90238216453097,0.99999999999964,"NP","Cplx2",168.42,1000,986
"mt-Nd5",1.36583015789491e-06,1.29669186939243,0.0150405957490803,0.90239209367231,0.99999999999964,"NP","Cplx2",168.42,1000,986
"Synpr",1.35428592483369e-06,1.29152863872692,0.0147874187969745,0.903213016765029,0.99999999999964,"NP","Cplx2",168.42,1000,986
"Tmem65",1.34772590060933e-06,1.28857754333252,0.0146445082334972,0.903679553459456,0.99999999999964,"NP","Cplx2",168.42,1000,986
"Prdx2",1.33637480477984e-06,1.28344148942676,0.0143988630577334,0.904486900703422,0.99999999999964,"NP","Cplx2",168.42,1000,986
"Acpp",1.3112753163001e-06,1.27194856367075,0.0138630699684525,0.906272452440384,0.99999999999964,"NP","Cplx2",168.42,1000,986
"Cd24a",1.31119165763312e-06,1.27190993795481,0.0138613011119155,0.906278404629042,0.99999999999964,"NP","Cplx2",168.42,1000,986
"Acly",1.30111020026091e-06,1.26723949732705,0.0136489677087219,0.906995723640853,0.99999999999964,"NP","Cplx2",168.42,1000,986
"Tsc22d1",1.30010814091778e-06,1.2667735546368,0.0136279521039482,0.907067026635662,0.99999999999964,"NP","Cplx2",168.42,1000,986
"Cplx1",1.2895218309045e-06,1.26183190012483,0.0134069207093784,0.907820356613184,0.99999999999964,"NP","Cplx2",168.42,1000,986
"Klc1",1.28933983866809e-06,1.26174663865017,0.013403136696968,0.907833308047874,0.99999999999964,"NP","Cplx2",168.42,1000,986
"Gabarapl1",1.28189688308854e-06,1.25825069011386,0.0132488391107627,0.908363005184,0.99999999999964,"NP","Cplx2",168.42,1000,986
"Ap1ar",1.27799542173769e-06,1.25641111862825,0.0131683159809455,0.908640679039401,0.99999999999964,"NP","Cplx2",168.42,1000,986
"Camta1",1.25797445336307e-06,1.24689349580731,0.0127589603083556,0.910065781408681,0.99999999999964,"NP","Cplx2",168.42,1000,986
"Hnrnpab",1.24501166837653e-06,1.24066069393576,0.0124973659328057,0.910988633453922,0.99999999999964,"NP","Cplx2",168.42,1000,986
"Ndrg4",1.22822418800768e-06,1.23250445495344,0.012162614306902,0.912183953107416,0.99999999999964,"NP","Cplx2",168.42,1000,986
"Fryl",1.22000489607186e-06,1.22847567184346,0.0120003742454566,0.912769264322773,0.99999999999964,"NP","Cplx2",168.42,1000,986
"Cds2",1.21576049741185e-06,1.22638597718891,0.0119170208553906,0.913071534470934,0.99999999999964,"NP","Cplx2",168.42,1000,986
"Jak1",1.20289118883571e-06,1.22001085512348,0.0116660633510113,0.913988115037781,0.99999999999964,"NP","Cplx2",168.42,1000,986
"Syt7",1.17970774504271e-06,1.20837515069893,0.0112207142960649,0.915639578955199,0.99999999999964,"NP","Cplx2",168.42,1000,986
"Gnl3l",1.17436236970142e-06,1.20566412793462,0.0111192602800895,0.916020406686362,0.99999999999964,"NP","Cplx2",168.42,1000,986
"Akap12",1.17216369785187e-06,1.20454590736,0.0110776637176069,0.9161770552078,0.99999999999964,"NP","Cplx2",168.42,1000,986
"Hint1",1.16203502590507e-06,1.19937089302262,0.0108870465660223,0.91689873348024,0.99999999999964,"NP","Cplx2",168.42,1000,986
"Magi1",1.1488393404587e-06,1.19256967715544,0.0106411910635242,0.917839042257151,0.99999999999964,"NP","Cplx2",168.42,1000,986
"Rtn4",1.14757610487705e-06,1.19191503147159,0.0106178023436563,0.917929064964042,0.99999999999964,"NP","Cplx2",168.42,1000,986
"Cd9",1.13527337221277e-06,1.18550640050926,0.0103913637198934,0.918805856751266,0.99999999999964,"NP","Cplx2",168.42,1000,986
"Capn5",1.13361973955599e-06,1.18464040421738,0.0103611137657879,0.918923715480071,0.99999999999964,"NP","Cplx2",168.42,1000,986
"Npdc1",1.121854865736e-06,1.17844730163267,0.0101471713682343,0.919762280106731,0.99999999999964,"NP","Cplx2",168.42,1000,986
"Dpysl2",1.09617396018099e-06,1.16473000514801,0.00968792137055287,0.921593046123252,0.99999999999964,"NP","Cplx2",168.42,1000,986
"Rnf14",1.09146460918594e-06,1.16218425405535,0.00960485824385068,0.921928816411009,0.99999999999964,"NP","Cplx2",168.42,1000,986
"Atl1",1.08563327800178e-06,1.15901871601079,0.00950250130082923,0.922344601628986,0.99999999999964,"NP","Cplx2",168.42,1000,986
"Rps27a",1.08255061581973e-06,1.15733931222117,0.00944861309905541,0.922564410000771,0.99999999999964,"NP","Cplx2",168.42,1000,986
"Trpc3",1.08109161213255e-06,1.15654301067443,0.00942316159327145,0.922668445916976,0.99999999999964,"NP","Cplx2",168.42,1000,986
"Stmn2",1.05169455507829e-06,1.1402959910474,0.00891765966834414,0.924764915965856,0.99999999999964,"NP","Cplx2",168.42,1000,986
"Dynll1",1.04330027032752e-06,1.13558418883514,0.00877587205412254,0.925363656347921,0.99999999999964,"NP","Cplx2",168.42,1000,986
"Mdh1",1.03113618182017e-06,1.12869749811298,0.00857242502618326,0.926231361009116,0.99999999999964,"NP","Cplx2",168.42,1000,986
"Ebf1",1.02122636503815e-06,1.12303462549418,0.00840844484992583,0.926938325925835,0.99999999999964,"NP","Cplx2",168.42,1000,986
"Leprotl1",1.01007962606902e-06,1.11660751579751,0.00822588939122297,0.9277336016039,0.99999999999964,"NP","Cplx2",168.42,1000,986
"Syt1",1.00094311276216e-06,1.1112933087566,0.00807775049125011,0.928385509517996,0.99999999999964,"NP","Cplx2",168.42,1000,986
"Zdhhc2",9.9838747255108e-07,1.1097992823003,0.00803655440434108,0.928567868017198,0.99999999999964,"NP","Cplx2",168.42,1000,986
"Rpl15",9.87475071145612e-07,1.10338222808015,0.00786183499196735,0.929346567892338,0.99999999999964,"NP","Cplx2",168.42,1000,986
"Mtmr6",9.83640630244761e-07,1.10111272831557,0.00780089732696123,0.929620206502721,0.99999999999964,"NP","Cplx2",168.42,1000,986
"Piezo2",9.8189100404313e-07,1.10007461499445,0.00777317070539096,0.929745068484842,0.99999999999964,"NP","Cplx2",168.42,1000,986
"mt-Co1",9.76560631698119e-07,1.09690197302741,0.00768900366789181,0.930125480875484,0.99999999999964,"NP","Cplx2",168.42,1000,986
"Magi3",9.49887010960577e-07,1.08079582573789,0.00727470758696139,0.932029333815187,0.99999999999964,"NP","Cplx2",168.42,1000,986
"Prph",9.48160109491714e-07,1.07973957839243,0.0072482806887516,0.932152606436023,0.99999999999964,"NP","Cplx2",168.42,1000,986
"Rcan2",9.43122181197404e-07,1.07664857386575,0.00717145968438125,0.932512241699204,0.99999999999964,"NP","Cplx2",168.42,1000,986
"Rac1",9.28790782564187e-07,1.06777637573257,0.00695516498761651,0.93353537151422,0.99999999999964,"NP","Cplx2",168.42,1000,986
"Atp6v0c",9.1992362950854e-07,1.06222713288374,0.00682299718340715,0.934168459637109,0.99999999999964,"NP","Cplx2",168.42,1000,986
"Hk1",8.96612003544564e-07,1.04741313358833,0.00648157783381189,0.935833037376486,0.99999999999964,"NP","Cplx2",168.42,1000,986
"Zwint",8.89739701237567e-07,1.04298200490052,0.00638259933392626,0.936323811258125,0.99999999999964,"NP","Cplx2",168.42,1000,986
"Ank3",8.88085577057792e-07,1.0419110132812,0.00635888948262646,0.936441941367049,0.99999999999964,"NP","Cplx2",168.42,1000,986
"Fez1",8.87287842273402e-07,1.04139388560447,0.00634747069788846,0.936498912497509,0.99999999999964,"NP","Cplx2",168.42,1000,986
"Crip2",8.85043127627356e-07,1.0399365871227,0.00631539488955249,0.936659223072401,0.99999999999964,"NP","Cplx2",168.42,1000,986
"Scg3",8.69838791205548e-07,1.02998021180873,0.00610027180672059,0.937745137010152,0.99999999999964,"NP","Cplx2",168.42,1000,986
"Zfhx3",8.65739579154639e-07,1.02726999171771,0.00604291086707757,0.938037928091381,0.99999999999964,"NP","Cplx2",168.42,1000,986
"Wdr7",8.63101376012736e-07,1.02551981702776,0.00600613737116851,0.938226369312345,0.99999999999964,"NP","Cplx2",168.42,1000,986
"Gas5",8.54161699785643e-07,1.01955446145543,0.00588236313211751,0.938864936970575,0.99999999999964,"NP","Cplx2",168.42,1000,986
"Atp5g3",8.4986957960185e-07,1.01667105342799,0.00582339449646302,0.93917154027142,0.99999999999964,"NP","Cplx2",168.42,1000,986
"Rtn1",8.49267483982484e-07,1.01626555837379,0.00581514617603614,0.939214551090394,0.99999999999964,"NP","Cplx2",168.42,1000,986
"Arfgef2",8.40806808813799e-07,1.01054091513858,0.00569985861264532,0.939818959780152,0.99999999999964,"NP","Cplx2",168.42,1000,986
"Slc25a3",8.26382004891649e-07,1.00066426447371,0.00550596372908286,0.940849510107711,0.99999999999964,"NP","Cplx2",168.42,1000,986
"Zcchc18",8.25768527275281e-07,1.00024090158378,0.00549779188674272,0.940893340957119,0.99999999999964,"NP","Cplx2",168.42,1000,986
"Anxa7",8.23154312861179e-07,0.998433751117776,0.00546303721574085,0.941080119521519,0.99999999999964,"NP","Cplx2",168.42,1000,986
"Rpl23",8.22161170508841e-07,0.997745904296438,0.00544986277068882,0.941151077712164,0.99999999999964,"NP","Cplx2",168.42,1000,986
"Gars",8.18404238853322e-07,0.995137311206069,0.00540016939630516,0.94141950777591,0.99999999999964,"NP","Cplx2",168.42,1000,986
"Asap1",8.1717186487765e-07,0.994279353910952,0.00538391821563698,0.941507561460708,0.99999999999964,"NP","Cplx2",168.42,1000,986
"Ccdc62",8.09908386039967e-07,0.989199659755435,0.00528863305019099,0.942026554838579,0.99999999999964,"NP","Cplx2",168.42,1000,986
"Bmpr2",8.09802810956063e-07,0.989125534392866,0.00528725434737449,0.942034098619298,0.99999999999964,"NP","Cplx2",168.42,1000,986
"Araf",8.0965168578471e-07,0.989019413210659,0.00528528111969393,0.94204489715307,0.99999999999964,"NP","Cplx2",168.42,1000,986
"Atp1b1",8.04090042075358e-07,0.985101950768585,0.00521291940727753,0.94244230755296,0.99999999999964,"NP","Cplx2",168.42,1000,986
"Ctxn3",7.92074575749386e-07,0.976557483571023,0.00505829076117458,0.943300928290531,0.99999999999964,"NP","Cplx2",168.42,1000,986
"Rhoq",7.90269632804052e-07,0.975264221415808,0.00503526382892091,0.943429914555908,0.99999999999964,"NP","Cplx2",168.42,1000,986
"Grik1",7.82186363945274e-07,0.969440759234931,0.00493278428867851,0.944007585680173,0.99999999999964,"NP","Cplx2",168.42,1000,986
"Rab7",7.74955269989876e-07,0.964186700193811,0.00484200144878769,0.944524381055861,0.99999999999964,"NP","Cplx2",168.42,1000,986
"Pcbp2",7.74586963032327e-07,0.963917951385681,0.004837400101811,0.944550704025231,0.99999999999964,"NP","Cplx2",168.42,1000,986
"Agfg1",7.72903059132132e-07,0.962687810872285,0.00481639054924808,0.944671053732897,0.99999999999964,"NP","Cplx2",168.42,1000,986
"Swi5",7.68731939947748e-07,0.959630618240443,0.00476454567757049,0.944969171768334,0.99999999999964,"NP","Cplx2",168.42,1000,986
"Klf7",7.63669376585041e-07,0.955900602802124,0.00470199750418468,0.945331013410326,0.99999999999964,"NP","Cplx2",168.42,1000,986
"B4galt6",7.57750429002771e-07,0.95151224384927,0.00462939272606928,0.945754078553097,0.99999999999964,"NP","Cplx2",168.42,1000,986
"Serinc5",7.5178489121974e-07,0.947059067450723,0.00455678806157352,0.946180489275898,0.99999999999964,"NP","Cplx2",168.42,1000,986
"Ugcg",7.42654539210765e-07,0.940183519364151,0.0044467767145459,0.946833147596794,0.99999999999964,"NP","Cplx2",168.42,1000,986
"Rnf157",7.34445331442244e-07,0.933938566133202,0.00434901186175927,0.947419990908929,0.99999999999964,"NP","Cplx2",168.42,1000,986
"Gprasp1",7.27960021877087e-07,0.928961947195791,0.00427254555363465,0.947883619844426,0.99999999999964,"NP","Cplx2",168.42,1000,986
"Atp6v0e2",7.24411413277431e-07,0.926222511338653,0.0042309920696365,0.94813731415489,0.99999999999964,"NP","Cplx2",168.42,1000,986
"Nfe2l1",7.21450583016233e-07,0.923927877847718,0.00419647674229353,0.948348991507665,0.99999999999964,"NP","Cplx2",168.42,1000,986
"Cyfip2",7.19298078666499e-07,0.922254546214169,0.00417147306381632,0.948502881856294,0.99999999999964,"NP","Cplx2",168.42,1000,986
"Gsk3b",7.15971465104035e-07,0.919659888171893,0.00413297778529764,0.948740717310629,0.99999999999964,"NP","Cplx2",168.42,1000,986
"Pmp22",7.06181830347236e-07,0.911962960038265,0.00402072825199611,0.949440651362661,0.99999999999964,"NP","Cplx2",168.42,1000,986
"Prkcd",7.06127430577786e-07,0.911919930520701,0.00402010881304746,0.949444540917682,0.99999999999964,"NP","Cplx2",168.42,1000,986
"Chp1",7.0136736079193e-07,0.908143564248173,0.00396609165152583,0.949784888068087,0.99999999999964,"NP","Cplx2",168.42,1000,986
"Aqp1",7.00694434805319e-07,0.90760790594675,0.00395848477970064,0.949833003322127,0.99999999999964,"NP","Cplx2",168.42,1000,986
"Hs6st2",6.93900008380692e-07,0.902174232539088,0.00388208847123213,0.950318825590251,0.99999999999964,"NP","Cplx2",168.42,1000,986
"Fgf13",6.91629854807204e-07,0.900348416589765,0.00385672884947543,0.950481152638256,0.99999999999964,"NP","Cplx2",168.42,1000,986
"Rab6a",6.89926321473639e-07,0.89897488933029,0.00383775345435972,0.950602964926653,0.99999999999964,"NP","Cplx2",168.42,1000,986
"Ptprt",6.84577588333182e-07,0.894643048131738,0.00377847886510497,0.950985437149651,0.99999999999964,"NP","Cplx2",168.42,1000,986
"Arih1",6.78109771823705e-07,0.889365381512515,0.00370741880651667,0.951447946817053,0.99999999999964,"NP","Cplx2",168.42,1000,986
"Meg3",6.73856020136258e-07,0.885870447179867,0.00366105175494176,0.951752138966176,0.99999999999964,"NP","Cplx2",168.42,1000,986
"Fkbp4",6.69509706391909e-07,0.882279584335671,0.00361397711789576,0.952062957627448,0.99999999999964,"NP","Cplx2",168.42,1000,986
"Uchl1",6.62847656016494e-07,0.876735933350645,0.00354241218283775,0.952539396088564,0.99999999999964,"NP","Cplx2",168.42,1000,986
"Tspan3",6.55543622368411e-07,0.870602095658855,0.00346477339795377,0.953061765656923,0.99999999999964,"NP","Cplx2",168.42,1000,986
"Zfhx2",6.49735619543076e-07,0.865682028165936,0.00340365078758004,0.953477156560735,0.99999999999964,"NP","Cplx2",168.42,1000,986
"Lpar3",6.42152043814854e-07,0.859199926109671,0.00332466109528348,0.954019556223164,0.99999999999964,"NP","Cplx2",168.42,1000,986
"Dusp3",6.3871796672021e-07,0.856242701471014,0.00328919717505799,0.954265178547464,0.99999999999964,"NP","Cplx2",168.42,1000,986
"Msmo1",6.38463087240859e-07,0.856022663366473,0.00328657260009319,0.954283408972712,0.99999999999964,"NP","Cplx2",168.42,1000,986
"Ccdc92",6.3631080145456e-07,0.854161536476363,0.00326445160090052,0.954437353606055,0.99999999999964,"NP","Cplx2",168.42,1000,986
"Arl6ip5",6.32385864191894e-07,0.850753416690559,0.00322430376310944,0.954718093479059,0.99999999999964,"NP","Cplx2",168.42,1000,986
"Ybx1",6.31376428170703e-07,0.849873924372436,0.00321401848985672,0.954790296546715,0.99999999999964,"NP","Cplx2",168.42,1000,986
"Nefh",6.31276244793575e-07,0.849786570795644,0.00321299860483665,0.954797462496259,0.99999999999964,"NP","Cplx2",168.42,1000,986
"G3bp2",6.26788131601397e-07,0.845860793843958,0.00316747482550316,0.955118493472389,0.99999999999964,"NP","Cplx2",168.42,1000,986
"Mapk8ip3",6.2394308231607e-07,0.843359531663283,0.00313878516390129,0.955322001238022,0.99999999999964,"NP","Cplx2",168.42,1000,986
"Scn10a",6.23085803004754e-07,0.842603898260308,0.00313016589362027,0.955383323417736,0.99999999999964,"NP","Cplx2",168.42,1000,986
"Gng3",6.17941192807417e-07,0.838050182996049,0.00307868982797541,0.955751328864868,0.99999999999964,"NP","Cplx2",168.42,1000,986
"Ywhaz",6.1720686382569e-07,0.837397509558448,0.0030713770677916,0.955803857826624,0.99999999999964,"NP","Cplx2",168.42,1000,986
"Chchd2",6.12729659835625e-07,0.833403482246259,0.00302697929099198,0.956124131064486,0.99999999999964,"NP","Cplx2",168.42,1000,986
"Wdr31",6.11190506876938e-07,0.832024568702525,0.0030117910837169,0.95623423478997,0.99999999999964,"NP","Cplx2",168.42,1000,986
"Tmx4",5.98980001359463e-07,0.820976948407559,0.00289265265931298,0.957107746042598,0.99999999999964,"NP","Cplx2",168.42,1000,986
"Atp6v0a1",5.9631201177767e-07,0.818536996638872,0.00286694101864167,0.957298614724578,0.99999999999964,"NP","Cplx2",168.42,1000,986
"Ank",5.88841570004436e-07,0.811654191544831,0.00279555838590881,0.957833065099857,0.99999999999964,"NP","Cplx2",168.42,1000,986
"Eif4a1",5.69304490216988e-07,0.793288123297967,0.00261312907093828,0.959230875939218,0.99999999999964,"NP","Cplx2",168.42,1000,986
"Sqstm1",5.69246182223826e-07,0.793232494751785,0.00261259382657621,0.959235047865267,0.99999999999964,"NP","Cplx2",168.42,1000,986
"F2rl2",5.67695719054588e-07,0.791751459251756,0.00259838129738535,0.959345983625389,0.99999999999964,"NP","Cplx2",168.42,1000,986
"Phactr1",5.65913130525529e-07,0.790044338203174,0.00258208886309121,0.959473528945781,0.99999999999964,"NP","Cplx2",168.42,1000,986
"Socs2",5.65121883544147e-07,0.78928509002492,0.00257487347393965,0.959530143493128,0.99999999999964,"NP","Cplx2",168.42,1000,986
"Ip6k1",5.63817403433103e-07,0.788031343038967,0.00256299994837241,0.959623480852061,0.99999999999964,"NP","Cplx2",168.42,1000,986
"Tmem50a",5.62820274154917e-07,0.787071290892922,0.00255394246839744,0.959694827206458,0.99999999999964,"NP","Cplx2",168.42,1000,986
"Dnajc6",5.6127469599976e-07,0.78558025523469,0.00253993480753614,0.959805416680842,0.99999999999964,"NP","Cplx2",168.42,1000,986
"Calcb",5.61161540243514e-07,0.785470952416696,0.00253891078391794,0.959813513251417,0.99999999999964,"NP","Cplx2",168.42,1000,986
"Hmbox1",5.56639794462533e-07,0.781087402273492,0.00249815939558989,0.960137058583226,0.99999999999964,"NP","Cplx2",168.42,1000,986
"Fth1",5.55423816527878e-07,0.779903303587963,0.00248725687370066,0.960224066805023,0.99999999999964,"NP","Cplx2",168.42,1000,986
"Ndfip2",5.49402767611127e-07,0.774006668603092,0.00243362315445801,0.960654904577091,0.99999999999964,"NP","Cplx2",168.42,1000,986
"Dnaja2",5.47170167455147e-07,0.771805907795134,0.00241388438309716,0.960814661807831,0.99999999999964,"NP","Cplx2",168.42,1000,986
"Calm1",5.46087653115429e-07,0.770736018121076,0.00240434263616712,0.960892123398159,0.99999999999964,"NP","Cplx2",168.42,1000,986
"Cs",5.45852403675122e-07,0.770503268244081,0.00240227154584202,0.960908957215498,0.99999999999964,"NP","Cplx2",168.42,1000,986
"Usp22",5.43061097856939e-07,0.767734939866019,0.00237776554485842,0.961108696881898,0.99999999999964,"NP","Cplx2",168.42,1000,986
"Gna14",5.4258348618628e-07,0.767260020189331,0.00237358498694926,0.961142873960892,0.99999999999964,"NP","Cplx2",168.42,1000,986
"Pde11a",5.37087315688224e-07,0.761768495521929,0.00232574145904027,0.961536175698914,0.99999999999964,"NP","Cplx2",168.42,1000,986
"Rap1gds1",5.34050057396896e-07,0.758712799873022,0.00229951144385892,0.961753523590482,0.99999999999964,"NP","Cplx2",168.42,1000,986
"Uba1",5.31396418644988e-07,0.756030653786882,0.00227671615598717,0.961943421781737,0.99999999999964,"NP","Cplx2",168.42,1000,986
"Nwd2",5.16327757754301e-07,0.740575418225634,0.00214942645449062,0.963021797366474,0.99999999999964,"NP","Cplx2",168.42,1000,986
"Stmn3",5.12685958786944e-07,0.736781381887346,0.002119212416192,0.963282429760812,0.99999999999964,"NP","Cplx2",168.42,1000,986
"Prkca",5.11576212675689e-07,0.735620584884736,0.00211004796614387,0.963361851671183,0.99999999999964,"NP","Cplx2",168.42,1000,986
"Scd1",5.11265165138206e-07,0.735294835440922,0.00210748285197784,0.963384112674683,0.99999999999964,"NP","Cplx2",168.42,1000,986
"Ssbp3",5.09550818382043e-07,0.733496359161443,0.0020933731521519,0.963506805297845,0.99999999999964,"NP","Cplx2",168.42,1000,986
"Mrfap1",5.07236908114356e-07,0.731060531566618,0.00207440397678321,0.963672408941172,0.99999999999964,"NP","Cplx2",168.42,1000,986
"Moxd1",5.0568716963981e-07,0.729423728773924,0.0020617476711788,0.963783322648493,0.99999999999964,"NP","Cplx2",168.42,1000,986
"Idh1",5.04345160659558e-07,0.72800279661444,0.00205081912628933,0.963879369866317,0.99999999999964,"NP","Cplx2",168.42,1000,986
"Lrp11",5.02001039683105e-07,0.725512909778832,0.00203179962717466,0.964047139223737,0.99999999999964,"NP","Cplx2",168.42,1000,986
"Kif1b",5.0102221927157e-07,0.724470228524448,0.00202388399392268,0.964117194130638,0.99999999999964,"NP","Cplx2",168.42,1000,986
"Atp6v1g1",4.99786391437708e-07,0.72315123811466,0.00201391203114568,0.964205643646014,0.99999999999964,"NP","Cplx2",168.42,1000,986
"Plxnc1",4.99740468068976e-07,0.723102169774975,0.00201354194753669,0.964208930438959,0.99999999999964,"NP","Cplx2",168.42,1000,986
"Rbfox1",4.96150116618054e-07,0.719253745154707,0.00198471356791911,0.964465898261476,0.99999999999964,"NP","Cplx2",168.42,1000,986
"Sncg",4.95579271565793e-07,0.71863963740088,0.00198014917453418,0.964506754995261,0.99999999999964,"NP","Cplx2",168.42,1000,986
"Myl12b",4.94361175012308e-07,0.717327164725231,0.00197042702209547,0.964593937364984,0.99999999999964,"NP","Cplx2",168.42,1000,986
"Ran",4.92915421032179e-07,0.71576574028773,0.00195891888885167,0.964697414323937,0.99999999999964,"NP","Cplx2",168.42,1000,986
"Cox4i1",4.92866725516813e-07,0.715713079473275,0.00195853186158929,0.964700899618732,0.99999999999964,"NP","Cplx2",168.42,1000,986
"Atrnl1",4.89592181684957e-07,0.712161459971832,0.00193259384010622,0.964935270806328,0.99999999999964,"NP","Cplx2",168.42,1000,986
"Luc7l2",4.8744057344707e-07,0.709816527407219,0.00191564484457337,0.965089270999492,0.99999999999964,"NP","Cplx2",168.42,1000,986
"Syn2",4.83101989652154e-07,0.705060604545227,0.00188169527918275,0.965399806736909,0.99999999999964,"NP","Cplx2",168.42,1000,986
"Clip4",4.78671175884048e-07,0.700165077869554,0.00184733728551715,0.965716949284653,0.99999999999964,"NP","Cplx2",168.42,1000,986
"Nav1",4.78266312593096e-07,0.699715788576643,0.00184421362654998,0.965745928290267,0.99999999999964,"NP","Cplx2",168.42,1000,986
"Stx12",4.78254069818347e-07,0.699702197238828,0.00184411921052091,0.96574680459526,0.99999999999964,"NP","Cplx2",168.42,1000,986
"Runx1",4.77812963390773e-07,0.699212300156716,0.00184071901905905,0.965778377838325,0.99999999999964,"NP","Cplx2",168.42,1000,986
"Prkacb",4.76684909873292e-07,0.697957681168184,0.00183203788801156,0.965859121199268,0.99999999999964,"NP","Cplx2",168.42,1000,986
"Tmx2",4.74453781916914e-07,0.695468600422015,0.00181492828353715,0.966018821008803,0.99999999999964,"NP","Cplx2",168.42,1000,986
"Ldlr",4.69473427054452e-07,0.689875499644069,0.00177702555836917,0.966375310052847,0.99999999999964,"NP","Cplx2",168.42,1000,986
"Cmas",4.65192963177079e-07,0.685027003419807,0.00174476891997845,0.966681706941453,0.99999999999964,"NP","Cplx2",168.42,1000,986
"Hmgcs1",4.6238800893856e-07,0.681828731724903,0.00172379163613811,0.966882489078089,0.99999999999964,"NP","Cplx2",168.42,1000,986
"Far1",4.54145881056774e-07,0.672332231913139,0.00166288571443414,0.967472483013661,0.99999999999964,"NP","Cplx2",168.42,1000,986
"Syp",4.47407966996827e-07,0.664456838251138,0.00161390909761366,0.967954814474279,0.99999999999964,"NP","Cplx2",168.42,1000,986
"Tpm1",4.27078822852871e-07,0.640054094233133,0.00147057682342808,0.969410140195775,0.99999999999964,"NP","Cplx2",168.42,1000,986
"Rgs7",4.22139322220475e-07,0.633972465971387,0.00143675679615102,0.969763765452526,0.99999999999964,"NP","Cplx2",168.42,1000,986
"Rps20",4.19146029726142e-07,0.630256865369898,0.00141645361324725,0.969978062041824,0.99999999999964,"NP","Cplx2",168.42,1000,986
"Cdipt",4.18939812319479e-07,0.63000003688704,0.00141506018224725,0.969992825693029,0.99999999999964,"NP","Cplx2",168.42,1000,986
"Tollip",4.18533789174885e-07,0.629494043601664,0.00141231864873018,0.970021893997116,0.99999999999964,"NP","Cplx2",168.42,1000,986
"Epb41l3",4.18487738830589e-07,0.629436627883633,0.00141200787725255,0.970025190869352,0.99999999999964,"NP","Cplx2",168.42,1000,986
"Gabarapl2",4.17722603573996e-07,0.628481849610263,0.0014068493540059,0.970079969105498,0.99999999999964,"NP","Cplx2",168.42,1000,986
"Arhgef11",4.16489858837177e-07,0.62694035751127,0.00139855807606915,0.970168225147578,0.99999999999964,"NP","Cplx2",168.42,1000,986
"Cdh11",4.15101558993354e-07,0.625199591809615,0.00138924989299198,0.970267618302469,0.99999999999964,"NP","Cplx2",168.42,1000,986
"Reep1",4.03013383241929e-07,0.609824578420672,0.00130951530884673,0.971133071678953,0.99999999999964,"NP","Cplx2",168.42,1000,986
"Flot1",4.01419348502099e-07,0.607767273253518,0.00129917677012935,0.971247199212234,0.99999999999964,"NP","Cplx2",168.42,1000,986
"Snx7",3.99066499674007e-07,0.604717597819863,0.00128399161175052,0.971415656360755,0.99999999999964,"NP","Cplx2",168.42,1000,986
"Rpl27a",3.92310019970585e-07,0.595872323126435,0.00124088188401237,0.971899407764407,0.99999999999964,"NP","Cplx2",168.42,1000,986
"Hspb8",3.89048460506957e-07,0.591554921399877,0.00122033493827213,0.972132933077894,0.99999999999964,"NP","Cplx2",168.42,1000,986
"Kcnip2",3.84842642192327e-07,0.585940863781183,0.0011940926317093,0.972434070170367,0.99999999999964,"NP","Cplx2",168.42,1000,986
"Rraga",3.84760503807113e-07,0.585830692587426,0.00119358296691161,0.972439951327799,0.99999999999964,"NP","Cplx2",168.42,1000,986
"Hspa8",3.8249001261405e-07,0.582777182465269,0.00117953774342104,0.97260252044519,0.99999999999964,"NP","Cplx2",168.42,1000,986
"Ttc3",3.81556851997833e-07,0.581517631316517,0.00117378932937115,0.972669335876353,0.99999999999964,"NP","Cplx2",168.42,1000,986
"Map1b",3.79063648573376e-07,0.578139191613377,0.00115849968499045,0.972847853202997,0.99999999999964,"NP","Cplx2",168.42,1000,986
"Pgk1",3.7875598048116e-07,0.577720944111726,0.0011566198490359,0.972869882821722,0.99999999999964,"NP","Cplx2",168.42,1000,986
"Eps15",3.78525889287287e-07,0.57740796232989,0.00115521500148066,0.972886357800972,0.99999999999964,"NP","Cplx2",168.42,1000,986
"Pcbp1",3.77233237735731e-07,0.575646549031499,0.00114733844275063,0.972978914393729,0.99999999999964,"NP","Cplx2",168.42,1000,986
"Ywhae",3.72411344081112e-07,0.569029401010168,0.0011181947434417,0.973324175406863,0.99999999999964,"NP","Cplx2",168.42,1000,986
"Itfg1",3.72323622121105e-07,0.568908330326995,0.00111766802113056,0.97333045658997,0.99999999999964,"NP","Cplx2",168.42,1000,986
"Fabp5",3.71097342729147e-07,0.567213260655392,0.00111031787662995,0.973418262432168,0.99999999999964,"NP","Cplx2",168.42,1000,986
"Arf1",3.66468618810079e-07,0.56077081449754,0.00108279246723992,0.973749697954734,0.99999999999964,"NP","Cplx2",168.42,1000,986
"Ghitm",3.63953644395397e-07,0.557240635950372,0.00106798164340473,0.973929782290695,0.99999999999964,"NP","Cplx2",168.42,1000,986
"Atp9a",3.57955275532835e-07,0.548734505754683,0.00103306863927757,0.974359299870219,0.99999999999964,"NP","Cplx2",168.42,1000,986
"Ube2v1",3.57347644566828e-07,0.54786593822669,0.00102956433717456,0.974402810145782,0.99999999999964,"NP","Cplx2",168.42,1000,986
"Got2",3.56154515295007e-07,0.546156695709541,0.00102270069813365,0.974488246077951,0.99999999999964,"NP","Cplx2",168.42,1000,986
"Kcnb1",3.55189867471864e-07,0.544771123778155,0.00101716821194941,0.974557321444145,0.99999999999964,"NP","Cplx2",168.42,1000,986
"Crmp1",3.45810567592096e-07,0.53112575264604,0.000964157900947503,0.975228953182091,0.99999999999964,"NP","Cplx2",168.42,1000,986
"Eif1",3.43222648784657e-07,0.527304100457187,0.000949781093755913,0.975414271661694,0.99999999999964,"NP","Cplx2",168.42,1000,986
"Eml1",3.42484309303978e-07,0.526209178411638,0.000945699156815525,0.975467143714886,0.99999999999964,"NP","Cplx2",168.42,1000,986
"Fam102b",3.41246661546056e-07,0.524369191946664,0.00093887649326818,0.975555771179943,0.99999999999964,"NP","Cplx2",168.42,1000,986
"Isl1",3.3822023519053e-07,0.519845291682042,0.000922297045670347,0.975772493639942,0.99999999999964,"NP","Cplx2",168.42,1000,986
"Atp1b3",3.34398259428757e-07,0.514081619169134,0.000901570430865432,0.97604618796458,0.99999999999964,"NP","Cplx2",168.42,1000,986
"Rian",3.33194118720293e-07,0.512253861002299,0.000895089158809008,0.97613241789834,0.99999999999964,"NP","Cplx2",168.42,1000,986
"Clcn3",3.33158155992487e-07,0.512199185076623,0.0008948959494527,0.976134993235911,0.99999999999964,"NP","Cplx2",168.42,1000,986
"Tcf25",3.32462413493837e-07,0.511140401397864,0.000891162185057317,0.976184816307349,0.99999999999964,"NP","Cplx2",168.42,1000,986
"Arl8b",3.32454331395544e-07,0.51112809070833,0.000891118857616156,0.976185395078003,0.99999999999964,"NP","Cplx2",168.42,1000,986
"Dmxl2",3.27478957653563e-07,0.50349970364008,0.000864646209374624,0.976541691097339,0.99999999999964,"NP","Cplx2",168.42,1000,986
"Coro2a",3.26973317843497e-07,0.502718809138636,0.00086197817829285,0.976577901193385,0.99999999999964,"NP","Cplx2",168.42,1000,986
"Nbl1",3.25898319807256e-07,0.501055118607101,0.00085631960277571,0.976654884576457,0.99999999999964,"NP","Cplx2",168.42,1000,986
"Etnk1",3.24136744743378e-07,0.498318517407474,0.000847087309726568,0.976781035981765,0.99999999999964,"NP","Cplx2",168.42,1000,986
"Akap6",3.23752579250641e-07,0.497719999723297,0.000845080571059693,0.976808547243617,0.99999999999964,"NP","Cplx2",168.42,1000,986
"Serping1",3.2231725012337e-07,0.495478322395368,0.000837603997651903,0.976911335781055,0.99999999999964,"NP","Cplx2",168.42,1000,986
"Chmp4b",3.18052042049695e-07,0.488765354618158,0.000815582727559681,0.977216783311708,0.99999999999964,"NP","Cplx2",168.42,1000,986
"Npepps",3.16965910477769e-07,0.487043398280011,0.000810021891592504,0.977294565798454,0.99999999999964,"NP","Cplx2",168.42,1000,986
"Peg3",3.15838807255159e-07,0.485251050025506,0.000804271399072223,0.977375282667071,0.99999999999964,"NP","Cplx2",168.42,1000,986
"Hspa12a",3.15495093826522e-07,0.484703361104637,0.000802521845466593,0.977399897558682,0.99999999999964,"NP","Cplx2",168.42,1000,986
"Tle1",3.14628630507583e-07,0.483320391389496,0.000798119869610236,0.97746194905773,0.99999999999964,"NP","Cplx2",168.42,1000,986
"Coro2b",3.14480416775046e-07,0.483083494401722,0.0007973680978315,0.977472563351408,0.99999999999964,"NP","Cplx2",168.42,1000,986
"Ube2b",3.09401005256913e-07,0.474905541724381,0.000771818321891771,0.97783632668214,0.99999999999964,"NP","Cplx2",168.42,1000,986
"Csnk1a1",3.0920308995021e-07,0.474584536601319,0.000770831215833123,0.977850500530291,0.99999999999964,"NP","Cplx2",168.42,1000,986
"Nsf",3.01104275278922e-07,0.461292980288026,0.000730979987232153,0.978430508960642,0.99999999999964,"NP","Cplx2",168.42,1000,986
"Jund",3.00398700725965e-07,0.460120335942505,0.000727558205268724,0.978481040256262,0.99999999999964,"NP","Cplx2",168.42,1000,986
"Akt1",2.98560717786602e-07,0.45705437428229,0.000718682343756693,0.978612671909619,0.99999999999964,"NP","Cplx2",168.42,1000,986
"Arhgdia",2.9628941045525e-07,0.45324281634814,0.000707789153087867,0.978775337955578,0.99999999999964,"NP","Cplx2",168.42,1000,986
"Atp1a1",2.95446724754554e-07,0.451822210459766,0.000703768789244632,0.978835689480751,0.99999999999964,"NP","Cplx2",168.42,1000,986
"Tlx2",2.93738702978763e-07,0.448931969193887,0.000695655124788898,0.978958015078498,0.99999999999964,"NP","Cplx2",168.42,1000,986
"Gm13889",2.914793593902e-07,0.445086262323697,0.000684994770312403,0.979119826161051,0.99999999999964,"NP","Cplx2",168.42,1000,986
"Syngr3",2.91123223360759e-07,0.444477706713198,0.000683321908909137,0.97914533221256,0.99999999999964,"NP","Cplx2",168.42,1000,986
"Tprgl",2.8989893540367e-07,0.442380725166899,0.000677586717508046,0.979233014465902,0.99999999999964,"NP","Cplx2",168.42,1000,986
"Prkar1a",2.87116150604857e-07,0.437585518967316,0.000664640633128858,0.97943231560327,0.99999999999964,"NP","Cplx2",168.42,1000,986
"Hnrnpa3",2.85842694898488e-07,0.435377644351519,0.000658757903135729,0.979523520055884,0.99999999999964,"NP","Cplx2",168.42,1000,986
"Ncald",2.85393960010718e-07,0.434597603902398,0.000656691202627251,0.979555658355552,0.99999999999964,"NP","Cplx2",168.42,1000,986
"Ppp3ca",2.85274344736961e-07,0.434389495355551,0.000656140848745613,0.979564225182274,0.99999999999964,"NP","Cplx2",168.42,1000,986
"Il6st",2.85201068118823e-07,0.434261970039783,0.000655803814530441,0.979569473243076,0.99999999999964,"NP","Cplx2",168.42,1000,986
"Nefl",2.84301986133052e-07,0.432694948228641,0.000651675554956465,0.979633865436898,0.99999999999964,"NP","Cplx2",168.42,1000,986
"Arpc5",2.83957088543578e-07,0.432092677508247,0.000650095369057617,0.979658567015247,0.99999999999964,"NP","Cplx2",168.42,1000,986
"Ago2",2.82153183972127e-07,0.428932237595099,0.000641861835918791,0.979787763045847,0.99999999999964,"NP","Cplx2",168.42,1000,986
"Gnao1",2.80986234729088e-07,0.42687836735813,0.000636563499408708,0.979871340482448,0.99999999999964,"NP","Cplx2",168.42,1000,986
"Dctn1",2.76546069321295e-07,0.418995077297527,0.000616604405200213,0.980189349164411,0.99999999999964,"NP","Cplx2",168.42,1000,986
"Wdr1",2.76103553426151e-07,0.418203391450611,0.000614632661798651,0.980221042728354,0.99999999999964,"NP","Cplx2",168.42,1000,986
"Rheb",2.73894518742698e-07,0.414234718868397,0.000604836964755923,0.980379257131375,0.99999999999964,"NP","Cplx2",168.42,1000,986
"Rnf11",2.72663178193148e-07,0.412010435348287,0.000599410889169201,0.980467447938131,0.99999999999964,"NP","Cplx2",168.42,1000,986
"Cadps",2.71472674559299e-07,0.409851595886552,0.000594188013221912,0.980552714159128,0.99999999999964,"NP","Cplx2",168.42,1000,986
"Gcnt2",2.71409365317277e-07,0.409736561503032,0.000593910908305483,0.980557248498281,0.99999999999964,"NP","Cplx2",168.42,1000,986
"Lypla2",2.71328150871103e-07,0.409588958760197,0.000593555526840796,0.980563065246192,0.99999999999964,"NP","Cplx2",168.42,1000,986
"Eif4b",2.71316275018565e-07,0.409567371837474,0.000593503568917355,0.98056391581959,0.99999999999964,"NP","Cplx2",168.42,1000,986
"Elavl2",2.67706904451094e-07,0.402968158158134,0.00057781762864174,0.980822427508386,0.99999999999964,"NP","Cplx2",168.42,1000,986
"Tm9sf3",2.65756488294752e-07,0.399369826703857,0.000569428756956392,0.98096212178376,0.99999999999964,"NP","Cplx2",168.42,1000,986
"Rab27b",2.64027263736154e-07,0.396160309019197,0.000562042546589499,0.981085974184912,0.99999999999964,"NP","Cplx2",168.42,1000,986
"Ube2v2",2.63074923882443e-07,0.394384907853835,0.000557995311601045,0.981154183900062,0.99999999999964,"NP","Cplx2",168.42,1000,986
"Tomm70a",2.60104541104891e-07,0.388811223879776,0.000545465782456472,0.981366933375036,0.99999999999964,"NP","Cplx2",168.42,1000,986
"Abcc5",2.59631835522064e-07,0.387919128328886,0.000543484960282552,0.981400790368001,0.99999999999964,"NP","Cplx2",168.42,1000,986
"Fdft1",2.57956082472775e-07,0.384745203189468,0.000536491923839392,0.981520814519704,0.99999999999964,"NP","Cplx2",168.42,1000,986
"Tcaf1",2.57541307658337e-07,0.383956839132949,0.000534768030103137,0.981550522419488,0.99999999999964,"NP","Cplx2",168.42,1000,986
"1810041L15Rik",2.56822531815821e-07,0.382588040081782,0.000531787211520823,0.981602004199658,0.99999999999964,"NP","Cplx2",168.42,1000,986
"Tusc5",2.56034419168251e-07,0.381083364261536,0.000528528422936724,0.9816584522645,0.99999999999964,"NP","Cplx2",168.42,1000,986
"Pla2g7",2.5555543674552e-07,0.380166914702713,0.000526552758674788,0.981692759119383,0.99999999999964,"NP","Cplx2",168.42,1000,986
"Nap1l5",2.55388192432509e-07,0.379846569841729,0.000525863795530125,0.981704737910097,0.99999999999964,"NP","Cplx2",168.42,1000,986
"Pclo",2.55350734289123e-07,0.379774796358944,0.000525709548485977,0.981707420831547,0.99999999999964,"NP","Cplx2",168.42,1000,986
"Trappc2",2.54193296839706e-07,0.377552506128035,0.000520954544430147,0.981790321832323,0.99999999999964,"NP","Cplx2",168.42,1000,986
"Eef1g",2.53152892945008e-07,0.3755473964919,0.000516698775736222,0.98186484051876,0.99999999999964,"NP","Cplx2",168.42,1000,986
"Snap47",2.50426736943901e-07,0.370259232316906,0.000505630231588908,0.982060101555758,0.99999999999964,"NP","Cplx2",168.42,1000,986
"Zdhhc17",2.50354613673587e-07,0.370118649811222,0.000505339029020521,0.98206526740264,0.99999999999964,"NP","Cplx2",168.42,1000,986
"Lxn",2.47876238545486e-07,0.36526627003212,0.000495383386309407,0.982242782083015,0.99999999999964,"NP","Cplx2",168.42,1000,986
"Timp2",2.46255959390082e-07,0.362071080931288,0.000488928261530371,0.982358835747564,0.99999999999964,"NP","Cplx2",168.42,1000,986
"Dync1i2",2.44715518906085e-07,0.35901633025478,0.000482830466381635,0.982469171255859,0.99999999999964,"NP","Cplx2",168.42,1000,986
"Akr1a1",2.43562130620389e-07,0.356718148549336,0.000478289858228798,0.982551784003613,0.99999999999964,"NP","Cplx2",168.42,1000,986
"Cdk5r2",2.41528478781927e-07,0.352642837767004,0.000470336123283934,0.982697447084755,0.99999999999964,"NP","Cplx2",168.42,1000,986
"Selenok",2.39782084274575e-07,0.349119280550395,0.000463559093522102,0.982822535429111,0.99999999999964,"NP","Cplx2",168.42,1000,986
"Anxa2",2.39380738470392e-07,0.348306364384116,0.000462008587401931,0.982851282534286,0.99999999999964,"NP","Cplx2",168.42,1000,986
"Spin1",2.39322278567498e-07,0.348187856366233,0.000461782957893426,0.982855469830393,0.99999999999964,"NP","Cplx2",168.42,1000,986
"Bsg",2.3789720643885e-07,0.34529117903244,0.000456299851700001,0.982957543340684,0.99999999999964,"NP","Cplx2",168.42,1000,986
"Dync1i1",2.36391872951363e-07,0.342214918788643,0.00045054349773801,0.983065366026927,0.99999999999964,"NP","Cplx2",168.42,1000,986
"Rab3a",2.35345230835945e-07,0.340065969674162,0.000446562702073982,0.983140334158562,0.99999999999964,"NP","Cplx2",168.42,1000,986
"Pcbp3",2.35249680831227e-07,0.339869374039184,0.000446200167372669,0.983147178153275,0.99999999999964,"NP","Cplx2",168.42,1000,986
"Sptan1",2.32804075352424e-07,0.334813709393992,0.000436971185847638,0.983322350841319,0.99999999999964,"NP","Cplx2",168.42,1000,986
"Rangap1",2.32712615533314e-07,0.334623744960584,0.000436627914750403,0.983328901898215,0.99999999999964,"NP","Cplx2",168.42,1000,986
"Trim36",2.30310700621106e-07,0.329611507688848,0.000427661225427935,0.983500945950859,0.99999999999964,"NP","Cplx2",168.42,1000,986
"U2af2",2.297755206055e-07,0.328488520287324,0.000425675995754246,0.983539279861053,0.99999999999964,"NP","Cplx2",168.42,1000,986
"Eif5",2.29463699167517e-07,0.327833164739387,0.000424521435551373,0.983561615045538,0.99999999999964,"NP","Cplx2",168.42,1000,986
"Ndst1",2.29204821742379e-07,0.327288492884227,0.000423564098740734,0.98358015795952,0.99999999999964,"NP","Cplx2",168.42,1000,986
"C77080",2.28719303030408e-07,0.326265528680019,0.000421771549314125,0.983614934796079,0.99999999999964,"NP","Cplx2",168.42,1000,986
"Aacs",2.27337748340217e-07,0.32334429064158,0.000416691605607766,0.983713893256541,0.99999999999964,"NP","Cplx2",168.42,1000,986
"Dnajc7",2.26638771050129e-07,0.321860445757538,0.0004141332076509,0.983763959930727,0.99999999999964,"NP","Cplx2",168.42,1000,986
"Abr",2.26283888087291e-07,0.321105547577984,0.000412837279745109,0.983789379679041,0.99999999999964,"NP","Cplx2",168.42,1000,986
"BC005537",2.25311619360244e-07,0.319032073495514,0.000409297244606739,0.983859021952174,0.99999999999964,"NP","Cplx2",168.42,1000,986
"Ndn",2.18352382287151e-07,0.303959189200368,0.000384403658382719,0.984357506101855,0.99999999999964,"NP","Cplx2",168.42,1000,986
"Rpl26",2.1426093737274e-07,0.294901408060281,0.000370132861060849,0.984650575635701,0.99999999999964,"NP","Cplx2",168.42,1000,986
"Ptms",2.08943711149194e-07,0.282902406963213,0.000351989940023222,0.98503145077471,0.99999999999964,"NP","Cplx2",168.42,1000,986
"Snx10",2.08861977437615e-07,0.282715900855533,0.000351714614031127,0.985037305421513,0.99999999999964,"NP","Cplx2",168.42,1000,986
"S100a10",2.085489415818e-07,0.282001004465606,0.000350661126174141,0.985059728421105,0.99999999999964,"NP","Cplx2",168.42,1000,986
"Map4",2.08329311954543e-07,0.281498867367133,0.000349922929968898,0.985075460667608,0.99999999999964,"NP","Cplx2",168.42,1000,986
"Scn11a",2.07806380382471e-07,0.280301437964698,0.000348168437640713,0.985112918699236,0.99999999999964,"NP","Cplx2",168.42,1000,986
"Add2",2.03005085322364e-07,0.269182993857518,0.000332265674323354,0.985456841056346,0.99999999999964,"NP","Cplx2",168.42,1000,986
"Rab5a",2.01110082973118e-07,0.264731656670061,0.000326091391095995,0.985592583029105,0.99999999999964,"NP","Cplx2",168.42,1000,986
"Rpn1",1.99884819501603e-07,0.261834066364484,0.000322130070599193,0.985680350784139,0.99999999999964,"NP","Cplx2",168.42,1000,986
"Ccdc141",1.98887512447727e-07,0.259464135139468,0.000318923612627135,0.98575178975221,0.99999999999964,"NP","Cplx2",168.42,1000,986
"Rgs7bp",1.97892994996506e-07,0.257090516407503,0.000315742094662301,0.985823029009598,0.99999999999964,"NP","Cplx2",168.42,1000,986
"Anxa6",1.97571133109343e-07,0.256320104708706,0.000314715856189575,0.985846084639141,0.99999999999964,"NP","Cplx2",168.42,1000,986
"Napa",1.96894793414182e-07,0.254697647578099,0.000312564828426279,0.985894532282272,0.99999999999964,"NP","Cplx2",168.42,1000,986
"Mapk1",1.95729923166971e-07,0.251891864773042,0.000308877372554382,0.985977974524155,0.99999999999964,"NP","Cplx2",168.42,1000,986
"Skp1a",1.91811068563511e-07,0.242344794822307,0.000296632664353716,0.98625869190022,0.99999999999964,"NP","Cplx2",168.42,1000,986
"Psap",1.91270036968951e-07,0.241013437785616,0.000294961631446364,0.986297447483622,0.99999999999964,"NP","Cplx2",168.42,1000,986
"Tubb4b",1.90048465092935e-07,0.237995334265979,0.000291206038221675,0.986384952160734,0.99999999999964,"NP","Cplx2",168.42,1000,986
"Ehd3",1.88326708906748e-07,0.233712657347493,0.000285953539821139,0.986508286744263,0.99999999999964,"NP","Cplx2",168.42,1000,986
"Capzb",1.87031145722783e-07,0.230467573891189,0.000282032730251785,0.986601092051612,0.99999999999964,"NP","Cplx2",168.42,1000,986
"Elavl3",1.86140157263521e-07,0.22822448898161,0.000279352007126459,0.986664916491244,0.99999999999964,"NP","Cplx2",168.42,1000,986
"Nrxn1",1.85410774059102e-07,0.226381286146558,0.00027716703573051,0.98671716467744,0.99999999999964,"NP","Cplx2",168.42,1000,986
"Cd82",1.8487840676766e-07,0.225031970329049,0.000275577669319166,0.986755299983328,0.99999999999964,"NP","Cplx2",168.42,1000,986
"Sri",1.83978246353827e-07,0.222742753367121,0.000272900664367319,0.986819781648349,0.99999999999964,"NP","Cplx2",168.42,1000,986
"Gnb1",1.82894279361424e-07,0.219973127924036,0.000269694373702945,0.986897430141047,0.99999999999964,"NP","Cplx2",168.42,1000,986
"Rpsa",1.82820957561029e-07,0.219785269507056,0.00026947817762137,0.986902682452409,0.99999999999964,"NP","Cplx2",168.42,1000,986
"Kif1a",1.81853060024077e-07,0.217299248185545,0.00026663236796001,0.986972016580829,0.99999999999964,"NP","Cplx2",168.42,1000,986
"Chmp3",1.81813321316963e-07,0.217196934515506,0.000266515851164606,0.986974863215474,0.99999999999964,"NP","Cplx2",168.42,1000,986
"Usp9x",1.80930008291476e-07,0.214917666720643,0.000263932486512893,0.987038138327863,0.99999999999964,"NP","Cplx2",168.42,1000,986
"Ckap5",1.80925669312838e-07,0.214906446714025,0.000263919827654366,0.987038449145808,0.99999999999964,"NP","Cplx2",168.42,1000,986
"Nap1l1",1.80239962332993e-07,0.213130353741609,0.00026192311012975,0.987087569032994,0.99999999999964,"NP","Cplx2",168.42,1000,986
"Sucla2",1.78431952456211e-07,0.208418975529823,0.000256694698006511,0.9872170841238,0.99999999999964,"NP","Cplx2",168.42,1000,986
"Usp7",1.77930062433342e-07,0.207103769474692,0.000255252676919362,0.987253036604474,0.99999999999964,"NP","Cplx2",168.42,1000,986
"Klhl5",1.76798715212771e-07,0.204127189939484,0.000252017008726832,0.987334079830726,0.99999999999964,"NP","Cplx2",168.42,1000,986
"Slc38a2",1.75669227129861e-07,0.201138927777147,0.00024880724607512,0.987414990009394,0.99999999999964,"NP","Cplx2",168.42,1000,986
"Cttn",1.7488257100332e-07,0.199047799346132,0.00024658389127923,0.987471341709899,0.99999999999964,"NP","Cplx2",168.42,1000,986
"Ap3b2",1.74433157817753e-07,0.197849471585468,0.000245318177247769,0.987503535216649,0.99999999999964,"NP","Cplx2",168.42,1000,986
"Ywhah",1.72796381118042e-07,0.193462300080608,0.000240735938211514,0.987620785133981,0.99999999999964,"NP","Cplx2",168.42,1000,986
"Rpl34",1.71888403784287e-07,0.191012970488289,0.000238212638933478,0.987685827883136,0.99999999999964,"NP","Cplx2",168.42,1000,986
"Ppp2r2b",1.71215595716242e-07,0.189190755567418,0.000236351457916266,0.987734024388412,0.99999999999964,"NP","Cplx2",168.42,1000,986
"Sbno1",1.7116873387331e-07,0.189063604340076,0.000236222096462772,0.987737381331188,0.99999999999964,"NP","Cplx2",168.42,1000,986
"Gdi1",1.70243998955733e-07,0.186548286481948,0.00023367662276601,0.987803624655912,0.99999999999964,"NP","Cplx2",168.42,1000,986
"Elovl6",1.68011166309795e-07,0.180425540769153,0.000227587254305258,0.98796357382071,0.99999999999964,"NP","Cplx2",168.42,1000,986
"Surf4",1.67016392010992e-07,0.177674908275489,0.000224900198218537,0.988034834722072,0.99999999999964,"NP","Cplx2",168.42,1000,986
"Prrc2b",1.66717332244621e-07,0.176845197327007,0.000224095506137016,0.988056257960618,0.99999999999964,"NP","Cplx2",168.42,1000,986
"Kif5a",1.65785142871056e-07,0.174250598987224,0.000221596480718622,0.988123035688922,0.99999999999964,"NP","Cplx2",168.42,1000,986
"Ppp2ca",1.65716883147014e-07,0.174060110825585,0.000221414039754648,0.988127925502611,0.99999999999964,"NP","Cplx2",168.42,1000,986
"Pgm2l1",1.64503721913575e-07,0.170663179967028,0.000218184100639476,0.98821483088577,0.99999999999964,"NP","Cplx2",168.42,1000,986
"Vps35",1.64237621972364e-07,0.169915169699257,0.000217478805732274,0.988233893100619,0.99999999999964,"NP","Cplx2",168.42,1000,986
"Slc3a2",1.63059697004657e-07,0.166591292722747,0.000214370442821597,0.988318274480549,0.99999999999964,"NP","Cplx2",168.42,1000,986
"Clstn1",1.63020393463876e-07,0.166480026060435,0.000214267112542409,0.988321090016138,0.99999999999964,"NP","Cplx2",168.42,1000,986
"Actr2",1.62569703654602e-07,0.165202471507879,0.000213084014955545,0.98835337549425,0.99999999999964,"NP","Cplx2",168.42,1000,986
"Serpinb6a",1.62346245861311e-07,0.164567900727333,0.000212498634552503,0.988369383055847,0.99999999999964,"NP","Cplx2",168.42,1000,986
"Rassf3",1.61435023046219e-07,0.161972337404148,0.000210119889221536,0.988434659213564,0.99999999999964,"NP","Cplx2",168.42,1000,986
"Pja2",1.60802749278556e-07,0.160163843926806,0.000208477208147763,0.988479952684026,0.99999999999964,"NP","Cplx2",168.42,1000,986
"Lrrc8b",1.59747589776854e-07,0.157131948611816,0.000205750202748661,0.988555540017235,0.99999999999964,"NP","Cplx2",168.42,1000,986
"Pitpnc1",1.59245014732278e-07,0.155681720419295,0.000204457635410735,0.988591542484584,0.99999999999964,"NP","Cplx2",168.42,1000,986
"Scd2",1.58495544719798e-07,0.153511640396339,0.000202537647210405,0.988645231563701,0.99999999999964,"NP","Cplx2",168.42,1000,986
"Rpl5",1.58293570626491e-07,0.152925300466138,0.000202021780430812,0.988659700200863,0.99999999999964,"NP","Cplx2",168.42,1000,986
"Ap2b1",1.57620580161394e-07,0.15096687041658,0.000200307627229731,0.988707910642733,0.99999999999964,"NP","Cplx2",168.42,1000,986
"Sfr1",1.56571928670616e-07,0.14790070535491,0.000197651195568721,0.988783032074049,0.99999999999964,"NP","Cplx2",168.42,1000,986
"Ppp1r1c",1.55792272056102e-07,0.145609458461665,0.000195687671335831,0.988838883793099,0.99999999999964,"NP","Cplx2",168.42,1000,986
"Gnb2",1.53536540855757e-07,0.138923704213714,0.000190061935122181,0.989000476348493,0.99999999999964,"NP","Cplx2",168.42,1000,986
"Rph3a",1.52462742540334e-07,0.135711010467779,0.000187412734973023,0.989077399597257,0.99999999999964,"NP","Cplx2",168.42,1000,986
"Epn1",1.50144824572524e-07,0.128708385886666,0.000181757515174984,0.989243447679632,0.99999999999964,"NP","Cplx2",168.42,1000,986
"Taok1",1.48973306750398e-07,0.125133286220725,0.000178932223551135,0.989327371572727,0.99999999999964,"NP","Cplx2",168.42,1000,986
"Vdac2",1.48356231066676e-07,0.123240323229363,0.000177452951227395,0.989371577003008,0.99999999999964,"NP","Cplx2",168.42,1000,986
"Lasp1",1.47576652574547e-07,0.120839044440005,0.000175592900802144,0.989427423688214,0.99999999999964,"NP","Cplx2",168.42,1000,986
"Hnrnpk",1.47563602076238e-07,0.120798752125106,0.000175561846113061,0.989428358587551,0.99999999999964,"NP","Cplx2",168.42,1000,986
"Mapre2",1.47521223329818e-07,0.120667889933598,0.000175461021485661,0.989431394476471,0.99999999999964,"NP","Cplx2",168.42,1000,986
"Prkaca",1.46000666119584e-07,0.115950755454255,0.000171862576210331,0.989540322829796,0.99999999999964,"NP","Cplx2",168.42,1000,986
"Tbc1d9",1.44804723697791e-07,0.112210535289191,0.000169058535169456,0.989625996848662,0.99999999999964,"NP","Cplx2",168.42,1000,986
"Igsf3",1.44591573409118e-07,0.111541104214199,0.000168561198435297,0.989641266360451,0.99999999999964,"NP","Cplx2",168.42,1000,986
"Pik3r1",1.41034157662298e-07,0.100239834672957,0.000160368940924221,0.989896110585558,0.99999999999964,"NP","Cplx2",168.42,1000,986
"Grk2",1.37218074262271e-07,0.0878377436023871,0.000151807868772022,0.990169486249432,0.99999999999964,"NP","Cplx2",168.42,1000,986
"Ebf3",1.37135006206814e-07,0.0875644558053464,0.000151624123772838,0.990175437071741,0.99999999999964,"NP","Cplx2",168.42,1000,986
"Srgap1",1.36699286208758e-07,0.0861286059959497,0.000150662141718838,0.99020665115294,0.99999999999964,"NP","Cplx2",168.42,1000,986
"Arl8a",1.3453621577674e-07,0.0789410413318947,0.000145931840056916,0.990361609274422,0.99999999999964,"NP","Cplx2",168.42,1000,986
"Calca",1.33853505407765e-07,0.0766516214483166,0.000144454521948767,0.990410517381438,0.99999999999964,"NP","Cplx2",168.42,1000,986
"Cct3",1.33405469564525e-07,0.0751436391052329,0.000143489101039073,0.990442613859449,0.99999999999964,"NP","Cplx2",168.42,1000,986
"Trappc4",1.31849327285814e-07,0.0698715812157708,0.00014016109434117,0.990554093199484,0.99999999999964,"NP","Cplx2",168.42,1000,986
"3632451O06Rik",1.29663311601841e-07,0.0623734004952581,0.000135551978750847,0.990710695891304,0.99999999999964,"NP","Cplx2",168.42,1000,986
"Prkar1b",1.2963586875081e-07,0.0622785728882277,0.000135494606483278,0.990712661855855,0.99999999999964,"NP","Cplx2",168.42,1000,986
"Qdpr",1.2924861864671e-07,0.0609385814329679,0.000134686312745472,0.990740403876573,0.99999999999964,"NP","Cplx2",168.42,1000,986
"Rad21",1.28743585513999e-07,0.0591857713352403,0.000133635807810401,0.990776583714859,0.99999999999964,"NP","Cplx2",168.42,1000,986
"Gnb4",1.28586884234813e-07,0.0586406949632253,0.00013331069401537,0.990787809570198,0.99999999999964,"NP","Cplx2",168.42,1000,986
"Cox8a",1.26618080502527e-07,0.0517426256284878,0.000129259685221492,0.990928852006103,0.99999999999964,"NP","Cplx2",168.42,1000,986
"Kif21a",1.26305890632514e-07,0.0506402519284701,0.00012862306498147,0.990951216892201,0.99999999999964,"NP","Cplx2",168.42,1000,986
"Rpl38",1.25637098616056e-07,0.0482706802050833,0.000127264548220038,0.990999128327427,0.99999999999964,"NP","Cplx2",168.42,1000,986
"Ldb2",1.2535517402573e-07,0.0472685150043686,0.000126694035998841,0.99101932506711,0.99999999999964,"NP","Cplx2",168.42,1000,986
"Kcnb2",1.25255786089234e-07,0.046914750487056,0.000126493216731984,0.991026445101108,0.99999999999964,"NP","Cplx2",168.42,1000,986
"Cand1",1.22621517020015e-07,0.0374480757007676,0.000121228578442584,0.991215161274413,0.99999999999964,"NP","Cplx2",168.42,1000,986
"Itm2b",1.21984371932412e-07,0.0351318430052811,0.000119972036786253,0.991260805730279,0.99999999999964,"NP","Cplx2",168.42,1000,986
"Cend1",1.21543555927768e-07,0.0335231642826313,0.000119106515465458,0.991292385377886,0.99999999999964,"NP","Cplx2",168.42,1000,986
"Slc12a2",1.21537667495359e-07,0.0335016411802447,0.000119094975015268,0.991292807219786,0.99999999999964,"NP","Cplx2",168.42,1000,986
"Tmem35a",1.21313815058051e-07,0.0326827535318568,0.000118656672230942,0.991308843805019,0.99999999999964,"NP","Cplx2",168.42,1000,986
"Gnai2",1.20984403020991e-07,0.031475318657734,0.000118013153299124,0.991332442590457,0.99999999999964,"NP","Cplx2",168.42,1000,986
"Rbfox3",1.20757812871111e-07,0.0306431084258174,0.00011757151658654,0.991348675311726,0.99999999999964,"NP","Cplx2",168.42,1000,986
"Rab6b",1.20748502288516e-07,0.0306088838866386,0.000117553387455345,0.991349342313842,0.99999999999964,"NP","Cplx2",168.42,1000,986
"Apba1",1.20273979636344e-07,0.0288615505629206,0.000116631270205315,0.991383336715845,0.99999999999964,"NP","Cplx2",168.42,1000,986
"Spag9",1.19846692105047e-07,0.0272830123527582,0.000115804049468984,0.991413947247071,0.99999999999964,"NP","Cplx2",168.42,1000,986
"B4galt5",1.19728758916828e-07,0.0268464670290177,0.000115576251421676,0.991422395886987,0.99999999999964,"NP","Cplx2",168.42,1000,986
"Dynlt3",1.19038280684005e-07,0.0242830387821083,0.000114247034045501,0.991471861218327,0.99999999999964,"NP","Cplx2",168.42,1000,986
"Msn",1.18587054766079e-07,0.0226008474171439,0.000113382547132439,0.99150418671494,0.99999999999964,"NP","Cplx2",168.42,1000,986
"Atg12",1.18048966271246e-07,0.0205875341279717,0.000112355935446508,0.991542735001619,0.99999999999964,"NP","Cplx2",168.42,1000,986
"Rpl35a",1.16419770223447e-07,0.0144426740234945,0.000109276082831098,0.991659449596867,0.99999999999964,"NP","Cplx2",168.42,1000,986
"Lamtor1",1.16312079127602e-07,0.0140338638398613,0.000109074010309962,0.991667164526553,0.99999999999964,"NP","Cplx2",168.42,1000,986
"Ubqln1",1.15390738476383e-07,0.0105228054771179,0.000107352842593366,0.99173316888566,0.99999999999964,"NP","Cplx2",168.42,1000,986
"Tspan17",1.14940282213751e-07,0.00879731595806337,0.000106516321869758,0.99176543935574,0.99999999999964,"NP","Cplx2",168.42,1000,986
"Set",1.14576381843043e-07,0.00739908123849952,0.000105842929231763,0.991791509013178,0.99999999999964,"NP","Cplx2",168.42,1000,986
"Rap1gap2",1.14517747811289e-07,0.00717342716521744,0.00010573462750979,0.991795709529429,0.99999999999964,"NP","Cplx2",168.42,1000,986
"Dync1li2",1.12762679215298e-07,0.000372043836334481,0.000102518540609426,0.991921441976599,0.99999999999964,"NP","Cplx2",168.42,1000,986
"Prkar2a",1.12506124202692e-07,-0.000629881474174981,0.000102052575713653,0.991939821497075,0.99999999999964,"NP","Cplx2",168.42,1000,986
"Dnajb14",1.11767535324118e-07,-0.00352543303085264,0.000100717048700963,0.991992733796069,0.99999999999964,"NP","Cplx2",168.42,1000,986
"Cltc",1.11145424076465e-07,-0.00597729070196454,9.95989632041496e-05,0.99203730169776,0.99999999999964,"NP","Cplx2",168.42,1000,986
"Srebf2",1.10815344581683e-07,-0.00728304740768211,9.90082639681984e-05,0.992060948524291,0.99999999999964,"NP","Cplx2",168.42,1000,986
"Ppp2r1a",1.10672187713902e-07,-0.00785041171206015,9.87526214333525e-05,0.992071204254769,0.99999999999964,"NP","Cplx2",168.42,1000,986
"Rpl37",1.10496446048488e-07,-0.00854779077470582,9.84392424149224e-05,0.992083794355676,0.99999999999964,"NP","Cplx2",168.42,1000,986
"Plec",1.09107323842335e-07,-0.0140943252039407,9.59797137511816e-05,0.992183310886669,0.99999999999964,"NP","Cplx2",168.42,1000,986
"Ctnna2",1.08521349586806e-07,-0.0164524621669342,9.49515405173058e-05,0.992225290041337,0.99999999999964,"NP","Cplx2",168.42,1000,986
"Bcam",1.07849806758015e-07,-0.0191686120401987,9.37800339570563e-05,0.992273399349066,0.99999999999964,"NP","Cplx2",168.42,1000,986
"mt-Co3",1.06953883069372e-07,-0.0228153005962989,9.22284174185715e-05,0.992337583338448,0.99999999999964,"NP","Cplx2",168.42,1000,986
"Ppme1",1.06217344948339e-07,-0.0258331964677358,9.0962528903485e-05,0.992390348980019,0.99999999999964,"NP","Cplx2",168.42,1000,986
"Cmpk1",1.0617866508943e-07,-0.0259921861120782,9.08962915642576e-05,0.992393120008689,0.99999999999964,"NP","Cplx2",168.42,1000,986
"Rgs10",1.06082189756179e-07,-0.0263889578554093,9.0731187471368e-05,0.992400031510888,0.99999999999964,"NP","Cplx2",168.42,1000,986
"Itm2c",1.05547147279815e-07,-0.0285951284017468,8.9818261050676e-05,0.992438362015943,0.99999999999964,"NP","Cplx2",168.42,1000,986
"Prrxl1",1.05090648282323e-07,-0.0304851406131307,8.90430003449408e-05,0.992471065670864,0.99999999999964,"NP","Cplx2",168.42,1000,986
"Ppp3cb",1.04801259186301e-07,-0.0316869808596764,8.85532784732844e-05,0.992491797554567,0.99999999999964,"NP","Cplx2",168.42,1000,986
"Pitpnm2",1.04555442608193e-07,-0.0327101330121679,8.81383533997045e-05,0.992509407899712,0.99999999999964,"NP","Cplx2",168.42,1000,986
"Deptor",1.04170018034131e-07,-0.0343185900879418,8.74897391697886e-05,0.992537019794865,0.99999999999964,"NP","Cplx2",168.42,1000,986
"Klhl9",1.02396630796563e-07,-0.0417866808387919,8.45362497073935e-05,0.992664065733185,0.99999999999964,"NP","Cplx2",168.42,1000,986
"Bag1",1.01575161067794e-07,-0.0452842512860305,8.31853182380521e-05,0.992722916108566,0.99999999999964,"NP","Cplx2",168.42,1000,986
"Sult4a1",1.00826871441831e-07,-0.0484917238788425,8.19642041639338e-05,0.992776523870547,0.99999999999964,"NP","Cplx2",168.42,1000,986
"Dgkz",1.00187862942049e-07,-0.0512472068189785,8.09285704727405e-05,0.992822302715656,0.99999999999964,"NP","Cplx2",168.42,1000,986
"Arhgap28",9.90872263079814e-08,-0.0560293338874091,7.91602188741249e-05,0.992901152855141,0.99999999999964,"NP","Cplx2",168.42,1000,986
"Usp14",9.8643354674041e-08,-0.0579709840322087,7.84525943474307e-05,0.992932952052811,0.99999999999964,"NP","Cplx2",168.42,1000,986
"Ank1",9.85923217889706e-08,-0.058194706634548,7.83714408505353e-05,0.992936608076301,0.99999999999964,"NP","Cplx2",168.42,1000,986
"Nsg2",9.80340052011453e-08,-0.0606489077612325,7.74863377933733e-05,0.992976606188305,0.99999999999964,"NP","Cplx2",168.42,1000,986
"Cox6c",9.73955153758014e-08,-0.0634704747679321,7.64802965375482e-05,0.993022347977427,0.99999999999964,"NP","Cplx2",168.42,1000,986
"Nedd4l",9.71451518240954e-08,-0.0645812560891685,7.60876035481816e-05,0.993040284176774,0.99999999999964,"NP","Cplx2",168.42,1000,986
"Rplp1",9.59294245754542e-08,-0.0700107066195146,7.4195116636563e-05,0.993127379676945,0.99999999999964,"NP","Cplx2",168.42,1000,986
"Atf5",9.49477433013987e-08,-0.0744387605302474,7.26843543587615e-05,0.993197708029282,0.99999999999964,"NP","Cplx2",168.42,1000,986
"Dctn6",9.41489102671682e-08,-0.0780715304052825,7.14664547181419e-05,0.993254937041271,0.99999999999964,"NP","Cplx2",168.42,1000,986
"Osbpl3",9.36222121919631e-08,-0.0804814353675348,7.06690805230717e-05,0.993292670114826,0.99999999999964,"NP","Cplx2",168.42,1000,986
"Rasgrp1",9.13767248943432e-08,-0.0908898405925923,6.73198003470621e-05,0.993453538797407,0.99999999999964,"NP","Cplx2",168.42,1000,986
"Add1",9.11802595312884e-08,-0.0918110581405322,6.70306284451271e-05,0.99346761376136,0.99999999999964,"NP","Cplx2",168.42,1000,986
"Gfra1",9.10441311327091e-08,-0.0924503714741584,6.68306298775188e-05,0.993477366129448,0.99999999999964,"NP","Cplx2",168.42,1000,986
"Nedd8",9.07839275044162e-08,-0.0936747088382705,6.64491726104139e-05,0.993496007367842,0.99999999999964,"NP","Cplx2",168.42,1000,986
"Sptbn1",8.95143140676455e-08,-0.0996927724246896,6.46035850926147e-05,0.993586963747273,0.99999999999964,"NP","Cplx2",168.42,1000,986
"Canx",8.90881175881516e-08,-0.101729626920441,6.39898670820488e-05,0.993617496909081,0.99999999999964,"NP","Cplx2",168.42,1000,986
"Bex3",8.89878383056179e-08,-0.102210107654642,6.38458917312333e-05,0.993624681023184,0.99999999999964,"NP","Cplx2",168.42,1000,986
"Ahnak",8.89658769331649e-08,-0.102315396804506,6.38143824729659e-05,0.993626254359256,0.99999999999964,"NP","Cplx2",168.42,1000,986
"Calm3",8.83266176140254e-08,-0.105390141526342,6.29006079155089e-05,0.993672051587381,0.99999999999964,"NP","Cplx2",168.42,1000,986
"Cystm1",8.74397142904769e-08,-0.109688234571044,6.16437574367396e-05,0.993735590333972,0.99999999999964,"NP","Cplx2",168.42,1000,986
"Zbtb4",8.72248052409835e-08,-0.110735428282222,6.13411141533416e-05,0.993750986664768,0.99999999999964,"NP","Cplx2",168.42,1000,986
"Tspyl1",8.70937517150446e-08,-0.111375118840225,6.11569250324304e-05,0.99376037549082,0.99999999999964,"NP","Cplx2",168.42,1000,986
"Tm9sf2",8.56426246952193e-08,-0.11851481002368,5.91359503326122e-05,0.993864335964998,0.99999999999964,"NP","Cplx2",168.42,1000,986
"Pygb",8.46315299957804e-08,-0.123551965731053,5.77478776425297e-05,0.993936772059471,0.99999999999964,"NP","Cplx2",168.42,1000,986
"Phf24",8.45501177907694e-08,-0.123959825286542,5.7636828704115e-05,0.993942604534296,0.99999999999964,"NP","Cplx2",168.42,1000,986
"Ccdc47",8.4180670000628e-08,-0.125814991561956,5.71342326779611e-05,0.993969072252071,0.99999999999964,"NP","Cplx2",168.42,1000,986
"Ids",8.39061737656569e-08,-0.127197954129769,5.67622336908145e-05,0.993988737521859,0.99999999999964,"NP","Cplx2",168.42,1000,986
"Arfgef3",8.26738862720203e-08,-0.133455355463226,5.51072005361592e-05,0.994077020256687,0.99999999999964,"NP","Cplx2",168.42,1000,986
"Copa",8.21186121029702e-08,-0.136301521131752,5.4369438077873e-05,0.994116800869377,0.99999999999964,"NP","Cplx2",168.42,1000,986
"Tubb2b",8.20134384908284e-08,-0.136842493766071,5.42302596814581e-05,0.994124335654676,0.99999999999964,"NP","Cplx2",168.42,1000,986
"Itgb1",8.13890975419865e-08,-0.140066343938231,5.34077287176914e-05,0.99416906432796,0.99999999999964,"NP","Cplx2",168.42,1000,986
"Acot7",8.01241855725333e-08,-0.14666434154059,5.17605520172554e-05,0.99425968447597,0.99999999999964,"NP","Cplx2",168.42,1000,986
"Nedd4",8.00990139942096e-08,-0.14679655775022,5.17280352403777e-05,0.994261487805501,0.99999999999964,"NP","Cplx2",168.42,1000,986
"Rpl7",7.89442723445873e-08,-0.152901163515504,5.02473190859212e-05,0.994344215256296,0.99999999999964,"NP","Cplx2",168.42,1000,986
"Rps6",7.87406343349087e-08,-0.153985754720676,4.99884259046256e-05,0.994358804199843,0.99999999999964,"NP","Cplx2",168.42,1000,986
"Utrn",7.81804370271764e-08,-0.156982045727052,4.92796745124642e-05,0.994398937615452,0.99999999999964,"NP","Cplx2",168.42,1000,986
"Actr1b",7.80663129148939e-08,-0.15759474285073,4.91359072352075e-05,0.99440711364797,0.99999999999964,"NP","Cplx2",168.42,1000,986
"Samd14",7.77066086452847e-08,-0.15953099525003,4.86841457513687e-05,0.994432883436531,0.99999999999964,"NP","Cplx2",168.42,1000,986
"Ddx17",7.67303556547951e-08,-0.1648256391989,4.74685609073826e-05,0.994502823789686,0.99999999999964,"NP","Cplx2",168.42,1000,986
"Bcl2l2",7.65563130706661e-08,-0.165775696298319,4.72534652947137e-05,0.994515292488131,0.99999999999964,"NP","Cplx2",168.42,1000,986
"9330159F19Rik",7.58164388590143e-08,-0.169835582086288,4.63445218862997e-05,0.994568298314687,0.99999999999964,"NP","Cplx2",168.42,1000,986
"Paip2",7.51557690147906e-08,-0.1734900851668,4.55403421349583e-05,0.994615629828095,0.99999999999964,"NP","Cplx2",168.42,1000,986
"Mbnl2",7.51029244382292e-08,-0.173783601111865,4.54763227240465e-05,0.994619415704427,0.99999999999964,"NP","Cplx2",168.42,1000,986
"Bsn",7.40181881290378e-08,-0.17984862689526,4.41721504720549e-05,0.994697128105474,0.99999999999964,"NP","Cplx2",168.42,1000,986
"Adprh",7.30504134920768e-08,-0.185325308268926,4.30246157316407e-05,0.994766461210818,0.99999999999964,"NP","Cplx2",168.42,1000,986
"Tubb3",7.20779146656725e-08,-0.190892673631744,4.18866926118229e-05,0.994836132805348,0.99999999999964,"NP","Cplx2",168.42,1000,986
"Pcsk2",7.20688925734447e-08,-0.190944628501843,4.18762072376516e-05,0.994836779164721,0.99999999999964,"NP","Cplx2",168.42,1000,986
"Slc25a4",7.16299921510752e-08,-0.193478950771273,4.13677071415053e-05,0.994868222806778,0.99999999999964,"NP","Cplx2",168.42,1000,986
"Calr",7.1604739062273e-08,-0.193625179084964,4.13385439878252e-05,0.994870031985241,0.99999999999964,"NP","Cplx2",168.42,1000,986
"Gng2",7.14929983596519e-08,-0.194272753860931,4.12096253203415e-05,0.994878037298264,0.99999999999964,"NP","Cplx2",168.42,1000,986
"Gpx4",7.13829433428925e-08,-0.194911420698106,4.10828482845416e-05,0.994885921846102,0.99999999999964,"NP","Cplx2",168.42,1000,986
"Scoc",7.11162194411049e-08,-0.19646282274719,4.07764079756085e-05,0.994905030448807,0.99999999999964,"NP","Cplx2",168.42,1000,986
"Ccser2",7.09526860914454e-08,-0.197416520769603,4.0589091054669e-05,0.994916746287442,0.99999999999964,"NP","Cplx2",168.42,1000,986
"Atp5d",7.07256885576042e-08,-0.198743504924306,4.03297947377959e-05,0.994933008822145,0.99999999999964,"NP","Cplx2",168.42,1000,986
"Ppp1r2",6.91309568710619e-08,-0.208171867941027,3.85315766004976e-05,0.995047258489703,0.99999999999964,"NP","Cplx2",168.42,1000,986
"Trim2",6.79077127465594e-08,-0.215533015264218,3.71800396758546e-05,0.995134894137566,0.99999999999964,"NP","Cplx2",168.42,1000,986
"Panx1",6.70173009198715e-08,-0.220964158239478,3.62114161039498e-05,0.995198685053016,0.99999999999964,"NP","Cplx2",168.42,1000,986
"Abca1",6.69642888738309e-08,-0.221289485582417,3.61541508308412e-05,0.995202482944858,0.99999999999964,"NP","Cplx2",168.42,1000,986
"Tmem50b",6.65386283581486e-08,-0.223909855743939,3.56959817628107e-05,0.995232978142254,0.99999999999964,"NP","Cplx2",168.42,1000,986
"Actr1a",6.64993734966946e-08,-0.224152242803681,3.56538760711867e-05,0.995235790441855,0.99999999999964,"NP","Cplx2",168.42,1000,986
"Ank2",6.54430264524188e-08,-0.230722072816777,3.4530144341132e-05,0.995311469354708,0.99999999999964,"NP","Cplx2",168.42,1000,986
"Plekhm3",6.45247967409336e-08,-0.23650827434159,3.35679587932964e-05,0.995377253287097,0.99999999999964,"NP","Cplx2",168.42,1000,986
"Ppp1cb",6.4460201657666e-08,-0.236918009733888,3.35007833860322e-05,0.995381881017641,0.99999999999964,"NP","Cplx2",168.42,1000,986
"Glul",6.41142120735401e-08,-0.239118767939496,3.31421182026655e-05,0.995406668457422,0.99999999999964,"NP","Cplx2",168.42,1000,986
"Rpl12",6.410463738862e-08,-0.239179817018588,3.31322201898924e-05,0.995407354408556,0.99999999999964,"NP","Cplx2",168.42,1000,986
"Mtpn",6.3937467915312e-08,-0.240246985309088,3.29596437826036e-05,0.995419330791701,0.99999999999964,"NP","Cplx2",168.42,1000,986
"Pafah1b2",6.38221041759178e-08,-0.240984855005512,3.28408115062849e-05,0.995427595700462,0.99999999999964,"NP","Cplx2",168.42,1000,986
"Camk2d",6.32189059908646e-08,-0.244861925425724,3.22229720955709e-05,0.995470810136038,0.99999999999964,"NP","Cplx2",168.42,1000,986
"Arl2bp",6.27887013375632e-08,-0.24764678348118,3.17859096295385e-05,0.995501630945245,0.99999999999964,"NP","Cplx2",168.42,1000,986
"Pitpna",6.25726996566979e-08,-0.249051298621784,3.15675900879205e-05,0.9955171057841,0.99999999999964,"NP","Cplx2",168.42,1000,986
"Pabpc1",6.24061296942954e-08,-0.250137275287468,3.13997464889709e-05,0.995529039226306,0.99999999999964,"NP","Cplx2",168.42,1000,986
"Dusp26",6.23560255916908e-08,-0.250464429429885,3.13493468065582e-05,0.995532628795738,0.99999999999964,"NP","Cplx2",168.42,1000,986
"Igsf8",6.21712070394445e-08,-0.251673180735103,3.11637880114276e-05,0.995545869608971,0.99999999999964,"NP","Cplx2",168.42,1000,986
"Trnp1",6.15962894024866e-08,-0.255453349462103,3.05900892911673e-05,0.995587057998388,0.99999999999964,"NP","Cplx2",168.42,1000,986
"Smim14",6.13417695134886e-08,-0.257136664812359,3.03378110933112e-05,0.995605292378048,0.99999999999964,"NP","Cplx2",168.42,1000,986
"Ncdn",6.09809456807372e-08,-0.259533483313128,2.99819553569556e-05,0.995631142616248,0.99999999999964,"NP","Cplx2",168.42,1000,986
"Ubr3",6.09292971329028e-08,-0.259877574121204,2.99311897065576e-05,0.995634842835797,0.99999999999964,"NP","Cplx2",168.42,1000,986
"Gnas",6.05246636387244e-08,-0.262582121949845,2.95349617134922e-05,0.995663831703747,0.99999999999964,"NP","Cplx2",168.42,1000,986
"Brap",6.05106022552758e-08,-0.262676389923898,2.9521239896491e-05,0.995664839093485,0.99999999999964,"NP","Cplx2",168.42,1000,986
"Rps29",6.04845346278609e-08,-0.262851198567875,2.94958102066466e-05,0.995666706638076,0.99999999999964,"NP","Cplx2",168.42,1000,986
"Eef1a2",6.04791535447071e-08,-0.262887292093085,2.94905621759541e-05,0.995667092151213,0.99999999999964,"NP","Cplx2",168.42,1000,986
"Atp6ap2",6.02190591295418e-08,-0.26463521061572,2.92374555531491e-05,0.995685725912765,0.99999999999964,"NP","Cplx2",168.42,1000,986
"Kdsr",5.99899107847024e-08,-0.266180611590873,2.9015367476305e-05,0.995702142628681,0.99999999999964,"NP","Cplx2",168.42,1000,986
"Ywhag",5.92982805931581e-08,-0.270876381330148,2.83501815681438e-05,0.995751692621735,0.99999999999964,"NP","Cplx2",168.42,1000,986
"Slc17a6",5.84285667525738e-08,-0.276849333567956,2.75246692871031e-05,0.995814000964191,0.99999999999964,"NP","Cplx2",168.42,1000,986
"Cacnb3",5.81051289465242e-08,-0.279090356102903,2.72207810111916e-05,0.995837172814889,0.99999999999964,"NP","Cplx2",168.42,1000,986
"Serinc3",5.77390595028531e-08,-0.281639891683265,2.68788729236696e-05,0.995863398901342,0.99999999999964,"NP","Cplx2",168.42,1000,986
"Cnn3",5.7255065494392e-08,-0.28503239950562,2.64301406752752e-05,0.995898073391217,0.99999999999964,"NP","Cplx2",168.42,1000,986
"Scamp1",5.63966565260901e-08,-0.291111170273115,2.56435624679427e-05,0.995959571884509,0.99999999999964,"NP","Cplx2",168.42,1000,986
"Arpc1a",5.61140185107201e-08,-0.293130271735902,2.53871754988342e-05,0.995979820760346,0.99999999999964,"NP","Cplx2",168.42,1000,986
"Caprin1",5.56061250087089e-08,-0.296780883679267,2.49296916306835e-05,0.996016207494395,0.99999999999964,"NP","Cplx2",168.42,1000,986
"Mapt",5.55446751154188e-08,-0.297224535120359,2.48746228615501e-05,0.996020609915772,0.99999999999964,"NP","Cplx2",168.42,1000,986
"Magee1",5.41422360579892e-08,-0.307467660739785,2.36343693993824e-05,0.996121084129211,0.99999999999964,"NP","Cplx2",168.42,1000,986
"Tpd52",5.40180556162378e-08,-0.308385734275627,2.35260783173173e-05,0.99612998072713,0.99999999999964,"NP","Cplx2",168.42,1000,986
"Lpgat1",5.37859965997691e-08,-0.310106292698937,2.33243786527028e-05,0.996146606017666,0.99999999999964,"NP","Cplx2",168.42,1000,986
"Laptm4a",5.37183149511908e-08,-0.310609321968853,2.32657150873738e-05,0.996151454901204,0.99999999999964,"NP","Cplx2",168.42,1000,986
"Map1lc3a",5.34732615751396e-08,-0.312435252147074,2.3053931163004e-05,0.996169011142613,0.99999999999964,"NP","Cplx2",168.42,1000,986
"Dpysl3",5.29109058920351e-08,-0.316653126084237,2.25715839974633e-05,0.996209299727918,0.99999999999964,"NP","Cplx2",168.42,1000,986
"Srp54a",5.28281835240143e-08,-0.317276860848655,2.25010610967315e-05,0.996215226168676,0.99999999999964,"NP","Cplx2",168.42,1000,986
"Atxn10",5.24999581892358e-08,-0.31976011539281,2.22223282404992e-05,0.996238741068191,0.99999999999964,"NP","Cplx2",168.42,1000,986
"St8sia3",5.16895398435704e-08,-0.325949829395432,2.15415512753618e-05,0.996296801517897,0.99999999999964,"NP","Cplx2",168.42,1000,986
"Rusc1",5.13245607730525e-08,-0.328765032408627,2.12384161384287e-05,0.996322949561418,0.99999999999964,"NP","Cplx2",168.42,1000,986
"Mff",5.1151343432248e-08,-0.330107212722023,2.10953012655146e-05,0.996335359300597,0.99999999999964,"NP","Cplx2",168.42,1000,986
"Klhdc2",5.09177883511484e-08,-0.331923195213636,2.09031003802349e-05,0.996352091793256,0.99999999999964,"NP","Cplx2",168.42,1000,986
"Srgap3",5.04875330015363e-08,-0.335287652719725,2.05513304864609e-05,0.996382916408266,0.99999999999964,"NP","Cplx2",168.42,1000,986
"Pcmt1",5.02435321925771e-08,-0.33720675842581,2.03531657674668e-05,0.996400397264781,0.99999999999964,"NP","Cplx2",168.42,1000,986
"Tmod2",5.01043065970131e-08,-0.338305425820091,2.02405241829859e-05,0.996410371751582,0.99999999999964,"NP","Cplx2",168.42,1000,986
"Atp6v1f",4.99993163204185e-08,-0.339135690675367,2.01557876836012e-05,0.996417893530718,0.99999999999964,"NP","Cplx2",168.42,1000,986
"Atp6v1a",4.97357009352615e-08,-0.34122706929692,1.99438100384685e-05,0.996436779630605,0.99999999999964,"NP","Cplx2",168.42,1000,986
"Syt9",4.94142335245749e-08,-0.343790502475093,1.96868290314133e-05,0.996459810404537,0.99999999999964,"NP","Cplx2",168.42,1000,986
"Ppm1b",4.9019766662763e-08,-0.346955941599874,1.93737692320297e-05,0.996488071055885,0.99999999999964,"NP","Cplx2",168.42,1000,986
"Sacm1l",4.88347640518308e-08,-0.348448152971701,1.9227810379913e-05,0.996501325134723,0.99999999999964,"NP","Cplx2",168.42,1000,986
"Ubc",4.8802080129554e-08,-0.348712288968508,1.92020815790352e-05,0.996503666697899,0.99999999999964,"NP","Cplx2",168.42,1000,986
"Prr13",4.85570634546851e-08,-0.350697313214617,1.90097529083907e-05,0.996521220345524,0.99999999999964,"NP","Cplx2",168.42,1000,986
"Serf2",4.83433636714285e-08,-0.352435747315513,1.88427971448256e-05,0.99653653036894,0.99999999999964,"NP","Cplx2",168.42,1000,986
"Bace1",4.79584768622519e-08,-0.355583708699161,1.85439567800749e-05,0.996564104691468,0.99999999999964,"NP","Cplx2",168.42,1000,986
"Capns1",4.78747656773312e-08,-0.356271284849217,1.84792765858596e-05,0.996570101985651,0.99999999999964,"NP","Cplx2",168.42,1000,986
"Jkamp",4.77412925393982e-08,-0.357369755476574,1.83763810934685e-05,0.996579664360237,0.99999999999964,"NP","Cplx2",168.42,1000,986
"Morf4l2",4.72831482684943e-08,-0.361160670862701,1.80253793887231e-05,0.996612487051741,0.99999999999964,"NP","Cplx2",168.42,1000,986
"Txnrd1",4.71539970134889e-08,-0.362235105611192,1.79270432561167e-05,0.996621739797099,0.99999999999964,"NP","Cplx2",168.42,1000,986
"Nek1",4.58514901883824e-08,-0.373216443479194,1.69503454259821e-05,0.99671505493548,0.99999999999964,"NP","Cplx2",168.42,1000,986
"Rps11",4.54087198256567e-08,-0.377011253000751,1.66245600015244e-05,0.996746776221146,0.99999999999964,"NP","Cplx2",168.42,1000,986
"Pirt",4.47600124681447e-08,-0.38262960686932,1.61529571410786e-05,0.996793251408373,0.99999999999964,"NP","Cplx2",168.42,1000,986
"Slc9a3r2",4.4556497401817e-08,-0.384406817422392,1.6006402372796e-05,0.99680783179221,0.99999999999964,"NP","Cplx2",168.42,1000,986
"Sdha",4.43867500550201e-08,-0.38589455802724,1.58846751762345e-05,0.996819992963775,0.99999999999964,"NP","Cplx2",168.42,1000,986
"Got1",4.4222230825221e-08,-0.38734120749871,1.57671404899692e-05,0.996831779579216,0.99999999999964,"NP","Cplx2",168.42,1000,986
"Dst",4.40418107097635e-08,-0.388933068664244,1.56387477671458e-05,0.99684470537915,0.99999999999964,"NP","Cplx2",168.42,1000,986
"Tmtc1",4.38401137168794e-08,-0.390719386918853,1.54958351327553e-05,0.996859155514865,0.99999999999964,"NP","Cplx2",168.42,1000,986
"Mal2",4.35502432701154e-08,-0.393299169287478,1.52915959347691e-05,0.996879922644801,0.99999999999964,"NP","Cplx2",168.42,1000,986
"Lamp2",4.32973424395144e-08,-0.39556215989411,1.51145118020915e-05,0.996898041169713,0.99999999999964,"NP","Cplx2",168.42,1000,986
"1500011B03Rik",4.31479003737199e-08,-0.396904797897417,1.50103554876712e-05,0.996908747619256,0.99999999999964,"NP","Cplx2",168.42,1000,986
"Myo1e",4.31197030659289e-08,-0.397158585551049,1.4990743255704e-05,0.996910767753687,0.99999999999964,"NP","Cplx2",168.42,1000,986
"Purb",4.24653878314013e-08,-0.403088623391244,1.45392442569995e-05,0.996957644742774,0.99999999999964,"NP","Cplx2",168.42,1000,986
"Auts2",4.23723136068212e-08,-0.403938599360768,1.44755808372969e-05,0.996964312843623,0.99999999999964,"NP","Cplx2",168.42,1000,986
"Fxyd2",4.21373039695453e-08,-0.406092012910184,1.43154542485691e-05,0.996981149600057,0.99999999999964,"NP","Cplx2",168.42,1000,986
"Hsp90aa1",4.18617420250553e-08,-0.408630358061524,1.4128831218099e-05,0.997000891640416,0.99999999999964,"NP","Cplx2",168.42,1000,986
"Cd44",4.14759964156791e-08,-0.412208187506319,1.38696435434501e-05,0.997028527554556,0.99999999999964,"NP","Cplx2",168.42,1000,986
"Spock2",4.13537033792623e-08,-0.413348511208833,1.37879741258339e-05,0.997037288976746,0.99999999999964,"NP","Cplx2",168.42,1000,986
"Pmm1",4.0175477229874e-08,-0.424487814751357,1.30134884714499e-05,0.997121700479252,0.99999999999964,"NP","Cplx2",168.42,1000,986
"Sh3bgrl2",3.99737528278408e-08,-0.426423402869502,1.28831329489971e-05,0.99713615259756,0.99999999999964,"NP","Cplx2",168.42,1000,986
"Wnk1",3.99014689840041e-08,-0.427119049743997,1.28365823837046e-05,0.997141331220961,0.99999999999964,"NP","Cplx2",168.42,1000,986
"Sh3glb1",3.96297088098495e-08,-0.429744267920933,1.26623235233968e-05,0.997160800906033,0.99999999999964,"NP","Cplx2",168.42,1000,986
"Atp5a1",3.92432891624069e-08,-0.433504197049042,1.24165929513017e-05,0.997188485130385,0.99999999999964,"NP","Cplx2",168.42,1000,986
"Vcp",3.89039150788831e-08,-0.436833022098402,1.22027653506781e-05,0.997212798876876,0.99999999999964,"NP","Cplx2",168.42,1000,986
"Nckap1",3.88187388007077e-08,-0.437672456640741,1.21493903462711e-05,0.997218901153606,0.99999999999964,"NP","Cplx2",168.42,1000,986
"Pgam1",3.88000505624259e-08,-0.437856848433979,1.21376951673418e-05,0.997220240033467,0.99999999999964,"NP","Cplx2",168.42,1000,986
"Glud1",3.8792126740955e-08,-0.437935053961112,1.21327381063349e-05,0.997220807719135,0.99999999999964,"NP","Cplx2",168.42,1000,986
"Myt1l",3.87514079159769e-08,-0.438337154762686,1.21072807985281e-05,0.997223724934473,0.99999999999964,"NP","Cplx2",168.42,1000,986
"Fam63b",3.76995894182289e-08,-0.448853462339258,1.14589515679294e-05,0.997299080290996,0.99999999999964,"NP","Cplx2",168.42,1000,986
"Vapb",3.7548668746198e-08,-0.45038328091086,1.13673892402101e-05,0.997309892691773,0.99999999999964,"NP","Cplx2",168.42,1000,986
"Dgkg",3.75256574216142e-08,-0.45061700667101,1.13534607287996e-05,0.997311541290782,0.99999999999964,"NP","Cplx2",168.42,1000,986
"Fstl1",3.73070511366182e-08,-0.452843628174349,1.12215665124954e-05,0.997327202888909,0.99999999999964,"NP","Cplx2",168.42,1000,986
"Mapre1",3.72733709387777e-08,-0.453187687381034,1.1201314363499e-05,0.997329615837574,0.99999999999964,"NP","Cplx2",168.42,1000,986
"Tmbim6",3.7269476227212e-08,-0.453227491150861,1.11989736248827e-05,0.997329894866194,0.99999999999964,"NP","Cplx2",168.42,1000,986
"Ptbp3",3.7214012351859e-08,-0.453794722373975,1.11656661381369e-05,0.997333868461793,0.99999999999964,"NP","Cplx2",168.42,1000,986
"Cpeb1",3.72043840312367e-08,-0.453893266487999,1.11598891364517e-05,0.997334558263084,0.99999999999964,"NP","Cplx2",168.42,1000,986
"Atp6ap1",3.64357166286548e-08,-0.461832950235667,1.07035113678541e-05,0.99738962786961,0.99999999999964,"NP","Cplx2",168.42,1000,986
"Nrn1",3.61372113458335e-08,-0.464955581213229,1.05288494157419e-05,0.99741101367445,0.99999999999964,"NP","Cplx2",168.42,1000,986
"Msl1",3.55187329279252e-08,-0.471497479073481,1.01715367459994e-05,0.997455323310715,0.99999999999964,"NP","Cplx2",168.42,1000,986
"Ly86",3.52447082590392e-08,-0.4744276760126,1.00151966951086e-05,0.997474955256812,0.99999999999964,"NP","Cplx2",168.42,1000,986
"Psmd14",3.512104420113e-08,-0.475756533294789,9.94503881262744e-06,0.997483814919945,0.99999999999964,"NP","Cplx2",168.42,1000,986
"Map2k4",3.49464267192669e-08,-0.477639869059941,9.84639364706153e-06,0.997496325039359,0.99999999999964,"NP","Cplx2",168.42,1000,986
"Snap25",3.48289630741395e-08,-0.478911383221171,9.7803125281336e-06,0.997504740487069,0.99999999999964,"NP","Cplx2",168.42,1000,986
"Hsph1",3.44008867711834e-08,-0.4835769925024,9.54137398025837e-06,0.99753540915919,0.99999999999964,"NP","Cplx2",168.42,1000,986
"Synm",3.34501253559488e-08,-0.494122741960145,9.02125880901564e-06,0.997603524575659,0.99999999999964,"NP","Cplx2",168.42,1000,986
"Nacc2",3.33514937144328e-08,-0.495231630119931,8.96813675087966e-06,0.997610590845062,0.99999999999964,"NP","Cplx2",168.42,1000,986
"Rpl3",3.29266132162825e-08,-0.500041298317912,8.74109353160585e-06,0.997641030572399,0.99999999999964,"NP","Cplx2",168.42,1000,986
"Uqcrh",3.25428593121393e-08,-0.504432039417996,8.53852905236614e-06,0.997668523868776,0.99999999999964,"NP","Cplx2",168.42,1000,986
"Snu13",3.24492448049677e-08,-0.505509965638952,8.48947494290141e-06,0.997675230697097,0.99999999999964,"NP","Cplx2",168.42,1000,986
"Oxct1",3.24456658952851e-08,-0.505551228729701,8.48760239463452e-06,0.997675487101087,0.99999999999964,"NP","Cplx2",168.42,1000,986
"Armcx2",3.20739011050021e-08,-0.509859217398195,8.29421358388299e-06,0.997702121464213,0.99999999999964,"NP","Cplx2",168.42,1000,986
"Zfand5",3.20360634578381e-08,-0.510300109715702,8.27465572523436e-06,0.997704832268771,0.99999999999964,"NP","Cplx2",168.42,1000,986
"Rnf7",3.10894895379164e-08,-0.521479939703822,7.79289502063775e-06,0.997772647722742,0.99999999999964,"NP","Cplx2",168.42,1000,986
"Pten",3.1003238074554e-08,-0.522513303006864,7.74971539694064e-06,0.997778827042481,0.99999999999964,"NP","Cplx2",168.42,1000,986
"Ogdh",3.08924005867585e-08,-0.523844904908786,7.69440352391311e-06,0.997786767780717,0.99999999999964,"NP","Cplx2",168.42,1000,986
"Rpl28",3.0585153115152e-08,-0.527558025468732,7.54211171731751e-06,0.997808779934916,0.99999999999964,"NP","Cplx2",168.42,1000,986
"Fem1b",3.0244618756644e-08,-0.531711524939659,7.37509929776492e-06,0.997833176866057,0.99999999999964,"NP","Cplx2",168.42,1000,986
"Jph3",2.95404580542394e-08,-0.540430833091562,7.03568024346866e-06,0.997883625115753,0.99999999999964,"NP","Cplx2",168.42,1000,986
"Cox7a2l",2.87802101668368e-08,-0.550050009682312,6.67820221306626e-06,0.997938091634274,0.99999999999964,"NP","Cplx2",168.42,1000,986
"Rgs5",2.87168852478897e-08,-0.550861176691063,6.6488465299076e-06,0.99794262842847,0.99999999999964,"NP","Cplx2",168.42,1000,986
"Dpp6",2.8186446993409e-08,-0.557717670919857,6.4054893412481e-06,0.9979806306778,0.99999999999964,"NP","Cplx2",168.42,1000,986
"Rps25",2.76296494868318e-08,-0.565036709260834,6.15491973788266e-06,0.998020521391009,0.99999999999964,"NP","Cplx2",168.42,1000,986
"Rps9",2.76152705453071e-08,-0.565227412361893,6.14851515412084e-06,0.998021551543376,0.99999999999964,"NP","Cplx2",168.42,1000,986
"H2afy",2.72275072575914e-08,-0.570403044718484,5.97705714529463e-06,0.998049332119978,0.99999999999964,"NP","Cplx2",168.42,1000,986
"Syngr1",2.70234777499637e-08,-0.57315210433444,5.8878145375076e-06,0.998063949433979,0.99999999999964,"NP","Cplx2",168.42,1000,986
"Ddx5",2.69934785872324e-08,-0.573557829436361,5.87474949321084e-06,0.998066098668164,0.99999999999964,"NP","Cplx2",168.42,1000,986
"Rpl36a",2.69408304964261e-08,-0.574270820196315,5.85185561387027e-06,0.998069870542686,0.99999999999964,"NP","Cplx2",168.42,1000,986
"Uhmk1",2.68937399817661e-08,-0.574909574662196,5.83141629907886e-06,0.99807324425504,0.99999999999964,"NP","Cplx2",168.42,1000,986
"Eef2",2.66711736613463e-08,-0.577941782394562,5.73529680017314e-06,0.998089189605651,0.99999999999964,"NP","Cplx2",168.42,1000,986
"Cdh1",2.64624750387481e-08,-0.580805121494099,5.64589199402126e-06,0.998104141431505,0.99999999999964,"NP","Cplx2",168.42,1000,986
"Prkcq",2.63828649725775e-08,-0.581902547102011,5.61197273748705e-06,0.998109844947261,0.99999999999964,"NP","Cplx2",168.42,1000,986
"Ywhaq",2.58365855682968e-08,-0.58951168760799,5.38197753978767e-06,0.998148982126081,0.99999999999964,"NP","Cplx2",168.42,1000,986
"Tmem59",2.56712435693197e-08,-0.591842331321831,5.31331370202265e-06,0.998160827749057,0.99999999999964,"NP","Cplx2",168.42,1000,986
"Hnrnpa0",2.51947693387748e-08,-0.598632462403204,5.11790731377589e-06,0.998194963869952,0.99999999999964,"NP","Cplx2",168.42,1000,986
"Wdfy3",2.51290928772565e-08,-0.599577146269339,5.09125988232094e-06,0.998199669139641,0.99999999999964,"NP","Cplx2",168.42,1000,986
"Basp1",2.51229247709225e-08,-0.599665978000518,5.0887608205053e-06,0.998200111042315,0.99999999999964,"NP","Cplx2",168.42,1000,986
"Mob4",2.47844819371912e-08,-0.604569482918101,4.95257811141236e-06,0.99822435815973,0.99999999999964,"NP","Cplx2",168.42,1000,986
"Wbp2",2.46218409388829e-08,-0.606946648125292,4.88779165791649e-06,0.998236010276979,0.99999999999964,"NP","Cplx2",168.42,1000,986
"Atp6v1e1",2.45139653375797e-08,-0.608530906502028,4.84505574758482e-06,0.998243738827599,0.99999999999964,"NP","Cplx2",168.42,1000,986
"Pebp1",2.45131073830963e-08,-0.608543530688051,4.84471661317699e-06,0.998243800294183,0.99999999999964,"NP","Cplx2",168.42,1000,986
"Mapk8ip2",2.45054665095174e-08,-0.608655977629727,4.84169683300394e-06,0.998244347710635,0.99999999999964,"NP","Cplx2",168.42,1000,986
"Napg",2.43600579421151e-08,-0.610801717378129,4.78440876147052e-06,0.998254765242405,0.99999999999964,"NP","Cplx2",168.42,1000,986
"Son",2.42753836373664e-08,-0.612056362716631,4.75120585165233e-06,0.998260831578767,0.99999999999964,"NP","Cplx2",168.42,1000,986
"Lrrc58",2.37824755064155e-08,-0.619436435068178,4.56021962624334e-06,0.998296145086151,0.99999999999964,"NP","Cplx2",168.42,1000,986
"Rps19",2.36836423165572e-08,-0.62093220944589,4.52239643500855e-06,0.998303225810854,0.99999999999964,"NP","Cplx2",168.42,1000,986
"Capza2",2.35621617311008e-08,-0.62277819358829,4.47612193193167e-06,0.998311929067338,0.99999999999964,"NP","Cplx2",168.42,1000,986
"Cfl1",2.34048910988511e-08,-0.625180369310186,4.41656770589093e-06,0.998323196437188,0.99999999999964,"NP","Cplx2",168.42,1000,986
"Atp6v0b",2.30819292320477e-08,-0.630157687277457,4.29552106791959e-06,0.99834633445675,0.99999999999964,"NP","Cplx2",168.42,1000,986
"Esyt1",2.23858766818623e-08,-0.641094261669484,4.04035808557811e-06,0.998396201889089,0.99999999999964,"NP","Cplx2",168.42,1000,986
"Eif4h",2.235627572109e-08,-0.641565885168941,4.02967997722885e-06,0.998398322596794,0.99999999999964,"NP","Cplx2",168.42,1000,986
"Rab2a",2.22660305751868e-08,-0.643007094903767,3.99721257753548e-06,0.998404788048364,0.99999999999964,"NP","Cplx2",168.42,1000,986
"Vdac1",2.2145423405496e-08,-0.644941138185943,3.95402689769923e-06,0.998413428732819,0.99999999999964,"NP","Cplx2",168.42,1000,986
"Arl6ip1",2.21371520177793e-08,-0.645074112714201,3.9510737654743e-06,0.998414021321571,0.99999999999964,"NP","Cplx2",168.42,1000,986
"Pfn2",2.19741521993612e-08,-0.647703428633027,3.89310304976446e-06,0.998425699151658,0.99999999999964,"NP","Cplx2",168.42,1000,986
"Selenot",2.1891113747235e-08,-0.649049433834624,3.86373523346146e-06,0.998431648292983,0.99999999999964,"NP","Cplx2",168.42,1000,986
"Rpl31",2.15119378776978e-08,-0.655252673858586,3.7310469426551e-06,0.998458813670817,0.99999999999964,"NP","Cplx2",168.42,1000,986
"Igf1r",2.12114848544089e-08,-0.660235934415198,3.62755316015268e-06,0.998480339092227,0.99999999999964,"NP","Cplx2",168.42,1000,986
"Tubb4a",2.08860170715881e-08,-0.665703850654422,3.51708529173588e-06,0.998503656652752,0.99999999999964,"NP","Cplx2",168.42,1000,986
"Txn1",2.0790808091394e-08,-0.667317389581304,3.48509308596193e-06,0.998510477731072,0.99999999999964,"NP","Cplx2",168.42,1000,986
"Hspa5",2.05075339639225e-08,-0.672156436170386,3.39077148347719e-06,0.998530772403555,0.99999999999964,"NP","Cplx2",168.42,1000,986
"Cntnap2",2.05044643514713e-08,-0.672209190653936,3.38975648329133e-06,0.998530992320501,0.99999999999964,"NP","Cplx2",168.42,1000,986
"Gde1",2.03658571946831e-08,-0.674598487684279,3.34408287187535e-06,0.998540922584785,0.99999999999964,"NP","Cplx2",168.42,1000,986
"Gabarap",2.03037280607906e-08,-0.675674057883178,3.32371073028139e-06,0.99854537371663,0.99999999999964,"NP","Cplx2",168.42,1000,986
"Gabbr1",2.02887513202603e-08,-0.675933761156986,3.31880916797437e-06,0.998546446698707,0.99999999999964,"NP","Cplx2",168.42,1000,986
"Pea15a",1.99253103526926e-08,-0.682287683695291,3.20097168353897e-06,0.998572484784594,0.99999999999964,"NP","Cplx2",168.42,1000,986
"Eif3h",1.99242579502773e-08,-0.682306228403238,3.20063355868085e-06,0.998572560182107,0.99999999999964,"NP","Cplx2",168.42,1000,986
"Pura",1.97643315277734e-08,-0.685134294069429,3.14945859655653e-06,0.998584017828528,0.99999999999964,"NP","Cplx2",168.42,1000,986
"Mllt11",1.97015025849304e-08,-0.686250781137623,3.12946676050764e-06,0.998588519097384,0.99999999999964,"NP","Cplx2",168.42,1000,986
"Fbxw11",1.96523310615423e-08,-0.687126734779064,3.11386504508732e-06,0.99859204190453,0.99999999999964,"NP","Cplx2",168.42,1000,986
"Derl1",1.90820723748296e-08,-0.697427233673102,2.93577467997419e-06,0.998632897085246,0.99999999999964,"NP","Cplx2",168.42,1000,986
"Ankrd50",1.90438261340129e-08,-0.698127610246071,2.92401811398795e-06,0.998635637170037,0.99999999999964,"NP","Cplx2",168.42,1000,986
"Rpl4",1.89998525166159e-08,-0.698934381959684,2.91053015175925e-06,0.998638787582689,0.99999999999964,"NP","Cplx2",168.42,1000,986
"Kcnip4",1.86733333008151e-08,-0.704976274333407,2.81135274792857e-06,0.998662180479581,0.99999999999964,"NP","Cplx2",168.42,1000,986
"Kcnab2",1.86669760657843e-08,-0.705094817500108,2.8094388541851e-06,0.998662635932553,0.99999999999964,"NP","Cplx2",168.42,1000,986
"Nek7",1.85676109481698e-08,-0.706952254852563,2.77960893098248e-06,0.998669754772473,0.99999999999964,"NP","Cplx2",168.42,1000,986
"Fam188a",1.85074976916002e-08,-0.708080157154963,2.76163991349175e-06,0.998674061481568,0.99999999999964,"NP","Cplx2",168.42,1000,986
"Stt3b",1.84968969934291e-08,-0.70827938802424,2.75847720316402e-06,0.998674820950045,0.99999999999964,"NP","Cplx2",168.42,1000,986
"Cpne3",1.77352852889306e-08,-0.722859966865804,2.5359927106751e-06,0.998729385291506,0.99999999999964,"NP","Cplx2",168.42,1000,986
"Mat2a",1.75579780504031e-08,-0.72633242810861,2.48553937022026e-06,0.998742088160049,0.99999999999964,"NP","Cplx2",168.42,1000,986
"Csde1",1.7477037887294e-08,-0.727927745577833,2.46267611640232e-06,0.998747886977284,0.99999999999964,"NP","Cplx2",168.42,1000,986
"Scarb2",1.74593455736415e-08,-0.728277313942801,2.45769261919929e-06,0.998749154512338,0.99999999999964,"NP","Cplx2",168.42,1000,986
"Gpm6a",1.72310395892165e-08,-0.73281609606392,2.39383715588074e-06,0.998765511097975,0.99999999999964,"NP","Cplx2",168.42,1000,986
"Fasn",1.70439426893751e-08,-0.736574799814825,2.34213418800191e-06,0.998778915330724,0.99999999999964,"NP","Cplx2",168.42,1000,986
"Ncam1",1.63965581450877e-08,-0.749863605408545,2.16758945706785e-06,0.998825296075726,0.99999999999964,"NP","Cplx2",168.42,1000,986
"Rab14",1.59884656317837e-08,-0.758476970230944,2.06103429577825e-06,0.998854533159451,0.99999999999964,"NP","Cplx2",168.42,1000,986
"Gna13",1.59517301082591e-08,-0.759261676114525,2.05157420182063e-06,0.998857165012703,0.99999999999964,"NP","Cplx2",168.42,1000,986
"Tmem30a",1.59063663933449e-08,-0.760232860447538,2.03992221247017e-06,0.998860415017869,0.99999999999964,"NP","Cplx2",168.42,1000,986
"Ppp3r1",1.57104550822271e-08,-0.764454963457624,1.98998211781234e-06,0.998874450746296,0.99999999999964,"NP","Cplx2",168.42,1000,986
"Wsb2",1.56663463544643e-08,-0.765411867577841,1.97882364283257e-06,0.998877610840167,0.99999999999964,"NP","Cplx2",168.42,1000,986
"Rps4x",1.55165597516056e-08,-0.768678957660801,1.94116530031017e-06,0.998888342043616,0.99999999999964,"NP","Cplx2",168.42,1000,986
"Arf3",1.54862904029223e-08,-0.769342511709023,1.93359912603264e-06,0.998890510639048,0.99999999999964,"NP","Cplx2",168.42,1000,986
"Ube2d2a",1.54314332730434e-08,-0.770547950844546,1.9199246014566e-06,0.9988944407838,0.99999999999964,"NP","Cplx2",168.42,1000,986
"Nisch",1.53938517650975e-08,-0.771375926179547,1.91058447091205e-06,0.998897133246336,0.99999999999964,"NP","Cplx2",168.42,1000,986
"Gna11",1.51980037926341e-08,-0.775719414046636,1.86227897522781e-06,0.998911164437877,0.99999999999964,"NP","Cplx2",168.42,1000,986
"Ctsd",1.5055639574958e-08,-0.778907411834041,1.82755334214557e-06,0.998921363877896,0.99999999999964,"NP","Cplx2",168.42,1000,986
"Rgs4",1.4918180230856e-08,-0.782010554486782,1.7943342313971e-06,0.998931211916835,0.99999999999964,"NP","Cplx2",168.42,1000,986
"Ldha",1.48721415414216e-08,-0.78305543850109,1.78327640443831e-06,0.998934510279811,0.99999999999964,"NP","Cplx2",168.42,1000,986
"Rb1cc1",1.4671595214268e-08,-0.787640076173261,1.73550678508433e-06,0.998948878077814,0.99999999999964,"NP","Cplx2",168.42,1000,986
"Rragc",1.43442107987768e-08,-0.795242807380052,1.65891815809157e-06,0.998972332974069,0.99999999999964,"NP","Cplx2",168.42,1000,986
"Uhrf1bp1l",1.39870903197233e-08,-0.803710186851859,1.57734394020053e-06,0.998997918260728,0.99999999999964,"NP","Cplx2",168.42,1000,986
"Cnih1",1.39308520208494e-08,-0.805060705831114,1.56468529508854e-06,0.999001947357674,0.99999999999964,"NP","Cplx2",168.42,1000,986
"Pcsk1n",1.38522568473532e-08,-0.806956075017859,1.54707979520455e-06,0.999007578174791,0.99999999999964,"NP","Cplx2",168.42,1000,986
"Idi1",1.38468323464757e-08,-0.807087234885628,1.54586836913414e-06,0.999007966803904,0.99999999999964,"NP","Cplx2",168.42,1000,986
"Stx7",1.3772745999377e-08,-0.808883068908932,1.5293705374223e-06,0.999013274593895,0.99999999999964,"NP","Cplx2",168.42,1000,986
"Tmsb4x",1.37222245881052e-08,-0.810112520050527,1.51817099249658e-06,0.999016894114271,0.99999999999964,"NP","Cplx2",168.42,1000,986
"Arpc2",1.36460159499248e-08,-0.81197454633771,1.50135499158244e-06,0.999022353952263,0.99999999999964,"NP","Cplx2",168.42,1000,986
"Rbms3",1.35584731920025e-08,-0.814124698930387,1.48215361158607e-06,0.999028625804002,0.99999999999964,"NP","Cplx2",168.42,1000,986
"Vwa5a",1.35072191631567e-08,-0.815389169216247,1.47096905443224e-06,0.999032297811602,0.99999999999964,"NP","Cplx2",168.42,1000,986
"Ctnnb1",1.34643949453974e-08,-0.816448875117708,1.46165651726009e-06,0.99903536587976,0.99999999999964,"NP","Cplx2",168.42,1000,986
"Ptma",1.33596555280783e-08,-0.81905310969182,1.43900453805683e-06,0.999042869757018,0.99999999999964,"NP","Cplx2",168.42,1000,986
"Snx3",1.32374474483925e-08,-0.822114229988684,1.41279822663002e-06,0.999051625146962,0.99999999999964,"NP","Cplx2",168.42,1000,986
"Actn1",1.3097319494204e-08,-0.825654617258882,1.38304555946771e-06,0.999061664375966,0.99999999999964,"NP","Cplx2",168.42,1000,986
"Ube3a",1.30477873398715e-08,-0.826913951082541,1.37260438671659e-06,0.999065213022975,0.99999999999964,"NP","Cplx2",168.42,1000,986
"Prkx",1.2689053421276e-08,-0.836160810747958,1.29816559413977e-06,0.999090913905387,0.99999999999964,"NP","Cplx2",168.42,1000,986
"Rps3a1",1.24472510273236e-08,-0.842522755882616,1.24916135311981e-06,0.999108237427818,0.99999999999964,"NP","Cplx2",168.42,1000,986
"Ube2d3",1.23981215716739e-08,-0.843828502253955,1.23931990268781e-06,0.999111757224398,0.99999999999964,"NP","Cplx2",168.42,1000,986
"Acat2",1.2392807469799e-08,-0.84397000831158,1.23825773197799e-06,0.999112137944221,0.99999999999964,"NP","Cplx2",168.42,1000,986
"Tmcc3",1.23111924361572e-08,-0.846149943630639,1.2220019044034e-06,0.999117985115019,0.99999999999964,"NP","Cplx2",168.42,1000,986
"Flot2",1.20968410452184e-08,-0.851935709661672,1.17981955744949e-06,0.999133341957453,0.99999999999964,"NP","Cplx2",168.42,1000,986
"Ensa",1.15875958216474e-08,-0.866047296293962,1.0825758136328e-06,0.999169825970446,0.99999999999964,"NP","Cplx2",168.42,1000,986
"Kif5c",1.14331458944131e-08,-0.870433864712721,1.05390905014283e-06,0.99918089127468,0.99999999999964,"NP","Cplx2",168.42,1000,986
"Hspa4l",1.14053364716503e-08,-0.871229157239226,1.04878833215382e-06,0.999182883633832,0.99999999999964,"NP","Cplx2",168.42,1000,986
"Hspa4",1.13255975405192e-08,-0.87351891642312,1.03417466087286e-06,0.999188596394983,0.99999999999964,"NP","Cplx2",168.42,1000,986
"Rps6ka2",1.09882988088026e-08,-0.883362538770399,9.73492398670672e-07,0.999212761593837,0.99999999999964,"NP","Cplx2",168.42,1000,986
"Clcn4",1.08735915817831e-08,-0.886770059409269,9.53273842602955e-07,0.999220979599854,0.99999999999964,"NP","Cplx2",168.42,1000,986
"Mycbp2",1.08384014806993e-08,-0.887821693087325,9.47113684637057e-07,0.999223500735374,0.99999999999964,"NP","Cplx2",168.42,1000,986
"Ap3m1",1.07131645272037e-08,-0.891588573736581,9.25352478121427e-07,0.999232473126025,0.99999999999964,"NP","Cplx2",168.42,1000,986
"Mfhas1",1.06713646944603e-08,-0.892854358300388,9.18145621518676e-07,0.999235467804678,0.99999999999964,"NP","Cplx2",168.42,1000,986
"Gabbr2",1.0613068272577e-08,-0.894626914602506,9.08141576733053e-07,0.999239644353709,0.99999999999964,"NP","Cplx2",168.42,1000,986
"Dnaja1",1.05135680290136e-08,-0.897671969978188,8.91193276730509e-07,0.999246772881245,0.99999999999964,"NP","Cplx2",168.42,1000,986
"6820431F20Rik",1.02899008230065e-08,-0.904609546588487,8.5367786538323e-07,0.999262797142106,0.99999999999964,"NP","Cplx2",168.42,1000,986
"Hspd1",1.02752779229327e-08,-0.905067664881272,8.51253279099641e-07,0.999263844775203,0.99999999999964,"NP","Cplx2",168.42,1000,986
"Actr3",1.01640436149092e-08,-0.908571191250482,8.32922670839451e-07,0.999271813970273,0.99999999999964,"NP","Cplx2",168.42,1000,986
"Ppp2r2c",1.01607263072119e-08,-0.908676187096393,8.32379066346507e-07,0.99927205163321,0.99999999999964,"NP","Cplx2",168.42,1000,986
"Lgals9",1.01354900419123e-08,-0.909475915878592,8.28249429986176e-07,0.999273859643038,0.99999999999964,"NP","Cplx2",168.42,1000,986
"Nmb",1.00635947351989e-08,-0.91176378813636,8.16540859470626e-07,0.999279010461519,0.99999999999964,"NP","Cplx2",168.42,1000,986
"Gmfb",1.00592826948687e-08,-0.911901458527561,8.15841267946599e-07,0.999279319390406,0.99999999999964,"NP","Cplx2",168.42,1000,986
"Tceal9",9.94656305006404e-09,-0.915518592552837,7.97659832407695e-07,0.999287395000077,0.99999999999964,"NP","Cplx2",168.42,1000,986
"Atxn7l3b",9.89376543854399e-09,-0.917225126383476,7.89214149388241e-07,0.99929117759632,0.99999999999964,"NP","Cplx2",168.42,1000,986
"Mapk3",9.86770263244274e-09,-0.918070455335247,7.8506162663187e-07,0.999293044822317,0.99999999999964,"NP","Cplx2",168.42,1000,986
"Rab15",9.76675854579191e-09,-0.921362943216805,7.69081820227363e-07,0.999300276792004,0.99999999999964,"NP","Cplx2",168.42,1000,986
"Exoc4",9.72572995819978e-09,-0.922709636978107,7.62633813283327e-07,0.999303216216326,0.99999999999964,"NP","Cplx2",168.42,1000,986
"Kctd10",9.65005507491124e-09,-0.925206552897683,7.50812037708768e-07,0.9993086378164,0.99999999999964,"NP","Cplx2",168.42,1000,986
"Grb2",9.55098079577888e-09,-0.928501413538223,7.3547444421369e-07,0.999315735826986,0.99999999999964,"NP","Cplx2",168.42,1000,986
"Klf9",9.52595480003763e-09,-0.929338391758076,7.31625234058236e-07,0.999317528772493,0.99999999999964,"NP","Cplx2",168.42,1000,986
"Slc7a14",9.42903445853987e-09,-0.932597983815446,7.16813356222671e-07,0.999324472467895,0.99999999999964,"NP","Cplx2",168.42,1000,986
"Dpp10",9.33668583326346e-09,-0.935731050801596,7.02841075048734e-07,0.999331088630399,0.99999999999964,"NP","Cplx2",168.42,1000,986
"Ttbk2",9.268239991131e-09,-0.938070620673798,6.92574001875725e-07,0.99933599231809,0.99999999999964,"NP","Cplx2",168.42,1000,986
"Nudt3",9.13248329882207e-09,-0.942755779740527,6.72433616074551e-07,0.999345718378949,0.99999999999964,"NP","Cplx2",168.42,1000,986
"Socs7",9.08091657981229e-09,-0.944551309954319,6.6486124015717e-07,0.999349412790196,0.99999999999964,"NP","Cplx2",168.42,1000,986
"Ppm1a",8.99278465944136e-09,-0.947640659754077,6.52018669153088e-07,0.999355726854106,0.99999999999964,"NP","Cplx2",168.42,1000,986
"Ubl3",8.97610063914907e-09,-0.948228459131878,6.49601575439023e-07,0.999356922152816,0.99999999999964,"NP","Cplx2",168.42,1000,986
"Rpl19",8.92969850945104e-09,-0.949868277243508,6.42902678977318e-07,0.999360246555746,0.99999999999964,"NP","Cplx2",168.42,1000,986
"Stip1",8.85507013693883e-09,-0.952521203695802,6.32201692043023e-07,0.999365593180629,0.99999999999964,"NP","Cplx2",168.42,1000,986
"Cers4",8.7832036033759e-09,-0.955094397601036,6.21981609134167e-07,0.999370741938209,0.99999999999964,"NP","Cplx2",168.42,1000,986
"Slc25a46",8.74661462439338e-09,-0.956411515817131,6.16810313736278e-07,0.999373363294412,0.99999999999964,"NP","Cplx2",168.42,1000,986
"Zbtb7a",8.46818253134805e-09,-0.966594491571904,5.78165355266246e-07,0.999393311096257,0.99999999999964,"NP","Cplx2",168.42,1000,986
"Aes",8.43766531486592e-09,-0.967728226179655,5.74005736608419e-07,0.999395497451239,0.99999999999964,"NP","Cplx2",168.42,1000,986
"Praf2",8.24460631721936e-09,-0.974984293490202,5.48039029549991e-07,0.999409328840635,0.99999999999964,"NP","Cplx2",168.42,1000,986
"Dctn2",8.04694348740584e-09,-0.982568169324463,5.22075779733641e-07,0.999423490064081,0.99999999999964,"NP","Cplx2",168.42,1000,986
"Parvb",7.91823928266636e-09,-0.98759384104201,5.0550899331629e-07,0.999432710862057,0.99999999999964,"NP","Cplx2",168.42,1000,986
"Entpd3",7.83843857921192e-09,-0.990745721690647,4.95371209660445e-07,0.999438428050329,0.99999999999964,"NP","Cplx2",168.42,1000,986
"Elovl5",7.82541364448636e-09,-0.991262813687157,4.93726285892645e-07,0.999439361200051,0.99999999999964,"NP","Cplx2",168.42,1000,986
"Gm765",7.6307752864489e-09,-0.999080553048183,4.69471218083936e-07,0.999453305740639,0.99999999999964,"NP","Cplx2",168.42,1000,986
"Rps23",7.42153101032644e-09,-1.00768084865614,4.44077384046416e-07,0.999468296698057,0.99999999999964,"NP","Cplx2",168.42,1000,986
"Elavl4",7.28766957384824e-09,-1.01329408241248,4.28202294102683e-07,0.999477886977667,0.99999999999964,"NP","Cplx2",168.42,1000,986
"Dnajb6",7.26280393538164e-09,-1.01434664185784,4.25285213800739e-07,0.999479668434919,0.99999999999964,"NP","Cplx2",168.42,1000,986
"Srp14",7.20432160107018e-09,-1.01683460255269,4.18463734083109e-07,0.999483858304362,0.99999999999964,"NP","Cplx2",168.42,1000,986
"Fxr2",7.04795807545322e-09,-1.02357396568045,4.00496077707256e-07,0.999495060708811,0.99999999999964,"NP","Cplx2",168.42,1000,986
"Bnip3l",6.92614979621226e-09,-1.02891470381519,3.86772335781794e-07,0.999503787460236,0.99999999999964,"NP","Cplx2",168.42,1000,986
"Ociad1",6.47324259869707e-09,-1.04951743848352,3.37843377339592e-07,0.999536235243084,0.99999999999964,"NP","Cplx2",168.42,1000,986
"Armcx3",6.30348489071437e-09,-1.05756394996809,3.20356157171375e-07,0.999548397251916,0.99999999999964,"NP","Cplx2",168.42,1000,986
"Mprip",6.12372899038932e-09,-1.06629252736525,3.02345541014523e-07,0.999561275564735,0.99999999999964,"NP","Cplx2",168.42,1000,986
"Noct",5.98374002972437e-09,-1.07324585169516,2.88680252708634e-07,0.999571304841313,0.99999999999964,"NP","Cplx2",168.42,1000,986
"Dhcr24",5.8379899497205e-09,-1.08063734580352,2.74788358085902e-07,0.999581746863789,0.99999999999964,"NP","Cplx2",168.42,1000,986
"Dip2c",5.79608490115821e-09,-1.08279220201379,2.70857658572368e-07,0.999584749081427,0.99999999999964,"NP","Cplx2",168.42,1000,986
"Huwe1",5.71529769819557e-09,-1.08698500049438,2.6335972300832e-07,0.999590536946485,0.99999999999964,"NP","Cplx2",168.42,1000,986
"Lix1",5.68821164182706e-09,-1.08840229116672,2.60869398494508e-07,0.999592477482038,0.99999999999964,"NP","Cplx2",168.42,1000,986
"Fnbp1",5.47915060101096e-09,-1.09954349626192,2.42046116212369e-07,0.999607455313406,0.99999999999964,"NP","Cplx2",168.42,1000,986
"Plekhb2",5.37771791380437e-09,-1.1050828417165,2.33167318683592e-07,0.999614722290021,0.99999999999964,"NP","Cplx2",168.42,1000,986
"Ywhab",5.26925087979824e-09,-1.11110782023347,2.23856338787825e-07,0.999622493230778,0.99999999999964,"NP","Cplx2",168.42,1000,986
"Pafah1b1",5.23837719978741e-09,-1.11284246963257,2.21240778504272e-07,0.999624705124385,0.99999999999964,"NP","Cplx2",168.42,1000,986
"Carhsp1",5.19404770101338e-09,-1.11534875625322,2.17512144714014e-07,0.999627881037818,0.99999999999964,"NP","Cplx2",168.42,1000,986
"Eif4a2",5.12700490316224e-09,-1.1191747793737,2.11933255146458e-07,0.999632684207912,0.99999999999964,"NP","Cplx2",168.42,1000,986
"Tspyl4",5.11284871555539e-09,-1.11998821069695,2.10764531850138e-07,0.999633698404504,0.99999999999964,"NP","Cplx2",168.42,1000,986
"Cd47",5.07564147214137e-09,-1.12213556222945,2.07708140442383e-07,0.999636364055775,0.99999999999964,"NP","Cplx2",168.42,1000,986
"Hnrnpu",5.03625562896344e-09,-1.12442361872255,2.04497109932996e-07,0.99963918578922,0.99999999999964,"NP","Cplx2",168.42,1000,986
"Rab3c",5.00694084557128e-09,-1.12613673921807,2.02123385546953e-07,0.999641285998283,0.99999999999964,"NP","Cplx2",168.42,1000,986
"Avil",5.00367543382783e-09,-1.12632810562076,2.01859831063893e-07,0.999641519943295,0.99999999999964,"NP","Cplx2",168.42,1000,986
"Rpl37a",4.99715613665815e-09,-1.12671048810752,2.01334166702291e-07,0.999641987007535,0.99999999999964,"NP","Cplx2",168.42,1000,986
"Dazap2",4.97793788578048e-09,-1.12784024485879,1.99788547518556e-07,0.999643363867264,0.99999999999964,"NP","Cplx2",168.42,1000,986
"Sept5",4.9091953973818e-09,-1.13191261870603,1.94308715055744e-07,0.999648288808913,0.99999999999964,"NP","Cplx2",168.42,1000,986
"Cdc42",4.76571264748322e-09,-1.14057504482168,1.83116445001523e-07,0.999658568392767,0.99999999999964,"NP","Cplx2",168.42,1000,986
"Cacnb4",4.70435246407706e-09,-1.14434894157126,1.78431427073226e-07,0.999662964441445,0.99999999999964,"NP","Cplx2",168.42,1000,986
"Lamp1",4.68107525001669e-09,-1.14579179321614,1.76670032261933e-07,0.999664632098883,0.99999999999964,"NP","Cplx2",168.42,1000,986
"Stat3",4.50145323992604e-09,-1.15714062557918,1.63371813295845e-07,0.999677500820268,0.99999999999964,"NP","Cplx2",168.42,1000,986
"Hmgcr",4.45144022433386e-09,-1.16037061329907,1.59761722695238e-07,0.999681083919943,0.99999999999964,"NP","Cplx2",168.42,1000,986
"Vps4b",4.42100095018153e-09,-1.16235195770848,1.57584268320316e-07,0.999683264691332,0.99999999999964,"NP","Cplx2",168.42,1000,986
"Slc24a2",4.39524632681335e-09,-1.16403765967362,1.55753596025565e-07,0.999685109838675,0.99999999999964,"NP","Cplx2",168.42,1000,986
"Epdr1",4.37761742035479e-09,-1.16519647444995,1.54506676571435e-07,0.999686372832487,0.99999999999964,"NP","Cplx2",168.42,1000,986
"Spcs2",4.3607002662848e-09,-1.1663123261797,1.53314812365152e-07,0.999687584833978,0.99999999999964,"NP","Cplx2",168.42,1000,986
"Dapk1",4.31606204446178e-09,-1.16927483300743,1.50192069463981e-07,0.99969078286547,0.99999999999964,"NP","Cplx2",168.42,1000,986
"Cct8",4.2878135595971e-09,-1.1711634009873,1.48232498820011e-07,0.999692806681398,0.99999999999964,"NP","Cplx2",168.42,1000,986
"Kif3c",4.1547328708806e-09,-1.18020887643787,1.3917391847616e-07,0.99970234102703,0.99999999999964,"NP","Cplx2",168.42,1000,986
"Ralbp1",4.07742884975547e-09,-1.18557960204777,1.34043088518106e-07,0.999707879345669,0.99999999999964,"NP","Cplx2",168.42,1000,986
"Hdgf",4.04827906426606e-09,-1.18762781202469,1.32133375039061e-07,0.999709967733804,0.99999999999964,"NP","Cplx2",168.42,1000,986
"Jph4",3.90259656752019e-09,-1.19806062716335,1.22794512580118e-07,0.999720404915195,0.99999999999964,"NP","Cplx2",168.42,1000,986
"Rab10",3.82433750026477e-09,-1.20380568599528,1.17919075938234e-07,0.999726011656578,0.99999999999964,"NP","Cplx2",168.42,1000,986
"Agtpbp1",3.72072821269943e-09,-1.21157113757725,1.11616278394507e-07,0.999733434572571,0.99999999999964,"NP","Cplx2",168.42,1000,986
"Dock11",3.68304316109679e-09,-1.21444231245892,1.0936673820363e-07,0.999736134455751,0.99999999999964,"NP","Cplx2",168.42,1000,986
"Rpl21",3.57160000488407e-09,-1.22308513629988,1.02848336780779e-07,0.999744118616337,0.99999999999964,"NP","Cplx2",168.42,1000,986
"Cox6a1",3.54019797860067e-09,-1.22556282760668,1.01047772097646e-07,0.999746368362572,0.99999999999964,"NP","Cplx2",168.42,1000,986
"Gdi2",3.42714567622321e-09,-1.23464417057195,9.46971205151233e-08,0.999754467807807,0.99999999999964,"NP","Cplx2",168.42,1000,986
"Ube2ql1",3.25491358299822e-09,-1.24899331917414,8.54182300988736e-08,0.999766807091332,0.99999999999964,"NP","Cplx2",168.42,1000,986
"Wbscr17",3.13141747401296e-09,-1.25969450241372,7.90594128238763e-08,0.999775654765887,0.99999999999964,"NP","Cplx2",168.42,1000,986
"Cdk16",3.01713859685314e-09,-1.26992920209256,7.3394271536233e-08,0.999783842087132,0.99999999999964,"NP","Cplx2",168.42,1000,986
"BC031181",2.94721774224421e-09,-1.27635877263204,7.00319290115708e-08,0.999788851451189,0.99999999999964,"NP","Cplx2",168.42,1000,986
"Prkar2b",2.90962062788608e-09,-1.27987106525875,6.82565568916408e-08,0.999791545034307,0.99999999999964,"NP","Cplx2",168.42,1000,986
"H2-D1",2.89450707291053e-09,-1.28129409542956,6.75493031848977e-08,0.999792627819974,0.99999999999964,"NP","Cplx2",168.42,1000,986
"Ypel3",2.8767299584317e-09,-1.28297621144577,6.67221197591681e-08,0.99979390143196,0.99999999999964,"NP","Cplx2",168.42,1000,986
"Rexo2",2.8714275464181e-09,-1.28347968993849,6.64763809363533e-08,0.999794281314505,0.99999999999964,"NP","Cplx2",168.42,1000,986
"Slc9a6",2.8576308066811e-09,-1.28479352796972,6.58390993639159e-08,0.999795269759122,0.99999999999964,"NP","Cplx2",168.42,1000,986
"Rps3",2.84619167100312e-09,-1.28588704641541,6.53130447251746e-08,0.999796089297092,0.99999999999964,"NP","Cplx2",168.42,1000,986
"Rab1a",2.76532599852201e-09,-1.29372828538222,6.16544341922225e-08,0.999801882784559,0.99999999999964,"NP","Cplx2",168.42,1000,986
"Csnk2a1",2.69185904056981e-09,-1.30102697668838,5.84219799911582e-08,0.999807146203359,0.99999999999964,"NP","Cplx2",168.42,1000,986
"Sec62",2.66724459191553e-09,-1.30351111485006,5.73584397895633e-08,0.99980890966486,0.99999999999964,"NP","Cplx2",168.42,1000,986
"Evi5",2.5299728190726e-09,-1.31774207893056,5.16063749844116e-08,0.999818744274214,0.99999999999964,"NP","Cplx2",168.42,1000,986
"Ttl",2.5150560917937e-09,-1.3193286996006,5.09996262878206e-08,0.999819812958495,0.99999999999964,"NP","Cplx2",168.42,1000,986
"Mtch1",2.47830539201984e-09,-1.32327290392762,4.95200741867214e-08,0.999822445901664,0.99999999999964,"NP","Cplx2",168.42,1000,986
"Ube2l3",2.27579706101523e-09,-1.34596599253588,4.17579055418233e-08,0.999836954276503,0.99999999999964,"NP","Cplx2",168.42,1000,986
"Ddx3x",2.25390832451228e-09,-1.34852296707659,4.09585089496741e-08,0.999838522458874,0.99999999999964,"NP","Cplx2",168.42,1000,986
"Sorl1",2.18581448104706e-09,-1.35661800039672,3.85210610195182e-08,0.999843400929815,0.99999999999964,"NP","Cplx2",168.42,1000,986
"Dstn",2.16204768609309e-09,-1.35949510549757,3.7687920934274e-08,0.999845103662584,0.99999999999964,"NP","Cplx2",168.42,1000,986
"Fkbp8",2.09232684581913e-09,-1.36809686781918,3.52964231885546e-08,0.999850098697033,0.99999999999964,"NP","Cplx2",168.42,1000,986
"Pfkp",2.07391235880283e-09,-1.37041033618861,3.46778722511728e-08,0.999851417972542,0.99999999999964,"NP","Cplx2",168.42,1000,986
"Dok4",2.06235515259987e-09,-1.37187144638331,3.42924532479413e-08,0.999852245969493,0.99999999999964,"NP","Cplx2",168.42,1000,986
"Prkce",2.059177973504e-09,-1.37227436663958,3.41868755631087e-08,0.999852473593242,0.99999999999964,"NP","Cplx2",168.42,1000,986
"H13",1.99346912571544e-09,-1.38073104074991,3.20398644995028e-08,0.999857181195123,0.99999999999964,"NP","Cplx2",168.42,1000,986
"Zfr",1.98219301957813e-09,-1.3822065784587,3.16784211245664e-08,0.999857989053125,0.99999999999964,"NP","Cplx2",168.42,1000,986
"Pdpk1",1.89726987189563e-09,-1.39355998744978,2.90221687962505e-08,0.999864073231798,0.99999999999964,"NP","Cplx2",168.42,1000,986
"Bhlhe41",1.83667947404443e-09,-1.40193376049762,2.71980888475102e-08,0.999868414130797,0.99999999999964,"NP","Cplx2",168.42,1000,986
"Mfn2",1.77250764287266e-09,-1.41106871659507,2.53307399318049e-08,0.999873011615676,0.99999999999964,"NP","Cplx2",168.42,1000,986
"Gdap1",1.7660005933884e-09,-1.4120109983694,2.51450980494743e-08,0.999873477802492,0.99999999999964,"NP","Cplx2",168.42,1000,986
"Clip3",1.70240479035463e-09,-1.42138281555011,2.33666959992778e-08,0.999878034018791,0.99999999999964,"NP","Cplx2",168.42,1000,986
"Rab11b",1.60071620907798e-09,-1.43702096974453,2.06585734439318e-08,0.999885319329298,0.99999999999964,"NP","Cplx2",168.42,1000,986
"Akirin1",1.49908192015046e-09,-1.45353941592395,1.81185056504077e-08,0.999892600750128,0.99999999999964,"NP","Cplx2",168.42,1000,986
"Disp2",1.42767455813103e-09,-1.46573818183996,1.64335005461827e-08,0.99989771661269,0.99999999999964,"NP","Cplx2",168.42,1000,986
"Map2k1",1.41435296949808e-09,-1.46807249694995,1.61282503569328e-08,0.999898671015915,0.99999999999964,"NP","Cplx2",168.42,1000,986
"Clgn",1.3837984692574e-09,-1.47349959747992,1.54389348588307e-08,0.999900860042643,0.99999999999964,"NP","Cplx2",168.42,1000,986
"Isl2",1.29464892442303e-09,-1.48995261017871,1.35137435418814e-08,0.99990724701461,0.99999999999964,"NP","Cplx2",168.42,1000,986
"Bag3",1.26926132461162e-09,-1.49481824370396,1.29889407879561e-08,0.999909065867289,0.99999999999964,"NP","Cplx2",168.42,1000,986
"Hacd3",1.21405489261517e-09,-1.50569801759957,1.18836072506976e-08,0.999913021040976,0.99999999999964,"NP","Cplx2",168.42,1000,986
"Aldoa",1.21164332143837e-09,-1.50618301648442,1.18364434825167e-08,0.999913193814012,0.99999999999964,"NP","Cplx2",168.42,1000,986
"Glg1",1.20554594351398e-09,-1.50741303577014,1.17176136694368e-08,0.999913630650588,0.99999999999964,"NP","Cplx2",168.42,1000,986
"Rpl13a",1.18060526789363e-09,-1.5125013210088,1.12377942524901e-08,0.999915417484123,0.99999999999964,"NP","Cplx2",168.42,1000,986
"Prelid1",1.17997034203504e-09,-1.51263207183042,1.12257102008207e-08,0.999915462972338,0.99999999999964,"NP","Cplx2",168.42,1000,986
"Ubash3b",1.16792389263089e-09,-1.51512447632023,1.09976711454085e-08,0.99991632602032,0.99999999999964,"NP","Cplx2",168.42,1000,986
"Plekha6",1.16786232873988e-09,-1.51513727118393,1.09965117520827e-08,0.999916330430963,0.99999999999964,"NP","Cplx2",168.42,1000,986
"Sh3bgrl3",1.09957757692872e-09,-1.52970390266998,9.74817670349579e-09,0.999921222579289,0.99999999999964,"NP","Cplx2",168.42,1000,986
"Rps8",1.0919924862137e-09,-1.53137018204312,9.61415109687339e-09,0.999921766000593,0.99999999999964,"NP","Cplx2",168.42,1000,986
"Ptpa",1.09067115629648e-09,-1.53166147859526,9.59089859298517e-09,0.999921860665094,0.99999999999964,"NP","Cplx2",168.42,1000,986
"Stmn1",1.08337256738517e-09,-1.53327605710959,9.46296670171707e-09,0.999922383560449,0.99999999999964,"NP","Cplx2",168.42,1000,986
"Oaz1",1.08302870982726e-09,-1.53335235769505,9.45696064926566e-09,0.999922408195556,0.99999999999964,"NP","Cplx2",168.42,1000,986
"Eif5a",1.08108034448723e-09,-1.53378509039639,9.42296516904964e-09,0.999922547782975,0.99999999999964,"NP","Cplx2",168.42,1000,986
"Nefm",9.67264160893067e-10,-1.56032420003707,7.54330792242727e-09,0.99993070195558,0.99999999999964,"NP","Cplx2",168.42,1000,986
"Rps16",9.62390434398119e-10,-1.56152019753247,7.46748293014062e-09,0.99993105112567,0.99999999999964,"NP","Cplx2",168.42,1000,986
"Thra",9.30521453039775e-10,-1.56947322756767,6.98110907242004e-09,0.999933334326237,0.99999999999964,"NP","Cplx2",168.42,1000,986
"Saraf",8.76383428504108e-10,-1.5835436233816,6.19241361611667e-09,0.999937212955647,0.99999999999964,"NP","Cplx2",168.42,1000,986
"Atp5b",8.09102997114746e-10,-1.60212395526262,5.27812003725642e-09,0.999942033151106,0.99999999999964,"NP","Cplx2",168.42,1000,986
"Eef1a1",7.75879425387608e-10,-1.61180007570807,4.85355677355581e-09,0.999944413399066,0.99999999999964,"NP","Cplx2",168.42,1000,986
"Selenoi",7.75502771692283e-10,-1.61191182380806,4.84884556121318e-09,0.999944440383799,0.99999999999964,"NP","Cplx2",168.42,1000,986
"Pdcd6ip",7.72365144488776e-10,-1.61284455494062,4.80968878913338e-09,0.999944665173921,0.99999999999964,"NP","Cplx2",168.42,1000,986
"Mafg",7.67898072772431e-10,-1.61417819666464,4.75421478529767e-09,0.999944985209901,0.99999999999964,"NP","Cplx2",168.42,1000,986
"Nars",7.1754364885755e-10,-1.62969775690818,4.15114871814398e-09,0.999948592769493,0.99999999999964,"NP","Cplx2",168.42,1000,986
"Stx2",7.07576127243406e-10,-1.63288166649038,4.03662110864447e-09,0.999949306876128,0.99999999999964,"NP","Cplx2",168.42,1000,986
"Impact",7.03651555049102e-10,-1.63414600010151,3.99196703826737e-09,0.999949588045626,0.99999999999964,"NP","Cplx2",168.42,1000,986
"Fam171b",6.74632627004114e-10,-1.6436898898638,3.66949520938466e-09,0.999951667058831,0.99999999999964,"NP","Cplx2",168.42,1000,986
"Metap2",6.2257811217277e-10,-1.66174258721082,3.12506704817687e-09,0.999955396418633,0.99999999999964,"NP","Cplx2",168.42,1000,986
"Chn1",6.19135720952516e-10,-1.66298216302029,3.09060402375116e-09,0.99995564304307,0.99999999999964,"NP","Cplx2",168.42,1000,986
"Ncoa7",6.17385409431844e-10,-1.66361473608072,3.07315430077541e-09,0.999955768441251,0.99999999999964,"NP","Cplx2",168.42,1000,986
"Hagh",5.78113182470863e-10,-1.67823494188223,2.69461912674347e-09,0.999958582035135,0.99999999999964,"NP","Cplx2",168.42,1000,986
"Gaa",5.74214814432396e-10,-1.67973296814778,2.65840061552459e-09,0.999958861327279,0.99999999999964,"NP","Cplx2",168.42,1000,986
"Hmgb1",5.66237378964288e-10,-1.68282623845698,2.58504860405339e-09,0.999959432857477,0.99999999999964,"NP","Cplx2",168.42,1000,986
"Atp6v0d1",5.66187943510281e-10,-1.68284552505712,2.58459724751064e-09,0.999959436399199,0.99999999999964,"NP","Cplx2",168.42,1000,986
"Napb",5.25739729666046e-10,-1.699139826344,2.22850307699973e-09,0.999962334244724,0.99999999999964,"NP","Cplx2",168.42,1000,986
"Pfn1",5.20393312632182e-10,-1.70137456264915,2.18340880350673e-09,0.999962717279948,0.99999999999964,"NP","Cplx2",168.42,1000,986
"Dync1h1",5.10283458537647e-10,-1.70565550922208,2.09939724928912e-09,0.999963441583759,0.99999999999964,"NP","Cplx2",168.42,1000,986
"Shc1",4.29019600969913e-10,-1.74303516948464,1.48397270277406e-09,0.999969263598718,0.99999999999964,"NP","Cplx2",168.42,1000,986
"Ap3s1",3.92428684236011e-10,-1.76191984934385,1.2416326708864e-09,0.999971885094559,0.99999999999964,"NP","Cplx2",168.42,1000,986
"Cacna2d1",3.22430269537903e-10,-1.80277336008357,8.38191506452343e-10,0.999976900015457,0.99999999999964,"NP","Cplx2",168.42,1000,986
"Cpne8",3.03909654263782e-10,-1.81487113818246,7.4466447533029e-10,0.999978226894373,0.99999999999964,"NP","Cplx2",168.42,1000,986
"Rufy3",2.50453228832102e-10,-1.853790270784,5.05737215437704e-10,0.999982056691751,0.99999999999964,"NP","Cplx2",168.42,1000,986
"Clta",1.98289683836151e-10,-1.89948670637244,3.17009212806061e-10,0.999985793862845,0.99999999999964,"NP","Cplx2",168.42,1000,986
"Rpl18a",1.92473073782702e-10,-1.90521304370862,2.98683758144833e-10,0.999986210584273,0.99999999999964,"NP","Cplx2",168.42,1000,986
"Pacsin1",1.56273464746584e-10,-1.94467089582793,1.96898371922053e-10,0.999988804045521,0.99999999999964,"NP","Cplx2",168.42,1000,986
"Atp2a2",1.53826020347395e-10,-1.94761698940161,1.90779300497197e-10,0.999988979388636,0.99999999999964,"NP","Cplx2",168.42,1000,986
"Nyap1",1.3738980764384e-10,-1.9685310801854,1.52188092629072e-10,0.99999015693397,0.99999999999964,"NP","Cplx2",168.42,1000,986
"Lcp1",1.18937190169385e-10,-1.99478171891754,1.14053073121092e-10,0.999991478941295,0.99999999999964,"NP","Cplx2",168.42,1000,986
"Tmem233",9.31533861386278e-11,-2.03814629456351,6.99630824471269e-11,0.999993326179384,0.99999999999964,"NP","Cplx2",168.42,1000,986
"Mcfd2",8.25093164012798e-11,-2.05917292059237,5.48880271318574e-11,0.999994088756194,0.99999999999964,"NP","Cplx2",168.42,1000,986
"Fam8a1",6.79022076025242e-11,-2.09225066363341,3.71740116955617e-11,0.999995135258397,0.99999999999964,"NP","Cplx2",168.42,1000,986
"Rnf187",6.40297574214349e-11,-2.10205609625689,3.30548625857749e-11,0.999995412693699,0.99999999999964,"NP","Cplx2",168.42,1000,986
"Rbx1",5.33471541554921e-11,-2.13206126938933,2.29453219801016e-11,0.999996178031181,0.99999999999964,"NP","Cplx2",168.42,1000,986
"Dnm1l",3.87956259511305e-11,-2.18274381469259,1.21349270513097e-11,0.999997220551404,0.99999999999964,"NP","Cplx2",168.42,1000,986
"Fbxo11",3.69606004611401e-11,-2.19027164593826,1.10141168431682e-11,0.999997352018777,0.99999999999964,"NP","Cplx2",168.42,1000,986
"Ankrd46",3.22202604687455e-11,-2.21133963405803,8.37008246742945e-12,0.999997691632613,0.99999999999964,"NP","Cplx2",168.42,1000,986
"Adam22",2.43523957305285e-11,-2.25316321271111,4.7813994593621e-12,0.999998255312797,0.99999999999964,"NP","Cplx2",168.42,1000,986
"Robo2",1.47924526922588e-11,-2.32396562530384,1.76421707528885e-12,0.999998940219139,0.99999999999964,"NP","Cplx2",168.42,1000,986
"Rpl13",6.29467810878414e-12,-2.43512764877852,3.1946162470236e-13,0.999999549028175,0.99999999999964,"NP","Cplx2",168.42,1000,986
"Cisd1",3.63092770562726e-12,-2.50044073960286,1.06293534082585e-13,0.999999739868177,0.99999999999964,"NP","Cplx2",168.42,1000,986
"Epm2aip1",4.00875259908175e-17,-3.18112413728203,1.2956573173846e-23,0.999999999997128,0.99999999999964,"NP","Cplx2",168.42,1000,986
"Pop5",3.47153212845441e-17,-3.18482006509726,9.71659320559808e-24,0.999999999997513,0.99999999999964,"NP","Cplx2",168.42,1000,986
"Kcnd1",3.41104598844574e-17,-3.18526683909403,9.38094937972402e-24,0.999999999997556,0.99999999999964,"NP","Cplx2",168.42,1000,986
"Morf4l1",3.26921466421423e-17,-3.18634211449799,8.61704815005677e-24,0.999999999997658,0.99999999999964,"NP","Cplx2",168.42,1000,986
"Cab39",2.78135566217526e-17,-3.19038003888034,6.23712858502646e-24,0.999999999998007,0.99999999999964,"NP","Cplx2",168.42,1000,986
"Fam174a",2.15063228598565e-17,-3.19663315038415,3.72909945088454e-24,0.999999999998459,0.99999999999964,"NP","Cplx2",168.42,1000,986
"Rpl30",5.02929778697197e-18,-3.2282886960139,2.0393245404266e-25,0.99999999999964,0.99999999999964,"NP","Cplx2",168.42,1000,986
"Cplx2",5.07597606837276e-05,4.09118100731297,667.435911987974,3.60761517056141e-147,3.60761517056141e-144,"PEP","Cplx2",179.78,1000,780
"Scarb2",8.15968011404032e-06,2.40302782429093,17.2471247825204,3.28193830085375e-05,0.0164096915042688,"PEP","Cplx2",179.78,1000,780
"Ralgapa1",6.94616898121648e-06,2.27640293182484,12.4985930385885,0.000407258610084359,0.13575287002812,"PEP","Cplx2",179.78,1000,780
"mt-Co1",6.51781427933323e-06,2.22722905716503,11.0046035558345,0.00090885870070739,0.227214675176847,"PEP","Cplx2",179.78,1000,780
"mt-Cytb",6.26961099126048e-06,2.19747704892626,10.1824345928638,0.00141784848666482,0.283569697332963,"PEP","Cplx2",179.78,1000,780
"Hnrnpk",5.36643933301601e-06,2.08009242508439,7.46006973145454,0.00630825630274694,0.882921939383738,"PEP","Cplx2",179.78,1000,780
"mt-Nd2",5.26595315847249e-06,2.06602358793909,7.18330690827366,0.00735849563131684,0.882921939383738,"PEP","Cplx2",179.78,1000,780
"Arl5a",5.24406637131209e-06,2.06292932863007,7.12371929692706,0.00760707336024193,0.882921939383738,"PEP","Cplx2",179.78,1000,780
"Prph",5.15342648262003e-06,2.04999816468825,6.87959082491649,0.00871855208683747,0.882921939383738,"PEP","Cplx2",179.78,1000,780
"Fgf13",5.14497704256244e-06,2.0487829899878,6.85705007954758,0.00882921939383738,0.882921939383738,"PEP","Cplx2",179.78,1000,780
"Ptma",4.87472986928621e-06,2.00900122989651,6.15561639657975,0.0130995456331579,0.999999999995571,"PEP","Cplx2",179.78,1000,780
"Psme3",4.83601061003616e-06,2.00315034861627,6.05821844421721,0.0138417252475651,0.999999999995571,"PEP","Cplx2",179.78,1000,780
"Pgm2l1",4.5129948034672e-06,1.95273884239478,5.2759431315318,0.0216220714220716,0.999999999995571,"PEP","Cplx2",179.78,1000,780
"Slc22a17",4.50467689248116e-06,1.95140108082841,5.25651284847846,0.0218647855338756,0.999999999995571,"PEP","Cplx2",179.78,1000,780
"S100a6",4.39405687743949e-06,1.93340948685054,5.00151743683712,0.0253251059547348,0.999999999995571,"PEP","Cplx2",179.78,1000,780
"Tsc22d1",4.29768152677665e-06,1.91742114970685,4.78452576948495,0.0287165539494993,0.999999999995571,"PEP","Cplx2",179.78,1000,780
"Sv2a",4.24924394441268e-06,1.90927124965679,4.67728428572938,0.0305640298716237,0.999999999995571,"PEP","Cplx2",179.78,1000,780
"Ywhab",4.1482854360937e-06,1.89202985010004,4.45766782112624,0.0347449040156255,0.999999999995571,"PEP","Cplx2",179.78,1000,780
"Rps27a",4.00327347058201e-06,1.86663640456902,4.15146093775434,0.0415986184699326,0.999999999995571,"PEP","Cplx2",179.78,1000,780
"Akap12",3.80522089374118e-06,1.83067347909137,3.75085421108713,0.0527805315361681,0.999999999995571,"PEP","Cplx2",179.78,1000,780
"Hmgcr",3.78328434380371e-06,1.82659385910633,3.70773259763918,0.0541609182035164,0.999999999995571,"PEP","Cplx2",179.78,1000,780
"Slc25a3",3.7418183847261e-06,1.81882757850472,3.62690222394577,0.0568525448201193,0.999999999995571,"PEP","Cplx2",179.78,1000,780
"Klf7",3.72709798608417e-06,1.81605312136635,3.59842172412212,0.0578344532147943,0.999999999995571,"PEP","Cplx2",179.78,1000,780
"Crip2",3.69629441737678e-06,1.81021737753482,3.53918733813538,0.0599348194396113,0.999999999995571,"PEP","Cplx2",179.78,1000,780
"Lrrc58",3.45210759497031e-06,1.76244826275571,3.08701745711398,0.0789193392314281,0.999999999995571,"PEP","Cplx2",179.78,1000,780
"Med28",3.41968168046519e-06,1.75589259223497,3.02929663535392,0.0817734582435894,0.999999999995571,"PEP","Cplx2",179.78,1000,780
"Rit2",3.36809781578397e-06,1.74535503481318,2.93859564251881,0.0864858962231947,0.999999999995571,"PEP","Cplx2",179.78,1000,780
"Tmx2",3.3451588195527e-06,1.74062535755333,2.89870435087131,0.0886507822080266,0.999999999995571,"PEP","Cplx2",179.78,1000,780
"Ncald",3.32950093551424e-06,1.7373812327962,2.87163158400768,0.0901534317511366,0.999999999995571,"PEP","Cplx2",179.78,1000,780
"Akt1",3.32879308083862e-06,1.73723427064362,2.87041069126361,0.0902218441908836,0.999999999995571,"PEP","Cplx2",179.78,1000,780
"Cox5b",3.27387023585584e-06,1.72575036258586,2.77647240856017,0.0956586517738173,0.999999999995571,"PEP","Cplx2",179.78,1000,780
"Plxna2",3.23358836719171e-06,1.71722421309422,2.70856901769676,0.0998104874348928,0.999999999995571,"PEP","Cplx2",179.78,1000,780
"Sfr1",3.18164866344974e-06,1.7060975691902,2.62225474522227,0.105374612805616,0.999999999995571,"PEP","Cplx2",179.78,1000,780
"Osbpl3",3.14948219077161e-06,1.69912988195699,2.5695007727844,0.108942107345937,0.999999999995571,"PEP","Cplx2",179.78,1000,780
"Nedd4l",3.07552100808514e-06,1.68287878947191,2.45023553869048,0.117507234433951,0.999999999995571,"PEP","Cplx2",179.78,1000,780
"Rac1",3.00734056599725e-06,1.66760376751883,2.34280241948571,0.125862945260955,0.999999999995571,"PEP","Cplx2",179.78,1000,780
"Dnajc7",3.00366800544233e-06,1.66677272865522,2.33708385857323,0.126325840084337,0.999999999995571,"PEP","Cplx2",179.78,1000,780
"Tppp3",2.9707061633635e-06,1.65927547425861,2.28607162592456,0.130539951215074,0.999999999995571,"PEP","Cplx2",179.78,1000,780
"Rpl23",2.96888816872426e-06,1.65885993260009,2.28327444974461,0.130775514444126,0.999999999995571,"PEP","Cplx2",179.78,1000,780
"Dpysl2",2.96047968433883e-06,1.65693520207724,2.27035938596281,0.131869319454694,0.999999999995571,"PEP","Cplx2",179.78,1000,780
"mt-Co2",2.94357218172027e-06,1.65305104570671,2.24450108021632,0.134090151433281,0.999999999995571,"PEP","Cplx2",179.78,1000,780
"Itm2c",2.93898503674119e-06,1.65199400347883,2.23751104980159,0.134697642480074,0.999999999995571,"PEP","Cplx2",179.78,1000,780
"Hint1",2.87523358960591e-06,1.63715770627128,2.14149322914118,0.143362287764128,0.999999999995571,"PEP","Cplx2",179.78,1000,780
"Plxna4",2.84369758306321e-06,1.62971598222946,2.0947743940113,0.147803527966628,0.999999999995571,"PEP","Cplx2",179.78,1000,780
"Tulp4",2.81387915344286e-06,1.62261538506396,2.05107396910031,0.152098865104229,0.999999999995571,"PEP","Cplx2",179.78,1000,780
"Ids",2.73777650468511e-06,1.60420183045816,1.94162977374331,0.163491685041154,0.999999999995571,"PEP","Cplx2",179.78,1000,780
"Hnrnpab",2.73277097457164e-06,1.6029756686982,1.93453642505652,0.164262990533815,0.999999999995571,"PEP","Cplx2",179.78,1000,780
"Unc13d",2.71243959655081e-06,1.59797574676727,1.90585822215853,0.167424060737976,0.999999999995571,"PEP","Cplx2",179.78,1000,780
"Rpl27a",2.70619495790302e-06,1.59643372301025,1.89709290543222,0.168404076665853,0.999999999995571,"PEP","Cplx2",179.78,1000,780
"Tshz2",2.69384350462046e-06,1.59337486633906,1.87981522838151,0.170355149721607,0.999999999995571,"PEP","Cplx2",179.78,1000,780
"Gdap1",2.67367156578015e-06,1.58835377237966,1.85176790938099,0.173577915963119,0.999999999995571,"PEP","Cplx2",179.78,1000,780
"Syt4",2.61501621764312e-06,1.57357019068034,1.77141048932308,0.183207616172494,0.999999999995571,"PEP","Cplx2",179.78,1000,780
"Psip1",2.6023220430083e-06,1.57033403544401,1.7542541786454,0.185342815451973,0.999999999995571,"PEP","Cplx2",179.78,1000,780
"Stmn1",2.60077282839089e-06,1.5699381812178,1.7521661148195,0.185604653143271,0.999999999995571,"PEP","Cplx2",179.78,1000,780
"Ppp1r1c",2.57532897631601e-06,1.56340821506737,1.71805027156446,0.189944211376484,0.999999999995571,"PEP","Cplx2",179.78,1000,780
"Ldlr",2.55394543433156e-06,1.55787815822552,1.68963799611054,0.193648696120729,0.999999999995571,"PEP","Cplx2",179.78,1000,780
"Nr2f2",2.54200784022533e-06,1.55477396850977,1.67387957563897,0.195739702068907,0.999999999995571,"PEP","Cplx2",179.78,1000,780
"Cox7c",2.53424735829806e-06,1.55274938471958,1.66367482074526,0.197107886499836,0.999999999995571,"PEP","Cplx2",179.78,1000,780
"Epdr1",2.52917446151615e-06,1.55142312552183,1.65702100801772,0.198006021827877,0.999999999995571,"PEP","Cplx2",179.78,1000,780
"Ppp3r1",2.52058774991418e-06,1.54917310176246,1.64578871967656,0.199533079395947,0.999999999995571,"PEP","Cplx2",179.78,1000,780
"Pik3r1",2.47628705092258e-06,1.53746116843264,1.58844584173484,0.207548320265787,0.999999999995571,"PEP","Cplx2",179.78,1000,780
"Rgs4",2.4160180493339e-06,1.52124110739831,1.512066138066,0.218824082546506,0.999999999995571,"PEP","Cplx2",179.78,1000,780
"Cbx6",2.41568384649239e-06,1.52115021892254,1.51164784495853,0.218887811948957,0.999999999995571,"PEP","Cplx2",179.78,1000,780
"Sqstm1",2.3979806163599e-06,1.51632051917191,1.48957294377109,0.222282731846791,0.999999999995571,"PEP","Cplx2",179.78,1000,780
"Chp1",2.37745079963167e-06,1.51068195256615,1.46417677974472,0.226266718922809,0.999999999995571,"PEP","Cplx2",179.78,1000,780
"Nap1l1",2.35821965184106e-06,1.50536276298188,1.44058519489993,0.230044666672369,0.999999999995571,"PEP","Cplx2",179.78,1000,780
"Syngr3",2.35598456310572e-06,1.50474218804695,1.43785575459484,0.230486641338041,0.999999999995571,"PEP","Cplx2",179.78,1000,780
"Ccdc62",2.34136317727608e-06,1.50067027311107,1.4200642905184,0.233392821462136,0.999999999995571,"PEP","Cplx2",179.78,1000,780
"Cacnb4",2.32351089364424e-06,1.49566945815949,1.39849160853186,0.236976287838009,0.999999999995571,"PEP","Cplx2",179.78,1000,780
"Calm1",2.30386188297512e-06,1.49012780809402,1.37493864202318,0.240965165667761,0.999999999995571,"PEP","Cplx2",179.78,1000,780
"Fkbp1a",2.29630181742427e-06,1.48798502418602,1.36592979345911,0.242512434351852,0.999999999995571,"PEP","Cplx2",179.78,1000,780
"App",2.29398945648673e-06,1.48732843513126,1.36318021379324,0.242987082330089,0.999999999995571,"PEP","Cplx2",179.78,1000,780
"Elavl2",2.25510568979871e-06,1.47620316630201,1.31735929558492,0.251066524984058,0.999999999995571,"PEP","Cplx2",179.78,1000,780
"Prkar2b",2.24634574358295e-06,1.47367453720478,1.30714462307517,0.252912288339841,0.999999999995571,"PEP","Cplx2",179.78,1000,780
"Syt11",2.23963162111681e-06,1.47173082597765,1.29934242852707,0.254333371527664,0.999999999995571,"PEP","Cplx2",179.78,1000,780
"Tuba1a",2.21814458127664e-06,1.46547726944577,1.27453022760343,0.258918529579741,0.999999999995571,"PEP","Cplx2",179.78,1000,780
"Mapk9",2.19774547967462e-06,1.45949297603873,1.25119566135678,0.263324235272404,0.999999999995571,"PEP","Cplx2",179.78,1000,780
"Mycbp2",2.19224337970984e-06,1.4578708714159,1.24493871641312,0.26452136129614,0.999999999995571,"PEP","Cplx2",179.78,1000,780
"Cox6c",2.13699834572025e-06,1.44139090938494,1.18298383650679,0.276749381880674,0.999999999995571,"PEP","Cplx2",179.78,1000,780
"Vcp",2.12949919268202e-06,1.43912629215092,1.17469575230224,0.278438486410115,0.999999999995571,"PEP","Cplx2",179.78,1000,780
"Pls3",2.12536166317916e-06,1.43787395289449,1.17013541564674,0.27937341799042,0.999999999995571,"PEP","Cplx2",179.78,1000,780
"Isl2",2.08920440078347e-06,1.42684171813884,1.13066071496561,0.287634451079936,0.999999999995571,"PEP","Cplx2",179.78,1000,780
"mt-Atp6",2.0771748299539e-06,1.42313563653422,1.11767758603195,0.290419079840267,0.999999999995571,"PEP","Cplx2",179.78,1000,780
"D430019H16Rik",2.05231287160973e-06,1.41541852056067,1.09108246627218,0.296231493762352,0.999999999995571,"PEP","Cplx2",179.78,1000,780
"Abhd16a",2.04327147852733e-06,1.41259256342327,1.08149019030897,0.298364429325516,0.999999999995571,"PEP","Cplx2",179.78,1000,780
"Cmas",2.03913364342238e-06,1.41129573847635,1.07711436758956,0.299343989671189,0.999999999995571,"PEP","Cplx2",179.78,1000,780
"Tanc1",2.03692853137834e-06,1.41060373663274,1.07478605171021,0.299866886963433,0.999999999995571,"PEP","Cplx2",179.78,1000,780
"Tpd52",2.01744376528654e-06,1.40446152126412,1.05432211136498,0.304513761529205,0.999999999995571,"PEP","Cplx2",179.78,1000,780
"Cct3",2.009914204426e-06,1.40207458133764,1.04646685577962,0.306322207238645,0.999999999995571,"PEP","Cplx2",179.78,1000,780
"Fxyd6",2.00941942376306e-06,1.4019174678923,1.04595170161674,0.30644129209694,0.999999999995571,"PEP","Cplx2",179.78,1000,780
"Hspd1",1.9963826258008e-06,1.39776596165717,1.03242378684885,0.309590068961152,0.999999999995571,"PEP","Cplx2",179.78,1000,780
"Atp6v0e2",1.95869647493404e-06,1.38563529810327,0.993813111778143,0.318812199093812,0.999999999995571,"PEP","Cplx2",179.78,1000,780
"Eif4b",1.91042677384435e-06,1.36980759003131,0.945434030989666,0.330884255021588,0.999999999995571,"PEP","Cplx2",179.78,1000,780
"Tubb5",1.89785320614522e-06,1.3656294722079,0.933030143080448,0.334076780171686,0.999999999995571,"PEP","Cplx2",179.78,1000,780
"Ptpa",1.88250533247288e-06,1.36049777025327,0.918000396910433,0.338000551051169,0.999999999995571,"PEP","Cplx2",179.78,1000,780
"Sacm1l",1.88092895484658e-06,1.35996870151619,0.916463605096956,0.338405230527001,0.999999999995571,"PEP","Cplx2",179.78,1000,780
"Tonsl",1.87982352079788e-06,1.35959746961621,0.915386698527911,0.338689197292846,0.999999999995571,"PEP","Cplx2",179.78,1000,780
"Mapt",1.87358321972678e-06,1.35749836965888,0.90931931271592,0.340295089600605,0.999999999995571,"PEP","Cplx2",179.78,1000,780
"Ebf1",1.82534582056181e-06,1.34107071282594,0.863099272128889,0.352872833291075,0.999999999995571,"PEP","Cplx2",179.78,1000,780
"Tomm70a",1.82113280822613e-06,1.33961864497737,0.859119695770588,0.353985155737009,0.999999999995571,"PEP","Cplx2",179.78,1000,780
"Cbfb",1.81248174626168e-06,1.33662805991138,0.850976802959561,0.356276151768995,0.999999999995571,"PEP","Cplx2",179.78,1000,780
"Gnb2",1.80546777337964e-06,1.33419456636692,0.84440329755662,0.358140454623073,0.999999999995571,"PEP","Cplx2",179.78,1000,780
"Rpl30",1.80074023384112e-06,1.33254985569694,0.839987019780892,0.359400483195618,0.999999999995571,"PEP","Cplx2",179.78,1000,780
"Tubb3",1.76062186984357e-06,1.31844441329009,0.802976107823497,0.370205049178976,0.999999999995571,"PEP","Cplx2",179.78,1000,780
"Rab3a",1.73947744053803e-06,1.31090090725917,0.783805019248355,0.375979950014181,0.999999999995571,"PEP","Cplx2",179.78,1000,780
"Golga3",1.70494481371516e-06,1.29841337437176,0.752993263901083,0.385530197308945,0.999999999995571,"PEP","Cplx2",179.78,1000,780
"Fabp5",1.66298076796134e-06,1.2829486648786,0.716382374677357,0.397333125713086,0.999999999995571,"PEP","Cplx2",179.78,1000,780
"Hspa4l",1.65263999370447e-06,1.27908745265011,0.707500833234058,0.400274725210319,0.999999999995571,"PEP","Cplx2",179.78,1000,780
"Wbp2",1.63494832286333e-06,1.27243401868709,0.692434182605497,0.405337657038219,0.999999999995571,"PEP","Cplx2",179.78,1000,780
"Flot1",1.6327624931946e-06,1.27160777649125,0.690583932784433,0.405965834533614,0.999999999995571,"PEP","Cplx2",179.78,1000,780
"Ttbk2",1.59944153308376e-06,1.25889574819875,0.662685056411063,0.415613614810602,0.999999999995571,"PEP","Cplx2",179.78,1000,780
"Plekhm3",1.5975459671086e-06,1.25816590477474,0.661115234878923,0.416166499342687,0.999999999995571,"PEP","Cplx2",179.78,1000,780
"Calm2",1.59662672903686e-06,1.25781171109269,0.660354633979052,0.416434772071287,0.999999999995571,"PEP","Cplx2",179.78,1000,780
"Sept5",1.56016649374266e-06,1.24362273851677,0.630539549695506,0.427157472601006,0.999999999995571,"PEP","Cplx2",179.78,1000,780
"Mrfap1",1.55779772515047e-06,1.24269127871327,0.628626332824514,0.427859632119395,0.999999999995571,"PEP","Cplx2",179.78,1000,780
"Atp1a1",1.55051875335928e-06,1.23982152186684,0.622765414004861,0.430021493467021,0.999999999995571,"PEP","Cplx2",179.78,1000,780
"Prkce",1.54535886248294e-06,1.23778034188542,0.618627373475244,0.431557820299302,0.999999999995571,"PEP","Cplx2",179.78,1000,780
"Ccdc47",1.52830740428975e-06,1.23099396536594,0.605050846895837,0.436657362504243,0.999999999995571,"PEP","Cplx2",179.78,1000,780
"Eif4g2",1.52046246254461e-06,1.22785029587034,0.598855226438144,0.439015142688441,0.999999999995571,"PEP","Cplx2",179.78,1000,780
"Ppp3ca",1.51351032517845e-06,1.22505296312739,0.593391355092943,0.44111069103965,0.999999999995571,"PEP","Cplx2",179.78,1000,780
"Ywhae",1.49533982981177e-06,1.21769028104335,0.57922892543287,0.446614716340237,0.999999999995571,"PEP","Cplx2",179.78,1000,780
"Gnaq",1.49160836899322e-06,1.21616897951132,0.576341724459344,0.44774983129586,0.999999999995571,"PEP","Cplx2",179.78,1000,780
"Rbms1",1.47833552049386e-06,1.21073159654477,0.566130382494045,0.451800709713075,0.999999999995571,"PEP","Cplx2",179.78,1000,780
"Tuba1b",1.44650716074322e-06,1.19752333230337,0.54201538569523,0.461598683407649,0.999999999995571,"PEP","Cplx2",179.78,1000,780
"Tmem233",1.43967685426678e-06,1.19465701940837,0.536908752702161,0.463716670588803,0.999999999995571,"PEP","Cplx2",179.78,1000,780
"H3f3a",1.43196064130288e-06,1.1914051347516,0.531168853582002,0.466115863341845,0.999999999995571,"PEP","Cplx2",179.78,1000,780
"U2af2",1.41248156717923e-06,1.18312985655152,0.516816079018582,0.472203021164549,0.999999999995571,"PEP","Cplx2",179.78,1000,780
"Vps35",1.40414651614163e-06,1.17955950543533,0.510734614077781,0.474821020090332,0.999999999995571,"PEP","Cplx2",179.78,1000,780
"Spag9",1.38367055361084e-06,1.1707121987618,0.495947649316277,0.481286122205066,0.999999999995571,"PEP","Cplx2",179.78,1000,780
"Parm1",1.35599537114977e-06,1.15857739991555,0.476306877966585,0.49009992857572,0.999999999995571,"PEP","Cplx2",179.78,1000,780
"Eif4a2",1.35165298150124e-06,1.15665449588439,0.473261147338954,0.491490701579241,0.999999999995571,"PEP","Cplx2",179.78,1000,780
"Nisch",1.33161709428442e-06,1.14771423864527,0.459334601770358,0.497935112177753,0.999999999995571,"PEP","Cplx2",179.78,1000,780
"Tmem184b",1.33084847382971e-06,1.14736902108609,0.458804491306701,0.498183226331877,0.999999999995571,"PEP","Cplx2",179.78,1000,780
"Scd2",1.32928482726656e-06,1.14666620779026,0.457727003328304,0.498688181429717,0.999999999995571,"PEP","Cplx2",179.78,1000,780
"Fam189b",1.32369691401747e-06,1.1441489034845,0.453886798803181,0.500494931517768,0.999999999995571,"PEP","Cplx2",179.78,1000,780
"Kcnb2",1.32144311914466e-06,1.14313105695718,0.452342492322976,0.501224636196301,0.999999999995571,"PEP","Cplx2",179.78,1000,780
"Dnajc5",1.31512381542914e-06,1.14026935375249,0.448026521810891,0.503273620562071,0.999999999995571,"PEP","Cplx2",179.78,1000,780
"Atp5d",1.29394478875959e-06,1.13059323321853,0.433712491422753,0.510172885352033,0.999999999995571,"PEP","Cplx2",179.78,1000,780
"Agap1",1.28653932337479e-06,1.1271784055686,0.428762277303158,0.512596905660008,0.999999999995571,"PEP","Cplx2",179.78,1000,780
"Uhmk1",1.27938753389088e-06,1.12386481047556,0.424008602881804,0.514943576425935,0.999999999995571,"PEP","Cplx2",179.78,1000,780
"Rufy3",1.26307834880592e-06,1.11624965196551,0.413267278455741,0.52031580502002,0.999999999995571,"PEP","Cplx2",179.78,1000,780
"Pde11a",1.26191851666755e-06,1.11570495124541,0.41250865473037,0.520698949834372,0.999999999995571,"PEP","Cplx2",179.78,1000,780
"Olfm1",1.24280558157887e-06,1.10666754192627,0.400107625879949,0.527033679623235,0.999999999995571,"PEP","Cplx2",179.78,1000,780
"Susd2",1.24171896685239e-06,1.10615023765618,0.399408284352823,0.527395001738261,0.999999999995571,"PEP","Cplx2",179.78,1000,780
"Nrn1",1.23170881858317e-06,1.10136669785002,0.392994561576998,0.530729518238522,0.999999999995571,"PEP","Cplx2",179.78,1000,780
"Rpl21",1.22837803880181e-06,1.09976776405228,0.390871968226391,0.531841414059356,0.999999999995571,"PEP","Cplx2",179.78,1000,780
"Cend1",1.22591207293023e-06,1.09858162928589,0.389304194441601,0.532665373549504,0.999999999995571,"PEP","Cplx2",179.78,1000,780
"Bcam",1.20927799996104e-06,1.09052771327068,0.378811140491726,0.538240181521689,0.999999999995571,"PEP","Cplx2",179.78,1000,780
"Snrpn",1.19145189876055e-06,1.08179244098493,0.367725262162957,0.544246813496852,0.999999999995571,"PEP","Cplx2",179.78,1000,780
"Lasp1",1.18531513611893e-06,1.07875979577019,0.36394696266973,0.546322322979835,0.999999999995571,"PEP","Cplx2",179.78,1000,780
"Add2",1.17671957661419e-06,1.07448977067087,0.358687627292813,0.549235998573676,0.999999999995571,"PEP","Cplx2",179.78,1000,780
"Avil",1.14478415191292e-06,1.05839159140287,0.33948270649533,0.560127965803995,0.999999999995571,"PEP","Cplx2",179.78,1000,780
"Elovl5",1.13275571317209e-06,1.05223010687481,0.332386182313808,0.564257384199582,0.999999999995571,"PEP","Cplx2",179.78,1000,780
"Mtch1",1.1146574476164e-06,1.04285479693302,0.321849829253016,0.570498080347132,0.999999999995571,"PEP","Cplx2",179.78,1000,780
"Msn",1.10535867173009e-06,1.03798788524904,0.316502310116768,0.573717249508906,0.999999999995571,"PEP","Cplx2",179.78,1000,780
"Rab3c",1.09704999210241e-06,1.03360993722093,0.311762069807198,0.57660091649124,0.999999999995571,"PEP","Cplx2",179.78,1000,780
"Jph3",1.09108810222533e-06,1.03045130948364,0.308382751386167,0.578674293350844,0.999999999995571,"PEP","Cplx2",179.78,1000,780
"Pitpnc1",1.08981873012068e-06,1.0297769167325,0.307665623679554,0.579116197059133,0.999999999995571,"PEP","Cplx2",179.78,1000,780
"Syngr1",1.08932609334472e-06,1.02951501025291,0.30738753496661,0.579287740281815,0.999999999995571,"PEP","Cplx2",179.78,1000,780
"Dnajb14",1.08755865978516e-06,1.02857454671971,0.306390870503514,0.579903382321008,0.999999999995571,"PEP","Cplx2",179.78,1000,780
"Klhdc2",1.08261692951691e-06,1.02593817314118,0.303612793050133,0.58162633867236,0.999999999995571,"PEP","Cplx2",179.78,1000,780
"Idh1",1.08243544572991e-06,1.02584116028552,0.303511009714641,0.58168965933995,0.999999999995571,"PEP","Cplx2",179.78,1000,780
"Mal2",1.05884635844058e-06,1.01311338521501,0.290426561797584,0.589947309068025,0.999999999995571,"PEP","Cplx2",179.78,1000,780
"Mapre1",1.04571945878437e-06,1.00592688233997,0.283270153402711,0.594565809239411,0.999999999995571,"PEP","Cplx2",179.78,1000,780
"Kcnab2",1.04053304304874e-06,1.00306656366437,0.28046727255789,0.596395113228934,0.999999999995571,"PEP","Cplx2",179.78,1000,780
"Vdac1",1.03831176783298e-06,1.00183785370411,0.279271097122543,0.597179363871547,0.999999999995571,"PEP","Cplx2",179.78,1000,780
"Snhg11",1.03285815280638e-06,0.998811745734609,0.276345121882795,0.599106821375344,0.999999999995571,"PEP","Cplx2",179.78,1000,780
"Ddx5",1.020028736256e-06,0.991639549868748,0.269522640392411,0.603652168980744,0.999999999995571,"PEP","Cplx2",179.78,1000,780
"Ngfr",1.0078363264628e-06,0.984752740165348,0.263117936691181,0.607986136930665,0.999999999995571,"PEP","Cplx2",179.78,1000,780
"Ehd3",1.00120688897387e-06,0.980978655437631,0.259667799240116,0.610348473030045,0.999999999995571,"PEP","Cplx2",179.78,1000,780
"Map1lc3a",9.95533028859123e-07,0.977731828638148,0.256733052942567,0.612373527623605,0.999999999995571,"PEP","Cplx2",179.78,1000,780
"Ncam1",9.89062682462484e-07,0.974010151150742,0.253406687049019,0.614686473853313,0.999999999995571,"PEP","Cplx2",179.78,1000,780
"Capn5",9.87061323395168e-07,0.972854839484876,0.252382192514285,0.615402674990911,0.999999999995571,"PEP","Cplx2",179.78,1000,780
"Grina",9.85067860240832e-07,0.971702123813946,0.251363802782963,0.616116414946061,0.999999999995571,"PEP","Cplx2",179.78,1000,780
"Mapk3",9.77466952211734e-07,0.967288817779705,0.247499658931365,0.618841173066258,0.999999999995571,"PEP","Cplx2",179.78,1000,780
"Akr1a1",9.57997142178213e-07,0.955850868790974,0.237738142898892,0.625844541188051,0.999999999995571,"PEP","Cplx2",179.78,1000,780
"Rps11",9.52251639970205e-07,0.952438165416649,0.234895067573531,0.627917726503373,0.999999999995571,"PEP","Cplx2",179.78,1000,780
"Cacnb3",9.41006942427512e-07,0.945708590810444,0.229380288087664,0.631983716688892,0.999999999995571,"PEP","Cplx2",179.78,1000,780
"H3f3b",9.29999196874826e-07,0.939054928352226,0.224045170037185,0.635974837593118,0.999999999995571,"PEP","Cplx2",179.78,1000,780
"Ssbp3",9.28858410305199e-07,0.938361591018441,0.223495855665586,0.636389064727704,0.999999999995571,"PEP","Cplx2",179.78,1000,780
"Atp2b4",9.24882814478295e-07,0.935939722378696,0.22158678601693,0.637833517802808,0.999999999995571,"PEP","Cplx2",179.78,1000,780
"Pgam1",9.19441522979329e-07,0.932610729962974,0.218987166861633,0.639812732340598,0.999999999995571,"PEP","Cplx2",179.78,1000,780
"Fnbp1",9.13877563736872e-07,0.929189494564701,0.216344804109456,0.641839220051947,0.999999999995571,"PEP","Cplx2",179.78,1000,780
"Actr3",9.13240777528825e-07,0.928796822218935,0.21604341277276,0.642071318897087,0.999999999995571,"PEP","Cplx2",179.78,1000,780
"Eif5",9.10162550750765e-07,0.926895386188979,0.214589448303036,0.643193778248127,0.999999999995571,"PEP","Cplx2",179.78,1000,780
"Arf3",9.07873994196752e-07,0.925478221623429,0.213511656945714,0.644028816744237,0.999999999995571,"PEP","Cplx2",179.78,1000,780
"Abhd2",9.06412761933045e-07,0.924571795016819,0.212824911762594,0.64456221998628,0.999999999995571,"PEP","Cplx2",179.78,1000,780
"Zdhhc17",8.96532413536436e-07,0.918410363455401,0.208210405727232,0.648173700055298,0.999999999995571,"PEP","Cplx2",179.78,1000,780
"Tmem65",8.9650867379595e-07,0.918395490547538,0.208199379253495,0.64818238746153,0.999999999995571,"PEP","Cplx2",179.78,1000,780
"Arhgdia",8.94947017716032e-07,0.91741638657492,0.207474673171145,0.648753970674922,0.999999999995571,"PEP","Cplx2",179.78,1000,780
"Gde1",8.92290955582733e-07,0.915747819796429,0.206244996164476,0.649726593689471,0.999999999995571,"PEP","Cplx2",179.78,1000,780
"Atg12",8.8552421269535e-07,0.911477906114495,0.203128714379307,0.65220720227989,0.999999999995571,"PEP","Cplx2",179.78,1000,780
"Gclm",8.75011091947109e-07,0.904789164309627,0.198334175663487,0.656068824583145,0.999999999995571,"PEP","Cplx2",179.78,1000,780
"Ttl",8.67886322849694e-07,0.900217621955144,0.195117457149683,0.658691098948637,0.999999999995571,"PEP","Cplx2",179.78,1000,780
"Ctsl",8.58333527065559e-07,0.894038321615062,0.190845793601253,0.662213601246897,0.999999999995571,"PEP","Cplx2",179.78,1000,780
"Slc7a14",8.46476575595248e-07,0.886287518441805,0.185609554234051,0.66659614888159,0.999999999995571,"PEP","Cplx2",179.78,1000,780
"Reep1",8.40775540208064e-07,0.882528207918367,0.183117806012396,0.668707426218904,0.999999999995571,"PEP","Cplx2",179.78,1000,780
"Fkbp4",8.3724416186844e-07,0.880188810669481,0.181582794123967,0.670016526128233,0.999999999995571,"PEP","Cplx2",179.78,1000,780
"Slc25a4",8.35796209156388e-07,0.879227197943467,0.180955268826465,0.670553579702088,0.999999999995571,"PEP","Cplx2",179.78,1000,780
"Rpl7",8.35179724874099e-07,0.878817353378378,0.180688421631279,0.670782288214124,0.999999999995571,"PEP","Cplx2",179.78,1000,780
"Reep5",8.34720343815127e-07,0.878511786889907,0.180489705096214,0.670952733090506,0.999999999995571,"PEP","Cplx2",179.78,1000,780
"Arl8a",8.20451674781043e-07,0.868949466448991,0.174371880247934,0.676255251882571,0.999999999995571,"PEP","Cplx2",179.78,1000,780
"Serinc1",8.16749665223545e-07,0.866445659693818,0.172801842602139,0.677633632152917,0.999999999995571,"PEP","Cplx2",179.78,1000,780
"Ensa",8.1578856757838e-07,0.865794071713216,0.172395398044271,0.677991657264918,0.999999999995571,"PEP","Cplx2",179.78,1000,780
"Tprgl",8.10113559929662e-07,0.861933403170822,0.170005214294817,0.680107173612801,0.999999999995571,"PEP","Cplx2",179.78,1000,780
"BC031181",8.09319493665403e-07,0.861391391003451,0.169672102367224,0.680403385195571,0.999999999995571,"PEP","Cplx2",179.78,1000,780
"Hk1",8.03604597347452e-07,0.857477268005692,0.167284331093082,0.682536672695498,0.999999999995571,"PEP","Cplx2",179.78,1000,780
"Adcyap1",8.00674669723938e-07,0.855461471007287,0.166066723627971,0.683631357600578,0.999999999995571,"PEP","Cplx2",179.78,1000,780
"Ppp2r1a",7.821656671063e-07,0.842581744026361,0.15847761857062,0.69056202113964,0.999999999995571,"PEP","Cplx2",179.78,1000,780
"Fxyd2",7.77034845995036e-07,0.83896599784881,0.156405286820469,0.692487879942736,0.999999999995571,"PEP","Cplx2",179.78,1000,780
"Wbscr17",7.70389935775573e-07,0.834253265966654,0.153741686220484,0.69498500943953,0.999999999995571,"PEP","Cplx2",179.78,1000,780
"Tgoln1",7.62733824881434e-07,0.828780748625003,0.150701110182577,0.697866250736555,0.999999999995571,"PEP","Cplx2",179.78,1000,780
"Gsk3b",7.58943573706931e-07,0.826054379225904,0.149207074328304,0.699294260902796,0.999999999995571,"PEP","Cplx2",179.78,1000,780
"Rbms3",7.56753450481251e-07,0.824473770017695,0.148347167519856,0.700119894464723,0.999999999995571,"PEP","Cplx2",179.78,1000,780
"Sgpp2",7.50137058556882e-07,0.819675225163865,0.145764471107505,0.702616294493678,0.999999999995571,"PEP","Cplx2",179.78,1000,780
"Cnih1",7.48593053988157e-07,0.818550308998353,0.145165035616013,0.703199318739862,0.999999999995571,"PEP","Cplx2",179.78,1000,780
"Sult4a1",7.46457137463211e-07,0.816990918931134,0.144337835688845,0.704006139803226,0.999999999995571,"PEP","Cplx2",179.78,1000,780
"Gng2",7.40060046448727e-07,0.812297951392788,0.141874503950656,0.706424567521325,0.999999999995571,"PEP","Cplx2",179.78,1000,780
"mt-Nd1",7.3908097118386e-07,0.811576681596965,0.141499361597627,0.706794970476359,0.999999999995571,"PEP","Cplx2",179.78,1000,780
"Smim14",7.3391636168364e-07,0.807758626268187,0.139528709821538,0.708749988669061,0.999999999995571,"PEP","Cplx2",179.78,1000,780
"Asb1",7.28870553936392e-07,0.804006490908707,0.137616734840556,0.710661890332394,0.999999999995571,"PEP","Cplx2",179.78,1000,780
"Prkacb",7.15408966099133e-07,0.793888186728634,0.132580360749207,0.715771492730247,0.999999999995571,"PEP","Cplx2",179.78,1000,780
"Kif3c",7.13520889303933e-07,0.792456236323149,0.131881483337719,0.716489173635302,0.999999999995571,"PEP","Cplx2",179.78,1000,780
"Tubb2a",7.04224922478691e-07,0.785359145988138,0.128467484436642,0.720026325277081,0.999999999995571,"PEP","Cplx2",179.78,1000,780
"Epm2aip1",7.02761879012777e-07,0.784234998226488,0.127934250610853,0.720583567564716,0.999999999995571,"PEP","Cplx2",179.78,1000,780
"Rtn1",6.99500603772319e-07,0.781722048525065,0.126749608390087,0.721826252093932,0.999999999995571,"PEP","Cplx2",179.78,1000,780
"Il6st",6.95215634118351e-07,0.778405263177692,0.125201490438618,0.723460123872925,0.999999999995571,"PEP","Cplx2",179.78,1000,780
"Anxa5",6.94448555612095e-07,0.777809689988029,0.124925356289202,0.723752746512361,0.999999999995571,"PEP","Cplx2",179.78,1000,780
"mt-Nd4",6.87373854094441e-07,0.772290500629391,0.122392965110407,0.726453479538268,0.999999999995571,"PEP","Cplx2",179.78,1000,780
"S1pr3",6.83987820460363e-07,0.769632014191204,0.121190108900587,0.727747287938152,0.999999999995571,"PEP","Cplx2",179.78,1000,780
"Serf2",6.75460461572483e-07,0.762887487761163,0.118187161878851,0.731009036561956,0.999999999995571,"PEP","Cplx2",179.78,1000,780
"Rhoq",6.74439014190287e-07,0.76207479635819,0.11782998127493,0.731400071943853,0.999999999995571,"PEP","Cplx2",179.78,1000,780
"Gna13",6.74418862862738e-07,0.762058752992613,0.117822940178477,0.731407787073925,0.999999999995571,"PEP","Cplx2",179.78,1000,780
"Hdgf",6.65623542859307e-07,0.755017571009723,0.114769843014245,0.734777743247643,0.999999999995571,"PEP","Cplx2",179.78,1000,780
"Dnajc6",6.63164657697547e-07,0.753035080121478,0.113923464854768,0.73572079065752,0.999999999995571,"PEP","Cplx2",179.78,1000,780
"mt-Co3",6.62535198682049e-07,0.752526580329821,0.113707300985141,0.735962268922395,0.999999999995571,"PEP","Cplx2",179.78,1000,780
"Atp8a1",6.62036263329176e-07,0.752123233251474,0.1135361063659,0.736153693158008,0.999999999995571,"PEP","Cplx2",179.78,1000,780
"Napb",6.4711264892098e-07,0.739938805865122,0.108475139344012,0.741886891140054,0.999999999995571,"PEP","Cplx2",179.78,1000,780
"Mtmr6",6.4561416874971e-07,0.738702337832224,0.107973342185581,0.74246335980888,0.999999999995571,"PEP","Cplx2",179.78,1000,780
"Sod1",6.41351581807077e-07,0.735171813559605,0.106552287868071,0.744103975595917,0.999999999995571,"PEP","Cplx2",179.78,1000,780
"Cdk14",6.36776618168038e-07,0.731360514063105,0.105037567370096,0.745866114167431,0.999999999995571,"PEP","Cplx2",179.78,1000,780
"Nedd8",6.29799694814158e-07,0.725503574006182,0.10274846216669,0.74855597388691,0.999999999995571,"PEP","Cplx2",179.78,1000,780
"Elavl3",6.24066785382001e-07,0.720649927151574,0.10088638869808,0.750768514812256,0.999999999995571,"PEP","Cplx2",179.78,1000,780
"Diablo",6.23280290899606e-07,0.71998113312663,0.10063226016332,0.751072212410866,0.999999999995571,"PEP","Cplx2",179.78,1000,780
"Fkbp8",6.18858119070535e-07,0.716207465958338,0.0992093547097568,0.752780510123474,0.999999999995571,"PEP","Cplx2",179.78,1000,780
"Eef1a2",6.1701299769026e-07,0.714626213861842,0.0986186525447109,0.753493644468173,0.999999999995571,"PEP","Cplx2",179.78,1000,780
"Tcf25",6.13384918286587e-07,0.711505338584402,0.0974622932139941,0.754896500085706,0.999999999995571,"PEP","Cplx2",179.78,1000,780
"Tnk2",6.10767697301898e-07,0.709244341254733,0.0966323537854015,0.755908993445024,0.999999999995571,"PEP","Cplx2",179.78,1000,780
"Itgb1",6.08626186709661e-07,0.707388231149399,0.0959559053788492,0.756737766357549,0.999999999995571,"PEP","Cplx2",179.78,1000,780
"Gabarap",6.02940623753678e-07,0.702433575923743,0.0941715092210276,0.758939456760804,0.999999999995571,"PEP","Cplx2",179.78,1000,780
"Celf2",6.00281927760039e-07,0.700103160039265,0.0933428326065569,0.759969688488144,0.999999999995571,"PEP","Cplx2",179.78,1000,780
"Utrn",5.88140160525296e-07,0.68934884066369,0.0896049723843618,0.764679953296171,0.999999999995571,"PEP","Cplx2",179.78,1000,780
"Rps17",5.84394581916628e-07,0.685993551653597,0.0884673056099327,0.766134777046555,0.999999999995571,"PEP","Cplx2",179.78,1000,780
"Rgs7bp",5.80548033868235e-07,0.682528918542255,0.0873065357218627,0.767629677195203,0.999999999995571,"PEP","Cplx2",179.78,1000,780
"Prnp",5.80404499466555e-07,0.682399261749663,0.0872633698113888,0.767685476347057,0.999999999995571,"PEP","Cplx2",179.78,1000,780
"Scn9a",5.76776552943159e-07,0.679113085160157,0.0861758613877487,0.769096243570965,0.999999999995571,"PEP","Cplx2",179.78,1000,780
"Fbxw11",5.75137839810976e-07,0.677623038531188,0.0856868785939818,0.76973372638531,0.999999999995571,"PEP","Cplx2",179.78,1000,780
"Slc9a9",5.74829120061261e-07,0.677341926301131,0.0855949140937768,0.769853840214109,0.999999999995571,"PEP","Cplx2",179.78,1000,780
"Cd47",5.64608266113453e-07,0.667962536094237,0.0825781032095582,0.773833576826846,0.999999999995571,"PEP","Cplx2",179.78,1000,780
"Phkg1",5.59694336370807e-07,0.663402185175919,0.0811469616367534,0.775749059537316,0.999999999995571,"PEP","Cplx2",179.78,1000,780
"Slc17a6",5.51669400973276e-07,0.655881688793818,0.0788366625531526,0.778880163244757,0.999999999995571,"PEP","Cplx2",179.78,1000,780
"Eef1a1",5.48789133621275e-07,0.653160003535255,0.0780155987180691,0.78000484110387,0.999999999995571,"PEP","Cplx2",179.78,1000,780
"Lhfpl4",5.47364059198117e-07,0.651808941649821,0.0776109490042694,0.780561470205713,0.999999999995571,"PEP","Cplx2",179.78,1000,780
"Prkaca",5.45068145522641e-07,0.649626027002847,0.0769612376024149,0.781458482561464,0.999999999995571,"PEP","Cplx2",179.78,1000,780
"Nudt3",5.42974453677648e-07,0.647628622971698,0.0763711328672803,0.7822767405132,0.999999999995571,"PEP","Cplx2",179.78,1000,780
"Ctxn1",5.41567479943093e-07,0.646282709549192,0.0759758547452986,0.782826750311257,0.999999999995571,"PEP","Cplx2",179.78,1000,780
"Marcks",5.38748017042694e-07,0.643576722952355,0.0751868358037644,0.783929252504223,0.999999999995571,"PEP","Cplx2",179.78,1000,780
"Bsg",5.27502015236287e-07,0.632663311957686,0.072080648465365,0.788331103072009,0.999999999995571,"PEP","Cplx2",179.78,1000,780
"Derl1",5.19558641906978e-07,0.624836208067813,0.0699261447137735,0.791444343604987,0.999999999995571,"PEP","Cplx2",179.78,1000,780
"Selenow",5.18087054118814e-07,0.623375113242615,0.06953059078441,0.792021468959657,0.999999999995571,"PEP","Cplx2",179.78,1000,780
"Chmp4b",5.08741747539903e-07,0.61401402986405,0.0670448145370316,0.795689146912532,0.999999999995571,"PEP","Cplx2",179.78,1000,780
"Rad21",5.03192624428544e-07,0.608386820554361,0.0655902026022377,0.797869110679074,0.999999999995571,"PEP","Cplx2",179.78,1000,780
"Jun",5.02916369400906e-07,0.608105315434873,0.0655182037354988,0.797977678359191,0.999999999995571,"PEP","Cplx2",179.78,1000,780
"Rpl4",5.01085851331774e-07,0.606236713178569,0.0650421246177744,0.798697166973876,0.999999999995571,"PEP","Cplx2",179.78,1000,780
"Paip2",4.97194204314373e-07,0.602244926640465,0.0640357578777294,0.80022735365028,0.999999999995571,"PEP","Cplx2",179.78,1000,780
"Aqp1",4.96065296273591e-07,0.601082048447821,0.0637452942661655,0.800671381497877,0.999999999995571,"PEP","Cplx2",179.78,1000,780
"Capzb",4.95315608780771e-07,0.600308570406953,0.0635527674388672,0.800966287994815,0.999999999995571,"PEP","Cplx2",179.78,1000,780
"Clcn3",4.93507342718374e-07,0.598438857517779,0.0630895858282332,0.801677726923356,0.999999999995571,"PEP","Cplx2",179.78,1000,780
"Lpin1",4.92530277143852e-07,0.597426188930628,0.0628400185541974,0.802062209238786,0.999999999995571,"PEP","Cplx2",179.78,1000,780
"Adgrl1",4.89854205389484e-07,0.594643919752381,0.0621590145165951,0.803115507838164,0.999999999995571,"PEP","Cplx2",179.78,1000,780
"Fbxo11",4.85772669517743e-07,0.590375670609617,0.061127494139569,0.804722683684961,0.999999999995571,"PEP","Cplx2",179.78,1000,780
"Pafah1b1",4.85586385225139e-07,0.590180145176858,0.0610806207382617,0.8047960561214,0.999999999995571,"PEP","Cplx2",179.78,1000,780
"Cttn",4.83385599065494e-07,0.587865390294622,0.0605282133155587,0.805663017323376,0.999999999995571,"PEP","Cplx2",179.78,1000,780
"Ptprt",4.80049930616378e-07,0.58434001154761,0.0596957291643348,0.80697750075607,0.999999999995571,"PEP","Cplx2",179.78,1000,780
"S100a10",4.77592094011156e-07,0.581729170214199,0.0590860144964231,0.807946407063838,0.999999999995571,"PEP","Cplx2",179.78,1000,780
"Calm3",4.63608766375393e-07,0.566656387700662,0.0556767296524817,0.813464353666407,0.999999999995571,"PEP","Cplx2",179.78,1000,780
"Ghitm",4.62887910489277e-07,0.565869045491872,0.0555037230196142,0.813749063502061,0.999999999995571,"PEP","Cplx2",179.78,1000,780
"Nkain3",4.60081667160651e-07,0.56279411095393,0.0548327838435502,0.814857653736623,0.999999999995571,"PEP","Cplx2",179.78,1000,780
"Ctnnd2",4.57933617045585e-07,0.560429703505354,0.0543219675280753,0.81570647921763,0.999999999995571,"PEP","Cplx2",179.78,1000,780
"Tm9sf2",4.53725958876154e-07,0.555771052760708,0.0533282943038648,0.817369807312409,0.999999999995571,"PEP","Cplx2",179.78,1000,780
"Clcn4",4.53442408390465e-07,0.555455804063402,0.0532616614012032,0.817481927242885,0.999999999995571,"PEP","Cplx2",179.78,1000,780
"Aldoa",4.50377295568584e-07,0.552037405273673,0.0525440345028912,0.81869415473363,0.999999999995571,"PEP","Cplx2",179.78,1000,780
"Hnrnpa3",4.49907694645744e-07,0.551511948995518,0.0524345180447082,0.81887991649622,0.999999999995571,"PEP","Cplx2",179.78,1000,780
"Bmpr2",4.47213291572077e-07,0.548488112103325,0.0518083599198438,0.819945947631769,0.999999999995571,"PEP","Cplx2",179.78,1000,780
"Dync1li2",4.45738073827847e-07,0.546826022469811,0.0514671242894843,0.820529753473195,0.999999999995571,"PEP","Cplx2",179.78,1000,780
"Fez1",4.42881585539692e-07,0.543594482807671,0.0508095893972647,0.821660468734787,0.999999999995571,"PEP","Cplx2",179.78,1000,780
"Klc1",4.40918839778055e-07,0.541363846987704,0.0503602353131758,0.822437618986464,0.999999999995571,"PEP","Cplx2",179.78,1000,780
"Srgap3",4.32922959935458e-07,0.532189339499013,0.048550273079387,0.82560538490703,0.999999999995571,"PEP","Cplx2",179.78,1000,780
"Etnk1",4.30381053735404e-07,0.529242860787937,0.0479818211834777,0.82661302171717,0.999999999995571,"PEP","Cplx2",179.78,1000,780
"Mbnl1",4.30313805319911e-07,0.529164710332209,0.0479668277290593,0.826639683540401,0.999999999995571,"PEP","Cplx2",179.78,1000,780
"Cdipt",4.26646781665068e-07,0.524887555955644,0.0471527891289629,0.828093841685565,0.999999999995571,"PEP","Cplx2",179.78,1000,780
"Stxbp1",4.25838841195096e-07,0.523941029428337,0.0469743718692563,0.828414309872345,0.999999999995571,"PEP","Cplx2",179.78,1000,780
"Myl6",4.25748516152145e-07,0.523835116994364,0.0469544464338235,0.828450138920098,0.999999999995571,"PEP","Cplx2",179.78,1000,780
"Hsp90ab1",4.24117700381117e-07,0.521919609911583,0.0465954204282648,0.829097092561091,0.999999999995571,"PEP","Cplx2",179.78,1000,780
"Fam174a",4.23753953013862e-07,0.521491517644573,0.0465155289580579,0.829241408981415,0.999999999995571,"PEP","Cplx2",179.78,1000,780
"Prkar1b",4.19949809065683e-07,0.516995806715434,0.0456841148940436,0.830751043830642,0.999999999995571,"PEP","Cplx2",179.78,1000,780
"Dynll2",4.16832508655895e-07,0.51328617282295,0.0450084029590376,0.831988578047517,0.999999999995571,"PEP","Cplx2",179.78,1000,780
"Zwint",4.12745799697734e-07,0.508387386733082,0.0441301865724743,0.833611587508171,0.999999999995571,"PEP","Cplx2",179.78,1000,780
"Stmn3",4.12021846374225e-07,0.50751532145441,0.0439755142448523,0.833899174936455,0.999999999995571,"PEP","Cplx2",179.78,1000,780
"Dusp26",4.08055020886963e-07,0.502713905271232,0.0431328237501014,0.835475373251675,0.999999999995571,"PEP","Cplx2",179.78,1000,780
"Gnai2",4.02957607375985e-07,0.49648600779595,0.042061926209418,0.837501774726981,0.999999999995571,"PEP","Cplx2",179.78,1000,780
"Actb",4.01694654073355e-07,0.494932715092955,0.0417986776714119,0.838004010380313,0.999999999995571,"PEP","Cplx2",179.78,1000,780
"Kcnc4",3.99059529935066e-07,0.491678520731486,0.0412520762777992,0.839052126271233,0.999999999995571,"PEP","Cplx2",179.78,1000,780
"Rsrp1",3.98558072092778e-07,0.491057207540583,0.0411484667734838,0.839251612621928,0.999999999995571,"PEP","Cplx2",179.78,1000,780
"Tm9sf3",3.9786066556938e-07,0.490192016257297,0.0410045876069127,0.839529067034651,0.999999999995571,"PEP","Cplx2",179.78,1000,780
"Map7d2",3.90593641545307e-07,0.4810998626822,0.0395203495442314,0.842421341463515,0.999999999995571,"PEP","Cplx2",179.78,1000,780
"Stmn2",3.88599100764666e-07,0.478579492632476,0.0391177639245185,0.843215542070443,0.999999999995571,"PEP","Cplx2",179.78,1000,780
"Peg3",3.88549159718412e-07,0.478516245789927,0.0391077100848631,0.843235430005561,0.999999999995571,"PEP","Cplx2",179.78,1000,780
"Psap",3.88304521353012e-07,0.478206329503107,0.0390584795864044,0.843332853356091,0.999999999995571,"PEP","Cplx2",179.78,1000,780
"Prkar2a",3.87558370387028e-07,0.47726006353662,0.0389085172751822,0.84363001094963,0.999999999995571,"PEP","Cplx2",179.78,1000,780
"Cplx1",3.86792882367877e-07,0.476287679236943,0.0387549683283799,0.84393489273468,0.999999999995571,"PEP","Cplx2",179.78,1000,780
"Ago2",3.8604310962271e-07,0.475333685965568,0.0386048660004359,0.844233538044357,0.999999999995571,"PEP","Cplx2",179.78,1000,780
"Jak1",3.86028467579367e-07,0.475315040250341,0.0386019376051998,0.844239370404679,0.999999999995571,"PEP","Cplx2",179.78,1000,780
"Nrsn1",3.81591025467372e-07,0.469636611841209,0.0377195708555947,0.84600732727907,0.999999999995571,"PEP","Cplx2",179.78,1000,780
"Pkm",3.81012176992526e-07,0.468891787781705,0.0376052214380321,0.846238008314459,0.999999999995571,"PEP","Cplx2",179.78,1000,780
"Npepps",3.79460986419015e-07,0.4668911108024,0.0372996452644163,0.846856249265114,0.999999999995571,"PEP","Cplx2",179.78,1000,780
"Ociad1",3.79125281983362e-07,0.46645722371154,0.0372336773892759,0.846990059708234,0.999999999995571,"PEP","Cplx2",179.78,1000,780
"Ctbp1",3.78585706420174e-07,0.46575916162753,0.0371277699915551,0.847205141608481,0.999999999995571,"PEP","Cplx2",179.78,1000,780
"Dopey2",3.69942222846515e-07,0.454461110541217,0.0354517960597895,0.850652088393854,0.999999999995571,"PEP","Cplx2",179.78,1000,780
"Prdx2",3.67217929590814e-07,0.450854077176057,0.0349315771372605,0.851739108130015,0.999999999995571,"PEP","Cplx2",179.78,1000,780
"Uba1",3.65814636565927e-07,0.44898728294738,0.034665110970364,0.852299145879624,0.999999999995571,"PEP","Cplx2",179.78,1000,780
"Ldha",3.64686102438432e-07,0.447481620578473,0.0344515579120613,0.852749584627943,0.999999999995571,"PEP","Cplx2",179.78,1000,780
"Timp2",3.62238468224812e-07,0.444202520694241,0.0339906583423391,0.853726688724408,0.999999999995571,"PEP","Cplx2",179.78,1000,780
"1810041L15Rik",3.54973079899567e-07,0.434357983356086,0.032640836211653,0.856628373246217,0.999999999995571,"PEP","Cplx2",179.78,1000,780
"Bean1",3.53874820211151e-07,0.432855122411233,0.0324391721364578,0.857067170967311,0.999999999995571,"PEP","Cplx2",179.78,1000,780
"Pafah1b2",3.5370474784943e-07,0.432622044027851,0.0324079990743192,0.857135125484567,0.999999999995571,"PEP","Cplx2",179.78,1000,780
"Kctd10",3.52091154858282e-07,0.430405963084097,0.0321129844327922,0.857779909151394,0.999999999995571,"PEP","Cplx2",179.78,1000,780
"Tmem255a",3.50696238722558e-07,0.428483308207141,0.0318590377761472,0.858337387138657,0.999999999995571,"PEP","Cplx2",179.78,1000,780
"Arl6ip5",3.49932777026322e-07,0.427428278353497,0.0317204752441135,0.858642534403396,0.999999999995571,"PEP","Cplx2",179.78,1000,780
"Zfand5",3.49601056235754e-07,0.426969268484993,0.0316603645345218,0.858775126148448,0.999999999995571,"PEP","Cplx2",179.78,1000,780
"Clip3",3.49338756743852e-07,0.42660605884719,0.0316128739333125,0.858879972404357,0.999999999995571,"PEP","Cplx2",179.78,1000,780
"Srp54a",3.48344172426936e-07,0.425226755510229,0.0314331234186855,0.859277549873602,0.999999999995571,"PEP","Cplx2",179.78,1000,780
"Rpl12",3.47681317240814e-07,0.424305656544134,0.0313136106680839,0.859542540983089,0.999999999995571,"PEP","Cplx2",179.78,1000,780
"Vat1l",3.44595225183648e-07,0.419997681232085,0.030760185466998,0.860776482769715,0.999999999995571,"PEP","Cplx2",179.78,1000,780
"Hmbox1",3.43356440557776e-07,0.41825928208042,0.03053942354208,0.861271893697301,0.999999999995571,"PEP","Cplx2",179.78,1000,780
"Atl1",3.37508845317128e-07,0.409981300561421,0.0295080667455524,0.863611179778764,0.999999999995571,"PEP","Cplx2",179.78,1000,780
"Runx1",3.36438225568503e-07,0.408452649683205,0.0293211572010802,0.864039603234591,0.999999999995571,"PEP","Cplx2",179.78,1000,780
"Fam8a1",3.35852205395504e-07,0.407614184101748,0.0292191008738793,0.864274124334684,0.999999999995571,"PEP","Cplx2",179.78,1000,780
"Tmbim6",3.35264545580468e-07,0.406772134837427,0.0291169376681953,0.864509313615109,0.999999999995571,"PEP","Cplx2",179.78,1000,780
"Pitpnm2",3.33287671669093e-07,0.403930350340538,0.0287745763085916,0.865300572859356,0.999999999995571,"PEP","Cplx2",179.78,1000,780
"Gars",3.3255453681131e-07,0.402872850737646,0.0286481243297532,0.865594050192911,0.999999999995571,"PEP","Cplx2",179.78,1000,780
"Csnk1a1",3.32392672329902e-07,0.402639107238907,0.0286202432771011,0.865658847805849,0.999999999995571,"PEP","Cplx2",179.78,1000,780
"Tmem59",3.31627491601769e-07,0.401532834481089,0.0284886251429937,0.865965177285499,0.999999999995571,"PEP","Cplx2",179.78,1000,780
"Dynlt3",3.30972498316377e-07,0.400584158765551,0.0283762012262481,0.86622741075006,0.999999999995571,"PEP","Cplx2",179.78,1000,780
"Cds2",3.30574058136352e-07,0.4000062946624,0.0283079211527984,0.866386937680841,0.999999999995571,"PEP","Cplx2",179.78,1000,780
"Sbno1",3.29231011168577e-07,0.398054123353835,0.0280783711579193,0.866924705035641,0.999999999995571,"PEP","Cplx2",179.78,1000,780
"Arl6ip1",3.29125691237346e-07,0.397900753405158,0.0280604096718024,0.866966878633949,0.999999999995571,"PEP","Cplx2",179.78,1000,780
"Rgs3",3.28337522136956e-07,0.396751685248543,0.0279261760520644,0.867282499731077,0.999999999995571,"PEP","Cplx2",179.78,1000,780
"Stat3",3.28023738399694e-07,0.396293575032207,0.027872824898957,0.867408159834715,0.999999999995571,"PEP","Cplx2",179.78,1000,780
"Tmsb10",3.26877017275996e-07,0.394616269745288,0.0276782872141316,0.867867412537335,0.999999999995571,"PEP","Cplx2",179.78,1000,780
"Hmgcs1",3.2660498037327e-07,0.394217635412301,0.0276322369751497,0.867976367706489,0.999999999995571,"PEP","Cplx2",179.78,1000,780
"Adam22",3.24849922259533e-07,0.391639088433665,0.0273360634073209,0.868679356989411,0.999999999995571,"PEP","Cplx2",179.78,1000,780
"Prrc2b",3.22816765806832e-07,0.388637253195059,0.0269949547057847,0.869493868458567,0.999999999995571,"PEP","Cplx2",179.78,1000,780
"Snap47",3.21425279922808e-07,0.386573619494575,0.0267627354072003,0.870051397426458,0.999999999995571,"PEP","Cplx2",179.78,1000,780
"Canx",3.19549815266178e-07,0.383780292111432,0.0264513340661178,0.870802945133917,0.999999999995571,"PEP","Cplx2",179.78,1000,780
"Rpsa",3.18184544239073e-07,0.381738156580826,0.0262257911822716,0.871350118344605,0.999999999995571,"PEP","Cplx2",179.78,1000,780
"Tubb4a",3.16980022002495e-07,0.379930330639935,0.0260276058437075,0.871832917805027,0.999999999995571,"PEP","Cplx2",179.78,1000,780
"Mfn2",3.15323432464476e-07,0.377434542716959,0.0257562676637216,0.872496993917719,0.999999999995571,"PEP","Cplx2",179.78,1000,780
"Nek7",3.1056277805298e-07,0.370200273825953,0.0249844184285237,0.874405893364545,0.999999999995571,"PEP","Cplx2",179.78,1000,780
"Eef2",3.0903919138134e-07,0.367865317337845,0.0247398781552891,0.875016967245055,0.999999999995571,"PEP","Cplx2",179.78,1000,780
"Atp5g3",3.0886986933109e-07,0.367605226667621,0.0247127757072236,0.875084882845712,0.999999999995571,"PEP","Cplx2",179.78,1000,780
"Zbtb20",3.08815017464117e-07,0.367520944571886,0.0247039990562415,0.875106884297385,0.999999999995571,"PEP","Cplx2",179.78,1000,780
"Gabarapl1",3.07463570289585e-07,0.365440400777281,0.0244882511488074,0.875648989271454,0.999999999995571,"PEP","Cplx2",179.78,1000,780
"Tmx4",3.06797380670045e-07,0.364411972125257,0.0243822474040065,0.875916238893351,0.999999999995571,"PEP","Cplx2",179.78,1000,780
"Rnf11",3.04309818460568e-07,0.360555111648239,0.0239884600281949,0.876914277881575,0.999999999995571,"PEP","Cplx2",179.78,1000,780
"Brk1",2.96342524305572e-07,0.348020881351864,0.0227487946681392,0.880112158904162,0.999999999995571,"PEP","Cplx2",179.78,1000,780
"Lrrc8b",2.95463557267814e-07,0.346620763715247,0.0226140466297973,0.880465075977577,0.999999999995571,"PEP","Cplx2",179.78,1000,780
"Rpl5",2.94696209369182e-07,0.345395575899833,0.0224967373561653,0.880773195881299,0.999999999995571,"PEP","Cplx2",179.78,1000,780
"Nsg2",2.9450848715005e-07,0.345095439953491,0.0224680855292944,0.880848576373199,0.999999999995571,"PEP","Cplx2",179.78,1000,780
"Emb",2.93700196432069e-07,0.343801277833357,0.0223449255911754,0.881173160567415,0.999999999995571,"PEP","Cplx2",179.78,1000,780
"Rps5",2.9315372578906e-07,0.342924618519515,0.0222618511771748,0.881392617346372,0.999999999995571,"PEP","Cplx2",179.78,1000,780
"Vapb",2.91610845964394e-07,0.340442052667159,0.0220281377888906,0.882012270521057,0.999999999995571,"PEP","Cplx2",179.78,1000,780
"Dctn1",2.90238928123465e-07,0.338225267665189,0.0218213573690746,0.882563322421053,0.999999999995571,"PEP","Cplx2",179.78,1000,780
"Itm2b",2.87223008714959e-07,0.33332087537559,0.021370215084876,0.883774912291719,0.999999999995571,"PEP","Cplx2",179.78,1000,780
"Rpl35a",2.87156532148868e-07,0.333212285892817,0.0213603241355143,0.88380162109621,0.999999999995571,"PEP","Cplx2",179.78,1000,780
"Grb2",2.85034252659945e-07,0.329734369266258,0.0210457566181756,0.884654375004738,0.999999999995571,"PEP","Cplx2",179.78,1000,780
"Rims3",2.83606552686894e-07,0.327382419363454,0.0208354536456104,0.885228114909383,0.999999999995571,"PEP","Cplx2",179.78,1000,780
"Ip6k1",2.82030776333104e-07,0.324774932918273,0.0206045647317291,0.885861431099846,0.999999999995571,"PEP","Cplx2",179.78,1000,780
"Ube2l3",2.81605767929401e-07,0.324069558480314,0.0205425111148822,0.886032257627451,0.999999999995571,"PEP","Cplx2",179.78,1000,780
"Sri",2.80493301566693e-07,0.322218977383944,0.0203805278331456,0.8864794238782,0.999999999995571,"PEP","Cplx2",179.78,1000,780
"Npdc1",2.80160424883802e-07,0.321664038039799,0.0203321831712842,0.886613233804218,0.999999999995571,"PEP","Cplx2",179.78,1000,780
"Laptm4a",2.75867025944897e-07,0.314456293441196,0.0197137853989044,0.88833938472501,0.999999999995571,"PEP","Cplx2",179.78,1000,780
"Dpysl3",2.75772296243186e-07,0.314296199676263,0.0197002487294323,0.888377476580352,0.999999999995571,"PEP","Cplx2",179.78,1000,780
"Gdi2",2.74236084860731e-07,0.311693508552205,0.0194813764681468,0.88899524000378,0.999999999995571,"PEP","Cplx2",179.78,1000,780
"Itfg1",2.70641535892753e-07,0.305555229258168,0.0189740192843537,0.890440994547777,0.999999999995571,"PEP","Cplx2",179.78,1000,780
"Cpne3",2.69714913488799e-07,0.303961748592888,0.018844315223174,0.890813748289763,0.999999999995571,"PEP","Cplx2",179.78,1000,780
"Cfl1",2.69102274180767e-07,0.302905681203742,0.0187588052563224,0.89106020885263,0.999999999995571,"PEP","Cplx2",179.78,1000,780
"Atp1b1",2.68388079512204e-07,0.30167199460694,0.0186593660344792,0.891347537721566,0.999999999995571,"PEP","Cplx2",179.78,1000,780
"Actg1",2.66421523187619e-07,0.298260662573253,0.0183869228016269,0.892138779950035,0.999999999995571,"PEP","Cplx2",179.78,1000,780
"Bag1",2.64492817238509e-07,0.29489433622868,0.0181216694287039,0.892914897432241,0.999999999995571,"PEP","Cplx2",179.78,1000,780
"Usp14",2.63667557308331e-07,0.293447627285753,0.0180087608312638,0.893247016059752,0.999999999995571,"PEP","Cplx2",179.78,1000,780
"Ptbp3",2.62149547183577e-07,0.290776519443462,0.0178019945026735,0.8938579747795,0.999999999995571,"PEP","Cplx2",179.78,1000,780
"Vdac2",2.58993999217484e-07,0.285182050964103,0.0173760013789004,0.895128200079867,0.999999999995571,"PEP","Cplx2",179.78,1000,780
"Ppp2r2c",2.57242383645487e-07,0.28205180155911,0.0171417631123843,0.895833406713161,0.999999999995571,"PEP","Cplx2",179.78,1000,780
"Ywhaz",2.56423526207536e-07,0.280582291933975,0.0170328050224915,0.89616310988778,0.999999999995571,"PEP","Cplx2",179.78,1000,780
"Atp6v1f",2.56043720430269e-07,0.279899356513081,0.0169823855707481,0.896316040242693,0.999999999995571,"PEP","Cplx2",179.78,1000,780
"Gdi1",2.55291584359568e-07,0.278544406980906,0.0168827595841908,0.896618902281605,0.999999999995571,"PEP","Cplx2",179.78,1000,780
"Atp6v0c",2.54888722767153e-07,0.277817281845395,0.0168295181194717,0.896781128439804,0.999999999995571,"PEP","Cplx2",179.78,1000,780
"Nedd4",2.54385255217227e-07,0.27690721165113,0.0167630989548734,0.896983873132962,0.999999999995571,"PEP","Cplx2",179.78,1000,780
"6330403K07Rik",2.53603463322262e-07,0.275491031251322,0.0166602225758012,0.897298711433403,0.999999999995571,"PEP","Cplx2",179.78,1000,780
"Cd24a",2.52725756910779e-07,0.273896720115851,0.0165451020668794,0.897652195088197,0.999999999995571,"PEP","Cplx2",179.78,1000,780
"Cct8",2.52698816362731e-07,0.273847710228482,0.0165415748414391,0.897663045328754,0.999999999995571,"PEP","Cplx2",179.78,1000,780
"Pirt",2.52318703233737e-07,0.273155744190857,0.0164918481283421,0.897816137010605,0.999999999995571,"PEP","Cplx2",179.78,1000,780
"Cyp1b1",2.52175065141552e-07,0.272894033870504,0.0164730767625361,0.897873988665656,0.999999999995571,"PEP","Cplx2",179.78,1000,780
"Map1lc3b",2.52077129108904e-07,0.27271552128755,0.0164602841059236,0.897913433677763,0.999999999995571,"PEP","Cplx2",179.78,1000,780
"Ube2v2",2.48452968051105e-07,0.266068173424252,0.0159903812059118,0.899373288296727,0.999999999995571,"PEP","Cplx2",179.78,1000,780
"Tubb4b",2.46616038564113e-07,0.262667695308921,0.0157548064970811,0.900113355414748,0.999999999995571,"PEP","Cplx2",179.78,1000,780
"Mff",2.42699959663993e-07,0.255346566690158,0.0152584299114651,0.901691365010137,0.999999999995571,"PEP","Cplx2",179.78,1000,780
"Htr3a",2.39628032006004e-07,0.249533652739399,0.014874613191548,0.902929490602193,0.999999999995571,"PEP","Cplx2",179.78,1000,780
"Atp6v1e1",2.39280873983954e-07,0.248872797196674,0.014831545602778,0.903069425869623,0.999999999995571,"PEP","Cplx2",179.78,1000,780
"Flot2",2.36841670856693e-07,0.244206594993362,0.0145307045130204,0.904052724285366,0.999999999995571,"PEP","Cplx2",179.78,1000,780
"Psmd14",2.36174952838332e-07,0.242924123092023,0.0144490107248417,0.904321519198016,0.999999999995571,"PEP","Cplx2",179.78,1000,780
"Bace1",2.34438551647623e-07,0.239569689365477,0.0142373282525479,0.905021620369984,0.999999999995571,"PEP","Cplx2",179.78,1000,780
"Kif1a",2.32658702143501e-07,0.236109543051511,0.0140219702399753,0.905739316126443,0.999999999995571,"PEP","Cplx2",179.78,1000,780
"Camk2g",2.31771231809171e-07,0.234375908475253,0.0139152014091179,0.906097203101673,0.999999999995571,"PEP","Cplx2",179.78,1000,780
"Hspb1",2.30738711831238e-07,0.232351878636022,0.0137914956335344,0.906513607720374,0.999999999995571,"PEP","Cplx2",179.78,1000,780
"Ndrg4",2.28798910362499e-07,0.228528614261323,0.0135605824146132,0.907295978976061,0.999999999995571,"PEP","Cplx2",179.78,1000,780
"Camta1",2.28376458960685e-07,0.227692364226431,0.0135105524703806,0.907466376322385,0.999999999995571,"PEP","Cplx2",179.78,1000,780
"Tspan17",2.27530158407964e-07,0.226013172245248,0.0134106051950566,0.907807747605565,0.999999999995571,"PEP","Cplx2",179.78,1000,780
"Cltb",2.26879206911296e-07,0.224718001951908,0.0133339809264298,0.908070332753426,0.999999999995571,"PEP","Cplx2",179.78,1000,780
"Uqcrh",2.2328610301186e-07,0.217512144688376,0.0129149826472672,0.909519922916811,0.999999999995571,"PEP","Cplx2",179.78,1000,780
"Plec",2.231625004379e-07,0.217262531601242,0.0129006881323437,0.909569794125616,0.999999999995571,"PEP","Cplx2",179.78,1000,780
"Als2",2.23050997240413e-07,0.217037253103728,0.0128877996890948,0.909614783779598,0.999999999995571,"PEP","Cplx2",179.78,1000,780
"Vamp2",2.22480421005466e-07,0.215882987994219,0.0128219486771827,0.909845006171869,0.999999999995571,"PEP","Cplx2",179.78,1000,780
"Mapre2",2.2193900662988e-07,0.214785410216716,0.0127596192325206,0.910063469015895,0.999999999995571,"PEP","Cplx2",179.78,1000,780
"Gnl3l",2.21477748277865e-07,0.213848548454634,0.012706637423708,0.910249593952241,0.999999999995571,"PEP","Cplx2",179.78,1000,780
"Pea15a",2.1911551625457e-07,0.209024713901277,0.0124370306215726,0.911202868389233,0.999999999995571,"PEP","Cplx2",179.78,1000,780
"Tbc1d9",2.185226140094e-07,0.207807097814966,0.0123698152370225,0.911442153133085,0.999999999995571,"PEP","Cplx2",179.78,1000,780
"Pcbp3",2.16631159559025e-07,0.203904026797448,0.0121566044958029,0.912205563897892,0.999999999995571,"PEP","Cplx2",179.78,1000,780
"Ank3",2.13777943425992e-07,0.197961702961787,0.0118384877305324,0.913357304811407,0.999999999995571,"PEP","Cplx2",179.78,1000,780
"Rangap1",2.13030108060021e-07,0.196393165821367,0.0117558060982207,0.91365920929851,0.999999999995571,"PEP","Cplx2",179.78,1000,780
"Tollip",2.10833289089526e-07,0.191758516233204,0.0115145987003202,0.914546146853937,0.999999999995571,"PEP","Cplx2",179.78,1000,780
"Chchd2",2.09774448501812e-07,0.189510135008356,0.0113992325828752,0.914973678270984,0.999999999995571,"PEP","Cplx2",179.78,1000,780
"Ahnak",2.09511726344236e-07,0.188950782020172,0.0113706975955824,0.915079762242398,0.999999999995571,"PEP","Cplx2",179.78,1000,780
"Tlx2",2.08815988987703e-07,0.187466653333976,0.0112953043568153,0.915360699719693,0.999999999995571,"PEP","Cplx2",179.78,1000,780
"Nfe2l1",2.07323229704897e-07,0.184268237996342,0.0111343884908213,0.915963508833148,0.999999999995571,"PEP","Cplx2",179.78,1000,780
"Rpl13",2.05287938474231e-07,0.179876000866148,0.0109168490644124,0.916785482110372,0.999999999995571,"PEP","Cplx2",179.78,1000,780
"Aplp1",2.05159748685482e-07,0.179598137051059,0.0109032195091944,0.916837255861177,0.999999999995571,"PEP","Cplx2",179.78,1000,780
"Tpi1",2.02699497120498e-07,0.174236775280009,0.0106432871985787,0.91783097916009,0.999999999995571,"PEP","Cplx2",179.78,1000,780
"Srgap1",2.02259652383855e-07,0.173272502309203,0.0105971468305849,0.918008650971983,0.999999999995571,"PEP","Cplx2",179.78,1000,780
"Mllt11",2.02022741609031e-07,0.172752390378362,0.0105723360698452,0.918104350907937,0.999999999995571,"PEP","Cplx2",179.78,1000,780
"Myt1l",2.00956871391448e-07,0.170406016950991,0.010461071257026,0.918534923068011,0.999999999995571,"PEP","Cplx2",179.78,1000,780
"Prelid1",1.99688128821309e-07,0.167599349768712,0.0103293961505473,0.919047479292244,0.999999999995571,"PEP","Cplx2",179.78,1000,780
"Ywhag",1.98631869177137e-07,0.165251255066132,0.0102204095172019,0.919474220725894,0.999999999995571,"PEP","Cplx2",179.78,1000,780
"Ppm1b",1.97964267978355e-07,0.163761731846418,0.010151823430122,0.919743951504397,0.999999999995571,"PEP","Cplx2",179.78,1000,780
"March6",1.9723984971053e-07,0.162140649296589,0.0100776614540497,0.920036648517714,0.999999999995571,"PEP","Cplx2",179.78,1000,780
"Isl1",1.94728611049302e-07,0.156481989099464,0.00982267943769515,0.921051383603851,0.999999999995571,"PEP","Cplx2",179.78,1000,780
"Kifap3",1.9259060899456e-07,0.151615732057628,0.00960816940666302,0.921915403542432,0.999999999995571,"PEP","Cplx2",179.78,1000,780
"Eif5a",1.90128929768863e-07,0.145956109940568,0.00936411731507387,0.922910343582289,0.999999999995571,"PEP","Cplx2",179.78,1000,780
"Cystm1",1.86938247250536e-07,0.138527922357114,0.00905246327496772,0.924200105099806,0.999999999995571,"PEP","Cplx2",179.78,1000,780
"Ypel3",1.86770898875911e-07,0.138135382904839,0.00903626287770671,0.924267757439566,0.999999999995571,"PEP","Cplx2",179.78,1000,780
"Hacd3",1.82362633781409e-07,0.12768698876292,0.00861473952384284,0.926050040723734,0.999999999995571,"PEP","Cplx2",179.78,1000,780
"Napg",1.81290446010419e-07,0.1251135937248,0.00851373785298947,0.926483587978316,0.999999999995571,"PEP","Cplx2",179.78,1000,780
"Basp1",1.80809537291551e-07,0.123955183801204,0.0084686290196992,0.926678054164451,0.999999999995571,"PEP","Cplx2",179.78,1000,780
"Fxr2",1.80096053395042e-07,0.122231760385641,0.00840192558090219,0.926966575387119,0.999999999995571,"PEP","Cplx2",179.78,1000,780
"Selenok",1.78971225692355e-07,0.119503024518316,0.00829730135124007,0.927421456810234,0.999999999995571,"PEP","Cplx2",179.78,1000,780
"Mdh1",1.78389158457108e-07,0.1180853061263,0.0082434185707265,0.927656854692607,0.999999999995571,"PEP","Cplx2",179.78,1000,780
"Mapk8ip2",1.77514584619909e-07,0.115947801894707,0.00816278804793388,0.928010559113615,0.999999999995571,"PEP","Cplx2",179.78,1000,780
"Dclk1",1.76871583039735e-07,0.114370610066329,0.00810375988855012,0.928270617705681,0.999999999995571,"PEP","Cplx2",179.78,1000,780
"Cox8a",1.76290653685875e-07,0.112941516697153,0.00805061420232481,0.928505578102371,0.999999999995571,"PEP","Cplx2",179.78,1000,780
"Dync1h1",1.75582893207466e-07,0.11119505010469,0.00798610177759417,0.928791844537065,0.999999999995571,"PEP","Cplx2",179.78,1000,780
"Rabac1",1.74960714224414e-07,0.109654862313948,0.0079296044601904,0.929043503611746,0.999999999995571,"PEP","Cplx2",179.78,1000,780
"Dnajc8",1.74946211821441e-07,0.1096189070402,0.00792828995305965,0.92904936963122,0.999999999995571,"PEP","Cplx2",179.78,1000,780
"Fem1b",1.73860030221132e-07,0.106918818253409,0.00783014745033375,0.929488725855202,0.999999999995571,"PEP","Cplx2",179.78,1000,780
"Eno2",1.72747681000616e-07,0.10413892226372,0.0077302740550919,0.929938689054546,0.999999999995571,"PEP","Cplx2",179.78,1000,780
"Gabbr1",1.70055068868937e-07,0.0973468439566679,0.00749116912325693,0.931027986537539,0.999999999995571,"PEP","Cplx2",179.78,1000,780
"Kif5a",1.69608851251324e-07,0.096212533527266,0.00745190765204363,0.931208516616444,0.999999999995571,"PEP","Cplx2",179.78,1000,780
"Arf1",1.69410189533927e-07,0.0957067158102221,0.00743446113596082,0.931288892026178,0.999999999995571,"PEP","Cplx2",179.78,1000,780
"Ppia",1.6873108091029e-07,0.0939738403569838,0.00737497608140548,0.931563653992923,0.999999999995571,"PEP","Cplx2",179.78,1000,780
"Dst",1.68093044260459e-07,0.0923404101089968,0.00731930633341921,0.93182180599604,0.999999999995571,"PEP","Cplx2",179.78,1000,780
"Camk2d",1.67817828544391e-07,0.0916342218204628,0.00729535841717064,0.931933161514682,0.999999999995571,"PEP","Cplx2",179.78,1000,780
"Gpx4",1.66434792476647e-07,0.0880705971832104,0.00717560752261438,0.932492774315038,0.999999999995571,"PEP","Cplx2",179.78,1000,780
"Rps29",1.65409581345542e-07,0.0854128443006049,0.00708747865079279,0.932907623277938,0.999999999995571,"PEP","Cplx2",179.78,1000,780
"Ddx3x",1.65215576790563e-07,0.0849083480819865,0.00707086296531854,0.932986128760153,0.999999999995571,"PEP","Cplx2",179.78,1000,780
"Cpe",1.64305460652566e-07,0.0825349717460397,0.00699317559870221,0.933354423164394,0.999999999995571,"PEP","Cplx2",179.78,1000,780
"B4galt6",1.64123469132661e-07,0.0820590518720112,0.00697769231769254,0.933428070928334,0.999999999995571,"PEP","Cplx2",179.78,1000,780
"Cdc42",1.63794806317395e-07,0.081198450089427,0.00694977416802442,0.933561074620614,0.999999999995571,"PEP","Cplx2",179.78,1000,780
"Nsf",1.61946931148299e-07,0.0763325567524141,0.0067938489079901,0.934308909552959,0.999999999995571,"PEP","Cplx2",179.78,1000,780
"Frmpd1",1.61547535200938e-07,0.0752747137688456,0.00676038004576825,0.934470552702729,0.999999999995571,"PEP","Cplx2",179.78,1000,780
"Ctnna2",1.56873584528088e-07,0.0627287239803966,0.00637485159889247,0.936362388641552,0.999999999995571,"PEP","Cplx2",179.78,1000,780
"Atp1b3",1.56620638352602e-07,0.0620408228280874,0.00635431029072174,0.936464781896205,0.999999999995571,"PEP","Cplx2",179.78,1000,780
"Kif1bp",1.55120332317058e-07,0.0579413242338443,0.00623315449939281,0.937072131135433,0.999999999995571,"PEP","Cplx2",179.78,1000,780
"Pura",1.55003486746614e-07,0.0576206514710308,0.0062237676939715,0.93711943373854,0.999999999995571,"PEP","Cplx2",179.78,1000,780
"Trpv1",1.5452455216709e-07,0.0563041258573053,0.00618536633182714,0.937313323186036,0.999999999995571,"PEP","Cplx2",179.78,1000,780
"Chd3",1.53984581268196e-07,0.0548156937127845,0.00614221354783611,0.937531926724933,0.999999999995571,"PEP","Cplx2",179.78,1000,780
"Stt3b",1.53004098135079e-07,0.0521017182001772,0.0060642425797411,0.937928880665788,0.999999999995571,"PEP","Cplx2",179.78,1000,780
"Ndfip2",1.51186703049255e-07,0.0470322148940369,0.00592103504620527,0.938664703695767,0.999999999995571,"PEP","Cplx2",179.78,1000,780
"Rtn4",1.51133449180917e-07,0.046882894717232,0.005916864540721,0.938686265800814,0.999999999995571,"PEP","Cplx2",179.78,1000,780
"Higd2a",1.50506301614769e-07,0.0451210755891932,0.00586786085416323,0.938940196679501,0.999999999995571,"PEP","Cplx2",179.78,1000,780
"Tmod2",1.50504424288931e-07,0.0451157924267077,0.00586771447068324,0.938940956814562,0.999999999995571,"PEP","Cplx2",179.78,1000,780
"Hsbp1",1.49610212123186e-07,0.0425929745882158,0.0057981963234154,0.939303032409024,0.999999999995571,"PEP","Cplx2",179.78,1000,780
"Tspyl4",1.49096842101097e-07,0.0411388756910449,0.00575847292259008,0.939510906823375,0.999999999995571,"PEP","Cplx2",179.78,1000,780
"Hprt",1.48472626974563e-07,0.0393651236225495,0.0057103565258026,0.939763670323669,0.999999999995571,"PEP","Cplx2",179.78,1000,780
"Morf4l2",1.46571129875431e-07,0.0339229184610122,0.00556502744208483,0.940533681046182,0.999999999995571,"PEP","Cplx2",179.78,1000,780
"Usp5",1.45882042722692e-07,0.0319360290779126,0.00551282378491487,0.94081274045895,0.999999999995571,"PEP","Cplx2",179.78,1000,780
"Slc30a9",1.4581963655376e-07,0.0317556994356595,0.005508108185659,0.9408380134254,0.999999999995571,"PEP","Cplx2",179.78,1000,780
"Cd9",1.4514841617795e-07,0.0298120140066187,0.00545751629868127,0.941109844961439,0.999999999995571,"PEP","Cplx2",179.78,1000,780
"Rab14",1.44982643858869e-07,0.0293308141229231,0.0054450574854134,0.941176980667752,0.999999999995571,"PEP","Cplx2",179.78,1000,780
"Ahnak2",1.44501841280445e-07,0.0279325273512585,0.00540900273283606,0.941371702033271,0.999999999995571,"PEP","Cplx2",179.78,1000,780
"Set",1.44445160248981e-07,0.0277674276255483,0.00540476018863541,0.941394657648481,0.999999999995571,"PEP","Cplx2",179.78,1000,780
"Klhl9",1.44426260098379e-07,0.02771236340273,0.00540334589274185,0.941402312152766,0.999999999995571,"PEP","Cplx2",179.78,1000,780
"Mprip",1.44094738577268e-07,0.0267455116247332,0.00537856827252227,0.941536578253579,0.999999999995571,"PEP","Cplx2",179.78,1000,780
"Tcaf1",1.41734688549219e-07,0.0198080020816509,0.00520382575557813,0.942492445485038,0.999999999995571,"PEP","Cplx2",179.78,1000,780
"Cltc",1.40360864010085e-07,0.0157246561877363,0.00510343402344504,0.943048909995412,0.999999999995571,"PEP","Cplx2",179.78,1000,780
"Cox6a1",1.3907399700011e-07,0.0118691356965969,0.00501028363033211,0.94357017777463,0.999999999995571,"PEP","Cplx2",179.78,1000,780
"Gnas",1.38695405381503e-07,0.0107291385990839,0.00498304245519041,0.943723537480107,0.999999999995571,"PEP","Cplx2",179.78,1000,780
"Fkbp1b",1.36573115257758e-07,0.00428966155030573,0.00483171011753957,0.944583272174712,0.999999999995571,"PEP","Cplx2",179.78,1000,780
"Serpina3n",1.3556928004369e-07,0.00121442197243103,0.00476094339729475,0.944989945987692,0.999999999995571,"PEP","Cplx2",179.78,1000,780
"Atp2c1",1.34361827808879e-07,-0.00251009602024837,0.00467651406870953,0.945479128130766,0.999999999995571,"PEP","Cplx2",179.78,1000,780
"Cyfip2",1.34293524289915e-07,-0.002721626520604,0.0046717606177839,0.945506800948575,0.999999999995571,"PEP","Cplx2",179.78,1000,780
"Rab2a",1.33468042667798e-07,-0.00528526479478792,0.00461450394746873,0.945841245752411,0.999999999995571,"PEP","Cplx2",179.78,1000,780
"Nfic",1.33207094665238e-07,-0.00609844876117295,0.00459647763299773,0.945946971116349,0.999999999995571,"PEP","Cplx2",179.78,1000,780
"Prrxl1",1.30773288125363e-07,-0.0137481341522333,0.0044300489613512,0.946933094705314,0.999999999995571,"PEP","Cplx2",179.78,1000,780
"Serpinb6a",1.29844716272597e-07,-0.0166983354860419,0.00436736010184388,0.947309352614169,0.999999999995571,"PEP","Cplx2",179.78,1000,780
"Acly",1.29746635906959e-07,-0.0170109865334916,0.00436076467761027,0.94734909552873,0.999999999995571,"PEP","Cplx2",179.78,1000,780
"Fam89a",1.27891229079721e-07,-0.0229632816230152,0.00423693655723458,0.948100945140836,0.999999999995571,"PEP","Cplx2",179.78,1000,780
"Cadm3",1.27625505849538e-07,-0.0238216854147218,0.0042193484416402,0.948208625544578,0.999999999995571,"PEP","Cplx2",179.78,1000,780
"Nono",1.25857007052043e-07,-0.029573363068648,0.0041032241142454,0.948925307495589,0.999999999995571,"PEP","Cplx2",179.78,1000,780
"Cntnap2",1.25236928137985e-07,-0.0316061573179288,0.0040628917551524,0.949176603522942,0.999999999995571,"PEP","Cplx2",179.78,1000,780
"Tmem30a",1.24746222150933e-07,-0.0332208449543095,0.00403111551329536,0.949375472868372,0.999999999995571,"PEP","Cplx2",179.78,1000,780
"Thy1",1.2309475340376e-07,-0.0386946404017939,0.00392508913956179,0.95004478983165,0.999999999995571,"PEP","Cplx2",179.78,1000,780
"Sh3glb1",1.22335038918523e-07,-0.0412335019673935,0.00387678902890313,0.95035270325004,0.999999999995571,"PEP","Cplx2",179.78,1000,780
"Nacc2",1.21452491038633e-07,-0.0441995755571021,0.00382105503035497,0.950710410532081,0.999999999995571,"PEP","Cplx2",179.78,1000,780
"Cmpk1",1.20606727586653e-07,-0.0470590988117269,0.00376802266721177,0.951053217963468,0.999999999995571,"PEP","Cplx2",179.78,1000,780
"Jkamp",1.20358924295775e-07,-0.0479001181983648,0.00375255472113159,0.951153660070539,0.999999999995571,"PEP","Cplx2",179.78,1000,780
"Tsnax",1.20174931258284e-07,-0.0485255155070479,0.00374109040797493,0.951228238469912,0.999999999995571,"PEP","Cplx2",179.78,1000,780
"Nefm",1.19339568669978e-07,-0.0513751137550035,0.00368926087798077,0.951566843627396,0.999999999995571,"PEP","Cplx2",179.78,1000,780
"Snap25",1.18959973391582e-07,-0.0526755456987025,0.0036658286033675,0.951720711346288,0.999999999995571,"PEP","Cplx2",179.78,1000,780
"Fdft1",1.18528381897462e-07,-0.0541583589666988,0.00363927731279476,0.951895657749379,0.999999999995571,"PEP","Cplx2",179.78,1000,780
"Got2",1.17086808046114e-07,-0.0591443263830429,0.00355129191121864,0.952480019108276,0.999999999995571,"PEP","Cplx2",179.78,1000,780
"Rpl37a",1.16466348095194e-07,-0.0613062316226524,0.00351375401463376,0.95273153878204,0.999999999995571,"PEP","Cplx2",179.78,1000,780
"Prkar1a",1.16124168226296e-07,-0.0625026603983243,0.00349313742164682,0.952870252359995,0.999999999995571,"PEP","Cplx2",179.78,1000,780
"Spin1",1.15786395390168e-07,-0.0636865943846136,0.00347284584977529,0.953007180806313,0.999999999995571,"PEP","Cplx2",179.78,1000,780
"Atrnl1",1.12970054077915e-07,-0.0736730509137121,0.00330595632736337,0.95414894032796,0.999999999995571,"PEP","Cplx2",179.78,1000,780
"Snx10",1.12858577508139e-07,-0.0740726295816393,0.0032994350444989,0.954194135464877,0.999999999995571,"PEP","Cplx2",179.78,1000,780
"Ncoa7",1.12401140912624e-07,-0.0757157608054815,0.00327274281307913,0.954379592205775,0.999999999995571,"PEP","Cplx2",179.78,1000,780
"Nefl",1.12394023265059e-07,-0.0757413721354835,0.00327232834233287,0.954382477905504,0.999999999995571,"PEP","Cplx2",179.78,1000,780
"Kcnb1",1.1219022925001e-07,-0.0764752611017814,0.00326047226112223,0.954465102133968,0.999999999995571,"PEP","Cplx2",179.78,1000,780
"Kif5b",1.10690428162258e-07,-0.0819110363406229,0.00317388051781778,0.955073181637975,0.999999999995571,"PEP","Cplx2",179.78,1000,780
"Nptn",1.08681921611476e-07,-0.0892884835543874,0.00305974374771793,0.95588755163334,0.999999999995571,"PEP","Cplx2",179.78,1000,780
"Mafg",1.07993672689032e-07,-0.0918429041359119,0.00302111363500053,0.956166619996285,0.999999999995571,"PEP","Cplx2",179.78,1000,780
"Thra",1.07820358749836e-07,-0.0924883145263673,0.00301142453117649,0.956236895472942,0.999999999995571,"PEP","Cplx2",179.78,1000,780
"Arhgdig",1.07580481675563e-07,-0.0933830443651296,0.00299803989485039,0.956334161584736,0.999999999995571,"PEP","Cplx2",179.78,1000,780
"Tbca",1.0726833820318e-07,-0.0945498424269073,0.0029806675809252,0.956460731476638,0.999999999995571,"PEP","Cplx2",179.78,1000,780
"Atp5a1",1.07248346923254e-07,-0.0946246675492655,0.00297955668821604,0.956468837703581,0.999999999995571,"PEP","Cplx2",179.78,1000,780
"Morf4l1",1.07040923617992e-07,-0.0954017234900037,0.0029680426301394,0.956552945659673,0.999999999995571,"PEP","Cplx2",179.78,1000,780
"Arpc1a",1.06416751335835e-07,-0.0977476891235462,0.00293352931377863,0.95680604383163,0.999999999995571,"PEP","Cplx2",179.78,1000,780
"Scg3",1.06415495556481e-07,-0.0977524206616597,0.00293346007949424,0.956806553047135,0.999999999995571,"PEP","Cplx2",179.78,1000,780
"Maged1",1.06058446974216e-07,-0.0990996224620211,0.00291380823005186,0.956951336102044,0.999999999995571,"PEP","Cplx2",179.78,1000,780
"Adprh",1.04642186520474e-07,-0.104481296499716,0.00283650824522086,0.957525643083268,0.999999999995571,"PEP","Cplx2",179.78,1000,780
"Atp6v1g1",1.02704098294182e-07,-0.111946124853546,0.0027324107594551,0.958311591822685,0.999999999995571,"PEP","Cplx2",179.78,1000,780
"Ptprs",1.01958609215982e-07,-0.114849091243013,0.00269288771060148,0.958613919235107,0.999999999995571,"PEP","Cplx2",179.78,1000,780
"Atp9a",1.00898744313145e-07,-0.119007164929676,0.00263719328810379,0.959043749603556,0.999999999995571,"PEP","Cplx2",179.78,1000,780
"Actr1b",9.85825123892867e-08,-0.128223784906638,0.0025175041946906,0.959983143448182,0.999999999995571,"PEP","Cplx2",179.78,1000,780
"Ptprn",9.78966433080772e-08,-0.130987931952561,0.00248259593907111,0.960261321993517,0.999999999995571,"PEP","Cplx2",179.78,1000,780
"Pcyox1",9.72631615076096e-08,-0.133555471814248,0.00245057051005559,0.960518257317065,0.999999999995571,"PEP","Cplx2",179.78,1000,780
"Gng3",9.64111119266581e-08,-0.137031173629812,0.00240782335254815,0.960863848506123,0.999999999995571,"PEP","Cplx2",179.78,1000,780
"Rbfox3",9.61361598901583e-08,-0.138158283737655,0.00239410933347662,0.960975370585677,0.999999999995571,"PEP","Cplx2",179.78,1000,780
"Ank1",9.53310156163295e-08,-0.141474489888219,0.00235417573213057,0.961301945977859,0.999999999995571,"PEP","Cplx2",179.78,1000,780
"Sec62",9.43577195496559e-08,-0.145514901015919,0.0023063505152905,0.961696734254669,0.999999999995571,"PEP","Cplx2",179.78,1000,780
"Rps20",9.42910991461089e-08,-0.145792741012121,0.00230309490968251,0.961723757162243,0.999999999995571,"PEP","Cplx2",179.78,1000,780
"Dpp6",9.42845616049179e-08,-0.145820014692052,0.00230277555703922,0.961726408955385,0.999999999995571,"PEP","Cplx2",179.78,1000,780
"Usp9x",9.37222241185565e-08,-0.148171985530082,0.00227538877542952,0.961954508937519,0.999999999995571,"PEP","Cplx2",179.78,1000,780
"Atp5b",9.2544569928669e-08,-0.153136257767502,0.00221856584067868,0.962432208837717,0.999999999995571,"PEP","Cplx2",179.78,1000,780
"Fstl1",9.20883386631091e-08,-0.155073751091969,0.00219674534588045,0.962617276671132,0.999999999995571,"PEP","Cplx2",179.78,1000,780
"Ywhaq",9.17244813025909e-08,-0.15662475764992,0.00217942018000286,0.96276487495595,0.999999999995571,"PEP","Cplx2",179.78,1000,780
"Ubr3",8.99804484989367e-08,-0.164131713784883,0.00209732988839573,0.963472357317088,0.999999999995571,"PEP","Cplx2",179.78,1000,780
"Kpnb1",8.98148216453548e-08,-0.164850984673385,0.00208961589161902,0.96353954682199,0.999999999995571,"PEP","Cplx2",179.78,1000,780
"Rab6b",8.89019319288163e-08,-0.168835565205838,0.00204735350481965,0.963909881548372,0.999999999995571,"PEP","Cplx2",179.78,1000,780
"Tgfb1i1",8.85288698552604e-08,-0.170473826570717,0.0020302068046533,0.964061225011149,0.999999999995571,"PEP","Cplx2",179.78,1000,780
"Trim2",8.8249818701044e-08,-0.171703053006858,0.0020174281783535,0.964174431061471,0.999999999995571,"PEP","Cplx2",179.78,1000,780
"Hpcal1",8.81381036067963e-08,-0.172196077792892,0.0020123237026648,0.964219752074888,0.999999999995571,"PEP","Cplx2",179.78,1000,780
"L1cam",8.79391735718829e-08,-0.173075306399922,0.00200325021796081,0.96430045507034,0.999999999995571,"PEP","Cplx2",179.78,1000,780
"Ran",8.74639812028866e-08,-0.175182352439507,0.0019816589922797,0.964493235118659,0.999999999995571,"PEP","Cplx2",179.78,1000,780
"Nrxn1",8.72044921188236e-08,-0.176337021842089,0.00196991802017412,0.96459850771585,0.999999999995571,"PEP","Cplx2",179.78,1000,780
"Pfn2",8.6709771177455e-08,-0.178546458788287,0.00194763028521726,0.964799213660112,0.999999999995571,"PEP","Cplx2",179.78,1000,780
"Arfgap3",8.58827135274019e-08,-0.18226393383101,0.00191065358920147,0.965134752008567,0.999999999995571,"PEP","Cplx2",179.78,1000,780
"Pfkp",8.52268664524196e-08,-0.185233334385898,0.00188158343402573,0.965400834399298,0.999999999995571,"PEP","Cplx2",179.78,1000,780
"Eps15",8.51603960956511e-08,-0.185535356823892,0.00187864959977647,0.965427802168866,0.999999999995571,"PEP","Cplx2",179.78,1000,780
"Fto",8.43173966897e-08,-0.189383027935479,0.00184164033081018,0.965769819907205,0.999999999995571,"PEP","Cplx2",179.78,1000,780
"Tpt1",8.40266702801987e-08,-0.19071749135233,0.00182896227268622,0.965887773516852,0.999999999995571,"PEP","Cplx2",179.78,1000,780
"Gcnt2",8.38193036006763e-08,-0.191671702207674,0.00181994613903951,0.965971906847046,0.999999999995571,"PEP","Cplx2",179.78,1000,780
"Ncdn",8.33083990258528e-08,-0.194031169525966,0.00179782748612867,0.966179193949147,0.999999999995571,"PEP","Cplx2",179.78,1000,780
"Tmem50a",8.3138058626865e-08,-0.194820546102702,0.00179048297901477,0.966248305930761,0.999999999995571,"PEP","Cplx2",179.78,1000,780
"Snx3",8.30233818062603e-08,-0.1953527385965,0.0017855469656047,0.966294833746207,0.999999999995571,"PEP","Cplx2",179.78,1000,780
"Pclo",8.25597173996039e-08,-0.197510842935387,0.00176565900714266,0.966482957429843,0.999999999995571,"PEP","Cplx2",179.78,1000,780
"Gm13889",8.20978197127284e-08,-0.199670893128285,0.00174595757299915,0.966670366152814,0.999999999995571,"PEP","Cplx2",179.78,1000,780
"Brap",8.16387616359847e-08,-0.201827824499794,0.00172648677325139,0.966856624566499,0.999999999995571,"PEP","Cplx2",179.78,1000,780
"Nefh",8.01887803860624e-08,-0.208708434554945,0.00166570333495958,0.967444952385677,0.999999999995571,"PEP","Cplx2",179.78,1000,780
"Ap3b2",7.95130841342396e-08,-0.211950660699869,0.00163775010899491,0.96771912124623,0.999999999995571,"PEP","Cplx2",179.78,1000,780
"Synm",7.91606231807508e-08,-0.213651106255544,0.00162326284348835,0.967862136458103,0.999999999995571,"PEP","Cplx2",179.78,1000,780
"Rpl26",7.89960632285354e-08,-0.214447208184601,0.00161652094593728,0.967928908964545,0.999999999995571,"PEP","Cplx2",179.78,1000,780
"Garnl3",7.89863594861028e-08,-0.214494196159349,0.00161612382894649,0.967932846401032,0.999999999995571,"PEP","Cplx2",179.78,1000,780
"Fam188a",7.8896461246507e-08,-0.214929737379923,0.00161244714327081,0.967969323973651,0.999999999995571,"PEP","Cplx2",179.78,1000,780
"Bcl2",7.88729402669917e-08,-0.215043761356816,0.00161148586611745,0.967978867978482,0.999999999995571,"PEP","Cplx2",179.78,1000,780
"Scn11a",7.80470000960302e-08,-0.219065985751289,0.00157791232405105,0.968314009002295,0.999999999995571,"PEP","Cplx2",179.78,1000,780
"Ccdc92",7.77533322884103e-08,-0.22050474874332,0.0015660602280741,0.96843317168454,0.999999999995571,"PEP","Cplx2",179.78,1000,780
"Tmem176a",7.75013451650586e-08,-0.221742957485777,0.00155592593450245,0.968535422001957,0.999999999995571,"PEP","Cplx2",179.78,1000,780
"Pdpk1",7.73761904855896e-08,-0.222359199911198,0.00155090475253109,0.968586206954796,0.999999999995571,"PEP","Cplx2",179.78,1000,780
"Clmp",7.70796918420796e-08,-0.223822469256033,0.00153904166861955,0.968706519940889,0.999999999995571,"PEP","Cplx2",179.78,1000,780
"Scoc",7.66029295436142e-08,-0.2261853352479,0.00152006162949203,0.968899981663263,0.999999999995571,"PEP","Cplx2",179.78,1000,780
"Armc1",7.58561606773734e-08,-0.229911374303075,0.00149056923964459,0.96920301095753,0.999999999995571,"PEP","Cplx2",179.78,1000,780
"Pmp22",7.57751092228443e-08,-0.230317639790543,0.00148738562844388,0.969235900873705,0.999999999995571,"PEP","Cplx2",179.78,1000,780
"Pcbp1",7.5158410685175e-08,-0.233420842510224,0.00146327386036196,0.969486153036359,0.999999999995571,"PEP","Cplx2",179.78,1000,780
"Eef1g",7.50065232785595e-08,-0.23418842267554,0.0014573655849018,0.969547788397298,0.999999999995571,"PEP","Cplx2",179.78,1000,780
"Prpf19",7.38498348795235e-08,-0.24007719789795,0.00141276359775135,0.970017174311797,0.999999999995571,"PEP","Cplx2",179.78,1000,780
"Cnn3",7.35205777489574e-08,-0.241767660435225,0.00140019415780417,0.970150789263169,0.999999999995571,"PEP","Cplx2",179.78,1000,780
"Uchl1",7.24329306881499e-08,-0.2473975022372,0.00135907227713913,0.970592170328965,0.999999999995571,"PEP","Cplx2",179.78,1000,780
"Mapk8ip3",7.22308284029669e-08,-0.248451448667828,0.00135149869379482,0.970674187013433,0.999999999995571,"PEP","Cplx2",179.78,1000,780
"Serinc3",7.20225247053368e-08,-0.249540336128032,0.00134371486392582,0.970758720665393,0.999999999995571,"PEP","Cplx2",179.78,1000,780
"Aacs",7.07349926390912e-08,-0.256330244694479,0.00129610165198812,0.971281233227439,0.999999999995571,"PEP","Cplx2",179.78,1000,780
"Psd3",7.05404765124622e-08,-0.257365072257404,0.00128898308116941,0.971360173790938,0.999999999995571,"PEP","Cplx2",179.78,1000,780
"Ctsb",7.0472021452782e-08,-0.257729825297365,0.0012864825423667,0.971387955004098,0.999999999995571,"PEP","Cplx2",179.78,1000,780
"Tubb2b",6.96770312874245e-08,-0.261987811694243,0.00125762081222608,0.971710589515141,0.999999999995571,"PEP","Cplx2",179.78,1000,780
"Sptan1",6.87625494883181e-08,-0.266936678793516,0.00122482595228601,0.97208172358717,0.999999999995571,"PEP","Cplx2",179.78,1000,780
"Cox4i1",6.78811686195479e-08,-0.27175913029814,0.00119362816956513,0.97243942967158,0.999999999995571,"PEP","Cplx2",179.78,1000,780
"Scg2",6.77717858766284e-08,-0.27236128631624,0.00118978447822224,0.972483822755409,0.999999999995571,"PEP","Cplx2",179.78,1000,780
"Lamp2",6.75286615699736e-08,-0.273702630383408,0.00118126333133348,0.972582495277351,0.999999999995571,"PEP","Cplx2",179.78,1000,780
"Acot7",6.68585797589538e-08,-0.277420704904389,0.00115793647002856,0.972854451586888,0.999999999995571,"PEP","Cplx2",179.78,1000,780
"Ppp2ca",6.67466322939183e-08,-0.278044921883174,0.00115406203749118,0.972899886376641,0.999999999995571,"PEP","Cplx2",179.78,1000,780
"Mia3",6.67014216123699e-08,-0.278297265668884,0.00115249916431401,0.972918235524627,0.999999999995571,"PEP","Cplx2",179.78,1000,780
"Scn10a",6.54885864352327e-08,-0.285121057879773,0.00111096831117417,0.973410480539518,0.999999999995571,"PEP","Cplx2",179.78,1000,780
"Rpl13a",6.53667874041272e-08,-0.28581220188408,0.0011068396824012,0.973459914831586,0.999999999995571,"PEP","Cplx2",179.78,1000,780
"Coro2b",6.53011511228221e-08,-0.286185102135286,0.00110461799247398,0.973486554520106,0.999999999995571,"PEP","Cplx2",179.78,1000,780
"Dstn",6.49633797852428e-08,-0.288109091662174,0.00109322023498081,0.973623645679204,0.999999999995571,"PEP","Cplx2",179.78,1000,780
"Tac1",6.47682911096124e-08,-0.289224182095232,0.00108666409057177,0.973702826621143,0.999999999995571,"PEP","Cplx2",179.78,1000,780
"Saraf",6.4152506140607e-08,-0.292762540163093,0.00106609938456789,0.97395275791353,0.999999999995571,"PEP","Cplx2",179.78,1000,780
"Tmsb4x",6.26150031448378e-08,-0.301723627511554,0.00101561066382387,0.97457680197531,0.999999999995571,"PEP","Cplx2",179.78,1000,780
"Clstn1",6.24461422385876e-08,-0.302719061022011,0.00101014022763541,0.974645340452955,0.999999999995571,"PEP","Cplx2",179.78,1000,780
"Dusp3",6.22746864635286e-08,-0.303732112498507,0.00100460084271423,0.974714932346142,0.999999999995571,"PEP","Cplx2",179.78,1000,780
"Sdcbp",6.22357878991329e-08,-0.303962272537601,0.00100334622937726,0.974730720845152,0.999999999995571,"PEP","Cplx2",179.78,1000,780
"Celf4",6.16291146385745e-08,-0.307567680763915,0.000983880371074897,0.974976964119579,0.999999999995571,"PEP","Cplx2",179.78,1000,780
"Sh3bgrl3",6.15864544661632e-08,-0.307822329293601,0.000982518742576621,0.974994279593722,0.999999999995571,"PEP","Cplx2",179.78,1000,780
"Sncg",6.07801673905121e-08,-0.312663393610059,0.000956960963725337,0.975321548246749,0.999999999995571,"PEP","Cplx2",179.78,1000,780
"Kcnk3",6.05955234326319e-08,-0.313779625436037,0.00095115549547415,0.975396495066826,0.999999999995571,"PEP","Cplx2",179.78,1000,780
"Pdha1",6.04577297064591e-08,-0.314614499881115,0.000946834574254794,0.97545242556064,0.999999999995571,"PEP","Cplx2",179.78,1000,780
"Zcchc18",6.00830932945614e-08,-0.316892499165723,0.000935136494540544,0.97560449114497,0.999999999995571,"PEP","Cplx2",179.78,1000,780
"Arpc5",5.94386459447008e-08,-0.320839228091477,0.000915183651548019,0.975866075539153,0.999999999995571,"PEP","Cplx2",179.78,1000,780
"Ppp3cb",5.90518985672842e-08,-0.323225078408323,0.000903312809907817,0.976023059477011,0.999999999995571,"PEP","Cplx2",179.78,1000,780
"Snap91",5.86008561131209e-08,-0.326024239593165,0.000889566378782443,0.976206142487474,0.999999999995571,"PEP","Cplx2",179.78,1000,780
"Fam63b",5.81717705129796e-08,-0.328704022303923,0.000876586954535722,0.976380314137058,0.999999999995571,"PEP","Cplx2",179.78,1000,780
"Pgk1",5.7227876905392e-08,-0.334658022657957,0.000848370790878568,0.976763457272745,0.999999999995571,"PEP","Cplx2",179.78,1000,780
"Napa",5.50657079334734e-08,-0.348614794641079,0.000785475950979762,0.977641140022782,0.999999999995571,"PEP","Cplx2",179.78,1000,780
"Cdk5r2",5.48587482924367e-08,-0.349974784830202,0.000779582761197482,0.977725151963965,0.999999999995571,"PEP","Cplx2",179.78,1000,780
"Alcam",5.47431137322393e-08,-0.350736534043643,0.000776299722330918,0.977772092063499,0.999999999995571,"PEP","Cplx2",179.78,1000,780
"Rnf187",5.36348999477516e-08,-0.358106491283328,0.000745187203407406,0.978221958556168,0.999999999995571,"PEP","Cplx2",179.78,1000,780
"Taok1",5.33113003558347e-08,-0.36028270233427,0.000736222338217554,0.978353321358671,0.999999999995571,"PEP","Cplx2",179.78,1000,780
"Pcsk1n",5.29027424582048e-08,-0.363046198437313,0.000724981311280378,0.978519173179687,0.999999999995571,"PEP","Cplx2",179.78,1000,780
"Dctn2",5.21787408705449e-08,-0.367987801223709,0.000705273601777316,0.978813079899923,0.999999999995571,"PEP","Cplx2",179.78,1000,780
"Atp6v0a1",5.18592604119241e-08,-0.370186759811853,0.000696663530668643,0.9789427731482,0.999999999995571,"PEP","Cplx2",179.78,1000,780
"Csde1",5.17825375592498e-08,-0.370716534836841,0.000694603706642546,0.978973918910746,0.999999999995571,"PEP","Cplx2",179.78,1000,780
"Mapk1",5.11248875510687e-08,-0.37528495341591,0.000677072493077535,0.979240894274527,0.999999999995571,"PEP","Cplx2",179.78,1000,780
"Fam171b",4.96922349522968e-08,-0.385410835736515,0.000639657503507802,0.979822492710447,0.999999999995571,"PEP","Cplx2",179.78,1000,780
"Nmb",4.95750962751071e-08,-0.386249587915152,0.000636645350004246,0.979870046707175,0.999999999995571,"PEP","Cplx2",179.78,1000,780
"Rnf14",4.90901553067352e-08,-0.389739777531836,0.000624251006114255,0.980066915672312,0.999999999995571,"PEP","Cplx2",179.78,1000,780
"Tspyl1",4.83591406467606e-08,-0.395056250320253,0.000605797655597912,0.980363684185974,0.999999999995571,"PEP","Cplx2",179.78,1000,780
"Arhgap28",4.76131682543278e-08,-0.400551715571227,0.000587252130389382,0.980666527860779,0.999999999995571,"PEP","Cplx2",179.78,1000,780
"Ank2",4.68368181963903e-08,-0.406348483168827,0.000568257540178468,0.980981706966133,0.999999999995571,"PEP","Cplx2",179.78,1000,780
"Capn2",4.59352437760052e-08,-0.413182662581597,0.000546591016810163,0.981347727817378,0.999999999995571,"PEP","Cplx2",179.78,1000,780
"Syn1",4.54212093197226e-08,-0.417129886663137,0.000534426302895385,0.981556417099256,0.999999999995571,"PEP","Cplx2",179.78,1000,780
"Atp6ap1",4.5368793982792e-08,-0.417534489010358,0.000533193576053624,0.981577696909326,0.999999999995571,"PEP","Cplx2",179.78,1000,780
"Noct",4.50482599062588e-08,-0.420017339336592,0.000525686081984351,0.981707829034532,0.999999999995571,"PEP","Cplx2",179.78,1000,780
"Dynlrb1",4.49959179992826e-08,-0.420424190317578,0.000524465194568119,0.981729079125986,0.999999999995571,"PEP","Cplx2",179.78,1000,780
"Rps4x",4.48672440251451e-08,-0.421426062811196,0.000521469877167762,0.981781319037733,0.999999999995571,"PEP","Cplx2",179.78,1000,780
"Pitpna",4.46223742854949e-08,-0.423339351016639,0.000515793408905017,0.981880733091112,0.999999999995571,"PEP","Cplx2",179.78,1000,780
"Ogdh",4.41593296677753e-08,-0.426981636573784,0.00050514421450024,0.982068724185653,0.999999999995571,"PEP","Cplx2",179.78,1000,780
"Oaz1",4.31945629819848e-08,-0.434674918986299,0.000483313145613868,0.982460412186821,0.999999999995571,"PEP","Cplx2",179.78,1000,780
"Samd14",4.26197061031781e-08,-0.439328012637457,0.000470534357205257,0.982693801762199,0.999999999995571,"PEP","Cplx2",179.78,1000,780
"Ccser2",4.23563772040254e-08,-0.441477155211405,0.000464737859447122,0.98280071272957,0.999999999995571,"PEP","Cplx2",179.78,1000,780
"Rpl19",4.22422622166813e-08,-0.442411992605405,0.000462237073595143,0.982847043265338,0.999999999995571,"PEP","Cplx2",179.78,1000,780
"Caprin1",4.20500008197354e-08,-0.44399182975998,0.000458038998083624,0.982925101272068,0.999999999995571,"PEP","Cplx2",179.78,1000,780
"Hras",4.2007963960764e-08,-0.444338062064515,0.000457123664141219,0.982942168232283,0.999999999995571,"PEP","Cplx2",179.78,1000,780
"Trp53inp2",4.19026583871666e-08,-0.445206682932396,0.000454834701317806,0.982984922318082,0.999999999995571,"PEP","Cplx2",179.78,1000,780
"Rab6a",4.12578835228004e-08,-0.45056559267553,0.000440944905924594,0.983246702114442,0.999999999995571,"PEP","Cplx2",179.78,1000,780
"Dnaja1",4.1060418170667e-08,-0.452220885577043,0.000436734172528724,0.983326873777485,0.999999999995571,"PEP","Cplx2",179.78,1000,780
"Syt1",4.09077660018826e-08,-0.453505122032163,0.000433492876239506,0.983388851237847,0.999999999995571,"PEP","Cplx2",179.78,1000,780
"G3bp2",4.08736483426644e-08,-0.453792699518111,0.000432770099308189,0.983402703173153,0.999999999995571,"PEP","Cplx2",179.78,1000,780
"Nipal3",3.98322717766059e-08,-0.46266920573286,0.000410998835884427,0.983825509503079,0.999999999995571,"PEP","Cplx2",179.78,1000,780
"Map1b",3.9787810996071e-08,-0.463052511233604,0.000410081834172845,0.983843560999764,0.999999999995571,"PEP","Cplx2",179.78,1000,780
"Pcp4l1",3.95713300457466e-08,-0.464924006101237,0.000405631556769816,0.983931454427577,0.999999999995571,"PEP","Cplx2",179.78,1000,780
"Wdr31",3.95138983534136e-08,-0.465421953983673,0.000404454987703972,0.98395477230101,0.999999999995571,"PEP","Cplx2",179.78,1000,780
"Prdx1",3.94574120009498e-08,-0.465912300194139,0.000403299452144415,0.983977706369847,0.999999999995571,"PEP","Cplx2",179.78,1000,780
"Ndn",3.90050833501668e-08,-0.46986032891685,0.000394105829968978,0.98416135716064,0.999999999995571,"PEP","Cplx2",179.78,1000,780
"Gna11",3.88088923594529e-08,-0.47158472361256,0.000390151188609024,0.984241013288622,0.999999999995571,"PEP","Cplx2",179.78,1000,780
"Ap2b1",3.8240596985142e-08,-0.476621432089416,0.000378808544006105,0.984471749584422,0.999999999995571,"PEP","Cplx2",179.78,1000,780
"Hnrnpa0",3.79375475644577e-08,-0.479333121806386,0.000372828363576207,0.9845947926469,0.999999999995571,"PEP","Cplx2",179.78,1000,780
"Aco2",3.75969972656969e-08,-0.48240221660914,0.000366164941536672,0.984733062121443,0.999999999995571,"PEP","Cplx2",179.78,1000,780
"Ube3a",3.72330543368464e-08,-0.485708108393563,0.000359110221733196,0.984880829926431,0.999999999995571,"PEP","Cplx2",179.78,1000,780
"Hspa5",3.72188995919191e-08,-0.485837232327782,0.000358837230571647,0.984886577034694,0.999999999995571,"PEP","Cplx2",179.78,1000,780
"Cst3",3.72120746347828e-08,-0.485899506457319,0.00035870564021303,0.984889348103457,0.999999999995571,"PEP","Cplx2",179.78,1000,780
"Plekhb2",3.66834874707284e-08,-0.49075205130595,0.000348587390144752,0.985103965589254,0.999999999995571,"PEP","Cplx2",179.78,1000,780
"Ralbp1",3.66726178898978e-08,-0.49085245248643,0.000348380842854888,0.985108378878632,0.999999999995571,"PEP","Cplx2",179.78,1000,780
"Eif4a1",3.64453916986831e-08,-0.492957074427378,0.000344077031884464,0.98520063782438,0.999999999995571,"PEP","Cplx2",179.78,1000,780
"Tspan3",3.57314301913814e-08,-0.499642623988748,0.000330728208355599,0.985490523541164,0.999999999995571,"PEP","Cplx2",179.78,1000,780
"Ppme1",3.54795904256312e-08,-0.502027700287387,0.000326082606828489,0.985592777063209,0.999999999995571,"PEP","Cplx2",179.78,1000,780
"Rps3",3.53515790310296e-08,-0.503245514365749,0.000323733820663911,0.985644753123447,0.999999999995571,"PEP","Cplx2",179.78,1000,780
"Nol3",3.49075322594828e-08,-0.507498852989078,0.000315652137732544,0.985825048495526,0.999999999995571,"PEP","Cplx2",179.78,1000,780
"Pink1",3.45899703839333e-08,-0.51056866853158,0.000309935140318024,0.985953987917161,0.999999999995571,"PEP","Cplx2",179.78,1000,780
"Glud1",3.44825889819763e-08,-0.511612074441633,0.000308013796634648,0.985997587994316,0.999999999995571,"PEP","Cplx2",179.78,1000,780
"Anxa6",3.44498905137367e-08,-0.511930342894788,0.000307429919124016,0.986010864563673,0.999999999995571,"PEP","Cplx2",179.78,1000,780
"Cacna2d1",3.3595895749722e-08,-0.520334079649861,0.000292376786655638,0.98635761368762,0.999999999995571,"PEP","Cplx2",179.78,1000,780
"Ppp2r2b",3.34734833399578e-08,-0.521553376843405,0.000290250018387235,0.986407317244698,0.999999999995571,"PEP","Cplx2",179.78,1000,780
"Dynll1",3.34025964085185e-08,-0.522261168252294,0.000289021992780504,0.986436099748073,0.999999999995571,"PEP","Cplx2",179.78,1000,780
"Zbtb7a",3.33783125901648e-08,-0.522503927977542,0.000288601905298222,0.986445959807712,0.999999999995571,"PEP","Cplx2",179.78,1000,780
"Hsp90aa1",3.24646077406531e-08,-0.53174790439412,0.000273017671546945,0.98681695667429,0.999999999995571,"PEP","Cplx2",179.78,1000,780
"Cs",3.24403676460984e-08,-0.531996109783013,0.0002726101198198,0.986826799059302,0.999999999995571,"PEP","Cplx2",179.78,1000,780
"Rap1gap2",3.15475520334695e-08,-0.541248694923755,0.000257811193567633,0.987189316975343,0.999999999995571,"PEP","Cplx2",179.78,1000,780
"Ntrk1",3.13561743387917e-08,-0.543260656341931,0.000254692748263776,0.987267024120803,0.999999999995571,"PEP","Cplx2",179.78,1000,780
"Agtpbp1",3.12725093022982e-08,-0.544143479255157,0.00025333541114052,0.987300995574175,0.999999999995571,"PEP","Cplx2",179.78,1000,780
"Prr13",3.124687967572e-08,-0.544414317677509,0.000252920335313125,0.987311402263594,0.999999999995571,"PEP","Cplx2",179.78,1000,780
"Fasn",3.05792794494169e-08,-0.55153586104064,0.000242228329619169,0.987582476348413,0.999999999995571,"PEP","Cplx2",179.78,1000,780
"Disp2",3.04804285313808e-08,-0.552601441573989,0.000240664800878718,0.987622614147851,0.999999999995571,"PEP","Cplx2",179.78,1000,780
"Akap6",2.95977125784915e-08,-0.562248070315972,0.00022692729469644,0.987981036838302,0.999999999995571,"PEP","Cplx2",179.78,1000,780
"Vapa",2.89240447122698e-08,-0.569774470850879,0.000216714758011935,0.988254578165306,0.999999999995571,"PEP","Cplx2",179.78,1000,780
"Wsb2",2.88301768206707e-08,-0.570834873455822,0.000215310421341746,0.988292693122606,0.999999999995571,"PEP","Cplx2",179.78,1000,780
"Gpi1",2.87724549621677e-08,-0.571488387206538,0.000214449124071341,0.98831613103498,0.999999999995571,"PEP","Cplx2",179.78,1000,780
"Nfib",2.87362202432284e-08,-0.571899192553672,0.000213909329268394,0.988330844117456,0.999999999995571,"PEP","Cplx2",179.78,1000,780
"Meg3",2.85834056938664e-08,-0.573636515260758,0.000211640308393175,0.988392894402762,0.999999999995571,"PEP","Cplx2",179.78,1000,780
"Tbc1d9b",2.84153335383909e-08,-0.575556351705816,0.000209158710234953,0.988461140113854,0.999999999995571,"PEP","Cplx2",179.78,1000,780
"Rap1gds1",2.82140448551059e-08,-0.577868231055115,0.000206205926823896,0.988542873509569,0.999999999995571,"PEP","Cplx2",179.78,1000,780
"Kif5c",2.81545365716978e-08,-0.578554366045903,0.000205336996472985,0.988567036908326,0.999999999995571,"PEP","Cplx2",179.78,1000,780
"Rab11b",2.76860171830823e-08,-0.583999498191335,0.000198559836719108,0.988757280045195,0.999999999995571,"PEP","Cplx2",179.78,1000,780
"Gnb1",2.75430038541311e-08,-0.585677051089552,0.000196513795870869,0.988815350991397,0.999999999995571,"PEP","Cplx2",179.78,1000,780
"Trappc2",2.70010223319387e-08,-0.592101818777553,0.000188856029514965,0.989035424578854,0.999999999995571,"PEP","Cplx2",179.78,1000,780
"Map4",2.69910462882221e-08,-0.59222109086472,0.000188716502356557,0.989039475395911,0.999999999995571,"PEP","Cplx2",179.78,1000,780
"Rps8",2.65529472117943e-08,-0.597495904540967,0.000182640001888085,0.989217367757591,0.999999999995571,"PEP","Cplx2",179.78,1000,780
"Mgll",2.5796423947059e-08,-0.606779633523744,0.000172381021584301,0.98952455914005,0.999999999995571,"PEP","Cplx2",179.78,1000,780
"Gaa",2.50167633561747e-08,-0.616590288070193,0.000162118538392963,0.989841147214552,0.999999999995571,"PEP","Cplx2",179.78,1000,780
"Nrxn2",2.49584029241118e-08,-0.617334959288447,0.000161363023229706,0.989864845048816,0.999999999995571,"PEP","Cplx2",179.78,1000,780
"Cab39",2.48704466064291e-08,-0.618460044191064,0.000160227703100033,0.989900560603873,0.999999999995571,"PEP","Cplx2",179.78,1000,780
"Ptms",2.48623390168661e-08,-0.618563920184977,0.000160123253933385,0.989903852773882,0.999999999995571,"PEP","Cplx2",179.78,1000,780
"Coro2a",2.48616333084303e-08,-0.618572963205976,0.000160114163981933,0.989904139334048,0.999999999995571,"PEP","Cplx2",179.78,1000,780
"Ppp1r2",2.42412093452989e-08,-0.626608048289827,0.000152222553566137,0.990156069362981,0.999999999995571,"PEP","Cplx2",179.78,1000,780
"Cd151",2.40491139964819e-08,-0.629130965783001,0.000149819588807178,0.990234072009314,0.999999999995571,"PEP","Cplx2",179.78,1000,780
"Arfgef3",2.36972050307989e-08,-0.633797160915667,0.000145467069903676,0.990376969154774,0.999999999995571,"PEP","Cplx2",179.78,1000,780
"Gabarapl2",2.28380728049716e-08,-0.64543889453585,0.000135110575862818,0.990725832092898,0.999999999995571,"PEP","Cplx2",179.78,1000,780
"Gnal",2.26633575831979e-08,-0.647851386408826,0.000133051244507787,0.990796777928744,0.999999999995571,"PEP","Cplx2",179.78,1000,780
"Lgmn",2.23318609790148e-08,-0.652472098183286,0.000129187433384307,0.990931387485318,0.999999999995571,"PEP","Cplx2",179.78,1000,780
"Ube2d2a",2.20876853261053e-08,-0.655912722389786,0.000126377817724092,0.991030539122922,0.999999999995571,"PEP","Cplx2",179.78,1000,780
"Lpgat1",2.20478158650756e-08,-0.656477551883306,0.000125921991962509,0.991046728802469,0.999999999995571,"PEP","Cplx2",179.78,1000,780
"Calca",2.19407417299808e-08,-0.657998734745378,0.000124701893906028,0.991090208112618,0.999999999995571,"PEP","Cplx2",179.78,1000,780
"Vwa5a",2.17447741640075e-08,-0.660799070224883,0.000122484248495284,0.991169784210995,0.999999999995571,"PEP","Cplx2",179.78,1000,780
"Huwe1",2.1740291150709e-08,-0.660863379717091,0.0001224337497494,0.991171604618916,0.999999999995571,"PEP","Cplx2",179.78,1000,780
"Txnrd1",2.16515994347272e-08,-0.662137976445985,0.000121436825708515,0.991207619489676,0.999999999995571,"PEP","Cplx2",179.78,1000,780
"Kit",2.13400992712652e-08,-0.666649684487929,0.000117967753632216,0.99133410989018,0.999999999995571,"PEP","Cplx2",179.78,1000,780
"Glg1",2.12649086356343e-08,-0.667747032225517,0.000117137912714349,0.991364642470684,0.999999999995571,"PEP","Cplx2",179.78,1000,780
"Wdfy3",2.11378694297419e-08,-0.669608512659047,0.000115742500500436,0.991416229173035,0.999999999995571,"PEP","Cplx2",179.78,1000,780
"Ube2d3",2.10549337938259e-08,-0.670828839779415,0.000114836037675269,0.991449906795588,0.999999999995571,"PEP","Cplx2",179.78,1000,780
"Epb41l3",2.08047324204784e-08,-0.67453501962669,0.000112122999598582,0.99155150600509,0.999999999995571,"PEP","Cplx2",179.78,1000,780
"Capza2",2.06250998681376e-08,-0.677219087971651,0.000110195169951604,0.991624449435564,0.999999999995571,"PEP","Cplx2",179.78,1000,780
"Mlf2",2.02219172671743e-08,-0.68331584439495,0.000105929054851514,0.991788170137973,0.999999999995571,"PEP","Cplx2",179.78,1000,780
"Ctnnb1",2.01996064368541e-08,-0.683656197965767,0.000105695440858557,0.991797229926016,0.999999999995571,"PEP","Cplx2",179.78,1000,780
"Pomp",2.01591216288742e-08,-0.684274606052861,0.000105272187909044,0.991813669647635,0.999999999995571,"PEP","Cplx2",179.78,1000,780
"Tusc5",1.97053703291175e-08,-0.691278189090037,0.00010058648710006,0.991997925297706,0.999999999995571,"PEP","Cplx2",179.78,1000,780
"Bcas2",1.97034544647939e-08,-0.691308046746373,0.000100566928909507,0.991998703277273,0.999999999995571,"PEP","Cplx2",179.78,1000,780
"Usp22",1.90289036142235e-08,-0.701975726556108,9.37989488371118e-05,0.992272620207809,0.999999999995571,"PEP","Cplx2",179.78,1000,780
"Selenot",1.88610610487752e-08,-0.70467946647436,9.21515576130627e-05,0.992340776695349,0.999999999995571,"PEP","Cplx2",179.78,1000,780
"Atp2a2",1.87410807076709e-08,-0.706624646024752,9.09828843362641e-05,0.992389497616387,0.999999999995571,"PEP","Cplx2",179.78,1000,780
"Slc38a2",1.85464633941498e-08,-0.709802286110329,8.91030668196311e-05,0.992468526746564,0.999999999995571,"PEP","Cplx2",179.78,1000,780
"Snu13",1.84972968366312e-08,-0.710609499471434,8.86312696786229e-05,0.992488492044028,0.999999999995571,"PEP","Cplx2",179.78,1000,780
"Panx1",1.82885432029159e-08,-0.714057048684274,8.66420389439152e-05,0.9925732616755,0.999999999995571,"PEP","Cplx2",179.78,1000,780
"Syt9",1.76132451682086e-08,-0.725441228161179,8.03617155546195e-05,0.992847483893213,0.999999999995571,"PEP","Cplx2",179.78,1000,780
"Rbfox1",1.71915732593197e-08,-0.732737532447696,7.65599574431321e-05,0.993018715099018,0.999999999995571,"PEP","Cplx2",179.78,1000,780
"Eml1",1.69960236714248e-08,-0.736172432879,7.48281646863114e-05,0.993098123371765,0.999999999995571,"PEP","Cplx2",179.78,1000,780
"Gnao1",1.68548777879173e-08,-0.738672445854859,7.35904832020513e-05,0.993155439570952,0.999999999995571,"PEP","Cplx2",179.78,1000,780
"Surf4",1.6401625959687e-08,-0.746821540154018,6.96857929043853e-05,0.993339495279312,0.999999999995571,"PEP","Cplx2",179.78,1000,780
"Slc2a3",1.63908132990436e-08,-0.7470182468593,6.95939434175119e-05,0.993343886069971,0.999999999995571,"PEP","Cplx2",179.78,1000,780
"Ciapin1",1.60893820681612e-08,-0.752546429989443,6.7057779504845e-05,0.993466290938549,0.999999999995571,"PEP","Cplx2",179.78,1000,780
"6820431F20Rik",1.58735765533065e-08,-0.756558063017278,6.52709630215676e-05,0.993553925103497,0.999999999995571,"PEP","Cplx2",179.78,1000,780
"Chmp3",1.57717321505729e-08,-0.758467228063923,6.44360967018406e-05,0.993595282040259,0.999999999995571,"PEP","Cplx2",179.78,1000,780
"Pik3ip1",1.53521738440966e-08,-0.766443353195567,6.10534483105742e-05,0.993765656299823,0.999999999995571,"PEP","Cplx2",179.78,1000,780
"Wdr6",1.5249159554819e-08,-0.76842976218112,6.02368504083956e-05,0.993807488391696,0.999999999995571,"PEP","Cplx2",179.78,1000,780
"Nucks1",1.51347494725588e-08,-0.770649198826218,5.93363614670285e-05,0.993853948112582,0.999999999995571,"PEP","Cplx2",179.78,1000,780
"Mbnl2",1.47833765892134e-08,-0.777554914958795,5.6613202032203e-05,0.993996633972012,0.999999999995571,"PEP","Cplx2",179.78,1000,780
"Pja2",1.47508794844742e-08,-0.778200556030268,5.63645791223727e-05,0.994009830439272,0.999999999995571,"PEP","Cplx2",179.78,1000,780
"Gmfb",1.42707041309193e-08,-0.787882868255423,5.27547103837554e-05,0.994204820870799,0.999999999995571,"PEP","Cplx2",179.78,1000,780
"Cyb5r1",1.42214846538493e-08,-0.788890766280019,5.23914372776269e-05,0.99422480802026,0.999999999995571,"PEP","Cplx2",179.78,1000,780
"Camk2n1",1.4208618898802e-08,-0.789154710467512,5.22966861997988e-05,0.994230032573908,0.999999999995571,"PEP","Cplx2",179.78,1000,780
"Ubc",1.40392429502215e-08,-0.792648395294806,5.10572968501029e-05,0.994298813148583,0.999999999995571,"PEP","Cplx2",179.78,1000,780
"Zbtb4",1.3482777060615e-08,-0.804381950956912,4.70900493687848e-05,0.99452478439212,0.999999999995571,"PEP","Cplx2",179.78,1000,780
"Cadps",1.32028043559865e-08,-0.810440337655955,4.51546847330396e-05,0.994638476667686,0.999999999995571,"PEP","Cplx2",179.78,1000,780
"Tecr",1.26711334821871e-08,-0.822249301515453,4.15911923196972e-05,0.994854379696298,0.999999999995571,"PEP","Cplx2",179.78,1000,780
"Atp6ap2",1.26688656244392e-08,-0.822300559438276,4.15763058113979e-05,0.994855300637834,0.999999999995571,"PEP","Cplx2",179.78,1000,780
"Ndst1",1.21702856120022e-08,-0.83376159655259,3.83682489699403e-05,0.995057766341614,0.999999999995571,"PEP","Cplx2",179.78,1000,780
"Epn1",1.2016245231125e-08,-0.837382503188208,3.7403134997681e-05,0.995120319845031,0.999999999995571,"PEP","Cplx2",179.78,1000,780
"Wdr18",1.18663785378454e-08,-0.840943001186505,3.64759687764998e-05,0.995181178504893,0.999999999995571,"PEP","Cplx2",179.78,1000,780
"Zfr",1.17822210017928e-08,-0.842959025957054,3.59604210479696e-05,0.995215353654788,0.999999999995571,"PEP","Cplx2",179.78,1000,780
"Gfra3",1.1736940871528e-08,-0.844048748955444,3.56845539237408e-05,0.995233741259958,0.999999999995571,"PEP","Cplx2",179.78,1000,780
"Aplp2",1.15820357515701e-08,-0.847803697353982,3.47488343845715e-05,0.995296646004978,0.999999999995571,"PEP","Cplx2",179.78,1000,780
"Gprasp1",1.15585897852184e-08,-0.848375713821701,3.46082899441166e-05,0.995306167077823,0.999999999995571,"PEP","Cplx2",179.78,1000,780
"Rpl38",1.13896511523414e-08,-0.852526473581631,3.36040238157782e-05,0.995374770669039,0.999999999995571,"PEP","Cplx2",179.78,1000,780
"Rpl31",1.08571277989575e-08,-0.865958621082727,3.05351697514285e-05,0.995591021098138,0.999999999995571,"PEP","Cplx2",179.78,1000,780
"Klf6",1.06025435397492e-08,-0.872577122275152,2.91199461808956e-05,0.995694404389034,0.999999999995571,"PEP","Cplx2",179.78,1000,780
"Myl12b",1.02065239488505e-08,-0.883143483041357,2.69852320333097e-05,0.995855222835196,0.999999999995571,"PEP","Cplx2",179.78,1000,780
"Ubash3b",1.00754582799976e-08,-0.886716554748233,2.62966276469477e-05,0.995908446949629,0.999999999995571,"PEP","Cplx2",179.78,1000,780
"Aes",9.98685051253055e-09,-0.889154385554861,2.58361345292658e-05,0.995944429456341,0.999999999995571,"PEP","Cplx2",179.78,1000,780
"Impact",9.9242914444537e-09,-0.890886538309966,2.55134658005115e-05,0.995969833916829,0.999999999995571,"PEP","Cplx2",179.78,1000,780
"Lamp1",9.83767542577925e-09,-0.893300023514981,2.50700626004479e-05,0.996005007612877,0.999999999995571,"PEP","Cplx2",179.78,1000,780
"Eif4h",9.64189986080761e-09,-0.898821766356913,2.40821730117125e-05,0.996084509681778,0.999999999995571,"PEP","Cplx2",179.78,1000,780
"Atp6v1g2",9.46641072027667e-09,-0.903852154560019,2.3213526705179e-05,0.996155773714229,0.999999999995571,"PEP","Cplx2",179.78,1000,780
"Esyt1",9.31385513007059e-09,-0.908289348784536,2.24713619930025e-05,0.996217724732248,0.999999999995571,"PEP","Cplx2",179.78,1000,780
"Ret",9.07772605859917e-09,-0.9152795074989,2.13463971070437e-05,0.99631361399583,0.999999999995571,"PEP","Cplx2",179.78,1000,780
"Tnfrsf21",9.05078570422682e-09,-0.916086723870504,2.12198838910776e-05,0.996324554163131,0.999999999995571,"PEP","Cplx2",179.78,1000,780
"Fgf1",8.94976048123643e-09,-0.919131880693512,2.07488133570253e-05,0.996365579347552,0.999999999995571,"PEP","Cplx2",179.78,1000,780
"Jund",8.56306860996338e-09,-0.931061833580489,1.8994562121867e-05,0.996522610569429,0.999999999995571,"PEP","Cplx2",179.78,1000,780
"Rpl37",8.25954308882844e-09,-0.940747994971875,1.76718690679296e-05,0.996645868966102,0.999999999995571,"PEP","Cplx2",179.78,1000,780
"Ptges3",8.09131332837874e-09,-0.94624636363573,1.69593216507681e-05,0.996714185267776,0.999999999995571,"PEP","Cplx2",179.78,1000,780
"Hspb8",8.08756255030799e-09,-0.94637004560633,1.69436020992918e-05,0.996715708418805,0.999999999995571,"PEP","Cplx2",179.78,1000,780
"Copa",7.79118582815909e-09,-0.956299242891982,1.57245260579563e-05,0.996836063886637,0.999999999995571,"PEP","Cplx2",179.78,1000,780
"Stx7",7.72205251439234e-09,-0.958660997486887,1.54467081234111e-05,0.996864138208263,0.999999999995571,"PEP","Cplx2",179.78,1000,780
"Brd2",7.71609568833282e-09,-0.958865328402057,1.5422885994889e-05,0.99686655721372,0.999999999995571,"PEP","Cplx2",179.78,1000,780
"Skp1a",7.0918052396457e-09,-0.981054660882855,1.30281886678451e-05,0.997120075263903,0.999999999995571,"PEP","Cplx2",179.78,1000,780
"Spock2",6.98286198028048e-09,-0.985094202953771,1.26309889435185e-05,0.997164316052473,0.999999999995571,"PEP","Cplx2",179.78,1000,780
"Stx2",6.856125235115e-09,-0.989860827353992,1.21766527905412e-05,0.997215782611981,0.999999999995571,"PEP","Cplx2",179.78,1000,780
"Add1",6.72574695960335e-09,-0.994842452754533,1.17179458507081e-05,0.99726872797363,0.999999999995571,"PEP","Cplx2",179.78,1000,780
"Ccpg1",6.71049854525774e-09,-0.9954303772833,1.16648729219838e-05,0.997274920208586,0.999999999995571,"PEP","Cplx2",179.78,1000,780
"Swi5",6.50014150010679e-09,-1.00365797855835,1.09450074225271e-05,0.997360344205573,0.999999999995571,"PEP","Cplx2",179.78,1000,780
"Ggnbp2",6.42578323139882e-09,-1.00661998777745,1.06960292178738e-05,0.997390540399148,0.999999999995571,"PEP","Cplx2",179.78,1000,780
"Fam102b",6.42337132246398e-09,-1.0067165466611,1.06880012449667e-05,0.997391519852745,0.999999999995571,"PEP","Cplx2",179.78,1000,780
"B230219D22Rik",6.40206698978592e-09,-1.00757077703857,1.06172212397706e-05,0.997400171342602,0.999999999995571,"PEP","Cplx2",179.78,1000,780
"Atp6v1b2",6.27239700051443e-09,-1.01282232404343,1.01914860826695e-05,0.997452829116656,0.999999999995571,"PEP","Cplx2",179.78,1000,780
"Dync1i2",6.20139081914975e-09,-1.01573686957539,9.96204829382174e-06,0.99748166406981,0.999999999995571,"PEP","Cplx2",179.78,1000,780
"Scamp1",6.14580729239204e-09,-1.01803803971142,9.78426745357836e-06,0.997504236027949,0.999999999995571,"PEP","Cplx2",179.78,1000,780
"Deptor",6.12897592948872e-09,-1.01873831759019,9.73074900026244e-06,0.997511071089755,0.999999999995571,"PEP","Cplx2",179.78,1000,780
"Dnm1l",6.10905617036041e-09,-1.01956918471445,9.66760005380697e-06,0.997519160321124,0.999999999995571,"PEP","Cplx2",179.78,1000,780
"Prrt2",6.09715933873019e-09,-1.0200664983479,9.62998317243165e-06,0.997523991515388,0.999999999995571,"PEP","Cplx2",179.78,1000,780
"Lamtor1",6.07047615850863e-09,-1.02118489143069,9.54587964338276e-06,0.997534827310595,0.999999999995571,"PEP","Cplx2",179.78,1000,780
"Prkcb",5.98143316899499e-09,-1.02494721487014,9.26789165751007e-06,0.997570986856739,0.999999999995571,"PEP","Cplx2",179.78,1000,780
"Rb1cc1",5.96866949005913e-09,-1.02549037489376,9.22838066436755e-06,0.997576170070785,0.999999999995571,"PEP","Cplx2",179.78,1000,780
"Naca",5.66900310423254e-09,-1.03853255151063,8.32499206873458e-06,0.997697861896257,0.999999999995571,"PEP","Cplx2",179.78,1000,780
"Magee1",5.39752009347887e-09,-1.05085923452309,7.54673281293172e-06,0.997808108752773,0.999999999995571,"PEP","Cplx2",179.78,1000,780
"Cyb5r3",5.38377230905577e-09,-1.05149722722173,7.50833787436325e-06,0.99781369160792,0.999999999995571,"PEP","Cplx2",179.78,1000,780
"Cd44",5.37234145885341e-09,-1.05202874318307,7.47648824671128e-06,0.997818333576402,0.999999999995571,"PEP","Cplx2",179.78,1000,780
"Atxn7l3b",5.2382729476355e-09,-1.05833485589285,7.10798802121821e-06,0.997872777633942,0.999999999995571,"PEP","Cplx2",179.78,1000,780
"Atxn10",5.23125950589908e-09,-1.05866846822752,7.08896721505635e-06,0.997875625731969,0.999999999995571,"PEP","Cplx2",179.78,1000,780
"Epb41l1",4.89492054437168e-09,-1.07512745743905,6.20671397308185e-06,0.998012210106222,0.999999999995571,"PEP","Cplx2",179.78,1000,780
"Enah",4.81659331761731e-09,-1.07909671171899,6.00966683866973e-06,0.998044018131276,0.999999999995571,"PEP","Cplx2",179.78,1000,780
"H2afy",4.70219176346333e-09,-1.08499282186797,5.72757931100813e-06,0.998090475641494,0.999999999995571,"PEP","Cplx2",179.78,1000,780
"Araf",4.48799275871101e-09,-1.09636490712972,5.21764748427007e-06,0.998177460075428,0.999999999995571,"PEP","Cplx2",179.78,1000,780
"Hspa4",4.47401659113814e-09,-1.09712268511477,5.18520127756328e-06,0.998183135681578,0.999999999995571,"PEP","Cplx2",179.78,1000,780
"Hspa8",4.28828483721814e-09,-1.10738698860205,4.76362633663592e-06,0.998258559820534,0.999999999995571,"PEP","Cplx2",179.78,1000,780
"Arl2bp",4.26302301106503e-09,-1.1088118415724,4.70766762302652e-06,0.998268818441755,0.999999999995571,"PEP","Cplx2",179.78,1000,780
"Smarcc2",4.12731755025494e-09,-1.11659003426859,4.41271833513065e-06,0.998323927325581,0.999999999995571,"PEP","Cplx2",179.78,1000,780
"Hn1",3.92436507313021e-09,-1.1286343108499,3.98941524091541e-06,0.998406344690595,0.999999999995571,"PEP","Cplx2",179.78,1000,780
"Pygb",3.6604454063608e-09,-1.14510689496486,3.47086967302352e-06,0.998513520365185,0.999999999995571,"PEP","Cplx2",179.78,1000,780
"Ctsd",3.6120174203801e-09,-1.14823751353626,3.37963742908379e-06,0.998533186587538,0.999999999995571,"PEP","Cplx2",179.78,1000,780
"Rpl15",3.58968141900795e-09,-1.14969334200033,3.33796864549666e-06,0.998542257061463,0.999999999995571,"PEP","Cplx2",179.78,1000,780
"Hmgb1",3.49499564201189e-09,-1.15595080244739,3.16419846793442e-06,0.998580708210501,0.999999999995571,"PEP","Cplx2",179.78,1000,780
"Rps25",3.43311561140557e-09,-1.16011779802139,3.05314405728079e-06,0.998605837205837,0.999999999995571,"PEP","Cplx2",179.78,1000,780
"Bcl2l2",3.3404815247251e-09,-1.16647552149968,2.89060391860859e-06,0.998643455184832,0.999999999995571,"PEP","Cplx2",179.78,1000,780
"Syn2",3.20518130832801e-09,-1.17603360600382,2.66118852199989e-06,0.998698399551217,0.999999999995571,"PEP","Cplx2",179.78,1000,780
"Kif1b",3.18645096770746e-09,-1.17738343034455,2.63017665624723e-06,0.998706005797471,0.999999999995571,"PEP","Cplx2",179.78,1000,780
"Rpl3",3.09159672051103e-09,-1.18432357602159,2.47591718771859e-06,0.998744525374376,0.999999999995571,"PEP","Cplx2",179.78,1000,780
"Ube2v1",3.07767668853107e-09,-1.18535709169068,2.45367155874455e-06,0.99875017819206,0.999999999995571,"PEP","Cplx2",179.78,1000,780
"Nckap1",3.07734974604111e-09,-1.18538141333407,2.45315027794694e-06,0.998750310960886,0.999999999995571,"PEP","Cplx2",179.78,1000,780
"Luc7l2",3.03821622431297e-09,-1.18830843925203,2.39115536890188e-06,0.998766202782736,0.999999999995571,"PEP","Cplx2",179.78,1000,780
"Rpl18a",2.76845165825001e-09,-1.20939714729328,1.98538313151465e-06,0.998875752108838,0.999999999995571,"PEP","Cplx2",179.78,1000,780
"Rpn1",2.75077795088695e-09,-1.21083830929148,1.96011480033128e-06,0.998882929266925,0.999999999995571,"PEP","Cplx2",179.78,1000,780
"Vamp4",2.63701474556529e-09,-1.22030608386405,1.80133942939707e-06,0.99892912764116,0.999999999995571,"PEP","Cplx2",179.78,1000,780
"Msmo1",2.45159074011994e-09,-1.23650175556527,1.55692030786214e-06,0.999004426930056,0.999999999995571,"PEP","Cplx2",179.78,1000,780
"Rab5a",2.43088265072508e-09,-1.23837392220677,1.53072941192354e-06,0.999012836329403,0.999999999995571,"PEP","Cplx2",179.78,1000,780
"Rab10",2.39496796481166e-09,-1.24165295319891,1.48583250877583e-06,0.999027421013477,0.999999999995571,"PEP","Cplx2",179.78,1000,780
"Cisd1",2.36378441685421e-09,-1.24453377650744,1.44739200485896e-06,0.999040084418243,0.999999999995571,"PEP","Cplx2",179.78,1000,780
"Rab1a",2.29342467035009e-09,-1.25115322803261,1.3625090594355e-06,0.999068656984071,0.999999999995571,"PEP","Cplx2",179.78,1000,780
"Rps16",2.12668241633763e-09,-1.26755087259628,1.17159017063427e-06,0.999136369768676,0.999999999995571,"PEP","Cplx2",179.78,1000,780
"Phf24",2.1175569347866e-09,-1.26847914712789,1.16155727954332e-06,0.999140075558795,0.999999999995571,"PEP","Cplx2",179.78,1000,780
"Eif4g1",1.97694506488745e-09,-1.28322623403953,1.01241749545267e-06,0.999197176994608,0.999999999995571,"PEP","Cplx2",179.78,1000,780
"Etv5",1.7773245786753e-09,-1.30575780827853,8.18283760658066e-07,0.999278241398145,0.999999999995571,"PEP","Cplx2",179.78,1000,780
"Uhrf1bp1l",1.77352061149621e-09,-1.30620745654932,8.14784800975174e-07,0.999279786161167,0.999999999995571,"PEP","Cplx2",179.78,1000,780
"Glul",1.73140308330796e-09,-1.31124100433507,7.76545329465389e-07,0.999296889778973,0.999999999995571,"PEP","Cplx2",179.78,1000,780
"Rraga",1.71199860519333e-09,-1.31359483463149,7.59236803108015e-07,0.999304769794641,0.999999999995571,"PEP","Cplx2",179.78,1000,780
"Son",1.61256292523286e-09,-1.32602145924642,6.73602639186268e-07,0.999345149893076,0.999999999995571,"PEP","Cplx2",179.78,1000,780
"Atp6v0d1",1.49520789479782e-09,-1.34154625890738,5.79126718291045e-07,0.999392806910119,0.999999999995571,"PEP","Cplx2",179.78,1000,780
"Bag3",1.49051402181468e-09,-1.34218827144261,5.75496346297134e-07,0.999394713057554,0.999999999995571,"PEP","Cplx2",179.78,1000,780
"Parva",1.40688834720387e-09,-1.35392165135839,5.12731151077679e-07,0.999428672831998,0.999999999995571,"PEP","Cplx2",179.78,1000,780
"Pam",1.40413253409715e-09,-1.35431820837094,5.10724442662683e-07,0.99942979194755,0.999999999995571,"PEP","Cplx2",179.78,1000,780
"Sgsm1",1.36018383732931e-09,-1.36073260267196,4.79253903321401e-07,0.999447639192105,0.999999999995571,"PEP","Cplx2",179.78,1000,780
"Acbd5",1.35948187812495e-09,-1.36083646232113,4.78759367404971e-07,0.99944792425261,0.999999999995571,"PEP","Cplx2",179.78,1000,780
"Rian",1.2568489756418e-09,-1.37653129130084,4.09200946755258e-07,0.999489602725279,0.999999999995571,"PEP","Cplx2",179.78,1000,780
"Rpl29",1.17007564055387e-09,-1.39066648191154,3.54648653106738e-07,0.999524840744465,0.999999999995571,"PEP","Cplx2",179.78,1000,780
"Hnrnpu",1.14145058934349e-09,-1.39552324085495,3.37508466845754e-07,0.999536465169418,0.999999999995571,"PEP","Cplx2",179.78,1000,780
"Dmxl2",1.03021849066987e-09,-1.41542659292393,2.74934423579225e-07,0.999581635716015,0.999999999995571,"PEP","Cplx2",179.78,1000,780
"Ube2b",1.00392198720848e-09,-1.42039522805013,2.61078056283878e-07,0.999592314535092,0.999999999995571,"PEP","Cplx2",179.78,1000,780
"Igsf8",9.80222635131266e-10,-1.42496791144073,2.48897132215332e-07,0.999601938669917,0.999999999995571,"PEP","Cplx2",179.78,1000,780
"Cadm1",9.60282377247732e-10,-1.42888796720004,2.38873711064499e-07,0.999610036263925,0.999999999995571,"PEP","Cplx2",179.78,1000,780
"Map2k1",9.11993823613138e-10,-1.43867283141689,2.15453837127078e-07,0.999629645895261,0.999999999995571,"PEP","Cplx2",179.78,1000,780
"Tmem100",9.05377339237956e-10,-1.44004733727513,2.12338956822668e-07,0.999632332801586,0.999999999995571,"PEP","Cplx2",179.78,1000,780
"Rab7",8.94776592805254e-10,-1.4422672623658,2.07395661821271e-07,0.99963663768785,0.999999999995571,"PEP","Cplx2",179.78,1000,780
"Adcy5",8.65456249798508e-10,-1.44852471123723,1.94026332990242e-07,0.999648544466607,0.999999999995571,"PEP","Cplx2",179.78,1000,780
"Atp6v1a",8.51727927055069e-10,-1.4515161099528,1.87919658129059e-07,0.999654119438985,0.999999999995571,"PEP","Cplx2",179.78,1000,780
"Pcbp2",7.83189656888378e-10,-1.46708756123804,1.58892839270883e-07,0.99968195233406,0.999999999995571,"PEP","Cplx2",179.78,1000,780
"Hnrnpa2b1",7.62271802006586e-10,-1.47206847409969,1.50518592324695e-07,0.999690446923493,0.999999999995571,"PEP","Cplx2",179.78,1000,780
"Tmtc1",7.14021905513835e-10,-1.4840118728075,1.32066756004397e-07,0.999710040857286,0.999999999995571,"PEP","Cplx2",179.78,1000,780
"Srp14",7.13679834960062e-10,-1.48409894183836,1.31940246364805e-07,0.999710179769663,0.999999999995571,"PEP","Cplx2",179.78,1000,780
"Idi1",6.89686050425972e-10,-1.49029571007612,1.23217763833394e-07,0.999719923471991,0.999999999995571,"PEP","Cplx2",179.78,1000,780
"Mat2a",6.62991756292562e-10,-1.49740695395835,1.13864067964058e-07,0.999730763831782,0.999999999995571,"PEP","Cplx2",179.78,1000,780
"Rps3a1",6.0968458930705e-10,-1.51236087214602,9.62899307239558e-08,0.999752411486916,0.999999999995571,"PEP","Cplx2",179.78,1000,780
"Clta",6.05664849495356e-10,-1.51353258854488,9.50244091687817e-08,0.999754043874201,0.999999999995571,"PEP","Cplx2",179.78,1000,780
"Tmem57",5.78747148447075e-10,-1.52155207460131,8.67657184510443e-08,0.999764974958075,0.999999999995571,"PEP","Cplx2",179.78,1000,780
"Crmp1",5.76728906085952e-10,-1.52216593156661,8.6161624195391e-08,0.999765794551714,0.999999999995571,"PEP","Cplx2",179.78,1000,780
"Srebf2",5.21149423701385e-10,-1.5398259245026,7.03549992135726e-08,0.999788364978007,0.999999999995571,"PEP","Cplx2",179.78,1000,780
"Tmem179",4.92030025485736e-10,-1.54972093887411,6.27124330610211e-08,0.999800190155334,0.999999999995571,"PEP","Cplx2",179.78,1000,780
"H2-Q4",4.87978778981663e-10,-1.55113641282372,6.16839690820124e-08,0.999801835337287,0.999999999995571,"PEP","Cplx2",179.78,1000,780
"Fth1",4.82418945206444e-10,-1.55309516748861,6.02863719021347e-08,0.999804093145638,0.999999999995571,"PEP","Cplx2",179.78,1000,780
"Pebp1",4.25613864233207e-10,-1.57428011167358,4.69247504688942e-08,0.999827161278949,0.999999999995571,"PEP","Cplx2",179.78,1000,780
"Plekha6",3.99351837136715e-10,-1.58489017836231,4.13125318958702e-08,0.999837826098618,0.999999999995571,"PEP","Cplx2",179.78,1000,780
"Gpx3",3.94658214138401e-10,-1.58684799092728,4.03471377917022e-08,0.999839732145047,0.999999999995571,"PEP","Cplx2",179.78,1000,780
"Oxct1",3.67859122913874e-10,-1.5984174805423,3.50536705674515e-08,0.999850615062618,0.999999999995571,"PEP","Cplx2",179.78,1000,780
"D130043K22Rik",3.40203501631286e-10,-1.6111261184252,2.99811300034645e-08,0.999861845810895,0.999999999995571,"PEP","Cplx2",179.78,1000,780
"Bdnf",3.13522616185681e-10,-1.62423975515383,2.54629189534932e-08,0.999872680726006,0.999999999995571,"PEP","Cplx2",179.78,1000,780
"Selenof",3.02024440167505e-10,-1.63018274695438,2.36295045018346e-08,0.99987735005235,0.999999999995571,"PEP","Cplx2",179.78,1000,780
"Elavl4",2.93065340999527e-10,-1.63494688125186,2.22484294653263e-08,0.999880988277902,0.999999999995571,"PEP","Cplx2",179.78,1000,780
"Mid1ip1",2.91569084621518e-10,-1.63575445380556,2.20218289786592e-08,0.999881595896825,0.999999999995571,"PEP","Cplx2",179.78,1000,780
"Kif21a",2.89240543241415e-10,-1.63701820127951,2.16714902046755e-08,0.999882541500685,0.999999999995571,"PEP","Cplx2",179.78,1000,780
"Synrg",2.81123768010003e-10,-1.64149137467254,2.04722496637832e-08,0.999885837664566,0.999999999995571,"PEP","Cplx2",179.78,1000,780
"Rack1",2.70690840071022e-10,-1.64740350429735,1.89809331059037e-08,0.999890074401358,0.999999999995571,"PEP","Cplx2",179.78,1000,780
"Rtn3",2.67054344658861e-10,-1.6495093592211,1.8474374132569e-08,0.999891551155919,0.999999999995571,"PEP","Cplx2",179.78,1000,780
"Rusc1",2.62176931675051e-10,-1.65237204818811,1.78057139371283e-08,0.999893531838157,0.999999999995571,"PEP","Cplx2",179.78,1000,780
"Mtpn",2.49690044584698e-10,-1.65991068856028,1.61500136086212e-08,0.999898602672955,0.999999999995571,"PEP","Cplx2",179.78,1000,780
"Lgals9",2.39293606024588e-10,-1.6664334077606,1.4833124006117e-08,0.999902824591683,0.999999999995571,"PEP","Cplx2",179.78,1000,780
"Rps19",2.31609024114884e-10,-1.6714098472616,1.38957308055258e-08,0.999905945244983,0.999999999995571,"PEP","Cplx2",179.78,1000,780
"Copg1",2.24812671568004e-10,-1.67592829044911,1.30921813376029e-08,0.999908705194745,0.999999999995571,"PEP","Cplx2",179.78,1000,780
"Ttc3",2.03020942096457e-10,-1.69123633518624,1.06770706462462e-08,0.999917554658954,0.999999999995571,"PEP","Cplx2",179.78,1000,780
"Tmem176b",2.01854134936254e-10,-1.69209436408514,1.05546962483507e-08,0.999918028490929,0.999999999995571,"PEP","Cplx2",179.78,1000,780
"Tsn",1.94093579650996e-10,-1.69790989732022,9.75871822628158e-09,0.999921179996476,0.999999999995571,"PEP","Cplx2",179.78,1000,780
"Calr",1.77802560121199e-10,-1.71078436059461,8.18929392292017e-09,0.99992779566205,0.999999999995571,"PEP","Cplx2",179.78,1000,780
"Pabpc1",1.75550623959765e-10,-1.71264141879608,7.98316661904082e-09,0.999928710157089,0.999999999995571,"PEP","Cplx2",179.78,1000,780
"Tspan7",1.70554730406563e-10,-1.71683397219598,7.53525540759048e-09,0.999930738953442,0.999999999995571,"PEP","Cplx2",179.78,1000,780
"Arxes2",1.69926795572541e-10,-1.71736822462418,7.4798721410297e-09,0.999930993953251,0.999999999995571,"PEP","Cplx2",179.78,1000,780
"Wdr1",1.63217825705163e-10,-1.72318252366436,6.90089810814985e-09,0.999933718417546,0.999999999995571,"PEP","Cplx2",179.78,1000,780
"Dnaja2",1.59077430631262e-10,-1.72687196882729,6.55522456953754e-09,0.999935399802135,0.999999999995571,"PEP","Cplx2",179.78,1000,780
"Clgn",1.58160738478397e-10,-1.72769973443197,6.4798925887003e-09,0.99993577206421,0.999999999995571,"PEP","Cplx2",179.78,1000,780
"Capns1",1.57014152201005e-10,-1.72874079688246,6.38628117812478e-09,0.999936237684631,0.999999999995571,"PEP","Cplx2",179.78,1000,780
"Zdhhc2",1.50511017233749e-10,-1.73476951210647,5.86822856008919e-09,0.999938878560858,0.999999999995571,"PEP","Cplx2",179.78,1000,780
"Spcs2",1.42250434642425e-10,-1.7427520191395,5.24176616170661e-09,0.999942233123896,0.999999999995571,"PEP","Cplx2",179.78,1000,780
"Ywhah",1.40245346001466e-10,-1.74474833221223,5.09503715381302e-09,0.999943047375938,0.999999999995571,"PEP","Cplx2",179.78,1000,780
"Hspa12a",1.30946091691323e-10,-1.75433351667248,4.44176441261264e-09,0.999946823736074,0.999999999995571,"PEP","Cplx2",179.78,1000,780
"Rps23",1.30426992444261e-10,-1.75488528066098,4.4066179435966e-09,0.999947034538536,0.999999999995571,"PEP","Cplx2",179.78,1000,780
"Rps6",1.14841931886014e-10,-1.77238033098654,3.41642127841501e-09,0.999953363519278,0.999999999995571,"PEP","Cplx2",179.78,1000,780
"Dnajb6",1.11771307698047e-10,-1.77606097168655,3.23616832686168e-09,0.999954610477626,0.999999999995571,"PEP","Cplx2",179.78,1000,780
"Eif1",1.07264407836805e-10,-1.78162047349886,2.98044915857976e-09,0.99995644069717,0.999999999995571,"PEP","Cplx2",179.78,1000,780
"Jph4",9.2382928540496e-11,-1.80149363151039,2.21082256885391e-09,0.999962483958638,0.999999999995571,"PEP","Cplx2",179.78,1000,780
"Ankrd46",8.75339065327666e-11,-1.80855316089701,1.98482883540318e-09,0.999964453111521,0.999999999995571,"PEP","Cplx2",179.78,1000,780
"Clic1",8.72680267281885e-11,-1.80894968556301,1.97278951364987e-09,0.999964561083393,0.999999999995571,"PEP","Cplx2",179.78,1000,780
"Actr1a",8.59941366397124e-11,-1.81086375372487,1.91561451932792e-09,0.999965078400975,0.999999999995571,"PEP","Cplx2",179.78,1000,780
"Gnaz",7.96321412383097e-11,-1.82079621877422,1.64265827640037e-09,0.999967661961447,0.999999999995571,"PEP","Cplx2",179.78,1000,780
"Cox7a2l",7.90304357510003e-11,-1.82176983527214,1.61792800316658e-09,0.999967906309708,0.999999999995571,"PEP","Cplx2",179.78,1000,780
"Ubqln1",7.17243721595674e-11,-1.83411910667945,1.33261270502654e-09,0.999970873249468,0.999999999995571,"PEP","Cplx2",179.78,1000,780
"Rheb",7.02085067401231e-11,-1.83681320703391,1.27687949000344e-09,0.999971488831488,0.999999999995571,"PEP","Cplx2",179.78,1000,780
"Gap43",6.95867684935128e-11,-1.83793238280366,1.25436456439333e-09,0.999971741314908,0.999999999995571,"PEP","Cplx2",179.78,1000,780
"Eif3h",6.92299608245939e-11,-1.83857847070957,1.24153398032216e-09,0.999971886211931,0.999999999995571,"PEP","Cplx2",179.78,1000,780
"Rfk",6.90870411993e-11,-1.83883804830524,1.23641317960634e-09,0.99997194425056,0.999999999995571,"PEP","Cplx2",179.78,1000,780
"Nrip3",6.73054643843391e-11,-1.84211237174454,1.17346756205822e-09,0.999972667736063,0.999999999995571,"PEP","Cplx2",179.78,1000,780
"Cacna1c",6.16157922460496e-11,-1.85308221374938,9.83455045355529e-10,0.999974978270905,0.999999999995571,"PEP","Cplx2",179.78,1000,780
"Anxa2",6.06982409353973e-11,-1.85493048471418,9.5438289971917e-10,0.999975350881878,0.999999999995571,"PEP","Cplx2",179.78,1000,780
"Ndrg2",5.48040934279792e-11,-1.8673983535367,7.78030164149463e-10,0.999977744452694,0.999999999995571,"PEP","Cplx2",179.78,1000,780
"Exoc4",5.10851477115223e-11,-1.8758590710629,6.76020312971405e-10,0.999979254689743,0.999999999995571,"PEP","Cplx2",179.78,1000,780
"Cartpt",5.03283961553521e-11,-1.87764390535817,6.56140160047164e-10,0.999979562001095,0.999999999995571,"PEP","Cplx2",179.78,1000,780
"Sh3bgrl2",4.58929101841423e-11,-1.88858430105339,5.45584012310883e-10,0.999981363219976,0.999999999995571,"PEP","Cplx2",179.78,1000,780
"Ddx17",4.36816195658096e-11,-1.89437508629933,4.94274155926416e-10,0.999982261209157,0.999999999995571,"PEP","Cplx2",179.78,1000,780
"Nap1l5",4.33114614088707e-11,-1.89536843978741,4.8593268817476e-10,0.999982411527716,0.999999999995571,"PEP","Cplx2",179.78,1000,780
"Dok4",4.04374325632878e-11,-1.90333430505093,4.2358208750132e-10,0.999983578650114,0.999999999995571,"PEP","Cplx2",179.78,1000,780
"Sptbn1",3.94766829575871e-11,-1.90610361914231,4.03693490362826e-10,0.999983968803603,0.999999999995571,"PEP","Cplx2",179.78,1000,780
"Zmat4",3.28647418614159e-11,-1.92687253557275,2.79789163395826e-10,0.999986653865223,0.999999999995571,"PEP","Cplx2",179.78,1000,780
"Timm17a",2.42237609709033e-11,-1.9601290613534,1.52003498469884e-10,0.999990162905277,0.999999999995571,"PEP","Cplx2",179.78,1000,780
"Atf5",2.35983690276991e-11,-1.96290649328781,1.44256175939763e-10,0.999990416872437,0.999999999995571,"PEP","Cplx2",179.78,1000,780
"Zmynd11",1.87780498216053e-11,-1.98668630622216,9.13421884966409e-11,0.999992374369321,0.999999999995571,"PEP","Cplx2",179.78,1000,780
"Trpa1",1.86928830433488e-11,-1.98715073889538,9.0515512813583e-11,0.999992408954936,0.999999999995571,"PEP","Cplx2",179.78,1000,780
"Rbx1",1.8660135394541e-11,-1.98732979308724,9.01986463584466e-11,0.99999242225352,0.999999999995571,"PEP","Cplx2",179.78,1000,780
"Slc9a6",1.65974336062383e-11,-1.99918019817475,7.13595855279259e-11,0.999993259901848,0.999999999995571,"PEP","Cplx2",179.78,1000,780
"Bnip3l",1.6313002220314e-11,-2.00091035235886,6.89347538897856e-11,0.999993375407384,0.999999999995571,"PEP","Cplx2",179.78,1000,780
"Cacybp",1.38568969900717e-11,-2.01701234066367,4.9739614593787e-11,0.999994372814014,0.999999999995571,"PEP","Cplx2",179.78,1000,780
"Purb",1.28777140798709e-11,-2.02410971670858,4.29583899076176e-11,0.999994770453136,0.999999999995571,"PEP","Cplx2",179.78,1000,780
"Msl1",1.00208741665809e-11,-2.04778821908569,2.60124738222649e-11,0.999995930595232,0.999999999995571,"PEP","Cplx2",179.78,1000,780
"Pou4f3",9.31224182039126e-12,-2.05453603092151,2.24635778637713e-11,0.99999621836572,0.999999999995571,"PEP","Cplx2",179.78,1000,780
"Klf9",9.06959600698096e-12,-2.05694610671951,2.1308178373772e-11,0.999996316902436,0.999999999995571,"PEP","Cplx2",179.78,1000,780
"Hnrnph1",8.27170556659974e-12,-2.0652737881291,1.7723952327563e-11,0.999996640919993,0.999999999995571,"PEP","Cplx2",179.78,1000,780
"Rap1b",7.95464730492829e-12,-2.06877179914921,1.63912583679998e-11,0.999996769675067,0.999999999995571,"PEP","Cplx2",179.78,1000,780
"Ppm1a",7.79140838069408e-12,-2.07061877124952,1.57254244021094e-11,0.999996835965218,0.999999999995571,"PEP","Cplx2",179.78,1000,780
"Npm1",7.57044888464037e-12,-2.07317142416946,1.48461451304839e-11,0.999996925695276,0.999999999995571,"PEP","Cplx2",179.78,1000,780
"Tex261",7.50047670987534e-12,-2.07399286096698,1.45729734107617e-11,0.999996954110472,0.999999999995571,"PEP","Cplx2",179.78,1000,780
"Hsph1",6.85125619533723e-12,-2.08193880420109,1.21593638548347e-11,0.999997217754244,0.999999999995571,"PEP","Cplx2",179.78,1000,780
"Sdha",6.3344597422854e-12,-2.08873077345633,1.0394164831325e-11,0.999997427621558,0.999999999995571,"PEP","Cplx2",179.78,1000,780
"Clip4",5.80051530932643e-12,-2.09625701369578,8.71572649897648e-12,0.999997644452543,0.999999999995571,"PEP","Cplx2",179.78,1000,780
"Eml2",3.35379948895136e-12,-2.14079875833154,2.91369861312938e-12,0.999998638046202,0.999999999995571,"PEP","Cplx2",179.78,1000,780
"BC005537",3.03097894591319e-12,-2.14861317885451,2.37977708353847e-12,0.999998769141298,0.999999999995571,"PEP","Cplx2",179.78,1000,780
"Cacna2d2",2.48555462866921e-12,-2.16357292622449,1.60035770171368e-12,0.999998990634181,0.999999999995571,"PEP","Cplx2",179.78,1000,780
"Cand1",1.4813535539844e-16,-2.53214394695104,5.68444261165346e-21,0.999999999939843,0.999999999995571,"PEP","Cplx2",179.78,1000,780
"Akirin1",4.35326880685022e-17,-2.54988636893607,4.90909468447441e-22,0.999999999982322,0.999999999995571,"PEP","Cplx2",179.78,1000,780
"Cers4",1.09072234709657e-17,-2.56620835017445,3.0817603358305e-23,0.999999999995571,0.999999999995571,"PEP","Cplx2",179.78,1000,780
"Cplx2",4.12211568584069e-05,4.90608355322156,991.419719067021,1.31618734494573e-217,1.31618734494573e-214,"TRPM8","Cplx2",163.53,1000,909
"Cplx1",1.05252805032704e-06,2.22911171832985,0.646375011269641,0.421411696859027,0.999999999997809,"TRPM8","Cplx2",163.53,1000,909
"Rtn1",9.25798057677468e-07,2.15486144341711,0.500091797548252,0.47945978992061,0.999999999997809,"TRPM8","Cplx2",163.53,1000,909
"Syt11",7.83695697351419e-07,2.06008580673392,0.358353891976676,0.549421866006097,0.999999999997809,"TRPM8","Cplx2",163.53,1000,909
"Efr3a",7.38028930783915e-07,2.02639323180256,0.317807376933776,0.572928320135712,0.999999999997809,"TRPM8","Cplx2",163.53,1000,909
"Atp1b1",7.35220285659157e-07,2.02426155112633,0.31539308219122,0.574389477050224,0.999999999997809,"TRPM8","Cplx2",163.53,1000,909
"Rgs4",6.94856140687738e-07,1.99280525575676,0.281713072656012,0.595580600335171,0.999999999997809,"TRPM8","Cplx2",163.53,1000,909
"Nefh",6.84287370188456e-07,1.98430294333128,0.27320852677626,0.601187541099372,0.999999999997809,"TRPM8","Cplx2",163.53,1000,909
"Parm1",5.76649019941614e-07,1.89040195021976,0.194017237781712,0.659593927127371,0.999999999997809,"TRPM8","Cplx2",163.53,1000,909
"Nefm",5.74643926096493e-07,1.88851047362221,0.192670330352515,0.660703355809609,0.999999999997809,"TRPM8","Cplx2",163.53,1000,909
"Bcam",5.73023435361039e-07,1.88697754932066,0.191585205315305,0.661600526878459,0.999999999997809,"TRPM8","Cplx2",163.53,1000,909
"mt-Nd4",5.669288911507e-07,1.88117789757665,0.187531565828289,0.664979063819777,0.999999999997809,"TRPM8","Cplx2",163.53,1000,909
"Tac1",5.27144141872367e-07,1.84190744424657,0.162134699109071,0.687198707833741,0.999999999997809,"TRPM8","Cplx2",163.53,1000,909
"mt-Co1",5.09957722496988e-07,1.82412913855949,0.151734922256025,0.696882887369687,0.999999999997809,"TRPM8","Cplx2",163.53,1000,909
"Cpne6",5.01309632533945e-07,1.81498248250044,0.146632182876895,0.701774766984817,0.999999999997809,"TRPM8","Cplx2",163.53,1000,909
"Atp1b3",4.97401199816254e-07,1.81080299398528,0.144354676501872,0.703989687527969,0.999999999997809,"TRPM8","Cplx2",163.53,1000,909
"Hjurp",4.81317662683828e-07,1.79329335554862,0.135170150981741,0.713130547359772,0.999999999997809,"TRPM8","Cplx2",163.53,1000,909
"Stmn1",4.74639501899502e-07,1.78587105875159,0.131445269111876,0.716938215901342,0.999999999997809,"TRPM8","Cplx2",163.53,1000,909
"Scn4b",4.38050292499748e-07,1.74349104776574,0.111960582697834,0.737922986239157,0.999999999997809,"TRPM8","Cplx2",163.53,1000,909
"Timp2",4.33187686772285e-07,1.73762575543286,0.109488727323183,0.740726964826115,0.999999999997809,"TRPM8","Cplx2",163.53,1000,909
"Pik3r1",4.32148229591862e-07,1.73636443039489,0.108963909550018,0.741326807136555,0.999999999997809,"TRPM8","Cplx2",163.53,1000,909
"Ndrg4",4.29767833889157e-07,1.73346583942785,0.107766807063084,0.742701060178607,0.999999999997809,"TRPM8","Cplx2",163.53,1000,909
"Cd9",4.2348223404706e-07,1.72574329573964,0.10463755705869,0.746333803883417,0.999999999997809,"TRPM8","Cplx2",163.53,1000,909
"Pcp4l1",4.19838698823205e-07,1.72122041284042,0.102844752063103,0.748442164152949,0.999999999997809,"TRPM8","Cplx2",163.53,1000,909
"Cadm1",4.13935083038002e-07,1.71381797395536,0.0999727581137646,0.751862327819762,0.999999999997809,"TRPM8","Cplx2",163.53,1000,909
"Dner",4.12462669197837e-07,1.71195724004756,0.0992627942912645,0.752716109586212,0.999999999997809,"TRPM8","Cplx2",163.53,1000,909
"Nrip3",3.94501345904974e-07,1.68877443054975,0.0908059234189188,0.763155080293467,0.999999999997809,"TRPM8","Cplx2",163.53,1000,909
"mt-Cytb",3.88228784864436e-07,1.68045873069262,0.0879412563928796,0.766810920439195,0.999999999997809,"TRPM8","Cplx2",163.53,1000,909
"Celf4",3.72107110210029e-07,1.65852927464108,0.0807891684308158,0.776230789393063,0.999999999997809,"TRPM8","Cplx2",163.53,1000,909
"Sptbn2",3.71539279247574e-07,1.65774171526314,0.080542789966273,0.776563181991072,0.999999999997809,"TRPM8","Cplx2",163.53,1000,909
"Tomm70a",3.66941501319814e-07,1.65132538787473,0.0785616991313323,0.779256096502644,0.999999999997809,"TRPM8","Cplx2",163.53,1000,909
"Thy1",3.62237090885704e-07,1.64468644264825,0.0765601958100246,0.782014210460664,0.999999999997809,"TRPM8","Cplx2",163.53,1000,909
"Fgf13",3.51983295998087e-07,1.62994850633854,0.0722871842360683,0.788035294535204,0.999999999997809,"TRPM8","Cplx2",163.53,1000,909
"Nrxn1",3.39942458575519e-07,1.61215070732067,0.0674260972865078,0.795121917805311,0.999999999997809,"TRPM8","Cplx2",163.53,1000,909
"Eef1a1",3.37681463887115e-07,1.60874683353904,0.0665321632516604,0.796454530610663,0.999999999997809,"TRPM8","Cplx2",163.53,1000,909
"Pkm",3.26829534098593e-07,1.59212435717573,0.0623246417006596,0.802858772900744,0.999999999997809,"TRPM8","Cplx2",163.53,1000,909
"Nefl",3.18974582619871e-07,1.57978607989242,0.059364847488679,0.807502655614664,0.999999999997809,"TRPM8","Cplx2",163.53,1000,909
"Aco2",3.18756421207572e-07,1.57943959112243,0.0592836705501956,0.807631731317981,0.999999999997809,"TRPM8","Cplx2",163.53,1000,909
"mt-Nd1",3.12965868248445e-07,1.57016559196644,0.0571493313576424,0.811059629201491,0.999999999997809,"TRPM8","Cplx2",163.53,1000,909
"Rgs7bp",3.10026253213454e-07,1.56539952832421,0.056080792757848,0.812801217527524,0.999999999997809,"TRPM8","Cplx2",163.53,1000,909
"Nedd4",3.0168714244281e-07,1.55165891496662,0.0531044363544802,0.817746775276854,0.999999999997809,"TRPM8","Cplx2",163.53,1000,909
"Utrn",2.95932829120239e-07,1.54198068615259,0.0510979518561073,0.821163651559665,0.999999999997809,"TRPM8","Cplx2",163.53,1000,909
"Rtn4",2.91678708759729e-07,1.53471836034991,0.0496394154008571,0.823691909652449,0.999999999997809,"TRPM8","Cplx2",163.53,1000,909
"Scg2",2.90846885914814e-07,1.53328742465111,0.0493566911537805,0.824186483507937,0.999999999997809,"TRPM8","Cplx2",163.53,1000,909
"Tuba1b",2.86600697683017e-07,1.52592623386045,0.0479260556078316,0.826712207875256,0.999999999997809,"TRPM8","Cplx2",163.53,1000,909
"Tubb5",2.73710615344529e-07,1.502975349011,0.0437119803865048,0.83439039105541,0.999999999997809,"TRPM8","Cplx2",163.53,1000,909
"mt-Co2",2.70915644978227e-07,1.497873414905,0.0428238167537405,0.836057371607847,0.999999999997809,"TRPM8","Cplx2",163.53,1000,909
"Eno2",2.70008058844432e-07,1.49620672311415,0.0425373718724518,0.83659883432512,0.999999999997809,"TRPM8","Cplx2",163.53,1000,909
"Nat8l",2.65919195169645e-07,1.48863611329529,0.0412587984425343,0.839039192650687,0.999999999997809,"TRPM8","Cplx2",163.53,1000,909
"Ldhb",2.59547688589051e-07,1.47663199181943,0.0393053377011753,0.842844980124951,0.999999999997809,"TRPM8","Cplx2",163.53,1000,909
"Gnao1",2.55302579808474e-07,1.46848898246354,0.0380301122621634,0.845382685990255,0.999999999997809,"TRPM8","Cplx2",163.53,1000,909
"Ciapin1",2.50321660336879e-07,1.45878087466,0.0365606629583908,0.848362300808109,0.999999999997809,"TRPM8","Cplx2",163.53,1000,909
"mt-Co3",2.49875624698174e-07,1.45790323537032,0.0364304878069552,0.848629228304647,0.999999999997809,"TRPM8","Cplx2",163.53,1000,909
"Scn1b",2.49067832465748e-07,1.45631026521825,0.0361953252328013,0.849112691147212,0.999999999997809,"TRPM8","Cplx2",163.53,1000,909
"mt-Atp6",2.43942600286734e-07,1.44609579726401,0.0347210218752264,0.852181452570089,0.999999999997809,"TRPM8","Cplx2",163.53,1000,909
"Dusp1",2.36038797244869e-07,1.42996649063888,0.0325075311019037,0.856918272388535,0.999999999997809,"TRPM8","Cplx2",163.53,1000,909
"Syt4",2.3392434897456e-07,1.42557082066344,0.0319277312928582,0.858186361731433,0.999999999997809,"TRPM8","Cplx2",163.53,1000,909
"Eef2",2.23021525295605e-07,1.40233323038367,0.0290208924829231,0.864730806188646,0.999999999997809,"TRPM8","Cplx2",163.53,1000,909
"Basp1",2.22125148095383e-07,1.40037846518307,0.0287880773882941,0.865269277973021,0.999999999997809,"TRPM8","Cplx2",163.53,1000,909
"Tprgl",2.21914109693647e-07,1.39991723383717,0.0287334009699222,0.865396062086084,0.999999999997809,"TRPM8","Cplx2",163.53,1000,909
"Cox5b",2.21778518764201e-07,1.39962069127071,0.028698299116217,0.865477521959782,0.999999999997809,"TRPM8","Cplx2",163.53,1000,909
"Scn8a",2.20563099675999e-07,1.39695535919134,0.0283846088404281,0.866207781178542,0.999999999997809,"TRPM8","Cplx2",163.53,1000,909
"Kcnk1",2.17246237941772e-07,1.38961524027844,0.0275373237021792,0.868201227835422,0.999999999997809,"TRPM8","Cplx2",163.53,1000,909
"Scn7a",2.15886455257326e-07,1.38657748581206,0.027193680566563,0.869018705441941,0.999999999997809,"TRPM8","Cplx2",163.53,1000,909
"Adora1",2.13468019027663e-07,1.38113276060794,0.0265878267696222,0.87047297252563,0.999999999997809,"TRPM8","Cplx2",163.53,1000,909
"Map1lc3b",2.12645737472587e-07,1.37926912805571,0.0263833879784607,0.870967531341977,0.999999999997809,"TRPM8","Cplx2",163.53,1000,909
"Peg3",2.11653632166841e-07,1.3770121257823,0.0261377772350956,0.871564297301183,0.999999999997809,"TRPM8","Cplx2",163.53,1000,909
"Dynlrb1",2.11425051210752e-07,1.37649079052649,0.026081351348741,0.871701802490406,0.999999999997809,"TRPM8","Cplx2",163.53,1000,909
"Rbfox1",2.09192485167368e-07,1.37137256757839,0.0255334417724315,0.873045028456095,0.999999999997809,"TRPM8","Cplx2",163.53,1000,909
"Laptm4b",2.00025555488749e-07,1.34983885856875,0.0233446932183565,0.878564118526611,0.999999999997809,"TRPM8","Cplx2",163.53,1000,909
"Ddx5",1.97858715091964e-07,1.34462184063369,0.0228416551005467,0.879869571003908,0.999999999997809,"TRPM8","Cplx2",163.53,1000,909
"Hpcal1",1.91660379916191e-07,1.32941512784009,0.0214329470052076,0.883605662344072,0.999999999997809,"TRPM8","Cplx2",163.53,1000,909
"Ehd3",1.88413258450935e-07,1.32127485587749,0.0207128624704909,0.885563927508597,0.999999999997809,"TRPM8","Cplx2",163.53,1000,909
"Atp1a1",1.86951032451179e-07,1.3175687045802,0.0203926157746602,0.886445991795508,0.999999999997809,"TRPM8","Cplx2",163.53,1000,909
"Tubb2b",1.85364235041995e-07,1.31351777954113,0.0200479092299636,0.88740336093512,0.999999999997809,"TRPM8","Cplx2",163.53,1000,909
"Elovl5",1.82323201070209e-07,1.30566812647722,0.019395504257054,0.889238578750941,0.999999999997809,"TRPM8","Cplx2",163.53,1000,909
"Tmx2",1.75571074723147e-07,1.28781790891805,0.0179855256825401,0.893315493217907,0.999999999997809,"TRPM8","Cplx2",163.53,1000,909
"Hmgcs1",1.75129642951337e-07,1.2866299525528,0.0178951987122732,0.893582127847807,0.999999999997809,"TRPM8","Cplx2",163.53,1000,909
"Cyc1",1.74747536600056e-07,1.28559951531461,0.0178171946762571,0.893812938313696,0.999999999997809,"TRPM8","Cplx2",163.53,1000,909
"Itm2c",1.74547582849313e-07,1.28505950204981,0.0177764435821602,0.89393372350392,0.999999999997809,"TRPM8","Cplx2",163.53,1000,909
"Tppp3",1.7423821522231e-07,1.28422291976426,0.017713485591361,0.894120606703046,0.999999999997809,"TRPM8","Cplx2",163.53,1000,909
"App",1.72946679108299e-07,1.28071617711297,0.0174518573774318,0.894900862893958,0.999999999997809,"TRPM8","Cplx2",163.53,1000,909
"Dynll2",1.72430896069225e-07,1.2793092812521,0.0173479184110654,0.895212491549959,0.999999999997809,"TRPM8","Cplx2",163.53,1000,909
"Prkacb",1.72336789529204e-07,1.27905218759647,0.0173289878467478,0.89526935110686,0.999999999997809,"TRPM8","Cplx2",163.53,1000,909
"Gprasp1",1.72226308103327e-07,1.27875020065186,0.0173067764824879,0.895336105123464,0.999999999997809,"TRPM8","Cplx2",163.53,1000,909
"Rbms1",1.71065826719543e-07,1.27556780790019,0.0170743320051878,0.896037324627256,0.999999999997809,"TRPM8","Cplx2",163.53,1000,909
"Impact",1.6952802093752e-07,1.27132121703071,0.0167687304999482,0.896966666997675,0.999999999997809,"TRPM8","Cplx2",163.53,1000,909
"Snrpn",1.68361114534892e-07,1.26807612126679,0.0165386777382625,0.897671958104413,0.999999999997809,"TRPM8","Cplx2",163.53,1000,909
"Rps8",1.66644758858589e-07,1.26326681206807,0.0162031897984704,0.898709489177112,0.999999999997809,"TRPM8","Cplx2",163.53,1000,909
"Tmem50a",1.64813208370661e-07,1.25808630102557,0.0158489767479829,0.899816846057172,0.999999999997809,"TRPM8","Cplx2",163.53,1000,909
"Cltb",1.63736226883732e-07,1.25501632359885,0.0156425213874184,0.900468081125057,0.999999999997809,"TRPM8","Cplx2",163.53,1000,909
"Acsl6",1.62280505103613e-07,1.25083830577767,0.0153656134081901,0.901348441367511,0.999999999997809,"TRPM8","Cplx2",163.53,1000,909
"Atp2b2",1.6223706836995e-07,1.25071313241724,0.0153573888499436,0.901374711974914,0.999999999997809,"TRPM8","Cplx2",163.53,1000,909
"Pla2g7",1.61915476806357e-07,1.24978546871296,0.0152965653672296,0.901569214435819,0.999999999997809,"TRPM8","Cplx2",163.53,1000,909
"Rps23",1.59032814043892e-07,1.2413967797504,0.0147567489281158,0.903312946202895,0.999999999997809,"TRPM8","Cplx2",163.53,1000,909
"Sv2b",1.55353459537941e-07,1.23049266415782,0.0140818287523453,0.905539275878063,0.999999999997809,"TRPM8","Cplx2",163.53,1000,909
"mt-Nd2",1.54055237191224e-07,1.22659085584601,0.0138474604912515,0.906324991511035,0.999999999997809,"TRPM8","Cplx2",163.53,1000,909
"Tfrc",1.52530069087629e-07,1.22196974536559,0.0135746341798168,0.907248177297434,0.999999999997809,"TRPM8","Cplx2",163.53,1000,909
"Ndn",1.51871587640038e-07,1.21996200561283,0.013457682152114,0.907646795584022,0.999999999997809,"TRPM8","Cplx2",163.53,1000,909
"Zbtb20",1.51587700641433e-07,1.21909405214519,0.0134074174470127,0.907818656580552,0.999999999997809,"TRPM8","Cplx2",163.53,1000,909
"Syt2",1.48049489540901e-07,1.20815434143269,0.0127888363316509,0.909960996826532,0.999999999997809,"TRPM8","Cplx2",163.53,1000,909
"Rph3a",1.47599939022264e-07,1.2067479198955,0.0127112879484428,0.91023324095898,0.999999999997809,"TRPM8","Cplx2",163.53,1000,909
"Map1b",1.45813283799316e-07,1.20112075270212,0.0124054174183868,0.911315328686037,0.999999999997809,"TRPM8","Cplx2",163.53,1000,909
"Rpl23",1.40338369194203e-07,1.1834902849168,0.0114913235212321,0.914632226503658,0.999999999997809,"TRPM8","Cplx2",163.53,1000,909
"Rora",1.38982778054079e-07,1.17903139089428,0.0112703960408332,0.915453723727831,0.999999999997809,"TRPM8","Cplx2",163.53,1000,909
"Ckb",1.38154343093932e-07,1.17628753355104,0.0111364375272343,0.915955805324871,0.999999999997809,"TRPM8","Cplx2",163.53,1000,909
"Mdh1",1.37525827360898e-07,1.17419613118769,0.0110353403841876,0.916336746180993,0.999999999997809,"TRPM8","Cplx2",163.53,1000,909
"Rps3a1",1.36504321836572e-07,1.17077899386727,0.010872014030065,0.916955917517037,0.999999999997809,"TRPM8","Cplx2",163.53,1000,909
"Pde11a",1.3515749192419e-07,1.16623894817317,0.0106585333635878,0.917772356633718,0.999999999997809,"TRPM8","Cplx2",163.53,1000,909
"Trappc10",1.34455039988642e-07,1.16385519088369,0.0105480304092711,0.91819821267482,0.999999999997809,"TRPM8","Cplx2",163.53,1000,909
"Npdc1",1.34199251265126e-07,1.16298444835576,0.0105079352098934,0.918353288440967,0.999999999997809,"TRPM8","Cplx2",163.53,1000,909
"Vamp2",1.33890015294363e-07,1.16192980706138,0.0104595640353229,0.918540771552462,0.999999999997809,"TRPM8","Cplx2",163.53,1000,909
"Stxbp1",1.33779048194869e-07,1.16155083286484,0.0104422335943051,0.918608049620648,0.999999999997809,"TRPM8","Cplx2",163.53,1000,909
"Rian",1.33018955753142e-07,1.15894749119567,0.0103239114066244,0.91906890051279,0.999999999997809,"TRPM8","Cplx2",163.53,1000,909
"Lynx1",1.32964196068804e-07,1.15875943127171,0.010315413102582,0.919102102854256,0.999999999997809,"TRPM8","Cplx2",163.53,1000,909
"L1cam",1.31609155560185e-07,1.15408395181002,0.0101062353087152,0.919923746927806,0.999999999997809,"TRPM8","Cplx2",163.53,1000,909
"Ptges3",1.31329764219871e-07,1.15311465419762,0.0100633720667086,0.920093169674129,0.999999999997809,"TRPM8","Cplx2",163.53,1000,909
"Camta1",1.29967784708786e-07,1.14836331302805,0.00985572628592386,0.920919125055188,0.999999999997809,"TRPM8","Cplx2",163.53,1000,909
"Eef1g",1.2942846974792e-07,1.1464697386315,0.00977410125297872,0.921246209472708,0.999999999997809,"TRPM8","Cplx2",163.53,1000,909
"Rit2",1.25058130744263e-07,1.13086313187994,0.00912517215668547,0.92389722475124,0.999999999997809,"TRPM8","Cplx2",163.53,1000,909
"Myl6",1.24997500012795e-07,1.13064325579875,0.00911632616255365,0.923934008918116,0.999999999997809,"TRPM8","Cplx2",163.53,1000,909
"Fam189b",1.24210375063416e-07,1.12778019403668,0.00900187435887531,0.924411565895519,0.999999999997809,"TRPM8","Cplx2",163.53,1000,909
"Lxn",1.23632641972023e-07,1.12566856759871,0.00891832923030325,0.92476209997837,0.999999999997809,"TRPM8","Cplx2",163.53,1000,909
"Stmn2",1.22103445284951e-07,1.12003702996492,0.0086990742393245,0.92568999591875,0.999999999997809,"TRPM8","Cplx2",163.53,1000,909
"Hpca",1.21745886561884e-07,1.11871128920071,0.00864820137995669,0.925906972361933,0.999999999997809,"TRPM8","Cplx2",163.53,1000,909
"Chp1",1.21559305658709e-07,1.11801812866038,0.00862171419715701,0.926020196962266,0.999999999997809,"TRPM8","Cplx2",163.53,1000,909
"Slc24a3",1.197380056456e-07,1.11120214243263,0.00836529462323238,0.927125511499301,0.999999999997809,"TRPM8","Cplx2",163.53,1000,909
"Tmtc1",1.1842418702093e-07,1.10622834342867,0.00818272629661733,0.927922932068673,0.999999999997809,"TRPM8","Cplx2",163.53,1000,909
"Sort1",1.16442887676077e-07,1.09863481204377,0.0079112140425011,0.929125615875689,0.999999999997809,"TRPM8","Cplx2",163.53,1000,909
"Eif4g2",1.15857500130769e-07,1.09636944849261,0.00783187067777244,0.929480987595117,0.999999999997809,"TRPM8","Cplx2",163.53,1000,909
"Ntrk3",1.14208741590713e-07,1.0899343057329,0.00761054736766144,0.93048197621098,0.999999999997809,"TRPM8","Cplx2",163.53,1000,909
"Spag9",1.13837970038744e-07,1.08847589960545,0.00756121324380601,0.930707092964285,0.999999999997809,"TRPM8","Cplx2",163.53,1000,909
"Selenof",1.13747704516805e-07,1.08812021198186,0.00754922697480061,0.930761899198777,0.999999999997809,"TRPM8","Cplx2",163.53,1000,909
"Tecr",1.12103665668239e-07,1.08159799775572,0.00733258031075058,0.931760162310452,0.999999999997809,"TRPM8","Cplx2",163.53,1000,909
"Ubash3b",1.11092661689376e-07,1.07754514322497,0.0072009193227847,0.932374099007851,0.999999999997809,"TRPM8","Cplx2",163.53,1000,909
"Kcna2",1.10381438556587e-07,1.07467449791058,0.00710901286658949,0.932806016571999,0.999999999997809,"TRPM8","Cplx2",163.53,1000,909
"Kif5b",1.07998351536363e-07,1.06493547536129,0.00680536548099658,0.934253381180857,0.999999999997809,"TRPM8","Cplx2",163.53,1000,909
"Tmtc4",1.07631170956982e-07,1.06341809209615,0.00675916940100301,0.934476407243259,0.999999999997809,"TRPM8","Cplx2",163.53,1000,909
"Ublcp1",1.06927435612504e-07,1.06049708392806,0.00667107009152711,0.934903871559112,0.999999999997809,"TRPM8","Cplx2",163.53,1000,909
"Dynll1",1.04431297959e-07,1.04999773579425,0.00636324364402482,0.936420230941443,0.999999999997809,"TRPM8","Cplx2",163.53,1000,909
"Calca",1.04327687451809e-07,1.04955715961575,0.00635062344575698,0.936483177511597,0.999999999997809,"TRPM8","Cplx2",163.53,1000,909
"Ldha",1.03130434091121e-07,1.04443796872074,0.00620570165003126,0.937210574454263,0.999999999997809,"TRPM8","Cplx2",163.53,1000,909
"Scn9a",1.02998855149183e-07,1.04387217412249,0.00618987666542201,0.93729051906997,0.999999999997809,"TRPM8","Cplx2",163.53,1000,909
"Eif1",1.00704532846661e-07,1.03390260981358,0.00591718624606153,0.938684602266536,0.999999999997809,"TRPM8","Cplx2",163.53,1000,909
"Cyfip2",1.0037811660228e-07,1.03246798614675,0.00587888935113558,0.938882955682964,0.999999999997809,"TRPM8","Cplx2",163.53,1000,909
"Calm2",1.00355309678173e-07,1.03236759431844,0.00587621816829803,0.938896814912407,0.999999999997809,"TRPM8","Cplx2",163.53,1000,909
"Pfkp",9.91133719318272e-08,1.02687020015826,0.00573167693873038,0.939651538998473,0.999999999997809,"TRPM8","Cplx2",163.53,1000,909
"AI593442",9.81105547554972e-08,1.02238675548871,0.00561627886326404,0.940260989387345,0.999999999997809,"TRPM8","Cplx2",163.53,1000,909
"Alcam",9.7997557545332e-08,1.02187903148067,0.00560334940045799,0.940329664317692,0.999999999997809,"TRPM8","Cplx2",163.53,1000,909
"Sqstm1",9.78378801070283e-08,1.02116068085289,0.00558510405711899,0.940426710274924,0.999999999997809,"TRPM8","Cplx2",163.53,1000,909
"Got1",9.76804318882367e-08,1.02045134587474,0.00556714256584265,0.940522402262328,0.999999999997809,"TRPM8","Cplx2",163.53,1000,909
"Agpat3",9.766852014456e-08,1.0203976401248,0.00556578486644296,0.940529641873792,0.999999999997809,"TRPM8","Cplx2",163.53,1000,909
"Actb",9.72414641192739e-08,1.01846837251181,0.00551721844090253,0.940789197350809,0.999999999997809,"TRPM8","Cplx2",163.53,1000,909
"Cds2",9.68852891886919e-08,1.01685359408461,0.00547687564990642,0.941005677632455,0.999999999997809,"TRPM8","Cplx2",163.53,1000,909
"Matr3",9.59403517950812e-08,1.01254405585966,0.005370562981247,0.941580024121472,0.999999999997809,"TRPM8","Cplx2",163.53,1000,909
"Ptma",9.45545743798892e-08,1.00615580152137,0.0052165369615554,0.942422374357444,0.999999999997809,"TRPM8","Cplx2",163.53,1000,909
"Trnp1",9.28653842500073e-08,0.998256232061598,0.00503181795953031,0.943449242206434,0.999999999997809,"TRPM8","Cplx2",163.53,1000,909
"Hint1",9.22760401430775e-08,0.995470302981247,0.00496815457157135,0.943807529891666,0.999999999997809,"TRPM8","Cplx2",163.53,1000,909
"Eif4a2",9.19337063000839e-08,0.993844820309421,0.00493136034816443,0.944015654615041,0.999999999997809,"TRPM8","Cplx2",163.53,1000,909
"Ctnnb1",9.06860082684614e-08,0.987874915200324,0.00479841463124013,0.944774235312912,0.999999999997809,"TRPM8","Cplx2",163.53,1000,909
"Noct",9.03030867445297e-08,0.986028209037627,0.00475797758842623,0.945007055627379,0.999999999997809,"TRPM8","Cplx2",163.53,1000,909
"Tspan7",8.9926391753828e-08,0.984204780775533,0.0047183650319119,0.945236094727669,0.999999999997809,"TRPM8","Cplx2",163.53,1000,909
"Selenow",8.86397455392133e-08,0.977925429357183,0.00458431236714395,0.946018438839292,0.999999999997809,"TRPM8","Cplx2",163.53,1000,909
"Mycbp2",8.76582244792252e-08,0.973080931408845,0.00448334892817802,0.94661528691212,0.999999999997809,"TRPM8","Cplx2",163.53,1000,909
"Nsg2",8.7245284293072e-08,0.971028471539744,0.00444120811886062,0.946866398551432,0.999999999997809,"TRPM8","Cplx2",163.53,1000,909
"Atp5g1",8.71670322805206e-08,0.970638565914403,0.00443324487771885,0.946913984709889,0.999999999997809,"TRPM8","Cplx2",163.53,1000,909
"Mapt",8.69364521408088e-08,0.969487858681036,0.00440982165964842,0.947054204863076,0.999999999997809,"TRPM8","Cplx2",163.53,1000,909
"Rpsa",8.69350692618821e-08,0.969480949325986,0.00440968136864754,0.947055045822913,0.999999999997809,"TRPM8","Cplx2",163.53,1000,909
"Ddx17",8.65217800482992e-08,0.967411653333981,0.00436785378993961,0.947306378945799,0.999999999997809,"TRPM8","Cplx2",163.53,1000,909
"Nisch",8.60776348829648e-08,0.965178124689603,0.00432312558604238,0.947576482310319,0.999999999997809,"TRPM8","Cplx2",163.53,1000,909
"Vamp1",8.46956008397576e-08,0.958162501343555,0.0041854186710423,0.948416993771495,0.999999999997809,"TRPM8","Cplx2",163.53,1000,909
"Tonsl",8.46195104537575e-08,0.957773318513172,0.00417790170292157,0.948463271327307,0.999999999997809,"TRPM8","Cplx2",163.53,1000,909
"Dst",8.44476430439986e-08,0.956893123676819,0.00416094778902574,0.948567800331992,0.999999999997809,"TRPM8","Cplx2",163.53,1000,909
"Lrrc58",8.33362117812815e-08,0.951162640371607,0.00405214250739147,0.949243789242796,0.999999999997809,"TRPM8","Cplx2",163.53,1000,909
"Fkbp1a",8.25931630733708e-08,0.94729380890113,0.00398020460652373,0.949695742848811,0.999999999997809,"TRPM8","Cplx2",163.53,1000,909
"Jund",8.07793020829085e-08,0.937719075153819,0.00380730258784452,0.950799077389854,0.999999999997809,"TRPM8","Cplx2",163.53,1000,909
"Gnaq",8.03608854885826e-08,0.935483512484499,0.00376796298548198,0.951053605112542,0.999999999997809,"TRPM8","Cplx2",163.53,1000,909
"Prkar1b",7.84855181380646e-08,0.925335727592259,0.00359415051270768,0.952194474050151,0.999999999997809,"TRPM8","Cplx2",163.53,1000,909
"Atp5k",7.82231782241786e-08,0.923899173071844,0.00357016358257258,0.952354074892606,0.999999999997809,"TRPM8","Cplx2",163.53,1000,909
"Pclo",7.73366154284815e-08,0.919012772416878,0.00348969542429674,0.952893450952376,0.999999999997809,"TRPM8","Cplx2",163.53,1000,909
"Synm",7.52092440839732e-08,0.907082904611661,0.00330034733367842,0.954187810236384,0.999999999997809,"TRPM8","Cplx2",163.53,1000,909
"Vdac2",7.51085894340415e-08,0.906511112697145,0.00329151934939536,0.954249054695287,0.999999999997809,"TRPM8","Cplx2",163.53,1000,909
"Rpl35a",7.45875778134623e-08,0.903540539809568,0.0032460126547793,0.954566074412286,0.999999999997809,"TRPM8","Cplx2",163.53,1000,909
"Pgk1",7.42729941001139e-08,0.901738053512258,0.00321868935679584,0.954757492512838,0.999999999997809,"TRPM8","Cplx2",163.53,1000,909
"Prph",7.30499576166166e-08,0.89466577203642,0.00311355926956571,0.955501711233981,0.999999999997809,"TRPM8","Cplx2",163.53,1000,909
"Clcn3",7.13222089474019e-08,0.884494889021516,0.00296801964784873,0.956553113704309,0.999999999997809,"TRPM8","Cplx2",163.53,1000,909
"Rsrp1",7.03543529417953e-08,0.878701991370962,0.00288801302126148,0.957142124995574,0.999999999997809,"TRPM8","Cplx2",163.53,1000,909
"Atxn7l3b",6.95198809492349e-08,0.873650739108081,0.00281990995176004,0.957649981140573,0.999999999997809,"TRPM8","Cplx2",163.53,1000,909
"Tspan3",6.9335950028077e-08,0.872530174985007,0.00280500824309683,0.957761923044894,0.999999999997809,"TRPM8","Cplx2",163.53,1000,909
"Dpp6",6.89257232886473e-08,0.87002147273178,0.00277191472224958,0.958011593483309,0.999999999997809,"TRPM8","Cplx2",163.53,1000,909
"Vdac1",6.87443920135279e-08,0.868908359867242,0.00275734908155999,0.95812195586033,0.999999999997809,"TRPM8","Cplx2",163.53,1000,909
"Dpysl2",6.84166130451124e-08,0.866889682046288,0.00273111723014886,0.958321451701067,0.999999999997809,"TRPM8","Cplx2",163.53,1000,909
"Akap6",6.8259465113719e-08,0.865918835621444,0.00271858528810288,0.958417097442265,0.999999999997809,"TRPM8","Cplx2",163.53,1000,909
"Ank3",6.80863166585117e-08,0.864846854328653,0.00270481073465936,0.958522482356392,0.999999999997809,"TRPM8","Cplx2",163.53,1000,909
"Tuba1a",6.80616328000853e-08,0.864693838077195,0.00270284989829531,0.958537505976019,0.999999999997809,"TRPM8","Cplx2",163.53,1000,909
"Cpne3",6.7848746266085e-08,0.863372110703965,0.00268596812686742,0.958667078157502,0.999999999997809,"TRPM8","Cplx2",163.53,1000,909
"Rpl21",6.78299305515749e-08,0.863255115620538,0.00268447859597346,0.958678530287993,0.999999999997809,"TRPM8","Cplx2",163.53,1000,909
"Crip2",6.66542654436501e-08,0.855887508856787,0.0025922273839372,0.959394112290503,0.999999999997809,"TRPM8","Cplx2",163.53,1000,909
"Hcn1",6.63537971216963e-08,0.853986167728851,0.00256890924638957,0.959577001040678,0.999999999997809,"TRPM8","Cplx2",163.53,1000,909
"Myt1l",6.62839622992774e-08,0.853543170939597,0.00256350473531822,0.959619508333848,0.999999999997809,"TRPM8","Cplx2",163.53,1000,909
"Hspa12a",6.59469955045532e-08,0.851399822106532,0.00253750688426003,0.959824616020247,0.999999999997809,"TRPM8","Cplx2",163.53,1000,909
"Gramd1b",6.57423817379809e-08,0.850093615193173,0.00252178506516588,0.959949163288706,0.999999999997809,"TRPM8","Cplx2",163.53,1000,909
"Got2",6.53397167291146e-08,0.847512590757241,0.00249098834423626,0.960194266105252,0.999999999997809,"TRPM8","Cplx2",163.53,1000,909
"Grin3a",6.52520266960927e-08,0.846948650903125,0.00248430670298046,0.960247643664325,0.999999999997809,"TRPM8","Cplx2",163.53,1000,909
"Itm2b",6.51522246478785e-08,0.846306004187919,0.00247671309093857,0.960308394111701,0.999999999997809,"TRPM8","Cplx2",163.53,1000,909
"Ppp3ca",6.50159412134154e-08,0.845427042432952,0.00246636250213316,0.960391351494906,0.999999999997809,"TRPM8","Cplx2",163.53,1000,909
"Ywhaq",6.35716147753475e-08,0.836010609407733,0.00235799938141056,0.961270556736377,0.999999999997809,"TRPM8","Cplx2",163.53,1000,909
"Elovl7",6.3521148562826e-08,0.835678191097704,0.00235425708023925,0.961301277906084,0.999999999997809,"TRPM8","Cplx2",163.53,1000,909
"Calr",6.33269987845974e-08,0.834397161242103,0.00233988769367922,0.96141946659124,0.999999999997809,"TRPM8","Cplx2",163.53,1000,909
"Nptn",6.30256228678952e-08,0.832401759326884,0.00231766943583155,0.961602930871021,0.999999999997809,"TRPM8","Cplx2",163.53,1000,909
"Prkcb",6.28117137769701e-08,0.830980360813974,0.00230196378418007,0.961733150464305,0.999999999997809,"TRPM8","Cplx2",163.53,1000,909
"Higd2a",6.27390294581022e-08,0.83049641103196,0.00229663930401255,0.961777398103074,0.999999999997809,"TRPM8","Cplx2",163.53,1000,909
"Cnst",6.25268063938082e-08,0.829080543686591,0.00228112821027439,0.961906592660654,0.999999999997809,"TRPM8","Cplx2",163.53,1000,909
"Cntnap2",6.24180625177234e-08,0.828353405176986,0.00227320063388577,0.961972792813346,0.999999999997809,"TRPM8","Cplx2",163.53,1000,909
"Runx1",6.23761669298994e-08,0.828072963481075,0.00227015007092531,0.96199829771552,0.999999999997809,"TRPM8","Cplx2",163.53,1000,909
"Gcnt2",6.20047090603832e-08,0.825579197966077,0.00224319252365513,0.96222443293055,0.999999999997809,"TRPM8","Cplx2",163.53,1000,909
"Ppia",6.18449636325958e-08,0.824502700993549,0.00223164894409202,0.962321683297646,0.999999999997809,"TRPM8","Cplx2",163.53,1000,909
"Rps27a",6.18207036977446e-08,0.824339003037072,0.00222989846883491,0.962336452392705,0.999999999997809,"TRPM8","Cplx2",163.53,1000,909
"Ncoa7",6.12871087802452e-08,0.820724079075003,0.00219157061520259,0.962661300467478,0.999999999997809,"TRPM8","Cplx2",163.53,1000,909
"Celf2",6.07631032695184e-08,0.817147006327446,0.00215425491516515,0.96298031662514,0.999999999997809,"TRPM8","Cplx2",163.53,1000,909
"Uqcrh",6.04528417789814e-08,0.81501619349578,0.00213231146932323,0.963169207566268,0.999999999997809,"TRPM8","Cplx2",163.53,1000,909
"Atrnl1",6.03362637818932e-08,0.814213066222469,0.0021240954480404,0.963240182193157,0.999999999997809,"TRPM8","Cplx2",163.53,1000,909
"Mat2a",5.9232761088296e-08,0.80654228514123,0.00204710988581475,0.963912027367844,0.999999999997809,"TRPM8","Cplx2",163.53,1000,909
"Tbc1d9",5.85745089855098e-08,0.801906352684368,0.00200186374443852,0.964312803006105,0.999999999997809,"TRPM8","Cplx2",163.53,1000,909
"Sod1",5.85517654272858e-08,0.801745354907438,0.00200030946199648,0.964326650543364,0.999999999997809,"TRPM8","Cplx2",163.53,1000,909
"Chchd2",5.84785876724708e-08,0.801226967578587,0.00199531262943679,0.96437120528437,0.999999999997809,"TRPM8","Cplx2",163.53,1000,909
"Cox7c",5.84222067876215e-08,0.800827178066504,0.00199146700781549,0.964405533220248,0.999999999997809,"TRPM8","Cplx2",163.53,1000,909
"Ldb2",5.83647917123109e-08,0.800419705424648,0.00198755465838711,0.964440490898752,0.999999999997809,"TRPM8","Cplx2",163.53,1000,909
"Atp6ap2",5.7122559173258e-08,0.79151590735805,0.00190384905697303,0.965196851836579,0.999999999997809,"TRPM8","Cplx2",163.53,1000,909
"Atp5d",5.71060768284497e-08,0.791396625401795,0.0019027505288314,0.965206887691184,0.999999999997809,"TRPM8","Cplx2",163.53,1000,909
"Rps11",5.61940679547049e-08,0.784748664504888,0.00184246032813283,0.965762204874713,0.999999999997809,"TRPM8","Cplx2",163.53,1000,909
"Kif21a",5.60798972682836e-08,0.783909743600481,0.00183498120171662,0.965831723952315,0.999999999997809,"TRPM8","Cplx2",163.53,1000,909
"Ret",5.60218312693676e-08,0.783482499366475,0.00183118323275148,0.965867080716734,0.999999999997809,"TRPM8","Cplx2",163.53,1000,909
"Degs1",5.56768633593506e-08,0.780936175917581,0.00180870076412527,0.966077135302179,0.999999999997809,"TRPM8","Cplx2",163.53,1000,909
"Tbca",5.56395383416422e-08,0.780659833959919,0.0018062765198287,0.966099863039073,0.999999999997809,"TRPM8","Cplx2",163.53,1000,909
"Hk1",5.50914678062276e-08,0.776583163329316,0.0017708667664786,0.966433594184929,0.999999999997809,"TRPM8","Cplx2",163.53,1000,909
"Mbnl1",5.43630580000702e-08,0.771109374148637,0.00172434815872059,0.96687714662094,0.999999999997809,"TRPM8","Cplx2",163.53,1000,909
"Rpl4",5.3684343661263e-08,0.765950506677394,0.00168156049710886,0.967290447095686,0.999999999997809,"TRPM8","Cplx2",163.53,1000,909
"Snap47",5.31544602954865e-08,0.761882757985236,0.00164852913336176,0.967613123637711,0.999999999997809,"TRPM8","Cplx2",163.53,1000,909
"Atl1",5.3048315265544e-08,0.761063619163061,0.00164195175641775,0.967677762107485,0.999999999997809,"TRPM8","Cplx2",163.53,1000,909
"Rad21",5.29862764520667e-08,0.76058418580552,0.00163811355066198,0.967715541591012,0.999999999997809,"TRPM8","Cplx2",163.53,1000,909
"Copa",5.28924454717839e-08,0.759858122503422,0.00163231696651754,0.967772681538001,0.999999999997809,"TRPM8","Cplx2",163.53,1000,909
"Snhg14",5.25624851693603e-08,0.757295839655899,0.00161201464112326,0.967973617702591,0.999999999997809,"TRPM8","Cplx2",163.53,1000,909
"Syt7",5.25076187601863e-08,0.756868403790676,0.00160865105230103,0.968007029937074,0.999999999997809,"TRPM8","Cplx2",163.53,1000,909
"Rbms3",5.21686487672685e-08,0.754218896042499,0.00158794836685678,0.968213455202745,0.999999999997809,"TRPM8","Cplx2",163.53,1000,909
"Pja2",5.20757116171065e-08,0.753489815201172,0.00158229562541943,0.968270052254459,0.999999999997809,"TRPM8","Cplx2",163.53,1000,909
"Gng3",5.19724720430139e-08,0.752678566528336,0.00157602807396231,0.968332923484284,0.999999999997809,"TRPM8","Cplx2",163.53,1000,909
"Cntn2",5.15314885890413e-08,0.749197272792292,0.00154939652271976,0.968601477482203,0.999999999997809,"TRPM8","Cplx2",163.53,1000,909
"Gnb2",5.09696877517538e-08,0.744723943325007,0.00151579736175039,0.968943613070842,0.999999999997809,"TRPM8","Cplx2",163.53,1000,909
"Flot1",5.05631435936974e-08,0.741459644012306,0.00149171320624995,0.969191201220286,0.999999999997809,"TRPM8","Cplx2",163.53,1000,909
"Grina",4.9876373920417e-08,0.735892357777433,0.00145146626055956,0.969609455341864,0.999999999997809,"TRPM8","Cplx2",163.53,1000,909
"Rps4x",4.90843172680552e-08,0.729386991419635,0.00140573257867101,0.970091841352466,0.999999999997809,"TRPM8","Cplx2",163.53,1000,909
"2010107E04Rik",4.89827534901975e-08,0.728546136668868,0.00139992119898605,0.970153697502964,0.999999999997809,"TRPM8","Cplx2",163.53,1000,909
"Ctsl",4.8765050715673e-08,0.726738565185221,0.00138750501398448,0.970286287263384,0.999999999997809,"TRPM8","Cplx2",163.53,1000,909
"Pgam1",4.8553614783334e-08,0.72497620188237,0.00137549918533091,0.970415061050647,0.999999999997809,"TRPM8","Cplx2",163.53,1000,909
"Rpl38",4.83620642685718e-08,0.72337373481649,0.0013646675366057,0.970531724409553,0.999999999997809,"TRPM8","Cplx2",163.53,1000,909
"Serf2",4.83154073638633e-08,0.722982566392015,0.00136203570311965,0.970560140775534,0.999999999997809,"TRPM8","Cplx2",163.53,1000,909
"mt-Nd5",4.81832812820649e-08,0.721873019807126,0.00135459648712373,0.970640612306495,0.999999999997809,"TRPM8","Cplx2",163.53,1000,909
"Rarres1",4.6718254462617e-08,0.709387029432237,0.00127347497893083,0.971532908300351,0.999999999997809,"TRPM8","Cplx2",163.53,1000,909
"Arl8a",4.6685904310454e-08,0.709107442856753,0.00127171194877031,0.971552612039505,0.999999999997809,"TRPM8","Cplx2",163.53,1000,909
"Ndufa2",4.55430175549829e-08,0.699118692477715,0.00121021019042883,0.972248729325084,0.999999999997809,"TRPM8","Cplx2",163.53,1000,909
"Tubb3",4.52165050457611e-08,0.696224403067423,0.00119291962371014,0.972447607704341,0.999999999997809,"TRPM8","Cplx2",163.53,1000,909
"Tpi1",4.51467084626479e-08,0.69560331832783,0.00118923966428675,0.972490120942395,0.999999999997809,"TRPM8","Cplx2",163.53,1000,909
"Atp6v1g2",4.48689830601337e-08,0.693123561164198,0.00117465316658816,0.972659284812365,0.999999999997809,"TRPM8","Cplx2",163.53,1000,909
"Ube2b",4.41757452803639e-08,0.686874200630043,0.00113863615822322,0.97308154460734,0.999999999997809,"TRPM8","Cplx2",163.53,1000,909
"Usp9x",4.39848183089582e-08,0.685137856223843,0.00112881508741606,0.973197841941808,0.999999999997809,"TRPM8","Cplx2",163.53,1000,909
"Diablo",4.37869045295899e-08,0.683330941538358,0.00111867952491702,0.973318395678473,0.999999999997809,"TRPM8","Cplx2",163.53,1000,909
"Slc17a6",4.37722419209496e-08,0.683196788360728,0.00111793044187923,0.973327327027635,0.999999999997809,"TRPM8","Cplx2",163.53,1000,909
"Selenom",4.36793491887163e-08,0.682345959247324,0.00111319056944905,0.973383910312736,0.999999999997809,"TRPM8","Cplx2",163.53,1000,909
"Rpl5",4.36337602101227e-08,0.681927813841753,0.00111086806519872,0.973411679748136,0.999999999997809,"TRPM8","Cplx2",163.53,1000,909
"Tsc22d1",4.34353754748457e-08,0.680103716577537,0.00110078970939781,0.973532521437284,0.999999999997809,"TRPM8","Cplx2",163.53,1000,909
"Rpl3",4.23842848768737e-08,0.670314831038603,0.00104815840379867,0.974172780179999,0.999999999997809,"TRPM8","Cplx2",163.53,1000,909
"Wbscr17",4.21372524398802e-08,0.667983158168509,0.00103597584345896,0.974323259341957,0.999999999997809,"TRPM8","Cplx2",163.53,1000,909
"Psip1",4.19424573159199e-08,0.666136023063339,0.00102641961582799,0.974441918926247,0.999999999997809,"TRPM8","Cplx2",163.53,1000,909
"Rps25",4.04521238681145e-08,0.651748147124211,0.000954772403102849,0.975349775101719,0.999999999997809,"TRPM8","Cplx2",163.53,1000,909
"Atp5b",4.00187510559145e-08,0.647476581138261,0.000934424597201799,0.975613775882375,0.999999999997809,"TRPM8","Cplx2",163.53,1000,909
"Atp6v1g1",3.98712227958465e-08,0.646013149649501,0.000927547824019215,0.975703647326775,0.999999999997809,"TRPM8","Cplx2",163.53,1000,909
"Atp5g3",3.95154771767655e-08,0.642464532970351,0.000911069823566969,0.975920362140909,0.999999999997809,"TRPM8","Cplx2",163.53,1000,909
"Hspb8",3.93291508441173e-08,0.640594642418946,0.000902498191016159,0.976033870015854,0.999999999997809,"TRPM8","Cplx2",163.53,1000,909
"Dlat",3.93058206732335e-08,0.6403599608427,0.000901427779299017,0.976048082523879,0.999999999997809,"TRPM8","Cplx2",163.53,1000,909
"Sgpp2",3.92761135470236e-08,0.640060954684375,0.000900065705758591,0.97606617982066,0.999999999997809,"TRPM8","Cplx2",163.53,1000,909
"Idh3a",3.92400628024272e-08,0.63969783117483,0.000898414160111514,0.976088141605556,0.999999999997809,"TRPM8","Cplx2",163.53,1000,909
"Mrfap1",3.92211969964352e-08,0.639507686815496,0.000897550490096854,0.976099634489773,0.999999999997809,"TRPM8","Cplx2",163.53,1000,909
"Fkbp1b",3.92169922497631e-08,0.639465297095946,0.000897358054861364,0.976102195985393,0.999999999997809,"TRPM8","Cplx2",163.53,1000,909
"Rac1",3.88898326890161e-08,0.63615471899647,0.000882448461419654,0.976301499538182,0.999999999997809,"TRPM8","Cplx2",163.53,1000,909
"Rpl18a",3.84783138795811e-08,0.631955441786846,0.000863871739321766,0.976552196315734,0.999999999997809,"TRPM8","Cplx2",163.53,1000,909
"Serinc3",3.82580240313623e-08,0.629691228055248,0.000854008654819513,0.976686397587074,0.999999999997809,"TRPM8","Cplx2",163.53,1000,909
"Ogdh",3.82007403129665e-08,0.629100563220947,0.000851453156045548,0.976721295117524,0.999999999997809,"TRPM8","Cplx2",163.53,1000,909
"Scd2",3.81543925280519e-08,0.628622089229021,0.000849388325478664,0.976749530454699,0.999999999997809,"TRPM8","Cplx2",163.53,1000,909
"Ostf1",3.80751502365764e-08,0.627802838302057,0.000845863825264759,0.976797805381954,0.999999999997809,"TRPM8","Cplx2",163.53,1000,909
"Gsg1l",3.77351832778299e-08,0.624270917655428,0.00083082609404189,0.977004916460454,0.999999999997809,"TRPM8","Cplx2",163.53,1000,909
"Rps3",3.77293120311865e-08,0.624209675097565,0.000830567576392975,0.977008493292956,0.999999999997809,"TRPM8","Cplx2",163.53,1000,909
"Mapk8ip3",3.77047651529249e-08,0.623953537291168,0.000829487185160109,0.977023447544875,0.999999999997809,"TRPM8","Cplx2",163.53,1000,909
"Rpl37a",3.75842188992864e-08,0.622693542321549,0.000824191741456048,0.977096885881929,0.999999999997809,"TRPM8","Cplx2",163.53,1000,909
"Cbx6",3.75256728394672e-08,0.622080310529972,0.000821626005213495,0.977132552968976,0.999999999997809,"TRPM8","Cplx2",163.53,1000,909
"Gm10053",3.75206461362593e-08,0.622027619769674,0.000821405900248304,0.977135615309742,0.999999999997809,"TRPM8","Cplx2",163.53,1000,909
"Eif1b",3.73951734959988e-08,0.620710372905495,0.000815921365746452,0.977212055177736,0.999999999997809,"TRPM8","Cplx2",163.53,1000,909
"Serpini1",3.73676513256544e-08,0.620420916304262,0.00081472080101366,0.977228822136478,0.999999999997809,"TRPM8","Cplx2",163.53,1000,909
"Zdhhc17",3.6906583185542e-08,0.61554359147621,0.000794739650155996,0.977509713919465,0.999999999997809,"TRPM8","Cplx2",163.53,1000,909
"Abhd2",3.66645630816912e-08,0.612961881596402,0.000784350592265186,0.977657158447119,0.999999999997809,"TRPM8","Cplx2",163.53,1000,909
"Uqcr10",3.66458614641118e-08,0.612761760188933,0.000783550643619701,0.977668551958781,0.999999999997809,"TRPM8","Cplx2",163.53,1000,909
"Abhd12",3.65751592353521e-08,0.612004378251366,0.000780530093239685,0.977711625635917,0.999999999997809,"TRPM8","Cplx2",163.53,1000,909
"Uba1",3.60344809194455e-08,0.606169407165077,0.000757624030938771,0.978041023377679,0.999999999997809,"TRPM8","Cplx2",163.53,1000,909
"Pde1c",3.59384717587504e-08,0.605125218080887,0.000753592228958695,0.978099515483493,0.999999999997809,"TRPM8","Cplx2",163.53,1000,909
"Mapre1",3.58440686232081e-08,0.60409609459223,0.000749638358429819,0.978157029257983,0.999999999997809,"TRPM8","Cplx2",163.53,1000,909
"Snap25",3.57448714768987e-08,0.603012131177548,0.000745494906431359,0.978217463838037,0.999999999997809,"TRPM8","Cplx2",163.53,1000,909
"Chmp4b",3.54280885460944e-08,0.599532675360035,0.00073233981104738,0.978410460582218,0.999999999997809,"TRPM8","Cplx2",163.53,1000,909
"Tmod2",3.52993498295332e-08,0.598110799351331,0.000727027123130271,0.978488893683697,0.999999999997809,"TRPM8","Cplx2",163.53,1000,909
"Sh3gl2",3.50305949029926e-08,0.595127692001306,0.000715998687544567,0.978652631284642,0.999999999997809,"TRPM8","Cplx2",163.53,1000,909
"Son",3.49621505645967e-08,0.594364754357082,0.000713203520549104,0.978694330801018,0.999999999997809,"TRPM8","Cplx2",163.53,1000,909
"Tshz2",3.49224756476453e-08,0.593921901404651,0.000711585757641013,0.97871850265676,0.999999999997809,"TRPM8","Cplx2",163.53,1000,909
"Actg1",3.48596550568638e-08,0.593219787259316,0.00070902797613445,0.978756776003248,0.999999999997809,"TRPM8","Cplx2",163.53,1000,909
"Kcnh7",3.47710220999585e-08,0.592227281142513,0.00070542705957829,0.978810775576497,0.999999999997809,"TRPM8","Cplx2",163.53,1000,909
"Serinc1",3.45072549108072e-08,0.58926037686673,0.000694765148649583,0.978971476144086,0.999999999997809,"TRPM8","Cplx2",163.53,1000,909
"Hsp90aa1",3.44604083529984e-08,0.588731347459883,0.00069288002258722,0.979000017571257,0.999999999997809,"TRPM8","Cplx2",163.53,1000,909
"Cacnb4",3.42657161426139e-08,0.586525907199876,0.000685072960538702,0.979118634760595,0.999999999997809,"TRPM8","Cplx2",163.53,1000,909
"Cox4i1",3.39487789663714e-08,0.582911946660933,0.000672458547300063,0.979311731284669,0.999999999997809,"TRPM8","Cplx2",163.53,1000,909
"Rab11fip5",3.38105401045792e-08,0.581326314413586,0.000666993217387412,0.979395954803563,0.999999999997809,"TRPM8","Cplx2",163.53,1000,909
"Rps19",3.32180857624708e-08,0.574465295378382,0.000643822877545441,0.979756916597201,0.999999999997809,"TRPM8","Cplx2",163.53,1000,909
"Pcsk2",3.31017456158967e-08,0.57310533614004,0.000639321035834704,0.979827799085227,0.999999999997809,"TRPM8","Cplx2",163.53,1000,909
"Stmn3",3.28949894329621e-08,0.570678021706318,0.00063135947610874,0.979953769687615,0.999999999997809,"TRPM8","Cplx2",163.53,1000,909
"Plekhb2",3.27566840705013e-08,0.569046797557312,0.000626061597281241,0.980038035450836,0.999999999997809,"TRPM8","Cplx2",163.53,1000,909
"Ctsb",3.21216202894498e-08,0.561477747405751,0.000602021620919919,0.980424965695269,0.999999999997809,"TRPM8","Cplx2",163.53,1000,909
"Cox5a",3.18700668534658e-08,0.558443054828665,0.00059262934126893,0.9805782328903,0.999999999997809,"TRPM8","Cplx2",163.53,1000,909
"Tmx4",3.18106369231586e-08,0.557723019640807,0.000590421182603005,0.980614442632668,0.999999999997809,"TRPM8","Cplx2",163.53,1000,909
"Sos1",3.18081216966769e-08,0.557692519753701,0.000590327818594787,0.980615975122355,0.999999999997809,"TRPM8","Cplx2",163.53,1000,909
"Lpin1",3.17221667290351e-08,0.556648940797182,0.000587141648119231,0.980668346235037,0.999999999997809,"TRPM8","Cplx2",163.53,1000,909
"Stat3",3.11425280869622e-08,0.549545718655679,0.000565880762909702,0.981021513800423,0.999999999997809,"TRPM8","Cplx2",163.53,1000,909
"Map1lc3a",3.10253966787837e-08,0.548096178196725,0.000561632054409034,0.981092881156601,0.999999999997809,"TRPM8","Cplx2",163.53,1000,909
"Snhg11",3.06717953072095e-08,0.543690776600621,0.000548902988353849,0.981308328940166,0.999999999997809,"TRPM8","Cplx2",163.53,1000,909
"Edil3",3.06185028645751e-08,0.543022944073473,0.000546997200471177,0.981340799913158,0.999999999997809,"TRPM8","Cplx2",163.53,1000,909
"Adprh",3.0458740330219e-08,0.541014724061113,0.000541303802157914,0.98143814307371,0.999999999997809,"TRPM8","Cplx2",163.53,1000,909
"Cacnb3",3.04533423215496e-08,0.540946708829794,0.000541111955504722,0.981441432080104,0.999999999997809,"TRPM8","Cplx2",163.53,1000,909
"Bnip3l",3.02902952984113e-08,0.538887279289472,0.000535333245897708,0.98154077677101,0.999999999997809,"TRPM8","Cplx2",163.53,1000,909
"Mid1ip1",3.01444735842145e-08,0.53703712254937,0.000530191314647995,0.981629626308969,0.999999999997809,"TRPM8","Cplx2",163.53,1000,909
"Hnrnpa3",3.00983695134334e-08,0.536450521002303,0.000528570766518751,0.981657717682953,0.999999999997809,"TRPM8","Cplx2",163.53,1000,909
"Uqcrfs1",2.96878901801496e-08,0.531192593136919,0.000514251859094877,0.981907825196477,0.999999999997809,"TRPM8","Cplx2",163.53,1000,909
"Rps21",2.9507026162181e-08,0.528855489231599,0.000508005113970207,0.982018027290537,0.999999999997809,"TRPM8","Cplx2",163.53,1000,909
"Bmpr2",2.93198645743696e-08,0.526423670196427,0.00050158105060158,0.982132066912537,0.999999999997809,"TRPM8","Cplx2",163.53,1000,909
"Fam171b",2.91488804325356e-08,0.524190051502073,0.000495747985737331,0.982236249757296,0.999999999997809,"TRPM8","Cplx2",163.53,1000,909
"Kcnc2",2.87641695923125e-08,0.51912190267845,0.000482748443407823,0.982470660143253,0.999999999997809,"TRPM8","Cplx2",163.53,1000,909
"Mapk1",2.8580676575569e-08,0.516683493054257,0.000476608969844679,0.982582465868344,0.999999999997809,"TRPM8","Cplx2",163.53,1000,909
"Meg3",2.8293807453873e-08,0.51284352885039,0.000467089374801001,0.982757261271262,0.999999999997809,"TRPM8","Cplx2",163.53,1000,909
"Zwint",2.82741205183798e-08,0.512578746885503,0.000466439595922387,0.982769256966499,0.999999999997809,"TRPM8","Cplx2",163.53,1000,909
"Etnk1",2.73363029345731e-08,0.499773111267735,0.000436010309072816,0.98334069490393,0.999999999997809,"TRPM8","Cplx2",163.53,1000,909
"Tomm20",2.72968045680922e-08,0.499225315651346,0.000434751232221053,0.983364762529989,0.999999999997809,"TRPM8","Cplx2",163.53,1000,909
"Snap91",2.7259997979093e-08,0.49871422224472,0.000433579598988137,0.983387189983015,0.999999999997809,"TRPM8","Cplx2",163.53,1000,909
"Arfgef3",2.70654381520752e-08,0.496002426075593,0.000427412604023901,0.983505741837808,0.999999999997809,"TRPM8","Cplx2",163.53,1000,909
"Hmgb1",2.70466312276728e-08,0.495739382723908,0.00042681881916069,0.983517201549556,0.999999999997809,"TRPM8","Cplx2",163.53,1000,909
"Ssbp3",2.70026829191742e-08,0.49512406955599,0.000425432862810811,0.983543980792441,0.999999999997809,"TRPM8","Cplx2",163.53,1000,909
"Cerk",2.67363150899134e-08,0.491375686705389,0.000417080900290175,0.983706288431336,0.999999999997809,"TRPM8","Cplx2",163.53,1000,909
"Set",2.6508220746331e-08,0.488139628897168,0.000409994808696287,0.983845275174991,0.999999999997809,"TRPM8","Cplx2",163.53,1000,909
"Pcdh9",2.61518247754369e-08,0.483033809865246,0.000399044377605591,0.984062442063946,0.999999999997809,"TRPM8","Cplx2",163.53,1000,909
"Cacna2d2",2.60467695076714e-08,0.481517051580667,0.000395844791204161,0.984126456834342,0.999999999997809,"TRPM8","Cplx2",163.53,1000,909
"Cbfb",2.57940597071536e-08,0.477846282547386,0.000388200957585372,0.984280444388671,0.999999999997809,"TRPM8","Cplx2",163.53,1000,909
"Rps17",2.5589794175738e-08,0.474855945258276,0.000382076904269343,0.984404913078778,0.999999999997809,"TRPM8","Cplx2",163.53,1000,909
"Aes",2.52187579193802e-08,0.469369914727112,0.000371077469486794,0.984631004061471,0.999999999997809,"TRPM8","Cplx2",163.53,1000,909
"Chmp3",2.45147451081031e-08,0.458761980580219,0.000350648483369014,0.985059997721796,0.999999999997809,"TRPM8","Cplx2",163.53,1000,909
"Coro2b",2.44504798768374e-08,0.45778031146996,0.000348812448056111,0.985099158272784,0.999999999997809,"TRPM8","Cplx2",163.53,1000,909
"Slc9a9",2.43077246674429e-08,0.455591519205559,0.000344751224738061,0.985186147470404,0.999999999997809,"TRPM8","Cplx2",163.53,1000,909
"Susd4",2.39788679384341e-08,0.450505869935682,0.000335486116579362,0.985386540006258,0.999999999997809,"TRPM8","Cplx2",163.53,1000,909
"Klc1",2.39414313777747e-08,0.449923033713951,0.00033443939141409,0.985409352453028,0.999999999997809,"TRPM8","Cplx2",163.53,1000,909
"Gabbr2",2.39342876355705e-08,0.449811724077986,0.000334239838403621,0.98541370558501,0.999999999997809,"TRPM8","Cplx2",163.53,1000,909
"Hnrnpu",2.3885534884858e-08,0.449051303856298,0.000332879571018946,0.985443413717679,0.999999999997809,"TRPM8","Cplx2",163.53,1000,909
"Adam23",2.36115165962076e-08,0.444751666338987,0.000325285696776474,0.985610390756016,0.999999999997809,"TRPM8","Cplx2",163.53,1000,909
"Ncdn",2.33630043693174e-08,0.440814024275859,0.000318474438921371,0.985761825849099,0.999999999997809,"TRPM8","Cplx2",163.53,1000,909
"Rpl13a",2.32463571333954e-08,0.438953012176261,0.000315302207908987,0.985832906975761,0.999999999997809,"TRPM8","Cplx2",163.53,1000,909
"Lrrn1",2.32435724629993e-08,0.438908484458042,0.000315226672621389,0.985834603866975,0.999999999997809,"TRPM8","Cplx2",163.53,1000,909
"S100a6",2.28073146381541e-08,0.431873797284581,0.000303504761312538,0.986100446553804,0.999999999997809,"TRPM8","Cplx2",163.53,1000,909
"Rps14",2.27992529497383e-08,0.431742689024411,0.000303290239925022,0.986105359124221,0.999999999997809,"TRPM8","Cplx2",163.53,1000,909
"Skp1a",2.27531661849443e-08,0.430992388262832,0.000302065327981919,0.986133443136794,0.999999999997809,"TRPM8","Cplx2",163.53,1000,909
"Akr1a1",2.27528273316556e-08,0.43098686670934,0.000302056330986357,0.986133649624773,0.999999999997809,"TRPM8","Cplx2",163.53,1000,909
"Gria2",2.26009768460373e-08,0.428505161781653,0.000298037987045064,0.986226183274724,0.999999999997809,"TRPM8","Cplx2",163.53,1000,909
"Ntrk1",2.24452872276409e-08,0.425945399647676,0.000293945986966499,0.986321056582521,0.999999999997809,"TRPM8","Cplx2",163.53,1000,909
"Mcam",2.21451880221299e-08,0.420966839071406,0.000286138268454041,0.98650392997754,0.999999999997809,"TRPM8","Cplx2",163.53,1000,909
"Rps16",2.21401118460956e-08,0.420882116250469,0.000286007104812725,0.986507023285908,0.999999999997809,"TRPM8","Cplx2",163.53,1000,909
"Purb",2.21361772746528e-08,0.42081643534905,0.000285905459852335,0.986509420926059,0.999999999997809,"TRPM8","Cplx2",163.53,1000,909
"Nacc2",2.20175500790388e-08,0.418831307663702,0.000282849350879418,0.986581709752453,0.999999999997809,"TRPM8","Cplx2",163.53,1000,909
"Aldoa",2.18979547661019e-08,0.416820408283537,0.000279784924162863,0.986654588639949,0.999999999997809,"TRPM8","Cplx2",163.53,1000,909
"Syt1",2.17391514611923e-08,0.414135236225796,0.000275741654753259,0.986751360231406,0.999999999997809,"TRPM8","Cplx2",163.53,1000,909
"Armcx3",2.1716819870275e-08,0.41375624968213,0.000275175433292149,0.986764968676657,0.999999999997809,"TRPM8","Cplx2",163.53,1000,909
"Cend1",2.14633869039403e-08,0.409431016586333,0.000268790372665199,0.98691940615781,0.999999999997809,"TRPM8","Cplx2",163.53,1000,909
"Sptb",2.14587432734462e-08,0.409351346394282,0.000268674078982772,0.986922235907115,0.999999999997809,"TRPM8","Cplx2",163.53,1000,909
"Adam22",2.13564286597332e-08,0.407592077806751,0.000266118127757323,0.986984584731155,0.999999999997809,"TRPM8","Cplx2",163.53,1000,909
"Hspa4l",2.1178954011249e-08,0.4045227502825,0.000261713554174374,0.987092735018734,0.999999999997809,"TRPM8","Cplx2",163.53,1000,909
"Cntn1",2.10784666206599e-08,0.402774803922247,0.000259235950970144,0.987153970575306,0.999999999997809,"TRPM8","Cplx2",163.53,1000,909
"Atp6v1e1",2.10257108944813e-08,0.401854190977576,0.000257939930102689,0.987186119179051,0.999999999997809,"TRPM8","Cplx2",163.53,1000,909
"Zfand5",2.07965217351177e-08,0.397830929384642,0.000252347269224776,0.987325784097114,0.999999999997809,"TRPM8","Cplx2",163.53,1000,909
"Disp2",2.02292786528111e-08,0.387702628057797,0.000238769029508817,0.987671456377465,0.999999999997809,"TRPM8","Cplx2",163.53,1000,909
"Clcn4",2.01693311363641e-08,0.386617661742175,0.000237355988335487,0.987707987932808,0.999999999997809,"TRPM8","Cplx2",163.53,1000,909
"Napb",2.00968634817619e-08,0.38530229515649,0.000235653430025534,0.987752149198425,0.999999999997809,"TRPM8","Cplx2",163.53,1000,909
"Naa60",2.00268157499701e-08,0.38402687108517,0.000234013550182938,0.987794835816218,0.999999999997809,"TRPM8","Cplx2",163.53,1000,909
"Eml2",1.97537857216971e-08,0.379017708440002,0.000227676327616009,0.987961218816025,0.999999999997809,"TRPM8","Cplx2",163.53,1000,909
"Ube2v1",1.96597296158353e-08,0.377277956426034,0.000225513363240473,0.98801853621202,0.999999999997809,"TRPM8","Cplx2",163.53,1000,909
"Smim13",1.94652836882676e-08,0.37365790045028,0.000221074512408089,0.988137030939588,0.999999999997809,"TRPM8","Cplx2",163.53,1000,909
"Ap3b2",1.92598120773482e-08,0.369797755349968,0.000216431909628957,0.988262244967704,0.999999999997809,"TRPM8","Cplx2",163.53,1000,909
"Cdc42",1.91572884658828e-08,0.367858069193822,0.000214133826782358,0.988324722779438,0.999999999997809,"TRPM8","Cplx2",163.53,1000,909
"Naca",1.91176424487573e-08,0.367105534743527,0.000213248443779265,0.988348883051681,0.999999999997809,"TRPM8","Cplx2",163.53,1000,909
"Ncald",1.90806155666663e-08,0.366401471061235,0.000212423208280072,0.988371447233383,0.999999999997809,"TRPM8","Cplx2",163.53,1000,909
"Ppp2r2c",1.9078253301282e-08,0.366356511867545,0.000212370613653086,0.988372886798208,0.999999999997809,"TRPM8","Cplx2",163.53,1000,909
"C1qbp",1.90220454961732e-08,0.365285300855612,0.000211121096538664,0.98840713985294,0.999999999997809,"TRPM8","Cplx2",163.53,1000,909
"Ids",1.90215747286774e-08,0.365276317165035,0.000211110646798115,0.988407426738896,0.999999999997809,"TRPM8","Cplx2",163.53,1000,909
"Brap",1.88712721860314e-08,0.362398008077055,0.000207787567050598,0.988499021262589,0.999999999997809,"TRPM8","Cplx2",163.53,1000,909
"Ptprs",1.87876259043343e-08,0.360787405544785,0.000205949626544524,0.988549995458204,0.999999999997809,"TRPM8","Cplx2",163.53,1000,909
"Sri",1.8738702756506e-08,0.359842460894498,0.000204878433679214,0.988579809334804,0.999999999997809,"TRPM8","Cplx2",163.53,1000,909
"Hspa9",1.87000733638662e-08,0.359094800469819,0.000204034600254966,0.988603350185052,0.999999999997809,"TRPM8","Cplx2",163.53,1000,909
"Pura",1.86630771213731e-08,0.358377471205771,0.000203228074375823,0.988625895798743,0.999999999997809,"TRPM8","Cplx2",163.53,1000,909
"Atp6v0a1",1.86034132493302e-08,0.357217987450341,0.000201930754327121,0.988662255148434,0.999999999997809,"TRPM8","Cplx2",163.53,1000,909
"Ptms",1.85226701242942e-08,0.355643624833331,0.000200181705673616,0.988711460298117,0.999999999997809,"TRPM8","Cplx2",163.53,1000,909
"Vcp",1.84739913346042e-08,0.354691539031875,0.000199130907019055,0.988741125347719,0.999999999997809,"TRPM8","Cplx2",163.53,1000,909
"Prelid1",1.83510373055374e-08,0.352276850485101,0.000196489088022783,0.988816054095202,0.999999999997809,"TRPM8","Cplx2",163.53,1000,909
"Atp6v0c",1.82351603556301e-08,0.349988053275197,0.000194015476288796,0.988886670128589,0.999999999997809,"TRPM8","Cplx2",163.53,1000,909
"Pcbp2",1.80980933257906e-08,0.347264092410397,0.000191109751396392,0.98897019962244,0.999999999997809,"TRPM8","Cplx2",163.53,1000,909
"Prkar2a",1.79601323560498e-08,0.344503932109815,0.00018820721421507,0.989054274010866,0.999999999997809,"TRPM8","Cplx2",163.53,1000,909
"Cyb5r3",1.78938050932209e-08,0.343170273003309,0.000186819672231755,0.989094694356168,0.999999999997809,"TRPM8","Cplx2",163.53,1000,909
"Samd14",1.76907401137867e-08,0.339059913197254,0.000182603545547555,0.989218443893701,0.999999999997809,"TRPM8","Cplx2",163.53,1000,909
"Ndufa4",1.76705300614509e-08,0.338648556043871,0.000182186568168345,0.989230760086916,0.999999999997809,"TRPM8","Cplx2",163.53,1000,909
"Slc25a5",1.76633994693111e-08,0.338503320332096,0.000182039562278449,0.989235105536471,0.999999999997809,"TRPM8","Cplx2",163.53,1000,909
"Atp9a",1.76361654223873e-08,0.337948141702415,0.000181478645108214,0.989251702222369,0.999999999997809,"TRPM8","Cplx2",163.53,1000,909
"Cdipt",1.74938090692654e-08,0.335033777755618,0.000178560735131363,0.989338455606545,0.999999999997809,"TRPM8","Cplx2",163.53,1000,909
"Gnl3l",1.74830890283073e-08,0.334813467891842,0.000178341961519359,0.989344988511748,0.999999999997809,"TRPM8","Cplx2",163.53,1000,909
"Akap12",1.72573431486855e-08,0.330146224165038,0.00017376610656423,0.98948256057968,0.999999999997809,"TRPM8","Cplx2",163.53,1000,909
"Sept5",1.71293240643048e-08,0.327475481536327,0.000171197592174677,0.989560576983034,0.999999999997809,"TRPM8","Cplx2",163.53,1000,909
"Zranb2",1.71078812040832e-08,0.32702641908364,0.000170769242716407,0.989573644535362,0.999999999997809,"TRPM8","Cplx2",163.53,1000,909
"Reep5",1.7032255638755e-08,0.325438674610582,0.000169262805305277,0.989619731741095,0.999999999997809,"TRPM8","Cplx2",163.53,1000,909
"Magi1",1.6979098086682e-08,0.324318916748957,0.00016820791793633,0.989652126667288,0.999999999997809,"TRPM8","Cplx2",163.53,1000,909
"Pitpnc1",1.69354494276286e-08,0.323397148738044,0.000167344195633496,0.989678726759117,0.999999999997809,"TRPM8","Cplx2",163.53,1000,909
"Tubb4a",1.6838205400489e-08,0.321336002187294,0.000165427919030211,0.989737988644972,0.999999999997809,"TRPM8","Cplx2",163.53,1000,909
"Idh3b",1.68031808275616e-08,0.32059106303224,0.000164740432913669,0.989759333129093,0.999999999997809,"TRPM8","Cplx2",163.53,1000,909
"Pcbp3",1.67068409809469e-08,0.318534920407444,0.00016285679309826,0.9898180440705,0.999999999997809,"TRPM8","Cplx2",163.53,1000,909
"Slc20a1",1.66249590357123e-08,0.316779110248675,0.00016126434927842,0.989867944194227,0.999999999997809,"TRPM8","Cplx2",163.53,1000,909
"Glg1",1.64918206557578e-08,0.313907849933955,0.000158691771181012,0.98994908086648,0.999999999997809,"TRPM8","Cplx2",163.53,1000,909
"Epb41l3",1.6324622610866e-08,0.310272962914562,0.00015549037144493,0.990050974194034,0.999999999997809,"TRPM8","Cplx2",163.53,1000,909
"Capzb",1.62155016277677e-08,0.307882925159982,0.000153418586477812,0.990117474461607,0.999999999997809,"TRPM8","Cplx2",163.53,1000,909
"Kif5a",1.60935707552623e-08,0.305195479397526,0.000151120028982282,0.990191781384777,0.999999999997809,"TRPM8","Cplx2",163.53,1000,909
"Lamp1",1.60580672921653e-08,0.30440958174644,0.000150454003229431,0.990213417866202,0.999999999997809,"TRPM8","Cplx2",163.53,1000,909
"Hnrnph1",1.60475831033255e-08,0.304177212751047,0.000150257606836198,0.990219807130409,0.999999999997809,"TRPM8","Cplx2",163.53,1000,909
"Eps15",1.59788676832237e-08,0.302650898176699,0.000148973561910417,0.990261683630673,0.999999999997809,"TRPM8","Cplx2",163.53,1000,909
"Kcnc1",1.59604798757181e-08,0.302241484500583,0.000148630894194503,0.990272889519215,0.999999999997809,"TRPM8","Cplx2",163.53,1000,909
"Ccser2",1.59432504579959e-08,0.301857485291039,0.000148310171813795,0.990283389464172,0.999999999997809,"TRPM8","Cplx2",163.53,1000,909
"Cct3",1.58707845227223e-08,0.300238389637166,0.000146965024475001,0.990327551644282,0.999999999997809,"TRPM8","Cplx2",163.53,1000,909
"Slc38a2",1.58116149477912e-08,0.298911530421625,0.000145871235061536,0.99036361078032,0.999999999997809,"TRPM8","Cplx2",163.53,1000,909
"Grb2",1.5708543214265e-08,0.296589685797115,0.000143975641743533,0.990426424826968,0.999999999997809,"TRPM8","Cplx2",163.53,1000,909
"Ywhab",1.56403900028196e-08,0.295047042983454,0.000142729044126242,0.990467958836518,0.999999999997809,"TRPM8","Cplx2",163.53,1000,909
"Isl1",1.55709846268767e-08,0.293469953003595,0.000141465113584613,0.990510255968163,0.999999999997809,"TRPM8","Cplx2",163.53,1000,909
"Rpl37",1.53561123836489e-08,0.28854782103914,0.000137587748678637,0.990641203911822,0.999999999997809,"TRPM8","Cplx2",163.53,1000,909
"Arl6ip5",1.52586411305768e-08,0.286294969451407,0.000135846645464438,0.990700605153551,0.999999999997809,"TRPM8","Cplx2",163.53,1000,909
"Dok4",1.50931883758182e-08,0.282441642830333,0.000132916588408792,0.990801436016561,0.999999999997809,"TRPM8","Cplx2",163.53,1000,909
"Rpl27a",1.49456778435724e-08,0.278974642960065,0.000130331212083958,0.990891332584289,0.999999999997809,"TRPM8","Cplx2",163.53,1000,909
"Tmem72",1.49353940064897e-08,0.278731814108236,0.000130151916926296,0.990897599813352,0.999999999997809,"TRPM8","Cplx2",163.53,1000,909
"Atp5a1",1.48862959417547e-08,0.277570441281242,0.000129297610200437,0.990927521417061,0.999999999997809,"TRPM8","Cplx2",163.53,1000,909
"Tubb2a",1.47526198146558e-08,0.274391241433183,0.000126985900115312,0.991008987097855,0.999999999997809,"TRPM8","Cplx2",163.53,1000,909
"Slc25a39",1.46477324809085e-08,0.271878884645197,0.000125186644855535,0.991072908210882,0.999999999997809,"TRPM8","Cplx2",163.53,1000,909
"Araf",1.45515768151589e-08,0.269561698668912,0.000123548453392884,0.991131508065034,0.999999999997809,"TRPM8","Cplx2",163.53,1000,909
"Tmem163",1.44761482822111e-08,0.267734530897857,0.000122270938819116,0.991177476279349,0.999999999997809,"TRPM8","Cplx2",163.53,1000,909
"Nr2f2",1.44191928270623e-08,0.266349280006587,0.000121310697580639,0.991212186513404,0.999999999997809,"TRPM8","Cplx2",163.53,1000,909
"Mob4",1.43896909920135e-08,0.265629848461466,0.000120814799230534,0.991230165756474,0.999999999997809,"TRPM8","Cplx2",163.53,1000,909
"Lin54",1.43530835333804e-08,0.264735328600307,0.000120200874018219,0.991252475371401,0.999999999997809,"TRPM8","Cplx2",163.53,1000,909
"Ctnna2",1.42711555224204e-08,0.262726067600255,0.000118832566975659,0.991302404630374,0.999999999997809,"TRPM8","Cplx2",163.53,1000,909
"Ywhae",1.42641442476955e-08,0.262553645939391,0.000118715833175293,0.991306677502097,0.999999999997809,"TRPM8","Cplx2",163.53,1000,909
"Fam63b",1.41686191491376e-08,0.260197010584431,0.000117131108696959,0.991364893259181,0.999999999997809,"TRPM8","Cplx2",163.53,1000,909
"Mapre2",1.41618837828471e-08,0.26003031859826,0.000117019773443003,0.991368997987884,0.999999999997809,"TRPM8","Cplx2",163.53,1000,909
"Ndufc1",1.41498626401261e-08,0.259732636360766,0.000116821196137275,0.99137632402351,0.999999999997809,"TRPM8","Cplx2",163.53,1000,909
"Sdhd",1.40761757070764e-08,0.257903021628278,0.000115607646320702,0.991421231009468,0.999999999997809,"TRPM8","Cplx2",163.53,1000,909
"Cox6c",1.39462524507276e-08,0.254656407991402,0.0001134833756047,0.991500410132263,0.999999999997809,"TRPM8","Cplx2",163.53,1000,909
"Enah",1.39092408257362e-08,0.25372665432563,0.000112881833255611,0.99152296614015,0.999999999997809,"TRPM8","Cplx2",163.53,1000,909
"Mllt11",1.38037209883659e-08,0.251063905863772,0.000111175616284925,0.991587273169598,0.999999999997809,"TRPM8","Cplx2",163.53,1000,909
"Rpl31",1.37765236457866e-08,0.250374683359489,0.000110737951316244,0.991603848074282,0.999999999997809,"TRPM8","Cplx2",163.53,1000,909
"Alg2",1.37496193705088e-08,0.249691706011003,0.000110305851719837,0.991620244378222,0.999999999997809,"TRPM8","Cplx2",163.53,1000,909
"Ankrd46",1.37260630509328e-08,0.249092749676782,0.000109928215948208,0.99163460033651,0.999999999997809,"TRPM8","Cplx2",163.53,1000,909
"Maged1",1.36716478942644e-08,0.24770568593219,0.000109058351935247,0.991667762646121,0.999999999997809,"TRPM8","Cplx2",163.53,1000,909
"Nap1l1",1.36065876215391e-08,0.246040869165058,0.000108022853719485,0.991707412443484,0.999999999997809,"TRPM8","Cplx2",163.53,1000,909
"Snx10",1.35535625703316e-08,0.244678819345174,0.000107182561263452,0.99173972760961,0.999999999997809,"TRPM8","Cplx2",163.53,1000,909
"Cpe",1.35151498823447e-08,0.243689177715718,0.000106575881514934,0.991763137541601,0.999999999997809,"TRPM8","Cplx2",163.53,1000,909
"Stt3b",1.34431401428687e-08,0.24182725916364,0.0001054432183381,0.991807022620348,0.999999999997809,"TRPM8","Cplx2",163.53,1000,909
"Pfn2",1.34310176242498e-08,0.241512948871181,0.000105253134617965,0.991814410480155,0.999999999997809,"TRPM8","Cplx2",163.53,1000,909
"Ackr1",1.33252141822231e-08,0.238759026394476,0.000103601393625424,0.991878890592061,0.999999999997809,"TRPM8","Cplx2",163.53,1000,909
"Lhfpl4",1.32853496088814e-08,0.237716401101071,0.000102982439592492,0.99190318539343,0.999999999997809,"TRPM8","Cplx2",163.53,1000,909
"Arl6ip1",1.32597047857919e-08,0.237044222469703,0.00010258524756031,0.991918814208418,0.999999999997809,"TRPM8","Cplx2",163.53,1000,909
"Pdhb",1.30720085029437e-08,0.232089295988874,9.97015348587931e-05,0.992033202710121,0.999999999997809,"TRPM8","Cplx2",163.53,1000,909
"Bsg",1.30045258335e-08,0.23029250238435,9.86747975905209e-05,0.992074328985327,0.999999999997809,"TRPM8","Cplx2",163.53,1000,909
"Fnbp1",1.29921879865287e-08,0.22996310610089,9.84876539673124e-05,0.992081848098724,0.999999999997809,"TRPM8","Cplx2",163.53,1000,909
"Mbnl2",1.28705376539702e-08,0.226700427223705,9.66519409229247e-05,0.992155986083302,0.999999999997809,"TRPM8","Cplx2",163.53,1000,909
"Tpt1",1.28005600782853e-08,0.224811276944668,9.5603797934386e-05,0.992198632906009,0.999999999997809,"TRPM8","Cplx2",163.53,1000,909
"Wbp2",1.2767473938605e-08,0.223914893635062,9.51102144322963e-05,0.992218796783691,0.999999999997809,"TRPM8","Cplx2",163.53,1000,909
"Atp6v1b2",1.27671436977484e-08,0.223905936293158,9.51052942934157e-05,0.992218998044313,0.999999999997809,"TRPM8","Cplx2",163.53,1000,909
"Azin1",1.27660712519237e-08,0.223876846224102,9.50893171893175e-05,0.992219651631267,0.999999999997809,"TRPM8","Cplx2",163.53,1000,909
"Tm9sf2",1.27489930496102e-08,0.223413309707962,9.48350700811316e-05,0.992230059701044,0.999999999997809,"TRPM8","Cplx2",163.53,1000,909
"Rab2a",1.27473818420861e-08,0.223369550055081,9.48111012355051e-05,0.992231041628837,0.999999999997809,"TRPM8","Cplx2",163.53,1000,909
"Cadm3",1.26477332719941e-08,0.22065361475313,9.33345842147543e-05,0.992291771072916,0.999999999997809,"TRPM8","Cplx2",163.53,1000,909
"Rpl19",1.26138389648739e-08,0.219725518932474,9.28350050266261e-05,0.992312427500228,0.999999999997809,"TRPM8","Cplx2",163.53,1000,909
"Cacna2d1",1.23706686394183e-08,0.213001767623937,8.92901492412561e-05,0.992460624518312,0.999999999997809,"TRPM8","Cplx2",163.53,1000,909
"Swi5",1.23180564662283e-08,0.211531698754539,8.85322663453303e-05,0.992492688362997,0.999999999997809,"TRPM8","Cplx2",163.53,1000,909
"Npm1",1.22298311004764e-08,0.209054065718887,8.72686221879055e-05,0.992546456258972,0.999999999997809,"TRPM8","Cplx2",163.53,1000,909
"Foxp2",1.22145763344155e-08,0.208624068671568,8.705105055734e-05,0.992555753097485,0.999999999997809,"TRPM8","Cplx2",163.53,1000,909
"Camk2g",1.2059089556746e-08,0.204214025485727,8.48489049372796e-05,0.992650512750514,0.999999999997809,"TRPM8","Cplx2",163.53,1000,909
"Myl12b",1.18875122489298e-08,0.19928902754408,8.24516129019693e-05,0.992755078714895,0.999999999997809,"TRPM8","Cplx2",163.53,1000,909
"Ttl",1.17826939170905e-08,0.19624936092313,8.10039865337243e-05,0.99281895919314,0.999999999997809,"TRPM8","Cplx2",163.53,1000,909
"Fryl",1.17003732231993e-08,0.1938453474607,7.98760594032363e-05,0.992869128744476,0.999999999997809,"TRPM8","Cplx2",163.53,1000,909
"Serpinb6a",1.16138232014842e-08,0.191301685611596,7.86987114502136e-05,0.992921875849182,0.999999999997809,"TRPM8","Cplx2",163.53,1000,909
"Cltc",1.15536662856019e-08,0.189523837843686,7.78855407196292e-05,0.992958537939571,0.999999999997809,"TRPM8","Cplx2",163.53,1000,909
"Clip3",1.15079305146617e-08,0.188166714669139,7.727013351011e-05,0.992986411203058,0.999999999997809,"TRPM8","Cplx2",163.53,1000,909
"Ubqln1",1.14276281578325e-08,0.185772343476455,7.61955137655767e-05,0.993035350789091,0.999999999997809,"TRPM8","Cplx2",163.53,1000,909
"Hspa4",1.14066884511357e-08,0.185145546672162,7.59165320032183e-05,0.993048112318943,0.999999999997809,"TRPM8","Cplx2",163.53,1000,909
"Wdr18",1.1228191938652e-08,0.179760951091019,7.35591761843776e-05,0.993156895603749,0.999999999997809,"TRPM8","Cplx2",163.53,1000,909
"Slc24a2",1.11000635438268e-08,0.175849040007646,7.18899415816979e-05,0.993234982517003,0.999999999997809,"TRPM8","Cplx2",163.53,1000,909
"Ndufb8",1.10182477732625e-08,0.17333022361779,7.08340819345945e-05,0.99328484457402,0.999999999997809,"TRPM8","Cplx2",163.53,1000,909
"Plcd4",1.07566230156053e-08,0.165163504336643,6.75101537929181e-05,0.993444290152989,0.999999999997809,"TRPM8","Cplx2",163.53,1000,909
"Ywhah",1.06938120068664e-08,0.163176779789743,6.67240333807144e-05,0.993482569970246,0.999999999997809,"TRPM8","Cplx2",163.53,1000,909
"Sec61a1",1.06460144852561e-08,0.161658027801493,6.61289011611333e-05,0.993511699911971,0.999999999997809,"TRPM8","Cplx2",163.53,1000,909
"Npepps",1.04795684421488e-08,0.156321898084217,6.40772695714415e-05,0.993613139622378,0.999999999997809,"TRPM8","Cplx2",163.53,1000,909
"Pex5l",1.03999119547167e-08,0.153741680943597,6.31068533689308e-05,0.993661685907785,0.999999999997809,"TRPM8","Cplx2",163.53,1000,909
"Cox8a",1.00265016929193e-08,0.141408873778419,5.86564889788816e-05,0.993889259410098,0.999999999997809,"TRPM8","Cplx2",163.53,1000,909
"Capns1",9.90700777397281e-09,0.137376683851892,5.72667066923991e-05,0.993962084642718,0.999999999997809,"TRPM8","Cplx2",163.53,1000,909
"Atp2a2",9.90097409923718e-09,0.137171948782553,5.71969735357476e-05,0.993965761850145,0.999999999997809,"TRPM8","Cplx2",163.53,1000,909
"Klhdc2",9.87813349760563e-09,0.136395921949268,5.69333820166423e-05,0.993979681996761,0.999999999997809,"TRPM8","Cplx2",163.53,1000,909
"Rpl12",9.84890063315145e-09,0.135400401146534,5.65969089010224e-05,0.993997497894381,0.999999999997809,"TRPM8","Cplx2",163.53,1000,909
"Fam8a1",9.8397880741523e-09,0.135089541552777,5.6492226338197e-05,0.994003051521749,0.999999999997809,"TRPM8","Cplx2",163.53,1000,909
"Actr1a",9.83013849737654e-09,0.134760085616255,5.6381480298341e-05,0.994008932433639,0.999999999997809,"TRPM8","Cplx2",163.53,1000,909
"Dnajc8",9.82147961033501e-09,0.134464210941573,5.62821966812968e-05,0.994014209572275,0.999999999997809,"TRPM8","Cplx2",163.53,1000,909
"Sptan1",9.80785461326056e-09,0.133998177893207,5.61261483287077e-05,0.994022513295689,0.999999999997809,"TRPM8","Cplx2",163.53,1000,909
"Atp6v1f",9.71665529462901e-09,0.130863988708415,5.50872119926073e-05,0.994078094529203,0.999999999997809,"TRPM8","Cplx2",163.53,1000,909
"Tgoln1",9.64676952874911e-09,0.128444663396765,5.42976466019221e-05,0.994120686282145,0.999999999997809,"TRPM8","Cplx2",163.53,1000,909
"Clstn1",9.53989847475915e-09,0.12471491110748,5.31012453629758e-05,0.994185818684033,0.999999999997809,"TRPM8","Cplx2",163.53,1000,909
"Elavl3",9.46874575008596e-09,0.122211226524862,5.23120947860398e-05,0.994229182625764,0.999999999997809,"TRPM8","Cplx2",163.53,1000,909
"Mprip",9.32953790216285e-09,0.11726448988566,5.07852351339898e-05,0.994314022728977,0.999999999997809,"TRPM8","Cplx2",163.53,1000,909
"Ctsd",9.20297414627866e-09,0.11271023938182,4.94166845752922e-05,0.994391156956991,0.999999999997809,"TRPM8","Cplx2",163.53,1000,909
"Hcn4",9.06120412348894e-09,0.107542750148227,4.79059027646286e-05,0.994477558700213,0.999999999997809,"TRPM8","Cplx2",163.53,1000,909
"Jkamp",9.04671258864143e-09,0.107010527600484,4.77527939921812e-05,0.994486390570081,0.999999999997809,"TRPM8","Cplx2",163.53,1000,909
"Psap",8.85343384595135e-09,0.0998392454052826,4.57341586325351e-05,0.994604184416728,0.999999999997809,"TRPM8","Cplx2",163.53,1000,909
"Rbfox3",8.8390110250507e-09,0.0992985918927052,4.55852721525371e-05,0.994612974418397,0.999999999997809,"TRPM8","Cplx2",163.53,1000,909
"Metap2",8.77351811361599e-09,0.0968336959617779,4.49122440132332e-05,0.994652889142654,0.999999999997809,"TRPM8","Cplx2",163.53,1000,909
"Epb41l1",8.66623485957810e-09,0.0927606923174831,4.38205788096679e-05,0.994718273064352,0.999999999997809,"TRPM8","Cplx2",163.53,1000,909
"Ap2m1",8.46869231650551e-09,0.0851432630226168,4.18456106236479e-05,0.994838665722122,0.999999999997809,"TRPM8","Cplx2",163.53,1000,909
"Nap1l5",8.37069106583681e-09,0.0813059159601277,4.08827243327347e-05,0.994898392804188,0.999999999997809,"TRPM8","Cplx2",163.53,1000,909
"Csnk1a1",8.35455836553691e-09,0.0806704280674591,4.07252909344639e-05,0.994908224917325,0.999999999997809,"TRPM8","Cplx2",163.53,1000,909
"Ppp2r1a",8.33614506117962e-09,0.0799437804091101,4.05459730639175e-05,0.994919446951055,0.999999999997809,"TRPM8","Cplx2",163.53,1000,909
"Nckap1",8.20633533571751e-09,0.0747805316470229,3.92930481045656e-05,0.994998559836612,0.999999999997809,"TRPM8","Cplx2",163.53,1000,909
"Tmem59",8.09976102351906e-09,0.0704873585082734,3.82790906238396e-05,0.995063511873991,0.999999999997809,"TRPM8","Cplx2",163.53,1000,909
"Gsk3b",8.05032184715585e-09,0.0684788431232671,3.78132222991728e-05,0.995093642740909,0.999999999997809,"TRPM8","Cplx2",163.53,1000,909
"Ensa",7.94961479424691e-09,0.0643536450792161,3.68730761952832e-05,0.995155019003619,0.999999999997809,"TRPM8","Cplx2",163.53,1000,909
"Bcl2l2",7.81649740964945e-09,0.0588295398715005,3.56485260051593e-05,0.99523614789933,0.999999999997809,"TRPM8","Cplx2",163.53,1000,909
"Hspa8",7.64672433675116e-09,0.051662638642185,3.41167826886254e-05,0.995339616814872,0.999999999997809,"TRPM8","Cplx2",163.53,1000,909
"Armcx2",7.63103315427998e-09,0.0509931775875483,3.3976910140855e-05,0.995349179876213,0.999999999997809,"TRPM8","Cplx2",163.53,1000,909
"Anxa2",7.59796016610049e-09,0.0495781401216054,3.36830356886438e-05,0.995369336358974,0.999999999997809,"TRPM8","Cplx2",163.53,1000,909
"Dnajc7",7.54256478085879e-09,0.0471958177734189,3.31936720227518e-05,0.995403097334559,0.999999999997809,"TRPM8","Cplx2",163.53,1000,909
"Selenot",7.54235893641853e-09,0.0471869365344647,3.31918602677852e-05,0.995403222787427,0.999999999997809,"TRPM8","Cplx2",163.53,1000,909
"Rap1gap2",7.54156910343468e-09,0.0471528568974349,3.31849089535904e-05,0.995403704154878,0.999999999997809,"TRPM8","Cplx2",163.53,1000,909
"Jak1",7.5293239284624e-09,0.0466241001968626,3.30772323909032e-05,0.995411167034953,0.999999999997809,"TRPM8","Cplx2",163.53,1000,909
"Tmsb4x",7.51520458798878e-09,0.0460134733226617,3.29532927614103e-05,0.995419772134596,0.999999999997809,"TRPM8","Cplx2",163.53,1000,909
"Chn1",7.49455496242864e-09,0.0451186032959543,3.27724491726399e-05,0.995432357148705,0.999999999997809,"TRPM8","Cplx2",163.53,1000,909
"March6",7.49065129453546e-09,0.0449491900158043,3.27383178759136e-05,0.995434736258099,0.999999999997809,"TRPM8","Cplx2",163.53,1000,909
"Gna13",7.41078293499749e-09,0.0414658178802731,3.20439013698279e-05,0.995483412427367,0.999999999997809,"TRPM8","Cplx2",163.53,1000,909
"Atp6v0e2",7.19101043911186e-09,0.0317068910308577,3.0171509530261e-05,0.995617353955132,0.999999999997809,"TRPM8","Cplx2",163.53,1000,909
"Oxr1",7.14194360682457e-09,0.0294922254551567,2.97611722926959e-05,0.99564725801655,0.999999999997809,"TRPM8","Cplx2",163.53,1000,909
"Nfasc",7.02072456343411e-09,0.0239628522931207,2.87594827659926e-05,0.995721135681593,0.999999999997809,"TRPM8","Cplx2",163.53,1000,909
"Spop",6.87193297364342e-09,0.0170594890937556,2.75533894378006e-05,0.995811817648679,0.999999999997809,"TRPM8","Cplx2",163.53,1000,909
"Unc13d",6.86493762255897e-09,0.0167316980047984,2.74973215076343e-05,0.995816081010588,0.999999999997809,"TRPM8","Cplx2",163.53,1000,909
"Ppm1b",6.83093848660148e-09,0.0151343450520875,2.72256307281925e-05,0.995836802005333,0.999999999997809,"TRPM8","Cplx2",163.53,1000,909
"Ak1",6.79817128101412e-09,0.0135882221519429,2.69650609183305e-05,0.995856772194751,0.999999999997809,"TRPM8","Cplx2",163.53,1000,909
"Oxct1",6.77093851392752e-09,0.0122982332599609,2.67494551732227e-05,0.995873369386123,0.999999999997809,"TRPM8","Cplx2",163.53,1000,909
"Taok1",6.71201937763716e-09,0.0094915602169548,2.62859455548139e-05,0.995909278052455,0.999999999997809,"TRPM8","Cplx2",163.53,1000,909
"Syngr1",6.64866927729274e-09,0.00644946932916536,2.5792097495327e-05,0.995947887209056,0.999999999997809,"TRPM8","Cplx2",163.53,1000,909
"Mapk8ip2",6.60531406122333e-09,0.0043527712186234,2.54568195579814e-05,0.995974310350684,0.999999999997809,"TRPM8","Cplx2",163.53,1000,909
"Cs",6.55341031997548e-09,0.00182663709652355,2.50583183389004e-05,0.996005943456962,0.999999999997809,"TRPM8","Cplx2",163.53,1000,909
"Extl2",6.52443954775697e-09,0.000408958696133629,2.48372565807799e-05,0.996023599904,0.999999999997809,"TRPM8","Cplx2",163.53,1000,909
"Paip2",6.39809268465304e-09,-0.00583944168646578,2.38846155371817e-05,0.996100602937823,0.999999999997809,"TRPM8","Cplx2",163.53,1000,909
"Cst3",6.31549941826962e-09,-0.00998311745069319,2.32719405981681e-05,0.996150940036937,0.999999999997809,"TRPM8","Cplx2",163.53,1000,909
"Ttc3",6.3067851833566e-09,-0.0104230903572969,2.320776285629e-05,0.99615625099508,0.999999999997809,"TRPM8","Cplx2",163.53,1000,909
"Ociad1",6.28813831062413e-09,-0.0113663559629152,2.30707318833622e-05,0.99616761547705,0.999999999997809,"TRPM8","Cplx2",163.53,1000,909
"Sh3bgrl2",6.27312008128277e-09,-0.0121278591381476,2.29606618540252e-05,0.996176768454579,0.999999999997809,"TRPM8","Cplx2",163.53,1000,909
"Zdhhc21",6.10945438486228e-09,-0.0205324913109907,2.17782036141163e-05,0.996276515827829,0.999999999997809,"TRPM8","Cplx2",163.53,1000,909
"Epn1",6.09411857809883e-09,-0.0213301624007905,2.16690065830835e-05,0.996285862361444,0.999999999997809,"TRPM8","Cplx2",163.53,1000,909
"Slc25a4",6.01339900187179e-09,-0.0255580922450052,2.10987751120952e-05,0.996335057579711,0.999999999997809,"TRPM8","Cplx2",163.53,1000,909
"Cacng7",5.99906237227077e-09,-0.0263142450530196,2.09982912612966e-05,0.996343795159533,0.999999999997809,"TRPM8","Cplx2",163.53,1000,909
"Sbk1",5.95750984437717e-09,-0.0285148765290504,2.07084091993905e-05,0.996369119700575,0.999999999997809,"TRPM8","Cplx2",163.53,1000,909
"Nudt3",5.84162360350593e-09,-0.034724546307753,1.9910599725532e-05,0.996439747573573,0.999999999997809,"TRPM8","Cplx2",163.53,1000,909
"Stx12",5.82074867777943e-09,-0.0358546427847215,1.97685537151279e-05,0.996452469980801,0.999999999997809,"TRPM8","Cplx2",163.53,1000,909
"Rpl30",5.74618210062551e-09,-0.0399208230281405,1.92653086262167e-05,0.996497915244937,0.999999999997809,"TRPM8","Cplx2",163.53,1000,909
"Tsn",5.71161150433166e-09,-0.0418217972274086,1.90341952584341e-05,0.996518984606413,0.999999999997809,"TRPM8","Cplx2",163.53,1000,909
"Syn1",5.68956145826871e-09,-0.0430395960303944,1.88875134566469e-05,0.996532423206978,0.999999999997809,"TRPM8","Cplx2",163.53,1000,909
"Ywhag",5.63681675065082e-09,-0.0459695980780573,1.85389457497055e-05,0.996564568951411,0.999999999997809,"TRPM8","Cplx2",163.53,1000,909
"Rb1cc1",5.63232546336191e-09,-0.0462202076190039,1.85094146992016e-05,0.996567306207782,0.999999999997809,"TRPM8","Cplx2",163.53,1000,909
"Eml1",5.63052040023315e-09,-0.0463209780680036,1.84975527042031e-05,0.996568406320129,0.999999999997809,"TRPM8","Cplx2",163.53,1000,909
"Lrrc49",5.5808904318628e-09,-0.0491028697594319,1.81728981747429e-05,0.996598653763958,0.999999999997809,"TRPM8","Cplx2",163.53,1000,909
"Rpl26",5.57663536469728e-09,-0.0493423918222515,1.81451974252319e-05,0.996601247054275,0.999999999997809,"TRPM8","Cplx2",163.53,1000,909
"Cox7b",5.52116987923694e-09,-0.0524794342750076,1.77860463935264e-05,0.996635051014283,0.999999999997809,"TRPM8","Cplx2",163.53,1000,909
"Wdr31",5.50913507091242e-09,-0.0531637720507873,1.77085923851985e-05,0.996642385741821,0.999999999997809,"TRPM8","Cplx2",163.53,1000,909
"Fam168a",5.50347744596485e-09,-0.0534859384123061,1.76722392632373e-05,0.99664583383485,0.999999999997809,"TRPM8","Cplx2",163.53,1000,909
"Map2k4",5.44338427344883e-09,-0.0569260164346255,1.72884154062109e-05,0.996682458190998,0.999999999997809,"TRPM8","Cplx2",163.53,1000,909
"Mfn2",5.36372771020801e-09,-0.0615380081144194,1.67861324780555e-05,0.996731005652652,0.999999999997809,"TRPM8","Cplx2",163.53,1000,909
"Cfl1",5.33611886972385e-09,-0.0631506197631377,1.66137699247692e-05,0.996747832129917,0.999999999997809,"TRPM8","Cplx2",163.53,1000,909
"Rbx1",5.30416891036497e-09,-0.0650260031121718,1.64154159603409e-05,0.99676730434625,0.999999999997809,"TRPM8","Cplx2",163.53,1000,909
"Akt1",5.23567421958962e-09,-0.0690802791719084,1.59941966650561e-05,0.996809049114319,0.999999999997809,"TRPM8","Cplx2",163.53,1000,909
"Plekhm3",5.13346461926196e-09,-0.0752180196951826,1.53758221534395e-05,0.996871341784334,0.999999999997809,"TRPM8","Cplx2",163.53,1000,909
"Arl5a",5.12983996534448e-09,-0.0754376543791343,1.53541165949505e-05,0.996873550866511,0.999999999997809,"TRPM8","Cplx2",163.53,1000,909
"Rusc1",5.09928900626651e-09,-0.0772943373060951,1.51717771184566e-05,0.996892170460044,0.999999999997809,"TRPM8","Cplx2",163.53,1000,909
"Hacd3",5.07565850635589e-09,-0.0787371814502979,1.50314885486635e-05,0.996906572310331,0.999999999997809,"TRPM8","Cplx2",163.53,1000,909
"Mdh2",5.07037740020457e-09,-0.079060447880806,1.50002249841415e-05,0.996909790934723,0.999999999997809,"TRPM8","Cplx2",163.53,1000,909
"Necab1",5.03323878555725e-09,-0.0813421956439448,1.47812876930401e-05,0.996932425446328,0.999999999997809,"TRPM8","Cplx2",163.53,1000,909
"Runx1t1",4.98835176920056e-09,-0.0841198965753527,1.45188207611263e-05,0.996959782304536,0.999999999997809,"TRPM8","Cplx2",163.53,1000,909
"Ppme1",4.9353954591694e-09,-0.0874254268357998,1.42121936082446e-05,0.996992057082155,0.999999999997809,"TRPM8","Cplx2",163.53,1000,909
"Sparcl1",4.93523227091763e-09,-0.0874356612852939,1.42112537748696e-05,0.996992156538952,0.999999999997809,"TRPM8","Cplx2",163.53,1000,909
"Slc25a3",4.89478972980768e-09,-0.089981288963534,1.39792953632241e-05,0.997016804672407,0.999999999997809,"TRPM8","Cplx2",163.53,1000,909
"Klf9",4.87665859958179e-09,-0.0911285669872721,1.38759238157256e-05,0.997027854881981,0.999999999997809,"TRPM8","Cplx2",163.53,1000,909
"Ddx3x",4.86326294985097e-09,-0.0919786182144783,1.37997972141255e-05,0.997036019003119,0.999999999997809,"TRPM8","Cplx2",163.53,1000,909
"Map7",4.86054983540276e-09,-0.0921510364397159,1.37844042625344e-05,0.997037672539601,0.999999999997809,"TRPM8","Cplx2",163.53,1000,909
"Ube3a",4.80714362629859e-09,-0.0955623941887575,1.34831509547729e-05,0.997070221524829,0.999999999997809,"TRPM8","Cplx2",163.53,1000,909
"Ubc",4.79443785177083e-09,-0.0963789037962274,1.34119704412842e-05,0.997077965195702,0.999999999997809,"TRPM8","Cplx2",163.53,1000,909
"Nucks1",4.79030106435541e-09,-0.0966451574594403,1.33888359107023e-05,0.997080486405322,0.999999999997809,"TRPM8","Cplx2",163.53,1000,909
"Actr2",4.79013111534305e-09,-0.0966561001254082,1.33878859165179e-05,0.997080589982578,0.999999999997809,"TRPM8","Cplx2",163.53,1000,909
"Prdx2",4.74316319316807e-09,-0.0996934711114425,1.3126632758356e-05,0.997109215090379,0.999999999997809,"TRPM8","Cplx2",163.53,1000,909
"Arf1",4.72566715315513e-09,-0.100831707225071,1.30299713097527e-05,0.997119878242016,0.999999999997809,"TRPM8","Cplx2",163.53,1000,909
"Gdap1",4.66677944194812e-09,-0.104690253320437,1.27072552264459e-05,0.997155768001048,0.999999999997809,"TRPM8","Cplx2",163.53,1000,909
"Pirt",4.6437323818775e-09,-0.106212083819564,1.25820546609376e-05,0.997169814285203,0.999999999997809,"TRPM8","Cplx2",163.53,1000,909
"Cox6b1",4.62885224688537e-09,-0.107198182892561,1.25015492858832e-05,0.997178883147543,0.999999999997809,"TRPM8","Cplx2",163.53,1000,909
"Tmem30a",4.57755683217949e-09,-0.110619070226053,1.22260084227241e-05,0.997210145706405,0.999999999997809,"TRPM8","Cplx2",163.53,1000,909
"Mtch1",4.55912545196883e-09,-0.111856517185085,1.21277514041924e-05,0.997221378916349,0.999999999997809,"TRPM8","Cplx2",163.53,1000,909
"Eif4h",4.41343067683536e-09,-0.121796516935745,1.1365009929681e-05,0.997310174238891,0.999999999997809,"TRPM8","Cplx2",163.53,1000,909
"Nsg1",4.41333938617928e-09,-0.121802835393439,1.13645397700441e-05,0.997310229877021,0.999999999997809,"TRPM8","Cplx2",163.53,1000,909
"Sacm1l",4.40266735654766e-09,-0.122542269129632,1.13096443469258e-05,0.997316734067067,0.999999999997809,"TRPM8","Cplx2",163.53,1000,909
"Zrsr1",4.39686986710612e-09,-0.122944623053073,1.12798785852697e-05,0.997320267413134,0.999999999997809,"TRPM8","Cplx2",163.53,1000,909
"Csde1",4.35723569662956e-09,-0.125707890845492,1.10774374551012e-05,0.997344422911802,0.999999999997809,"TRPM8","Cplx2",163.53,1000,909
"Elavl4",4.32126309810395e-09,-0.128235132755249,1.08952855914499e-05,0.99736634682566,0.999999999997809,"TRPM8","Cplx2",163.53,1000,909
"Slc30a9",4.27586491831438e-09,-0.131451182056687,1.06675614701878e-05,0.997394015271249,0.999999999997809,"TRPM8","Cplx2",163.53,1000,909
"Fxr2",4.23464973376157e-09,-0.134397089590453,1.04629027408643e-05,0.99741913434474,0.999999999997809,"TRPM8","Cplx2",163.53,1000,909
"Gmfb",4.23434003134969e-09,-0.134419321508862,1.04613723816022e-05,0.997419323096486,0.999999999997809,"TRPM8","Cplx2",163.53,1000,909
"Pcnp",4.17888896559482e-09,-0.138423168730849,1.01891713239505e-05,0.997453118397373,0.999999999997809,"TRPM8","Cplx2",163.53,1000,909
"Pcmt1",4.15533589233766e-09,-0.140138011993595,1.00746384925441e-05,0.997467473094863,0.999999999997809,"TRPM8","Cplx2",163.53,1000,909
"Fkbp4",4.13918709004172e-09,-0.141318728154941,9.99648490236005e-06,0.997477315172812,0.999999999997809,"TRPM8","Cplx2",163.53,1000,909
"Prkar1a",4.12024143516004e-09,-0.142709125403581,9.90518363167724e-06,0.997488861826034,0.999999999997809,"TRPM8","Cplx2",163.53,1000,909
"Pmm1",4.11937286802017e-09,-0.14277300349734,9.90100794909096e-06,0.997489391184552,0.999999999997809,"TRPM8","Cplx2",163.53,1000,909
"Fam174a",4.11468941581962e-09,-0.143117649178089,9.87850717596706e-06,0.99749224556992,0.999999999997809,"TRPM8","Cplx2",163.53,1000,909
"Ube2d3",4.09443545726644e-09,-0.144612091120126,9.78149550621568e-06,0.997504589585018,0.999999999997809,"TRPM8","Cplx2",163.53,1000,909
"Cd81",4.02402452071343e-09,-0.149858607780952,9.44796852255423e-06,0.997547502369466,0.999999999997809,"TRPM8","Cplx2",163.53,1000,909
"Actr1b",4.02315025235447e-09,-0.149924259252265,9.44386359595957e-06,0.997548035202782,0.999999999997809,"TRPM8","Cplx2",163.53,1000,909
"Bnip3",3.97819492432855e-09,-0.1533171674435,9.23398827278309e-06,0.997575433767005,0.999999999997809,"TRPM8","Cplx2",163.53,1000,909
"Ccdc92",3.95037181710075e-09,-0.155434035762723,9.10527672387751e-06,0.997592390895074,0.999999999997809,"TRPM8","Cplx2",163.53,1000,909
"Kcnab2",3.92576856336007e-09,-0.157316910220999,8.99221302362119e-06,0.997607385645531,0.999999999997809,"TRPM8","Cplx2",163.53,1000,909
"Adgrl1",3.91535933804527e-09,-0.158116657239215,8.94459030897385e-06,0.997613729674006,0.999999999997809,"TRPM8","Cplx2",163.53,1000,909
"Garnl3",3.90380014676756e-09,-0.15900695701719,8.89185460807573e-06,0.997620774563346,0.999999999997809,"TRPM8","Cplx2",163.53,1000,909
"Napg",3.84906772546795e-09,-0.163254327310389,8.64426965635773e-06,0.997654131903932,0.999999999997809,"TRPM8","Cplx2",163.53,1000,909
"Ywhaz",3.82415096554968e-09,-0.165205597370699,8.53271534889813e-06,0.997669317728014,0.999999999997809,"TRPM8","Cplx2",163.53,1000,909
"Rpl6",3.82124498768379e-09,-0.165433898530252,8.51975223057475e-06,0.997671088811822,0.999999999997809,"TRPM8","Cplx2",163.53,1000,909
"Slc25a12",3.79429274629542e-09,-0.167558663350978,8.39999198918805e-06,0.997687515186037,0.999999999997809,"TRPM8","Cplx2",163.53,1000,909
"Syn2",3.77834878014719e-09,-0.168821871103356,8.32954523903396e-06,0.997697232432299,0.999999999997809,"TRPM8","Cplx2",163.53,1000,909
"Gaa",3.77438601293143e-09,-0.169136562315922,8.31208219306262e-06,0.99769964758957,0.999999999997809,"TRPM8","Cplx2",163.53,1000,909
"Prrc2b",3.7618054147976e-09,-0.170137547095904,8.25676369094633e-06,0.997707314990138,0.999999999997809,"TRPM8","Cplx2",163.53,1000,909
"Srebf2",3.71676231121908e-09,-0.173745810710644,8.06021781366322e-06,0.997734767066427,0.999999999997809,"TRPM8","Cplx2",163.53,1000,909
"Copg1",3.70911044170466e-09,-0.174362606603534,8.02706409412304e-06,0.997739430593161,0.999999999997809,"TRPM8","Cplx2",163.53,1000,909
"Vps35",3.67161792702937e-09,-0.177401090442611,7.86560556444127e-06,0.997762280872127,0.999999999997809,"TRPM8","Cplx2",163.53,1000,909
"Rab6a",3.65163449389838e-09,-0.179031791822355,7.78021865273201e-06,0.997774460024523,0.999999999997809,"TRPM8","Cplx2",163.53,1000,909
"Kif3c",3.61511174632185e-09,-0.182032588550372,7.62536529131622e-06,0.997796719269591,0.999999999997809,"TRPM8","Cplx2",163.53,1000,909
"Pgbd5",3.58007256137459e-09,-0.184936727135741,7.478265140084e-06,0.997818074340481,0.999999999997809,"TRPM8","Cplx2",163.53,1000,909
"Itfg1",3.55155995510499e-09,-0.187318482715596,7.35962187933688e-06,0.997835451707263,0.999999999997809,"TRPM8","Cplx2",163.53,1000,909
"Rnf157",3.54217625516599e-09,-0.188106023913943,7.32078303066144e-06,0.99784117072153,0.999999999997809,"TRPM8","Cplx2",163.53,1000,909
"Rab15",3.54207851239475e-09,-0.188114236801201,7.32037901702856e-06,0.997841230292095,0.999999999997809,"TRPM8","Cplx2",163.53,1000,909
"Elavl2",3.43323883156729e-09,-0.197386013517605,6.87741501824915e-06,0.997907564016204,0.999999999997809,"TRPM8","Cplx2",163.53,1000,909
"Cand1",3.36555075684341e-09,-0.203283785242769,6.60890471014868e-06,0.997948817379289,0.999999999997809,"TRPM8","Cplx2",163.53,1000,909
"Dstn",3.32693051202333e-09,-0.206695862825655,6.45809844388016e-06,0.997972354984033,0.999999999997809,"TRPM8","Cplx2",163.53,1000,909
"Uba3",3.28686937072476e-09,-0.210272353079233,6.3035048232647e-06,0.997996770763526,0.999999999997809,"TRPM8","Cplx2",163.53,1000,909
"Morf4l1",3.26146691486408e-09,-0.212560145571533,6.20644848988627e-06,0.998012252619004,0.999999999997809,"TRPM8","Cplx2",163.53,1000,909
"Ran",3.2448285426965e-09,-0.214067160419336,6.14328562555895e-06,0.998022393090658,0.999999999997809,"TRPM8","Cplx2",163.53,1000,909
"Jph3",3.2355662596182e-09,-0.214909043738913,6.10826396650382e-06,0.998028038109316,0.999999999997809,"TRPM8","Cplx2",163.53,1000,909
"Rpl13",3.22346615024673e-09,-0.216012075319183,6.06266300915486e-06,0.998035412678194,0.999999999997809,"TRPM8","Cplx2",163.53,1000,909
"Ebf1",3.21741404447873e-09,-0.216565148651162,6.03991889999743e-06,0.998039101212755,0.999999999997809,"TRPM8","Cplx2",163.53,1000,909
"Dynlt3",3.20696291039879e-09,-0.217522392177258,6.00074366270593e-06,0.998045470792424,0.999999999997809,"TRPM8","Cplx2",163.53,1000,909
"Kalrn",3.18083851623675e-09,-0.219927273554406,5.90337597969501e-06,0.998061392644955,0.999999999997809,"TRPM8","Cplx2",163.53,1000,909
"Zcchc18",3.08727610975575e-09,-0.228685532309043,5.56119527668142e-06,0.998118415479376,0.999999999997809,"TRPM8","Cplx2",163.53,1000,909
"Prr13",3.06212139901193e-09,-0.231080140288524,5.47094072858749e-06,0.998133746349051,0.999999999997809,"TRPM8","Cplx2",163.53,1000,909
"Pafah1b2",3.03375321130051e-09,-0.233801559103767,5.37004220349172e-06,0.998151035715401,0.999999999997809,"TRPM8","Cplx2",163.53,1000,909
"Msn",3.01873907185041e-09,-0.235250990880116,5.31702071808691e-06,0.998160186281169,0.999999999997809,"TRPM8","Cplx2",163.53,1000,909
"Cmas",2.98886622114746e-09,-0.238153858473151,5.21230900604214e-06,0.998178392685654,0.999999999997809,"TRPM8","Cplx2",163.53,1000,909
"Pdzd8",2.95348981465194e-09,-0.241624806273141,5.08965278357218e-06,0.998199953306329,0.999999999997809,"TRPM8","Cplx2",163.53,1000,909
"Hnrnpk",2.9440055608079e-09,-0.242561582617593,5.05701745578933e-06,0.998205733610993,0.999999999997809,"TRPM8","Cplx2",163.53,1000,909
"Rab3c",2.94394032760238e-09,-0.242568035025623,5.05679335172605e-06,0.998205773368238,0.999999999997809,"TRPM8","Cplx2",163.53,1000,909
"Epm2aip1",2.94066496315652e-09,-0.242892173161346,5.04554745297644e-06,0.99820776958269,0.999999999997809,"TRPM8","Cplx2",163.53,1000,909
"Rassf3",2.87666240353166e-09,-0.249290793145326,4.82830832651748e-06,0.998246776796676,0.999999999997809,"TRPM8","Cplx2",163.53,1000,909
"Thra",2.86610278315698e-09,-0.250358529033282,4.79292598541078e-06,0.998253212498621,0.999999999997809,"TRPM8","Cplx2",163.53,1000,909
"Gpi1",2.85370130556937e-09,-0.251616942962931,4.75153823824559e-06,0.998260770745238,0.999999999997809,"TRPM8","Cplx2",163.53,1000,909
"Hmbox1",2.80421593050853e-09,-0.256686874352911,4.58817638285162e-06,0.998290930271405,0.999999999997809,"TRPM8","Cplx2",163.53,1000,909
"Mff",2.80279897171564e-09,-0.256833204744645,4.58354078095726e-06,0.998291793856,0.999999999997809,"TRPM8","Cplx2",163.53,1000,909
"Cacybp",2.71200608107669e-09,-0.266348288733568,4.29139527576751e-06,0.99834712880853,0.999999999997809,"TRPM8","Cplx2",163.53,1000,909
"Kpnb1",2.70473252075083e-09,-0.267122656662012,4.26840722624488e-06,0.998351561778382,0.999999999997809,"TRPM8","Cplx2",163.53,1000,909
"Sucla2",2.65630507062863e-09,-0.272325734120996,4.11692640333042e-06,0.998381076545034,0.999999999997809,"TRPM8","Cplx2",163.53,1000,909
"Hnrnpa0",2.62793652820909e-09,-0.275412654355074,4.02946088208912e-06,0.998398366139213,0.999999999997809,"TRPM8","Cplx2",163.53,1000,909
"Rcan2",2.59095118219506e-09,-0.279481647523877,3.91683846613546e-06,0.998420907362717,0.999999999997809,"TRPM8","Cplx2",163.53,1000,909
"Srp14",2.54539202473957e-09,-0.284564909049025,3.78030254647348e-06,0.998448674014257,0.999999999997809,"TRPM8","Cplx2",163.53,1000,909
"Tulp4",2.54001748714153e-09,-0.285169853413148,3.76435535395551e-06,0.998451949599819,0.999999999997809,"TRPM8","Cplx2",163.53,1000,909
"1700020I14Rik",2.35865483740045e-09,-0.306276304212156,3.24598107626208e-06,0.998562483566011,0.999999999997809,"TRPM8","Cplx2",163.53,1000,909
"Srpk2",2.28614602039123e-09,-0.315117360046819,3.04947539133854e-06,0.998606675071599,0.999999999997809,"TRPM8","Cplx2",163.53,1000,909
"Fam188a",2.23122368337443e-09,-0.321980221432633,2.90471430138276e-06,0.998640148255553,0.999999999997809,"TRPM8","Cplx2",163.53,1000,909
"Rab1a",2.21259826287923e-09,-0.324341425813776,2.85642177380011e-06,0.998651499778273,0.999999999997809,"TRPM8","Cplx2",163.53,1000,909
"Mlf2",2.07183033341786e-09,-0.342776665384336,2.50452617688996e-06,0.998737292768088,0.999999999997809,"TRPM8","Cplx2",163.53,1000,909
"Nfic",1.82482106865398e-09,-0.377977002298821,1.94293277212075e-06,0.998887836065125,0.999999999997809,"TRPM8","Cplx2",163.53,1000,909
"Sncg",7.30088868192799e-10,-0.616921382284776,3.11005918775775e-07,0.999555036522071,0.999999999997809,"TRPM8","Cplx2",163.53,1000,909
"Fndc5",6.05442195206819e-10,-0.662650116988467,2.13876254956763e-07,0.999631004277751,0.999999999997809,"TRPM8","Cplx2",163.53,1000,909
"Gabarapl1",5.34475027660633e-10,-0.692547867563625,1.66675604004491e-07,0.999674256267619,0.999999999997809,"TRPM8","Cplx2",163.53,1000,909
"Spin1",4.31886296770209e-10,-0.742647591993577,1.08831859606698e-07,0.999736780488611,0.999999999997809,"TRPM8","Cplx2",163.53,1000,909
"Rps20",4.24764466269906e-10,-0.746503523215141,1.05272165823925e-07,0.999741120993721,0.999999999997809,"TRPM8","Cplx2",163.53,1000,909
"Klf7",4.18862835633468e-10,-0.749742251881482,1.02367207863068e-07,0.999744717829953,0.999999999997809,"TRPM8","Cplx2",163.53,1000,909
"Rpl7",3.7420845774565e-10,-0.775642883002823,8.17042031793718e-08,0.99977193310233,0.999999999997809,"TRPM8","Cplx2",163.53,1000,909
"Map4",3.6856606149874e-10,-0.779107295729447,7.92588714693333e-08,0.999775371944362,0.999999999997809,"TRPM8","Cplx2",163.53,1000,909
"Lasp1",3.62372848486721e-10,-0.78296417182188,7.66175923407332e-08,0.999779146489841,0.999999999997809,"TRPM8","Cplx2",163.53,1000,909
"Ppp1r2",3.39473142839134e-10,-0.79774928409244,6.72400523593706e-08,0.999793103054958,0.999999999997809,"TRPM8","Cplx2",163.53,1000,909
"Snu13",3.25846636723463e-10,-0.806970143581909,6.19503388515e-08,0.999801407931167,0.999999999997809,"TRPM8","Cplx2",163.53,1000,909
"Hspa5",3.14061489021843e-10,-0.815223438625692,5.75501647999235e-08,0.999808590564204,0.999999999997809,"TRPM8","Cplx2",163.53,1000,909
"Wnk1",3.10642737273639e-10,-0.817668740079253,5.63040466816967e-08,0.999810674173159,0.999999999997809,"TRPM8","Cplx2",163.53,1000,909
"Gpr26",3.00379534501894e-10,-0.825154906218779,5.26450909871427e-08,0.999816929234304,0.999999999997809,"TRPM8","Cplx2",163.53,1000,909
"Kcnk2",2.94264327689518e-10,-0.829723397545343,5.05233845672899e-08,0.999820656237798,0.999999999997809,"TRPM8","Cplx2",163.53,1000,909
"Oaz1",2.91492326769843e-10,-0.831821913437164,4.95759967366022e-08,0.999822345674874,0.999999999997809,"TRPM8","Cplx2",163.53,1000,909
"H2-Q4",2.77039005067619e-10,-0.843057434314405,4.47815414382838e-08,0.999831154466179,0.999999999997809,"TRPM8","Cplx2",163.53,1000,909
"Dctn1",2.76668678158988e-10,-0.843352047236871,4.46618996156766e-08,0.999831380167407,0.999999999997809,"TRPM8","Cplx2",163.53,1000,909
"Slc22a17",2.61186392074111e-10,-0.855991443092925,3.98032279034684e-08,0.999840816076342,0.999999999997809,"TRPM8","Cplx2",163.53,1000,909
"Clta",2.48511303785614e-10,-0.86684097969405,3.60337529307383e-08,0.999848541096951,0.999999999997809,"TRPM8","Cplx2",163.53,1000,909
"B3gnt2",2.45765684961565e-10,-0.869255307040642,3.52419304336716e-08,0.99985021445508,0.999999999997809,"TRPM8","Cplx2",163.53,1000,909
"Eif4b",2.17488587010326e-10,-0.895610192918185,2.75987965010233e-08,0.999867448352012,0.999999999997809,"TRPM8","Cplx2",163.53,1000,909
"Prkce",2.15312757041299e-10,-0.897761234076427,2.70493432393313e-08,0.999868774443875,0.999999999997809,"TRPM8","Cplx2",163.53,1000,909
"Uchl1",2.05835201893191e-10,-0.907360358897604,2.47204572873451e-08,0.999874550680506,0.999999999997809,"TRPM8","Cplx2",163.53,1000,909
"Rps29",2.02893351519885e-10,-0.910419260399943,2.40188844614987e-08,0.999876343634875,0.999999999997809,"TRPM8","Cplx2",163.53,1000,909
"Nkain3",2.00526669311922e-10,-0.912908631716499,2.34618082747677e-08,0.99987778604447,0.999999999997809,"TRPM8","Cplx2",163.53,1000,909
"Dnaja2",1.78626002283407e-10,-0.937262341947719,1.8616865368875e-08,0.999891133731029,0.999999999997809,"TRPM8","Cplx2",163.53,1000,909
"Fam126b",1.74983650646139e-10,-0.941565757244309,1.78653754074251e-08,0.999893353616295,0.999999999997809,"TRPM8","Cplx2",163.53,1000,909
"Bag1",1.65978853638013e-10,-0.952553931492195,1.60739540398781e-08,0.999898841723487,0.999999999997809,"TRPM8","Cplx2",163.53,1000,909
"Nfe2l1",1.63023515685915e-10,-0.956274938713576,1.55066402015849e-08,0.999900642898068,0.999999999997809,"TRPM8","Cplx2",163.53,1000,909
"Synpr",1.58670591078728e-10,-0.961865435209489,1.46896037157505e-08,0.999903295852582,0.999999999997809,"TRPM8","Cplx2",163.53,1000,909
"Dmxl2",1.49906819330766e-10,-0.973543711393531,1.31117294660097e-08,0.99990863706336,0.999999999997809,"TRPM8","Cplx2",163.53,1000,909
"Rap1gds1",1.41696210940559e-10,-0.985044590886345,1.17147675317524e-08,0.999913641140522,0.999999999997809,"TRPM8","Cplx2",163.53,1000,909
"Tmem35a",1.40667899190522e-10,-0.986526145906483,1.15453526745769e-08,0.999914267860383,0.999999999997809,"TRPM8","Cplx2",163.53,1000,909
"Tspyl1",1.40476369115924e-10,-0.986803150259908,1.15139343217473e-08,0.99991438459123,0.999999999997809,"TRPM8","Cplx2",163.53,1000,909
"Ppp3cb",1.39739643915698e-10,-0.987871768419208,1.13934818612588e-08,0.99991483359934,0.999999999997809,"TRPM8","Cplx2",163.53,1000,909
"Tollip",1.34141537519426e-10,-0.996158156962399,1.04988990656624e-08,0.999918245448384,0.999999999997809,"TRPM8","Cplx2",163.53,1000,909
"Robo2",1.3348057352083e-10,-0.997156561985567,1.03956902016637e-08,0.999918648282705,0.999999999997809,"TRPM8","Cplx2",163.53,1000,909
"Kcnb1",1.31247245153977e-10,-1.00056263505378,1.00507297052958e-08,0.999920009417831,0.999999999997809,"TRPM8","Cplx2",163.53,1000,909
"Pdha1",1.302568418943e-10,-1.00208949497169,9.89961464712614e-09,0.9999206130338,0.999999999997809,"TRPM8","Cplx2",163.53,1000,909
"Pgm2l1",1.22401794044963e-10,-1.01457567344961,8.74163698222092e-09,0.999925400409321,0.999999999997809,"TRPM8","Cplx2",163.53,1000,909
"Caprin1",1.21493283835124e-10,-1.016065090276,8.61235141391872e-09,0.999925954114355,0.999999999997809,"TRPM8","Cplx2",163.53,1000,909
"Mapk9",1.19563229220255e-10,-1.01926211290188,8.34089152359936e-09,0.999927130414792,0.999999999997809,"TRPM8","Cplx2",163.53,1000,909
"Ago2",1.19499460436715e-10,-1.0193685168052,8.33199670420074e-09,0.999927169279624,0.999999999997809,"TRPM8","Cplx2",163.53,1000,909
"Fez1",1.17064820039638e-10,-1.02346886434901,7.99594879750235e-09,0.999928653107357,0.999999999997809,"TRPM8","Cplx2",163.53,1000,909
"Ahcyl1",1.11618773049532e-10,-1.03292032223178,7.26928488599393e-09,0.999931972281545,0.999999999997809,"TRPM8","Cplx2",163.53,1000,909
"Rpl34",1.11419927565769e-10,-1.03327304844519,7.24340793170403e-09,0.999932093470877,0.999999999997809,"TRPM8","Cplx2",163.53,1000,909
"Unc80",1.07145732972801e-10,-1.04099240682943,6.69833649910109e-09,0.999934698442225,0.999999999997809,"TRPM8","Cplx2",163.53,1000,909
"Ip6k1",1.06460236922284e-10,-1.04225562463723,6.61290155414433e-09,0.99993511622797,0.999999999997809,"TRPM8","Cplx2",163.53,1000,909
"Kif1a",1.06249856317533e-10,-1.04264474821884,6.58679130608137e-09,0.999935244447553,0.999999999997809,"TRPM8","Cplx2",163.53,1000,909
"Arfgap3",1.05706462439498e-10,-1.04365297188714,6.5195899077242e-09,0.999935575627019,0.999999999997809,"TRPM8","Cplx2",163.53,1000,909
"Dync1i2",1.04236080233001e-10,-1.04640424495146,6.33947573318144e-09,0.999936471773284,0.999999999997809,"TRPM8","Cplx2",163.53,1000,909
"Rpl15",1.03345646886732e-10,-1.04808704457336,6.23162881543223e-09,0.999937014461106,0.999999999997809,"TRPM8","Cplx2",163.53,1000,909
"Cab39",9.76912192829818e-11,-1.05908172165373,5.56837225492984e-09,0.999940460635956,0.999999999997809,"TRPM8","Cplx2",163.53,1000,909
"Rab7",9.65954338285841e-11,-1.0612770973125,5.44415392129923e-09,0.999941128478669,0.999999999997809,"TRPM8","Cplx2",163.53,1000,909
"Qdpr",9.65464235721999e-11,-1.06137580020502,5.43863085090222e-09,0.999941158348697,0.999999999997809,"TRPM8","Cplx2",163.53,1000,909
"Lpgat1",9.60750941229006e-11,-1.0623272840275,5.3856588256902e-09,0.999941445607428,0.999999999997809,"TRPM8","Cplx2",163.53,1000,909
"Rangap1",9.56220400647817e-11,-1.06324576300261,5.33498509885515e-09,0.99994172172795,0.999999999997809,"TRPM8","Cplx2",163.53,1000,909
"Slc2a3",9.45310725622265e-11,-1.06547333434018,5.21394411260556e-09,0.999942386634291,0.999999999997809,"TRPM8","Cplx2",163.53,1000,909
"Gnb1",9.14532816160058e-11,-1.07188214989993,4.87995467728359e-09,0.999944262439677,0.999999999997809,"TRPM8","Cplx2",163.53,1000,909
"Als2",8.53014549251797e-11,-1.08528353667914,4.24551205233766e-09,0.999948011761787,0.999999999997809,"TRPM8","Cplx2",163.53,1000,909
"Ndrg2",8.47122446392648e-11,-1.08661143337412,4.18706381230587e-09,0.999948370864743,0.999999999997809,"TRPM8","Cplx2",163.53,1000,909
"Glud1",8.42427035292575e-11,-1.08767547746733,4.14077652403409e-09,0.999948657033544,0.999999999997809,"TRPM8","Cplx2",163.53,1000,909
"Nav1",8.4059326899693e-11,-1.0880924545065,4.12276914349387e-09,0.999948768795153,0.999999999997809,"TRPM8","Cplx2",163.53,1000,909
"Rps6",8.37992372078016e-11,-1.08868524597801,4.09729592359393e-09,0.999948927310677,0.999999999997809,"TRPM8","Cplx2",163.53,1000,909
"Usp22",8.3097303327938e-11,-1.09029321683846,4.02894242628496e-09,0.999949355114702,0.999999999997809,"TRPM8","Cplx2",163.53,1000,909
"Zfr",8.12899229099549e-11,-1.09448931921386,3.85558803757841e-09,0.999950456649531,0.999999999997809,"TRPM8","Cplx2",163.53,1000,909
"Mtmr6",8.06502147616117e-11,-1.09599422714738,3.79514398321251e-09,0.99995084652916,0.999999999997809,"TRPM8","Cplx2",163.53,1000,909
"Hnrnpa2b1",7.99663193847144e-11,-1.0976147728044,3.73105297271828e-09,0.999951263339351,0.999999999997809,"TRPM8","Cplx2",163.53,1000,909
"Slc25a46",7.84951203214505e-11,-1.10114274306036,3.59503000753162e-09,0.999952159983463,0.999999999997809,"TRPM8","Cplx2",163.53,1000,909
"Phkg1",7.78591248672609e-11,-1.10268595761354,3.53700958468316e-09,0.999952547600335,0.999999999997809,"TRPM8","Cplx2",163.53,1000,909
"Ahnak2",7.71848534437659e-11,-1.10433423543874,3.47601281184331e-09,0.999952958545064,0.999999999997809,"TRPM8","Cplx2",163.53,1000,909
"Tpd52",7.63669371613049e-11,-1.1063507881202,3.40273357464866e-09,0.999953457036286,0.999999999997809,"TRPM8","Cplx2",163.53,1000,909
"Magee1",7.57036303593931e-11,-1.108000190135,3.34387946171346e-09,0.999953861298465,0.999999999997809,"TRPM8","Cplx2",163.53,1000,909
"B3galt1",7.50658519750126e-11,-1.10959817502683,3.28777460720756e-09,0.99995425000197,0.999999999997809,"TRPM8","Cplx2",163.53,1000,909
"Ppm1l",7.4991803233034e-11,-1.10978448279285,3.28129135313815e-09,0.999954295132075,0.999999999997809,"TRPM8","Cplx2",163.53,1000,909
"Dync1h1",7.2871219325066e-11,-1.11518998692807,3.09834142559078e-09,0.999955587553422,0.999999999997809,"TRPM8","Cplx2",163.53,1000,909
"Tmem179",7.1909527226659e-11,-1.11768725700617,3.01710252074177e-09,0.99995617367095,0.999999999997809,"TRPM8","Cplx2",163.53,1000,909
"Gdi1",7.14404885384069e-11,-1.1189159340201,2.97787204160185e-09,0.999956459533542,0.999999999997809,"TRPM8","Cplx2",163.53,1000,909
"Rab3a",7.01780485755096e-11,-1.12225867185552,2.8735567350954e-09,0.999957228946321,0.999999999997809,"TRPM8","Cplx2",163.53,1000,909
"Napa",6.93644291085645e-11,-1.12444121860472,2.80731297711427e-09,0.999957724818785,0.999999999997809,"TRPM8","Cplx2",163.53,1000,909
"Fth1",6.79707084331272e-11,-1.12823291082812,2.69563318155245e-09,0.999958574242543,0.999999999997809,"TRPM8","Cplx2",163.53,1000,909
"Acbd5",6.77114460173872e-11,-1.12894580116049,2.67510835503087e-09,0.999958732253872,0.999999999997809,"TRPM8","Cplx2",163.53,1000,909
"Ppp3r1",6.72356836819089e-11,-1.13026028334115,2.6376480844694e-09,0.999959022214291,0.999999999997809,"TRPM8","Cplx2",163.53,1000,909
"Rab10",6.70021495915384e-11,-1.13090851790101,2.61935687511813e-09,0.999959164545109,0.999999999997809,"TRPM8","Cplx2",163.53,1000,909
"Cdk16",6.6652602187972e-11,-1.13188251050218,2.59209801537863e-09,0.999959377581964,0.999999999997809,"TRPM8","Cplx2",163.53,1000,909
"Ldlr",6.66203236563384e-11,-1.13197267970829,2.58958802010778e-09,0.999959397254594,0.999999999997809,"TRPM8","Cplx2",163.53,1000,909
"Pank3",6.39674932168272e-11,-1.13951836582576,2.38745868172966e-09,0.999961014061493,0.999999999997809,"TRPM8","Cplx2",163.53,1000,909
"Igsf21",6.38787679463974e-11,-1.13977547244992,2.38084028854376e-09,0.999961068136426,0.999999999997809,"TRPM8","Cplx2",163.53,1000,909
"Syp",6.05150766322502e-11,-1.14976292412609,2.13670406346642e-09,0.999963118188039,0.999999999997809,"TRPM8","Cplx2",163.53,1000,909
"Epdr1",5.95361739533344e-11,-1.15276144846425,2.06813575966769e-09,0.999963714794811,0.999999999997809,"TRPM8","Cplx2",163.53,1000,909
"Ccdc47",5.8808973989666e-11,-1.15501724767474,2.01792214261408e-09,0.999964157997625,0.999999999997809,"TRPM8","Cplx2",163.53,1000,909
"Rab6b",5.78832379496988e-11,-1.15792477522263,1.95489229683277e-09,0.9999647222012,0.999999999997809,"TRPM8","Cplx2",163.53,1000,909
"Gdi2",5.63886848853055e-11,-1.16270653970169,1.85524441412475e-09,0.999965633078755,0.999999999997809,"TRPM8","Cplx2",163.53,1000,909
"Cisd1",5.39465463583077e-11,-1.17076611929491,1.69802661751809e-09,0.999967121476339,0.999999999997809,"TRPM8","Cplx2",163.53,1000,909
"Cd47",5.38182101128621e-11,-1.17119849467777,1.68995717964709e-09,0.99996719969277,0.999999999997809,"TRPM8","Cplx2",163.53,1000,909
"Calm1",5.33413526958281e-11,-1.17281307369311,1.66014205180335e-09,0.999967490320602,0.999999999997809,"TRPM8","Cplx2",163.53,1000,909
"Eif4a1",5.22427144886006e-11,-1.1765819235246,1.59246050329904e-09,0.99996815990197,0.999999999997809,"TRPM8","Cplx2",163.53,1000,909
"Ypel3",5.18148629361675e-11,-1.17806859116698,1.56648380061268e-09,0.999968420662451,0.999999999997809,"TRPM8","Cplx2",163.53,1000,909
"Anxa5",5.12642741495753e-11,-1.1799977493568,1.53336951904559e-09,0.999968756226962,0.999999999997809,"TRPM8","Cplx2",163.53,1000,909
"Fstl1",5.12283066426169e-11,-1.18012440746891,1.5312186203015e-09,0.999968778147893,0.999999999997809,"TRPM8","Cplx2",163.53,1000,909
"Eef1a2",5.03759341792354e-11,-1.18314919282538,1.48068755584041e-09,0.999969297638946,0.999999999997809,"TRPM8","Cplx2",163.53,1000,909
"Gabarapl2",4.98297341039441e-11,-1.18511129017056,1.44875297316173e-09,0.999969630528692,0.999999999997809,"TRPM8","Cplx2",163.53,1000,909
"Dnajb6",4.923055424211e-11,-1.18728564191596,1.41412125830243e-09,0.999969995707755,0.999999999997809,"TRPM8","Cplx2",163.53,1000,909
"Rab11b",4.8647945242396e-11,-1.18942235526253,1.38084904492064e-09,0.99997035078746,0.999999999997809,"TRPM8","Cplx2",163.53,1000,909
"Syngr3",4.82701552756998e-11,-1.19081998985589,1.35948553953801e-09,0.999970581037164,0.999999999997809,"TRPM8","Cplx2",163.53,1000,909
"Gnas",4.82250283577358e-11,-1.19098758136685,1.35694480956387e-09,0.999970608540434,0.999999999997809,"TRPM8","Cplx2",163.53,1000,909
"Ppm1a",4.76841960201542e-11,-1.19300694993865,1.32667984074846e-09,0.999970938158733,0.999999999997809,"TRPM8","Cplx2",163.53,1000,909
"Dirc2",4.70431972147109e-11,-1.19542664475225,1.29125156573682e-09,0.999971328824972,0.999999999997809,"TRPM8","Cplx2",163.53,1000,909
"Gclm",4.66147013085e-11,-1.19706043304754,1.26783580419217e-09,0.999971589978164,0.999999999997809,"TRPM8","Cplx2",163.53,1000,909
"Saraf",4.65332011727097e-11,-1.19737267858864,1.26340636633706e-09,0.999971639649632,0.999999999997809,"TRPM8","Cplx2",163.53,1000,909
"Sdcbp",4.57309046537937e-11,-1.20047247428014,1.22021619909292e-09,0.999972128621157,0.999999999997809,"TRPM8","Cplx2",163.53,1000,909
"Mapk3",4.54975460198337e-11,-1.20138309419758,1.20779477545223e-09,0.999972270845042,0.999999999997809,"TRPM8","Cplx2",163.53,1000,909
"Dpysl3",4.44781636736309e-11,-1.20540990041383,1.15427927516165e-09,0.999972892122748,0.999999999997809,"TRPM8","Cplx2",163.53,1000,909
"Trak1",4.43215915081463e-11,-1.20603559410638,1.14616698404391e-09,0.999972987547979,0.999999999997809,"TRPM8","Cplx2",163.53,1000,909
"Eif5a",4.42048048638275e-11,-1.20650356738857,1.14013468078556e-09,0.999973058725333,0.999999999997809,"TRPM8","Cplx2",163.53,1000,909
"Chchd10",4.38014793572515e-11,-1.20812815338646,1.11942437203569e-09,0.999973304538052,0.999999999997809,"TRPM8","Cplx2",163.53,1000,909
"Gnal",4.34926823993233e-11,-1.20938092158087,1.1036963027716e-09,0.999973492738942,0.999999999997809,"TRPM8","Cplx2",163.53,1000,909
"Emb",4.24924007670004e-11,-1.21349357144315,1.05351261060037e-09,0.999974102375435,0.999999999997809,"TRPM8","Cplx2",163.53,1000,909
"Sult4a1",4.1459568181984e-11,-1.21783063730797,1.00292105678336e-09,0.999974731850589,0.999999999997809,"TRPM8","Cplx2",163.53,1000,909
"Srgap3",4.11423333483562e-11,-1.21918189983835,9.87631738756556e-10,0.999974925194069,0.999999999997809,"TRPM8","Cplx2",163.53,1000,909
"Ndst1",4.06913035492068e-11,-1.22111896765486,9.66096271961367e-10,0.999975200080876,0.999999999997809,"TRPM8","Cplx2",163.53,1000,909
"Nme1",3.99341573577828e-11,-1.22441372107947,9.30478302826885e-10,0.999975661534864,0.999999999997809,"TRPM8","Cplx2",163.53,1000,909
"Golga3",3.98808752183194e-11,-1.22464764980802,9.279969783997e-10,0.999975694008455,0.999999999997809,"TRPM8","Cplx2",163.53,1000,909
"Rnf11",3.97380932314125e-11,-1.2252758783164,9.21364021604726e-10,0.999975781029057,0.999999999997809,"TRPM8","Cplx2",163.53,1000,909
"Ptpa",3.87722618382889e-11,-1.2295785047742,8.77120930724295e-10,0.99997636966934,0.999999999997809,"TRPM8","Cplx2",163.53,1000,909
"Gabbr1",3.86989228226823e-11,-1.22990906649013,8.73805862472886e-10,0.999976414366892,0.999999999997809,"TRPM8","Cplx2",163.53,1000,909
"Scarb2",3.80701043998141e-11,-1.23276624772286,8.45639647135524e-10,0.999976797609616,0.999999999997809,"TRPM8","Cplx2",163.53,1000,909
"Sccpdh",3.80026399742765e-11,-1.23307525517895,8.42645169241038e-10,0.999976838726812,0.999999999997809,"TRPM8","Cplx2",163.53,1000,909
"Bfar",3.78050080675142e-11,-1.23398326156248,8.33903642625192e-10,0.999976959176512,0.999999999997809,"TRPM8","Cplx2",163.53,1000,909
"Impad1",3.77250882037531e-11,-1.23435163704528,8.30381621359388e-10,0.99997700788486,0.999999999997809,"TRPM8","Cplx2",163.53,1000,909
"Nsf",3.72437192102269e-11,-1.23658508436809,8.09325619242972e-10,0.99997730126234,0.999999999997809,"TRPM8","Cplx2",163.53,1000,909
"Gpx4",3.7122747761154e-11,-1.2371503667903,8.0407661126259e-10,0.999977374990186,0.999999999997809,"TRPM8","Cplx2",163.53,1000,909
"Tubb4b",3.589048764425e-11,-1.24300301461122,7.51581218819328e-10,0.99997812600941,0.999999999997809,"TRPM8","Cplx2",163.53,1000,909
"Ndufb9",3.58245194499203e-11,-1.24332130366395,7.48820883494339e-10,0.999978166214706,0.999999999997809,"TRPM8","Cplx2",163.53,1000,909
"Laptm4a",3.57433763704933e-11,-1.2437135194802,7.45432543868363e-10,0.99997821566856,0.999999999997809,"TRPM8","Cplx2",163.53,1000,909
"Sdhc",3.5384742086995e-11,-1.24545648603921,7.30548863847944e-10,0.999978434243549,0.999999999997809,"TRPM8","Cplx2",163.53,1000,909
"Ppp1r1c",3.52362186391645e-11,-1.24618287690539,7.24428942445743e-10,0.99997852476337,0.999999999997809,"TRPM8","Cplx2",163.53,1000,909
"Hmgcr",3.47170837738131e-11,-1.24874322933295,7.03240178638321e-10,0.999978841157821,0.999999999997809,"TRPM8","Cplx2",163.53,1000,909
"Plec",3.39445437686621e-11,-1.25261658330293,6.72290775890398e-10,0.999979311993798,0.999999999997809,"TRPM8","Cplx2",163.53,1000,909
"Cox7a2l",3.24863845566098e-11,-1.26014430142393,6.15772036314081e-10,0.99998020069058,0.999999999997809,"TRPM8","Cplx2",163.53,1000,909
"Sec62",3.23120623273098e-11,-1.26106408050363,6.09181290407201e-10,0.999980306933851,0.999999999997809,"TRPM8","Cplx2",163.53,1000,909
"Ap2b1",3.21867354247185e-11,-1.26172805264027,6.0446486330121e-10,0.999980383316193,0.999999999997809,"TRPM8","Cplx2",163.53,1000,909
"Zbtb4",3.16133074361339e-11,-1.26479541835919,5.83118836127638e-10,0.999980732800394,0.999999999997809,"TRPM8","Cplx2",163.53,1000,909
"Stip1",3.14167396815668e-11,-1.26585819224708,5.75889854696389e-10,0.999980852601531,0.999999999997809,"TRPM8","Cplx2",163.53,1000,909
"Rnf187",3.13223101925616e-11,-1.26637082653991,5.72433146035887e-10,0.999980910152985,0.999999999997809,"TRPM8","Cplx2",163.53,1000,909
"Atp6ap1",3.07767154088378e-11,-1.26935969209266,5.52664715273508e-10,0.999981242673827,0.999999999997809,"TRPM8","Cplx2",163.53,1000,909
"Nedd8",3.07765958117159e-11,-1.26936035237275,5.52660420014575e-10,0.999981242746717,0.999999999997809,"TRPM8","Cplx2",163.53,1000,909
"Morf4l2",3.07335099519048e-11,-1.26959837115149,5.51114103341829e-10,0.999981269006034,0.999999999997809,"TRPM8","Cplx2",163.53,1000,909
"Bcas2",3.06667096529296e-11,-1.26996797779829,5.48720977527695e-10,0.999981309718468,0.999999999997809,"TRPM8","Cplx2",163.53,1000,909
"Arpc1a",3.06557212952701e-11,-1.27002884446871,5.48327817505945e-10,0.999981316415486,0.999999999997809,"TRPM8","Cplx2",163.53,1000,909
"Clip4",3.03858902370666e-11,-1.27152956200441,5.38717557713736e-10,0.999981480868031,0.999999999997809,"TRPM8","Cplx2",163.53,1000,909
"Ube2d2a",3.01124035084565e-11,-1.2730626518686,5.29063795810111e-10,0.999981647548578,0.999999999997809,"TRPM8","Cplx2",163.53,1000,909
"Cnih1",2.98044801682651e-11,-1.27480354942355,5.18298919919612e-10,0.99998183521703,0.999999999997809,"TRPM8","Cplx2",163.53,1000,909
"Uhmk1",2.96852998580635e-11,-1.27548161595021,5.14162124201136e-10,0.999981907853239,0.999999999997809,"TRPM8","Cplx2",163.53,1000,909
"Avil",2.91571159077186e-11,-1.27851587585672,4.96028154095181e-10,0.99998222976279,0.999999999997809,"TRPM8","Cplx2",163.53,1000,909
"Msl1",2.90493279528301e-11,-1.27914103490373,4.92367501633185e-10,0.99998229545576,0.999999999997809,"TRPM8","Cplx2",163.53,1000,909
"Rpn1",2.88385820317632e-11,-1.28036927238021,4.85249398955851e-10,0.99998242389799,0.999999999997809,"TRPM8","Cplx2",163.53,1000,909
"Snx3",2.87974350293498e-11,-1.2806100022837,4.83865675304939e-10,0.999982448975642,0.999999999997809,"TRPM8","Cplx2",163.53,1000,909
"Pomp",2.84634638691097e-11,-1.28257519737513,4.72707727448485e-10,0.999982652519324,0.999999999997809,"TRPM8","Cplx2",163.53,1000,909
"Sv2a",2.80285211686342e-11,-1.28516525604907,4.58371460381365e-10,0.999982917601611,0.999999999997809,"TRPM8","Cplx2",163.53,1000,909
"Fbxw11",2.79669728545579e-11,-1.28553463118692,4.56360579048119e-10,0.999982955113145,0.999999999997809,"TRPM8","Cplx2",163.53,1000,909
"Rab14",2.77712770376405e-11,-1.28671385956658,4.49996258115927e-10,0.999983074382866,0.999999999997809,"TRPM8","Cplx2",163.53,1000,909
"Huwe1",2.73275257153071e-11,-1.28941521423675,4.35730363118989e-10,0.999983344833698,0.999999999997809,"TRPM8","Cplx2",163.53,1000,909
"Hsph1",2.7236245141753e-11,-1.28997568127817,4.32824334162281e-10,0.999983400465999,0.999999999997809,"TRPM8","Cplx2",163.53,1000,909
"Pcbp1",2.69405889456775e-11,-1.29180246706725,4.23478505637205e-10,0.999983580658058,0.999999999997809,"TRPM8","Cplx2",163.53,1000,909
"Calm3",2.66493933413858e-11,-1.2936190562891,4.14373386576523e-10,0.999983758131542,0.999999999997809,"TRPM8","Cplx2",163.53,1000,909
"Rraga",2.64368909697316e-11,-1.29495580854739,4.07791304237632e-10,0.999983887644268,0.999999999997809,"TRPM8","Cplx2",163.53,1000,909
"Eif3h",2.63939770023927e-11,-1.2952269095604,4.06468475524822e-10,0.999983913798822,0.999999999997809,"TRPM8","Cplx2",163.53,1000,909
"Spcs2",2.57926238739619e-11,-1.29906731641512,3.88157740169223e-10,0.999984280302415,0.999999999997809,"TRPM8","Cplx2",163.53,1000,909
"Wdfy3",2.533609196748e-11,-1.30203594586221,3.74538489258567e-10,0.999984558542564,0.999999999997809,"TRPM8","Cplx2",163.53,1000,909
"Hdlbp",2.52908570386768e-11,-1.30233265197867,3.73202284950554e-10,0.999984586111663,0.999999999997809,"TRPM8","Cplx2",163.53,1000,909
"Fbxo11",2.4896101417889e-11,-1.30494199608197,3.61642855476192e-10,0.999984826701337,0.999999999997809,"TRPM8","Cplx2",163.53,1000,909
"1810041L15Rik",2.45739790766685e-11,-1.30709840821639,3.52345045528747e-10,0.999985023023581,0.999999999997809,"TRPM8","Cplx2",163.53,1000,909
"Pdpk1",2.44652361181176e-11,-1.30783200585475,3.49233602476506e-10,0.999985089298592,0.999999999997809,"TRPM8","Cplx2",163.53,1000,909
"Pcyox1",2.42588970604463e-11,-1.30923194293698,3.43367592933352e-10,0.999985215054994,0.999999999997809,"TRPM8","Cplx2",163.53,1000,909
"Apbb1",2.35987852265311e-11,-1.31378221457603,3.24935002153995e-10,0.999985617369953,0.999999999997809,"TRPM8","Cplx2",163.53,1000,909
"Prkaca",2.32716454742862e-11,-1.31607899537859,3.15988578388901e-10,0.999985816750132,0.999999999997809,"TRPM8","Cplx2",163.53,1000,909
"Usp8",2.27572220080806e-11,-1.31974890507262,3.02173025761386e-10,0.999986130273151,0.999999999997809,"TRPM8","Cplx2",163.53,1000,909
"Brd2",2.25528059379059e-11,-1.32122755576086,2.96768886080962e-10,0.99998625485756,0.999999999997809,"TRPM8","Cplx2",163.53,1000,909
"Dnajb14",2.21238235019553e-11,-1.32436944202669,2.85586432276199e-10,0.999986516307275,0.999999999997809,"TRPM8","Cplx2",163.53,1000,909
"Frmd3",2.18328607327694e-11,-1.32653118797841,2.78124014701972e-10,0.999986693638855,0.999999999997809,"TRPM8","Cplx2",163.53,1000,909
"Pabpc1",2.13440010466115e-11,-1.33022111021147,2.65808501936298e-10,0.99998699158165,0.999999999997809,"TRPM8","Cplx2",163.53,1000,909
"Kif5c",2.11601352338349e-11,-1.33162824321439,2.61248664266914e-10,0.999987103641399,0.999999999997809,"TRPM8","Cplx2",163.53,1000,909
"Hsp90ab1",2.11059680512833e-11,-1.33204484320561,2.59912851291865e-10,0.999987136654393,0.999999999997809,"TRPM8","Cplx2",163.53,1000,909
"Klc2",2.08293039173303e-11,-1.33418748978474,2.53143461430049e-10,0.999987305271457,0.999999999997809,"TRPM8","Cplx2",163.53,1000,909
"Agtpbp1",2.08126366809565e-11,-1.33431737044425,2.52738501777059e-10,0.999987315429552,0.999999999997809,"TRPM8","Cplx2",163.53,1000,909
"Actr3",2.06929538216307e-11,-1.33525271139033,2.49840118908576e-10,0.999987388372047,0.999999999997809,"TRPM8","Cplx2",163.53,1000,909
"Tmbim6",2.06462715794955e-11,-1.33561883445159,2.48714137441429e-10,0.999987416823233,0.999999999997809,"TRPM8","Cplx2",163.53,1000,909
"Isl2",2.0608867473218e-11,-1.33591271743224,2.47813780870779e-10,0.999987439619721,0.999999999997809,"TRPM8","Cplx2",163.53,1000,909
"Ube2l3",2.03024221370227e-11,-1.33833832395034,2.40498796769572e-10,0.999987626387381,0.999999999997809,"TRPM8","Cplx2",163.53,1000,909
"Add1",2.02120266621641e-11,-1.33905999801231,2.38361947808757e-10,0.999987681480245,0.999999999997809,"TRPM8","Cplx2",163.53,1000,909
"Arf3",2.00569732153121e-11,-1.34030452517711,2.3471886142327e-10,0.999987775979871,0.999999999997809,"TRPM8","Cplx2",163.53,1000,909
"Pou4f1",1.99989218645288e-11,-1.34077265463154,2.33362123478794e-10,0.999987811360128,0.999999999997809,"TRPM8","Cplx2",163.53,1000,909
"Smim14",1.99887425621377e-11,-1.34085486457628,2.33124624768518e-10,0.999987817564056,0.999999999997809,"TRPM8","Cplx2",163.53,1000,909
"Pitpna",1.98639846361208e-11,-1.34186544353664,2.30223653727221e-10,0.999987893599626,0.999999999997809,"TRPM8","Cplx2",163.53,1000,909
"Srp54a",1.9819081903315e-11,-1.3422305401673,2.29183984477141e-10,0.999987920966263,0.999999999997809,"TRPM8","Cplx2",163.53,1000,909
"Setd7",1.95721590997775e-11,-1.34425136069354,2.23508825089048e-10,0.999988071457032,0.999999999997809,"TRPM8","Cplx2",163.53,1000,909
"Ndrg3",1.86521334611682e-11,-1.35198437695606,2.02989806387811e-10,0.999988632180318,0.999999999997809,"TRPM8","Cplx2",163.53,1000,909
"Phf24",1.86235776051003e-11,-1.35222973430746,2.02368739576733e-10,0.999988649584108,0.999999999997809,"TRPM8","Cplx2",163.53,1000,909
"Hdgf",1.76227210524616e-11,-1.36104616838803,1.81202061621622e-10,0.999989259570995,0.999999999997809,"TRPM8","Cplx2",163.53,1000,909
"Scamp1",1.75326742756056e-11,-1.36186087740085,1.79355017120802e-10,0.99998931445134,0.999999999997809,"TRPM8","Cplx2",163.53,1000,909
"Dnm1l",1.72730442600762e-11,-1.36423074307352,1.74082442875663e-10,0.999989472686708,0.999999999997809,"TRPM8","Cplx2",163.53,1000,909
"Ubl3",1.61522146851351e-11,-1.37483637779145,1.52223378796992e-10,0.999990155792934,0.999999999997809,"TRPM8","Cplx2",163.53,1000,909
"Klhl9",1.58323609463609e-11,-1.37798194874195,1.4625427370386e-10,0.999990350732544,0.999999999997809,"TRPM8","Cplx2",163.53,1000,909
"Pygb",1.57685683773193e-11,-1.37861600578971,1.45078057528148e-10,0.999990389611873,0.999999999997809,"TRPM8","Cplx2",163.53,1000,909
"Ppp1cb",1.56662127192205e-11,-1.37963809751863,1.43200732387769e-10,0.999990451994048,0.999999999997809,"TRPM8","Cplx2",163.53,1000,909
"Hspd1",1.56619303519218e-11,-1.37968098811957,1.43122455100203e-10,0.999990454604001,0.999999999997809,"TRPM8","Cplx2",163.53,1000,909
"Cttn",1.54144744700584e-11,-1.3821771550443,1.38635561695104e-10,0.999990605419662,0.999999999997809,"TRPM8","Cplx2",163.53,1000,909
"Reep1",1.54038931498377e-11,-1.38228467807934,1.38445293284777e-10,0.999990611868605,0.999999999997809,"TRPM8","Cplx2",163.53,1000,909
"Armc1",1.50571067171816e-11,-1.38584514096846,1.32281849294851e-10,0.999990823222745,0.999999999997809,"TRPM8","Cplx2",163.53,1000,909
"Dnajc5",1.49796782003712e-11,-1.38664996663921,1.30924875110104e-10,0.999990870412704,0.999999999997809,"TRPM8","Cplx2",163.53,1000,909
"Impa1",1.43467162792445e-11,-1.39337045135326,1.20094251667711e-10,0.999991256180745,0.999999999997809,"TRPM8","Cplx2",163.53,1000,909
"Rab5a",1.4014247486318e-11,-1.39700587444896,1.14592650894024e-10,0.999991458808788,0.999999999997809,"TRPM8","Cplx2",163.53,1000,909
"Rps24",1.32460831506997e-11,-1.40570541976708,1.02374585095317e-10,0.999991926977948,0.999999999997809,"TRPM8","Cplx2",163.53,1000,909
"Nap1l2",1.30394079060072e-11,-1.40812193684171,9.92048588485901e-11,0.999992052939244,0.999999999997809,"TRPM8","Cplx2",163.53,1000,909
"Atad1",1.28563320939087e-11,-1.41029090112352,9.64387039497811e-11,0.999992164517516,0.999999999997809,"TRPM8","Cplx2",163.53,1000,909
"Akirin1",1.28021675840512e-11,-1.41093782878478,9.56278114627548e-11,0.999992197528881,0.999999999997809,"TRPM8","Cplx2",163.53,1000,909
"Zbtb7a",1.23955240984011e-11,-1.41587327392068,8.96493177375399e-11,0.999992445363791,0.999999999997809,"TRPM8","Cplx2",163.53,1000,909
"Trappc2",1.22612991023539e-11,-1.41753373505338,8.77182935142684e-11,0.999992527169208,0.999999999997809,"TRPM8","Cplx2",163.53,1000,909
"Pafah1b1",1.22052886848207e-11,-1.41823136898311,8.69187181290766e-11,0.999992561305588,0.999999999997809,"TRPM8","Cplx2",163.53,1000,909
"Rps6ka2",1.18936467500481e-11,-1.42216535663636,8.25367324810396e-11,0.999992751240393,0.999999999997809,"TRPM8","Cplx2",163.53,1000,909
"Macrod2",1.15871394418903e-11,-1.42612422033468,7.8337492750623e-11,0.999992938045823,0.999999999997809,"TRPM8","Cplx2",163.53,1000,909
"Fhl1",1.1499466205655e-11,-1.42727359625794,7.71565079095417e-11,0.999992991479578,0.999999999997809,"TRPM8","Cplx2",163.53,1000,909
"Ndfip2",1.14695557465445e-11,-1.42766748380763,7.67556570835287e-11,0.999993009708952,0.999999999997809,"TRPM8","Cplx2",163.53,1000,909
"Dync1li2",1.11484284083061e-11,-1.43195443983281,7.25177798086698e-11,0.999993205424776,0.999999999997809,"TRPM8","Cplx2",163.53,1000,909
"Scoc",1.11401356706562e-11,-1.43206658089218,7.24099355033438e-11,0.999993210478908,0.999999999997809,"TRPM8","Cplx2",163.53,1000,909
"Tcf25",1.08257396889738e-11,-1.43637337167302,6.83805139756546e-11,0.999993402092207,0.999999999997809,"TRPM8","Cplx2",163.53,1000,909
"Pcsk1n",1.06433886230974e-11,-1.43892213702887,6.60962835154601e-11,0.999993513228772,0.999999999997809,"TRPM8","Cplx2",163.53,1000,909
"Cox6a1",1.02654714637002e-11,-1.44432938546172,6.14858244667904e-11,0.999993743555996,0.999999999997809,"TRPM8","Cplx2",163.53,1000,909
"Tm9sf3",1.008749865795e-11,-1.44693688099097,5.93723420308766e-11,0.999993852024165,0.999999999997809,"TRPM8","Cplx2",163.53,1000,909
"Dnaja1",9.95641266328692e-12,-1.44888350717602,5.78392932744148e-11,0.999993931916471,0.999999999997809,"TRPM8","Cplx2",163.53,1000,909
"Rtn3",9.94722206001764e-12,-1.44902083387614,5.77325615286929e-11,0.99999393751782,0.999999999997809,"TRPM8","Cplx2",163.53,1000,909
"Spock2",9.27911409633781e-12,-1.45931669252712,5.023775579193e-11,0.999994344706139,0.999999999997809,"TRPM8","Cplx2",163.53,1000,909
"Prnp",8.67667882628436e-12,-1.46917724517217,4.39262617145447e-11,0.999994711869259,0.999999999997809,"TRPM8","Cplx2",163.53,1000,909
"Tspyl4",8.49779455983386e-12,-1.47222149112192,4.21337055393145e-11,0.999994820892931,0.999999999997809,"TRPM8","Cplx2",163.53,1000,909
"Mtfr1l",8.28052725592722e-12,-1.47599588198688,4.00067417511368e-11,0.999994953309716,0.999999999997809,"TRPM8","Cplx2",163.53,1000,909
"Kif1b",7.94967988425452e-12,-1.48191464068211,3.68736800179081e-11,0.999995154949559,0.999999999997809,"TRPM8","Cplx2",163.53,1000,909
"Dusp3",7.8305476258111e-12,-1.484099169244,3.57767982039183e-11,0.999995227556482,0.999999999997809,"TRPM8","Cplx2",163.53,1000,909
"Tmem184b",7.77855618124474e-12,-1.48506173562778,3.53032904949385e-11,0.99999525924344,0.999999999997809,"TRPM8","Cplx2",163.53,1000,909
"Tcaf1",7.67516983753486e-12,-1.48699280373931,3.43710808634416e-11,0.999995322253783,0.999999999997809,"TRPM8","Cplx2",163.53,1000,909
"Lrp11",7.5807042090253e-12,-1.48877741066789,3.3530212305164e-11,0.999995379827262,0.999999999997809,"TRPM8","Cplx2",163.53,1000,909
"Mtpn",7.54948953416086e-12,-1.48937141789758,3.32546495580571e-11,0.999995398851509,0.999999999997809,"TRPM8","Cplx2",163.53,1000,909
"Lamp2",7.3429752353349e-12,-1.49335681072389,3.14601890322517e-11,0.999995524714715,0.999999999997809,"TRPM8","Cplx2",163.53,1000,909
"Usp19",7.13292538784974e-12,-1.49751315226434,2.96860601573882e-11,0.999995652732714,0.999999999997809,"TRPM8","Cplx2",163.53,1000,909
"Eif3f",6.70605431322411e-12,-1.50630353818855,2.62392449493525e-11,0.999995912895628,0.999999999997809,"TRPM8","Cplx2",163.53,1000,909
"Ghitm",6.55098736237267e-12,-1.50961932215447,2.50397924062922e-11,0.999996007403484,0.999999999997809,"TRPM8","Cplx2",163.53,1000,909
"Anxa6",6.35656661394508e-12,-1.51387582175391,2.35755810825617e-11,0.999996125896096,0.999999999997809,"TRPM8","Cplx2",163.53,1000,909
"Acot7",6.23213111047025e-12,-1.5166607806298,2.266158924848e-11,0.999996201735161,0.999999999997809,"TRPM8","Cplx2",163.53,1000,909
"Timm17a",6.16485093543308e-12,-1.51818704928829,2.2174935261607e-11,0.999996242740062,0.999999999997809,"TRPM8","Cplx2",163.53,1000,909
"Sptbn1",5.82251631140872e-12,-1.52618829721112,1.97805620900227e-11,0.999996451380982,0.999999999997809,"TRPM8","Cplx2",163.53,1000,909
"Sphkap",5.78393595467913e-12,-1.52711586201081,1.95192960700991e-11,0.999996474894353,0.999999999997809,"TRPM8","Cplx2",163.53,1000,909
"Esyt1",5.77346392960844e-12,-1.5273685761574,1.94486792732747e-11,0.999996481276684,0.999999999997809,"TRPM8","Cplx2",163.53,1000,909
"Susd2",5.73771998399931e-12,-1.52823421559698,1.92086082829402e-11,0.999996503061363,0.999999999997809,"TRPM8","Cplx2",163.53,1000,909
"Kcnb2",5.40715159994525e-12,-1.53647344107454,1.705902842372e-11,0.999996704531173,0.999999999997809,"TRPM8","Cplx2",163.53,1000,909
"BC005537",5.40515276739579e-12,-1.53652459730278,1.70464185169299e-11,0.999996705749391,0.999999999997809,"TRPM8","Cplx2",163.53,1000,909
"Luc7l2",4.96427116579794e-12,-1.54823790560039,1.43789837552221e-11,0.999996974451229,0.999999999997809,"TRPM8","Cplx2",163.53,1000,909
"Cd151",4.93192117001901e-12,-1.54913307677471,1.41921912028397e-11,0.999996994167414,0.999999999997809,"TRPM8","Cplx2",163.53,1000,909
"Arl2bp",4.91921323293506e-12,-1.54948614092292,1.41191482198237e-11,0.999997001912455,0.999999999997809,"TRPM8","Cplx2",163.53,1000,909
"Usp5",4.90178994612742e-12,-1.54997152114564,1.40193085495502e-11,0.999997012531336,0.999999999997809,"TRPM8","Cplx2",163.53,1000,909
"Ppp2ca",4.77100222108102e-12,-1.55366439527882,1.32811731345286e-11,0.999997092241857,0.999999999997809,"TRPM8","Cplx2",163.53,1000,909
"6820431F20Rik",4.64674863161126e-12,-1.55725642028085,1.25984048469335e-11,0.999997167970052,0.999999999997809,"TRPM8","Cplx2",163.53,1000,909
"Psmd14",4.5910400765108e-12,-1.55889446290637,1.22981381823548e-11,0.999997201922458,0.999999999997809,"TRPM8","Cplx2",163.53,1000,909
"Ptprn",4.56560456199514e-12,-1.5596481992654,1.21622461206199e-11,0.99999721742451,0.999999999997809,"TRPM8","Cplx2",163.53,1000,909
"Rnf14",4.53506206038445e-12,-1.56055818075363,1.2000066973683e-11,0.999997236039091,0.999999999997809,"TRPM8","Cplx2",163.53,1000,909
"Trim2",4.49393932330253e-12,-1.56179196446712,1.17834268308078e-11,0.999997261101954,0.999999999997809,"TRPM8","Cplx2",163.53,1000,909
"Atp6v0d1",4.38249303035239e-12,-1.56518638886316,1.12062335383371e-11,0.999997329024552,0.999999999997809,"TRPM8","Cplx2",163.53,1000,909
"Canx",4.20401869687776e-12,-1.57078431895748,1.03120848642249e-11,0.999997437798385,0.999999999997809,"TRPM8","Cplx2",163.53,1000,909
"Rufy3",4.1695764468163e-12,-1.57188867749975,1.0143809447176e-11,0.999997458789725,0.999999999997809,"TRPM8","Cplx2",163.53,1000,909
"Eif5",4.09013849220851e-12,-1.57446677997236,9.76097561283656e-12,0.999997507204366,0.999999999997809,"TRPM8","Cplx2",163.53,1000,909
"Gars",4.03530994383023e-12,-1.57627208344144,9.50103670660317e-12,0.999997540620439,0.999999999997809,"TRPM8","Cplx2",163.53,1000,909
"G3bp2",3.96099211354379e-12,-1.57875394562714,9.15430032421131e-12,0.999997585914544,0.999999999997809,"TRPM8","Cplx2",163.53,1000,909
"Capza2",3.91188379041305e-12,-1.58041656121056,8.92871766519819e-12,0.999997615844341,0.999999999997809,"TRPM8","Cplx2",163.53,1000,909
"Ube2v2",3.78987813907023e-12,-1.58462826909185,8.38045681084493e-12,0.999997690202497,0.999999999997809,"TRPM8","Cplx2",163.53,1000,909
"Trim37",3.68684198717782e-12,-1.58827932361086,7.93096896225842e-12,0.999997752999409,0.999999999997809,"TRPM8","Cplx2",163.53,1000,909
"Kifap3",3.52537997343319e-12,-1.59418583284236,7.25152029771527e-12,0.999997851404831,0.999999999997809,"TRPM8","Cplx2",163.53,1000,909
"Pebp1",3.47928643770964e-12,-1.59591576561177,7.06313600836207e-12,0.999997879497221,0.999999999997809,"TRPM8","Cplx2",163.53,1000,909
"Cdh1",3.37293555590844e-12,-1.5999856430232,6.63793946973214e-12,0.999997944314345,0.999999999997809,"TRPM8","Cplx2",163.53,1000,909
"Atp5c1",3.06392569519161e-12,-1.61248852848122,5.47738992140249e-12,0.999998132644992,0.999999999997809,"TRPM8","Cplx2",163.53,1000,909
"Selenok",2.93908832352316e-12,-1.61785739522165,5.04013855557139e-12,0.999998208728982,0.999999999997809,"TRPM8","Cplx2",163.53,1000,909
"Atp6v1a",2.77349232481639e-12,-1.62529837229661,4.48818900528088e-12,0.999998309653922,0.999999999997809,"TRPM8","Cplx2",163.53,1000,909
"Nrn1",2.72578387960139e-12,-1.62751482337799,4.3351091661638e-12,0.999998338730542,0.999999999997809,"TRPM8","Cplx2",163.53,1000,909
"Tbc1d9b",2.64631942509302e-12,-1.63128371802042,4.08603168641651e-12,0.999998387161334,0.999999999997809,"TRPM8","Cplx2",163.53,1000,909
"Olfm1",2.32121772641195e-12,-1.64782374886087,3.1437569152536e-12,0.999998585299391,0.999999999997809,"TRPM8","Cplx2",163.53,1000,909
"Cct8",1.9506140708681e-12,-1.6693815962488,2.22003543335306e-12,0.999998811169292,0.999999999997809,"TRPM8","Cplx2",163.53,1000,909
"Smarcc2",1.93017849542423e-12,-1.67067266041709,2.17376276949838e-12,0.999998823624057,0.999999999997809,"TRPM8","Cplx2",163.53,1000,909
"Gnb5",1.84560871333962e-12,-1.67614709033195,1.98745115762233e-12,0.999998875166366,0.999999999997809,"TRPM8","Cplx2",163.53,1000,909
"Bend6",1.71044545095495e-12,-1.68537406184493,1.70700839689917e-12,0.999998957543623,0.999999999997809,"TRPM8","Cplx2",163.53,1000,909
"Fam219a",1.65337455108041e-12,-1.68946441616043,1.59499636644065e-12,0.999998992326331,0.999999999997809,"TRPM8","Cplx2",163.53,1000,909
"Atxn10",1.45964888351304e-12,-1.70434570001408,1.24312270758891e-12,0.999999110395315,0.999999999997809,"TRPM8","Cplx2",163.53,1000,909
"Wdr1",1.20344632959946e-12,-1.72696476679201,8.45027133416314e-13,0.999999266541766,0.999999999997809,"TRPM8","Cplx2",163.53,1000,909
"BC031181",1.07843317731682e-12,-1.7395906202535,6.78584102702812e-13,0.999999342732888,0.999999999997809,"TRPM8","Cplx2",163.53,1000,909
"Itgb1",1.04900959661261e-12,-1.74274927715779,6.42060752234108e-13,0.999999360665526,0.999999999997809,"TRPM8","Cplx2",163.53,1000,909
"Ank2",1.02894258655336e-12,-1.74494861890485,6.1773112703091e-13,0.999999372895663,0.999999999997809,"TRPM8","Cplx2",163.53,1000,909
"Sdha",9.65228632395683e-13,-1.75219161166251,5.43597678433845e-13,0.999999411727078,0.999999999997809,"TRPM8","Cplx2",163.53,1000,909
"Ubr3",3.83042045791045e-13,-1.85102718583405,8.56071615008765e-14,0.999999766549338,0.999999999997809,"TRPM8","Cplx2",163.53,1000,909
"Ttbk2",2.36728897771572e-17,-2.43513280552552,3.26978918279135e-22,0.999999999985572,0.999999999997809,"TRPM8","Cplx2",163.53,1000,909
"Rheb",1.96878870230012e-17,-2.4410067225216,2.26159803346947e-22,0.999999999988001,0.999999999997809,"TRPM8","Cplx2",163.53,1000,909
"Mia3",1.29839826558296e-17,-2.45381120304147,9.83632917609498e-23,0.999999999992087,0.999999999997809,"TRPM8","Cplx2",163.53,1000,909
"Vapb",1.23119832624786e-17,-2.45540097694405,8.84449892740038e-23,0.999999999992496,0.999999999997809,"TRPM8","Cplx2",163.53,1000,909
"Scg3",8.43092023807207e-18,-2.46644438476878,4.14731633225517e-23,0.999999999994862,0.999999999997809,"TRPM8","Cplx2",163.53,1000,909
"Ndufs1",7.21431649054598e-18,-2.47084770835464,3.03673980662143e-23,0.999999999995603,0.999999999997809,"TRPM8","Cplx2",163.53,1000,909
"Cmpk1",5.14792623990842e-18,-2.48010993123883,1.5462575459756e-23,0.999999999996863,0.999999999997809,"TRPM8","Cplx2",163.53,1000,909
"Gbas",4.11201148138999e-18,-2.48607490328485,9.86565304124454e-24,0.999999999997494,0.999999999997809,"TRPM8","Cplx2",163.53,1000,909
"Usp14",3.59560313248304e-18,-2.48956294780791,7.54328820397381e-24,0.999999999997809,0.999999999997809,"TRPM8","Cplx2",163.53,1000,909
