"ONTOLOGY","ID","Description","GeneRatio","BgRatio","RichFactor","FoldEnrichment","zScore","pvalue","p.adjust","qvalue","geneID","Count"
"BP","GO:1901700","response to oxygen-containing compound","77/126","440/1399",0.175,1.94305555555556,7.51413457698395,5.5236559858636e-13,1.48862528819024e-09,1.44899432939703e-09,"MAP3K7/CYP1A1/CYP19A1/PTPN2/PTK2/SELE/SELP/MMP13/CCL2/MAPK3/VDR/AKT1/IL2/HMOX1/NQO1/PARP1/CDK1/MPO/CHRNA7/AHR/TRPV1/TYR/NLRP3/SLC6A4/FGF2/EP300/MMP3/MMP2/SLC2A1/LTA4H/EGFR/PTPN1/CA2/RAC1/NR1H4/GSK3B/TOP1/NOS3/FOS/IL6/NOS2/PPARG/TLR9/CYP1B1/BCHE/PPARD/CA9/CPT1A/IL10/SYK/GSTP1/LGALS9/PPARA/IL1B/TLR2/IGF1R/FOXP3/NFKB1/TLR4/MET/TACR1/NFE2L2/CXCL8/MMP9/PCNA/ESR2/TNF/SNCA/SERPINE1/RELA/ICAM1/NR3C1/MMP14/MMP12/CASP3/MAPK1/NT5E",77
"BP","GO:0033993","response to lipid","56/126","277/1399",0.202166064981949,2.24468511833133,7.2749097433708,2.81968579270335e-11,3.79952660566776e-08,3.69837362678347e-08,"CYP1A1/CYP19A1/SELE/SELP/CCL2/VDR/NR3C2/JUN/NQO1/PARP1/MPO/AHR/TYR/NLRP3/SLC6A4/EP300/MMP3/MMP2/EGFR/RAC1/NR1H4/GSK3B/NOS3/FOS/IL6/KRAS/NOS2/PPARG/TLR9/BCHE/PPARD/CA9/CPT1A/IL10/SYK/ESRRA/GSTP1/LGALS9/PPARA/IL1B/TLR2/FOXP3/NFKB1/TLR4/TACR1/CXCL8/MMP9/PCNA/ESR2/TNF/SNCA/SERPINE1/RELA/MAP2K1/NR3C1/CASP3",56
"BP","GO:1901698","response to nitrogen compound","51/126","251/1399",0.203187250996016,2.25602352494783,6.90857293431806,3.21039269943266e-10,2.88400277499034e-07,2.80722334900457e-07,"MAP3K7/PTPN2/PTK2/MMP13/MAPK3/AKT1/IL2/PARP1/CDK1/GSTM1/CHRNA7/AHR/TRPV1/TYR/SLC6A4/EP300/MMP3/MMP2/SLC2A1/LTA4H/ADA/PTPN1/CA2/NR1H4/GSK3B/TOP1/FOS/IL6/PPARG/BCHE/CPT1A/IL10/SYK/GSTP1/PPARA/IL1B/IGF1R/FOXP3/NFKB1/TLR4/NFE2L2/MMP9/PCNA/TNF/SNCA/RELA/ICAM1/MMP12/CASP3/MAPK1/NT5E",51
"BP","GO:0009628","response to abiotic stimulus","48/126","249/1399",0.192771084337349,2.14037100784089,6.24196856682782,1.02783751445754e-08,6.92505525365768e-06,6.7406928210323e-06,"MAP3K7/CYP1A1/VEGFA/PTK2/MAPK3/AKT1/HMOX1/PARP1/MPO/CHRNA7/TRPV1/TYR/NLRP3/SLC6A4/FGF2/EP300/MMP3/MMP2/SLC2A1/ADA/EGFR/AKR1B1/PTPN1/PTGS2/GSK3B/TOP1/NOS3/FOS/KRAS/PPARG/CA9/CPT1A/PPARA/IL1B/TERT/NFKB1/TLR4/TACR1/NFE2L2/MMP9/PCNA/TNF/MMP1/RELA/MAP2K1/MMP14/CASP3/BCL2",48
"BP","GO:0035094","response to nicotine","11/126","17/1399",0.647058823529412,7.1844070961718,8.06850672699778,1.61750232808619e-08,8.71833754838458e-06,8.48623341924851e-06,"HMOX1/CHRNA7/MMP2/PPARA/NFKB1/TACR1/TNF/RELA/CASP3/BCL2/MAPK1",11
"BP","GO:1901701","cellular response to oxygen-containing compound","55/126","321/1399",0.171339563862928,1.90241309400188,5.79259520604339,4.78226103072471e-08,1.91183810746125e-05,1.86094015627288e-05,"MAP3K7/PTPN2/PTK2/CCL2/MAPK3/VDR/AKT1/NQO1/PARP1/CDK1/CHRNA7/AHR/TRPV1/NLRP3/SLC6A4/EP300/MMP3/MMP2/EGFR/PTPN1/CA2/RAC1/NR1H4/GSK3B/TOP1/NOS3/FOS/IL6/PPARG/TLR9/CYP1B1/PPARD/CPT1A/IL10/SYK/GSTP1/PPARA/IL1B/TLR2/IGF1R/NFKB1/TLR4/MET/NFE2L2/CXCL8/MMP9/PCNA/ESR2/TNF/SERPINE1/RELA/ICAM1/NR3C1/MMP14/MAPK1",55
"BP","GO:0009725","response to hormone","44/126","227/1399",0.193832599118943,2.15215719180477,5.96465754665857,4.96581326613313e-08,1.91183810746125e-05,1.86094015627288e-05,"MAP3K7/PTPN2/PTK2/MAPK3/VDR/AKT1/NR3C2/JUN/PARP1/EP300/MMP2/SLC2A1/LTA4H/PTPN1/CA2/NR1H4/GSK3B/TOP1/NOS3/FOS/IL6/KRAS/NOS2/PPARG/BCHE/PPARD/IL10/ESRRA/GSTP1/PPARA/IL1B/IGF1R/NFKB1/TACR1/NFE2L2/PCNA/ESR2/TNF/RELA/MAP2K1/NR3C1/MMP14/CASP3/MAPK1",44
"BP","GO:0032496","response to lipopolysaccharide","31/126","137/1399",0.226277372262774,2.51239717298111,5.86166668721459,2.47060652718954e-07,8.32285573846977e-05,8.10128033233507e-05,"CYP1A1/SELE/SELP/CCL2/NQO1/MPO/NLRP3/MMP3/RAC1/NR1H4/NOS3/FOS/IL6/NOS2/TLR9/PPARD/IL10/GSTP1/LGALS9/IL1B/TLR2/FOXP3/NFKB1/TLR4/CXCL8/MMP9/TNF/SNCA/SERPINE1/RELA/CASP3",31
"BP","GO:0002237","response to molecule of bacterial origin","32/126","146/1399",0.219178082191781,2.4335725157643,5.75632379301887,3.34395557418733e-07,9.24021699188556e-05,8.99421911602592e-05,"CYP1A1/SELE/SELP/CCL2/NQO1/MPO/AHR/NLRP3/MMP3/RAC1/NR1H4/NOS3/FOS/IL6/NOS2/TLR9/PPARD/IL10/GSTP1/LGALS9/IL1B/TLR2/FOXP3/NFKB1/TLR4/CXCL8/MMP9/TNF/SNCA/SERPINE1/RELA/CASP3",32
"BP","GO:0003008","system process","46/126","258/1399",0.178294573643411,1.97963578196136,5.47969425032433,3.42865194504102e-07,9.24021699188556e-05,8.99421911602592e-05,"PTGS1/ABCG2/TJP1/CYP19A1/OCLN/VEGFA/SLC5A1/CCL2/MAPK3/AKT1/HMOX1/PARP1/CHRNA7/TRPV1/TYR/SLC6A4/SLC22A1/EP300/MMP2/SLC2A1/EGFR/IL17A/PTPN1/PTGS2/GSK3B/NOS3/FOS/PIK3CG/NOS2/PPARG/TLR9/BCHE/PPARD/PPARA/IL1B/TLR2/ACE2/ABCB1/TLR4/MET/TACR1/MUC2/TNF/MAP2K1/CASP3/MAPK1",46
"BP","GO:2001233","regulation of apoptotic signaling pathway","27/126","112/1399",0.241071428571429,2.67665816326531,5.81820369866878,4.50632444016042e-07,9.30484904428861e-05,9.05713050022198e-05,"PTPN2/AKT1/HMOX1/PARP1/BAX/MCL1/FGF2/MMP2/PTPN1/PTGS2/GSK3B/NOS3/PPARG/IL10/GSTP1/IL1B/TERT/TLR4/LGALS3/NFE2L2/MMP9/TNF/SERPINE1/RELA/ICAM1/MAP2K1/BCL2",27
"BP","GO:0043069","negative regulation of programmed cell death","43/126","235/1399",0.182978723404255,2.03164471462344,5.45270817189713,4.66278761930398e-07,9.30484904428861e-05,9.05713050022198e-05,"TJP1/VEGFA/PTK2/CCL2/AKT1/IL2/HMOX1/NQO1/CDK1/BAX/MPO/MCL1/FGF2/EGFR/PTPN1/NR1H4/PTGS2/GSK3B/NOS3/IL6/KDR/PPARD/IL10/GSTP1/PPARA/HSPA5/IL1B/IGF1R/TERT/NFKB1/MET/LGALS3/NFE2L2/MMP9/BRAF/DNMT1/TNF/SNCA/SERPINE1/RELA/ICAM1/MAP2K1/BCL2",43
"BP","GO:0046209","nitric oxide metabolic process","14/126","35/1399",0.4,4.44126984126984,6.48440634191226,5.17895123058735e-07,9.30484904428861e-05,9.05713050022198e-05,"CYP1A1/AKT1/NQO1/CHRNA7/RAC1/PTGS2/NOS3/NOS2/CYP1B1/IL10/PPARA/IL1B/TLR4/TNF",14
"BP","GO:2001057","reactive nitrogen species metabolic process","14/126","35/1399",0.4,4.44126984126984,6.48440634191226,5.17895123058735e-07,9.30484904428861e-05,9.05713050022198e-05,"CYP1A1/AKT1/NQO1/CHRNA7/RAC1/PTGS2/NOS3/NOS2/CYP1B1/IL10/PPARA/IL1B/TLR4/TNF",14
"BP","GO:2001237","negative regulation of extrinsic apoptotic signaling pathway","14/126","35/1399",0.4,4.44126984126984,6.48440634191226,5.17895123058735e-07,9.30484904428861e-05,9.05713050022198e-05,"AKT1/HMOX1/MCL1/GSK3B/NOS3/GSTP1/IL1B/TERT/LGALS3/TNF/SERPINE1/RELA/ICAM1/BCL2",14
"BP","GO:2001234","negative regulation of apoptotic signaling pathway","21/126","74/1399",0.283783783783784,3.1509009009009,5.97933627520577,5.7879294764694e-07,9.74904371192814e-05,9.4894995857563e-05,"AKT1/HMOX1/MCL1/FGF2/PTPN1/PTGS2/GSK3B/NOS3/IL10/GSTP1/IL1B/TERT/LGALS3/NFE2L2/MMP9/TNF/SERPINE1/RELA/ICAM1/MAP2K1/BCL2",21
"BP","GO:0012501","programmed cell death","65/126","441/1399",0.147392290249433,1.63652233380125,5.08013020001456,7.18525669289036e-07,0.000112131725166117,0.000109146495898064,"TJP1/MAP3K7/PTPN2/VEGFA/PTK2/TOP2A/CCL2/MAPK3/AKT1/IL2/HMOX1/NQO1/PARP1/CDK1/BAX/MPO/AHR/NLRP3/MCL1/FGF2/EP300/MMP2/EGFR/IL17A/PTPN1/NR1H4/PTGS2/GSK3B/TOP1/NOS3/IL6/PPARG/KDR/CYP1B1/PPARD/IL10/SYK/GAPDH/GSTP1/LGALS9/PPARA/HSPA5/F3/IL1B/IGF1R/TERT/NFKB1/TLR4/MET/LGALS3/NFE2L2/MMP9/BRAF/IDO1/DNMT1/TNF/SNCA/SERPINE1/RELA/ICAM1/MAP2K1/NR3C1/CASP3/BCL2/MAPK1",65
"BP","GO:0043066","negative regulation of apoptotic process","41/126","222/1399",0.184684684684685,2.0505863005863,5.3671612783498,7.53344641215574e-07,0.000112131725166117,0.000109146495898064,"TJP1/VEGFA/PTK2/CCL2/AKT1/IL2/HMOX1/CDK1/BAX/MPO/MCL1/FGF2/EGFR/PTPN1/NR1H4/PTGS2/GSK3B/NOS3/IL6/KDR/PPARD/IL10/GSTP1/PPARA/HSPA5/IL1B/IGF1R/TERT/NFKB1/LGALS3/NFE2L2/MMP9/BRAF/DNMT1/TNF/SNCA/SERPINE1/RELA/ICAM1/MAP2K1/BCL2",41
"BP","GO:0008219","cell death","65/126","442/1399",0.147058823529412,1.6328197945845,5.0589440656149,7.90539064250921e-07,0.000112131725166117,0.000109146495898064,"TJP1/MAP3K7/PTPN2/VEGFA/PTK2/TOP2A/CCL2/MAPK3/AKT1/IL2/HMOX1/NQO1/PARP1/CDK1/BAX/MPO/AHR/NLRP3/MCL1/FGF2/EP300/MMP2/EGFR/IL17A/PTPN1/NR1H4/PTGS2/GSK3B/TOP1/NOS3/IL6/PPARG/KDR/CYP1B1/PPARD/IL10/SYK/GAPDH/GSTP1/LGALS9/PPARA/HSPA5/F3/IL1B/IGF1R/TERT/NFKB1/TLR4/MET/LGALS3/NFE2L2/MMP9/BRAF/IDO1/DNMT1/TNF/SNCA/SERPINE1/RELA/ICAM1/MAP2K1/NR3C1/CASP3/BCL2/MAPK1",65
"BP","GO:0006915","apoptotic process","62/126","415/1399",0.149397590361446,1.65878753107669,5.03264766111761,1.0164940136159e-06,0.000136972568334742,0.000133326013184471,"TJP1/MAP3K7/PTPN2/VEGFA/PTK2/TOP2A/CCL2/MAPK3/AKT1/IL2/HMOX1/PARP1/CDK1/BAX/MPO/AHR/NLRP3/MCL1/FGF2/EP300/MMP2/EGFR/IL17A/PTPN1/NR1H4/PTGS2/GSK3B/NOS3/IL6/PPARG/KDR/CYP1B1/PPARD/IL10/SYK/GAPDH/GSTP1/LGALS9/PPARA/HSPA5/F3/IL1B/IGF1R/TERT/NFKB1/TLR4/LGALS3/NFE2L2/MMP9/BRAF/IDO1/DNMT1/TNF/SNCA/SERPINE1/RELA/ICAM1/MAP2K1/NR3C1/CASP3/BCL2/MAPK1",62
"BP","GO:0007610","behavior","20/126","71/1399",0.28169014084507,3.12765481779566,5.78703307363385,1.27740915102726e-06,0.000163934174381831,0.000159569833293938,"AKT1/PARP1/CHRNA7/TRPV1/SLC6A4/FGF2/EP300/ADA/EGFR/FOS/BCHE/CPT1A/PPARA/TLR2/ACE2/TACR1/SNCA/NR3C1/CASP3/MAPK1",20
"BP","GO:0009056","catabolic process","58/126","380/1399",0.152631578947368,1.69469507101086,4.99026467231513,1.46017315637097e-06,0.000178871211655444,0.000174109208971056,"MAP3K7/CYP1A1/CYP19A1/PTK2/SI/MMP13/CYP2C8/AKT1/ACHE/HMOX1/NQO1/CDK1/GSTM1/BAX/MPO/CYP2D6/ODC1/MCL1/FGF2/EP300/MMP3/MMP2/LTA4H/ADA/XDH/EGFR/PTPN1/GSK3B/NOS3/IL6/NOS2/KDR/TLR9/CYP1B1/BCHE/CYP2C19/PPARD/CPT1A/IL10/GAPDH/PPARA/HSPA5/IL1B/MET/NFE2L2/CYP1A2/GPT/MMP9/IDO1/TNF/MMP1/SNCA/MAP2K1/MMP14/MMP12/CASP3/BCL2/NT5E",58
"BP","GO:1904645","response to amyloid-beta","13/126","33/1399",0.393939393939394,4.37397787397787,6.16876898968065,1.69148128946752e-06,0.000198197481526738,0.0001929209648065,"MMP13/PARP1/CHRNA7/MMP3/MMP2/GSK3B/SYK/IGF1R/TLR4/MMP9/TNF/ICAM1/MMP12",13
"BP","GO:0001676","long-chain fatty acid metabolic process","12/126","29/1399",0.413793103448276,4.5944170771757,6.15165315254749,2.35685561307364e-06,0.000264655244884727,0.000257609454928287,"PTGS1/CYP1A1/CYP2C8/GSTM1/CYP2D6/ALOX5/PTGS2/CYP1B1/CYP2C19/CPT1A/GSTP1/CYP1A2",12
"BP","GO:0006979","response to oxidative stress","26/126","114/1399",0.228070175438596,2.5323029796714,5.36871270637935,2.47478168190657e-06,0.000266781465309529,0.00025967907000404,"PTGS1/AKT1/HMOX1/NQO1/PARP1/CDK1/MPO/MMP3/MMP2/ALOX5/PTGS2/NOS3/FOS/IL6/CYP1B1/GSTP1/FOXP3/MET/TACR1/NFE2L2/PCNA/SNCA/RELA/MAP2K1/MMP14/CASP3",26
"BP","GO:0006690","icosanoid metabolic process","15/126","45/1399",0.333333333333333,3.7010582010582,5.79235970134602,3.08016425981593e-06,0.000286242851041515,0.000278622344575265,"PTGS1/CYP1A1/CYP2C8/GSTM1/CYP2D6/LTA4H/ALOX5/AKR1B1/PTGS2/CYP1B1/CYP2C19/GSTP1/IL1B/CBR1/CYP1A2",15
"BP","GO:0044703","multi-organism reproductive process","15/126","45/1399",0.333333333333333,3.7010582010582,5.79235970134602,3.08016425981593e-06,0.000286242851041515,0.000278622344575265,"CYP1A1/VEGFA/VDR/PARP1/MMP2/SLC2A1/FOS/KRAS/PPARD/LGALS9/IL1B/ACE2/TACR1/IDO1/BCL2",15
"BP","GO:0044706","multi-multicellular organism process","15/126","45/1399",0.333333333333333,3.7010582010582,5.79235970134602,3.08016425981593e-06,0.000286242851041515,0.000278622344575265,"CYP1A1/VEGFA/VDR/PARP1/MMP2/SLC2A1/FOS/KRAS/PPARD/LGALS9/IL1B/ACE2/TACR1/IDO1/BCL2",15
"BP","GO:2000628","regulation of miRNA metabolic process","15/126","45/1399",0.333333333333333,3.7010582010582,5.79235970134602,3.08016425981593e-06,0.000286242851041515,0.000278622344575265,"VEGFA/JUN/FGF2/EGFR/FOS/IL6/PPARG/PPARD/IL10/PPARA/TERT/NFKB1/TNF/RELA/NR3C1",15
"BP","GO:0033559","unsaturated fatty acid metabolic process","14/126","40/1399",0.35,3.88611111111111,5.82449089262489,3.49063730331738e-06,0.000293977110388761,0.000286150698436477,"PTGS1/CYP1A1/CYP2C8/GSTM1/CYP2D6/ALOX5/AKR1B1/PTGS2/CYP1B1/CYP2C19/GSTP1/IL1B/CBR1/CYP1A2",14
"BP","GO:0061614","miRNA transcription","14/126","40/1399",0.35,3.88611111111111,5.82449089262489,3.49063730331738e-06,0.000293977110388761,0.000286150698436477,"VEGFA/JUN/FGF2/EGFR/FOS/IL6/PPARG/PPARD/IL10/PPARA/TERT/TNF/RELA/NR3C1",14
"BP","GO:1902893","regulation of miRNA transcription","14/126","40/1399",0.35,3.88611111111111,5.82449089262489,3.49063730331738e-06,0.000293977110388761,0.000286150698436477,"VEGFA/JUN/FGF2/EGFR/FOS/IL6/PPARG/PPARD/IL10/PPARA/TERT/TNF/RELA/NR3C1",14
"BP","GO:0071396","cellular response to lipid","34/126","177/1399",0.192090395480226,2.13281320060981,5.07147148380279,3.73325988239036e-06,0.000304882890395213,0.000296766139079845,"CCL2/VDR/NR3C2/PARP1/AHR/NLRP3/SLC6A4/EP300/MMP3/MMP2/EGFR/NR1H4/GSK3B/FOS/IL6/TLR9/PPARD/CPT1A/IL10/SYK/ESRRA/GSTP1/PPARA/IL1B/TLR2/NFKB1/TLR4/CXCL8/MMP9/ESR2/TNF/SERPINE1/RELA/NR3C1",34
"BP","GO:0044281","small molecule metabolic process","42/126","246/1399",0.170731707317073,1.89566395663957,4.86656640770165,5.07591746738597e-06,0.000402341105135447,0.000391629770399341,"PTGS1/ABCG2/CYP1A1/PTPN2/TPH1/CYP2C8/AKT1/PARP1/GSTM1/TYR/CYP2D6/ODC1/EP300/SLC2A1/LTA4H/ADA/ALOX5/XDH/AKR1B1/NR1H4/PTGS2/NOS3/NOS2/PPARG/CYP1B1/CYP2C19/PPARD/CPT1A/GAPDH/GSTP1/PPARA/IL1B/CBR1/NFKB1/CYP1A2/GPT/IDO1/TNF/SNCA/MAP2K1/MAPK1/NT5E",42
"BP","GO:0010586","miRNA metabolic process","15/126","47/1399",0.319148936170213,3.5435663627153,5.57863969373553,5.7327989301807e-06,0.000441425517623914,0.000429673657274629,"VEGFA/JUN/FGF2/EGFR/FOS/IL6/PPARG/PPARD/IL10/PPARA/TERT/NFKB1/TNF/RELA/NR3C1",15
"BP","GO:0019752","carboxylic acid metabolic process","31/126","157/1399",0.197452229299363,2.1923465776969,4.98673390048766,6.22504397074748e-06,0.000463862873122833,0.000451513673793577,"PTGS1/CYP1A1/TPH1/CYP2C8/AKT1/GSTM1/TYR/CYP2D6/ODC1/EP300/SLC2A1/LTA4H/ALOX5/AKR1B1/NR1H4/PTGS2/NOS3/NOS2/PPARG/CYP1B1/CYP2C19/PPARD/CPT1A/GAPDH/GSTP1/PPARA/IL1B/CBR1/CYP1A2/GPT/IDO1",31
"BP","GO:0065008","regulation of biological quality","64/126","455/1399",0.140659340659341,1.56176521890808,4.58774430139183,6.36843276643592e-06,0.000463862873122833,0.000451513673793577,"PTGS1/TJP1/MAP3K7/CYP1A1/CYP19A1/OCLN/TPH1/VEGFA/PTK2/SELP/CCL2/CYP2C8/AKT1/IL2/PARP1/BAX/CHRNA7/TRPV1/CYP2D6/SLC6A4/EP300/MMP2/ALOX5/AKR1B1/PTPN1/CA2/RAC1/NR1H4/PTGS2/GSK3B/NOS3/IL6/PIK3CG/NOS2/PPARG/KDR/F2/CYP1B1/BCHE/PPARD/CPT1A/IL10/SYK/GAPDH/PPARA/F3/IL1B/TLR2/ACE2/ABCB1/TERT/TLR4/MET/TACR1/NFE2L2/CYP1A2/CXCL8/MUC2/TNF/SNCA/SERPINE1/MAP2K1/CASP3/BCL2",64
"BP","GO:0042759","long-chain fatty acid biosynthetic process","8/126","14/1399",0.571428571428571,6.34467120181406,6.32098530426064,6.60880315801467e-06,0.000468703276601304,0.000456225213526202,"CYP1A1/CYP2C8/GSTM1/CYP2D6/ALOX5/PTGS2/GSTP1/CYP1A2",8
"BP","GO:0043436","oxoacid metabolic process","31/126","158/1399",0.19620253164557,2.17847096644565,4.94636541147611,7.18098511363092e-06,0.00049274791597328,0.000479629723968683,"PTGS1/CYP1A1/TPH1/CYP2C8/AKT1/GSTM1/TYR/CYP2D6/ODC1/EP300/SLC2A1/LTA4H/ALOX5/AKR1B1/NR1H4/PTGS2/NOS3/NOS2/PPARG/CYP1B1/CYP2C19/PPARD/CPT1A/GAPDH/GSTP1/PPARA/IL1B/CBR1/CYP1A2/GPT/IDO1",31
"BP","GO:0030855","epithelial cell differentiation","25/126","113/1399",0.221238938053097,2.45645455822447,5.07855702064098,7.31351266750694e-06,0.00049274791597328,0.000479629723968683,"TJP1/CYP1A1/VEGFA/VDR/AKT1/CDK1/FGF2/LTA4H/IL17A/GSK3B/PPARG/KDR/TLR9/CPT1A/IL1B/CBR1/FOXP3/MET/LGALS3/MMP9/PCNA/TNF/SERPINE1/ICAM1/CASP3",25
"BP","GO:0000302","response to reactive oxygen species","18/126","66/1399",0.272727272727273,3.02813852813853,5.30858975795426,7.7625730770672e-06,0.000510247181529173,0.000496663114950458,"AKT1/HMOX1/NQO1/CDK1/MMP3/MMP2/NOS3/FOS/IL6/CYP1B1/GSTP1/FOXP3/MET/TACR1/NFE2L2/PCNA/RELA/CASP3",18
"BP","GO:0048513","animal organ development","53/126","350/1399",0.151428571428571,1.68133786848073,4.62949332271767,7.9601487818983e-06,0.000510776213505141,0.000497178062761253,"CYP1A1/CYP19A1/VEGFA/PTK2/MMP13/CCL2/VDR/AKT1/PARP1/CDK1/SLC6A4/FGF2/SLC22A1/MMP2/SLC2A1/LTA4H/ALOX5/EGFR/IL17A/RAC1/NR1H4/GSK3B/TOP1/NOS3/FOS/IL6/KRAS/PPARG/KDR/TLR9/CYP1B1/PPARD/CPT1A/IL10/SYK/GSTP1/PPARA/HSPA5/IL1B/TERT/NFKB1/MET/CXCL8/MMP9/BRAF/PCNA/TNF/SERPINE1/RELA/MMP14/CASP3/BCL2/NT5E",53
"BP","GO:0097190","apoptotic signaling pathway","32/126","167/1399",0.191616766467066,2.12755441497956,4.8833184675781,8.39748794235806e-06,0.00052630767452686,0.000512296037127443,"PTPN2/AKT1/HMOX1/PARP1/BAX/MCL1/FGF2/EP300/MMP2/PTPN1/PTGS2/GSK3B/NOS3/PPARG/CYP1B1/PPARD/IL10/SYK/GSTP1/IL1B/TERT/TLR4/LGALS3/NFE2L2/MMP9/TNF/SERPINE1/RELA/ICAM1/MAP2K1/CASP3/BCL2",32
"BP","GO:0006082","organic acid metabolic process","31/126","160/1399",0.19375,2.15124007936508,4.86647946725607,9.51081850483791e-06,0.000582537633421322,0.000567029012730293,"PTGS1/CYP1A1/TPH1/CYP2C8/AKT1/GSTM1/TYR/CYP2D6/ODC1/EP300/SLC2A1/LTA4H/ALOX5/AKR1B1/NR1H4/PTGS2/NOS3/NOS2/PPARG/CYP1B1/CYP2C19/PPARD/CPT1A/GAPDH/GSTP1/PPARA/IL1B/CBR1/CYP1A2/GPT/IDO1",31
"BP","GO:0023056","positive regulation of signaling","57/126","393/1399",0.145038167938931,1.61038410275052,4.48771383019079,1.21375734365811e-05,0.000726905786924137,0.000707553721957433,"MAP3K7/CYP19A1/PTPN2/VEGFA/PTK2/SELP/CCL2/MAPK3/VDR/AKT1/NR3C2/HMOX1/PARP1/CDK1/BAX/CHRNA7/NLRP3/MCL1/FGF2/EP300/MMP2/EGFR/PTPN1/RAC1/NR1H4/GSK3B/NOS3/IL6/PIK3CG/KRAS/PPARG/KDR/TLR9/F2/CYP1B1/PPARD/IL10/SYK/GAPDH/LGALS9/F3/IL1B/TLR2/IGF1R/TERT/NFKB1/TLR4/TACR1/MMP9/BRAF/TNF/SNCA/RELA/ICAM1/MAP2K1/MMP12/MAPK1",57
"BP","GO:0009410","response to xenobiotic stimulus","27/126","132/1399",0.204545454545455,2.2711038961039,4.82618943377798,1.44368560839341e-05,0.000845811459700052,0.000823293825899171,"CYP1A1/CYP2C8/NQO1/GSTM1/AHR/CYP2D6/SLC6A4/SLC22A1/MMP2/ADA/TOP1/FOS/CYP1B1/BCHE/CYP2C19/CA9/CPT1A/IL10/GSTP1/IL1B/ABCB1/CBR1/NFE2L2/CYP1A2/TNF/CASP3/BCL2",27
"BP","GO:0048545","response to steroid hormone","21/126","89/1399",0.235955056179775,2.61985018726592,4.96659631955033,1.54880617045705e-05,0.000888092048804626,0.000864448799109773,"VDR/NR3C2/JUN/PARP1/EP300/FOS/IL6/KRAS/BCHE/PPARD/IL10/ESRRA/GSTP1/PPARA/TACR1/PCNA/ESR2/TNF/MAP2K1/NR3C1/CASP3",21
"BP","GO:0009719","response to endogenous stimulus","53/126","358/1399",0.14804469273743,1.64376607253702,4.44087848661521,1.6679233155206e-05,0.000936469444860006,0.000911538266896834,"MAP3K7/PTPN2/VEGFA/PTK2/CCL2/MAPK3/VDR/AKT1/NR3C2/JUN/PARP1/FGF2/EP300/MMP2/SLC2A1/LTA4H/EGFR/PTPN1/CA2/NR1H4/GSK3B/TOP1/NOS3/FOS/IL6/KRAS/NOS2/PPARG/KDR/BCHE/PPARD/IL10/SYK/ESRRA/GSTP1/PPARA/IL1B/IGF1R/NFKB1/TLR4/TACR1/NFE2L2/CXCL8/PCNA/ESR2/TNF/SNCA/RELA/MAP2K1/NR3C1/MMP14/CASP3/MAPK1",53
"BP","GO:0006805","xenobiotic metabolic process","15/126","51/1399",0.294117647058824,3.265639589169,5.18388815934837,1.77329269017318e-05,0.000975310979595247,0.000949345742037112,"CYP1A1/CYP2C8/NQO1/GSTM1/AHR/CYP2D6/SLC22A1/ADA/CYP1B1/BCHE/CYP2C19/GSTP1/ABCB1/CBR1/CYP1A2",15
"BP","GO:0032101","regulation of response to external stimulus","53/126","360/1399",0.147222222222222,1.63463403880071,4.39431813155252,1.99575098566507e-05,0.00107570978127347,0.00104707167445552,"MAP3K7/PTPN2/VEGFA/PTK2/SELE/CCL2/MAPK3/AKT1/IL2/PARP1/AHR/NLRP3/FGF2/EP300/MMP3/ALOX5/EGFR/IL17A/PTPN1/RAC1/NR1H4/PTGS2/NOS3/IL6/PPARG/KDR/TLR9/F2/PPARD/CPT1A/IL10/SYK/GSTP1/LGALS9/PPARA/F3/IL1B/TLR2/ACE2/FOXP3/NFKB1/TLR4/MET/NFE2L2/CXCL8/MMP9/TNF/SNCA/SERPINE1/RELA/MMP12/CASP3/MAPK1",53
"BP","GO:0006631","fatty acid metabolic process","19/126","77/1399",0.246753246753247,2.73974438260153,4.9390080537386,2.09632174820668e-05,0.00108645905988789,0.00105753478016853,"PTGS1/CYP1A1/CYP2C8/AKT1/GSTM1/CYP2D6/ALOX5/AKR1B1/PTGS2/PPARG/CYP1B1/CYP2C19/PPARD/CPT1A/GSTP1/PPARA/IL1B/CBR1/CYP1A2",19
"BP","GO:0009636","response to toxic substance","19/126","77/1399",0.246753246753247,2.73974438260153,4.9390080537386,2.09632174820668e-05,0.00108645905988789,0.00105753478016853,"PTGS1/ABCG2/CYP1A1/NQO1/CDK1/GSTM1/BAX/MPO/AHR/SLC6A4/PTGS2/NOS3/FOS/GSTP1/ABCB1/NFE2L2/MUC2/TNF/BCL2",19
"BP","GO:0033554","cellular response to stress","49/126","324/1399",0.151234567901235,1.67918381344307,4.38611744613883,2.35313945337989e-05,0.00118700658767655,0.00115540547923329,"MAP3K7/PTPN2/VEGFA/PTK2/TOP2A/MAPK3/AKT1/HMOX1/JUN/NQO1/PARP1/CDK1/GSTM1/BAX/TRPV1/NLRP3/MCL1/EP300/MMP3/MMP2/SLC2A1/ALOX5/EGFR/AKR1B1/PTPN1/PTGS2/GSK3B/NOS3/FOS/IL6/KRAS/PPARG/CYP1B1/GSTP1/PPARA/HSPA5/TERT/MET/NFE2L2/CXCL8/PCNA/TNF/SNCA/RELA/MAP2K1/MMP14/CASP3/BCL2/MAPK1",49
"BP","GO:0010647","positive regulation of cell communication","56/126","391/1399",0.143222506393862,1.59022449559534,4.3241425129502,2.37841765248734e-05,0.00118700658767655,0.00115540547923329,"MAP3K7/CYP19A1/PTPN2/VEGFA/PTK2/SELP/CCL2/MAPK3/VDR/AKT1/NR3C2/HMOX1/PARP1/CDK1/BAX/CHRNA7/NLRP3/MCL1/FGF2/EP300/MMP2/EGFR/PTPN1/RAC1/NR1H4/GSK3B/NOS3/IL6/PIK3CG/KRAS/PPARG/KDR/TLR9/F2/CYP1B1/PPARD/IL10/SYK/GAPDH/LGALS9/F3/IL1B/TLR2/IGF1R/TERT/NFKB1/TLR4/TACR1/MMP9/BRAF/TNF/RELA/ICAM1/MAP2K1/MMP12/MAPK1",56
"BP","GO:0042981","regulation of apoptotic process","52/126","353/1399",0.147308781869688,1.63559512568011,4.34336897523056,2.50376744984874e-05,0.00122684605042588,0.00119418431502761,"TJP1/PTPN2/VEGFA/PTK2/TOP2A/CCL2/AKT1/IL2/HMOX1/PARP1/CDK1/BAX/MPO/MCL1/FGF2/MMP2/EGFR/PTPN1/NR1H4/PTGS2/GSK3B/NOS3/IL6/PPARG/KDR/CYP1B1/PPARD/IL10/GSTP1/LGALS9/PPARA/HSPA5/F3/IL1B/IGF1R/TERT/NFKB1/TLR4/LGALS3/NFE2L2/MMP9/BRAF/IDO1/DNMT1/TNF/SNCA/SERPINE1/RELA/ICAM1/MAP2K1/CASP3/BCL2",52
"BP","GO:0006357","regulation of transcription by RNA polymerase II","44/126","279/1399",0.157706093189964,1.7510382886727,4.40940332313297,2.58035101061337e-05,0.00124056933679211,0.00120754225290702,"VEGFA/MAPK3/VDR/AKT1/NR3C2/HMOX1/JUN/PARP1/CDK1/AHR/TRPV1/NLRP3/FGF2/EP300/EGFR/IL17A/NR1H4/FOS/IL6/PPARG/TLR9/PPARD/IL10/SYK/ESRRA/GSTP1/PPARA/HSPA5/TLR2/ACE2/FOXP3/NFKB1/TLR4/MET/NFE2L2/ESR2/DNMT1/TNF/SNCA/RELA/MAP2K1/NR3C1/MMP12/MAPK1",44
"BP","GO:0034330","cell junction organization","22/126","99/1399",0.222222222222222,2.4673721340388,4.76333191746217,2.65609436579562e-05,0.00124056933679211,0.00120754225290702,"TJP1/OCLN/VEGFA/PTK2/AKT1/ACHE/CHRNA7/IL17A/PTPN1/RAC1/NR1H4/KDR/IL10/IL1B/TLR2/ACE2/IGF1R/TNF/SNCA/MAP2K1/MMP14/CASP3",22
"BP","GO:0043067","regulation of programmed cell death","54/126","373/1399",0.144772117962467,1.60743010340866,4.30825799985287,2.68714311308453e-05,0.00124056933679211,0.00120754225290702,"TJP1/PTPN2/VEGFA/PTK2/TOP2A/CCL2/AKT1/IL2/HMOX1/NQO1/PARP1/CDK1/BAX/MPO/MCL1/FGF2/MMP2/EGFR/PTPN1/NR1H4/PTGS2/GSK3B/NOS3/IL6/PPARG/KDR/CYP1B1/PPARD/IL10/GSTP1/LGALS9/PPARA/HSPA5/F3/IL1B/IGF1R/TERT/NFKB1/TLR4/MET/LGALS3/NFE2L2/MMP9/BRAF/IDO1/DNMT1/TNF/SNCA/SERPINE1/RELA/ICAM1/MAP2K1/CASP3/BCL2",54
"BP","GO:0007565","female pregnancy","13/126","41/1399",0.317073170731707,3.52051877661634,5.151772029856,2.76193544369301e-05,0.00124056933679211,0.00120754225290702,"VEGFA/VDR/PARP1/MMP2/SLC2A1/FOS/KRAS/PPARD/LGALS9/IL1B/ACE2/IDO1/BCL2",13
"BP","GO:0062013","positive regulation of small molecule metabolic process","13/126","41/1399",0.317073170731707,3.52051877661634,5.151772029856,2.76193544369301e-05,0.00124056933679211,0.00120754225290702,"PTPN2/AKT1/NR1H4/PTGS2/PPARG/PPARD/CPT1A/PPARA/IL1B/TNF/SNCA/MAP2K1/MAPK1",13
"BP","GO:0051049","regulation of transport","45/126","289/1399",0.155709342560554,1.72886801779535,4.37482799489671,2.82287219400994e-05,0.00124715419063226,0.001213951801334,"CYP19A1/OCLN/VEGFA/SELE/CCL2/MAPK3/AKT1/ACHE/CDK1/SLC6A4/EP300/ALOX5/PTPN1/CA2/RAC1/NR1H4/GSK3B/IL6/NOS2/PPARG/TLR9/F2/PPARD/CPT1A/SYK/LGALS9/PPARA/IL1B/TLR2/ACE2/ABCB1/NFKB1/TLR4/TACR1/LGALS3/NFE2L2/MMP9/BRAF/TNF/SNCA/SERPINE1/MAP2K1/CASP3/BCL2/MAPK1",45
"BP","GO:2001236","regulation of extrinsic apoptotic signaling pathway","15/126","53/1399",0.283018867924528,3.14240790655885,5.00083152561718,2.96775538129388e-05,0.00127761360351735,0.0012436003078436,"AKT1/HMOX1/MCL1/GSK3B/NOS3/GSTP1/IL1B/TERT/TLR4/LGALS3/TNF/SERPINE1/RELA/ICAM1/BCL2",15
"BP","GO:0007267","cell-cell signaling","33/126","185/1399",0.178378378378378,1.98056628056628,4.50275308078099,2.98662920302758e-05,0.00127761360351735,0.0012436003078436,"CYP19A1/CCL2/MAPK3/AKT1/IL2/ACHE/NQO1/CHRNA7/TRPV1/SLC6A4/FGF2/ALOX5/IL17A/RAC1/NR1H4/GSK3B/IL6/NOS2/PPARG/BCHE/PPARD/CPT1A/SYK/IL1B/MET/TACR1/BRAF/ESR2/TNF/SNCA/RELA/NR3C1/MAPK1",33
"BP","GO:0032880","regulation of protein localization","28/126","145/1399",0.193103448275862,2.14406130268199,4.57624413571262,3.09382705887076e-05,0.00130279123807136,0.00126810765027948,"VEGFA/AKT1/ACHE/PARP1/CDK1/EP300/ALOX5/EGFR/PTPN1/RAC1/NR1H4/GSK3B/IL6/NOS2/PPARG/F2/PPARD/CPT1A/IL1B/TLR2/TERT/TLR4/LGALS3/TNF/SNCA/MAP2K1/MMP14/CASP3",28
"BP","GO:1903829","positive regulation of protein localization","20/126","86/1399",0.232558139534884,2.58213362864526,4.76304495673538,3.20977866406104e-05,0.00133082361532992,0.00129539373497078,"VEGFA/AKT1/ACHE/PARP1/CDK1/EP300/EGFR/RAC1/NR1H4/GSK3B/PPARG/F2/PPARD/IL1B/TLR2/TERT/TLR4/LGALS3/TNF/SNCA",20
"BP","GO:2000630","positive regulation of miRNA metabolic process","12/126","36/1399",0.333333333333333,3.7010582010582,5.1637109198032,3.26782691161528e-05,0.00133436265557624,0.00129883855704193,"JUN/FGF2/EGFR/FOS/IL6/PPARG/IL10/TERT/NFKB1/TNF/RELA/NR3C1",12
"BP","GO:0010648","negative regulation of cell communication","44/126","282/1399",0.156028368794326,1.73241022177192,4.32889469113567,3.45813452097041e-05,0.00137054007853165,0.00133405284577561,"PTPN2/MAPK3/AKT1/ACHE/HMOX1/PARP1/CHRNA7/NLRP3/SLC6A4/MCL1/FGF2/MMP3/ADA/EGFR/PTPN1/NR1H4/PTGS2/GSK3B/NOS3/IL6/PPARG/BCHE/IL10/GSTP1/PPARA/HSPA5/IL1B/ACE2/IGF1R/TERT/TLR4/LGALS3/NFE2L2/CXCL8/MMP9/TNF/SNCA/SERPINE1/RELA/ICAM1/MAP2K1/MMP14/MMP12/BCL2",44
"BP","GO:0023057","negative regulation of signaling","44/126","282/1399",0.156028368794326,1.73241022177192,4.32889469113567,3.45813452097041e-05,0.00137054007853165,0.00133405284577561,"PTPN2/MAPK3/AKT1/ACHE/HMOX1/PARP1/CHRNA7/NLRP3/SLC6A4/MCL1/FGF2/MMP3/ADA/EGFR/PTPN1/NR1H4/PTGS2/GSK3B/NOS3/IL6/PPARG/BCHE/IL10/GSTP1/PPARA/HSPA5/IL1B/ACE2/IGF1R/TERT/TLR4/LGALS3/NFE2L2/CXCL8/MMP9/TNF/SNCA/SERPINE1/RELA/ICAM1/MAP2K1/MMP14/MMP12/BCL2",44
"BP","GO:0048511","rhythmic process","16/126","60/1399",0.266666666666667,2.96084656084656,4.8826276247608,3.58722799024234e-05,0.00140109846865263,0.00136379769449749,"TOP2A/PARP1/CDK1/AHR/SLC6A4/EP300/MMP2/ADA/GSK3B/TOP1/NOS2/PPARG/PPARA/PCNA/TNF/CASP3",16
"BP","GO:0006809","nitric oxide biosynthetic process","11/126","31/1399",0.354838709677419,3.93983614951357,5.20577724269358,3.66047342393239e-05,0.00140928226821397,0.00137176362067877,"AKT1/NQO1/RAC1/PTGS2/NOS3/NOS2/CYP1B1/IL10/IL1B/TLR4/TNF",11
"BP","GO:0009617","response to bacterium","37/126","221/1399",0.167420814479638,1.85890253537312,4.37614831739301,3.83762841832299e-05,0.00145667726582824,0.00141789684394837,"MAP3K7/CYP1A1/SELE/SELP/CCL2/NQO1/MPO/AHR/NLRP3/MMP3/IL17A/RAC1/NR1H4/NOS3/FOS/IL6/NOS2/TLR9/F2/PPARD/IL10/SYK/GSTP1/LGALS9/IL1B/TLR2/FOXP3/NFKB1/TLR4/CXCL8/MMP9/TNF/LYZ/SNCA/SERPINE1/RELA/CASP3",37
"BP","GO:0006366","transcription by RNA polymerase II","44/126","284/1399",0.154929577464789,1.72021014978761,4.27568429195726,4.18868062198301e-05,0.00156784642725614,0.00152610640198208,"VEGFA/MAPK3/VDR/AKT1/NR3C2/HMOX1/JUN/PARP1/CDK1/AHR/TRPV1/NLRP3/FGF2/EP300/EGFR/IL17A/NR1H4/FOS/IL6/PPARG/TLR9/PPARD/IL10/SYK/ESRRA/GSTP1/PPARA/HSPA5/TLR2/ACE2/FOXP3/NFKB1/TLR4/MET/NFE2L2/ESR2/DNMT1/TNF/SNCA/RELA/MAP2K1/NR3C1/MMP12/MAPK1",44
"BP","GO:0048731","system development","66/126","500/1399",0.132,1.46561904761905,4.08470362639645,4.57127325291156e-05,0.00168761389268447,0.00164268535548278,"TJP1/CYP1A1/CYP19A1/VEGFA/PTK2/MMP13/CCL2/MAPK3/AKT1/IL2/ACHE/HMOX1/CDK1/CHRNA7/AHR/SLC6A4/FGF2/SLC22A1/EP300/MMP2/SLC2A1/LTA4H/ALOX5/EGFR/PTPN1/RAC1/PTGS2/GSK3B/NOS3/FOS/IL6/PIK3CG/KRAS/PPARG/KDR/TLR9/F2/CYP1B1/BCHE/PPARD/CPT1A/IL10/SYK/GSTP1/LGALS9/PPARA/HSPA5/F3/IL1B/TLR2/TERT/FOXP3/MET/NFE2L2/CXCL8/MMP9/PCNA/TNF/SNCA/SERPINE1/RELA/MAP2K1/NR3C1/MMP14/CASP3/MAPK1",66
"BP","GO:0032879","regulation of localization","50/126","341/1399",0.146627565982405,1.62803146674114,4.19411578977395,4.64578266485526e-05,0.00169194382186283,0.00164690001102834,"CYP19A1/OCLN/PTPN2/VEGFA/SELE/CCL2/MAPK3/AKT1/ACHE/PARP1/CDK1/SLC6A4/EP300/ALOX5/EGFR/PTPN1/CA2/RAC1/NR1H4/GSK3B/IL6/NOS2/PPARG/TLR9/F2/PPARD/CPT1A/SYK/LGALS9/PPARA/IL1B/TLR2/ACE2/ABCB1/TERT/NFKB1/TLR4/TACR1/LGALS3/NFE2L2/MMP9/BRAF/TNF/SNCA/SERPINE1/MAP2K1/MMP14/CASP3/BCL2/MAPK1",50
"BP","GO:1902895","positive regulation of miRNA transcription","11/126","32/1399",0.34375,3.81671626984127,5.06942253032681,5.15417298465449e-05,0.0017560139755429,0.00170926445566228,"JUN/FGF2/EGFR/FOS/IL6/PPARG/IL10/TERT/TNF/RELA/NR3C1",11
"BP","GO:0032870","cellular response to hormone stimulus","28/126","149/1399",0.187919463087248,2.08650260999254,4.41258981325929,5.28075844754832e-05,0.0017560139755429,0.00170926445566228,"MAP3K7/PTPN2/PTK2/MAPK3/VDR/AKT1/NR3C2/PARP1/EP300/PTPN1/CA2/NR1H4/GSK3B/TOP1/FOS/PPARG/PPARD/ESRRA/GSTP1/PPARA/IL1B/IGF1R/NFKB1/NFE2L2/ESR2/RELA/NR3C1/MAPK1",28
"BP","GO:0008643","carbohydrate transport","9/126","22/1399",0.409090909090909,4.54220779220779,5.26675432792093,5.3429738773476e-05,0.0017560139755429,0.00170926445566228,"OCLN/SLC5A1/AKT1/SLC2A1/PPARD/IL1B/NFE2L2/BRAF/TNF",9
"BP","GO:0008645","hexose transmembrane transport","9/126","22/1399",0.409090909090909,4.54220779220779,5.26675432792093,5.3429738773476e-05,0.0017560139755429,0.00170926445566228,"OCLN/SLC5A1/AKT1/SLC2A1/PPARD/IL1B/NFE2L2/BRAF/TNF",9
"BP","GO:0015749","monosaccharide transmembrane transport","9/126","22/1399",0.409090909090909,4.54220779220779,5.26675432792093,5.3429738773476e-05,0.0017560139755429,0.00170926445566228,"OCLN/SLC5A1/AKT1/SLC2A1/PPARD/IL1B/NFE2L2/BRAF/TNF",9
"BP","GO:0019369","arachidonate metabolic process","9/126","22/1399",0.409090909090909,4.54220779220779,5.26675432792093,5.3429738773476e-05,0.0017560139755429,0.00170926445566228,"PTGS1/CYP1A1/CYP2C8/CYP2D6/ALOX5/PTGS2/CYP1B1/CYP2C19/CYP1A2",9
"BP","GO:0034219","carbohydrate transmembrane transport","9/126","22/1399",0.409090909090909,4.54220779220779,5.26675432792093,5.3429738773476e-05,0.0017560139755429,0.00170926445566228,"OCLN/SLC5A1/AKT1/SLC2A1/PPARD/IL1B/NFE2L2/BRAF/TNF",9
"BP","GO:1904659","D-glucose transmembrane transport","9/126","22/1399",0.409090909090909,4.54220779220779,5.26675432792093,5.3429738773476e-05,0.0017560139755429,0.00170926445566228,"OCLN/SLC5A1/AKT1/SLC2A1/PPARD/IL1B/NFE2L2/BRAF/TNF",9
"BP","GO:0071466","cellular response to xenobiotic stimulus","16/126","62/1399",0.258064516129032,2.86533538146441,4.72510784818242,5.59621673919943e-05,0.00181708483278825,0.00176870945269542,"CYP1A1/CYP2C8/NQO1/GSTM1/AHR/CYP2D6/SLC22A1/ADA/CYP1B1/BCHE/CYP2C19/GSTP1/IL1B/ABCB1/CBR1/CYP1A2",16
"BP","GO:1901699","cellular response to nitrogen compound","31/126","174/1399",0.17816091954023,1.97815179711731,4.33648145436586,5.77365182208682e-05,0.00185237995958619,0.00180306493422008,"MAP3K7/PTPN2/PTK2/MAPK3/AKT1/PARP1/CHRNA7/AHR/TRPV1/SLC6A4/EP300/MMP3/PTPN1/CA2/NR1H4/GSK3B/TOP1/FOS/PPARG/SYK/GSTP1/IL1B/IGF1R/NFKB1/TLR4/NFE2L2/TNF/RELA/ICAM1/CASP3/MAPK1",31
"BP","GO:0030335","positive regulation of cell migration","35/126","208/1399",0.168269230769231,1.86832264957265,4.2685617912751,6.03738051342098e-05,0.00191420476278465,0.00186324380526396,"TJP1/MAP3K7/VEGFA/PTK2/CCL2/MAPK3/AKT1/HMOX1/FGF2/MMP2/EGFR/RAC1/PTGS2/NOS3/IL6/PIK3CG/KDR/LGALS9/HSPA5/F3/IL1B/IGF1R/TERT/MET/TACR1/LGALS3/NFE2L2/CXCL8/MMP9/TNF/SERPINE1/ICAM1/MAP2K1/MMP14/MAPK1",35
"BP","GO:1901888","regulation of cell junction assembly","13/126","44/1399",0.295454545454545,3.28048340548341,4.83401800212511,6.41801542154679e-05,0.00200265257793571,0.00194933691655139,"TJP1/VEGFA/PTK2/IL17A/PTPN1/RAC1/KDR/IL1B/TLR2/ACE2/TNF/SNCA/MMP14",13
"BP","GO:0072593","reactive oxygen species metabolic process","18/126","76/1399",0.236842105263158,2.6296992481203,4.59471941632031,6.46496379519134e-05,0.00200265257793571,0.00194933691655139,"NQO1/MPO/MMP3/ALOX5/RAC1/NOS3/NOS2/F2/CYP1B1/SYK/GSTP1/PPARA/ACE2/CBR1/TLR4/NFE2L2/TNF/SNCA",18
"BP","GO:0022411","cellular component disassembly","16/126","63/1399",0.253968253968254,2.81985386747291,4.64866465322942,6.93133598692326e-05,0.00209892225139336,0.00204304364855419,"TOP2A/MMP13/CDK1/BAX/MPO/MMP3/MMP2/IL6/IL1B/IGF1R/MMP9/TNF/MMP1/MMP14/MMP12/CASP3",16
"BP","GO:0038034","signal transduction in absence of ligand","8/126","18/1399",0.444444444444444,4.9347442680776,5.28421623564911,7.04516677330695e-05,0.00209892225139336,0.00204304364855419,"AKT1/BAX/MCL1/GSK3B/IL1B/TERT/TNF/BCL2",8
"BP","GO:0097192","extrinsic apoptotic signaling pathway in absence of ligand","8/126","18/1399",0.444444444444444,4.9347442680776,5.28421623564911,7.04516677330695e-05,0.00209892225139336,0.00204304364855419,"AKT1/BAX/MCL1/GSK3B/IL1B/TERT/TNF/BCL2",8
"BP","GO:0001666","response to hypoxia","22/126","105/1399",0.20952380952381,2.32637944066515,4.44446969581235,7.08726993976978e-05,0.00209892225139336,0.00204304364855419,"MAP3K7/CYP1A1/VEGFA/CHRNA7/SLC6A4/EP300/MMP2/SLC2A1/ADA/PTPN1/PTGS2/FOS/PPARG/CA9/CPT1A/PPARA/TERT/NFE2L2/TNF/MAP2K1/MMP14/CASP3",22
"BP","GO:0036480","neuron intrinsic apoptotic signaling pathway in response to oxidative stress","6/126","10/1399",0.6,6.66190476190476,5.65114035020135,7.39086270040158e-05,0.00214176075027766,0.0020847416785794,"AKT1/PARP1/MCL1/FGF2/MMP2/IL10",6
"BP","GO:1903376","regulation of oxidative stress-induced neuron intrinsic apoptotic signaling pathway","6/126","10/1399",0.6,6.66190476190476,5.65114035020135,7.39086270040158e-05,0.00214176075027766,0.0020847416785794,"AKT1/PARP1/MCL1/FGF2/MMP2/IL10",6
"BP","GO:0050877","nervous system process","20/126","91/1399",0.21978021978022,2.44025815454387,4.46870641601399,7.74326995899717e-05,0.00222001197228695,0.00216090965574556,"CCL2/MAPK3/AKT1/CHRNA7/TRPV1/TYR/SLC6A4/EP300/EGFR/GSK3B/NOS3/FOS/BCHE/TLR2/ACE2/MET/TACR1/TNF/CASP3/MAPK1",20
"BP","GO:0002685","regulation of leukocyte migration","19/126","84/1399",0.226190476190476,2.51143235071806,4.49355577564597,7.86639358419604e-05,0.00222499046646548,0.00216575560985561,"VEGFA/PTK2/SELE/SELP/CCL2/MAPK3/AKT1/HMOX1/RAC1/IL6/LGALS9/TACR1/LGALS3/CXCL8/TNF/SERPINE1/ICAM1/MMP14/MAPK1",19
"BP","GO:0030518","nuclear receptor-mediated steroid hormone signaling pathway","9/126","23/1399",0.391304347826087,4.34472049689441,5.08673589023956,8.11500916322264e-05,0.00222499046646548,0.00216575560985561,"VDR/NR3C2/PARP1/EP300/PPARD/ESRRA/PPARA/ESR2/NR3C1",9
"BP","GO:0043401","steroid hormone receptor signaling pathway","9/126","23/1399",0.391304347826087,4.34472049689441,5.08673589023956,8.11500916322264e-05,0.00222499046646548,0.00216575560985561,"VDR/NR3C2/PARP1/EP300/PPARD/ESRRA/PPARA/ESR2/NR3C1",9
"BP","GO:0140467","integrated stress response signaling","7/126","14/1399",0.5,5.5515873015873,5.38302832073702,8.21173271792069e-05,0.00222499046646548,0.00216575560985561,"PTPN2/AKT1/JUN/PTPN1/FOS/HSPA5/NFE2L2",7
"BP","GO:0008610","lipid biosynthetic process","22/126","106/1399",0.207547169811321,2.30443246480982,4.39339170430807,8.27042868411901e-05,0.00222499046646548,0.00216575560985561,"PTGS1/ABCG2/CYP1A1/CYP19A1/CYP2C8/AKT1/GSTM1/CYP2D6/ALOX5/AKR1B1/NR1H4/PTGS2/PIK3CG/PPARD/GSTP1/PPARA/IL1B/CBR1/NFKB1/CYP1A2/TNF/MAPK1",22
"BP","GO:0036293","response to decreased oxygen levels","22/126","106/1399",0.207547169811321,2.30443246480982,4.39339170430807,8.27042868411901e-05,0.00222499046646548,0.00216575560985561,"MAP3K7/CYP1A1/VEGFA/CHRNA7/SLC6A4/EP300/MMP2/SLC2A1/ADA/PTPN1/PTGS2/FOS/PPARG/CA9/CPT1A/PPARA/TERT/NFE2L2/TNF/MAP2K1/MMP14/CASP3",22
"BP","GO:0015718","monocarboxylic acid transport","13/126","45/1399",0.288888888888889,3.20758377425044,4.73411468375763,8.33855425280199e-05,0.00222499046646548,0.00216575560985561,"ABCG2/AKT1/SLC22A1/SLC2A1/NR1H4/NOS2/PPARG/PPARD/CPT1A/SYK/PPARA/IL1B/TNF",13
"BP","GO:0003018","vascular process in circulatory system","16/126","64/1399",0.25,2.77579365079365,4.57368772748572,8.53940017816105e-05,0.00225624347844549,0.00219617658785113,"ABCG2/TJP1/OCLN/VEGFA/SLC5A1/SLC6A4/SLC22A1/MMP2/SLC2A1/NOS3/PPARD/ACE2/ABCB1/TACR1/TNF/MAP2K1",16
"BP","GO:2000147","positive regulation of cell motility","35/126","212/1399",0.165094339622642,1.833071278826,4.14142107582014,9.23936631878211e-05,0.00241748468243862,0.00235312514441853,"TJP1/MAP3K7/VEGFA/PTK2/CCL2/MAPK3/AKT1/HMOX1/FGF2/MMP2/EGFR/RAC1/PTGS2/NOS3/IL6/PIK3CG/KDR/LGALS9/HSPA5/F3/IL1B/IGF1R/TERT/MET/TACR1/LGALS3/NFE2L2/CXCL8/MMP9/TNF/SERPINE1/ICAM1/MAP2K1/MMP14/MAPK1",35
"BP","GO:0009967","positive regulation of signal transduction","52/126","369/1399",0.140921409214092,1.56467501182948,3.97573836625607,9.6889270647264e-05,0.00250474167799377,0.00243805913873039,"MAP3K7/PTPN2/VEGFA/PTK2/SELP/CCL2/MAPK3/VDR/AKT1/NR3C2/HMOX1/PARP1/CDK1/BAX/CHRNA7/NLRP3/MCL1/FGF2/EP300/MMP2/EGFR/PTPN1/RAC1/NR1H4/NOS3/IL6/PIK3CG/KRAS/PPARG/KDR/TLR9/F2/CYP1B1/IL10/SYK/GAPDH/LGALS9/F3/IL1B/TLR2/IGF1R/TERT/NFKB1/TLR4/MMP9/BRAF/TNF/RELA/ICAM1/MAP2K1/MMP12/MAPK1",52
"BP","GO:0141193","nuclear receptor-mediated signaling pathway","11/126","34/1399",0.323529411764706,3.5922035480859,4.8124573096542,9.75873381036535e-05,0.00250474167799377,0.00243805913873039,"VDR/NR3C2/PARP1/EP300/NR1H4/PPARG/PPARD/ESRRA/PPARA/ESR2/NR3C1",11
"BP","GO:0007005","mitochondrion organization","12/126","40/1399",0.3,3.33095238095238,4.70411927722791,0.000106298635763176,0.00270259267341281,0.00263064284176306,"AKT1/PARP1/BAX/MCL1/EP300/GSK3B/NOS3/PPARG/KDR/TERT/MMP9/BCL2",12
"BP","GO:0099536","synaptic signaling","19/126","86/1399",0.22093023255814,2.45302694721299,4.37436670810771,0.000111092163578309,0.0027980689798462,0.00272357732817229,"CCL2/MAPK3/AKT1/ACHE/NQO1/CHRNA7/TRPV1/SLC6A4/GSK3B/BCHE/IL1B/MET/TACR1/BRAF/TNF/SNCA/RELA/NR3C1/MAPK1",19
"BP","GO:0040017","positive regulation of locomotion","35/126","214/1399",0.163551401869159,1.81593977154725,4.07878177878418,0.000113626176468188,0.00281088025163874,0.00273604753160563,"TJP1/MAP3K7/VEGFA/PTK2/CCL2/MAPK3/AKT1/HMOX1/FGF2/MMP2/EGFR/RAC1/PTGS2/NOS3/IL6/PIK3CG/KDR/LGALS9/HSPA5/F3/IL1B/IGF1R/TERT/MET/TACR1/LGALS3/NFE2L2/CXCL8/MMP9/TNF/SERPINE1/ICAM1/MAP2K1/MMP14/MAPK1",35
"BP","GO:0048585","negative regulation of response to stimulus","52/126","371/1399",0.140161725067385,1.55624010610534,3.93076746862604,0.000113686807951252,0.00281088025163874,0.00273604753160563,"PTPN2/CCL2/MAPK3/AKT1/IL2/HMOX1/PARP1/CHRNA7/AHR/NLRP3/MCL1/FGF2/MMP3/ADA/ALOX5/EGFR/IL17A/PTPN1/NR1H4/PTGS2/GSK3B/NOS3/IL6/PPARG/F2/PPARD/IL10/SYK/GSTP1/LGALS9/PPARA/HSPA5/IL1B/ACE2/IGF1R/TERT/FOXP3/NFKB1/TLR4/LGALS3/NFE2L2/CXCL8/MMP9/TNF/SNCA/SERPINE1/RELA/ICAM1/MAP2K1/MMP14/MMP12/BCL2",52
"BP","GO:0002687","positive regulation of leukocyte migration","15/126","59/1399",0.254237288135593,2.8228410008071,4.49932175605381,0.000117854122439907,0.00287624959465821,0.0027996765778828,"VEGFA/PTK2/CCL2/MAPK3/RAC1/IL6/LGALS9/TACR1/LGALS3/CXCL8/TNF/SERPINE1/ICAM1/MMP14/MAPK1",15
"BP","GO:2001141","regulation of RNA biosynthetic process","48/126","333/1399",0.144144144144144,1.6004576004576,3.94775795408059,0.000118465196663103,0.00287624959465821,0.0027996765778828,"VEGFA/TOP2A/MAPK3/VDR/AKT1/NR3C2/HMOX1/JUN/PARP1/CDK1/AHR/TRPV1/NLRP3/FGF2/EP300/EGFR/IL17A/NR1H4/FOS/IL6/PPARG/TLR9/PPARD/IL10/SYK/ESRRA/GSTP1/PPARA/HSPA5/IL1B/TLR2/ACE2/TERT/FOXP3/NFKB1/TLR4/MET/NFE2L2/CXCL8/ESR2/DNMT1/TNF/SNCA/RELA/MAP2K1/NR3C1/MMP12/MAPK1",48
"BP","GO:0044087","regulation of cellular component biogenesis","29/126","164/1399",0.176829268292683,1.96336624080527,4.12956707842739,0.000123913998005445,0.00298168057700602,0.00290230072163254,"TJP1/OCLN/VEGFA/PTK2/SELP/AKT1/BAX/EP300/MMP3/IL17A/PTPN1/RAC1/GSK3B/PPARG/KDR/TLR9/SYK/GAPDH/HSPA5/IL1B/TLR2/ACE2/TLR4/TACR1/LGALS3/TNF/MMP1/SNCA/MMP14",29
"BP","GO:0006810","transport","64/126","493/1399",0.129817444219067,1.44138574970218,3.8300313157511,0.000125055192577984,0.00298251100882892,0.00290310904526635,"ABCG2/CYP19A1/OCLN/TPH1/VEGFA/PTK2/SELE/SLC5A1/CCL2/MAPK3/VDR/AKT1/ACHE/CDK1/BAX/CHRNA7/TRPV1/SLC6A4/MCL1/FGF2/SLC22A1/EP300/SLC2A1/ALOX5/PTPN1/CA2/RAC1/NR1H4/GSK3B/IL6/PIK3CG/NOS2/PPARG/TLR9/F2/PPARD/CPT1A/SYK/LGALS9/PPARA/HSPA5/IL1B/TLR2/ACE2/ABCB1/IGF1R/TERT/NFKB1/TLR4/TACR1/LGALS3/NFE2L2/CXCL8/MMP9/BRAF/MUC2/TNF/SNCA/SERPINE1/MAP2K1/MMP12/CASP3/BCL2/MAPK1",64
"BP","GO:0032868","response to insulin","16/126","66/1399",0.242424242424242,2.69167869167869,4.42791656082654,0.000127655202616777,0.00301781378115978,0.00293747196878056,"PTPN2/MAPK3/AKT1/PARP1/SLC2A1/PTPN1/NR1H4/GSK3B/FOS/PPARG/IL10/GSTP1/PPARA/IL1B/IGF1R/MAPK1",16
"BP","GO:0051223","regulation of protein transport","18/126","80/1399",0.225,2.49821428571429,4.34031436278356,0.000133703545411548,0.0031333135207315,0.00304989681404819,"AKT1/ACHE/CDK1/EP300/ALOX5/PTPN1/RAC1/NR1H4/GSK3B/IL6/NOS2/PPARG/PPARD/CPT1A/IL1B/TLR2/TLR4/TNF",18
"BP","GO:0030574","collagen catabolic process","7/126","15/1399",0.466666666666667,5.18148148148148,5.12073638142891,0.000142510516698684,0.00331091243537029,0.00322276759775732,"MMP13/MMP3/MMP2/MMP9/MMP1/MMP14/MMP12",7
"BP","GO:0015849","organic acid transport","15/126","60/1399",0.25,2.77579365079365,4.4218345832713,0.000145181403285735,0.00331579560894114,0.00322752076893462,"ABCG2/AKT1/SLC22A1/SLC2A1/NR1H4/NOS2/PPARG/PPARD/CPT1A/SYK/PPARA/IL1B/ACE2/ABCB1/TNF",15
"BP","GO:0046942","carboxylic acid transport","15/126","60/1399",0.25,2.77579365079365,4.4218345832713,0.000145181403285735,0.00331579560894114,0.00322752076893462,"ABCG2/AKT1/SLC22A1/SLC2A1/NR1H4/NOS2/PPARG/PPARD/CPT1A/SYK/PPARA/IL1B/ACE2/ABCB1/TNF",15
"BP","GO:0044283","small molecule biosynthetic process","22/126","110/1399",0.2,2.22063492063492,4.19450127444189,0.000149686342528449,0.00335527506938602,0.00326594918659359,"PTGS1/CYP1A1/PTPN2/CYP2C8/GSTM1/CYP2D6/EP300/LTA4H/ADA/ALOX5/AKR1B1/NR1H4/PTGS2/GSTP1/IL1B/CBR1/NFKB1/CYP1A2/IDO1/TNF/SNCA/MAPK1",22
"BP","GO:0010888","negative regulation of lipid storage","6/126","11/1399",0.545454545454545,6.05627705627706,5.29489227576493,0.000150645003115291,0.00335527506938602,0.00326594918659359,"PTPN2/IL6/PPARG/PPARD/PPARA/TNF",6
"BP","GO:0042572","retinol metabolic process","6/126","11/1399",0.545454545454545,6.05627705627706,5.29489227576493,0.000150645003115291,0.00335527506938602,0.00326594918659359,"CYP1A1/CYP2C8/CYP2D6/AKR1B1/CYP1B1/CYP1A2",6
"BP","GO:0034329","cell junction assembly","16/126","67/1399",0.238805970149254,2.65150438284767,4.35702122869691,0.000154950077357924,0.00341661468699921,0.0033256557889159,"TJP1/OCLN/VEGFA/PTK2/ACHE/IL17A/PTPN1/RAC1/NR1H4/KDR/IL1B/TLR2/ACE2/TNF/SNCA/MMP14",16
"BP","GO:0045834","positive regulation of lipid metabolic process","10/126","30/1399",0.333333333333333,3.7010582010582,4.70346050909051,0.000155934547866755,0.00341661468699921,0.0033256557889159,"AKT1/NR1H4/PTGS2/PPARG/PPARD/CPT1A/PPARA/IL1B/TNF/MAPK1",10
"BP","GO:0009968","negative regulation of signal transduction","41/126","271/1399",0.151291512915129,1.67981608387512,3.91964005828741,0.000157994482978645,0.00343383170667297,0.00334241444811261,"PTPN2/MAPK3/AKT1/HMOX1/PARP1/CHRNA7/NLRP3/MCL1/FGF2/MMP3/ADA/EGFR/PTPN1/NR1H4/PTGS2/GSK3B/NOS3/IL6/PPARG/IL10/GSTP1/PPARA/HSPA5/IL1B/ACE2/IGF1R/TERT/TLR4/LGALS3/NFE2L2/CXCL8/MMP9/TNF/SNCA/SERPINE1/RELA/ICAM1/MAP2K1/MMP14/MMP12/BCL2",41
"BP","GO:0051128","regulation of cellular component organization","50/126","356/1399",0.140449438202247,1.55943463527733,3.84465037266003,0.000161195227891068,0.00347536911333143,0.00338284602426777,"TJP1/OCLN/VEGFA/PTK2/SELE/SELP/CCL2/MAPK3/AKT1/IL2/PARP1/CDK1/BAX/CHRNA7/EP300/MMP3/EGFR/IL17A/PTPN1/RAC1/NR1H4/GSK3B/IL6/PPARG/KDR/TLR9/PPARD/IL10/SYK/GAPDH/PPARA/HSPA5/IL1B/TLR2/ACE2/IGF1R/TLR4/TACR1/LGALS3/NFE2L2/MMP9/ESR2/TNF/MMP1/SNCA/SERPINE1/MAP2K1/MMP14/BCL2/MAPK1",50
"BP","GO:0045944","positive regulation of transcription by RNA polymerase II","34/126","209/1399",0.162679425837321,1.80625806941596,3.97464543815396,0.000165362393474471,0.00353691786042619,0.00344275618851752,"VEGFA/MAPK3/VDR/AKT1/JUN/PARP1/AHR/NLRP3/FGF2/EP300/EGFR/IL17A/NR1H4/FOS/IL6/PPARG/TLR9/PPARD/IL10/ESRRA/PPARA/HSPA5/TLR2/FOXP3/NFKB1/TLR4/MET/NFE2L2/ESR2/TNF/RELA/MAP2K1/NR3C1/MMP12",34
"BP","GO:0070482","response to oxygen levels","22/126","111/1399",0.198198198198198,2.2006292006292,4.1460746375484,0.000172610238876833,0.00357791229858479,0.0034826592513634,"MAP3K7/CYP1A1/VEGFA/CHRNA7/SLC6A4/EP300/MMP2/SLC2A1/ADA/PTPN1/PTGS2/FOS/PPARG/CA9/CPT1A/PPARA/TERT/NFE2L2/TNF/MAP2K1/MMP14/CASP3",22
"BP","GO:0080134","regulation of response to stress","55/126","406/1399",0.135467980295567,1.50412463836109,3.79184845889911,0.000173140521322216,0.00357791229858479,0.0034826592513634,"MAP3K7/OCLN/PTPN2/PTK2/SELE/MAPK3/AKT1/IL2/PARP1/BAX/AHR/NLRP3/FGF2/EP300/MMP3/ALOX5/EGFR/IL17A/PTPN1/NR1H4/PTGS2/GSK3B/NOS3/IL6/PPARG/TLR9/F2/PPARD/CPT1A/IL10/SYK/GSTP1/LGALS9/PPARA/HSPA5/F3/IL1B/TLR2/ACE2/FOXP3/NFKB1/TLR4/NFE2L2/MMP9/PCNA/TNF/SNCA/SERPINE1/RELA/MAP2K1/MMP14/MMP12/CASP3/BCL2/MAPK1",55
"BP","GO:0007623","circadian rhythm","13/126","48/1399",0.270833333333333,3.00710978835979,4.45029427455943,0.000173779170945436,0.00357791229858479,0.0034826592513634,"TOP2A/PARP1/CDK1/AHR/SLC6A4/EP300/ADA/GSK3B/TOP1/NOS2/PPARG/PPARA/TNF",13
"BP","GO:0051222","positive regulation of protein transport","13/126","48/1399",0.270833333333333,3.00710978835979,4.45029427455943,0.000173779170945436,0.00357791229858479,0.0034826592513634,"AKT1/ACHE/CDK1/EP300/RAC1/NR1H4/GSK3B/PPARG/PPARD/IL1B/TLR2/TLR4/TNF",13
"BP","GO:0032774","RNA biosynthetic process","50/126","357/1399",0.140056022408964,1.55506647103286,3.82181710152867,0.000174394594180368,0.00357791229858479,0.0034826592513634,"VEGFA/TOP2A/MAPK3/VDR/AKT1/NR3C2/HMOX1/JUN/PARP1/CDK1/AHR/TRPV1/NLRP3/FGF2/EP300/EGFR/IL17A/NR1H4/TOP1/FOS/IL6/PPARG/TLR9/PPARD/IL10/SYK/ESRRA/GSTP1/PPARA/HSPA5/IL1B/TLR2/ACE2/TERT/FOXP3/NFKB1/TLR4/MET/LGALS3/NFE2L2/CXCL8/ESR2/DNMT1/TNF/SNCA/RELA/MAP2K1/NR3C1/MMP12/MAPK1",50
"BP","GO:0007399","nervous system development","37/126","236/1399",0.156779661016949,1.74075195049771,3.92521639600386,0.000175244684012316,0.00357791229858479,0.0034826592513634,"VEGFA/PTK2/CCL2/MAPK3/AKT1/IL2/ACHE/CDK1/CHRNA7/SLC6A4/FGF2/EP300/MMP2/SLC2A1/EGFR/PTPN1/RAC1/GSK3B/FOS/IL6/F2/BCHE/PPARD/GSTP1/HSPA5/IL1B/TLR2/FOXP3/MET/NFE2L2/TNF/SNCA/MAP2K1/NR3C1/MMP14/CASP3/MAPK1",37
"BP","GO:0009891","positive regulation of biosynthetic process","64/126","498/1399",0.1285140562249,1.42691400522726,3.73351013595201,0.000177562344500626,0.00358564543217209,0.00349018650943524,"MAP3K7/OCLN/PTPN2/VEGFA/TOP2A/CCL2/MAPK3/VDR/AKT1/IL2/HMOX1/JUN/PARP1/CDK1/AHR/NLRP3/SLC6A4/FGF2/EP300/EGFR/IL17A/NR1H4/PTGS2/GSK3B/NOS3/FOS/IL6/PIK3CG/KRAS/NOS2/PPARG/TLR9/F2/CYP1B1/PPARD/IL10/SYK/ESRRA/GAPDH/LGALS9/PPARA/HSPA5/F3/IL1B/TLR2/TERT/FOXP3/NFKB1/TLR4/MET/NFE2L2/CXCL8/BRAF/ESR2/DNMT1/TNF/SNCA/SERPINE1/RELA/MAP2K1/NR3C1/MMP14/MMP12/MAPK1",64
"BP","GO:0022008","neurogenesis","31/126","184/1399",0.168478260869565,1.87064354727398,3.98552754130233,0.000178949297266493,0.00358564543217209,0.00349018650943524,"VEGFA/PTK2/CCL2/MAPK3/AKT1/IL2/CDK1/CHRNA7/SLC6A4/FGF2/EP300/MMP2/EGFR/PTPN1/RAC1/GSK3B/FOS/IL6/F2/BCHE/GSTP1/IL1B/TLR2/MET/NFE2L2/TNF/MAP2K1/NR3C1/MMP14/CASP3/MAPK1",31
"BP","GO:0032757","positive regulation of interleukin-8 production","12/126","42/1399",0.285714285714286,3.17233560090703,4.49558586891373,0.000179614891778565,0.00358564543217209,0.00349018650943524,"IL6/NOS2/TLR9/SYK/LGALS9/F3/IL1B/TLR2/TLR4/TNF/SERPINE1/RELA",12
"BP","GO:0007268","chemical synaptic transmission","18/126","82/1399",0.219512195121951,2.43728222996516,4.21872048037389,0.000188087182615946,0.00367315186340562,0.00357536329881875,"CCL2/MAPK3/AKT1/ACHE/NQO1/CHRNA7/TRPV1/SLC6A4/GSK3B/BCHE/IL1B/MET/TACR1/BRAF/TNF/SNCA/NR3C1/MAPK1",18
"BP","GO:0098916","anterograde trans-synaptic signaling","18/126","82/1399",0.219512195121951,2.43728222996516,4.21872048037389,0.000188087182615946,0.00367315186340562,0.00357536329881875,"CCL2/MAPK3/AKT1/ACHE/NQO1/CHRNA7/TRPV1/SLC6A4/GSK3B/BCHE/IL1B/MET/TACR1/BRAF/TNF/SNCA/NR3C1/MAPK1",18
"BP","GO:0099537","trans-synaptic signaling","18/126","82/1399",0.219512195121951,2.43728222996516,4.21872048037389,0.000188087182615946,0.00367315186340562,0.00357536329881875,"CCL2/MAPK3/AKT1/ACHE/NQO1/CHRNA7/TRPV1/SLC6A4/GSK3B/BCHE/IL1B/MET/TACR1/BRAF/TNF/SNCA/NR3C1/MAPK1",18
"BP","GO:0010817","regulation of hormone levels","20/126","97/1399",0.206185567010309,2.28931435117002,4.13965213859133,0.000201322814402039,0.00390334521448558,0.00379942832245225,"CYP1A1/CYP19A1/CYP2C8/CYP2D6/ALOX5/AKR1B1/RAC1/NR1H4/IL6/NOS2/PPARG/CYP1B1/BCHE/PPARD/CPT1A/IL1B/ACE2/TACR1/CYP1A2/TNF",20
"BP","GO:0022414","reproductive process","24/126","128/1399",0.1875,2.08184523809524,4.03851782221909,0.000210630935916724,0.00400872203900625,0.00390199975019277,"CYP1A1/CYP19A1/VEGFA/TOP2A/VDR/PARP1/CDK1/SLC6A4/MMP2/SLC2A1/RAC1/FOS/KRAS/TLR9/PPARD/LGALS9/IL1B/ACE2/TACR1/IDO1/PCNA/MMP14/CASP3/BCL2",24
"BP","GO:0043434","response to peptide hormone","24/126","128/1399",0.1875,2.08184523809524,4.03851782221909,0.000210630935916724,0.00400872203900625,0.00390199975019277,"MAP3K7/PTPN2/PTK2/MAPK3/AKT1/PARP1/SLC2A1/LTA4H/PTPN1/CA2/NR1H4/GSK3B/TOP1/FOS/PPARG/IL10/GSTP1/PPARA/IL1B/IGF1R/NFKB1/NFE2L2/RELA/MAPK1",24
"BP","GO:0044419","biological process involved in interspecies interaction between organisms","59/126","449/1399",0.131403118040089,1.45899176300067,3.71185426093943,0.000211220233595135,0.00400872203900625,0.00390199975019277,"MAP3K7/CYP1A1/PTPN2/SELE/SELP/CCL2/AKT1/JUN/NQO1/PARP1/CDK1/BAX/MPO/AHR/NLRP3/ODC1/EP300/MMP3/EGFR/IL17A/PTPN1/RAC1/NR1H4/NOS3/FOS/IL6/PIK3CG/NOS2/PPARG/TLR9/F2/PPARD/CPT1A/IL10/SYK/GAPDH/GSTP1/LGALS9/PPARA/IL1B/TLR2/ACE2/FOXP3/NFKB1/TLR4/LGALS3/NFE2L2/CXCL8/MMP9/MUC2/TNF/LYZ/SNCA/SERPINE1/RELA/ICAM1/MMP12/CASP3/BCL2",59
"BP","GO:0015908","fatty acid transport","10/126","31/1399",0.32258064516129,3.58166922683052,4.57154556434051,0.000212758268641722,0.00400967506286322,0.00390292740215158,"AKT1/SLC22A1/SLC2A1/NOS2/PPARG/PPARD/CPT1A/SYK/PPARA/IL1B",10
"BP","GO:0009755","hormone-mediated signaling pathway","11/126","37/1399",0.297297297297297,3.3009438009438,4.46111045312614,0.000230123072827308,0.00428613493765778,0.00417202721797571,"VDR/NR3C2/PARP1/EP300/PPARG/PPARD/ESRRA/PPARA/ESR2/RELA/NR3C1",11
"BP","GO:0030334","regulation of cell migration","43/126","294/1399",0.146258503401361,1.62393370046431,3.78578221277802,0.000233269433498044,0.00428613493765778,0.00417202721797571,"TJP1/MAP3K7/VEGFA/PTK2/SELE/SELP/CCL2/MAPK3/AKT1/HMOX1/FGF2/MMP2/EGFR/PTPN1/RAC1/PTGS2/GSK3B/NOS3/IL6/PIK3CG/PPARG/KDR/CYP1B1/PPARD/GSTP1/LGALS9/HSPA5/F3/IL1B/IGF1R/TERT/MET/TACR1/LGALS3/NFE2L2/CXCL8/MMP9/TNF/SERPINE1/ICAM1/MAP2K1/MMP14/MAPK1",43
"BP","GO:0062197","cellular response to chemical stress","20/126","98/1399",0.204081632653061,2.26595400064788,4.08711607143184,0.000233789178417697,0.00428613493765778,0.00417202721797571,"AKT1/NQO1/PARP1/CDK1/NLRP3/MMP3/SLC2A1/ALOX5/AKR1B1/PTGS2/NOS3/FOS/IL6/CYP1B1/MET/NFE2L2/PCNA/SNCA/RELA/CASP3",20
"BP","GO:0071375","cellular response to peptide hormone stimulus","20/126","98/1399",0.204081632653061,2.26595400064788,4.08711607143184,0.000233789178417697,0.00428613493765778,0.00417202721797571,"MAP3K7/PTPN2/PTK2/MAPK3/AKT1/PARP1/PTPN1/CA2/NR1H4/GSK3B/TOP1/FOS/PPARG/GSTP1/IL1B/IGF1R/NFKB1/NFE2L2/RELA/MAPK1",20
"BP","GO:0001889","liver development","9/126","26/1399",0.346153846153846,3.84340659340659,4.60272500174197,0.000245216775376616,0.00442393858552451,0.00430616218525943,"CYP1A1/IL6/KRAS/CPT1A/IL10/MET/PCNA/TNF/RELA",9
"BP","GO:0061008","hepaticobiliary system development","9/126","26/1399",0.346153846153846,3.84340659340659,4.60272500174197,0.000245216775376616,0.00442393858552451,0.00430616218525943,"CYP1A1/IL6/KRAS/CPT1A/IL10/MET/PCNA/TNF/RELA",9
"BP","GO:0050921","positive regulation of chemotaxis","14/126","56/1399",0.25,2.77579365079365,4.26553158843395,0.000246230347988377,0.00442393858552451,0.00430616218525943,"VEGFA/PTK2/CCL2/MAPK3/FGF2/RAC1/IL6/KDR/LGALS9/F3/MET/CXCL8/SERPINE1/MAPK1",14
"BP","GO:0051050","positive regulation of transport","30/126","179/1399",0.167597765363128,1.8608672519287,3.87888982170018,0.00025928580190575,0.00462765057043705,0.00450445084346658,"CYP19A1/OCLN/VEGFA/SELE/CCL2/AKT1/ACHE/CDK1/SLC6A4/EP300/CA2/RAC1/NR1H4/GSK3B/PPARG/F2/PPARD/SYK/IL1B/TLR2/ACE2/NFKB1/TLR4/TACR1/LGALS3/NFE2L2/BRAF/TNF/SNCA/SERPINE1",30
"BP","GO:0051402","neuron apoptotic process","16/126","70/1399",0.228571428571429,2.53786848072562,4.15174223375176,0.000269698116143764,0.0047818185724174,0.00465451450449411,"CCL2/AKT1/PARP1/BAX/MCL1/FGF2/MMP2/GSK3B/KDR/IL10/GAPDH/TERT/TNF/SNCA/CASP3/BCL2",16
"BP","GO:0050727","regulation of inflammatory response","31/126","188/1399",0.164893617021277,1.83084262073624,3.85079391132271,0.000272305232178258,0.00479648758640788,0.00466879299234373,"PTPN2/SELE/MAPK3/IL2/AHR/NLRP3/MMP3/ALOX5/IL17A/NR1H4/PTGS2/IL6/PPARG/TLR9/PPARD/IL10/SYK/GSTP1/PPARA/IL1B/TLR2/ACE2/NFKB1/TLR4/MMP9/TNF/SNCA/SERPINE1/RELA/CASP3/MAPK1",31
"BP","GO:0032963","collagen metabolic process","10/126","32/1399",0.3125,3.46974206349206,4.4449510924535,0.00028603851354862,0.00497729090730251,0.00484478287293415,"MMP13/MMP3/MMP2/IL6/F2/PPARD/MMP9/MMP1/MMP14/MMP12",10
"BP","GO:0071216","cellular response to biotic stimulus","21/126","107/1399",0.196261682242991,2.1791277258567,3.99159196640639,0.000287268859503315,0.00497729090730251,0.00484478287293415,"CCL2/AHR/NLRP3/MMP3/NR1H4/GSK3B/IL6/TLR9/PPARD/IL10/SYK/GSTP1/IL1B/TLR2/NFKB1/TLR4/CXCL8/MMP9/TNF/SERPINE1/RELA",21
"BP","GO:0071214","cellular response to abiotic stimulus","19/126","92/1399",0.206521739130435,2.29304692891649,4.03547873803197,0.00028995720684471,0.00497729090730251,0.00484478287293415,"MAPK3/PARP1/TRPV1/NLRP3/FGF2/EP300/MMP3/MMP2/SLC2A1/AKR1B1/PTGS2/IL1B/NFKB1/TLR4/MMP9/PCNA/TNF/MMP1/CASP3",19
"BP","GO:0104004","cellular response to environmental stimulus","19/126","92/1399",0.206521739130435,2.29304692891649,4.03547873803197,0.00028995720684471,0.00497729090730251,0.00484478287293415,"MAPK3/PARP1/TRPV1/NLRP3/FGF2/EP300/MMP3/MMP2/SLC2A1/AKR1B1/PTGS2/IL1B/NFKB1/TLR4/MMP9/PCNA/TNF/MMP1/CASP3",19
"BP","GO:0032787","monocarboxylic acid metabolic process","22/126","115/1399",0.191304347826087,2.12408557625949,3.95722222852215,0.000298592344069764,0.00504493002757762,0.00491062126927308,"PTGS1/CYP1A1/CYP2C8/AKT1/GSTM1/CYP2D6/EP300/ALOX5/AKR1B1/NR1H4/PTGS2/PPARG/CYP1B1/CYP2C19/PPARD/CPT1A/GAPDH/GSTP1/PPARA/IL1B/CBR1/CYP1A2",22
"BP","GO:0006633","fatty acid biosynthetic process","11/126","38/1399",0.289473684210526,3.2140768588137,4.35191179966252,0.000299292695744369,0.00504493002757762,0.00491062126927308,"PTGS1/CYP1A1/CYP2C8/GSTM1/CYP2D6/ALOX5/PTGS2/GSTP1/IL1B/CBR1/CYP1A2",11
"BP","GO:0006351","DNA-templated transcription","47/126","335/1399",0.140298507462687,1.557758824923,3.68148212745585,0.000299513471025016,0.00504493002757762,0.00491062126927308,"VEGFA/MAPK3/VDR/AKT1/NR3C2/HMOX1/JUN/PARP1/CDK1/AHR/TRPV1/NLRP3/FGF2/EP300/EGFR/IL17A/NR1H4/TOP1/FOS/IL6/PPARG/TLR9/PPARD/IL10/SYK/ESRRA/GSTP1/PPARA/HSPA5/IL1B/TLR2/ACE2/TERT/FOXP3/NFKB1/TLR4/MET/NFE2L2/ESR2/DNMT1/TNF/SNCA/RELA/MAP2K1/NR3C1/MMP12/MAPK1",47
"BP","GO:0060429","epithelium development","29/126","172/1399",0.168604651162791,1.87204688076781,3.84066503374309,0.000302885511824827,0.00505892136632216,0.00492424012330059,"TJP1/CYP1A1/VEGFA/VDR/AKT1/CDK1/FGF2/SLC22A1/MMP2/LTA4H/IL17A/GSK3B/PPARG/KDR/TLR9/CPT1A/IL1B/CBR1/FOXP3/MET/LGALS3/MMP9/PCNA/TNF/SERPINE1/ICAM1/MMP12/CASP3/BCL2",29
"BP","GO:0007169","cell surface receptor protein tyrosine kinase signaling pathway","25/126","139/1399",0.179856115107914,1.99697384949183,3.89520708046768,0.000305703315706169,0.00505892136632216,0.00492424012330059,"PTPN2/VEGFA/PTK2/MAPK3/AKT1/FGF2/MMP2/EGFR/PTPN1/RAC1/NR1H4/GSK3B/KDR/F3/IL1B/IGF1R/MET/MMP9/BRAF/SNCA/RELA/MAP2K1/MMP14/CASP3/MAPK1",25
"BP","GO:0070201","regulation of establishment of protein localization","18/126","85/1399",0.211764705882353,2.35126050420168,4.04273728344563,0.00030597557800019,0.00505892136632216,0.00492424012330059,"AKT1/ACHE/CDK1/EP300/ALOX5/PTPN1/RAC1/NR1H4/GSK3B/IL6/NOS2/PPARG/PPARD/CPT1A/IL1B/TLR2/TLR4/TNF",18
"BP","GO:0034654","nucleobase-containing compound biosynthetic process","53/126","394/1399",0.134517766497462,1.49357424865039,3.63531651605582,0.000308740048933774,0.00507350263339342,0.00493843320027523,"VEGFA/TOP2A/MAPK3/VDR/AKT1/NR3C2/HMOX1/JUN/PARP1/CDK1/AHR/TRPV1/NLRP3/FGF2/EP300/ADA/EGFR/IL17A/NR1H4/TOP1/FOS/IL6/PPARG/TLR9/PPARD/IL10/SYK/ESRRA/GSTP1/PPARA/HSPA5/IL1B/TLR2/ACE2/TERT/FOXP3/NFKB1/TLR4/MET/LGALS3/NFE2L2/CXCL8/IDO1/PCNA/ESR2/DNMT1/TNF/SNCA/RELA/MAP2K1/NR3C1/MMP12/MAPK1",53
"BP","GO:0040012","regulation of locomotion","44/126","307/1399",0.143322475570033,1.5913344708133,3.68821068059526,0.000313495378099918,0.00512042450896532,0.00498410589720423,"TJP1/MAP3K7/PTPN2/VEGFA/PTK2/SELE/SELP/CCL2/MAPK3/AKT1/HMOX1/FGF2/MMP2/EGFR/PTPN1/RAC1/PTGS2/GSK3B/NOS3/IL6/PIK3CG/PPARG/KDR/CYP1B1/PPARD/GSTP1/LGALS9/HSPA5/F3/IL1B/IGF1R/TERT/MET/TACR1/LGALS3/NFE2L2/CXCL8/MMP9/TNF/SERPINE1/ICAM1/MAP2K1/MMP14/MAPK1",44
"BP","GO:0043254","regulation of protein-containing complex assembly","16/126","71/1399",0.225352112676056,2.50212385423653,4.08564413383901,0.000321657954717473,0.00522209751785296,0.00508307211422317,"OCLN/VEGFA/SELP/BAX/EP300/MMP3/GSK3B/TLR9/SYK/GAPDH/HSPA5/TLR4/LGALS3/TNF/MMP1/SNCA",16
"BP","GO:0141187","nucleic acid biosynthetic process","51/126","375/1399",0.136,1.51003174603175,3.63067622098197,0.000326154527319198,0.00526339192290562,0.00512326715808801,"VEGFA/TOP2A/MAPK3/VDR/AKT1/NR3C2/HMOX1/JUN/PARP1/CDK1/AHR/TRPV1/NLRP3/FGF2/EP300/EGFR/IL17A/NR1H4/TOP1/FOS/IL6/PPARG/TLR9/PPARD/IL10/SYK/ESRRA/GSTP1/PPARA/HSPA5/IL1B/TLR2/ACE2/TERT/FOXP3/NFKB1/TLR4/MET/LGALS3/NFE2L2/CXCL8/PCNA/ESR2/DNMT1/TNF/SNCA/RELA/MAP2K1/NR3C1/MMP12/MAPK1",51
"BP","GO:0030522","intracellular receptor signaling pathway","21/126","108/1399",0.194444444444444,2.15895061728395,3.94310502024265,0.000329624768108632,0.00528773065507597,0.00514695793183702,"MAP3K7/VDR/AKT1/NR3C2/PARP1/AHR/NLRP3/EP300/EGFR/NR1H4/PPARG/TLR9/PPARD/SYK/ESRRA/PPARA/TLR4/ESR2/TNF/RELA/NR3C1",21
"BP","GO:0032103","positive regulation of response to external stimulus","36/126","234/1399",0.153846153846154,1.70818070818071,3.73347901206419,0.000333503759504405,0.0053182995968306,0.00517671305128146,"MAP3K7/VEGFA/PTK2/CCL2/MAPK3/AKT1/IL2/PARP1/NLRP3/FGF2/EP300/EGFR/IL17A/RAC1/NR1H4/PTGS2/IL6/KDR/TLR9/F2/CPT1A/SYK/LGALS9/F3/IL1B/TLR2/TLR4/MET/CXCL8/TNF/SNCA/SERPINE1/RELA/MMP12/CASP3/MAPK1",36
"BP","GO:0010876","lipid localization","19/126","93/1399",0.204301075268817,2.26839051032599,3.98150739198472,0.000336749209660355,0.00533846541196857,0.00519634200157164,"ABCG2/CYP19A1/PTPN2/MAPK3/AKT1/SLC22A1/SLC2A1/NR1H4/IL6/NOS2/PPARG/PPARD/CPT1A/SYK/PPARA/IL1B/ABCB1/NFKB1/TNF",19
"BP","GO:0008625","extrinsic apoptotic signaling pathway via death domain receptors","9/126","27/1399",0.333333333333333,3.7010582010582,4.45721337521916,0.000340096061125959,0.00535999347797929,0.00521729693618137,"HMOX1/BAX/GSK3B/NOS3/LGALS3/TNF/SERPINE1/ICAM1/BCL2",9
"BP","GO:0009607","response to biotic stimulus","56/126","426/1399",0.131455399061033,1.45957224830464,3.57706499557206,0.000355205606057642,0.00555631389430361,0.00540839080799423,"MAP3K7/CYP1A1/PTPN2/SELE/SELP/CCL2/MAPK3/AKT1/NQO1/PARP1/BAX/MPO/AHR/NLRP3/ODC1/EP300/MMP3/EGFR/IL17A/PTPN1/RAC1/NR1H4/GSK3B/NOS3/FOS/IL6/PIK3CG/NOS2/PPARG/TLR9/F2/PPARD/CPT1A/IL10/SYK/GAPDH/GSTP1/LGALS9/PPARA/IL1B/TLR2/FOXP3/NFKB1/TLR4/LGALS3/NFE2L2/CXCL8/MMP9/TNF/LYZ/SNCA/SERPINE1/RELA/MMP12/CASP3/BCL2",56
"BP","GO:0033002","muscle cell proliferation","20/126","101/1399",0.198019801980198,2.1986484362722,3.9331437571765,0.000360502305780791,0.00555631389430361,0.00540839080799423,"MAP3K7/AKT1/HMOX1/JUN/CDK1/FGF2/MMP2/FOS/IL6/KRAS/PPARG/PPARD/IL10/GSTP1/ACE2/TERT/TACR1/MMP9/DNMT1/TNF",20
"BP","GO:0002532","production of molecular mediator involved in inflammatory response","14/126","58/1399",0.241379310344828,2.68007662835249,4.11010914335274,0.000367223831126866,0.00555631389430361,0.00540839080799423,"HMOX1/CHRNA7/ALOX5/IL17A/IL6/NOS2/F2/SYK/PPARA/NFKB1/TLR4/TNF/SERPINE1/RELA",14
"BP","GO:0032602","chemokine production","14/126","58/1399",0.241379310344828,2.68007662835249,4.11010914335274,0.000367223831126866,0.00555631389430361,0.00540839080799423,"HMOX1/IL17A/NR1H4/IL6/TLR9/IL10/SYK/GSTP1/LGALS9/IL1B/TLR2/TLR4/CXCL8/TNF",14
"BP","GO:0032642","regulation of chemokine production","14/126","58/1399",0.241379310344828,2.68007662835249,4.11010914335274,0.000367223831126866,0.00555631389430361,0.00540839080799423,"HMOX1/IL17A/NR1H4/IL6/TLR9/IL10/SYK/GSTP1/LGALS9/IL1B/TLR2/TLR4/CXCL8/TNF",14
"BP","GO:0001885","endothelial cell development","7/126","17/1399",0.411764705882353,4.5718954248366,4.66008492249264,0.000369046451606808,0.00555631389430361,0.00540839080799423,"TJP1/VEGFA/IL1B/FOXP3/MET/TNF/ICAM1",7
"BP","GO:0019748","secondary metabolic process","7/126","17/1399",0.411764705882353,4.5718954248366,4.66008492249264,0.000369046451606808,0.00555631389430361,0.00540839080799423,"CYP1A1/TYR/CYP2D6/AKR1B1/CYP1B1/NFE2L2/CYP1A2",7
"BP","GO:0042178","xenobiotic catabolic process","7/126","17/1399",0.411764705882353,4.5718954248366,4.66008492249264,0.000369046451606808,0.00555631389430361,0.00540839080799423,"CYP1A1/CYP2C8/GSTM1/CYP2D6/CYP1B1/CYP2C19/CYP1A2",7
"BP","GO:0008631","intrinsic apoptotic signaling pathway in response to oxidative stress","8/126","22/1399",0.363636363636364,4.03751803751804,4.51635313586864,0.000376912161540418,0.00564321264084127,0.00549297609078077,"AKT1/PARP1/MCL1/FGF2/MMP2/CYP1B1/IL10/NFE2L2",8
"BP","GO:0072577","endothelial cell apoptotic process","10/126","33/1399",0.303030303030303,3.36459836459836,4.32328296432676,0.000379341995120864,0.00564821368425817,0.00549784399381161,"CCL2/PTPN1/KDR/IL10/F3/TERT/NFE2L2/TNF/SERPINE1/ICAM1",10
"BP","GO:0097191","extrinsic apoptotic signaling pathway","16/126","72/1399",0.222222222222222,2.4673721340388,4.02064482915289,0.000382078873932423,0.00565770640246088,0.00550708399191953,"AKT1/HMOX1/BAX/MCL1/GSK3B/NOS3/GSTP1/IL1B/TERT/TLR4/LGALS3/TNF/SERPINE1/RELA/ICAM1/BCL2",16
"BP","GO:0009888","tissue development","42/126","291/1399",0.144329896907216,1.60252004581901,3.63222523342379,0.000393413116421274,0.00579370682379963,0.00563946373911235,"TJP1/CYP1A1/VEGFA/PTK2/MMP13/VDR/AKT1/PARP1/CDK1/FGF2/SLC22A1/MMP2/LTA4H/ALOX5/IL17A/NR1H4/GSK3B/NOS3/IL6/KRAS/PPARG/KDR/TLR9/CYP1B1/PPARD/CPT1A/PPARA/IL1B/CBR1/FOXP3/MET/LGALS3/MMP9/PCNA/TNF/SERPINE1/ICAM1/MMP14/MMP12/CASP3/BCL2/NT5E",42
"BP","GO:2000145","regulation of cell motility","43/126","301/1399",0.142857142857143,1.58616780045351,3.61017863837632,0.00041259513826641,0.00604317335667377,0.00588228884384265,"TJP1/MAP3K7/VEGFA/PTK2/SELE/SELP/CCL2/MAPK3/AKT1/HMOX1/FGF2/MMP2/EGFR/PTPN1/RAC1/PTGS2/GSK3B/NOS3/IL6/PIK3CG/PPARG/KDR/CYP1B1/PPARD/GSTP1/LGALS9/HSPA5/F3/IL1B/IGF1R/TERT/MET/TACR1/LGALS3/NFE2L2/CXCL8/MMP9/TNF/SERPINE1/ICAM1/MAP2K1/MMP14/MAPK1",43
"BP","GO:1904951","positive regulation of establishment of protein localization","13/126","52/1399",0.25,2.77579365079365,4.1042615522095,0.000416738464947024,0.00607086574612016,0.00590924399205464,"AKT1/ACHE/CDK1/EP300/RAC1/NR1H4/GSK3B/PPARG/PPARD/IL1B/TLR2/TLR4/TNF",13
"BP","GO:0006355","regulation of DNA-templated transcription","46/126","330/1399",0.139393939393939,1.54771524771525,3.57970802301733,0.000426572953503916,0.00618072101985512,0.00601617464139879,"VEGFA/MAPK3/VDR/AKT1/NR3C2/HMOX1/JUN/PARP1/CDK1/AHR/TRPV1/NLRP3/FGF2/EP300/EGFR/IL17A/NR1H4/FOS/IL6/PPARG/TLR9/PPARD/IL10/SYK/ESRRA/GSTP1/PPARA/HSPA5/IL1B/TLR2/ACE2/TERT/FOXP3/NFKB1/TLR4/MET/NFE2L2/ESR2/DNMT1/TNF/SNCA/RELA/MAP2K1/NR3C1/MMP12/MAPK1",46
"BP","GO:0141124","intracellular signaling cassette","53/126","399/1399",0.132832080200501,1.47485777936906,3.52837439276701,0.00044092583551533,0.006342597205017,0.0061737412743351,"MAP3K7/PTPN2/VEGFA/PTK2/SELE/SELP/MAPK3/AKT1/NR3C2/HMOX1/JUN/PARP1/CDK1/CHRNA7/TRPV1/NLRP3/FGF2/EP300/MMP3/EGFR/PTPN1/RAC1/NR1H4/GSK3B/NOS3/FOS/IL6/PIK3CG/KRAS/NOS2/PPARG/KDR/TLR9/SYK/GAPDH/GSTP1/LGALS9/PPARA/HSPA5/IL1B/TLR2/ACE2/IGF1R/NFKB1/TLR4/NFE2L2/CXCL8/BRAF/TNF/RELA/ICAM1/MAP2K1/MAPK1",53
"BP","GO:2000377","regulation of reactive oxygen species metabolic process","14/126","59/1399",0.23728813559322,2.6346516007533,4.03481351778953,0.000444805518273919,0.006342597205017,0.0061737412743351,"MMP3/ALOX5/RAC1/F2/CYP1B1/SYK/GSTP1/PPARA/ACE2/CBR1/TLR4/NFE2L2/TNF/SNCA",14
"BP","GO:2001242","regulation of intrinsic apoptotic signaling pathway","14/126","59/1399",0.23728813559322,2.6346516007533,4.03481351778953,0.000444805518273919,0.006342597205017,0.0061737412743351,"PTPN2/AKT1/PARP1/BAX/MCL1/FGF2/MMP2/PTPN1/PTGS2/IL10/NFE2L2/MMP9/MAP2K1/BCL2",14
"BP","GO:0015711","organic anion transport","15/126","66/1399",0.227272727272727,2.52344877344877,3.98757996226269,0.000455439599282979,0.00642622890087764,0.00625514648357164,"ABCG2/AKT1/SLC22A1/SLC2A1/NR1H4/NOS2/PPARG/PPARD/CPT1A/SYK/PPARA/IL1B/ACE2/ABCB1/TNF",15
"BP","GO:0043523","regulation of neuron apoptotic process","15/126","66/1399",0.227272727272727,2.52344877344877,3.98757996226269,0.000455439599282979,0.00642622890087764,0.00625514648357164,"CCL2/AKT1/PARP1/BAX/MCL1/FGF2/MMP2/GSK3B/KDR/IL10/TERT/TNF/SNCA/CASP3/BCL2",15
"BP","GO:1901099","negative regulation of signal transduction in absence of ligand","6/126","13/1399",0.461538461538462,5.12454212454212,4.69883787716461,0.000480424791390996,0.00670852234610743,0.00652992456547645,"AKT1/MCL1/IL1B/TERT/TNF/BCL2",6
"BP","GO:2001240","negative regulation of extrinsic apoptotic signaling pathway in absence of ligand","6/126","13/1399",0.461538461538462,5.12454212454212,4.69883787716461,0.000480424791390996,0.00670852234610743,0.00652992456547645,"AKT1/MCL1/IL1B/TERT/TNF/BCL2",6
"BP","GO:0050890","cognition","11/126","40/1399",0.275,3.05337301587302,4.14393346952942,0.000491036782650259,0.00682136149094045,0.00663975964774611,"CHRNA7/SLC6A4/EP300/EGFR/FOS/BCHE/TLR2/TACR1/TNF/CASP3/MAPK1",11
"BP","GO:0002064","epithelial cell development","10/126","34/1399",0.294117647058824,3.265639589169,4.20618736132406,0.000496739768878037,0.00686519834423748,0.00668242945347219,"TJP1/VEGFA/AKT1/GSK3B/TLR9/IL1B/FOXP3/MET/TNF/ICAM1",10
"BP","GO:0150077","regulation of neuroinflammatory response","8/126","23/1399",0.347826086956522,3.86197377501725,4.35256241345784,0.00053465193215812,0.00735146406717416,0.00715574955672798,"MAPK3/MMP3/PTGS2/IL6/IL1B/MMP9/TNF/MAPK1",8
"BP","GO:1902175","regulation of oxidative stress-induced intrinsic apoptotic signaling pathway","7/126","18/1399",0.388888888888889,4.3179012345679,4.45581882264227,0.000559061314071915,0.00764807229149142,0.00744446132220573,"AKT1/PARP1/MCL1/FGF2/MMP2/IL10/NFE2L2",7
"BP","GO:0003013","circulatory system process","23/126","128/1399",0.1796875,1.99510168650794,3.71470498216381,0.000564647905228641,0.00766313395136433,0.00745912200271432,"PTGS1/ABCG2/TJP1/OCLN/VEGFA/SLC5A1/SLC6A4/SLC22A1/MMP2/SLC2A1/PTPN1/PTGS2/NOS3/PIK3CG/NOS2/PPARG/PPARD/PPARA/ACE2/ABCB1/TACR1/TNF/MAP2K1",23
"BP","GO:0002534","cytokine production involved in inflammatory response","12/126","47/1399",0.25531914893617,2.83485309017224,4.02426468247562,0.000571536149990438,0.00766313395136433,0.00745912200271432,"HMOX1/CHRNA7/ALOX5/IL17A/IL6/NOS2/F2/PPARA/NFKB1/TLR4/TNF/RELA",12
"BP","GO:0072330","monocarboxylic acid biosynthetic process","12/126","47/1399",0.25531914893617,2.83485309017224,4.02426468247562,0.000571536149990438,0.00766313395136433,0.00745912200271432,"PTGS1/CYP1A1/CYP2C8/GSTM1/CYP2D6/ALOX5/NR1H4/PTGS2/GSTP1/IL1B/CBR1/CYP1A2",12
"BP","GO:1900015","regulation of cytokine production involved in inflammatory response","12/126","47/1399",0.25531914893617,2.83485309017224,4.02426468247562,0.000571536149990438,0.00766313395136433,0.00745912200271432,"HMOX1/CHRNA7/ALOX5/IL17A/IL6/NOS2/F2/PPARA/NFKB1/TLR4/TNF/RELA",12
"BP","GO:0009411","response to UV","11/126","41/1399",0.268292682926829,2.97890050329075,4.04474045474372,0.000620169890376598,0.00818675331603933,0.00796880129957683,"AKT1/PARP1/TYR/EP300/MMP3/MMP2/EGFR/MMP9/PCNA/MMP1/RELA",11
"BP","GO:0120254","olefinic compound metabolic process","11/126","41/1399",0.268292682926829,2.97890050329075,4.04474045474372,0.000620169890376598,0.00818675331603933,0.00796880129957683,"PTGS1/CYP1A1/CYP2C8/CYP2D6/ALOX5/AKR1B1/PTGS2/CYP1B1/CYP2C19/GSTP1/CYP1A2",11
"BP","GO:0050796","regulation of insulin secretion","9/126","29/1399",0.310344827586207,3.44581280788177,4.18587819585175,0.000621354818111636,0.00818675331603933,0.00796880129957683,"ALOX5/RAC1/NR1H4/IL6/NOS2/PPARD/CPT1A/IL1B/TNF",9
"BP","GO:1902531","regulation of intracellular signal transduction","53/126","404/1399",0.131188118811881,1.45660458903033,3.42250483707922,0.000622763108925653,0.00818675331603933,0.00796880129957683,"MAP3K7/PTPN2/VEGFA/PTK2/SELP/MAPK3/VDR/AKT1/NR3C2/HMOX1/PARP1/BAX/CHRNA7/NLRP3/MCL1/FGF2/EP300/MMP3/MMP2/EGFR/PTPN1/RAC1/NR1H4/PTGS2/GSK3B/IL6/PIK3CG/KRAS/PPARG/KDR/TLR9/IL10/SYK/GAPDH/GSTP1/LGALS9/PPARA/HSPA5/F3/IL1B/TLR2/ACE2/IGF1R/TLR4/NFE2L2/MMP9/BRAF/TNF/RELA/ICAM1/MAP2K1/BCL2/MAPK1",53
"BP","GO:0050920","regulation of chemotaxis","16/126","75/1399",0.213333333333333,2.36867724867725,3.83188391332533,0.000625777804491318,0.00818675331603933,0.00796880129957683,"PTPN2/VEGFA/PTK2/CCL2/MAPK3/FGF2/RAC1/IL6/KDR/GSTP1/LGALS9/F3/MET/CXCL8/SERPINE1/MAPK1",16
"BP","GO:0048732","gland development","14/126","61/1399",0.229508196721311,2.54826958105647,3.88873275763806,0.000642670882624736,0.00836714023513847,0.00814438586403752,"CYP1A1/VEGFA/AKT1/MMP2/IL6/KRAS/CPT1A/IL10/PPARA/NFKB1/MET/PCNA/TNF/RELA",14
"BP","GO:0097193","intrinsic apoptotic signaling pathway","18/126","90/1399",0.2,2.22063492063492,3.76497310546729,0.000647232110075651,0.00838601219545134,0.00816275540518054,"PTPN2/AKT1/PARP1/BAX/MCL1/FGF2/EP300/MMP2/PTPN1/PTGS2/CYP1B1/IL10/NFE2L2/MMP9/TNF/MAP2K1/CASP3/BCL2",18
"BP","GO:0071219","cellular response to molecule of bacterial origin","19/126","98/1399",0.193877551020408,2.15265630061548,3.72133591636959,0.00068358639714166,0.00881466669998456,0.00857999804593552,"CCL2/AHR/NLRP3/MMP3/NR1H4/IL6/TLR9/PPARD/IL10/GSTP1/IL1B/TLR2/NFKB1/TLR4/CXCL8/MMP9/TNF/SERPINE1/RELA",19
"BP","GO:0048660","regulation of smooth muscle cell proliferation","17/126","83/1399",0.204819277108434,2.27414419583094,3.76404093790976,0.000693694830023624,0.00890241698530317,0.00866541219739348,"MAP3K7/AKT1/HMOX1/JUN/FGF2/MMP2/IL6/PPARG/PPARD/IL10/GSTP1/ACE2/TERT/TACR1/MMP9/DNMT1/TNF",17
"BP","GO:0031334","positive regulation of protein-containing complex assembly","12/126","48/1399",0.25,2.77579365079365,3.93740509998915,0.000704121809672105,0.00895098243899209,0.00871268471624568,"OCLN/VEGFA/BAX/MMP3/GSK3B/TLR9/SYK/TLR4/LGALS3/TNF/MMP1/SNCA",12
"BP","GO:0050808","synapse organization","12/126","48/1399",0.25,2.77579365079365,3.93740509998915,0.000704121809672105,0.00895098243899209,0.00871268471624568,"AKT1/ACHE/CHRNA7/PTPN1/RAC1/IL10/TLR2/IGF1R/TNF/SNCA/MAP2K1/CASP3",12
"BP","GO:0062012","regulation of small molecule metabolic process","16/126","76/1399",0.210526315789474,2.3375104427736,3.77093209561903,0.00073227308555475,0.00922595545443788,0.00898033725666607,"PTPN2/AKT1/PARP1/EP300/NR1H4/PTGS2/PPARG/PPARD/CPT1A/PPARA/IL1B/NFKB1/TNF/SNCA/MAP2K1/MAPK1",16
"BP","GO:0007167","enzyme-linked receptor protein signaling pathway","32/126","207/1399",0.154589371980676,1.71643278889656,3.5119405485845,0.000732599060203973,0.00922595545443788,0.00898033725666607,"MAP3K7/PTPN2/VEGFA/PTK2/MAPK3/AKT1/JUN/PARP1/FGF2/EP300/MMP2/EGFR/PTPN1/RAC1/NR1H4/GSK3B/FOS/PPARG/KDR/PPARA/F3/IL1B/IGF1R/MET/MMP9/BRAF/SNCA/RELA/MAP2K1/MMP14/CASP3/MAPK1",32
"BP","GO:0022617","extracellular matrix disassembly","8/126","24/1399",0.333333333333333,3.7010582010582,4.1977142387023,0.000741957642689215,0.00927967241905977,0.00903262414024049,"MMP13/MMP3/MMP2/IL6/MMP9/MMP1/MMP14/MMP12",8
"BP","GO:0009895","negative regulation of catabolic process","13/126","55/1399",0.236363636363636,2.62438672438672,3.86541206884217,0.000751035592229747,0.00927967241905977,0.00903262414024049,"AKT1/NQO1/MCL1/EP300/EGFR/NOS2/IL10/PPARA/IL1B/MET/TNF/SNCA/BCL2",13
"BP","GO:0050708","regulation of protein secretion","13/126","55/1399",0.236363636363636,2.62438672438672,3.86541206884217,0.000751035592229747,0.00927967241905977,0.00903262414024049,"ACHE/ALOX5/RAC1/NR1H4/IL6/NOS2/PPARG/PPARD/CPT1A/IL1B/TLR2/TLR4/TNF",13
"BP","GO:0050900","leukocyte migration","25/126","147/1399",0.170068027210884,1.8882950005399,3.5804562979184,0.000756492601851931,0.00927967241905977,0.00903262414024049,"VEGFA/PTK2/SELE/SELP/CCL2/MAPK3/AKT1/HMOX1/MMP2/ALOX5/IL17A/RAC1/IL6/PIK3CG/IL10/SYK/LGALS9/TACR1/LGALS3/CXCL8/TNF/SERPINE1/ICAM1/MMP14/MAPK1",25
"BP","GO:0043207","response to external biotic stimulus","54/126","417/1399",0.129496402877698,1.43782117163412,3.35609077362591,0.000758567501507617,0.00927967241905977,0.00903262414024049,"MAP3K7/CYP1A1/PTPN2/SELE/SELP/CCL2/AKT1/NQO1/PARP1/BAX/MPO/AHR/NLRP3/ODC1/EP300/MMP3/EGFR/IL17A/PTPN1/RAC1/NR1H4/NOS3/FOS/IL6/PIK3CG/NOS2/PPARG/TLR9/F2/PPARD/CPT1A/IL10/SYK/GAPDH/GSTP1/LGALS9/PPARA/IL1B/TLR2/FOXP3/NFKB1/TLR4/LGALS3/NFE2L2/CXCL8/MMP9/TNF/LYZ/SNCA/SERPINE1/RELA/MMP12/CASP3/BCL2",54
"BP","GO:0051707","response to other organism","54/126","417/1399",0.129496402877698,1.43782117163412,3.35609077362591,0.000758567501507617,0.00927967241905977,0.00903262414024049,"MAP3K7/CYP1A1/PTPN2/SELE/SELP/CCL2/AKT1/NQO1/PARP1/BAX/MPO/AHR/NLRP3/ODC1/EP300/MMP3/EGFR/IL17A/PTPN1/RAC1/NR1H4/NOS3/FOS/IL6/PIK3CG/NOS2/PPARG/TLR9/F2/PPARD/CPT1A/IL10/SYK/GAPDH/GSTP1/LGALS9/PPARA/IL1B/TLR2/FOXP3/NFKB1/TLR4/LGALS3/NFE2L2/CXCL8/MMP9/TNF/LYZ/SNCA/SERPINE1/RELA/MMP12/CASP3/BCL2",54
"BP","GO:0016053","organic acid biosynthetic process","14/126","62/1399",0.225806451612903,2.50716845878136,3.81783007167855,0.000766889674419541,0.00927967241905977,0.00903262414024049,"PTGS1/CYP1A1/CYP2C8/GSTM1/CYP2D6/LTA4H/ALOX5/NR1H4/PTGS2/GSTP1/IL1B/CBR1/CYP1A2/IDO1",14
"BP","GO:0046394","carboxylic acid biosynthetic process","14/126","62/1399",0.225806451612903,2.50716845878136,3.81783007167855,0.000766889674419541,0.00927967241905977,0.00903262414024049,"PTGS1/CYP1A1/CYP2C8/GSTM1/CYP2D6/LTA4H/ALOX5/NR1H4/PTGS2/GSTP1/IL1B/CBR1/CYP1A2/IDO1",14
"BP","GO:0051384","response to glucocorticoid","11/126","42/1399",0.261904761904762,2.90797430083144,3.94849778343962,0.000776495857621061,0.00927967241905977,0.00903262414024049,"FOS/IL6/KRAS/BCHE/IL10/GSTP1/PCNA/TNF/MAP2K1/NR3C1/CASP3",11
"BP","GO:0008210","estrogen metabolic process","6/126","14/1399",0.428571428571429,4.75850340136054,4.44507133721341,0.000779155389549837,0.00927967241905977,0.00903262414024049,"CYP1A1/CYP19A1/CYP2C8/CYP2D6/CYP1B1/CYP1A2",6
"BP","GO:0045923","positive regulation of fatty acid metabolic process","6/126","14/1399",0.428571428571429,4.75850340136054,4.44507133721341,0.000779155389549837,0.00927967241905977,0.00903262414024049,"PTGS2/PPARG/PPARD/CPT1A/PPARA/IL1B",6
"BP","GO:2001239","regulation of extrinsic apoptotic signaling pathway in absence of ligand","6/126","14/1399",0.428571428571429,4.75850340136054,4.44507133721341,0.000779155389549837,0.00927967241905977,0.00903262414024049,"AKT1/MCL1/IL1B/TERT/TNF/BCL2",6
"BP","GO:0080135","regulation of cellular response to stress","19/126","99/1399",0.191919191919192,2.13091229757896,3.67112780592432,0.000781627324351231,0.00927967241905977,0.00903262414024049,"PTPN2/MAPK3/AKT1/PARP1/BAX/EP300/ALOX5/EGFR/PTPN1/PTGS2/GSK3B/GSTP1/HSPA5/NFE2L2/PCNA/MAP2K1/MMP14/BCL2/MAPK1",19
"BP","GO:0010557","positive regulation of macromolecule biosynthetic process","60/126","479/1399",0.125260960334029,1.39079431355005,3.31700965115868,0.000787750502357225,0.00931134913970492,0.00906345754670809,"MAP3K7/OCLN/VEGFA/TOP2A/CCL2/MAPK3/VDR/AKT1/IL2/HMOX1/JUN/PARP1/CDK1/AHR/NLRP3/SLC6A4/FGF2/EP300/EGFR/IL17A/NR1H4/PTGS2/GSK3B/NOS3/FOS/IL6/PIK3CG/KRAS/NOS2/PPARG/TLR9/CYP1B1/PPARD/IL10/SYK/ESRRA/GAPDH/LGALS9/PPARA/HSPA5/F3/IL1B/TLR2/TERT/FOXP3/NFKB1/TLR4/MET/NFE2L2/CXCL8/BRAF/ESR2/DNMT1/TNF/SERPINE1/RELA/MAP2K1/NR3C1/MMP14/MMP12",60
"BP","GO:0040011","locomotion","48/126","358/1399",0.134078212290503,1.48869380154296,3.37114657388153,0.000796825504789137,0.0093745335090871,0.00912495978885568,"TJP1/MAP3K7/PTPN2/VEGFA/PTK2/SELE/SELP/CCL2/MAPK3/AKT1/HMOX1/FGF2/EP300/MMP2/ALOX5/EGFR/PTPN1/RAC1/PTGS2/GSK3B/NOS3/IL6/PIK3CG/PPARG/KDR/CYP1B1/PPARD/IL10/SYK/GSTP1/LGALS9/HSPA5/F3/IL1B/IGF1R/TERT/MET/TACR1/LGALS3/NFE2L2/CXCL8/MMP9/TNF/SERPINE1/ICAM1/MAP2K1/MMP14/MAPK1",48
"BP","GO:0048659","smooth muscle cell proliferation","17/126","84/1399",0.202380952380952,2.24707105064248,3.70759784226737,0.000803480436921543,0.0093745335090871,0.00912495978885568,"MAP3K7/AKT1/HMOX1/JUN/FGF2/MMP2/IL6/PPARG/PPARD/IL10/GSTP1/ACE2/TERT/TACR1/MMP9/DNMT1/TNF",17
"BP","GO:0031667","response to nutrient levels","20/126","107/1399",0.186915887850467,2.07535973891114,3.64031580354531,0.000803531443636037,0.0093745335090871,0.00912495978885568,"CYP1A1/MAPK3/VDR/MPO/TYR/SLC6A4/EP300/PTPN1/NR1H4/FOS/PPARG/BCHE/PPARD/CPT1A/GSTP1/PPARA/HSPA5/NFE2L2/TNF/MAPK1",20
"BP","GO:0030073","insulin secretion","9/126","30/1399",0.3,3.33095238095238,4.05898046479887,0.000820820648216581,0.00953496399544692,0.00928111921113743,"ALOX5/RAC1/NR1H4/IL6/NOS2/PPARD/CPT1A/IL1B/TNF",9
"BP","GO:1902680","positive regulation of RNA biosynthetic process","37/126","254/1399",0.145669291338583,1.61739157605299,3.4205777852911,0.000847747451716784,0.00980549091148813,0.00954444401853038,"VEGFA/TOP2A/MAPK3/VDR/AKT1/JUN/PARP1/AHR/NLRP3/FGF2/EP300/EGFR/IL17A/NR1H4/FOS/IL6/PPARG/TLR9/PPARD/IL10/ESRRA/PPARA/HSPA5/IL1B/TLR2/TERT/FOXP3/NFKB1/TLR4/MET/NFE2L2/ESR2/TNF/RELA/MAP2K1/NR3C1/MMP12",37
"BP","GO:0009314","response to radiation","16/126","77/1399",0.207792207792208,2.30715316429602,3.71091297692476,0.00085392391601552,0.00983472202419583,0.00957289692531052,"AKT1/PARP1/TYR/EP300/MMP3/MMP2/EGFR/TOP1/FOS/MMP9/PCNA/TNF/MMP1/RELA/CASP3/BCL2",16
"BP","GO:0009416","response to light stimulus","12/126","49/1399",0.244897959183673,2.71914480077745,3.85272730053218,0.000861610879415412,0.00983915813569718,0.00957721493633789,"AKT1/PARP1/TYR/EP300/MMP3/MMP2/EGFR/FOS/MMP9/PCNA/MMP1/RELA",12
"BP","GO:0046883","regulation of hormone secretion","12/126","49/1399",0.244897959183673,2.71914480077745,3.85272730053218,0.000861610879415412,0.00983915813569718,0.00957721493633789,"CYP19A1/ALOX5/RAC1/NR1H4/IL6/NOS2/PPARG/PPARD/CPT1A/IL1B/TACR1/TNF",12
"BP","GO:1902532","negative regulation of intracellular signal transduction","26/126","157/1399",0.165605095541401,1.83874229097159,3.5078597904308,0.000894055057110258,0.0101665754384479,0.00989591556489499,"PTPN2/MAPK3/AKT1/PARP1/CHRNA7/NLRP3/FGF2/MMP3/PTPN1/NR1H4/PTGS2/GSK3B/PPARG/IL10/GSTP1/PPARA/HSPA5/IL1B/ACE2/IGF1R/TLR4/NFE2L2/MMP9/RELA/MAP2K1/BCL2",26
"BP","GO:0031347","regulation of defense response","42/126","302/1399",0.139072847682119,1.54415011037528,3.35848594947147,0.000922170316730401,0.0104422227041531,0.0101642244053327,"MAP3K7/PTPN2/SELE/MAPK3/AKT1/IL2/PARP1/AHR/NLRP3/EP300/MMP3/ALOX5/EGFR/IL17A/PTPN1/NR1H4/PTGS2/IL6/PPARG/TLR9/PPARD/CPT1A/IL10/SYK/GSTP1/LGALS9/PPARA/IL1B/TLR2/ACE2/FOXP3/NFKB1/TLR4/NFE2L2/MMP9/TNF/SNCA/SERPINE1/RELA/MMP12/CASP3/MAPK1",42
"BP","GO:0060135","maternal process involved in female pregnancy","5/126","10/1399",0.5,5.5515873015873,4.54293382511981,0.000954791489967328,0.0107663726588366,0.010479744670867,"VDR/PARP1/PPARD/LGALS9/ACE2",5
"BP","GO:0150076","neuroinflammatory response","11/126","43/1399",0.255813953488372,2.84034699150978,3.85503881371928,0.000964285737764305,0.010828125263645,0.010539853265624,"MAPK3/MMP3/PTGS2/IL6/TLR9/IL1B/MMP9/TNF/SNCA/NR3C1/MAPK1",11
"BP","GO:0071222","cellular response to lipopolysaccharide","18/126","93/1399",0.193548387096774,2.14900153609831,3.60674261761974,0.000980901784717659,0.0109690054349132,0.0106769828514987,"CCL2/NLRP3/MMP3/NR1H4/IL6/TLR9/PPARD/IL10/GSTP1/IL1B/TLR2/NFKB1/TLR4/CXCL8/MMP9/TNF/SERPINE1/RELA",18
"BP","GO:0007611","learning or memory","10/126","37/1399",0.27027027027027,3.000858000858,3.87929880737957,0.00104226985225005,0.0115593302543782,0.0112515917357444,"CHRNA7/SLC6A4/EP300/EGFR/FOS/BCHE/TLR2/TACR1/CASP3/MAPK1",10
"BP","GO:0090087","regulation of peptide transport","10/126","37/1399",0.27027027027027,3.000858000858,3.87929880737957,0.00104226985225005,0.0115593302543782,0.0112515917357444,"ALOX5/CA2/RAC1/NR1H4/IL6/NOS2/PPARD/CPT1A/IL1B/TNF",10
"BP","GO:0031960","response to corticosteroid","12/126","50/1399",0.24,2.6647619047619,3.77012554990705,0.00104754008058371,0.0115701660539881,0.0112621390590459,"PARP1/FOS/IL6/KRAS/BCHE/IL10/GSTP1/PCNA/TNF/MAP2K1/NR3C1/CASP3",12
"BP","GO:0016477","cell migration","50/126","382/1399",0.130890052356021,1.45329510512757,3.26796119428209,0.00106302438268985,0.0116932682095884,0.0113819639248577,"TJP1/MAP3K7/OCLN/VEGFA/PTK2/SELE/SELP/CCL2/MAPK3/AKT1/HMOX1/CDK1/FGF2/MMP2/ALOX5/EGFR/IL17A/PTPN1/RAC1/PTGS2/GSK3B/NOS3/IL6/PIK3CG/PPARG/KDR/CYP1B1/PPARD/IL10/SYK/GSTP1/LGALS9/HSPA5/F3/IL1B/IGF1R/TERT/MET/TACR1/LGALS3/NFE2L2/CXCL8/MMP9/TNF/SERPINE1/ICAM1/MAP2K1/MMP14/MMP12/MAPK1",50
"BP","GO:1904707","positive regulation of vascular associated smooth muscle cell proliferation","9/126","31/1399",0.290322580645161,3.22350230414747,3.93731388598744,0.00106957343986084,0.0117174813838414,0.0114055324833576,"MAP3K7/JUN/FGF2/MMP2/IL10/TERT/MMP9/DNMT1/TNF",9
"BP","GO:0051054","positive regulation of DNA metabolic process","13/126","57/1399",0.228070175438596,2.5323029796714,3.71475753636462,0.00108154591090852,0.0118006729955403,0.0114865093245826,"VEGFA/MAPK3/AKT1/PARP1/CDK1/BAX/FGF2/EGFR/IL6/PCNA/TNF/CASP3/MAPK1",13
"BP","GO:0000122","negative regulation of transcription by RNA polymerase II","22/126","126/1399",0.174603174603175,1.93864953388763,3.47375508879421,0.00114428770490287,0.0124349006641663,0.0121038522534421,"VEGFA/VDR/JUN/PARP1/TRPV1/EP300/NR1H4/PPARG/PPARD/ESRRA/GSTP1/PPARA/ACE2/FOXP3/NFKB1/ESR2/DNMT1/TNF/SNCA/RELA/NR3C1/MMP12",22
"BP","GO:0060341","regulation of cellular localization","16/126","79/1399",0.20253164556962,2.24874422342777,3.59355857882928,0.00114964541647828,0.0124350537513313,0.0121040012650407,"MAPK3/AKT1/CDK1/EP300/EGFR/PTPN1/RAC1/NR1H4/GSK3B/PPARD/IL1B/LGALS3/TNF/MAP2K1/MMP14/MAPK1",16
"BP","GO:0006508","proteolysis","20/126","110/1399",0.181818181818182,2.01875901875902,3.50078957294713,0.00116456149270425,0.0124350537513313,0.0121040012650407,"MMP13/AKT1/PARP1/MMP3/MMP2/LTA4H/PTPN1/F2/BCHE/IL10/F3/IL1B/ACE2/MMP9/TNF/MMP1/SERPINE1/MMP14/MMP12/CASP3",20
"BP","GO:0006692","prostanoid metabolic process","7/126","20/1399",0.35,3.88611111111111,4.08856181246855,0.00116737239298212,0.0124350537513313,0.0121040012650407,"PTGS1/GSTM1/AKR1B1/PTGS2/GSTP1/IL1B/CBR1",7
"BP","GO:0090594","inflammatory response to wounding","7/126","20/1399",0.35,3.88611111111111,4.08856181246855,0.00116737239298212,0.0124350537513313,0.0121040012650407,"HMOX1/ALOX5/IL17A/IL6/PPARG/TLR4/TNF",7
"BP","GO:1904375","regulation of protein localization to cell periphery","7/126","20/1399",0.35,3.88611111111111,4.08856181246855,0.00116737239298212,0.0124350537513313,0.0121040012650407,"AKT1/EGFR/LGALS3/TNF/SNCA/MAP2K1/MMP14",7
"BP","GO:0034405","response to fluid shear stress","6/126","15/1399",0.4,4.44126984126984,4.21425653863262,0.00120358530478394,0.0126705562359091,0.0123332340796511,"PTK2/AKT1/MMP2/PTPN1/NOS3/NFE2L2",6
"BP","GO:1902041","regulation of extrinsic apoptotic signaling pathway via death domain receptors","6/126","15/1399",0.4,4.44126984126984,4.21425653863262,0.00120358530478394,0.0126705562359091,0.0123332340796511,"HMOX1/GSK3B/NOS3/LGALS3/SERPINE1/ICAM1",6
"BP","GO:1904996","positive regulation of leukocyte adhesion to vascular endothelial cell","6/126","15/1399",0.4,4.44126984126984,4.21425653863262,0.00120358530478394,0.0126705562359091,0.0123332340796511,"SELE/SELP/ALOX5/IL6/TNF/RELA",6
"BP","GO:0023061","signal release","15/126","72/1399",0.208333333333333,2.31316137566138,3.598102602892,0.00121886133407003,0.0127814447288666,0.0124411704413169,"CYP19A1/SLC6A4/ALOX5/RAC1/NR1H4/IL6/NOS2/PPARG/PPARD/CPT1A/SYK/IL1B/TACR1/TNF/SNCA",15
"BP","GO:1903530","regulation of secretion by cell","19/126","103/1399",0.184466019417476,2.04815842194483,3.4759033834958,0.00130512950703637,0.0136330388428799,0.0132700929726903,"CYP19A1/ACHE/SLC6A4/ALOX5/RAC1/NR1H4/IL6/NOS2/PPARG/PPARD/CPT1A/SYK/LGALS9/IL1B/TLR2/TLR4/TACR1/TNF/SNCA",19
"BP","GO:0080164","regulation of nitric oxide metabolic process","8/126","26/1399",0.307692307692308,3.41636141636142,3.91145154200638,0.00134919354939227,0.0140389058517844,0.0136651547784097,"AKT1/CHRNA7/RAC1/PTGS2/IL10/IL1B/TLR4/TNF",8
"BP","GO:2000351","regulation of endothelial cell apoptotic process","9/126","32/1399",0.28125,3.12276785714286,3.82047965458018,0.00137617406320041,0.0142645734627889,0.0138848145485804,"CCL2/PTPN1/KDR/F3/TERT/NFE2L2/TNF/SERPINE1/ICAM1",9
"BP","GO:0032102","negative regulation of response to external stimulus","24/126","145/1399",0.16551724137931,1.83776683087028,3.35106653627487,0.00147443097332077,0.01522448840268,0.0148191741323119,"PTPN2/CCL2/PARP1/AHR/NLRP3/FGF2/ALOX5/IL17A/NR1H4/NOS3/PPARG/F2/PPARD/IL10/SYK/GSTP1/LGALS9/PPARA/IL1B/FOXP3/NFKB1/TNF/SERPINE1/MMP12",24
"BP","GO:0042176","regulation of protein catabolic process","14/126","66/1399",0.212121212121212,2.35521885521886,3.54724336369883,0.00148708245486187,0.015296516091041,0.0148892842619884,"PTK2/AKT1/NQO1/CDK1/ODC1/EGFR/GSK3B/NOS2/IL10/HSPA5/IL1B/NFE2L2/TNF/SNCA",14
"BP","GO:0046879","hormone secretion","12/126","52/1399",0.230769230769231,2.56227106227106,3.61076246226184,0.00152047535578972,0.0155805364405069,0.015165743273584,"CYP19A1/ALOX5/RAC1/NR1H4/IL6/NOS2/PPARG/PPARD/CPT1A/IL1B/TACR1/TNF",12
"BP","GO:0006954","inflammatory response","46/126","348/1399",0.132183908045977,1.46766101076446,3.16551287583898,0.00153820092177731,0.0157024677431434,0.0152844284574903,"MAP3K7/PTPN2/SELE/CCL2/MAPK3/IL2/HMOX1/CHRNA7/AHR/NLRP3/MMP3/ALOX5/IL17A/RAC1/NR1H4/PTGS2/FOS/IL6/PIK3CG/NOS2/PPARG/TLR9/F2/PPARD/IL10/SYK/GSTP1/LGALS9/PPARA/F3/IL1B/TLR2/ACE2/NFKB1/TLR4/TACR1/CXCL8/MMP9/TNF/LYZ/SNCA/SERPINE1/RELA/NR3C1/CASP3/MAPK1",46
"BP","GO:0045893","positive regulation of DNA-templated transcription","36/126","253/1399",0.142292490118577,1.57989836250706,3.20512144966546,0.00162311222836263,0.0160997869504307,0.0156711700256251,"VEGFA/MAPK3/VDR/AKT1/JUN/PARP1/AHR/NLRP3/FGF2/EP300/EGFR/IL17A/NR1H4/FOS/IL6/PPARG/TLR9/PPARD/IL10/ESRRA/PPARA/HSPA5/IL1B/TLR2/TERT/FOXP3/NFKB1/TLR4/MET/NFE2L2/ESR2/TNF/RELA/MAP2K1/NR3C1/MMP12",36
"BP","GO:0019373","epoxygenase P450 pathway","5/126","11/1399",0.454545454545455,5.04689754689755,4.23787824982385,0.00162491356234403,0.0160997869504307,0.0156711700256251,"CYP1A1/CYP2C8/CYP1B1/CYP2C19/CYP1A2",5
"BP","GO:0045577","regulation of B cell differentiation","5/126","11/1399",0.454545454545455,5.04689754689755,4.23787824982385,0.00162491356234403,0.0160997869504307,0.0156711700256251,"IL2/TLR9/IL10/SYK/MMP14",5
"BP","GO:0048009","insulin-like growth factor receptor signaling pathway","5/126","11/1399",0.454545454545455,5.04689754689755,4.23787824982385,0.00162491356234403,0.0160997869504307,0.0156711700256251,"MAPK3/AKT1/IGF1R/MAP2K1/MAPK1",5
"BP","GO:0071498","cellular response to fluid shear stress","5/126","11/1399",0.454545454545455,5.04689754689755,4.23787824982385,0.00162491356234403,0.0160997869504307,0.0156711700256251,"PTK2/AKT1/MMP2/PTPN1/NFE2L2",5
"BP","GO:0071605","monocyte chemotactic protein-1 production","5/126","11/1399",0.454545454545455,5.04689754689755,4.23787824982385,0.00162491356234403,0.0160997869504307,0.0156711700256251,"NR1H4/SYK/GSTP1/LGALS9/IL1B",5
"BP","GO:0071637","regulation of monocyte chemotactic protein-1 production","5/126","11/1399",0.454545454545455,5.04689754689755,4.23787824982385,0.00162491356234403,0.0160997869504307,0.0156711700256251,"NR1H4/SYK/GSTP1/LGALS9/IL1B",5
"BP","GO:1905523","positive regulation of macrophage migration","5/126","11/1399",0.454545454545455,5.04689754689755,4.23787824982385,0.00162491356234403,0.0160997869504307,0.0156711700256251,"PTK2/CCL2/MAPK3/MMP14/MAPK1",5
"BP","GO:0010506","regulation of autophagy","14/126","67/1399",0.208955223880597,2.32006633499171,3.48261688226928,0.00173669537186375,0.0169987815904061,0.0165462311614373,"MAP3K7/AKT1/MCL1/EP300/GSK3B/KDR/TLR9/IL10/GAPDH/MET/SNCA/MAP2K1/CASP3/BCL2",14
"BP","GO:0034976","response to endoplasmic reticulum stress","11/126","46/1399",0.239130434782609,2.65510697032436,3.58988669647063,0.00176546940216918,0.0169987815904061,0.0165462311614373,"PTPN2/AKT1/JUN/BAX/ALOX5/PTPN1/GSK3B/HSPA5/NFE2L2/CXCL8/BCL2",11
"BP","GO:0098754","detoxification","11/126","46/1399",0.239130434782609,2.65510697032436,3.58988669647063,0.00176546940216918,0.0169987815904061,0.0165462311614373,"PTGS1/ABCG2/NQO1/GSTM1/MPO/PTGS2/NOS3/GSTP1/ABCB1/NFE2L2/MUC2",11
"BP","GO:1904705","regulation of vascular associated smooth muscle cell proliferation","11/126","46/1399",0.239130434782609,2.65510697032436,3.58988669647063,0.00176546940216918,0.0169987815904061,0.0165462311614373,"MAP3K7/JUN/FGF2/MMP2/PPARG/IL10/GSTP1/TERT/MMP9/DNMT1/TNF",11
"BP","GO:0043467","regulation of generation of precursor metabolites and energy","8/126","27/1399",0.296296296296296,3.28982951205173,3.7786148865989,0.00177407670234651,0.0169987815904061,0.0165462311614373,"AKT1/CDK1/EP300/GSK3B/NOS2/PPARA/TNF/SNCA",8
"BP","GO:0006984","ER-nucleus signaling pathway","6/126","16/1399",0.375,4.16369047619048,4.00283367580215,0.00178502975513355,0.0169987815904061,0.0165462311614373,"PTPN2/AKT1/PTPN1/GSK3B/HSPA5/NFE2L2",6
"BP","GO:0061028","establishment of endothelial barrier","6/126","16/1399",0.375,4.16369047619048,4.00283367580215,0.00178502975513355,0.0169987815904061,0.0165462311614373,"TJP1/VEGFA/IL1B/FOXP3/TNF/ICAM1",6
"BP","GO:0070849","response to epidermal growth factor","6/126","16/1399",0.375,4.16369047619048,4.00283367580215,0.00178502975513355,0.0169987815904061,0.0165462311614373,"MAPK3/AKT1/EGFR/FOS/GSTP1/MAPK1",6
"BP","GO:1902894","negative regulation of miRNA transcription","6/126","16/1399",0.375,4.16369047619048,4.00283367580215,0.00178502975513355,0.0169987815904061,0.0165462311614373,"VEGFA/PPARG/PPARD/PPARA/TNF/RELA",6
"BP","GO:1904385","cellular response to angiotensin","6/126","16/1399",0.375,4.16369047619048,4.00283367580215,0.00178502975513355,0.0169987815904061,0.0165462311614373,"MAP3K7/PTPN1/CA2/NFKB1/NFE2L2/RELA",6
"BP","GO:2000629","negative regulation of miRNA metabolic process","6/126","16/1399",0.375,4.16369047619048,4.00283367580215,0.00178502975513355,0.0169987815904061,0.0165462311614373,"VEGFA/PPARG/PPARD/PPARA/TNF/RELA",6
"BP","GO:0009914","hormone transport","12/126","53/1399",0.226415094339623,2.51392632524708,3.53382307429857,0.00181618019286051,0.017054374981739,0.0166003445165123,"CYP19A1/ALOX5/RAC1/NR1H4/IL6/NOS2/PPARG/PPARD/CPT1A/IL1B/TACR1/TNF",12
"BP","GO:0032869","cellular response to insulin stimulus","12/126","53/1399",0.226415094339623,2.51392632524708,3.53382307429857,0.00181618019286051,0.017054374981739,0.0166003445165123,"PTPN2/MAPK3/AKT1/PARP1/PTPN1/NR1H4/GSK3B/PPARG/GSTP1/IL1B/IGF1R/MAPK1",12
"BP","GO:0034614","cellular response to reactive oxygen species","12/126","53/1399",0.226415094339623,2.51392632524708,3.53382307429857,0.00181618019286051,0.017054374981739,0.0166003445165123,"AKT1/NQO1/CDK1/MMP3/NOS3/FOS/IL6/CYP1B1/MET/NFE2L2/PCNA/RELA",12
"BP","GO:0048661","positive regulation of smooth muscle cell proliferation","12/126","53/1399",0.226415094339623,2.51392632524708,3.53382307429857,0.00181618019286051,0.017054374981739,0.0166003445165123,"MAP3K7/AKT1/HMOX1/JUN/FGF2/MMP2/IL6/IL10/TERT/MMP9/DNMT1/TNF",12
"BP","GO:0055085","transmembrane transport","28/126","182/1399",0.153846153846154,1.70818070818071,3.22150754711155,0.00185566253143734,0.017317139934284,0.0168561140034493,"ABCG2/OCLN/SLC5A1/VDR/AKT1/BAX/CHRNA7/TRPV1/SLC6A4/MCL1/FGF2/SLC22A1/SLC2A1/CA2/TLR9/F2/PPARD/CPT1A/HSPA5/IL1B/ACE2/ABCB1/NFE2L2/MMP9/BRAF/TNF/SNCA/BCL2",28
"BP","GO:0070371","ERK1 and ERK2 cascade","20/126","114/1399",0.175438596491228,1.947925368978,3.32123544798097,0.00185701426382489,0.017317139934284,0.0168561140034493,"PTPN2/VEGFA/MAPK3/CDK1/CHRNA7/FGF2/EGFR/PTPN1/KDR/SYK/GSTP1/LGALS9/IL1B/ACE2/TLR4/BRAF/TNF/ICAM1/MAP2K1/MAPK1",20
"BP","GO:0033036","macromolecule localization","43/126","322/1399",0.133540372670807,1.48272207433698,3.10485912315622,0.00192073724824318,0.0178496099448806,0.0173744083197218,"ABCG2/TJP1/CYP19A1/OCLN/PTPN2/VEGFA/MAPK3/AKT1/ACHE/PARP1/CDK1/MCL1/SLC22A1/EP300/SLC2A1/ALOX5/EGFR/PTPN1/RAC1/NR1H4/GSK3B/IL6/NOS2/PPARG/F2/PPARD/CPT1A/SYK/PPARA/HSPA5/IL1B/TLR2/ABCB1/TERT/NFKB1/TLR4/LGALS3/TNF/SNCA/MAP2K1/MMP14/MMP12/CASP3",43
"BP","GO:0045184","establishment of protein localization","26/126","165/1399",0.157575757575758,1.74959114959115,3.2242855645746,0.00194515086531951,0.0180143696977185,0.0175347817524916,"AKT1/ACHE/PARP1/CDK1/MCL1/EP300/ALOX5/EGFR/PTPN1/RAC1/NR1H4/GSK3B/IL6/NOS2/PPARG/PPARD/CPT1A/SYK/HSPA5/IL1B/TLR2/TERT/TLR4/BRAF/TNF/MMP12",26
"BP","GO:0009611","response to wounding","27/126","174/1399",0.155172413793103,1.72290640394089,3.20489132992513,0.00199294686783182,0.0183938075644067,0.0179041180264025,"OCLN/VEGFA/PTK2/SELP/HMOX1/CDK1/SLC6A4/FGF2/MMP2/ALOX5/IL17A/RAC1/NOS3/IL6/PIK3CG/PPARG/KDR/F2/IL10/SYK/F3/TLR4/NFE2L2/TNF/SERPINE1/MAP2K1/MMP12",27
"BP","GO:0042063","gliogenesis","13/126","61/1399",0.213114754098361,2.36625032526672,3.43156157041658,0.00211350931998271,0.0194399577384075,0.0189224170448665,"CCL2/MAPK3/CDK1/IL6/F2/GSTP1/IL1B/TLR2/TNF/MAP2K1/NR3C1/MMP14/MAPK1",13
"BP","GO:1990874","vascular associated smooth muscle cell proliferation","11/126","47/1399",0.234042553191489,2.59861533265789,3.50613967872231,0.00213028234033491,0.0194729341765612,0.0189545155670853,"MAP3K7/JUN/FGF2/MMP2/PPARG/IL10/GSTP1/TERT/MMP9/DNMT1/TNF",11
"BP","GO:1902533","positive regulation of intracellular signal transduction","39/126","285/1399",0.136842105263158,1.51938178780284,3.09023287207772,0.00213154567053267,0.0194729341765612,0.0189545155670853,"MAP3K7/PTPN2/VEGFA/PTK2/SELP/MAPK3/VDR/AKT1/NR3C2/HMOX1/PARP1/BAX/CHRNA7/NLRP3/MCL1/FGF2/EP300/MMP2/EGFR/PTPN1/RAC1/IL6/PIK3CG/KRAS/KDR/TLR9/SYK/GAPDH/LGALS9/F3/IL1B/TLR2/IGF1R/TLR4/BRAF/TNF/RELA/ICAM1/MAP2K1",39
"BP","GO:0048870","cell motility","50/126","393/1399",0.127226463104326,1.41261763399168,3.03367970152054,0.00214858616901602,0.0195622963699263,0.0190414987135331,"TJP1/MAP3K7/OCLN/VEGFA/PTK2/SELE/SELP/CCL2/MAPK3/AKT1/HMOX1/CDK1/FGF2/MMP2/ALOX5/EGFR/IL17A/PTPN1/RAC1/PTGS2/GSK3B/NOS3/IL6/PIK3CG/PPARG/KDR/CYP1B1/PPARD/IL10/SYK/GSTP1/LGALS9/HSPA5/F3/IL1B/IGF1R/TERT/MET/TACR1/LGALS3/NFE2L2/CXCL8/MMP9/TNF/SERPINE1/ICAM1/MAP2K1/MMP14/MMP12/MAPK1",50
"BP","GO:0008202","steroid metabolic process","15/126","76/1399",0.197368421052632,2.19141604010025,3.35903843526839,0.00218221947023583,0.0195871056833811,0.0190656475405062,"CYP1A1/CYP19A1/VDR/CYP2C8/CYP2D6/AKR1B1/NR1H4/CYP1B1/CYP2C19/PPARD/CBR1/NFKB1/CYP1A2/TNF/MAPK1",15
"BP","GO:0008286","insulin receptor signaling pathway","9/126","34/1399",0.264705882352941,2.9390756302521,3.59991741299392,0.00220115476387703,0.0195871056833811,0.0190656475405062,"PTPN2/MAPK3/AKT1/PTPN1/NR1H4/GSK3B/IL1B/IGF1R/MAPK1",9
"BP","GO:0010821","regulation of mitochondrion organization","7/126","22/1399",0.318181818181818,3.53282828282828,3.76595194381636,0.00220218665011669,0.0195871056833811,0.0190656475405062,"AKT1/BAX/EP300/GSK3B/PPARG/KDR/MMP9",7
"BP","GO:0031100","animal organ regeneration","7/126","22/1399",0.318181818181818,3.53282828282828,3.76595194381636,0.00220218665011669,0.0195871056833811,0.0190656475405062,"TOP1/IL6/CPT1A/IL10/GSTP1/PCNA/TNF",7
"BP","GO:0042752","regulation of circadian rhythm","7/126","22/1399",0.318181818181818,3.53282828282828,3.76595194381636,0.00220218665011669,0.0195871056833811,0.0190656475405062,"TOP2A/PARP1/CDK1/ADA/GSK3B/PPARG/PPARA",7
"BP","GO:0046889","positive regulation of lipid biosynthetic process","7/126","22/1399",0.318181818181818,3.53282828282828,3.76595194381636,0.00220218665011669,0.0195871056833811,0.0190656475405062,"AKT1/NR1H4/PTGS2/PPARA/IL1B/TNF/MAPK1",7
"BP","GO:1905517","macrophage migration","7/126","22/1399",0.318181818181818,3.53282828282828,3.76595194381636,0.00220218665011669,0.0195871056833811,0.0190656475405062,"PTK2/CCL2/MAPK3/MMP2/LGALS3/MMP14/MAPK1",7
"BP","GO:0045765","regulation of angiogenesis","21/126","124/1399",0.169354838709677,1.88037634408602,3.2296002578698,0.00225665149843191,0.0200055124614276,0.0194729152750935,"TJP1/VEGFA/HMOX1/CHRNA7/FGF2/ALOX5/NOS3/IL6/PIK3CG/PPARG/KDR/CYP1B1/IL10/F3/IL1B/TERT/NFE2L2/CXCL8/TNF/SERPINE1/RELA",21
"BP","GO:0006869","lipid transport","16/126","84/1399",0.19047619047619,2.11489040060469,3.31461887557808,0.00229034154937968,0.02023760811665,0.0196988319587364,"ABCG2/CYP19A1/MAPK3/AKT1/SLC22A1/SLC2A1/NR1H4/NOS2/PPARG/PPARD/CPT1A/SYK/PPARA/IL1B/ABCB1/NFKB1",16
"BP","GO:0050918","positive chemotaxis","8/126","28/1399",0.285714285714286,3.17233560090703,3.65184103442577,0.00229833668021548,0.0202418867751003,0.01970299670851,"VEGFA/CCL2/FGF2/KDR/F3/MET/LGALS3/CXCL8",8
"BP","GO:0071705","nitrogen compound transport","17/126","92/1399",0.184782608695652,2.05167356797792,3.28217501470063,0.00235117959161671,0.02063983387429,0.0200903494524816,"ABCG2/SLC6A4/SLC22A1/ALOX5/CA2/RAC1/NR1H4/IL6/NOS2/PPARD/CPT1A/SYK/IL1B/ACE2/ABCB1/TNF/SNCA",17
"BP","GO:0006629","lipid metabolic process","28/126","185/1399",0.151351351351351,1.68048048048048,3.12476131457969,0.00240741820556867,0.0210649092987259,0.0205041082972761,"PTGS1/ABCG2/CYP1A1/CYP19A1/VDR/CYP2C8/AKT1/GSTM1/CYP2D6/LTA4H/ALOX5/AKR1B1/NR1H4/PTGS2/PIK3CG/PPARG/CYP1B1/CYP2C19/PPARD/CPT1A/GSTP1/PPARA/IL1B/CBR1/NFKB1/CYP1A2/TNF/MAPK1",28
"BP","GO:0002690","positive regulation of leukocyte chemotaxis","10/126","41/1399",0.24390243902439,2.70809136662795,3.49122466718757,0.00245026181725574,0.0212329761977628,0.020667700831674,"VEGFA/PTK2/CCL2/MAPK3/RAC1/IL6/LGALS9/CXCL8/SERPINE1/MAPK1",10
"BP","GO:0010001","glial cell differentiation","10/126","41/1399",0.24390243902439,2.70809136662795,3.49122466718757,0.00245026181725574,0.0212329761977628,0.020667700831674,"MAPK3/CDK1/IL6/F2/GSTP1/TLR2/TNF/MAP2K1/NR3C1/MAPK1",10
"BP","GO:0071383","cellular response to steroid hormone stimulus","10/126","41/1399",0.24390243902439,2.70809136662795,3.49122466718757,0.00245026181725574,0.0212329761977628,0.020667700831674,"VDR/NR3C2/PARP1/EP300/PPARD/ESRRA/GSTP1/PPARA/ESR2/NR3C1",10
"BP","GO:0032637","interleukin-8 production","13/126","62/1399",0.209677419354839,2.32808499743984,3.36419118342662,0.00247077575656069,0.0212739318336456,0.0207075661252585,"IL6/NOS2/TLR9/IL10/SYK/LGALS9/F3/IL1B/TLR2/TLR4/TNF/SERPINE1/RELA",13
"BP","GO:0032677","regulation of interleukin-8 production","13/126","62/1399",0.209677419354839,2.32808499743984,3.36419118342662,0.00247077575656069,0.0212739318336456,0.0207075661252585,"IL6/NOS2/TLR9/IL10/SYK/LGALS9/F3/IL1B/TLR2/TLR4/TNF/SERPINE1/RELA",13
"BP","GO:0071495","cellular response to endogenous stimulus","38/126","278/1399",0.136690647482014,1.51770012561379,3.03265158824708,0.00254513205598623,0.0213379276974279,0.0207698582577791,"MAP3K7/PTPN2/VEGFA/PTK2/CCL2/MAPK3/VDR/AKT1/NR3C2/JUN/PARP1/FGF2/EP300/EGFR/PTPN1/CA2/NR1H4/GSK3B/TOP1/FOS/PPARG/KDR/PPARD/ESRRA/GSTP1/PPARA/IL1B/IGF1R/NFKB1/TLR4/NFE2L2/CXCL8/ESR2/SNCA/RELA/NR3C1/CASP3/MAPK1",38
"BP","GO:0042391","regulation of membrane potential","12/126","55/1399",0.218181818181818,2.42251082251082,3.38502551076185,0.00255029247256129,0.0213379276974279,0.0207698582577791,"AKT1/PARP1/BAX/CHRNA7/TRPV1/SLC6A4/GSK3B/KDR/MET/TACR1/TNF/BCL2",12
"BP","GO:0070555","response to interleukin-1","11/126","48/1399",0.229166666666667,2.54447751322751,3.42451592541887,0.00255427601161304,0.0213379276974279,0.0207698582577791,"MAP3K7/SELE/CCL2/MAPK3/MMP2/IL6/LGALS9/IL1B/CXCL8/SNCA/RELA",11
"BP","GO:0001523","retinoid metabolic process","6/126","17/1399",0.352941176470588,3.9187675070028,3.80797947136636,0.00255738428432995,0.0213379276974279,0.0207698582577791,"CYP1A1/CYP2C8/CYP2D6/AKR1B1/CYP1B1/CYP1A2",6
"BP","GO:0048246","macrophage chemotaxis","6/126","17/1399",0.352941176470588,3.9187675070028,3.80797947136636,0.00255738428432995,0.0213379276974279,0.0207698582577791,"PTK2/CCL2/MAPK3/MMP2/LGALS3/MAPK1",6
"BP","GO:0098704","carbohydrate import across plasma membrane","6/126","17/1399",0.352941176470588,3.9187675070028,3.80797947136636,0.00255738428432995,0.0213379276974279,0.0207698582577791,"OCLN/SLC5A1/AKT1/SLC2A1/NFE2L2/TNF",6
"BP","GO:0098708","D-glucose import across plasma membrane","6/126","17/1399",0.352941176470588,3.9187675070028,3.80797947136636,0.00255738428432995,0.0213379276974279,0.0207698582577791,"OCLN/SLC5A1/AKT1/SLC2A1/NFE2L2/TNF",6
"BP","GO:0120193","tight junction organization","6/126","17/1399",0.352941176470588,3.9187675070028,3.80797947136636,0.00255738428432995,0.0213379276974279,0.0207698582577791,"TJP1/OCLN/IL17A/RAC1/IL1B/TNF",6
"BP","GO:0140271","hexose import across plasma membrane","6/126","17/1399",0.352941176470588,3.9187675070028,3.80797947136636,0.00255738428432995,0.0213379276974279,0.0207698582577791,"OCLN/SLC5A1/AKT1/SLC2A1/NFE2L2/TNF",6
"BP","GO:1905039","carboxylic acid transmembrane transport","6/126","17/1399",0.352941176470588,3.9187675070028,3.80797947136636,0.00255738428432995,0.0213379276974279,0.0207698582577791,"AKT1/SLC2A1/CPT1A/ACE2/ABCB1/TNF",6
"BP","GO:0060079","excitatory postsynaptic potential","5/126","12/1399",0.416666666666667,4.62632275132275,3.96774272152456,0.00258616215463654,0.021379469345845,0.0208102939627666,"AKT1/CHRNA7/TRPV1/GSK3B/MET",5
"BP","GO:1902042","negative regulation of extrinsic apoptotic signaling pathway via death domain receptors","5/126","12/1399",0.416666666666667,4.62632275132275,3.96774272152456,0.00258616215463654,0.021379469345845,0.0208102939627666,"HMOX1/GSK3B/NOS3/SERPINE1/ICAM1",5
"BP","GO:1904377","positive regulation of protein localization to cell periphery","5/126","12/1399",0.416666666666667,4.62632275132275,3.96774272152456,0.00258616215463654,0.021379469345845,0.0208102939627666,"AKT1/EGFR/LGALS3/TNF/SNCA",5
"BP","GO:0072359","circulatory system development","37/126","269/1399",0.137546468401487,1.52720245471175,3.02579149914299,0.00263600093578416,0.0217248395166309,0.021146469508743,"TJP1/VEGFA/PTK2/CCL2/AKT1/HMOX1/CDK1/CHRNA7/AHR/FGF2/MMP2/ALOX5/EGFR/RAC1/PTGS2/GSK3B/NOS3/IL6/PIK3CG/KRAS/PPARG/KDR/CYP1B1/PPARD/IL10/SYK/PPARA/F3/IL1B/TERT/NFE2L2/CXCL8/PCNA/TNF/SERPINE1/RELA/MMP14",37
"BP","GO:0010562","positive regulation of phosphorus metabolic process","17/126","93/1399",0.182795698924731,2.02961256187063,3.23197784325477,0.00265768910105466,0.0217704319980009,0.0211908482032959,"MAP3K7/VEGFA/AKT1/FGF2/EGFR/RAC1/NR1H4/IL6/PIK3CG/KDR/IL10/PPARA/MMP9/BRAF/SNCA/MAP2K1/MAPK1",17
"BP","GO:0045937","positive regulation of phosphate metabolic process","17/126","93/1399",0.182795698924731,2.02961256187063,3.23197784325477,0.00265768910105466,0.0217704319980009,0.0211908482032959,"MAP3K7/VEGFA/AKT1/FGF2/EGFR/RAC1/NR1H4/IL6/PIK3CG/KDR/IL10/PPARA/MMP9/BRAF/SNCA/MAP2K1/MAPK1",17
"BP","GO:0090276","regulation of peptide hormone secretion","9/126","35/1399",0.257142857142857,2.85510204081633,3.49558040874962,0.00274057401504154,0.0223813544561726,0.0217855063651683,"ALOX5/RAC1/NR1H4/IL6/NOS2/PPARD/CPT1A/IL1B/TNF",9
"BP","GO:0034599","cellular response to oxidative stress","15/126","78/1399",0.192307692307692,2.13522588522589,3.24491133312324,0.00286337797848097,0.0231395433136104,0.022523510323421,"AKT1/NQO1/PARP1/CDK1/MMP3/ALOX5/NOS3/FOS/IL6/CYP1B1/MET/NFE2L2/PCNA/SNCA/RELA",15
"BP","GO:0009306","protein secretion","13/126","63/1399",0.206349206349206,2.29113126732174,3.29808694662525,0.00287634397404805,0.0231395433136104,0.022523510323421,"ACHE/ALOX5/RAC1/NR1H4/IL6/NOS2/PPARG/PPARD/CPT1A/IL1B/TLR2/TLR4/TNF",13
"BP","GO:0009612","response to mechanical stimulus","13/126","63/1399",0.206349206349206,2.29113126732174,3.29808694662525,0.00287634397404805,0.0231395433136104,0.022523510323421,"PTK2/MAPK3/MPO/FGF2/MMP2/SLC2A1/FOS/IL1B/NFKB1/TLR4/TACR1/TNF/MMP14",13
"BP","GO:0035592","establishment of protein localization to extracellular region","13/126","63/1399",0.206349206349206,2.29113126732174,3.29808694662525,0.00287634397404805,0.0231395433136104,0.022523510323421,"ACHE/ALOX5/RAC1/NR1H4/IL6/NOS2/PPARG/PPARD/CPT1A/IL1B/TLR2/TLR4/TNF",13
"BP","GO:0071692","protein localization to extracellular region","13/126","63/1399",0.206349206349206,2.29113126732174,3.29808694662525,0.00287634397404805,0.0231395433136104,0.022523510323421,"ACHE/ALOX5/RAC1/NR1H4/IL6/NOS2/PPARG/PPARD/CPT1A/IL1B/TLR2/TLR4/TNF",13
"BP","GO:0006720","isoprenoid metabolic process","7/126","23/1399",0.304347826086957,3.3792270531401,3.61838893667613,0.00293173308922356,0.0231453764082086,0.0225291881263326,"CYP1A1/CYP2C8/CYP2D6/AKR1B1/CYP1B1/CYP2C19/CYP1A2",7
"BP","GO:0006721","terpenoid metabolic process","7/126","23/1399",0.304347826086957,3.3792270531401,3.61838893667613,0.00293173308922356,0.0231453764082086,0.0225291881263326,"CYP1A1/CYP2C8/CYP2D6/AKR1B1/CYP1B1/CYP2C19/CYP1A2",7
"BP","GO:0010507","negative regulation of autophagy","7/126","23/1399",0.304347826086957,3.3792270531401,3.61838893667613,0.00293173308922356,0.0231453764082086,0.0225291881263326,"AKT1/MCL1/EP300/IL10/MET/SNCA/BCL2",7
"BP","GO:0010883","regulation of lipid storage","7/126","23/1399",0.304347826086957,3.3792270531401,3.61838893667613,0.00293173308922356,0.0231453764082086,0.0225291881263326,"PTPN2/IL6/PPARG/PPARD/PPARA/NFKB1/TNF",7
"BP","GO:0001101","response to acid chemical","8/126","29/1399",0.275862068965517,3.06294471811713,3.53061987695317,0.0029371869133979,0.0231453764082086,0.0225291881263326,"VEGFA/EP300/EGFR/GSTP1/NFE2L2/PCNA/TNF/CASP3",8
"BP","GO:0030162","regulation of proteolysis","8/126","29/1399",0.275862068965517,3.06294471811713,3.53061987695317,0.0029371869133979,0.0231453764082086,0.0225291881263326,"AKT1/PTPN1/F2/IL10/IL1B/TNF/SERPINE1/MMP14",8
"BP","GO:1905953","negative regulation of lipid localization","8/126","29/1399",0.275862068965517,3.06294471811713,3.53061987695317,0.0029371869133979,0.0231453764082086,0.0225291881263326,"PTPN2/MAPK3/AKT1/IL6/PPARG/PPARD/PPARA/TNF",8
"BP","GO:0032355","response to estradiol","10/126","42/1399",0.238095238095238,2.64361300075586,3.40140969796552,0.00297331367964158,0.023293838275099,0.0226736975639745,"CYP19A1/SLC6A4/MMP2/EGFR/IL10/GSTP1/TACR1/PCNA/ESR2/CASP3",10
"BP","GO:0097237","cellular response to toxic substance","10/126","42/1399",0.238095238095238,2.64361300075586,3.40140969796552,0.00297331367964158,0.023293838275099,0.0226736975639745,"PTGS1/ABCG2/NQO1/GSTM1/MPO/PTGS2/NOS3/GSTP1/NFE2L2/TNF",10
"BP","GO:0042180","ketone metabolic process","11/126","49/1399",0.224489795918367,2.49254940071267,3.34491069101226,0.00304425802356499,0.0237805083290077,0.0231474112338923,"AKT1/NQO1/AKR1B1/NR1H4/PTGS2/PPARG/PPARD/CPT1A/PPARA/IL1B/CBR1",11
"BP","GO:0030155","regulation of cell adhesion","35/126","253/1399",0.138339920948617,1.53601229688186,2.96256140919797,0.00323559580661154,0.0252021118462951,0.0245311680809257,"TJP1/PTPN2/VEGFA/PTK2/SELE/SELP/CCL2/AKT1/IL2/NLRP3/EP300/MMP2/ADA/ALOX5/PTPN1/RAC1/GSK3B/IL6/PIK3CG/KDR/CYP1B1/IL10/SYK/LGALS9/PPARA/IL1B/FOXP3/LGALS3/CXCL8/TNF/SERPINE1/RELA/MAP2K1/MMP14/MMP12",35
"BP","GO:0030163","protein catabolic process","19/126","111/1399",0.171171171171171,1.9005434005434,3.10980288589341,0.00328430970008447,0.0255078231750076,0.0248287406032059,"PTK2/AKT1/NQO1/CDK1/ODC1/MMP3/MMP2/EGFR/GSK3B/NOS2/IL10/HSPA5/IL1B/NFE2L2/TNF/SNCA/MMP14/MMP12/CASP3",19
"BP","GO:0002791","regulation of peptide secretion","9/126","36/1399",0.25,2.77579365079365,3.39484912332801,0.00337984177916328,0.0261743494104742,0.0254775222296148,"ALOX5/RAC1/NR1H4/IL6/NOS2/PPARD/CPT1A/IL1B/TNF",9
"BP","GO:0051094","positive regulation of developmental process","39/126","292/1399",0.133561643835616,1.48295825179387,2.9177754276856,0.00343782965716083,0.026547137323921,0.0258403855888077,"TJP1/VEGFA/PTK2/VDR/AKT1/IL2/HMOX1/PARP1/CDK1/CHRNA7/NLRP3/FGF2/EP300/ALOX5/IL17A/RAC1/NR1H4/PTGS2/GSK3B/NOS3/IL6/PPARG/KDR/TLR9/CYP1B1/PPARD/IL10/SYK/LGALS9/F3/IL1B/TERT/FOXP3/NFKB1/NFE2L2/CXCL8/TNF/SERPINE1/MMP14",39
"BP","GO:1903532","positive regulation of secretion by cell","12/126","57/1399",0.210526315789474,2.3375104427736,3.24252257104212,0.00351079795844667,0.0269996925315266,0.0262808926356528,"CYP19A1/ACHE/SLC6A4/RAC1/NR1H4/PPARG/PPARD/IL1B/TLR2/TLR4/TACR1/SNCA",12
"BP","GO:0008585","female gonad development","6/126","18/1399",0.333333333333333,3.7010582010582,3.62742140963542,0.00355654576945898,0.0269996925315266,0.0262808926356528,"CYP19A1/VEGFA/MMP2/RAC1/MMP14/CASP3",6
"BP","GO:0010827","regulation of D-glucose transmembrane transport","6/126","18/1399",0.333333333333333,3.7010582010582,3.62742140963542,0.00355654576945898,0.0269996925315266,0.0262808926356528,"OCLN/AKT1/IL1B/NFE2L2/BRAF/TNF",6
"BP","GO:0032890","regulation of organic acid transport","6/126","18/1399",0.333333333333333,3.7010582010582,3.62742140963542,0.00355654576945898,0.0269996925315266,0.0262808926356528,"AKT1/SYK/PPARA/IL1B/ACE2/TNF",6
"BP","GO:0046545","development of primary female sexual characteristics","6/126","18/1399",0.333333333333333,3.7010582010582,3.62742140963542,0.00355654576945898,0.0269996925315266,0.0262808926356528,"CYP19A1/VEGFA/MMP2/RAC1/MMP14/CASP3",6
"BP","GO:0048008","platelet-derived growth factor receptor signaling pathway","6/126","18/1399",0.333333333333333,3.7010582010582,3.62742140963542,0.00355654576945898,0.0269996925315266,0.0262808926356528,"PTPN2/VEGFA/PTPN1/F3/IL1B/SNCA",6
"BP","GO:0008283","cell population proliferation","55/126","453/1399",0.121412803532009,1.34806755667683,2.83329459999026,0.00362516903954137,0.0274203386244011,0.0266903400688609,"TJP1/MAP3K7/PTPN2/VEGFA/PTK2/CCL2/MAPK3/VDR/AKT1/IL2/HMOX1/JUN/CDK1/CHRNA7/AHR/SLC6A4/FGF2/MMP2/ALOX5/EGFR/IL17A/PTPN1/NOS3/FOS/IL6/PIK3CG/KRAS/PPARG/KDR/TLR9/CYP1B1/BCHE/PPARD/IL10/GSTP1/LGALS9/F3/IL1B/ACE2/ABCB1/IGF1R/TERT/FOXP3/TACR1/LGALS3/CXCL8/MMP9/DNMT1/TNF/RELA/MAP2K1/MMP14/MMP12/BCL2/MAPK1",55
"BP","GO:0098657","import into cell","27/126","181/1399",0.149171270718232,1.65627466456196,2.97595211188162,0.00363819374429718,0.0274203386244011,0.0266903400688609,"OCLN/VEGFA/PTK2/SELE/SLC5A1/CCL2/MAPK3/AKT1/TRPV1/SLC6A4/SLC22A1/SLC2A1/PTPN1/RAC1/PIK3CG/NOS2/SYK/TLR2/ACE2/TLR4/LGALS3/NFE2L2/CXCL8/TNF/SNCA/SERPINE1/MAPK1",27
"BP","GO:0001525","angiogenesis","28/126","190/1399",0.147368421052632,1.63625730994152,2.96702421965238,0.00364247911967926,0.0274203386244011,0.0266903400688609,"TJP1/VEGFA/PTK2/CCL2/AKT1/HMOX1/CHRNA7/FGF2/MMP2/ALOX5/PTGS2/NOS3/IL6/PIK3CG/PPARG/KDR/CYP1B1/IL10/SYK/F3/IL1B/TERT/NFE2L2/CXCL8/TNF/SERPINE1/RELA/MMP14",28
"BP","GO:0014074","response to purine-containing compound","8/126","30/1399",0.266666666666667,2.96084656084656,3.41450042050723,0.00370677464619111,0.0277125900487875,0.0269748110234077,"AHR/TRPV1/TYR/SLC6A4/ADA/TOP1/FOS/NT5E",8
"BP","GO:0045446","endothelial cell differentiation","8/126","30/1399",0.266666666666667,2.96084656084656,3.41450042050723,0.00370677464619111,0.0277125900487875,0.0269748110234077,"TJP1/VEGFA/KDR/IL1B/FOXP3/MET/TNF/ICAM1",8
"BP","GO:0045766","positive regulation of angiogenesis","15/126","80/1399",0.1875,2.08184523809524,3.13409668429047,0.00371215028111773,0.0277125900487875,0.0269748110234077,"TJP1/VEGFA/HMOX1/CHRNA7/FGF2/NOS3/KDR/CYP1B1/IL10/F3/IL1B/TERT/NFE2L2/CXCL8/SERPINE1",15
"BP","GO:0070372","regulation of ERK1 and ERK2 cascade","18/126","104/1399",0.173076923076923,1.9217032967033,3.07254026357805,0.00373911487220624,0.0278367806093807,0.027095695318127,"PTPN2/VEGFA/MAPK3/CHRNA7/FGF2/EGFR/PTPN1/KDR/SYK/GSTP1/LGALS9/IL1B/ACE2/TLR4/BRAF/TNF/ICAM1/MAP2K1",18
"BP","GO:0051174","regulation of phosphorus metabolic process","21/126","129/1399",0.162790697674419,1.80749354005168,3.02730869150778,0.00375040648386937,0.0278439269256968,0.0271026513814831,"MAP3K7/PTPN2/VEGFA/AKT1/PARP1/FGF2/EP300/EGFR/PTPN1/RAC1/NR1H4/IL6/PIK3CG/KDR/IL10/PPARA/MMP9/BRAF/SNCA/MAP2K1/MAPK1",21
"BP","GO:0051240","positive regulation of multicellular organismal process","55/126","454/1399",0.121145374449339,1.34509824487798,2.81371061594044,0.00383143075718728,0.0282268507363626,0.027475380794753,"TJP1/MAP3K7/CYP19A1/VEGFA/PTK2/SELP/CCL2/VDR/AKT1/IL2/ACHE/HMOX1/PARP1/CDK1/CHRNA7/NLRP3/FGF2/EP300/ALOX5/IL17A/PTPN1/NR1H4/PTGS2/GSK3B/NOS3/IL6/PIK3CG/NOS2/PPARG/KDR/TLR9/F2/CYP1B1/IL10/SYK/GAPDH/LGALS9/F3/IL1B/TLR2/ACE2/IGF1R/TERT/FOXP3/TLR4/TACR1/NFE2L2/CXCL8/TNF/SERPINE1/RELA/MAP2K1/MMP14/MMP12/BCL2",55
"BP","GO:0046456","icosanoid biosynthetic process","7/126","24/1399",0.291666666666667,3.23842592592593,3.47873747328304,0.00383340533191418,0.0282268507363626,0.027475380794753,"PTGS1/CYP2C8/LTA4H/ALOX5/PTGS2/IL1B/CBR1",7
"BP","GO:1905897","regulation of response to endoplasmic reticulum stress","7/126","24/1399",0.291666666666667,3.23842592592593,3.47873747328304,0.00383340533191418,0.0282268507363626,0.027475380794753,"PTPN2/AKT1/BAX/ALOX5/PTPN1/HSPA5/NFE2L2",7
"BP","GO:0061042","vascular wound healing","5/126","13/1399",0.384615384615385,4.27045177045177,3.72582511959308,0.003902248006665,0.0285776042879407,0.0278167964023505,"VEGFA/ALOX5/KDR/TNF/SERPINE1",5
"BP","GO:0097421","liver regeneration","5/126","13/1399",0.384615384615385,4.27045177045177,3.72582511959308,0.003902248006665,0.0285776042879407,0.0278167964023505,"IL6/CPT1A/IL10/PCNA/TNF",5
"BP","GO:0044282","small molecule catabolic process","12/126","58/1399",0.206896551724138,2.29720853858785,3.17346755815149,0.00409068291556003,0.029876396903616,0.0290810118836448,"CYP1A1/AKT1/ADA/XDH/NOS3/NOS2/PPARD/CPT1A/GAPDH/PPARA/GPT/IDO1",12
"BP","GO:2001243","negative regulation of intrinsic apoptotic signaling pathway","9/126","37/1399",0.243243243243243,2.7007722007722,3.297487161633,0.00413120418424254,0.0299361155494825,0.0291391406685756,"AKT1/FGF2/PTPN1/PTGS2/IL10/NFE2L2/MMP9/MAP2K1/BCL2",9
"BP","GO:0032940","secretion by cell","21/126","130/1399",0.161538461538462,1.79358974358974,2.98786910663942,0.00413218366768367,0.0299361155494825,0.0291391406685756,"CYP19A1/TPH1/ACHE/SLC6A4/ALOX5/RAC1/NR1H4/IL6/PIK3CG/NOS2/PPARG/PPARD/CPT1A/SYK/LGALS9/IL1B/TLR2/TLR4/TACR1/TNF/SNCA",21
"BP","GO:1901342","regulation of vasculature development","21/126","130/1399",0.161538461538462,1.79358974358974,2.98786910663942,0.00413218366768367,0.0299361155494825,0.0291391406685756,"TJP1/VEGFA/HMOX1/CHRNA7/FGF2/ALOX5/NOS3/IL6/PIK3CG/PPARG/KDR/CYP1B1/IL10/F3/IL1B/TERT/NFE2L2/CXCL8/TNF/SERPINE1/RELA",21
"BP","GO:0009894","regulation of catabolic process","29/126","201/1399",0.144278606965174,1.60195056463713,2.90038133941504,0.00423759488852222,0.030544571269515,0.0297313977630982,"MAP3K7/PTK2/AKT1/NQO1/CDK1/BAX/ODC1/MCL1/EP300/EGFR/PTPN1/GSK3B/IL6/NOS2/KDR/TLR9/CPT1A/IL10/GAPDH/PPARA/HSPA5/IL1B/MET/NFE2L2/TNF/SNCA/MAP2K1/CASP3/BCL2",29
"BP","GO:0044089","positive regulation of cellular component biogenesis","17/126","97/1399",0.175257731958763,1.94591719849452,3.03709343661977,0.00423883846189188,0.030544571269515,0.0297313977630982,"OCLN/VEGFA/BAX/MMP3/IL17A/RAC1/GSK3B/KDR/TLR9/SYK/ACE2/TLR4/TACR1/LGALS3/TNF/MMP1/SNCA",17
"BP","GO:0032722","positive regulation of chemokine production","10/126","44/1399",0.227272727272727,2.52344877344877,3.22930602277534,0.00428619256015156,0.0308034371989559,0.0299833720287577,"HMOX1/IL17A/IL6/TLR9/SYK/LGALS9/IL1B/TLR2/TLR4/TNF",10
"BP","GO:0015031","protein transport","23/126","148/1399",0.155405405405405,1.72549335049335,2.93535272557382,0.00444116181393939,0.0317478278211317,0.0309026205912566,"AKT1/ACHE/CDK1/MCL1/EP300/ALOX5/PTPN1/RAC1/NR1H4/GSK3B/IL6/NOS2/PPARG/PPARD/CPT1A/SYK/HSPA5/IL1B/TLR2/TERT/TLR4/TNF/MMP12",23
"BP","GO:0140352","export from cell","23/126","148/1399",0.155405405405405,1.72549335049335,2.93535272557382,0.00444116181393939,0.0317478278211317,0.0309026205912566,"ABCG2/CYP19A1/TPH1/ACHE/SLC6A4/ALOX5/RAC1/NR1H4/IL6/PIK3CG/NOS2/PPARG/PPARD/CPT1A/SYK/LGALS9/IL1B/TLR2/ABCB1/TLR4/TACR1/TNF/SNCA",23
"BP","GO:1905952","regulation of lipid localization","12/126","59/1399",0.203389830508475,2.25827280064568,3.10579704126097,0.00474545139348107,0.0337385080554719,0.0328403038981877,"CYP19A1/PTPN2/MAPK3/AKT1/IL6/PPARG/PPARD/SYK/PPARA/IL1B/NFKB1/TNF",12
"BP","GO:0006693","prostaglandin metabolic process","6/126","19/1399",0.315789473684211,3.5062656641604,3.45930630191889,0.00481978686506742,0.0337385080554719,0.0328403038981877,"PTGS1/GSTM1/AKR1B1/PTGS2/GSTP1/IL1B",6
"BP","GO:0010543","regulation of platelet activation","6/126","19/1399",0.315789473684211,3.5062656641604,3.45930630191889,0.00481978686506742,0.0337385080554719,0.0328403038981877,"SELP/NOS3/IL6/F2/SYK/TLR4",6
"BP","GO:0016101","diterpenoid metabolic process","6/126","19/1399",0.315789473684211,3.5062656641604,3.45930630191889,0.00481978686506742,0.0337385080554719,0.0328403038981877,"CYP1A1/CYP2C8/CYP2D6/AKR1B1/CYP1B1/CYP1A2",6
"BP","GO:0030968","endoplasmic reticulum unfolded protein response","6/126","19/1399",0.315789473684211,3.5062656641604,3.45930630191889,0.00481978686506742,0.0337385080554719,0.0328403038981877,"PTPN2/AKT1/BAX/PTPN1/HSPA5/NFE2L2",6
"BP","GO:0034308","primary alcohol metabolic process","6/126","19/1399",0.315789473684211,3.5062656641604,3.45930630191889,0.00481978686506742,0.0337385080554719,0.0328403038981877,"CYP1A1/CYP2C8/CYP2D6/AKR1B1/CYP1B1/CYP1A2",6
"BP","GO:0046660","female sex differentiation","6/126","19/1399",0.315789473684211,3.5062656641604,3.45930630191889,0.00481978686506742,0.0337385080554719,0.0328403038981877,"CYP19A1/VEGFA/MMP2/RAC1/MMP14/CASP3",6
"BP","GO:0071622","regulation of granulocyte chemotaxis","6/126","19/1399",0.315789473684211,3.5062656641604,3.45930630191889,0.00481978686506742,0.0337385080554719,0.0328403038981877,"PTK2/CCL2/MAPK3/RAC1/CXCL8/MAPK1",6
"BP","GO:0035295","tube development","33/126","240/1399",0.1375,1.52668650793651,2.8192965022858,0.00487271308344485,0.0340206263209427,0.0331149114640604,"TJP1/CYP1A1/VEGFA/PTK2/CCL2/AKT1/HMOX1/CHRNA7/FGF2/SLC22A1/MMP2/LTA4H/ALOX5/PTGS2/NOS3/IL6/PIK3CG/PPARG/KDR/TLR9/CYP1B1/IL10/SYK/F3/IL1B/TERT/MET/NFE2L2/CXCL8/TNF/SERPINE1/RELA/MMP14",33
"BP","GO:0045428","regulation of nitric oxide biosynthetic process","7/126","25/1399",0.28,3.10888888888889,3.34622387134391,0.00493158747670875,0.0342682415815359,0.033355934582046,"AKT1/RAC1/PTGS2/IL10/IL1B/TLR4/TNF",7
"BP","GO:0000165","MAPK cascade","29/126","203/1399",0.142857142857143,1.58616780045351,2.84072402016801,0.00493360954865898,0.0342682415815359,0.033355934582046,"MAP3K7/PTPN2/VEGFA/MAPK3/JUN/CDK1/CHRNA7/FGF2/EGFR/PTPN1/IL6/PIK3CG/KRAS/PPARG/KDR/TLR9/SYK/GSTP1/LGALS9/IL1B/ACE2/IGF1R/NFKB1/TLR4/BRAF/TNF/ICAM1/MAP2K1/MAPK1",29
"BP","GO:0010628","positive regulation of gene expression","43/126","337/1399",0.127596439169139,1.4167255428383,2.76138823051016,0.00498402654124987,0.0344264888831565,0.0335099689414713,"MAP3K7/OCLN/VEGFA/CCL2/VDR/AKT1/IL2/HMOX1/CDK1/NLRP3/SLC6A4/EP300/IL17A/NR1H4/PTGS2/GSK3B/NOS3/IL6/PIK3CG/KRAS/NOS2/PPARG/TLR9/CYP1B1/PPARD/IL10/SYK/GAPDH/LGALS9/F3/IL1B/TLR2/TLR4/NFE2L2/CXCL8/BRAF/DNMT1/TNF/SERPINE1/RELA/MAP2K1/MMP14/MMP12",43
"BP","GO:0045471","response to ethanol","11/126","52/1399",0.211538461538462,2.34874847374847,3.11726337231417,0.00498407896913195,0.0344264888831565,0.0335099689414713,"IL2/PARP1/CDK1/FGF2/FOS/CPT1A/GSTP1/PPARA/TACR1/TNF/CASP3",11
"BP","GO:0030072","peptide hormone secretion","9/126","38/1399",0.236842105263158,2.6296992481203,3.20327966916014,0.00500748929209549,0.0344264888831565,0.0335099689414713,"ALOX5/RAC1/NR1H4/IL6/NOS2/PPARD/CPT1A/IL1B/TNF",9
"BP","GO:0038127","ERBB signaling pathway","9/126","38/1399",0.236842105263158,2.6296992481203,3.20327966916014,0.00500748929209549,0.0344264888831565,0.0335099689414713,"PTPN2/PTK2/MAPK3/AKT1/EGFR/MMP9/BRAF/MAP2K1/MAPK1",9
"BP","GO:0051130","positive regulation of cellular component organization","29/126","204/1399",0.142156862745098,1.57839246809835,2.81111373037528,0.00531655417751456,0.0364583040926253,0.0354876921067697,"OCLN/VEGFA/SELE/CCL2/MAPK3/CDK1/BAX/EP300/MMP3/IL17A/RAC1/GSK3B/IL6/KDR/TLR9/SYK/IL1B/ACE2/IGF1R/TLR4/TACR1/LGALS3/NFE2L2/MMP9/TNF/MMP1/SNCA/SERPINE1/MAPK1",29
"BP","GO:0051052","regulation of DNA metabolic process","15/126","83/1399",0.180722891566265,2.00659781985083,2.97366296085374,0.00536484629500309,0.0366960933122674,0.0357191507777909,"VEGFA/MAPK3/AKT1/PARP1/CDK1/BAX/FGF2/EP300/EGFR/IL6/IL10/PCNA/TNF/CASP3/MAPK1",15
"BP","GO:0008104","intracellular protein localization","34/126","251/1399",0.135458167330677,1.50401568329855,2.77226424421695,0.00541840719989633,0.0369686263385332,0.0359844282876958,"TJP1/OCLN/VEGFA/AKT1/ACHE/PARP1/CDK1/MCL1/EP300/ALOX5/EGFR/PTPN1/RAC1/NR1H4/GSK3B/IL6/NOS2/PPARG/F2/PPARD/CPT1A/SYK/HSPA5/IL1B/TLR2/TERT/TLR4/LGALS3/TNF/SNCA/MAP2K1/MMP14/MMP12/CASP3",34
"BP","GO:0042592","homeostatic process","40/126","309/1399",0.129449838187702,1.43730415575076,2.73888786419814,0.00547039186365794,0.0372290557387832,0.0362379244006292,"TJP1/OCLN/PTPN2/VEGFA/CCL2/AKT1/ACHE/HMOX1/NQO1/BAX/CHRNA7/MCL1/SLC2A1/ALOX5/IL17A/CA2/RAC1/NR1H4/PTGS2/NOS3/IL6/NOS2/PPARG/TLR9/F2/PPARD/SYK/GSTP1/LGALS9/IL1B/IGF1R/FOXP3/TLR4/NFE2L2/MUC2/TNF/MAP2K1/CASP3/BCL2/NT5E",40
"BP","GO:0001890","placenta development","5/126","14/1399",0.357142857142857,3.96541950113379,3.5071143536898,0.00563729946061787,0.0374200050403082,0.0364237901502622,"PTK2/VDR/PARP1/PPARG/PPARD",5
"BP","GO:0050994","regulation of lipid catabolic process","5/126","14/1399",0.357142857142857,3.96541950113379,3.5071143536898,0.00563729946061787,0.0374200050403082,0.0364237901502622,"AKT1/CPT1A/PPARA/IL1B/TNF",5
"BP","GO:0060055","angiogenesis involved in wound healing","5/126","14/1399",0.357142857142857,3.96541950113379,3.5071143536898,0.00563729946061787,0.0374200050403082,0.0364237901502622,"VEGFA/ALOX5/KDR/TNF/SERPINE1",5
"BP","GO:0060078","regulation of postsynaptic membrane potential","5/126","14/1399",0.357142857142857,3.96541950113379,3.5071143536898,0.00563729946061787,0.0374200050403082,0.0364237901502622,"AKT1/CHRNA7/TRPV1/GSK3B/MET",5
"BP","GO:0070830","bicellular tight junction assembly","5/126","14/1399",0.357142857142857,3.96541950113379,3.5071143536898,0.00563729946061787,0.0374200050403082,0.0364237901502622,"TJP1/OCLN/IL17A/RAC1/TNF",5
"BP","GO:0071470","cellular response to osmotic stress","5/126","14/1399",0.357142857142857,3.96541950113379,3.5071143536898,0.00563729946061787,0.0374200050403082,0.0364237901502622,"NLRP3/SLC2A1/AKR1B1/PTGS2/CASP3",5
"BP","GO:0099565","chemical synaptic transmission, postsynaptic","5/126","14/1399",0.357142857142857,3.96541950113379,3.5071143536898,0.00563729946061787,0.0374200050403082,0.0364237901502622,"AKT1/CHRNA7/TRPV1/GSK3B/MET",5
"BP","GO:0150078","positive regulation of neuroinflammatory response","5/126","14/1399",0.357142857142857,3.96541950113379,3.5071143536898,0.00563729946061787,0.0374200050403082,0.0364237901502622,"MAPK3/IL6/IL1B/TNF/MAPK1",5
"BP","GO:1900101","regulation of endoplasmic reticulum unfolded protein response","5/126","14/1399",0.357142857142857,3.96541950113379,3.5071143536898,0.00563729946061787,0.0374200050403082,0.0364237901502622,"PTPN2/AKT1/BAX/PTPN1/HSPA5",5
"BP","GO:2000352","negative regulation of endothelial cell apoptotic process","5/126","14/1399",0.357142857142857,3.96541950113379,3.5071143536898,0.00563729946061787,0.0374200050403082,0.0364237901502622,"KDR/TERT/NFE2L2/SERPINE1/ICAM1",5
"BP","GO:0007043","cell-cell junction assembly","8/126","32/1399",0.25,2.77579365079365,3.19600821670687,0.00570669134200783,0.0374331217336069,0.0364365576441111,"TJP1/OCLN/IL17A/RAC1/NR1H4/IL1B/ACE2/TNF",8
"BP","GO:0010565","regulation of ketone metabolic process","8/126","32/1399",0.25,2.77579365079365,3.19600821670687,0.00570669134200783,0.0374331217336069,0.0364365576441111,"AKT1/NR1H4/PTGS2/PPARG/PPARD/CPT1A/PPARA/IL1B",8
"BP","GO:0045598","regulation of fat cell differentiation","8/126","32/1399",0.25,2.77579365079365,3.19600821670687,0.00570669134200783,0.0374331217336069,0.0364365576441111,"AKT1/EP300/ALOX5/PTGS2/IL6/PPARG/PPARD/TNF",8
"BP","GO:0071346","cellular response to type II interferon","8/126","32/1399",0.25,2.77579365079365,3.19600821670687,0.00570669134200783,0.0374331217336069,0.0364365576441111,"PTPN2/CCL2/PPARG/GAPDH/LGALS9/TLR2/TLR4/TNF",8
"BP","GO:0008015","blood circulation","18/126","108/1399",0.166666666666667,1.8505291005291,2.89376054177214,0.00570872468738866,0.0374331217336069,0.0364365576441111,"PTGS1/TJP1/OCLN/VEGFA/SLC6A4/MMP2/PTPN1/PTGS2/NOS3/PIK3CG/NOS2/PPARG/PPARD/PPARA/ACE2/TACR1/TNF/MAP2K1",18
"BP","GO:0006935","chemotaxis","23/126","151/1399",0.152317880794702,1.69121202564911,2.8282456170299,0.00577052504286801,0.037620059648981,0.0366185188008072,"PTPN2/VEGFA/PTK2/CCL2/MAPK3/FGF2/MMP2/ALOX5/RAC1/IL6/PIK3CG/KDR/IL10/SYK/GSTP1/LGALS9/F3/MET/LGALS3/CXCL8/SERPINE1/MAP2K1/MAPK1",23
"BP","GO:0042330","taxis","23/126","151/1399",0.152317880794702,1.69121202564911,2.8282456170299,0.00577052504286801,0.037620059648981,0.0366185188008072,"PTPN2/VEGFA/PTK2/CCL2/MAPK3/FGF2/MMP2/ALOX5/RAC1/IL6/PIK3CG/KDR/IL10/SYK/GSTP1/LGALS9/F3/MET/LGALS3/CXCL8/SERPINE1/MAP2K1/MAPK1",23
"BP","GO:0060326","cell chemotaxis","20/126","125/1399",0.16,1.77650793650794,2.86115145544531,0.0057791112039622,0.037620059648981,0.0366185188008072,"VEGFA/PTK2/CCL2/MAPK3/FGF2/MMP2/ALOX5/RAC1/IL6/PIK3CG/KDR/IL10/SYK/GSTP1/LGALS9/MET/LGALS3/CXCL8/SERPINE1/MAPK1",20
"BP","GO:0007162","negative regulation of cell adhesion","17/126","100/1399",0.17,1.88753968253968,2.89672895648034,0.00587900078762507,0.0380863151986768,0.0370723614520902,"PTPN2/VEGFA/PTK2/AKT1/IL2/MMP2/PTPN1/CYP1B1/IL10/LGALS9/PPARA/FOXP3/LGALS3/SERPINE1/MAP2K1/MMP14/MMP12",17
"BP","GO:0018193","peptidyl-amino acid modification","17/126","100/1399",0.17,1.88753968253968,2.89672895648034,0.00587900078762507,0.0380863151986768,0.0370723614520902,"PTPN2/MAPK3/AKT1/CDK1/EP300/EGFR/GSK3B/IL6/NOS2/KDR/IL10/SYK/GAPDH/IGF1R/BRAF/RELA/MAPK1",17
"BP","GO:0002790","peptide secretion","9/126","39/1399",0.230769230769231,2.56227106227106,3.11203085477503,0.00602203128617887,0.0387131417228823,0.037682500273656,"ALOX5/RAC1/NR1H4/IL6/NOS2/PPARD/CPT1A/IL1B/TNF",9
"BP","GO:0042542","response to hydrogen peroxide","9/126","39/1399",0.230769230769231,2.56227106227106,3.11203085477503,0.00602203128617887,0.0387131417228823,0.037682500273656,"HMOX1/CDK1/MMP2/IL6/CYP1B1/NFE2L2/PCNA/RELA/CASP3",9
"BP","GO:1990748","cellular detoxification","9/126","39/1399",0.230769230769231,2.56227106227106,3.11203085477503,0.00602203128617887,0.0387131417228823,0.037682500273656,"PTGS1/ABCG2/NQO1/GSTM1/MPO/PTGS2/NOS3/GSTP1/NFE2L2",9
"BP","GO:1904018","positive regulation of vasculature development","15/126","84/1399",0.178571428571429,1.98270975056689,2.92163990888878,0.00603321689187777,0.0387131417228823,0.037682500273656,"TJP1/VEGFA/HMOX1/CHRNA7/FGF2/NOS3/KDR/CYP1B1/IL10/F3/IL1B/TERT/NFE2L2/CXCL8/SERPINE1",15
"BP","GO:0051252","regulation of RNA metabolic process","48/126","391/1399",0.122762148337596,1.36304956765315,2.65979823188071,0.00621277973599641,0.0391803914545529,0.0381373106392827,"VEGFA/TOP2A/MAPK3/VDR/AKT1/NR3C2/HMOX1/JUN/PARP1/CDK1/AHR/TRPV1/NLRP3/FGF2/EP300/EGFR/IL17A/NR1H4/FOS/IL6/PPARG/TLR9/PPARD/IL10/SYK/ESRRA/GSTP1/PPARA/HSPA5/IL1B/TLR2/ACE2/TERT/FOXP3/NFKB1/TLR4/MET/NFE2L2/CXCL8/ESR2/DNMT1/TNF/SNCA/RELA/MAP2K1/NR3C1/MMP12/MAPK1",48
"BP","GO:0014823","response to activity","7/126","26/1399",0.269230769230769,2.98931623931624,3.22017808227079,0.00625141681835167,0.0391803914545529,0.0381373106392827,"CDK1/MMP2/FOS/IL6/PPARD/IL10/TNF",7
"BP","GO:0019217","regulation of fatty acid metabolic process","7/126","26/1399",0.269230769230769,2.98931623931624,3.22017808227079,0.00625141681835167,0.0391803914545529,0.0381373106392827,"AKT1/PTGS2/PPARG/PPARD/CPT1A/PPARA/IL1B",7
"BP","GO:0030258","lipid modification","7/126","26/1399",0.269230769230769,2.98931623931624,3.22017808227079,0.00625141681835167,0.0391803914545529,0.0381373106392827,"CYP1A1/CYP2C8/AKT1/ALOX5/PPARD/CPT1A/PPARA",7
"BP","GO:0034644","cellular response to UV","7/126","26/1399",0.269230769230769,2.98931623931624,3.22017808227079,0.00625141681835167,0.0391803914545529,0.0381373106392827,"PARP1/EP300/MMP3/MMP2/MMP9/PCNA/MMP1",7
"BP","GO:0043200","response to amino acid","7/126","26/1399",0.269230769230769,2.98931623931624,3.22017808227079,0.00625141681835167,0.0391803914545529,0.0381373106392827,"EP300/EGFR/GSTP1/NFE2L2/PCNA/TNF/CASP3",7
"BP","GO:0046683","response to organophosphorus","7/126","26/1399",0.269230769230769,2.98931623931624,3.22017808227079,0.00625141681835167,0.0391803914545529,0.0381373106392827,"AHR/TRPV1/TYR/SLC6A4/TOP1/FOS/NT5E",7
"BP","GO:0070227","lymphocyte apoptotic process","7/126","26/1399",0.269230769230769,2.98931623931624,3.22017808227079,0.00625141681835167,0.0391803914545529,0.0381373106392827,"AKT1/IL2/BAX/IL10/LGALS9/LGALS3/IDO1",7
"BP","GO:0071482","cellular response to light stimulus","7/126","26/1399",0.269230769230769,2.98931623931624,3.22017808227079,0.00625141681835167,0.0391803914545529,0.0381373106392827,"PARP1/EP300/MMP3/MMP2/MMP9/PCNA/MMP1",7
"BP","GO:1904646","cellular response to amyloid-beta","7/126","26/1399",0.269230769230769,2.98931623931624,3.22017808227079,0.00625141681835167,0.0391803914545529,0.0381373106392827,"PARP1/GSK3B/SYK/IGF1R/TLR4/TNF/ICAM1",7
"BP","GO:0051247","positive regulation of protein metabolic process","26/126","179/1399",0.145251396648045,1.61275161833821,2.76093208363702,0.00636726833162129,0.0396494569507263,0.0385938884291826,"MAP3K7/VEGFA/PTK2/AKT1/CDK1/CHRNA7/FGF2/EGFR/RAC1/GSK3B/IL6/PIK3CG/KDR/TLR9/IL10/HSPA5/IL1B/NFE2L2/MMP9/BRAF/TNF/RELA/MAP2K1/MMP14/CASP3/MAPK1",26
"BP","GO:0006970","response to osmotic stress","6/126","20/1399",0.3,3.33095238095238,3.30210533293555,0.00638510735310397,0.0396494569507263,0.0385938884291826,"NLRP3/SLC2A1/AKR1B1/PTGS2/TNF/CASP3",6
"BP","GO:0034620","cellular response to unfolded protein","6/126","20/1399",0.3,3.33095238095238,3.30210533293555,0.00638510735310397,0.0396494569507263,0.0385938884291826,"PTPN2/AKT1/BAX/PTPN1/HSPA5/NFE2L2",6
"BP","GO:1990776","response to angiotensin","6/126","20/1399",0.3,3.33095238095238,3.30210533293555,0.00638510735310397,0.0396494569507263,0.0385938884291826,"MAP3K7/PTPN1/CA2/NFKB1/NFE2L2/RELA",6
"BP","GO:0006066","alcohol metabolic process","11/126","54/1399",0.203703703703704,2.26175778953557,2.97396866799234,0.00674903263915315,0.0416216086098804,0.0405135364383196,"CYP1A1/CYP2C8/CYP2D6/AKR1B1/NR1H4/NOS3/CYP1B1/PPARD/CYP1A2/SNCA/MAPK1",11
"BP","GO:0007584","response to nutrient","11/126","54/1399",0.203703703703704,2.26175778953557,2.97396866799234,0.00674903263915315,0.0416216086098804,0.0405135364383196,"CYP1A1/VDR/TYR/SLC6A4/PPARG/BCHE/PPARD/CPT1A/GSTP1/PPARA/NFE2L2",11
"BP","GO:0032755","positive regulation of interleukin-6 production","11/126","54/1399",0.203703703703704,2.26175778953557,2.97396866799234,0.00674903263915315,0.0416216086098804,0.0405135364383196,"IL17A/IL6/NOS2/TLR9/SYK/LGALS9/IL1B/TLR2/TLR4/TNF/RELA",11
"BP","GO:0001952","regulation of cell-matrix adhesion","8/126","33/1399",0.242424242424242,2.69167869167869,3.09295894742417,0.00697283702305665,0.0429036433267984,0.0417614401583771,"VEGFA/PTK2/RAC1/GSK3B/KDR/SERPINE1/MMP14/MMP12",8
"BP","GO:0034097","response to cytokine","37/126","284/1399",0.130281690140845,1.44654035323049,2.65098398654295,0.0070998524256418,0.043585654412539,0.0424252943893001,"MAP3K7/PTPN2/SELE/SELP/CCL2/MAPK3/AKT1/IL2/MCL1/MMP2/IL17A/PTPN1/NR1H4/GSK3B/FOS/IL6/KRAS/PPARG/IL10/SYK/GAPDH/GSTP1/LGALS9/F3/IL1B/TLR2/NFKB1/TLR4/NFE2L2/CXCL8/TNF/SNCA/RELA/MMP12/CASP3/BCL2/MAPK1",37
"BP","GO:0032386","regulation of intracellular transport","9/126","40/1399",0.225,2.49821428571429,3.02356185413244,0.00718858613075145,0.0439302485768144,0.042760714588016,"MAPK3/AKT1/CDK1/EP300/PTPN1/GSK3B/IL1B/MAP2K1/MAPK1",9
"BP","GO:0034341","response to type II interferon","9/126","40/1399",0.225,2.49821428571429,3.02356185413244,0.00718858613075145,0.0439302485768144,0.042760714588016,"PTPN2/CCL2/PPARG/GAPDH/LGALS9/TLR2/TLR4/TNF/SNCA",9
"BP","GO:0051047","positive regulation of secretion","12/126","62/1399",0.193548387096774,2.14900153609831,2.91055229517468,0.00722730827217997,0.0440669588088801,0.0428937852489845,"CYP19A1/ACHE/SLC6A4/RAC1/NR1H4/PPARG/PPARD/IL1B/TLR2/TLR4/TACR1/SNCA",12
"BP","GO:0051046","regulation of secretion","19/126","119/1399",0.159663865546218,1.77277577697746,2.77170275026013,0.00733514361465767,0.0446235034796894,0.0434355132973097,"CYP19A1/ACHE/SLC6A4/ALOX5/RAC1/NR1H4/IL6/NOS2/PPARG/PPARD/CPT1A/SYK/LGALS9/IL1B/TLR2/TLR4/TACR1/TNF/SNCA",19
"BP","GO:0046903","secretion","24/126","163/1399",0.147239263803681,1.63482325445516,2.71182743723264,0.00746105946508773,0.0452872866180438,0.0440816248547682,"CYP19A1/TPH1/VEGFA/ACHE/SLC6A4/ALOX5/RAC1/NR1H4/IL6/PIK3CG/NOS2/PPARG/PPARD/CPT1A/SYK/LGALS9/PPARA/IL1B/TLR2/TLR4/TACR1/MUC2/TNF/SNCA",24
"BP","GO:0051641","cellular localization","29/126","209/1399",0.138755980861244,1.54063188273715,2.66517648375084,0.00763023393951005,0.0462100684651226,0.0449798399222506,"TPH1/MAPK3/AKT1/CDK1/SLC6A4/SLC22A1/EP300/EGFR/PTPN1/RAC1/NR1H4/GSK3B/PIK3CG/PPARD/CPT1A/SYK/LGALS9/HSPA5/IL1B/TERT/LGALS3/BRAF/TNF/SNCA/MAP2K1/MMP14/MMP12/CASP3/MAPK1",29
"BP","GO:0048514","blood vessel morphogenesis","28/126","200/1399",0.14,1.55444444444444,2.66371710116107,0.00778076180921463,0.0466232420073818,0.0453820137429831,"TJP1/VEGFA/PTK2/CCL2/AKT1/HMOX1/CHRNA7/FGF2/MMP2/ALOX5/PTGS2/NOS3/IL6/PIK3CG/PPARG/KDR/CYP1B1/IL10/SYK/F3/IL1B/TERT/NFE2L2/CXCL8/TNF/SERPINE1/RELA/MMP14",28
"BP","GO:0019915","lipid storage","7/126","27/1399",0.259259259259259,2.87860082304527,3.10001639797864,0.00781848585895347,0.0466232420073818,0.0453820137429831,"PTPN2/IL6/PPARG/PPARD/PPARA/NFKB1/TNF",7
"BP","GO:0170062","nutrient storage","7/126","27/1399",0.259259259259259,2.87860082304527,3.10001639797864,0.00781848585895347,0.0466232420073818,0.0453820137429831,"PTPN2/IL6/PPARG/PPARD/PPARA/NFKB1/TNF",7
"BP","GO:0007612","learning","5/126","15/1399",0.333333333333333,3.7010582010582,3.30777669583634,0.00785415653853482,0.0466232420073818,0.0453820137429831,"SLC6A4/FOS/BCHE/TLR2/TACR1",5
"BP","GO:0015909","long-chain fatty acid transport","5/126","15/1399",0.333333333333333,3.7010582010582,3.30777669583634,0.00785415653853482,0.0466232420073818,0.0453820137429831,"AKT1/SLC2A1/PPARG/CPT1A/SYK",5
"BP","GO:0031098","stress-activated protein kinase signaling cascade","5/126","15/1399",0.333333333333333,3.7010582010582,3.30777669583634,0.00785415653853482,0.0466232420073818,0.0453820137429831,"MAP3K7/MAPK3/GSTP1/MAP2K1/MAPK1",5
"BP","GO:0051403","stress-activated MAPK cascade","5/126","15/1399",0.333333333333333,3.7010582010582,3.30777669583634,0.00785415653853482,0.0466232420073818,0.0453820137429831,"MAP3K7/MAPK3/GSTP1/MAP2K1/MAPK1",5
"BP","GO:0120192","tight junction assembly","5/126","15/1399",0.333333333333333,3.7010582010582,3.30777669583634,0.00785415653853482,0.0466232420073818,0.0453820137429831,"TJP1/OCLN/IL17A/RAC1/TNF",5
"BP","GO:1903076","regulation of protein localization to plasma membrane","5/126","15/1399",0.333333333333333,3.7010582010582,3.30777669583634,0.00785415653853482,0.0466232420073818,0.0453820137429831,"AKT1/EGFR/LGALS3/TNF/MMP14",5
"BP","GO:0016070","RNA metabolic process","50/126","416/1399",0.120192307692308,1.33451617826618,2.55983332918977,0.00793809038078551,0.0470179199477296,0.0457661843613643,"VEGFA/TOP2A/MAPK3/VDR/AKT1/NR3C2/HMOX1/JUN/PARP1/CDK1/AHR/TRPV1/NLRP3/FGF2/EP300/EGFR/IL17A/NR1H4/TOP1/FOS/IL6/PPARG/TLR9/PPARD/IL10/SYK/ESRRA/GSTP1/PPARA/HSPA5/IL1B/TLR2/ACE2/TERT/FOXP3/NFKB1/TLR4/MET/LGALS3/NFE2L2/CXCL8/ESR2/DNMT1/TNF/SNCA/RELA/MAP2K1/NR3C1/MMP12/MAPK1",50
"BP","GO:0015833","peptide transport","10/126","48/1399",0.208333333333333,2.31316137566138,2.91162675084859,0.00826087685770855,0.0482978661868652,0.0470120552041842,"ALOX5/CA2/RAC1/NR1H4/IL6/NOS2/PPARD/CPT1A/IL1B/TNF",10
"BP","GO:0030595","leukocyte chemotaxis","16/126","95/1399",0.168421052631579,1.87000835421888,2.76230154492377,0.00826741869662255,0.0482978661868652,0.0470120552041842,"VEGFA/PTK2/CCL2/MAPK3/MMP2/ALOX5/RAC1/IL6/PIK3CG/IL10/SYK/LGALS9/LGALS3/CXCL8/SERPINE1/MAPK1",16
"BP","GO:0002673","regulation of acute inflammatory response","6/126","21/1399",0.285714285714286,3.17233560090703,3.15454418338501,0.00829058329648132,0.0482978661868652,0.0470120552041842,"NLRP3/PTGS2/IL6/GSTP1/IL1B/TNF",6
"BP","GO:0033628","regulation of cell adhesion mediated by integrin","6/126","21/1399",0.285714285714286,3.17233560090703,3.15454418338501,0.00829058329648132,0.0482978661868652,0.0470120552041842,"PTK2/ADA/PIK3CG/CYP1B1/SYK/SERPINE1",6
"BP","GO:0035967","cellular response to topologically incorrect protein","6/126","21/1399",0.285714285714286,3.17233560090703,3.15454418338501,0.00829058329648132,0.0482978661868652,0.0470120552041842,"PTPN2/AKT1/BAX/PTPN1/HSPA5/NFE2L2",6
"BP","GO:0006793","phosphorus metabolic process","33/126","248/1399",0.133064516129032,1.47743855606759,2.60693572163712,0.00831567482231307,0.0482978661868652,0.0470120552041842,"MAP3K7/PTPN2/VEGFA/CCL2/MAPK3/AKT1/PARP1/CDK1/FGF2/EP300/ADA/XDH/EGFR/PTPN1/RAC1/NR1H4/GSK3B/IL6/PIK3CG/KDR/PPARD/IL10/SYK/GAPDH/PPARA/IGF1R/MMP9/BRAF/IDO1/SNCA/MAP2K1/MAPK1/NT5E",33
"BP","GO:0006796","phosphate-containing compound metabolic process","33/126","248/1399",0.133064516129032,1.47743855606759,2.60693572163712,0.00831567482231307,0.0482978661868652,0.0470120552041842,"MAP3K7/PTPN2/VEGFA/CCL2/MAPK3/AKT1/PARP1/CDK1/FGF2/EP300/ADA/XDH/EGFR/PTPN1/RAC1/NR1H4/GSK3B/IL6/PIK3CG/KDR/PPARD/IL10/SYK/GAPDH/PPARA/IGF1R/MMP9/BRAF/IDO1/SNCA/MAP2K1/MAPK1/NT5E",33
"BP","GO:0014910","regulation of smooth muscle cell migration","8/126","34/1399",0.235294117647059,2.6125116713352,2.99364746466377,0.00844104694895809,0.0482978661868652,0.0470120552041842,"MAP3K7/PTPN1/PPARD/GSTP1/TERT/TACR1/NFE2L2/SERPINE1",8
"BP","GO:0097529","myeloid leukocyte migration","15/126","87/1399",0.172413793103448,1.91434044882321,2.76965259561381,0.00845254644066281,0.0482978661868652,0.0470120552041842,"VEGFA/PTK2/CCL2/MAPK3/MMP2/IL17A/RAC1/IL6/PIK3CG/SYK/LGALS3/CXCL8/SERPINE1/MMP14/MAPK1",15
"BP","GO:0031348","negative regulation of defense response","18/126","112/1399",0.160714285714286,1.7844387755102,2.72209606289943,0.00846226810922319,0.0482978661868652,0.0470120552041842,"PTPN2/PARP1/AHR/NLRP3/ALOX5/IL17A/NR1H4/PPARG/PPARD/IL10/SYK/GSTP1/LGALS9/PPARA/IL1B/FOXP3/NFKB1/MMP12",18
"BP","GO:1901652","response to peptide","37/126","287/1399",0.128919860627178,1.43141972236049,2.57817982844255,0.00851964574371886,0.0482978661868652,0.0470120552041842,"MAP3K7/PTPN2/SELE/SELP/CCL2/MAPK3/AKT1/IL2/MCL1/MMP2/IL17A/PTPN1/NR1H4/GSK3B/FOS/IL6/KRAS/PPARG/IL10/SYK/GAPDH/GSTP1/LGALS9/F3/IL1B/TLR2/NFKB1/TLR4/NFE2L2/CXCL8/TNF/SNCA/RELA/MMP12/CASP3/BCL2/MAPK1",37
"BP","GO:0001934","positive regulation of protein phosphorylation","14/126","79/1399",0.177215189873418,1.9676511954993,2.78464651900914,0.00853461822726242,0.0482978661868652,0.0470120552041842,"MAP3K7/VEGFA/AKT1/FGF2/EGFR/RAC1/IL6/PIK3CG/KDR/IL10/MMP9/BRAF/MAP2K1/MAPK1",14
"BP","GO:0005975","carbohydrate metabolic process","14/126","79/1399",0.177215189873418,1.9676511954993,2.78464651900914,0.00853461822726242,0.0482978661868652,0.0470120552041842,"PTPN2/SI/AKT1/PARP1/EP300/SLC2A1/AKR1B1/GSK3B/PPARD/CPT1A/GAPDH/PPARA/NFKB1/SNCA",14
"BP","GO:0007263","nitric oxide mediated signal transduction","4/126","10/1399",0.4,4.44126984126984,3.43472730003828,0.00858429606809219,0.0482978661868652,0.0470120552041842,"VEGFA/NOS3/NOS2/KDR",4
"BP","GO:0014037","Schwann cell differentiation","4/126","10/1399",0.4,4.44126984126984,3.43472730003828,0.00858429606809219,0.0482978661868652,0.0470120552041842,"MAPK3/CDK1/MAP2K1/MAPK1",4
"BP","GO:0030534","adult behavior","4/126","10/1399",0.4,4.44126984126984,3.43472730003828,0.00858429606809219,0.0482978661868652,0.0470120552041842,"SLC6A4/FGF2/PPARA/SNCA",4
"BP","GO:0031016","pancreas development","4/126","10/1399",0.4,4.44126984126984,3.43472730003828,0.00858429606809219,0.0482978661868652,0.0470120552041842,"AKT1/GSK3B/IL6/MET",4
"BP","GO:0033135","regulation of peptidyl-serine phosphorylation","4/126","10/1399",0.4,4.44126984126984,3.43472730003828,0.00858429606809219,0.0482978661868652,0.0470120552041842,"AKT1/EGFR/IL6/BRAF",4
"BP","GO:0045454","cell redox homeostasis","4/126","10/1399",0.4,4.44126984126984,3.43472730003828,0.00858429606809219,0.0482978661868652,0.0470120552041842,"NQO1/NOS3/NOS2/NFE2L2",4
"BP","GO:0071392","cellular response to estradiol stimulus","4/126","10/1399",0.4,4.44126984126984,3.43472730003828,0.00858429606809219,0.0482978661868652,0.0470120552041842,"MMP2/EGFR/IL10/ESR2",4
"BP","GO:1902993","positive regulation of amyloid precursor protein catabolic process","4/126","10/1399",0.4,4.44126984126984,3.43472730003828,0.00858429606809219,0.0482978661868652,0.0470120552041842,"CHRNA7/TNF/RELA/CASP3",4
"BP","GO:2000191","regulation of fatty acid transport","4/126","10/1399",0.4,4.44126984126984,3.43472730003828,0.00858429606809219,0.0482978661868652,0.0470120552041842,"AKT1/SYK/PPARA/IL1B",4
"BP","GO:2000810","regulation of bicellular tight junction assembly","4/126","10/1399",0.4,4.44126984126984,3.43472730003828,0.00858429606809219,0.0482978661868652,0.0470120552041842,"TJP1/IL17A/RAC1/TNF",4
"BP","GO:2001026","regulation of endothelial cell chemotaxis","4/126","10/1399",0.4,4.44126984126984,3.43472730003828,0.00858429606809219,0.0482978661868652,0.0470120552041842,"VEGFA/FGF2/KDR/MET",4
"BP","GO:0006468","protein phosphorylation","22/126","147/1399",0.149659863945578,1.66169960047511,2.66711678036151,0.00865058469091003,0.0485694286291719,0.0472763879695224,"MAP3K7/PTPN2/VEGFA/CCL2/MAPK3/AKT1/CDK1/FGF2/EGFR/PTPN1/RAC1/GSK3B/IL6/PIK3CG/KDR/IL10/SYK/IGF1R/MMP9/BRAF/MAP2K1/MAPK1",22
"BP","GO:0001568","blood vessel development","29/126","211/1399",0.137440758293839,1.52602873692921,2.60775708528,0.00876678133718714,0.0491194921075246,0.0478118073710767,"TJP1/VEGFA/PTK2/CCL2/AKT1/HMOX1/CHRNA7/AHR/FGF2/MMP2/ALOX5/PTGS2/NOS3/IL6/PIK3CG/PPARG/KDR/CYP1B1/IL10/SYK/F3/IL1B/TERT/NFE2L2/CXCL8/TNF/SERPINE1/RELA/MMP14",29
"BP","GO:0042127","regulation of cell population proliferation","50/126","418/1399",0.119617224880383,1.32813093339409,2.51956442408644,0.0088054277364111,0.0492336675303484,0.0479229431562475,"TJP1/MAP3K7/PTPN2/VEGFA/PTK2/CCL2/MAPK3/VDR/AKT1/IL2/HMOX1/JUN/CDK1/CHRNA7/AHR/SLC6A4/FGF2/MMP2/ALOX5/EGFR/PTPN1/NOS3/IL6/KRAS/PPARG/KDR/TLR9/CYP1B1/BCHE/PPARD/IL10/GSTP1/LGALS9/F3/IL1B/ACE2/IGF1R/TERT/FOXP3/TACR1/LGALS3/CXCL8/MMP9/DNMT1/TNF/RELA/MAP2K1/MMP12/BCL2/MAPK1",50
"CC","GO:0005739","mitochondrion","32/126","162/1392",0.197530864197531,2.18224573780129,5.0482946283344,4.64779439551512e-06,0.00123631330920702,0.00123631330920702,"ABCG2/CYP1A1/MAPK3/AKT1/HMOX1/PARP1/CDK1/BAX/CYP2D6/NLRP3/MCL1/MMP3/MMP2/AKR1B1/PTPN1/GSK3B/KRAS/CYP1B1/CPT1A/GSTP1/HSPA5/TERT/LGALS3/CYP1A2/BRAF/ESR2/DNMT1/SNCA/MAP2K1/NR3C1/BCL2/MAPK1",32
"MF","GO:0046914","transition metal ion binding","42/126","189/1383",0.222222222222222,2.43915343915344,6.7391867885989,1.91489375926346e-09,6.83617072057056e-07,6.83617072057056e-07,"CYP1A1/CYP19A1/TPH1/MMP13/VDR/CYP2C8/NR3C2/PARP1/TYR/CYP2D6/EP300/MMP3/MMP2/LTA4H/ADA/ALOX5/XDH/PTPN1/CA2/NR1H4/NOS3/PPARG/CYP1B1/CYP2C19/PPARD/CA9/ESRRA/PPARA/ACE2/FOXP3/CYP1A2/MMP9/BRAF/MUC2/ESR2/DNMT1/MMP1/SNCA/NR3C1/MMP14/MMP12/NT5E",42
"MF","GO:0043169","cation binding","60/126","375/1383",0.16,1.75619047619048,5.42860480048282,1.8823700278163e-07,3.36003049965209e-05,3.36003049965209e-05,"PTGS1/MAP3K7/CYP1A1/CYP19A1/TPH1/SELE/TOP2A/SELP/MMP13/VDR/CYP2C8/NR3C2/ACHE/HMOX1/PARP1/MPO/CHRNA7/TRPV1/TYR/CYP2D6/SLC6A4/EP300/MMP3/MMP2/LTA4H/ADA/ALOX5/XDH/PTPN1/CA2/NR1H4/PTGS2/NOS3/NOS2/PPARG/F2/CYP1B1/BCHE/CYP2C19/PPARD/CA9/ESRRA/PPARA/HSPA5/ACE2/TERT/FOXP3/CYP1A2/MMP9/BRAF/IDO1/MUC2/ESR2/DNMT1/MMP1/SNCA/NR3C1/MMP14/MMP12/NT5E",60
"MF","GO:0046872","metal ion binding","57/126","366/1383",0.155737704918033,1.70940671350507,5.00895367996924,1.40580665265126e-06,0.000141855752995664,0.000141855752995664,"PTGS1/MAP3K7/CYP1A1/CYP19A1/TPH1/SELE/TOP2A/SELP/MMP13/VDR/CYP2C8/NR3C2/HMOX1/PARP1/MPO/TRPV1/TYR/CYP2D6/SLC6A4/EP300/MMP3/MMP2/LTA4H/ADA/ALOX5/XDH/PTPN1/CA2/NR1H4/PTGS2/NOS3/NOS2/PPARG/F2/CYP1B1/CYP2C19/PPARD/CA9/ESRRA/PPARA/HSPA5/ACE2/TERT/FOXP3/CYP1A2/MMP9/BRAF/IDO1/MUC2/ESR2/DNMT1/MMP1/SNCA/NR3C1/MMP14/MMP12/NT5E",57
"MF","GO:0042802","identical protein binding","56/126","360/1383",0.155555555555556,1.70740740740741,4.93917816076393,1.97686642424689e-06,0.000141855752995664,0.000141855752995664,"ABCG2/MAP3K7/VEGFA/TOP2A/MAPK3/AKT1/ACHE/HMOX1/JUN/NQO1/PARP1/GSTM1/BAX/CHRNA7/AHR/TYR/NLRP3/SLC6A4/ODC1/FGF2/SLC22A1/SLC2A1/XDH/EGFR/IL17A/PTGS2/FOS/IL6/PIK3CG/KRAS/NOS2/PPARG/KDR/TLR9/BCHE/CPT1A/GAPDH/TLR2/ACE2/IGF1R/TERT/FOXP3/NFKB1/TLR4/MET/MMP9/BRAF/PCNA/TNF/LYZ/SNCA/RELA/NR3C1/BCL2/MAPK1/NT5E",56
"MF","GO:0008270","zinc ion binding","29/126","133/1383",0.218045112781955,2.39330469029717,5.34919670352917,1.98677525204011e-06,0.000141855752995664,0.000141855752995664,"MMP13/VDR/NR3C2/PARP1/EP300/MMP3/MMP2/LTA4H/ADA/PTPN1/CA2/NR1H4/PPARG/PPARD/CA9/ESRRA/PPARA/ACE2/FOXP3/MMP9/BRAF/ESR2/DNMT1/MMP1/SNCA/NR3C1/MMP14/MMP12/NT5E",29
"MF","GO:0003707","nuclear steroid receptor activity","7/126","10/1383",0.7,7.68333333333333,6.71319880901157,4.231690159958e-06,0.000251785564517501,0.000251785564517501,"VDR/NR3C2/PPARD/ESRRA/PPARA/ESR2/NR3C1",7
"MF","GO:0016705","oxidoreductase activity, acting on paired donors, with incorporation or reduction of molecular oxygen","14/126","42/1383",0.333333333333333,3.65873015873016,5.53804108640875,7.76889922117186e-06,0.000396213860279765,0.000396213860279765,"PTGS1/CYP1A1/CYP19A1/TPH1/CYP2C8/HMOX1/TYR/CYP2D6/PTGS2/NOS3/NOS2/CYP1B1/CYP2C19/CYP1A2",14
"MF","GO:0004879","nuclear receptor activity","10/126","23/1383",0.434782608695652,4.77225672877847,5.77387477987231,1.14272625847444e-05,0.00042316905748598,0.00042316905748598,"VDR/NR3C2/AHR/NR1H4/PPARG/PPARD/ESRRA/PPARA/ESR2/NR3C1",10
"MF","GO:0098531","ligand-modulated transcription factor activity","10/126","23/1383",0.434782608695652,4.77225672877847,5.77387477987231,1.14272625847444e-05,0.00042316905748598,0.00042316905748598,"VDR/NR3C2/AHR/NR1H4/PPARG/PPARD/ESRRA/PPARA/ESR2/NR3C1",10
"MF","GO:0016491","oxidoreductase activity","24/126","108/1383",0.222222222222222,2.43915343915344,4.92987083220184,1.29966867923401e-05,0.00042316905748598,0.00042316905748598,"PTGS1/CYP1A1/CYP19A1/TPH1/CYP2C8/HMOX1/NQO1/MPO/TYR/CYP2D6/ALOX5/XDH/AKR1B1/PTGS2/NOS3/NOS2/CYP1B1/CYP2C19/GAPDH/GSTP1/CBR1/CYP1A2/IDO1/SNCA",24
"MF","GO:0004497","monooxygenase activity","12/126","33/1383",0.363636363636364,3.99134199134199,5.5046258897893,1.32205239499276e-05,0.00042316905748598,0.00042316905748598,"CYP1A1/CYP19A1/TPH1/CYP2C8/HMOX1/TYR/CYP2D6/NOS3/NOS2/CYP1B1/CYP2C19/CYP1A2",12
"MF","GO:0020037","heme binding","14/126","44/1383",0.318181818181818,3.49242424242424,5.31777149478961,1.43965468898231e-05,0.00042316905748598,0.00042316905748598,"PTGS1/CYP1A1/CYP19A1/CYP2C8/HMOX1/MPO/CYP2D6/PTGS2/NOS3/NOS2/CYP1B1/CYP2C19/CYP1A2/IDO1",14
"MF","GO:0008134","transcription factor binding","24/126","109/1383",0.220183486238532,2.41677588466579,4.87754568889081,1.54095174994895e-05,0.00042316905748598,0.00042316905748598,"MAP3K7/PTPN2/MAPK3/VDR/NR3C2/JUN/PARP1/AHR/NLRP3/EP300/NR1H4/GSK3B/FOS/PPARG/PPARD/PPARA/TERT/FOXP3/NFKB1/NFE2L2/PCNA/RELA/NR3C1/BCL2",24
"MF","GO:0046906","tetrapyrrole binding","14/126","47/1383",0.297872340425532,3.26950354609929,5.01012107046749,3.36512983621371e-05,0.000858108108234496,0.000858108108234496,"PTGS1/CYP1A1/CYP19A1/CYP2C8/HMOX1/MPO/CYP2D6/PTGS2/NOS3/NOS2/CYP1B1/CYP2C19/CYP1A2/IDO1",14
"MF","GO:0140297","DNA-binding transcription factor binding","20/126","91/1383",0.21978021978022,2.4123495552067,4.41167277329262,9.11986816755578e-05,0.00217052862387828,0.00217052862387828,"MAP3K7/PTPN2/MAPK3/VDR/JUN/PARP1/AHR/NLRP3/EP300/NR1H4/GSK3B/FOS/PPARG/PPARD/PPARA/FOXP3/NFE2L2/PCNA/RELA/BCL2",20
"MF","GO:0001221","transcription coregulator binding","12/126","40/1383",0.3,3.29285714285714,4.65736892659913,0.000118860006348831,0.00256529245666335,0.00256529245666335,"MAP3K7/AHR/EP300/NR1H4/FOS/PPARG/PPARD/PPARA/TERT/NFKB1/NFE2L2/RELA",12
"MF","GO:0001223","transcription coactivator binding","8/126","19/1383",0.421052631578947,4.62155388471178,5.03079038208423,0.000122156783650636,0.00256529245666335,0.00256529245666335,"MAP3K7/AHR/EP300/PPARD/PPARA/TERT/NFKB1/RELA",8
"MF","GO:0004222","metalloendopeptidase activity","7/126","15/1383",0.466666666666667,5.12222222222222,5.08049041380488,0.000153335253254574,0.00304114918954904,0.00304114918954904,"MMP13/MMP3/MMP2/MMP9/MMP1/MMP14/MMP12",7
"MF","GO:0016712","oxidoreductase activity, acting on paired donors, with incorporation or reduction of molecular oxygen, reduced flavin or flavoprotein as one donor, and incorporation of one atom of oxygen","8/126","20/1383",0.4,4.39047619047619,4.83391961456628,0.000188144268718281,0.00338224319957557,0.00338224319957557,"CYP1A1/CYP19A1/CYP2C8/HMOX1/CYP2D6/CYP1B1/CYP2C19/CYP1A2",8
"MF","GO:0008237","metallopeptidase activity","9/126","25/1383",0.36,3.95142857142857,4.71328880458655,0.000189481411740928,0.00338224319957557,0.00338224319957557,"MMP13/MMP3/MMP2/LTA4H/ACE2/MMP9/MMP1/MMP14/MMP12",9
"MF","GO:0005506","iron ion binding","11/126","37/1383",0.297297297297297,3.26319176319176,4.41642989704352,0.000254855924361751,0.00433255071414976,0.00433255071414976,"CYP1A1/CYP19A1/TPH1/CYP2C8/CYP2D6/ALOX5/XDH/CYP1B1/CYP2C19/CYP1A2/SNCA",11
"MF","GO:0061629","RNA polymerase II-specific DNA-binding transcription factor binding","16/126","72/1383",0.222222222222222,2.43915343915344,3.96957176136462,0.000435599864184648,0.00706859779608724,0.00706859779608724,"PTPN2/VDR/JUN/PARP1/AHR/EP300/NR1H4/GSK3B/FOS/PPARG/PPARD/PPARA/FOXP3/NFE2L2/PCNA/RELA",16
"MF","GO:0017171","serine hydrolase activity","10/126","35/1383",0.285714285714286,3.13605442176871,4.05110075473517,0.000704474194500248,0.010934664671156,0.010934664671156,"MMP13/ACHE/MMP3/MMP2/F2/F3/MMP9/MMP1/MMP14/MMP12",10
"MF","GO:0031072","heat shock protein binding","8/126","24/1383",0.333333333333333,3.65873015873016,4.15854887093678,0.000801500254059875,0.0119223162791406,0.0119223162791406,"CYP1A1/CDK1/BAX/AHR/KDR/HSPA5/SNCA/NR3C1",8
"MF","GO:0043565","sequence-specific DNA binding","25/126","148/1383",0.168918918918919,1.85408622908623,3.47993196821446,0.000999843451306238,0.0138249898381234,0.0138249898381234,"VDR/NR3C2/JUN/AHR/NLRP3/NR1H4/TOP1/FOS/PPARG/TLR9/PPARD/ESRRA/PPARA/TERT/FOXP3/NFKB1/NFE2L2/ESR2/DNMT1/TNF/SNCA/RELA/NR3C1/MMP12/BCL2",25
"MF","GO:0051059","NF-kappaB binding","5/126","10/1383",0.5,5.48809523809524,4.50815096365758,0.00100686200501739,0.0138249898381234,0.0138249898381234,"EP300/GSK3B/PPARD/FOXP3/RELA",5
"MF","GO:0140296","general transcription initiation factor binding","5/126","11/1383",0.454545454545455,4.98917748917749,4.20411223641799,0.00171200832742189,0.022584360908682,0.022584360908682,"NR3C2/JUN/AHR/RELA/NR3C1",5
"MF","GO:0019899","enzyme binding","45/126","337/1383",0.13353115727003,1.46566341670199,3.11094894489469,0.0018314120993934,0.022584360908682,0.022584360908682,"MAP3K7/CYP1A1/PTPN2/PTK2/SELE/TOP2A/MAPK3/AKT1/HMOX1/JUN/PARP1/GSTM1/SLC6A4/SLC2A1/EGFR/PTPN1/RAC1/PTGS2/GSK3B/PPARG/BCHE/CYP2C19/SYK/GSTP1/LGALS9/PPARA/HSPA5/F3/ABCB1/FOXP3/MET/LGALS3/NFE2L2/CYP1A2/PCNA/ESR2/TNF/SNCA/SERPINE1/RELA/MAP2K1/NR3C1/CASP3/BCL2/MAPK1",45
"MF","GO:0008395","steroid hydroxylase activity","6/126","16/1383",0.375,4.11607142857143,3.96784586836299,0.00189537199958384,0.022584360908682,0.022584360908682,"CYP1A1/CYP19A1/CYP2C8/CYP1B1/CYP2C19/CYP1A2",6
"MF","GO:0004252","serine-type endopeptidase activity","9/126","33/1383",0.272727272727273,2.99350649350649,3.66842289760922,0.00189784545451109,0.022584360908682,0.022584360908682,"MMP13/MMP3/MMP2/F2/F3/MMP9/MMP1/MMP14/MMP12",9
"MF","GO:0019902","phosphatase binding","10/126","40/1383",0.25,2.74404761904762,3.54259889795832,0.00218573622959495,0.0239860026856248,0.0239860026856248,"PTK2/MAPK3/EGFR/PTPN1/SYK/PPARA/MET/LGALS3/BCL2/MAPK1",10
"MF","GO:0008289","lipid binding","21/126","123/1383",0.170731707317073,1.8739837398374,3.21397349726552,0.00234520344641791,0.0239860026856248,0.0239860026856248,"SELP/VDR/AKT1/NR3C2/IL2/BAX/TRPV1/NLRP3/NR1H4/PPARG/F2/PPARD/ESRRA/GSTP1/PPARA/F3/TLR2/TLR4/ESR2/SNCA/NR3C1",21
"MF","GO:0004672","protein kinase activity","17/126","91/1383",0.186813186813187,2.05049712192569,3.28137572893106,0.00235182952591078,0.0239860026856248,0.0239860026856248,"MAP3K7/PTK2/CCL2/MAPK3/AKT1/CDK1/EGFR/GSK3B/TOP1/PIK3CG/KDR/SYK/IGF1R/MET/BRAF/MAP2K1/MAPK1",17
"MF","GO:0001227","DNA-binding transcription repressor activity, RNA polymerase II-specific","9/126","34/1383",0.264705882352941,2.90546218487395,3.56045477122835,0.00238491038434576,0.0239860026856248,0.0239860026856248,"JUN/PPARG/PPARD/ESRRA/PPARA/FOXP3/NFKB1/RELA/NR3C1",9
"MF","GO:0008236","serine-type peptidase activity","9/126","34/1383",0.264705882352941,2.90546218487395,3.56045477122835,0.00238491038434576,0.0239860026856248,0.0239860026856248,"MMP13/MMP3/MMP2/F2/F3/MMP9/MMP1/MMP14/MMP12",9
"MF","GO:0140096","catalytic activity, acting on a protein","34/126","237/1383",0.143459915611814,1.57464335945349,3.07575622616044,0.00241875657334032,0.0239860026856248,0.0239860026856248,"MAP3K7/PTPN2/PTK2/MMP13/CCL2/MAPK3/AKT1/PARP1/CDK1/EP300/MMP3/MMP2/LTA4H/EGFR/PTPN1/GSK3B/TOP1/PIK3CG/KDR/F2/SYK/GAPDH/F3/ACE2/IGF1R/MET/MMP9/BRAF/MMP1/MAP2K1/MMP14/MMP12/CASP3/MAPK1",34
"MF","GO:0004674","protein serine/threonine kinase activity","12/126","55/1383",0.218181818181818,2.39480519480519,3.34093109522137,0.00281111731175869,0.0271234832512933,0.0271234832512933,"MAP3K7/MAPK3/AKT1/CDK1/EGFR/GSK3B/TOP1/PIK3CG/SYK/BRAF/MAP2K1/MAPK1",12
"MF","GO:0016709","oxidoreductase activity, acting on paired donors, with incorporation or reduction of molecular oxygen, NAD(P)H as one donor, and incorporation of one atom of oxygen","5/126","13/1383",0.384615384615385,4.22161172161172,3.69365428688592,0.00410415689952083,0.0385574740297088,0.0385574740297088,"CYP1A1/CYP2D6/NOS3/NOS2/CYP1B1",5
"MF","GO:0016773","phosphotransferase activity, alcohol group as acceptor","17/126","98/1383",0.173469387755102,1.90403304178814,2.93844409949847,0.00533282906010113,0.0482434174937336,0.0482434174937336,"MAP3K7/PTK2/CCL2/MAPK3/AKT1/CDK1/EGFR/GSK3B/TOP1/PIK3CG/KDR/SYK/IGF1R/MET/BRAF/MAP2K1/MAPK1",17
"MF","GO:0001217","DNA-binding transcription repressor activity","9/126","38/1383",0.236842105263158,2.59962406015038,3.16461031382362,0.00540542492926987,0.0482434174937336,0.0482434174937336,"JUN/PPARG/PPARD/ESRRA/PPARA/FOXP3/NFKB1/RELA/NR3C1",9
"MF","GO:0016772","transferase activity, transferring phosphorus-containing groups","19/126","115/1383",0.165217391304348,1.81345755693582,2.883339932321,0.00565112729604667,0.0492061571875283,0.0492061571875283,"MAP3K7/PTK2/CCL2/MAPK3/AKT1/PARP1/CDK1/EGFR/GSK3B/TOP1/PIK3CG/KDR/SYK/IGF1R/TERT/MET/BRAF/MAP2K1/MAPK1",19
