"gene","log2FC","pvalue","padj","pct.1","pct.2","method","contrast"
"Saa3",16.4227751590711,0,0,0.999,0.001,"macrophage_FindMarkers","Sepsis vs Sham"
"Lcn2",10.3189876064478,0,0,0.725,0.007,"macrophage_FindMarkers","Sepsis vs Sham"
"Mgl2",-6.43304386348379,0,0,0.055,0.74,"macrophage_FindMarkers","Sepsis vs Sham"
"S100a8",2.31070450762267,0,0,0.771,0.158,"macrophage_FindMarkers","Sepsis vs Sham"
"Mt2",3.62633464363909,0,0,0.866,0.271,"macrophage_FindMarkers","Sepsis vs Sham"
"Clec4d",3.54926745563596,0,0,0.575,0.065,"macrophage_FindMarkers","Sepsis vs Sham"
"Trf",-2.96899461425798,0,0,0.422,0.842,"macrophage_FindMarkers","Sepsis vs Sham"
"Sod2",2.61332537028355,0,0,0.881,0.475,"macrophage_FindMarkers","Sepsis vs Sham"
"Selenop",-3.64137367291344,0,0,0.562,0.923,"macrophage_FindMarkers","Sepsis vs Sham"
"Csf1r",-2.26712100162322,0,0,0.591,0.878,"macrophage_FindMarkers","Sepsis vs Sham"
"Itm2b",-2.20837428502476,0,0,0.824,0.946,"macrophage_FindMarkers","Sepsis vs Sham"
"Cst3",-2.03259779854589,0,0,0.903,0.95,"macrophage_FindMarkers","Sepsis vs Sham"
"Apoe",-2.27496903106043,0,0,0.951,0.993,"macrophage_FindMarkers","Sepsis vs Sham"
"H2-D1",-1.34498971593627,0,0,0.921,0.946,"macrophage_FindMarkers","Sepsis vs Sham"
"Hpgd",-4.4860982718199,1.08892028818159e-316,2.1389661220751e-312,0.107,0.669,"macrophage_FindMarkers","Sepsis vs Sham"
"Mrpl52",1.90431213797962,2.98262330386851e-303,5.85876695578891e-299,0.852,0.501,"macrophage_FindMarkers","Sepsis vs Sham"
"Fpr1",7.57887620241013,7.89668261784059e-298,1.55114536662243e-293,0.402,0.004,"macrophage_FindMarkers","Sepsis vs Sham"
"Hspa8",1.33869022993594,2.19202370638217e-295,4.3057921664465e-291,0.992,0.909,"macrophage_FindMarkers","Sepsis vs Sham"
"Pf4",-2.01629239670882,3.15139280039067e-294,6.19028087780739e-290,0.728,0.912,"macrophage_FindMarkers","Sepsis vs Sham"
"Psap",-1.81573923056775,5.52150441866869e-286,1.08458911295909e-281,0.666,0.906,"macrophage_FindMarkers","Sepsis vs Sham"
"Lyz2",-1.63418470238947,1.49493513414549e-281,2.93650108400198e-277,0.891,0.975,"macrophage_FindMarkers","Sepsis vs Sham"
"Il1rn",3.69305438723424,3.29693667178636e-280,6.47617270438994e-276,0.513,0.058,"macrophage_FindMarkers","Sepsis vs Sham"
"Fcrls",-3.28320012672471,4.4579454794538e-277,8.7567423052911e-273,0.234,0.705,"macrophage_FindMarkers","Sepsis vs Sham"
"Fcgr4",2.73647538620217,1.4012485025857e-276,2.75247243362909e-272,0.642,0.155,"macrophage_FindMarkers","Sepsis vs Sham"
"Acp5",3.85433932310096,4.68141836791253e-269,9.19571010009058e-265,0.491,0.062,"macrophage_FindMarkers","Sepsis vs Sham"
"Ighm",-5.32263722927021,7.49199507444404e-261,1.47165259247304e-256,0.035,0.549,"macrophage_FindMarkers","Sepsis vs Sham"
"Nme2",1.35451921517544,2.62281566632584e-260,5.15199681336384e-256,0.922,0.749,"macrophage_FindMarkers","Sepsis vs Sham"
"Plin2",1.68228793321263,1.66368692969853e-256,3.26798023600683e-252,0.902,0.564,"macrophage_FindMarkers","Sepsis vs Sham"
"H2-Ab1",-4.8632323654866,2.56730646982586e-254,5.04296009867894e-250,0.238,0.678,"macrophage_FindMarkers","Sepsis vs Sham"
"H2-Aa",-4.93213702629929,2.77230141517114e-251,5.44563166982067e-247,0.186,0.646,"macrophage_FindMarkers","Sepsis vs Sham"
"Gas6",-3.78769694356227,4.21027325578046e-251,8.27023975632956e-247,0.162,0.64,"macrophage_FindMarkers","Sepsis vs Sham"
"Cd74",-3.81764160641686,7.6779469615262e-246,1.50817912165259e-241,0.493,0.808,"macrophage_FindMarkers","Sepsis vs Sham"
"Hspa1b",2.61444811927172,3.78134420151197e-245,7.42769441502996e-241,0.878,0.528,"macrophage_FindMarkers","Sepsis vs Sham"
"Fpr2",4.50463084319451,4.09703395629657e-245,8.04780380035335e-241,0.38,0.016,"macrophage_FindMarkers","Sepsis vs Sham"
"Pkm",1.7734504088486,1.52815888887195e-241,3.00176250541116e-237,0.835,0.519,"macrophage_FindMarkers","Sepsis vs Sham"
"Mrc1",-2.11803029530668,3.28003600588806e-240,6.44297472636591e-236,0.535,0.837,"macrophage_FindMarkers","Sepsis vs Sham"
"Irak3",3.0079831359664,9.44986565440005e-240,1.8562371104938e-235,0.485,0.071,"macrophage_FindMarkers","Sepsis vs Sham"
"Cebpb",1.43581838625454,5.23430677663889e-239,1.02817488013518e-234,0.965,0.753,"macrophage_FindMarkers","Sepsis vs Sham"
"H2-Eb1",-4.8276805065132,5.73291185513827e-239,1.12611587570481e-234,0.215,0.65,"macrophage_FindMarkers","Sepsis vs Sham"
"H2-DMa",-3.83133323705721,7.60833830284543e-239,1.49450589282793e-234,0.149,0.609,"macrophage_FindMarkers","Sepsis vs Sham"
"Igfbp4",-3.49372472047381,1.32292249512294e-235,2.59861665717e-231,0.147,0.618,"macrophage_FindMarkers","Sepsis vs Sham"
"Nfil3",2.80632599570807,1.27954348099175e-232,2.5134072597121e-228,0.497,0.084,"macrophage_FindMarkers","Sepsis vs Sham"
"Bola2",1.71146529212878,1.06409551394723e-231,2.09020281804654e-227,0.801,0.46,"macrophage_FindMarkers","Sepsis vs Sham"
"Gapdh",1.14724927931831,2.62368764756561e-231,5.15370964611314e-227,0.949,0.814,"macrophage_FindMarkers","Sepsis vs Sham"
"Hexa",-2.28900503990566,2.88340638795976e-230,5.66387516786935e-226,0.44,0.756,"macrophage_FindMarkers","Sepsis vs Sham"
"Cd81",-1.62431824380014,4.13113476923775e-228,8.11478802721371e-224,0.696,0.844,"macrophage_FindMarkers","Sepsis vs Sham"
"H2-K1",-1.33643433166435,4.60425393473949e-228,9.04413600400878e-224,0.827,0.913,"macrophage_FindMarkers","Sepsis vs Sham"
"Egr1",-1.64844263263729,4.96992123179613e-227,9.76241627561714e-223,0.794,0.917,"macrophage_FindMarkers","Sepsis vs Sham"
"Fcgrt",-2.64531821064427,3.67653588387555e-221,7.22181943669674e-217,0.381,0.732,"macrophage_FindMarkers","Sepsis vs Sham"
"Fkbp5",3.34291345242122,9.06196666559046e-220,1.78004211212193e-215,0.421,0.051,"macrophage_FindMarkers","Sepsis vs Sham"
"Mef2c",-2.38258541461762,2.83434738305928e-219,5.56750856454335e-215,0.341,0.722,"macrophage_FindMarkers","Sepsis vs Sham"
"Ctsc",-1.43031465404685,3.01032561782248e-219,5.9131826110887e-215,0.771,0.887,"macrophage_FindMarkers","Sepsis vs Sham"
"Pirb",1.66406284044851,5.88801415642742e-218,1.15658262074704e-213,0.768,0.386,"macrophage_FindMarkers","Sepsis vs Sham"
"Gsr",3.45622905935438,2.64241607321264e-215,5.19049789261159e-211,0.442,0.064,"macrophage_FindMarkers","Sepsis vs Sham"
"Ehd1",1.48885749528663,1.45484680782066e-210,2.85775558460212e-206,0.781,0.377,"macrophage_FindMarkers","Sepsis vs Sham"
"Pld4",-2.62399707077378,8.4509888469421e-205,1.66002773920484e-200,0.261,0.669,"macrophage_FindMarkers","Sepsis vs Sham"
"Hspa1a",2.17572480573217,1.11747162372471e-202,2.19504951048244e-198,0.947,0.762,"macrophage_FindMarkers","Sepsis vs Sham"
"Txn1",1.38577915086244,1.59957149291735e-202,3.14203828353755e-198,0.864,0.602,"macrophage_FindMarkers","Sepsis vs Sham"
"Hsp90ab1",1.02088077684535,2.11671169426082e-196,4.15785678103653e-192,0.987,0.898,"macrophage_FindMarkers","Sepsis vs Sham"
"Mt1",1.30488758548549,3.02032496853889e-190,5.93282433570095e-186,0.984,0.871,"macrophage_FindMarkers","Sepsis vs Sham"
"Bst1",2.54938889769688,5.17344866394173e-189,1.01622052105807e-184,0.512,0.134,"macrophage_FindMarkers","Sepsis vs Sham"
"Igf1",-3.97785528189193,8.58864861241881e-189,1.68706824693743e-184,0.075,0.494,"macrophage_FindMarkers","Sepsis vs Sham"
"Manf",1.64018590186153,1.15315977718553e-186,2.26515175032554e-182,0.754,0.415,"macrophage_FindMarkers","Sepsis vs Sham"
"Ms4a6d",2.0132091009832,2.64642197061543e-186,5.19836667687989e-182,0.74,0.465,"macrophage_FindMarkers","Sepsis vs Sham"
"Serinc3",-1.32219131123156,4.08619869793707e-183,8.02652010235779e-179,0.694,0.86,"macrophage_FindMarkers","Sepsis vs Sham"
"Unc93b1",-1.76768801380737,2.68897763381864e-182,5.28195876610996e-178,0.548,0.781,"macrophage_FindMarkers","Sepsis vs Sham"
"Ctsb",-1.09983563645177,1.25315479237607e-175,2.46157195866432e-171,0.923,0.933,"macrophage_FindMarkers","Sepsis vs Sham"
"Ly86",-2.04494589842137,1.37033971242808e-175,2.69175829712248e-171,0.374,0.698,"macrophage_FindMarkers","Sepsis vs Sham"
"Gpr34",-7.02063114524501,6.44271328948125e-175,1.2655421714528e-170,0.007,0.385,"macrophage_FindMarkers","Sepsis vs Sham"
"Rgs10",-1.63891379659148,7.89191693446729e-174,1.55020924343741e-169,0.567,0.763,"macrophage_FindMarkers","Sepsis vs Sham"
"Clec4e",3.08410428701373,1.26813405916937e-173,2.49099573242639e-169,0.327,0.032,"macrophage_FindMarkers","Sepsis vs Sham"
"Pycard",1.62368238760523,1.45691153834868e-172,2.86181133477831e-168,0.75,0.468,"macrophage_FindMarkers","Sepsis vs Sham"
"Glrx",2.49297709407451,3.1835712924036e-168,6.25348908966839e-164,0.48,0.122,"macrophage_FindMarkers","Sepsis vs Sham"
"Mif",1.71499943174594,9.82624217750672e-168,1.93016875092764e-163,0.727,0.373,"macrophage_FindMarkers","Sepsis vs Sham"
"H2-DMb1",-3.99376923750252,1.67284952954226e-165,3.28597833087986e-161,0.096,0.47,"macrophage_FindMarkers","Sepsis vs Sham"
"S100a9",1.03742135512485,1.1735764716652e-164,2.30525626329196e-160,0.626,0.205,"macrophage_FindMarkers","Sepsis vs Sham"
"Sec61g",1.10576273606119,4.09464757748913e-164,8.0431162364619e-160,0.858,0.693,"macrophage_FindMarkers","Sepsis vs Sham"
"Itgam",1.76184871190497,1.71068295363388e-162,3.36029452582303e-158,0.71,0.389,"macrophage_FindMarkers","Sepsis vs Sham"
"Hspe1",1.44139326417253,3.85921030938265e-161,7.58064681072033e-157,0.806,0.522,"macrophage_FindMarkers","Sepsis vs Sham"
"Timp2",-1.82346122621309,5.08955382200228e-161,9.99741057255907e-157,0.544,0.761,"macrophage_FindMarkers","Sepsis vs Sham"
"Fbxl5",2.52534110860385,5.3222957365093e-160,1.04545855152252e-155,0.496,0.145,"macrophage_FindMarkers","Sepsis vs Sham"
"Ikbke",3.77431950384019,1.06694433168173e-158,2.09579875072243e-154,0.275,0.017,"macrophage_FindMarkers","Sepsis vs Sham"
"Hp",6.44031741129239,1.04288986370399e-152,2.04854855927375e-148,0.251,0.013,"macrophage_FindMarkers","Sepsis vs Sham"
"Fosb",-1.31382618620438,2.92056655344033e-152,5.73686888092284e-148,0.871,0.931,"macrophage_FindMarkers","Sepsis vs Sham"
"Msr1",1.62629625645328,4.98579148826617e-152,9.79359022040124e-148,0.654,0.314,"macrophage_FindMarkers","Sepsis vs Sham"
"Hsph1",2.77164448401313,3.59273276881767e-151,7.05720497778855e-147,0.426,0.1,"macrophage_FindMarkers","Sepsis vs Sham"
"Ccl24",-4.76715307016305,3.90380138110163e-149,7.66823705289793e-145,0.041,0.386,"macrophage_FindMarkers","Sepsis vs Sham"
"Ctsh",-1.43739018302179,4.44216226818733e-149,8.72573934340038e-145,0.645,0.783,"macrophage_FindMarkers","Sepsis vs Sham"
"Mmp19",4.62857790416329,1.15474482967812e-148,2.26826526893674e-144,0.247,0.012,"macrophage_FindMarkers","Sepsis vs Sham"
"Atp5g1",1.04664738370437,1.21098256860262e-148,2.37873305950612e-144,0.852,0.633,"macrophage_FindMarkers","Sepsis vs Sham"
"Ttc39c",4.83338823495196,5.87846926890023e-148,1.15470771849007e-143,0.253,0.014,"macrophage_FindMarkers","Sepsis vs Sham"
"Ms4a8a",3.74405563493403,1.52752652588659e-143,3.00052035479903e-139,0.267,0.024,"macrophage_FindMarkers","Sepsis vs Sham"
"Cfh",-1.73829726511746,4.43101996831104e-143,8.70385252375338e-139,0.537,0.766,"macrophage_FindMarkers","Sepsis vs Sham"
"Wfdc21",5.92486886790347,9.48762638084687e-142,1.86365444998975e-137,0.221,0.007,"macrophage_FindMarkers","Sepsis vs Sham"
"Slco2b1",-3.91752749347939,1.36949908541438e-141,2.69010705347946e-137,0.053,0.386,"macrophage_FindMarkers","Sepsis vs Sham"
"Adam8",3.75371305043229,1.89134329882856e-138,3.71516564188894e-134,0.273,0.028,"macrophage_FindMarkers","Sepsis vs Sham"
"Sdc4",1.18116117600673,2.12965586873079e-138,4.18328302294788e-134,0.817,0.506,"macrophage_FindMarkers","Sepsis vs Sham"
"Ltc4s",-2.98036268041321,2.14256913775809e-137,4.20864855729821e-133,0.142,0.486,"macrophage_FindMarkers","Sepsis vs Sham"
"Osm",2.5196190509459,4.96137991451827e-137,9.74563856608823e-133,0.366,0.075,"macrophage_FindMarkers","Sepsis vs Sham"
"Cd38",1.68898408746759,4.10059345911163e-135,8.05479573173298e-131,0.526,0.185,"macrophage_FindMarkers","Sepsis vs Sham"
"Aldoa",1.17343316148326,6.9794008769727e-134,1.37096371426375e-129,0.783,0.531,"macrophage_FindMarkers","Sepsis vs Sham"
"Fgr",4.33383033380703,5.19648588395377e-133,1.02074572218504e-128,0.227,0.013,"macrophage_FindMarkers","Sepsis vs Sham"
"Ifi27l2a",1.41764502351937,2.28715459113792e-132,4.49265776337222e-128,0.962,0.883,"macrophage_FindMarkers","Sepsis vs Sham"
"Pgam1",1.55361309275975,6.88879543255561e-132,1.3531660868169e-127,0.632,0.313,"macrophage_FindMarkers","Sepsis vs Sham"
"1700017B05Rik",1.58278245381047,5.34245361294656e-131,1.04941816319109e-126,0.51,0.175,"macrophage_FindMarkers","Sepsis vs Sham"
"Riok3",1.246282183556,2.84822291998326e-130,5.59476428172311e-126,0.669,0.318,"macrophage_FindMarkers","Sepsis vs Sham"
"Mmp14",3.50064279209328,6.1656639677551e-130,1.21112137318613e-125,0.248,0.021,"macrophage_FindMarkers","Sepsis vs Sham"
"S100a10",1.24940678504852,2.23607974966362e-128,4.39233145226424e-124,0.822,0.585,"macrophage_FindMarkers","Sepsis vs Sham"
"Ets2",1.16313272369991,2.78353013996964e-128,5.46768825394237e-124,0.761,0.437,"macrophage_FindMarkers","Sepsis vs Sham"
"Sec61b",1.03520486024394,1.08253920074174e-126,2.126431752017e-122,0.814,0.632,"macrophage_FindMarkers","Sepsis vs Sham"
"Pgk1",1.71526256876629,4.94156203722484e-126,9.70671030972075e-122,0.549,0.222,"macrophage_FindMarkers","Sepsis vs Sham"
"Gda",1.92158363054277,1.32680572274674e-125,2.60624448119141e-121,0.379,0.091,"macrophage_FindMarkers","Sepsis vs Sham"
"Psma6",1.40755724454012,5.3678625683163e-125,1.05440924429437e-120,0.639,0.335,"macrophage_FindMarkers","Sepsis vs Sham"
"Ehd4",-1.50972284799553,1.40141645725265e-123,2.75280234698138e-119,0.565,0.745,"macrophage_FindMarkers","Sepsis vs Sham"
"Lamp1",-1.10801546889065,1.16156309886467e-122,2.28165839509987e-118,0.689,0.831,"macrophage_FindMarkers","Sepsis vs Sham"
"Stab1",-1.94228184611216,1.73210983393466e-122,3.40238334679786e-118,0.579,0.759,"macrophage_FindMarkers","Sepsis vs Sham"
"Serp1",1.3660222632348,2.92370991471603e-122,5.74304338547669e-118,0.682,0.384,"macrophage_FindMarkers","Sepsis vs Sham"
"Pgs1",1.73423386432654,1.20649254422322e-118,2.36991330461767e-114,0.393,0.106,"macrophage_FindMarkers","Sepsis vs Sham"
"Ppp1r14b",1.22810741817771,1.73033804098678e-118,3.39890301391033e-114,0.704,0.436,"macrophage_FindMarkers","Sepsis vs Sham"
"Slc39a14",3.01048141172479,2.70815297454587e-118,5.31962488790045e-114,0.226,0.019,"macrophage_FindMarkers","Sepsis vs Sham"
"Lrg1",4.13841842746211,5.93000414813121e-118,1.16483071481741e-113,0.192,0.008,"macrophage_FindMarkers","Sepsis vs Sham"
"Hspd1",1.41693946135948,6.90572709949541e-117,1.35649197415388e-112,0.633,0.317,"macrophage_FindMarkers","Sepsis vs Sham"
"Plaur",1.669136304616,1.14405432332914e-115,2.24726590731542e-111,0.427,0.126,"macrophage_FindMarkers","Sepsis vs Sham"
"Fxyd2",-3.03213357781089,4.05267840884487e-115,7.96067619849398e-111,0.131,0.427,"macrophage_FindMarkers","Sepsis vs Sham"
"Hsp90aa1",1.02542575768862,4.652850238133e-113,9.13959372276465e-109,0.973,0.875,"macrophage_FindMarkers","Sepsis vs Sham"
"Hck",1.29652610595079,5.74521085507108e-113,1.12853176826161e-108,0.61,0.296,"macrophage_FindMarkers","Sepsis vs Sham"
"Dnaja1",1.23814746639245,1.0281141534416e-112,2.01952463160533e-108,0.879,0.676,"macrophage_FindMarkers","Sepsis vs Sham"
"Samsn1",1.320358723242,2.20899146392402e-112,4.33912193258596e-108,0.578,0.25,"macrophage_FindMarkers","Sepsis vs Sham"
"Pik3r5",2.02864547327297,2.6978355498244e-112,5.29935837052007e-108,0.346,0.082,"macrophage_FindMarkers","Sepsis vs Sham"
"Ypel3",-2.42664465831652,1.27567838269627e-111,2.50581504713028e-107,0.15,0.444,"macrophage_FindMarkers","Sepsis vs Sham"
"Serpina3n",5.46408829371961,1.27910167021362e-111,2.51253941080061e-107,0.169,0.003,"macrophage_FindMarkers","Sepsis vs Sham"
"Ms4a6c",1.10586048227026,1.74949577068261e-111,3.43653454235185e-107,0.816,0.659,"macrophage_FindMarkers","Sepsis vs Sham"
"Man2b1",-1.88345302698529,5.08035967477337e-111,9.97935050915733e-107,0.374,0.637,"macrophage_FindMarkers","Sepsis vs Sham"
"Cycs",1.0249005236477,1.81788824857237e-110,3.57087788667071e-106,0.708,0.392,"macrophage_FindMarkers","Sepsis vs Sham"
"Nus1",1.60367739281519,1.57499505577692e-109,3.09376278806261e-105,0.43,0.136,"macrophage_FindMarkers","Sepsis vs Sham"
"Gatm",-2.79011536099213,7.89826818582415e-108,1.55145681974144e-103,0.139,0.426,"macrophage_FindMarkers","Sepsis vs Sham"
"Rilpl2",1.28601932789071,1.24996906845544e-106,2.45531424116702e-102,0.672,0.361,"macrophage_FindMarkers","Sepsis vs Sham"
"Dtx2",2.23289553030963,5.70942393147934e-106,1.12150214286049e-101,0.26,0.042,"macrophage_FindMarkers","Sepsis vs Sham"
"Lgmn",-1.00575400205124,2.2553480945365e-105,4.43018026209805e-101,0.712,0.82,"macrophage_FindMarkers","Sepsis vs Sham"
"Wwp1",-2.35440411326453,3.31194409563106e-105,6.50565178704809e-101,0.266,0.532,"macrophage_FindMarkers","Sepsis vs Sham"
"Gnl3",1.20168001945488,5.15144812869401e-105,1.01189895591936e-100,0.657,0.342,"macrophage_FindMarkers","Sepsis vs Sham"
"Zbp1",1.53218930602393,1.70389614952677e-104,3.34696320651543e-100,0.453,0.16,"macrophage_FindMarkers","Sepsis vs Sham"
"Hacd4",-2.5855501663905,2.64516747507614e-104,5.19590247129206e-100,0.13,0.411,"macrophage_FindMarkers","Sepsis vs Sham"
"Dab2",-1.28817330504863,2.92985238934476e-104,5.75510904838991e-100,0.656,0.799,"macrophage_FindMarkers","Sepsis vs Sham"
"Cxcl13",7.28776786088206,1.97932810811491e-102,3.88799420277012e-98,0.162,0.005,"macrophage_FindMarkers","Sepsis vs Sham"
"Aprt",1.26514166844982,2.07384805647749e-102,4.07365973733874e-98,0.617,0.326,"macrophage_FindMarkers","Sepsis vs Sham"
"Aldh2",-2.06688045918045,6.28391832427686e-102,1.2343500764377e-97,0.287,0.543,"macrophage_FindMarkers","Sepsis vs Sham"
"Ly6a",2.32621838195087,2.33693581887215e-100,4.59044302901057e-96,0.297,0.064,"macrophage_FindMarkers","Sepsis vs Sham"
"Cybb",-1.12138786192407,1.38466493238539e-99,2.71989732668463e-95,0.62,0.783,"macrophage_FindMarkers","Sepsis vs Sham"
"Nme1",1.13519911996697,2.06203426089995e-99,4.05045389868577e-95,0.678,0.423,"macrophage_FindMarkers","Sepsis vs Sham"
"Cd44",1.12246347121572,4.97673656533291e-99,9.77580363528344e-95,0.718,0.427,"macrophage_FindMarkers","Sepsis vs Sham"
"Fam129a",-3.01985792125466,1.10428392300639e-98,2.16914490996146e-94,0.097,0.367,"macrophage_FindMarkers","Sepsis vs Sham"
"Prg4",3.99257620685969,1.65343951321353e-98,3.24785123580533e-94,0.156,0.005,"macrophage_FindMarkers","Sepsis vs Sham"
"H2-T23",-1.62526452104249,6.33666957116367e-98,1.24471200386368e-93,0.42,0.63,"macrophage_FindMarkers","Sepsis vs Sham"
"Maf",-1.25484724378457,9.40050667432108e-97,1.84654152603689e-92,0.688,0.782,"macrophage_FindMarkers","Sepsis vs Sham"
"Cacna1d",1.74245536827024,3.70439563653057e-96,7.27654434883699e-92,0.315,0.074,"macrophage_FindMarkers","Sepsis vs Sham"
"Apoc2",2.90352541318682,5.86517787625048e-96,1.15209689023188e-91,0.223,0.031,"macrophage_FindMarkers","Sepsis vs Sham"
"Nlrp3",1.21211492800026,2.23583685366804e-95,4.39185433166012e-91,0.66,0.364,"macrophage_FindMarkers","Sepsis vs Sham"
"Tma16",2.23872384369863,6.24400177751809e-95,1.22650926915788e-90,0.27,0.056,"macrophage_FindMarkers","Sepsis vs Sham"
"Pea15a",-2.16259140425132,6.70446001039164e-95,1.31695707984123e-90,0.22,0.479,"macrophage_FindMarkers","Sepsis vs Sham"
"Hmox1",1.08076688896938,5.18585178004711e-94,1.01865686515465e-89,0.867,0.669,"macrophage_FindMarkers","Sepsis vs Sham"
"Trib1",1.03107422694706,5.92156316767149e-94,1.16317265302571e-89,0.74,0.434,"macrophage_FindMarkers","Sepsis vs Sham"
"Lsp1",-1.79021246269297,2.42039393002264e-93,4.75437979674347e-89,0.282,0.549,"macrophage_FindMarkers","Sepsis vs Sham"
"Gpr35",4.22950686263694,1.17452423775375e-92,2.3071179602197e-88,0.159,0.009,"macrophage_FindMarkers","Sepsis vs Sham"
"Srm",2.01536575948178,1.92501686845921e-92,3.78131063471443e-88,0.286,0.067,"macrophage_FindMarkers","Sepsis vs Sham"
"Mrto4",1.45096247601182,8.89569237650625e-92,1.74738085351712e-87,0.371,0.118,"macrophage_FindMarkers","Sepsis vs Sham"
"Sik1",1.89559950101867,1.84161267739408e-91,3.61747978220519e-87,0.309,0.078,"macrophage_FindMarkers","Sepsis vs Sham"
"Ephx1",-4.21525007368039,2.69368107800887e-91,5.29119774153283e-87,0.028,0.262,"macrophage_FindMarkers","Sepsis vs Sham"
"Ell2",2.17106828348168,5.3210135748856e-91,1.04520669651478e-86,0.266,0.055,"macrophage_FindMarkers","Sepsis vs Sham"
"Lilra5",-2.24864556546771,7.96330418158708e-91,1.56423184038915e-86,0.157,0.421,"macrophage_FindMarkers","Sepsis vs Sham"
"Tuba1c",1.01153499540531,9.01895576662428e-91,1.77159348123801e-86,0.682,0.392,"macrophage_FindMarkers","Sepsis vs Sham"
"Bmyc",-2.27522310638095,5.48484231157383e-90,1.07738757526245e-85,0.137,0.402,"macrophage_FindMarkers","Sepsis vs Sham"
"Folr2",-2.22125377217461,9.46919395220335e-90,1.8600337680313e-85,0.395,0.575,"macrophage_FindMarkers","Sepsis vs Sham"
"Pilra",1.23168580511466,4.59117866798171e-89,9.01845225751648e-85,0.5,0.217,"macrophage_FindMarkers","Sepsis vs Sham"
"Bank1",-4.48905245327612,5.42454797717237e-89,1.06554395915597e-84,0.026,0.252,"macrophage_FindMarkers","Sepsis vs Sham"
"Rgs1",1.58488501384855,7.02386085634516e-89,1.37969698801188e-84,0.636,0.356,"macrophage_FindMarkers","Sepsis vs Sham"
"Ccdc86",1.21280513126228,2.05042644923742e-88,4.02765267423707e-84,0.449,0.179,"macrophage_FindMarkers","Sepsis vs Sham"
"Cd48",-1.48239556315428,2.8844755478508e-88,5.66597531864332e-84,0.4,0.601,"macrophage_FindMarkers","Sepsis vs Sham"
"Pepd",-2.03843110068109,3.94831069497398e-88,7.75566669813738e-84,0.312,0.531,"macrophage_FindMarkers","Sepsis vs Sham"
"Por",1.43489228134716,3.80566898167715e-87,7.47547558070843e-83,0.365,0.119,"macrophage_FindMarkers","Sepsis vs Sham"
"Slc7a11",3.31353855488701,4.92206637963688e-87,9.66841498952072e-83,0.185,0.021,"macrophage_FindMarkers","Sepsis vs Sham"
"Asah1",-1.58958091171411,1.44452524153578e-86,2.83748093194874e-82,0.356,0.575,"macrophage_FindMarkers","Sepsis vs Sham"
"Timd4",-3.91319018664848,3.30482738415473e-86,6.49167243069515e-82,0.041,0.27,"macrophage_FindMarkers","Sepsis vs Sham"
"Snx18",1.05730740145645,3.89673317820521e-86,7.65435298194849e-82,0.537,0.253,"macrophage_FindMarkers","Sepsis vs Sham"
"Snx5",-1.28390608223488,3.73313801966751e-85,7.33300301203289e-81,0.515,0.68,"macrophage_FindMarkers","Sepsis vs Sham"
"Clec12a",-2.12619325394324,1.22180475300105e-84,2.39999107631996e-80,0.153,0.411,"macrophage_FindMarkers","Sepsis vs Sham"
"Psmc1",1.24206471537898,1.54127545562357e-84,3.02752737748137e-80,0.442,0.177,"macrophage_FindMarkers","Sepsis vs Sham"
"Lmo2",-2.09330631946463,2.6025364647312e-84,5.11216237767149e-80,0.236,0.466,"macrophage_FindMarkers","Sepsis vs Sham"
"Slc13a3",2.99572522021719,3.22178576851991e-84,6.32855378510367e-80,0.226,0.043,"macrophage_FindMarkers","Sepsis vs Sham"
"H2afv",-1.97695145397873,1.09790945281572e-83,2.15662353816593e-79,0.162,0.421,"macrophage_FindMarkers","Sepsis vs Sham"
"Tnip3",2.44204284936801,1.74467667688812e-83,3.42706839641133e-79,0.249,0.053,"macrophage_FindMarkers","Sepsis vs Sham"
"Ppa1",1.58394282129276,1.8345501631158e-83,3.60360688540837e-79,0.33,0.096,"macrophage_FindMarkers","Sepsis vs Sham"
"Polr2l",1.13166859916621,1.95852526168598e-83,3.84713117152978e-79,0.554,0.265,"macrophage_FindMarkers","Sepsis vs Sham"
"Wfdc17",1.42464243479838,1.16007148083125e-82,2.27872840979683e-78,0.868,0.716,"macrophage_FindMarkers","Sepsis vs Sham"
"Serpinf1",-2.97638312089867,2.72957223744706e-82,5.36169874601727e-78,0.059,0.291,"macrophage_FindMarkers","Sepsis vs Sham"
"Rnase4",-1.8844717098329,1.60710472202212e-81,3.15683580546804e-77,0.282,0.509,"macrophage_FindMarkers","Sepsis vs Sham"
"Abca9",-2.94157952874078,4.10743654753286e-81,8.0682376103188e-77,0.09,0.331,"macrophage_FindMarkers","Sepsis vs Sham"
"Slc2a1",1.99366942128873,5.36188006723771e-81,1.0532341016075e-76,0.243,0.054,"macrophage_FindMarkers","Sepsis vs Sham"
"Osgin2",2.08861285323543,8.39618997705543e-81,1.649263597193e-76,0.273,0.069,"macrophage_FindMarkers","Sepsis vs Sham"
"Ly6c1",2.16941608499248,1.50356293500287e-80,2.95344867322615e-76,0.267,0.064,"macrophage_FindMarkers","Sepsis vs Sham"
"Cpd",1.4432513527182,5.34299282337081e-80,1.04952408029473e-75,0.387,0.144,"macrophage_FindMarkers","Sepsis vs Sham"
"1110008P14Rik",1.72744702669994,1.5567786171493e-79,3.05798023766636e-75,0.345,0.116,"macrophage_FindMarkers","Sepsis vs Sham"
"Capg",1.00246248326855,4.94169124560469e-79,9.70696411374129e-75,0.615,0.347,"macrophage_FindMarkers","Sepsis vs Sham"
"Rnf149",1.37871496057116,1.10029794686205e-78,2.16131525702113e-74,0.39,0.148,"macrophage_FindMarkers","Sepsis vs Sham"
"Fbl",1.0196363618972,2.692928006963e-77,5.28971848407742e-73,0.541,0.273,"macrophage_FindMarkers","Sepsis vs Sham"
"Mdm2",1.11821802328214,4.15450130209643e-77,8.16068690770801e-73,0.564,0.285,"macrophage_FindMarkers","Sepsis vs Sham"
"Noct",2.47493468236891,5.45958914165648e-77,1.07242709509558e-72,0.212,0.039,"macrophage_FindMarkers","Sepsis vs Sham"
"Polr2f",1.01578707822163,1.27371577990778e-76,2.50195990647285e-72,0.584,0.314,"macrophage_FindMarkers","Sepsis vs Sham"
"1110038B12Rik",1.27114916026899,4.04036949510795e-76,7.93649779924054e-72,0.51,0.248,"macrophage_FindMarkers","Sepsis vs Sham"
"Smagp",-1.65165487657351,1.26652226665937e-75,2.487829688399e-71,0.299,0.513,"macrophage_FindMarkers","Sepsis vs Sham"
"Stard8",-2.83927044479844,1.73776627623268e-75,3.41349429640386e-71,0.102,0.326,"macrophage_FindMarkers","Sepsis vs Sham"
"Ybx3",1.15963620185047,2.66486196320014e-75,5.23458835431404e-71,0.451,0.196,"macrophage_FindMarkers","Sepsis vs Sham"
"Ecm1",1.30300764833332,4.22370813908551e-75,8.29662989760566e-71,0.509,0.253,"macrophage_FindMarkers","Sepsis vs Sham"
"Slc9a9",-2.83959683294411,4.13426277957621e-74,8.12093237792156e-70,0.09,0.312,"macrophage_FindMarkers","Sepsis vs Sham"
"Cd83",-1.44917056277704,1.31944826679269e-72,2.59179223046088e-68,0.411,0.608,"macrophage_FindMarkers","Sepsis vs Sham"
"Ms4a4a",2.17177055153386,1.4915584738025e-72,2.92986831009024e-68,0.224,0.047,"macrophage_FindMarkers","Sepsis vs Sham"
"Jdp2",1.24013181960601,2.12804447134377e-72,4.18011775506057e-68,0.415,0.169,"macrophage_FindMarkers","Sepsis vs Sham"
"Ptp4a2",-1.19939763929151,1.30177090085269e-71,2.55706858054493e-67,0.525,0.685,"macrophage_FindMarkers","Sepsis vs Sham"
"Lrrc59",1.20660205558503,1.55670400868168e-71,3.05783368425343e-67,0.433,0.192,"macrophage_FindMarkers","Sepsis vs Sham"
"Otulinl",-1.92278982584242,2.15432554356302e-71,4.23174166522085e-67,0.189,0.411,"macrophage_FindMarkers","Sepsis vs Sham"
"Zfp593",1.33920675000457,1.23802555660694e-70,2.43185360084301e-66,0.348,0.127,"macrophage_FindMarkers","Sepsis vs Sham"
"Il4ra",1.04300710109801,3.38601843207399e-70,6.65115600612293e-66,0.513,0.255,"macrophage_FindMarkers","Sepsis vs Sham"
"Nolc1",1.1277697224504,5.54556420675891e-70,1.08931517713365e-65,0.399,0.159,"macrophage_FindMarkers","Sepsis vs Sham"
"Tmem59",-1.42132002652375,7.96983378706572e-70,1.56551445079332e-65,0.383,0.568,"macrophage_FindMarkers","Sepsis vs Sham"
"Tgfbr2",-1.86942906261037,8.02100616766478e-70,1.57556624151439e-65,0.242,0.459,"macrophage_FindMarkers","Sepsis vs Sham"
"Entpd1",-2.40779759344859,1.97967383879307e-69,3.88867332154122e-65,0.11,0.327,"macrophage_FindMarkers","Sepsis vs Sham"
"Nhp2",1.16204984598694,2.82482632461372e-69,5.54880634943872e-65,0.49,0.24,"macrophage_FindMarkers","Sepsis vs Sham"
"Lair1",-1.94468490898454,8.16915019608755e-69,1.60466617301748e-64,0.213,0.432,"macrophage_FindMarkers","Sepsis vs Sham"
"Tmem189",1.01118440982166,1.90898103812913e-68,3.74981145319705e-64,0.442,0.199,"macrophage_FindMarkers","Sepsis vs Sham"
"Gm2a",-1.76262583492023,3.60018449055811e-68,7.07184239480329e-64,0.248,0.463,"macrophage_FindMarkers","Sepsis vs Sham"
"Hspb1",2.06459671820054,1.16368143714855e-67,2.2858194469909e-63,0.384,0.16,"macrophage_FindMarkers","Sepsis vs Sham"
"Ftsj3",1.54914741223474,1.31039777430107e-67,2.57401434805959e-63,0.281,0.086,"macrophage_FindMarkers","Sepsis vs Sham"
"Chd7",1.1023772763462,2.53428457082871e-67,4.97809518247884e-63,0.381,0.152,"macrophage_FindMarkers","Sepsis vs Sham"
"Id2",1.12271196571486,4.28887823619822e-67,8.42464351936417e-63,0.698,0.441,"macrophage_FindMarkers","Sepsis vs Sham"
"Cmah",-3.82791088680697,8.72762328443626e-67,1.71436704176181e-62,0.021,0.204,"macrophage_FindMarkers","Sepsis vs Sham"
"Mettl1",1.97367733072141,2.09734453058708e-66,4.11981386143221e-62,0.215,0.05,"macrophage_FindMarkers","Sepsis vs Sham"
"Dusp2",1.73218618637094,2.44524276347757e-66,4.80319036029899e-62,0.437,0.214,"macrophage_FindMarkers","Sepsis vs Sham"
"Hexb",-1.59192642998522,3.58518820625242e-66,7.04238519354164e-62,0.338,0.534,"macrophage_FindMarkers","Sepsis vs Sham"
"Rnaset2a",-1.30437206058009,3.60743953141403e-66,7.08609347155659e-62,0.434,0.589,"macrophage_FindMarkers","Sepsis vs Sham"
"Ctla2a",2.09350178552101,2.14982577652629e-65,4.22290277283059e-61,0.306,0.108,"macrophage_FindMarkers","Sepsis vs Sham"
"Sulf2",-3.30326945194807,2.72033173997696e-65,5.34354763683674e-61,0.047,0.236,"macrophage_FindMarkers","Sepsis vs Sham"
"Marco",5.92140791399999,4.41522529310594e-65,8.672827043248e-61,0.116,0.007,"macrophage_FindMarkers","Sepsis vs Sham"
"Rab3il1",-1.63278112091658,7.48069933060172e-65,1.4694337695101e-60,0.309,0.505,"macrophage_FindMarkers","Sepsis vs Sham"
"Mphosph10",1.54700139621826,7.49762543009479e-65,1.47275856323352e-60,0.317,0.111,"macrophage_FindMarkers","Sepsis vs Sham"
"Slc16a3",2.39299292206587,3.11617369075058e-64,6.12109998074136e-60,0.166,0.027,"macrophage_FindMarkers","Sepsis vs Sham"
"Tet2",1.11343513900706,1.59965768121923e-63,3.14220758321892e-59,0.408,0.179,"macrophage_FindMarkers","Sepsis vs Sham"
"Dusp16",1.29070894852422,2.50131805155522e-63,4.91333904866991e-59,0.349,0.143,"macrophage_FindMarkers","Sepsis vs Sham"
"Scp2",-1.27463079238963,2.60393518932484e-63,5.11490989239078e-59,0.413,0.576,"macrophage_FindMarkers","Sepsis vs Sham"
"Tmem50a",-1.33828937454363,7.33317338451022e-63,1.44045524791934e-58,0.409,0.577,"macrophage_FindMarkers","Sepsis vs Sham"
"Zfand2a",1.70625030298882,7.50172105927466e-63,1.47356306767332e-58,0.245,0.072,"macrophage_FindMarkers","Sepsis vs Sham"
"Cox7a2l",-1.32166541859713,1.15636054923815e-62,2.27143902686849e-58,0.406,0.567,"macrophage_FindMarkers","Sepsis vs Sham"
"Clec10a",-3.68854354612218,1.40348583942898e-62,2.75686723439035e-58,0.049,0.232,"macrophage_FindMarkers","Sepsis vs Sham"
"Plscr1",2.50502164902429,1.80197335822517e-62,3.5396162675617e-58,0.173,0.034,"macrophage_FindMarkers","Sepsis vs Sham"
"Gm5150",3.40148179283331,8.52367199555396e-62,1.67430489008666e-57,0.109,0.006,"macrophage_FindMarkers","Sepsis vs Sham"
"Klra2",1.65774975732285,5.13813937339462e-61,1.00928471711591e-56,0.232,0.063,"macrophage_FindMarkers","Sepsis vs Sham"
"Cltc",-1.10765354189197,1.0997467806845e-60,2.16023260129857e-56,0.673,0.748,"macrophage_FindMarkers","Sepsis vs Sham"
"Abtb2",2.64373066944066,1.17023184290052e-60,2.2986864090095e-56,0.137,0.019,"macrophage_FindMarkers","Sepsis vs Sham"
"Sft2d2",-2.7997136320663,1.61213275878475e-60,3.16671237808089e-56,0.075,0.266,"macrophage_FindMarkers","Sepsis vs Sham"
"Siglece",1.06617046695459,1.62012975790802e-60,3.18242088345872e-56,0.371,0.156,"macrophage_FindMarkers","Sepsis vs Sham"
"St7",2.7433729381002,2.3822086653566e-60,4.67937248135996e-56,0.151,0.024,"macrophage_FindMarkers","Sepsis vs Sham"
"Jaml",3.80576779263087,2.71153969955792e-60,5.32627743184163e-56,0.126,0.013,"macrophage_FindMarkers","Sepsis vs Sham"
"Cyp27a1",-3.0455268730653,6.34676964462875e-60,1.24669596129443e-55,0.039,0.218,"macrophage_FindMarkers","Sepsis vs Sham"
"Rcan1",1.45305329916773,6.95748516897243e-60,1.36665881174125e-55,0.367,0.159,"macrophage_FindMarkers","Sepsis vs Sham"
"Kmt5a",1.1035628863486,3.20218331265431e-59,6.29004868104686e-55,0.34,0.132,"macrophage_FindMarkers","Sepsis vs Sham"
"Chp2",-4.432255206908,3.86878234142203e-59,7.59944915325529e-55,0.014,0.176,"macrophage_FindMarkers","Sepsis vs Sham"
"Dhrs3",-1.54972672528513,2.03106360560642e-58,3.98961824049268e-54,0.32,0.499,"macrophage_FindMarkers","Sepsis vs Sham"
"Nol12",1.19448733324824,2.69929245010569e-58,5.30222015974262e-54,0.343,0.137,"macrophage_FindMarkers","Sepsis vs Sham"
"Mcemp1",4.63492460562271,4.2989279786933e-58,8.44438422854725e-54,0.1,0.004,"macrophage_FindMarkers","Sepsis vs Sham"
"Sema4a",-2.79457520635376,8.15017420663549e-58,1.60093871940941e-53,0.077,0.267,"macrophage_FindMarkers","Sepsis vs Sham"
"Ckb",-1.0906121389982,2.02514381779536e-57,3.97799000129543e-53,0.451,0.625,"macrophage_FindMarkers","Sepsis vs Sham"
"Rgcc",1.76264586695196,2.48417504472281e-57,4.87966504034901e-53,0.278,0.098,"macrophage_FindMarkers","Sepsis vs Sham"
"Ptpro",-1.92795680323767,6.67497492994983e-57,1.31116532549005e-52,0.143,0.347,"macrophage_FindMarkers","Sepsis vs Sham"
"Hif1a",1.07173532924392,1.98608808803279e-56,3.9012728313228e-52,0.396,0.186,"macrophage_FindMarkers","Sepsis vs Sham"
"Ufm1",1.02698448536441,3.59741439110725e-56,7.06640108845198e-52,0.448,0.224,"macrophage_FindMarkers","Sepsis vs Sham"
"Ptgs1",-2.23811193059512,3.88766328230216e-56,7.63653698542614e-52,0.088,0.28,"macrophage_FindMarkers","Sepsis vs Sham"
"Nifk",1.40687100520348,4.06373343730428e-56,7.9823915908968e-52,0.29,0.105,"macrophage_FindMarkers","Sepsis vs Sham"
"Nrp1",-1.7822560580544,6.98353797774285e-56,1.37177636496803e-51,0.257,0.447,"macrophage_FindMarkers","Sepsis vs Sham"
"Gm12840",1.91115703800014,7.51757757739073e-56,1.47667776352686e-51,0.23,0.071,"macrophage_FindMarkers","Sepsis vs Sham"
"Slc16a6",1.0891653237188,1.21883657752345e-55,2.39416068922931e-51,0.315,0.121,"macrophage_FindMarkers","Sepsis vs Sham"
"Arsb",-4.01608923837954,1.43451608735614e-55,2.81781995039366e-51,0.021,0.174,"macrophage_FindMarkers","Sepsis vs Sham"
"Gltp",-1.52784994462497,1.622528964376e-55,3.18713364472378e-51,0.303,0.478,"macrophage_FindMarkers","Sepsis vs Sham"
"Mybbp1a",1.06052186327723,1.88817451505846e-55,3.70894119992933e-51,0.334,0.133,"macrophage_FindMarkers","Sepsis vs Sham"
"Ifi203",-1.44024721210567,4.85544864358421e-55,9.53755777059246e-51,0.291,0.488,"macrophage_FindMarkers","Sepsis vs Sham"
"Gna12",-2.00835022587939,4.93301818220079e-55,9.68992761529702e-51,0.163,0.353,"macrophage_FindMarkers","Sepsis vs Sham"
"Rcbtb2",-2.39549813230488,6.23819303708601e-55,1.2253682582748e-50,0.09,0.278,"macrophage_FindMarkers","Sepsis vs Sham"
"Arhgap18",-2.13666148812454,6.53711816807402e-55,1.28408612175478e-50,0.139,0.326,"macrophage_FindMarkers","Sepsis vs Sham"
"Trem2",-1.51763396495887,1.01070826485757e-54,1.98533424465973e-50,0.253,0.455,"macrophage_FindMarkers","Sepsis vs Sham"
"Cfb",1.27788652519871,1.19888355326768e-54,2.3549669636837e-50,0.181,0.044,"macrophage_FindMarkers","Sepsis vs Sham"
"Bag3",1.38197170496401,1.68367579891955e-54,3.30724437181768e-50,0.403,0.193,"macrophage_FindMarkers","Sepsis vs Sham"
"Rrs1",1.48531142357432,3.76342412118308e-54,7.39249400123991e-50,0.241,0.08,"macrophage_FindMarkers","Sepsis vs Sham"
"St8sia4",-1.58892219597041,3.85460331081063e-54,7.57159728342532e-50,0.114,0.313,"macrophage_FindMarkers","Sepsis vs Sham"
"Polr3d",1.67091477542695,6.68847953235274e-54,1.31381803454005e-49,0.182,0.045,"macrophage_FindMarkers","Sepsis vs Sham"
"Rnf130",-1.21388893266109,8.8492414733351e-54,1.73825650260721e-49,0.429,0.568,"macrophage_FindMarkers","Sepsis vs Sham"
"Rnf150",-2.80264127708921,1.18481590151819e-53,2.32733387535217e-49,0.052,0.223,"macrophage_FindMarkers","Sepsis vs Sham"
"Arhgef6",-2.34075025753539,1.55105431921937e-53,3.04673599924261e-49,0.094,0.278,"macrophage_FindMarkers","Sepsis vs Sham"
"Mir22hg",1.03163662867137,2.33980360592831e-53,4.59607622312499e-49,0.306,0.118,"macrophage_FindMarkers","Sepsis vs Sham"
"2810013P06Rik",-1.12190270581526,2.46282565919015e-53,4.83772844234721e-49,0.297,0.512,"macrophage_FindMarkers","Sepsis vs Sham"
"Cxcl10",-1.06980962605417,2.59201971729165e-53,5.09150433067599e-49,0.374,0.566,"macrophage_FindMarkers","Sepsis vs Sham"
"Gpihbp1",2.51380333489222,3.15966772761732e-53,6.20653531735871e-49,0.158,0.032,"macrophage_FindMarkers","Sepsis vs Sham"
"Emb",1.4430627509665,4.1594206026832e-53,8.17034988985062e-49,0.289,0.109,"macrophage_FindMarkers","Sepsis vs Sham"
"Itgb5",-1.89056679988654,4.88364030920058e-53,9.5929346593627e-49,0.2,0.39,"macrophage_FindMarkers","Sepsis vs Sham"
"Irf1",-1.587284581775,6.75467582625472e-53,1.32682097255122e-48,0.212,0.415,"macrophage_FindMarkers","Sepsis vs Sham"
"C3",1.17500970490448,1.07614276597827e-52,2.11386723521113e-48,0.205,0.058,"macrophage_FindMarkers","Sepsis vs Sham"
"Znrf1",1.26534957228902,2.31409947548774e-52,4.54558559970057e-48,0.265,0.093,"macrophage_FindMarkers","Sepsis vs Sham"
"Ms4a4c",1.83869400972737,4.58435666498872e-52,9.00505179703735e-48,0.211,0.062,"macrophage_FindMarkers","Sepsis vs Sham"
"Ddx3x",-1.05887810216144,5.20901348474378e-52,1.02320651880822e-47,0.625,0.722,"macrophage_FindMarkers","Sepsis vs Sham"
"Ramp1",-4.61371271009442,6.58758086668191e-52,1.29399850964233e-47,0.011,0.151,"macrophage_FindMarkers","Sepsis vs Sham"
"Bcl3",1.35780709573838,1.04956493645946e-51,2.06166040468733e-47,0.254,0.086,"macrophage_FindMarkers","Sepsis vs Sham"
"Mndal",-1.50886491491603,6.91081064465684e-51,1.35749053492994e-46,0.268,0.452,"macrophage_FindMarkers","Sepsis vs Sham"
"Mthfd2",1.58334905108185,1.21939515899646e-50,2.39525791081675e-46,0.192,0.052,"macrophage_FindMarkers","Sepsis vs Sham"
"Selenbp1",-2.99336072402356,1.29543876232333e-50,2.54463036083171e-46,0.056,0.217,"macrophage_FindMarkers","Sepsis vs Sham"
"Smim3",1.21622970156591,3.00766308734033e-50,5.90795260246261e-46,0.298,0.123,"macrophage_FindMarkers","Sepsis vs Sham"
"Fam174a",-1.72792666265142,4.051906275628e-50,7.95915949721609e-46,0.216,0.394,"macrophage_FindMarkers","Sepsis vs Sham"
"Pltp",-1.19100162768324,4.88527138624358e-50,9.59613858399826e-46,0.532,0.648,"macrophage_FindMarkers","Sepsis vs Sham"
"Sntb2",1.39347438822611,1.14363609211639e-48,2.24644437574422e-44,0.213,0.065,"macrophage_FindMarkers","Sepsis vs Sham"
"Bysl",1.58408461052827,1.57877974300027e-48,3.10119704917544e-44,0.159,0.037,"macrophage_FindMarkers","Sepsis vs Sham"
"Sirpa",-1.32441785684042,2.3134084674067e-48,4.54422825252699e-44,0.417,0.567,"macrophage_FindMarkers","Sepsis vs Sham"
"Wdr43",1.00274855828307,2.43041259503158e-48,4.77405946042054e-44,0.336,0.146,"macrophage_FindMarkers","Sepsis vs Sham"
"Eef1e1",1.27460915503524,2.57075608560811e-48,5.04973617896e-44,0.246,0.089,"macrophage_FindMarkers","Sepsis vs Sham"
"Prdx4",-1.56110545925402,3.12499628863256e-48,6.13843020976094e-44,0.236,0.404,"macrophage_FindMarkers","Sepsis vs Sham"
"Grn",-1.07855956175061,4.33086213526307e-48,8.50711249229724e-44,0.664,0.745,"macrophage_FindMarkers","Sepsis vs Sham"
"Slc35b1",1.02851443646832,5.65837153241381e-48,1.11147392011205e-43,0.302,0.124,"macrophage_FindMarkers","Sepsis vs Sham"
"Nop16",1.21486175086323,1.03442274424926e-47,2.03191659652882e-43,0.281,0.109,"macrophage_FindMarkers","Sepsis vs Sham"
"Timm8a1",1.30408798202155,1.27236650679207e-47,2.49930952929166e-43,0.267,0.101,"macrophage_FindMarkers","Sepsis vs Sham"
"Ddit4",2.29441305083754,1.34407565497773e-47,2.64016780907276e-43,0.16,0.04,"macrophage_FindMarkers","Sepsis vs Sham"
"Usp18",1.57210641127866,2.60414967138889e-47,5.1153311995092e-43,0.179,0.046,"macrophage_FindMarkers","Sepsis vs Sham"
"Eps15",-1.78846043394892,3.62030436892156e-47,7.11136387187263e-43,0.213,0.387,"macrophage_FindMarkers","Sepsis vs Sham"
"Edn1",2.70352223719691,3.70629751403227e-47,7.28028020681359e-43,0.159,0.037,"macrophage_FindMarkers","Sepsis vs Sham"
"Arrdc4",1.31131772515793,4.11744374623317e-47,8.08789475072581e-43,0.27,0.106,"macrophage_FindMarkers","Sepsis vs Sham"
"St3gal6",-1.24472053656468,4.92654088473404e-47,9.67720425988307e-43,0.32,0.486,"macrophage_FindMarkers","Sepsis vs Sham"
"Ppan",1.3796818372307,6.58381208577228e-47,1.29325820800825e-42,0.219,0.072,"macrophage_FindMarkers","Sepsis vs Sham"
"Ciita",-8.0588201777034,1.20126141586885e-46,2.35963779919119e-42,0.001,0.117,"macrophage_FindMarkers","Sepsis vs Sham"
"Fam234a",-2.68256480847656,1.94273569141628e-46,3.816115718649e-42,0.066,0.217,"macrophage_FindMarkers","Sepsis vs Sham"
"Itga5",1.02196805147007,2.04707492081533e-46,4.02106926695755e-42,0.251,0.089,"macrophage_FindMarkers","Sepsis vs Sham"
"H2-Q4",-1.30967142118026,2.74811830033901e-46,5.39812877735591e-42,0.269,0.449,"macrophage_FindMarkers","Sepsis vs Sham"
"Fnip2",1.2296949847762,4.6258826643338e-46,9.08662131755088e-42,0.235,0.084,"macrophage_FindMarkers","Sepsis vs Sham"
"Axl",-2.29629896293578,5.80368857127841e-46,1.14001854605622e-41,0.085,0.245,"macrophage_FindMarkers","Sepsis vs Sham"
"Timm10",1.1708208688405,9.22098310166811e-46,1.81127771066067e-41,0.248,0.09,"macrophage_FindMarkers","Sepsis vs Sham"
"Myo5a",-1.81381514534061,2.56513383804602e-45,5.03869239807381e-41,0.23,0.409,"macrophage_FindMarkers","Sepsis vs Sham"
"Mrpl32",1.02570072254121,2.77124625959742e-45,5.44355902772721e-41,0.356,0.168,"macrophage_FindMarkers","Sepsis vs Sham"
"Oas1g",1.39558003992016,3.41178675127289e-45,6.70177271552533e-41,0.181,0.051,"macrophage_FindMarkers","Sepsis vs Sham"
"Lyve1",-1.8206912079757,5.81446356384845e-45,1.14213507784675e-40,0.246,0.414,"macrophage_FindMarkers","Sepsis vs Sham"
"Slc25a33",1.50602824479076,6.40914867869516e-45,1.25894907495609e-40,0.211,0.066,"macrophage_FindMarkers","Sepsis vs Sham"
"Dmxl2",1.56850112563235,6.76514480054385e-45,1.32887739317083e-40,0.14,0.03,"macrophage_FindMarkers","Sepsis vs Sham"
"Rrp15",1.47575822362656,1.07172835913009e-44,2.10519601583924e-40,0.227,0.079,"macrophage_FindMarkers","Sepsis vs Sham"
"Myo1e",1.19518495740626,1.17360243152285e-44,2.30530725624034e-40,0.279,0.113,"macrophage_FindMarkers","Sepsis vs Sham"
"Mrpl38",1.11755197873108,1.41428456469091e-44,2.77807917042235e-40,0.272,0.111,"macrophage_FindMarkers","Sepsis vs Sham"
"Arl6ip1",-1.04421776027632,1.67904159799477e-44,3.29814141094113e-40,0.448,0.59,"macrophage_FindMarkers","Sepsis vs Sham"
"Serpine1",2.14244351251716,3.93733838934787e-44,7.73411379819602e-40,0.163,0.046,"macrophage_FindMarkers","Sepsis vs Sham"
"Plxna4",-4.27016756938281,4.29584380372318e-44,8.43832598365344e-40,0.01,0.132,"macrophage_FindMarkers","Sepsis vs Sham"
"Mtss1",-1.56865890440738,5.65160716853992e-44,1.1101451961163e-39,0.322,0.477,"macrophage_FindMarkers","Sepsis vs Sham"
"Zfhx3",-1.45089476796144,1.86724958385096e-43,3.66783835755845e-39,0.36,0.512,"macrophage_FindMarkers","Sepsis vs Sham"
"Nr1d1",-2.15599314998964,2.01291961037899e-43,3.95397799066746e-39,0.132,0.3,"macrophage_FindMarkers","Sepsis vs Sham"
"Gmppb",1.78312326390123,2.34410770603127e-43,4.60453076695722e-39,0.156,0.04,"macrophage_FindMarkers","Sepsis vs Sham"
"Hfe",-1.71936771543608,3.82110551693208e-43,7.50579756690968e-39,0.193,0.356,"macrophage_FindMarkers","Sepsis vs Sham"
"Rnaset2b",-1.32747587494251,1.06031727888581e-42,2.08278123091539e-38,0.315,0.465,"macrophage_FindMarkers","Sepsis vs Sham"
"Tapbp",-1.34329975270121,1.15435325891052e-42,2.26749610647793e-38,0.316,0.465,"macrophage_FindMarkers","Sepsis vs Sham"
"Hilpda",1.4353598685158,1.36287871890624e-42,2.67710266754754e-38,0.266,0.104,"macrophage_FindMarkers","Sepsis vs Sham"
"Rhbdf2",1.20351475179554,1.42966596076564e-42,2.80829284673194e-38,0.188,0.058,"macrophage_FindMarkers","Sepsis vs Sham"
"P2ry10b",1.40029899244029,2.90729890310421e-42,5.71080723536761e-38,0.239,0.094,"macrophage_FindMarkers","Sepsis vs Sham"
"Evi2a",-1.11707665190437,3.26641580159235e-42,6.41622055906785e-38,0.38,0.513,"macrophage_FindMarkers","Sepsis vs Sham"
"Sos1",1.35078739925023,3.43194328774061e-42,6.74136620010888e-38,0.196,0.061,"macrophage_FindMarkers","Sepsis vs Sham"
"Hpgds",-1.32794920328182,4.20042143574971e-42,8.25088782624315e-38,0.289,0.456,"macrophage_FindMarkers","Sepsis vs Sham"
"Pno1",1.47384288072027,5.77881523080861e-42,1.13513267578773e-37,0.207,0.068,"macrophage_FindMarkers","Sepsis vs Sham"
"AI506816",1.15620707455816,1.01856951760001e-41,2.0007761034217e-37,0.256,0.1,"macrophage_FindMarkers","Sepsis vs Sham"
"Stard7",1.07032816062752,1.08562766515277e-41,2.13249842265959e-37,0.222,0.081,"macrophage_FindMarkers","Sepsis vs Sham"
"Lyl1",-1.54154849355816,4.67013125306118e-41,9.17353882038808e-37,0.16,0.333,"macrophage_FindMarkers","Sepsis vs Sham"
"5430416N02Rik",1.14079875220237,5.78625397092914e-41,1.13659386750961e-36,0.306,0.141,"macrophage_FindMarkers","Sepsis vs Sham"
"Tslp",-4.26498590497793,7.29365131298892e-41,1.43269192741041e-36,0.006,0.114,"macrophage_FindMarkers","Sepsis vs Sham"
"Abhd12",-1.28038437324211,7.57519797166082e-41,1.48799613757333e-36,0.359,0.491,"macrophage_FindMarkers","Sepsis vs Sham"
"Selplg",-1.38494527883498,2.13631821069115e-40,4.19636986126063e-36,0.259,0.411,"macrophage_FindMarkers","Sepsis vs Sham"
"Ripk3",1.04817735663213,6.71706274032151e-40,1.31943263408135e-35,0.174,0.058,"macrophage_FindMarkers","Sepsis vs Sham"
"Ppfia4",-2.60918173727997,9.95896245147805e-40,1.95623899434383e-35,0.053,0.186,"macrophage_FindMarkers","Sepsis vs Sham"
"Mpp7",1.95315719642163,1.47162964127893e-39,2.8907221043642e-35,0.134,0.034,"macrophage_FindMarkers","Sepsis vs Sham"
"Il1b",1.37330980267384,1.68136728706969e-39,3.302709761991e-35,0.362,0.19,"macrophage_FindMarkers","Sepsis vs Sham"
"Gm34084",-2.36611465428865,2.72057724142512e-39,5.34402987533136e-35,0.066,0.204,"macrophage_FindMarkers","Sepsis vs Sham"
"Prcp",-1.04448017203144,2.83805087732691e-39,5.57478333833325e-35,0.267,0.436,"macrophage_FindMarkers","Sepsis vs Sham"
"Psmb9",-1.23133510415152,3.99017924490548e-39,7.83790909076783e-35,0.287,0.427,"macrophage_FindMarkers","Sepsis vs Sham"
"Creld2",1.17797272285155,7.92661774975642e-39,1.55702552458465e-34,0.196,0.069,"macrophage_FindMarkers","Sepsis vs Sham"
"Gm21860",-1.68922610790233,9.57116793345811e-39,1.88006451716918e-34,0.096,0.248,"macrophage_FindMarkers","Sepsis vs Sham"
"Rnd1",2.16185412723279,1.23188153963338e-38,2.41978490830185e-34,0.128,0.031,"macrophage_FindMarkers","Sepsis vs Sham"
"Msrb1",1.03582759471777,2.15686628711559e-38,4.23673244778116e-34,0.344,0.171,"macrophage_FindMarkers","Sepsis vs Sham"
"Stk40",1.04390932753089,3.26616923016373e-38,6.41573621881062e-34,0.261,0.109,"macrophage_FindMarkers","Sepsis vs Sham"
"Vkorc1",-1.58831305486904,3.65702870803194e-38,7.18350149118715e-34,0.217,0.368,"macrophage_FindMarkers","Sepsis vs Sham"
"Ell",1.50493984404628,4.10851475074051e-38,8.07035552487959e-34,0.179,0.057,"macrophage_FindMarkers","Sepsis vs Sham"
"Tes",1.17947677868766,4.38484908609712e-38,8.61315905982058e-34,0.21,0.077,"macrophage_FindMarkers","Sepsis vs Sham"
"Sesn1",-1.88158133898307,4.88633647090604e-38,9.59823072980074e-34,0.125,0.275,"macrophage_FindMarkers","Sepsis vs Sham"
"Mak16",1.12836524686467,6.79766630927608e-38,1.3352655931311e-33,0.245,0.103,"macrophage_FindMarkers","Sepsis vs Sham"
"Ms4a7",-1.02889015615149,8.96910101135076e-38,1.76180051165963e-33,0.523,0.611,"macrophage_FindMarkers","Sepsis vs Sham"
"Higd2a",-1.33856645285297,1.1977452480146e-37,2.35273099067507e-33,0.253,0.402,"macrophage_FindMarkers","Sepsis vs Sham"
"Sptssa",-1.36134290851327,1.26524942147942e-37,2.48532943861202e-33,0.244,0.393,"macrophage_FindMarkers","Sepsis vs Sham"
"Pip4k2a",-1.30495317135798,1.66447398909006e-37,3.26952625676961e-33,0.319,0.459,"macrophage_FindMarkers","Sepsis vs Sham"
"Hyou1",1.00020555643961,2.70536764027021e-37,5.31415365578276e-33,0.213,0.081,"macrophage_FindMarkers","Sepsis vs Sham"
"Gk",1.68702554030412,2.85451263038541e-37,5.60711915986606e-33,0.129,0.03,"macrophage_FindMarkers","Sepsis vs Sham"
"Nufip1",1.14318121509579,3.34103776821887e-37,6.56280048811233e-33,0.264,0.113,"macrophage_FindMarkers","Sepsis vs Sham"
"Lacc1",-1.13742081156647,4.75257972908709e-37,9.33549236184578e-33,0.393,0.528,"macrophage_FindMarkers","Sepsis vs Sham"
"Tgm2",2.13207040943208,8.77251167741076e-37,1.7231844687938e-32,0.127,0.03,"macrophage_FindMarkers","Sepsis vs Sham"
"Serpinb6a",-1.12054036927878,9.84324590003649e-37,1.93350879214417e-32,0.414,0.532,"macrophage_FindMarkers","Sepsis vs Sham"
"Dram1",1.24421272202057,1.36181814669352e-36,2.67501938555009e-32,0.181,0.064,"macrophage_FindMarkers","Sepsis vs Sham"
"Mir99ahg",-1.98321358205165,1.77480738856396e-36,3.48625415335618e-32,0.11,0.255,"macrophage_FindMarkers","Sepsis vs Sham"
"Gpx3",1.1334653937166,2.19759564287916e-36,4.31673712130754e-32,0.187,0.065,"macrophage_FindMarkers","Sepsis vs Sham"
"Rnasel",-2.04357011108414,4.00445125060212e-36,7.86594359155774e-32,0.119,0.258,"macrophage_FindMarkers","Sepsis vs Sham"
"Matk",-3.98801795363569,4.12674012077165e-36,8.10615561923176e-32,0.011,0.11,"macrophage_FindMarkers","Sepsis vs Sham"
"Mrps18b",1.13473351126187,5.02439461003289e-36,9.86941833248761e-32,0.238,0.096,"macrophage_FindMarkers","Sepsis vs Sham"
"Nav1",-2.0940149282382,6.97787267951244e-36,1.37066353043663e-31,0.13,0.28,"macrophage_FindMarkers","Sepsis vs Sham"
"Dbp",-3.3018316080186,6.99817407659294e-36,1.37465133386515e-31,0.021,0.131,"macrophage_FindMarkers","Sepsis vs Sham"
"Ctdsp2",-1.90120405481357,8.60728368384647e-36,1.69072873401796e-31,0.143,0.283,"macrophage_FindMarkers","Sepsis vs Sham"
"Plaa",1.18589691475772,1.07061827608782e-35,2.1030154797193e-31,0.197,0.073,"macrophage_FindMarkers","Sepsis vs Sham"
"Fam214b",1.02338063637215,1.84437047580522e-35,3.62289692562419e-31,0.217,0.086,"macrophage_FindMarkers","Sepsis vs Sham"
"Slc28a2",1.14916547940787,1.93531999796563e-35,3.80154907200389e-31,0.274,0.127,"macrophage_FindMarkers","Sepsis vs Sham"
"Idh2",-1.40623247667266,3.93618903904912e-35,7.73185612940418e-31,0.248,0.39,"macrophage_FindMarkers","Sepsis vs Sham"
"Gamt",-2.27389521940938,6.5149619493812e-35,1.27973397571695e-30,0.048,0.167,"macrophage_FindMarkers","Sepsis vs Sham"
"Tprgl",-1.40928836283857,6.64810353194955e-35,1.30588697678085e-30,0.25,0.388,"macrophage_FindMarkers","Sepsis vs Sham"
"Itga4",-1.88927033216111,6.87083814441684e-35,1.3496387367078e-30,0.077,0.213,"macrophage_FindMarkers","Sepsis vs Sham"
"Plxnd1",-2.60511813795563,8.2138614756139e-35,1.61344880965484e-30,0.052,0.172,"macrophage_FindMarkers","Sepsis vs Sham"
"Dpep2",1.5028890633096,1.02993831254078e-34,2.02310782732385e-30,0.175,0.063,"macrophage_FindMarkers","Sepsis vs Sham"
"Naa25",1.59794878045409,1.12654495636054e-34,2.21287225777901e-30,0.151,0.044,"macrophage_FindMarkers","Sepsis vs Sham"
"Cd274",1.92116442557692,1.58186472363533e-34,3.10725687663688e-30,0.113,0.025,"macrophage_FindMarkers","Sepsis vs Sham"
"P2ry13",-3.14315481270024,1.74258122689193e-34,3.42295230398381e-30,0.026,0.136,"macrophage_FindMarkers","Sepsis vs Sham"
"Spp1",3.26099821669168,2.44883821376582e-34,4.81025290330021e-30,0.136,0.044,"macrophage_FindMarkers","Sepsis vs Sham"
"Gcsh",1.00727423107642,3.03962095883394e-34,5.97072744943751e-30,0.21,0.084,"macrophage_FindMarkers","Sepsis vs Sham"
"Sec14l1",-1.64898277584873,3.89500505399135e-34,7.65095842755521e-30,0.192,0.335,"macrophage_FindMarkers","Sepsis vs Sham"
"Smim14",-1.29842442585791,3.89650627243771e-34,7.65390727094939e-30,0.249,0.392,"macrophage_FindMarkers","Sepsis vs Sham"
"Plekhg5",-3.79008117013289,6.06591927371669e-34,1.19152852293617e-29,0.02,0.124,"macrophage_FindMarkers","Sepsis vs Sham"
"Gpatch4",1.05466191093352,7.98669439365268e-34,1.5688263797452e-29,0.176,0.061,"macrophage_FindMarkers","Sepsis vs Sham"
"9930111J21Rik2",-1.67097114347385,9.82204801080985e-34,1.92934489076338e-29,0.108,0.246,"macrophage_FindMarkers","Sepsis vs Sham"
"Tnfaip8l2",-1.25618830285146,9.99704283371665e-34,1.96371912382696e-29,0.306,0.444,"macrophage_FindMarkers","Sepsis vs Sham"
"Ccl8",-3.49942820176307,1.52265156776657e-33,2.99094447456387e-29,0.057,0.178,"macrophage_FindMarkers","Sepsis vs Sham"
"Col14a1",-2.41627006348651,1.69105350576584e-33,3.32173640137583e-29,0.057,0.183,"macrophage_FindMarkers","Sepsis vs Sham"
"Ctsf",-2.41203682744469,1.80438696505584e-33,3.54435731545919e-29,0.079,0.206,"macrophage_FindMarkers","Sepsis vs Sham"
"Fgd2",-1.76306195940616,1.90679419214892e-33,3.74551583163812e-29,0.15,0.295,"macrophage_FindMarkers","Sepsis vs Sham"
"Dmac1",-1.23096043931425,3.36633820430946e-33,6.61249813472506e-29,0.306,0.425,"macrophage_FindMarkers","Sepsis vs Sham"
"Batf3",-1.58710969874551,3.40463262831175e-33,6.68771987179277e-29,0.135,0.273,"macrophage_FindMarkers","Sepsis vs Sham"
"Rapgef5",1.46843857042093,3.40867944723255e-33,6.69566903819889e-29,0.147,0.046,"macrophage_FindMarkers","Sepsis vs Sham"
"Camk1",-1.23965995844757,3.54488579648053e-33,6.9632191700267e-29,0.35,0.469,"macrophage_FindMarkers","Sepsis vs Sham"
"Alkbh1",1.09335950429092,4.16090484184936e-33,8.1732653808447e-29,0.301,0.152,"macrophage_FindMarkers","Sepsis vs Sham"
"Pinx1",1.58419378585241,6.22542295731757e-33,1.22285983150589e-28,0.137,0.042,"macrophage_FindMarkers","Sepsis vs Sham"
"Cd33",-1.67626820128985,7.84636853822751e-33,1.54126217196403e-28,0.136,0.279,"macrophage_FindMarkers","Sepsis vs Sham"
"P2ry12",-2.61259719078458,9.19671826771031e-33,1.80651136932634e-28,0.054,0.171,"macrophage_FindMarkers","Sepsis vs Sham"
"Cbfa2t3",-2.41899627064401,9.65831152537149e-33,1.89718213292872e-28,0.053,0.173,"macrophage_FindMarkers","Sepsis vs Sham"
"Id1",1.18671141493908,1.24853989768944e-32,2.45250692103137e-28,0.238,0.108,"macrophage_FindMarkers","Sepsis vs Sham"
"Wdr74",1.01647432107137,1.38455092592629e-32,2.719673383797e-28,0.229,0.097,"macrophage_FindMarkers","Sepsis vs Sham"
"Tsr1",1.77057775136299,2.38440398061691e-32,4.68368473912579e-28,0.124,0.033,"macrophage_FindMarkers","Sepsis vs Sham"
"Snhg16",1.4581447293594,2.59407259976819e-32,5.09553680772466e-28,0.189,0.075,"macrophage_FindMarkers","Sepsis vs Sham"
"Uspl1",1.17709144500273,3.51001851747234e-32,6.89472937387092e-28,0.164,0.057,"macrophage_FindMarkers","Sepsis vs Sham"
"Icam1",-1.09201450745262,4.36630457056219e-32,8.57673206795531e-28,0.389,0.51,"macrophage_FindMarkers","Sepsis vs Sham"
"H2-Q6",-1.71136733750936,5.24349184785156e-32,1.02997910367348e-27,0.085,0.216,"macrophage_FindMarkers","Sepsis vs Sham"
"2900060B14Rik",2.08981865984434,6.45032250531717e-32,1.26703684971945e-27,0.288,0.152,"macrophage_FindMarkers","Sepsis vs Sham"
"Zfp821",1.29380842317923,6.47864488581505e-32,1.27260021492065e-27,0.136,0.04,"macrophage_FindMarkers","Sepsis vs Sham"
"Scpep1",-1.26347903570926,8.82724397959831e-32,1.7339355349125e-27,0.272,0.401,"macrophage_FindMarkers","Sepsis vs Sham"
"Zfp395",-3.13567501983478,9.62032315977344e-32,1.8897200782743e-27,0.028,0.13,"macrophage_FindMarkers","Sepsis vs Sham"
"Tmem141",-1.61795862224556,2.23408586696167e-31,4.38841486847281e-27,0.155,0.287,"macrophage_FindMarkers","Sepsis vs Sham"
"Grwd1",1.28396714311763,3.22871409247565e-31,6.34216309184992e-27,0.126,0.035,"macrophage_FindMarkers","Sepsis vs Sham"
"Glipr2",1.55955573152396,3.49077716703216e-31,6.85693358920127e-27,0.128,0.037,"macrophage_FindMarkers","Sepsis vs Sham"
"Tmem86a",-1.93788522426263,4.01669346789131e-31,7.8899909789789e-27,0.09,0.213,"macrophage_FindMarkers","Sepsis vs Sham"
"Fmnl2",1.27701754982375,4.3590080734426e-31,8.5623995586633e-27,0.162,0.056,"macrophage_FindMarkers","Sepsis vs Sham"
"Mapk14",-1.79860526808242,8.59868092673039e-31,1.68903889443765e-26,0.186,0.314,"macrophage_FindMarkers","Sepsis vs Sham"
"Atraid",-1.27130266952721,3.2683990029218e-30,6.42011616143928e-26,0.24,0.37,"macrophage_FindMarkers","Sepsis vs Sham"
"2610507B11Rik",-1.4395937348925,4.84707284016245e-30,9.5211051799311e-26,0.283,0.414,"macrophage_FindMarkers","Sepsis vs Sham"
"Tnfsf12",-1.38294711320468,5.80123075313299e-30,1.13953575683791e-25,0.241,0.365,"macrophage_FindMarkers","Sepsis vs Sham"
"Igfbp6",1.60833444762493,5.96912536844053e-30,1.17251529612277e-25,0.101,0.025,"macrophage_FindMarkers","Sepsis vs Sham"
"Pdcd2l",-1.61961738737485,6.93543912946536e-30,1.36232830820088e-25,0.12,0.246,"macrophage_FindMarkers","Sepsis vs Sham"
"Nr1d2",-2.18682199743723,7.41708173539927e-30,1.45693736528448e-25,0.095,0.219,"macrophage_FindMarkers","Sepsis vs Sham"
"Tmem38b",1.39509074991258,7.66275946452077e-30,1.50519584161582e-25,0.112,0.028,"macrophage_FindMarkers","Sepsis vs Sham"
"Ndufaf4",1.08413954461879,8.27747470087531e-30,1.62594435549294e-25,0.186,0.075,"macrophage_FindMarkers","Sepsis vs Sham"
"B4galt6",-1.78101539444493,1.21188362510237e-29,2.38050300478858e-25,0.15,0.283,"macrophage_FindMarkers","Sepsis vs Sham"
"Dpysl2",-1.27984137872553,1.51124457968254e-29,2.96853772787041e-25,0.25,0.384,"macrophage_FindMarkers","Sepsis vs Sham"
"Ap1b1",-1.71406750242607,1.63236692860168e-29,3.20645835785227e-25,0.249,0.38,"macrophage_FindMarkers","Sepsis vs Sham"
"Rasgrp3",-2.82796291050509,2.4880914202418e-29,4.88735797678097e-25,0.031,0.13,"macrophage_FindMarkers","Sepsis vs Sham"
"Psd3",-1.68588854532291,2.96689112084101e-29,5.827864228668e-25,0.18,0.319,"macrophage_FindMarkers","Sepsis vs Sham"
"Polr1a",1.3955445295149,5.41151540779234e-29,1.06298397155265e-24,0.103,0.026,"macrophage_FindMarkers","Sepsis vs Sham"
"Comt",-1.13807687960069,8.35195020684231e-29,1.64057357913003e-24,0.319,0.43,"macrophage_FindMarkers","Sepsis vs Sham"
"Lrp6",-1.83172972225642,1.00900461932386e-28,1.98198777373785e-24,0.163,0.289,"macrophage_FindMarkers","Sepsis vs Sham"
"Ptpra",-1.49527628682758,1.12376468607718e-28,2.20741097286141e-24,0.202,0.331,"macrophage_FindMarkers","Sepsis vs Sham"
"Ifi27",-1.02439833804842,1.14458911687863e-28,2.24831640228469e-24,0.317,0.449,"macrophage_FindMarkers","Sepsis vs Sham"
"Gpr183",-1.43974228374216,1.1601291220336e-28,2.27884163441061e-24,0.212,0.345,"macrophage_FindMarkers","Sepsis vs Sham"
"Cd82",-2.1587568535835,1.20438946609249e-28,2.36578222824548e-24,0.051,0.159,"macrophage_FindMarkers","Sepsis vs Sham"
"Sgpp1",-1.71501589394518,1.31982688196298e-28,2.59253594423988e-24,0.128,0.255,"macrophage_FindMarkers","Sepsis vs Sham"
"Iqgap2",-1.70347617770211,1.34153673517864e-28,2.6351806089114e-24,0.177,0.302,"macrophage_FindMarkers","Sepsis vs Sham"
"Tanc2",-1.63319998194625,1.73728397622537e-28,3.4125469144995e-24,0.195,0.33,"macrophage_FindMarkers","Sepsis vs Sham"
"Rab11fip5",-1.89266874200143,2.31935614914095e-28,4.55591128375758e-24,0.177,0.3,"macrophage_FindMarkers","Sepsis vs Sham"
"Slc12a4",1.02882796576009,2.35848922042304e-28,4.63278037567697e-24,0.121,0.037,"macrophage_FindMarkers","Sepsis vs Sham"
"Egr2",-1.40076726719956,3.07112856501625e-28,6.03261784026141e-24,0.163,0.299,"macrophage_FindMarkers","Sepsis vs Sham"
"Ncoa4",-1.85744697887372,4.7778851936121e-28,9.38519988581225e-24,0.113,0.234,"macrophage_FindMarkers","Sepsis vs Sham"
"Zcchc10",1.359330417523,4.86049795421531e-28,9.54747613146513e-24,0.131,0.044,"macrophage_FindMarkers","Sepsis vs Sham"
"Ifnb1",-2.53966602918186,5.20553278370637e-28,1.02252280470344e-23,0.017,0.104,"macrophage_FindMarkers","Sepsis vs Sham"
"Arhgap22",-2.19681195181519,5.74117995768482e-28,1.12773997908803e-23,0.053,0.16,"macrophage_FindMarkers","Sepsis vs Sham"
"Ifngr1",-1.09990493362556,6.36836927556237e-28,1.25093877679872e-23,0.369,0.481,"macrophage_FindMarkers","Sepsis vs Sham"
"H2-Q7",-1.32792221243459,8.75697434250091e-28,1.72013247009745e-23,0.143,0.271,"macrophage_FindMarkers","Sepsis vs Sham"
"Trmt10c",1.51759990265481,9.58544779976101e-28,1.88286951130706e-23,0.137,0.05,"macrophage_FindMarkers","Sepsis vs Sham"
"Lipa",-1.23387222787701,9.95481235963763e-28,1.95542379180362e-23,0.27,0.397,"macrophage_FindMarkers","Sepsis vs Sham"
"Dse",-1.63394270930425,1.30803681579137e-27,2.56937671725898e-23,0.173,0.295,"macrophage_FindMarkers","Sepsis vs Sham"
"Pla2g15",-2.06650719307422,1.4436973066873e-27,2.83585461952586e-23,0.094,0.208,"macrophage_FindMarkers","Sepsis vs Sham"
"Bnip3l",-1.33875822904216,1.4673441699251e-27,2.88230415298387e-23,0.203,0.329,"macrophage_FindMarkers","Sepsis vs Sham"
"Ccnd1",-1.59285421838216,1.76390763533178e-27,3.46484376808222e-23,0.21,0.342,"macrophage_FindMarkers","Sepsis vs Sham"
"Ergic3",-1.2473370196066,2.76254456566079e-27,5.42646629032748e-23,0.245,0.368,"macrophage_FindMarkers","Sepsis vs Sham"
"Rcn3",-2.79041748619746,3.20213426265847e-27,6.28995233214003e-23,0.048,0.148,"macrophage_FindMarkers","Sepsis vs Sham"
"Ralbp1",-1.16799120835778,3.23772038152982e-27,6.35985414543903e-23,0.272,0.397,"macrophage_FindMarkers","Sepsis vs Sham"
"Cd300a",-1.22840228017889,3.73520255406255e-27,7.33705837694507e-23,0.194,0.323,"macrophage_FindMarkers","Sepsis vs Sham"
"Chchd4",1.06405695223095,4.178305211819e-27,8.20744492757606e-23,0.159,0.061,"macrophage_FindMarkers","Sepsis vs Sham"
"Nr3c1",-1.48614654549,8.88513371488455e-27,1.74530681561477e-22,0.261,0.385,"macrophage_FindMarkers","Sepsis vs Sham"
"Cysltr1",-1.77291636668111,9.59335135197288e-27,1.88442200606803e-22,0.109,0.225,"macrophage_FindMarkers","Sepsis vs Sham"
"Ppp3ca",-1.25884794049708,1.31422133752657e-26,2.58152497330344e-22,0.321,0.43,"macrophage_FindMarkers","Sepsis vs Sham"
"Sowahc",1.03504811057735,1.62302868989258e-26,3.188115255556e-22,0.273,0.146,"macrophage_FindMarkers","Sepsis vs Sham"
"Agmo",-2.37792481167454,2.00232062877662e-26,3.93315841110591e-22,0.026,0.12,"macrophage_FindMarkers","Sepsis vs Sham"
"Utp4",1.00259639178704,2.82938919019463e-26,5.55776918629931e-22,0.155,0.059,"macrophage_FindMarkers","Sepsis vs Sham"
"Mthfs",-1.72452465836299,3.73810600956194e-26,7.34276163458252e-22,0.083,0.195,"macrophage_FindMarkers","Sepsis vs Sham"
"Snhg17",1.56427178986225,4.53762095262336e-26,8.91324883723807e-22,0.128,0.042,"macrophage_FindMarkers","Sepsis vs Sham"
"Cadm1",-2.765884376476,5.85263750397818e-26,1.14963358490643e-21,0.023,0.106,"macrophage_FindMarkers","Sepsis vs Sham"
"Krr1",1.12214591032725,6.34723622133201e-26,1.24678761095625e-21,0.19,0.081,"macrophage_FindMarkers","Sepsis vs Sham"
"Cirbp",-1.35459979840788,1.05419091789073e-25,2.07074722001277e-21,0.168,0.291,"macrophage_FindMarkers","Sepsis vs Sham"
"Ggh",-1.0688326235188,1.06887164212593e-25,2.09958456662797e-21,0.263,0.375,"macrophage_FindMarkers","Sepsis vs Sham"
"Fnbp1",-1.28130066240676,1.45460141676264e-25,2.85727356294685e-21,0.253,0.37,"macrophage_FindMarkers","Sepsis vs Sham"
"Lifr",-1.3265510401922,1.45697252222826e-25,2.86193112541296e-21,0.275,0.389,"macrophage_FindMarkers","Sepsis vs Sham"
"Pafah1b3",-2.14104708856664,1.46091336511735e-25,2.86967212310002e-21,0.056,0.155,"macrophage_FindMarkers","Sepsis vs Sham"
"Pvr",1.28752496133046,3.30732716254807e-25,6.49658274539317e-21,0.158,0.063,"macrophage_FindMarkers","Sepsis vs Sham"
"Osgep",-1.49825065860634,4.66061577389222e-25,9.15484756465649e-21,0.164,0.283,"macrophage_FindMarkers","Sepsis vs Sham"
"Ipo4",1.0425987666086,7.02554563805175e-25,1.38002792968251e-20,0.118,0.039,"macrophage_FindMarkers","Sepsis vs Sham"
"Etv1",-1.85458571256517,8.99251952145962e-25,1.76640060960031e-20,0.099,0.208,"macrophage_FindMarkers","Sepsis vs Sham"
"Ptov1",-1.52751684560621,9.09180554468623e-25,1.78590336314272e-20,0.17,0.283,"macrophage_FindMarkers","Sepsis vs Sham"
"Tgfb1",-1.00971373977229,1.21244618066084e-24,2.38160803267208e-20,0.436,0.524,"macrophage_FindMarkers","Sepsis vs Sham"
"Tpp1",-1.23039945754814,2.255288913078e-24,4.43006401195912e-20,0.279,0.388,"macrophage_FindMarkers","Sepsis vs Sham"
"Srxn1",1.26073554715838,4.30470493886124e-24,8.45573191140514e-20,0.116,0.039,"macrophage_FindMarkers","Sepsis vs Sham"
"Zfp704",-2.94746205726369,4.86398414754701e-24,9.55432406102658e-20,0.029,0.112,"macrophage_FindMarkers","Sepsis vs Sham"
"Ralgps2",-2.22274555875625,5.03806893863953e-24,9.89627881616963e-20,0.073,0.177,"macrophage_FindMarkers","Sepsis vs Sham"
"Slc29a1",-1.43218099434725,5.17087130001993e-24,1.01571424946291e-19,0.21,0.323,"macrophage_FindMarkers","Sepsis vs Sham"
"BC005561",1.04118384791923,5.60318650912338e-24,1.1006339259871e-19,0.159,0.063,"macrophage_FindMarkers","Sepsis vs Sham"
"Wdr4",1.30613773192768,8.91605283237122e-24,1.75138025786268e-19,0.101,0.03,"macrophage_FindMarkers","Sepsis vs Sham"
"Hist3h2ba",-2.35272270930206,1.03958962866347e-23,2.04206590758365e-19,0.032,0.118,"macrophage_FindMarkers","Sepsis vs Sham"
"Gpr65",-1.14260359556402,1.17995681904658e-23,2.31778917965321e-19,0.272,0.385,"macrophage_FindMarkers","Sepsis vs Sham"
"Arrb1",-2.38319013485187,1.30695529358216e-23,2.56725228318345e-19,0.056,0.148,"macrophage_FindMarkers","Sepsis vs Sham"
"Cd180",-1.98714958751213,1.59036941212015e-23,3.12396263622761e-19,0.075,0.172,"macrophage_FindMarkers","Sepsis vs Sham"
"Ddah2",-1.97425304465664,2.07934694235793e-23,4.08446119887369e-19,0.053,0.149,"macrophage_FindMarkers","Sepsis vs Sham"
"Lbh",-1.39160603361807,2.51162872828979e-23,4.93359231097964e-19,0.136,0.25,"macrophage_FindMarkers","Sepsis vs Sham"
"Cat",-1.69078973830166,4.35403656851672e-23,8.55263403153738e-19,0.125,0.229,"macrophage_FindMarkers","Sepsis vs Sham"
"H2-M3",-1.23461344529048,5.02288250121899e-23,9.86644809714446e-19,0.219,0.328,"macrophage_FindMarkers","Sepsis vs Sham"
"Nek7",-1.59301275711743,5.10472292981309e-23,1.00272072510318e-18,0.125,0.228,"macrophage_FindMarkers","Sepsis vs Sham"
"Cracr2b",-1.83850326904031,5.13100066699621e-23,1.00788246101807e-18,0.061,0.155,"macrophage_FindMarkers","Sepsis vs Sham"
"Cmtm6",-1.45729878488025,5.14622174582739e-23,1.01087233753287e-18,0.213,0.328,"macrophage_FindMarkers","Sepsis vs Sham"
"Scarb2",-1.35750914043088,5.29370181448214e-23,1.03984184741873e-18,0.222,0.334,"macrophage_FindMarkers","Sepsis vs Sham"
"Snx29",-2.7528269415636,5.76927616309282e-23,1.13325891671632e-18,0.032,0.117,"macrophage_FindMarkers","Sepsis vs Sham"
"Ero1l",1.090420256269,6.56571143718611e-23,1.28970269760647e-18,0.152,0.063,"macrophage_FindMarkers","Sepsis vs Sham"
"Adm",1.40160441392759,7.81722069061533e-23,1.53553666025757e-18,0.133,0.05,"macrophage_FindMarkers","Sepsis vs Sham"
"Susd3",-1.789737468915,1.10079458812437e-22,2.1622908094527e-18,0.074,0.173,"macrophage_FindMarkers","Sepsis vs Sham"
"Commd8",-1.22668822894395,1.1755526439917e-22,2.3091380585929e-18,0.235,0.345,"macrophage_FindMarkers","Sepsis vs Sham"
"Ang",-1.61747416216725,1.73322230837658e-22,3.40456858034412e-18,0.115,0.219,"macrophage_FindMarkers","Sepsis vs Sham"
"Ctla2b",1.83044766892037,1.98530727302806e-22,3.89973907640902e-18,0.433,0.329,"macrophage_FindMarkers","Sepsis vs Sham"
"Fchsd2",-2.32233242278714,3.08436153016801e-22,6.05861135370901e-18,0.07,0.167,"macrophage_FindMarkers","Sepsis vs Sham"
"Cd72",1.18882189250153,3.19327259370927e-22,6.27254535582312e-18,0.484,0.381,"macrophage_FindMarkers","Sepsis vs Sham"
"Ptprs",-2.35385902739903,3.51661738822277e-22,6.90769153568598e-18,0.026,0.104,"macrophage_FindMarkers","Sepsis vs Sham"
"Fbxw4",-2.15607913814962,3.58208378857802e-22,7.03628718590381e-18,0.063,0.153,"macrophage_FindMarkers","Sepsis vs Sham"
"Fam214a",-2.20641165643048,4.18481225912584e-22,8.22022672060088e-18,0.043,0.129,"macrophage_FindMarkers","Sepsis vs Sham"
"B930036N10Rik",1.75314027863255,4.91971886065592e-22,9.66380375798642e-18,0.371,0.249,"macrophage_FindMarkers","Sepsis vs Sham"
"Leprot",-1.31362098613218,5.17504219288179e-22,1.01653353794777e-17,0.204,0.309,"macrophage_FindMarkers","Sepsis vs Sham"
"Pnpla7",-2.32028560177219,5.78765960938395e-22,1.13686997707129e-17,0.038,0.119,"macrophage_FindMarkers","Sepsis vs Sham"
"Man1c1",-1.74762321382854,6.29338007073243e-22,1.23620864729397e-17,0.119,0.216,"macrophage_FindMarkers","Sepsis vs Sham"
"Pigp",-1.42748578119374,6.42825308869162e-22,1.26270175421169e-17,0.12,0.226,"macrophage_FindMarkers","Sepsis vs Sham"
"Fcna",-2.20927890608492,6.8850276792917e-22,1.35242598704327e-17,0.118,0.217,"macrophage_FindMarkers","Sepsis vs Sham"
"Tbc1d4",-3.10443525671229,7.29427748668593e-22,1.43281492670972e-17,0.031,0.11,"macrophage_FindMarkers","Sepsis vs Sham"
"Ulk2",-1.77880458768522,7.86362141005874e-22,1.54465115357784e-17,0.087,0.186,"macrophage_FindMarkers","Sepsis vs Sham"
"Tbxas1",-1.15612539321805,8.15648161156497e-22,1.60217768295971e-17,0.284,0.382,"macrophage_FindMarkers","Sepsis vs Sham"
"Slc7a1",1.03094873107932,1.29080693786459e-21,2.53553206804741e-17,0.127,0.046,"macrophage_FindMarkers","Sepsis vs Sham"
"Ctsd",-1.01881499526744,1.87279169033343e-21,3.67872471732196e-17,0.565,0.607,"macrophage_FindMarkers","Sepsis vs Sham"
"Necap2",-1.01750874455948,2.28561415866311e-21,4.48963189186194e-17,0.35,0.439,"macrophage_FindMarkers","Sepsis vs Sham"
"Scamp2",-1.19040051348448,2.59109976788722e-21,5.08969727406086e-17,0.33,0.423,"macrophage_FindMarkers","Sepsis vs Sham"
"Ddx60",-1.97057692925731,2.79145778157089e-21,5.4832605203397e-17,0.108,0.209,"macrophage_FindMarkers","Sepsis vs Sham"
"Rnf187",-1.23346075594354,2.81383382514725e-21,5.52721378273675e-17,0.244,0.349,"macrophage_FindMarkers","Sepsis vs Sham"
"Nfxl1",-1.58585615277026,3.05883354087702e-21,6.00846672434473e-17,0.153,0.261,"macrophage_FindMarkers","Sepsis vs Sham"
"Dguok",-1.33722797607357,4.89094334767787e-21,9.60728001784365e-17,0.17,0.275,"macrophage_FindMarkers","Sepsis vs Sham"
"Dgkd",-1.99709742268422,5.06207297384159e-21,9.94342994251703e-17,0.116,0.223,"macrophage_FindMarkers","Sepsis vs Sham"
"Pdcd4",-1.4523462774119,5.34277642539125e-21,1.0494815732396e-16,0.07,0.163,"macrophage_FindMarkers","Sepsis vs Sham"
"Ttc3",-2.19993333552176,6.90173321621551e-21,1.35570745566121e-16,0.056,0.146,"macrophage_FindMarkers","Sepsis vs Sham"
"Cd300ld",-1.12088577510211,8.74065002098714e-21,1.7169258836225e-16,0.295,0.387,"macrophage_FindMarkers","Sepsis vs Sham"
"Pink1",-1.71905759870933,9.32458414203122e-21,1.83162806301919e-16,0.063,0.159,"macrophage_FindMarkers","Sepsis vs Sham"
"Ccpg1",-1.83321274075145,1.0098589369267e-20,1.98366590980512e-16,0.087,0.182,"macrophage_FindMarkers","Sepsis vs Sham"
"Npl",-1.69972308323919,1.17105851528472e-20,2.30031024157377e-16,0.107,0.205,"macrophage_FindMarkers","Sepsis vs Sham"
"D16Ertd472e",1.145880633327,1.36055713146441e-20,2.67254237333553e-16,0.136,0.054,"macrophage_FindMarkers","Sepsis vs Sham"
"Nfkbid",-1.13050831499748,1.71852511968912e-20,3.37569889260533e-16,0.216,0.332,"macrophage_FindMarkers","Sepsis vs Sham"
"Il10rb",-1.06708971743762,1.8206996887795e-20,3.57640039866956e-16,0.336,0.421,"macrophage_FindMarkers","Sepsis vs Sham"
"Ptgs2",1.01148254749095,3.20173189623635e-20,6.28916196377707e-16,0.195,0.098,"macrophage_FindMarkers","Sepsis vs Sham"
"Dock8",-1.51582302762497,3.31131694048991e-20,6.50441986620433e-16,0.189,0.289,"macrophage_FindMarkers","Sepsis vs Sham"
"Dnajb14",-1.44183254094826,6.20292943460448e-20,1.21844142883936e-15,0.119,0.219,"macrophage_FindMarkers","Sepsis vs Sham"
"Fli1",-1.24982877652104,7.92373623230152e-20,1.55645950811099e-15,0.208,0.309,"macrophage_FindMarkers","Sepsis vs Sham"
"C4b",-2.70455373170669,8.02725906807836e-20,1.57679449874263e-15,0.153,0.245,"macrophage_FindMarkers","Sepsis vs Sham"
"Arhgap15",-1.56047610562447,8.14904718500005e-20,1.60071733854956e-15,0.116,0.214,"macrophage_FindMarkers","Sepsis vs Sham"
"Acat1",-1.23908241026857,9.06506860304437e-20,1.780651425696e-15,0.219,0.321,"macrophage_FindMarkers","Sepsis vs Sham"
"Fam71a",-2.01944009267504,9.25492683446359e-20,1.81794527809368e-15,0.074,0.168,"macrophage_FindMarkers","Sepsis vs Sham"
"Gpr84",1.48289820646093,9.51799252973286e-20,1.86961927261542e-15,0.101,0.032,"macrophage_FindMarkers","Sepsis vs Sham"
"Snhg4",1.48747405389037,1.06362338066636e-19,2.08927540664294e-15,0.106,0.038,"macrophage_FindMarkers","Sepsis vs Sham"
"Pvt1",1.01631491954085,1.13270715558628e-19,2.22497666571813e-15,0.124,0.051,"macrophage_FindMarkers","Sepsis vs Sham"
"Myo1f",-1.59995742388683,1.49106180037384e-19,2.92889269447434e-15,0.132,0.233,"macrophage_FindMarkers","Sepsis vs Sham"
"Zfp830",1.28887299373677,1.52708314881009e-19,2.99964942920767e-15,0.133,0.054,"macrophage_FindMarkers","Sepsis vs Sham"
"Ttyh3",-1.71582720176704,1.92763865780522e-19,3.78646061552679e-15,0.115,0.212,"macrophage_FindMarkers","Sepsis vs Sham"
"Gbp3",-1.40064001178824,2.46967104699839e-19,4.85117483761894e-15,0.052,0.134,"macrophage_FindMarkers","Sepsis vs Sham"
"Tnrc6b",-1.58699825564129,2.83187884049941e-19,5.56265960639299e-15,0.097,0.195,"macrophage_FindMarkers","Sepsis vs Sham"
"Mctp1",-2.03232084465941,3.16636129179977e-19,6.21968348548228e-15,0.071,0.16,"macrophage_FindMarkers","Sepsis vs Sham"
"Cpq",-1.62326756912084,3.53489306036946e-19,6.94359043848374e-15,0.061,0.145,"macrophage_FindMarkers","Sepsis vs Sham"
"Ramp2",1.29237980845953,4.02101826400474e-19,7.8984861759845e-15,0.1,0.034,"macrophage_FindMarkers","Sepsis vs Sham"
"Reps2",-1.77545331187168,4.21693826518577e-19,8.2833318343044e-15,0.121,0.213,"macrophage_FindMarkers","Sepsis vs Sham"
"Tcn2",-1.20565478465098,4.67033393416228e-19,9.17393694687497e-15,0.272,0.36,"macrophage_FindMarkers","Sepsis vs Sham"
"Prkacb",-1.52847758799501,5.16567933511319e-19,1.01469439179628e-14,0.153,0.252,"macrophage_FindMarkers","Sepsis vs Sham"
"Snap23",-1.04711631891229,5.56229916939616e-19,1.09260242584449e-14,0.266,0.361,"macrophage_FindMarkers","Sepsis vs Sham"
"Cib2",-2.17561808921256,7.13864615171564e-19,1.4022442635815e-14,0.037,0.112,"macrophage_FindMarkers","Sepsis vs Sham"
"Mxd4",-1.04237201496555,7.7443920819161e-19,1.52123093665078e-14,0.198,0.303,"macrophage_FindMarkers","Sepsis vs Sham"
"Rasa1",-1.28982889968983,1.15949504459682e-18,2.27759611610152e-14,0.175,0.276,"macrophage_FindMarkers","Sepsis vs Sham"
"Tut7",-1.0182927335985,1.33144827915399e-18,2.61536385474218e-14,0.492,0.555,"macrophage_FindMarkers","Sepsis vs Sham"
"St6gal1",-2.16763743586771,1.41353166286013e-18,2.77660024535616e-14,0.05,0.13,"macrophage_FindMarkers","Sepsis vs Sham"
"Blnk",-1.22428422727833,1.50544193874382e-18,2.95713960027448e-14,0.189,0.286,"macrophage_FindMarkers","Sepsis vs Sham"
"Rell1",-1.70663479764695,1.52961066060629e-18,3.00461422062893e-14,0.103,0.192,"macrophage_FindMarkers","Sepsis vs Sham"
"Dock2",-1.20526489617838,1.59619689375076e-18,3.13540955839461e-14,0.25,0.348,"macrophage_FindMarkers","Sepsis vs Sham"
"Vwa5a",-1.33182886913,2.33375074996593e-18,4.58418659815807e-14,0.17,0.265,"macrophage_FindMarkers","Sepsis vs Sham"
"Aldh7a1",-1.95888840199937,2.59929679437055e-18,5.10579869318208e-14,0.076,0.161,"macrophage_FindMarkers","Sepsis vs Sham"
"Zdhhc6",1.05648427519919,2.84704194560298e-18,5.59244449374793e-14,0.118,0.048,"macrophage_FindMarkers","Sepsis vs Sham"
"1700025G04Rik",-2.00545021557563,2.93025371531746e-18,5.7558973729981e-14,0.037,0.112,"macrophage_FindMarkers","Sepsis vs Sham"
"Gm4951",-1.84347853584636,2.98894308796193e-18,5.87118090768362e-14,0.05,0.126,"macrophage_FindMarkers","Sepsis vs Sham"
"Rnf13",-1.29398930094547,3.21832435177818e-18,6.32175452419788e-14,0.236,0.326,"macrophage_FindMarkers","Sepsis vs Sham"
"Foxn3",-1.22976201524752,4.8297574489535e-18,9.48709255697936e-14,0.257,0.352,"macrophage_FindMarkers","Sepsis vs Sham"
"Glcci1",-1.59207306717841,4.83510130463447e-18,9.49758949269348e-14,0.066,0.154,"macrophage_FindMarkers","Sepsis vs Sham"
"Mpp6",-1.17088684659537,4.92187559501053e-18,9.66804023127919e-14,0.187,0.278,"macrophage_FindMarkers","Sepsis vs Sham"
"Mettl9",-1.31394177017994,6.15046617677209e-18,1.20813607110334e-13,0.114,0.205,"macrophage_FindMarkers","Sepsis vs Sham"
"Prep",1.07217861624704,6.68071559454321e-18,1.31229296423612e-13,0.124,0.053,"macrophage_FindMarkers","Sepsis vs Sham"
"Mgst3",-1.44596490017008,7.56909262012481e-18,1.48679686337112e-13,0.105,0.193,"macrophage_FindMarkers","Sepsis vs Sham"
"Gpr160",-1.88271552131438,1.1006688221639e-17,2.16204376737655e-13,0.043,0.115,"macrophage_FindMarkers","Sepsis vs Sham"
"Hsd17b11",-1.27258709468543,1.23605468954504e-17,2.42798222667333e-13,0.143,0.235,"macrophage_FindMarkers","Sepsis vs Sham"
"Kdelr1",-1.0286952152323,1.44856678668593e-17,2.84541973908717e-13,0.281,0.372,"macrophage_FindMarkers","Sepsis vs Sham"
"Cnpy2",-1.12247334583002,1.85817965592964e-17,3.65002229814259e-13,0.223,0.311,"macrophage_FindMarkers","Sepsis vs Sham"
"Fcho2",-1.18678605200761,2.3887442911017e-17,4.69221041101107e-13,0.247,0.338,"macrophage_FindMarkers","Sepsis vs Sham"
"Sord",-1.98212576380387,2.46239287828988e-17,4.83687833082482e-13,0.069,0.153,"macrophage_FindMarkers","Sepsis vs Sham"
"Tspan13",-1.11747189492536,2.70583013553353e-17,5.31506213522852e-13,0.06,0.139,"macrophage_FindMarkers","Sepsis vs Sham"
"Nckap1l",-1.00268772185456,2.93602246980916e-17,5.76722893744613e-13,0.314,0.404,"macrophage_FindMarkers","Sepsis vs Sham"
"Stxbp6",-1.95943204670509,3.25937145885906e-17,6.40238335663685e-13,0.049,0.122,"macrophage_FindMarkers","Sepsis vs Sham"
"Adam19",-1.2687024969046,3.29935416290657e-17,6.48092138219737e-13,0.124,0.218,"macrophage_FindMarkers","Sepsis vs Sham"
"Aldh9a1",-1.45912511178989,3.34796464935366e-17,6.5764069607254e-13,0.116,0.203,"macrophage_FindMarkers","Sepsis vs Sham"
"Ccdc50",-1.09243222669869,3.83140509377858e-17,7.52602902570926e-13,0.254,0.348,"macrophage_FindMarkers","Sepsis vs Sham"
"Tmcc3",-1.39145468882847,5.47325841426033e-17,1.07511215031316e-12,0.144,0.238,"macrophage_FindMarkers","Sepsis vs Sham"
"Slc16a7",-2.15315987395757,6.09654362526914e-17,1.19754406431162e-12,0.039,0.108,"macrophage_FindMarkers","Sepsis vs Sham"
"Rasa3",-1.71034270946825,1.00591542045727e-16,1.97591966040422e-12,0.083,0.168,"macrophage_FindMarkers","Sepsis vs Sham"
"Nrros",-1.12456190984302,1.22310191744091e-16,2.40253909642918e-12,0.28,0.363,"macrophage_FindMarkers","Sepsis vs Sham"
"Borcs6",-1.39866606729443,1.30357812332009e-16,2.56061850763766e-12,0.138,0.229,"macrophage_FindMarkers","Sepsis vs Sham"
"Zfp52",1.17616813636658,1.60573066358191e-16,3.15413674247394e-12,0.121,0.052,"macrophage_FindMarkers","Sepsis vs Sham"
"Pros1",-1.69166793261804,1.61971372203674e-16,3.18160366419677e-12,0.141,0.234,"macrophage_FindMarkers","Sepsis vs Sham"
"Mycbp2",-1.29855791239273,1.89962861763495e-16,3.73144049362033e-12,0.309,0.395,"macrophage_FindMarkers","Sepsis vs Sham"
"Itsn1",-1.25382598410275,2.02013335556713e-16,3.96814795034051e-12,0.274,0.359,"macrophage_FindMarkers","Sepsis vs Sham"
"Zbtb10",-1.65808123403852,2.89242014983523e-16,5.68158090032133e-12,0.082,0.166,"macrophage_FindMarkers","Sepsis vs Sham"
"Zbtb20",-1.2854565337819,2.9215329771457e-16,5.73876722700731e-12,0.159,0.253,"macrophage_FindMarkers","Sepsis vs Sham"
"Grap",-1.37081490207936,3.07267422270954e-16,6.03565397566835e-12,0.156,0.243,"macrophage_FindMarkers","Sepsis vs Sham"
"Dennd5a",-1.17500648284675,3.11018926783241e-16,6.1093447788032e-12,0.255,0.34,"macrophage_FindMarkers","Sepsis vs Sham"
"2310022A10Rik",1.07338023932472,3.22745332681922e-16,6.339686569871e-12,0.102,0.04,"macrophage_FindMarkers","Sepsis vs Sham"
"Ddx28",1.22460100714071,3.69735503895388e-16,7.26271450301711e-12,0.111,0.045,"macrophage_FindMarkers","Sepsis vs Sham"
"Add3",-1.62580091445658,4.66556843246934e-16,9.16457607189952e-12,0.121,0.207,"macrophage_FindMarkers","Sepsis vs Sham"
"Alox5",-1.36092939609547,4.83697332118445e-16,9.50126669480262e-12,0.17,0.258,"macrophage_FindMarkers","Sepsis vs Sham"
"Eif4ebp2",-1.63328784841487,5.68498710864327e-16,1.1167020177508e-11,0.097,0.179,"macrophage_FindMarkers","Sepsis vs Sham"
"Fam3c",-1.42434994908654,9.66791220415958e-16,1.89906799426307e-11,0.138,0.22,"macrophage_FindMarkers","Sepsis vs Sham"
"Plau",-1.18988639408022,1.16610926973542e-15,2.29058843854129e-11,0.072,0.156,"macrophage_FindMarkers","Sepsis vs Sham"
"Mmp13",-1.06906152034732,1.50878450816924e-15,2.96370540939684e-11,0.068,0.151,"macrophage_FindMarkers","Sepsis vs Sham"
"Scimp",-1.09265740559737,1.5847281767535e-15,3.1128815575969e-11,0.122,0.207,"macrophage_FindMarkers","Sepsis vs Sham"
"Mapk3",-1.07763426989041,1.59206650422516e-15,3.12729623424949e-11,0.233,0.321,"macrophage_FindMarkers","Sepsis vs Sham"
"Tep1",-1.34006966425298,1.91762509484103e-15,3.76679097379623e-11,0.19,0.279,"macrophage_FindMarkers","Sepsis vs Sham"
"Spn",1.10021080114984,2.13584549489652e-15,4.19544130562523e-11,0.114,0.05,"macrophage_FindMarkers","Sepsis vs Sham"
"2610203C22Rik",-1.45874777254713,2.43029342822854e-15,4.77382538106933e-11,0.103,0.182,"macrophage_FindMarkers","Sepsis vs Sham"
"Rgs18",-1.77818197803638,2.49491762176208e-15,4.90076668442725e-11,0.073,0.148,"macrophage_FindMarkers","Sepsis vs Sham"
"Pik3cg",-1.52853588638512,2.68387017933625e-15,5.27192619327019e-11,0.115,0.199,"macrophage_FindMarkers","Sepsis vs Sham"
"Slc8a1",-1.74191776215742,5.23003046763691e-15,1.02733488475792e-10,0.069,0.141,"macrophage_FindMarkers","Sepsis vs Sham"
"Tnfrsf13b",-1.52147605757328,5.49005417606038e-15,1.07841134180354e-10,0.101,0.184,"macrophage_FindMarkers","Sepsis vs Sham"
"Mid1ip1",-1.19590574868692,5.82046842870288e-15,1.14331461345011e-10,0.119,0.204,"macrophage_FindMarkers","Sepsis vs Sham"
"Dusp22",-1.68534710894425,6.42045398412806e-15,1.26116977610227e-10,0.081,0.154,"macrophage_FindMarkers","Sepsis vs Sham"
"Parp8",-1.56011923332471,8.57826140440761e-15,1.68502788766779e-10,0.076,0.148,"macrophage_FindMarkers","Sepsis vs Sham"
"Maoa",-1.92521409866562,8.76470601956014e-15,1.7216512034222e-10,0.06,0.129,"macrophage_FindMarkers","Sepsis vs Sham"
"Wtip",-1.35275124478831,9.78926652328661e-15,1.92290562316919e-10,0.135,0.214,"macrophage_FindMarkers","Sepsis vs Sham"
"Pacs1",-2.01938032987566,1.00789093489398e-14,1.97980016341225e-10,0.046,0.112,"macrophage_FindMarkers","Sepsis vs Sham"
"Rdm1",-1.63403547463852,1.08708322774031e-14,2.13535758425029e-10,0.048,0.116,"macrophage_FindMarkers","Sepsis vs Sham"
"Hsd17b4",-1.42805070774358,1.18086136860367e-14,2.31956598634818e-10,0.124,0.202,"macrophage_FindMarkers","Sepsis vs Sham"
"Gm10134",-1.9625559031548,1.18983424526907e-14,2.33719140798203e-10,0.065,0.136,"macrophage_FindMarkers","Sepsis vs Sham"
"Selenoh",-1.1639497853184,1.62336640811814e-14,3.18877863546646e-10,0.164,0.247,"macrophage_FindMarkers","Sepsis vs Sham"
"Nucb1",-1.00397464854395,1.64833658344237e-14,3.23782755085585e-10,0.277,0.354,"macrophage_FindMarkers","Sepsis vs Sham"
"Hltf",-1.66928458985391,1.7208177739829e-14,3.38020235343461e-10,0.067,0.139,"macrophage_FindMarkers","Sepsis vs Sham"
"Plxnb2",-1.25089946144883,1.77713462187758e-14,3.49082553775414e-10,0.27,0.35,"macrophage_FindMarkers","Sepsis vs Sham"
"Mthfsl",-1.05834947877899,1.91267106272523e-14,3.75705976851118e-10,0.121,0.202,"macrophage_FindMarkers","Sepsis vs Sham"
"Slc29a3",-1.53243645195166,2.30763430327502e-14,4.53288606192313e-10,0.107,0.187,"macrophage_FindMarkers","Sepsis vs Sham"
"Nrm",-1.90278855838189,2.33095800984462e-14,4.57870081873778e-10,0.042,0.103,"macrophage_FindMarkers","Sepsis vs Sham"
"Sema6d",-1.83982932093962,3.02749751167736e-14,5.94691336218784e-10,0.041,0.103,"macrophage_FindMarkers","Sepsis vs Sham"
"Atp13a2",-1.50149238258985,3.03225564305797e-14,5.95625975965877e-10,0.181,0.263,"macrophage_FindMarkers","Sepsis vs Sham"
"Aph1c",-1.71298329244563,3.07387892125312e-14,6.0380203650175e-10,0.059,0.126,"macrophage_FindMarkers","Sepsis vs Sham"
"Egr3",-2.18955893379767,3.08547776986672e-14,6.0608039833492e-10,0.039,0.103,"macrophage_FindMarkers","Sepsis vs Sham"
"Gnaq",-1.37774918536631,3.18930453477784e-14,6.26475089766412e-10,0.223,0.304,"macrophage_FindMarkers","Sepsis vs Sham"
"Cdkn1c",-1.443532665275,4.8324674588074e-14,9.49241582933537e-10,0.052,0.118,"macrophage_FindMarkers","Sepsis vs Sham"
"Tk2",-1.8129231021898,4.88851664432989e-14,9.60251324445719e-10,0.048,0.108,"macrophage_FindMarkers","Sepsis vs Sham"
"Rp2",-1.36455337933325,5.10068830057497e-14,1.00192820288194e-09,0.124,0.2,"macrophage_FindMarkers","Sepsis vs Sham"
"Taok3",-1.01355333672219,5.66388547516791e-14,1.11255702388723e-09,0.294,0.367,"macrophage_FindMarkers","Sepsis vs Sham"
"Gm29340",-1.06884765834829,8.2074040196168e-14,1.61218037157333e-09,0.048,0.113,"macrophage_FindMarkers","Sepsis vs Sham"
"Arhgap45",-1.0273874593192,1.05684613510692e-13,2.07596286319052e-09,0.261,0.343,"macrophage_FindMarkers","Sepsis vs Sham"
"Clec4b1",-1.03906101336519,1.09013674020163e-13,2.14135559877806e-09,0.173,0.254,"macrophage_FindMarkers","Sepsis vs Sham"
"Rac3",-1.12594381342679,1.12405058385839e-13,2.20797256187304e-09,0.181,0.26,"macrophage_FindMarkers","Sepsis vs Sham"
"Gatd1",-1.84360045647516,1.2783035215404e-13,2.5109716073618e-09,0.066,0.132,"macrophage_FindMarkers","Sepsis vs Sham"
"Mpv17",-1.62623979340637,1.36204455471651e-13,2.67546411882963e-09,0.059,0.122,"macrophage_FindMarkers","Sepsis vs Sham"
"Cnp",-1.47149774481973,1.75030139468374e-13,3.43811702957727e-09,0.116,0.192,"macrophage_FindMarkers","Sepsis vs Sham"
"Vav2",-1.5620817841538,1.98173728885434e-13,3.89272655649659e-09,0.053,0.114,"macrophage_FindMarkers","Sepsis vs Sham"
"Ebpl",-1.58348291055899,2.14498430160966e-13,4.21339266365186e-09,0.09,0.158,"macrophage_FindMarkers","Sepsis vs Sham"
"Prkcb",-1.16404816903308,2.16327272286846e-13,4.24931660953052e-09,0.146,0.229,"macrophage_FindMarkers","Sepsis vs Sham"
"Tmem230",-1.26647603946175,2.23301141982503e-13,4.38630433196231e-09,0.179,0.267,"macrophage_FindMarkers","Sepsis vs Sham"
"Casp3",-1.47029430908123,2.62713766168374e-13,5.16048650884537e-09,0.069,0.139,"macrophage_FindMarkers","Sepsis vs Sham"
"Mtus1",-1.47743305450052,2.94818386373995e-13,5.79111756354438e-09,0.088,0.162,"macrophage_FindMarkers","Sepsis vs Sham"
"Il16",-1.69219924927707,4.60050182532667e-13,9.03676573548917e-09,0.084,0.152,"macrophage_FindMarkers","Sepsis vs Sham"
"Glod4",-1.3498582881388,5.19330527760701e-13,1.02012095568034e-08,0.107,0.179,"macrophage_FindMarkers","Sepsis vs Sham"
"Gbp7",-1.14335222721333,6.32441087457664e-13,1.24230402809309e-08,0.108,0.182,"macrophage_FindMarkers","Sepsis vs Sham"
"Fh1",-1.3185156036114,6.35368689849727e-13,1.24805471747182e-08,0.168,0.241,"macrophage_FindMarkers","Sepsis vs Sham"
"Rnf141",-1.17204782173969,9.86926492762741e-13,1.93861970973385e-08,0.103,0.175,"macrophage_FindMarkers","Sepsis vs Sham"
"Vegfb",-1.67043870801078,1.37215585185488e-12,2.69532573979855e-08,0.058,0.122,"macrophage_FindMarkers","Sepsis vs Sham"
"Dapk1",-1.58302469090433,1.51660847821667e-12,2.97907403376101e-08,0.084,0.151,"macrophage_FindMarkers","Sepsis vs Sham"
"Pde3b",-1.64209142927474,1.84811046174674e-12,3.63024338000913e-08,0.079,0.147,"macrophage_FindMarkers","Sepsis vs Sham"
"Cpne3",-1.53327386864187,1.90446593441247e-12,3.74094243496641e-08,0.109,0.179,"macrophage_FindMarkers","Sepsis vs Sham"
"Ccdc90b",-1.76841050683105,2.16543568793485e-12,4.25356532181042e-08,0.056,0.116,"macrophage_FindMarkers","Sepsis vs Sham"
"Tbc1d9b",-1.54177721499163,2.18511439625623e-12,4.29222020856612e-08,0.098,0.165,"macrophage_FindMarkers","Sepsis vs Sham"
"Tmem159",-1.4557825318901,2.21527275666667e-12,4.35146027592033e-08,0.093,0.158,"macrophage_FindMarkers","Sepsis vs Sham"
"Gem",-1.80930938635208,2.35238504356496e-12,4.62078994107465e-08,0.063,0.128,"macrophage_FindMarkers","Sepsis vs Sham"
"Adcy7",-1.21328183083408,2.54759288110257e-12,5.00423669634978e-08,0.177,0.256,"macrophage_FindMarkers","Sepsis vs Sham"
"Mknk1",-1.21633164892527,2.63059741173369e-12,5.16728249586849e-08,0.15,0.227,"macrophage_FindMarkers","Sepsis vs Sham"
"Tspan17",-1.43251606241094,3.04635321537053e-12,5.98395162095233e-08,0.114,0.18,"macrophage_FindMarkers","Sepsis vs Sham"
"Oard1",-1.39581657616363,3.05072300480905e-12,5.99253519834641e-08,0.089,0.155,"macrophage_FindMarkers","Sepsis vs Sham"
"Serpinb8",-1.03542506496887,3.10719590868207e-12,6.1034649234242e-08,0.198,0.273,"macrophage_FindMarkers","Sepsis vs Sham"
"Tpcn1",-1.65789235221801,3.22852798006036e-12,6.34179751123257e-08,0.072,0.139,"macrophage_FindMarkers","Sepsis vs Sham"
"Ncoa3",-1.18109196937633,3.39477223095119e-12,6.66835109325743e-08,0.201,0.272,"macrophage_FindMarkers","Sepsis vs Sham"
"Phactr2",-1.55750241560368,3.86961620358689e-12,7.60108710870573e-08,0.091,0.159,"macrophage_FindMarkers","Sepsis vs Sham"
"Rapgef6",-1.12809025300738,4.23833036879442e-12,8.32535234342287e-08,0.216,0.294,"macrophage_FindMarkers","Sepsis vs Sham"
"Tlr7",-1.21292790853384,4.62684703722516e-12,9.08851563522139e-08,0.166,0.237,"macrophage_FindMarkers","Sepsis vs Sham"
"Rassf3",-1.21016233121311,5.36594949549911e-12,1.05403345940089e-07,0.113,0.186,"macrophage_FindMarkers","Sepsis vs Sham"
"Il13ra1",-1.1661609952964,5.44205370948257e-12,1.06898261015366e-07,0.136,0.21,"macrophage_FindMarkers","Sepsis vs Sham"
"Dynlt3",-1.30337351850621,5.70832149211385e-12,1.12128559069592e-07,0.13,0.201,"macrophage_FindMarkers","Sepsis vs Sham"
"Cenpa",-1.12500168116822,6.89245541070905e-12,1.35388501632558e-07,0.057,0.115,"macrophage_FindMarkers","Sepsis vs Sham"
"Etv5",-1.51054915537048,9.12011465461592e-12,1.7914641216062e-07,0.073,0.134,"macrophage_FindMarkers","Sepsis vs Sham"
"Wipf1",-1.18870672884724,9.92630298027597e-12,1.94982369441561e-07,0.22,0.293,"macrophage_FindMarkers","Sepsis vs Sham"
"Rogdi",-1.77606517352719,1.02425803106413e-11,2.01195005041927e-07,0.047,0.101,"macrophage_FindMarkers","Sepsis vs Sham"
"Thap3",-1.55909961508954,1.09474780072565e-11,2.15041310496539e-07,0.055,0.114,"macrophage_FindMarkers","Sepsis vs Sham"
"Ttc28",-1.8973674889535,1.34871978737239e-11,2.64929027833558e-07,0.045,0.1,"macrophage_FindMarkers","Sepsis vs Sham"
"Ivns1abp",-1.10504254361074,1.36272450878225e-11,2.67679975260097e-07,0.188,0.262,"macrophage_FindMarkers","Sepsis vs Sham"
"Gstm1",-1.18808445118781,1.38040804402993e-11,2.71153552088798e-07,0.127,0.199,"macrophage_FindMarkers","Sepsis vs Sham"
"Numa1",-1.5973996391602,1.43569880134614e-11,2.82014315548422e-07,0.089,0.153,"macrophage_FindMarkers","Sepsis vs Sham"
"Zfp652",-1.49621869691205,1.4537488561385e-11,2.85559887811286e-07,0.09,0.158,"macrophage_FindMarkers","Sepsis vs Sham"
"Ehmt2",-1.5426959142176,1.97625012469006e-11,3.88194811992868e-07,0.143,0.212,"macrophage_FindMarkers","Sepsis vs Sham"
"R3hdm4",-1.20122853222169,1.97890382151074e-11,3.88716077659355e-07,0.14,0.205,"macrophage_FindMarkers","Sepsis vs Sham"
"Ednrb",-1.60153538464648,2.05341055744634e-11,4.03351435799184e-07,0.115,0.18,"macrophage_FindMarkers","Sepsis vs Sham"
"Nagk",-1.24462399266038,2.17778611762084e-11,4.27782527084261e-07,0.131,0.2,"macrophage_FindMarkers","Sepsis vs Sham"
"Dnase1l1",-1.2292505375421,2.44436007325371e-11,4.80145649189226e-07,0.13,0.199,"macrophage_FindMarkers","Sepsis vs Sham"
"Epb41",-1.35525339259795,2.63491013105529e-11,5.17575397043192e-07,0.123,0.192,"macrophage_FindMarkers","Sepsis vs Sham"
"Evi5",-1.38364364696868,2.70017394512852e-11,5.30395168041595e-07,0.108,0.173,"macrophage_FindMarkers","Sepsis vs Sham"
"Cir1",-1.15921506623291,2.90609721793805e-11,5.7084467651957e-07,0.124,0.193,"macrophage_FindMarkers","Sepsis vs Sham"
"Vrk1",-1.30303705212435,2.98448209688977e-11,5.86241818292058e-07,0.088,0.153,"macrophage_FindMarkers","Sepsis vs Sham"
"Ttc7",-1.60647151647679,3.42235389207781e-11,6.72252975020844e-07,0.105,0.173,"macrophage_FindMarkers","Sepsis vs Sham"
"Prkra",-1.58814281486434,3.70497736341414e-11,7.2776870349544e-07,0.077,0.138,"macrophage_FindMarkers","Sepsis vs Sham"
"N4bp2l1",-1.57763319514211,4.75968155452015e-11,9.34944247754393e-07,0.054,0.111,"macrophage_FindMarkers","Sepsis vs Sham"
"Gnpda1",-1.0887114237777,5.80155735201208e-11,1.13959991065573e-06,0.104,0.172,"macrophage_FindMarkers","Sepsis vs Sham"
"Rgl1",-1.01559093306984,5.9716532303897e-11,1.17301184404545e-06,0.313,0.367,"macrophage_FindMarkers","Sepsis vs Sham"
"Vrk2",-1.05189589071354,6.72244629443842e-11,1.32049012561654e-06,0.133,0.195,"macrophage_FindMarkers","Sepsis vs Sham"
"Retreg2",-1.61631281853338,7.1774602906117e-11,1.40986852488486e-06,0.104,0.168,"macrophage_FindMarkers","Sepsis vs Sham"
"Pygb",-1.65861424653391,7.32783376135454e-11,1.43940638574287e-06,0.054,0.108,"macrophage_FindMarkers","Sepsis vs Sham"
"Wls",-1.33177938418532,8.46076869302961e-11,1.66194879437181e-06,0.116,0.181,"macrophage_FindMarkers","Sepsis vs Sham"
"Tap2",-1.27914441558358,8.48852259225598e-11,1.66740049279684e-06,0.158,0.223,"macrophage_FindMarkers","Sepsis vs Sham"
"Ifih1",-1.49741676022033,8.54595039537842e-11,1.67868103616418e-06,0.208,0.269,"macrophage_FindMarkers","Sepsis vs Sham"
"Kmt2a",-1.43741120360964,1.01269901796153e-10,1.98924468098183e-06,0.116,0.18,"macrophage_FindMarkers","Sepsis vs Sham"
"Chd6",-1.34517884041549,1.01424455634807e-10,1.99228058203451e-06,0.109,0.174,"macrophage_FindMarkers","Sepsis vs Sham"
"Etv3",-1.0718170724188,1.02199025873465e-10,2.00749546523247e-06,0.227,0.299,"macrophage_FindMarkers","Sepsis vs Sham"
"Usf1",-1.09469190564582,1.19769684780247e-10,2.3526359181384e-06,0.147,0.216,"macrophage_FindMarkers","Sepsis vs Sham"
"Jup",-1.11758880640887,1.30097297915302e-10,2.55550122295028e-06,0.095,0.158,"macrophage_FindMarkers","Sepsis vs Sham"
"Dpy19l1",-1.71396492501416,1.41338987789248e-10,2.7763217371442e-06,0.052,0.103,"macrophage_FindMarkers","Sepsis vs Sham"
"Glb1",-1.66893271854741,1.66691825522388e-10,3.27432752873627e-06,0.074,0.134,"macrophage_FindMarkers","Sepsis vs Sham"
"Ctdsp1",-1.27350862573749,1.78450463031496e-10,3.50530244532768e-06,0.133,0.194,"macrophage_FindMarkers","Sepsis vs Sham"
"Wee1",1.0438048637636,1.82573700257538e-10,3.58629519415881e-06,0.104,0.053,"macrophage_FindMarkers","Sepsis vs Sham"
"Snx9",-1.25485100450253,1.869167235313e-10,3.67160520032532e-06,0.189,0.252,"macrophage_FindMarkers","Sepsis vs Sham"
"Rap1gds1",-1.11983355773805,2.10082258368525e-10,4.12664580113295e-06,0.178,0.245,"macrophage_FindMarkers","Sepsis vs Sham"
"Gm36486",1.36309508281764,2.20278273273861e-10,4.32692612191846e-06,0.1,0.053,"macrophage_FindMarkers","Sepsis vs Sham"
"Ing4",-1.17025464598102,2.61440736689068e-10,5.13548039078337e-06,0.106,0.165,"macrophage_FindMarkers","Sepsis vs Sham"
"Dip2b",-1.38408579299545,2.96141049156579e-10,5.81709862858269e-06,0.116,0.178,"macrophage_FindMarkers","Sepsis vs Sham"
"Cryl1",-1.40186262458363,3.29742369285218e-10,6.47712935986954e-06,0.085,0.143,"macrophage_FindMarkers","Sepsis vs Sham"
"Tmem71",-1.54109585146876,3.62439726185947e-10,7.11940354147055e-06,0.056,0.108,"macrophage_FindMarkers","Sepsis vs Sham"
"Polr3gl",-1.30886480099511,4.26461430880736e-10,8.37698188679029e-06,0.088,0.146,"macrophage_FindMarkers","Sepsis vs Sham"
"Lpcat1",-1.48581910323838,4.73490485245602e-10,9.30077360167935e-06,0.061,0.117,"macrophage_FindMarkers","Sepsis vs Sham"
"Add1",-1.26067345912907,5.14531097854269e-10,1.01069343551514e-05,0.155,0.222,"macrophage_FindMarkers","Sepsis vs Sham"
"Smarca2",-1.49656974996912,5.20620120205277e-10,1.02265410211922e-05,0.1,0.162,"macrophage_FindMarkers","Sepsis vs Sham"
"Zbtb4",-1.36672723783855,6.41062816564092e-10,1.25923969057684e-05,0.067,0.123,"macrophage_FindMarkers","Sepsis vs Sham"
"Maf1",-1.21647467623197,6.76853839684187e-10,1.32954399729165e-05,0.13,0.192,"macrophage_FindMarkers","Sepsis vs Sham"
"Fads1",-1.41036461809614,8.05353279776536e-10,1.58195544746505e-05,0.068,0.124,"macrophage_FindMarkers","Sepsis vs Sham"
"Rpa3",-1.13253385674629,9.384866430809e-10,1.84346931300381e-05,0.068,0.124,"macrophage_FindMarkers","Sepsis vs Sham"
"Abcc3",-1.65368701107617,9.60010638294681e-10,1.88574889680224e-05,0.086,0.143,"macrophage_FindMarkers","Sepsis vs Sham"
"Ip6k1",-1.46376386934386,1.12533401583926e-09,2.21049360731306e-05,0.113,0.17,"macrophage_FindMarkers","Sepsis vs Sham"
"Klhl9",-1.20725345506387,1.64910488065163e-09,3.239336717064e-05,0.139,0.205,"macrophage_FindMarkers","Sepsis vs Sham"
"Tbc1d5",-1.04351773873476,1.82030501996676e-09,3.57562515072072e-05,0.139,0.206,"macrophage_FindMarkers","Sepsis vs Sham"
"Hist3h2a",-1.1471704438239,1.83696785719156e-09,3.60835596188137e-05,0.099,0.158,"macrophage_FindMarkers","Sepsis vs Sham"
"Plxdc2",-1.39682826781417,1.98548837953092e-09,3.90009482391258e-05,0.066,0.121,"macrophage_FindMarkers","Sepsis vs Sham"
"Cdkn2c",-1.15001774327359,1.99558492559324e-09,3.91992746934281e-05,0.075,0.134,"macrophage_FindMarkers","Sepsis vs Sham"
"Orai3",-1.43755798566812,3.25023367845729e-09,6.38443401459365e-05,0.094,0.148,"macrophage_FindMarkers","Sepsis vs Sham"
"Tut4",-1.14927229210932,3.3034135049279e-09,6.48889514772988e-05,0.19,0.258,"macrophage_FindMarkers","Sepsis vs Sham"
"Vps41",-1.2697416268448,3.50731909015417e-09,6.88942688878983e-05,0.113,0.172,"macrophage_FindMarkers","Sepsis vs Sham"
"Map3k1",-1.44409051013708,3.98309771374298e-09,7.82399883910534e-05,0.094,0.152,"macrophage_FindMarkers","Sepsis vs Sham"
"Chd9",-1.25691242517017,4.46166164342631e-09,8.7640419661823e-05,0.174,0.234,"macrophage_FindMarkers","Sepsis vs Sham"
"P2rx7",-1.23124215599634,5.83554379322348e-09,0.000114627586730289,0.15,0.21,"macrophage_FindMarkers","Sepsis vs Sham"
"Itpripl2",-1.05562097209784,5.90812997293773e-09,0.000116053397058416,0.196,0.258,"macrophage_FindMarkers","Sepsis vs Sham"
"Dclre1c",-1.06525381959423,5.91484324298471e-09,0.000116185265821949,0.191,0.259,"macrophage_FindMarkers","Sepsis vs Sham"
"Thra",-1.56969846669298,6.27125052664485e-09,0.000123186174094885,0.07,0.117,"macrophage_FindMarkers","Sepsis vs Sham"
"Rfc1",-1.29986758308069,6.73847983311396e-09,0.000132363959361857,0.116,0.172,"macrophage_FindMarkers","Sepsis vs Sham"
"Dhrs7",-1.10475010646791,6.90363492395906e-09,0.000135608100811328,0.169,0.224,"macrophage_FindMarkers","Sepsis vs Sham"
"H1f0",-1.21643372469936,7.52429204698986e-09,0.000147799668679022,0.096,0.151,"macrophage_FindMarkers","Sepsis vs Sham"
"Cyp4f18",-1.1363382367317,7.80882204705844e-09,0.000153388691470369,0.112,0.166,"macrophage_FindMarkers","Sepsis vs Sham"
"Fgl2",-1.00867279518592,7.96758950837749e-09,0.000156507360713059,0.146,0.208,"macrophage_FindMarkers","Sepsis vs Sham"
"Zcchc24",-1.4578002496972,7.97765257535017e-09,0.000156705029537603,0.11,0.17,"macrophage_FindMarkers","Sepsis vs Sham"
"Uap1l1",-1.15236666768731,9.2221079148036e-09,0.000181149865770487,0.167,0.218,"macrophage_FindMarkers","Sepsis vs Sham"
"Stard9",-1.38377711412227,9.62012257645345e-09,0.000188968067769275,0.106,0.165,"macrophage_FindMarkers","Sepsis vs Sham"
"Asap1",-1.09604180975901,1.09358314145635e-08,0.00021481253647627,0.215,0.274,"macrophage_FindMarkers","Sepsis vs Sham"
"Tbc1d17",-1.47131035780076,1.17131827625212e-08,0.000230082049004203,0.07,0.121,"macrophage_FindMarkers","Sepsis vs Sham"
"Atp6v0a1",-1.23427332212479,1.2792392201233e-08,0.00025128096000882,0.19,0.247,"macrophage_FindMarkers","Sepsis vs Sham"
"Themis2",-1.07271429023256,1.50866851689037e-08,0.000296347756772776,0.136,0.2,"macrophage_FindMarkers","Sepsis vs Sham"
"Exoc6",-1.25084566097709,1.51160221786665e-08,0.000296924023655547,0.066,0.117,"macrophage_FindMarkers","Sepsis vs Sham"
"Tmod1",-1.59110494283645,1.57188732438811e-08,0.000308765827129557,0.056,0.105,"macrophage_FindMarkers","Sepsis vs Sham"
"Inpp5k",-1.27133480509883,2.07045224935808e-08,0.000406698935341408,0.094,0.144,"macrophage_FindMarkers","Sepsis vs Sham"
"Dipk1a",-1.33980994352602,2.30911591557502e-08,0.000453579639296401,0.088,0.14,"macrophage_FindMarkers","Sepsis vs Sham"
"Kctd2",-1.43237163880129,2.53085109492378e-08,0.000497135080575879,0.08,0.134,"macrophage_FindMarkers","Sepsis vs Sham"
"Man2a2",-1.67212193861564,2.66726071613205e-08,0.000523930022469818,0.066,0.115,"macrophage_FindMarkers","Sepsis vs Sham"
"Btbd2",-1.47333262005701,2.69205934531456e-08,0.00052880121720014,0.055,0.103,"macrophage_FindMarkers","Sepsis vs Sham"
"Top2b",-1.14089228695387,2.79963964596416e-08,0.00054993321565674,0.165,0.219,"macrophage_FindMarkers","Sepsis vs Sham"
"Nudt16",-1.37040135893594,2.8166659111516e-08,0.000553277684927509,0.061,0.106,"macrophage_FindMarkers","Sepsis vs Sham"
"Dpp7",-1.43164019197449,2.99425689710914e-08,0.000588161882299149,0.093,0.143,"macrophage_FindMarkers","Sepsis vs Sham"
"Pmf1",-1.57089312543279,3.45518023436588e-08,0.00067870105343649,0.06,0.105,"macrophage_FindMarkers","Sepsis vs Sham"
"Stag2",-1.09409859979677,3.6258029726098e-08,0.000712216477909744,0.172,0.23,"macrophage_FindMarkers","Sepsis vs Sham"
"Isoc1",-1.36669950149361,3.80877133497492e-08,0.000748156953329124,0.075,0.121,"macrophage_FindMarkers","Sepsis vs Sham"
"Prrc2b",-1.33748648744485,4.18354444311294e-08,0.000821773634960674,0.088,0.141,"macrophage_FindMarkers","Sepsis vs Sham"
"Aim2",-1.22168259243951,4.8608102539244e-08,0.00095480895817837,0.125,0.184,"macrophage_FindMarkers","Sepsis vs Sham"
"Stmn1",-1.33193915328004,5.07470485472784e-08,0.00099682427461419,0.154,0.211,"macrophage_FindMarkers","Sepsis vs Sham"
"Inpp5f",-1.70699225605899,5.79387663712941e-08,0.00113809118783133,0.057,0.101,"macrophage_FindMarkers","Sepsis vs Sham"
"Mtmr14",-1.14268969514634,5.84334035233686e-08,0.00114780734540953,0.081,0.13,"macrophage_FindMarkers","Sepsis vs Sham"
"Setx",-1.6845778601855,5.90590629088199e-08,0.00116009717271795,0.068,0.113,"macrophage_FindMarkers","Sepsis vs Sham"
"Trim12a",-1.20122791267381,5.96842739541471e-08,0.00117237819328131,0.081,0.13,"macrophage_FindMarkers","Sepsis vs Sham"
"Bbx",-1.37977660793228,6.25245236398211e-08,0.00122816921785701,0.069,0.119,"macrophage_FindMarkers","Sepsis vs Sham"
"Tapbpl",-1.3262338519261,6.41866915663337e-08,0.00126081918243749,0.057,0.1,"macrophage_FindMarkers","Sepsis vs Sham"
"Raph1",-1.27989949164029,7.1585134403065e-08,0.00140614679507941,0.134,0.185,"macrophage_FindMarkers","Sepsis vs Sham"
"Mgat1",-1.07303884554259,7.27271837203809e-08,0.00142858006981944,0.251,0.298,"macrophage_FindMarkers","Sepsis vs Sham"
"Nbdy",-1.13457945144505,7.40797600282871e-08,0.00145514872623564,0.104,0.154,"macrophage_FindMarkers","Sepsis vs Sham"
"Nacc2",-1.83195310489407,7.82109071455256e-08,0.00153629684905956,0.06,0.104,"macrophage_FindMarkers","Sepsis vs Sham"
"Crtc2",-1.5112979256752,8.23179448952552e-08,0.0016169713915775,0.076,0.126,"macrophage_FindMarkers","Sepsis vs Sham"
"Rfc2",-1.00149355392305,1.1855962793705e-07,0.00232886677156748,0.144,0.195,"macrophage_FindMarkers","Sepsis vs Sham"
"Snx8",-1.24378458786217,1.30655960732629e-07,0.00256647503667103,0.163,0.21,"macrophage_FindMarkers","Sepsis vs Sham"
"4931406C07Rik",-1.18313037639398,1.34270844340218e-07,0.0026374821953749,0.063,0.108,"macrophage_FindMarkers","Sepsis vs Sham"
"Crebrf",-1.26574864503866,1.75801696342751e-07,0.00345327272126065,0.085,0.137,"macrophage_FindMarkers","Sepsis vs Sham"
"Igf1r",-1.50060791425569,2.03341734191036e-07,0.00399424168471451,0.077,0.122,"macrophage_FindMarkers","Sepsis vs Sham"
"Abcb1b",-1.08536156452675,2.05994935671611e-07,0.00404635852139745,0.161,0.221,"macrophage_FindMarkers","Sepsis vs Sham"
"Retreg1",-1.0009060142533,2.11515244261729e-07,0.00415479394303315,0.138,0.195,"macrophage_FindMarkers","Sepsis vs Sham"
"Atg10",-1.18875314004785,2.20818906627899e-07,0.00433754578289181,0.068,0.113,"macrophage_FindMarkers","Sepsis vs Sham"
"4833420G17Rik",-1.11093170048516,2.48772050193343e-07,0.00488662938194783,0.11,0.16,"macrophage_FindMarkers","Sepsis vs Sham"
"Dnmt1",-1.31727895794365,2.79173690224251e-07,0.00548380879707496,0.083,0.127,"macrophage_FindMarkers","Sepsis vs Sham"
"Bod1l",-1.14592124373105,2.85825675820967e-07,0.00561447375015126,0.178,0.227,"macrophage_FindMarkers","Sepsis vs Sham"
"AC149090.1",-1.19012910090178,3.44855277842517e-07,0.00677399222266056,0.119,0.172,"macrophage_FindMarkers","Sepsis vs Sham"
"Amfr",-1.41062753876782,3.67726754198456e-07,0.00722325663272027,0.159,0.205,"macrophage_FindMarkers","Sepsis vs Sham"
"Vps13b",-1.34674774632679,4.33073373234478e-07,0.00850686027044485,0.082,0.124,"macrophage_FindMarkers","Sepsis vs Sham"
"Fundc1",-1.07587440426312,4.45123754034815e-07,0.00874356590050586,0.093,0.135,"macrophage_FindMarkers","Sepsis vs Sham"
"Parp1",-1.17264671889202,4.58979563303409e-07,0.00901573556196886,0.128,0.175,"macrophage_FindMarkers","Sepsis vs Sham"
"Naga",-1.0699422583953,4.98666451821386e-07,0.00979530511312749,0.13,0.181,"macrophage_FindMarkers","Sepsis vs Sham"
"Dock11",-1.17101456689498,5.42418334396494e-07,0.0106547233425503,0.116,0.167,"macrophage_FindMarkers","Sepsis vs Sham"
"Exoc4",-1.10487840295106,7.03600238124295e-07,0.0138208194774755,0.147,0.196,"macrophage_FindMarkers","Sepsis vs Sham"
"2310001H17Rik",-1.40135023909937,7.39678356737143e-07,0.0145295019613877,0.075,0.118,"macrophage_FindMarkers","Sepsis vs Sham"
"Colgalt1",-1.06485737347801,7.46957829040084e-07,0.0146724926358344,0.209,0.25,"macrophage_FindMarkers","Sepsis vs Sham"
"Nfatc1",-1.09898878534321,7.7303940139089e-07,0.0151848129615213,0.105,0.155,"macrophage_FindMarkers","Sepsis vs Sham"
"Maz",-1.05036220674104,9.87330558930479e-07,0.0193941341690714,0.156,0.209,"macrophage_FindMarkers","Sepsis vs Sham"
"Kdm2b",-1.28720299954015,1.03154786697913e-06,0.020262694751071,0.088,0.136,"macrophage_FindMarkers","Sepsis vs Sham"
"Rnf145",-1.18273539953212,1.04353779493486e-06,0.0204982129059054,0.093,0.138,"macrophage_FindMarkers","Sepsis vs Sham"
"Arid4a",-1.07942374532565,1.05027361563105e-06,0.0206305246318406,0.198,0.249,"macrophage_FindMarkers","Sepsis vs Sham"
"Zfp385a",-1.0081035521858,1.17398203593779e-06,0.0230605291319259,0.099,0.143,"macrophage_FindMarkers","Sepsis vs Sham"
"Psip1",-1.16843402328444,1.41614230357976e-06,0.0278172832692173,0.07,0.109,"macrophage_FindMarkers","Sepsis vs Sham"
"Ciart",-1.01843223245103,1.49452480754477e-06,0.029356950794602,0.069,0.117,"macrophage_FindMarkers","Sepsis vs Sham"
"Galnt10",-1.78547564991017,1.8311342293371e-06,0.0359689696668686,0.06,0.102,"macrophage_FindMarkers","Sepsis vs Sham"
"Gaa",-1.48892177352258,1.88523331017687e-06,0.0370316379118042,0.065,0.101,"macrophage_FindMarkers","Sepsis vs Sham"
"Clasp2",-1.13990000677029,1.96895328969957e-06,0.0386761494695687,0.09,0.136,"macrophage_FindMarkers","Sepsis vs Sham"
"Zdhhc14",-1.22663003396006,2.0335552144399e-06,0.039945125077243,0.06,0.101,"macrophage_FindMarkers","Sepsis vs Sham"
"Pcmtd1",-1.00681819368279,2.19565108662244e-06,0.0431291742945245,0.097,0.141,"macrophage_FindMarkers","Sepsis vs Sham"
"Wdfy4",-1.63990463476565,2.25889898207217e-06,0.0443715527048437,0.078,0.125,"macrophage_FindMarkers","Sepsis vs Sham"
"Ilvbl",-1.42590005777453,2.54387417566714e-06,0.0499693204326296,0.065,0.101,"macrophage_FindMarkers","Sepsis vs Sham"
